Benchmark,Device,Device Name,Key,Word,BlockBits,PatternBitsPerWord,HorizontalLayout,VerticalLayout,NumInputs,FilterSizeMB,Skipped,Samples,CPU Time (sec),Noise,GPU Time (sec),Noise,Elem/s (elem/sec),Samples,Batch GPU (sec)
pfp_bloom_filter_add_unique_size_u64,0,NVIDIA RTX PRO 6000 Blackwell Server Edition,I64,U64,32,1,1,1,1000000000,1,Yes,,,,,,,,
pfp_bloom_filter_add_unique_size_u64,0,NVIDIA RTX PRO 6000 Blackwell Server Edition,I64,U64,32,1,1,1,1000000000,2,Yes,,,,,,,,
pfp_bloom_filter_add_unique_size_u64,0,NVIDIA RTX PRO 6000 Blackwell Server Edition,I64,U64,32,1,1,1,1000000000,4,Yes,,,,,,,,
pfp_bloom_filter_add_unique_size_u64,0,NVIDIA RTX PRO 6000 Blackwell Server Edition,I64,U64,32,1,1,1,1000000000,8,Yes,,,,,,,,
pfp_bloom_filter_add_unique_size_u64,0,NVIDIA RTX PRO 6000 Blackwell Server Edition,I64,U64,32,1,1,1,1000000000,16,Yes,,,,,,,,
pfp_bloom_filter_add_unique_size_u64,0,NVIDIA RTX PRO 6000 Blackwell Server Edition,I64,U64,32,1,1,1,1000000000,32,Yes,,,,,,,,
pfp_bloom_filter_add_unique_size_u64,0,NVIDIA RTX PRO 6000 Blackwell Server Edition,I64,U64,32,1,1,1,1000000000,64,Yes,,,,,,,,
pfp_bloom_filter_add_unique_size_u64,0,NVIDIA RTX PRO 6000 Blackwell Server Edition,I64,U64,32,1,1,1,1000000000,128,Yes,,,,,,,,
pfp_bloom_filter_add_unique_size_u64,0,NVIDIA RTX PRO 6000 Blackwell Server Edition,I64,U64,32,1,1,1,1000000000,256,Yes,,,,,,,,
pfp_bloom_filter_add_unique_size_u64,0,NVIDIA RTX PRO 6000 Blackwell Server Edition,I64,U64,32,1,1,1,1000000000,512,Yes,,,,,,,,
pfp_bloom_filter_add_unique_size_u64,0,NVIDIA RTX PRO 6000 Blackwell Server Edition,I64,U64,32,1,1,1,1000000000,1024,Yes,,,,,,,,
pfp_bloom_filter_add_unique_size_u64,0,NVIDIA RTX PRO 6000 Blackwell Server Edition,I64,U64,32,1,1,1,1000000000,2048,Yes,,,,,,,,
pfp_bloom_filter_add_unique_size_u64,0,NVIDIA RTX PRO 6000 Blackwell Server Edition,I64,U64,32,1,1,2,1000000000,1,Yes,,,,,,,,
pfp_bloom_filter_add_unique_size_u64,0,NVIDIA RTX PRO 6000 Blackwell Server Edition,I64,U64,32,1,1,2,1000000000,2,Yes,,,,,,,,
pfp_bloom_filter_add_unique_size_u64,0,NVIDIA RTX PRO 6000 Blackwell Server Edition,I64,U64,32,1,1,2,1000000000,4,Yes,,,,,,,,
pfp_bloom_filter_add_unique_size_u64,0,NVIDIA RTX PRO 6000 Blackwell Server Edition,I64,U64,32,1,1,2,1000000000,8,Yes,,,,,,,,
pfp_bloom_filter_add_unique_size_u64,0,NVIDIA RTX PRO 6000 Blackwell Server Edition,I64,U64,32,1,1,2,1000000000,16,Yes,,,,,,,,
pfp_bloom_filter_add_unique_size_u64,0,NVIDIA RTX PRO 6000 Blackwell Server Edition,I64,U64,32,1,1,2,1000000000,32,Yes,,,,,,,,
pfp_bloom_filter_add_unique_size_u64,0,NVIDIA RTX PRO 6000 Blackwell Server Edition,I64,U64,32,1,1,2,1000000000,64,Yes,,,,,,,,
pfp_bloom_filter_add_unique_size_u64,0,NVIDIA RTX PRO 6000 Blackwell Server Edition,I64,U64,32,1,1,2,1000000000,128,Yes,,,,,,,,
pfp_bloom_filter_add_unique_size_u64,0,NVIDIA RTX PRO 6000 Blackwell Server Edition,I64,U64,32,1,1,2,1000000000,256,Yes,,,,,,,,
pfp_bloom_filter_add_unique_size_u64,0,NVIDIA RTX PRO 6000 Blackwell Server Edition,I64,U64,32,1,1,2,1000000000,512,Yes,,,,,,,,
pfp_bloom_filter_add_unique_size_u64,0,NVIDIA RTX PRO 6000 Blackwell Server Edition,I64,U64,32,1,1,2,1000000000,1024,Yes,,,,,,,,
pfp_bloom_filter_add_unique_size_u64,0,NVIDIA RTX PRO 6000 Blackwell Server Edition,I64,U64,32,1,1,2,1000000000,2048,Yes,,,,,,,,
pfp_bloom_filter_add_unique_size_u64,0,NVIDIA RTX PRO 6000 Blackwell Server Edition,I64,U64,32,1,1,4,1000000000,1,Yes,,,,,,,,
pfp_bloom_filter_add_unique_size_u64,0,NVIDIA RTX PRO 6000 Blackwell Server Edition,I64,U64,32,1,1,4,1000000000,2,Yes,,,,,,,,
pfp_bloom_filter_add_unique_size_u64,0,NVIDIA RTX PRO 6000 Blackwell Server Edition,I64,U64,32,1,1,4,1000000000,4,Yes,,,,,,,,
pfp_bloom_filter_add_unique_size_u64,0,NVIDIA RTX PRO 6000 Blackwell Server Edition,I64,U64,32,1,1,4,1000000000,8,Yes,,,,,,,,
pfp_bloom_filter_add_unique_size_u64,0,NVIDIA RTX PRO 6000 Blackwell Server Edition,I64,U64,32,1,1,4,1000000000,16,Yes,,,,,,,,
pfp_bloom_filter_add_unique_size_u64,0,NVIDIA RTX PRO 6000 Blackwell Server Edition,I64,U64,32,1,1,4,1000000000,32,Yes,,,,,,,,
pfp_bloom_filter_add_unique_size_u64,0,NVIDIA RTX PRO 6000 Blackwell Server Edition,I64,U64,32,1,1,4,1000000000,64,Yes,,,,,,,,
pfp_bloom_filter_add_unique_size_u64,0,NVIDIA RTX PRO 6000 Blackwell Server Edition,I64,U64,32,1,1,4,1000000000,128,Yes,,,,,,,,
pfp_bloom_filter_add_unique_size_u64,0,NVIDIA RTX PRO 6000 Blackwell Server Edition,I64,U64,32,1,1,4,1000000000,256,Yes,,,,,,,,
pfp_bloom_filter_add_unique_size_u64,0,NVIDIA RTX PRO 6000 Blackwell Server Edition,I64,U64,32,1,1,4,1000000000,512,Yes,,,,,,,,
pfp_bloom_filter_add_unique_size_u64,0,NVIDIA RTX PRO 6000 Blackwell Server Edition,I64,U64,32,1,1,4,1000000000,1024,Yes,,,,,,,,
pfp_bloom_filter_add_unique_size_u64,0,NVIDIA RTX PRO 6000 Blackwell Server Edition,I64,U64,32,1,1,4,1000000000,2048,Yes,,,,,,,,
pfp_bloom_filter_add_unique_size_u64,0,NVIDIA RTX PRO 6000 Blackwell Server Edition,I64,U64,32,1,1,8,1000000000,1,Yes,,,,,,,,
pfp_bloom_filter_add_unique_size_u64,0,NVIDIA RTX PRO 6000 Blackwell Server Edition,I64,U64,32,1,1,8,1000000000,2,Yes,,,,,,,,
pfp_bloom_filter_add_unique_size_u64,0,NVIDIA RTX PRO 6000 Blackwell Server Edition,I64,U64,32,1,1,8,1000000000,4,Yes,,,,,,,,
pfp_bloom_filter_add_unique_size_u64,0,NVIDIA RTX PRO 6000 Blackwell Server Edition,I64,U64,32,1,1,8,1000000000,8,Yes,,,,,,,,
pfp_bloom_filter_add_unique_size_u64,0,NVIDIA RTX PRO 6000 Blackwell Server Edition,I64,U64,32,1,1,8,1000000000,16,Yes,,,,,,,,
pfp_bloom_filter_add_unique_size_u64,0,NVIDIA RTX PRO 6000 Blackwell Server Edition,I64,U64,32,1,1,8,1000000000,32,Yes,,,,,,,,
pfp_bloom_filter_add_unique_size_u64,0,NVIDIA RTX PRO 6000 Blackwell Server Edition,I64,U64,32,1,1,8,1000000000,64,Yes,,,,,,,,
pfp_bloom_filter_add_unique_size_u64,0,NVIDIA RTX PRO 6000 Blackwell Server Edition,I64,U64,32,1,1,8,1000000000,128,Yes,,,,,,,,
pfp_bloom_filter_add_unique_size_u64,0,NVIDIA RTX PRO 6000 Blackwell Server Edition,I64,U64,32,1,1,8,1000000000,256,Yes,,,,,,,,
pfp_bloom_filter_add_unique_size_u64,0,NVIDIA RTX PRO 6000 Blackwell Server Edition,I64,U64,32,1,1,8,1000000000,512,Yes,,,,,,,,
pfp_bloom_filter_add_unique_size_u64,0,NVIDIA RTX PRO 6000 Blackwell Server Edition,I64,U64,32,1,1,8,1000000000,1024,Yes,,,,,,,,
pfp_bloom_filter_add_unique_size_u64,0,NVIDIA RTX PRO 6000 Blackwell Server Edition,I64,U64,32,1,1,8,1000000000,2048,Yes,,,,,,,,
pfp_bloom_filter_add_unique_size_u64,0,NVIDIA RTX PRO 6000 Blackwell Server Edition,I64,U64,32,1,2,1,1000000000,1,Yes,,,,,,,,
pfp_bloom_filter_add_unique_size_u64,0,NVIDIA RTX PRO 6000 Blackwell Server Edition,I64,U64,32,1,2,1,1000000000,2,Yes,,,,,,,,
pfp_bloom_filter_add_unique_size_u64,0,NVIDIA RTX PRO 6000 Blackwell Server Edition,I64,U64,32,1,2,1,1000000000,4,Yes,,,,,,,,
pfp_bloom_filter_add_unique_size_u64,0,NVIDIA RTX PRO 6000 Blackwell Server Edition,I64,U64,32,1,2,1,1000000000,8,Yes,,,,,,,,
pfp_bloom_filter_add_unique_size_u64,0,NVIDIA RTX PRO 6000 Blackwell Server Edition,I64,U64,32,1,2,1,1000000000,16,Yes,,,,,,,,
pfp_bloom_filter_add_unique_size_u64,0,NVIDIA RTX PRO 6000 Blackwell Server Edition,I64,U64,32,1,2,1,1000000000,32,Yes,,,,,,,,
pfp_bloom_filter_add_unique_size_u64,0,NVIDIA RTX PRO 6000 Blackwell Server Edition,I64,U64,32,1,2,1,1000000000,64,Yes,,,,,,,,
pfp_bloom_filter_add_unique_size_u64,0,NVIDIA RTX PRO 6000 Blackwell Server Edition,I64,U64,32,1,2,1,1000000000,128,Yes,,,,,,,,
pfp_bloom_filter_add_unique_size_u64,0,NVIDIA RTX PRO 6000 Blackwell Server Edition,I64,U64,32,1,2,1,1000000000,256,Yes,,,,,,,,
pfp_bloom_filter_add_unique_size_u64,0,NVIDIA RTX PRO 6000 Blackwell Server Edition,I64,U64,32,1,2,1,1000000000,512,Yes,,,,,,,,
pfp_bloom_filter_add_unique_size_u64,0,NVIDIA RTX PRO 6000 Blackwell Server Edition,I64,U64,32,1,2,1,1000000000,1024,Yes,,,,,,,,
pfp_bloom_filter_add_unique_size_u64,0,NVIDIA RTX PRO 6000 Blackwell Server Edition,I64,U64,32,1,2,1,1000000000,2048,Yes,,,,,,,,
pfp_bloom_filter_add_unique_size_u64,0,NVIDIA RTX PRO 6000 Blackwell Server Edition,I64,U64,32,1,2,2,1000000000,1,Yes,,,,,,,,
pfp_bloom_filter_add_unique_size_u64,0,NVIDIA RTX PRO 6000 Blackwell Server Edition,I64,U64,32,1,2,2,1000000000,2,Yes,,,,,,,,
pfp_bloom_filter_add_unique_size_u64,0,NVIDIA RTX PRO 6000 Blackwell Server Edition,I64,U64,32,1,2,2,1000000000,4,Yes,,,,,,,,
pfp_bloom_filter_add_unique_size_u64,0,NVIDIA RTX PRO 6000 Blackwell Server Edition,I64,U64,32,1,2,2,1000000000,8,Yes,,,,,,,,
pfp_bloom_filter_add_unique_size_u64,0,NVIDIA RTX PRO 6000 Blackwell Server Edition,I64,U64,32,1,2,2,1000000000,16,Yes,,,,,,,,
pfp_bloom_filter_add_unique_size_u64,0,NVIDIA RTX PRO 6000 Blackwell Server Edition,I64,U64,32,1,2,2,1000000000,32,Yes,,,,,,,,
pfp_bloom_filter_add_unique_size_u64,0,NVIDIA RTX PRO 6000 Blackwell Server Edition,I64,U64,32,1,2,2,1000000000,64,Yes,,,,,,,,
pfp_bloom_filter_add_unique_size_u64,0,NVIDIA RTX PRO 6000 Blackwell Server Edition,I64,U64,32,1,2,2,1000000000,128,Yes,,,,,,,,
pfp_bloom_filter_add_unique_size_u64,0,NVIDIA RTX PRO 6000 Blackwell Server Edition,I64,U64,32,1,2,2,1000000000,256,Yes,,,,,,,,
pfp_bloom_filter_add_unique_size_u64,0,NVIDIA RTX PRO 6000 Blackwell Server Edition,I64,U64,32,1,2,2,1000000000,512,Yes,,,,,,,,
pfp_bloom_filter_add_unique_size_u64,0,NVIDIA RTX PRO 6000 Blackwell Server Edition,I64,U64,32,1,2,2,1000000000,1024,Yes,,,,,,,,
pfp_bloom_filter_add_unique_size_u64,0,NVIDIA RTX PRO 6000 Blackwell Server Edition,I64,U64,32,1,2,2,1000000000,2048,Yes,,,,,,,,
pfp_bloom_filter_add_unique_size_u64,0,NVIDIA RTX PRO 6000 Blackwell Server Edition,I64,U64,32,1,2,4,1000000000,1,Yes,,,,,,,,
pfp_bloom_filter_add_unique_size_u64,0,NVIDIA RTX PRO 6000 Blackwell Server Edition,I64,U64,32,1,2,4,1000000000,2,Yes,,,,,,,,
pfp_bloom_filter_add_unique_size_u64,0,NVIDIA RTX PRO 6000 Blackwell Server Edition,I64,U64,32,1,2,4,1000000000,4,Yes,,,,,,,,
pfp_bloom_filter_add_unique_size_u64,0,NVIDIA RTX PRO 6000 Blackwell Server Edition,I64,U64,32,1,2,4,1000000000,8,Yes,,,,,,,,
pfp_bloom_filter_add_unique_size_u64,0,NVIDIA RTX PRO 6000 Blackwell Server Edition,I64,U64,32,1,2,4,1000000000,16,Yes,,,,,,,,
pfp_bloom_filter_add_unique_size_u64,0,NVIDIA RTX PRO 6000 Blackwell Server Edition,I64,U64,32,1,2,4,1000000000,32,Yes,,,,,,,,
pfp_bloom_filter_add_unique_size_u64,0,NVIDIA RTX PRO 6000 Blackwell Server Edition,I64,U64,32,1,2,4,1000000000,64,Yes,,,,,,,,
pfp_bloom_filter_add_unique_size_u64,0,NVIDIA RTX PRO 6000 Blackwell Server Edition,I64,U64,32,1,2,4,1000000000,128,Yes,,,,,,,,
pfp_bloom_filter_add_unique_size_u64,0,NVIDIA RTX PRO 6000 Blackwell Server Edition,I64,U64,32,1,2,4,1000000000,256,Yes,,,,,,,,
pfp_bloom_filter_add_unique_size_u64,0,NVIDIA RTX PRO 6000 Blackwell Server Edition,I64,U64,32,1,2,4,1000000000,512,Yes,,,,,,,,
pfp_bloom_filter_add_unique_size_u64,0,NVIDIA RTX PRO 6000 Blackwell Server Edition,I64,U64,32,1,2,4,1000000000,1024,Yes,,,,,,,,
pfp_bloom_filter_add_unique_size_u64,0,NVIDIA RTX PRO 6000 Blackwell Server Edition,I64,U64,32,1,2,4,1000000000,2048,Yes,,,,,,,,
pfp_bloom_filter_add_unique_size_u64,0,NVIDIA RTX PRO 6000 Blackwell Server Edition,I64,U64,32,1,2,8,1000000000,1,Yes,,,,,,,,
pfp_bloom_filter_add_unique_size_u64,0,NVIDIA RTX PRO 6000 Blackwell Server Edition,I64,U64,32,1,2,8,1000000000,2,Yes,,,,,,,,
pfp_bloom_filter_add_unique_size_u64,0,NVIDIA RTX PRO 6000 Blackwell Server Edition,I64,U64,32,1,2,8,1000000000,4,Yes,,,,,,,,
pfp_bloom_filter_add_unique_size_u64,0,NVIDIA RTX PRO 6000 Blackwell Server Edition,I64,U64,32,1,2,8,1000000000,8,Yes,,,,,,,,
pfp_bloom_filter_add_unique_size_u64,0,NVIDIA RTX PRO 6000 Blackwell Server Edition,I64,U64,32,1,2,8,1000000000,16,Yes,,,,,,,,
pfp_bloom_filter_add_unique_size_u64,0,NVIDIA RTX PRO 6000 Blackwell Server Edition,I64,U64,32,1,2,8,1000000000,32,Yes,,,,,,,,
pfp_bloom_filter_add_unique_size_u64,0,NVIDIA RTX PRO 6000 Blackwell Server Edition,I64,U64,32,1,2,8,1000000000,64,Yes,,,,,,,,
pfp_bloom_filter_add_unique_size_u64,0,NVIDIA RTX PRO 6000 Blackwell Server Edition,I64,U64,32,1,2,8,1000000000,128,Yes,,,,,,,,
pfp_bloom_filter_add_unique_size_u64,0,NVIDIA RTX PRO 6000 Blackwell Server Edition,I64,U64,32,1,2,8,1000000000,256,Yes,,,,,,,,
pfp_bloom_filter_add_unique_size_u64,0,NVIDIA RTX PRO 6000 Blackwell Server Edition,I64,U64,32,1,2,8,1000000000,512,Yes,,,,,,,,
pfp_bloom_filter_add_unique_size_u64,0,NVIDIA RTX PRO 6000 Blackwell Server Edition,I64,U64,32,1,2,8,1000000000,1024,Yes,,,,,,,,
pfp_bloom_filter_add_unique_size_u64,0,NVIDIA RTX PRO 6000 Blackwell Server Edition,I64,U64,32,1,2,8,1000000000,2048,Yes,,,,,,,,
pfp_bloom_filter_add_unique_size_u64,0,NVIDIA RTX PRO 6000 Blackwell Server Edition,I64,U64,32,1,4,1,1000000000,1,Yes,,,,,,,,
pfp_bloom_filter_add_unique_size_u64,0,NVIDIA RTX PRO 6000 Blackwell Server Edition,I64,U64,32,1,4,1,1000000000,2,Yes,,,,,,,,
pfp_bloom_filter_add_unique_size_u64,0,NVIDIA RTX PRO 6000 Blackwell Server Edition,I64,U64,32,1,4,1,1000000000,4,Yes,,,,,,,,
pfp_bloom_filter_add_unique_size_u64,0,NVIDIA RTX PRO 6000 Blackwell Server Edition,I64,U64,32,1,4,1,1000000000,8,Yes,,,,,,,,
pfp_bloom_filter_add_unique_size_u64,0,NVIDIA RTX PRO 6000 Blackwell Server Edition,I64,U64,32,1,4,1,1000000000,16,Yes,,,,,,,,
pfp_bloom_filter_add_unique_size_u64,0,NVIDIA RTX PRO 6000 Blackwell Server Edition,I64,U64,32,1,4,1,1000000000,32,Yes,,,,,,,,
pfp_bloom_filter_add_unique_size_u64,0,NVIDIA RTX PRO 6000 Blackwell Server Edition,I64,U64,32,1,4,1,1000000000,64,Yes,,,,,,,,
pfp_bloom_filter_add_unique_size_u64,0,NVIDIA RTX PRO 6000 Blackwell Server Edition,I64,U64,32,1,4,1,1000000000,128,Yes,,,,,,,,
pfp_bloom_filter_add_unique_size_u64,0,NVIDIA RTX PRO 6000 Blackwell Server Edition,I64,U64,32,1,4,1,1000000000,256,Yes,,,,,,,,
pfp_bloom_filter_add_unique_size_u64,0,NVIDIA RTX PRO 6000 Blackwell Server Edition,I64,U64,32,1,4,1,1000000000,512,Yes,,,,,,,,
pfp_bloom_filter_add_unique_size_u64,0,NVIDIA RTX PRO 6000 Blackwell Server Edition,I64,U64,32,1,4,1,1000000000,1024,Yes,,,,,,,,
pfp_bloom_filter_add_unique_size_u64,0,NVIDIA RTX PRO 6000 Blackwell Server Edition,I64,U64,32,1,4,1,1000000000,2048,Yes,,,,,,,,
pfp_bloom_filter_add_unique_size_u64,0,NVIDIA RTX PRO 6000 Blackwell Server Edition,I64,U64,32,1,4,2,1000000000,1,Yes,,,,,,,,
pfp_bloom_filter_add_unique_size_u64,0,NVIDIA RTX PRO 6000 Blackwell Server Edition,I64,U64,32,1,4,2,1000000000,2,Yes,,,,,,,,
pfp_bloom_filter_add_unique_size_u64,0,NVIDIA RTX PRO 6000 Blackwell Server Edition,I64,U64,32,1,4,2,1000000000,4,Yes,,,,,,,,
pfp_bloom_filter_add_unique_size_u64,0,NVIDIA RTX PRO 6000 Blackwell Server Edition,I64,U64,32,1,4,2,1000000000,8,Yes,,,,,,,,
pfp_bloom_filter_add_unique_size_u64,0,NVIDIA RTX PRO 6000 Blackwell Server Edition,I64,U64,32,1,4,2,1000000000,16,Yes,,,,,,,,
pfp_bloom_filter_add_unique_size_u64,0,NVIDIA RTX PRO 6000 Blackwell Server Edition,I64,U64,32,1,4,2,1000000000,32,Yes,,,,,,,,
pfp_bloom_filter_add_unique_size_u64,0,NVIDIA RTX PRO 6000 Blackwell Server Edition,I64,U64,32,1,4,2,1000000000,64,Yes,,,,,,,,
pfp_bloom_filter_add_unique_size_u64,0,NVIDIA RTX PRO 6000 Blackwell Server Edition,I64,U64,32,1,4,2,1000000000,128,Yes,,,,,,,,
pfp_bloom_filter_add_unique_size_u64,0,NVIDIA RTX PRO 6000 Blackwell Server Edition,I64,U64,32,1,4,2,1000000000,256,Yes,,,,,,,,
pfp_bloom_filter_add_unique_size_u64,0,NVIDIA RTX PRO 6000 Blackwell Server Edition,I64,U64,32,1,4,2,1000000000,512,Yes,,,,,,,,
pfp_bloom_filter_add_unique_size_u64,0,NVIDIA RTX PRO 6000 Blackwell Server Edition,I64,U64,32,1,4,2,1000000000,1024,Yes,,,,,,,,
pfp_bloom_filter_add_unique_size_u64,0,NVIDIA RTX PRO 6000 Blackwell Server Edition,I64,U64,32,1,4,2,1000000000,2048,Yes,,,,,,,,
pfp_bloom_filter_add_unique_size_u64,0,NVIDIA RTX PRO 6000 Blackwell Server Edition,I64,U64,32,1,4,4,1000000000,1,Yes,,,,,,,,
pfp_bloom_filter_add_unique_size_u64,0,NVIDIA RTX PRO 6000 Blackwell Server Edition,I64,U64,32,1,4,4,1000000000,2,Yes,,,,,,,,
pfp_bloom_filter_add_unique_size_u64,0,NVIDIA RTX PRO 6000 Blackwell Server Edition,I64,U64,32,1,4,4,1000000000,4,Yes,,,,,,,,
pfp_bloom_filter_add_unique_size_u64,0,NVIDIA RTX PRO 6000 Blackwell Server Edition,I64,U64,32,1,4,4,1000000000,8,Yes,,,,,,,,
pfp_bloom_filter_add_unique_size_u64,0,NVIDIA RTX PRO 6000 Blackwell Server Edition,I64,U64,32,1,4,4,1000000000,16,Yes,,,,,,,,
pfp_bloom_filter_add_unique_size_u64,0,NVIDIA RTX PRO 6000 Blackwell Server Edition,I64,U64,32,1,4,4,1000000000,32,Yes,,,,,,,,
pfp_bloom_filter_add_unique_size_u64,0,NVIDIA RTX PRO 6000 Blackwell Server Edition,I64,U64,32,1,4,4,1000000000,64,Yes,,,,,,,,
pfp_bloom_filter_add_unique_size_u64,0,NVIDIA RTX PRO 6000 Blackwell Server Edition,I64,U64,32,1,4,4,1000000000,128,Yes,,,,,,,,
pfp_bloom_filter_add_unique_size_u64,0,NVIDIA RTX PRO 6000 Blackwell Server Edition,I64,U64,32,1,4,4,1000000000,256,Yes,,,,,,,,
pfp_bloom_filter_add_unique_size_u64,0,NVIDIA RTX PRO 6000 Blackwell Server Edition,I64,U64,32,1,4,4,1000000000,512,Yes,,,,,,,,
pfp_bloom_filter_add_unique_size_u64,0,NVIDIA RTX PRO 6000 Blackwell Server Edition,I64,U64,32,1,4,4,1000000000,1024,Yes,,,,,,,,
pfp_bloom_filter_add_unique_size_u64,0,NVIDIA RTX PRO 6000 Blackwell Server Edition,I64,U64,32,1,4,4,1000000000,2048,Yes,,,,,,,,
pfp_bloom_filter_add_unique_size_u64,0,NVIDIA RTX PRO 6000 Blackwell Server Edition,I64,U64,32,1,4,8,1000000000,1,Yes,,,,,,,,
pfp_bloom_filter_add_unique_size_u64,0,NVIDIA RTX PRO 6000 Blackwell Server Edition,I64,U64,32,1,4,8,1000000000,2,Yes,,,,,,,,
pfp_bloom_filter_add_unique_size_u64,0,NVIDIA RTX PRO 6000 Blackwell Server Edition,I64,U64,32,1,4,8,1000000000,4,Yes,,,,,,,,
pfp_bloom_filter_add_unique_size_u64,0,NVIDIA RTX PRO 6000 Blackwell Server Edition,I64,U64,32,1,4,8,1000000000,8,Yes,,,,,,,,
pfp_bloom_filter_add_unique_size_u64,0,NVIDIA RTX PRO 6000 Blackwell Server Edition,I64,U64,32,1,4,8,1000000000,16,Yes,,,,,,,,
pfp_bloom_filter_add_unique_size_u64,0,NVIDIA RTX PRO 6000 Blackwell Server Edition,I64,U64,32,1,4,8,1000000000,32,Yes,,,,,,,,
pfp_bloom_filter_add_unique_size_u64,0,NVIDIA RTX PRO 6000 Blackwell Server Edition,I64,U64,32,1,4,8,1000000000,64,Yes,,,,,,,,
pfp_bloom_filter_add_unique_size_u64,0,NVIDIA RTX PRO 6000 Blackwell Server Edition,I64,U64,32,1,4,8,1000000000,128,Yes,,,,,,,,
pfp_bloom_filter_add_unique_size_u64,0,NVIDIA RTX PRO 6000 Blackwell Server Edition,I64,U64,32,1,4,8,1000000000,256,Yes,,,,,,,,
pfp_bloom_filter_add_unique_size_u64,0,NVIDIA RTX PRO 6000 Blackwell Server Edition,I64,U64,32,1,4,8,1000000000,512,Yes,,,,,,,,
pfp_bloom_filter_add_unique_size_u64,0,NVIDIA RTX PRO 6000 Blackwell Server Edition,I64,U64,32,1,4,8,1000000000,1024,Yes,,,,,,,,
pfp_bloom_filter_add_unique_size_u64,0,NVIDIA RTX PRO 6000 Blackwell Server Edition,I64,U64,32,1,4,8,1000000000,2048,Yes,,,,,,,,
pfp_bloom_filter_add_unique_size_u64,0,NVIDIA RTX PRO 6000 Blackwell Server Edition,I64,U64,32,1,8,1,1000000000,1,Yes,,,,,,,,
pfp_bloom_filter_add_unique_size_u64,0,NVIDIA RTX PRO 6000 Blackwell Server Edition,I64,U64,32,1,8,1,1000000000,2,Yes,,,,,,,,
pfp_bloom_filter_add_unique_size_u64,0,NVIDIA RTX PRO 6000 Blackwell Server Edition,I64,U64,32,1,8,1,1000000000,4,Yes,,,,,,,,
pfp_bloom_filter_add_unique_size_u64,0,NVIDIA RTX PRO 6000 Blackwell Server Edition,I64,U64,32,1,8,1,1000000000,8,Yes,,,,,,,,
pfp_bloom_filter_add_unique_size_u64,0,NVIDIA RTX PRO 6000 Blackwell Server Edition,I64,U64,32,1,8,1,1000000000,16,Yes,,,,,,,,
pfp_bloom_filter_add_unique_size_u64,0,NVIDIA RTX PRO 6000 Blackwell Server Edition,I64,U64,32,1,8,1,1000000000,32,Yes,,,,,,,,
pfp_bloom_filter_add_unique_size_u64,0,NVIDIA RTX PRO 6000 Blackwell Server Edition,I64,U64,32,1,8,1,1000000000,64,Yes,,,,,,,,
pfp_bloom_filter_add_unique_size_u64,0,NVIDIA RTX PRO 6000 Blackwell Server Edition,I64,U64,32,1,8,1,1000000000,128,Yes,,,,,,,,
pfp_bloom_filter_add_unique_size_u64,0,NVIDIA RTX PRO 6000 Blackwell Server Edition,I64,U64,32,1,8,1,1000000000,256,Yes,,,,,,,,
pfp_bloom_filter_add_unique_size_u64,0,NVIDIA RTX PRO 6000 Blackwell Server Edition,I64,U64,32,1,8,1,1000000000,512,Yes,,,,,,,,
pfp_bloom_filter_add_unique_size_u64,0,NVIDIA RTX PRO 6000 Blackwell Server Edition,I64,U64,32,1,8,1,1000000000,1024,Yes,,,,,,,,
pfp_bloom_filter_add_unique_size_u64,0,NVIDIA RTX PRO 6000 Blackwell Server Edition,I64,U64,32,1,8,1,1000000000,2048,Yes,,,,,,,,
pfp_bloom_filter_add_unique_size_u64,0,NVIDIA RTX PRO 6000 Blackwell Server Edition,I64,U64,32,1,8,2,1000000000,1,Yes,,,,,,,,
pfp_bloom_filter_add_unique_size_u64,0,NVIDIA RTX PRO 6000 Blackwell Server Edition,I64,U64,32,1,8,2,1000000000,2,Yes,,,,,,,,
pfp_bloom_filter_add_unique_size_u64,0,NVIDIA RTX PRO 6000 Blackwell Server Edition,I64,U64,32,1,8,2,1000000000,4,Yes,,,,,,,,
pfp_bloom_filter_add_unique_size_u64,0,NVIDIA RTX PRO 6000 Blackwell Server Edition,I64,U64,32,1,8,2,1000000000,8,Yes,,,,,,,,
pfp_bloom_filter_add_unique_size_u64,0,NVIDIA RTX PRO 6000 Blackwell Server Edition,I64,U64,32,1,8,2,1000000000,16,Yes,,,,,,,,
pfp_bloom_filter_add_unique_size_u64,0,NVIDIA RTX PRO 6000 Blackwell Server Edition,I64,U64,32,1,8,2,1000000000,32,Yes,,,,,,,,
pfp_bloom_filter_add_unique_size_u64,0,NVIDIA RTX PRO 6000 Blackwell Server Edition,I64,U64,32,1,8,2,1000000000,64,Yes,,,,,,,,
pfp_bloom_filter_add_unique_size_u64,0,NVIDIA RTX PRO 6000 Blackwell Server Edition,I64,U64,32,1,8,2,1000000000,128,Yes,,,,,,,,
pfp_bloom_filter_add_unique_size_u64,0,NVIDIA RTX PRO 6000 Blackwell Server Edition,I64,U64,32,1,8,2,1000000000,256,Yes,,,,,,,,
pfp_bloom_filter_add_unique_size_u64,0,NVIDIA RTX PRO 6000 Blackwell Server Edition,I64,U64,32,1,8,2,1000000000,512,Yes,,,,,,,,
pfp_bloom_filter_add_unique_size_u64,0,NVIDIA RTX PRO 6000 Blackwell Server Edition,I64,U64,32,1,8,2,1000000000,1024,Yes,,,,,,,,
pfp_bloom_filter_add_unique_size_u64,0,NVIDIA RTX PRO 6000 Blackwell Server Edition,I64,U64,32,1,8,2,1000000000,2048,Yes,,,,,,,,
pfp_bloom_filter_add_unique_size_u64,0,NVIDIA RTX PRO 6000 Blackwell Server Edition,I64,U64,32,1,8,4,1000000000,1,Yes,,,,,,,,
pfp_bloom_filter_add_unique_size_u64,0,NVIDIA RTX PRO 6000 Blackwell Server Edition,I64,U64,32,1,8,4,1000000000,2,Yes,,,,,,,,
pfp_bloom_filter_add_unique_size_u64,0,NVIDIA RTX PRO 6000 Blackwell Server Edition,I64,U64,32,1,8,4,1000000000,4,Yes,,,,,,,,
pfp_bloom_filter_add_unique_size_u64,0,NVIDIA RTX PRO 6000 Blackwell Server Edition,I64,U64,32,1,8,4,1000000000,8,Yes,,,,,,,,
pfp_bloom_filter_add_unique_size_u64,0,NVIDIA RTX PRO 6000 Blackwell Server Edition,I64,U64,32,1,8,4,1000000000,16,Yes,,,,,,,,
pfp_bloom_filter_add_unique_size_u64,0,NVIDIA RTX PRO 6000 Blackwell Server Edition,I64,U64,32,1,8,4,1000000000,32,Yes,,,,,,,,
pfp_bloom_filter_add_unique_size_u64,0,NVIDIA RTX PRO 6000 Blackwell Server Edition,I64,U64,32,1,8,4,1000000000,64,Yes,,,,,,,,
pfp_bloom_filter_add_unique_size_u64,0,NVIDIA RTX PRO 6000 Blackwell Server Edition,I64,U64,32,1,8,4,1000000000,128,Yes,,,,,,,,
pfp_bloom_filter_add_unique_size_u64,0,NVIDIA RTX PRO 6000 Blackwell Server Edition,I64,U64,32,1,8,4,1000000000,256,Yes,,,,,,,,
pfp_bloom_filter_add_unique_size_u64,0,NVIDIA RTX PRO 6000 Blackwell Server Edition,I64,U64,32,1,8,4,1000000000,512,Yes,,,,,,,,
pfp_bloom_filter_add_unique_size_u64,0,NVIDIA RTX PRO 6000 Blackwell Server Edition,I64,U64,32,1,8,4,1000000000,1024,Yes,,,,,,,,
pfp_bloom_filter_add_unique_size_u64,0,NVIDIA RTX PRO 6000 Blackwell Server Edition,I64,U64,32,1,8,4,1000000000,2048,Yes,,,,,,,,
pfp_bloom_filter_add_unique_size_u64,0,NVIDIA RTX PRO 6000 Blackwell Server Edition,I64,U64,32,1,8,8,1000000000,1,Yes,,,,,,,,
pfp_bloom_filter_add_unique_size_u64,0,NVIDIA RTX PRO 6000 Blackwell Server Edition,I64,U64,32,1,8,8,1000000000,2,Yes,,,,,,,,
pfp_bloom_filter_add_unique_size_u64,0,NVIDIA RTX PRO 6000 Blackwell Server Edition,I64,U64,32,1,8,8,1000000000,4,Yes,,,,,,,,
pfp_bloom_filter_add_unique_size_u64,0,NVIDIA RTX PRO 6000 Blackwell Server Edition,I64,U64,32,1,8,8,1000000000,8,Yes,,,,,,,,
pfp_bloom_filter_add_unique_size_u64,0,NVIDIA RTX PRO 6000 Blackwell Server Edition,I64,U64,32,1,8,8,1000000000,16,Yes,,,,,,,,
pfp_bloom_filter_add_unique_size_u64,0,NVIDIA RTX PRO 6000 Blackwell Server Edition,I64,U64,32,1,8,8,1000000000,32,Yes,,,,,,,,
pfp_bloom_filter_add_unique_size_u64,0,NVIDIA RTX PRO 6000 Blackwell Server Edition,I64,U64,32,1,8,8,1000000000,64,Yes,,,,,,,,
pfp_bloom_filter_add_unique_size_u64,0,NVIDIA RTX PRO 6000 Blackwell Server Edition,I64,U64,32,1,8,8,1000000000,128,Yes,,,,,,,,
pfp_bloom_filter_add_unique_size_u64,0,NVIDIA RTX PRO 6000 Blackwell Server Edition,I64,U64,32,1,8,8,1000000000,256,Yes,,,,,,,,
pfp_bloom_filter_add_unique_size_u64,0,NVIDIA RTX PRO 6000 Blackwell Server Edition,I64,U64,32,1,8,8,1000000000,512,Yes,,,,,,,,
pfp_bloom_filter_add_unique_size_u64,0,NVIDIA RTX PRO 6000 Blackwell Server Edition,I64,U64,32,1,8,8,1000000000,1024,Yes,,,,,,,,
pfp_bloom_filter_add_unique_size_u64,0,NVIDIA RTX PRO 6000 Blackwell Server Edition,I64,U64,32,1,8,8,1000000000,2048,Yes,,,,,,,,
pfp_bloom_filter_add_unique_size_u64,0,NVIDIA RTX PRO 6000 Blackwell Server Edition,I64,U64,32,20,1,1,1000000000,1,Yes,,,,,,,,
pfp_bloom_filter_add_unique_size_u64,0,NVIDIA RTX PRO 6000 Blackwell Server Edition,I64,U64,32,20,1,1,1000000000,2,Yes,,,,,,,,
pfp_bloom_filter_add_unique_size_u64,0,NVIDIA RTX PRO 6000 Blackwell Server Edition,I64,U64,32,20,1,1,1000000000,4,Yes,,,,,,,,
pfp_bloom_filter_add_unique_size_u64,0,NVIDIA RTX PRO 6000 Blackwell Server Edition,I64,U64,32,20,1,1,1000000000,8,Yes,,,,,,,,
pfp_bloom_filter_add_unique_size_u64,0,NVIDIA RTX PRO 6000 Blackwell Server Edition,I64,U64,32,20,1,1,1000000000,16,Yes,,,,,,,,
pfp_bloom_filter_add_unique_size_u64,0,NVIDIA RTX PRO 6000 Blackwell Server Edition,I64,U64,32,20,1,1,1000000000,32,Yes,,,,,,,,
pfp_bloom_filter_add_unique_size_u64,0,NVIDIA RTX PRO 6000 Blackwell Server Edition,I64,U64,32,20,1,1,1000000000,64,Yes,,,,,,,,
pfp_bloom_filter_add_unique_size_u64,0,NVIDIA RTX PRO 6000 Blackwell Server Edition,I64,U64,32,20,1,1,1000000000,128,Yes,,,,,,,,
pfp_bloom_filter_add_unique_size_u64,0,NVIDIA RTX PRO 6000 Blackwell Server Edition,I64,U64,32,20,1,1,1000000000,256,Yes,,,,,,,,
pfp_bloom_filter_add_unique_size_u64,0,NVIDIA RTX PRO 6000 Blackwell Server Edition,I64,U64,32,20,1,1,1000000000,512,Yes,,,,,,,,
pfp_bloom_filter_add_unique_size_u64,0,NVIDIA RTX PRO 6000 Blackwell Server Edition,I64,U64,32,20,1,1,1000000000,1024,Yes,,,,,,,,
pfp_bloom_filter_add_unique_size_u64,0,NVIDIA RTX PRO 6000 Blackwell Server Edition,I64,U64,32,20,1,1,1000000000,2048,Yes,,,,,,,,
pfp_bloom_filter_add_unique_size_u64,0,NVIDIA RTX PRO 6000 Blackwell Server Edition,I64,U64,32,20,1,2,1000000000,1,Yes,,,,,,,,
pfp_bloom_filter_add_unique_size_u64,0,NVIDIA RTX PRO 6000 Blackwell Server Edition,I64,U64,32,20,1,2,1000000000,2,Yes,,,,,,,,
pfp_bloom_filter_add_unique_size_u64,0,NVIDIA RTX PRO 6000 Blackwell Server Edition,I64,U64,32,20,1,2,1000000000,4,Yes,,,,,,,,
pfp_bloom_filter_add_unique_size_u64,0,NVIDIA RTX PRO 6000 Blackwell Server Edition,I64,U64,32,20,1,2,1000000000,8,Yes,,,,,,,,
pfp_bloom_filter_add_unique_size_u64,0,NVIDIA RTX PRO 6000 Blackwell Server Edition,I64,U64,32,20,1,2,1000000000,16,Yes,,,,,,,,
pfp_bloom_filter_add_unique_size_u64,0,NVIDIA RTX PRO 6000 Blackwell Server Edition,I64,U64,32,20,1,2,1000000000,32,Yes,,,,,,,,
pfp_bloom_filter_add_unique_size_u64,0,NVIDIA RTX PRO 6000 Blackwell Server Edition,I64,U64,32,20,1,2,1000000000,64,Yes,,,,,,,,
pfp_bloom_filter_add_unique_size_u64,0,NVIDIA RTX PRO 6000 Blackwell Server Edition,I64,U64,32,20,1,2,1000000000,128,Yes,,,,,,,,
pfp_bloom_filter_add_unique_size_u64,0,NVIDIA RTX PRO 6000 Blackwell Server Edition,I64,U64,32,20,1,2,1000000000,256,Yes,,,,,,,,
pfp_bloom_filter_add_unique_size_u64,0,NVIDIA RTX PRO 6000 Blackwell Server Edition,I64,U64,32,20,1,2,1000000000,512,Yes,,,,,,,,
pfp_bloom_filter_add_unique_size_u64,0,NVIDIA RTX PRO 6000 Blackwell Server Edition,I64,U64,32,20,1,2,1000000000,1024,Yes,,,,,,,,
pfp_bloom_filter_add_unique_size_u64,0,NVIDIA RTX PRO 6000 Blackwell Server Edition,I64,U64,32,20,1,2,1000000000,2048,Yes,,,,,,,,
pfp_bloom_filter_add_unique_size_u64,0,NVIDIA RTX PRO 6000 Blackwell Server Edition,I64,U64,32,20,1,4,1000000000,1,Yes,,,,,,,,
pfp_bloom_filter_add_unique_size_u64,0,NVIDIA RTX PRO 6000 Blackwell Server Edition,I64,U64,32,20,1,4,1000000000,2,Yes,,,,,,,,
pfp_bloom_filter_add_unique_size_u64,0,NVIDIA RTX PRO 6000 Blackwell Server Edition,I64,U64,32,20,1,4,1000000000,4,Yes,,,,,,,,
pfp_bloom_filter_add_unique_size_u64,0,NVIDIA RTX PRO 6000 Blackwell Server Edition,I64,U64,32,20,1,4,1000000000,8,Yes,,,,,,,,
pfp_bloom_filter_add_unique_size_u64,0,NVIDIA RTX PRO 6000 Blackwell Server Edition,I64,U64,32,20,1,4,1000000000,16,Yes,,,,,,,,
pfp_bloom_filter_add_unique_size_u64,0,NVIDIA RTX PRO 6000 Blackwell Server Edition,I64,U64,32,20,1,4,1000000000,32,Yes,,,,,,,,
pfp_bloom_filter_add_unique_size_u64,0,NVIDIA RTX PRO 6000 Blackwell Server Edition,I64,U64,32,20,1,4,1000000000,64,Yes,,,,,,,,
pfp_bloom_filter_add_unique_size_u64,0,NVIDIA RTX PRO 6000 Blackwell Server Edition,I64,U64,32,20,1,4,1000000000,128,Yes,,,,,,,,
pfp_bloom_filter_add_unique_size_u64,0,NVIDIA RTX PRO 6000 Blackwell Server Edition,I64,U64,32,20,1,4,1000000000,256,Yes,,,,,,,,
pfp_bloom_filter_add_unique_size_u64,0,NVIDIA RTX PRO 6000 Blackwell Server Edition,I64,U64,32,20,1,4,1000000000,512,Yes,,,,,,,,
pfp_bloom_filter_add_unique_size_u64,0,NVIDIA RTX PRO 6000 Blackwell Server Edition,I64,U64,32,20,1,4,1000000000,1024,Yes,,,,,,,,
pfp_bloom_filter_add_unique_size_u64,0,NVIDIA RTX PRO 6000 Blackwell Server Edition,I64,U64,32,20,1,4,1000000000,2048,Yes,,,,,,,,
pfp_bloom_filter_add_unique_size_u64,0,NVIDIA RTX PRO 6000 Blackwell Server Edition,I64,U64,32,20,1,8,1000000000,1,Yes,,,,,,,,
pfp_bloom_filter_add_unique_size_u64,0,NVIDIA RTX PRO 6000 Blackwell Server Edition,I64,U64,32,20,1,8,1000000000,2,Yes,,,,,,,,
pfp_bloom_filter_add_unique_size_u64,0,NVIDIA RTX PRO 6000 Blackwell Server Edition,I64,U64,32,20,1,8,1000000000,4,Yes,,,,,,,,
pfp_bloom_filter_add_unique_size_u64,0,NVIDIA RTX PRO 6000 Blackwell Server Edition,I64,U64,32,20,1,8,1000000000,8,Yes,,,,,,,,
pfp_bloom_filter_add_unique_size_u64,0,NVIDIA RTX PRO 6000 Blackwell Server Edition,I64,U64,32,20,1,8,1000000000,16,Yes,,,,,,,,
pfp_bloom_filter_add_unique_size_u64,0,NVIDIA RTX PRO 6000 Blackwell Server Edition,I64,U64,32,20,1,8,1000000000,32,Yes,,,,,,,,
pfp_bloom_filter_add_unique_size_u64,0,NVIDIA RTX PRO 6000 Blackwell Server Edition,I64,U64,32,20,1,8,1000000000,64,Yes,,,,,,,,
pfp_bloom_filter_add_unique_size_u64,0,NVIDIA RTX PRO 6000 Blackwell Server Edition,I64,U64,32,20,1,8,1000000000,128,Yes,,,,,,,,
pfp_bloom_filter_add_unique_size_u64,0,NVIDIA RTX PRO 6000 Blackwell Server Edition,I64,U64,32,20,1,8,1000000000,256,Yes,,,,,,,,
pfp_bloom_filter_add_unique_size_u64,0,NVIDIA RTX PRO 6000 Blackwell Server Edition,I64,U64,32,20,1,8,1000000000,512,Yes,,,,,,,,
pfp_bloom_filter_add_unique_size_u64,0,NVIDIA RTX PRO 6000 Blackwell Server Edition,I64,U64,32,20,1,8,1000000000,1024,Yes,,,,,,,,
pfp_bloom_filter_add_unique_size_u64,0,NVIDIA RTX PRO 6000 Blackwell Server Edition,I64,U64,32,20,1,8,1000000000,2048,Yes,,,,,,,,
pfp_bloom_filter_add_unique_size_u64,0,NVIDIA RTX PRO 6000 Blackwell Server Edition,I64,U64,32,20,2,1,1000000000,1,Yes,,,,,,,,
pfp_bloom_filter_add_unique_size_u64,0,NVIDIA RTX PRO 6000 Blackwell Server Edition,I64,U64,32,20,2,1,1000000000,2,Yes,,,,,,,,
pfp_bloom_filter_add_unique_size_u64,0,NVIDIA RTX PRO 6000 Blackwell Server Edition,I64,U64,32,20,2,1,1000000000,4,Yes,,,,,,,,
pfp_bloom_filter_add_unique_size_u64,0,NVIDIA RTX PRO 6000 Blackwell Server Edition,I64,U64,32,20,2,1,1000000000,8,Yes,,,,,,,,
pfp_bloom_filter_add_unique_size_u64,0,NVIDIA RTX PRO 6000 Blackwell Server Edition,I64,U64,32,20,2,1,1000000000,16,Yes,,,,,,,,
pfp_bloom_filter_add_unique_size_u64,0,NVIDIA RTX PRO 6000 Blackwell Server Edition,I64,U64,32,20,2,1,1000000000,32,Yes,,,,,,,,
pfp_bloom_filter_add_unique_size_u64,0,NVIDIA RTX PRO 6000 Blackwell Server Edition,I64,U64,32,20,2,1,1000000000,64,Yes,,,,,,,,
pfp_bloom_filter_add_unique_size_u64,0,NVIDIA RTX PRO 6000 Blackwell Server Edition,I64,U64,32,20,2,1,1000000000,128,Yes,,,,,,,,
pfp_bloom_filter_add_unique_size_u64,0,NVIDIA RTX PRO 6000 Blackwell Server Edition,I64,U64,32,20,2,1,1000000000,256,Yes,,,,,,,,
pfp_bloom_filter_add_unique_size_u64,0,NVIDIA RTX PRO 6000 Blackwell Server Edition,I64,U64,32,20,2,1,1000000000,512,Yes,,,,,,,,
pfp_bloom_filter_add_unique_size_u64,0,NVIDIA RTX PRO 6000 Blackwell Server Edition,I64,U64,32,20,2,1,1000000000,1024,Yes,,,,,,,,
pfp_bloom_filter_add_unique_size_u64,0,NVIDIA RTX PRO 6000 Blackwell Server Edition,I64,U64,32,20,2,1,1000000000,2048,Yes,,,,,,,,
pfp_bloom_filter_add_unique_size_u64,0,NVIDIA RTX PRO 6000 Blackwell Server Edition,I64,U64,32,20,2,2,1000000000,1,Yes,,,,,,,,
pfp_bloom_filter_add_unique_size_u64,0,NVIDIA RTX PRO 6000 Blackwell Server Edition,I64,U64,32,20,2,2,1000000000,2,Yes,,,,,,,,
pfp_bloom_filter_add_unique_size_u64,0,NVIDIA RTX PRO 6000 Blackwell Server Edition,I64,U64,32,20,2,2,1000000000,4,Yes,,,,,,,,
pfp_bloom_filter_add_unique_size_u64,0,NVIDIA RTX PRO 6000 Blackwell Server Edition,I64,U64,32,20,2,2,1000000000,8,Yes,,,,,,,,
pfp_bloom_filter_add_unique_size_u64,0,NVIDIA RTX PRO 6000 Blackwell Server Edition,I64,U64,32,20,2,2,1000000000,16,Yes,,,,,,,,
pfp_bloom_filter_add_unique_size_u64,0,NVIDIA RTX PRO 6000 Blackwell Server Edition,I64,U64,32,20,2,2,1000000000,32,Yes,,,,,,,,
pfp_bloom_filter_add_unique_size_u64,0,NVIDIA RTX PRO 6000 Blackwell Server Edition,I64,U64,32,20,2,2,1000000000,64,Yes,,,,,,,,
pfp_bloom_filter_add_unique_size_u64,0,NVIDIA RTX PRO 6000 Blackwell Server Edition,I64,U64,32,20,2,2,1000000000,128,Yes,,,,,,,,
pfp_bloom_filter_add_unique_size_u64,0,NVIDIA RTX PRO 6000 Blackwell Server Edition,I64,U64,32,20,2,2,1000000000,256,Yes,,,,,,,,
pfp_bloom_filter_add_unique_size_u64,0,NVIDIA RTX PRO 6000 Blackwell Server Edition,I64,U64,32,20,2,2,1000000000,512,Yes,,,,,,,,
pfp_bloom_filter_add_unique_size_u64,0,NVIDIA RTX PRO 6000 Blackwell Server Edition,I64,U64,32,20,2,2,1000000000,1024,Yes,,,,,,,,
pfp_bloom_filter_add_unique_size_u64,0,NVIDIA RTX PRO 6000 Blackwell Server Edition,I64,U64,32,20,2,2,1000000000,2048,Yes,,,,,,,,
pfp_bloom_filter_add_unique_size_u64,0,NVIDIA RTX PRO 6000 Blackwell Server Edition,I64,U64,32,20,2,4,1000000000,1,Yes,,,,,,,,
pfp_bloom_filter_add_unique_size_u64,0,NVIDIA RTX PRO 6000 Blackwell Server Edition,I64,U64,32,20,2,4,1000000000,2,Yes,,,,,,,,
pfp_bloom_filter_add_unique_size_u64,0,NVIDIA RTX PRO 6000 Blackwell Server Edition,I64,U64,32,20,2,4,1000000000,4,Yes,,,,,,,,
pfp_bloom_filter_add_unique_size_u64,0,NVIDIA RTX PRO 6000 Blackwell Server Edition,I64,U64,32,20,2,4,1000000000,8,Yes,,,,,,,,
pfp_bloom_filter_add_unique_size_u64,0,NVIDIA RTX PRO 6000 Blackwell Server Edition,I64,U64,32,20,2,4,1000000000,16,Yes,,,,,,,,
pfp_bloom_filter_add_unique_size_u64,0,NVIDIA RTX PRO 6000 Blackwell Server Edition,I64,U64,32,20,2,4,1000000000,32,Yes,,,,,,,,
pfp_bloom_filter_add_unique_size_u64,0,NVIDIA RTX PRO 6000 Blackwell Server Edition,I64,U64,32,20,2,4,1000000000,64,Yes,,,,,,,,
pfp_bloom_filter_add_unique_size_u64,0,NVIDIA RTX PRO 6000 Blackwell Server Edition,I64,U64,32,20,2,4,1000000000,128,Yes,,,,,,,,
pfp_bloom_filter_add_unique_size_u64,0,NVIDIA RTX PRO 6000 Blackwell Server Edition,I64,U64,32,20,2,4,1000000000,256,Yes,,,,,,,,
pfp_bloom_filter_add_unique_size_u64,0,NVIDIA RTX PRO 6000 Blackwell Server Edition,I64,U64,32,20,2,4,1000000000,512,Yes,,,,,,,,
pfp_bloom_filter_add_unique_size_u64,0,NVIDIA RTX PRO 6000 Blackwell Server Edition,I64,U64,32,20,2,4,1000000000,1024,Yes,,,,,,,,
pfp_bloom_filter_add_unique_size_u64,0,NVIDIA RTX PRO 6000 Blackwell Server Edition,I64,U64,32,20,2,4,1000000000,2048,Yes,,,,,,,,
pfp_bloom_filter_add_unique_size_u64,0,NVIDIA RTX PRO 6000 Blackwell Server Edition,I64,U64,32,20,2,8,1000000000,1,Yes,,,,,,,,
pfp_bloom_filter_add_unique_size_u64,0,NVIDIA RTX PRO 6000 Blackwell Server Edition,I64,U64,32,20,2,8,1000000000,2,Yes,,,,,,,,
pfp_bloom_filter_add_unique_size_u64,0,NVIDIA RTX PRO 6000 Blackwell Server Edition,I64,U64,32,20,2,8,1000000000,4,Yes,,,,,,,,
pfp_bloom_filter_add_unique_size_u64,0,NVIDIA RTX PRO 6000 Blackwell Server Edition,I64,U64,32,20,2,8,1000000000,8,Yes,,,,,,,,
pfp_bloom_filter_add_unique_size_u64,0,NVIDIA RTX PRO 6000 Blackwell Server Edition,I64,U64,32,20,2,8,1000000000,16,Yes,,,,,,,,
pfp_bloom_filter_add_unique_size_u64,0,NVIDIA RTX PRO 6000 Blackwell Server Edition,I64,U64,32,20,2,8,1000000000,32,Yes,,,,,,,,
pfp_bloom_filter_add_unique_size_u64,0,NVIDIA RTX PRO 6000 Blackwell Server Edition,I64,U64,32,20,2,8,1000000000,64,Yes,,,,,,,,
pfp_bloom_filter_add_unique_size_u64,0,NVIDIA RTX PRO 6000 Blackwell Server Edition,I64,U64,32,20,2,8,1000000000,128,Yes,,,,,,,,
pfp_bloom_filter_add_unique_size_u64,0,NVIDIA RTX PRO 6000 Blackwell Server Edition,I64,U64,32,20,2,8,1000000000,256,Yes,,,,,,,,
pfp_bloom_filter_add_unique_size_u64,0,NVIDIA RTX PRO 6000 Blackwell Server Edition,I64,U64,32,20,2,8,1000000000,512,Yes,,,,,,,,
pfp_bloom_filter_add_unique_size_u64,0,NVIDIA RTX PRO 6000 Blackwell Server Edition,I64,U64,32,20,2,8,1000000000,1024,Yes,,,,,,,,
pfp_bloom_filter_add_unique_size_u64,0,NVIDIA RTX PRO 6000 Blackwell Server Edition,I64,U64,32,20,2,8,1000000000,2048,Yes,,,,,,,,
pfp_bloom_filter_add_unique_size_u64,0,NVIDIA RTX PRO 6000 Blackwell Server Edition,I64,U64,32,20,4,1,1000000000,1,Yes,,,,,,,,
pfp_bloom_filter_add_unique_size_u64,0,NVIDIA RTX PRO 6000 Blackwell Server Edition,I64,U64,32,20,4,1,1000000000,2,Yes,,,,,,,,
pfp_bloom_filter_add_unique_size_u64,0,NVIDIA RTX PRO 6000 Blackwell Server Edition,I64,U64,32,20,4,1,1000000000,4,Yes,,,,,,,,
pfp_bloom_filter_add_unique_size_u64,0,NVIDIA RTX PRO 6000 Blackwell Server Edition,I64,U64,32,20,4,1,1000000000,8,Yes,,,,,,,,
pfp_bloom_filter_add_unique_size_u64,0,NVIDIA RTX PRO 6000 Blackwell Server Edition,I64,U64,32,20,4,1,1000000000,16,Yes,,,,,,,,
pfp_bloom_filter_add_unique_size_u64,0,NVIDIA RTX PRO 6000 Blackwell Server Edition,I64,U64,32,20,4,1,1000000000,32,Yes,,,,,,,,
pfp_bloom_filter_add_unique_size_u64,0,NVIDIA RTX PRO 6000 Blackwell Server Edition,I64,U64,32,20,4,1,1000000000,64,Yes,,,,,,,,
pfp_bloom_filter_add_unique_size_u64,0,NVIDIA RTX PRO 6000 Blackwell Server Edition,I64,U64,32,20,4,1,1000000000,128,Yes,,,,,,,,
pfp_bloom_filter_add_unique_size_u64,0,NVIDIA RTX PRO 6000 Blackwell Server Edition,I64,U64,32,20,4,1,1000000000,256,Yes,,,,,,,,
pfp_bloom_filter_add_unique_size_u64,0,NVIDIA RTX PRO 6000 Blackwell Server Edition,I64,U64,32,20,4,1,1000000000,512,Yes,,,,,,,,
pfp_bloom_filter_add_unique_size_u64,0,NVIDIA RTX PRO 6000 Blackwell Server Edition,I64,U64,32,20,4,1,1000000000,1024,Yes,,,,,,,,
pfp_bloom_filter_add_unique_size_u64,0,NVIDIA RTX PRO 6000 Blackwell Server Edition,I64,U64,32,20,4,1,1000000000,2048,Yes,,,,,,,,
pfp_bloom_filter_add_unique_size_u64,0,NVIDIA RTX PRO 6000 Blackwell Server Edition,I64,U64,32,20,4,2,1000000000,1,Yes,,,,,,,,
pfp_bloom_filter_add_unique_size_u64,0,NVIDIA RTX PRO 6000 Blackwell Server Edition,I64,U64,32,20,4,2,1000000000,2,Yes,,,,,,,,
pfp_bloom_filter_add_unique_size_u64,0,NVIDIA RTX PRO 6000 Blackwell Server Edition,I64,U64,32,20,4,2,1000000000,4,Yes,,,,,,,,
pfp_bloom_filter_add_unique_size_u64,0,NVIDIA RTX PRO 6000 Blackwell Server Edition,I64,U64,32,20,4,2,1000000000,8,Yes,,,,,,,,
pfp_bloom_filter_add_unique_size_u64,0,NVIDIA RTX PRO 6000 Blackwell Server Edition,I64,U64,32,20,4,2,1000000000,16,Yes,,,,,,,,
pfp_bloom_filter_add_unique_size_u64,0,NVIDIA RTX PRO 6000 Blackwell Server Edition,I64,U64,32,20,4,2,1000000000,32,Yes,,,,,,,,
pfp_bloom_filter_add_unique_size_u64,0,NVIDIA RTX PRO 6000 Blackwell Server Edition,I64,U64,32,20,4,2,1000000000,64,Yes,,,,,,,,
pfp_bloom_filter_add_unique_size_u64,0,NVIDIA RTX PRO 6000 Blackwell Server Edition,I64,U64,32,20,4,2,1000000000,128,Yes,,,,,,,,
pfp_bloom_filter_add_unique_size_u64,0,NVIDIA RTX PRO 6000 Blackwell Server Edition,I64,U64,32,20,4,2,1000000000,256,Yes,,,,,,,,
pfp_bloom_filter_add_unique_size_u64,0,NVIDIA RTX PRO 6000 Blackwell Server Edition,I64,U64,32,20,4,2,1000000000,512,Yes,,,,,,,,
pfp_bloom_filter_add_unique_size_u64,0,NVIDIA RTX PRO 6000 Blackwell Server Edition,I64,U64,32,20,4,2,1000000000,1024,Yes,,,,,,,,
pfp_bloom_filter_add_unique_size_u64,0,NVIDIA RTX PRO 6000 Blackwell Server Edition,I64,U64,32,20,4,2,1000000000,2048,Yes,,,,,,,,
pfp_bloom_filter_add_unique_size_u64,0,NVIDIA RTX PRO 6000 Blackwell Server Edition,I64,U64,32,20,4,4,1000000000,1,Yes,,,,,,,,
pfp_bloom_filter_add_unique_size_u64,0,NVIDIA RTX PRO 6000 Blackwell Server Edition,I64,U64,32,20,4,4,1000000000,2,Yes,,,,,,,,
pfp_bloom_filter_add_unique_size_u64,0,NVIDIA RTX PRO 6000 Blackwell Server Edition,I64,U64,32,20,4,4,1000000000,4,Yes,,,,,,,,
pfp_bloom_filter_add_unique_size_u64,0,NVIDIA RTX PRO 6000 Blackwell Server Edition,I64,U64,32,20,4,4,1000000000,8,Yes,,,,,,,,
pfp_bloom_filter_add_unique_size_u64,0,NVIDIA RTX PRO 6000 Blackwell Server Edition,I64,U64,32,20,4,4,1000000000,16,Yes,,,,,,,,
pfp_bloom_filter_add_unique_size_u64,0,NVIDIA RTX PRO 6000 Blackwell Server Edition,I64,U64,32,20,4,4,1000000000,32,Yes,,,,,,,,
pfp_bloom_filter_add_unique_size_u64,0,NVIDIA RTX PRO 6000 Blackwell Server Edition,I64,U64,32,20,4,4,1000000000,64,Yes,,,,,,,,
pfp_bloom_filter_add_unique_size_u64,0,NVIDIA RTX PRO 6000 Blackwell Server Edition,I64,U64,32,20,4,4,1000000000,128,Yes,,,,,,,,
pfp_bloom_filter_add_unique_size_u64,0,NVIDIA RTX PRO 6000 Blackwell Server Edition,I64,U64,32,20,4,4,1000000000,256,Yes,,,,,,,,
pfp_bloom_filter_add_unique_size_u64,0,NVIDIA RTX PRO 6000 Blackwell Server Edition,I64,U64,32,20,4,4,1000000000,512,Yes,,,,,,,,
pfp_bloom_filter_add_unique_size_u64,0,NVIDIA RTX PRO 6000 Blackwell Server Edition,I64,U64,32,20,4,4,1000000000,1024,Yes,,,,,,,,
pfp_bloom_filter_add_unique_size_u64,0,NVIDIA RTX PRO 6000 Blackwell Server Edition,I64,U64,32,20,4,4,1000000000,2048,Yes,,,,,,,,
pfp_bloom_filter_add_unique_size_u64,0,NVIDIA RTX PRO 6000 Blackwell Server Edition,I64,U64,32,20,4,8,1000000000,1,Yes,,,,,,,,
pfp_bloom_filter_add_unique_size_u64,0,NVIDIA RTX PRO 6000 Blackwell Server Edition,I64,U64,32,20,4,8,1000000000,2,Yes,,,,,,,,
pfp_bloom_filter_add_unique_size_u64,0,NVIDIA RTX PRO 6000 Blackwell Server Edition,I64,U64,32,20,4,8,1000000000,4,Yes,,,,,,,,
pfp_bloom_filter_add_unique_size_u64,0,NVIDIA RTX PRO 6000 Blackwell Server Edition,I64,U64,32,20,4,8,1000000000,8,Yes,,,,,,,,
pfp_bloom_filter_add_unique_size_u64,0,NVIDIA RTX PRO 6000 Blackwell Server Edition,I64,U64,32,20,4,8,1000000000,16,Yes,,,,,,,,
pfp_bloom_filter_add_unique_size_u64,0,NVIDIA RTX PRO 6000 Blackwell Server Edition,I64,U64,32,20,4,8,1000000000,32,Yes,,,,,,,,
pfp_bloom_filter_add_unique_size_u64,0,NVIDIA RTX PRO 6000 Blackwell Server Edition,I64,U64,32,20,4,8,1000000000,64,Yes,,,,,,,,
pfp_bloom_filter_add_unique_size_u64,0,NVIDIA RTX PRO 6000 Blackwell Server Edition,I64,U64,32,20,4,8,1000000000,128,Yes,,,,,,,,
pfp_bloom_filter_add_unique_size_u64,0,NVIDIA RTX PRO 6000 Blackwell Server Edition,I64,U64,32,20,4,8,1000000000,256,Yes,,,,,,,,
pfp_bloom_filter_add_unique_size_u64,0,NVIDIA RTX PRO 6000 Blackwell Server Edition,I64,U64,32,20,4,8,1000000000,512,Yes,,,,,,,,
pfp_bloom_filter_add_unique_size_u64,0,NVIDIA RTX PRO 6000 Blackwell Server Edition,I64,U64,32,20,4,8,1000000000,1024,Yes,,,,,,,,
pfp_bloom_filter_add_unique_size_u64,0,NVIDIA RTX PRO 6000 Blackwell Server Edition,I64,U64,32,20,4,8,1000000000,2048,Yes,,,,,,,,
pfp_bloom_filter_add_unique_size_u64,0,NVIDIA RTX PRO 6000 Blackwell Server Edition,I64,U64,32,20,8,1,1000000000,1,Yes,,,,,,,,
pfp_bloom_filter_add_unique_size_u64,0,NVIDIA RTX PRO 6000 Blackwell Server Edition,I64,U64,32,20,8,1,1000000000,2,Yes,,,,,,,,
pfp_bloom_filter_add_unique_size_u64,0,NVIDIA RTX PRO 6000 Blackwell Server Edition,I64,U64,32,20,8,1,1000000000,4,Yes,,,,,,,,
pfp_bloom_filter_add_unique_size_u64,0,NVIDIA RTX PRO 6000 Blackwell Server Edition,I64,U64,32,20,8,1,1000000000,8,Yes,,,,,,,,
pfp_bloom_filter_add_unique_size_u64,0,NVIDIA RTX PRO 6000 Blackwell Server Edition,I64,U64,32,20,8,1,1000000000,16,Yes,,,,,,,,
pfp_bloom_filter_add_unique_size_u64,0,NVIDIA RTX PRO 6000 Blackwell Server Edition,I64,U64,32,20,8,1,1000000000,32,Yes,,,,,,,,
pfp_bloom_filter_add_unique_size_u64,0,NVIDIA RTX PRO 6000 Blackwell Server Edition,I64,U64,32,20,8,1,1000000000,64,Yes,,,,,,,,
pfp_bloom_filter_add_unique_size_u64,0,NVIDIA RTX PRO 6000 Blackwell Server Edition,I64,U64,32,20,8,1,1000000000,128,Yes,,,,,,,,
pfp_bloom_filter_add_unique_size_u64,0,NVIDIA RTX PRO 6000 Blackwell Server Edition,I64,U64,32,20,8,1,1000000000,256,Yes,,,,,,,,
pfp_bloom_filter_add_unique_size_u64,0,NVIDIA RTX PRO 6000 Blackwell Server Edition,I64,U64,32,20,8,1,1000000000,512,Yes,,,,,,,,
pfp_bloom_filter_add_unique_size_u64,0,NVIDIA RTX PRO 6000 Blackwell Server Edition,I64,U64,32,20,8,1,1000000000,1024,Yes,,,,,,,,
pfp_bloom_filter_add_unique_size_u64,0,NVIDIA RTX PRO 6000 Blackwell Server Edition,I64,U64,32,20,8,1,1000000000,2048,Yes,,,,,,,,
pfp_bloom_filter_add_unique_size_u64,0,NVIDIA RTX PRO 6000 Blackwell Server Edition,I64,U64,32,20,8,2,1000000000,1,Yes,,,,,,,,
pfp_bloom_filter_add_unique_size_u64,0,NVIDIA RTX PRO 6000 Blackwell Server Edition,I64,U64,32,20,8,2,1000000000,2,Yes,,,,,,,,
pfp_bloom_filter_add_unique_size_u64,0,NVIDIA RTX PRO 6000 Blackwell Server Edition,I64,U64,32,20,8,2,1000000000,4,Yes,,,,,,,,
pfp_bloom_filter_add_unique_size_u64,0,NVIDIA RTX PRO 6000 Blackwell Server Edition,I64,U64,32,20,8,2,1000000000,8,Yes,,,,,,,,
pfp_bloom_filter_add_unique_size_u64,0,NVIDIA RTX PRO 6000 Blackwell Server Edition,I64,U64,32,20,8,2,1000000000,16,Yes,,,,,,,,
pfp_bloom_filter_add_unique_size_u64,0,NVIDIA RTX PRO 6000 Blackwell Server Edition,I64,U64,32,20,8,2,1000000000,32,Yes,,,,,,,,
pfp_bloom_filter_add_unique_size_u64,0,NVIDIA RTX PRO 6000 Blackwell Server Edition,I64,U64,32,20,8,2,1000000000,64,Yes,,,,,,,,
pfp_bloom_filter_add_unique_size_u64,0,NVIDIA RTX PRO 6000 Blackwell Server Edition,I64,U64,32,20,8,2,1000000000,128,Yes,,,,,,,,
pfp_bloom_filter_add_unique_size_u64,0,NVIDIA RTX PRO 6000 Blackwell Server Edition,I64,U64,32,20,8,2,1000000000,256,Yes,,,,,,,,
pfp_bloom_filter_add_unique_size_u64,0,NVIDIA RTX PRO 6000 Blackwell Server Edition,I64,U64,32,20,8,2,1000000000,512,Yes,,,,,,,,
pfp_bloom_filter_add_unique_size_u64,0,NVIDIA RTX PRO 6000 Blackwell Server Edition,I64,U64,32,20,8,2,1000000000,1024,Yes,,,,,,,,
pfp_bloom_filter_add_unique_size_u64,0,NVIDIA RTX PRO 6000 Blackwell Server Edition,I64,U64,32,20,8,2,1000000000,2048,Yes,,,,,,,,
pfp_bloom_filter_add_unique_size_u64,0,NVIDIA RTX PRO 6000 Blackwell Server Edition,I64,U64,32,20,8,4,1000000000,1,Yes,,,,,,,,
pfp_bloom_filter_add_unique_size_u64,0,NVIDIA RTX PRO 6000 Blackwell Server Edition,I64,U64,32,20,8,4,1000000000,2,Yes,,,,,,,,
pfp_bloom_filter_add_unique_size_u64,0,NVIDIA RTX PRO 6000 Blackwell Server Edition,I64,U64,32,20,8,4,1000000000,4,Yes,,,,,,,,
pfp_bloom_filter_add_unique_size_u64,0,NVIDIA RTX PRO 6000 Blackwell Server Edition,I64,U64,32,20,8,4,1000000000,8,Yes,,,,,,,,
pfp_bloom_filter_add_unique_size_u64,0,NVIDIA RTX PRO 6000 Blackwell Server Edition,I64,U64,32,20,8,4,1000000000,16,Yes,,,,,,,,
pfp_bloom_filter_add_unique_size_u64,0,NVIDIA RTX PRO 6000 Blackwell Server Edition,I64,U64,32,20,8,4,1000000000,32,Yes,,,,,,,,
pfp_bloom_filter_add_unique_size_u64,0,NVIDIA RTX PRO 6000 Blackwell Server Edition,I64,U64,32,20,8,4,1000000000,64,Yes,,,,,,,,
pfp_bloom_filter_add_unique_size_u64,0,NVIDIA RTX PRO 6000 Blackwell Server Edition,I64,U64,32,20,8,4,1000000000,128,Yes,,,,,,,,
pfp_bloom_filter_add_unique_size_u64,0,NVIDIA RTX PRO 6000 Blackwell Server Edition,I64,U64,32,20,8,4,1000000000,256,Yes,,,,,,,,
pfp_bloom_filter_add_unique_size_u64,0,NVIDIA RTX PRO 6000 Blackwell Server Edition,I64,U64,32,20,8,4,1000000000,512,Yes,,,,,,,,
pfp_bloom_filter_add_unique_size_u64,0,NVIDIA RTX PRO 6000 Blackwell Server Edition,I64,U64,32,20,8,4,1000000000,1024,Yes,,,,,,,,
pfp_bloom_filter_add_unique_size_u64,0,NVIDIA RTX PRO 6000 Blackwell Server Edition,I64,U64,32,20,8,4,1000000000,2048,Yes,,,,,,,,
pfp_bloom_filter_add_unique_size_u64,0,NVIDIA RTX PRO 6000 Blackwell Server Edition,I64,U64,32,20,8,8,1000000000,1,Yes,,,,,,,,
pfp_bloom_filter_add_unique_size_u64,0,NVIDIA RTX PRO 6000 Blackwell Server Edition,I64,U64,32,20,8,8,1000000000,2,Yes,,,,,,,,
pfp_bloom_filter_add_unique_size_u64,0,NVIDIA RTX PRO 6000 Blackwell Server Edition,I64,U64,32,20,8,8,1000000000,4,Yes,,,,,,,,
pfp_bloom_filter_add_unique_size_u64,0,NVIDIA RTX PRO 6000 Blackwell Server Edition,I64,U64,32,20,8,8,1000000000,8,Yes,,,,,,,,
pfp_bloom_filter_add_unique_size_u64,0,NVIDIA RTX PRO 6000 Blackwell Server Edition,I64,U64,32,20,8,8,1000000000,16,Yes,,,,,,,,
pfp_bloom_filter_add_unique_size_u64,0,NVIDIA RTX PRO 6000 Blackwell Server Edition,I64,U64,32,20,8,8,1000000000,32,Yes,,,,,,,,
pfp_bloom_filter_add_unique_size_u64,0,NVIDIA RTX PRO 6000 Blackwell Server Edition,I64,U64,32,20,8,8,1000000000,64,Yes,,,,,,,,
pfp_bloom_filter_add_unique_size_u64,0,NVIDIA RTX PRO 6000 Blackwell Server Edition,I64,U64,32,20,8,8,1000000000,128,Yes,,,,,,,,
pfp_bloom_filter_add_unique_size_u64,0,NVIDIA RTX PRO 6000 Blackwell Server Edition,I64,U64,32,20,8,8,1000000000,256,Yes,,,,,,,,
pfp_bloom_filter_add_unique_size_u64,0,NVIDIA RTX PRO 6000 Blackwell Server Edition,I64,U64,32,20,8,8,1000000000,512,Yes,,,,,,,,
pfp_bloom_filter_add_unique_size_u64,0,NVIDIA RTX PRO 6000 Blackwell Server Edition,I64,U64,32,20,8,8,1000000000,1024,Yes,,,,,,,,
pfp_bloom_filter_add_unique_size_u64,0,NVIDIA RTX PRO 6000 Blackwell Server Edition,I64,U64,32,20,8,8,1000000000,2048,Yes,,,,,,,,
pfp_bloom_filter_add_unique_size_u64,0,NVIDIA RTX PRO 6000 Blackwell Server Edition,I64,U64,64,1,1,1,1000000000,1,No,45,0.011359411244444444,0.00013373920330511448,0.01135001667870416,0.00011054412849494092,88105597402.00935,46,0.01134275884213655
pfp_bloom_filter_add_unique_size_u64,0,NVIDIA RTX PRO 6000 Blackwell Server Edition,I64,U64,64,1,1,1,1000000000,2,No,44,0.011419699772727271,0.00012945053924258112,0.011409159335223108,9.255532740461035e-05,87648876715.45914,46,0.011397364077360733
pfp_bloom_filter_add_unique_size_u64,0,NVIDIA RTX PRO 6000 Blackwell Server Edition,I64,U64,64,1,1,1,1000000000,4,No,44,0.01145750984090909,0.00010142048949175014,0.011447148453105578,7.566204877369169e-05,87358000474.66869,46,0.011424678636633833
pfp_bloom_filter_add_unique_size_u64,0,NVIDIA RTX PRO 6000 Blackwell Server Edition,I64,U64,64,1,1,1,1000000000,8,No,44,0.011486733454545456,0.0001019305825266583,0.011477882385253907,7.812780268549662e-05,87124084951.83221,45,0.011437692599826388
pfp_bloom_filter_add_unique_size_u64,0,NVIDIA RTX PRO 6000 Blackwell Server Edition,I64,U64,64,1,1,1,1000000000,16,No,44,0.011509316522727277,0.00010853766612891919,0.011499323541467838,8.183813562697039e-05,86961637038.37785,45,0.01144451904296875
pfp_bloom_filter_add_unique_size_u64,0,NVIDIA RTX PRO 6000 Blackwell Server Edition,I64,U64,64,1,1,1,1000000000,32,No,44,0.01155379020454546,0.0001357462349333162,0.011542997121810915,8.767197244532501e-05,86632612782.20918,45,0.011449206542968752
pfp_bloom_filter_add_unique_size_u64,0,NVIDIA RTX PRO 6000 Blackwell Server Edition,I64,U64,64,1,1,1,1000000000,64,No,24,0.020902104249999998,0.00014881405066012392,0.02089165472984314,0.00014253264938244046,47866002618.33392,25,0.020590959472656253
pfp_bloom_filter_add_unique_size_u64,0,NVIDIA RTX PRO 6000 Blackwell Server Edition,I64,U64,64,1,1,1,1000000000,128,No,11,0.08397610900000001,0.00024025038051748304,0.08396508234197445,0.00024134288685388947,11909712610.382286,12,0.08385698191324871
pfp_bloom_filter_add_unique_size_u64,0,NVIDIA RTX PRO 6000 Blackwell Server Edition,I64,U64,64,1,1,1,1000000000,256,No,11,0.13822762727272728,0.00023012629746326668,0.13821637933904476,0.00022965840258399253,7235032524.958566,12,0.13818277231852213
pfp_bloom_filter_add_unique_size_u64,0,NVIDIA RTX PRO 6000 Blackwell Server Edition,I64,U64,64,1,1,1,1000000000,512,No,11,0.15732192836363637,0.00020593649962593347,0.15731081182306458,0.00020721171953997185,6356842154.783045,12,0.1572859738667806
pfp_bloom_filter_add_unique_size_u64,0,NVIDIA RTX PRO 6000 Blackwell Server Edition,I64,U64,64,1,1,1,1000000000,1024,No,11,0.16535431554545454,0.00011258298171136224,0.16534346979314632,0.00011611885857124729,6048016297.535394,12,0.16532996622721355
pfp_bloom_filter_add_unique_size_u64,0,NVIDIA RTX PRO 6000 Blackwell Server Edition,I64,U64,64,1,1,1,1000000000,2048,No,11,0.168889673,0.00012766308203582613,0.16887812666459515,0.00012611422355431474,5921429966.984868,12,0.16886609013875328
pfp_bloom_filter_add_unique_size_u64,0,NVIDIA RTX PRO 6000 Blackwell Server Edition,I64,U64,64,1,1,2,1000000000,1,Yes,,,,,,,,
pfp_bloom_filter_add_unique_size_u64,0,NVIDIA RTX PRO 6000 Blackwell Server Edition,I64,U64,64,1,1,2,1000000000,2,Yes,,,,,,,,
pfp_bloom_filter_add_unique_size_u64,0,NVIDIA RTX PRO 6000 Blackwell Server Edition,I64,U64,64,1,1,2,1000000000,4,Yes,,,,,,,,
pfp_bloom_filter_add_unique_size_u64,0,NVIDIA RTX PRO 6000 Blackwell Server Edition,I64,U64,64,1,1,2,1000000000,8,Yes,,,,,,,,
pfp_bloom_filter_add_unique_size_u64,0,NVIDIA RTX PRO 6000 Blackwell Server Edition,I64,U64,64,1,1,2,1000000000,16,Yes,,,,,,,,
pfp_bloom_filter_add_unique_size_u64,0,NVIDIA RTX PRO 6000 Blackwell Server Edition,I64,U64,64,1,1,2,1000000000,32,Yes,,,,,,,,
pfp_bloom_filter_add_unique_size_u64,0,NVIDIA RTX PRO 6000 Blackwell Server Edition,I64,U64,64,1,1,2,1000000000,64,Yes,,,,,,,,
pfp_bloom_filter_add_unique_size_u64,0,NVIDIA RTX PRO 6000 Blackwell Server Edition,I64,U64,64,1,1,2,1000000000,128,Yes,,,,,,,,
pfp_bloom_filter_add_unique_size_u64,0,NVIDIA RTX PRO 6000 Blackwell Server Edition,I64,U64,64,1,1,2,1000000000,256,Yes,,,,,,,,
pfp_bloom_filter_add_unique_size_u64,0,NVIDIA RTX PRO 6000 Blackwell Server Edition,I64,U64,64,1,1,2,1000000000,512,Yes,,,,,,,,
pfp_bloom_filter_add_unique_size_u64,0,NVIDIA RTX PRO 6000 Blackwell Server Edition,I64,U64,64,1,1,2,1000000000,1024,Yes,,,,,,,,
pfp_bloom_filter_add_unique_size_u64,0,NVIDIA RTX PRO 6000 Blackwell Server Edition,I64,U64,64,1,1,2,1000000000,2048,Yes,,,,,,,,
pfp_bloom_filter_add_unique_size_u64,0,NVIDIA RTX PRO 6000 Blackwell Server Edition,I64,U64,64,1,1,4,1000000000,1,Yes,,,,,,,,
pfp_bloom_filter_add_unique_size_u64,0,NVIDIA RTX PRO 6000 Blackwell Server Edition,I64,U64,64,1,1,4,1000000000,2,Yes,,,,,,,,
pfp_bloom_filter_add_unique_size_u64,0,NVIDIA RTX PRO 6000 Blackwell Server Edition,I64,U64,64,1,1,4,1000000000,4,Yes,,,,,,,,
pfp_bloom_filter_add_unique_size_u64,0,NVIDIA RTX PRO 6000 Blackwell Server Edition,I64,U64,64,1,1,4,1000000000,8,Yes,,,,,,,,
pfp_bloom_filter_add_unique_size_u64,0,NVIDIA RTX PRO 6000 Blackwell Server Edition,I64,U64,64,1,1,4,1000000000,16,Yes,,,,,,,,
pfp_bloom_filter_add_unique_size_u64,0,NVIDIA RTX PRO 6000 Blackwell Server Edition,I64,U64,64,1,1,4,1000000000,32,Yes,,,,,,,,
pfp_bloom_filter_add_unique_size_u64,0,NVIDIA RTX PRO 6000 Blackwell Server Edition,I64,U64,64,1,1,4,1000000000,64,Yes,,,,,,,,
pfp_bloom_filter_add_unique_size_u64,0,NVIDIA RTX PRO 6000 Blackwell Server Edition,I64,U64,64,1,1,4,1000000000,128,Yes,,,,,,,,
pfp_bloom_filter_add_unique_size_u64,0,NVIDIA RTX PRO 6000 Blackwell Server Edition,I64,U64,64,1,1,4,1000000000,256,Yes,,,,,,,,
pfp_bloom_filter_add_unique_size_u64,0,NVIDIA RTX PRO 6000 Blackwell Server Edition,I64,U64,64,1,1,4,1000000000,512,Yes,,,,,,,,
pfp_bloom_filter_add_unique_size_u64,0,NVIDIA RTX PRO 6000 Blackwell Server Edition,I64,U64,64,1,1,4,1000000000,1024,Yes,,,,,,,,
pfp_bloom_filter_add_unique_size_u64,0,NVIDIA RTX PRO 6000 Blackwell Server Edition,I64,U64,64,1,1,4,1000000000,2048,Yes,,,,,,,,
pfp_bloom_filter_add_unique_size_u64,0,NVIDIA RTX PRO 6000 Blackwell Server Edition,I64,U64,64,1,1,8,1000000000,1,Yes,,,,,,,,
pfp_bloom_filter_add_unique_size_u64,0,NVIDIA RTX PRO 6000 Blackwell Server Edition,I64,U64,64,1,1,8,1000000000,2,Yes,,,,,,,,
pfp_bloom_filter_add_unique_size_u64,0,NVIDIA RTX PRO 6000 Blackwell Server Edition,I64,U64,64,1,1,8,1000000000,4,Yes,,,,,,,,
pfp_bloom_filter_add_unique_size_u64,0,NVIDIA RTX PRO 6000 Blackwell Server Edition,I64,U64,64,1,1,8,1000000000,8,Yes,,,,,,,,
pfp_bloom_filter_add_unique_size_u64,0,NVIDIA RTX PRO 6000 Blackwell Server Edition,I64,U64,64,1,1,8,1000000000,16,Yes,,,,,,,,
pfp_bloom_filter_add_unique_size_u64,0,NVIDIA RTX PRO 6000 Blackwell Server Edition,I64,U64,64,1,1,8,1000000000,32,Yes,,,,,,,,
pfp_bloom_filter_add_unique_size_u64,0,NVIDIA RTX PRO 6000 Blackwell Server Edition,I64,U64,64,1,1,8,1000000000,64,Yes,,,,,,,,
pfp_bloom_filter_add_unique_size_u64,0,NVIDIA RTX PRO 6000 Blackwell Server Edition,I64,U64,64,1,1,8,1000000000,128,Yes,,,,,,,,
pfp_bloom_filter_add_unique_size_u64,0,NVIDIA RTX PRO 6000 Blackwell Server Edition,I64,U64,64,1,1,8,1000000000,256,Yes,,,,,,,,
pfp_bloom_filter_add_unique_size_u64,0,NVIDIA RTX PRO 6000 Blackwell Server Edition,I64,U64,64,1,1,8,1000000000,512,Yes,,,,,,,,
pfp_bloom_filter_add_unique_size_u64,0,NVIDIA RTX PRO 6000 Blackwell Server Edition,I64,U64,64,1,1,8,1000000000,1024,Yes,,,,,,,,
pfp_bloom_filter_add_unique_size_u64,0,NVIDIA RTX PRO 6000 Blackwell Server Edition,I64,U64,64,1,1,8,1000000000,2048,Yes,,,,,,,,
pfp_bloom_filter_add_unique_size_u64,0,NVIDIA RTX PRO 6000 Blackwell Server Edition,I64,U64,64,1,2,1,1000000000,1,Yes,,,,,,,,
pfp_bloom_filter_add_unique_size_u64,0,NVIDIA RTX PRO 6000 Blackwell Server Edition,I64,U64,64,1,2,1,1000000000,2,Yes,,,,,,,,
pfp_bloom_filter_add_unique_size_u64,0,NVIDIA RTX PRO 6000 Blackwell Server Edition,I64,U64,64,1,2,1,1000000000,4,Yes,,,,,,,,
pfp_bloom_filter_add_unique_size_u64,0,NVIDIA RTX PRO 6000 Blackwell Server Edition,I64,U64,64,1,2,1,1000000000,8,Yes,,,,,,,,
pfp_bloom_filter_add_unique_size_u64,0,NVIDIA RTX PRO 6000 Blackwell Server Edition,I64,U64,64,1,2,1,1000000000,16,Yes,,,,,,,,
pfp_bloom_filter_add_unique_size_u64,0,NVIDIA RTX PRO 6000 Blackwell Server Edition,I64,U64,64,1,2,1,1000000000,32,Yes,,,,,,,,
pfp_bloom_filter_add_unique_size_u64,0,NVIDIA RTX PRO 6000 Blackwell Server Edition,I64,U64,64,1,2,1,1000000000,64,Yes,,,,,,,,
pfp_bloom_filter_add_unique_size_u64,0,NVIDIA RTX PRO 6000 Blackwell Server Edition,I64,U64,64,1,2,1,1000000000,128,Yes,,,,,,,,
pfp_bloom_filter_add_unique_size_u64,0,NVIDIA RTX PRO 6000 Blackwell Server Edition,I64,U64,64,1,2,1,1000000000,256,Yes,,,,,,,,
pfp_bloom_filter_add_unique_size_u64,0,NVIDIA RTX PRO 6000 Blackwell Server Edition,I64,U64,64,1,2,1,1000000000,512,Yes,,,,,,,,
pfp_bloom_filter_add_unique_size_u64,0,NVIDIA RTX PRO 6000 Blackwell Server Edition,I64,U64,64,1,2,1,1000000000,1024,Yes,,,,,,,,
pfp_bloom_filter_add_unique_size_u64,0,NVIDIA RTX PRO 6000 Blackwell Server Edition,I64,U64,64,1,2,1,1000000000,2048,Yes,,,,,,,,
pfp_bloom_filter_add_unique_size_u64,0,NVIDIA RTX PRO 6000 Blackwell Server Edition,I64,U64,64,1,2,2,1000000000,1,Yes,,,,,,,,
pfp_bloom_filter_add_unique_size_u64,0,NVIDIA RTX PRO 6000 Blackwell Server Edition,I64,U64,64,1,2,2,1000000000,2,Yes,,,,,,,,
pfp_bloom_filter_add_unique_size_u64,0,NVIDIA RTX PRO 6000 Blackwell Server Edition,I64,U64,64,1,2,2,1000000000,4,Yes,,,,,,,,
pfp_bloom_filter_add_unique_size_u64,0,NVIDIA RTX PRO 6000 Blackwell Server Edition,I64,U64,64,1,2,2,1000000000,8,Yes,,,,,,,,
pfp_bloom_filter_add_unique_size_u64,0,NVIDIA RTX PRO 6000 Blackwell Server Edition,I64,U64,64,1,2,2,1000000000,16,Yes,,,,,,,,
pfp_bloom_filter_add_unique_size_u64,0,NVIDIA RTX PRO 6000 Blackwell Server Edition,I64,U64,64,1,2,2,1000000000,32,Yes,,,,,,,,
pfp_bloom_filter_add_unique_size_u64,0,NVIDIA RTX PRO 6000 Blackwell Server Edition,I64,U64,64,1,2,2,1000000000,64,Yes,,,,,,,,
pfp_bloom_filter_add_unique_size_u64,0,NVIDIA RTX PRO 6000 Blackwell Server Edition,I64,U64,64,1,2,2,1000000000,128,Yes,,,,,,,,
pfp_bloom_filter_add_unique_size_u64,0,NVIDIA RTX PRO 6000 Blackwell Server Edition,I64,U64,64,1,2,2,1000000000,256,Yes,,,,,,,,
pfp_bloom_filter_add_unique_size_u64,0,NVIDIA RTX PRO 6000 Blackwell Server Edition,I64,U64,64,1,2,2,1000000000,512,Yes,,,,,,,,
pfp_bloom_filter_add_unique_size_u64,0,NVIDIA RTX PRO 6000 Blackwell Server Edition,I64,U64,64,1,2,2,1000000000,1024,Yes,,,,,,,,
pfp_bloom_filter_add_unique_size_u64,0,NVIDIA RTX PRO 6000 Blackwell Server Edition,I64,U64,64,1,2,2,1000000000,2048,Yes,,,,,,,,
pfp_bloom_filter_add_unique_size_u64,0,NVIDIA RTX PRO 6000 Blackwell Server Edition,I64,U64,64,1,2,4,1000000000,1,Yes,,,,,,,,
pfp_bloom_filter_add_unique_size_u64,0,NVIDIA RTX PRO 6000 Blackwell Server Edition,I64,U64,64,1,2,4,1000000000,2,Yes,,,,,,,,
pfp_bloom_filter_add_unique_size_u64,0,NVIDIA RTX PRO 6000 Blackwell Server Edition,I64,U64,64,1,2,4,1000000000,4,Yes,,,,,,,,
pfp_bloom_filter_add_unique_size_u64,0,NVIDIA RTX PRO 6000 Blackwell Server Edition,I64,U64,64,1,2,4,1000000000,8,Yes,,,,,,,,
pfp_bloom_filter_add_unique_size_u64,0,NVIDIA RTX PRO 6000 Blackwell Server Edition,I64,U64,64,1,2,4,1000000000,16,Yes,,,,,,,,
pfp_bloom_filter_add_unique_size_u64,0,NVIDIA RTX PRO 6000 Blackwell Server Edition,I64,U64,64,1,2,4,1000000000,32,Yes,,,,,,,,
pfp_bloom_filter_add_unique_size_u64,0,NVIDIA RTX PRO 6000 Blackwell Server Edition,I64,U64,64,1,2,4,1000000000,64,Yes,,,,,,,,
pfp_bloom_filter_add_unique_size_u64,0,NVIDIA RTX PRO 6000 Blackwell Server Edition,I64,U64,64,1,2,4,1000000000,128,Yes,,,,,,,,
pfp_bloom_filter_add_unique_size_u64,0,NVIDIA RTX PRO 6000 Blackwell Server Edition,I64,U64,64,1,2,4,1000000000,256,Yes,,,,,,,,
pfp_bloom_filter_add_unique_size_u64,0,NVIDIA RTX PRO 6000 Blackwell Server Edition,I64,U64,64,1,2,4,1000000000,512,Yes,,,,,,,,
pfp_bloom_filter_add_unique_size_u64,0,NVIDIA RTX PRO 6000 Blackwell Server Edition,I64,U64,64,1,2,4,1000000000,1024,Yes,,,,,,,,
pfp_bloom_filter_add_unique_size_u64,0,NVIDIA RTX PRO 6000 Blackwell Server Edition,I64,U64,64,1,2,4,1000000000,2048,Yes,,,,,,,,
pfp_bloom_filter_add_unique_size_u64,0,NVIDIA RTX PRO 6000 Blackwell Server Edition,I64,U64,64,1,2,8,1000000000,1,Yes,,,,,,,,
pfp_bloom_filter_add_unique_size_u64,0,NVIDIA RTX PRO 6000 Blackwell Server Edition,I64,U64,64,1,2,8,1000000000,2,Yes,,,,,,,,
pfp_bloom_filter_add_unique_size_u64,0,NVIDIA RTX PRO 6000 Blackwell Server Edition,I64,U64,64,1,2,8,1000000000,4,Yes,,,,,,,,
pfp_bloom_filter_add_unique_size_u64,0,NVIDIA RTX PRO 6000 Blackwell Server Edition,I64,U64,64,1,2,8,1000000000,8,Yes,,,,,,,,
pfp_bloom_filter_add_unique_size_u64,0,NVIDIA RTX PRO 6000 Blackwell Server Edition,I64,U64,64,1,2,8,1000000000,16,Yes,,,,,,,,
pfp_bloom_filter_add_unique_size_u64,0,NVIDIA RTX PRO 6000 Blackwell Server Edition,I64,U64,64,1,2,8,1000000000,32,Yes,,,,,,,,
pfp_bloom_filter_add_unique_size_u64,0,NVIDIA RTX PRO 6000 Blackwell Server Edition,I64,U64,64,1,2,8,1000000000,64,Yes,,,,,,,,
pfp_bloom_filter_add_unique_size_u64,0,NVIDIA RTX PRO 6000 Blackwell Server Edition,I64,U64,64,1,2,8,1000000000,128,Yes,,,,,,,,
pfp_bloom_filter_add_unique_size_u64,0,NVIDIA RTX PRO 6000 Blackwell Server Edition,I64,U64,64,1,2,8,1000000000,256,Yes,,,,,,,,
pfp_bloom_filter_add_unique_size_u64,0,NVIDIA RTX PRO 6000 Blackwell Server Edition,I64,U64,64,1,2,8,1000000000,512,Yes,,,,,,,,
pfp_bloom_filter_add_unique_size_u64,0,NVIDIA RTX PRO 6000 Blackwell Server Edition,I64,U64,64,1,2,8,1000000000,1024,Yes,,,,,,,,
pfp_bloom_filter_add_unique_size_u64,0,NVIDIA RTX PRO 6000 Blackwell Server Edition,I64,U64,64,1,2,8,1000000000,2048,Yes,,,,,,,,
pfp_bloom_filter_add_unique_size_u64,0,NVIDIA RTX PRO 6000 Blackwell Server Edition,I64,U64,64,1,4,1,1000000000,1,Yes,,,,,,,,
pfp_bloom_filter_add_unique_size_u64,0,NVIDIA RTX PRO 6000 Blackwell Server Edition,I64,U64,64,1,4,1,1000000000,2,Yes,,,,,,,,
pfp_bloom_filter_add_unique_size_u64,0,NVIDIA RTX PRO 6000 Blackwell Server Edition,I64,U64,64,1,4,1,1000000000,4,Yes,,,,,,,,
pfp_bloom_filter_add_unique_size_u64,0,NVIDIA RTX PRO 6000 Blackwell Server Edition,I64,U64,64,1,4,1,1000000000,8,Yes,,,,,,,,
pfp_bloom_filter_add_unique_size_u64,0,NVIDIA RTX PRO 6000 Blackwell Server Edition,I64,U64,64,1,4,1,1000000000,16,Yes,,,,,,,,
pfp_bloom_filter_add_unique_size_u64,0,NVIDIA RTX PRO 6000 Blackwell Server Edition,I64,U64,64,1,4,1,1000000000,32,Yes,,,,,,,,
pfp_bloom_filter_add_unique_size_u64,0,NVIDIA RTX PRO 6000 Blackwell Server Edition,I64,U64,64,1,4,1,1000000000,64,Yes,,,,,,,,
pfp_bloom_filter_add_unique_size_u64,0,NVIDIA RTX PRO 6000 Blackwell Server Edition,I64,U64,64,1,4,1,1000000000,128,Yes,,,,,,,,
pfp_bloom_filter_add_unique_size_u64,0,NVIDIA RTX PRO 6000 Blackwell Server Edition,I64,U64,64,1,4,1,1000000000,256,Yes,,,,,,,,
pfp_bloom_filter_add_unique_size_u64,0,NVIDIA RTX PRO 6000 Blackwell Server Edition,I64,U64,64,1,4,1,1000000000,512,Yes,,,,,,,,
pfp_bloom_filter_add_unique_size_u64,0,NVIDIA RTX PRO 6000 Blackwell Server Edition,I64,U64,64,1,4,1,1000000000,1024,Yes,,,,,,,,
pfp_bloom_filter_add_unique_size_u64,0,NVIDIA RTX PRO 6000 Blackwell Server Edition,I64,U64,64,1,4,1,1000000000,2048,Yes,,,,,,,,
pfp_bloom_filter_add_unique_size_u64,0,NVIDIA RTX PRO 6000 Blackwell Server Edition,I64,U64,64,1,4,2,1000000000,1,Yes,,,,,,,,
pfp_bloom_filter_add_unique_size_u64,0,NVIDIA RTX PRO 6000 Blackwell Server Edition,I64,U64,64,1,4,2,1000000000,2,Yes,,,,,,,,
pfp_bloom_filter_add_unique_size_u64,0,NVIDIA RTX PRO 6000 Blackwell Server Edition,I64,U64,64,1,4,2,1000000000,4,Yes,,,,,,,,
pfp_bloom_filter_add_unique_size_u64,0,NVIDIA RTX PRO 6000 Blackwell Server Edition,I64,U64,64,1,4,2,1000000000,8,Yes,,,,,,,,
pfp_bloom_filter_add_unique_size_u64,0,NVIDIA RTX PRO 6000 Blackwell Server Edition,I64,U64,64,1,4,2,1000000000,16,Yes,,,,,,,,
pfp_bloom_filter_add_unique_size_u64,0,NVIDIA RTX PRO 6000 Blackwell Server Edition,I64,U64,64,1,4,2,1000000000,32,Yes,,,,,,,,
pfp_bloom_filter_add_unique_size_u64,0,NVIDIA RTX PRO 6000 Blackwell Server Edition,I64,U64,64,1,4,2,1000000000,64,Yes,,,,,,,,
pfp_bloom_filter_add_unique_size_u64,0,NVIDIA RTX PRO 6000 Blackwell Server Edition,I64,U64,64,1,4,2,1000000000,128,Yes,,,,,,,,
pfp_bloom_filter_add_unique_size_u64,0,NVIDIA RTX PRO 6000 Blackwell Server Edition,I64,U64,64,1,4,2,1000000000,256,Yes,,,,,,,,
pfp_bloom_filter_add_unique_size_u64,0,NVIDIA RTX PRO 6000 Blackwell Server Edition,I64,U64,64,1,4,2,1000000000,512,Yes,,,,,,,,
pfp_bloom_filter_add_unique_size_u64,0,NVIDIA RTX PRO 6000 Blackwell Server Edition,I64,U64,64,1,4,2,1000000000,1024,Yes,,,,,,,,
pfp_bloom_filter_add_unique_size_u64,0,NVIDIA RTX PRO 6000 Blackwell Server Edition,I64,U64,64,1,4,2,1000000000,2048,Yes,,,,,,,,
pfp_bloom_filter_add_unique_size_u64,0,NVIDIA RTX PRO 6000 Blackwell Server Edition,I64,U64,64,1,4,4,1000000000,1,Yes,,,,,,,,
pfp_bloom_filter_add_unique_size_u64,0,NVIDIA RTX PRO 6000 Blackwell Server Edition,I64,U64,64,1,4,4,1000000000,2,Yes,,,,,,,,
pfp_bloom_filter_add_unique_size_u64,0,NVIDIA RTX PRO 6000 Blackwell Server Edition,I64,U64,64,1,4,4,1000000000,4,Yes,,,,,,,,
pfp_bloom_filter_add_unique_size_u64,0,NVIDIA RTX PRO 6000 Blackwell Server Edition,I64,U64,64,1,4,4,1000000000,8,Yes,,,,,,,,
pfp_bloom_filter_add_unique_size_u64,0,NVIDIA RTX PRO 6000 Blackwell Server Edition,I64,U64,64,1,4,4,1000000000,16,Yes,,,,,,,,
pfp_bloom_filter_add_unique_size_u64,0,NVIDIA RTX PRO 6000 Blackwell Server Edition,I64,U64,64,1,4,4,1000000000,32,Yes,,,,,,,,
pfp_bloom_filter_add_unique_size_u64,0,NVIDIA RTX PRO 6000 Blackwell Server Edition,I64,U64,64,1,4,4,1000000000,64,Yes,,,,,,,,
pfp_bloom_filter_add_unique_size_u64,0,NVIDIA RTX PRO 6000 Blackwell Server Edition,I64,U64,64,1,4,4,1000000000,128,Yes,,,,,,,,
pfp_bloom_filter_add_unique_size_u64,0,NVIDIA RTX PRO 6000 Blackwell Server Edition,I64,U64,64,1,4,4,1000000000,256,Yes,,,,,,,,
pfp_bloom_filter_add_unique_size_u64,0,NVIDIA RTX PRO 6000 Blackwell Server Edition,I64,U64,64,1,4,4,1000000000,512,Yes,,,,,,,,
pfp_bloom_filter_add_unique_size_u64,0,NVIDIA RTX PRO 6000 Blackwell Server Edition,I64,U64,64,1,4,4,1000000000,1024,Yes,,,,,,,,
pfp_bloom_filter_add_unique_size_u64,0,NVIDIA RTX PRO 6000 Blackwell Server Edition,I64,U64,64,1,4,4,1000000000,2048,Yes,,,,,,,,
pfp_bloom_filter_add_unique_size_u64,0,NVIDIA RTX PRO 6000 Blackwell Server Edition,I64,U64,64,1,4,8,1000000000,1,Yes,,,,,,,,
pfp_bloom_filter_add_unique_size_u64,0,NVIDIA RTX PRO 6000 Blackwell Server Edition,I64,U64,64,1,4,8,1000000000,2,Yes,,,,,,,,
pfp_bloom_filter_add_unique_size_u64,0,NVIDIA RTX PRO 6000 Blackwell Server Edition,I64,U64,64,1,4,8,1000000000,4,Yes,,,,,,,,
pfp_bloom_filter_add_unique_size_u64,0,NVIDIA RTX PRO 6000 Blackwell Server Edition,I64,U64,64,1,4,8,1000000000,8,Yes,,,,,,,,
pfp_bloom_filter_add_unique_size_u64,0,NVIDIA RTX PRO 6000 Blackwell Server Edition,I64,U64,64,1,4,8,1000000000,16,Yes,,,,,,,,
pfp_bloom_filter_add_unique_size_u64,0,NVIDIA RTX PRO 6000 Blackwell Server Edition,I64,U64,64,1,4,8,1000000000,32,Yes,,,,,,,,
pfp_bloom_filter_add_unique_size_u64,0,NVIDIA RTX PRO 6000 Blackwell Server Edition,I64,U64,64,1,4,8,1000000000,64,Yes,,,,,,,,
pfp_bloom_filter_add_unique_size_u64,0,NVIDIA RTX PRO 6000 Blackwell Server Edition,I64,U64,64,1,4,8,1000000000,128,Yes,,,,,,,,
pfp_bloom_filter_add_unique_size_u64,0,NVIDIA RTX PRO 6000 Blackwell Server Edition,I64,U64,64,1,4,8,1000000000,256,Yes,,,,,,,,
pfp_bloom_filter_add_unique_size_u64,0,NVIDIA RTX PRO 6000 Blackwell Server Edition,I64,U64,64,1,4,8,1000000000,512,Yes,,,,,,,,
pfp_bloom_filter_add_unique_size_u64,0,NVIDIA RTX PRO 6000 Blackwell Server Edition,I64,U64,64,1,4,8,1000000000,1024,Yes,,,,,,,,
pfp_bloom_filter_add_unique_size_u64,0,NVIDIA RTX PRO 6000 Blackwell Server Edition,I64,U64,64,1,4,8,1000000000,2048,Yes,,,,,,,,
pfp_bloom_filter_add_unique_size_u64,0,NVIDIA RTX PRO 6000 Blackwell Server Edition,I64,U64,64,1,8,1,1000000000,1,Yes,,,,,,,,
pfp_bloom_filter_add_unique_size_u64,0,NVIDIA RTX PRO 6000 Blackwell Server Edition,I64,U64,64,1,8,1,1000000000,2,Yes,,,,,,,,
pfp_bloom_filter_add_unique_size_u64,0,NVIDIA RTX PRO 6000 Blackwell Server Edition,I64,U64,64,1,8,1,1000000000,4,Yes,,,,,,,,
pfp_bloom_filter_add_unique_size_u64,0,NVIDIA RTX PRO 6000 Blackwell Server Edition,I64,U64,64,1,8,1,1000000000,8,Yes,,,,,,,,
pfp_bloom_filter_add_unique_size_u64,0,NVIDIA RTX PRO 6000 Blackwell Server Edition,I64,U64,64,1,8,1,1000000000,16,Yes,,,,,,,,
pfp_bloom_filter_add_unique_size_u64,0,NVIDIA RTX PRO 6000 Blackwell Server Edition,I64,U64,64,1,8,1,1000000000,32,Yes,,,,,,,,
pfp_bloom_filter_add_unique_size_u64,0,NVIDIA RTX PRO 6000 Blackwell Server Edition,I64,U64,64,1,8,1,1000000000,64,Yes,,,,,,,,
pfp_bloom_filter_add_unique_size_u64,0,NVIDIA RTX PRO 6000 Blackwell Server Edition,I64,U64,64,1,8,1,1000000000,128,Yes,,,,,,,,
pfp_bloom_filter_add_unique_size_u64,0,NVIDIA RTX PRO 6000 Blackwell Server Edition,I64,U64,64,1,8,1,1000000000,256,Yes,,,,,,,,
pfp_bloom_filter_add_unique_size_u64,0,NVIDIA RTX PRO 6000 Blackwell Server Edition,I64,U64,64,1,8,1,1000000000,512,Yes,,,,,,,,
pfp_bloom_filter_add_unique_size_u64,0,NVIDIA RTX PRO 6000 Blackwell Server Edition,I64,U64,64,1,8,1,1000000000,1024,Yes,,,,,,,,
pfp_bloom_filter_add_unique_size_u64,0,NVIDIA RTX PRO 6000 Blackwell Server Edition,I64,U64,64,1,8,1,1000000000,2048,Yes,,,,,,,,
pfp_bloom_filter_add_unique_size_u64,0,NVIDIA RTX PRO 6000 Blackwell Server Edition,I64,U64,64,1,8,2,1000000000,1,Yes,,,,,,,,
pfp_bloom_filter_add_unique_size_u64,0,NVIDIA RTX PRO 6000 Blackwell Server Edition,I64,U64,64,1,8,2,1000000000,2,Yes,,,,,,,,
pfp_bloom_filter_add_unique_size_u64,0,NVIDIA RTX PRO 6000 Blackwell Server Edition,I64,U64,64,1,8,2,1000000000,4,Yes,,,,,,,,
pfp_bloom_filter_add_unique_size_u64,0,NVIDIA RTX PRO 6000 Blackwell Server Edition,I64,U64,64,1,8,2,1000000000,8,Yes,,,,,,,,
pfp_bloom_filter_add_unique_size_u64,0,NVIDIA RTX PRO 6000 Blackwell Server Edition,I64,U64,64,1,8,2,1000000000,16,Yes,,,,,,,,
pfp_bloom_filter_add_unique_size_u64,0,NVIDIA RTX PRO 6000 Blackwell Server Edition,I64,U64,64,1,8,2,1000000000,32,Yes,,,,,,,,
pfp_bloom_filter_add_unique_size_u64,0,NVIDIA RTX PRO 6000 Blackwell Server Edition,I64,U64,64,1,8,2,1000000000,64,Yes,,,,,,,,
pfp_bloom_filter_add_unique_size_u64,0,NVIDIA RTX PRO 6000 Blackwell Server Edition,I64,U64,64,1,8,2,1000000000,128,Yes,,,,,,,,
pfp_bloom_filter_add_unique_size_u64,0,NVIDIA RTX PRO 6000 Blackwell Server Edition,I64,U64,64,1,8,2,1000000000,256,Yes,,,,,,,,
pfp_bloom_filter_add_unique_size_u64,0,NVIDIA RTX PRO 6000 Blackwell Server Edition,I64,U64,64,1,8,2,1000000000,512,Yes,,,,,,,,
pfp_bloom_filter_add_unique_size_u64,0,NVIDIA RTX PRO 6000 Blackwell Server Edition,I64,U64,64,1,8,2,1000000000,1024,Yes,,,,,,,,
pfp_bloom_filter_add_unique_size_u64,0,NVIDIA RTX PRO 6000 Blackwell Server Edition,I64,U64,64,1,8,2,1000000000,2048,Yes,,,,,,,,
pfp_bloom_filter_add_unique_size_u64,0,NVIDIA RTX PRO 6000 Blackwell Server Edition,I64,U64,64,1,8,4,1000000000,1,Yes,,,,,,,,
pfp_bloom_filter_add_unique_size_u64,0,NVIDIA RTX PRO 6000 Blackwell Server Edition,I64,U64,64,1,8,4,1000000000,2,Yes,,,,,,,,
pfp_bloom_filter_add_unique_size_u64,0,NVIDIA RTX PRO 6000 Blackwell Server Edition,I64,U64,64,1,8,4,1000000000,4,Yes,,,,,,,,
pfp_bloom_filter_add_unique_size_u64,0,NVIDIA RTX PRO 6000 Blackwell Server Edition,I64,U64,64,1,8,4,1000000000,8,Yes,,,,,,,,
pfp_bloom_filter_add_unique_size_u64,0,NVIDIA RTX PRO 6000 Blackwell Server Edition,I64,U64,64,1,8,4,1000000000,16,Yes,,,,,,,,
pfp_bloom_filter_add_unique_size_u64,0,NVIDIA RTX PRO 6000 Blackwell Server Edition,I64,U64,64,1,8,4,1000000000,32,Yes,,,,,,,,
pfp_bloom_filter_add_unique_size_u64,0,NVIDIA RTX PRO 6000 Blackwell Server Edition,I64,U64,64,1,8,4,1000000000,64,Yes,,,,,,,,
pfp_bloom_filter_add_unique_size_u64,0,NVIDIA RTX PRO 6000 Blackwell Server Edition,I64,U64,64,1,8,4,1000000000,128,Yes,,,,,,,,
pfp_bloom_filter_add_unique_size_u64,0,NVIDIA RTX PRO 6000 Blackwell Server Edition,I64,U64,64,1,8,4,1000000000,256,Yes,,,,,,,,
pfp_bloom_filter_add_unique_size_u64,0,NVIDIA RTX PRO 6000 Blackwell Server Edition,I64,U64,64,1,8,4,1000000000,512,Yes,,,,,,,,
pfp_bloom_filter_add_unique_size_u64,0,NVIDIA RTX PRO 6000 Blackwell Server Edition,I64,U64,64,1,8,4,1000000000,1024,Yes,,,,,,,,
pfp_bloom_filter_add_unique_size_u64,0,NVIDIA RTX PRO 6000 Blackwell Server Edition,I64,U64,64,1,8,4,1000000000,2048,Yes,,,,,,,,
pfp_bloom_filter_add_unique_size_u64,0,NVIDIA RTX PRO 6000 Blackwell Server Edition,I64,U64,64,1,8,8,1000000000,1,Yes,,,,,,,,
pfp_bloom_filter_add_unique_size_u64,0,NVIDIA RTX PRO 6000 Blackwell Server Edition,I64,U64,64,1,8,8,1000000000,2,Yes,,,,,,,,
pfp_bloom_filter_add_unique_size_u64,0,NVIDIA RTX PRO 6000 Blackwell Server Edition,I64,U64,64,1,8,8,1000000000,4,Yes,,,,,,,,
pfp_bloom_filter_add_unique_size_u64,0,NVIDIA RTX PRO 6000 Blackwell Server Edition,I64,U64,64,1,8,8,1000000000,8,Yes,,,,,,,,
pfp_bloom_filter_add_unique_size_u64,0,NVIDIA RTX PRO 6000 Blackwell Server Edition,I64,U64,64,1,8,8,1000000000,16,Yes,,,,,,,,
pfp_bloom_filter_add_unique_size_u64,0,NVIDIA RTX PRO 6000 Blackwell Server Edition,I64,U64,64,1,8,8,1000000000,32,Yes,,,,,,,,
pfp_bloom_filter_add_unique_size_u64,0,NVIDIA RTX PRO 6000 Blackwell Server Edition,I64,U64,64,1,8,8,1000000000,64,Yes,,,,,,,,
pfp_bloom_filter_add_unique_size_u64,0,NVIDIA RTX PRO 6000 Blackwell Server Edition,I64,U64,64,1,8,8,1000000000,128,Yes,,,,,,,,
pfp_bloom_filter_add_unique_size_u64,0,NVIDIA RTX PRO 6000 Blackwell Server Edition,I64,U64,64,1,8,8,1000000000,256,Yes,,,,,,,,
pfp_bloom_filter_add_unique_size_u64,0,NVIDIA RTX PRO 6000 Blackwell Server Edition,I64,U64,64,1,8,8,1000000000,512,Yes,,,,,,,,
pfp_bloom_filter_add_unique_size_u64,0,NVIDIA RTX PRO 6000 Blackwell Server Edition,I64,U64,64,1,8,8,1000000000,1024,Yes,,,,,,,,
pfp_bloom_filter_add_unique_size_u64,0,NVIDIA RTX PRO 6000 Blackwell Server Edition,I64,U64,64,1,8,8,1000000000,2048,Yes,,,,,,,,
pfp_bloom_filter_add_unique_size_u64,0,NVIDIA RTX PRO 6000 Blackwell Server Edition,I64,U64,64,20,1,1,1000000000,1,No,45,0.011363864177777778,0.00011663157731514681,0.011353730138142903,8.70010038169224e-05,88076780743.66907,46,0.011346231211786684
pfp_bloom_filter_add_unique_size_u64,0,NVIDIA RTX PRO 6000 Blackwell Server Edition,I64,U64,64,20,1,1,1000000000,2,No,44,0.011427407818181823,9.544538341338532e-05,0.011417969573627817,8.109361318987208e-05,87581245820.59744,46,0.011399857230808424
pfp_bloom_filter_add_unique_size_u64,0,NVIDIA RTX PRO 6000 Blackwell Server Edition,I64,U64,64,20,1,1,1000000000,4,No,44,0.011460711113636363,0.00011289775334934366,0.01145055346055464,7.804532024481193e-05,87332023158.95412,46,0.011426370371942935
pfp_bloom_filter_add_unique_size_u64,0,NVIDIA RTX PRO 6000 Blackwell Server Edition,I64,U64,64,20,1,1,1000000000,8,No,44,0.011489587954545459,0.00013154758157697552,0.011479477774013173,7.322386142292929e-05,87111976667.07138,45,0.011439910210503472
pfp_bloom_filter_add_unique_size_u64,0,NVIDIA RTX PRO 6000 Blackwell Server Edition,I64,U64,64,20,1,1,1000000000,16,No,44,0.011512835931818184,0.00010359483475309373,0.01150263851339167,7.362647714553465e-05,86936575363.6241,45,0.011446930609809029
pfp_bloom_filter_add_unique_size_u64,0,NVIDIA RTX PRO 6000 Blackwell Server Edition,I64,U64,64,20,1,1,1000000000,32,No,44,0.011557947840909093,0.00011146642762220862,0.011548546162518585,7.803929938036772e-05,86590986079.75024,45,0.011452425130208334
pfp_bloom_filter_add_unique_size_u64,0,NVIDIA RTX PRO 6000 Blackwell Server Edition,I64,U64,64,20,1,1,1000000000,64,No,25,0.02062862924,0.0001766167129252114,0.020618099212646488,0.0001541309511231619,48501076150.93014,26,0.020313124803396372
pfp_bloom_filter_add_unique_size_u64,0,NVIDIA RTX PRO 6000 Blackwell Server Edition,I64,U64,64,20,1,1,1000000000,128,No,11,0.08403434736363637,0.0001651864310810043,0.08402349922873756,0.00016664653345431436,11901432446.626574,12,0.08391150538126628
pfp_bloom_filter_add_unique_size_u64,0,NVIDIA RTX PRO 6000 Blackwell Server Edition,I64,U64,64,20,1,1,1000000000,256,No,11,0.13822580345454544,0.0001204048537393289,0.13821446089311082,0.00012239437172727392,7235132948.739405,12,0.13817924372355142
pfp_bloom_filter_add_unique_size_u64,0,NVIDIA RTX PRO 6000 Blackwell Server Edition,I64,U64,64,20,1,1,1000000000,512,No,11,0.15731288645454547,7.558985961572932e-05,0.1573011738170277,7.38261315695511e-05,6357231645.093743,12,0.15729339981079102
pfp_bloom_filter_add_unique_size_u64,0,NVIDIA RTX PRO 6000 Blackwell Server Edition,I64,U64,64,20,1,1,1000000000,1024,No,11,0.16533791863636368,0.00012110120759394513,0.16532653669877487,0.0001200930057673702,6048635748.186034,12,0.16531562932332358
pfp_bloom_filter_add_unique_size_u64,0,NVIDIA RTX PRO 6000 Blackwell Server Edition,I64,U64,64,20,1,1,1000000000,2048,No,11,0.16884616036363634,9.455735608524966e-05,0.16883465298739345,9.565613907103558e-05,5922954691.503219,12,0.16881518936157228
pfp_bloom_filter_add_unique_size_u64,0,NVIDIA RTX PRO 6000 Blackwell Server Edition,I64,U64,64,20,1,2,1000000000,1,Yes,,,,,,,,
pfp_bloom_filter_add_unique_size_u64,0,NVIDIA RTX PRO 6000 Blackwell Server Edition,I64,U64,64,20,1,2,1000000000,2,Yes,,,,,,,,
pfp_bloom_filter_add_unique_size_u64,0,NVIDIA RTX PRO 6000 Blackwell Server Edition,I64,U64,64,20,1,2,1000000000,4,Yes,,,,,,,,
pfp_bloom_filter_add_unique_size_u64,0,NVIDIA RTX PRO 6000 Blackwell Server Edition,I64,U64,64,20,1,2,1000000000,8,Yes,,,,,,,,
pfp_bloom_filter_add_unique_size_u64,0,NVIDIA RTX PRO 6000 Blackwell Server Edition,I64,U64,64,20,1,2,1000000000,16,Yes,,,,,,,,
pfp_bloom_filter_add_unique_size_u64,0,NVIDIA RTX PRO 6000 Blackwell Server Edition,I64,U64,64,20,1,2,1000000000,32,Yes,,,,,,,,
pfp_bloom_filter_add_unique_size_u64,0,NVIDIA RTX PRO 6000 Blackwell Server Edition,I64,U64,64,20,1,2,1000000000,64,Yes,,,,,,,,
pfp_bloom_filter_add_unique_size_u64,0,NVIDIA RTX PRO 6000 Blackwell Server Edition,I64,U64,64,20,1,2,1000000000,128,Yes,,,,,,,,
pfp_bloom_filter_add_unique_size_u64,0,NVIDIA RTX PRO 6000 Blackwell Server Edition,I64,U64,64,20,1,2,1000000000,256,Yes,,,,,,,,
pfp_bloom_filter_add_unique_size_u64,0,NVIDIA RTX PRO 6000 Blackwell Server Edition,I64,U64,64,20,1,2,1000000000,512,Yes,,,,,,,,
pfp_bloom_filter_add_unique_size_u64,0,NVIDIA RTX PRO 6000 Blackwell Server Edition,I64,U64,64,20,1,2,1000000000,1024,Yes,,,,,,,,
pfp_bloom_filter_add_unique_size_u64,0,NVIDIA RTX PRO 6000 Blackwell Server Edition,I64,U64,64,20,1,2,1000000000,2048,Yes,,,,,,,,
pfp_bloom_filter_add_unique_size_u64,0,NVIDIA RTX PRO 6000 Blackwell Server Edition,I64,U64,64,20,1,4,1000000000,1,Yes,,,,,,,,
pfp_bloom_filter_add_unique_size_u64,0,NVIDIA RTX PRO 6000 Blackwell Server Edition,I64,U64,64,20,1,4,1000000000,2,Yes,,,,,,,,
pfp_bloom_filter_add_unique_size_u64,0,NVIDIA RTX PRO 6000 Blackwell Server Edition,I64,U64,64,20,1,4,1000000000,4,Yes,,,,,,,,
pfp_bloom_filter_add_unique_size_u64,0,NVIDIA RTX PRO 6000 Blackwell Server Edition,I64,U64,64,20,1,4,1000000000,8,Yes,,,,,,,,
pfp_bloom_filter_add_unique_size_u64,0,NVIDIA RTX PRO 6000 Blackwell Server Edition,I64,U64,64,20,1,4,1000000000,16,Yes,,,,,,,,
pfp_bloom_filter_add_unique_size_u64,0,NVIDIA RTX PRO 6000 Blackwell Server Edition,I64,U64,64,20,1,4,1000000000,32,Yes,,,,,,,,
pfp_bloom_filter_add_unique_size_u64,0,NVIDIA RTX PRO 6000 Blackwell Server Edition,I64,U64,64,20,1,4,1000000000,64,Yes,,,,,,,,
pfp_bloom_filter_add_unique_size_u64,0,NVIDIA RTX PRO 6000 Blackwell Server Edition,I64,U64,64,20,1,4,1000000000,128,Yes,,,,,,,,
pfp_bloom_filter_add_unique_size_u64,0,NVIDIA RTX PRO 6000 Blackwell Server Edition,I64,U64,64,20,1,4,1000000000,256,Yes,,,,,,,,
pfp_bloom_filter_add_unique_size_u64,0,NVIDIA RTX PRO 6000 Blackwell Server Edition,I64,U64,64,20,1,4,1000000000,512,Yes,,,,,,,,
pfp_bloom_filter_add_unique_size_u64,0,NVIDIA RTX PRO 6000 Blackwell Server Edition,I64,U64,64,20,1,4,1000000000,1024,Yes,,,,,,,,
pfp_bloom_filter_add_unique_size_u64,0,NVIDIA RTX PRO 6000 Blackwell Server Edition,I64,U64,64,20,1,4,1000000000,2048,Yes,,,,,,,,
pfp_bloom_filter_add_unique_size_u64,0,NVIDIA RTX PRO 6000 Blackwell Server Edition,I64,U64,64,20,1,8,1000000000,1,Yes,,,,,,,,
pfp_bloom_filter_add_unique_size_u64,0,NVIDIA RTX PRO 6000 Blackwell Server Edition,I64,U64,64,20,1,8,1000000000,2,Yes,,,,,,,,
pfp_bloom_filter_add_unique_size_u64,0,NVIDIA RTX PRO 6000 Blackwell Server Edition,I64,U64,64,20,1,8,1000000000,4,Yes,,,,,,,,
pfp_bloom_filter_add_unique_size_u64,0,NVIDIA RTX PRO 6000 Blackwell Server Edition,I64,U64,64,20,1,8,1000000000,8,Yes,,,,,,,,
pfp_bloom_filter_add_unique_size_u64,0,NVIDIA RTX PRO 6000 Blackwell Server Edition,I64,U64,64,20,1,8,1000000000,16,Yes,,,,,,,,
pfp_bloom_filter_add_unique_size_u64,0,NVIDIA RTX PRO 6000 Blackwell Server Edition,I64,U64,64,20,1,8,1000000000,32,Yes,,,,,,,,
pfp_bloom_filter_add_unique_size_u64,0,NVIDIA RTX PRO 6000 Blackwell Server Edition,I64,U64,64,20,1,8,1000000000,64,Yes,,,,,,,,
pfp_bloom_filter_add_unique_size_u64,0,NVIDIA RTX PRO 6000 Blackwell Server Edition,I64,U64,64,20,1,8,1000000000,128,Yes,,,,,,,,
pfp_bloom_filter_add_unique_size_u64,0,NVIDIA RTX PRO 6000 Blackwell Server Edition,I64,U64,64,20,1,8,1000000000,256,Yes,,,,,,,,
pfp_bloom_filter_add_unique_size_u64,0,NVIDIA RTX PRO 6000 Blackwell Server Edition,I64,U64,64,20,1,8,1000000000,512,Yes,,,,,,,,
pfp_bloom_filter_add_unique_size_u64,0,NVIDIA RTX PRO 6000 Blackwell Server Edition,I64,U64,64,20,1,8,1000000000,1024,Yes,,,,,,,,
pfp_bloom_filter_add_unique_size_u64,0,NVIDIA RTX PRO 6000 Blackwell Server Edition,I64,U64,64,20,1,8,1000000000,2048,Yes,,,,,,,,
pfp_bloom_filter_add_unique_size_u64,0,NVIDIA RTX PRO 6000 Blackwell Server Edition,I64,U64,64,20,2,1,1000000000,1,Yes,,,,,,,,
pfp_bloom_filter_add_unique_size_u64,0,NVIDIA RTX PRO 6000 Blackwell Server Edition,I64,U64,64,20,2,1,1000000000,2,Yes,,,,,,,,
pfp_bloom_filter_add_unique_size_u64,0,NVIDIA RTX PRO 6000 Blackwell Server Edition,I64,U64,64,20,2,1,1000000000,4,Yes,,,,,,,,
pfp_bloom_filter_add_unique_size_u64,0,NVIDIA RTX PRO 6000 Blackwell Server Edition,I64,U64,64,20,2,1,1000000000,8,Yes,,,,,,,,
pfp_bloom_filter_add_unique_size_u64,0,NVIDIA RTX PRO 6000 Blackwell Server Edition,I64,U64,64,20,2,1,1000000000,16,Yes,,,,,,,,
pfp_bloom_filter_add_unique_size_u64,0,NVIDIA RTX PRO 6000 Blackwell Server Edition,I64,U64,64,20,2,1,1000000000,32,Yes,,,,,,,,
pfp_bloom_filter_add_unique_size_u64,0,NVIDIA RTX PRO 6000 Blackwell Server Edition,I64,U64,64,20,2,1,1000000000,64,Yes,,,,,,,,
pfp_bloom_filter_add_unique_size_u64,0,NVIDIA RTX PRO 6000 Blackwell Server Edition,I64,U64,64,20,2,1,1000000000,128,Yes,,,,,,,,
pfp_bloom_filter_add_unique_size_u64,0,NVIDIA RTX PRO 6000 Blackwell Server Edition,I64,U64,64,20,2,1,1000000000,256,Yes,,,,,,,,
pfp_bloom_filter_add_unique_size_u64,0,NVIDIA RTX PRO 6000 Blackwell Server Edition,I64,U64,64,20,2,1,1000000000,512,Yes,,,,,,,,
pfp_bloom_filter_add_unique_size_u64,0,NVIDIA RTX PRO 6000 Blackwell Server Edition,I64,U64,64,20,2,1,1000000000,1024,Yes,,,,,,,,
pfp_bloom_filter_add_unique_size_u64,0,NVIDIA RTX PRO 6000 Blackwell Server Edition,I64,U64,64,20,2,1,1000000000,2048,Yes,,,,,,,,
pfp_bloom_filter_add_unique_size_u64,0,NVIDIA RTX PRO 6000 Blackwell Server Edition,I64,U64,64,20,2,2,1000000000,1,Yes,,,,,,,,
pfp_bloom_filter_add_unique_size_u64,0,NVIDIA RTX PRO 6000 Blackwell Server Edition,I64,U64,64,20,2,2,1000000000,2,Yes,,,,,,,,
pfp_bloom_filter_add_unique_size_u64,0,NVIDIA RTX PRO 6000 Blackwell Server Edition,I64,U64,64,20,2,2,1000000000,4,Yes,,,,,,,,
pfp_bloom_filter_add_unique_size_u64,0,NVIDIA RTX PRO 6000 Blackwell Server Edition,I64,U64,64,20,2,2,1000000000,8,Yes,,,,,,,,
pfp_bloom_filter_add_unique_size_u64,0,NVIDIA RTX PRO 6000 Blackwell Server Edition,I64,U64,64,20,2,2,1000000000,16,Yes,,,,,,,,
pfp_bloom_filter_add_unique_size_u64,0,NVIDIA RTX PRO 6000 Blackwell Server Edition,I64,U64,64,20,2,2,1000000000,32,Yes,,,,,,,,
pfp_bloom_filter_add_unique_size_u64,0,NVIDIA RTX PRO 6000 Blackwell Server Edition,I64,U64,64,20,2,2,1000000000,64,Yes,,,,,,,,
pfp_bloom_filter_add_unique_size_u64,0,NVIDIA RTX PRO 6000 Blackwell Server Edition,I64,U64,64,20,2,2,1000000000,128,Yes,,,,,,,,
pfp_bloom_filter_add_unique_size_u64,0,NVIDIA RTX PRO 6000 Blackwell Server Edition,I64,U64,64,20,2,2,1000000000,256,Yes,,,,,,,,
pfp_bloom_filter_add_unique_size_u64,0,NVIDIA RTX PRO 6000 Blackwell Server Edition,I64,U64,64,20,2,2,1000000000,512,Yes,,,,,,,,
pfp_bloom_filter_add_unique_size_u64,0,NVIDIA RTX PRO 6000 Blackwell Server Edition,I64,U64,64,20,2,2,1000000000,1024,Yes,,,,,,,,
pfp_bloom_filter_add_unique_size_u64,0,NVIDIA RTX PRO 6000 Blackwell Server Edition,I64,U64,64,20,2,2,1000000000,2048,Yes,,,,,,,,
pfp_bloom_filter_add_unique_size_u64,0,NVIDIA RTX PRO 6000 Blackwell Server Edition,I64,U64,64,20,2,4,1000000000,1,Yes,,,,,,,,
pfp_bloom_filter_add_unique_size_u64,0,NVIDIA RTX PRO 6000 Blackwell Server Edition,I64,U64,64,20,2,4,1000000000,2,Yes,,,,,,,,
pfp_bloom_filter_add_unique_size_u64,0,NVIDIA RTX PRO 6000 Blackwell Server Edition,I64,U64,64,20,2,4,1000000000,4,Yes,,,,,,,,
pfp_bloom_filter_add_unique_size_u64,0,NVIDIA RTX PRO 6000 Blackwell Server Edition,I64,U64,64,20,2,4,1000000000,8,Yes,,,,,,,,
pfp_bloom_filter_add_unique_size_u64,0,NVIDIA RTX PRO 6000 Blackwell Server Edition,I64,U64,64,20,2,4,1000000000,16,Yes,,,,,,,,
pfp_bloom_filter_add_unique_size_u64,0,NVIDIA RTX PRO 6000 Blackwell Server Edition,I64,U64,64,20,2,4,1000000000,32,Yes,,,,,,,,
pfp_bloom_filter_add_unique_size_u64,0,NVIDIA RTX PRO 6000 Blackwell Server Edition,I64,U64,64,20,2,4,1000000000,64,Yes,,,,,,,,
pfp_bloom_filter_add_unique_size_u64,0,NVIDIA RTX PRO 6000 Blackwell Server Edition,I64,U64,64,20,2,4,1000000000,128,Yes,,,,,,,,
pfp_bloom_filter_add_unique_size_u64,0,NVIDIA RTX PRO 6000 Blackwell Server Edition,I64,U64,64,20,2,4,1000000000,256,Yes,,,,,,,,
pfp_bloom_filter_add_unique_size_u64,0,NVIDIA RTX PRO 6000 Blackwell Server Edition,I64,U64,64,20,2,4,1000000000,512,Yes,,,,,,,,
pfp_bloom_filter_add_unique_size_u64,0,NVIDIA RTX PRO 6000 Blackwell Server Edition,I64,U64,64,20,2,4,1000000000,1024,Yes,,,,,,,,
pfp_bloom_filter_add_unique_size_u64,0,NVIDIA RTX PRO 6000 Blackwell Server Edition,I64,U64,64,20,2,4,1000000000,2048,Yes,,,,,,,,
pfp_bloom_filter_add_unique_size_u64,0,NVIDIA RTX PRO 6000 Blackwell Server Edition,I64,U64,64,20,2,8,1000000000,1,Yes,,,,,,,,
pfp_bloom_filter_add_unique_size_u64,0,NVIDIA RTX PRO 6000 Blackwell Server Edition,I64,U64,64,20,2,8,1000000000,2,Yes,,,,,,,,
pfp_bloom_filter_add_unique_size_u64,0,NVIDIA RTX PRO 6000 Blackwell Server Edition,I64,U64,64,20,2,8,1000000000,4,Yes,,,,,,,,
pfp_bloom_filter_add_unique_size_u64,0,NVIDIA RTX PRO 6000 Blackwell Server Edition,I64,U64,64,20,2,8,1000000000,8,Yes,,,,,,,,
pfp_bloom_filter_add_unique_size_u64,0,NVIDIA RTX PRO 6000 Blackwell Server Edition,I64,U64,64,20,2,8,1000000000,16,Yes,,,,,,,,
pfp_bloom_filter_add_unique_size_u64,0,NVIDIA RTX PRO 6000 Blackwell Server Edition,I64,U64,64,20,2,8,1000000000,32,Yes,,,,,,,,
pfp_bloom_filter_add_unique_size_u64,0,NVIDIA RTX PRO 6000 Blackwell Server Edition,I64,U64,64,20,2,8,1000000000,64,Yes,,,,,,,,
pfp_bloom_filter_add_unique_size_u64,0,NVIDIA RTX PRO 6000 Blackwell Server Edition,I64,U64,64,20,2,8,1000000000,128,Yes,,,,,,,,
pfp_bloom_filter_add_unique_size_u64,0,NVIDIA RTX PRO 6000 Blackwell Server Edition,I64,U64,64,20,2,8,1000000000,256,Yes,,,,,,,,
pfp_bloom_filter_add_unique_size_u64,0,NVIDIA RTX PRO 6000 Blackwell Server Edition,I64,U64,64,20,2,8,1000000000,512,Yes,,,,,,,,
pfp_bloom_filter_add_unique_size_u64,0,NVIDIA RTX PRO 6000 Blackwell Server Edition,I64,U64,64,20,2,8,1000000000,1024,Yes,,,,,,,,
pfp_bloom_filter_add_unique_size_u64,0,NVIDIA RTX PRO 6000 Blackwell Server Edition,I64,U64,64,20,2,8,1000000000,2048,Yes,,,,,,,,
pfp_bloom_filter_add_unique_size_u64,0,NVIDIA RTX PRO 6000 Blackwell Server Edition,I64,U64,64,20,4,1,1000000000,1,Yes,,,,,,,,
pfp_bloom_filter_add_unique_size_u64,0,NVIDIA RTX PRO 6000 Blackwell Server Edition,I64,U64,64,20,4,1,1000000000,2,Yes,,,,,,,,
pfp_bloom_filter_add_unique_size_u64,0,NVIDIA RTX PRO 6000 Blackwell Server Edition,I64,U64,64,20,4,1,1000000000,4,Yes,,,,,,,,
pfp_bloom_filter_add_unique_size_u64,0,NVIDIA RTX PRO 6000 Blackwell Server Edition,I64,U64,64,20,4,1,1000000000,8,Yes,,,,,,,,
pfp_bloom_filter_add_unique_size_u64,0,NVIDIA RTX PRO 6000 Blackwell Server Edition,I64,U64,64,20,4,1,1000000000,16,Yes,,,,,,,,
pfp_bloom_filter_add_unique_size_u64,0,NVIDIA RTX PRO 6000 Blackwell Server Edition,I64,U64,64,20,4,1,1000000000,32,Yes,,,,,,,,
pfp_bloom_filter_add_unique_size_u64,0,NVIDIA RTX PRO 6000 Blackwell Server Edition,I64,U64,64,20,4,1,1000000000,64,Yes,,,,,,,,
pfp_bloom_filter_add_unique_size_u64,0,NVIDIA RTX PRO 6000 Blackwell Server Edition,I64,U64,64,20,4,1,1000000000,128,Yes,,,,,,,,
pfp_bloom_filter_add_unique_size_u64,0,NVIDIA RTX PRO 6000 Blackwell Server Edition,I64,U64,64,20,4,1,1000000000,256,Yes,,,,,,,,
pfp_bloom_filter_add_unique_size_u64,0,NVIDIA RTX PRO 6000 Blackwell Server Edition,I64,U64,64,20,4,1,1000000000,512,Yes,,,,,,,,
pfp_bloom_filter_add_unique_size_u64,0,NVIDIA RTX PRO 6000 Blackwell Server Edition,I64,U64,64,20,4,1,1000000000,1024,Yes,,,,,,,,
pfp_bloom_filter_add_unique_size_u64,0,NVIDIA RTX PRO 6000 Blackwell Server Edition,I64,U64,64,20,4,1,1000000000,2048,Yes,,,,,,,,
pfp_bloom_filter_add_unique_size_u64,0,NVIDIA RTX PRO 6000 Blackwell Server Edition,I64,U64,64,20,4,2,1000000000,1,Yes,,,,,,,,
pfp_bloom_filter_add_unique_size_u64,0,NVIDIA RTX PRO 6000 Blackwell Server Edition,I64,U64,64,20,4,2,1000000000,2,Yes,,,,,,,,
pfp_bloom_filter_add_unique_size_u64,0,NVIDIA RTX PRO 6000 Blackwell Server Edition,I64,U64,64,20,4,2,1000000000,4,Yes,,,,,,,,
pfp_bloom_filter_add_unique_size_u64,0,NVIDIA RTX PRO 6000 Blackwell Server Edition,I64,U64,64,20,4,2,1000000000,8,Yes,,,,,,,,
pfp_bloom_filter_add_unique_size_u64,0,NVIDIA RTX PRO 6000 Blackwell Server Edition,I64,U64,64,20,4,2,1000000000,16,Yes,,,,,,,,
pfp_bloom_filter_add_unique_size_u64,0,NVIDIA RTX PRO 6000 Blackwell Server Edition,I64,U64,64,20,4,2,1000000000,32,Yes,,,,,,,,
pfp_bloom_filter_add_unique_size_u64,0,NVIDIA RTX PRO 6000 Blackwell Server Edition,I64,U64,64,20,4,2,1000000000,64,Yes,,,,,,,,
pfp_bloom_filter_add_unique_size_u64,0,NVIDIA RTX PRO 6000 Blackwell Server Edition,I64,U64,64,20,4,2,1000000000,128,Yes,,,,,,,,
pfp_bloom_filter_add_unique_size_u64,0,NVIDIA RTX PRO 6000 Blackwell Server Edition,I64,U64,64,20,4,2,1000000000,256,Yes,,,,,,,,
pfp_bloom_filter_add_unique_size_u64,0,NVIDIA RTX PRO 6000 Blackwell Server Edition,I64,U64,64,20,4,2,1000000000,512,Yes,,,,,,,,
pfp_bloom_filter_add_unique_size_u64,0,NVIDIA RTX PRO 6000 Blackwell Server Edition,I64,U64,64,20,4,2,1000000000,1024,Yes,,,,,,,,
pfp_bloom_filter_add_unique_size_u64,0,NVIDIA RTX PRO 6000 Blackwell Server Edition,I64,U64,64,20,4,2,1000000000,2048,Yes,,,,,,,,
pfp_bloom_filter_add_unique_size_u64,0,NVIDIA RTX PRO 6000 Blackwell Server Edition,I64,U64,64,20,4,4,1000000000,1,Yes,,,,,,,,
pfp_bloom_filter_add_unique_size_u64,0,NVIDIA RTX PRO 6000 Blackwell Server Edition,I64,U64,64,20,4,4,1000000000,2,Yes,,,,,,,,
pfp_bloom_filter_add_unique_size_u64,0,NVIDIA RTX PRO 6000 Blackwell Server Edition,I64,U64,64,20,4,4,1000000000,4,Yes,,,,,,,,
pfp_bloom_filter_add_unique_size_u64,0,NVIDIA RTX PRO 6000 Blackwell Server Edition,I64,U64,64,20,4,4,1000000000,8,Yes,,,,,,,,
pfp_bloom_filter_add_unique_size_u64,0,NVIDIA RTX PRO 6000 Blackwell Server Edition,I64,U64,64,20,4,4,1000000000,16,Yes,,,,,,,,
pfp_bloom_filter_add_unique_size_u64,0,NVIDIA RTX PRO 6000 Blackwell Server Edition,I64,U64,64,20,4,4,1000000000,32,Yes,,,,,,,,
pfp_bloom_filter_add_unique_size_u64,0,NVIDIA RTX PRO 6000 Blackwell Server Edition,I64,U64,64,20,4,4,1000000000,64,Yes,,,,,,,,
pfp_bloom_filter_add_unique_size_u64,0,NVIDIA RTX PRO 6000 Blackwell Server Edition,I64,U64,64,20,4,4,1000000000,128,Yes,,,,,,,,
pfp_bloom_filter_add_unique_size_u64,0,NVIDIA RTX PRO 6000 Blackwell Server Edition,I64,U64,64,20,4,4,1000000000,256,Yes,,,,,,,,
pfp_bloom_filter_add_unique_size_u64,0,NVIDIA RTX PRO 6000 Blackwell Server Edition,I64,U64,64,20,4,4,1000000000,512,Yes,,,,,,,,
pfp_bloom_filter_add_unique_size_u64,0,NVIDIA RTX PRO 6000 Blackwell Server Edition,I64,U64,64,20,4,4,1000000000,1024,Yes,,,,,,,,
pfp_bloom_filter_add_unique_size_u64,0,NVIDIA RTX PRO 6000 Blackwell Server Edition,I64,U64,64,20,4,4,1000000000,2048,Yes,,,,,,,,
pfp_bloom_filter_add_unique_size_u64,0,NVIDIA RTX PRO 6000 Blackwell Server Edition,I64,U64,64,20,4,8,1000000000,1,Yes,,,,,,,,
pfp_bloom_filter_add_unique_size_u64,0,NVIDIA RTX PRO 6000 Blackwell Server Edition,I64,U64,64,20,4,8,1000000000,2,Yes,,,,,,,,
pfp_bloom_filter_add_unique_size_u64,0,NVIDIA RTX PRO 6000 Blackwell Server Edition,I64,U64,64,20,4,8,1000000000,4,Yes,,,,,,,,
pfp_bloom_filter_add_unique_size_u64,0,NVIDIA RTX PRO 6000 Blackwell Server Edition,I64,U64,64,20,4,8,1000000000,8,Yes,,,,,,,,
pfp_bloom_filter_add_unique_size_u64,0,NVIDIA RTX PRO 6000 Blackwell Server Edition,I64,U64,64,20,4,8,1000000000,16,Yes,,,,,,,,
pfp_bloom_filter_add_unique_size_u64,0,NVIDIA RTX PRO 6000 Blackwell Server Edition,I64,U64,64,20,4,8,1000000000,32,Yes,,,,,,,,
pfp_bloom_filter_add_unique_size_u64,0,NVIDIA RTX PRO 6000 Blackwell Server Edition,I64,U64,64,20,4,8,1000000000,64,Yes,,,,,,,,
pfp_bloom_filter_add_unique_size_u64,0,NVIDIA RTX PRO 6000 Blackwell Server Edition,I64,U64,64,20,4,8,1000000000,128,Yes,,,,,,,,
pfp_bloom_filter_add_unique_size_u64,0,NVIDIA RTX PRO 6000 Blackwell Server Edition,I64,U64,64,20,4,8,1000000000,256,Yes,,,,,,,,
pfp_bloom_filter_add_unique_size_u64,0,NVIDIA RTX PRO 6000 Blackwell Server Edition,I64,U64,64,20,4,8,1000000000,512,Yes,,,,,,,,
pfp_bloom_filter_add_unique_size_u64,0,NVIDIA RTX PRO 6000 Blackwell Server Edition,I64,U64,64,20,4,8,1000000000,1024,Yes,,,,,,,,
pfp_bloom_filter_add_unique_size_u64,0,NVIDIA RTX PRO 6000 Blackwell Server Edition,I64,U64,64,20,4,8,1000000000,2048,Yes,,,,,,,,
pfp_bloom_filter_add_unique_size_u64,0,NVIDIA RTX PRO 6000 Blackwell Server Edition,I64,U64,64,20,8,1,1000000000,1,Yes,,,,,,,,
pfp_bloom_filter_add_unique_size_u64,0,NVIDIA RTX PRO 6000 Blackwell Server Edition,I64,U64,64,20,8,1,1000000000,2,Yes,,,,,,,,
pfp_bloom_filter_add_unique_size_u64,0,NVIDIA RTX PRO 6000 Blackwell Server Edition,I64,U64,64,20,8,1,1000000000,4,Yes,,,,,,,,
pfp_bloom_filter_add_unique_size_u64,0,NVIDIA RTX PRO 6000 Blackwell Server Edition,I64,U64,64,20,8,1,1000000000,8,Yes,,,,,,,,
pfp_bloom_filter_add_unique_size_u64,0,NVIDIA RTX PRO 6000 Blackwell Server Edition,I64,U64,64,20,8,1,1000000000,16,Yes,,,,,,,,
pfp_bloom_filter_add_unique_size_u64,0,NVIDIA RTX PRO 6000 Blackwell Server Edition,I64,U64,64,20,8,1,1000000000,32,Yes,,,,,,,,
pfp_bloom_filter_add_unique_size_u64,0,NVIDIA RTX PRO 6000 Blackwell Server Edition,I64,U64,64,20,8,1,1000000000,64,Yes,,,,,,,,
pfp_bloom_filter_add_unique_size_u64,0,NVIDIA RTX PRO 6000 Blackwell Server Edition,I64,U64,64,20,8,1,1000000000,128,Yes,,,,,,,,
pfp_bloom_filter_add_unique_size_u64,0,NVIDIA RTX PRO 6000 Blackwell Server Edition,I64,U64,64,20,8,1,1000000000,256,Yes,,,,,,,,
pfp_bloom_filter_add_unique_size_u64,0,NVIDIA RTX PRO 6000 Blackwell Server Edition,I64,U64,64,20,8,1,1000000000,512,Yes,,,,,,,,
pfp_bloom_filter_add_unique_size_u64,0,NVIDIA RTX PRO 6000 Blackwell Server Edition,I64,U64,64,20,8,1,1000000000,1024,Yes,,,,,,,,
pfp_bloom_filter_add_unique_size_u64,0,NVIDIA RTX PRO 6000 Blackwell Server Edition,I64,U64,64,20,8,1,1000000000,2048,Yes,,,,,,,,
pfp_bloom_filter_add_unique_size_u64,0,NVIDIA RTX PRO 6000 Blackwell Server Edition,I64,U64,64,20,8,2,1000000000,1,Yes,,,,,,,,
pfp_bloom_filter_add_unique_size_u64,0,NVIDIA RTX PRO 6000 Blackwell Server Edition,I64,U64,64,20,8,2,1000000000,2,Yes,,,,,,,,
pfp_bloom_filter_add_unique_size_u64,0,NVIDIA RTX PRO 6000 Blackwell Server Edition,I64,U64,64,20,8,2,1000000000,4,Yes,,,,,,,,
pfp_bloom_filter_add_unique_size_u64,0,NVIDIA RTX PRO 6000 Blackwell Server Edition,I64,U64,64,20,8,2,1000000000,8,Yes,,,,,,,,
pfp_bloom_filter_add_unique_size_u64,0,NVIDIA RTX PRO 6000 Blackwell Server Edition,I64,U64,64,20,8,2,1000000000,16,Yes,,,,,,,,
pfp_bloom_filter_add_unique_size_u64,0,NVIDIA RTX PRO 6000 Blackwell Server Edition,I64,U64,64,20,8,2,1000000000,32,Yes,,,,,,,,
pfp_bloom_filter_add_unique_size_u64,0,NVIDIA RTX PRO 6000 Blackwell Server Edition,I64,U64,64,20,8,2,1000000000,64,Yes,,,,,,,,
pfp_bloom_filter_add_unique_size_u64,0,NVIDIA RTX PRO 6000 Blackwell Server Edition,I64,U64,64,20,8,2,1000000000,128,Yes,,,,,,,,
pfp_bloom_filter_add_unique_size_u64,0,NVIDIA RTX PRO 6000 Blackwell Server Edition,I64,U64,64,20,8,2,1000000000,256,Yes,,,,,,,,
pfp_bloom_filter_add_unique_size_u64,0,NVIDIA RTX PRO 6000 Blackwell Server Edition,I64,U64,64,20,8,2,1000000000,512,Yes,,,,,,,,
pfp_bloom_filter_add_unique_size_u64,0,NVIDIA RTX PRO 6000 Blackwell Server Edition,I64,U64,64,20,8,2,1000000000,1024,Yes,,,,,,,,
pfp_bloom_filter_add_unique_size_u64,0,NVIDIA RTX PRO 6000 Blackwell Server Edition,I64,U64,64,20,8,2,1000000000,2048,Yes,,,,,,,,
pfp_bloom_filter_add_unique_size_u64,0,NVIDIA RTX PRO 6000 Blackwell Server Edition,I64,U64,64,20,8,4,1000000000,1,Yes,,,,,,,,
pfp_bloom_filter_add_unique_size_u64,0,NVIDIA RTX PRO 6000 Blackwell Server Edition,I64,U64,64,20,8,4,1000000000,2,Yes,,,,,,,,
pfp_bloom_filter_add_unique_size_u64,0,NVIDIA RTX PRO 6000 Blackwell Server Edition,I64,U64,64,20,8,4,1000000000,4,Yes,,,,,,,,
pfp_bloom_filter_add_unique_size_u64,0,NVIDIA RTX PRO 6000 Blackwell Server Edition,I64,U64,64,20,8,4,1000000000,8,Yes,,,,,,,,
pfp_bloom_filter_add_unique_size_u64,0,NVIDIA RTX PRO 6000 Blackwell Server Edition,I64,U64,64,20,8,4,1000000000,16,Yes,,,,,,,,
pfp_bloom_filter_add_unique_size_u64,0,NVIDIA RTX PRO 6000 Blackwell Server Edition,I64,U64,64,20,8,4,1000000000,32,Yes,,,,,,,,
pfp_bloom_filter_add_unique_size_u64,0,NVIDIA RTX PRO 6000 Blackwell Server Edition,I64,U64,64,20,8,4,1000000000,64,Yes,,,,,,,,
pfp_bloom_filter_add_unique_size_u64,0,NVIDIA RTX PRO 6000 Blackwell Server Edition,I64,U64,64,20,8,4,1000000000,128,Yes,,,,,,,,
pfp_bloom_filter_add_unique_size_u64,0,NVIDIA RTX PRO 6000 Blackwell Server Edition,I64,U64,64,20,8,4,1000000000,256,Yes,,,,,,,,
pfp_bloom_filter_add_unique_size_u64,0,NVIDIA RTX PRO 6000 Blackwell Server Edition,I64,U64,64,20,8,4,1000000000,512,Yes,,,,,,,,
pfp_bloom_filter_add_unique_size_u64,0,NVIDIA RTX PRO 6000 Blackwell Server Edition,I64,U64,64,20,8,4,1000000000,1024,Yes,,,,,,,,
pfp_bloom_filter_add_unique_size_u64,0,NVIDIA RTX PRO 6000 Blackwell Server Edition,I64,U64,64,20,8,4,1000000000,2048,Yes,,,,,,,,
pfp_bloom_filter_add_unique_size_u64,0,NVIDIA RTX PRO 6000 Blackwell Server Edition,I64,U64,64,20,8,8,1000000000,1,Yes,,,,,,,,
pfp_bloom_filter_add_unique_size_u64,0,NVIDIA RTX PRO 6000 Blackwell Server Edition,I64,U64,64,20,8,8,1000000000,2,Yes,,,,,,,,
pfp_bloom_filter_add_unique_size_u64,0,NVIDIA RTX PRO 6000 Blackwell Server Edition,I64,U64,64,20,8,8,1000000000,4,Yes,,,,,,,,
pfp_bloom_filter_add_unique_size_u64,0,NVIDIA RTX PRO 6000 Blackwell Server Edition,I64,U64,64,20,8,8,1000000000,8,Yes,,,,,,,,
pfp_bloom_filter_add_unique_size_u64,0,NVIDIA RTX PRO 6000 Blackwell Server Edition,I64,U64,64,20,8,8,1000000000,16,Yes,,,,,,,,
pfp_bloom_filter_add_unique_size_u64,0,NVIDIA RTX PRO 6000 Blackwell Server Edition,I64,U64,64,20,8,8,1000000000,32,Yes,,,,,,,,
pfp_bloom_filter_add_unique_size_u64,0,NVIDIA RTX PRO 6000 Blackwell Server Edition,I64,U64,64,20,8,8,1000000000,64,Yes,,,,,,,,
pfp_bloom_filter_add_unique_size_u64,0,NVIDIA RTX PRO 6000 Blackwell Server Edition,I64,U64,64,20,8,8,1000000000,128,Yes,,,,,,,,
pfp_bloom_filter_add_unique_size_u64,0,NVIDIA RTX PRO 6000 Blackwell Server Edition,I64,U64,64,20,8,8,1000000000,256,Yes,,,,,,,,
pfp_bloom_filter_add_unique_size_u64,0,NVIDIA RTX PRO 6000 Blackwell Server Edition,I64,U64,64,20,8,8,1000000000,512,Yes,,,,,,,,
pfp_bloom_filter_add_unique_size_u64,0,NVIDIA RTX PRO 6000 Blackwell Server Edition,I64,U64,64,20,8,8,1000000000,1024,Yes,,,,,,,,
pfp_bloom_filter_add_unique_size_u64,0,NVIDIA RTX PRO 6000 Blackwell Server Edition,I64,U64,64,20,8,8,1000000000,2048,Yes,,,,,,,,
pfp_bloom_filter_add_unique_size_u64,0,NVIDIA RTX PRO 6000 Blackwell Server Edition,I64,U64,128,1,1,1,1000000000,1,No,23,0.021883066521739127,6.476655288892415e-05,0.02187266084422236,5.349683411340876e-05,45719174595.26415,24,0.021860265096028647
pfp_bloom_filter_add_unique_size_u64,0,NVIDIA RTX PRO 6000 Blackwell Server Edition,I64,U64,128,1,1,1,1000000000,2,No,23,0.021993691,7.480036099574431e-05,0.02198381349314814,4.829654905941712e-05,45488013274.47931,24,0.02196714504559835
pfp_bloom_filter_add_unique_size_u64,0,NVIDIA RTX PRO 6000 Blackwell Server Edition,I64,U64,128,1,1,1,1000000000,4,No,23,0.02205131291304348,6.221630735706878e-05,0.02204110618259596,4.06578869927521e-05,45369773718.05492,24,0.02201864139238993
pfp_bloom_filter_add_unique_size_u64,0,NVIDIA RTX PRO 6000 Blackwell Server Edition,I64,U64,128,1,1,1,1000000000,8,No,23,0.022091170999999996,6.098471091385776e-05,0.0220814093714175,5.8490489236491784e-05,45286964395.23533,24,0.02204462671279907
pfp_bloom_filter_add_unique_size_u64,0,NVIDIA RTX PRO 6000 Blackwell Server Edition,I64,U64,128,1,1,1,1000000000,16,No,23,0.022125106173913042,6.094318158066108e-05,0.022114605862161386,6.42341904916902e-05,45218983608.974174,24,0.022060055653254192
pfp_bloom_filter_add_unique_size_u64,0,NVIDIA RTX PRO 6000 Blackwell Server Edition,I64,U64,128,1,1,1,1000000000,32,No,23,0.022167158130434784,5.553260719504526e-05,0.02215674143252165,5.190909920454869e-05,45132990473.59918,24,0.022062462965647383
pfp_bloom_filter_add_unique_size_u64,0,NVIDIA RTX PRO 6000 Blackwell Server Edition,I64,U64,128,1,1,1,1000000000,64,No,22,0.023730267772727274,0.005001174104988983,0.023720442078330305,0.004992891040718367,42157730311.17094,23,0.023275651268337083
pfp_bloom_filter_add_unique_size_u64,0,NVIDIA RTX PRO 6000 Blackwell Server Edition,I64,U64,128,1,1,1,1000000000,128,No,11,0.09334034027272727,0.0001842828993086445,0.09333018771084872,0.0001857954285235543,10714646831.078426,12,0.09320212682088215
pfp_bloom_filter_add_unique_size_u64,0,NVIDIA RTX PRO 6000 Blackwell Server Edition,I64,U64,128,1,1,1,1000000000,256,No,11,0.13917345754545452,0.0001366107182866362,0.1391626794988459,0.0001371484162238229,7185834618.88784,12,0.13912746683756508
pfp_bloom_filter_add_unique_size_u64,0,NVIDIA RTX PRO 6000 Blackwell Server Edition,I64,U64,128,1,1,1,1000000000,512,No,11,0.1606508123636364,0.00012232214932853422,0.16063924199884588,0.0001211651846395183,6225128975.690663,12,0.16060721715291343
pfp_bloom_filter_add_unique_size_u64,0,NVIDIA RTX PRO 6000 Blackwell Server Edition,I64,U64,128,1,1,1,1000000000,1024,No,11,0.17005674445454547,0.00013038959519617746,0.17004497181285513,0.00013112098439355187,5880797234.631325,12,0.17002350743611658
pfp_bloom_filter_add_unique_size_u64,0,NVIDIA RTX PRO 6000 Blackwell Server Edition,I64,U64,128,1,1,1,1000000000,2048,No,11,0.1745808267272727,0.00018150752458703632,0.17456889481977983,0.00018138691628820114,5728397381.631892,12,0.1745419095357259
pfp_bloom_filter_add_unique_size_u64,0,NVIDIA RTX PRO 6000 Blackwell Server Edition,I64,U64,128,1,1,2,1000000000,1,No,23,0.02187861591304348,6.040013021595441e-05,0.02186806819749915,4.857145651396372e-05,45728776358.689095,24,0.0218616943359375
pfp_bloom_filter_add_unique_size_u64,0,NVIDIA RTX PRO 6000 Blackwell Server Edition,I64,U64,128,1,1,2,1000000000,2,No,23,0.021988398565217396,6.550142042513349e-05,0.021978157789810847,7.11223638224533e-05,45499718837.38152,24,0.021968364556630454
pfp_bloom_filter_add_unique_size_u64,0,NVIDIA RTX PRO 6000 Blackwell Server Edition,I64,U64,128,1,1,2,1000000000,4,No,23,0.022054762826086958,4.5242831848997384e-05,0.022044137540070907,4.32528415523334e-05,45363534780.26718,24,0.022021674076716107
pfp_bloom_filter_add_unique_size_u64,0,NVIDIA RTX PRO 6000 Blackwell Server Edition,I64,U64,128,1,1,2,1000000000,8,No,23,0.022096157695652173,4.6278221863736435e-05,0.0220860772340194,4.4486023548771745e-05,45277393056.45867,24,0.022047016143798826
pfp_bloom_filter_add_unique_size_u64,0,NVIDIA RTX PRO 6000 Blackwell Server Edition,I64,U64,128,1,1,2,1000000000,16,No,23,0.02212343982608696,5.608768466956718e-05,0.022112737406855047,3.886746208917825e-05,45222804467.88988,24,0.022057427088419596
pfp_bloom_filter_add_unique_size_u64,0,NVIDIA RTX PRO 6000 Blackwell Server Edition,I64,U64,128,1,1,2,1000000000,32,No,23,0.02217104286956522,6.507566840091839e-05,0.02216070681032927,6.077654632436287e-05,45124914496.58512,24,0.022066473801930747
pfp_bloom_filter_add_unique_size_u64,0,NVIDIA RTX PRO 6000 Blackwell Server Edition,I64,U64,128,1,1,2,1000000000,64,No,22,0.02369419854545454,0.00035714880576664894,0.023683101047169083,0.0003688079166704896,42224200201.16129,23,0.023278768041859504
pfp_bloom_filter_add_unique_size_u64,0,NVIDIA RTX PRO 6000 Blackwell Server Edition,I64,U64,128,1,1,2,1000000000,128,No,11,0.09326369218181818,0.0001645598907983417,0.09325215357000177,0.00016055571870488082,10723612932.427647,12,0.09312691179911296
pfp_bloom_filter_add_unique_size_u64,0,NVIDIA RTX PRO 6000 Blackwell Server Edition,I64,U64,128,1,1,2,1000000000,256,No,11,0.13918510190909092,0.00013741511942652734,0.13917322332208804,0.00013952039712286602,7185290216.967268,12,0.13915050633748371
pfp_bloom_filter_add_unique_size_u64,0,NVIDIA RTX PRO 6000 Blackwell Server Edition,I64,U64,128,1,1,2,1000000000,512,No,11,0.1606545420909091,0.00015606786513583894,0.1606436309814453,0.0001577070091543321,6224958897.471025,12,0.16063265228271487
pfp_bloom_filter_add_unique_size_u64,0,NVIDIA RTX PRO 6000 Blackwell Server Edition,I64,U64,128,1,1,2,1000000000,1024,No,11,0.17003442772727276,0.00012714774770659361,0.1700228479558771,0.0001280396065157352,5881562460.70829,12,0.16999530283610023
pfp_bloom_filter_add_unique_size_u64,0,NVIDIA RTX PRO 6000 Blackwell Server Edition,I64,U64,128,1,1,2,1000000000,2048,No,11,0.17458605245454548,0.00012912828612584722,0.17457381508567116,0.00012749133764445027,5728235929.937462,12,0.17454681777954104
pfp_bloom_filter_add_unique_size_u64,0,NVIDIA RTX PRO 6000 Blackwell Server Edition,I64,U64,128,1,1,4,1000000000,1,Yes,,,,,,,,
pfp_bloom_filter_add_unique_size_u64,0,NVIDIA RTX PRO 6000 Blackwell Server Edition,I64,U64,128,1,1,4,1000000000,2,Yes,,,,,,,,
pfp_bloom_filter_add_unique_size_u64,0,NVIDIA RTX PRO 6000 Blackwell Server Edition,I64,U64,128,1,1,4,1000000000,4,Yes,,,,,,,,
pfp_bloom_filter_add_unique_size_u64,0,NVIDIA RTX PRO 6000 Blackwell Server Edition,I64,U64,128,1,1,4,1000000000,8,Yes,,,,,,,,
pfp_bloom_filter_add_unique_size_u64,0,NVIDIA RTX PRO 6000 Blackwell Server Edition,I64,U64,128,1,1,4,1000000000,16,Yes,,,,,,,,
pfp_bloom_filter_add_unique_size_u64,0,NVIDIA RTX PRO 6000 Blackwell Server Edition,I64,U64,128,1,1,4,1000000000,32,Yes,,,,,,,,
pfp_bloom_filter_add_unique_size_u64,0,NVIDIA RTX PRO 6000 Blackwell Server Edition,I64,U64,128,1,1,4,1000000000,64,Yes,,,,,,,,
pfp_bloom_filter_add_unique_size_u64,0,NVIDIA RTX PRO 6000 Blackwell Server Edition,I64,U64,128,1,1,4,1000000000,128,Yes,,,,,,,,
pfp_bloom_filter_add_unique_size_u64,0,NVIDIA RTX PRO 6000 Blackwell Server Edition,I64,U64,128,1,1,4,1000000000,256,Yes,,,,,,,,
pfp_bloom_filter_add_unique_size_u64,0,NVIDIA RTX PRO 6000 Blackwell Server Edition,I64,U64,128,1,1,4,1000000000,512,Yes,,,,,,,,
pfp_bloom_filter_add_unique_size_u64,0,NVIDIA RTX PRO 6000 Blackwell Server Edition,I64,U64,128,1,1,4,1000000000,1024,Yes,,,,,,,,
pfp_bloom_filter_add_unique_size_u64,0,NVIDIA RTX PRO 6000 Blackwell Server Edition,I64,U64,128,1,1,4,1000000000,2048,Yes,,,,,,,,
pfp_bloom_filter_add_unique_size_u64,0,NVIDIA RTX PRO 6000 Blackwell Server Edition,I64,U64,128,1,1,8,1000000000,1,Yes,,,,,,,,
pfp_bloom_filter_add_unique_size_u64,0,NVIDIA RTX PRO 6000 Blackwell Server Edition,I64,U64,128,1,1,8,1000000000,2,Yes,,,,,,,,
pfp_bloom_filter_add_unique_size_u64,0,NVIDIA RTX PRO 6000 Blackwell Server Edition,I64,U64,128,1,1,8,1000000000,4,Yes,,,,,,,,
pfp_bloom_filter_add_unique_size_u64,0,NVIDIA RTX PRO 6000 Blackwell Server Edition,I64,U64,128,1,1,8,1000000000,8,Yes,,,,,,,,
pfp_bloom_filter_add_unique_size_u64,0,NVIDIA RTX PRO 6000 Blackwell Server Edition,I64,U64,128,1,1,8,1000000000,16,Yes,,,,,,,,
pfp_bloom_filter_add_unique_size_u64,0,NVIDIA RTX PRO 6000 Blackwell Server Edition,I64,U64,128,1,1,8,1000000000,32,Yes,,,,,,,,
pfp_bloom_filter_add_unique_size_u64,0,NVIDIA RTX PRO 6000 Blackwell Server Edition,I64,U64,128,1,1,8,1000000000,64,Yes,,,,,,,,
pfp_bloom_filter_add_unique_size_u64,0,NVIDIA RTX PRO 6000 Blackwell Server Edition,I64,U64,128,1,1,8,1000000000,128,Yes,,,,,,,,
pfp_bloom_filter_add_unique_size_u64,0,NVIDIA RTX PRO 6000 Blackwell Server Edition,I64,U64,128,1,1,8,1000000000,256,Yes,,,,,,,,
pfp_bloom_filter_add_unique_size_u64,0,NVIDIA RTX PRO 6000 Blackwell Server Edition,I64,U64,128,1,1,8,1000000000,512,Yes,,,,,,,,
pfp_bloom_filter_add_unique_size_u64,0,NVIDIA RTX PRO 6000 Blackwell Server Edition,I64,U64,128,1,1,8,1000000000,1024,Yes,,,,,,,,
pfp_bloom_filter_add_unique_size_u64,0,NVIDIA RTX PRO 6000 Blackwell Server Edition,I64,U64,128,1,1,8,1000000000,2048,Yes,,,,,,,,
pfp_bloom_filter_add_unique_size_u64,0,NVIDIA RTX PRO 6000 Blackwell Server Edition,I64,U64,128,1,2,1,1000000000,1,No,45,0.011366054177777783,0.0001224352254112707,0.01135579380459256,9.358744956836533e-05,88060774720.61667,46,0.011348132589588994
pfp_bloom_filter_add_unique_size_u64,0,NVIDIA RTX PRO 6000 Blackwell Server Edition,I64,U64,128,1,2,1,1000000000,2,No,44,0.011428325613636365,9.655264851300917e-05,0.011418027596040204,8.24910006859844e-05,87580800763.4175,46,0.011400480850883151
pfp_bloom_filter_add_unique_size_u64,0,NVIDIA RTX PRO 6000 Blackwell Server Edition,I64,U64,128,1,2,1,1000000000,4,No,44,0.011460970636363636,9.639909807725126e-05,0.011450515703721482,7.07377490085852e-05,87332311126.825,46,0.011426638395889945
pfp_bloom_filter_add_unique_size_u64,0,NVIDIA RTX PRO 6000 Blackwell Server Edition,I64,U64,128,1,2,1,1000000000,8,No,44,0.011490035,7.961751192780327e-05,0.011479426188902426,8.348416290599413e-05,87112368122.26172,45,0.011439649793836807
pfp_bloom_filter_add_unique_size_u64,0,NVIDIA RTX PRO 6000 Blackwell Server Edition,I64,U64,128,1,2,1,1000000000,16,No,44,0.011512790386363641,0.00010448531274614737,0.011502531658519399,6.9335978416633e-05,86937382976.8463,45,0.011446613226996529
pfp_bloom_filter_add_unique_size_u64,0,NVIDIA RTX PRO 6000 Blackwell Server Edition,I64,U64,128,1,2,1,1000000000,32,No,44,0.011557213318181818,0.00013054242345619067,0.01154771787470037,0.00010711535647854409,86597197026.33861,45,0.011452392578125001
pfp_bloom_filter_add_unique_size_u64,0,NVIDIA RTX PRO 6000 Blackwell Server Edition,I64,U64,128,1,2,1,1000000000,64,No,25,0.020605595560000002,0.00016686522427129406,0.02059539970397949,0.0001609520731823557,48554532292.31467,26,0.02029272614992582
pfp_bloom_filter_add_unique_size_u64,0,NVIDIA RTX PRO 6000 Blackwell Server Edition,I64,U64,128,1,2,1,1000000000,128,No,11,0.08399636181818183,0.0002070592607471092,0.08398502974076706,0.00020531424669750079,11906883918.320402,12,0.08388616371154783
pfp_bloom_filter_add_unique_size_u64,0,NVIDIA RTX PRO 6000 Blackwell Server Edition,I64,U64,128,1,2,1,1000000000,256,No,11,0.13812195290909093,0.00014184312537606416,0.13811028775301848,0.00013950940634401883,7240590228.790863,12,0.13807377115885414
pfp_bloom_filter_add_unique_size_u64,0,NVIDIA RTX PRO 6000 Blackwell Server Edition,I64,U64,128,1,2,1,1000000000,512,No,11,0.15717097981818184,0.0001374596798520688,0.1571594945734197,0.00013816063129196338,6362962687.773427,12,0.1571435521443685
pfp_bloom_filter_add_unique_size_u64,0,NVIDIA RTX PRO 6000 Blackwell Server Edition,I64,U64,128,1,2,1,1000000000,1024,No,11,0.16523374036363636,0.00014738833904607854,0.16522159507057882,0.00014561625974429562,6052477580.626329,12,0.16521019109090168
pfp_bloom_filter_add_unique_size_u64,0,NVIDIA RTX PRO 6000 Blackwell Server Edition,I64,U64,128,1,2,1,1000000000,2048,No,11,0.16874702300000002,0.0001556831161204559,0.16873545698686077,0.00015664892380570634,5926436671.089639,12,0.16871481068929037
pfp_bloom_filter_add_unique_size_u64,0,NVIDIA RTX PRO 6000 Blackwell Server Edition,I64,U64,128,1,2,2,1000000000,1,Yes,,,,,,,,
pfp_bloom_filter_add_unique_size_u64,0,NVIDIA RTX PRO 6000 Blackwell Server Edition,I64,U64,128,1,2,2,1000000000,2,Yes,,,,,,,,
pfp_bloom_filter_add_unique_size_u64,0,NVIDIA RTX PRO 6000 Blackwell Server Edition,I64,U64,128,1,2,2,1000000000,4,Yes,,,,,,,,
pfp_bloom_filter_add_unique_size_u64,0,NVIDIA RTX PRO 6000 Blackwell Server Edition,I64,U64,128,1,2,2,1000000000,8,Yes,,,,,,,,
pfp_bloom_filter_add_unique_size_u64,0,NVIDIA RTX PRO 6000 Blackwell Server Edition,I64,U64,128,1,2,2,1000000000,16,Yes,,,,,,,,
pfp_bloom_filter_add_unique_size_u64,0,NVIDIA RTX PRO 6000 Blackwell Server Edition,I64,U64,128,1,2,2,1000000000,32,Yes,,,,,,,,
pfp_bloom_filter_add_unique_size_u64,0,NVIDIA RTX PRO 6000 Blackwell Server Edition,I64,U64,128,1,2,2,1000000000,64,Yes,,,,,,,,
pfp_bloom_filter_add_unique_size_u64,0,NVIDIA RTX PRO 6000 Blackwell Server Edition,I64,U64,128,1,2,2,1000000000,128,Yes,,,,,,,,
pfp_bloom_filter_add_unique_size_u64,0,NVIDIA RTX PRO 6000 Blackwell Server Edition,I64,U64,128,1,2,2,1000000000,256,Yes,,,,,,,,
pfp_bloom_filter_add_unique_size_u64,0,NVIDIA RTX PRO 6000 Blackwell Server Edition,I64,U64,128,1,2,2,1000000000,512,Yes,,,,,,,,
pfp_bloom_filter_add_unique_size_u64,0,NVIDIA RTX PRO 6000 Blackwell Server Edition,I64,U64,128,1,2,2,1000000000,1024,Yes,,,,,,,,
pfp_bloom_filter_add_unique_size_u64,0,NVIDIA RTX PRO 6000 Blackwell Server Edition,I64,U64,128,1,2,2,1000000000,2048,Yes,,,,,,,,
pfp_bloom_filter_add_unique_size_u64,0,NVIDIA RTX PRO 6000 Blackwell Server Edition,I64,U64,128,1,2,4,1000000000,1,Yes,,,,,,,,
pfp_bloom_filter_add_unique_size_u64,0,NVIDIA RTX PRO 6000 Blackwell Server Edition,I64,U64,128,1,2,4,1000000000,2,Yes,,,,,,,,
pfp_bloom_filter_add_unique_size_u64,0,NVIDIA RTX PRO 6000 Blackwell Server Edition,I64,U64,128,1,2,4,1000000000,4,Yes,,,,,,,,
pfp_bloom_filter_add_unique_size_u64,0,NVIDIA RTX PRO 6000 Blackwell Server Edition,I64,U64,128,1,2,4,1000000000,8,Yes,,,,,,,,
pfp_bloom_filter_add_unique_size_u64,0,NVIDIA RTX PRO 6000 Blackwell Server Edition,I64,U64,128,1,2,4,1000000000,16,Yes,,,,,,,,
pfp_bloom_filter_add_unique_size_u64,0,NVIDIA RTX PRO 6000 Blackwell Server Edition,I64,U64,128,1,2,4,1000000000,32,Yes,,,,,,,,
pfp_bloom_filter_add_unique_size_u64,0,NVIDIA RTX PRO 6000 Blackwell Server Edition,I64,U64,128,1,2,4,1000000000,64,Yes,,,,,,,,
pfp_bloom_filter_add_unique_size_u64,0,NVIDIA RTX PRO 6000 Blackwell Server Edition,I64,U64,128,1,2,4,1000000000,128,Yes,,,,,,,,
pfp_bloom_filter_add_unique_size_u64,0,NVIDIA RTX PRO 6000 Blackwell Server Edition,I64,U64,128,1,2,4,1000000000,256,Yes,,,,,,,,
pfp_bloom_filter_add_unique_size_u64,0,NVIDIA RTX PRO 6000 Blackwell Server Edition,I64,U64,128,1,2,4,1000000000,512,Yes,,,,,,,,
pfp_bloom_filter_add_unique_size_u64,0,NVIDIA RTX PRO 6000 Blackwell Server Edition,I64,U64,128,1,2,4,1000000000,1024,Yes,,,,,,,,
pfp_bloom_filter_add_unique_size_u64,0,NVIDIA RTX PRO 6000 Blackwell Server Edition,I64,U64,128,1,2,4,1000000000,2048,Yes,,,,,,,,
pfp_bloom_filter_add_unique_size_u64,0,NVIDIA RTX PRO 6000 Blackwell Server Edition,I64,U64,128,1,2,8,1000000000,1,Yes,,,,,,,,
pfp_bloom_filter_add_unique_size_u64,0,NVIDIA RTX PRO 6000 Blackwell Server Edition,I64,U64,128,1,2,8,1000000000,2,Yes,,,,,,,,
pfp_bloom_filter_add_unique_size_u64,0,NVIDIA RTX PRO 6000 Blackwell Server Edition,I64,U64,128,1,2,8,1000000000,4,Yes,,,,,,,,
pfp_bloom_filter_add_unique_size_u64,0,NVIDIA RTX PRO 6000 Blackwell Server Edition,I64,U64,128,1,2,8,1000000000,8,Yes,,,,,,,,
pfp_bloom_filter_add_unique_size_u64,0,NVIDIA RTX PRO 6000 Blackwell Server Edition,I64,U64,128,1,2,8,1000000000,16,Yes,,,,,,,,
pfp_bloom_filter_add_unique_size_u64,0,NVIDIA RTX PRO 6000 Blackwell Server Edition,I64,U64,128,1,2,8,1000000000,32,Yes,,,,,,,,
pfp_bloom_filter_add_unique_size_u64,0,NVIDIA RTX PRO 6000 Blackwell Server Edition,I64,U64,128,1,2,8,1000000000,64,Yes,,,,,,,,
pfp_bloom_filter_add_unique_size_u64,0,NVIDIA RTX PRO 6000 Blackwell Server Edition,I64,U64,128,1,2,8,1000000000,128,Yes,,,,,,,,
pfp_bloom_filter_add_unique_size_u64,0,NVIDIA RTX PRO 6000 Blackwell Server Edition,I64,U64,128,1,2,8,1000000000,256,Yes,,,,,,,,
pfp_bloom_filter_add_unique_size_u64,0,NVIDIA RTX PRO 6000 Blackwell Server Edition,I64,U64,128,1,2,8,1000000000,512,Yes,,,,,,,,
pfp_bloom_filter_add_unique_size_u64,0,NVIDIA RTX PRO 6000 Blackwell Server Edition,I64,U64,128,1,2,8,1000000000,1024,Yes,,,,,,,,
pfp_bloom_filter_add_unique_size_u64,0,NVIDIA RTX PRO 6000 Blackwell Server Edition,I64,U64,128,1,2,8,1000000000,2048,Yes,,,,,,,,
pfp_bloom_filter_add_unique_size_u64,0,NVIDIA RTX PRO 6000 Blackwell Server Edition,I64,U64,128,1,4,1,1000000000,1,Yes,,,,,,,,
pfp_bloom_filter_add_unique_size_u64,0,NVIDIA RTX PRO 6000 Blackwell Server Edition,I64,U64,128,1,4,1,1000000000,2,Yes,,,,,,,,
pfp_bloom_filter_add_unique_size_u64,0,NVIDIA RTX PRO 6000 Blackwell Server Edition,I64,U64,128,1,4,1,1000000000,4,Yes,,,,,,,,
pfp_bloom_filter_add_unique_size_u64,0,NVIDIA RTX PRO 6000 Blackwell Server Edition,I64,U64,128,1,4,1,1000000000,8,Yes,,,,,,,,
pfp_bloom_filter_add_unique_size_u64,0,NVIDIA RTX PRO 6000 Blackwell Server Edition,I64,U64,128,1,4,1,1000000000,16,Yes,,,,,,,,
pfp_bloom_filter_add_unique_size_u64,0,NVIDIA RTX PRO 6000 Blackwell Server Edition,I64,U64,128,1,4,1,1000000000,32,Yes,,,,,,,,
pfp_bloom_filter_add_unique_size_u64,0,NVIDIA RTX PRO 6000 Blackwell Server Edition,I64,U64,128,1,4,1,1000000000,64,Yes,,,,,,,,
pfp_bloom_filter_add_unique_size_u64,0,NVIDIA RTX PRO 6000 Blackwell Server Edition,I64,U64,128,1,4,1,1000000000,128,Yes,,,,,,,,
pfp_bloom_filter_add_unique_size_u64,0,NVIDIA RTX PRO 6000 Blackwell Server Edition,I64,U64,128,1,4,1,1000000000,256,Yes,,,,,,,,
pfp_bloom_filter_add_unique_size_u64,0,NVIDIA RTX PRO 6000 Blackwell Server Edition,I64,U64,128,1,4,1,1000000000,512,Yes,,,,,,,,
pfp_bloom_filter_add_unique_size_u64,0,NVIDIA RTX PRO 6000 Blackwell Server Edition,I64,U64,128,1,4,1,1000000000,1024,Yes,,,,,,,,
pfp_bloom_filter_add_unique_size_u64,0,NVIDIA RTX PRO 6000 Blackwell Server Edition,I64,U64,128,1,4,1,1000000000,2048,Yes,,,,,,,,
pfp_bloom_filter_add_unique_size_u64,0,NVIDIA RTX PRO 6000 Blackwell Server Edition,I64,U64,128,1,4,2,1000000000,1,Yes,,,,,,,,
pfp_bloom_filter_add_unique_size_u64,0,NVIDIA RTX PRO 6000 Blackwell Server Edition,I64,U64,128,1,4,2,1000000000,2,Yes,,,,,,,,
pfp_bloom_filter_add_unique_size_u64,0,NVIDIA RTX PRO 6000 Blackwell Server Edition,I64,U64,128,1,4,2,1000000000,4,Yes,,,,,,,,
pfp_bloom_filter_add_unique_size_u64,0,NVIDIA RTX PRO 6000 Blackwell Server Edition,I64,U64,128,1,4,2,1000000000,8,Yes,,,,,,,,
pfp_bloom_filter_add_unique_size_u64,0,NVIDIA RTX PRO 6000 Blackwell Server Edition,I64,U64,128,1,4,2,1000000000,16,Yes,,,,,,,,
pfp_bloom_filter_add_unique_size_u64,0,NVIDIA RTX PRO 6000 Blackwell Server Edition,I64,U64,128,1,4,2,1000000000,32,Yes,,,,,,,,
pfp_bloom_filter_add_unique_size_u64,0,NVIDIA RTX PRO 6000 Blackwell Server Edition,I64,U64,128,1,4,2,1000000000,64,Yes,,,,,,,,
pfp_bloom_filter_add_unique_size_u64,0,NVIDIA RTX PRO 6000 Blackwell Server Edition,I64,U64,128,1,4,2,1000000000,128,Yes,,,,,,,,
pfp_bloom_filter_add_unique_size_u64,0,NVIDIA RTX PRO 6000 Blackwell Server Edition,I64,U64,128,1,4,2,1000000000,256,Yes,,,,,,,,
pfp_bloom_filter_add_unique_size_u64,0,NVIDIA RTX PRO 6000 Blackwell Server Edition,I64,U64,128,1,4,2,1000000000,512,Yes,,,,,,,,
pfp_bloom_filter_add_unique_size_u64,0,NVIDIA RTX PRO 6000 Blackwell Server Edition,I64,U64,128,1,4,2,1000000000,1024,Yes,,,,,,,,
pfp_bloom_filter_add_unique_size_u64,0,NVIDIA RTX PRO 6000 Blackwell Server Edition,I64,U64,128,1,4,2,1000000000,2048,Yes,,,,,,,,
pfp_bloom_filter_add_unique_size_u64,0,NVIDIA RTX PRO 6000 Blackwell Server Edition,I64,U64,128,1,4,4,1000000000,1,Yes,,,,,,,,
pfp_bloom_filter_add_unique_size_u64,0,NVIDIA RTX PRO 6000 Blackwell Server Edition,I64,U64,128,1,4,4,1000000000,2,Yes,,,,,,,,
pfp_bloom_filter_add_unique_size_u64,0,NVIDIA RTX PRO 6000 Blackwell Server Edition,I64,U64,128,1,4,4,1000000000,4,Yes,,,,,,,,
pfp_bloom_filter_add_unique_size_u64,0,NVIDIA RTX PRO 6000 Blackwell Server Edition,I64,U64,128,1,4,4,1000000000,8,Yes,,,,,,,,
pfp_bloom_filter_add_unique_size_u64,0,NVIDIA RTX PRO 6000 Blackwell Server Edition,I64,U64,128,1,4,4,1000000000,16,Yes,,,,,,,,
pfp_bloom_filter_add_unique_size_u64,0,NVIDIA RTX PRO 6000 Blackwell Server Edition,I64,U64,128,1,4,4,1000000000,32,Yes,,,,,,,,
pfp_bloom_filter_add_unique_size_u64,0,NVIDIA RTX PRO 6000 Blackwell Server Edition,I64,U64,128,1,4,4,1000000000,64,Yes,,,,,,,,
pfp_bloom_filter_add_unique_size_u64,0,NVIDIA RTX PRO 6000 Blackwell Server Edition,I64,U64,128,1,4,4,1000000000,128,Yes,,,,,,,,
pfp_bloom_filter_add_unique_size_u64,0,NVIDIA RTX PRO 6000 Blackwell Server Edition,I64,U64,128,1,4,4,1000000000,256,Yes,,,,,,,,
pfp_bloom_filter_add_unique_size_u64,0,NVIDIA RTX PRO 6000 Blackwell Server Edition,I64,U64,128,1,4,4,1000000000,512,Yes,,,,,,,,
pfp_bloom_filter_add_unique_size_u64,0,NVIDIA RTX PRO 6000 Blackwell Server Edition,I64,U64,128,1,4,4,1000000000,1024,Yes,,,,,,,,
pfp_bloom_filter_add_unique_size_u64,0,NVIDIA RTX PRO 6000 Blackwell Server Edition,I64,U64,128,1,4,4,1000000000,2048,Yes,,,,,,,,
pfp_bloom_filter_add_unique_size_u64,0,NVIDIA RTX PRO 6000 Blackwell Server Edition,I64,U64,128,1,4,8,1000000000,1,Yes,,,,,,,,
pfp_bloom_filter_add_unique_size_u64,0,NVIDIA RTX PRO 6000 Blackwell Server Edition,I64,U64,128,1,4,8,1000000000,2,Yes,,,,,,,,
pfp_bloom_filter_add_unique_size_u64,0,NVIDIA RTX PRO 6000 Blackwell Server Edition,I64,U64,128,1,4,8,1000000000,4,Yes,,,,,,,,
pfp_bloom_filter_add_unique_size_u64,0,NVIDIA RTX PRO 6000 Blackwell Server Edition,I64,U64,128,1,4,8,1000000000,8,Yes,,,,,,,,
pfp_bloom_filter_add_unique_size_u64,0,NVIDIA RTX PRO 6000 Blackwell Server Edition,I64,U64,128,1,4,8,1000000000,16,Yes,,,,,,,,
pfp_bloom_filter_add_unique_size_u64,0,NVIDIA RTX PRO 6000 Blackwell Server Edition,I64,U64,128,1,4,8,1000000000,32,Yes,,,,,,,,
pfp_bloom_filter_add_unique_size_u64,0,NVIDIA RTX PRO 6000 Blackwell Server Edition,I64,U64,128,1,4,8,1000000000,64,Yes,,,,,,,,
pfp_bloom_filter_add_unique_size_u64,0,NVIDIA RTX PRO 6000 Blackwell Server Edition,I64,U64,128,1,4,8,1000000000,128,Yes,,,,,,,,
pfp_bloom_filter_add_unique_size_u64,0,NVIDIA RTX PRO 6000 Blackwell Server Edition,I64,U64,128,1,4,8,1000000000,256,Yes,,,,,,,,
pfp_bloom_filter_add_unique_size_u64,0,NVIDIA RTX PRO 6000 Blackwell Server Edition,I64,U64,128,1,4,8,1000000000,512,Yes,,,,,,,,
pfp_bloom_filter_add_unique_size_u64,0,NVIDIA RTX PRO 6000 Blackwell Server Edition,I64,U64,128,1,4,8,1000000000,1024,Yes,,,,,,,,
pfp_bloom_filter_add_unique_size_u64,0,NVIDIA RTX PRO 6000 Blackwell Server Edition,I64,U64,128,1,4,8,1000000000,2048,Yes,,,,,,,,
pfp_bloom_filter_add_unique_size_u64,0,NVIDIA RTX PRO 6000 Blackwell Server Edition,I64,U64,128,1,8,1,1000000000,1,Yes,,,,,,,,
pfp_bloom_filter_add_unique_size_u64,0,NVIDIA RTX PRO 6000 Blackwell Server Edition,I64,U64,128,1,8,1,1000000000,2,Yes,,,,,,,,
pfp_bloom_filter_add_unique_size_u64,0,NVIDIA RTX PRO 6000 Blackwell Server Edition,I64,U64,128,1,8,1,1000000000,4,Yes,,,,,,,,
pfp_bloom_filter_add_unique_size_u64,0,NVIDIA RTX PRO 6000 Blackwell Server Edition,I64,U64,128,1,8,1,1000000000,8,Yes,,,,,,,,
pfp_bloom_filter_add_unique_size_u64,0,NVIDIA RTX PRO 6000 Blackwell Server Edition,I64,U64,128,1,8,1,1000000000,16,Yes,,,,,,,,
pfp_bloom_filter_add_unique_size_u64,0,NVIDIA RTX PRO 6000 Blackwell Server Edition,I64,U64,128,1,8,1,1000000000,32,Yes,,,,,,,,
pfp_bloom_filter_add_unique_size_u64,0,NVIDIA RTX PRO 6000 Blackwell Server Edition,I64,U64,128,1,8,1,1000000000,64,Yes,,,,,,,,
pfp_bloom_filter_add_unique_size_u64,0,NVIDIA RTX PRO 6000 Blackwell Server Edition,I64,U64,128,1,8,1,1000000000,128,Yes,,,,,,,,
pfp_bloom_filter_add_unique_size_u64,0,NVIDIA RTX PRO 6000 Blackwell Server Edition,I64,U64,128,1,8,1,1000000000,256,Yes,,,,,,,,
pfp_bloom_filter_add_unique_size_u64,0,NVIDIA RTX PRO 6000 Blackwell Server Edition,I64,U64,128,1,8,1,1000000000,512,Yes,,,,,,,,
pfp_bloom_filter_add_unique_size_u64,0,NVIDIA RTX PRO 6000 Blackwell Server Edition,I64,U64,128,1,8,1,1000000000,1024,Yes,,,,,,,,
pfp_bloom_filter_add_unique_size_u64,0,NVIDIA RTX PRO 6000 Blackwell Server Edition,I64,U64,128,1,8,1,1000000000,2048,Yes,,,,,,,,
pfp_bloom_filter_add_unique_size_u64,0,NVIDIA RTX PRO 6000 Blackwell Server Edition,I64,U64,128,1,8,2,1000000000,1,Yes,,,,,,,,
pfp_bloom_filter_add_unique_size_u64,0,NVIDIA RTX PRO 6000 Blackwell Server Edition,I64,U64,128,1,8,2,1000000000,2,Yes,,,,,,,,
pfp_bloom_filter_add_unique_size_u64,0,NVIDIA RTX PRO 6000 Blackwell Server Edition,I64,U64,128,1,8,2,1000000000,4,Yes,,,,,,,,
pfp_bloom_filter_add_unique_size_u64,0,NVIDIA RTX PRO 6000 Blackwell Server Edition,I64,U64,128,1,8,2,1000000000,8,Yes,,,,,,,,
pfp_bloom_filter_add_unique_size_u64,0,NVIDIA RTX PRO 6000 Blackwell Server Edition,I64,U64,128,1,8,2,1000000000,16,Yes,,,,,,,,
pfp_bloom_filter_add_unique_size_u64,0,NVIDIA RTX PRO 6000 Blackwell Server Edition,I64,U64,128,1,8,2,1000000000,32,Yes,,,,,,,,
pfp_bloom_filter_add_unique_size_u64,0,NVIDIA RTX PRO 6000 Blackwell Server Edition,I64,U64,128,1,8,2,1000000000,64,Yes,,,,,,,,
pfp_bloom_filter_add_unique_size_u64,0,NVIDIA RTX PRO 6000 Blackwell Server Edition,I64,U64,128,1,8,2,1000000000,128,Yes,,,,,,,,
pfp_bloom_filter_add_unique_size_u64,0,NVIDIA RTX PRO 6000 Blackwell Server Edition,I64,U64,128,1,8,2,1000000000,256,Yes,,,,,,,,
pfp_bloom_filter_add_unique_size_u64,0,NVIDIA RTX PRO 6000 Blackwell Server Edition,I64,U64,128,1,8,2,1000000000,512,Yes,,,,,,,,
pfp_bloom_filter_add_unique_size_u64,0,NVIDIA RTX PRO 6000 Blackwell Server Edition,I64,U64,128,1,8,2,1000000000,1024,Yes,,,,,,,,
pfp_bloom_filter_add_unique_size_u64,0,NVIDIA RTX PRO 6000 Blackwell Server Edition,I64,U64,128,1,8,2,1000000000,2048,Yes,,,,,,,,
pfp_bloom_filter_add_unique_size_u64,0,NVIDIA RTX PRO 6000 Blackwell Server Edition,I64,U64,128,1,8,4,1000000000,1,Yes,,,,,,,,
pfp_bloom_filter_add_unique_size_u64,0,NVIDIA RTX PRO 6000 Blackwell Server Edition,I64,U64,128,1,8,4,1000000000,2,Yes,,,,,,,,
pfp_bloom_filter_add_unique_size_u64,0,NVIDIA RTX PRO 6000 Blackwell Server Edition,I64,U64,128,1,8,4,1000000000,4,Yes,,,,,,,,
pfp_bloom_filter_add_unique_size_u64,0,NVIDIA RTX PRO 6000 Blackwell Server Edition,I64,U64,128,1,8,4,1000000000,8,Yes,,,,,,,,
pfp_bloom_filter_add_unique_size_u64,0,NVIDIA RTX PRO 6000 Blackwell Server Edition,I64,U64,128,1,8,4,1000000000,16,Yes,,,,,,,,
pfp_bloom_filter_add_unique_size_u64,0,NVIDIA RTX PRO 6000 Blackwell Server Edition,I64,U64,128,1,8,4,1000000000,32,Yes,,,,,,,,
pfp_bloom_filter_add_unique_size_u64,0,NVIDIA RTX PRO 6000 Blackwell Server Edition,I64,U64,128,1,8,4,1000000000,64,Yes,,,,,,,,
pfp_bloom_filter_add_unique_size_u64,0,NVIDIA RTX PRO 6000 Blackwell Server Edition,I64,U64,128,1,8,4,1000000000,128,Yes,,,,,,,,
pfp_bloom_filter_add_unique_size_u64,0,NVIDIA RTX PRO 6000 Blackwell Server Edition,I64,U64,128,1,8,4,1000000000,256,Yes,,,,,,,,
pfp_bloom_filter_add_unique_size_u64,0,NVIDIA RTX PRO 6000 Blackwell Server Edition,I64,U64,128,1,8,4,1000000000,512,Yes,,,,,,,,
pfp_bloom_filter_add_unique_size_u64,0,NVIDIA RTX PRO 6000 Blackwell Server Edition,I64,U64,128,1,8,4,1000000000,1024,Yes,,,,,,,,
pfp_bloom_filter_add_unique_size_u64,0,NVIDIA RTX PRO 6000 Blackwell Server Edition,I64,U64,128,1,8,4,1000000000,2048,Yes,,,,,,,,
pfp_bloom_filter_add_unique_size_u64,0,NVIDIA RTX PRO 6000 Blackwell Server Edition,I64,U64,128,1,8,8,1000000000,1,Yes,,,,,,,,
pfp_bloom_filter_add_unique_size_u64,0,NVIDIA RTX PRO 6000 Blackwell Server Edition,I64,U64,128,1,8,8,1000000000,2,Yes,,,,,,,,
pfp_bloom_filter_add_unique_size_u64,0,NVIDIA RTX PRO 6000 Blackwell Server Edition,I64,U64,128,1,8,8,1000000000,4,Yes,,,,,,,,
pfp_bloom_filter_add_unique_size_u64,0,NVIDIA RTX PRO 6000 Blackwell Server Edition,I64,U64,128,1,8,8,1000000000,8,Yes,,,,,,,,
pfp_bloom_filter_add_unique_size_u64,0,NVIDIA RTX PRO 6000 Blackwell Server Edition,I64,U64,128,1,8,8,1000000000,16,Yes,,,,,,,,
pfp_bloom_filter_add_unique_size_u64,0,NVIDIA RTX PRO 6000 Blackwell Server Edition,I64,U64,128,1,8,8,1000000000,32,Yes,,,,,,,,
pfp_bloom_filter_add_unique_size_u64,0,NVIDIA RTX PRO 6000 Blackwell Server Edition,I64,U64,128,1,8,8,1000000000,64,Yes,,,,,,,,
pfp_bloom_filter_add_unique_size_u64,0,NVIDIA RTX PRO 6000 Blackwell Server Edition,I64,U64,128,1,8,8,1000000000,128,Yes,,,,,,,,
pfp_bloom_filter_add_unique_size_u64,0,NVIDIA RTX PRO 6000 Blackwell Server Edition,I64,U64,128,1,8,8,1000000000,256,Yes,,,,,,,,
pfp_bloom_filter_add_unique_size_u64,0,NVIDIA RTX PRO 6000 Blackwell Server Edition,I64,U64,128,1,8,8,1000000000,512,Yes,,,,,,,,
pfp_bloom_filter_add_unique_size_u64,0,NVIDIA RTX PRO 6000 Blackwell Server Edition,I64,U64,128,1,8,8,1000000000,1024,Yes,,,,,,,,
pfp_bloom_filter_add_unique_size_u64,0,NVIDIA RTX PRO 6000 Blackwell Server Edition,I64,U64,128,1,8,8,1000000000,2048,Yes,,,,,,,,
pfp_bloom_filter_add_unique_size_u64,0,NVIDIA RTX PRO 6000 Blackwell Server Edition,I64,U64,128,20,1,1,1000000000,1,No,23,0.02188891886956522,5.0960313162180697e-05,0.021878237185270894,3.953054151264836e-05,45707521658.70251,24,0.021865384419759114
pfp_bloom_filter_add_unique_size_u64,0,NVIDIA RTX PRO 6000 Blackwell Server Edition,I64,U64,128,20,1,1,1000000000,2,No,23,0.021998985086956524,6.072112049191298e-05,0.021988653846409002,4.0705858204312754e-05,45478000016.96381,24,0.021971710125605264
pfp_bloom_filter_add_unique_size_u64,0,NVIDIA RTX PRO 6000 Blackwell Server Edition,I64,U64,128,20,1,1,1000000000,4,No,23,0.022056433304347825,7.057779031966773e-05,0.02204592563795007,3.697589876337556e-05,45359855440.97955,24,0.02202363562583923
pfp_bloom_filter_add_unique_size_u64,0,NVIDIA RTX PRO 6000 Blackwell Server Edition,I64,U64,128,20,1,1,1000000000,8,No,23,0.022096868521739133,4.9146365778069285e-05,0.022086130225140114,2.8988907899768858e-05,45277284422.67917,24,0.022048339287439978
pfp_bloom_filter_add_unique_size_u64,0,NVIDIA RTX PRO 6000 Blackwell Server Edition,I64,U64,128,20,1,1,1000000000,16,No,23,0.02212947626086957,5.5285385938700537e-05,0.022119106707365613,3.5425679513306185e-05,45209782349.257454,24,0.02206323043505351
pfp_bloom_filter_add_unique_size_u64,0,NVIDIA RTX PRO 6000 Blackwell Server Edition,I64,U64,128,20,1,1,1000000000,32,No,23,0.022171480304347835,6.839154725953787e-05,0.022160731937574306,5.133269379947552e-05,45124863331.09172,24,0.022066472450892133
pfp_bloom_filter_add_unique_size_u64,0,NVIDIA RTX PRO 6000 Blackwell Server Edition,I64,U64,128,20,1,1,1000000000,64,No,22,0.02369486427272727,0.0002807114348502492,0.02368356791409579,0.00028652784057584094,42223367848.424065,23,0.02327874266582987
pfp_bloom_filter_add_unique_size_u64,0,NVIDIA RTX PRO 6000 Blackwell Server Edition,I64,U64,128,20,1,1,1000000000,128,No,11,0.09333776927272729,0.0002126079499311028,0.09332637578790838,0.0002128242551886298,10715084471.645824,12,0.09321280225118002
pfp_bloom_filter_add_unique_size_u64,0,NVIDIA RTX PRO 6000 Blackwell Server Edition,I64,U64,128,20,1,1,1000000000,256,No,11,0.1391839772727273,0.0001486917956748263,0.1391719637784091,0.00014873657180776068,7185355245.775,12,0.13914098866780597
pfp_bloom_filter_add_unique_size_u64,0,NVIDIA RTX PRO 6000 Blackwell Server Edition,I64,U64,128,20,1,1,1000000000,512,No,11,0.1606821581818182,0.00014900894704574885,0.1606713728471236,0.0001504250149758434,6223884082.645419,12,0.16062152735392252
pfp_bloom_filter_add_unique_size_u64,0,NVIDIA RTX PRO 6000 Blackwell Server Edition,I64,U64,128,20,1,1,1000000000,1024,No,11,0.1700709621818182,0.00017508605784985723,0.17005903764204547,0.00017669973375318936,5880310825.378677,12,0.1700261840820312
pfp_bloom_filter_add_unique_size_u64,0,NVIDIA RTX PRO 6000 Blackwell Server Edition,I64,U64,128,20,1,1,1000000000,2048,No,11,0.17460093281818181,0.0001706498253079129,0.17458974942294037,0.0001694418968703892,5727713129.237152,12,0.17456877263387047
pfp_bloom_filter_add_unique_size_u64,0,NVIDIA RTX PRO 6000 Blackwell Server Edition,I64,U64,128,20,1,2,1000000000,1,No,23,0.021886355695652178,6.651598981045351e-05,0.02187609058877697,5.1900190634651864e-05,45712006719.93136,24,0.02186604309082031
pfp_bloom_filter_add_unique_size_u64,0,NVIDIA RTX PRO 6000 Blackwell Server Edition,I64,U64,128,20,1,2,1000000000,2,No,23,0.02199200434782609,6.153810826223283e-05,0.021982326258783758,4.799980642306844e-05,45491090807.57171,24,0.021972708463668823
pfp_bloom_filter_add_unique_size_u64,0,NVIDIA RTX PRO 6000 Blackwell Server Edition,I64,U64,128,20,1,2,1000000000,4,No,23,0.022058149782608692,4.952030808383892e-05,0.02204784990393598,5.0483119469581354e-05,45355896577.53793,24,0.022025941133499146
pfp_bloom_filter_add_unique_size_u64,0,NVIDIA RTX PRO 6000 Blackwell Server Edition,I64,U64,128,20,1,2,1000000000,8,No,23,0.022100197173913046,6.567542342480757e-05,0.022090099500573196,4.914143259745704e-05,45269148741.229164,24,0.022051212549209595
pfp_bloom_filter_add_unique_size_u64,0,NVIDIA RTX PRO 6000 Blackwell Server Edition,I64,U64,128,20,1,2,1000000000,16,No,23,0.022128094391304344,4.50155864498762e-05,0.022117867262467093,3.7965538648272646e-05,45212315822.916145,24,0.022062825361887615
pfp_bloom_filter_add_unique_size_u64,0,NVIDIA RTX PRO 6000 Blackwell Server Edition,I64,U64,128,20,1,2,1000000000,32,No,23,0.022175256478260873,6.491014213027707e-05,0.022165774138077445,5.5022634738264264e-05,45114598469.27482,24,0.02207153089841207
pfp_bloom_filter_add_unique_size_u64,0,NVIDIA RTX PRO 6000 Blackwell Server Edition,I64,U64,128,20,1,2,1000000000,64,No,22,0.02370319522727273,0.0003658155539578898,0.02369360429590399,0.00036902096948920155,42205482437.843956,23,0.02328914161350416
pfp_bloom_filter_add_unique_size_u64,0,NVIDIA RTX PRO 6000 Blackwell Server Edition,I64,U64,128,20,1,2,1000000000,128,No,11,0.09327110045454547,0.00017691669596150736,0.09326042383367365,0.0001754718521681339,10722661970.563862,12,0.0931317342122396
pfp_bloom_filter_add_unique_size_u64,0,NVIDIA RTX PRO 6000 Blackwell Server Edition,I64,U64,128,20,1,2,1000000000,256,No,11,0.1391850449090909,0.0002883636216082916,0.1391741915616122,0.00028855654731293356,7185240228.661946,12,0.1391404355367025
pfp_bloom_filter_add_unique_size_u64,0,NVIDIA RTX PRO 6000 Blackwell Server Edition,I64,U64,128,20,1,2,1000000000,512,No,11,0.1606729561818182,0.00019214624189424888,0.1606616571599787,0.00019159717095504548,6224260459.384225,12,0.16063244756062825
pfp_bloom_filter_add_unique_size_u64,0,NVIDIA RTX PRO 6000 Blackwell Server Edition,I64,U64,128,20,1,2,1000000000,1024,No,11,0.17004645490909093,0.00014380879428828636,0.170034985628995,0.00014565078414200699,5881142614.861235,12,0.17000690587361655
pfp_bloom_filter_add_unique_size_u64,0,NVIDIA RTX PRO 6000 Blackwell Server Edition,I64,U64,128,20,1,2,1000000000,2048,No,11,0.1745947921818182,9.836291600161231e-05,0.1745839094682173,0.0001004415381979862,5727904725.275087,12,0.17456810633341469
pfp_bloom_filter_add_unique_size_u64,0,NVIDIA RTX PRO 6000 Blackwell Server Edition,I64,U64,128,20,1,4,1000000000,1,Yes,,,,,,,,
pfp_bloom_filter_add_unique_size_u64,0,NVIDIA RTX PRO 6000 Blackwell Server Edition,I64,U64,128,20,1,4,1000000000,2,Yes,,,,,,,,
pfp_bloom_filter_add_unique_size_u64,0,NVIDIA RTX PRO 6000 Blackwell Server Edition,I64,U64,128,20,1,4,1000000000,4,Yes,,,,,,,,
pfp_bloom_filter_add_unique_size_u64,0,NVIDIA RTX PRO 6000 Blackwell Server Edition,I64,U64,128,20,1,4,1000000000,8,Yes,,,,,,,,
pfp_bloom_filter_add_unique_size_u64,0,NVIDIA RTX PRO 6000 Blackwell Server Edition,I64,U64,128,20,1,4,1000000000,16,Yes,,,,,,,,
pfp_bloom_filter_add_unique_size_u64,0,NVIDIA RTX PRO 6000 Blackwell Server Edition,I64,U64,128,20,1,4,1000000000,32,Yes,,,,,,,,
pfp_bloom_filter_add_unique_size_u64,0,NVIDIA RTX PRO 6000 Blackwell Server Edition,I64,U64,128,20,1,4,1000000000,64,Yes,,,,,,,,
pfp_bloom_filter_add_unique_size_u64,0,NVIDIA RTX PRO 6000 Blackwell Server Edition,I64,U64,128,20,1,4,1000000000,128,Yes,,,,,,,,
pfp_bloom_filter_add_unique_size_u64,0,NVIDIA RTX PRO 6000 Blackwell Server Edition,I64,U64,128,20,1,4,1000000000,256,Yes,,,,,,,,
pfp_bloom_filter_add_unique_size_u64,0,NVIDIA RTX PRO 6000 Blackwell Server Edition,I64,U64,128,20,1,4,1000000000,512,Yes,,,,,,,,
pfp_bloom_filter_add_unique_size_u64,0,NVIDIA RTX PRO 6000 Blackwell Server Edition,I64,U64,128,20,1,4,1000000000,1024,Yes,,,,,,,,
pfp_bloom_filter_add_unique_size_u64,0,NVIDIA RTX PRO 6000 Blackwell Server Edition,I64,U64,128,20,1,4,1000000000,2048,Yes,,,,,,,,
pfp_bloom_filter_add_unique_size_u64,0,NVIDIA RTX PRO 6000 Blackwell Server Edition,I64,U64,128,20,1,8,1000000000,1,Yes,,,,,,,,
pfp_bloom_filter_add_unique_size_u64,0,NVIDIA RTX PRO 6000 Blackwell Server Edition,I64,U64,128,20,1,8,1000000000,2,Yes,,,,,,,,
pfp_bloom_filter_add_unique_size_u64,0,NVIDIA RTX PRO 6000 Blackwell Server Edition,I64,U64,128,20,1,8,1000000000,4,Yes,,,,,,,,
pfp_bloom_filter_add_unique_size_u64,0,NVIDIA RTX PRO 6000 Blackwell Server Edition,I64,U64,128,20,1,8,1000000000,8,Yes,,,,,,,,
pfp_bloom_filter_add_unique_size_u64,0,NVIDIA RTX PRO 6000 Blackwell Server Edition,I64,U64,128,20,1,8,1000000000,16,Yes,,,,,,,,
pfp_bloom_filter_add_unique_size_u64,0,NVIDIA RTX PRO 6000 Blackwell Server Edition,I64,U64,128,20,1,8,1000000000,32,Yes,,,,,,,,
pfp_bloom_filter_add_unique_size_u64,0,NVIDIA RTX PRO 6000 Blackwell Server Edition,I64,U64,128,20,1,8,1000000000,64,Yes,,,,,,,,
pfp_bloom_filter_add_unique_size_u64,0,NVIDIA RTX PRO 6000 Blackwell Server Edition,I64,U64,128,20,1,8,1000000000,128,Yes,,,,,,,,
pfp_bloom_filter_add_unique_size_u64,0,NVIDIA RTX PRO 6000 Blackwell Server Edition,I64,U64,128,20,1,8,1000000000,256,Yes,,,,,,,,
pfp_bloom_filter_add_unique_size_u64,0,NVIDIA RTX PRO 6000 Blackwell Server Edition,I64,U64,128,20,1,8,1000000000,512,Yes,,,,,,,,
pfp_bloom_filter_add_unique_size_u64,0,NVIDIA RTX PRO 6000 Blackwell Server Edition,I64,U64,128,20,1,8,1000000000,1024,Yes,,,,,,,,
pfp_bloom_filter_add_unique_size_u64,0,NVIDIA RTX PRO 6000 Blackwell Server Edition,I64,U64,128,20,1,8,1000000000,2048,Yes,,,,,,,,
pfp_bloom_filter_add_unique_size_u64,0,NVIDIA RTX PRO 6000 Blackwell Server Edition,I64,U64,128,20,2,1,1000000000,1,No,33,0.015468474363636365,0.015384111323665055,0.01545825935132576,0.015380025926397322,64690336555.53438,34,0.015696233917685116
pfp_bloom_filter_add_unique_size_u64,0,NVIDIA RTX PRO 6000 Blackwell Server Edition,I64,U64,128,20,2,1,1000000000,2,No,33,0.01559445703030303,0.014098470195764283,0.01558419100443522,0.014101484779409488,64167591356.869446,34,0.015710399880128748
pfp_bloom_filter_add_unique_size_u64,0,NVIDIA RTX PRO 6000 Blackwell Server Edition,I64,U64,128,20,2,1,1000000000,4,No,32,0.015640518187499994,0.01466634432769811,0.015630427956581115,0.014680975953313908,63977774810.63498,33,0.015736117276278407
pfp_bloom_filter_add_unique_size_u64,0,NVIDIA RTX PRO 6000 Blackwell Server Edition,I64,U64,128,20,2,1,1000000000,8,No,32,0.015684441625,0.014698257830832711,0.01567428201436996,0.01471458726799524,63798775540.92838,33,0.015759682395241476
pfp_bloom_filter_add_unique_size_u64,0,NVIDIA RTX PRO 6000 Blackwell Server Edition,I64,U64,128,20,2,1,1000000000,16,No,32,0.01568566125,0.015778293341221907,0.015675671011209487,0.01579385032375135,63793122430.60676,33,0.015768171830610796
pfp_bloom_filter_add_unique_size_u64,0,NVIDIA RTX PRO 6000 Blackwell Server Edition,I64,U64,128,20,2,1,1000000000,32,No,32,0.015745958499999997,0.01669140724812264,0.01573633503913879,0.016699334443273234,63547198093.637405,33,0.015813073360558712
pfp_bloom_filter_add_unique_size_u64,0,NVIDIA RTX PRO 6000 Blackwell Server Edition,I64,U64,128,20,2,1,1000000000,64,No,25,0.020583967720000006,0.00010924610650210343,0.020574230957031245,0.00010251398621139125,48604489863.48381,26,0.020269450261042668
pfp_bloom_filter_add_unique_size_u64,0,NVIDIA RTX PRO 6000 Blackwell Server Edition,I64,U64,128,20,2,1,1000000000,128,No,11,0.08398284854545456,0.00020691396771112857,0.08397232055664061,0.0002028432877970638,11908686021.43113,12,0.08386278724670411
pfp_bloom_filter_add_unique_size_u64,0,NVIDIA RTX PRO 6000 Blackwell Server Edition,I64,U64,128,20,2,1,1000000000,256,No,11,0.13821667854545455,0.00016550537339841016,0.13820547901500357,0.00016728399168056753,7235603155.005455,12,0.13816370519002277
pfp_bloom_filter_add_unique_size_u64,0,NVIDIA RTX PRO 6000 Blackwell Server Edition,I64,U64,128,20,2,1,1000000000,512,No,11,0.15723560054545457,0.00017092152486195464,0.15722484241832385,0.00016712849518595225,6360318030.017974,12,0.15721497726440428
pfp_bloom_filter_add_unique_size_u64,0,NVIDIA RTX PRO 6000 Blackwell Server Edition,I64,U64,128,20,2,1,1000000000,1024,No,11,0.165259218,0.00011978938496246517,0.16524843389337718,0.00012114092163401788,6051494567.538398,12,0.1652707799275716
pfp_bloom_filter_add_unique_size_u64,0,NVIDIA RTX PRO 6000 Blackwell Server Edition,I64,U64,128,20,2,1,1000000000,2048,No,11,0.16872699709090908,0.0002636105595543323,0.1687163099809126,0.00026410353778914846,5927109241.02793,12,0.16872615687052409
pfp_bloom_filter_add_unique_size_u64,0,NVIDIA RTX PRO 6000 Blackwell Server Edition,I64,U64,128,20,2,2,1000000000,1,Yes,,,,,,,,
pfp_bloom_filter_add_unique_size_u64,0,NVIDIA RTX PRO 6000 Blackwell Server Edition,I64,U64,128,20,2,2,1000000000,2,Yes,,,,,,,,
pfp_bloom_filter_add_unique_size_u64,0,NVIDIA RTX PRO 6000 Blackwell Server Edition,I64,U64,128,20,2,2,1000000000,4,Yes,,,,,,,,
pfp_bloom_filter_add_unique_size_u64,0,NVIDIA RTX PRO 6000 Blackwell Server Edition,I64,U64,128,20,2,2,1000000000,8,Yes,,,,,,,,
pfp_bloom_filter_add_unique_size_u64,0,NVIDIA RTX PRO 6000 Blackwell Server Edition,I64,U64,128,20,2,2,1000000000,16,Yes,,,,,,,,
pfp_bloom_filter_add_unique_size_u64,0,NVIDIA RTX PRO 6000 Blackwell Server Edition,I64,U64,128,20,2,2,1000000000,32,Yes,,,,,,,,
pfp_bloom_filter_add_unique_size_u64,0,NVIDIA RTX PRO 6000 Blackwell Server Edition,I64,U64,128,20,2,2,1000000000,64,Yes,,,,,,,,
pfp_bloom_filter_add_unique_size_u64,0,NVIDIA RTX PRO 6000 Blackwell Server Edition,I64,U64,128,20,2,2,1000000000,128,Yes,,,,,,,,
pfp_bloom_filter_add_unique_size_u64,0,NVIDIA RTX PRO 6000 Blackwell Server Edition,I64,U64,128,20,2,2,1000000000,256,Yes,,,,,,,,
pfp_bloom_filter_add_unique_size_u64,0,NVIDIA RTX PRO 6000 Blackwell Server Edition,I64,U64,128,20,2,2,1000000000,512,Yes,,,,,,,,
pfp_bloom_filter_add_unique_size_u64,0,NVIDIA RTX PRO 6000 Blackwell Server Edition,I64,U64,128,20,2,2,1000000000,1024,Yes,,,,,,,,
pfp_bloom_filter_add_unique_size_u64,0,NVIDIA RTX PRO 6000 Blackwell Server Edition,I64,U64,128,20,2,2,1000000000,2048,Yes,,,,,,,,
pfp_bloom_filter_add_unique_size_u64,0,NVIDIA RTX PRO 6000 Blackwell Server Edition,I64,U64,128,20,2,4,1000000000,1,Yes,,,,,,,,
pfp_bloom_filter_add_unique_size_u64,0,NVIDIA RTX PRO 6000 Blackwell Server Edition,I64,U64,128,20,2,4,1000000000,2,Yes,,,,,,,,
pfp_bloom_filter_add_unique_size_u64,0,NVIDIA RTX PRO 6000 Blackwell Server Edition,I64,U64,128,20,2,4,1000000000,4,Yes,,,,,,,,
pfp_bloom_filter_add_unique_size_u64,0,NVIDIA RTX PRO 6000 Blackwell Server Edition,I64,U64,128,20,2,4,1000000000,8,Yes,,,,,,,,
pfp_bloom_filter_add_unique_size_u64,0,NVIDIA RTX PRO 6000 Blackwell Server Edition,I64,U64,128,20,2,4,1000000000,16,Yes,,,,,,,,
pfp_bloom_filter_add_unique_size_u64,0,NVIDIA RTX PRO 6000 Blackwell Server Edition,I64,U64,128,20,2,4,1000000000,32,Yes,,,,,,,,
pfp_bloom_filter_add_unique_size_u64,0,NVIDIA RTX PRO 6000 Blackwell Server Edition,I64,U64,128,20,2,4,1000000000,64,Yes,,,,,,,,
pfp_bloom_filter_add_unique_size_u64,0,NVIDIA RTX PRO 6000 Blackwell Server Edition,I64,U64,128,20,2,4,1000000000,128,Yes,,,,,,,,
pfp_bloom_filter_add_unique_size_u64,0,NVIDIA RTX PRO 6000 Blackwell Server Edition,I64,U64,128,20,2,4,1000000000,256,Yes,,,,,,,,
pfp_bloom_filter_add_unique_size_u64,0,NVIDIA RTX PRO 6000 Blackwell Server Edition,I64,U64,128,20,2,4,1000000000,512,Yes,,,,,,,,
pfp_bloom_filter_add_unique_size_u64,0,NVIDIA RTX PRO 6000 Blackwell Server Edition,I64,U64,128,20,2,4,1000000000,1024,Yes,,,,,,,,
pfp_bloom_filter_add_unique_size_u64,0,NVIDIA RTX PRO 6000 Blackwell Server Edition,I64,U64,128,20,2,4,1000000000,2048,Yes,,,,,,,,
pfp_bloom_filter_add_unique_size_u64,0,NVIDIA RTX PRO 6000 Blackwell Server Edition,I64,U64,128,20,2,8,1000000000,1,Yes,,,,,,,,
pfp_bloom_filter_add_unique_size_u64,0,NVIDIA RTX PRO 6000 Blackwell Server Edition,I64,U64,128,20,2,8,1000000000,2,Yes,,,,,,,,
pfp_bloom_filter_add_unique_size_u64,0,NVIDIA RTX PRO 6000 Blackwell Server Edition,I64,U64,128,20,2,8,1000000000,4,Yes,,,,,,,,
pfp_bloom_filter_add_unique_size_u64,0,NVIDIA RTX PRO 6000 Blackwell Server Edition,I64,U64,128,20,2,8,1000000000,8,Yes,,,,,,,,
pfp_bloom_filter_add_unique_size_u64,0,NVIDIA RTX PRO 6000 Blackwell Server Edition,I64,U64,128,20,2,8,1000000000,16,Yes,,,,,,,,
pfp_bloom_filter_add_unique_size_u64,0,NVIDIA RTX PRO 6000 Blackwell Server Edition,I64,U64,128,20,2,8,1000000000,32,Yes,,,,,,,,
pfp_bloom_filter_add_unique_size_u64,0,NVIDIA RTX PRO 6000 Blackwell Server Edition,I64,U64,128,20,2,8,1000000000,64,Yes,,,,,,,,
pfp_bloom_filter_add_unique_size_u64,0,NVIDIA RTX PRO 6000 Blackwell Server Edition,I64,U64,128,20,2,8,1000000000,128,Yes,,,,,,,,
pfp_bloom_filter_add_unique_size_u64,0,NVIDIA RTX PRO 6000 Blackwell Server Edition,I64,U64,128,20,2,8,1000000000,256,Yes,,,,,,,,
pfp_bloom_filter_add_unique_size_u64,0,NVIDIA RTX PRO 6000 Blackwell Server Edition,I64,U64,128,20,2,8,1000000000,512,Yes,,,,,,,,
pfp_bloom_filter_add_unique_size_u64,0,NVIDIA RTX PRO 6000 Blackwell Server Edition,I64,U64,128,20,2,8,1000000000,1024,Yes,,,,,,,,
pfp_bloom_filter_add_unique_size_u64,0,NVIDIA RTX PRO 6000 Blackwell Server Edition,I64,U64,128,20,2,8,1000000000,2048,Yes,,,,,,,,
pfp_bloom_filter_add_unique_size_u64,0,NVIDIA RTX PRO 6000 Blackwell Server Edition,I64,U64,128,20,4,1,1000000000,1,Yes,,,,,,,,
pfp_bloom_filter_add_unique_size_u64,0,NVIDIA RTX PRO 6000 Blackwell Server Edition,I64,U64,128,20,4,1,1000000000,2,Yes,,,,,,,,
pfp_bloom_filter_add_unique_size_u64,0,NVIDIA RTX PRO 6000 Blackwell Server Edition,I64,U64,128,20,4,1,1000000000,4,Yes,,,,,,,,
pfp_bloom_filter_add_unique_size_u64,0,NVIDIA RTX PRO 6000 Blackwell Server Edition,I64,U64,128,20,4,1,1000000000,8,Yes,,,,,,,,
pfp_bloom_filter_add_unique_size_u64,0,NVIDIA RTX PRO 6000 Blackwell Server Edition,I64,U64,128,20,4,1,1000000000,16,Yes,,,,,,,,
pfp_bloom_filter_add_unique_size_u64,0,NVIDIA RTX PRO 6000 Blackwell Server Edition,I64,U64,128,20,4,1,1000000000,32,Yes,,,,,,,,
pfp_bloom_filter_add_unique_size_u64,0,NVIDIA RTX PRO 6000 Blackwell Server Edition,I64,U64,128,20,4,1,1000000000,64,Yes,,,,,,,,
pfp_bloom_filter_add_unique_size_u64,0,NVIDIA RTX PRO 6000 Blackwell Server Edition,I64,U64,128,20,4,1,1000000000,128,Yes,,,,,,,,
pfp_bloom_filter_add_unique_size_u64,0,NVIDIA RTX PRO 6000 Blackwell Server Edition,I64,U64,128,20,4,1,1000000000,256,Yes,,,,,,,,
pfp_bloom_filter_add_unique_size_u64,0,NVIDIA RTX PRO 6000 Blackwell Server Edition,I64,U64,128,20,4,1,1000000000,512,Yes,,,,,,,,
pfp_bloom_filter_add_unique_size_u64,0,NVIDIA RTX PRO 6000 Blackwell Server Edition,I64,U64,128,20,4,1,1000000000,1024,Yes,,,,,,,,
pfp_bloom_filter_add_unique_size_u64,0,NVIDIA RTX PRO 6000 Blackwell Server Edition,I64,U64,128,20,4,1,1000000000,2048,Yes,,,,,,,,
pfp_bloom_filter_add_unique_size_u64,0,NVIDIA RTX PRO 6000 Blackwell Server Edition,I64,U64,128,20,4,2,1000000000,1,Yes,,,,,,,,
pfp_bloom_filter_add_unique_size_u64,0,NVIDIA RTX PRO 6000 Blackwell Server Edition,I64,U64,128,20,4,2,1000000000,2,Yes,,,,,,,,
pfp_bloom_filter_add_unique_size_u64,0,NVIDIA RTX PRO 6000 Blackwell Server Edition,I64,U64,128,20,4,2,1000000000,4,Yes,,,,,,,,
pfp_bloom_filter_add_unique_size_u64,0,NVIDIA RTX PRO 6000 Blackwell Server Edition,I64,U64,128,20,4,2,1000000000,8,Yes,,,,,,,,
pfp_bloom_filter_add_unique_size_u64,0,NVIDIA RTX PRO 6000 Blackwell Server Edition,I64,U64,128,20,4,2,1000000000,16,Yes,,,,,,,,
pfp_bloom_filter_add_unique_size_u64,0,NVIDIA RTX PRO 6000 Blackwell Server Edition,I64,U64,128,20,4,2,1000000000,32,Yes,,,,,,,,
pfp_bloom_filter_add_unique_size_u64,0,NVIDIA RTX PRO 6000 Blackwell Server Edition,I64,U64,128,20,4,2,1000000000,64,Yes,,,,,,,,
pfp_bloom_filter_add_unique_size_u64,0,NVIDIA RTX PRO 6000 Blackwell Server Edition,I64,U64,128,20,4,2,1000000000,128,Yes,,,,,,,,
pfp_bloom_filter_add_unique_size_u64,0,NVIDIA RTX PRO 6000 Blackwell Server Edition,I64,U64,128,20,4,2,1000000000,256,Yes,,,,,,,,
pfp_bloom_filter_add_unique_size_u64,0,NVIDIA RTX PRO 6000 Blackwell Server Edition,I64,U64,128,20,4,2,1000000000,512,Yes,,,,,,,,
pfp_bloom_filter_add_unique_size_u64,0,NVIDIA RTX PRO 6000 Blackwell Server Edition,I64,U64,128,20,4,2,1000000000,1024,Yes,,,,,,,,
pfp_bloom_filter_add_unique_size_u64,0,NVIDIA RTX PRO 6000 Blackwell Server Edition,I64,U64,128,20,4,2,1000000000,2048,Yes,,,,,,,,
pfp_bloom_filter_add_unique_size_u64,0,NVIDIA RTX PRO 6000 Blackwell Server Edition,I64,U64,128,20,4,4,1000000000,1,Yes,,,,,,,,
pfp_bloom_filter_add_unique_size_u64,0,NVIDIA RTX PRO 6000 Blackwell Server Edition,I64,U64,128,20,4,4,1000000000,2,Yes,,,,,,,,
pfp_bloom_filter_add_unique_size_u64,0,NVIDIA RTX PRO 6000 Blackwell Server Edition,I64,U64,128,20,4,4,1000000000,4,Yes,,,,,,,,
pfp_bloom_filter_add_unique_size_u64,0,NVIDIA RTX PRO 6000 Blackwell Server Edition,I64,U64,128,20,4,4,1000000000,8,Yes,,,,,,,,
pfp_bloom_filter_add_unique_size_u64,0,NVIDIA RTX PRO 6000 Blackwell Server Edition,I64,U64,128,20,4,4,1000000000,16,Yes,,,,,,,,
pfp_bloom_filter_add_unique_size_u64,0,NVIDIA RTX PRO 6000 Blackwell Server Edition,I64,U64,128,20,4,4,1000000000,32,Yes,,,,,,,,
pfp_bloom_filter_add_unique_size_u64,0,NVIDIA RTX PRO 6000 Blackwell Server Edition,I64,U64,128,20,4,4,1000000000,64,Yes,,,,,,,,
pfp_bloom_filter_add_unique_size_u64,0,NVIDIA RTX PRO 6000 Blackwell Server Edition,I64,U64,128,20,4,4,1000000000,128,Yes,,,,,,,,
pfp_bloom_filter_add_unique_size_u64,0,NVIDIA RTX PRO 6000 Blackwell Server Edition,I64,U64,128,20,4,4,1000000000,256,Yes,,,,,,,,
pfp_bloom_filter_add_unique_size_u64,0,NVIDIA RTX PRO 6000 Blackwell Server Edition,I64,U64,128,20,4,4,1000000000,512,Yes,,,,,,,,
pfp_bloom_filter_add_unique_size_u64,0,NVIDIA RTX PRO 6000 Blackwell Server Edition,I64,U64,128,20,4,4,1000000000,1024,Yes,,,,,,,,
pfp_bloom_filter_add_unique_size_u64,0,NVIDIA RTX PRO 6000 Blackwell Server Edition,I64,U64,128,20,4,4,1000000000,2048,Yes,,,,,,,,
pfp_bloom_filter_add_unique_size_u64,0,NVIDIA RTX PRO 6000 Blackwell Server Edition,I64,U64,128,20,4,8,1000000000,1,Yes,,,,,,,,
pfp_bloom_filter_add_unique_size_u64,0,NVIDIA RTX PRO 6000 Blackwell Server Edition,I64,U64,128,20,4,8,1000000000,2,Yes,,,,,,,,
pfp_bloom_filter_add_unique_size_u64,0,NVIDIA RTX PRO 6000 Blackwell Server Edition,I64,U64,128,20,4,8,1000000000,4,Yes,,,,,,,,
pfp_bloom_filter_add_unique_size_u64,0,NVIDIA RTX PRO 6000 Blackwell Server Edition,I64,U64,128,20,4,8,1000000000,8,Yes,,,,,,,,
pfp_bloom_filter_add_unique_size_u64,0,NVIDIA RTX PRO 6000 Blackwell Server Edition,I64,U64,128,20,4,8,1000000000,16,Yes,,,,,,,,
pfp_bloom_filter_add_unique_size_u64,0,NVIDIA RTX PRO 6000 Blackwell Server Edition,I64,U64,128,20,4,8,1000000000,32,Yes,,,,,,,,
pfp_bloom_filter_add_unique_size_u64,0,NVIDIA RTX PRO 6000 Blackwell Server Edition,I64,U64,128,20,4,8,1000000000,64,Yes,,,,,,,,
pfp_bloom_filter_add_unique_size_u64,0,NVIDIA RTX PRO 6000 Blackwell Server Edition,I64,U64,128,20,4,8,1000000000,128,Yes,,,,,,,,
pfp_bloom_filter_add_unique_size_u64,0,NVIDIA RTX PRO 6000 Blackwell Server Edition,I64,U64,128,20,4,8,1000000000,256,Yes,,,,,,,,
pfp_bloom_filter_add_unique_size_u64,0,NVIDIA RTX PRO 6000 Blackwell Server Edition,I64,U64,128,20,4,8,1000000000,512,Yes,,,,,,,,
pfp_bloom_filter_add_unique_size_u64,0,NVIDIA RTX PRO 6000 Blackwell Server Edition,I64,U64,128,20,4,8,1000000000,1024,Yes,,,,,,,,
pfp_bloom_filter_add_unique_size_u64,0,NVIDIA RTX PRO 6000 Blackwell Server Edition,I64,U64,128,20,4,8,1000000000,2048,Yes,,,,,,,,
pfp_bloom_filter_add_unique_size_u64,0,NVIDIA RTX PRO 6000 Blackwell Server Edition,I64,U64,128,20,8,1,1000000000,1,Yes,,,,,,,,
pfp_bloom_filter_add_unique_size_u64,0,NVIDIA RTX PRO 6000 Blackwell Server Edition,I64,U64,128,20,8,1,1000000000,2,Yes,,,,,,,,
pfp_bloom_filter_add_unique_size_u64,0,NVIDIA RTX PRO 6000 Blackwell Server Edition,I64,U64,128,20,8,1,1000000000,4,Yes,,,,,,,,
pfp_bloom_filter_add_unique_size_u64,0,NVIDIA RTX PRO 6000 Blackwell Server Edition,I64,U64,128,20,8,1,1000000000,8,Yes,,,,,,,,
pfp_bloom_filter_add_unique_size_u64,0,NVIDIA RTX PRO 6000 Blackwell Server Edition,I64,U64,128,20,8,1,1000000000,16,Yes,,,,,,,,
pfp_bloom_filter_add_unique_size_u64,0,NVIDIA RTX PRO 6000 Blackwell Server Edition,I64,U64,128,20,8,1,1000000000,32,Yes,,,,,,,,
pfp_bloom_filter_add_unique_size_u64,0,NVIDIA RTX PRO 6000 Blackwell Server Edition,I64,U64,128,20,8,1,1000000000,64,Yes,,,,,,,,
pfp_bloom_filter_add_unique_size_u64,0,NVIDIA RTX PRO 6000 Blackwell Server Edition,I64,U64,128,20,8,1,1000000000,128,Yes,,,,,,,,
pfp_bloom_filter_add_unique_size_u64,0,NVIDIA RTX PRO 6000 Blackwell Server Edition,I64,U64,128,20,8,1,1000000000,256,Yes,,,,,,,,
pfp_bloom_filter_add_unique_size_u64,0,NVIDIA RTX PRO 6000 Blackwell Server Edition,I64,U64,128,20,8,1,1000000000,512,Yes,,,,,,,,
pfp_bloom_filter_add_unique_size_u64,0,NVIDIA RTX PRO 6000 Blackwell Server Edition,I64,U64,128,20,8,1,1000000000,1024,Yes,,,,,,,,
pfp_bloom_filter_add_unique_size_u64,0,NVIDIA RTX PRO 6000 Blackwell Server Edition,I64,U64,128,20,8,1,1000000000,2048,Yes,,,,,,,,
pfp_bloom_filter_add_unique_size_u64,0,NVIDIA RTX PRO 6000 Blackwell Server Edition,I64,U64,128,20,8,2,1000000000,1,Yes,,,,,,,,
pfp_bloom_filter_add_unique_size_u64,0,NVIDIA RTX PRO 6000 Blackwell Server Edition,I64,U64,128,20,8,2,1000000000,2,Yes,,,,,,,,
pfp_bloom_filter_add_unique_size_u64,0,NVIDIA RTX PRO 6000 Blackwell Server Edition,I64,U64,128,20,8,2,1000000000,4,Yes,,,,,,,,
pfp_bloom_filter_add_unique_size_u64,0,NVIDIA RTX PRO 6000 Blackwell Server Edition,I64,U64,128,20,8,2,1000000000,8,Yes,,,,,,,,
pfp_bloom_filter_add_unique_size_u64,0,NVIDIA RTX PRO 6000 Blackwell Server Edition,I64,U64,128,20,8,2,1000000000,16,Yes,,,,,,,,
pfp_bloom_filter_add_unique_size_u64,0,NVIDIA RTX PRO 6000 Blackwell Server Edition,I64,U64,128,20,8,2,1000000000,32,Yes,,,,,,,,
pfp_bloom_filter_add_unique_size_u64,0,NVIDIA RTX PRO 6000 Blackwell Server Edition,I64,U64,128,20,8,2,1000000000,64,Yes,,,,,,,,
pfp_bloom_filter_add_unique_size_u64,0,NVIDIA RTX PRO 6000 Blackwell Server Edition,I64,U64,128,20,8,2,1000000000,128,Yes,,,,,,,,
pfp_bloom_filter_add_unique_size_u64,0,NVIDIA RTX PRO 6000 Blackwell Server Edition,I64,U64,128,20,8,2,1000000000,256,Yes,,,,,,,,
pfp_bloom_filter_add_unique_size_u64,0,NVIDIA RTX PRO 6000 Blackwell Server Edition,I64,U64,128,20,8,2,1000000000,512,Yes,,,,,,,,
pfp_bloom_filter_add_unique_size_u64,0,NVIDIA RTX PRO 6000 Blackwell Server Edition,I64,U64,128,20,8,2,1000000000,1024,Yes,,,,,,,,
pfp_bloom_filter_add_unique_size_u64,0,NVIDIA RTX PRO 6000 Blackwell Server Edition,I64,U64,128,20,8,2,1000000000,2048,Yes,,,,,,,,
pfp_bloom_filter_add_unique_size_u64,0,NVIDIA RTX PRO 6000 Blackwell Server Edition,I64,U64,128,20,8,4,1000000000,1,Yes,,,,,,,,
pfp_bloom_filter_add_unique_size_u64,0,NVIDIA RTX PRO 6000 Blackwell Server Edition,I64,U64,128,20,8,4,1000000000,2,Yes,,,,,,,,
pfp_bloom_filter_add_unique_size_u64,0,NVIDIA RTX PRO 6000 Blackwell Server Edition,I64,U64,128,20,8,4,1000000000,4,Yes,,,,,,,,
pfp_bloom_filter_add_unique_size_u64,0,NVIDIA RTX PRO 6000 Blackwell Server Edition,I64,U64,128,20,8,4,1000000000,8,Yes,,,,,,,,
pfp_bloom_filter_add_unique_size_u64,0,NVIDIA RTX PRO 6000 Blackwell Server Edition,I64,U64,128,20,8,4,1000000000,16,Yes,,,,,,,,
pfp_bloom_filter_add_unique_size_u64,0,NVIDIA RTX PRO 6000 Blackwell Server Edition,I64,U64,128,20,8,4,1000000000,32,Yes,,,,,,,,
pfp_bloom_filter_add_unique_size_u64,0,NVIDIA RTX PRO 6000 Blackwell Server Edition,I64,U64,128,20,8,4,1000000000,64,Yes,,,,,,,,
pfp_bloom_filter_add_unique_size_u64,0,NVIDIA RTX PRO 6000 Blackwell Server Edition,I64,U64,128,20,8,4,1000000000,128,Yes,,,,,,,,
pfp_bloom_filter_add_unique_size_u64,0,NVIDIA RTX PRO 6000 Blackwell Server Edition,I64,U64,128,20,8,4,1000000000,256,Yes,,,,,,,,
pfp_bloom_filter_add_unique_size_u64,0,NVIDIA RTX PRO 6000 Blackwell Server Edition,I64,U64,128,20,8,4,1000000000,512,Yes,,,,,,,,
pfp_bloom_filter_add_unique_size_u64,0,NVIDIA RTX PRO 6000 Blackwell Server Edition,I64,U64,128,20,8,4,1000000000,1024,Yes,,,,,,,,
pfp_bloom_filter_add_unique_size_u64,0,NVIDIA RTX PRO 6000 Blackwell Server Edition,I64,U64,128,20,8,4,1000000000,2048,Yes,,,,,,,,
pfp_bloom_filter_add_unique_size_u64,0,NVIDIA RTX PRO 6000 Blackwell Server Edition,I64,U64,128,20,8,8,1000000000,1,Yes,,,,,,,,
pfp_bloom_filter_add_unique_size_u64,0,NVIDIA RTX PRO 6000 Blackwell Server Edition,I64,U64,128,20,8,8,1000000000,2,Yes,,,,,,,,
pfp_bloom_filter_add_unique_size_u64,0,NVIDIA RTX PRO 6000 Blackwell Server Edition,I64,U64,128,20,8,8,1000000000,4,Yes,,,,,,,,
pfp_bloom_filter_add_unique_size_u64,0,NVIDIA RTX PRO 6000 Blackwell Server Edition,I64,U64,128,20,8,8,1000000000,8,Yes,,,,,,,,
pfp_bloom_filter_add_unique_size_u64,0,NVIDIA RTX PRO 6000 Blackwell Server Edition,I64,U64,128,20,8,8,1000000000,16,Yes,,,,,,,,
pfp_bloom_filter_add_unique_size_u64,0,NVIDIA RTX PRO 6000 Blackwell Server Edition,I64,U64,128,20,8,8,1000000000,32,Yes,,,,,,,,
pfp_bloom_filter_add_unique_size_u64,0,NVIDIA RTX PRO 6000 Blackwell Server Edition,I64,U64,128,20,8,8,1000000000,64,Yes,,,,,,,,
pfp_bloom_filter_add_unique_size_u64,0,NVIDIA RTX PRO 6000 Blackwell Server Edition,I64,U64,128,20,8,8,1000000000,128,Yes,,,,,,,,
pfp_bloom_filter_add_unique_size_u64,0,NVIDIA RTX PRO 6000 Blackwell Server Edition,I64,U64,128,20,8,8,1000000000,256,Yes,,,,,,,,
pfp_bloom_filter_add_unique_size_u64,0,NVIDIA RTX PRO 6000 Blackwell Server Edition,I64,U64,128,20,8,8,1000000000,512,Yes,,,,,,,,
pfp_bloom_filter_add_unique_size_u64,0,NVIDIA RTX PRO 6000 Blackwell Server Edition,I64,U64,128,20,8,8,1000000000,1024,Yes,,,,,,,,
pfp_bloom_filter_add_unique_size_u64,0,NVIDIA RTX PRO 6000 Blackwell Server Edition,I64,U64,128,20,8,8,1000000000,2048,Yes,,,,,,,,
pfp_bloom_filter_add_unique_size_u64,0,NVIDIA RTX PRO 6000 Blackwell Server Edition,I64,U64,256,1,1,1,1000000000,1,No,12,0.042997792500000014,2.799509309854754e-05,0.04298737653096516,3.0541048806629566e-05,23262643145.474777,13,0.0429756249647874
pfp_bloom_filter_add_unique_size_u64,0,NVIDIA RTX PRO 6000 Blackwell Server Edition,I64,U64,256,1,1,1,1000000000,2,No,12,0.043207037000000004,4.0617728335395976e-05,0.04319738133748372,2.7729347289292246e-05,23149551408.855164,13,0.043182629805344805
pfp_bloom_filter_add_unique_size_u64,0,NVIDIA RTX PRO 6000 Blackwell Server Edition,I64,U64,256,1,1,1,1000000000,4,No,12,0.04331804250000001,3.705307471552396e-05,0.04330818112691243,2.4521009904172224e-05,23090325522.31992,13,0.04328515008779672
pfp_bloom_filter_add_unique_size_u64,0,NVIDIA RTX PRO 6000 Blackwell Server Edition,I64,U64,256,1,1,1,1000000000,8,No,12,0.04338082966666667,2.368235264579126e-05,0.04337088044484456,2.730678962178266e-05,23056944884.29203,13,0.04333429336547852
pfp_bloom_filter_add_unique_size_u64,0,NVIDIA RTX PRO 6000 Blackwell Server Edition,I64,U64,256,1,1,1,1000000000,16,No,12,0.04342792108333333,2.9643063130136024e-05,0.04341735744476318,3.0042733699539845e-05,23032263105.1931,13,0.043363434131328885
pfp_bloom_filter_add_unique_size_u64,0,NVIDIA RTX PRO 6000 Blackwell Server Edition,I64,U64,256,1,1,1,1000000000,32,No,12,0.043474953499999996,4.664568058301939e-05,0.043465412775675456,5.3559964036350836e-05,23006798650.710846,13,0.04337080588707557
pfp_bloom_filter_add_unique_size_u64,0,NVIDIA RTX PRO 6000 Blackwell Server Edition,I64,U64,256,1,1,1,1000000000,64,No,12,0.04493070616666667,4.571838889391576e-05,0.044920709927876785,3.759726894804095e-05,22261446927.387547,13,0.044559194711538457
pfp_bloom_filter_add_unique_size_u64,0,NVIDIA RTX PRO 6000 Blackwell Server Edition,I64,U64,256,1,1,1,1000000000,128,No,11,0.110029137,8.955475222824155e-05,0.11001836256547405,8.791629795894856e-05,9089391776.803448,12,0.10988085492451984
pfp_bloom_filter_add_unique_size_u64,0,NVIDIA RTX PRO 6000 Blackwell Server Edition,I64,U64,256,1,1,1,1000000000,256,No,11,0.1565406822727273,0.0001164938518639885,0.15652989890358668,0.00011765625496293808,6388555841.436669,12,0.15648865000406903
pfp_bloom_filter_add_unique_size_u64,0,NVIDIA RTX PRO 6000 Blackwell Server Edition,I64,U64,256,1,1,1,1000000000,512,No,11,0.17274895054545455,6.968226513246679e-05,0.1727372422651811,6.733505946352908e-05,5789139544.469684,12,0.17271213912963865
pfp_bloom_filter_add_unique_size_u64,0,NVIDIA RTX PRO 6000 Blackwell Server Edition,I64,U64,256,1,1,1,1000000000,1024,No,11,0.1803689332727273,9.33545405166616e-05,0.18035816816850145,9.317461170048433e-05,5544522935.416708,12,0.18032889175415037
pfp_bloom_filter_add_unique_size_u64,0,NVIDIA RTX PRO 6000 Blackwell Server Edition,I64,U64,256,1,1,1,1000000000,2048,No,11,0.1839925873636364,8.315024204369165e-05,0.18398122475363995,8.234480941143272e-05,5435337227.149401,12,0.18396474329630533
pfp_bloom_filter_add_unique_size_u64,0,NVIDIA RTX PRO 6000 Blackwell Server Edition,I64,U64,256,1,1,2,1000000000,1,No,12,0.04299233858333334,2.2619974717411074e-05,0.04298176542917887,2.20388417749499e-05,23265679992.77977,13,0.04297585766132061
pfp_bloom_filter_add_unique_size_u64,0,NVIDIA RTX PRO 6000 Blackwell Server Edition,I64,U64,256,1,1,2,1000000000,2,No,12,0.04320327975,3.869451420322155e-05,0.04319252872467041,4.6377671428200744e-05,23152152224.623676,13,0.04318112593430739
pfp_bloom_filter_add_unique_size_u64,0,NVIDIA RTX PRO 6000 Blackwell Server Edition,I64,U64,256,1,1,2,1000000000,4,No,12,0.043318111250000006,3.1595463864487916e-05,0.04330724811553955,1.5538552581281482e-05,23090822980.30336,13,0.043285659790039066
pfp_bloom_filter_add_unique_size_u64,0,NVIDIA RTX PRO 6000 Blackwell Server Edition,I64,U64,256,1,1,2,1000000000,8,No,12,0.04338687375,1.5387124857287998e-05,0.04337593873341878,1.891869583070998e-05,23054256096.815144,13,0.04333633452195387
pfp_bloom_filter_add_unique_size_u64,0,NVIDIA RTX PRO 6000 Blackwell Server Edition,I64,U64,256,1,1,2,1000000000,16,No,12,0.04342206116666667,5.59029021572725e-05,0.04341128508249919,4.625507379405581e-05,23035484853.75614,13,0.04335752897996169
pfp_bloom_filter_add_unique_size_u64,0,NVIDIA RTX PRO 6000 Blackwell Server Edition,I64,U64,256,1,1,2,1000000000,32,No,12,0.04347699216666667,3.790243369456908e-05,0.043466403007507336,2.5955111881743925e-05,23006274520.283726,13,0.04337312316894532
pfp_bloom_filter_add_unique_size_u64,0,NVIDIA RTX PRO 6000 Blackwell Server Edition,I64,U64,256,1,1,2,1000000000,64,No,12,0.04492525675,2.695134438114712e-05,0.04491486676534018,2.90281515402151e-05,22264343011.959644,13,0.04455604699941783
pfp_bloom_filter_add_unique_size_u64,0,NVIDIA RTX PRO 6000 Blackwell Server Edition,I64,U64,256,1,1,2,1000000000,128,No,11,0.10996001454545454,0.00012100958565139746,0.10994864585182884,0.00012221159480386594,9095155217.715366,12,0.109814421971639
pfp_bloom_filter_add_unique_size_u64,0,NVIDIA RTX PRO 6000 Blackwell Server Edition,I64,U64,256,1,1,2,1000000000,256,No,11,0.1564931824545455,9.167088115444938e-05,0.1564811193292791,9.20821417148308e-05,6390547334.312751,12,0.15644086837768556
pfp_bloom_filter_add_unique_size_u64,0,NVIDIA RTX PRO 6000 Blackwell Server Edition,I64,U64,256,1,1,2,1000000000,512,No,11,0.17273521609090914,0.00010061122015088076,0.17272373268821023,0.00010068229731188755,5789592341.691317,12,0.17267820994059244
pfp_bloom_filter_add_unique_size_u64,0,NVIDIA RTX PRO 6000 Blackwell Server Edition,I64,U64,256,1,1,2,1000000000,1024,No,11,0.18032120727272727,0.00010245756811859966,0.1803092401677912,0.0001037019209631108,5546027475.1833315,12,0.18027067057291668
pfp_bloom_filter_add_unique_size_u64,0,NVIDIA RTX PRO 6000 Blackwell Server Edition,I64,U64,256,1,1,2,1000000000,2048,No,11,0.18403730718181818,6.897447995022531e-05,0.18402546275745738,7.244362922463325e-05,5434030622.805628,12,0.18400433603922525
pfp_bloom_filter_add_unique_size_u64,0,NVIDIA RTX PRO 6000 Blackwell Server Edition,I64,U64,256,1,1,4,1000000000,1,No,12,0.04299188300000001,4.1291599139267755e-05,0.0429813273747762,3.549406207062025e-05,23265917110.48121,13,0.042975269317626956
pfp_bloom_filter_add_unique_size_u64,0,NVIDIA RTX PRO 6000 Blackwell Server Edition,I64,U64,256,1,1,4,1000000000,2,No,12,0.04320615141666667,3.5480733478013e-05,0.043195954004923494,3.0225507816682073e-05,23150316344.119164,13,0.043180345388559194
pfp_bloom_filter_add_unique_size_u64,0,NVIDIA RTX PRO 6000 Blackwell Server Edition,I64,U64,256,1,1,4,1000000000,4,No,12,0.04331630883333334,2.5445873086437384e-05,0.04330554072062173,2.4816156654893228e-05,23091733375.443306,13,0.04328340002206656
pfp_bloom_filter_add_unique_size_u64,0,NVIDIA RTX PRO 6000 Blackwell Server Edition,I64,U64,256,1,1,4,1000000000,8,No,12,0.043385864333333336,2.9794671983723392e-05,0.04337549273173014,3.1912653928328786e-05,23054493148.581055,13,0.0433374859736516
pfp_bloom_filter_add_unique_size_u64,0,NVIDIA RTX PRO 6000 Blackwell Server Edition,I64,U64,256,1,1,4,1000000000,16,No,12,0.04342232033333334,2.590763445267994e-05,0.04341156260172526,2.6560662231178118e-05,23035337593.681965,13,0.043357178321251494
pfp_bloom_filter_add_unique_size_u64,0,NVIDIA RTX PRO 6000 Blackwell Server Edition,I64,U64,256,1,1,4,1000000000,32,No,12,0.0434781005,4.1295957236934876e-05,0.0434687754313151,4.809296450673534e-05,23005018891.781235,13,0.04337474558903621
pfp_bloom_filter_add_unique_size_u64,0,NVIDIA RTX PRO 6000 Blackwell Server Edition,I64,U64,256,1,1,4,1000000000,64,No,12,0.04490665233333333,5.830173119119171e-05,0.04489582665761312,5.8363655371127095e-05,22273785214.52009,13,0.04453879517775316
pfp_bloom_filter_add_unique_size_u64,0,NVIDIA RTX PRO 6000 Blackwell Server Edition,I64,U64,256,1,1,4,1000000000,128,No,11,0.109996444,0.00012363852382115553,0.10998500754616479,0.00012321119250955178,9092148305.579403,12,0.10986259587605794
pfp_bloom_filter_add_unique_size_u64,0,NVIDIA RTX PRO 6000 Blackwell Server Edition,I64,U64,256,1,1,4,1000000000,256,No,11,0.15650232372727277,8.895940785873129e-05,0.15649021772904828,8.776262671331696e-05,6390175785.50136,12,0.15644154103597005
pfp_bloom_filter_add_unique_size_u64,0,NVIDIA RTX PRO 6000 Blackwell Server Edition,I64,U64,256,1,1,4,1000000000,512,No,11,0.1727738725454545,9.708961588321192e-05,0.17276187966086648,9.824953792928307e-05,5788313961.175991,12,0.17272959009806318
pfp_bloom_filter_add_unique_size_u64,0,NVIDIA RTX PRO 6000 Blackwell Server Edition,I64,U64,256,1,1,4,1000000000,1024,No,11,0.18030903036363638,0.00010717046331495058,0.1802974132191051,0.00010739839238139034,5546391277.309993,12,0.18028073247273765
pfp_bloom_filter_add_unique_size_u64,0,NVIDIA RTX PRO 6000 Blackwell Server Edition,I64,U64,256,1,1,4,1000000000,2048,No,11,0.18403482300000001,0.0001294514339991239,0.18402401872114701,0.00012868699256377312,5434073263.639067,12,0.183989741007487
pfp_bloom_filter_add_unique_size_u64,0,NVIDIA RTX PRO 6000 Blackwell Server Edition,I64,U64,256,1,1,8,1000000000,1,Yes,,,,,,,,
pfp_bloom_filter_add_unique_size_u64,0,NVIDIA RTX PRO 6000 Blackwell Server Edition,I64,U64,256,1,1,8,1000000000,2,Yes,,,,,,,,
pfp_bloom_filter_add_unique_size_u64,0,NVIDIA RTX PRO 6000 Blackwell Server Edition,I64,U64,256,1,1,8,1000000000,4,Yes,,,,,,,,
pfp_bloom_filter_add_unique_size_u64,0,NVIDIA RTX PRO 6000 Blackwell Server Edition,I64,U64,256,1,1,8,1000000000,8,Yes,,,,,,,,
pfp_bloom_filter_add_unique_size_u64,0,NVIDIA RTX PRO 6000 Blackwell Server Edition,I64,U64,256,1,1,8,1000000000,16,Yes,,,,,,,,
pfp_bloom_filter_add_unique_size_u64,0,NVIDIA RTX PRO 6000 Blackwell Server Edition,I64,U64,256,1,1,8,1000000000,32,Yes,,,,,,,,
pfp_bloom_filter_add_unique_size_u64,0,NVIDIA RTX PRO 6000 Blackwell Server Edition,I64,U64,256,1,1,8,1000000000,64,Yes,,,,,,,,
pfp_bloom_filter_add_unique_size_u64,0,NVIDIA RTX PRO 6000 Blackwell Server Edition,I64,U64,256,1,1,8,1000000000,128,Yes,,,,,,,,
pfp_bloom_filter_add_unique_size_u64,0,NVIDIA RTX PRO 6000 Blackwell Server Edition,I64,U64,256,1,1,8,1000000000,256,Yes,,,,,,,,
pfp_bloom_filter_add_unique_size_u64,0,NVIDIA RTX PRO 6000 Blackwell Server Edition,I64,U64,256,1,1,8,1000000000,512,Yes,,,,,,,,
pfp_bloom_filter_add_unique_size_u64,0,NVIDIA RTX PRO 6000 Blackwell Server Edition,I64,U64,256,1,1,8,1000000000,1024,Yes,,,,,,,,
pfp_bloom_filter_add_unique_size_u64,0,NVIDIA RTX PRO 6000 Blackwell Server Edition,I64,U64,256,1,1,8,1000000000,2048,Yes,,,,,,,,
pfp_bloom_filter_add_unique_size_u64,0,NVIDIA RTX PRO 6000 Blackwell Server Edition,I64,U64,256,1,2,1,1000000000,1,No,23,0.021886076217391307,6.711613044619673e-05,0.021875648249750548,5.9201164032961636e-05,45712931044.74759,24,0.02186365000406901
pfp_bloom_filter_add_unique_size_u64,0,NVIDIA RTX PRO 6000 Blackwell Server Edition,I64,U64,256,1,2,1,1000000000,2,No,23,0.021995705173913048,4.8651589486396524e-05,0.02198535089907439,4.443544261027994e-05,45484832359.0824,24,0.021968296448389688
pfp_bloom_filter_add_unique_size_u64,0,NVIDIA RTX PRO 6000 Blackwell Server Edition,I64,U64,256,1,2,1,1000000000,4,No,23,0.022051618130434783,5.6210438172351896e-05,0.02204133838155995,4.076503764309851e-05,45369295760.94218,24,0.022018920183181762
pfp_bloom_filter_add_unique_size_u64,0,NVIDIA RTX PRO 6000 Blackwell Server Edition,I64,U64,256,1,2,1,1000000000,8,No,23,0.02209196713043478,7.474385926694651e-05,0.022081225768379543,5.729280746382123e-05,45287340951.51576,24,0.022043901920318604
pfp_bloom_filter_add_unique_size_u64,0,NVIDIA RTX PRO 6000 Blackwell Server Edition,I64,U64,256,1,2,1,1000000000,16,No,23,0.02212539117391304,5.9870941842941285e-05,0.022114963365637737,5.137758808162962e-05,45218252613.24201,24,0.02205904976526896
pfp_bloom_filter_add_unique_size_u64,0,NVIDIA RTX PRO 6000 Blackwell Server Edition,I64,U64,256,1,2,1,1000000000,32,No,23,0.022165525956521742,6.408474108445805e-05,0.022156357474949043,4.3095608088392526e-05,45133772603.671165,24,0.02206139413515727
pfp_bloom_filter_add_unique_size_u64,0,NVIDIA RTX PRO 6000 Blackwell Server Edition,I64,U64,256,1,2,1,1000000000,64,No,22,0.02366969613636364,0.00035948550425388246,0.023659158013083714,0.00034320346260259624,42266931031.39983,23,0.023258376826410708
pfp_bloom_filter_add_unique_size_u64,0,NVIDIA RTX PRO 6000 Blackwell Server Edition,I64,U64,256,1,2,1,1000000000,128,No,11,0.09309228036363638,0.00010318389960912109,0.09308085216175427,0.00010095435145925101,10743348140.627436,12,0.09296037991841634
pfp_bloom_filter_add_unique_size_u64,0,NVIDIA RTX PRO 6000 Blackwell Server Edition,I64,U64,256,1,2,1,1000000000,256,No,11,0.13928006636363638,0.00017518689759015034,0.13926862543279475,0.00017714924122681148,7180368133.112353,12,0.139243776957194
pfp_bloom_filter_add_unique_size_u64,0,NVIDIA RTX PRO 6000 Blackwell Server Edition,I64,U64,256,1,2,1,1000000000,512,No,11,0.16060206509090907,0.00010602748492222379,0.1605903195467862,0.00010513856420064558,6227025407.397991,12,0.1605584233601888
pfp_bloom_filter_add_unique_size_u64,0,NVIDIA RTX PRO 6000 Blackwell Server Edition,I64,U64,256,1,2,1,1000000000,1024,No,11,0.1699663748181818,0.00014550081243566156,0.16995508506081322,0.0001464633383525975,5883907502.044911,12,0.1699280166625977
pfp_bloom_filter_add_unique_size_u64,0,NVIDIA RTX PRO 6000 Blackwell Server Edition,I64,U64,256,1,2,1,1000000000,2048,No,11,0.17455180172727272,0.000136241764885462,0.1745396520441229,0.0001353404354684823,5729357130.534466,12,0.17449547831217446
pfp_bloom_filter_add_unique_size_u64,0,NVIDIA RTX PRO 6000 Blackwell Server Edition,I64,U64,256,1,2,2,1000000000,1,No,23,0.02188408143478261,6.02213804937813e-05,0.021873921352884046,5.3248697700766575e-05,45716539977.78278,24,0.021863764444986982
pfp_bloom_filter_add_unique_size_u64,0,NVIDIA RTX PRO 6000 Blackwell Server Edition,I64,U64,256,1,2,2,1000000000,2,No,23,0.021991216130434782,5.653381126424225e-05,0.021980147237363065,5.280745075826269e-05,45495600607.26731,24,0.021968618233998618
pfp_bloom_filter_add_unique_size_u64,0,NVIDIA RTX PRO 6000 Blackwell Server Edition,I64,U64,256,1,2,2,1000000000,4,No,23,0.022053327913043475,7.394943331704837e-05,0.0220431024302607,6.541230719344496e-05,45365664981.31421,24,0.022021480162938437
pfp_bloom_filter_add_unique_size_u64,0,NVIDIA RTX PRO 6000 Blackwell Server Edition,I64,U64,256,1,2,2,1000000000,8,No,23,0.022095410478260875,5.5433507626927536e-05,0.02208504759747049,4.3509832965559795e-05,45279503953.36866,24,0.02204556512832642
pfp_bloom_filter_add_unique_size_u64,0,NVIDIA RTX PRO 6000 Blackwell Server Edition,I64,U64,256,1,2,2,1000000000,16,No,23,0.02212368343478261,6.346014467726758e-05,0.022112808227539065,3.449743624637631e-05,45222659632.8281,24,0.022057557582855224
pfp_bloom_filter_add_unique_size_u64,0,NVIDIA RTX PRO 6000 Blackwell Server Edition,I64,U64,256,1,2,2,1000000000,32,No,23,0.022170185652173914,4.590435233562401e-05,0.022159582967343536,3.685297423636982e-05,45127203046.812515,24,0.02206600252787272
pfp_bloom_filter_add_unique_size_u64,0,NVIDIA RTX PRO 6000 Blackwell Server Edition,I64,U64,256,1,2,2,1000000000,64,No,22,0.02366803090909091,0.00029606713164370766,0.0236575477773493,0.00028852015779059505,42269807902.80558,23,0.023262472401494566
pfp_bloom_filter_add_unique_size_u64,0,NVIDIA RTX PRO 6000 Blackwell Server Edition,I64,U64,256,1,2,2,1000000000,128,No,11,0.09302196218181819,0.0001814703077074935,0.0930105937610973,0.0001838080379411841,10751463457.684763,12,0.09289471371968587
pfp_bloom_filter_add_unique_size_u64,0,NVIDIA RTX PRO 6000 Blackwell Server Edition,I64,U64,256,1,2,2,1000000000,256,No,11,0.13931532872727273,0.00019891474271438176,0.13930369845303625,0.00019929398594288643,7178560304.607649,12,0.1392691192626953
pfp_bloom_filter_add_unique_size_u64,0,NVIDIA RTX PRO 6000 Blackwell Server Edition,I64,U64,256,1,2,2,1000000000,512,No,11,0.16060057390909094,0.00011858506237745572,0.1605897674560547,0.00012106835657127557,6227046815.256454,12,0.1605627161661784
pfp_bloom_filter_add_unique_size_u64,0,NVIDIA RTX PRO 6000 Blackwell Server Edition,I64,U64,256,1,2,2,1000000000,1024,No,11,0.16995120045454545,7.588295391942944e-05,0.16993945589932527,7.688292471670539e-05,5884448639.122484,12,0.16990185928344723
pfp_bloom_filter_add_unique_size_u64,0,NVIDIA RTX PRO 6000 Blackwell Server Edition,I64,U64,256,1,2,2,1000000000,2048,No,11,0.17452515654545456,0.00012317433030461218,0.17451300326260655,0.00012189573221765475,5730232024.574143,12,0.17449259058634436
pfp_bloom_filter_add_unique_size_u64,0,NVIDIA RTX PRO 6000 Blackwell Server Edition,I64,U64,256,1,2,4,1000000000,1,Yes,,,,,,,,
pfp_bloom_filter_add_unique_size_u64,0,NVIDIA RTX PRO 6000 Blackwell Server Edition,I64,U64,256,1,2,4,1000000000,2,Yes,,,,,,,,
pfp_bloom_filter_add_unique_size_u64,0,NVIDIA RTX PRO 6000 Blackwell Server Edition,I64,U64,256,1,2,4,1000000000,4,Yes,,,,,,,,
pfp_bloom_filter_add_unique_size_u64,0,NVIDIA RTX PRO 6000 Blackwell Server Edition,I64,U64,256,1,2,4,1000000000,8,Yes,,,,,,,,
pfp_bloom_filter_add_unique_size_u64,0,NVIDIA RTX PRO 6000 Blackwell Server Edition,I64,U64,256,1,2,4,1000000000,16,Yes,,,,,,,,
pfp_bloom_filter_add_unique_size_u64,0,NVIDIA RTX PRO 6000 Blackwell Server Edition,I64,U64,256,1,2,4,1000000000,32,Yes,,,,,,,,
pfp_bloom_filter_add_unique_size_u64,0,NVIDIA RTX PRO 6000 Blackwell Server Edition,I64,U64,256,1,2,4,1000000000,64,Yes,,,,,,,,
pfp_bloom_filter_add_unique_size_u64,0,NVIDIA RTX PRO 6000 Blackwell Server Edition,I64,U64,256,1,2,4,1000000000,128,Yes,,,,,,,,
pfp_bloom_filter_add_unique_size_u64,0,NVIDIA RTX PRO 6000 Blackwell Server Edition,I64,U64,256,1,2,4,1000000000,256,Yes,,,,,,,,
pfp_bloom_filter_add_unique_size_u64,0,NVIDIA RTX PRO 6000 Blackwell Server Edition,I64,U64,256,1,2,4,1000000000,512,Yes,,,,,,,,
pfp_bloom_filter_add_unique_size_u64,0,NVIDIA RTX PRO 6000 Blackwell Server Edition,I64,U64,256,1,2,4,1000000000,1024,Yes,,,,,,,,
pfp_bloom_filter_add_unique_size_u64,0,NVIDIA RTX PRO 6000 Blackwell Server Edition,I64,U64,256,1,2,4,1000000000,2048,Yes,,,,,,,,
pfp_bloom_filter_add_unique_size_u64,0,NVIDIA RTX PRO 6000 Blackwell Server Edition,I64,U64,256,1,2,8,1000000000,1,Yes,,,,,,,,
pfp_bloom_filter_add_unique_size_u64,0,NVIDIA RTX PRO 6000 Blackwell Server Edition,I64,U64,256,1,2,8,1000000000,2,Yes,,,,,,,,
pfp_bloom_filter_add_unique_size_u64,0,NVIDIA RTX PRO 6000 Blackwell Server Edition,I64,U64,256,1,2,8,1000000000,4,Yes,,,,,,,,
pfp_bloom_filter_add_unique_size_u64,0,NVIDIA RTX PRO 6000 Blackwell Server Edition,I64,U64,256,1,2,8,1000000000,8,Yes,,,,,,,,
pfp_bloom_filter_add_unique_size_u64,0,NVIDIA RTX PRO 6000 Blackwell Server Edition,I64,U64,256,1,2,8,1000000000,16,Yes,,,,,,,,
pfp_bloom_filter_add_unique_size_u64,0,NVIDIA RTX PRO 6000 Blackwell Server Edition,I64,U64,256,1,2,8,1000000000,32,Yes,,,,,,,,
pfp_bloom_filter_add_unique_size_u64,0,NVIDIA RTX PRO 6000 Blackwell Server Edition,I64,U64,256,1,2,8,1000000000,64,Yes,,,,,,,,
pfp_bloom_filter_add_unique_size_u64,0,NVIDIA RTX PRO 6000 Blackwell Server Edition,I64,U64,256,1,2,8,1000000000,128,Yes,,,,,,,,
pfp_bloom_filter_add_unique_size_u64,0,NVIDIA RTX PRO 6000 Blackwell Server Edition,I64,U64,256,1,2,8,1000000000,256,Yes,,,,,,,,
pfp_bloom_filter_add_unique_size_u64,0,NVIDIA RTX PRO 6000 Blackwell Server Edition,I64,U64,256,1,2,8,1000000000,512,Yes,,,,,,,,
pfp_bloom_filter_add_unique_size_u64,0,NVIDIA RTX PRO 6000 Blackwell Server Edition,I64,U64,256,1,2,8,1000000000,1024,Yes,,,,,,,,
pfp_bloom_filter_add_unique_size_u64,0,NVIDIA RTX PRO 6000 Blackwell Server Edition,I64,U64,256,1,2,8,1000000000,2048,Yes,,,,,,,,
pfp_bloom_filter_add_unique_size_u64,0,NVIDIA RTX PRO 6000 Blackwell Server Edition,I64,U64,256,1,4,1,1000000000,1,No,34,0.015049147882352943,0.00010357120195468315,0.015039359036613912,8.699253528134479e-05,66492195416.40443,35,0.015036501557486398
pfp_bloom_filter_add_unique_size_u64,0,NVIDIA RTX PRO 6000 Blackwell Server Edition,I64,U64,256,1,4,1,1000000000,2,No,34,0.01505928370588235,8.075469008160374e-05,0.015049973656149473,5.507077492731357e-05,66445299031.56319,35,0.015037877464294436
pfp_bloom_filter_add_unique_size_u64,0,NVIDIA RTX PRO 6000 Blackwell Server Edition,I64,U64,256,1,4,1,1000000000,4,No,34,0.015067321558823532,6.857336425803977e-05,0.015057442889494052,5.992959701096171e-05,66412338890.40513,35,0.015039076450892856
pfp_bloom_filter_add_unique_size_u64,0,NVIDIA RTX PRO 6000 Blackwell Server Edition,I64,U64,256,1,4,1,1000000000,8,No,34,0.01508478335294118,8.43194779554193e-05,0.015073674286113063,5.536105967906211e-05,66340825801.262726,35,0.015039662878853936
pfp_bloom_filter_add_unique_size_u64,0,NVIDIA RTX PRO 6000 Blackwell Server Edition,I64,U64,256,1,4,1,1000000000,16,No,34,0.01509631141176471,8.6584072654585e-05,0.015086079990162567,5.553343218406253e-05,66286271891.1796,35,0.01503881312779018
pfp_bloom_filter_add_unique_size_u64,0,NVIDIA RTX PRO 6000 Blackwell Server Edition,I64,U64,256,1,4,1,1000000000,32,No,34,0.015128731911764707,9.307832630536578e-05,0.015119127469904282,8.306991864565464e-05,66141382959.4712,35,0.01503881312779018
pfp_bloom_filter_add_unique_size_u64,0,NVIDIA RTX PRO 6000 Blackwell Server Edition,I64,U64,256,1,4,1,1000000000,64,No,25,0.020640255880000003,0.00017303349330759297,0.020629802322387692,0.00017425102266663012,48473561906.83363,26,0.02032356306222769
pfp_bloom_filter_add_unique_size_u64,0,NVIDIA RTX PRO 6000 Blackwell Server Edition,I64,U64,256,1,4,1,1000000000,128,No,11,0.08397123781818182,0.00015561296882799232,0.08396010450883344,0.0001616435256718602,11910418714.34057,12,0.08384383964538573
pfp_bloom_filter_add_unique_size_u64,0,NVIDIA RTX PRO 6000 Blackwell Server Edition,I64,U64,256,1,4,1,1000000000,256,No,11,0.13799424763636367,0.00012415416945844358,0.13798293096368963,0.00012350975875063545,7247273217.171703,12,0.1379529660542806
pfp_bloom_filter_add_unique_size_u64,0,NVIDIA RTX PRO 6000 Blackwell Server Edition,I64,U64,256,1,4,1,1000000000,512,No,11,0.15696350190909092,9.745426193325835e-05,0.15695105396617542,9.627929778991053e-05,6371413091.724191,12,0.15694734954833986
pfp_bloom_filter_add_unique_size_u64,0,NVIDIA RTX PRO 6000 Blackwell Server Edition,I64,U64,256,1,4,1,1000000000,1024,No,11,0.16494800545454547,0.00014898690441165176,0.16493558155406607,0.00015299915511734417,6062973135.194596,12,0.1648900667826335
pfp_bloom_filter_add_unique_size_u64,0,NVIDIA RTX PRO 6000 Blackwell Server Edition,I64,U64,256,1,4,1,1000000000,2048,No,11,0.1683345440909091,0.0002578080611910404,0.1683223308216442,0.0002586765672988397,5940982370.661257,12,0.16832520548502602
pfp_bloom_filter_add_unique_size_u64,0,NVIDIA RTX PRO 6000 Blackwell Server Edition,I64,U64,256,1,4,2,1000000000,1,Yes,,,,,,,,
pfp_bloom_filter_add_unique_size_u64,0,NVIDIA RTX PRO 6000 Blackwell Server Edition,I64,U64,256,1,4,2,1000000000,2,Yes,,,,,,,,
pfp_bloom_filter_add_unique_size_u64,0,NVIDIA RTX PRO 6000 Blackwell Server Edition,I64,U64,256,1,4,2,1000000000,4,Yes,,,,,,,,
pfp_bloom_filter_add_unique_size_u64,0,NVIDIA RTX PRO 6000 Blackwell Server Edition,I64,U64,256,1,4,2,1000000000,8,Yes,,,,,,,,
pfp_bloom_filter_add_unique_size_u64,0,NVIDIA RTX PRO 6000 Blackwell Server Edition,I64,U64,256,1,4,2,1000000000,16,Yes,,,,,,,,
pfp_bloom_filter_add_unique_size_u64,0,NVIDIA RTX PRO 6000 Blackwell Server Edition,I64,U64,256,1,4,2,1000000000,32,Yes,,,,,,,,
pfp_bloom_filter_add_unique_size_u64,0,NVIDIA RTX PRO 6000 Blackwell Server Edition,I64,U64,256,1,4,2,1000000000,64,Yes,,,,,,,,
pfp_bloom_filter_add_unique_size_u64,0,NVIDIA RTX PRO 6000 Blackwell Server Edition,I64,U64,256,1,4,2,1000000000,128,Yes,,,,,,,,
pfp_bloom_filter_add_unique_size_u64,0,NVIDIA RTX PRO 6000 Blackwell Server Edition,I64,U64,256,1,4,2,1000000000,256,Yes,,,,,,,,
pfp_bloom_filter_add_unique_size_u64,0,NVIDIA RTX PRO 6000 Blackwell Server Edition,I64,U64,256,1,4,2,1000000000,512,Yes,,,,,,,,
pfp_bloom_filter_add_unique_size_u64,0,NVIDIA RTX PRO 6000 Blackwell Server Edition,I64,U64,256,1,4,2,1000000000,1024,Yes,,,,,,,,
pfp_bloom_filter_add_unique_size_u64,0,NVIDIA RTX PRO 6000 Blackwell Server Edition,I64,U64,256,1,4,2,1000000000,2048,Yes,,,,,,,,
pfp_bloom_filter_add_unique_size_u64,0,NVIDIA RTX PRO 6000 Blackwell Server Edition,I64,U64,256,1,4,4,1000000000,1,Yes,,,,,,,,
pfp_bloom_filter_add_unique_size_u64,0,NVIDIA RTX PRO 6000 Blackwell Server Edition,I64,U64,256,1,4,4,1000000000,2,Yes,,,,,,,,
pfp_bloom_filter_add_unique_size_u64,0,NVIDIA RTX PRO 6000 Blackwell Server Edition,I64,U64,256,1,4,4,1000000000,4,Yes,,,,,,,,
pfp_bloom_filter_add_unique_size_u64,0,NVIDIA RTX PRO 6000 Blackwell Server Edition,I64,U64,256,1,4,4,1000000000,8,Yes,,,,,,,,
pfp_bloom_filter_add_unique_size_u64,0,NVIDIA RTX PRO 6000 Blackwell Server Edition,I64,U64,256,1,4,4,1000000000,16,Yes,,,,,,,,
pfp_bloom_filter_add_unique_size_u64,0,NVIDIA RTX PRO 6000 Blackwell Server Edition,I64,U64,256,1,4,4,1000000000,32,Yes,,,,,,,,
pfp_bloom_filter_add_unique_size_u64,0,NVIDIA RTX PRO 6000 Blackwell Server Edition,I64,U64,256,1,4,4,1000000000,64,Yes,,,,,,,,
pfp_bloom_filter_add_unique_size_u64,0,NVIDIA RTX PRO 6000 Blackwell Server Edition,I64,U64,256,1,4,4,1000000000,128,Yes,,,,,,,,
pfp_bloom_filter_add_unique_size_u64,0,NVIDIA RTX PRO 6000 Blackwell Server Edition,I64,U64,256,1,4,4,1000000000,256,Yes,,,,,,,,
pfp_bloom_filter_add_unique_size_u64,0,NVIDIA RTX PRO 6000 Blackwell Server Edition,I64,U64,256,1,4,4,1000000000,512,Yes,,,,,,,,
pfp_bloom_filter_add_unique_size_u64,0,NVIDIA RTX PRO 6000 Blackwell Server Edition,I64,U64,256,1,4,4,1000000000,1024,Yes,,,,,,,,
pfp_bloom_filter_add_unique_size_u64,0,NVIDIA RTX PRO 6000 Blackwell Server Edition,I64,U64,256,1,4,4,1000000000,2048,Yes,,,,,,,,
pfp_bloom_filter_add_unique_size_u64,0,NVIDIA RTX PRO 6000 Blackwell Server Edition,I64,U64,256,1,4,8,1000000000,1,Yes,,,,,,,,
pfp_bloom_filter_add_unique_size_u64,0,NVIDIA RTX PRO 6000 Blackwell Server Edition,I64,U64,256,1,4,8,1000000000,2,Yes,,,,,,,,
pfp_bloom_filter_add_unique_size_u64,0,NVIDIA RTX PRO 6000 Blackwell Server Edition,I64,U64,256,1,4,8,1000000000,4,Yes,,,,,,,,
pfp_bloom_filter_add_unique_size_u64,0,NVIDIA RTX PRO 6000 Blackwell Server Edition,I64,U64,256,1,4,8,1000000000,8,Yes,,,,,,,,
pfp_bloom_filter_add_unique_size_u64,0,NVIDIA RTX PRO 6000 Blackwell Server Edition,I64,U64,256,1,4,8,1000000000,16,Yes,,,,,,,,
pfp_bloom_filter_add_unique_size_u64,0,NVIDIA RTX PRO 6000 Blackwell Server Edition,I64,U64,256,1,4,8,1000000000,32,Yes,,,,,,,,
pfp_bloom_filter_add_unique_size_u64,0,NVIDIA RTX PRO 6000 Blackwell Server Edition,I64,U64,256,1,4,8,1000000000,64,Yes,,,,,,,,
pfp_bloom_filter_add_unique_size_u64,0,NVIDIA RTX PRO 6000 Blackwell Server Edition,I64,U64,256,1,4,8,1000000000,128,Yes,,,,,,,,
pfp_bloom_filter_add_unique_size_u64,0,NVIDIA RTX PRO 6000 Blackwell Server Edition,I64,U64,256,1,4,8,1000000000,256,Yes,,,,,,,,
pfp_bloom_filter_add_unique_size_u64,0,NVIDIA RTX PRO 6000 Blackwell Server Edition,I64,U64,256,1,4,8,1000000000,512,Yes,,,,,,,,
pfp_bloom_filter_add_unique_size_u64,0,NVIDIA RTX PRO 6000 Blackwell Server Edition,I64,U64,256,1,4,8,1000000000,1024,Yes,,,,,,,,
pfp_bloom_filter_add_unique_size_u64,0,NVIDIA RTX PRO 6000 Blackwell Server Edition,I64,U64,256,1,4,8,1000000000,2048,Yes,,,,,,,,
pfp_bloom_filter_add_unique_size_u64,0,NVIDIA RTX PRO 6000 Blackwell Server Edition,I64,U64,256,1,8,1,1000000000,1,Yes,,,,,,,,
pfp_bloom_filter_add_unique_size_u64,0,NVIDIA RTX PRO 6000 Blackwell Server Edition,I64,U64,256,1,8,1,1000000000,2,Yes,,,,,,,,
pfp_bloom_filter_add_unique_size_u64,0,NVIDIA RTX PRO 6000 Blackwell Server Edition,I64,U64,256,1,8,1,1000000000,4,Yes,,,,,,,,
pfp_bloom_filter_add_unique_size_u64,0,NVIDIA RTX PRO 6000 Blackwell Server Edition,I64,U64,256,1,8,1,1000000000,8,Yes,,,,,,,,
pfp_bloom_filter_add_unique_size_u64,0,NVIDIA RTX PRO 6000 Blackwell Server Edition,I64,U64,256,1,8,1,1000000000,16,Yes,,,,,,,,
pfp_bloom_filter_add_unique_size_u64,0,NVIDIA RTX PRO 6000 Blackwell Server Edition,I64,U64,256,1,8,1,1000000000,32,Yes,,,,,,,,
pfp_bloom_filter_add_unique_size_u64,0,NVIDIA RTX PRO 6000 Blackwell Server Edition,I64,U64,256,1,8,1,1000000000,64,Yes,,,,,,,,
pfp_bloom_filter_add_unique_size_u64,0,NVIDIA RTX PRO 6000 Blackwell Server Edition,I64,U64,256,1,8,1,1000000000,128,Yes,,,,,,,,
pfp_bloom_filter_add_unique_size_u64,0,NVIDIA RTX PRO 6000 Blackwell Server Edition,I64,U64,256,1,8,1,1000000000,256,Yes,,,,,,,,
pfp_bloom_filter_add_unique_size_u64,0,NVIDIA RTX PRO 6000 Blackwell Server Edition,I64,U64,256,1,8,1,1000000000,512,Yes,,,,,,,,
pfp_bloom_filter_add_unique_size_u64,0,NVIDIA RTX PRO 6000 Blackwell Server Edition,I64,U64,256,1,8,1,1000000000,1024,Yes,,,,,,,,
pfp_bloom_filter_add_unique_size_u64,0,NVIDIA RTX PRO 6000 Blackwell Server Edition,I64,U64,256,1,8,1,1000000000,2048,Yes,,,,,,,,
pfp_bloom_filter_add_unique_size_u64,0,NVIDIA RTX PRO 6000 Blackwell Server Edition,I64,U64,256,1,8,2,1000000000,1,Yes,,,,,,,,
pfp_bloom_filter_add_unique_size_u64,0,NVIDIA RTX PRO 6000 Blackwell Server Edition,I64,U64,256,1,8,2,1000000000,2,Yes,,,,,,,,
pfp_bloom_filter_add_unique_size_u64,0,NVIDIA RTX PRO 6000 Blackwell Server Edition,I64,U64,256,1,8,2,1000000000,4,Yes,,,,,,,,
pfp_bloom_filter_add_unique_size_u64,0,NVIDIA RTX PRO 6000 Blackwell Server Edition,I64,U64,256,1,8,2,1000000000,8,Yes,,,,,,,,
pfp_bloom_filter_add_unique_size_u64,0,NVIDIA RTX PRO 6000 Blackwell Server Edition,I64,U64,256,1,8,2,1000000000,16,Yes,,,,,,,,
pfp_bloom_filter_add_unique_size_u64,0,NVIDIA RTX PRO 6000 Blackwell Server Edition,I64,U64,256,1,8,2,1000000000,32,Yes,,,,,,,,
pfp_bloom_filter_add_unique_size_u64,0,NVIDIA RTX PRO 6000 Blackwell Server Edition,I64,U64,256,1,8,2,1000000000,64,Yes,,,,,,,,
pfp_bloom_filter_add_unique_size_u64,0,NVIDIA RTX PRO 6000 Blackwell Server Edition,I64,U64,256,1,8,2,1000000000,128,Yes,,,,,,,,
pfp_bloom_filter_add_unique_size_u64,0,NVIDIA RTX PRO 6000 Blackwell Server Edition,I64,U64,256,1,8,2,1000000000,256,Yes,,,,,,,,
pfp_bloom_filter_add_unique_size_u64,0,NVIDIA RTX PRO 6000 Blackwell Server Edition,I64,U64,256,1,8,2,1000000000,512,Yes,,,,,,,,
pfp_bloom_filter_add_unique_size_u64,0,NVIDIA RTX PRO 6000 Blackwell Server Edition,I64,U64,256,1,8,2,1000000000,1024,Yes,,,,,,,,
pfp_bloom_filter_add_unique_size_u64,0,NVIDIA RTX PRO 6000 Blackwell Server Edition,I64,U64,256,1,8,2,1000000000,2048,Yes,,,,,,,,
pfp_bloom_filter_add_unique_size_u64,0,NVIDIA RTX PRO 6000 Blackwell Server Edition,I64,U64,256,1,8,4,1000000000,1,Yes,,,,,,,,
pfp_bloom_filter_add_unique_size_u64,0,NVIDIA RTX PRO 6000 Blackwell Server Edition,I64,U64,256,1,8,4,1000000000,2,Yes,,,,,,,,
pfp_bloom_filter_add_unique_size_u64,0,NVIDIA RTX PRO 6000 Blackwell Server Edition,I64,U64,256,1,8,4,1000000000,4,Yes,,,,,,,,
pfp_bloom_filter_add_unique_size_u64,0,NVIDIA RTX PRO 6000 Blackwell Server Edition,I64,U64,256,1,8,4,1000000000,8,Yes,,,,,,,,
pfp_bloom_filter_add_unique_size_u64,0,NVIDIA RTX PRO 6000 Blackwell Server Edition,I64,U64,256,1,8,4,1000000000,16,Yes,,,,,,,,
pfp_bloom_filter_add_unique_size_u64,0,NVIDIA RTX PRO 6000 Blackwell Server Edition,I64,U64,256,1,8,4,1000000000,32,Yes,,,,,,,,
pfp_bloom_filter_add_unique_size_u64,0,NVIDIA RTX PRO 6000 Blackwell Server Edition,I64,U64,256,1,8,4,1000000000,64,Yes,,,,,,,,
pfp_bloom_filter_add_unique_size_u64,0,NVIDIA RTX PRO 6000 Blackwell Server Edition,I64,U64,256,1,8,4,1000000000,128,Yes,,,,,,,,
pfp_bloom_filter_add_unique_size_u64,0,NVIDIA RTX PRO 6000 Blackwell Server Edition,I64,U64,256,1,8,4,1000000000,256,Yes,,,,,,,,
pfp_bloom_filter_add_unique_size_u64,0,NVIDIA RTX PRO 6000 Blackwell Server Edition,I64,U64,256,1,8,4,1000000000,512,Yes,,,,,,,,
pfp_bloom_filter_add_unique_size_u64,0,NVIDIA RTX PRO 6000 Blackwell Server Edition,I64,U64,256,1,8,4,1000000000,1024,Yes,,,,,,,,
pfp_bloom_filter_add_unique_size_u64,0,NVIDIA RTX PRO 6000 Blackwell Server Edition,I64,U64,256,1,8,4,1000000000,2048,Yes,,,,,,,,
pfp_bloom_filter_add_unique_size_u64,0,NVIDIA RTX PRO 6000 Blackwell Server Edition,I64,U64,256,1,8,8,1000000000,1,Yes,,,,,,,,
pfp_bloom_filter_add_unique_size_u64,0,NVIDIA RTX PRO 6000 Blackwell Server Edition,I64,U64,256,1,8,8,1000000000,2,Yes,,,,,,,,
pfp_bloom_filter_add_unique_size_u64,0,NVIDIA RTX PRO 6000 Blackwell Server Edition,I64,U64,256,1,8,8,1000000000,4,Yes,,,,,,,,
pfp_bloom_filter_add_unique_size_u64,0,NVIDIA RTX PRO 6000 Blackwell Server Edition,I64,U64,256,1,8,8,1000000000,8,Yes,,,,,,,,
pfp_bloom_filter_add_unique_size_u64,0,NVIDIA RTX PRO 6000 Blackwell Server Edition,I64,U64,256,1,8,8,1000000000,16,Yes,,,,,,,,
pfp_bloom_filter_add_unique_size_u64,0,NVIDIA RTX PRO 6000 Blackwell Server Edition,I64,U64,256,1,8,8,1000000000,32,Yes,,,,,,,,
pfp_bloom_filter_add_unique_size_u64,0,NVIDIA RTX PRO 6000 Blackwell Server Edition,I64,U64,256,1,8,8,1000000000,64,Yes,,,,,,,,
pfp_bloom_filter_add_unique_size_u64,0,NVIDIA RTX PRO 6000 Blackwell Server Edition,I64,U64,256,1,8,8,1000000000,128,Yes,,,,,,,,
pfp_bloom_filter_add_unique_size_u64,0,NVIDIA RTX PRO 6000 Blackwell Server Edition,I64,U64,256,1,8,8,1000000000,256,Yes,,,,,,,,
pfp_bloom_filter_add_unique_size_u64,0,NVIDIA RTX PRO 6000 Blackwell Server Edition,I64,U64,256,1,8,8,1000000000,512,Yes,,,,,,,,
pfp_bloom_filter_add_unique_size_u64,0,NVIDIA RTX PRO 6000 Blackwell Server Edition,I64,U64,256,1,8,8,1000000000,1024,Yes,,,,,,,,
pfp_bloom_filter_add_unique_size_u64,0,NVIDIA RTX PRO 6000 Blackwell Server Edition,I64,U64,256,1,8,8,1000000000,2048,Yes,,,,,,,,
pfp_bloom_filter_add_unique_size_u64,0,NVIDIA RTX PRO 6000 Blackwell Server Edition,I64,U64,256,20,1,1,1000000000,1,Yes,,,,,,,,
pfp_bloom_filter_add_unique_size_u64,0,NVIDIA RTX PRO 6000 Blackwell Server Edition,I64,U64,256,20,1,1,1000000000,2,Yes,,,,,,,,
pfp_bloom_filter_add_unique_size_u64,0,NVIDIA RTX PRO 6000 Blackwell Server Edition,I64,U64,256,20,1,1,1000000000,4,Yes,,,,,,,,
pfp_bloom_filter_add_unique_size_u64,0,NVIDIA RTX PRO 6000 Blackwell Server Edition,I64,U64,256,20,1,1,1000000000,8,Yes,,,,,,,,
pfp_bloom_filter_add_unique_size_u64,0,NVIDIA RTX PRO 6000 Blackwell Server Edition,I64,U64,256,20,1,1,1000000000,16,Yes,,,,,,,,
pfp_bloom_filter_add_unique_size_u64,0,NVIDIA RTX PRO 6000 Blackwell Server Edition,I64,U64,256,20,1,1,1000000000,32,Yes,,,,,,,,
pfp_bloom_filter_add_unique_size_u64,0,NVIDIA RTX PRO 6000 Blackwell Server Edition,I64,U64,256,20,1,1,1000000000,64,Yes,,,,,,,,
pfp_bloom_filter_add_unique_size_u64,0,NVIDIA RTX PRO 6000 Blackwell Server Edition,I64,U64,256,20,1,1,1000000000,128,Yes,,,,,,,,
pfp_bloom_filter_add_unique_size_u64,0,NVIDIA RTX PRO 6000 Blackwell Server Edition,I64,U64,256,20,1,1,1000000000,256,Yes,,,,,,,,
pfp_bloom_filter_add_unique_size_u64,0,NVIDIA RTX PRO 6000 Blackwell Server Edition,I64,U64,256,20,1,1,1000000000,512,Yes,,,,,,,,
pfp_bloom_filter_add_unique_size_u64,0,NVIDIA RTX PRO 6000 Blackwell Server Edition,I64,U64,256,20,1,1,1000000000,1024,Yes,,,,,,,,
pfp_bloom_filter_add_unique_size_u64,0,NVIDIA RTX PRO 6000 Blackwell Server Edition,I64,U64,256,20,1,1,1000000000,2048,Yes,,,,,,,,
pfp_bloom_filter_add_unique_size_u64,0,NVIDIA RTX PRO 6000 Blackwell Server Edition,I64,U64,256,20,1,2,1000000000,1,Yes,,,,,,,,
pfp_bloom_filter_add_unique_size_u64,0,NVIDIA RTX PRO 6000 Blackwell Server Edition,I64,U64,256,20,1,2,1000000000,2,Yes,,,,,,,,
pfp_bloom_filter_add_unique_size_u64,0,NVIDIA RTX PRO 6000 Blackwell Server Edition,I64,U64,256,20,1,2,1000000000,4,Yes,,,,,,,,
pfp_bloom_filter_add_unique_size_u64,0,NVIDIA RTX PRO 6000 Blackwell Server Edition,I64,U64,256,20,1,2,1000000000,8,Yes,,,,,,,,
pfp_bloom_filter_add_unique_size_u64,0,NVIDIA RTX PRO 6000 Blackwell Server Edition,I64,U64,256,20,1,2,1000000000,16,Yes,,,,,,,,
pfp_bloom_filter_add_unique_size_u64,0,NVIDIA RTX PRO 6000 Blackwell Server Edition,I64,U64,256,20,1,2,1000000000,32,Yes,,,,,,,,
pfp_bloom_filter_add_unique_size_u64,0,NVIDIA RTX PRO 6000 Blackwell Server Edition,I64,U64,256,20,1,2,1000000000,64,Yes,,,,,,,,
pfp_bloom_filter_add_unique_size_u64,0,NVIDIA RTX PRO 6000 Blackwell Server Edition,I64,U64,256,20,1,2,1000000000,128,Yes,,,,,,,,
pfp_bloom_filter_add_unique_size_u64,0,NVIDIA RTX PRO 6000 Blackwell Server Edition,I64,U64,256,20,1,2,1000000000,256,Yes,,,,,,,,
pfp_bloom_filter_add_unique_size_u64,0,NVIDIA RTX PRO 6000 Blackwell Server Edition,I64,U64,256,20,1,2,1000000000,512,Yes,,,,,,,,
pfp_bloom_filter_add_unique_size_u64,0,NVIDIA RTX PRO 6000 Blackwell Server Edition,I64,U64,256,20,1,2,1000000000,1024,Yes,,,,,,,,
pfp_bloom_filter_add_unique_size_u64,0,NVIDIA RTX PRO 6000 Blackwell Server Edition,I64,U64,256,20,1,2,1000000000,2048,Yes,,,,,,,,
pfp_bloom_filter_add_unique_size_u64,0,NVIDIA RTX PRO 6000 Blackwell Server Edition,I64,U64,256,20,1,4,1000000000,1,Yes,,,,,,,,
pfp_bloom_filter_add_unique_size_u64,0,NVIDIA RTX PRO 6000 Blackwell Server Edition,I64,U64,256,20,1,4,1000000000,2,Yes,,,,,,,,
pfp_bloom_filter_add_unique_size_u64,0,NVIDIA RTX PRO 6000 Blackwell Server Edition,I64,U64,256,20,1,4,1000000000,4,Yes,,,,,,,,
pfp_bloom_filter_add_unique_size_u64,0,NVIDIA RTX PRO 6000 Blackwell Server Edition,I64,U64,256,20,1,4,1000000000,8,Yes,,,,,,,,
pfp_bloom_filter_add_unique_size_u64,0,NVIDIA RTX PRO 6000 Blackwell Server Edition,I64,U64,256,20,1,4,1000000000,16,Yes,,,,,,,,
pfp_bloom_filter_add_unique_size_u64,0,NVIDIA RTX PRO 6000 Blackwell Server Edition,I64,U64,256,20,1,4,1000000000,32,Yes,,,,,,,,
pfp_bloom_filter_add_unique_size_u64,0,NVIDIA RTX PRO 6000 Blackwell Server Edition,I64,U64,256,20,1,4,1000000000,64,Yes,,,,,,,,
pfp_bloom_filter_add_unique_size_u64,0,NVIDIA RTX PRO 6000 Blackwell Server Edition,I64,U64,256,20,1,4,1000000000,128,Yes,,,,,,,,
pfp_bloom_filter_add_unique_size_u64,0,NVIDIA RTX PRO 6000 Blackwell Server Edition,I64,U64,256,20,1,4,1000000000,256,Yes,,,,,,,,
pfp_bloom_filter_add_unique_size_u64,0,NVIDIA RTX PRO 6000 Blackwell Server Edition,I64,U64,256,20,1,4,1000000000,512,Yes,,,,,,,,
pfp_bloom_filter_add_unique_size_u64,0,NVIDIA RTX PRO 6000 Blackwell Server Edition,I64,U64,256,20,1,4,1000000000,1024,Yes,,,,,,,,
pfp_bloom_filter_add_unique_size_u64,0,NVIDIA RTX PRO 6000 Blackwell Server Edition,I64,U64,256,20,1,4,1000000000,2048,Yes,,,,,,,,
pfp_bloom_filter_add_unique_size_u64,0,NVIDIA RTX PRO 6000 Blackwell Server Edition,I64,U64,256,20,1,8,1000000000,1,Yes,,,,,,,,
pfp_bloom_filter_add_unique_size_u64,0,NVIDIA RTX PRO 6000 Blackwell Server Edition,I64,U64,256,20,1,8,1000000000,2,Yes,,,,,,,,
pfp_bloom_filter_add_unique_size_u64,0,NVIDIA RTX PRO 6000 Blackwell Server Edition,I64,U64,256,20,1,8,1000000000,4,Yes,,,,,,,,
pfp_bloom_filter_add_unique_size_u64,0,NVIDIA RTX PRO 6000 Blackwell Server Edition,I64,U64,256,20,1,8,1000000000,8,Yes,,,,,,,,
pfp_bloom_filter_add_unique_size_u64,0,NVIDIA RTX PRO 6000 Blackwell Server Edition,I64,U64,256,20,1,8,1000000000,16,Yes,,,,,,,,
pfp_bloom_filter_add_unique_size_u64,0,NVIDIA RTX PRO 6000 Blackwell Server Edition,I64,U64,256,20,1,8,1000000000,32,Yes,,,,,,,,
pfp_bloom_filter_add_unique_size_u64,0,NVIDIA RTX PRO 6000 Blackwell Server Edition,I64,U64,256,20,1,8,1000000000,64,Yes,,,,,,,,
pfp_bloom_filter_add_unique_size_u64,0,NVIDIA RTX PRO 6000 Blackwell Server Edition,I64,U64,256,20,1,8,1000000000,128,Yes,,,,,,,,
pfp_bloom_filter_add_unique_size_u64,0,NVIDIA RTX PRO 6000 Blackwell Server Edition,I64,U64,256,20,1,8,1000000000,256,Yes,,,,,,,,
pfp_bloom_filter_add_unique_size_u64,0,NVIDIA RTX PRO 6000 Blackwell Server Edition,I64,U64,256,20,1,8,1000000000,512,Yes,,,,,,,,
pfp_bloom_filter_add_unique_size_u64,0,NVIDIA RTX PRO 6000 Blackwell Server Edition,I64,U64,256,20,1,8,1000000000,1024,Yes,,,,,,,,
pfp_bloom_filter_add_unique_size_u64,0,NVIDIA RTX PRO 6000 Blackwell Server Edition,I64,U64,256,20,1,8,1000000000,2048,Yes,,,,,,,,
pfp_bloom_filter_add_unique_size_u64,0,NVIDIA RTX PRO 6000 Blackwell Server Edition,I64,U64,256,20,2,1,1000000000,1,Yes,,,,,,,,
pfp_bloom_filter_add_unique_size_u64,0,NVIDIA RTX PRO 6000 Blackwell Server Edition,I64,U64,256,20,2,1,1000000000,2,Yes,,,,,,,,
pfp_bloom_filter_add_unique_size_u64,0,NVIDIA RTX PRO 6000 Blackwell Server Edition,I64,U64,256,20,2,1,1000000000,4,Yes,,,,,,,,
pfp_bloom_filter_add_unique_size_u64,0,NVIDIA RTX PRO 6000 Blackwell Server Edition,I64,U64,256,20,2,1,1000000000,8,Yes,,,,,,,,
pfp_bloom_filter_add_unique_size_u64,0,NVIDIA RTX PRO 6000 Blackwell Server Edition,I64,U64,256,20,2,1,1000000000,16,Yes,,,,,,,,
pfp_bloom_filter_add_unique_size_u64,0,NVIDIA RTX PRO 6000 Blackwell Server Edition,I64,U64,256,20,2,1,1000000000,32,Yes,,,,,,,,
pfp_bloom_filter_add_unique_size_u64,0,NVIDIA RTX PRO 6000 Blackwell Server Edition,I64,U64,256,20,2,1,1000000000,64,Yes,,,,,,,,
pfp_bloom_filter_add_unique_size_u64,0,NVIDIA RTX PRO 6000 Blackwell Server Edition,I64,U64,256,20,2,1,1000000000,128,Yes,,,,,,,,
pfp_bloom_filter_add_unique_size_u64,0,NVIDIA RTX PRO 6000 Blackwell Server Edition,I64,U64,256,20,2,1,1000000000,256,Yes,,,,,,,,
pfp_bloom_filter_add_unique_size_u64,0,NVIDIA RTX PRO 6000 Blackwell Server Edition,I64,U64,256,20,2,1,1000000000,512,Yes,,,,,,,,
pfp_bloom_filter_add_unique_size_u64,0,NVIDIA RTX PRO 6000 Blackwell Server Edition,I64,U64,256,20,2,1,1000000000,1024,Yes,,,,,,,,
pfp_bloom_filter_add_unique_size_u64,0,NVIDIA RTX PRO 6000 Blackwell Server Edition,I64,U64,256,20,2,1,1000000000,2048,Yes,,,,,,,,
pfp_bloom_filter_add_unique_size_u64,0,NVIDIA RTX PRO 6000 Blackwell Server Edition,I64,U64,256,20,2,2,1000000000,1,Yes,,,,,,,,
pfp_bloom_filter_add_unique_size_u64,0,NVIDIA RTX PRO 6000 Blackwell Server Edition,I64,U64,256,20,2,2,1000000000,2,Yes,,,,,,,,
pfp_bloom_filter_add_unique_size_u64,0,NVIDIA RTX PRO 6000 Blackwell Server Edition,I64,U64,256,20,2,2,1000000000,4,Yes,,,,,,,,
pfp_bloom_filter_add_unique_size_u64,0,NVIDIA RTX PRO 6000 Blackwell Server Edition,I64,U64,256,20,2,2,1000000000,8,Yes,,,,,,,,
pfp_bloom_filter_add_unique_size_u64,0,NVIDIA RTX PRO 6000 Blackwell Server Edition,I64,U64,256,20,2,2,1000000000,16,Yes,,,,,,,,
pfp_bloom_filter_add_unique_size_u64,0,NVIDIA RTX PRO 6000 Blackwell Server Edition,I64,U64,256,20,2,2,1000000000,32,Yes,,,,,,,,
pfp_bloom_filter_add_unique_size_u64,0,NVIDIA RTX PRO 6000 Blackwell Server Edition,I64,U64,256,20,2,2,1000000000,64,Yes,,,,,,,,
pfp_bloom_filter_add_unique_size_u64,0,NVIDIA RTX PRO 6000 Blackwell Server Edition,I64,U64,256,20,2,2,1000000000,128,Yes,,,,,,,,
pfp_bloom_filter_add_unique_size_u64,0,NVIDIA RTX PRO 6000 Blackwell Server Edition,I64,U64,256,20,2,2,1000000000,256,Yes,,,,,,,,
pfp_bloom_filter_add_unique_size_u64,0,NVIDIA RTX PRO 6000 Blackwell Server Edition,I64,U64,256,20,2,2,1000000000,512,Yes,,,,,,,,
pfp_bloom_filter_add_unique_size_u64,0,NVIDIA RTX PRO 6000 Blackwell Server Edition,I64,U64,256,20,2,2,1000000000,1024,Yes,,,,,,,,
pfp_bloom_filter_add_unique_size_u64,0,NVIDIA RTX PRO 6000 Blackwell Server Edition,I64,U64,256,20,2,2,1000000000,2048,Yes,,,,,,,,
pfp_bloom_filter_add_unique_size_u64,0,NVIDIA RTX PRO 6000 Blackwell Server Edition,I64,U64,256,20,2,4,1000000000,1,Yes,,,,,,,,
pfp_bloom_filter_add_unique_size_u64,0,NVIDIA RTX PRO 6000 Blackwell Server Edition,I64,U64,256,20,2,4,1000000000,2,Yes,,,,,,,,
pfp_bloom_filter_add_unique_size_u64,0,NVIDIA RTX PRO 6000 Blackwell Server Edition,I64,U64,256,20,2,4,1000000000,4,Yes,,,,,,,,
pfp_bloom_filter_add_unique_size_u64,0,NVIDIA RTX PRO 6000 Blackwell Server Edition,I64,U64,256,20,2,4,1000000000,8,Yes,,,,,,,,
pfp_bloom_filter_add_unique_size_u64,0,NVIDIA RTX PRO 6000 Blackwell Server Edition,I64,U64,256,20,2,4,1000000000,16,Yes,,,,,,,,
pfp_bloom_filter_add_unique_size_u64,0,NVIDIA RTX PRO 6000 Blackwell Server Edition,I64,U64,256,20,2,4,1000000000,32,Yes,,,,,,,,
pfp_bloom_filter_add_unique_size_u64,0,NVIDIA RTX PRO 6000 Blackwell Server Edition,I64,U64,256,20,2,4,1000000000,64,Yes,,,,,,,,
pfp_bloom_filter_add_unique_size_u64,0,NVIDIA RTX PRO 6000 Blackwell Server Edition,I64,U64,256,20,2,4,1000000000,128,Yes,,,,,,,,
pfp_bloom_filter_add_unique_size_u64,0,NVIDIA RTX PRO 6000 Blackwell Server Edition,I64,U64,256,20,2,4,1000000000,256,Yes,,,,,,,,
pfp_bloom_filter_add_unique_size_u64,0,NVIDIA RTX PRO 6000 Blackwell Server Edition,I64,U64,256,20,2,4,1000000000,512,Yes,,,,,,,,
pfp_bloom_filter_add_unique_size_u64,0,NVIDIA RTX PRO 6000 Blackwell Server Edition,I64,U64,256,20,2,4,1000000000,1024,Yes,,,,,,,,
pfp_bloom_filter_add_unique_size_u64,0,NVIDIA RTX PRO 6000 Blackwell Server Edition,I64,U64,256,20,2,4,1000000000,2048,Yes,,,,,,,,
pfp_bloom_filter_add_unique_size_u64,0,NVIDIA RTX PRO 6000 Blackwell Server Edition,I64,U64,256,20,2,8,1000000000,1,Yes,,,,,,,,
pfp_bloom_filter_add_unique_size_u64,0,NVIDIA RTX PRO 6000 Blackwell Server Edition,I64,U64,256,20,2,8,1000000000,2,Yes,,,,,,,,
pfp_bloom_filter_add_unique_size_u64,0,NVIDIA RTX PRO 6000 Blackwell Server Edition,I64,U64,256,20,2,8,1000000000,4,Yes,,,,,,,,
pfp_bloom_filter_add_unique_size_u64,0,NVIDIA RTX PRO 6000 Blackwell Server Edition,I64,U64,256,20,2,8,1000000000,8,Yes,,,,,,,,
pfp_bloom_filter_add_unique_size_u64,0,NVIDIA RTX PRO 6000 Blackwell Server Edition,I64,U64,256,20,2,8,1000000000,16,Yes,,,,,,,,
pfp_bloom_filter_add_unique_size_u64,0,NVIDIA RTX PRO 6000 Blackwell Server Edition,I64,U64,256,20,2,8,1000000000,32,Yes,,,,,,,,
pfp_bloom_filter_add_unique_size_u64,0,NVIDIA RTX PRO 6000 Blackwell Server Edition,I64,U64,256,20,2,8,1000000000,64,Yes,,,,,,,,
pfp_bloom_filter_add_unique_size_u64,0,NVIDIA RTX PRO 6000 Blackwell Server Edition,I64,U64,256,20,2,8,1000000000,128,Yes,,,,,,,,
pfp_bloom_filter_add_unique_size_u64,0,NVIDIA RTX PRO 6000 Blackwell Server Edition,I64,U64,256,20,2,8,1000000000,256,Yes,,,,,,,,
pfp_bloom_filter_add_unique_size_u64,0,NVIDIA RTX PRO 6000 Blackwell Server Edition,I64,U64,256,20,2,8,1000000000,512,Yes,,,,,,,,
pfp_bloom_filter_add_unique_size_u64,0,NVIDIA RTX PRO 6000 Blackwell Server Edition,I64,U64,256,20,2,8,1000000000,1024,Yes,,,,,,,,
pfp_bloom_filter_add_unique_size_u64,0,NVIDIA RTX PRO 6000 Blackwell Server Edition,I64,U64,256,20,2,8,1000000000,2048,Yes,,,,,,,,
pfp_bloom_filter_add_unique_size_u64,0,NVIDIA RTX PRO 6000 Blackwell Server Edition,I64,U64,256,20,4,1,1000000000,1,Yes,,,,,,,,
pfp_bloom_filter_add_unique_size_u64,0,NVIDIA RTX PRO 6000 Blackwell Server Edition,I64,U64,256,20,4,1,1000000000,2,Yes,,,,,,,,
pfp_bloom_filter_add_unique_size_u64,0,NVIDIA RTX PRO 6000 Blackwell Server Edition,I64,U64,256,20,4,1,1000000000,4,Yes,,,,,,,,
pfp_bloom_filter_add_unique_size_u64,0,NVIDIA RTX PRO 6000 Blackwell Server Edition,I64,U64,256,20,4,1,1000000000,8,Yes,,,,,,,,
pfp_bloom_filter_add_unique_size_u64,0,NVIDIA RTX PRO 6000 Blackwell Server Edition,I64,U64,256,20,4,1,1000000000,16,Yes,,,,,,,,
pfp_bloom_filter_add_unique_size_u64,0,NVIDIA RTX PRO 6000 Blackwell Server Edition,I64,U64,256,20,4,1,1000000000,32,Yes,,,,,,,,
pfp_bloom_filter_add_unique_size_u64,0,NVIDIA RTX PRO 6000 Blackwell Server Edition,I64,U64,256,20,4,1,1000000000,64,Yes,,,,,,,,
pfp_bloom_filter_add_unique_size_u64,0,NVIDIA RTX PRO 6000 Blackwell Server Edition,I64,U64,256,20,4,1,1000000000,128,Yes,,,,,,,,
pfp_bloom_filter_add_unique_size_u64,0,NVIDIA RTX PRO 6000 Blackwell Server Edition,I64,U64,256,20,4,1,1000000000,256,Yes,,,,,,,,
pfp_bloom_filter_add_unique_size_u64,0,NVIDIA RTX PRO 6000 Blackwell Server Edition,I64,U64,256,20,4,1,1000000000,512,Yes,,,,,,,,
pfp_bloom_filter_add_unique_size_u64,0,NVIDIA RTX PRO 6000 Blackwell Server Edition,I64,U64,256,20,4,1,1000000000,1024,Yes,,,,,,,,
pfp_bloom_filter_add_unique_size_u64,0,NVIDIA RTX PRO 6000 Blackwell Server Edition,I64,U64,256,20,4,1,1000000000,2048,Yes,,,,,,,,
pfp_bloom_filter_add_unique_size_u64,0,NVIDIA RTX PRO 6000 Blackwell Server Edition,I64,U64,256,20,4,2,1000000000,1,Yes,,,,,,,,
pfp_bloom_filter_add_unique_size_u64,0,NVIDIA RTX PRO 6000 Blackwell Server Edition,I64,U64,256,20,4,2,1000000000,2,Yes,,,,,,,,
pfp_bloom_filter_add_unique_size_u64,0,NVIDIA RTX PRO 6000 Blackwell Server Edition,I64,U64,256,20,4,2,1000000000,4,Yes,,,,,,,,
pfp_bloom_filter_add_unique_size_u64,0,NVIDIA RTX PRO 6000 Blackwell Server Edition,I64,U64,256,20,4,2,1000000000,8,Yes,,,,,,,,
pfp_bloom_filter_add_unique_size_u64,0,NVIDIA RTX PRO 6000 Blackwell Server Edition,I64,U64,256,20,4,2,1000000000,16,Yes,,,,,,,,
pfp_bloom_filter_add_unique_size_u64,0,NVIDIA RTX PRO 6000 Blackwell Server Edition,I64,U64,256,20,4,2,1000000000,32,Yes,,,,,,,,
pfp_bloom_filter_add_unique_size_u64,0,NVIDIA RTX PRO 6000 Blackwell Server Edition,I64,U64,256,20,4,2,1000000000,64,Yes,,,,,,,,
pfp_bloom_filter_add_unique_size_u64,0,NVIDIA RTX PRO 6000 Blackwell Server Edition,I64,U64,256,20,4,2,1000000000,128,Yes,,,,,,,,
pfp_bloom_filter_add_unique_size_u64,0,NVIDIA RTX PRO 6000 Blackwell Server Edition,I64,U64,256,20,4,2,1000000000,256,Yes,,,,,,,,
pfp_bloom_filter_add_unique_size_u64,0,NVIDIA RTX PRO 6000 Blackwell Server Edition,I64,U64,256,20,4,2,1000000000,512,Yes,,,,,,,,
pfp_bloom_filter_add_unique_size_u64,0,NVIDIA RTX PRO 6000 Blackwell Server Edition,I64,U64,256,20,4,2,1000000000,1024,Yes,,,,,,,,
pfp_bloom_filter_add_unique_size_u64,0,NVIDIA RTX PRO 6000 Blackwell Server Edition,I64,U64,256,20,4,2,1000000000,2048,Yes,,,,,,,,
pfp_bloom_filter_add_unique_size_u64,0,NVIDIA RTX PRO 6000 Blackwell Server Edition,I64,U64,256,20,4,4,1000000000,1,Yes,,,,,,,,
pfp_bloom_filter_add_unique_size_u64,0,NVIDIA RTX PRO 6000 Blackwell Server Edition,I64,U64,256,20,4,4,1000000000,2,Yes,,,,,,,,
pfp_bloom_filter_add_unique_size_u64,0,NVIDIA RTX PRO 6000 Blackwell Server Edition,I64,U64,256,20,4,4,1000000000,4,Yes,,,,,,,,
pfp_bloom_filter_add_unique_size_u64,0,NVIDIA RTX PRO 6000 Blackwell Server Edition,I64,U64,256,20,4,4,1000000000,8,Yes,,,,,,,,
pfp_bloom_filter_add_unique_size_u64,0,NVIDIA RTX PRO 6000 Blackwell Server Edition,I64,U64,256,20,4,4,1000000000,16,Yes,,,,,,,,
pfp_bloom_filter_add_unique_size_u64,0,NVIDIA RTX PRO 6000 Blackwell Server Edition,I64,U64,256,20,4,4,1000000000,32,Yes,,,,,,,,
pfp_bloom_filter_add_unique_size_u64,0,NVIDIA RTX PRO 6000 Blackwell Server Edition,I64,U64,256,20,4,4,1000000000,64,Yes,,,,,,,,
pfp_bloom_filter_add_unique_size_u64,0,NVIDIA RTX PRO 6000 Blackwell Server Edition,I64,U64,256,20,4,4,1000000000,128,Yes,,,,,,,,
pfp_bloom_filter_add_unique_size_u64,0,NVIDIA RTX PRO 6000 Blackwell Server Edition,I64,U64,256,20,4,4,1000000000,256,Yes,,,,,,,,
pfp_bloom_filter_add_unique_size_u64,0,NVIDIA RTX PRO 6000 Blackwell Server Edition,I64,U64,256,20,4,4,1000000000,512,Yes,,,,,,,,
pfp_bloom_filter_add_unique_size_u64,0,NVIDIA RTX PRO 6000 Blackwell Server Edition,I64,U64,256,20,4,4,1000000000,1024,Yes,,,,,,,,
pfp_bloom_filter_add_unique_size_u64,0,NVIDIA RTX PRO 6000 Blackwell Server Edition,I64,U64,256,20,4,4,1000000000,2048,Yes,,,,,,,,
pfp_bloom_filter_add_unique_size_u64,0,NVIDIA RTX PRO 6000 Blackwell Server Edition,I64,U64,256,20,4,8,1000000000,1,Yes,,,,,,,,
pfp_bloom_filter_add_unique_size_u64,0,NVIDIA RTX PRO 6000 Blackwell Server Edition,I64,U64,256,20,4,8,1000000000,2,Yes,,,,,,,,
pfp_bloom_filter_add_unique_size_u64,0,NVIDIA RTX PRO 6000 Blackwell Server Edition,I64,U64,256,20,4,8,1000000000,4,Yes,,,,,,,,
pfp_bloom_filter_add_unique_size_u64,0,NVIDIA RTX PRO 6000 Blackwell Server Edition,I64,U64,256,20,4,8,1000000000,8,Yes,,,,,,,,
pfp_bloom_filter_add_unique_size_u64,0,NVIDIA RTX PRO 6000 Blackwell Server Edition,I64,U64,256,20,4,8,1000000000,16,Yes,,,,,,,,
pfp_bloom_filter_add_unique_size_u64,0,NVIDIA RTX PRO 6000 Blackwell Server Edition,I64,U64,256,20,4,8,1000000000,32,Yes,,,,,,,,
pfp_bloom_filter_add_unique_size_u64,0,NVIDIA RTX PRO 6000 Blackwell Server Edition,I64,U64,256,20,4,8,1000000000,64,Yes,,,,,,,,
pfp_bloom_filter_add_unique_size_u64,0,NVIDIA RTX PRO 6000 Blackwell Server Edition,I64,U64,256,20,4,8,1000000000,128,Yes,,,,,,,,
pfp_bloom_filter_add_unique_size_u64,0,NVIDIA RTX PRO 6000 Blackwell Server Edition,I64,U64,256,20,4,8,1000000000,256,Yes,,,,,,,,
pfp_bloom_filter_add_unique_size_u64,0,NVIDIA RTX PRO 6000 Blackwell Server Edition,I64,U64,256,20,4,8,1000000000,512,Yes,,,,,,,,
pfp_bloom_filter_add_unique_size_u64,0,NVIDIA RTX PRO 6000 Blackwell Server Edition,I64,U64,256,20,4,8,1000000000,1024,Yes,,,,,,,,
pfp_bloom_filter_add_unique_size_u64,0,NVIDIA RTX PRO 6000 Blackwell Server Edition,I64,U64,256,20,4,8,1000000000,2048,Yes,,,,,,,,
pfp_bloom_filter_add_unique_size_u64,0,NVIDIA RTX PRO 6000 Blackwell Server Edition,I64,U64,256,20,8,1,1000000000,1,Yes,,,,,,,,
pfp_bloom_filter_add_unique_size_u64,0,NVIDIA RTX PRO 6000 Blackwell Server Edition,I64,U64,256,20,8,1,1000000000,2,Yes,,,,,,,,
pfp_bloom_filter_add_unique_size_u64,0,NVIDIA RTX PRO 6000 Blackwell Server Edition,I64,U64,256,20,8,1,1000000000,4,Yes,,,,,,,,
pfp_bloom_filter_add_unique_size_u64,0,NVIDIA RTX PRO 6000 Blackwell Server Edition,I64,U64,256,20,8,1,1000000000,8,Yes,,,,,,,,
pfp_bloom_filter_add_unique_size_u64,0,NVIDIA RTX PRO 6000 Blackwell Server Edition,I64,U64,256,20,8,1,1000000000,16,Yes,,,,,,,,
pfp_bloom_filter_add_unique_size_u64,0,NVIDIA RTX PRO 6000 Blackwell Server Edition,I64,U64,256,20,8,1,1000000000,32,Yes,,,,,,,,
pfp_bloom_filter_add_unique_size_u64,0,NVIDIA RTX PRO 6000 Blackwell Server Edition,I64,U64,256,20,8,1,1000000000,64,Yes,,,,,,,,
pfp_bloom_filter_add_unique_size_u64,0,NVIDIA RTX PRO 6000 Blackwell Server Edition,I64,U64,256,20,8,1,1000000000,128,Yes,,,,,,,,
pfp_bloom_filter_add_unique_size_u64,0,NVIDIA RTX PRO 6000 Blackwell Server Edition,I64,U64,256,20,8,1,1000000000,256,Yes,,,,,,,,
pfp_bloom_filter_add_unique_size_u64,0,NVIDIA RTX PRO 6000 Blackwell Server Edition,I64,U64,256,20,8,1,1000000000,512,Yes,,,,,,,,
pfp_bloom_filter_add_unique_size_u64,0,NVIDIA RTX PRO 6000 Blackwell Server Edition,I64,U64,256,20,8,1,1000000000,1024,Yes,,,,,,,,
pfp_bloom_filter_add_unique_size_u64,0,NVIDIA RTX PRO 6000 Blackwell Server Edition,I64,U64,256,20,8,1,1000000000,2048,Yes,,,,,,,,
pfp_bloom_filter_add_unique_size_u64,0,NVIDIA RTX PRO 6000 Blackwell Server Edition,I64,U64,256,20,8,2,1000000000,1,Yes,,,,,,,,
pfp_bloom_filter_add_unique_size_u64,0,NVIDIA RTX PRO 6000 Blackwell Server Edition,I64,U64,256,20,8,2,1000000000,2,Yes,,,,,,,,
pfp_bloom_filter_add_unique_size_u64,0,NVIDIA RTX PRO 6000 Blackwell Server Edition,I64,U64,256,20,8,2,1000000000,4,Yes,,,,,,,,
pfp_bloom_filter_add_unique_size_u64,0,NVIDIA RTX PRO 6000 Blackwell Server Edition,I64,U64,256,20,8,2,1000000000,8,Yes,,,,,,,,
pfp_bloom_filter_add_unique_size_u64,0,NVIDIA RTX PRO 6000 Blackwell Server Edition,I64,U64,256,20,8,2,1000000000,16,Yes,,,,,,,,
pfp_bloom_filter_add_unique_size_u64,0,NVIDIA RTX PRO 6000 Blackwell Server Edition,I64,U64,256,20,8,2,1000000000,32,Yes,,,,,,,,
pfp_bloom_filter_add_unique_size_u64,0,NVIDIA RTX PRO 6000 Blackwell Server Edition,I64,U64,256,20,8,2,1000000000,64,Yes,,,,,,,,
pfp_bloom_filter_add_unique_size_u64,0,NVIDIA RTX PRO 6000 Blackwell Server Edition,I64,U64,256,20,8,2,1000000000,128,Yes,,,,,,,,
pfp_bloom_filter_add_unique_size_u64,0,NVIDIA RTX PRO 6000 Blackwell Server Edition,I64,U64,256,20,8,2,1000000000,256,Yes,,,,,,,,
pfp_bloom_filter_add_unique_size_u64,0,NVIDIA RTX PRO 6000 Blackwell Server Edition,I64,U64,256,20,8,2,1000000000,512,Yes,,,,,,,,
pfp_bloom_filter_add_unique_size_u64,0,NVIDIA RTX PRO 6000 Blackwell Server Edition,I64,U64,256,20,8,2,1000000000,1024,Yes,,,,,,,,
pfp_bloom_filter_add_unique_size_u64,0,NVIDIA RTX PRO 6000 Blackwell Server Edition,I64,U64,256,20,8,2,1000000000,2048,Yes,,,,,,,,
pfp_bloom_filter_add_unique_size_u64,0,NVIDIA RTX PRO 6000 Blackwell Server Edition,I64,U64,256,20,8,4,1000000000,1,Yes,,,,,,,,
pfp_bloom_filter_add_unique_size_u64,0,NVIDIA RTX PRO 6000 Blackwell Server Edition,I64,U64,256,20,8,4,1000000000,2,Yes,,,,,,,,
pfp_bloom_filter_add_unique_size_u64,0,NVIDIA RTX PRO 6000 Blackwell Server Edition,I64,U64,256,20,8,4,1000000000,4,Yes,,,,,,,,
pfp_bloom_filter_add_unique_size_u64,0,NVIDIA RTX PRO 6000 Blackwell Server Edition,I64,U64,256,20,8,4,1000000000,8,Yes,,,,,,,,
pfp_bloom_filter_add_unique_size_u64,0,NVIDIA RTX PRO 6000 Blackwell Server Edition,I64,U64,256,20,8,4,1000000000,16,Yes,,,,,,,,
pfp_bloom_filter_add_unique_size_u64,0,NVIDIA RTX PRO 6000 Blackwell Server Edition,I64,U64,256,20,8,4,1000000000,32,Yes,,,,,,,,
pfp_bloom_filter_add_unique_size_u64,0,NVIDIA RTX PRO 6000 Blackwell Server Edition,I64,U64,256,20,8,4,1000000000,64,Yes,,,,,,,,
pfp_bloom_filter_add_unique_size_u64,0,NVIDIA RTX PRO 6000 Blackwell Server Edition,I64,U64,256,20,8,4,1000000000,128,Yes,,,,,,,,
pfp_bloom_filter_add_unique_size_u64,0,NVIDIA RTX PRO 6000 Blackwell Server Edition,I64,U64,256,20,8,4,1000000000,256,Yes,,,,,,,,
pfp_bloom_filter_add_unique_size_u64,0,NVIDIA RTX PRO 6000 Blackwell Server Edition,I64,U64,256,20,8,4,1000000000,512,Yes,,,,,,,,
pfp_bloom_filter_add_unique_size_u64,0,NVIDIA RTX PRO 6000 Blackwell Server Edition,I64,U64,256,20,8,4,1000000000,1024,Yes,,,,,,,,
pfp_bloom_filter_add_unique_size_u64,0,NVIDIA RTX PRO 6000 Blackwell Server Edition,I64,U64,256,20,8,4,1000000000,2048,Yes,,,,,,,,
pfp_bloom_filter_add_unique_size_u64,0,NVIDIA RTX PRO 6000 Blackwell Server Edition,I64,U64,256,20,8,8,1000000000,1,Yes,,,,,,,,
pfp_bloom_filter_add_unique_size_u64,0,NVIDIA RTX PRO 6000 Blackwell Server Edition,I64,U64,256,20,8,8,1000000000,2,Yes,,,,,,,,
pfp_bloom_filter_add_unique_size_u64,0,NVIDIA RTX PRO 6000 Blackwell Server Edition,I64,U64,256,20,8,8,1000000000,4,Yes,,,,,,,,
pfp_bloom_filter_add_unique_size_u64,0,NVIDIA RTX PRO 6000 Blackwell Server Edition,I64,U64,256,20,8,8,1000000000,8,Yes,,,,,,,,
pfp_bloom_filter_add_unique_size_u64,0,NVIDIA RTX PRO 6000 Blackwell Server Edition,I64,U64,256,20,8,8,1000000000,16,Yes,,,,,,,,
pfp_bloom_filter_add_unique_size_u64,0,NVIDIA RTX PRO 6000 Blackwell Server Edition,I64,U64,256,20,8,8,1000000000,32,Yes,,,,,,,,
pfp_bloom_filter_add_unique_size_u64,0,NVIDIA RTX PRO 6000 Blackwell Server Edition,I64,U64,256,20,8,8,1000000000,64,Yes,,,,,,,,
pfp_bloom_filter_add_unique_size_u64,0,NVIDIA RTX PRO 6000 Blackwell Server Edition,I64,U64,256,20,8,8,1000000000,128,Yes,,,,,,,,
pfp_bloom_filter_add_unique_size_u64,0,NVIDIA RTX PRO 6000 Blackwell Server Edition,I64,U64,256,20,8,8,1000000000,256,Yes,,,,,,,,
pfp_bloom_filter_add_unique_size_u64,0,NVIDIA RTX PRO 6000 Blackwell Server Edition,I64,U64,256,20,8,8,1000000000,512,Yes,,,,,,,,
pfp_bloom_filter_add_unique_size_u64,0,NVIDIA RTX PRO 6000 Blackwell Server Edition,I64,U64,256,20,8,8,1000000000,1024,Yes,,,,,,,,
pfp_bloom_filter_add_unique_size_u64,0,NVIDIA RTX PRO 6000 Blackwell Server Edition,I64,U64,256,20,8,8,1000000000,2048,Yes,,,,,,,,
pfp_bloom_filter_add_unique_size_u64,0,NVIDIA RTX PRO 6000 Blackwell Server Edition,I64,U64,512,1,1,1,1000000000,1,No,11,0.08545443290909092,1.9658892266443877e-05,0.08544337532737036,1.627956435550079e-05,11703657494.434992,12,0.08543298784891763
pfp_bloom_filter_add_unique_size_u64,0,NVIDIA RTX PRO 6000 Blackwell Server Edition,I64,U64,512,1,1,1,1000000000,2,No,11,0.08586269927272727,2.190876645855633e-05,0.08585167763449929,2.1755524248585848e-05,11647996027.024082,12,0.08583713277180989
pfp_bloom_filter_add_unique_size_u64,0,NVIDIA RTX PRO 6000 Blackwell Server Edition,I64,U64,512,1,1,1,1000000000,4,No,11,0.086081154,2.954076731677392e-05,0.08606958562677557,2.5274743178728436e-05,11618506034.59752,12,0.08604858970642089
pfp_bloom_filter_add_unique_size_u64,0,NVIDIA RTX PRO 6000 Blackwell Server Edition,I64,U64,512,1,1,1,1000000000,8,No,11,0.08618979654545454,3.5389331906313485e-05,0.08617867417768998,2.1838846961747565e-05,11603798846.31459,12,0.08614240137736001
pfp_bloom_filter_add_unique_size_u64,0,NVIDIA RTX PRO 6000 Blackwell Server Edition,I64,U64,512,1,1,1,1000000000,16,No,11,0.08626603390909092,2.3510579103594278e-05,0.08625511793656783,1.8601870564207315e-05,11593514957.980833,12,0.08619843546549479
pfp_bloom_filter_add_unique_size_u64,0,NVIDIA RTX PRO 6000 Blackwell Server Edition,I64,U64,512,1,1,1,1000000000,32,No,11,0.08632471890909091,2.3697042787445794e-05,0.08631417707963424,2.3393430678983617e-05,11585582274.362541,12,0.08622062746683756
pfp_bloom_filter_add_unique_size_u64,0,NVIDIA RTX PRO 6000 Blackwell Server Edition,I64,U64,512,1,1,1,1000000000,64,No,11,0.08817955345454546,3.470456052690793e-05,0.08816786887428978,3.497785064869438e-05,11342000354.18578,12,0.08790492566426594
pfp_bloom_filter_add_unique_size_u64,0,NVIDIA RTX PRO 6000 Blackwell Server Edition,I64,U64,512,1,1,1,1000000000,128,No,11,0.16137218136363637,9.98834404271792e-05,0.16135989518599075,9.752041006356081e-05,6197326782.143447,12,0.1612031847635905
pfp_bloom_filter_add_unique_size_u64,0,NVIDIA RTX PRO 6000 Blackwell Server Edition,I64,U64,512,1,1,1,1000000000,256,No,11,0.23577446881818184,9.10669381935228e-05,0.235762094671076,9.107699494722414e-05,4241563943.496312,12,0.23567358398437502
pfp_bloom_filter_add_unique_size_u64,0,NVIDIA RTX PRO 6000 Blackwell Server Edition,I64,U64,512,1,1,1,1000000000,512,No,11,0.2675313383636364,8.637384555981636e-05,0.2675189014781605,8.620742980205282e-05,3738053627.1439395,12,0.267493657430013
pfp_bloom_filter_add_unique_size_u64,0,NVIDIA RTX PRO 6000 Blackwell Server Edition,I64,U64,512,1,1,1,1000000000,1024,No,11,0.2823467559090909,8.217966395467645e-05,0.28233461414683947,8.116178261551627e-05,3541896564.9033375,12,0.2822986094156901
pfp_bloom_filter_add_unique_size_u64,0,NVIDIA RTX PRO 6000 Blackwell Server Edition,I64,U64,512,1,1,1,1000000000,2048,No,11,0.28931357390909085,5.60961138730156e-05,0.28930111416903415,5.419787456330317e-05,3456606113.918094,12,0.2892871602376301
pfp_bloom_filter_add_unique_size_u64,0,NVIDIA RTX PRO 6000 Blackwell Server Edition,I64,U64,512,1,1,2,1000000000,1,No,11,0.08544457545454545,3.314551585773018e-05,0.08543300698020243,3.10848286564749e-05,11705077877.356373,12,0.08542872111002604
pfp_bloom_filter_add_unique_size_u64,0,NVIDIA RTX PRO 6000 Blackwell Server Edition,I64,U64,512,1,1,2,1000000000,2,No,11,0.08585454454545455,2.0110637318538474e-05,0.08584350308504973,2.135070140535697e-05,11649105221.268133,12,0.08583466084798176
pfp_bloom_filter_add_unique_size_u64,0,NVIDIA RTX PRO 6000 Blackwell Server Edition,I64,U64,512,1,1,2,1000000000,4,No,11,0.08607220027272727,3.62835806902183e-05,0.0860612369884144,3.3362319902331056e-05,11619633123.96521,12,0.08604167811075847
pfp_bloom_filter_add_unique_size_u64,0,NVIDIA RTX PRO 6000 Blackwell Server Edition,I64,U64,512,1,1,2,1000000000,8,No,11,0.08619472100000002,2.5044357521229428e-05,0.08618348277698863,2.1382241896808647e-05,11603151413.451632,12,0.08614368820190431
pfp_bloom_filter_add_unique_size_u64,0,NVIDIA RTX PRO 6000 Blackwell Server Edition,I64,U64,512,1,1,2,1000000000,16,No,11,0.08625691445454547,2.562502042453552e-05,0.0862460479736328,2.450475972991271e-05,11594734176.176056,12,0.08619343376159667
pfp_bloom_filter_add_unique_size_u64,0,NVIDIA RTX PRO 6000 Blackwell Server Edition,I64,U64,512,1,1,2,1000000000,32,No,11,0.08632430972727273,2.8010874428286443e-05,0.08631422077525747,2.659422649400199e-05,11585576409.28917,12,0.08622117996215821
pfp_bloom_filter_add_unique_size_u64,0,NVIDIA RTX PRO 6000 Blackwell Server Edition,I64,U64,512,1,1,2,1000000000,64,No,11,0.08817051654545455,3.772196084968763e-05,0.0881600841175426,3.8211985511939454e-05,11343001881.290337,12,0.08790065574645999
pfp_bloom_filter_add_unique_size_u64,0,NVIDIA RTX PRO 6000 Blackwell Server Edition,I64,U64,512,1,1,2,1000000000,128,No,11,0.16149687181818184,9.320835155003358e-05,0.16148541259765625,9.485023123942923e-05,6192509799.578725,12,0.16133289845784507
pfp_bloom_filter_add_unique_size_u64,0,NVIDIA RTX PRO 6000 Blackwell Server Edition,I64,U64,512,1,1,2,1000000000,256,No,11,0.23582672309090913,0.00011039020527463402,0.23581411743164066,0.00010962008307704466,4240628215.526098,12,0.23575628026326498
pfp_bloom_filter_add_unique_size_u64,0,NVIDIA RTX PRO 6000 Blackwell Server Edition,I64,U64,512,1,1,2,1000000000,512,No,11,0.2677537789090909,7.903668714536511e-05,0.26774249267578126,7.913270500066181e-05,3734931986.350538,12,0.26769901529947915
pfp_bloom_filter_add_unique_size_u64,0,NVIDIA RTX PRO 6000 Blackwell Server Edition,I64,U64,512,1,1,2,1000000000,1024,No,11,0.2825642900909091,0.00013798773334326082,0.28255140547318897,0.00013913889773867642,3539178997.6245193,12,0.28251211802164716
pfp_bloom_filter_add_unique_size_u64,0,NVIDIA RTX PRO 6000 Blackwell Server Edition,I64,U64,512,1,1,2,1000000000,2048,No,11,0.28977725581818187,8.353518323558128e-05,0.28976427945223726,8.331107986249943e-05,3451081002.4285035,12,0.28975448099772133
pfp_bloom_filter_add_unique_size_u64,0,NVIDIA RTX PRO 6000 Blackwell Server Edition,I64,U64,512,1,1,4,1000000000,1,No,11,0.08544619990909091,2.5057261813679715e-05,0.0854354615644975,1.4999056570582945e-05,11704741587.25149,12,0.08542939758300781
pfp_bloom_filter_add_unique_size_u64,0,NVIDIA RTX PRO 6000 Blackwell Server Edition,I64,U64,512,1,1,4,1000000000,2,No,11,0.0858591241818182,3.142110342437862e-05,0.08584888042103161,2.8456472975164537e-05,11648375553.596804,12,0.085833802541097
pfp_bloom_filter_add_unique_size_u64,0,NVIDIA RTX PRO 6000 Blackwell Server Edition,I64,U64,512,1,1,4,1000000000,4,No,11,0.08607868063636365,1.4937458726112388e-05,0.08606761238791727,1.2573513531574286e-05,11618772407.591343,12,0.08604709116617838
pfp_bloom_filter_add_unique_size_u64,0,NVIDIA RTX PRO 6000 Blackwell Server Edition,I64,U64,512,1,1,4,1000000000,8,No,11,0.08619693063636365,2.2636813406984913e-05,0.08618579101562501,2.5316858581490195e-05,11602840656.398981,12,0.08614719327290853
pfp_bloom_filter_add_unique_size_u64,0,NVIDIA RTX PRO 6000 Blackwell Server Edition,I64,U64,512,1,1,4,1000000000,16,No,11,0.08625763209090909,2.014237657854386e-05,0.08624624911221591,2.10629218224416e-05,11594707135.598318,12,0.08619049898783367
pfp_bloom_filter_add_unique_size_u64,0,NVIDIA RTX PRO 6000 Blackwell Server Edition,I64,U64,512,1,1,4,1000000000,32,No,11,0.08632766681818183,2.032709439625937e-05,0.08631647976962004,1.8104150313848233e-05,11585273202.39443,12,0.08622272809346516
pfp_bloom_filter_add_unique_size_u64,0,NVIDIA RTX PRO 6000 Blackwell Server Edition,I64,U64,512,1,1,4,1000000000,64,No,11,0.08815774900000001,2.7612779787733794e-05,0.08814684850519354,2.6339105005092993e-05,11344705079.740665,12,0.08788878822326661
pfp_bloom_filter_add_unique_size_u64,0,NVIDIA RTX PRO 6000 Blackwell Server Edition,I64,U64,512,1,1,4,1000000000,128,No,11,0.16138808345454544,0.00016964323170203996,0.16137643016468395,0.0001701651774091917,6196691790.61344,12,0.16121923700968424
pfp_bloom_filter_add_unique_size_u64,0,NVIDIA RTX PRO 6000 Blackwell Server Edition,I64,U64,512,1,1,4,1000000000,256,No,11,0.23581468918181822,0.0001248030182508903,0.23580284118652345,0.00012464055434880687,4240831005.1234097,12,0.23574977366129557
pfp_bloom_filter_add_unique_size_u64,0,NVIDIA RTX PRO 6000 Blackwell Server Edition,I64,U64,512,1,1,4,1000000000,512,No,11,0.2678039241818182,0.00010917262658519927,0.26779301591352983,0.00010683081772057638,3734227334.453335,12,0.2677461827596029
pfp_bloom_filter_add_unique_size_u64,0,NVIDIA RTX PRO 6000 Blackwell Server Edition,I64,U64,512,1,1,4,1000000000,1024,No,11,0.282547342,6.911220802051341e-05,0.2825351118607955,7.081104074807657e-05,3539383099.728497,12,0.2825140126546224
pfp_bloom_filter_add_unique_size_u64,0,NVIDIA RTX PRO 6000 Blackwell Server Edition,I64,U64,512,1,1,4,1000000000,2048,No,11,0.28965123690909095,7.59466775389753e-05,0.28963788951526986,7.693481652750451e-05,3452586958.403726,12,0.28961104838053386
pfp_bloom_filter_add_unique_size_u64,0,NVIDIA RTX PRO 6000 Blackwell Server Edition,I64,U64,512,1,1,8,1000000000,1,No,11,0.08545221836363637,2.0674206420905538e-05,0.08544099356911398,2.5001049838101924e-05,11703983746.292593,12,0.08542982355753581
pfp_bloom_filter_add_unique_size_u64,0,NVIDIA RTX PRO 6000 Blackwell Server Edition,I64,U64,512,1,1,8,1000000000,2,No,11,0.0858606710909091,2.1874202724588043e-05,0.08585006228360262,2.1679086806298834e-05,11648215195.191538,12,0.08583556683858236
pfp_bloom_filter_add_unique_size_u64,0,NVIDIA RTX PRO 6000 Blackwell Server Edition,I64,U64,512,1,1,8,1000000000,4,No,11,0.0860788250909091,2.106632648305706e-05,0.0860681450583718,1.7970779209844718e-05,11618700499.723742,12,0.08604735056559244
pfp_bloom_filter_add_unique_size_u64,0,NVIDIA RTX PRO 6000 Blackwell Server Edition,I64,U64,512,1,1,8,1000000000,8,No,11,0.0861900440909091,2.7538223961282303e-05,0.08617887462269175,2.3141764400896368e-05,11603771856.82917,12,0.08614125696818033
pfp_bloom_filter_add_unique_size_u64,0,NVIDIA RTX PRO 6000 Blackwell Server Edition,I64,U64,512,1,1,8,1000000000,16,No,11,0.08626557863636365,2.8296816204435675e-05,0.08625485923073509,2.777558526335414e-05,11593549730.629799,12,0.0861997216542562
pfp_bloom_filter_add_unique_size_u64,0,NVIDIA RTX PRO 6000 Blackwell Server Edition,I64,U64,512,1,1,8,1000000000,32,No,11,0.08632298845454546,2.1168833428984468e-05,0.08631281141801316,2.1107752256251177e-05,11585765584.17264,12,0.08621957397460939
pfp_bloom_filter_add_unique_size_u64,0,NVIDIA RTX PRO 6000 Blackwell Server Edition,I64,U64,512,1,1,8,1000000000,64,No,11,0.0881779801818182,2.777600843473103e-05,0.08816615850275213,2.8409667186178394e-05,11342220382.311256,12,0.08790335210164386
pfp_bloom_filter_add_unique_size_u64,0,NVIDIA RTX PRO 6000 Blackwell Server Edition,I64,U64,512,1,1,8,1000000000,128,No,11,0.16137118854545454,7.229161138815713e-05,0.16135802112926137,7.095631332969446e-05,6197398759.612426,12,0.16121265538533527
pfp_bloom_filter_add_unique_size_u64,0,NVIDIA RTX PRO 6000 Blackwell Server Edition,I64,U64,512,1,1,8,1000000000,256,No,11,0.23587741236363638,8.418658289472544e-05,0.23586269309303978,8.40814574060189e-05,4239754862.8240843,12,0.23579126993815103
pfp_bloom_filter_add_unique_size_u64,0,NVIDIA RTX PRO 6000 Blackwell Server Edition,I64,U64,512,1,1,8,1000000000,512,No,11,0.2677423407272727,7.719720838608873e-05,0.267727147882635,7.670242925923911e-05,3735146054.140073,12,0.26769641621907553
pfp_bloom_filter_add_unique_size_u64,0,NVIDIA RTX PRO 6000 Blackwell Server Edition,I64,U64,512,1,1,8,1000000000,1024,No,11,0.2826044674545455,5.8634984504603825e-05,0.2825899769176136,5.8462462886358716e-05,3538695925.8344126,12,0.2825598220825195
pfp_bloom_filter_add_unique_size_u64,0,NVIDIA RTX PRO 6000 Blackwell Server Edition,I64,U64,512,1,1,8,1000000000,2048,No,11,0.28962904190909095,3.7684322464769026e-05,0.28961356145685363,3.4523621230568684e-05,3452876981.898443,12,0.28959086608886725
pfp_bloom_filter_add_unique_size_u64,0,NVIDIA RTX PRO 6000 Blackwell Server Edition,I64,U64,512,1,2,1,1000000000,1,No,12,0.04298206775,4.606725856068903e-05,0.042970781644185385,3.1876796771761556e-05,23271626945.964935,13,0.042961913475623496
pfp_bloom_filter_add_unique_size_u64,0,NVIDIA RTX PRO 6000 Blackwell Server Edition,I64,U64,512,1,2,1,1000000000,2,No,12,0.04318606666666667,6.499544495368122e-05,0.043175653139750164,5.522090243871096e-05,23161201447.566254,13,0.043166712247408354
pfp_bloom_filter_add_unique_size_u64,0,NVIDIA RTX PRO 6000 Blackwell Server Edition,I64,U64,512,1,2,1,1000000000,4,No,12,0.043302250666666674,3.9894894665343994e-05,0.04329116026560465,2.9786029312170383e-05,23099403986.049133,13,0.04327368134718675
pfp_bloom_filter_add_unique_size_u64,0,NVIDIA RTX PRO 6000 Blackwell Server Edition,I64,U64,512,1,2,1,1000000000,8,No,12,0.04337640766666667,7.595560692465296e-05,0.043364896138509114,5.3366572915105714e-05,23060126716.456608,13,0.04332646091167743
pfp_bloom_filter_add_unique_size_u64,0,NVIDIA RTX PRO 6000 Blackwell Server Edition,I64,U64,512,1,2,1,1000000000,16,No,12,0.04341377208333333,3.960771608922847e-05,0.043402228673299154,2.9361768367690023e-05,23040291491.187763,13,0.04334578763521635
pfp_bloom_filter_add_unique_size_u64,0,NVIDIA RTX PRO 6000 Blackwell Server Edition,I64,U64,512,1,2,1,1000000000,32,No,12,0.043468808750000004,3.746405646307584e-05,0.0434578529993693,3.947492646132499e-05,23010800833.039608,13,0.043361434056208674
pfp_bloom_filter_add_unique_size_u64,0,NVIDIA RTX PRO 6000 Blackwell Server Edition,I64,U64,512,1,2,1,1000000000,64,No,12,0.04531502233333334,7.405530933225908e-05,0.0453039035797119,6.691636719810559e-05,22073153105.681213,13,0.045020669203538165
pfp_bloom_filter_add_unique_size_u64,0,NVIDIA RTX PRO 6000 Blackwell Server Edition,I64,U64,512,1,2,1,1000000000,128,No,11,0.12575395345454543,0.00013078570261943113,0.1257418968894265,0.00013017628093584283,7952798746.7802305,12,0.1255855770111084
pfp_bloom_filter_add_unique_size_u64,0,NVIDIA RTX PRO 6000 Blackwell Server Edition,I64,U64,512,1,2,1,1000000000,256,No,11,0.20079921336363638,0.0001065675373070335,0.20078531716086648,0.00010927725282824162,4980443859.840675,12,0.20072613525390626
pfp_bloom_filter_add_unique_size_u64,0,NVIDIA RTX PRO 6000 Blackwell Server Edition,I64,U64,512,1,2,1,1000000000,512,No,11,0.23405641563636362,0.00012335853524123838,0.23404258450594814,0.0001235573631040245,4272726701.0443788,12,0.2339892908732096
pfp_bloom_filter_add_unique_size_u64,0,NVIDIA RTX PRO 6000 Blackwell Server Edition,I64,U64,512,1,2,1,1000000000,1024,No,11,0.24959751636363636,0.0001403965345825237,0.24958303416859018,0.00013940933809847698,4006682598.9642897,12,0.24955647659301758
pfp_bloom_filter_add_unique_size_u64,0,NVIDIA RTX PRO 6000 Blackwell Server Edition,I64,U64,512,1,2,1,1000000000,2048,No,11,0.2571308287272728,0.0001373220494522332,0.25711599731445306,0.00013621918822672748,3889295144.7785616,12,0.25710045623779293
pfp_bloom_filter_add_unique_size_u64,0,NVIDIA RTX PRO 6000 Blackwell Server Edition,I64,U64,512,1,2,2,1000000000,1,No,12,0.04297865758333333,2.0783050146611934e-05,0.04296742630004882,2.194695609799787e-05,23273444236.962914,13,0.042960922534649185
pfp_bloom_filter_add_unique_size_u64,0,NVIDIA RTX PRO 6000 Blackwell Server Edition,I64,U64,512,1,2,2,1000000000,2,No,12,0.04319295433333334,2.1590900226423074e-05,0.043182194709777834,2.23867582262425e-05,23157692811.143013,13,0.043166404724121095
pfp_bloom_filter_add_unique_size_u64,0,NVIDIA RTX PRO 6000 Blackwell Server Edition,I64,U64,512,1,2,2,1000000000,4,No,12,0.04330351225000001,2.1351668451454073e-05,0.04329238382975261,1.8655269771679273e-05,23098751132.127583,13,0.04327002187875601
pfp_bloom_filter_add_unique_size_u64,0,NVIDIA RTX PRO 6000 Blackwell Server Edition,I64,U64,512,1,2,2,1000000000,8,No,12,0.04337443925,3.437050212685834e-05,0.04336266644795736,2.1329381144498668e-05,23061312458.72925,13,0.04332369995117188
pfp_bloom_filter_add_unique_size_u64,0,NVIDIA RTX PRO 6000 Blackwell Server Edition,I64,U64,512,1,2,2,1000000000,16,No,12,0.043410554583333344,3.4924377978347636e-05,0.04339944489796956,2.6932333964667253e-05,23041769367.118908,13,0.04334299879807692
pfp_bloom_filter_add_unique_size_u64,0,NVIDIA RTX PRO 6000 Blackwell Server Edition,I64,U64,512,1,2,2,1000000000,32,No,12,0.0434672925,4.826795810409562e-05,0.04345671717325846,4.1314997683535285e-05,23011402265.225876,13,0.04335941930917593
pfp_bloom_filter_add_unique_size_u64,0,NVIDIA RTX PRO 6000 Blackwell Server Edition,I64,U64,512,1,2,2,1000000000,64,No,12,0.045297885333333336,6.59120499983442e-05,0.04528711477915446,5.9977853642400404e-05,22081336046.17041,13,0.04500699908916767
pfp_bloom_filter_add_unique_size_u64,0,NVIDIA RTX PRO 6000 Blackwell Server Edition,I64,U64,512,1,2,2,1000000000,128,No,11,0.1256295280909091,0.00013313152958280847,0.12561705017089844,0.0001404176234667044,7960702775.93311,12,0.12545928001403808
pfp_bloom_filter_add_unique_size_u64,0,NVIDIA RTX PRO 6000 Blackwell Server Edition,I64,U64,512,1,2,2,1000000000,256,No,11,0.20078873245454548,0.00010745549445620273,0.2007753254283558,0.00010384047236870646,4980691715.311589,12,0.20071227645874024
pfp_bloom_filter_add_unique_size_u64,0,NVIDIA RTX PRO 6000 Blackwell Server Edition,I64,U64,512,1,2,2,1000000000,512,No,11,0.23410548672727274,0.00015010180202877437,0.23409156660600142,0.00014979189603374864,4271832661.4606156,12,0.23403630701700848
pfp_bloom_filter_add_unique_size_u64,0,NVIDIA RTX PRO 6000 Blackwell Server Edition,I64,U64,512,1,2,2,1000000000,1024,No,11,0.24959815309090908,0.00010214107654906195,0.24958440745960583,9.993852613736403e-05,4006660552.950792,12,0.2495442136128743
pfp_bloom_filter_add_unique_size_u64,0,NVIDIA RTX PRO 6000 Blackwell Server Edition,I64,U64,512,1,2,2,1000000000,2048,No,11,0.2569784514545455,0.00012122550537563802,0.25696457741477274,0.0001252219593491515,3891586965.2565994,12,0.2569292780558268
pfp_bloom_filter_add_unique_size_u64,0,NVIDIA RTX PRO 6000 Blackwell Server Edition,I64,U64,512,1,2,4,1000000000,1,No,11,0.08119802827272728,2.981651588664637e-05,0.08118632091175426,2.8332633193350294e-05,12317345936.724405,12,0.08117690785725913
pfp_bloom_filter_add_unique_size_u64,0,NVIDIA RTX PRO 6000 Blackwell Server Edition,I64,U64,512,1,2,4,1000000000,2,No,11,0.08154342945454546,2.441325804215483e-05,0.08153212321888317,1.855079041531481e-05,12265104360.343653,12,0.08151985549926757
pfp_bloom_filter_add_unique_size_u64,0,NVIDIA RTX PRO 6000 Blackwell Server Edition,I64,U64,512,1,2,4,1000000000,4,No,11,0.08172893190909092,2.7602670894467386e-05,0.08171723383123225,2.6391858008157587e-05,12237320735.36979,12,0.08170162200927734
pfp_bloom_filter_add_unique_size_u64,0,NVIDIA RTX PRO 6000 Blackwell Server Edition,I64,U64,512,1,2,4,1000000000,8,No,11,0.08181978581818183,4.1398721189021106e-05,0.08180788560347123,3.5751585794898636e-05,12223760492.320663,12,0.08178095690409343
pfp_bloom_filter_add_unique_size_u64,0,NVIDIA RTX PRO 6000 Blackwell Server Edition,I64,U64,512,1,2,4,1000000000,16,No,11,0.08187656245454546,2.5417573239984707e-05,0.0818651088367809,2.1791837809630017e-05,12215216155.074766,12,0.08183158556620279
pfp_bloom_filter_add_unique_size_u64,0,NVIDIA RTX PRO 6000 Blackwell Server Edition,I64,U64,512,1,2,4,1000000000,32,No,11,0.08190377345454546,2.5093273943996216e-05,0.0818926578868519,2.6280830590374374e-05,12211106902.668411,12,0.08184284591674805
pfp_bloom_filter_add_unique_size_u64,0,NVIDIA RTX PRO 6000 Blackwell Server Edition,I64,U64,512,1,2,4,1000000000,64,No,11,0.08373224827272727,3.3387474561095204e-05,0.08372071560946379,2.7689225810742313e-05,11944475064.746819,12,0.08362460835774742
pfp_bloom_filter_add_unique_size_u64,0,NVIDIA RTX PRO 6000 Blackwell Server Edition,I64,U64,512,1,2,4,1000000000,128,No,11,0.11380712872727275,9.914588010059471e-05,0.11379496973211115,0.00010149153530901978,8787734663.088678,12,0.11368463007609049
pfp_bloom_filter_add_unique_size_u64,0,NVIDIA RTX PRO 6000 Blackwell Server Edition,I64,U64,512,1,2,4,1000000000,256,No,11,0.16180761636363641,5.8518659661182196e-05,0.16179507307572802,6.170356997735801e-05,6180657921.097208,12,0.16175404103597005
pfp_bloom_filter_add_unique_size_u64,0,NVIDIA RTX PRO 6000 Blackwell Server Edition,I64,U64,512,1,2,4,1000000000,512,No,11,0.1814279153636364,7.652513864675208e-05,0.1814149364124645,7.54088898296543e-05,5512225287.373266,12,0.18138839213053384
pfp_bloom_filter_add_unique_size_u64,0,NVIDIA RTX PRO 6000 Blackwell Server Edition,I64,U64,512,1,2,4,1000000000,1024,No,11,0.1908938524545455,8.974702310186197e-05,0.19088065130060372,9.338432095844015e-05,5238875670.144138,12,0.19086276245117187
pfp_bloom_filter_add_unique_size_u64,0,NVIDIA RTX PRO 6000 Blackwell Server Edition,I64,U64,512,1,2,4,1000000000,2048,No,11,0.19547016572727277,7.059506969050083e-05,0.19545644031871448,7.392437609569584e-05,5116229469.6935215,12,0.19542167663574217
pfp_bloom_filter_add_unique_size_u64,0,NVIDIA RTX PRO 6000 Blackwell Server Edition,I64,U64,512,1,2,8,1000000000,1,Yes,,,,,,,,
pfp_bloom_filter_add_unique_size_u64,0,NVIDIA RTX PRO 6000 Blackwell Server Edition,I64,U64,512,1,2,8,1000000000,2,Yes,,,,,,,,
pfp_bloom_filter_add_unique_size_u64,0,NVIDIA RTX PRO 6000 Blackwell Server Edition,I64,U64,512,1,2,8,1000000000,4,Yes,,,,,,,,
pfp_bloom_filter_add_unique_size_u64,0,NVIDIA RTX PRO 6000 Blackwell Server Edition,I64,U64,512,1,2,8,1000000000,8,Yes,,,,,,,,
pfp_bloom_filter_add_unique_size_u64,0,NVIDIA RTX PRO 6000 Blackwell Server Edition,I64,U64,512,1,2,8,1000000000,16,Yes,,,,,,,,
pfp_bloom_filter_add_unique_size_u64,0,NVIDIA RTX PRO 6000 Blackwell Server Edition,I64,U64,512,1,2,8,1000000000,32,Yes,,,,,,,,
pfp_bloom_filter_add_unique_size_u64,0,NVIDIA RTX PRO 6000 Blackwell Server Edition,I64,U64,512,1,2,8,1000000000,64,Yes,,,,,,,,
pfp_bloom_filter_add_unique_size_u64,0,NVIDIA RTX PRO 6000 Blackwell Server Edition,I64,U64,512,1,2,8,1000000000,128,Yes,,,,,,,,
pfp_bloom_filter_add_unique_size_u64,0,NVIDIA RTX PRO 6000 Blackwell Server Edition,I64,U64,512,1,2,8,1000000000,256,Yes,,,,,,,,
pfp_bloom_filter_add_unique_size_u64,0,NVIDIA RTX PRO 6000 Blackwell Server Edition,I64,U64,512,1,2,8,1000000000,512,Yes,,,,,,,,
pfp_bloom_filter_add_unique_size_u64,0,NVIDIA RTX PRO 6000 Blackwell Server Edition,I64,U64,512,1,2,8,1000000000,1024,Yes,,,,,,,,
pfp_bloom_filter_add_unique_size_u64,0,NVIDIA RTX PRO 6000 Blackwell Server Edition,I64,U64,512,1,2,8,1000000000,2048,Yes,,,,,,,,
pfp_bloom_filter_add_unique_size_u64,0,NVIDIA RTX PRO 6000 Blackwell Server Edition,I64,U64,512,1,4,1,1000000000,1,No,17,0.030156604529411764,3.36731034525718e-05,0.03014587851131664,3.823697890072664e-05,33172030452.67379,18,0.030141094949510363
pfp_bloom_filter_add_unique_size_u64,0,NVIDIA RTX PRO 6000 Blackwell Server Edition,I64,U64,512,1,4,1,1000000000,2,No,17,0.03015440858823529,8.001421672781008e-05,0.030143894307753622,5.4644759393034336e-05,33174213981.46223,18,0.030141293525695802
pfp_bloom_filter_add_unique_size_u64,0,NVIDIA RTX PRO 6000 Blackwell Server Edition,I64,U64,512,1,4,1,1000000000,4,No,17,0.030168530764705884,3.749237170694608e-05,0.030157733580645402,3.1874333005650446e-05,33158990456.821957,18,0.030143938382466637
pfp_bloom_filter_add_unique_size_u64,0,NVIDIA RTX PRO 6000 Blackwell Server Edition,I64,U64,512,1,4,1,1000000000,8,No,17,0.030185251352941176,4.7497126568479814e-05,0.030175277036779056,3.884431236723239e-05,33139712314.195248,18,0.03014376884036594
pfp_bloom_filter_add_unique_size_u64,0,NVIDIA RTX PRO 6000 Blackwell Server Edition,I64,U64,512,1,4,1,1000000000,16,No,17,0.03019730735294118,5.0745315627851515e-05,0.03018703427034266,4.208580542156279e-05,33126805072.81409,18,0.030143199178907606
pfp_bloom_filter_add_unique_size_u64,0,NVIDIA RTX PRO 6000 Blackwell Server Edition,I64,U64,512,1,4,1,1000000000,32,No,17,0.030229607647058822,5.704168792854853e-05,0.03021957431120031,5.125753421510402e-05,33091134564.04212,18,0.030143372111850315
pfp_bloom_filter_add_unique_size_u64,0,NVIDIA RTX PRO 6000 Blackwell Server Edition,I64,U64,512,1,4,1,1000000000,64,No,17,0.03042868252941177,0.00011049795307280702,0.030419047636144298,0.000113043172925011,32874138992.168423,18,0.030170335345798067
pfp_bloom_filter_add_unique_size_u64,0,NVIDIA RTX PRO 6000 Blackwell Server Edition,I64,U64,512,1,4,1,1000000000,128,No,11,0.10328305572727273,0.00013856258734339143,0.10327197473699395,0.00014018655310960972,9683169151.618647,12,0.10312148539225262
pfp_bloom_filter_add_unique_size_u64,0,NVIDIA RTX PRO 6000 Blackwell Server Edition,I64,U64,512,1,4,1,1000000000,256,No,11,0.18105710772727274,0.00014550559215475918,0.18104404518821024,0.0001441210969213935,5523517765.858675,12,0.18097915267944334
pfp_bloom_filter_add_unique_size_u64,0,NVIDIA RTX PRO 6000 Blackwell Server Edition,I64,U64,512,1,4,1,1000000000,512,No,11,0.21657101736363638,0.00019895000577357206,0.21655859097567473,0.0001981746906414131,4617687968.390626,12,0.21650799179077151
pfp_bloom_filter_add_unique_size_u64,0,NVIDIA RTX PRO 6000 Blackwell Server Edition,I64,U64,512,1,4,1,1000000000,1024,No,11,0.2334257792727273,0.00015066464778626718,0.2334128653786399,0.0001521395261762134,4284253990.7892847,12,0.23340184275309248
pfp_bloom_filter_add_unique_size_u64,0,NVIDIA RTX PRO 6000 Blackwell Server Edition,I64,U64,512,1,4,1,1000000000,2048,No,11,0.24163222881818183,0.0001493485196589089,0.24161874389648433,0.00014803720776418493,4138751753.5826015,12,0.24158472442626955
pfp_bloom_filter_add_unique_size_u64,0,NVIDIA RTX PRO 6000 Blackwell Server Edition,I64,U64,512,1,4,2,1000000000,1,No,13,0.040867077307692304,3.6139118601853606e-05,0.040856575892521785,3.308351938682693e-05,24475864121.130028,14,0.04084998948233469
pfp_bloom_filter_add_unique_size_u64,0,NVIDIA RTX PRO 6000 Blackwell Server Edition,I64,U64,512,1,4,2,1000000000,2,No,13,0.04104985353846154,3.3977797044996007e-05,0.04103905721811148,3.8065459508584404e-05,24367031500.87661,14,0.04102524157932826
pfp_bloom_filter_add_unique_size_u64,0,NVIDIA RTX PRO 6000 Blackwell Server Edition,I64,U64,512,1,4,2,1000000000,4,No,13,0.041140405384615386,3.784994377441768e-05,0.041129432971660905,2.7297449419308456e-05,24313488607.757423,14,0.041112294333321704
pfp_bloom_filter_add_unique_size_u64,0,NVIDIA RTX PRO 6000 Blackwell Server Edition,I64,U64,512,1,4,2,1000000000,8,No,13,0.04120022407692308,3.5001224149387744e-05,0.041189415564903846,3.1006540466362705e-05,24278081790.800335,14,0.04115887314932687
pfp_bloom_filter_add_unique_size_u64,0,NVIDIA RTX PRO 6000 Blackwell Server Edition,I64,U64,512,1,4,2,1000000000,16,No,13,0.041225151076923074,5.611136842670058e-05,0.04121436075063852,4.4869753746900405e-05,24263387367.581753,14,0.04117702565874372
pfp_bloom_filter_add_unique_size_u64,0,NVIDIA RTX PRO 6000 Blackwell Server Edition,I64,U64,512,1,4,2,1000000000,32,No,13,0.041260201076923075,5.3012806083774863e-05,0.041249487069936905,4.286055168058077e-05,24242725692.674404,14,0.04119070925031389
pfp_bloom_filter_add_unique_size_u64,0,NVIDIA RTX PRO 6000 Blackwell Server Edition,I64,U64,512,1,4,2,1000000000,64,No,12,0.04306682416666668,4.898758980476116e-05,0.043056090672810875,5.409701053643563e-05,23225517792.572876,13,0.04293131549541767
pfp_bloom_filter_add_unique_size_u64,0,NVIDIA RTX PRO 6000 Blackwell Server Edition,I64,U64,512,1,4,2,1000000000,128,No,11,0.09355432527272728,0.00013048612571323466,0.09354282656582921,0.00012702345922515373,10690290604.980453,12,0.09344418398539224
pfp_bloom_filter_add_unique_size_u64,0,NVIDIA RTX PRO 6000 Blackwell Server Edition,I64,U64,512,1,4,2,1000000000,256,No,11,0.14039294481818182,0.0003579640213477292,0.14038080250133167,0.00035747506063520346,7123481146.864892,12,0.14034768168131512
pfp_bloom_filter_add_unique_size_u64,0,NVIDIA RTX PRO 6000 Blackwell Server Edition,I64,U64,512,1,4,2,1000000000,512,No,11,0.16643933081818182,0.0002210400649448294,0.16642823375355112,0.00022272505183305798,6008595882.119447,12,0.1664011548360189
pfp_bloom_filter_add_unique_size_u64,0,NVIDIA RTX PRO 6000 Blackwell Server Edition,I64,U64,512,1,4,2,1000000000,1024,No,11,0.17856148427272728,0.00020083388663877857,0.1785489931973544,0.00020237646096206533,5600703661.737686,12,0.17850918706258137
pfp_bloom_filter_add_unique_size_u64,0,NVIDIA RTX PRO 6000 Blackwell Server Edition,I64,U64,512,1,4,2,1000000000,2048,No,11,0.18453060536363636,0.00021087405824591013,0.18451786110617896,0.00021187584828673034,5419529545.839251,12,0.18448976135253906
pfp_bloom_filter_add_unique_size_u64,0,NVIDIA RTX PRO 6000 Blackwell Server Edition,I64,U64,512,1,4,4,1000000000,1,Yes,,,,,,,,
pfp_bloom_filter_add_unique_size_u64,0,NVIDIA RTX PRO 6000 Blackwell Server Edition,I64,U64,512,1,4,4,1000000000,2,Yes,,,,,,,,
pfp_bloom_filter_add_unique_size_u64,0,NVIDIA RTX PRO 6000 Blackwell Server Edition,I64,U64,512,1,4,4,1000000000,4,Yes,,,,,,,,
pfp_bloom_filter_add_unique_size_u64,0,NVIDIA RTX PRO 6000 Blackwell Server Edition,I64,U64,512,1,4,4,1000000000,8,Yes,,,,,,,,
pfp_bloom_filter_add_unique_size_u64,0,NVIDIA RTX PRO 6000 Blackwell Server Edition,I64,U64,512,1,4,4,1000000000,16,Yes,,,,,,,,
pfp_bloom_filter_add_unique_size_u64,0,NVIDIA RTX PRO 6000 Blackwell Server Edition,I64,U64,512,1,4,4,1000000000,32,Yes,,,,,,,,
pfp_bloom_filter_add_unique_size_u64,0,NVIDIA RTX PRO 6000 Blackwell Server Edition,I64,U64,512,1,4,4,1000000000,64,Yes,,,,,,,,
pfp_bloom_filter_add_unique_size_u64,0,NVIDIA RTX PRO 6000 Blackwell Server Edition,I64,U64,512,1,4,4,1000000000,128,Yes,,,,,,,,
pfp_bloom_filter_add_unique_size_u64,0,NVIDIA RTX PRO 6000 Blackwell Server Edition,I64,U64,512,1,4,4,1000000000,256,Yes,,,,,,,,
pfp_bloom_filter_add_unique_size_u64,0,NVIDIA RTX PRO 6000 Blackwell Server Edition,I64,U64,512,1,4,4,1000000000,512,Yes,,,,,,,,
pfp_bloom_filter_add_unique_size_u64,0,NVIDIA RTX PRO 6000 Blackwell Server Edition,I64,U64,512,1,4,4,1000000000,1024,Yes,,,,,,,,
pfp_bloom_filter_add_unique_size_u64,0,NVIDIA RTX PRO 6000 Blackwell Server Edition,I64,U64,512,1,4,4,1000000000,2048,Yes,,,,,,,,
pfp_bloom_filter_add_unique_size_u64,0,NVIDIA RTX PRO 6000 Blackwell Server Edition,I64,U64,512,1,4,8,1000000000,1,Yes,,,,,,,,
pfp_bloom_filter_add_unique_size_u64,0,NVIDIA RTX PRO 6000 Blackwell Server Edition,I64,U64,512,1,4,8,1000000000,2,Yes,,,,,,,,
pfp_bloom_filter_add_unique_size_u64,0,NVIDIA RTX PRO 6000 Blackwell Server Edition,I64,U64,512,1,4,8,1000000000,4,Yes,,,,,,,,
pfp_bloom_filter_add_unique_size_u64,0,NVIDIA RTX PRO 6000 Blackwell Server Edition,I64,U64,512,1,4,8,1000000000,8,Yes,,,,,,,,
pfp_bloom_filter_add_unique_size_u64,0,NVIDIA RTX PRO 6000 Blackwell Server Edition,I64,U64,512,1,4,8,1000000000,16,Yes,,,,,,,,
pfp_bloom_filter_add_unique_size_u64,0,NVIDIA RTX PRO 6000 Blackwell Server Edition,I64,U64,512,1,4,8,1000000000,32,Yes,,,,,,,,
pfp_bloom_filter_add_unique_size_u64,0,NVIDIA RTX PRO 6000 Blackwell Server Edition,I64,U64,512,1,4,8,1000000000,64,Yes,,,,,,,,
pfp_bloom_filter_add_unique_size_u64,0,NVIDIA RTX PRO 6000 Blackwell Server Edition,I64,U64,512,1,4,8,1000000000,128,Yes,,,,,,,,
pfp_bloom_filter_add_unique_size_u64,0,NVIDIA RTX PRO 6000 Blackwell Server Edition,I64,U64,512,1,4,8,1000000000,256,Yes,,,,,,,,
pfp_bloom_filter_add_unique_size_u64,0,NVIDIA RTX PRO 6000 Blackwell Server Edition,I64,U64,512,1,4,8,1000000000,512,Yes,,,,,,,,
pfp_bloom_filter_add_unique_size_u64,0,NVIDIA RTX PRO 6000 Blackwell Server Edition,I64,U64,512,1,4,8,1000000000,1024,Yes,,,,,,,,
pfp_bloom_filter_add_unique_size_u64,0,NVIDIA RTX PRO 6000 Blackwell Server Edition,I64,U64,512,1,4,8,1000000000,2048,Yes,,,,,,,,
pfp_bloom_filter_add_unique_size_u64,0,NVIDIA RTX PRO 6000 Blackwell Server Edition,I64,U64,512,1,8,1,1000000000,1,No,23,0.022543020086956526,5.799741105182326e-05,0.022532470205555793,4.507900646485201e-05,44380398193.24522,24,0.02252515991528829
pfp_bloom_filter_add_unique_size_u64,0,NVIDIA RTX PRO 6000 Blackwell Server Edition,I64,U64,512,1,8,1,1000000000,2,No,23,0.02254695073913043,6.840333612349418e-05,0.02253653136543605,5.190790938372072e-05,44372400693.99879,24,0.0225254807472229
pfp_bloom_filter_add_unique_size_u64,0,NVIDIA RTX PRO 6000 Blackwell Server Edition,I64,U64,512,1,8,1,1000000000,4,No,23,0.02255490265217391,6.199037607134695e-05,0.022544749964838448,5.548276006354558e-05,44356224910.88319,24,0.022529425144195554
pfp_bloom_filter_add_unique_size_u64,0,NVIDIA RTX PRO 6000 Blackwell Server Edition,I64,U64,512,1,8,1,1000000000,8,No,23,0.022564468434782606,5.009984454483282e-05,0.022554200960242236,5.0840225295555935e-05,44337638108.42891,24,0.022526845296223955
pfp_bloom_filter_add_unique_size_u64,0,NVIDIA RTX PRO 6000 Blackwell Server Edition,I64,U64,512,1,8,1,1000000000,16,No,23,0.022578175347826086,5.249840532028653e-05,0.02256757686449134,3.643875456434189e-05,44311358991.02384,24,0.022528061787287394
pfp_bloom_filter_add_unique_size_u64,0,NVIDIA RTX PRO 6000 Blackwell Server Edition,I64,U64,512,1,8,1,1000000000,32,No,23,0.02259593047826087,5.621670180009769e-05,0.022586430756942086,4.829103106970765e-05,44274370340.371,24,0.022526177088419596
pfp_bloom_filter_add_unique_size_u64,0,NVIDIA RTX PRO 6000 Blackwell Server Edition,I64,U64,512,1,8,1,1000000000,64,No,22,0.022853909090909095,0.0002763439447493964,0.02284375719590621,0.00027617116293994,43775636005.23684,23,0.02263348919412364
pfp_bloom_filter_add_unique_size_u64,0,NVIDIA RTX PRO 6000 Blackwell Server Edition,I64,U64,512,1,8,1,1000000000,128,No,11,0.0808911511818182,6.709109528010858e-05,0.08087987795743075,6.341393716787589e-05,12364014700.001486,12,0.08079545021057129
pfp_bloom_filter_add_unique_size_u64,0,NVIDIA RTX PRO 6000 Blackwell Server Edition,I64,U64,512,1,8,1,1000000000,256,No,11,0.13726603554545455,0.0002379743998233387,0.1372537106600675,0.0002414790360519034,7285777522.450176,12,0.13727146530151366
pfp_bloom_filter_add_unique_size_u64,0,NVIDIA RTX PRO 6000 Blackwell Server Edition,I64,U64,512,1,8,1,1000000000,512,No,11,0.1615996371818182,0.00017388300975799422,0.16158714710582386,0.00017237409410457468,6188611024.521011,12,0.16160093943277995
pfp_bloom_filter_add_unique_size_u64,0,NVIDIA RTX PRO 6000 Blackwell Server Edition,I64,U64,512,1,8,1,1000000000,1024,No,11,0.1710061294545455,0.00030911245373705417,0.17099404074928978,0.00031154574656795577,5848157021.250774,12,0.17100675201416016
pfp_bloom_filter_add_unique_size_u64,0,NVIDIA RTX PRO 6000 Blackwell Server Edition,I64,U64,512,1,8,1,1000000000,2048,No,11,0.174275081,0.00036949820198054834,0.17426241926713423,0.0003659906416662082,5738471921.86089,12,0.1743195711771647
pfp_bloom_filter_add_unique_size_u64,0,NVIDIA RTX PRO 6000 Blackwell Server Edition,I64,U64,512,1,8,2,1000000000,1,Yes,,,,,,,,
pfp_bloom_filter_add_unique_size_u64,0,NVIDIA RTX PRO 6000 Blackwell Server Edition,I64,U64,512,1,8,2,1000000000,2,Yes,,,,,,,,
pfp_bloom_filter_add_unique_size_u64,0,NVIDIA RTX PRO 6000 Blackwell Server Edition,I64,U64,512,1,8,2,1000000000,4,Yes,,,,,,,,
pfp_bloom_filter_add_unique_size_u64,0,NVIDIA RTX PRO 6000 Blackwell Server Edition,I64,U64,512,1,8,2,1000000000,8,Yes,,,,,,,,
pfp_bloom_filter_add_unique_size_u64,0,NVIDIA RTX PRO 6000 Blackwell Server Edition,I64,U64,512,1,8,2,1000000000,16,Yes,,,,,,,,
pfp_bloom_filter_add_unique_size_u64,0,NVIDIA RTX PRO 6000 Blackwell Server Edition,I64,U64,512,1,8,2,1000000000,32,Yes,,,,,,,,
pfp_bloom_filter_add_unique_size_u64,0,NVIDIA RTX PRO 6000 Blackwell Server Edition,I64,U64,512,1,8,2,1000000000,64,Yes,,,,,,,,
pfp_bloom_filter_add_unique_size_u64,0,NVIDIA RTX PRO 6000 Blackwell Server Edition,I64,U64,512,1,8,2,1000000000,128,Yes,,,,,,,,
pfp_bloom_filter_add_unique_size_u64,0,NVIDIA RTX PRO 6000 Blackwell Server Edition,I64,U64,512,1,8,2,1000000000,256,Yes,,,,,,,,
pfp_bloom_filter_add_unique_size_u64,0,NVIDIA RTX PRO 6000 Blackwell Server Edition,I64,U64,512,1,8,2,1000000000,512,Yes,,,,,,,,
pfp_bloom_filter_add_unique_size_u64,0,NVIDIA RTX PRO 6000 Blackwell Server Edition,I64,U64,512,1,8,2,1000000000,1024,Yes,,,,,,,,
pfp_bloom_filter_add_unique_size_u64,0,NVIDIA RTX PRO 6000 Blackwell Server Edition,I64,U64,512,1,8,2,1000000000,2048,Yes,,,,,,,,
pfp_bloom_filter_add_unique_size_u64,0,NVIDIA RTX PRO 6000 Blackwell Server Edition,I64,U64,512,1,8,4,1000000000,1,Yes,,,,,,,,
pfp_bloom_filter_add_unique_size_u64,0,NVIDIA RTX PRO 6000 Blackwell Server Edition,I64,U64,512,1,8,4,1000000000,2,Yes,,,,,,,,
pfp_bloom_filter_add_unique_size_u64,0,NVIDIA RTX PRO 6000 Blackwell Server Edition,I64,U64,512,1,8,4,1000000000,4,Yes,,,,,,,,
pfp_bloom_filter_add_unique_size_u64,0,NVIDIA RTX PRO 6000 Blackwell Server Edition,I64,U64,512,1,8,4,1000000000,8,Yes,,,,,,,,
pfp_bloom_filter_add_unique_size_u64,0,NVIDIA RTX PRO 6000 Blackwell Server Edition,I64,U64,512,1,8,4,1000000000,16,Yes,,,,,,,,
pfp_bloom_filter_add_unique_size_u64,0,NVIDIA RTX PRO 6000 Blackwell Server Edition,I64,U64,512,1,8,4,1000000000,32,Yes,,,,,,,,
pfp_bloom_filter_add_unique_size_u64,0,NVIDIA RTX PRO 6000 Blackwell Server Edition,I64,U64,512,1,8,4,1000000000,64,Yes,,,,,,,,
pfp_bloom_filter_add_unique_size_u64,0,NVIDIA RTX PRO 6000 Blackwell Server Edition,I64,U64,512,1,8,4,1000000000,128,Yes,,,,,,,,
pfp_bloom_filter_add_unique_size_u64,0,NVIDIA RTX PRO 6000 Blackwell Server Edition,I64,U64,512,1,8,4,1000000000,256,Yes,,,,,,,,
pfp_bloom_filter_add_unique_size_u64,0,NVIDIA RTX PRO 6000 Blackwell Server Edition,I64,U64,512,1,8,4,1000000000,512,Yes,,,,,,,,
pfp_bloom_filter_add_unique_size_u64,0,NVIDIA RTX PRO 6000 Blackwell Server Edition,I64,U64,512,1,8,4,1000000000,1024,Yes,,,,,,,,
pfp_bloom_filter_add_unique_size_u64,0,NVIDIA RTX PRO 6000 Blackwell Server Edition,I64,U64,512,1,8,4,1000000000,2048,Yes,,,,,,,,
pfp_bloom_filter_add_unique_size_u64,0,NVIDIA RTX PRO 6000 Blackwell Server Edition,I64,U64,512,1,8,8,1000000000,1,Yes,,,,,,,,
pfp_bloom_filter_add_unique_size_u64,0,NVIDIA RTX PRO 6000 Blackwell Server Edition,I64,U64,512,1,8,8,1000000000,2,Yes,,,,,,,,
pfp_bloom_filter_add_unique_size_u64,0,NVIDIA RTX PRO 6000 Blackwell Server Edition,I64,U64,512,1,8,8,1000000000,4,Yes,,,,,,,,
pfp_bloom_filter_add_unique_size_u64,0,NVIDIA RTX PRO 6000 Blackwell Server Edition,I64,U64,512,1,8,8,1000000000,8,Yes,,,,,,,,
pfp_bloom_filter_add_unique_size_u64,0,NVIDIA RTX PRO 6000 Blackwell Server Edition,I64,U64,512,1,8,8,1000000000,16,Yes,,,,,,,,
pfp_bloom_filter_add_unique_size_u64,0,NVIDIA RTX PRO 6000 Blackwell Server Edition,I64,U64,512,1,8,8,1000000000,32,Yes,,,,,,,,
pfp_bloom_filter_add_unique_size_u64,0,NVIDIA RTX PRO 6000 Blackwell Server Edition,I64,U64,512,1,8,8,1000000000,64,Yes,,,,,,,,
pfp_bloom_filter_add_unique_size_u64,0,NVIDIA RTX PRO 6000 Blackwell Server Edition,I64,U64,512,1,8,8,1000000000,128,Yes,,,,,,,,
pfp_bloom_filter_add_unique_size_u64,0,NVIDIA RTX PRO 6000 Blackwell Server Edition,I64,U64,512,1,8,8,1000000000,256,Yes,,,,,,,,
pfp_bloom_filter_add_unique_size_u64,0,NVIDIA RTX PRO 6000 Blackwell Server Edition,I64,U64,512,1,8,8,1000000000,512,Yes,,,,,,,,
pfp_bloom_filter_add_unique_size_u64,0,NVIDIA RTX PRO 6000 Blackwell Server Edition,I64,U64,512,1,8,8,1000000000,1024,Yes,,,,,,,,
pfp_bloom_filter_add_unique_size_u64,0,NVIDIA RTX PRO 6000 Blackwell Server Edition,I64,U64,512,1,8,8,1000000000,2048,Yes,,,,,,,,
pfp_bloom_filter_add_unique_size_u64,0,NVIDIA RTX PRO 6000 Blackwell Server Edition,I64,U64,512,20,1,1,1000000000,1,Yes,,,,,,,,
pfp_bloom_filter_add_unique_size_u64,0,NVIDIA RTX PRO 6000 Blackwell Server Edition,I64,U64,512,20,1,1,1000000000,2,Yes,,,,,,,,
pfp_bloom_filter_add_unique_size_u64,0,NVIDIA RTX PRO 6000 Blackwell Server Edition,I64,U64,512,20,1,1,1000000000,4,Yes,,,,,,,,
pfp_bloom_filter_add_unique_size_u64,0,NVIDIA RTX PRO 6000 Blackwell Server Edition,I64,U64,512,20,1,1,1000000000,8,Yes,,,,,,,,
pfp_bloom_filter_add_unique_size_u64,0,NVIDIA RTX PRO 6000 Blackwell Server Edition,I64,U64,512,20,1,1,1000000000,16,Yes,,,,,,,,
pfp_bloom_filter_add_unique_size_u64,0,NVIDIA RTX PRO 6000 Blackwell Server Edition,I64,U64,512,20,1,1,1000000000,32,Yes,,,,,,,,
pfp_bloom_filter_add_unique_size_u64,0,NVIDIA RTX PRO 6000 Blackwell Server Edition,I64,U64,512,20,1,1,1000000000,64,Yes,,,,,,,,
pfp_bloom_filter_add_unique_size_u64,0,NVIDIA RTX PRO 6000 Blackwell Server Edition,I64,U64,512,20,1,1,1000000000,128,Yes,,,,,,,,
pfp_bloom_filter_add_unique_size_u64,0,NVIDIA RTX PRO 6000 Blackwell Server Edition,I64,U64,512,20,1,1,1000000000,256,Yes,,,,,,,,
pfp_bloom_filter_add_unique_size_u64,0,NVIDIA RTX PRO 6000 Blackwell Server Edition,I64,U64,512,20,1,1,1000000000,512,Yes,,,,,,,,
pfp_bloom_filter_add_unique_size_u64,0,NVIDIA RTX PRO 6000 Blackwell Server Edition,I64,U64,512,20,1,1,1000000000,1024,Yes,,,,,,,,
pfp_bloom_filter_add_unique_size_u64,0,NVIDIA RTX PRO 6000 Blackwell Server Edition,I64,U64,512,20,1,1,1000000000,2048,Yes,,,,,,,,
pfp_bloom_filter_add_unique_size_u64,0,NVIDIA RTX PRO 6000 Blackwell Server Edition,I64,U64,512,20,1,2,1000000000,1,Yes,,,,,,,,
pfp_bloom_filter_add_unique_size_u64,0,NVIDIA RTX PRO 6000 Blackwell Server Edition,I64,U64,512,20,1,2,1000000000,2,Yes,,,,,,,,
pfp_bloom_filter_add_unique_size_u64,0,NVIDIA RTX PRO 6000 Blackwell Server Edition,I64,U64,512,20,1,2,1000000000,4,Yes,,,,,,,,
pfp_bloom_filter_add_unique_size_u64,0,NVIDIA RTX PRO 6000 Blackwell Server Edition,I64,U64,512,20,1,2,1000000000,8,Yes,,,,,,,,
pfp_bloom_filter_add_unique_size_u64,0,NVIDIA RTX PRO 6000 Blackwell Server Edition,I64,U64,512,20,1,2,1000000000,16,Yes,,,,,,,,
pfp_bloom_filter_add_unique_size_u64,0,NVIDIA RTX PRO 6000 Blackwell Server Edition,I64,U64,512,20,1,2,1000000000,32,Yes,,,,,,,,
pfp_bloom_filter_add_unique_size_u64,0,NVIDIA RTX PRO 6000 Blackwell Server Edition,I64,U64,512,20,1,2,1000000000,64,Yes,,,,,,,,
pfp_bloom_filter_add_unique_size_u64,0,NVIDIA RTX PRO 6000 Blackwell Server Edition,I64,U64,512,20,1,2,1000000000,128,Yes,,,,,,,,
pfp_bloom_filter_add_unique_size_u64,0,NVIDIA RTX PRO 6000 Blackwell Server Edition,I64,U64,512,20,1,2,1000000000,256,Yes,,,,,,,,
pfp_bloom_filter_add_unique_size_u64,0,NVIDIA RTX PRO 6000 Blackwell Server Edition,I64,U64,512,20,1,2,1000000000,512,Yes,,,,,,,,
pfp_bloom_filter_add_unique_size_u64,0,NVIDIA RTX PRO 6000 Blackwell Server Edition,I64,U64,512,20,1,2,1000000000,1024,Yes,,,,,,,,
pfp_bloom_filter_add_unique_size_u64,0,NVIDIA RTX PRO 6000 Blackwell Server Edition,I64,U64,512,20,1,2,1000000000,2048,Yes,,,,,,,,
pfp_bloom_filter_add_unique_size_u64,0,NVIDIA RTX PRO 6000 Blackwell Server Edition,I64,U64,512,20,1,4,1000000000,1,Yes,,,,,,,,
pfp_bloom_filter_add_unique_size_u64,0,NVIDIA RTX PRO 6000 Blackwell Server Edition,I64,U64,512,20,1,4,1000000000,2,Yes,,,,,,,,
pfp_bloom_filter_add_unique_size_u64,0,NVIDIA RTX PRO 6000 Blackwell Server Edition,I64,U64,512,20,1,4,1000000000,4,Yes,,,,,,,,
pfp_bloom_filter_add_unique_size_u64,0,NVIDIA RTX PRO 6000 Blackwell Server Edition,I64,U64,512,20,1,4,1000000000,8,Yes,,,,,,,,
pfp_bloom_filter_add_unique_size_u64,0,NVIDIA RTX PRO 6000 Blackwell Server Edition,I64,U64,512,20,1,4,1000000000,16,Yes,,,,,,,,
pfp_bloom_filter_add_unique_size_u64,0,NVIDIA RTX PRO 6000 Blackwell Server Edition,I64,U64,512,20,1,4,1000000000,32,Yes,,,,,,,,
pfp_bloom_filter_add_unique_size_u64,0,NVIDIA RTX PRO 6000 Blackwell Server Edition,I64,U64,512,20,1,4,1000000000,64,Yes,,,,,,,,
pfp_bloom_filter_add_unique_size_u64,0,NVIDIA RTX PRO 6000 Blackwell Server Edition,I64,U64,512,20,1,4,1000000000,128,Yes,,,,,,,,
pfp_bloom_filter_add_unique_size_u64,0,NVIDIA RTX PRO 6000 Blackwell Server Edition,I64,U64,512,20,1,4,1000000000,256,Yes,,,,,,,,
pfp_bloom_filter_add_unique_size_u64,0,NVIDIA RTX PRO 6000 Blackwell Server Edition,I64,U64,512,20,1,4,1000000000,512,Yes,,,,,,,,
pfp_bloom_filter_add_unique_size_u64,0,NVIDIA RTX PRO 6000 Blackwell Server Edition,I64,U64,512,20,1,4,1000000000,1024,Yes,,,,,,,,
pfp_bloom_filter_add_unique_size_u64,0,NVIDIA RTX PRO 6000 Blackwell Server Edition,I64,U64,512,20,1,4,1000000000,2048,Yes,,,,,,,,
pfp_bloom_filter_add_unique_size_u64,0,NVIDIA RTX PRO 6000 Blackwell Server Edition,I64,U64,512,20,1,8,1000000000,1,Yes,,,,,,,,
pfp_bloom_filter_add_unique_size_u64,0,NVIDIA RTX PRO 6000 Blackwell Server Edition,I64,U64,512,20,1,8,1000000000,2,Yes,,,,,,,,
pfp_bloom_filter_add_unique_size_u64,0,NVIDIA RTX PRO 6000 Blackwell Server Edition,I64,U64,512,20,1,8,1000000000,4,Yes,,,,,,,,
pfp_bloom_filter_add_unique_size_u64,0,NVIDIA RTX PRO 6000 Blackwell Server Edition,I64,U64,512,20,1,8,1000000000,8,Yes,,,,,,,,
pfp_bloom_filter_add_unique_size_u64,0,NVIDIA RTX PRO 6000 Blackwell Server Edition,I64,U64,512,20,1,8,1000000000,16,Yes,,,,,,,,
pfp_bloom_filter_add_unique_size_u64,0,NVIDIA RTX PRO 6000 Blackwell Server Edition,I64,U64,512,20,1,8,1000000000,32,Yes,,,,,,,,
pfp_bloom_filter_add_unique_size_u64,0,NVIDIA RTX PRO 6000 Blackwell Server Edition,I64,U64,512,20,1,8,1000000000,64,Yes,,,,,,,,
pfp_bloom_filter_add_unique_size_u64,0,NVIDIA RTX PRO 6000 Blackwell Server Edition,I64,U64,512,20,1,8,1000000000,128,Yes,,,,,,,,
pfp_bloom_filter_add_unique_size_u64,0,NVIDIA RTX PRO 6000 Blackwell Server Edition,I64,U64,512,20,1,8,1000000000,256,Yes,,,,,,,,
pfp_bloom_filter_add_unique_size_u64,0,NVIDIA RTX PRO 6000 Blackwell Server Edition,I64,U64,512,20,1,8,1000000000,512,Yes,,,,,,,,
pfp_bloom_filter_add_unique_size_u64,0,NVIDIA RTX PRO 6000 Blackwell Server Edition,I64,U64,512,20,1,8,1000000000,1024,Yes,,,,,,,,
pfp_bloom_filter_add_unique_size_u64,0,NVIDIA RTX PRO 6000 Blackwell Server Edition,I64,U64,512,20,1,8,1000000000,2048,Yes,,,,,,,,
pfp_bloom_filter_add_unique_size_u64,0,NVIDIA RTX PRO 6000 Blackwell Server Edition,I64,U64,512,20,2,1,1000000000,1,Yes,,,,,,,,
pfp_bloom_filter_add_unique_size_u64,0,NVIDIA RTX PRO 6000 Blackwell Server Edition,I64,U64,512,20,2,1,1000000000,2,Yes,,,,,,,,
pfp_bloom_filter_add_unique_size_u64,0,NVIDIA RTX PRO 6000 Blackwell Server Edition,I64,U64,512,20,2,1,1000000000,4,Yes,,,,,,,,
pfp_bloom_filter_add_unique_size_u64,0,NVIDIA RTX PRO 6000 Blackwell Server Edition,I64,U64,512,20,2,1,1000000000,8,Yes,,,,,,,,
pfp_bloom_filter_add_unique_size_u64,0,NVIDIA RTX PRO 6000 Blackwell Server Edition,I64,U64,512,20,2,1,1000000000,16,Yes,,,,,,,,
pfp_bloom_filter_add_unique_size_u64,0,NVIDIA RTX PRO 6000 Blackwell Server Edition,I64,U64,512,20,2,1,1000000000,32,Yes,,,,,,,,
pfp_bloom_filter_add_unique_size_u64,0,NVIDIA RTX PRO 6000 Blackwell Server Edition,I64,U64,512,20,2,1,1000000000,64,Yes,,,,,,,,
pfp_bloom_filter_add_unique_size_u64,0,NVIDIA RTX PRO 6000 Blackwell Server Edition,I64,U64,512,20,2,1,1000000000,128,Yes,,,,,,,,
pfp_bloom_filter_add_unique_size_u64,0,NVIDIA RTX PRO 6000 Blackwell Server Edition,I64,U64,512,20,2,1,1000000000,256,Yes,,,,,,,,
pfp_bloom_filter_add_unique_size_u64,0,NVIDIA RTX PRO 6000 Blackwell Server Edition,I64,U64,512,20,2,1,1000000000,512,Yes,,,,,,,,
pfp_bloom_filter_add_unique_size_u64,0,NVIDIA RTX PRO 6000 Blackwell Server Edition,I64,U64,512,20,2,1,1000000000,1024,Yes,,,,,,,,
pfp_bloom_filter_add_unique_size_u64,0,NVIDIA RTX PRO 6000 Blackwell Server Edition,I64,U64,512,20,2,1,1000000000,2048,Yes,,,,,,,,
pfp_bloom_filter_add_unique_size_u64,0,NVIDIA RTX PRO 6000 Blackwell Server Edition,I64,U64,512,20,2,2,1000000000,1,Yes,,,,,,,,
pfp_bloom_filter_add_unique_size_u64,0,NVIDIA RTX PRO 6000 Blackwell Server Edition,I64,U64,512,20,2,2,1000000000,2,Yes,,,,,,,,
pfp_bloom_filter_add_unique_size_u64,0,NVIDIA RTX PRO 6000 Blackwell Server Edition,I64,U64,512,20,2,2,1000000000,4,Yes,,,,,,,,
pfp_bloom_filter_add_unique_size_u64,0,NVIDIA RTX PRO 6000 Blackwell Server Edition,I64,U64,512,20,2,2,1000000000,8,Yes,,,,,,,,
pfp_bloom_filter_add_unique_size_u64,0,NVIDIA RTX PRO 6000 Blackwell Server Edition,I64,U64,512,20,2,2,1000000000,16,Yes,,,,,,,,
pfp_bloom_filter_add_unique_size_u64,0,NVIDIA RTX PRO 6000 Blackwell Server Edition,I64,U64,512,20,2,2,1000000000,32,Yes,,,,,,,,
pfp_bloom_filter_add_unique_size_u64,0,NVIDIA RTX PRO 6000 Blackwell Server Edition,I64,U64,512,20,2,2,1000000000,64,Yes,,,,,,,,
pfp_bloom_filter_add_unique_size_u64,0,NVIDIA RTX PRO 6000 Blackwell Server Edition,I64,U64,512,20,2,2,1000000000,128,Yes,,,,,,,,
pfp_bloom_filter_add_unique_size_u64,0,NVIDIA RTX PRO 6000 Blackwell Server Edition,I64,U64,512,20,2,2,1000000000,256,Yes,,,,,,,,
pfp_bloom_filter_add_unique_size_u64,0,NVIDIA RTX PRO 6000 Blackwell Server Edition,I64,U64,512,20,2,2,1000000000,512,Yes,,,,,,,,
pfp_bloom_filter_add_unique_size_u64,0,NVIDIA RTX PRO 6000 Blackwell Server Edition,I64,U64,512,20,2,2,1000000000,1024,Yes,,,,,,,,
pfp_bloom_filter_add_unique_size_u64,0,NVIDIA RTX PRO 6000 Blackwell Server Edition,I64,U64,512,20,2,2,1000000000,2048,Yes,,,,,,,,
pfp_bloom_filter_add_unique_size_u64,0,NVIDIA RTX PRO 6000 Blackwell Server Edition,I64,U64,512,20,2,4,1000000000,1,Yes,,,,,,,,
pfp_bloom_filter_add_unique_size_u64,0,NVIDIA RTX PRO 6000 Blackwell Server Edition,I64,U64,512,20,2,4,1000000000,2,Yes,,,,,,,,
pfp_bloom_filter_add_unique_size_u64,0,NVIDIA RTX PRO 6000 Blackwell Server Edition,I64,U64,512,20,2,4,1000000000,4,Yes,,,,,,,,
pfp_bloom_filter_add_unique_size_u64,0,NVIDIA RTX PRO 6000 Blackwell Server Edition,I64,U64,512,20,2,4,1000000000,8,Yes,,,,,,,,
pfp_bloom_filter_add_unique_size_u64,0,NVIDIA RTX PRO 6000 Blackwell Server Edition,I64,U64,512,20,2,4,1000000000,16,Yes,,,,,,,,
pfp_bloom_filter_add_unique_size_u64,0,NVIDIA RTX PRO 6000 Blackwell Server Edition,I64,U64,512,20,2,4,1000000000,32,Yes,,,,,,,,
pfp_bloom_filter_add_unique_size_u64,0,NVIDIA RTX PRO 6000 Blackwell Server Edition,I64,U64,512,20,2,4,1000000000,64,Yes,,,,,,,,
pfp_bloom_filter_add_unique_size_u64,0,NVIDIA RTX PRO 6000 Blackwell Server Edition,I64,U64,512,20,2,4,1000000000,128,Yes,,,,,,,,
pfp_bloom_filter_add_unique_size_u64,0,NVIDIA RTX PRO 6000 Blackwell Server Edition,I64,U64,512,20,2,4,1000000000,256,Yes,,,,,,,,
pfp_bloom_filter_add_unique_size_u64,0,NVIDIA RTX PRO 6000 Blackwell Server Edition,I64,U64,512,20,2,4,1000000000,512,Yes,,,,,,,,
pfp_bloom_filter_add_unique_size_u64,0,NVIDIA RTX PRO 6000 Blackwell Server Edition,I64,U64,512,20,2,4,1000000000,1024,Yes,,,,,,,,
pfp_bloom_filter_add_unique_size_u64,0,NVIDIA RTX PRO 6000 Blackwell Server Edition,I64,U64,512,20,2,4,1000000000,2048,Yes,,,,,,,,
pfp_bloom_filter_add_unique_size_u64,0,NVIDIA RTX PRO 6000 Blackwell Server Edition,I64,U64,512,20,2,8,1000000000,1,Yes,,,,,,,,
pfp_bloom_filter_add_unique_size_u64,0,NVIDIA RTX PRO 6000 Blackwell Server Edition,I64,U64,512,20,2,8,1000000000,2,Yes,,,,,,,,
pfp_bloom_filter_add_unique_size_u64,0,NVIDIA RTX PRO 6000 Blackwell Server Edition,I64,U64,512,20,2,8,1000000000,4,Yes,,,,,,,,
pfp_bloom_filter_add_unique_size_u64,0,NVIDIA RTX PRO 6000 Blackwell Server Edition,I64,U64,512,20,2,8,1000000000,8,Yes,,,,,,,,
pfp_bloom_filter_add_unique_size_u64,0,NVIDIA RTX PRO 6000 Blackwell Server Edition,I64,U64,512,20,2,8,1000000000,16,Yes,,,,,,,,
pfp_bloom_filter_add_unique_size_u64,0,NVIDIA RTX PRO 6000 Blackwell Server Edition,I64,U64,512,20,2,8,1000000000,32,Yes,,,,,,,,
pfp_bloom_filter_add_unique_size_u64,0,NVIDIA RTX PRO 6000 Blackwell Server Edition,I64,U64,512,20,2,8,1000000000,64,Yes,,,,,,,,
pfp_bloom_filter_add_unique_size_u64,0,NVIDIA RTX PRO 6000 Blackwell Server Edition,I64,U64,512,20,2,8,1000000000,128,Yes,,,,,,,,
pfp_bloom_filter_add_unique_size_u64,0,NVIDIA RTX PRO 6000 Blackwell Server Edition,I64,U64,512,20,2,8,1000000000,256,Yes,,,,,,,,
pfp_bloom_filter_add_unique_size_u64,0,NVIDIA RTX PRO 6000 Blackwell Server Edition,I64,U64,512,20,2,8,1000000000,512,Yes,,,,,,,,
pfp_bloom_filter_add_unique_size_u64,0,NVIDIA RTX PRO 6000 Blackwell Server Edition,I64,U64,512,20,2,8,1000000000,1024,Yes,,,,,,,,
pfp_bloom_filter_add_unique_size_u64,0,NVIDIA RTX PRO 6000 Blackwell Server Edition,I64,U64,512,20,2,8,1000000000,2048,Yes,,,,,,,,
pfp_bloom_filter_add_unique_size_u64,0,NVIDIA RTX PRO 6000 Blackwell Server Edition,I64,U64,512,20,4,1,1000000000,1,Yes,,,,,,,,
pfp_bloom_filter_add_unique_size_u64,0,NVIDIA RTX PRO 6000 Blackwell Server Edition,I64,U64,512,20,4,1,1000000000,2,Yes,,,,,,,,
pfp_bloom_filter_add_unique_size_u64,0,NVIDIA RTX PRO 6000 Blackwell Server Edition,I64,U64,512,20,4,1,1000000000,4,Yes,,,,,,,,
pfp_bloom_filter_add_unique_size_u64,0,NVIDIA RTX PRO 6000 Blackwell Server Edition,I64,U64,512,20,4,1,1000000000,8,Yes,,,,,,,,
pfp_bloom_filter_add_unique_size_u64,0,NVIDIA RTX PRO 6000 Blackwell Server Edition,I64,U64,512,20,4,1,1000000000,16,Yes,,,,,,,,
pfp_bloom_filter_add_unique_size_u64,0,NVIDIA RTX PRO 6000 Blackwell Server Edition,I64,U64,512,20,4,1,1000000000,32,Yes,,,,,,,,
pfp_bloom_filter_add_unique_size_u64,0,NVIDIA RTX PRO 6000 Blackwell Server Edition,I64,U64,512,20,4,1,1000000000,64,Yes,,,,,,,,
pfp_bloom_filter_add_unique_size_u64,0,NVIDIA RTX PRO 6000 Blackwell Server Edition,I64,U64,512,20,4,1,1000000000,128,Yes,,,,,,,,
pfp_bloom_filter_add_unique_size_u64,0,NVIDIA RTX PRO 6000 Blackwell Server Edition,I64,U64,512,20,4,1,1000000000,256,Yes,,,,,,,,
pfp_bloom_filter_add_unique_size_u64,0,NVIDIA RTX PRO 6000 Blackwell Server Edition,I64,U64,512,20,4,1,1000000000,512,Yes,,,,,,,,
pfp_bloom_filter_add_unique_size_u64,0,NVIDIA RTX PRO 6000 Blackwell Server Edition,I64,U64,512,20,4,1,1000000000,1024,Yes,,,,,,,,
pfp_bloom_filter_add_unique_size_u64,0,NVIDIA RTX PRO 6000 Blackwell Server Edition,I64,U64,512,20,4,1,1000000000,2048,Yes,,,,,,,,
pfp_bloom_filter_add_unique_size_u64,0,NVIDIA RTX PRO 6000 Blackwell Server Edition,I64,U64,512,20,4,2,1000000000,1,Yes,,,,,,,,
pfp_bloom_filter_add_unique_size_u64,0,NVIDIA RTX PRO 6000 Blackwell Server Edition,I64,U64,512,20,4,2,1000000000,2,Yes,,,,,,,,
pfp_bloom_filter_add_unique_size_u64,0,NVIDIA RTX PRO 6000 Blackwell Server Edition,I64,U64,512,20,4,2,1000000000,4,Yes,,,,,,,,
pfp_bloom_filter_add_unique_size_u64,0,NVIDIA RTX PRO 6000 Blackwell Server Edition,I64,U64,512,20,4,2,1000000000,8,Yes,,,,,,,,
pfp_bloom_filter_add_unique_size_u64,0,NVIDIA RTX PRO 6000 Blackwell Server Edition,I64,U64,512,20,4,2,1000000000,16,Yes,,,,,,,,
pfp_bloom_filter_add_unique_size_u64,0,NVIDIA RTX PRO 6000 Blackwell Server Edition,I64,U64,512,20,4,2,1000000000,32,Yes,,,,,,,,
pfp_bloom_filter_add_unique_size_u64,0,NVIDIA RTX PRO 6000 Blackwell Server Edition,I64,U64,512,20,4,2,1000000000,64,Yes,,,,,,,,
pfp_bloom_filter_add_unique_size_u64,0,NVIDIA RTX PRO 6000 Blackwell Server Edition,I64,U64,512,20,4,2,1000000000,128,Yes,,,,,,,,
pfp_bloom_filter_add_unique_size_u64,0,NVIDIA RTX PRO 6000 Blackwell Server Edition,I64,U64,512,20,4,2,1000000000,256,Yes,,,,,,,,
pfp_bloom_filter_add_unique_size_u64,0,NVIDIA RTX PRO 6000 Blackwell Server Edition,I64,U64,512,20,4,2,1000000000,512,Yes,,,,,,,,
pfp_bloom_filter_add_unique_size_u64,0,NVIDIA RTX PRO 6000 Blackwell Server Edition,I64,U64,512,20,4,2,1000000000,1024,Yes,,,,,,,,
pfp_bloom_filter_add_unique_size_u64,0,NVIDIA RTX PRO 6000 Blackwell Server Edition,I64,U64,512,20,4,2,1000000000,2048,Yes,,,,,,,,
pfp_bloom_filter_add_unique_size_u64,0,NVIDIA RTX PRO 6000 Blackwell Server Edition,I64,U64,512,20,4,4,1000000000,1,Yes,,,,,,,,
pfp_bloom_filter_add_unique_size_u64,0,NVIDIA RTX PRO 6000 Blackwell Server Edition,I64,U64,512,20,4,4,1000000000,2,Yes,,,,,,,,
pfp_bloom_filter_add_unique_size_u64,0,NVIDIA RTX PRO 6000 Blackwell Server Edition,I64,U64,512,20,4,4,1000000000,4,Yes,,,,,,,,
pfp_bloom_filter_add_unique_size_u64,0,NVIDIA RTX PRO 6000 Blackwell Server Edition,I64,U64,512,20,4,4,1000000000,8,Yes,,,,,,,,
pfp_bloom_filter_add_unique_size_u64,0,NVIDIA RTX PRO 6000 Blackwell Server Edition,I64,U64,512,20,4,4,1000000000,16,Yes,,,,,,,,
pfp_bloom_filter_add_unique_size_u64,0,NVIDIA RTX PRO 6000 Blackwell Server Edition,I64,U64,512,20,4,4,1000000000,32,Yes,,,,,,,,
pfp_bloom_filter_add_unique_size_u64,0,NVIDIA RTX PRO 6000 Blackwell Server Edition,I64,U64,512,20,4,4,1000000000,64,Yes,,,,,,,,
pfp_bloom_filter_add_unique_size_u64,0,NVIDIA RTX PRO 6000 Blackwell Server Edition,I64,U64,512,20,4,4,1000000000,128,Yes,,,,,,,,
pfp_bloom_filter_add_unique_size_u64,0,NVIDIA RTX PRO 6000 Blackwell Server Edition,I64,U64,512,20,4,4,1000000000,256,Yes,,,,,,,,
pfp_bloom_filter_add_unique_size_u64,0,NVIDIA RTX PRO 6000 Blackwell Server Edition,I64,U64,512,20,4,4,1000000000,512,Yes,,,,,,,,
pfp_bloom_filter_add_unique_size_u64,0,NVIDIA RTX PRO 6000 Blackwell Server Edition,I64,U64,512,20,4,4,1000000000,1024,Yes,,,,,,,,
pfp_bloom_filter_add_unique_size_u64,0,NVIDIA RTX PRO 6000 Blackwell Server Edition,I64,U64,512,20,4,4,1000000000,2048,Yes,,,,,,,,
pfp_bloom_filter_add_unique_size_u64,0,NVIDIA RTX PRO 6000 Blackwell Server Edition,I64,U64,512,20,4,8,1000000000,1,Yes,,,,,,,,
pfp_bloom_filter_add_unique_size_u64,0,NVIDIA RTX PRO 6000 Blackwell Server Edition,I64,U64,512,20,4,8,1000000000,2,Yes,,,,,,,,
pfp_bloom_filter_add_unique_size_u64,0,NVIDIA RTX PRO 6000 Blackwell Server Edition,I64,U64,512,20,4,8,1000000000,4,Yes,,,,,,,,
pfp_bloom_filter_add_unique_size_u64,0,NVIDIA RTX PRO 6000 Blackwell Server Edition,I64,U64,512,20,4,8,1000000000,8,Yes,,,,,,,,
pfp_bloom_filter_add_unique_size_u64,0,NVIDIA RTX PRO 6000 Blackwell Server Edition,I64,U64,512,20,4,8,1000000000,16,Yes,,,,,,,,
pfp_bloom_filter_add_unique_size_u64,0,NVIDIA RTX PRO 6000 Blackwell Server Edition,I64,U64,512,20,4,8,1000000000,32,Yes,,,,,,,,
pfp_bloom_filter_add_unique_size_u64,0,NVIDIA RTX PRO 6000 Blackwell Server Edition,I64,U64,512,20,4,8,1000000000,64,Yes,,,,,,,,
pfp_bloom_filter_add_unique_size_u64,0,NVIDIA RTX PRO 6000 Blackwell Server Edition,I64,U64,512,20,4,8,1000000000,128,Yes,,,,,,,,
pfp_bloom_filter_add_unique_size_u64,0,NVIDIA RTX PRO 6000 Blackwell Server Edition,I64,U64,512,20,4,8,1000000000,256,Yes,,,,,,,,
pfp_bloom_filter_add_unique_size_u64,0,NVIDIA RTX PRO 6000 Blackwell Server Edition,I64,U64,512,20,4,8,1000000000,512,Yes,,,,,,,,
pfp_bloom_filter_add_unique_size_u64,0,NVIDIA RTX PRO 6000 Blackwell Server Edition,I64,U64,512,20,4,8,1000000000,1024,Yes,,,,,,,,
pfp_bloom_filter_add_unique_size_u64,0,NVIDIA RTX PRO 6000 Blackwell Server Edition,I64,U64,512,20,4,8,1000000000,2048,Yes,,,,,,,,
pfp_bloom_filter_add_unique_size_u64,0,NVIDIA RTX PRO 6000 Blackwell Server Edition,I64,U64,512,20,8,1,1000000000,1,Yes,,,,,,,,
pfp_bloom_filter_add_unique_size_u64,0,NVIDIA RTX PRO 6000 Blackwell Server Edition,I64,U64,512,20,8,1,1000000000,2,Yes,,,,,,,,
pfp_bloom_filter_add_unique_size_u64,0,NVIDIA RTX PRO 6000 Blackwell Server Edition,I64,U64,512,20,8,1,1000000000,4,Yes,,,,,,,,
pfp_bloom_filter_add_unique_size_u64,0,NVIDIA RTX PRO 6000 Blackwell Server Edition,I64,U64,512,20,8,1,1000000000,8,Yes,,,,,,,,
pfp_bloom_filter_add_unique_size_u64,0,NVIDIA RTX PRO 6000 Blackwell Server Edition,I64,U64,512,20,8,1,1000000000,16,Yes,,,,,,,,
pfp_bloom_filter_add_unique_size_u64,0,NVIDIA RTX PRO 6000 Blackwell Server Edition,I64,U64,512,20,8,1,1000000000,32,Yes,,,,,,,,
pfp_bloom_filter_add_unique_size_u64,0,NVIDIA RTX PRO 6000 Blackwell Server Edition,I64,U64,512,20,8,1,1000000000,64,Yes,,,,,,,,
pfp_bloom_filter_add_unique_size_u64,0,NVIDIA RTX PRO 6000 Blackwell Server Edition,I64,U64,512,20,8,1,1000000000,128,Yes,,,,,,,,
pfp_bloom_filter_add_unique_size_u64,0,NVIDIA RTX PRO 6000 Blackwell Server Edition,I64,U64,512,20,8,1,1000000000,256,Yes,,,,,,,,
pfp_bloom_filter_add_unique_size_u64,0,NVIDIA RTX PRO 6000 Blackwell Server Edition,I64,U64,512,20,8,1,1000000000,512,Yes,,,,,,,,
pfp_bloom_filter_add_unique_size_u64,0,NVIDIA RTX PRO 6000 Blackwell Server Edition,I64,U64,512,20,8,1,1000000000,1024,Yes,,,,,,,,
pfp_bloom_filter_add_unique_size_u64,0,NVIDIA RTX PRO 6000 Blackwell Server Edition,I64,U64,512,20,8,1,1000000000,2048,Yes,,,,,,,,
pfp_bloom_filter_add_unique_size_u64,0,NVIDIA RTX PRO 6000 Blackwell Server Edition,I64,U64,512,20,8,2,1000000000,1,Yes,,,,,,,,
pfp_bloom_filter_add_unique_size_u64,0,NVIDIA RTX PRO 6000 Blackwell Server Edition,I64,U64,512,20,8,2,1000000000,2,Yes,,,,,,,,
pfp_bloom_filter_add_unique_size_u64,0,NVIDIA RTX PRO 6000 Blackwell Server Edition,I64,U64,512,20,8,2,1000000000,4,Yes,,,,,,,,
pfp_bloom_filter_add_unique_size_u64,0,NVIDIA RTX PRO 6000 Blackwell Server Edition,I64,U64,512,20,8,2,1000000000,8,Yes,,,,,,,,
pfp_bloom_filter_add_unique_size_u64,0,NVIDIA RTX PRO 6000 Blackwell Server Edition,I64,U64,512,20,8,2,1000000000,16,Yes,,,,,,,,
pfp_bloom_filter_add_unique_size_u64,0,NVIDIA RTX PRO 6000 Blackwell Server Edition,I64,U64,512,20,8,2,1000000000,32,Yes,,,,,,,,
pfp_bloom_filter_add_unique_size_u64,0,NVIDIA RTX PRO 6000 Blackwell Server Edition,I64,U64,512,20,8,2,1000000000,64,Yes,,,,,,,,
pfp_bloom_filter_add_unique_size_u64,0,NVIDIA RTX PRO 6000 Blackwell Server Edition,I64,U64,512,20,8,2,1000000000,128,Yes,,,,,,,,
pfp_bloom_filter_add_unique_size_u64,0,NVIDIA RTX PRO 6000 Blackwell Server Edition,I64,U64,512,20,8,2,1000000000,256,Yes,,,,,,,,
pfp_bloom_filter_add_unique_size_u64,0,NVIDIA RTX PRO 6000 Blackwell Server Edition,I64,U64,512,20,8,2,1000000000,512,Yes,,,,,,,,
pfp_bloom_filter_add_unique_size_u64,0,NVIDIA RTX PRO 6000 Blackwell Server Edition,I64,U64,512,20,8,2,1000000000,1024,Yes,,,,,,,,
pfp_bloom_filter_add_unique_size_u64,0,NVIDIA RTX PRO 6000 Blackwell Server Edition,I64,U64,512,20,8,2,1000000000,2048,Yes,,,,,,,,
pfp_bloom_filter_add_unique_size_u64,0,NVIDIA RTX PRO 6000 Blackwell Server Edition,I64,U64,512,20,8,4,1000000000,1,Yes,,,,,,,,
pfp_bloom_filter_add_unique_size_u64,0,NVIDIA RTX PRO 6000 Blackwell Server Edition,I64,U64,512,20,8,4,1000000000,2,Yes,,,,,,,,
pfp_bloom_filter_add_unique_size_u64,0,NVIDIA RTX PRO 6000 Blackwell Server Edition,I64,U64,512,20,8,4,1000000000,4,Yes,,,,,,,,
pfp_bloom_filter_add_unique_size_u64,0,NVIDIA RTX PRO 6000 Blackwell Server Edition,I64,U64,512,20,8,4,1000000000,8,Yes,,,,,,,,
pfp_bloom_filter_add_unique_size_u64,0,NVIDIA RTX PRO 6000 Blackwell Server Edition,I64,U64,512,20,8,4,1000000000,16,Yes,,,,,,,,
pfp_bloom_filter_add_unique_size_u64,0,NVIDIA RTX PRO 6000 Blackwell Server Edition,I64,U64,512,20,8,4,1000000000,32,Yes,,,,,,,,
pfp_bloom_filter_add_unique_size_u64,0,NVIDIA RTX PRO 6000 Blackwell Server Edition,I64,U64,512,20,8,4,1000000000,64,Yes,,,,,,,,
pfp_bloom_filter_add_unique_size_u64,0,NVIDIA RTX PRO 6000 Blackwell Server Edition,I64,U64,512,20,8,4,1000000000,128,Yes,,,,,,,,
pfp_bloom_filter_add_unique_size_u64,0,NVIDIA RTX PRO 6000 Blackwell Server Edition,I64,U64,512,20,8,4,1000000000,256,Yes,,,,,,,,
pfp_bloom_filter_add_unique_size_u64,0,NVIDIA RTX PRO 6000 Blackwell Server Edition,I64,U64,512,20,8,4,1000000000,512,Yes,,,,,,,,
pfp_bloom_filter_add_unique_size_u64,0,NVIDIA RTX PRO 6000 Blackwell Server Edition,I64,U64,512,20,8,4,1000000000,1024,Yes,,,,,,,,
pfp_bloom_filter_add_unique_size_u64,0,NVIDIA RTX PRO 6000 Blackwell Server Edition,I64,U64,512,20,8,4,1000000000,2048,Yes,,,,,,,,
pfp_bloom_filter_add_unique_size_u64,0,NVIDIA RTX PRO 6000 Blackwell Server Edition,I64,U64,512,20,8,8,1000000000,1,Yes,,,,,,,,
pfp_bloom_filter_add_unique_size_u64,0,NVIDIA RTX PRO 6000 Blackwell Server Edition,I64,U64,512,20,8,8,1000000000,2,Yes,,,,,,,,
pfp_bloom_filter_add_unique_size_u64,0,NVIDIA RTX PRO 6000 Blackwell Server Edition,I64,U64,512,20,8,8,1000000000,4,Yes,,,,,,,,
pfp_bloom_filter_add_unique_size_u64,0,NVIDIA RTX PRO 6000 Blackwell Server Edition,I64,U64,512,20,8,8,1000000000,8,Yes,,,,,,,,
pfp_bloom_filter_add_unique_size_u64,0,NVIDIA RTX PRO 6000 Blackwell Server Edition,I64,U64,512,20,8,8,1000000000,16,Yes,,,,,,,,
pfp_bloom_filter_add_unique_size_u64,0,NVIDIA RTX PRO 6000 Blackwell Server Edition,I64,U64,512,20,8,8,1000000000,32,Yes,,,,,,,,
pfp_bloom_filter_add_unique_size_u64,0,NVIDIA RTX PRO 6000 Blackwell Server Edition,I64,U64,512,20,8,8,1000000000,64,Yes,,,,,,,,
pfp_bloom_filter_add_unique_size_u64,0,NVIDIA RTX PRO 6000 Blackwell Server Edition,I64,U64,512,20,8,8,1000000000,128,Yes,,,,,,,,
pfp_bloom_filter_add_unique_size_u64,0,NVIDIA RTX PRO 6000 Blackwell Server Edition,I64,U64,512,20,8,8,1000000000,256,Yes,,,,,,,,
pfp_bloom_filter_add_unique_size_u64,0,NVIDIA RTX PRO 6000 Blackwell Server Edition,I64,U64,512,20,8,8,1000000000,512,Yes,,,,,,,,
pfp_bloom_filter_add_unique_size_u64,0,NVIDIA RTX PRO 6000 Blackwell Server Edition,I64,U64,512,20,8,8,1000000000,1024,Yes,,,,,,,,
pfp_bloom_filter_add_unique_size_u64,0,NVIDIA RTX PRO 6000 Blackwell Server Edition,I64,U64,512,20,8,8,1000000000,2048,Yes,,,,,,,,
