Benchmark,Device,Device Name,Key,Word,BlockBits,PatternBitsPerWord,HorizontalLayout,VerticalLayout,NumInputs,FilterSizeMB,Skipped,Samples,CPU Time (sec),Noise,GPU Time (sec),Noise,Elem/s (elem/sec),Samples,Batch GPU (sec)
pfp_bloom_filter_add_unique_size_u32,0,NVIDIA H200,I64,U32,32,1,1,1,1000000000,1,No,35,0.014396604714285714,0.00042176096058897823,0.014383518191746299,0.0003866475146532842,69524019552.72879,36,0.014386679755316841
pfp_bloom_filter_add_unique_size_u32,0,NVIDIA H200,I64,U32,32,1,1,1,1000000000,2,No,35,0.014400273742857144,0.0003835320020360413,0.014387268475123815,0.0003837403952884382,69505896948.33606,36,0.014384146796332466
pfp_bloom_filter_add_unique_size_u32,0,NVIDIA H200,I64,U32,32,1,1,1,1000000000,4,No,35,0.014401570399999999,0.0004099242084274412,0.014388331004551475,0.0003918466913651353,69500764173.66747,36,0.014382371690538194
pfp_bloom_filter_add_unique_size_u32,0,NVIDIA H200,I64,U32,32,1,1,1,1000000000,8,No,35,0.014392991685714292,0.00044997757239006997,0.014379935155596052,0.0004397401222860025,69541342793.24918,36,0.014373494466145834
pfp_bloom_filter_add_unique_size_u32,0,NVIDIA H200,I64,U32,32,1,1,1,1000000000,16,No,35,0.014330050228571431,0.00041013446405812465,0.014316910689217702,0.0004037847989252263,69847470708.40613,36,0.014309156629774306
pfp_bloom_filter_add_unique_size_u32,0,NVIDIA H200,I64,U32,32,1,1,1,1000000000,32,No,35,0.014384374942857147,0.0002545863756202766,0.014371361814226422,0.00026435308632046303,69582828191.69478,36,0.014343636406792534
pfp_bloom_filter_add_unique_size_u32,0,NVIDIA H200,I64,U32,32,1,1,1,1000000000,64,No,15,0.034601088733333334,0.0001432127169154211,0.034587895965576175,0.0001423923708108823,28911848266.088703,16,0.03457276654243469
pfp_bloom_filter_add_unique_size_u32,0,NVIDIA H200,I64,U32,32,1,1,1,1000000000,128,No,11,0.04811013272727272,0.00014447403841358193,0.048096649169921867,0.00014404761398453762,20791469203.3342,12,0.048088171005249015
pfp_bloom_filter_add_unique_size_u32,0,NVIDIA H200,I64,U32,32,1,1,1,1000000000,256,No,11,0.055641121,7.135193250398103e-05,0.055627706354314625,7.029697185967198e-05,17976653461.68704,12,0.0556221669514974
pfp_bloom_filter_add_unique_size_u32,0,NVIDIA H200,I64,U32,32,1,1,1,1000000000,512,No,11,0.05998331090909092,8.002997239698039e-05,0.05996971026333895,8.004576197313435e-05,16675084732.088928,12,0.059961575508117676
pfp_bloom_filter_add_unique_size_u32,0,NVIDIA H200,I64,U32,32,1,1,1,1000000000,1024,No,11,0.062528975,8.209709941802704e-05,0.06251543287797408,8.532602583444258e-05,15996050158.557371,12,0.06251237201690672
pfp_bloom_filter_add_unique_size_u32,0,NVIDIA H200,I64,U32,32,1,1,1,1000000000,2048,No,11,0.06413844636363639,5.430368136056077e-05,0.06412492509321732,5.799329661507818e-05,15594560126.913471,12,0.06412711715698242
pfp_bloom_filter_add_unique_size_u32,0,NVIDIA H200,I64,U32,32,1,1,2,1000000000,1,Yes,,,,,,,,
pfp_bloom_filter_add_unique_size_u32,0,NVIDIA H200,I64,U32,32,1,1,2,1000000000,2,Yes,,,,,,,,
pfp_bloom_filter_add_unique_size_u32,0,NVIDIA H200,I64,U32,32,1,1,2,1000000000,4,Yes,,,,,,,,
pfp_bloom_filter_add_unique_size_u32,0,NVIDIA H200,I64,U32,32,1,1,2,1000000000,8,Yes,,,,,,,,
pfp_bloom_filter_add_unique_size_u32,0,NVIDIA H200,I64,U32,32,1,1,2,1000000000,16,Yes,,,,,,,,
pfp_bloom_filter_add_unique_size_u32,0,NVIDIA H200,I64,U32,32,1,1,2,1000000000,32,Yes,,,,,,,,
pfp_bloom_filter_add_unique_size_u32,0,NVIDIA H200,I64,U32,32,1,1,2,1000000000,64,Yes,,,,,,,,
pfp_bloom_filter_add_unique_size_u32,0,NVIDIA H200,I64,U32,32,1,1,2,1000000000,128,Yes,,,,,,,,
pfp_bloom_filter_add_unique_size_u32,0,NVIDIA H200,I64,U32,32,1,1,2,1000000000,256,Yes,,,,,,,,
pfp_bloom_filter_add_unique_size_u32,0,NVIDIA H200,I64,U32,32,1,1,2,1000000000,512,Yes,,,,,,,,
pfp_bloom_filter_add_unique_size_u32,0,NVIDIA H200,I64,U32,32,1,1,2,1000000000,1024,Yes,,,,,,,,
pfp_bloom_filter_add_unique_size_u32,0,NVIDIA H200,I64,U32,32,1,1,2,1000000000,2048,Yes,,,,,,,,
pfp_bloom_filter_add_unique_size_u32,0,NVIDIA H200,I64,U32,32,1,1,4,1000000000,1,Yes,,,,,,,,
pfp_bloom_filter_add_unique_size_u32,0,NVIDIA H200,I64,U32,32,1,1,4,1000000000,2,Yes,,,,,,,,
pfp_bloom_filter_add_unique_size_u32,0,NVIDIA H200,I64,U32,32,1,1,4,1000000000,4,Yes,,,,,,,,
pfp_bloom_filter_add_unique_size_u32,0,NVIDIA H200,I64,U32,32,1,1,4,1000000000,8,Yes,,,,,,,,
pfp_bloom_filter_add_unique_size_u32,0,NVIDIA H200,I64,U32,32,1,1,4,1000000000,16,Yes,,,,,,,,
pfp_bloom_filter_add_unique_size_u32,0,NVIDIA H200,I64,U32,32,1,1,4,1000000000,32,Yes,,,,,,,,
pfp_bloom_filter_add_unique_size_u32,0,NVIDIA H200,I64,U32,32,1,1,4,1000000000,64,Yes,,,,,,,,
pfp_bloom_filter_add_unique_size_u32,0,NVIDIA H200,I64,U32,32,1,1,4,1000000000,128,Yes,,,,,,,,
pfp_bloom_filter_add_unique_size_u32,0,NVIDIA H200,I64,U32,32,1,1,4,1000000000,256,Yes,,,,,,,,
pfp_bloom_filter_add_unique_size_u32,0,NVIDIA H200,I64,U32,32,1,1,4,1000000000,512,Yes,,,,,,,,
pfp_bloom_filter_add_unique_size_u32,0,NVIDIA H200,I64,U32,32,1,1,4,1000000000,1024,Yes,,,,,,,,
pfp_bloom_filter_add_unique_size_u32,0,NVIDIA H200,I64,U32,32,1,1,4,1000000000,2048,Yes,,,,,,,,
pfp_bloom_filter_add_unique_size_u32,0,NVIDIA H200,I64,U32,32,1,1,8,1000000000,1,Yes,,,,,,,,
pfp_bloom_filter_add_unique_size_u32,0,NVIDIA H200,I64,U32,32,1,1,8,1000000000,2,Yes,,,,,,,,
pfp_bloom_filter_add_unique_size_u32,0,NVIDIA H200,I64,U32,32,1,1,8,1000000000,4,Yes,,,,,,,,
pfp_bloom_filter_add_unique_size_u32,0,NVIDIA H200,I64,U32,32,1,1,8,1000000000,8,Yes,,,,,,,,
pfp_bloom_filter_add_unique_size_u32,0,NVIDIA H200,I64,U32,32,1,1,8,1000000000,16,Yes,,,,,,,,
pfp_bloom_filter_add_unique_size_u32,0,NVIDIA H200,I64,U32,32,1,1,8,1000000000,32,Yes,,,,,,,,
pfp_bloom_filter_add_unique_size_u32,0,NVIDIA H200,I64,U32,32,1,1,8,1000000000,64,Yes,,,,,,,,
pfp_bloom_filter_add_unique_size_u32,0,NVIDIA H200,I64,U32,32,1,1,8,1000000000,128,Yes,,,,,,,,
pfp_bloom_filter_add_unique_size_u32,0,NVIDIA H200,I64,U32,32,1,1,8,1000000000,256,Yes,,,,,,,,
pfp_bloom_filter_add_unique_size_u32,0,NVIDIA H200,I64,U32,32,1,1,8,1000000000,512,Yes,,,,,,,,
pfp_bloom_filter_add_unique_size_u32,0,NVIDIA H200,I64,U32,32,1,1,8,1000000000,1024,Yes,,,,,,,,
pfp_bloom_filter_add_unique_size_u32,0,NVIDIA H200,I64,U32,32,1,1,8,1000000000,2048,Yes,,,,,,,,
pfp_bloom_filter_add_unique_size_u32,0,NVIDIA H200,I64,U32,32,1,2,1,1000000000,1,Yes,,,,,,,,
pfp_bloom_filter_add_unique_size_u32,0,NVIDIA H200,I64,U32,32,1,2,1,1000000000,2,Yes,,,,,,,,
pfp_bloom_filter_add_unique_size_u32,0,NVIDIA H200,I64,U32,32,1,2,1,1000000000,4,Yes,,,,,,,,
pfp_bloom_filter_add_unique_size_u32,0,NVIDIA H200,I64,U32,32,1,2,1,1000000000,8,Yes,,,,,,,,
pfp_bloom_filter_add_unique_size_u32,0,NVIDIA H200,I64,U32,32,1,2,1,1000000000,16,Yes,,,,,,,,
pfp_bloom_filter_add_unique_size_u32,0,NVIDIA H200,I64,U32,32,1,2,1,1000000000,32,Yes,,,,,,,,
pfp_bloom_filter_add_unique_size_u32,0,NVIDIA H200,I64,U32,32,1,2,1,1000000000,64,Yes,,,,,,,,
pfp_bloom_filter_add_unique_size_u32,0,NVIDIA H200,I64,U32,32,1,2,1,1000000000,128,Yes,,,,,,,,
pfp_bloom_filter_add_unique_size_u32,0,NVIDIA H200,I64,U32,32,1,2,1,1000000000,256,Yes,,,,,,,,
pfp_bloom_filter_add_unique_size_u32,0,NVIDIA H200,I64,U32,32,1,2,1,1000000000,512,Yes,,,,,,,,
pfp_bloom_filter_add_unique_size_u32,0,NVIDIA H200,I64,U32,32,1,2,1,1000000000,1024,Yes,,,,,,,,
pfp_bloom_filter_add_unique_size_u32,0,NVIDIA H200,I64,U32,32,1,2,1,1000000000,2048,Yes,,,,,,,,
pfp_bloom_filter_add_unique_size_u32,0,NVIDIA H200,I64,U32,32,1,2,2,1000000000,1,Yes,,,,,,,,
pfp_bloom_filter_add_unique_size_u32,0,NVIDIA H200,I64,U32,32,1,2,2,1000000000,2,Yes,,,,,,,,
pfp_bloom_filter_add_unique_size_u32,0,NVIDIA H200,I64,U32,32,1,2,2,1000000000,4,Yes,,,,,,,,
pfp_bloom_filter_add_unique_size_u32,0,NVIDIA H200,I64,U32,32,1,2,2,1000000000,8,Yes,,,,,,,,
pfp_bloom_filter_add_unique_size_u32,0,NVIDIA H200,I64,U32,32,1,2,2,1000000000,16,Yes,,,,,,,,
pfp_bloom_filter_add_unique_size_u32,0,NVIDIA H200,I64,U32,32,1,2,2,1000000000,32,Yes,,,,,,,,
pfp_bloom_filter_add_unique_size_u32,0,NVIDIA H200,I64,U32,32,1,2,2,1000000000,64,Yes,,,,,,,,
pfp_bloom_filter_add_unique_size_u32,0,NVIDIA H200,I64,U32,32,1,2,2,1000000000,128,Yes,,,,,,,,
pfp_bloom_filter_add_unique_size_u32,0,NVIDIA H200,I64,U32,32,1,2,2,1000000000,256,Yes,,,,,,,,
pfp_bloom_filter_add_unique_size_u32,0,NVIDIA H200,I64,U32,32,1,2,2,1000000000,512,Yes,,,,,,,,
pfp_bloom_filter_add_unique_size_u32,0,NVIDIA H200,I64,U32,32,1,2,2,1000000000,1024,Yes,,,,,,,,
pfp_bloom_filter_add_unique_size_u32,0,NVIDIA H200,I64,U32,32,1,2,2,1000000000,2048,Yes,,,,,,,,
pfp_bloom_filter_add_unique_size_u32,0,NVIDIA H200,I64,U32,32,1,2,4,1000000000,1,Yes,,,,,,,,
pfp_bloom_filter_add_unique_size_u32,0,NVIDIA H200,I64,U32,32,1,2,4,1000000000,2,Yes,,,,,,,,
pfp_bloom_filter_add_unique_size_u32,0,NVIDIA H200,I64,U32,32,1,2,4,1000000000,4,Yes,,,,,,,,
pfp_bloom_filter_add_unique_size_u32,0,NVIDIA H200,I64,U32,32,1,2,4,1000000000,8,Yes,,,,,,,,
pfp_bloom_filter_add_unique_size_u32,0,NVIDIA H200,I64,U32,32,1,2,4,1000000000,16,Yes,,,,,,,,
pfp_bloom_filter_add_unique_size_u32,0,NVIDIA H200,I64,U32,32,1,2,4,1000000000,32,Yes,,,,,,,,
pfp_bloom_filter_add_unique_size_u32,0,NVIDIA H200,I64,U32,32,1,2,4,1000000000,64,Yes,,,,,,,,
pfp_bloom_filter_add_unique_size_u32,0,NVIDIA H200,I64,U32,32,1,2,4,1000000000,128,Yes,,,,,,,,
pfp_bloom_filter_add_unique_size_u32,0,NVIDIA H200,I64,U32,32,1,2,4,1000000000,256,Yes,,,,,,,,
pfp_bloom_filter_add_unique_size_u32,0,NVIDIA H200,I64,U32,32,1,2,4,1000000000,512,Yes,,,,,,,,
pfp_bloom_filter_add_unique_size_u32,0,NVIDIA H200,I64,U32,32,1,2,4,1000000000,1024,Yes,,,,,,,,
pfp_bloom_filter_add_unique_size_u32,0,NVIDIA H200,I64,U32,32,1,2,4,1000000000,2048,Yes,,,,,,,,
pfp_bloom_filter_add_unique_size_u32,0,NVIDIA H200,I64,U32,32,1,2,8,1000000000,1,Yes,,,,,,,,
pfp_bloom_filter_add_unique_size_u32,0,NVIDIA H200,I64,U32,32,1,2,8,1000000000,2,Yes,,,,,,,,
pfp_bloom_filter_add_unique_size_u32,0,NVIDIA H200,I64,U32,32,1,2,8,1000000000,4,Yes,,,,,,,,
pfp_bloom_filter_add_unique_size_u32,0,NVIDIA H200,I64,U32,32,1,2,8,1000000000,8,Yes,,,,,,,,
pfp_bloom_filter_add_unique_size_u32,0,NVIDIA H200,I64,U32,32,1,2,8,1000000000,16,Yes,,,,,,,,
pfp_bloom_filter_add_unique_size_u32,0,NVIDIA H200,I64,U32,32,1,2,8,1000000000,32,Yes,,,,,,,,
pfp_bloom_filter_add_unique_size_u32,0,NVIDIA H200,I64,U32,32,1,2,8,1000000000,64,Yes,,,,,,,,
pfp_bloom_filter_add_unique_size_u32,0,NVIDIA H200,I64,U32,32,1,2,8,1000000000,128,Yes,,,,,,,,
pfp_bloom_filter_add_unique_size_u32,0,NVIDIA H200,I64,U32,32,1,2,8,1000000000,256,Yes,,,,,,,,
pfp_bloom_filter_add_unique_size_u32,0,NVIDIA H200,I64,U32,32,1,2,8,1000000000,512,Yes,,,,,,,,
pfp_bloom_filter_add_unique_size_u32,0,NVIDIA H200,I64,U32,32,1,2,8,1000000000,1024,Yes,,,,,,,,
pfp_bloom_filter_add_unique_size_u32,0,NVIDIA H200,I64,U32,32,1,2,8,1000000000,2048,Yes,,,,,,,,
pfp_bloom_filter_add_unique_size_u32,0,NVIDIA H200,I64,U32,32,1,4,1,1000000000,1,Yes,,,,,,,,
pfp_bloom_filter_add_unique_size_u32,0,NVIDIA H200,I64,U32,32,1,4,1,1000000000,2,Yes,,,,,,,,
pfp_bloom_filter_add_unique_size_u32,0,NVIDIA H200,I64,U32,32,1,4,1,1000000000,4,Yes,,,,,,,,
pfp_bloom_filter_add_unique_size_u32,0,NVIDIA H200,I64,U32,32,1,4,1,1000000000,8,Yes,,,,,,,,
pfp_bloom_filter_add_unique_size_u32,0,NVIDIA H200,I64,U32,32,1,4,1,1000000000,16,Yes,,,,,,,,
pfp_bloom_filter_add_unique_size_u32,0,NVIDIA H200,I64,U32,32,1,4,1,1000000000,32,Yes,,,,,,,,
pfp_bloom_filter_add_unique_size_u32,0,NVIDIA H200,I64,U32,32,1,4,1,1000000000,64,Yes,,,,,,,,
pfp_bloom_filter_add_unique_size_u32,0,NVIDIA H200,I64,U32,32,1,4,1,1000000000,128,Yes,,,,,,,,
pfp_bloom_filter_add_unique_size_u32,0,NVIDIA H200,I64,U32,32,1,4,1,1000000000,256,Yes,,,,,,,,
pfp_bloom_filter_add_unique_size_u32,0,NVIDIA H200,I64,U32,32,1,4,1,1000000000,512,Yes,,,,,,,,
pfp_bloom_filter_add_unique_size_u32,0,NVIDIA H200,I64,U32,32,1,4,1,1000000000,1024,Yes,,,,,,,,
pfp_bloom_filter_add_unique_size_u32,0,NVIDIA H200,I64,U32,32,1,4,1,1000000000,2048,Yes,,,,,,,,
pfp_bloom_filter_add_unique_size_u32,0,NVIDIA H200,I64,U32,32,1,4,2,1000000000,1,Yes,,,,,,,,
pfp_bloom_filter_add_unique_size_u32,0,NVIDIA H200,I64,U32,32,1,4,2,1000000000,2,Yes,,,,,,,,
pfp_bloom_filter_add_unique_size_u32,0,NVIDIA H200,I64,U32,32,1,4,2,1000000000,4,Yes,,,,,,,,
pfp_bloom_filter_add_unique_size_u32,0,NVIDIA H200,I64,U32,32,1,4,2,1000000000,8,Yes,,,,,,,,
pfp_bloom_filter_add_unique_size_u32,0,NVIDIA H200,I64,U32,32,1,4,2,1000000000,16,Yes,,,,,,,,
pfp_bloom_filter_add_unique_size_u32,0,NVIDIA H200,I64,U32,32,1,4,2,1000000000,32,Yes,,,,,,,,
pfp_bloom_filter_add_unique_size_u32,0,NVIDIA H200,I64,U32,32,1,4,2,1000000000,64,Yes,,,,,,,,
pfp_bloom_filter_add_unique_size_u32,0,NVIDIA H200,I64,U32,32,1,4,2,1000000000,128,Yes,,,,,,,,
pfp_bloom_filter_add_unique_size_u32,0,NVIDIA H200,I64,U32,32,1,4,2,1000000000,256,Yes,,,,,,,,
pfp_bloom_filter_add_unique_size_u32,0,NVIDIA H200,I64,U32,32,1,4,2,1000000000,512,Yes,,,,,,,,
pfp_bloom_filter_add_unique_size_u32,0,NVIDIA H200,I64,U32,32,1,4,2,1000000000,1024,Yes,,,,,,,,
pfp_bloom_filter_add_unique_size_u32,0,NVIDIA H200,I64,U32,32,1,4,2,1000000000,2048,Yes,,,,,,,,
pfp_bloom_filter_add_unique_size_u32,0,NVIDIA H200,I64,U32,32,1,4,4,1000000000,1,Yes,,,,,,,,
pfp_bloom_filter_add_unique_size_u32,0,NVIDIA H200,I64,U32,32,1,4,4,1000000000,2,Yes,,,,,,,,
pfp_bloom_filter_add_unique_size_u32,0,NVIDIA H200,I64,U32,32,1,4,4,1000000000,4,Yes,,,,,,,,
pfp_bloom_filter_add_unique_size_u32,0,NVIDIA H200,I64,U32,32,1,4,4,1000000000,8,Yes,,,,,,,,
pfp_bloom_filter_add_unique_size_u32,0,NVIDIA H200,I64,U32,32,1,4,4,1000000000,16,Yes,,,,,,,,
pfp_bloom_filter_add_unique_size_u32,0,NVIDIA H200,I64,U32,32,1,4,4,1000000000,32,Yes,,,,,,,,
pfp_bloom_filter_add_unique_size_u32,0,NVIDIA H200,I64,U32,32,1,4,4,1000000000,64,Yes,,,,,,,,
pfp_bloom_filter_add_unique_size_u32,0,NVIDIA H200,I64,U32,32,1,4,4,1000000000,128,Yes,,,,,,,,
pfp_bloom_filter_add_unique_size_u32,0,NVIDIA H200,I64,U32,32,1,4,4,1000000000,256,Yes,,,,,,,,
pfp_bloom_filter_add_unique_size_u32,0,NVIDIA H200,I64,U32,32,1,4,4,1000000000,512,Yes,,,,,,,,
pfp_bloom_filter_add_unique_size_u32,0,NVIDIA H200,I64,U32,32,1,4,4,1000000000,1024,Yes,,,,,,,,
pfp_bloom_filter_add_unique_size_u32,0,NVIDIA H200,I64,U32,32,1,4,4,1000000000,2048,Yes,,,,,,,,
pfp_bloom_filter_add_unique_size_u32,0,NVIDIA H200,I64,U32,32,1,4,8,1000000000,1,Yes,,,,,,,,
pfp_bloom_filter_add_unique_size_u32,0,NVIDIA H200,I64,U32,32,1,4,8,1000000000,2,Yes,,,,,,,,
pfp_bloom_filter_add_unique_size_u32,0,NVIDIA H200,I64,U32,32,1,4,8,1000000000,4,Yes,,,,,,,,
pfp_bloom_filter_add_unique_size_u32,0,NVIDIA H200,I64,U32,32,1,4,8,1000000000,8,Yes,,,,,,,,
pfp_bloom_filter_add_unique_size_u32,0,NVIDIA H200,I64,U32,32,1,4,8,1000000000,16,Yes,,,,,,,,
pfp_bloom_filter_add_unique_size_u32,0,NVIDIA H200,I64,U32,32,1,4,8,1000000000,32,Yes,,,,,,,,
pfp_bloom_filter_add_unique_size_u32,0,NVIDIA H200,I64,U32,32,1,4,8,1000000000,64,Yes,,,,,,,,
pfp_bloom_filter_add_unique_size_u32,0,NVIDIA H200,I64,U32,32,1,4,8,1000000000,128,Yes,,,,,,,,
pfp_bloom_filter_add_unique_size_u32,0,NVIDIA H200,I64,U32,32,1,4,8,1000000000,256,Yes,,,,,,,,
pfp_bloom_filter_add_unique_size_u32,0,NVIDIA H200,I64,U32,32,1,4,8,1000000000,512,Yes,,,,,,,,
pfp_bloom_filter_add_unique_size_u32,0,NVIDIA H200,I64,U32,32,1,4,8,1000000000,1024,Yes,,,,,,,,
pfp_bloom_filter_add_unique_size_u32,0,NVIDIA H200,I64,U32,32,1,4,8,1000000000,2048,Yes,,,,,,,,
pfp_bloom_filter_add_unique_size_u32,0,NVIDIA H200,I64,U32,32,1,8,1,1000000000,1,Yes,,,,,,,,
pfp_bloom_filter_add_unique_size_u32,0,NVIDIA H200,I64,U32,32,1,8,1,1000000000,2,Yes,,,,,,,,
pfp_bloom_filter_add_unique_size_u32,0,NVIDIA H200,I64,U32,32,1,8,1,1000000000,4,Yes,,,,,,,,
pfp_bloom_filter_add_unique_size_u32,0,NVIDIA H200,I64,U32,32,1,8,1,1000000000,8,Yes,,,,,,,,
pfp_bloom_filter_add_unique_size_u32,0,NVIDIA H200,I64,U32,32,1,8,1,1000000000,16,Yes,,,,,,,,
pfp_bloom_filter_add_unique_size_u32,0,NVIDIA H200,I64,U32,32,1,8,1,1000000000,32,Yes,,,,,,,,
pfp_bloom_filter_add_unique_size_u32,0,NVIDIA H200,I64,U32,32,1,8,1,1000000000,64,Yes,,,,,,,,
pfp_bloom_filter_add_unique_size_u32,0,NVIDIA H200,I64,U32,32,1,8,1,1000000000,128,Yes,,,,,,,,
pfp_bloom_filter_add_unique_size_u32,0,NVIDIA H200,I64,U32,32,1,8,1,1000000000,256,Yes,,,,,,,,
pfp_bloom_filter_add_unique_size_u32,0,NVIDIA H200,I64,U32,32,1,8,1,1000000000,512,Yes,,,,,,,,
pfp_bloom_filter_add_unique_size_u32,0,NVIDIA H200,I64,U32,32,1,8,1,1000000000,1024,Yes,,,,,,,,
pfp_bloom_filter_add_unique_size_u32,0,NVIDIA H200,I64,U32,32,1,8,1,1000000000,2048,Yes,,,,,,,,
pfp_bloom_filter_add_unique_size_u32,0,NVIDIA H200,I64,U32,32,1,8,2,1000000000,1,Yes,,,,,,,,
pfp_bloom_filter_add_unique_size_u32,0,NVIDIA H200,I64,U32,32,1,8,2,1000000000,2,Yes,,,,,,,,
pfp_bloom_filter_add_unique_size_u32,0,NVIDIA H200,I64,U32,32,1,8,2,1000000000,4,Yes,,,,,,,,
pfp_bloom_filter_add_unique_size_u32,0,NVIDIA H200,I64,U32,32,1,8,2,1000000000,8,Yes,,,,,,,,
pfp_bloom_filter_add_unique_size_u32,0,NVIDIA H200,I64,U32,32,1,8,2,1000000000,16,Yes,,,,,,,,
pfp_bloom_filter_add_unique_size_u32,0,NVIDIA H200,I64,U32,32,1,8,2,1000000000,32,Yes,,,,,,,,
pfp_bloom_filter_add_unique_size_u32,0,NVIDIA H200,I64,U32,32,1,8,2,1000000000,64,Yes,,,,,,,,
pfp_bloom_filter_add_unique_size_u32,0,NVIDIA H200,I64,U32,32,1,8,2,1000000000,128,Yes,,,,,,,,
pfp_bloom_filter_add_unique_size_u32,0,NVIDIA H200,I64,U32,32,1,8,2,1000000000,256,Yes,,,,,,,,
pfp_bloom_filter_add_unique_size_u32,0,NVIDIA H200,I64,U32,32,1,8,2,1000000000,512,Yes,,,,,,,,
pfp_bloom_filter_add_unique_size_u32,0,NVIDIA H200,I64,U32,32,1,8,2,1000000000,1024,Yes,,,,,,,,
pfp_bloom_filter_add_unique_size_u32,0,NVIDIA H200,I64,U32,32,1,8,2,1000000000,2048,Yes,,,,,,,,
pfp_bloom_filter_add_unique_size_u32,0,NVIDIA H200,I64,U32,32,1,8,4,1000000000,1,Yes,,,,,,,,
pfp_bloom_filter_add_unique_size_u32,0,NVIDIA H200,I64,U32,32,1,8,4,1000000000,2,Yes,,,,,,,,
pfp_bloom_filter_add_unique_size_u32,0,NVIDIA H200,I64,U32,32,1,8,4,1000000000,4,Yes,,,,,,,,
pfp_bloom_filter_add_unique_size_u32,0,NVIDIA H200,I64,U32,32,1,8,4,1000000000,8,Yes,,,,,,,,
pfp_bloom_filter_add_unique_size_u32,0,NVIDIA H200,I64,U32,32,1,8,4,1000000000,16,Yes,,,,,,,,
pfp_bloom_filter_add_unique_size_u32,0,NVIDIA H200,I64,U32,32,1,8,4,1000000000,32,Yes,,,,,,,,
pfp_bloom_filter_add_unique_size_u32,0,NVIDIA H200,I64,U32,32,1,8,4,1000000000,64,Yes,,,,,,,,
pfp_bloom_filter_add_unique_size_u32,0,NVIDIA H200,I64,U32,32,1,8,4,1000000000,128,Yes,,,,,,,,
pfp_bloom_filter_add_unique_size_u32,0,NVIDIA H200,I64,U32,32,1,8,4,1000000000,256,Yes,,,,,,,,
pfp_bloom_filter_add_unique_size_u32,0,NVIDIA H200,I64,U32,32,1,8,4,1000000000,512,Yes,,,,,,,,
pfp_bloom_filter_add_unique_size_u32,0,NVIDIA H200,I64,U32,32,1,8,4,1000000000,1024,Yes,,,,,,,,
pfp_bloom_filter_add_unique_size_u32,0,NVIDIA H200,I64,U32,32,1,8,4,1000000000,2048,Yes,,,,,,,,
pfp_bloom_filter_add_unique_size_u32,0,NVIDIA H200,I64,U32,32,1,8,8,1000000000,1,Yes,,,,,,,,
pfp_bloom_filter_add_unique_size_u32,0,NVIDIA H200,I64,U32,32,1,8,8,1000000000,2,Yes,,,,,,,,
pfp_bloom_filter_add_unique_size_u32,0,NVIDIA H200,I64,U32,32,1,8,8,1000000000,4,Yes,,,,,,,,
pfp_bloom_filter_add_unique_size_u32,0,NVIDIA H200,I64,U32,32,1,8,8,1000000000,8,Yes,,,,,,,,
pfp_bloom_filter_add_unique_size_u32,0,NVIDIA H200,I64,U32,32,1,8,8,1000000000,16,Yes,,,,,,,,
pfp_bloom_filter_add_unique_size_u32,0,NVIDIA H200,I64,U32,32,1,8,8,1000000000,32,Yes,,,,,,,,
pfp_bloom_filter_add_unique_size_u32,0,NVIDIA H200,I64,U32,32,1,8,8,1000000000,64,Yes,,,,,,,,
pfp_bloom_filter_add_unique_size_u32,0,NVIDIA H200,I64,U32,32,1,8,8,1000000000,128,Yes,,,,,,,,
pfp_bloom_filter_add_unique_size_u32,0,NVIDIA H200,I64,U32,32,1,8,8,1000000000,256,Yes,,,,,,,,
pfp_bloom_filter_add_unique_size_u32,0,NVIDIA H200,I64,U32,32,1,8,8,1000000000,512,Yes,,,,,,,,
pfp_bloom_filter_add_unique_size_u32,0,NVIDIA H200,I64,U32,32,1,8,8,1000000000,1024,Yes,,,,,,,,
pfp_bloom_filter_add_unique_size_u32,0,NVIDIA H200,I64,U32,32,1,8,8,1000000000,2048,Yes,,,,,,,,
pfp_bloom_filter_add_unique_size_u32,0,NVIDIA H200,I64,U32,32,20,1,1,1000000000,1,No,35,0.014396637942857143,0.0003502709288319414,0.0143834687096732,0.00035173166272497563,69524258729.57042,36,0.014383641560872394
pfp_bloom_filter_add_unique_size_u32,0,NVIDIA H200,I64,U32,32,20,1,1,1000000000,2,No,35,0.014402638914285717,0.0003988498343134008,0.01438923876626151,0.00038185043606939027,69496379637.86542,36,0.014383670383029516
pfp_bloom_filter_add_unique_size_u32,0,NVIDIA H200,I64,U32,32,20,1,1,1000000000,4,No,35,0.014397880228571431,0.0004716386079443684,0.0143844452721732,0.0004692024101848718,69519538715.51143,36,0.014380716959635418
pfp_bloom_filter_add_unique_size_u32,0,NVIDIA H200,I64,U32,32,20,1,1,1000000000,8,No,35,0.014364210885714287,0.00046814947301945244,0.014350723620823451,0.0004280653224312959,69682897282.54271,36,0.014345384385850694
pfp_bloom_filter_add_unique_size_u32,0,NVIDIA H200,I64,U32,32,20,1,1,1000000000,16,No,35,0.014325111028571426,0.0004613649723338251,0.014311887577601835,0.00045120952440539925,69871985409.1786,36,0.014303588867187501
pfp_bloom_filter_add_unique_size_u32,0,NVIDIA H200,I64,U32,32,20,1,1,1000000000,32,No,35,0.014369795942857144,0.00023724597986094772,0.014356428854806083,0.00024485816871081857,69655205351.79828,36,0.014330047607421875
pfp_bloom_filter_add_unique_size_u32,0,NVIDIA H200,I64,U32,32,20,1,1,1000000000,64,No,15,0.034604211333333336,0.00010291610431878152,0.03459071350097656,0.00010136209173824204,28909493294.255642,16,0.03457723426818848
pfp_bloom_filter_add_unique_size_u32,0,NVIDIA H200,I64,U32,32,20,1,1,1000000000,128,No,11,0.04811271354545455,8.260067329732823e-05,0.04809925009987571,7.951107240808626e-05,20790344920.628693,12,0.04809317525227865
pfp_bloom_filter_add_unique_size_u32,0,NVIDIA H200,I64,U32,32,20,1,1,1000000000,256,No,11,0.055640220181818176,7.856070179542643e-05,0.055626615004106,7.738861341328094e-05,17977006149.41582,12,0.05562298552195231
pfp_bloom_filter_add_unique_size_u32,0,NVIDIA H200,I64,U32,32,20,1,1,1000000000,512,No,11,0.05998249354545455,7.001803551500597e-05,0.05996882282603871,7.075420313932354e-05,16675331495.181458,12,0.059962228139241534
pfp_bloom_filter_add_unique_size_u32,0,NVIDIA H200,I64,U32,32,20,1,1,1000000000,1024,No,11,0.06252278372727273,5.4240708951177484e-05,0.06250883518565785,6.3104691851168e-05,15997738512.16223,12,0.06250393549601237
pfp_bloom_filter_add_unique_size_u32,0,NVIDIA H200,I64,U32,32,20,1,1,1000000000,2048,No,11,0.0641484810909091,0.00010406655210362054,0.06413420659845527,9.833700909388597e-05,15592303281.476719,12,0.06412986755371093
pfp_bloom_filter_add_unique_size_u32,0,NVIDIA H200,I64,U32,32,20,1,2,1000000000,1,Yes,,,,,,,,
pfp_bloom_filter_add_unique_size_u32,0,NVIDIA H200,I64,U32,32,20,1,2,1000000000,2,Yes,,,,,,,,
pfp_bloom_filter_add_unique_size_u32,0,NVIDIA H200,I64,U32,32,20,1,2,1000000000,4,Yes,,,,,,,,
pfp_bloom_filter_add_unique_size_u32,0,NVIDIA H200,I64,U32,32,20,1,2,1000000000,8,Yes,,,,,,,,
pfp_bloom_filter_add_unique_size_u32,0,NVIDIA H200,I64,U32,32,20,1,2,1000000000,16,Yes,,,,,,,,
pfp_bloom_filter_add_unique_size_u32,0,NVIDIA H200,I64,U32,32,20,1,2,1000000000,32,Yes,,,,,,,,
pfp_bloom_filter_add_unique_size_u32,0,NVIDIA H200,I64,U32,32,20,1,2,1000000000,64,Yes,,,,,,,,
pfp_bloom_filter_add_unique_size_u32,0,NVIDIA H200,I64,U32,32,20,1,2,1000000000,128,Yes,,,,,,,,
pfp_bloom_filter_add_unique_size_u32,0,NVIDIA H200,I64,U32,32,20,1,2,1000000000,256,Yes,,,,,,,,
pfp_bloom_filter_add_unique_size_u32,0,NVIDIA H200,I64,U32,32,20,1,2,1000000000,512,Yes,,,,,,,,
pfp_bloom_filter_add_unique_size_u32,0,NVIDIA H200,I64,U32,32,20,1,2,1000000000,1024,Yes,,,,,,,,
pfp_bloom_filter_add_unique_size_u32,0,NVIDIA H200,I64,U32,32,20,1,2,1000000000,2048,Yes,,,,,,,,
pfp_bloom_filter_add_unique_size_u32,0,NVIDIA H200,I64,U32,32,20,1,4,1000000000,1,Yes,,,,,,,,
pfp_bloom_filter_add_unique_size_u32,0,NVIDIA H200,I64,U32,32,20,1,4,1000000000,2,Yes,,,,,,,,
pfp_bloom_filter_add_unique_size_u32,0,NVIDIA H200,I64,U32,32,20,1,4,1000000000,4,Yes,,,,,,,,
pfp_bloom_filter_add_unique_size_u32,0,NVIDIA H200,I64,U32,32,20,1,4,1000000000,8,Yes,,,,,,,,
pfp_bloom_filter_add_unique_size_u32,0,NVIDIA H200,I64,U32,32,20,1,4,1000000000,16,Yes,,,,,,,,
pfp_bloom_filter_add_unique_size_u32,0,NVIDIA H200,I64,U32,32,20,1,4,1000000000,32,Yes,,,,,,,,
pfp_bloom_filter_add_unique_size_u32,0,NVIDIA H200,I64,U32,32,20,1,4,1000000000,64,Yes,,,,,,,,
pfp_bloom_filter_add_unique_size_u32,0,NVIDIA H200,I64,U32,32,20,1,4,1000000000,128,Yes,,,,,,,,
pfp_bloom_filter_add_unique_size_u32,0,NVIDIA H200,I64,U32,32,20,1,4,1000000000,256,Yes,,,,,,,,
pfp_bloom_filter_add_unique_size_u32,0,NVIDIA H200,I64,U32,32,20,1,4,1000000000,512,Yes,,,,,,,,
pfp_bloom_filter_add_unique_size_u32,0,NVIDIA H200,I64,U32,32,20,1,4,1000000000,1024,Yes,,,,,,,,
pfp_bloom_filter_add_unique_size_u32,0,NVIDIA H200,I64,U32,32,20,1,4,1000000000,2048,Yes,,,,,,,,
pfp_bloom_filter_add_unique_size_u32,0,NVIDIA H200,I64,U32,32,20,1,8,1000000000,1,Yes,,,,,,,,
pfp_bloom_filter_add_unique_size_u32,0,NVIDIA H200,I64,U32,32,20,1,8,1000000000,2,Yes,,,,,,,,
pfp_bloom_filter_add_unique_size_u32,0,NVIDIA H200,I64,U32,32,20,1,8,1000000000,4,Yes,,,,,,,,
pfp_bloom_filter_add_unique_size_u32,0,NVIDIA H200,I64,U32,32,20,1,8,1000000000,8,Yes,,,,,,,,
pfp_bloom_filter_add_unique_size_u32,0,NVIDIA H200,I64,U32,32,20,1,8,1000000000,16,Yes,,,,,,,,
pfp_bloom_filter_add_unique_size_u32,0,NVIDIA H200,I64,U32,32,20,1,8,1000000000,32,Yes,,,,,,,,
pfp_bloom_filter_add_unique_size_u32,0,NVIDIA H200,I64,U32,32,20,1,8,1000000000,64,Yes,,,,,,,,
pfp_bloom_filter_add_unique_size_u32,0,NVIDIA H200,I64,U32,32,20,1,8,1000000000,128,Yes,,,,,,,,
pfp_bloom_filter_add_unique_size_u32,0,NVIDIA H200,I64,U32,32,20,1,8,1000000000,256,Yes,,,,,,,,
pfp_bloom_filter_add_unique_size_u32,0,NVIDIA H200,I64,U32,32,20,1,8,1000000000,512,Yes,,,,,,,,
pfp_bloom_filter_add_unique_size_u32,0,NVIDIA H200,I64,U32,32,20,1,8,1000000000,1024,Yes,,,,,,,,
pfp_bloom_filter_add_unique_size_u32,0,NVIDIA H200,I64,U32,32,20,1,8,1000000000,2048,Yes,,,,,,,,
pfp_bloom_filter_add_unique_size_u32,0,NVIDIA H200,I64,U32,32,20,2,1,1000000000,1,Yes,,,,,,,,
pfp_bloom_filter_add_unique_size_u32,0,NVIDIA H200,I64,U32,32,20,2,1,1000000000,2,Yes,,,,,,,,
pfp_bloom_filter_add_unique_size_u32,0,NVIDIA H200,I64,U32,32,20,2,1,1000000000,4,Yes,,,,,,,,
pfp_bloom_filter_add_unique_size_u32,0,NVIDIA H200,I64,U32,32,20,2,1,1000000000,8,Yes,,,,,,,,
pfp_bloom_filter_add_unique_size_u32,0,NVIDIA H200,I64,U32,32,20,2,1,1000000000,16,Yes,,,,,,,,
pfp_bloom_filter_add_unique_size_u32,0,NVIDIA H200,I64,U32,32,20,2,1,1000000000,32,Yes,,,,,,,,
pfp_bloom_filter_add_unique_size_u32,0,NVIDIA H200,I64,U32,32,20,2,1,1000000000,64,Yes,,,,,,,,
pfp_bloom_filter_add_unique_size_u32,0,NVIDIA H200,I64,U32,32,20,2,1,1000000000,128,Yes,,,,,,,,
pfp_bloom_filter_add_unique_size_u32,0,NVIDIA H200,I64,U32,32,20,2,1,1000000000,256,Yes,,,,,,,,
pfp_bloom_filter_add_unique_size_u32,0,NVIDIA H200,I64,U32,32,20,2,1,1000000000,512,Yes,,,,,,,,
pfp_bloom_filter_add_unique_size_u32,0,NVIDIA H200,I64,U32,32,20,2,1,1000000000,1024,Yes,,,,,,,,
pfp_bloom_filter_add_unique_size_u32,0,NVIDIA H200,I64,U32,32,20,2,1,1000000000,2048,Yes,,,,,,,,
pfp_bloom_filter_add_unique_size_u32,0,NVIDIA H200,I64,U32,32,20,2,2,1000000000,1,Yes,,,,,,,,
pfp_bloom_filter_add_unique_size_u32,0,NVIDIA H200,I64,U32,32,20,2,2,1000000000,2,Yes,,,,,,,,
pfp_bloom_filter_add_unique_size_u32,0,NVIDIA H200,I64,U32,32,20,2,2,1000000000,4,Yes,,,,,,,,
pfp_bloom_filter_add_unique_size_u32,0,NVIDIA H200,I64,U32,32,20,2,2,1000000000,8,Yes,,,,,,,,
pfp_bloom_filter_add_unique_size_u32,0,NVIDIA H200,I64,U32,32,20,2,2,1000000000,16,Yes,,,,,,,,
pfp_bloom_filter_add_unique_size_u32,0,NVIDIA H200,I64,U32,32,20,2,2,1000000000,32,Yes,,,,,,,,
pfp_bloom_filter_add_unique_size_u32,0,NVIDIA H200,I64,U32,32,20,2,2,1000000000,64,Yes,,,,,,,,
pfp_bloom_filter_add_unique_size_u32,0,NVIDIA H200,I64,U32,32,20,2,2,1000000000,128,Yes,,,,,,,,
pfp_bloom_filter_add_unique_size_u32,0,NVIDIA H200,I64,U32,32,20,2,2,1000000000,256,Yes,,,,,,,,
pfp_bloom_filter_add_unique_size_u32,0,NVIDIA H200,I64,U32,32,20,2,2,1000000000,512,Yes,,,,,,,,
pfp_bloom_filter_add_unique_size_u32,0,NVIDIA H200,I64,U32,32,20,2,2,1000000000,1024,Yes,,,,,,,,
pfp_bloom_filter_add_unique_size_u32,0,NVIDIA H200,I64,U32,32,20,2,2,1000000000,2048,Yes,,,,,,,,
pfp_bloom_filter_add_unique_size_u32,0,NVIDIA H200,I64,U32,32,20,2,4,1000000000,1,Yes,,,,,,,,
pfp_bloom_filter_add_unique_size_u32,0,NVIDIA H200,I64,U32,32,20,2,4,1000000000,2,Yes,,,,,,,,
pfp_bloom_filter_add_unique_size_u32,0,NVIDIA H200,I64,U32,32,20,2,4,1000000000,4,Yes,,,,,,,,
pfp_bloom_filter_add_unique_size_u32,0,NVIDIA H200,I64,U32,32,20,2,4,1000000000,8,Yes,,,,,,,,
pfp_bloom_filter_add_unique_size_u32,0,NVIDIA H200,I64,U32,32,20,2,4,1000000000,16,Yes,,,,,,,,
pfp_bloom_filter_add_unique_size_u32,0,NVIDIA H200,I64,U32,32,20,2,4,1000000000,32,Yes,,,,,,,,
pfp_bloom_filter_add_unique_size_u32,0,NVIDIA H200,I64,U32,32,20,2,4,1000000000,64,Yes,,,,,,,,
pfp_bloom_filter_add_unique_size_u32,0,NVIDIA H200,I64,U32,32,20,2,4,1000000000,128,Yes,,,,,,,,
pfp_bloom_filter_add_unique_size_u32,0,NVIDIA H200,I64,U32,32,20,2,4,1000000000,256,Yes,,,,,,,,
pfp_bloom_filter_add_unique_size_u32,0,NVIDIA H200,I64,U32,32,20,2,4,1000000000,512,Yes,,,,,,,,
pfp_bloom_filter_add_unique_size_u32,0,NVIDIA H200,I64,U32,32,20,2,4,1000000000,1024,Yes,,,,,,,,
pfp_bloom_filter_add_unique_size_u32,0,NVIDIA H200,I64,U32,32,20,2,4,1000000000,2048,Yes,,,,,,,,
pfp_bloom_filter_add_unique_size_u32,0,NVIDIA H200,I64,U32,32,20,2,8,1000000000,1,Yes,,,,,,,,
pfp_bloom_filter_add_unique_size_u32,0,NVIDIA H200,I64,U32,32,20,2,8,1000000000,2,Yes,,,,,,,,
pfp_bloom_filter_add_unique_size_u32,0,NVIDIA H200,I64,U32,32,20,2,8,1000000000,4,Yes,,,,,,,,
pfp_bloom_filter_add_unique_size_u32,0,NVIDIA H200,I64,U32,32,20,2,8,1000000000,8,Yes,,,,,,,,
pfp_bloom_filter_add_unique_size_u32,0,NVIDIA H200,I64,U32,32,20,2,8,1000000000,16,Yes,,,,,,,,
pfp_bloom_filter_add_unique_size_u32,0,NVIDIA H200,I64,U32,32,20,2,8,1000000000,32,Yes,,,,,,,,
pfp_bloom_filter_add_unique_size_u32,0,NVIDIA H200,I64,U32,32,20,2,8,1000000000,64,Yes,,,,,,,,
pfp_bloom_filter_add_unique_size_u32,0,NVIDIA H200,I64,U32,32,20,2,8,1000000000,128,Yes,,,,,,,,
pfp_bloom_filter_add_unique_size_u32,0,NVIDIA H200,I64,U32,32,20,2,8,1000000000,256,Yes,,,,,,,,
pfp_bloom_filter_add_unique_size_u32,0,NVIDIA H200,I64,U32,32,20,2,8,1000000000,512,Yes,,,,,,,,
pfp_bloom_filter_add_unique_size_u32,0,NVIDIA H200,I64,U32,32,20,2,8,1000000000,1024,Yes,,,,,,,,
pfp_bloom_filter_add_unique_size_u32,0,NVIDIA H200,I64,U32,32,20,2,8,1000000000,2048,Yes,,,,,,,,
pfp_bloom_filter_add_unique_size_u32,0,NVIDIA H200,I64,U32,32,20,4,1,1000000000,1,Yes,,,,,,,,
pfp_bloom_filter_add_unique_size_u32,0,NVIDIA H200,I64,U32,32,20,4,1,1000000000,2,Yes,,,,,,,,
pfp_bloom_filter_add_unique_size_u32,0,NVIDIA H200,I64,U32,32,20,4,1,1000000000,4,Yes,,,,,,,,
pfp_bloom_filter_add_unique_size_u32,0,NVIDIA H200,I64,U32,32,20,4,1,1000000000,8,Yes,,,,,,,,
pfp_bloom_filter_add_unique_size_u32,0,NVIDIA H200,I64,U32,32,20,4,1,1000000000,16,Yes,,,,,,,,
pfp_bloom_filter_add_unique_size_u32,0,NVIDIA H200,I64,U32,32,20,4,1,1000000000,32,Yes,,,,,,,,
pfp_bloom_filter_add_unique_size_u32,0,NVIDIA H200,I64,U32,32,20,4,1,1000000000,64,Yes,,,,,,,,
pfp_bloom_filter_add_unique_size_u32,0,NVIDIA H200,I64,U32,32,20,4,1,1000000000,128,Yes,,,,,,,,
pfp_bloom_filter_add_unique_size_u32,0,NVIDIA H200,I64,U32,32,20,4,1,1000000000,256,Yes,,,,,,,,
pfp_bloom_filter_add_unique_size_u32,0,NVIDIA H200,I64,U32,32,20,4,1,1000000000,512,Yes,,,,,,,,
pfp_bloom_filter_add_unique_size_u32,0,NVIDIA H200,I64,U32,32,20,4,1,1000000000,1024,Yes,,,,,,,,
pfp_bloom_filter_add_unique_size_u32,0,NVIDIA H200,I64,U32,32,20,4,1,1000000000,2048,Yes,,,,,,,,
pfp_bloom_filter_add_unique_size_u32,0,NVIDIA H200,I64,U32,32,20,4,2,1000000000,1,Yes,,,,,,,,
pfp_bloom_filter_add_unique_size_u32,0,NVIDIA H200,I64,U32,32,20,4,2,1000000000,2,Yes,,,,,,,,
pfp_bloom_filter_add_unique_size_u32,0,NVIDIA H200,I64,U32,32,20,4,2,1000000000,4,Yes,,,,,,,,
pfp_bloom_filter_add_unique_size_u32,0,NVIDIA H200,I64,U32,32,20,4,2,1000000000,8,Yes,,,,,,,,
pfp_bloom_filter_add_unique_size_u32,0,NVIDIA H200,I64,U32,32,20,4,2,1000000000,16,Yes,,,,,,,,
pfp_bloom_filter_add_unique_size_u32,0,NVIDIA H200,I64,U32,32,20,4,2,1000000000,32,Yes,,,,,,,,
pfp_bloom_filter_add_unique_size_u32,0,NVIDIA H200,I64,U32,32,20,4,2,1000000000,64,Yes,,,,,,,,
pfp_bloom_filter_add_unique_size_u32,0,NVIDIA H200,I64,U32,32,20,4,2,1000000000,128,Yes,,,,,,,,
pfp_bloom_filter_add_unique_size_u32,0,NVIDIA H200,I64,U32,32,20,4,2,1000000000,256,Yes,,,,,,,,
pfp_bloom_filter_add_unique_size_u32,0,NVIDIA H200,I64,U32,32,20,4,2,1000000000,512,Yes,,,,,,,,
pfp_bloom_filter_add_unique_size_u32,0,NVIDIA H200,I64,U32,32,20,4,2,1000000000,1024,Yes,,,,,,,,
pfp_bloom_filter_add_unique_size_u32,0,NVIDIA H200,I64,U32,32,20,4,2,1000000000,2048,Yes,,,,,,,,
pfp_bloom_filter_add_unique_size_u32,0,NVIDIA H200,I64,U32,32,20,4,4,1000000000,1,Yes,,,,,,,,
pfp_bloom_filter_add_unique_size_u32,0,NVIDIA H200,I64,U32,32,20,4,4,1000000000,2,Yes,,,,,,,,
pfp_bloom_filter_add_unique_size_u32,0,NVIDIA H200,I64,U32,32,20,4,4,1000000000,4,Yes,,,,,,,,
pfp_bloom_filter_add_unique_size_u32,0,NVIDIA H200,I64,U32,32,20,4,4,1000000000,8,Yes,,,,,,,,
pfp_bloom_filter_add_unique_size_u32,0,NVIDIA H200,I64,U32,32,20,4,4,1000000000,16,Yes,,,,,,,,
pfp_bloom_filter_add_unique_size_u32,0,NVIDIA H200,I64,U32,32,20,4,4,1000000000,32,Yes,,,,,,,,
pfp_bloom_filter_add_unique_size_u32,0,NVIDIA H200,I64,U32,32,20,4,4,1000000000,64,Yes,,,,,,,,
pfp_bloom_filter_add_unique_size_u32,0,NVIDIA H200,I64,U32,32,20,4,4,1000000000,128,Yes,,,,,,,,
pfp_bloom_filter_add_unique_size_u32,0,NVIDIA H200,I64,U32,32,20,4,4,1000000000,256,Yes,,,,,,,,
pfp_bloom_filter_add_unique_size_u32,0,NVIDIA H200,I64,U32,32,20,4,4,1000000000,512,Yes,,,,,,,,
pfp_bloom_filter_add_unique_size_u32,0,NVIDIA H200,I64,U32,32,20,4,4,1000000000,1024,Yes,,,,,,,,
pfp_bloom_filter_add_unique_size_u32,0,NVIDIA H200,I64,U32,32,20,4,4,1000000000,2048,Yes,,,,,,,,
pfp_bloom_filter_add_unique_size_u32,0,NVIDIA H200,I64,U32,32,20,4,8,1000000000,1,Yes,,,,,,,,
pfp_bloom_filter_add_unique_size_u32,0,NVIDIA H200,I64,U32,32,20,4,8,1000000000,2,Yes,,,,,,,,
pfp_bloom_filter_add_unique_size_u32,0,NVIDIA H200,I64,U32,32,20,4,8,1000000000,4,Yes,,,,,,,,
pfp_bloom_filter_add_unique_size_u32,0,NVIDIA H200,I64,U32,32,20,4,8,1000000000,8,Yes,,,,,,,,
pfp_bloom_filter_add_unique_size_u32,0,NVIDIA H200,I64,U32,32,20,4,8,1000000000,16,Yes,,,,,,,,
pfp_bloom_filter_add_unique_size_u32,0,NVIDIA H200,I64,U32,32,20,4,8,1000000000,32,Yes,,,,,,,,
pfp_bloom_filter_add_unique_size_u32,0,NVIDIA H200,I64,U32,32,20,4,8,1000000000,64,Yes,,,,,,,,
pfp_bloom_filter_add_unique_size_u32,0,NVIDIA H200,I64,U32,32,20,4,8,1000000000,128,Yes,,,,,,,,
pfp_bloom_filter_add_unique_size_u32,0,NVIDIA H200,I64,U32,32,20,4,8,1000000000,256,Yes,,,,,,,,
pfp_bloom_filter_add_unique_size_u32,0,NVIDIA H200,I64,U32,32,20,4,8,1000000000,512,Yes,,,,,,,,
pfp_bloom_filter_add_unique_size_u32,0,NVIDIA H200,I64,U32,32,20,4,8,1000000000,1024,Yes,,,,,,,,
pfp_bloom_filter_add_unique_size_u32,0,NVIDIA H200,I64,U32,32,20,4,8,1000000000,2048,Yes,,,,,,,,
pfp_bloom_filter_add_unique_size_u32,0,NVIDIA H200,I64,U32,32,20,8,1,1000000000,1,Yes,,,,,,,,
pfp_bloom_filter_add_unique_size_u32,0,NVIDIA H200,I64,U32,32,20,8,1,1000000000,2,Yes,,,,,,,,
pfp_bloom_filter_add_unique_size_u32,0,NVIDIA H200,I64,U32,32,20,8,1,1000000000,4,Yes,,,,,,,,
pfp_bloom_filter_add_unique_size_u32,0,NVIDIA H200,I64,U32,32,20,8,1,1000000000,8,Yes,,,,,,,,
pfp_bloom_filter_add_unique_size_u32,0,NVIDIA H200,I64,U32,32,20,8,1,1000000000,16,Yes,,,,,,,,
pfp_bloom_filter_add_unique_size_u32,0,NVIDIA H200,I64,U32,32,20,8,1,1000000000,32,Yes,,,,,,,,
pfp_bloom_filter_add_unique_size_u32,0,NVIDIA H200,I64,U32,32,20,8,1,1000000000,64,Yes,,,,,,,,
pfp_bloom_filter_add_unique_size_u32,0,NVIDIA H200,I64,U32,32,20,8,1,1000000000,128,Yes,,,,,,,,
pfp_bloom_filter_add_unique_size_u32,0,NVIDIA H200,I64,U32,32,20,8,1,1000000000,256,Yes,,,,,,,,
pfp_bloom_filter_add_unique_size_u32,0,NVIDIA H200,I64,U32,32,20,8,1,1000000000,512,Yes,,,,,,,,
pfp_bloom_filter_add_unique_size_u32,0,NVIDIA H200,I64,U32,32,20,8,1,1000000000,1024,Yes,,,,,,,,
pfp_bloom_filter_add_unique_size_u32,0,NVIDIA H200,I64,U32,32,20,8,1,1000000000,2048,Yes,,,,,,,,
pfp_bloom_filter_add_unique_size_u32,0,NVIDIA H200,I64,U32,32,20,8,2,1000000000,1,Yes,,,,,,,,
pfp_bloom_filter_add_unique_size_u32,0,NVIDIA H200,I64,U32,32,20,8,2,1000000000,2,Yes,,,,,,,,
pfp_bloom_filter_add_unique_size_u32,0,NVIDIA H200,I64,U32,32,20,8,2,1000000000,4,Yes,,,,,,,,
pfp_bloom_filter_add_unique_size_u32,0,NVIDIA H200,I64,U32,32,20,8,2,1000000000,8,Yes,,,,,,,,
pfp_bloom_filter_add_unique_size_u32,0,NVIDIA H200,I64,U32,32,20,8,2,1000000000,16,Yes,,,,,,,,
pfp_bloom_filter_add_unique_size_u32,0,NVIDIA H200,I64,U32,32,20,8,2,1000000000,32,Yes,,,,,,,,
pfp_bloom_filter_add_unique_size_u32,0,NVIDIA H200,I64,U32,32,20,8,2,1000000000,64,Yes,,,,,,,,
pfp_bloom_filter_add_unique_size_u32,0,NVIDIA H200,I64,U32,32,20,8,2,1000000000,128,Yes,,,,,,,,
pfp_bloom_filter_add_unique_size_u32,0,NVIDIA H200,I64,U32,32,20,8,2,1000000000,256,Yes,,,,,,,,
pfp_bloom_filter_add_unique_size_u32,0,NVIDIA H200,I64,U32,32,20,8,2,1000000000,512,Yes,,,,,,,,
pfp_bloom_filter_add_unique_size_u32,0,NVIDIA H200,I64,U32,32,20,8,2,1000000000,1024,Yes,,,,,,,,
pfp_bloom_filter_add_unique_size_u32,0,NVIDIA H200,I64,U32,32,20,8,2,1000000000,2048,Yes,,,,,,,,
pfp_bloom_filter_add_unique_size_u32,0,NVIDIA H200,I64,U32,32,20,8,4,1000000000,1,Yes,,,,,,,,
pfp_bloom_filter_add_unique_size_u32,0,NVIDIA H200,I64,U32,32,20,8,4,1000000000,2,Yes,,,,,,,,
pfp_bloom_filter_add_unique_size_u32,0,NVIDIA H200,I64,U32,32,20,8,4,1000000000,4,Yes,,,,,,,,
pfp_bloom_filter_add_unique_size_u32,0,NVIDIA H200,I64,U32,32,20,8,4,1000000000,8,Yes,,,,,,,,
pfp_bloom_filter_add_unique_size_u32,0,NVIDIA H200,I64,U32,32,20,8,4,1000000000,16,Yes,,,,,,,,
pfp_bloom_filter_add_unique_size_u32,0,NVIDIA H200,I64,U32,32,20,8,4,1000000000,32,Yes,,,,,,,,
pfp_bloom_filter_add_unique_size_u32,0,NVIDIA H200,I64,U32,32,20,8,4,1000000000,64,Yes,,,,,,,,
pfp_bloom_filter_add_unique_size_u32,0,NVIDIA H200,I64,U32,32,20,8,4,1000000000,128,Yes,,,,,,,,
pfp_bloom_filter_add_unique_size_u32,0,NVIDIA H200,I64,U32,32,20,8,4,1000000000,256,Yes,,,,,,,,
pfp_bloom_filter_add_unique_size_u32,0,NVIDIA H200,I64,U32,32,20,8,4,1000000000,512,Yes,,,,,,,,
pfp_bloom_filter_add_unique_size_u32,0,NVIDIA H200,I64,U32,32,20,8,4,1000000000,1024,Yes,,,,,,,,
pfp_bloom_filter_add_unique_size_u32,0,NVIDIA H200,I64,U32,32,20,8,4,1000000000,2048,Yes,,,,,,,,
pfp_bloom_filter_add_unique_size_u32,0,NVIDIA H200,I64,U32,32,20,8,8,1000000000,1,Yes,,,,,,,,
pfp_bloom_filter_add_unique_size_u32,0,NVIDIA H200,I64,U32,32,20,8,8,1000000000,2,Yes,,,,,,,,
pfp_bloom_filter_add_unique_size_u32,0,NVIDIA H200,I64,U32,32,20,8,8,1000000000,4,Yes,,,,,,,,
pfp_bloom_filter_add_unique_size_u32,0,NVIDIA H200,I64,U32,32,20,8,8,1000000000,8,Yes,,,,,,,,
pfp_bloom_filter_add_unique_size_u32,0,NVIDIA H200,I64,U32,32,20,8,8,1000000000,16,Yes,,,,,,,,
pfp_bloom_filter_add_unique_size_u32,0,NVIDIA H200,I64,U32,32,20,8,8,1000000000,32,Yes,,,,,,,,
pfp_bloom_filter_add_unique_size_u32,0,NVIDIA H200,I64,U32,32,20,8,8,1000000000,64,Yes,,,,,,,,
pfp_bloom_filter_add_unique_size_u32,0,NVIDIA H200,I64,U32,32,20,8,8,1000000000,128,Yes,,,,,,,,
pfp_bloom_filter_add_unique_size_u32,0,NVIDIA H200,I64,U32,32,20,8,8,1000000000,256,Yes,,,,,,,,
pfp_bloom_filter_add_unique_size_u32,0,NVIDIA H200,I64,U32,32,20,8,8,1000000000,512,Yes,,,,,,,,
pfp_bloom_filter_add_unique_size_u32,0,NVIDIA H200,I64,U32,32,20,8,8,1000000000,1024,Yes,,,,,,,,
pfp_bloom_filter_add_unique_size_u32,0,NVIDIA H200,I64,U32,32,20,8,8,1000000000,2048,Yes,,,,,,,,
pfp_bloom_filter_add_unique_size_u32,0,NVIDIA H200,I64,U32,64,1,1,1,1000000000,1,No,19,0.027007071578947373,0.00030548558878498835,0.026993941959581876,0.0003079058278357296,37045348971.16188,20,0.026989251899719242
pfp_bloom_filter_add_unique_size_u32,0,NVIDIA H200,I64,U32,64,1,1,1,1000000000,2,No,19,0.027008951789473688,0.00039191381782394753,0.026995759160895104,0.00039612566074220823,37042855288.49127,20,0.02699577779769897
pfp_bloom_filter_add_unique_size_u32,0,NVIDIA H200,I64,U32,64,1,1,1,1000000000,4,No,19,0.02700239094736842,0.00033039715245202926,0.02698922799762927,0.0003342165378006066,37051819343.91898,20,0.0269900631904602
pfp_bloom_filter_add_unique_size_u32,0,NVIDIA H200,I64,U32,64,1,1,1,1000000000,8,No,19,0.02692921936842106,0.0003718233743291224,0.026916003478200806,0.0003664433300491236,37152618174.1616,20,0.026908351325988768
pfp_bloom_filter_add_unique_size_u32,0,NVIDIA H200,I64,U32,64,1,1,1,1000000000,16,No,19,0.026857750894736847,0.00044361368144112107,0.026844613125449734,0.00043722608372562315,37251421554.366196,20,0.02683274335861206
pfp_bloom_filter_add_unique_size_u32,0,NVIDIA H200,I64,U32,64,1,1,1,1000000000,32,No,19,0.026801502157894733,0.00020559532766420196,0.02678796968962017,0.00018147317875132519,37330190066.15798,20,0.026768174362182616
pfp_bloom_filter_add_unique_size_u32,0,NVIDIA H200,I64,U32,64,1,1,1,1000000000,64,No,12,0.04417363316666667,0.0001499390677917994,0.04416049098968505,0.00014878859501449903,22644675763.083763,13,0.0441464597261869
pfp_bloom_filter_add_unique_size_u32,0,NVIDIA H200,I64,U32,64,1,1,1,1000000000,128,No,11,0.05625766327272727,5.708186921861885e-05,0.056244154149835746,5.798875366766355e-05,17779625547.145336,12,0.05623853619893391
pfp_bloom_filter_add_unique_size_u32,0,NVIDIA H200,I64,U32,64,1,1,1,1000000000,256,No,11,0.06307796954545454,6.647833565803486e-05,0.06306422354958274,7.186445521425349e-05,15856851059.361317,12,0.06305903975168864
pfp_bloom_filter_add_unique_size_u32,0,NVIDIA H200,I64,U32,64,1,1,1,1000000000,512,No,11,0.06692823563636364,0.00010632721081637334,0.06691458892822265,0.00010438575154807238,14944424168.437635,12,0.06691280428568522
pfp_bloom_filter_add_unique_size_u32,0,NVIDIA H200,I64,U32,64,1,1,1,1000000000,1024,No,11,0.0689880079090909,9.766069066109583e-05,0.06897474392977627,9.56349232519855e-05,14498060348.26469,12,0.06897449811299641
pfp_bloom_filter_add_unique_size_u32,0,NVIDIA H200,I64,U32,64,1,1,1,1000000000,2048,No,11,0.07006516345454546,7.850734281783992e-05,0.07005143391002307,8.31207693163252e-05,14275225276.393929,12,0.0700471986134847
pfp_bloom_filter_add_unique_size_u32,0,NVIDIA H200,I64,U32,64,1,1,2,1000000000,1,No,19,0.027000898,0.00030748270309979646,0.02698773725409256,0.00029983344193140776,37053866005.32265,20,0.026990468406677244
pfp_bloom_filter_add_unique_size_u32,0,NVIDIA H200,I64,U32,64,1,1,2,1000000000,2,No,19,0.027008603210526314,0.0003953163792481617,0.02699506177400288,0.0004054816766008233,37043812248.7659,20,0.026989474201202394
pfp_bloom_filter_add_unique_size_u32,0,NVIDIA H200,I64,U32,64,1,1,2,1000000000,4,No,19,0.027000932631578947,0.0004087637429750605,0.026987546820389594,0.00038876684993283876,37054127470.54436,20,0.02698757486343384
pfp_bloom_filter_add_unique_size_u32,0,NVIDIA H200,I64,U32,64,1,1,2,1000000000,8,No,19,0.026982151947368423,0.00039044895849821857,0.026968955090171415,0.00038766285370582347,37079671669.01623,20,0.026965315151214597
pfp_bloom_filter_add_unique_size_u32,0,NVIDIA H200,I64,U32,64,1,1,2,1000000000,16,No,19,0.026858488421052634,0.00033253930176854426,0.02684533741599635,0.00034159114554858667,37250416506.37363,20,0.026838860988616948
pfp_bloom_filter_add_unique_size_u32,0,NVIDIA H200,I64,U32,64,1,1,2,1000000000,32,No,19,0.026805591631578952,0.00016962183301822662,0.026792257610120274,0.00016062921779383,37324215620.49585,20,0.026774404430389403
pfp_bloom_filter_add_unique_size_u32,0,NVIDIA H200,I64,U32,64,1,1,2,1000000000,64,No,12,0.04413512658333333,0.00011368104255562042,0.044121495882670086,0.0001102799415557836,22664689399.00057,13,0.0441084213256836
pfp_bloom_filter_add_unique_size_u32,0,NVIDIA H200,I64,U32,64,1,1,2,1000000000,128,No,11,0.056256669090909095,8.528234249746848e-05,0.056242996562610975,8.648194309370606e-05,17779991485.46037,12,0.056237201372782396
pfp_bloom_filter_add_unique_size_u32,0,NVIDIA H200,I64,U32,64,1,1,2,1000000000,256,No,11,0.06307233190909092,8.778646051056692e-05,0.06305881326848811,9.092931403365545e-05,15858211535.670021,12,0.06305449263254802
pfp_bloom_filter_add_unique_size_u32,0,NVIDIA H200,I64,U32,64,1,1,2,1000000000,512,No,11,0.06692002127272728,0.00010002534725684937,0.06690631034157493,0.00010238244706304018,14946273302.095537,12,0.06689954630533855
pfp_bloom_filter_add_unique_size_u32,0,NVIDIA H200,I64,U32,64,1,1,2,1000000000,1024,No,11,0.06899617136363635,8.650846301518032e-05,0.06898282692649148,8.577548453091876e-05,14496361551.92083,12,0.06897868156433105
pfp_bloom_filter_add_unique_size_u32,0,NVIDIA H200,I64,U32,64,1,1,2,1000000000,2048,No,11,0.07006173854545455,0.00011937356196340566,0.07004810471968216,0.00011642556420933806,14275903737.89256,12,0.07004606819152831
pfp_bloom_filter_add_unique_size_u32,0,NVIDIA H200,I64,U32,64,1,1,4,1000000000,1,Yes,,,,,,,,
pfp_bloom_filter_add_unique_size_u32,0,NVIDIA H200,I64,U32,64,1,1,4,1000000000,2,Yes,,,,,,,,
pfp_bloom_filter_add_unique_size_u32,0,NVIDIA H200,I64,U32,64,1,1,4,1000000000,4,Yes,,,,,,,,
pfp_bloom_filter_add_unique_size_u32,0,NVIDIA H200,I64,U32,64,1,1,4,1000000000,8,Yes,,,,,,,,
pfp_bloom_filter_add_unique_size_u32,0,NVIDIA H200,I64,U32,64,1,1,4,1000000000,16,Yes,,,,,,,,
pfp_bloom_filter_add_unique_size_u32,0,NVIDIA H200,I64,U32,64,1,1,4,1000000000,32,Yes,,,,,,,,
pfp_bloom_filter_add_unique_size_u32,0,NVIDIA H200,I64,U32,64,1,1,4,1000000000,64,Yes,,,,,,,,
pfp_bloom_filter_add_unique_size_u32,0,NVIDIA H200,I64,U32,64,1,1,4,1000000000,128,Yes,,,,,,,,
pfp_bloom_filter_add_unique_size_u32,0,NVIDIA H200,I64,U32,64,1,1,4,1000000000,256,Yes,,,,,,,,
pfp_bloom_filter_add_unique_size_u32,0,NVIDIA H200,I64,U32,64,1,1,4,1000000000,512,Yes,,,,,,,,
pfp_bloom_filter_add_unique_size_u32,0,NVIDIA H200,I64,U32,64,1,1,4,1000000000,1024,Yes,,,,,,,,
pfp_bloom_filter_add_unique_size_u32,0,NVIDIA H200,I64,U32,64,1,1,4,1000000000,2048,Yes,,,,,,,,
pfp_bloom_filter_add_unique_size_u32,0,NVIDIA H200,I64,U32,64,1,1,8,1000000000,1,Yes,,,,,,,,
pfp_bloom_filter_add_unique_size_u32,0,NVIDIA H200,I64,U32,64,1,1,8,1000000000,2,Yes,,,,,,,,
pfp_bloom_filter_add_unique_size_u32,0,NVIDIA H200,I64,U32,64,1,1,8,1000000000,4,Yes,,,,,,,,
pfp_bloom_filter_add_unique_size_u32,0,NVIDIA H200,I64,U32,64,1,1,8,1000000000,8,Yes,,,,,,,,
pfp_bloom_filter_add_unique_size_u32,0,NVIDIA H200,I64,U32,64,1,1,8,1000000000,16,Yes,,,,,,,,
pfp_bloom_filter_add_unique_size_u32,0,NVIDIA H200,I64,U32,64,1,1,8,1000000000,32,Yes,,,,,,,,
pfp_bloom_filter_add_unique_size_u32,0,NVIDIA H200,I64,U32,64,1,1,8,1000000000,64,Yes,,,,,,,,
pfp_bloom_filter_add_unique_size_u32,0,NVIDIA H200,I64,U32,64,1,1,8,1000000000,128,Yes,,,,,,,,
pfp_bloom_filter_add_unique_size_u32,0,NVIDIA H200,I64,U32,64,1,1,8,1000000000,256,Yes,,,,,,,,
pfp_bloom_filter_add_unique_size_u32,0,NVIDIA H200,I64,U32,64,1,1,8,1000000000,512,Yes,,,,,,,,
pfp_bloom_filter_add_unique_size_u32,0,NVIDIA H200,I64,U32,64,1,1,8,1000000000,1024,Yes,,,,,,,,
pfp_bloom_filter_add_unique_size_u32,0,NVIDIA H200,I64,U32,64,1,1,8,1000000000,2048,Yes,,,,,,,,
pfp_bloom_filter_add_unique_size_u32,0,NVIDIA H200,I64,U32,64,1,2,1,1000000000,1,No,36,0.014289252472222224,0.0002224252938798944,0.014275958246654936,0.00021270034218728292,70047837260.54358,37,0.014275067329406737
pfp_bloom_filter_add_unique_size_u32,0,NVIDIA H200,I64,U32,64,1,2,1,1000000000,2,No,36,0.014295735194444449,0.00020614345576054779,0.01428241594632467,0.00019439135908695806,70016165595.38252,37,0.014282543826747585
pfp_bloom_filter_add_unique_size_u32,0,NVIDIA H200,I64,U32,64,1,2,1,1000000000,4,No,36,0.014290575444444446,0.0004839635338764872,0.014277216884824964,0.00047153566619201413,70041662045.69496,37,0.014279355126458245
pfp_bloom_filter_add_unique_size_u32,0,NVIDIA H200,I64,U32,64,1,2,1,1000000000,8,No,36,0.01424217088888889,0.00019278934412296421,0.014228776004579332,0.00018538717493831459,70280114022.32799,37,0.014223111797023463
pfp_bloom_filter_add_unique_size_u32,0,NVIDIA H200,I64,U32,64,1,2,1,1000000000,16,No,36,0.014212885972222221,0.00020465152102797622,0.014199631134668989,0.00020241333989487885,70424364584.96858,37,0.01419160915065456
pfp_bloom_filter_add_unique_size_u32,0,NVIDIA H200,I64,U32,64,1,2,1,1000000000,32,No,35,0.014380163514285718,0.000183492930334043,0.014366642216273722,0.00016978089858771722,69605686906.24567,36,0.014339236789279515
pfp_bloom_filter_add_unique_size_u32,0,NVIDIA H200,I64,U32,64,1,2,1,1000000000,64,No,15,0.03464507226666667,0.0002822005189209136,0.03463132349650065,0.0002852460258442463,28875592932.53825,16,0.03461347889900207
pfp_bloom_filter_add_unique_size_u32,0,NVIDIA H200,I64,U32,64,1,2,1,1000000000,128,No,11,0.04817373890909091,8.443149692043144e-05,0.04816002065485174,8.917255340402998e-05,20764110696.021015,12,0.04815196704864502
pfp_bloom_filter_add_unique_size_u32,0,NVIDIA H200,I64,U32,64,1,2,1,1000000000,256,No,11,0.05571945781818182,0.00014298094946064698,0.05570553623546253,0.0001415446762495984,17951537092.70629,12,0.05570353762308757
pfp_bloom_filter_add_unique_size_u32,0,NVIDIA H200,I64,U32,64,1,2,1,1000000000,512,No,11,0.0600925320909091,8.528677642732668e-05,0.06007884459062056,8.301867723226926e-05,16644794133.676113,12,0.06007578722635904
pfp_bloom_filter_add_unique_size_u32,0,NVIDIA H200,I64,U32,64,1,2,1,1000000000,1024,No,11,0.06265072,0.00010369282840295758,0.06263704161210494,0.00010635048497000384,15964994103.532896,12,0.0626335179011027
pfp_bloom_filter_add_unique_size_u32,0,NVIDIA H200,I64,U32,64,1,2,1,1000000000,2048,No,11,0.06427596309090909,0.00011722072114058177,0.06426257462935014,0.00011978133591048553,15561156797.21425,12,0.06426401392618815
pfp_bloom_filter_add_unique_size_u32,0,NVIDIA H200,I64,U32,64,1,2,2,1000000000,1,Yes,,,,,,,,
pfp_bloom_filter_add_unique_size_u32,0,NVIDIA H200,I64,U32,64,1,2,2,1000000000,2,Yes,,,,,,,,
pfp_bloom_filter_add_unique_size_u32,0,NVIDIA H200,I64,U32,64,1,2,2,1000000000,4,Yes,,,,,,,,
pfp_bloom_filter_add_unique_size_u32,0,NVIDIA H200,I64,U32,64,1,2,2,1000000000,8,Yes,,,,,,,,
pfp_bloom_filter_add_unique_size_u32,0,NVIDIA H200,I64,U32,64,1,2,2,1000000000,16,Yes,,,,,,,,
pfp_bloom_filter_add_unique_size_u32,0,NVIDIA H200,I64,U32,64,1,2,2,1000000000,32,Yes,,,,,,,,
pfp_bloom_filter_add_unique_size_u32,0,NVIDIA H200,I64,U32,64,1,2,2,1000000000,64,Yes,,,,,,,,
pfp_bloom_filter_add_unique_size_u32,0,NVIDIA H200,I64,U32,64,1,2,2,1000000000,128,Yes,,,,,,,,
pfp_bloom_filter_add_unique_size_u32,0,NVIDIA H200,I64,U32,64,1,2,2,1000000000,256,Yes,,,,,,,,
pfp_bloom_filter_add_unique_size_u32,0,NVIDIA H200,I64,U32,64,1,2,2,1000000000,512,Yes,,,,,,,,
pfp_bloom_filter_add_unique_size_u32,0,NVIDIA H200,I64,U32,64,1,2,2,1000000000,1024,Yes,,,,,,,,
pfp_bloom_filter_add_unique_size_u32,0,NVIDIA H200,I64,U32,64,1,2,2,1000000000,2048,Yes,,,,,,,,
pfp_bloom_filter_add_unique_size_u32,0,NVIDIA H200,I64,U32,64,1,2,4,1000000000,1,Yes,,,,,,,,
pfp_bloom_filter_add_unique_size_u32,0,NVIDIA H200,I64,U32,64,1,2,4,1000000000,2,Yes,,,,,,,,
pfp_bloom_filter_add_unique_size_u32,0,NVIDIA H200,I64,U32,64,1,2,4,1000000000,4,Yes,,,,,,,,
pfp_bloom_filter_add_unique_size_u32,0,NVIDIA H200,I64,U32,64,1,2,4,1000000000,8,Yes,,,,,,,,
pfp_bloom_filter_add_unique_size_u32,0,NVIDIA H200,I64,U32,64,1,2,4,1000000000,16,Yes,,,,,,,,
pfp_bloom_filter_add_unique_size_u32,0,NVIDIA H200,I64,U32,64,1,2,4,1000000000,32,Yes,,,,,,,,
pfp_bloom_filter_add_unique_size_u32,0,NVIDIA H200,I64,U32,64,1,2,4,1000000000,64,Yes,,,,,,,,
pfp_bloom_filter_add_unique_size_u32,0,NVIDIA H200,I64,U32,64,1,2,4,1000000000,128,Yes,,,,,,,,
pfp_bloom_filter_add_unique_size_u32,0,NVIDIA H200,I64,U32,64,1,2,4,1000000000,256,Yes,,,,,,,,
pfp_bloom_filter_add_unique_size_u32,0,NVIDIA H200,I64,U32,64,1,2,4,1000000000,512,Yes,,,,,,,,
pfp_bloom_filter_add_unique_size_u32,0,NVIDIA H200,I64,U32,64,1,2,4,1000000000,1024,Yes,,,,,,,,
pfp_bloom_filter_add_unique_size_u32,0,NVIDIA H200,I64,U32,64,1,2,4,1000000000,2048,Yes,,,,,,,,
pfp_bloom_filter_add_unique_size_u32,0,NVIDIA H200,I64,U32,64,1,2,8,1000000000,1,Yes,,,,,,,,
pfp_bloom_filter_add_unique_size_u32,0,NVIDIA H200,I64,U32,64,1,2,8,1000000000,2,Yes,,,,,,,,
pfp_bloom_filter_add_unique_size_u32,0,NVIDIA H200,I64,U32,64,1,2,8,1000000000,4,Yes,,,,,,,,
pfp_bloom_filter_add_unique_size_u32,0,NVIDIA H200,I64,U32,64,1,2,8,1000000000,8,Yes,,,,,,,,
pfp_bloom_filter_add_unique_size_u32,0,NVIDIA H200,I64,U32,64,1,2,8,1000000000,16,Yes,,,,,,,,
pfp_bloom_filter_add_unique_size_u32,0,NVIDIA H200,I64,U32,64,1,2,8,1000000000,32,Yes,,,,,,,,
pfp_bloom_filter_add_unique_size_u32,0,NVIDIA H200,I64,U32,64,1,2,8,1000000000,64,Yes,,,,,,,,
pfp_bloom_filter_add_unique_size_u32,0,NVIDIA H200,I64,U32,64,1,2,8,1000000000,128,Yes,,,,,,,,
pfp_bloom_filter_add_unique_size_u32,0,NVIDIA H200,I64,U32,64,1,2,8,1000000000,256,Yes,,,,,,,,
pfp_bloom_filter_add_unique_size_u32,0,NVIDIA H200,I64,U32,64,1,2,8,1000000000,512,Yes,,,,,,,,
pfp_bloom_filter_add_unique_size_u32,0,NVIDIA H200,I64,U32,64,1,2,8,1000000000,1024,Yes,,,,,,,,
pfp_bloom_filter_add_unique_size_u32,0,NVIDIA H200,I64,U32,64,1,2,8,1000000000,2048,Yes,,,,,,,,
pfp_bloom_filter_add_unique_size_u32,0,NVIDIA H200,I64,U32,64,1,4,1,1000000000,1,Yes,,,,,,,,
pfp_bloom_filter_add_unique_size_u32,0,NVIDIA H200,I64,U32,64,1,4,1,1000000000,2,Yes,,,,,,,,
pfp_bloom_filter_add_unique_size_u32,0,NVIDIA H200,I64,U32,64,1,4,1,1000000000,4,Yes,,,,,,,,
pfp_bloom_filter_add_unique_size_u32,0,NVIDIA H200,I64,U32,64,1,4,1,1000000000,8,Yes,,,,,,,,
pfp_bloom_filter_add_unique_size_u32,0,NVIDIA H200,I64,U32,64,1,4,1,1000000000,16,Yes,,,,,,,,
pfp_bloom_filter_add_unique_size_u32,0,NVIDIA H200,I64,U32,64,1,4,1,1000000000,32,Yes,,,,,,,,
pfp_bloom_filter_add_unique_size_u32,0,NVIDIA H200,I64,U32,64,1,4,1,1000000000,64,Yes,,,,,,,,
pfp_bloom_filter_add_unique_size_u32,0,NVIDIA H200,I64,U32,64,1,4,1,1000000000,128,Yes,,,,,,,,
pfp_bloom_filter_add_unique_size_u32,0,NVIDIA H200,I64,U32,64,1,4,1,1000000000,256,Yes,,,,,,,,
pfp_bloom_filter_add_unique_size_u32,0,NVIDIA H200,I64,U32,64,1,4,1,1000000000,512,Yes,,,,,,,,
pfp_bloom_filter_add_unique_size_u32,0,NVIDIA H200,I64,U32,64,1,4,1,1000000000,1024,Yes,,,,,,,,
pfp_bloom_filter_add_unique_size_u32,0,NVIDIA H200,I64,U32,64,1,4,1,1000000000,2048,Yes,,,,,,,,
pfp_bloom_filter_add_unique_size_u32,0,NVIDIA H200,I64,U32,64,1,4,2,1000000000,1,Yes,,,,,,,,
pfp_bloom_filter_add_unique_size_u32,0,NVIDIA H200,I64,U32,64,1,4,2,1000000000,2,Yes,,,,,,,,
pfp_bloom_filter_add_unique_size_u32,0,NVIDIA H200,I64,U32,64,1,4,2,1000000000,4,Yes,,,,,,,,
pfp_bloom_filter_add_unique_size_u32,0,NVIDIA H200,I64,U32,64,1,4,2,1000000000,8,Yes,,,,,,,,
pfp_bloom_filter_add_unique_size_u32,0,NVIDIA H200,I64,U32,64,1,4,2,1000000000,16,Yes,,,,,,,,
pfp_bloom_filter_add_unique_size_u32,0,NVIDIA H200,I64,U32,64,1,4,2,1000000000,32,Yes,,,,,,,,
pfp_bloom_filter_add_unique_size_u32,0,NVIDIA H200,I64,U32,64,1,4,2,1000000000,64,Yes,,,,,,,,
pfp_bloom_filter_add_unique_size_u32,0,NVIDIA H200,I64,U32,64,1,4,2,1000000000,128,Yes,,,,,,,,
pfp_bloom_filter_add_unique_size_u32,0,NVIDIA H200,I64,U32,64,1,4,2,1000000000,256,Yes,,,,,,,,
pfp_bloom_filter_add_unique_size_u32,0,NVIDIA H200,I64,U32,64,1,4,2,1000000000,512,Yes,,,,,,,,
pfp_bloom_filter_add_unique_size_u32,0,NVIDIA H200,I64,U32,64,1,4,2,1000000000,1024,Yes,,,,,,,,
pfp_bloom_filter_add_unique_size_u32,0,NVIDIA H200,I64,U32,64,1,4,2,1000000000,2048,Yes,,,,,,,,
pfp_bloom_filter_add_unique_size_u32,0,NVIDIA H200,I64,U32,64,1,4,4,1000000000,1,Yes,,,,,,,,
pfp_bloom_filter_add_unique_size_u32,0,NVIDIA H200,I64,U32,64,1,4,4,1000000000,2,Yes,,,,,,,,
pfp_bloom_filter_add_unique_size_u32,0,NVIDIA H200,I64,U32,64,1,4,4,1000000000,4,Yes,,,,,,,,
pfp_bloom_filter_add_unique_size_u32,0,NVIDIA H200,I64,U32,64,1,4,4,1000000000,8,Yes,,,,,,,,
pfp_bloom_filter_add_unique_size_u32,0,NVIDIA H200,I64,U32,64,1,4,4,1000000000,16,Yes,,,,,,,,
pfp_bloom_filter_add_unique_size_u32,0,NVIDIA H200,I64,U32,64,1,4,4,1000000000,32,Yes,,,,,,,,
pfp_bloom_filter_add_unique_size_u32,0,NVIDIA H200,I64,U32,64,1,4,4,1000000000,64,Yes,,,,,,,,
pfp_bloom_filter_add_unique_size_u32,0,NVIDIA H200,I64,U32,64,1,4,4,1000000000,128,Yes,,,,,,,,
pfp_bloom_filter_add_unique_size_u32,0,NVIDIA H200,I64,U32,64,1,4,4,1000000000,256,Yes,,,,,,,,
pfp_bloom_filter_add_unique_size_u32,0,NVIDIA H200,I64,U32,64,1,4,4,1000000000,512,Yes,,,,,,,,
pfp_bloom_filter_add_unique_size_u32,0,NVIDIA H200,I64,U32,64,1,4,4,1000000000,1024,Yes,,,,,,,,
pfp_bloom_filter_add_unique_size_u32,0,NVIDIA H200,I64,U32,64,1,4,4,1000000000,2048,Yes,,,,,,,,
pfp_bloom_filter_add_unique_size_u32,0,NVIDIA H200,I64,U32,64,1,4,8,1000000000,1,Yes,,,,,,,,
pfp_bloom_filter_add_unique_size_u32,0,NVIDIA H200,I64,U32,64,1,4,8,1000000000,2,Yes,,,,,,,,
pfp_bloom_filter_add_unique_size_u32,0,NVIDIA H200,I64,U32,64,1,4,8,1000000000,4,Yes,,,,,,,,
pfp_bloom_filter_add_unique_size_u32,0,NVIDIA H200,I64,U32,64,1,4,8,1000000000,8,Yes,,,,,,,,
pfp_bloom_filter_add_unique_size_u32,0,NVIDIA H200,I64,U32,64,1,4,8,1000000000,16,Yes,,,,,,,,
pfp_bloom_filter_add_unique_size_u32,0,NVIDIA H200,I64,U32,64,1,4,8,1000000000,32,Yes,,,,,,,,
pfp_bloom_filter_add_unique_size_u32,0,NVIDIA H200,I64,U32,64,1,4,8,1000000000,64,Yes,,,,,,,,
pfp_bloom_filter_add_unique_size_u32,0,NVIDIA H200,I64,U32,64,1,4,8,1000000000,128,Yes,,,,,,,,
pfp_bloom_filter_add_unique_size_u32,0,NVIDIA H200,I64,U32,64,1,4,8,1000000000,256,Yes,,,,,,,,
pfp_bloom_filter_add_unique_size_u32,0,NVIDIA H200,I64,U32,64,1,4,8,1000000000,512,Yes,,,,,,,,
pfp_bloom_filter_add_unique_size_u32,0,NVIDIA H200,I64,U32,64,1,4,8,1000000000,1024,Yes,,,,,,,,
pfp_bloom_filter_add_unique_size_u32,0,NVIDIA H200,I64,U32,64,1,4,8,1000000000,2048,Yes,,,,,,,,
pfp_bloom_filter_add_unique_size_u32,0,NVIDIA H200,I64,U32,64,1,8,1,1000000000,1,Yes,,,,,,,,
pfp_bloom_filter_add_unique_size_u32,0,NVIDIA H200,I64,U32,64,1,8,1,1000000000,2,Yes,,,,,,,,
pfp_bloom_filter_add_unique_size_u32,0,NVIDIA H200,I64,U32,64,1,8,1,1000000000,4,Yes,,,,,,,,
pfp_bloom_filter_add_unique_size_u32,0,NVIDIA H200,I64,U32,64,1,8,1,1000000000,8,Yes,,,,,,,,
pfp_bloom_filter_add_unique_size_u32,0,NVIDIA H200,I64,U32,64,1,8,1,1000000000,16,Yes,,,,,,,,
pfp_bloom_filter_add_unique_size_u32,0,NVIDIA H200,I64,U32,64,1,8,1,1000000000,32,Yes,,,,,,,,
pfp_bloom_filter_add_unique_size_u32,0,NVIDIA H200,I64,U32,64,1,8,1,1000000000,64,Yes,,,,,,,,
pfp_bloom_filter_add_unique_size_u32,0,NVIDIA H200,I64,U32,64,1,8,1,1000000000,128,Yes,,,,,,,,
pfp_bloom_filter_add_unique_size_u32,0,NVIDIA H200,I64,U32,64,1,8,1,1000000000,256,Yes,,,,,,,,
pfp_bloom_filter_add_unique_size_u32,0,NVIDIA H200,I64,U32,64,1,8,1,1000000000,512,Yes,,,,,,,,
pfp_bloom_filter_add_unique_size_u32,0,NVIDIA H200,I64,U32,64,1,8,1,1000000000,1024,Yes,,,,,,,,
pfp_bloom_filter_add_unique_size_u32,0,NVIDIA H200,I64,U32,64,1,8,1,1000000000,2048,Yes,,,,,,,,
pfp_bloom_filter_add_unique_size_u32,0,NVIDIA H200,I64,U32,64,1,8,2,1000000000,1,Yes,,,,,,,,
pfp_bloom_filter_add_unique_size_u32,0,NVIDIA H200,I64,U32,64,1,8,2,1000000000,2,Yes,,,,,,,,
pfp_bloom_filter_add_unique_size_u32,0,NVIDIA H200,I64,U32,64,1,8,2,1000000000,4,Yes,,,,,,,,
pfp_bloom_filter_add_unique_size_u32,0,NVIDIA H200,I64,U32,64,1,8,2,1000000000,8,Yes,,,,,,,,
pfp_bloom_filter_add_unique_size_u32,0,NVIDIA H200,I64,U32,64,1,8,2,1000000000,16,Yes,,,,,,,,
pfp_bloom_filter_add_unique_size_u32,0,NVIDIA H200,I64,U32,64,1,8,2,1000000000,32,Yes,,,,,,,,
pfp_bloom_filter_add_unique_size_u32,0,NVIDIA H200,I64,U32,64,1,8,2,1000000000,64,Yes,,,,,,,,
pfp_bloom_filter_add_unique_size_u32,0,NVIDIA H200,I64,U32,64,1,8,2,1000000000,128,Yes,,,,,,,,
pfp_bloom_filter_add_unique_size_u32,0,NVIDIA H200,I64,U32,64,1,8,2,1000000000,256,Yes,,,,,,,,
pfp_bloom_filter_add_unique_size_u32,0,NVIDIA H200,I64,U32,64,1,8,2,1000000000,512,Yes,,,,,,,,
pfp_bloom_filter_add_unique_size_u32,0,NVIDIA H200,I64,U32,64,1,8,2,1000000000,1024,Yes,,,,,,,,
pfp_bloom_filter_add_unique_size_u32,0,NVIDIA H200,I64,U32,64,1,8,2,1000000000,2048,Yes,,,,,,,,
pfp_bloom_filter_add_unique_size_u32,0,NVIDIA H200,I64,U32,64,1,8,4,1000000000,1,Yes,,,,,,,,
pfp_bloom_filter_add_unique_size_u32,0,NVIDIA H200,I64,U32,64,1,8,4,1000000000,2,Yes,,,,,,,,
pfp_bloom_filter_add_unique_size_u32,0,NVIDIA H200,I64,U32,64,1,8,4,1000000000,4,Yes,,,,,,,,
pfp_bloom_filter_add_unique_size_u32,0,NVIDIA H200,I64,U32,64,1,8,4,1000000000,8,Yes,,,,,,,,
pfp_bloom_filter_add_unique_size_u32,0,NVIDIA H200,I64,U32,64,1,8,4,1000000000,16,Yes,,,,,,,,
pfp_bloom_filter_add_unique_size_u32,0,NVIDIA H200,I64,U32,64,1,8,4,1000000000,32,Yes,,,,,,,,
pfp_bloom_filter_add_unique_size_u32,0,NVIDIA H200,I64,U32,64,1,8,4,1000000000,64,Yes,,,,,,,,
pfp_bloom_filter_add_unique_size_u32,0,NVIDIA H200,I64,U32,64,1,8,4,1000000000,128,Yes,,,,,,,,
pfp_bloom_filter_add_unique_size_u32,0,NVIDIA H200,I64,U32,64,1,8,4,1000000000,256,Yes,,,,,,,,
pfp_bloom_filter_add_unique_size_u32,0,NVIDIA H200,I64,U32,64,1,8,4,1000000000,512,Yes,,,,,,,,
pfp_bloom_filter_add_unique_size_u32,0,NVIDIA H200,I64,U32,64,1,8,4,1000000000,1024,Yes,,,,,,,,
pfp_bloom_filter_add_unique_size_u32,0,NVIDIA H200,I64,U32,64,1,8,4,1000000000,2048,Yes,,,,,,,,
pfp_bloom_filter_add_unique_size_u32,0,NVIDIA H200,I64,U32,64,1,8,8,1000000000,1,Yes,,,,,,,,
pfp_bloom_filter_add_unique_size_u32,0,NVIDIA H200,I64,U32,64,1,8,8,1000000000,2,Yes,,,,,,,,
pfp_bloom_filter_add_unique_size_u32,0,NVIDIA H200,I64,U32,64,1,8,8,1000000000,4,Yes,,,,,,,,
pfp_bloom_filter_add_unique_size_u32,0,NVIDIA H200,I64,U32,64,1,8,8,1000000000,8,Yes,,,,,,,,
pfp_bloom_filter_add_unique_size_u32,0,NVIDIA H200,I64,U32,64,1,8,8,1000000000,16,Yes,,,,,,,,
pfp_bloom_filter_add_unique_size_u32,0,NVIDIA H200,I64,U32,64,1,8,8,1000000000,32,Yes,,,,,,,,
pfp_bloom_filter_add_unique_size_u32,0,NVIDIA H200,I64,U32,64,1,8,8,1000000000,64,Yes,,,,,,,,
pfp_bloom_filter_add_unique_size_u32,0,NVIDIA H200,I64,U32,64,1,8,8,1000000000,128,Yes,,,,,,,,
pfp_bloom_filter_add_unique_size_u32,0,NVIDIA H200,I64,U32,64,1,8,8,1000000000,256,Yes,,,,,,,,
pfp_bloom_filter_add_unique_size_u32,0,NVIDIA H200,I64,U32,64,1,8,8,1000000000,512,Yes,,,,,,,,
pfp_bloom_filter_add_unique_size_u32,0,NVIDIA H200,I64,U32,64,1,8,8,1000000000,1024,Yes,,,,,,,,
pfp_bloom_filter_add_unique_size_u32,0,NVIDIA H200,I64,U32,64,1,8,8,1000000000,2048,Yes,,,,,,,,
pfp_bloom_filter_add_unique_size_u32,0,NVIDIA H200,I64,U32,64,20,1,1,1000000000,1,No,19,0.027004604421052635,0.00036326398834113876,0.02699158236854955,0.000362829235821693,37048587457.591774,20,0.026990852737426758
pfp_bloom_filter_add_unique_size_u32,0,NVIDIA H200,I64,U32,64,20,1,1,1000000000,2,No,19,0.02700003905263158,0.0002879034896268376,0.026986708289698555,0.00028249481830579373,37055278815.96893,20,0.026989629936218264
pfp_bloom_filter_add_unique_size_u32,0,NVIDIA H200,I64,U32,64,20,1,1,1000000000,4,No,19,0.02700449931578948,0.0004387576613338557,0.026991112558465254,0.00044199039952607717,37049232329.11971,20,0.026985532665252686
pfp_bloom_filter_add_unique_size_u32,0,NVIDIA H200,I64,U32,64,20,1,1,1000000000,8,No,19,0.026921670631578944,0.0004048240811389032,0.02690834005255448,0.00041730295448214077,37163199143.719284,20,0.02690510215759277
pfp_bloom_filter_add_unique_size_u32,0,NVIDIA H200,I64,U32,64,20,1,1,1000000000,16,No,19,0.026860788578947366,0.000435981958654539,0.02684763466684441,0.00043113354114201444,37247229128.71553,20,0.026833980274200437
pfp_bloom_filter_add_unique_size_u32,0,NVIDIA H200,I64,U32,64,20,1,1,1000000000,32,No,19,0.02680000773684211,0.00012437864682965534,0.026786664360447937,0.00012864371387129835,37332009187.249084,20,0.02676664094924927
pfp_bloom_filter_add_unique_size_u32,0,NVIDIA H200,I64,U32,64,20,1,1,1000000000,64,No,12,0.04417422258333334,0.00017158967601114313,0.044160738627115885,0.0001729954921577527,22644548779.942123,13,0.044148728590745194
pfp_bloom_filter_add_unique_size_u32,0,NVIDIA H200,I64,U32,64,20,1,1,1000000000,128,No,11,0.056258612,0.00010082984262170155,0.05624536444924095,9.464282046599665e-05,17779242961.479206,12,0.056237461407979326
pfp_bloom_filter_add_unique_size_u32,0,NVIDIA H200,I64,U32,64,20,1,1,1000000000,256,No,11,0.06307420245454545,7.288877032798818e-05,0.0630606810829856,7.990877593425703e-05,15857741826.226645,12,0.06306066099802653
pfp_bloom_filter_add_unique_size_u32,0,NVIDIA H200,I64,U32,64,20,1,1,1000000000,512,No,11,0.06692708900000001,0.00010052907308303314,0.06691364635120739,9.433935353863205e-05,14944634682.607698,12,0.06690783754984538
pfp_bloom_filter_add_unique_size_u32,0,NVIDIA H200,I64,U32,64,20,1,1,1000000000,1024,No,11,0.06899097863636362,5.808428529266509e-05,0.06897745167125356,5.523521714546309e-05,14497491220.261349,12,0.06897277577718099
pfp_bloom_filter_add_unique_size_u32,0,NVIDIA H200,I64,U32,64,20,1,1,1000000000,2048,No,11,0.07006238518181819,6.754584925218445e-05,0.07004866027832031,6.49269861839223e-05,14275790515.147007,12,0.0700446039835612
pfp_bloom_filter_add_unique_size_u32,0,NVIDIA H200,I64,U32,64,20,1,2,1000000000,1,No,19,0.026997912578947375,0.0003378399392995066,0.026985012255216902,0.0003367126705204469,37057607776.5788,20,0.02698552055358887
pfp_bloom_filter_add_unique_size_u32,0,NVIDIA H200,I64,U32,64,20,1,2,1000000000,2,No,19,0.02700318378947368,0.00038530270949215157,0.026989940342150232,0.00038947014235208617,37050841436.58882,20,0.026985667800903324
pfp_bloom_filter_add_unique_size_u32,0,NVIDIA H200,I64,U32,64,20,1,2,1000000000,4,No,19,0.026996036947368417,0.00037026947960864273,0.026982686293752573,0.00036055217340385647,37060802216.40255,20,0.026982211208343508
pfp_bloom_filter_add_unique_size_u32,0,NVIDIA H200,I64,U32,64,20,1,2,1000000000,8,No,19,0.026981315578947375,0.000467667514967318,0.026968407681113794,0.00046028914188701446,37080424318.12942,20,0.02696280269622802
pfp_bloom_filter_add_unique_size_u32,0,NVIDIA H200,I64,U32,64,20,1,2,1000000000,16,No,19,0.02686378668421053,0.00041463712812050957,0.026850396808825044,0.0004191007620677552,37243397448.46249,20,0.026836017608642578
pfp_bloom_filter_add_unique_size_u32,0,NVIDIA H200,I64,U32,64,20,1,2,1000000000,32,No,19,0.02680226178947369,0.0001237302850519873,0.02678907956575093,0.00012484909511037014,37328643470.023186,20,0.02677085838317871
pfp_bloom_filter_add_unique_size_u32,0,NVIDIA H200,I64,U32,64,20,1,2,1000000000,64,No,12,0.04413200691666667,0.00011926899291289213,0.04411878363291424,0.00011225694892883546,22666082735.19951,13,0.04410745591383714
pfp_bloom_filter_add_unique_size_u32,0,NVIDIA H200,I64,U32,64,20,1,2,1000000000,128,No,11,0.056256036454545466,0.00012645692500756246,0.05624270803278142,0.00012414118137444064,17780082698.31431,12,0.05623618570963542
pfp_bloom_filter_add_unique_size_u32,0,NVIDIA H200,I64,U32,64,20,1,2,1000000000,256,No,11,0.06307631300000001,8.753751416730879e-05,0.0630627784729004,8.21246198991153e-05,15857214417.371798,12,0.06305415725708008
pfp_bloom_filter_add_unique_size_u32,0,NVIDIA H200,I64,U32,64,20,1,2,1000000000,512,No,11,0.06691868318181819,8.386220065305639e-05,0.06690506744384764,7.902924015069794e-05,14946550959.52611,12,0.06690174611409505
pfp_bloom_filter_add_unique_size_u32,0,NVIDIA H200,I64,U32,64,20,1,2,1000000000,1024,No,11,0.06899432727272727,0.0001274285533750876,0.06898066572709517,0.0001264708711989067,14496815730.312767,12,0.06898015340169271
pfp_bloom_filter_add_unique_size_u32,0,NVIDIA H200,I64,U32,64,20,1,2,1000000000,2048,No,11,0.0700625970909091,7.072705285852783e-05,0.0700490625554865,7.017109655572559e-05,14275708532.257528,12,0.07004373041788736
pfp_bloom_filter_add_unique_size_u32,0,NVIDIA H200,I64,U32,64,20,1,4,1000000000,1,Yes,,,,,,,,
pfp_bloom_filter_add_unique_size_u32,0,NVIDIA H200,I64,U32,64,20,1,4,1000000000,2,Yes,,,,,,,,
pfp_bloom_filter_add_unique_size_u32,0,NVIDIA H200,I64,U32,64,20,1,4,1000000000,4,Yes,,,,,,,,
pfp_bloom_filter_add_unique_size_u32,0,NVIDIA H200,I64,U32,64,20,1,4,1000000000,8,Yes,,,,,,,,
pfp_bloom_filter_add_unique_size_u32,0,NVIDIA H200,I64,U32,64,20,1,4,1000000000,16,Yes,,,,,,,,
pfp_bloom_filter_add_unique_size_u32,0,NVIDIA H200,I64,U32,64,20,1,4,1000000000,32,Yes,,,,,,,,
pfp_bloom_filter_add_unique_size_u32,0,NVIDIA H200,I64,U32,64,20,1,4,1000000000,64,Yes,,,,,,,,
pfp_bloom_filter_add_unique_size_u32,0,NVIDIA H200,I64,U32,64,20,1,4,1000000000,128,Yes,,,,,,,,
pfp_bloom_filter_add_unique_size_u32,0,NVIDIA H200,I64,U32,64,20,1,4,1000000000,256,Yes,,,,,,,,
pfp_bloom_filter_add_unique_size_u32,0,NVIDIA H200,I64,U32,64,20,1,4,1000000000,512,Yes,,,,,,,,
pfp_bloom_filter_add_unique_size_u32,0,NVIDIA H200,I64,U32,64,20,1,4,1000000000,1024,Yes,,,,,,,,
pfp_bloom_filter_add_unique_size_u32,0,NVIDIA H200,I64,U32,64,20,1,4,1000000000,2048,Yes,,,,,,,,
pfp_bloom_filter_add_unique_size_u32,0,NVIDIA H200,I64,U32,64,20,1,8,1000000000,1,Yes,,,,,,,,
pfp_bloom_filter_add_unique_size_u32,0,NVIDIA H200,I64,U32,64,20,1,8,1000000000,2,Yes,,,,,,,,
pfp_bloom_filter_add_unique_size_u32,0,NVIDIA H200,I64,U32,64,20,1,8,1000000000,4,Yes,,,,,,,,
pfp_bloom_filter_add_unique_size_u32,0,NVIDIA H200,I64,U32,64,20,1,8,1000000000,8,Yes,,,,,,,,
pfp_bloom_filter_add_unique_size_u32,0,NVIDIA H200,I64,U32,64,20,1,8,1000000000,16,Yes,,,,,,,,
pfp_bloom_filter_add_unique_size_u32,0,NVIDIA H200,I64,U32,64,20,1,8,1000000000,32,Yes,,,,,,,,
pfp_bloom_filter_add_unique_size_u32,0,NVIDIA H200,I64,U32,64,20,1,8,1000000000,64,Yes,,,,,,,,
pfp_bloom_filter_add_unique_size_u32,0,NVIDIA H200,I64,U32,64,20,1,8,1000000000,128,Yes,,,,,,,,
pfp_bloom_filter_add_unique_size_u32,0,NVIDIA H200,I64,U32,64,20,1,8,1000000000,256,Yes,,,,,,,,
pfp_bloom_filter_add_unique_size_u32,0,NVIDIA H200,I64,U32,64,20,1,8,1000000000,512,Yes,,,,,,,,
pfp_bloom_filter_add_unique_size_u32,0,NVIDIA H200,I64,U32,64,20,1,8,1000000000,1024,Yes,,,,,,,,
pfp_bloom_filter_add_unique_size_u32,0,NVIDIA H200,I64,U32,64,20,1,8,1000000000,2048,Yes,,,,,,,,
pfp_bloom_filter_add_unique_size_u32,0,NVIDIA H200,I64,U32,64,20,2,1,1000000000,1,No,24,0.021028570708333336,0.00020630138366227162,0.021015517632166542,0.00020174625026261634,47583886226.49917,25,0.0210099951171875
pfp_bloom_filter_add_unique_size_u32,0,NVIDIA H200,I64,U32,64,20,2,1,1000000000,2,No,24,0.021027894833333338,0.00019633871844440862,0.021015052080154414,0.00019331841850184548,47584940364.92782,25,0.021010290527343753
pfp_bloom_filter_add_unique_size_u32,0,NVIDIA H200,I64,U32,64,20,2,1,1000000000,4,No,24,0.021029167750000004,0.0001951151352050106,0.02101606400807698,0.00018589144517492946,47582649139.994804,25,0.02100991943359375
pfp_bloom_filter_add_unique_size_u32,0,NVIDIA H200,I64,U32,64,20,2,1,1000000000,8,No,24,0.021030380416666664,0.00018833976996704196,0.021017196098963412,0.00018857563774037114,47580086101.462456,25,0.02101146728515625
pfp_bloom_filter_add_unique_size_u32,0,NVIDIA H200,I64,U32,64,20,2,1,1000000000,16,No,24,0.021030742999999994,0.00014627694316801768,0.02101785175005595,0.0001403412458302617,47578601842.471275,25,0.02101142333984375
pfp_bloom_filter_add_unique_size_u32,0,NVIDIA H200,I64,U32,64,20,2,1,1000000000,32,No,24,0.021060683458333337,0.00014750551155123665,0.021047708193461096,0.00014997188556596023,47511110986.92781,25,0.02103545166015625
pfp_bloom_filter_add_unique_size_u32,0,NVIDIA H200,I64,U32,64,20,2,1,1000000000,64,No,15,0.03464278413333334,0.00011645697241832873,0.0346297238667806,0.00011399744456513911,28876926765.19648,16,0.03461881232261658
pfp_bloom_filter_add_unique_size_u32,0,NVIDIA H200,I64,U32,64,20,2,1,1000000000,128,No,11,0.048168133,0.00011817783763206594,0.04815493288907138,0.00012025633269301296,20766304509.31325,12,0.048150151888529454
pfp_bloom_filter_add_unique_size_u32,0,NVIDIA H200,I64,U32,64,20,2,1,1000000000,256,No,11,0.05572331781818182,9.275522334049173e-05,0.05570988811146129,8.889489039991453e-05,17950134776.77885,12,0.05570164521535237
pfp_bloom_filter_add_unique_size_u32,0,NVIDIA H200,I64,U32,64,20,2,1,1000000000,512,No,11,0.06007423090909092,4.353006664750851e-05,0.060060794483531604,4.683609268833181e-05,16649796403.778765,12,0.06005881595611571
pfp_bloom_filter_add_unique_size_u32,0,NVIDIA H200,I64,U32,64,20,2,1,1000000000,1024,No,11,0.06263073063636364,9.921078204215894e-05,0.06261737615411932,9.526704897422155e-05,15970008030.018908,12,0.06261304155985514
pfp_bloom_filter_add_unique_size_u32,0,NVIDIA H200,I64,U32,64,20,2,1,1000000000,2048,No,11,0.06425422209090909,8.402315350075934e-05,0.06424077259410511,8.418137354785787e-05,15566437943.054289,12,0.06424047406514485
pfp_bloom_filter_add_unique_size_u32,0,NVIDIA H200,I64,U32,64,20,2,2,1000000000,1,Yes,,,,,,,,
pfp_bloom_filter_add_unique_size_u32,0,NVIDIA H200,I64,U32,64,20,2,2,1000000000,2,Yes,,,,,,,,
pfp_bloom_filter_add_unique_size_u32,0,NVIDIA H200,I64,U32,64,20,2,2,1000000000,4,Yes,,,,,,,,
pfp_bloom_filter_add_unique_size_u32,0,NVIDIA H200,I64,U32,64,20,2,2,1000000000,8,Yes,,,,,,,,
pfp_bloom_filter_add_unique_size_u32,0,NVIDIA H200,I64,U32,64,20,2,2,1000000000,16,Yes,,,,,,,,
pfp_bloom_filter_add_unique_size_u32,0,NVIDIA H200,I64,U32,64,20,2,2,1000000000,32,Yes,,,,,,,,
pfp_bloom_filter_add_unique_size_u32,0,NVIDIA H200,I64,U32,64,20,2,2,1000000000,64,Yes,,,,,,,,
pfp_bloom_filter_add_unique_size_u32,0,NVIDIA H200,I64,U32,64,20,2,2,1000000000,128,Yes,,,,,,,,
pfp_bloom_filter_add_unique_size_u32,0,NVIDIA H200,I64,U32,64,20,2,2,1000000000,256,Yes,,,,,,,,
pfp_bloom_filter_add_unique_size_u32,0,NVIDIA H200,I64,U32,64,20,2,2,1000000000,512,Yes,,,,,,,,
pfp_bloom_filter_add_unique_size_u32,0,NVIDIA H200,I64,U32,64,20,2,2,1000000000,1024,Yes,,,,,,,,
pfp_bloom_filter_add_unique_size_u32,0,NVIDIA H200,I64,U32,64,20,2,2,1000000000,2048,Yes,,,,,,,,
pfp_bloom_filter_add_unique_size_u32,0,NVIDIA H200,I64,U32,64,20,2,4,1000000000,1,Yes,,,,,,,,
pfp_bloom_filter_add_unique_size_u32,0,NVIDIA H200,I64,U32,64,20,2,4,1000000000,2,Yes,,,,,,,,
pfp_bloom_filter_add_unique_size_u32,0,NVIDIA H200,I64,U32,64,20,2,4,1000000000,4,Yes,,,,,,,,
pfp_bloom_filter_add_unique_size_u32,0,NVIDIA H200,I64,U32,64,20,2,4,1000000000,8,Yes,,,,,,,,
pfp_bloom_filter_add_unique_size_u32,0,NVIDIA H200,I64,U32,64,20,2,4,1000000000,16,Yes,,,,,,,,
pfp_bloom_filter_add_unique_size_u32,0,NVIDIA H200,I64,U32,64,20,2,4,1000000000,32,Yes,,,,,,,,
pfp_bloom_filter_add_unique_size_u32,0,NVIDIA H200,I64,U32,64,20,2,4,1000000000,64,Yes,,,,,,,,
pfp_bloom_filter_add_unique_size_u32,0,NVIDIA H200,I64,U32,64,20,2,4,1000000000,128,Yes,,,,,,,,
pfp_bloom_filter_add_unique_size_u32,0,NVIDIA H200,I64,U32,64,20,2,4,1000000000,256,Yes,,,,,,,,
pfp_bloom_filter_add_unique_size_u32,0,NVIDIA H200,I64,U32,64,20,2,4,1000000000,512,Yes,,,,,,,,
pfp_bloom_filter_add_unique_size_u32,0,NVIDIA H200,I64,U32,64,20,2,4,1000000000,1024,Yes,,,,,,,,
pfp_bloom_filter_add_unique_size_u32,0,NVIDIA H200,I64,U32,64,20,2,4,1000000000,2048,Yes,,,,,,,,
pfp_bloom_filter_add_unique_size_u32,0,NVIDIA H200,I64,U32,64,20,2,8,1000000000,1,Yes,,,,,,,,
pfp_bloom_filter_add_unique_size_u32,0,NVIDIA H200,I64,U32,64,20,2,8,1000000000,2,Yes,,,,,,,,
pfp_bloom_filter_add_unique_size_u32,0,NVIDIA H200,I64,U32,64,20,2,8,1000000000,4,Yes,,,,,,,,
pfp_bloom_filter_add_unique_size_u32,0,NVIDIA H200,I64,U32,64,20,2,8,1000000000,8,Yes,,,,,,,,
pfp_bloom_filter_add_unique_size_u32,0,NVIDIA H200,I64,U32,64,20,2,8,1000000000,16,Yes,,,,,,,,
pfp_bloom_filter_add_unique_size_u32,0,NVIDIA H200,I64,U32,64,20,2,8,1000000000,32,Yes,,,,,,,,
pfp_bloom_filter_add_unique_size_u32,0,NVIDIA H200,I64,U32,64,20,2,8,1000000000,64,Yes,,,,,,,,
pfp_bloom_filter_add_unique_size_u32,0,NVIDIA H200,I64,U32,64,20,2,8,1000000000,128,Yes,,,,,,,,
pfp_bloom_filter_add_unique_size_u32,0,NVIDIA H200,I64,U32,64,20,2,8,1000000000,256,Yes,,,,,,,,
pfp_bloom_filter_add_unique_size_u32,0,NVIDIA H200,I64,U32,64,20,2,8,1000000000,512,Yes,,,,,,,,
pfp_bloom_filter_add_unique_size_u32,0,NVIDIA H200,I64,U32,64,20,2,8,1000000000,1024,Yes,,,,,,,,
pfp_bloom_filter_add_unique_size_u32,0,NVIDIA H200,I64,U32,64,20,2,8,1000000000,2048,Yes,,,,,,,,
pfp_bloom_filter_add_unique_size_u32,0,NVIDIA H200,I64,U32,64,20,4,1,1000000000,1,Yes,,,,,,,,
pfp_bloom_filter_add_unique_size_u32,0,NVIDIA H200,I64,U32,64,20,4,1,1000000000,2,Yes,,,,,,,,
pfp_bloom_filter_add_unique_size_u32,0,NVIDIA H200,I64,U32,64,20,4,1,1000000000,4,Yes,,,,,,,,
pfp_bloom_filter_add_unique_size_u32,0,NVIDIA H200,I64,U32,64,20,4,1,1000000000,8,Yes,,,,,,,,
pfp_bloom_filter_add_unique_size_u32,0,NVIDIA H200,I64,U32,64,20,4,1,1000000000,16,Yes,,,,,,,,
pfp_bloom_filter_add_unique_size_u32,0,NVIDIA H200,I64,U32,64,20,4,1,1000000000,32,Yes,,,,,,,,
pfp_bloom_filter_add_unique_size_u32,0,NVIDIA H200,I64,U32,64,20,4,1,1000000000,64,Yes,,,,,,,,
pfp_bloom_filter_add_unique_size_u32,0,NVIDIA H200,I64,U32,64,20,4,1,1000000000,128,Yes,,,,,,,,
pfp_bloom_filter_add_unique_size_u32,0,NVIDIA H200,I64,U32,64,20,4,1,1000000000,256,Yes,,,,,,,,
pfp_bloom_filter_add_unique_size_u32,0,NVIDIA H200,I64,U32,64,20,4,1,1000000000,512,Yes,,,,,,,,
pfp_bloom_filter_add_unique_size_u32,0,NVIDIA H200,I64,U32,64,20,4,1,1000000000,1024,Yes,,,,,,,,
pfp_bloom_filter_add_unique_size_u32,0,NVIDIA H200,I64,U32,64,20,4,1,1000000000,2048,Yes,,,,,,,,
pfp_bloom_filter_add_unique_size_u32,0,NVIDIA H200,I64,U32,64,20,4,2,1000000000,1,Yes,,,,,,,,
pfp_bloom_filter_add_unique_size_u32,0,NVIDIA H200,I64,U32,64,20,4,2,1000000000,2,Yes,,,,,,,,
pfp_bloom_filter_add_unique_size_u32,0,NVIDIA H200,I64,U32,64,20,4,2,1000000000,4,Yes,,,,,,,,
pfp_bloom_filter_add_unique_size_u32,0,NVIDIA H200,I64,U32,64,20,4,2,1000000000,8,Yes,,,,,,,,
pfp_bloom_filter_add_unique_size_u32,0,NVIDIA H200,I64,U32,64,20,4,2,1000000000,16,Yes,,,,,,,,
pfp_bloom_filter_add_unique_size_u32,0,NVIDIA H200,I64,U32,64,20,4,2,1000000000,32,Yes,,,,,,,,
pfp_bloom_filter_add_unique_size_u32,0,NVIDIA H200,I64,U32,64,20,4,2,1000000000,64,Yes,,,,,,,,
pfp_bloom_filter_add_unique_size_u32,0,NVIDIA H200,I64,U32,64,20,4,2,1000000000,128,Yes,,,,,,,,
pfp_bloom_filter_add_unique_size_u32,0,NVIDIA H200,I64,U32,64,20,4,2,1000000000,256,Yes,,,,,,,,
pfp_bloom_filter_add_unique_size_u32,0,NVIDIA H200,I64,U32,64,20,4,2,1000000000,512,Yes,,,,,,,,
pfp_bloom_filter_add_unique_size_u32,0,NVIDIA H200,I64,U32,64,20,4,2,1000000000,1024,Yes,,,,,,,,
pfp_bloom_filter_add_unique_size_u32,0,NVIDIA H200,I64,U32,64,20,4,2,1000000000,2048,Yes,,,,,,,,
pfp_bloom_filter_add_unique_size_u32,0,NVIDIA H200,I64,U32,64,20,4,4,1000000000,1,Yes,,,,,,,,
pfp_bloom_filter_add_unique_size_u32,0,NVIDIA H200,I64,U32,64,20,4,4,1000000000,2,Yes,,,,,,,,
pfp_bloom_filter_add_unique_size_u32,0,NVIDIA H200,I64,U32,64,20,4,4,1000000000,4,Yes,,,,,,,,
pfp_bloom_filter_add_unique_size_u32,0,NVIDIA H200,I64,U32,64,20,4,4,1000000000,8,Yes,,,,,,,,
pfp_bloom_filter_add_unique_size_u32,0,NVIDIA H200,I64,U32,64,20,4,4,1000000000,16,Yes,,,,,,,,
pfp_bloom_filter_add_unique_size_u32,0,NVIDIA H200,I64,U32,64,20,4,4,1000000000,32,Yes,,,,,,,,
pfp_bloom_filter_add_unique_size_u32,0,NVIDIA H200,I64,U32,64,20,4,4,1000000000,64,Yes,,,,,,,,
pfp_bloom_filter_add_unique_size_u32,0,NVIDIA H200,I64,U32,64,20,4,4,1000000000,128,Yes,,,,,,,,
pfp_bloom_filter_add_unique_size_u32,0,NVIDIA H200,I64,U32,64,20,4,4,1000000000,256,Yes,,,,,,,,
pfp_bloom_filter_add_unique_size_u32,0,NVIDIA H200,I64,U32,64,20,4,4,1000000000,512,Yes,,,,,,,,
pfp_bloom_filter_add_unique_size_u32,0,NVIDIA H200,I64,U32,64,20,4,4,1000000000,1024,Yes,,,,,,,,
pfp_bloom_filter_add_unique_size_u32,0,NVIDIA H200,I64,U32,64,20,4,4,1000000000,2048,Yes,,,,,,,,
pfp_bloom_filter_add_unique_size_u32,0,NVIDIA H200,I64,U32,64,20,4,8,1000000000,1,Yes,,,,,,,,
pfp_bloom_filter_add_unique_size_u32,0,NVIDIA H200,I64,U32,64,20,4,8,1000000000,2,Yes,,,,,,,,
pfp_bloom_filter_add_unique_size_u32,0,NVIDIA H200,I64,U32,64,20,4,8,1000000000,4,Yes,,,,,,,,
pfp_bloom_filter_add_unique_size_u32,0,NVIDIA H200,I64,U32,64,20,4,8,1000000000,8,Yes,,,,,,,,
pfp_bloom_filter_add_unique_size_u32,0,NVIDIA H200,I64,U32,64,20,4,8,1000000000,16,Yes,,,,,,,,
pfp_bloom_filter_add_unique_size_u32,0,NVIDIA H200,I64,U32,64,20,4,8,1000000000,32,Yes,,,,,,,,
pfp_bloom_filter_add_unique_size_u32,0,NVIDIA H200,I64,U32,64,20,4,8,1000000000,64,Yes,,,,,,,,
pfp_bloom_filter_add_unique_size_u32,0,NVIDIA H200,I64,U32,64,20,4,8,1000000000,128,Yes,,,,,,,,
pfp_bloom_filter_add_unique_size_u32,0,NVIDIA H200,I64,U32,64,20,4,8,1000000000,256,Yes,,,,,,,,
pfp_bloom_filter_add_unique_size_u32,0,NVIDIA H200,I64,U32,64,20,4,8,1000000000,512,Yes,,,,,,,,
pfp_bloom_filter_add_unique_size_u32,0,NVIDIA H200,I64,U32,64,20,4,8,1000000000,1024,Yes,,,,,,,,
pfp_bloom_filter_add_unique_size_u32,0,NVIDIA H200,I64,U32,64,20,4,8,1000000000,2048,Yes,,,,,,,,
pfp_bloom_filter_add_unique_size_u32,0,NVIDIA H200,I64,U32,64,20,8,1,1000000000,1,Yes,,,,,,,,
pfp_bloom_filter_add_unique_size_u32,0,NVIDIA H200,I64,U32,64,20,8,1,1000000000,2,Yes,,,,,,,,
pfp_bloom_filter_add_unique_size_u32,0,NVIDIA H200,I64,U32,64,20,8,1,1000000000,4,Yes,,,,,,,,
pfp_bloom_filter_add_unique_size_u32,0,NVIDIA H200,I64,U32,64,20,8,1,1000000000,8,Yes,,,,,,,,
pfp_bloom_filter_add_unique_size_u32,0,NVIDIA H200,I64,U32,64,20,8,1,1000000000,16,Yes,,,,,,,,
pfp_bloom_filter_add_unique_size_u32,0,NVIDIA H200,I64,U32,64,20,8,1,1000000000,32,Yes,,,,,,,,
pfp_bloom_filter_add_unique_size_u32,0,NVIDIA H200,I64,U32,64,20,8,1,1000000000,64,Yes,,,,,,,,
pfp_bloom_filter_add_unique_size_u32,0,NVIDIA H200,I64,U32,64,20,8,1,1000000000,128,Yes,,,,,,,,
pfp_bloom_filter_add_unique_size_u32,0,NVIDIA H200,I64,U32,64,20,8,1,1000000000,256,Yes,,,,,,,,
pfp_bloom_filter_add_unique_size_u32,0,NVIDIA H200,I64,U32,64,20,8,1,1000000000,512,Yes,,,,,,,,
pfp_bloom_filter_add_unique_size_u32,0,NVIDIA H200,I64,U32,64,20,8,1,1000000000,1024,Yes,,,,,,,,
pfp_bloom_filter_add_unique_size_u32,0,NVIDIA H200,I64,U32,64,20,8,1,1000000000,2048,Yes,,,,,,,,
pfp_bloom_filter_add_unique_size_u32,0,NVIDIA H200,I64,U32,64,20,8,2,1000000000,1,Yes,,,,,,,,
pfp_bloom_filter_add_unique_size_u32,0,NVIDIA H200,I64,U32,64,20,8,2,1000000000,2,Yes,,,,,,,,
pfp_bloom_filter_add_unique_size_u32,0,NVIDIA H200,I64,U32,64,20,8,2,1000000000,4,Yes,,,,,,,,
pfp_bloom_filter_add_unique_size_u32,0,NVIDIA H200,I64,U32,64,20,8,2,1000000000,8,Yes,,,,,,,,
pfp_bloom_filter_add_unique_size_u32,0,NVIDIA H200,I64,U32,64,20,8,2,1000000000,16,Yes,,,,,,,,
pfp_bloom_filter_add_unique_size_u32,0,NVIDIA H200,I64,U32,64,20,8,2,1000000000,32,Yes,,,,,,,,
pfp_bloom_filter_add_unique_size_u32,0,NVIDIA H200,I64,U32,64,20,8,2,1000000000,64,Yes,,,,,,,,
pfp_bloom_filter_add_unique_size_u32,0,NVIDIA H200,I64,U32,64,20,8,2,1000000000,128,Yes,,,,,,,,
pfp_bloom_filter_add_unique_size_u32,0,NVIDIA H200,I64,U32,64,20,8,2,1000000000,256,Yes,,,,,,,,
pfp_bloom_filter_add_unique_size_u32,0,NVIDIA H200,I64,U32,64,20,8,2,1000000000,512,Yes,,,,,,,,
pfp_bloom_filter_add_unique_size_u32,0,NVIDIA H200,I64,U32,64,20,8,2,1000000000,1024,Yes,,,,,,,,
pfp_bloom_filter_add_unique_size_u32,0,NVIDIA H200,I64,U32,64,20,8,2,1000000000,2048,Yes,,,,,,,,
pfp_bloom_filter_add_unique_size_u32,0,NVIDIA H200,I64,U32,64,20,8,4,1000000000,1,Yes,,,,,,,,
pfp_bloom_filter_add_unique_size_u32,0,NVIDIA H200,I64,U32,64,20,8,4,1000000000,2,Yes,,,,,,,,
pfp_bloom_filter_add_unique_size_u32,0,NVIDIA H200,I64,U32,64,20,8,4,1000000000,4,Yes,,,,,,,,
pfp_bloom_filter_add_unique_size_u32,0,NVIDIA H200,I64,U32,64,20,8,4,1000000000,8,Yes,,,,,,,,
pfp_bloom_filter_add_unique_size_u32,0,NVIDIA H200,I64,U32,64,20,8,4,1000000000,16,Yes,,,,,,,,
pfp_bloom_filter_add_unique_size_u32,0,NVIDIA H200,I64,U32,64,20,8,4,1000000000,32,Yes,,,,,,,,
pfp_bloom_filter_add_unique_size_u32,0,NVIDIA H200,I64,U32,64,20,8,4,1000000000,64,Yes,,,,,,,,
pfp_bloom_filter_add_unique_size_u32,0,NVIDIA H200,I64,U32,64,20,8,4,1000000000,128,Yes,,,,,,,,
pfp_bloom_filter_add_unique_size_u32,0,NVIDIA H200,I64,U32,64,20,8,4,1000000000,256,Yes,,,,,,,,
pfp_bloom_filter_add_unique_size_u32,0,NVIDIA H200,I64,U32,64,20,8,4,1000000000,512,Yes,,,,,,,,
pfp_bloom_filter_add_unique_size_u32,0,NVIDIA H200,I64,U32,64,20,8,4,1000000000,1024,Yes,,,,,,,,
pfp_bloom_filter_add_unique_size_u32,0,NVIDIA H200,I64,U32,64,20,8,4,1000000000,2048,Yes,,,,,,,,
pfp_bloom_filter_add_unique_size_u32,0,NVIDIA H200,I64,U32,64,20,8,8,1000000000,1,Yes,,,,,,,,
pfp_bloom_filter_add_unique_size_u32,0,NVIDIA H200,I64,U32,64,20,8,8,1000000000,2,Yes,,,,,,,,
pfp_bloom_filter_add_unique_size_u32,0,NVIDIA H200,I64,U32,64,20,8,8,1000000000,4,Yes,,,,,,,,
pfp_bloom_filter_add_unique_size_u32,0,NVIDIA H200,I64,U32,64,20,8,8,1000000000,8,Yes,,,,,,,,
pfp_bloom_filter_add_unique_size_u32,0,NVIDIA H200,I64,U32,64,20,8,8,1000000000,16,Yes,,,,,,,,
pfp_bloom_filter_add_unique_size_u32,0,NVIDIA H200,I64,U32,64,20,8,8,1000000000,32,Yes,,,,,,,,
pfp_bloom_filter_add_unique_size_u32,0,NVIDIA H200,I64,U32,64,20,8,8,1000000000,64,Yes,,,,,,,,
pfp_bloom_filter_add_unique_size_u32,0,NVIDIA H200,I64,U32,64,20,8,8,1000000000,128,Yes,,,,,,,,
pfp_bloom_filter_add_unique_size_u32,0,NVIDIA H200,I64,U32,64,20,8,8,1000000000,256,Yes,,,,,,,,
pfp_bloom_filter_add_unique_size_u32,0,NVIDIA H200,I64,U32,64,20,8,8,1000000000,512,Yes,,,,,,,,
pfp_bloom_filter_add_unique_size_u32,0,NVIDIA H200,I64,U32,64,20,8,8,1000000000,1024,Yes,,,,,,,,
pfp_bloom_filter_add_unique_size_u32,0,NVIDIA H200,I64,U32,64,20,8,8,1000000000,2048,Yes,,,,,,,,
pfp_bloom_filter_add_unique_size_u32,0,NVIDIA H200,I64,U32,128,1,1,1,1000000000,1,No,11,0.05228438172727274,0.0007308450258937612,0.05227067392522638,0.000735415074467129,19131186282.972134,12,0.05221876939137776
pfp_bloom_filter_add_unique_size_u32,0,NVIDIA H200,I64,U32,128,1,1,1,1000000000,2,No,11,0.0522118340909091,6.126622578637735e-05,0.05219831570712002,6.385418984863067e-05,19157706267.974403,12,0.05219518756866456
pfp_bloom_filter_add_unique_size_u32,0,NVIDIA H200,I64,U32,128,1,1,1,1000000000,4,No,11,0.05220623436363637,0.00010088620130288623,0.05219276497580789,0.00010209399432691158,19159743701.32555,12,0.05218690649668376
pfp_bloom_filter_add_unique_size_u32,0,NVIDIA H200,I64,U32,128,1,1,1,1000000000,8,No,11,0.05201790800000001,0.0007726170854696995,0.0520042478388006,0.000769084998827552,19229198412.78611,12,0.05206214237213135
pfp_bloom_filter_add_unique_size_u32,0,NVIDIA H200,I64,U32,128,1,1,1,1000000000,16,No,11,0.051941728727272735,0.0007942833215816784,0.05192808948863637,0.0007950228399988088,19257400182.589695,12,0.05186339918772379
pfp_bloom_filter_add_unique_size_u32,0,NVIDIA H200,I64,U32,128,1,1,1,1000000000,32,No,11,0.05176549290909091,8.695320340650974e-05,0.051752035314386546,8.893357103833e-05,19322911532.3704,12,0.051738211949666345
pfp_bloom_filter_add_unique_size_u32,0,NVIDIA H200,I64,U32,128,1,1,1,1000000000,64,No,11,0.06432612263636364,8.546126826384113e-05,0.064312480579723,8.374099351862945e-05,15549081468.881931,12,0.06429849179585774
pfp_bloom_filter_add_unique_size_u32,0,NVIDIA H200,I64,U32,128,1,1,1,1000000000,128,No,11,0.07525247254545454,9.592096228425025e-05,0.07523871959339488,9.856098383708456e-05,13291028946.321793,12,0.07525318082173665
pfp_bloom_filter_add_unique_size_u32,0,NVIDIA H200,I64,U32,128,1,1,1,1000000000,256,No,11,0.08060136054545454,0.00011391951859531669,0.08058745644309304,0.0001151550920375932,12408879050.626839,12,0.08058052317301433
pfp_bloom_filter_add_unique_size_u32,0,NVIDIA H200,I64,U32,128,1,1,1,1000000000,512,No,11,0.08337278372727273,0.0001007955226618754,0.08335890752618963,0.00010244524268966909,11996318446.06194,12,0.08335271199544271
pfp_bloom_filter_add_unique_size_u32,0,NVIDIA H200,I64,U32,128,1,1,1,1000000000,1024,No,11,0.08482797827272728,9.143978552549058e-05,0.08481392461603338,9.125743317348753e-05,11790516763.929565,12,0.08480698521931966
pfp_bloom_filter_add_unique_size_u32,0,NVIDIA H200,I64,U32,128,1,1,1,1000000000,2048,No,11,0.08573070918181819,7.200795357930982e-05,0.0857166748046875,7.340249576913055e-05,11666341493.980982,12,0.08571210352579751
pfp_bloom_filter_add_unique_size_u32,0,NVIDIA H200,I64,U32,128,1,1,2,1000000000,1,No,11,0.052261525363636374,0.00032904153521009035,0.05224790087613193,0.0003311237897895915,19139524903.99138,12,0.05224408181508383
pfp_bloom_filter_add_unique_size_u32,0,NVIDIA H200,I64,U32,128,1,1,2,1000000000,2,No,11,0.05226448354545454,0.0003882511678258803,0.05225102545998313,0.0003821704946969975,19138380370.464848,12,0.052248711268107095
pfp_bloom_filter_add_unique_size_u32,0,NVIDIA H200,I64,U32,128,1,1,2,1000000000,4,No,11,0.05223789372727272,0.00038654668495144754,0.05222437251697887,0.00039565148463970896,19148147728.819263,12,0.052229279836018876
pfp_bloom_filter_add_unique_size_u32,0,NVIDIA H200,I64,U32,128,1,1,2,1000000000,8,No,11,0.05217288200000001,0.00031146917230960493,0.052159421747381036,0.00031351859523157875,19171991684.325195,12,0.05214472134908041
pfp_bloom_filter_add_unique_size_u32,0,NVIDIA H200,I64,U32,128,1,1,2,1000000000,16,No,11,0.05192381463636364,0.0003554766510623273,0.051909480701793326,0.0003562743083063242,19264303677.872334,12,0.05191317876180013
pfp_bloom_filter_add_unique_size_u32,0,NVIDIA H200,I64,U32,128,1,1,2,1000000000,32,No,11,0.05180034736363637,0.00012101373155422715,0.05178666409579191,0.00012230626718426262,19309990659.955605,12,0.051773940086364746
pfp_bloom_filter_add_unique_size_u32,0,NVIDIA H200,I64,U32,128,1,1,2,1000000000,64,No,11,0.06430050781818182,8.990265943886629e-05,0.06428667866099964,9.00712437406482e-05,15555322204.048832,12,0.06427663103739421
pfp_bloom_filter_add_unique_size_u32,0,NVIDIA H200,I64,U32,128,1,1,2,1000000000,128,No,11,0.07527362827272727,0.00014201755820237062,0.07525984608043323,0.00014279389133146572,13287297969.374794,12,0.07524878056844075
pfp_bloom_filter_add_unique_size_u32,0,NVIDIA H200,I64,U32,128,1,1,2,1000000000,256,No,11,0.08060607936363637,7.292340987857923e-05,0.08059211592240767,7.227921934326735e-05,12408161624.181429,12,0.08059122021993002
pfp_bloom_filter_add_unique_size_u32,0,NVIDIA H200,I64,U32,128,1,1,2,1000000000,512,No,11,0.08337107936363637,7.369357642097684e-05,0.08335712849010121,7.587488168431163e-05,11996574475.55612,12,0.08335071436564127
pfp_bloom_filter_add_unique_size_u32,0,NVIDIA H200,I64,U32,128,1,1,2,1000000000,1024,No,11,0.08483232918181818,9.72175349997222e-05,0.0848183066628196,9.997835292150789e-05,11789907619.53461,12,0.08480913734436035
pfp_bloom_filter_add_unique_size_u32,0,NVIDIA H200,I64,U32,128,1,1,2,1000000000,2048,No,11,0.08573074990909091,9.364646226790929e-05,0.08571676011518999,9.320660671398075e-05,11666329882.932528,12,0.08571311442057293
pfp_bloom_filter_add_unique_size_u32,0,NVIDIA H200,I64,U32,128,1,1,4,1000000000,1,No,11,0.052260188727272734,0.000463479133916771,0.05224667913263494,0.00046461989128256657,19139972465.26178,12,0.052237268765767404
pfp_bloom_filter_add_unique_size_u32,0,NVIDIA H200,I64,U32,128,1,1,4,1000000000,2,No,11,0.052269691636363635,0.0003120204196024315,0.05225580804998224,0.00030351452959974986,19136628775.188175,12,0.05224695078531901
pfp_bloom_filter_add_unique_size_u32,0,NVIDIA H200,I64,U32,128,1,1,4,1000000000,4,No,11,0.052245774090909095,0.0003403373986717588,0.05223241597955877,0.0003396697862275342,19145199034.855125,12,0.052223903656005856
pfp_bloom_filter_add_unique_size_u32,0,NVIDIA H200,I64,U32,128,1,1,4,1000000000,8,No,11,0.05204187972727273,0.00036302310514055324,0.052028218009255146,0.00036300329097472243,19220339236.337345,12,0.05202358277638754
pfp_bloom_filter_add_unique_size_u32,0,NVIDIA H200,I64,U32,128,1,1,4,1000000000,16,No,11,0.051941748636363645,0.0004371661457059982,0.05192790187488903,0.0004352573056875578,19257469758.92307,12,0.05190684572855631
pfp_bloom_filter_add_unique_size_u32,0,NVIDIA H200,I64,U32,128,1,1,4,1000000000,32,No,11,0.05179506663636364,0.00015701969411958768,0.05178145703402433,0.00015840397210225142,19311932442.20464,12,0.051770771344502774
pfp_bloom_filter_add_unique_size_u32,0,NVIDIA H200,I64,U32,128,1,1,4,1000000000,64,No,11,0.0643376021818182,8.970980015136349e-05,0.06432373185591264,8.87972005334676e-05,15546361679.388165,12,0.06430869928995768
pfp_bloom_filter_add_unique_size_u32,0,NVIDIA H200,I64,U32,128,1,1,4,1000000000,128,No,11,0.07527543700000001,8.244396994054635e-05,0.07526158627596768,8.579512706976377e-05,13286990740.976677,12,0.07525323549906413
pfp_bloom_filter_add_unique_size_u32,0,NVIDIA H200,I64,U32,128,1,1,4,1000000000,256,No,11,0.08059911218181819,9.1966773873819e-05,0.08058521270751953,9.25511719303071e-05,12409224551.276619,12,0.08057890701293945
pfp_bloom_filter_add_unique_size_u32,0,NVIDIA H200,I64,U32,128,1,1,4,1000000000,512,No,11,0.083366058,0.00010096692886875587,0.08335202650590377,0.00010158292129284494,11997308786.8376,12,0.08334694989522297
pfp_bloom_filter_add_unique_size_u32,0,NVIDIA H200,I64,U32,128,1,1,4,1000000000,1024,No,11,0.08482628318181819,8.618209060897273e-05,0.08481231412020597,8.274243868304475e-05,11790740653.328745,12,0.08481167348225911
pfp_bloom_filter_add_unique_size_u32,0,NVIDIA H200,I64,U32,128,1,1,4,1000000000,2048,No,11,0.08573947827272729,6.887388328081751e-05,0.0857252426147461,6.431897557197699e-05,11665175501.387081,12,0.08571967379252116
pfp_bloom_filter_add_unique_size_u32,0,NVIDIA H200,I64,U32,128,1,1,8,1000000000,1,Yes,,,,,,,,
pfp_bloom_filter_add_unique_size_u32,0,NVIDIA H200,I64,U32,128,1,1,8,1000000000,2,Yes,,,,,,,,
pfp_bloom_filter_add_unique_size_u32,0,NVIDIA H200,I64,U32,128,1,1,8,1000000000,4,Yes,,,,,,,,
pfp_bloom_filter_add_unique_size_u32,0,NVIDIA H200,I64,U32,128,1,1,8,1000000000,8,Yes,,,,,,,,
pfp_bloom_filter_add_unique_size_u32,0,NVIDIA H200,I64,U32,128,1,1,8,1000000000,16,Yes,,,,,,,,
pfp_bloom_filter_add_unique_size_u32,0,NVIDIA H200,I64,U32,128,1,1,8,1000000000,32,Yes,,,,,,,,
pfp_bloom_filter_add_unique_size_u32,0,NVIDIA H200,I64,U32,128,1,1,8,1000000000,64,Yes,,,,,,,,
pfp_bloom_filter_add_unique_size_u32,0,NVIDIA H200,I64,U32,128,1,1,8,1000000000,128,Yes,,,,,,,,
pfp_bloom_filter_add_unique_size_u32,0,NVIDIA H200,I64,U32,128,1,1,8,1000000000,256,Yes,,,,,,,,
pfp_bloom_filter_add_unique_size_u32,0,NVIDIA H200,I64,U32,128,1,1,8,1000000000,512,Yes,,,,,,,,
pfp_bloom_filter_add_unique_size_u32,0,NVIDIA H200,I64,U32,128,1,1,8,1000000000,1024,Yes,,,,,,,,
pfp_bloom_filter_add_unique_size_u32,0,NVIDIA H200,I64,U32,128,1,1,8,1000000000,2048,Yes,,,,,,,,
pfp_bloom_filter_add_unique_size_u32,0,NVIDIA H200,I64,U32,128,1,2,1,1000000000,1,No,19,0.02688836842105263,0.000124079508537659,0.026875203283209553,0.00012407177463808717,37209020875.5651,20,0.02687540073394775
pfp_bloom_filter_add_unique_size_u32,0,NVIDIA H200,I64,U32,128,1,2,1,1000000000,2,No,19,0.02688820131578948,0.00010168655161926868,0.02687512759158486,0.0001030476804489638,37209125671.765,20,0.026874903297424313
pfp_bloom_filter_add_unique_size_u32,0,NVIDIA H200,I64,U32,128,1,2,1,1000000000,4,No,19,0.026884706210526316,0.00011592788738128979,0.026871417296560184,0.00010840243594392227,37214263355.13796,20,0.026868342208862306
pfp_bloom_filter_add_unique_size_u32,0,NVIDIA H200,I64,U32,128,1,2,1,1000000000,8,No,19,0.026771437631578947,0.00018435341164688512,0.026758492620367752,0.00018512469026796578,37371312883.25376,20,0.026754822444915772
pfp_bloom_filter_add_unique_size_u32,0,NVIDIA H200,I64,U32,128,1,2,1,1000000000,16,No,19,0.026712947210526316,0.00011874438340005014,0.026699830005043432,0.0001236569722741956,37453421981.005356,20,0.02669234209060669
pfp_bloom_filter_add_unique_size_u32,0,NVIDIA H200,I64,U32,128,1,2,1,1000000000,32,No,19,0.026778903789473684,0.00012037092189175743,0.026765818947239926,0.00011474761275150267,37361083625.768135,20,0.026759543704986576
pfp_bloom_filter_add_unique_size_u32,0,NVIDIA H200,I64,U32,128,1,2,1,1000000000,64,No,12,0.04430084108333334,0.00014407491982196063,0.04428760210673014,0.0001528474363130048,22579682629.690975,13,0.04427688862727239
pfp_bloom_filter_add_unique_size_u32,0,NVIDIA H200,I64,U32,128,1,2,1,1000000000,128,No,11,0.05639887699999999,7.049562293263619e-05,0.056385477933016695,6.736101144205478e-05,17735062939.219086,12,0.05637885602315267
pfp_bloom_filter_add_unique_size_u32,0,NVIDIA H200,I64,U32,128,1,2,1,1000000000,256,No,11,0.06324021499999999,0.00011924883692572963,0.06322661243785511,0.00012048506731908135,15816124910.73899,12,0.06322322082519533
pfp_bloom_filter_add_unique_size_u32,0,NVIDIA H200,I64,U32,128,1,2,1,1000000000,512,No,11,0.0671150840909091,9.318984856666576e-05,0.06710157151655717,8.932925009703138e-05,14902780626.430666,12,0.0670937525431315
pfp_bloom_filter_add_unique_size_u32,0,NVIDIA H200,I64,U32,128,1,2,1,1000000000,1024,No,11,0.06919544172727274,5.584259465076569e-05,0.06918192846124821,5.5976393411438525e-05,14454641873.132277,12,0.06917530250549316
pfp_bloom_filter_add_unique_size_u32,0,NVIDIA H200,I64,U32,128,1,2,1,1000000000,2048,No,11,0.07027418072727273,0.0001060223786671861,0.07026074704256924,0.00010256769013029226,14232698086.658897,12,0.07025783411661783
pfp_bloom_filter_add_unique_size_u32,0,NVIDIA H200,I64,U32,128,1,2,2,1000000000,1,No,19,0.026897003000000003,0.00043697903737144594,0.026883839858205697,0.00043718610841392866,37197067281.84412,20,0.026894684886932373
pfp_bloom_filter_add_unique_size_u32,0,NVIDIA H200,I64,U32,128,1,2,2,1000000000,2,No,19,0.0269067032631579,0.00014480164014017967,0.02689366752222964,0.00015690306718657858,37183474480.504555,20,0.026889621734619146
pfp_bloom_filter_add_unique_size_u32,0,NVIDIA H200,I64,U32,128,1,2,2,1000000000,4,No,19,0.026892276894736843,0.00010471720379990846,0.026879363411351255,0.00010966018559422349,37203262022.853424,20,0.02687662858963013
pfp_bloom_filter_add_unique_size_u32,0,NVIDIA H200,I64,U32,128,1,2,2,1000000000,8,No,19,0.026836354157894742,0.0001485142169353658,0.026823332937140214,0.0001488437572017357,37280974826.7851,20,0.02682158346176148
pfp_bloom_filter_add_unique_size_u32,0,NVIDIA H200,I64,U32,128,1,2,2,1000000000,16,No,19,0.02673741905263158,0.00010819920761254002,0.026724272978933233,0.00011111881120568524,37419165744.5013,20,0.026713627719879153
pfp_bloom_filter_add_unique_size_u32,0,NVIDIA H200,I64,U32,128,1,2,2,1000000000,32,No,19,0.026793929684210526,0.0001509167465376186,0.026780865819830645,0.0001447844109697149,37340092240.764,20,0.026761354255676266
pfp_bloom_filter_add_unique_size_u32,0,NVIDIA H200,I64,U32,128,1,2,2,1000000000,64,No,12,0.04428367075,0.0002589939813840359,0.04427029323577881,0.0002564162412132617,22588510870.576523,13,0.044256137554462144
pfp_bloom_filter_add_unique_size_u32,0,NVIDIA H200,I64,U32,128,1,2,2,1000000000,128,No,11,0.056399076181818185,8.016782216015896e-05,0.056385850039395426,8.191503088013384e-05,17734945900.457726,12,0.05638286495208741
pfp_bloom_filter_add_unique_size_u32,0,NVIDIA H200,I64,U32,128,1,2,2,1000000000,256,No,11,0.06323919736363637,5.103806707935517e-05,0.06322570731423117,4.749049785723001e-05,15816351330.480328,12,0.06321811548868815
pfp_bloom_filter_add_unique_size_u32,0,NVIDIA H200,I64,U32,128,1,2,2,1000000000,512,No,11,0.06710876781818183,0.00011170689499439774,0.06709508375688032,0.0001135066891820634,14904221650.926163,12,0.0670904655456543
pfp_bloom_filter_add_unique_size_u32,0,NVIDIA H200,I64,U32,128,1,2,2,1000000000,1024,No,11,0.06920026363636364,0.00011809425333815576,0.06918659765070134,0.000115139837947307,14453666374.06635,12,0.06918412526448567
pfp_bloom_filter_add_unique_size_u32,0,NVIDIA H200,I64,U32,128,1,2,2,1000000000,2048,No,11,0.07027218118181819,5.6176917517843324e-05,0.07025834239612926,5.753045514450614e-05,14233185211.826077,12,0.07025140380859375
pfp_bloom_filter_add_unique_size_u32,0,NVIDIA H200,I64,U32,128,1,2,4,1000000000,1,Yes,,,,,,,,
pfp_bloom_filter_add_unique_size_u32,0,NVIDIA H200,I64,U32,128,1,2,4,1000000000,2,Yes,,,,,,,,
pfp_bloom_filter_add_unique_size_u32,0,NVIDIA H200,I64,U32,128,1,2,4,1000000000,4,Yes,,,,,,,,
pfp_bloom_filter_add_unique_size_u32,0,NVIDIA H200,I64,U32,128,1,2,4,1000000000,8,Yes,,,,,,,,
pfp_bloom_filter_add_unique_size_u32,0,NVIDIA H200,I64,U32,128,1,2,4,1000000000,16,Yes,,,,,,,,
pfp_bloom_filter_add_unique_size_u32,0,NVIDIA H200,I64,U32,128,1,2,4,1000000000,32,Yes,,,,,,,,
pfp_bloom_filter_add_unique_size_u32,0,NVIDIA H200,I64,U32,128,1,2,4,1000000000,64,Yes,,,,,,,,
pfp_bloom_filter_add_unique_size_u32,0,NVIDIA H200,I64,U32,128,1,2,4,1000000000,128,Yes,,,,,,,,
pfp_bloom_filter_add_unique_size_u32,0,NVIDIA H200,I64,U32,128,1,2,4,1000000000,256,Yes,,,,,,,,
pfp_bloom_filter_add_unique_size_u32,0,NVIDIA H200,I64,U32,128,1,2,4,1000000000,512,Yes,,,,,,,,
pfp_bloom_filter_add_unique_size_u32,0,NVIDIA H200,I64,U32,128,1,2,4,1000000000,1024,Yes,,,,,,,,
pfp_bloom_filter_add_unique_size_u32,0,NVIDIA H200,I64,U32,128,1,2,4,1000000000,2048,Yes,,,,,,,,
pfp_bloom_filter_add_unique_size_u32,0,NVIDIA H200,I64,U32,128,1,2,8,1000000000,1,Yes,,,,,,,,
pfp_bloom_filter_add_unique_size_u32,0,NVIDIA H200,I64,U32,128,1,2,8,1000000000,2,Yes,,,,,,,,
pfp_bloom_filter_add_unique_size_u32,0,NVIDIA H200,I64,U32,128,1,2,8,1000000000,4,Yes,,,,,,,,
pfp_bloom_filter_add_unique_size_u32,0,NVIDIA H200,I64,U32,128,1,2,8,1000000000,8,Yes,,,,,,,,
pfp_bloom_filter_add_unique_size_u32,0,NVIDIA H200,I64,U32,128,1,2,8,1000000000,16,Yes,,,,,,,,
pfp_bloom_filter_add_unique_size_u32,0,NVIDIA H200,I64,U32,128,1,2,8,1000000000,32,Yes,,,,,,,,
pfp_bloom_filter_add_unique_size_u32,0,NVIDIA H200,I64,U32,128,1,2,8,1000000000,64,Yes,,,,,,,,
pfp_bloom_filter_add_unique_size_u32,0,NVIDIA H200,I64,U32,128,1,2,8,1000000000,128,Yes,,,,,,,,
pfp_bloom_filter_add_unique_size_u32,0,NVIDIA H200,I64,U32,128,1,2,8,1000000000,256,Yes,,,,,,,,
pfp_bloom_filter_add_unique_size_u32,0,NVIDIA H200,I64,U32,128,1,2,8,1000000000,512,Yes,,,,,,,,
pfp_bloom_filter_add_unique_size_u32,0,NVIDIA H200,I64,U32,128,1,2,8,1000000000,1024,Yes,,,,,,,,
pfp_bloom_filter_add_unique_size_u32,0,NVIDIA H200,I64,U32,128,1,2,8,1000000000,2048,Yes,,,,,,,,
pfp_bloom_filter_add_unique_size_u32,0,NVIDIA H200,I64,U32,128,1,4,1,1000000000,1,No,36,0.01429489136111111,0.00045451595537520165,0.01428188090854221,0.00044618887735177487,70018788589.80576,37,0.014284557213654387
pfp_bloom_filter_add_unique_size_u32,0,NVIDIA H200,I64,U32,128,1,4,1,1000000000,2,No,35,0.014307263714285716,0.000184912165024931,0.014294219888959613,0.00016837562400884876,69958347343.76566,36,0.01429152086046007
pfp_bloom_filter_add_unique_size_u32,0,NVIDIA H200,I64,U32,128,1,4,1,1000000000,4,No,35,0.01430550985714286,0.00020111488738408712,0.014292389515468054,0.00018359531217486768,69967306650.6998,36,0.01428828599717882
pfp_bloom_filter_add_unique_size_u32,0,NVIDIA H200,I64,U32,128,1,4,1,1000000000,8,No,36,0.01425906177777778,0.0002165885113394292,0.014246059497197467,0.00021339906796450414,70194849333.36993,37,0.014237052195780983
pfp_bloom_filter_add_unique_size_u32,0,NVIDIA H200,I64,U32,128,1,4,1,1000000000,16,No,36,0.014222242444444443,0.00021931251617971693,0.014208990255991615,0.00021525601790438808,70377977743.93732,37,0.014199992411845438
pfp_bloom_filter_add_unique_size_u32,0,NVIDIA H200,I64,U32,128,1,4,1,1000000000,32,No,35,0.014374199371428571,0.0001862157294574528,0.014360907064165386,0.00018269900507588587,69633484537.70647,36,0.014333489312065973
pfp_bloom_filter_add_unique_size_u32,0,NVIDIA H200,I64,U32,128,1,4,1,1000000000,64,No,15,0.0346369188,0.0003404444055310862,0.03462321929931641,0.00034330753833725634,28882351792.738804,16,0.034607527017593384
pfp_bloom_filter_add_unique_size_u32,0,NVIDIA H200,I64,U32,128,1,4,1,1000000000,128,No,11,0.04816899563636363,7.719123051350654e-05,0.048155257831920276,7.57950702657926e-05,20766164382.09865,12,0.04814710489908854
pfp_bloom_filter_add_unique_size_u32,0,NVIDIA H200,I64,U32,128,1,4,1,1000000000,256,No,11,0.055722499545454544,0.00010360888172162016,0.0557085848721591,0.00010472933470301061,17950554699.86924,12,0.055701945304870604
pfp_bloom_filter_add_unique_size_u32,0,NVIDIA H200,I64,U32,128,1,4,1,1000000000,512,No,11,0.06007313654545456,9.200870762220883e-05,0.060059208609841104,8.741669252792436e-05,16650236044.504644,12,0.0600563580195109
pfp_bloom_filter_add_unique_size_u32,0,NVIDIA H200,I64,U32,128,1,4,1,1000000000,1024,No,11,0.06263106672727273,6.394358726535919e-05,0.062616904518821,6.304980231707286e-05,15970128317.336834,12,0.06260877831776937
pfp_bloom_filter_add_unique_size_u32,0,NVIDIA H200,I64,U32,128,1,4,1,1000000000,2048,No,11,0.06425608645454545,0.00010539660190492687,0.06424222287264737,0.00010984607930721363,15566086528.20719,12,0.06424032402038575
pfp_bloom_filter_add_unique_size_u32,0,NVIDIA H200,I64,U32,128,1,4,2,1000000000,1,Yes,,,,,,,,
pfp_bloom_filter_add_unique_size_u32,0,NVIDIA H200,I64,U32,128,1,4,2,1000000000,2,Yes,,,,,,,,
pfp_bloom_filter_add_unique_size_u32,0,NVIDIA H200,I64,U32,128,1,4,2,1000000000,4,Yes,,,,,,,,
pfp_bloom_filter_add_unique_size_u32,0,NVIDIA H200,I64,U32,128,1,4,2,1000000000,8,Yes,,,,,,,,
pfp_bloom_filter_add_unique_size_u32,0,NVIDIA H200,I64,U32,128,1,4,2,1000000000,16,Yes,,,,,,,,
pfp_bloom_filter_add_unique_size_u32,0,NVIDIA H200,I64,U32,128,1,4,2,1000000000,32,Yes,,,,,,,,
pfp_bloom_filter_add_unique_size_u32,0,NVIDIA H200,I64,U32,128,1,4,2,1000000000,64,Yes,,,,,,,,
pfp_bloom_filter_add_unique_size_u32,0,NVIDIA H200,I64,U32,128,1,4,2,1000000000,128,Yes,,,,,,,,
pfp_bloom_filter_add_unique_size_u32,0,NVIDIA H200,I64,U32,128,1,4,2,1000000000,256,Yes,,,,,,,,
pfp_bloom_filter_add_unique_size_u32,0,NVIDIA H200,I64,U32,128,1,4,2,1000000000,512,Yes,,,,,,,,
pfp_bloom_filter_add_unique_size_u32,0,NVIDIA H200,I64,U32,128,1,4,2,1000000000,1024,Yes,,,,,,,,
pfp_bloom_filter_add_unique_size_u32,0,NVIDIA H200,I64,U32,128,1,4,2,1000000000,2048,Yes,,,,,,,,
pfp_bloom_filter_add_unique_size_u32,0,NVIDIA H200,I64,U32,128,1,4,4,1000000000,1,Yes,,,,,,,,
pfp_bloom_filter_add_unique_size_u32,0,NVIDIA H200,I64,U32,128,1,4,4,1000000000,2,Yes,,,,,,,,
pfp_bloom_filter_add_unique_size_u32,0,NVIDIA H200,I64,U32,128,1,4,4,1000000000,4,Yes,,,,,,,,
pfp_bloom_filter_add_unique_size_u32,0,NVIDIA H200,I64,U32,128,1,4,4,1000000000,8,Yes,,,,,,,,
pfp_bloom_filter_add_unique_size_u32,0,NVIDIA H200,I64,U32,128,1,4,4,1000000000,16,Yes,,,,,,,,
pfp_bloom_filter_add_unique_size_u32,0,NVIDIA H200,I64,U32,128,1,4,4,1000000000,32,Yes,,,,,,,,
pfp_bloom_filter_add_unique_size_u32,0,NVIDIA H200,I64,U32,128,1,4,4,1000000000,64,Yes,,,,,,,,
pfp_bloom_filter_add_unique_size_u32,0,NVIDIA H200,I64,U32,128,1,4,4,1000000000,128,Yes,,,,,,,,
pfp_bloom_filter_add_unique_size_u32,0,NVIDIA H200,I64,U32,128,1,4,4,1000000000,256,Yes,,,,,,,,
pfp_bloom_filter_add_unique_size_u32,0,NVIDIA H200,I64,U32,128,1,4,4,1000000000,512,Yes,,,,,,,,
pfp_bloom_filter_add_unique_size_u32,0,NVIDIA H200,I64,U32,128,1,4,4,1000000000,1024,Yes,,,,,,,,
pfp_bloom_filter_add_unique_size_u32,0,NVIDIA H200,I64,U32,128,1,4,4,1000000000,2048,Yes,,,,,,,,
pfp_bloom_filter_add_unique_size_u32,0,NVIDIA H200,I64,U32,128,1,4,8,1000000000,1,Yes,,,,,,,,
pfp_bloom_filter_add_unique_size_u32,0,NVIDIA H200,I64,U32,128,1,4,8,1000000000,2,Yes,,,,,,,,
pfp_bloom_filter_add_unique_size_u32,0,NVIDIA H200,I64,U32,128,1,4,8,1000000000,4,Yes,,,,,,,,
pfp_bloom_filter_add_unique_size_u32,0,NVIDIA H200,I64,U32,128,1,4,8,1000000000,8,Yes,,,,,,,,
pfp_bloom_filter_add_unique_size_u32,0,NVIDIA H200,I64,U32,128,1,4,8,1000000000,16,Yes,,,,,,,,
pfp_bloom_filter_add_unique_size_u32,0,NVIDIA H200,I64,U32,128,1,4,8,1000000000,32,Yes,,,,,,,,
pfp_bloom_filter_add_unique_size_u32,0,NVIDIA H200,I64,U32,128,1,4,8,1000000000,64,Yes,,,,,,,,
pfp_bloom_filter_add_unique_size_u32,0,NVIDIA H200,I64,U32,128,1,4,8,1000000000,128,Yes,,,,,,,,
pfp_bloom_filter_add_unique_size_u32,0,NVIDIA H200,I64,U32,128,1,4,8,1000000000,256,Yes,,,,,,,,
pfp_bloom_filter_add_unique_size_u32,0,NVIDIA H200,I64,U32,128,1,4,8,1000000000,512,Yes,,,,,,,,
pfp_bloom_filter_add_unique_size_u32,0,NVIDIA H200,I64,U32,128,1,4,8,1000000000,1024,Yes,,,,,,,,
pfp_bloom_filter_add_unique_size_u32,0,NVIDIA H200,I64,U32,128,1,4,8,1000000000,2048,Yes,,,,,,,,
pfp_bloom_filter_add_unique_size_u32,0,NVIDIA H200,I64,U32,128,1,8,1,1000000000,1,Yes,,,,,,,,
pfp_bloom_filter_add_unique_size_u32,0,NVIDIA H200,I64,U32,128,1,8,1,1000000000,2,Yes,,,,,,,,
pfp_bloom_filter_add_unique_size_u32,0,NVIDIA H200,I64,U32,128,1,8,1,1000000000,4,Yes,,,,,,,,
pfp_bloom_filter_add_unique_size_u32,0,NVIDIA H200,I64,U32,128,1,8,1,1000000000,8,Yes,,,,,,,,
pfp_bloom_filter_add_unique_size_u32,0,NVIDIA H200,I64,U32,128,1,8,1,1000000000,16,Yes,,,,,,,,
pfp_bloom_filter_add_unique_size_u32,0,NVIDIA H200,I64,U32,128,1,8,1,1000000000,32,Yes,,,,,,,,
pfp_bloom_filter_add_unique_size_u32,0,NVIDIA H200,I64,U32,128,1,8,1,1000000000,64,Yes,,,,,,,,
pfp_bloom_filter_add_unique_size_u32,0,NVIDIA H200,I64,U32,128,1,8,1,1000000000,128,Yes,,,,,,,,
pfp_bloom_filter_add_unique_size_u32,0,NVIDIA H200,I64,U32,128,1,8,1,1000000000,256,Yes,,,,,,,,
pfp_bloom_filter_add_unique_size_u32,0,NVIDIA H200,I64,U32,128,1,8,1,1000000000,512,Yes,,,,,,,,
pfp_bloom_filter_add_unique_size_u32,0,NVIDIA H200,I64,U32,128,1,8,1,1000000000,1024,Yes,,,,,,,,
pfp_bloom_filter_add_unique_size_u32,0,NVIDIA H200,I64,U32,128,1,8,1,1000000000,2048,Yes,,,,,,,,
pfp_bloom_filter_add_unique_size_u32,0,NVIDIA H200,I64,U32,128,1,8,2,1000000000,1,Yes,,,,,,,,
pfp_bloom_filter_add_unique_size_u32,0,NVIDIA H200,I64,U32,128,1,8,2,1000000000,2,Yes,,,,,,,,
pfp_bloom_filter_add_unique_size_u32,0,NVIDIA H200,I64,U32,128,1,8,2,1000000000,4,Yes,,,,,,,,
pfp_bloom_filter_add_unique_size_u32,0,NVIDIA H200,I64,U32,128,1,8,2,1000000000,8,Yes,,,,,,,,
pfp_bloom_filter_add_unique_size_u32,0,NVIDIA H200,I64,U32,128,1,8,2,1000000000,16,Yes,,,,,,,,
pfp_bloom_filter_add_unique_size_u32,0,NVIDIA H200,I64,U32,128,1,8,2,1000000000,32,Yes,,,,,,,,
pfp_bloom_filter_add_unique_size_u32,0,NVIDIA H200,I64,U32,128,1,8,2,1000000000,64,Yes,,,,,,,,
pfp_bloom_filter_add_unique_size_u32,0,NVIDIA H200,I64,U32,128,1,8,2,1000000000,128,Yes,,,,,,,,
pfp_bloom_filter_add_unique_size_u32,0,NVIDIA H200,I64,U32,128,1,8,2,1000000000,256,Yes,,,,,,,,
pfp_bloom_filter_add_unique_size_u32,0,NVIDIA H200,I64,U32,128,1,8,2,1000000000,512,Yes,,,,,,,,
pfp_bloom_filter_add_unique_size_u32,0,NVIDIA H200,I64,U32,128,1,8,2,1000000000,1024,Yes,,,,,,,,
pfp_bloom_filter_add_unique_size_u32,0,NVIDIA H200,I64,U32,128,1,8,2,1000000000,2048,Yes,,,,,,,,
pfp_bloom_filter_add_unique_size_u32,0,NVIDIA H200,I64,U32,128,1,8,4,1000000000,1,Yes,,,,,,,,
pfp_bloom_filter_add_unique_size_u32,0,NVIDIA H200,I64,U32,128,1,8,4,1000000000,2,Yes,,,,,,,,
pfp_bloom_filter_add_unique_size_u32,0,NVIDIA H200,I64,U32,128,1,8,4,1000000000,4,Yes,,,,,,,,
pfp_bloom_filter_add_unique_size_u32,0,NVIDIA H200,I64,U32,128,1,8,4,1000000000,8,Yes,,,,,,,,
pfp_bloom_filter_add_unique_size_u32,0,NVIDIA H200,I64,U32,128,1,8,4,1000000000,16,Yes,,,,,,,,
pfp_bloom_filter_add_unique_size_u32,0,NVIDIA H200,I64,U32,128,1,8,4,1000000000,32,Yes,,,,,,,,
pfp_bloom_filter_add_unique_size_u32,0,NVIDIA H200,I64,U32,128,1,8,4,1000000000,64,Yes,,,,,,,,
pfp_bloom_filter_add_unique_size_u32,0,NVIDIA H200,I64,U32,128,1,8,4,1000000000,128,Yes,,,,,,,,
pfp_bloom_filter_add_unique_size_u32,0,NVIDIA H200,I64,U32,128,1,8,4,1000000000,256,Yes,,,,,,,,
pfp_bloom_filter_add_unique_size_u32,0,NVIDIA H200,I64,U32,128,1,8,4,1000000000,512,Yes,,,,,,,,
pfp_bloom_filter_add_unique_size_u32,0,NVIDIA H200,I64,U32,128,1,8,4,1000000000,1024,Yes,,,,,,,,
pfp_bloom_filter_add_unique_size_u32,0,NVIDIA H200,I64,U32,128,1,8,4,1000000000,2048,Yes,,,,,,,,
pfp_bloom_filter_add_unique_size_u32,0,NVIDIA H200,I64,U32,128,1,8,8,1000000000,1,Yes,,,,,,,,
pfp_bloom_filter_add_unique_size_u32,0,NVIDIA H200,I64,U32,128,1,8,8,1000000000,2,Yes,,,,,,,,
pfp_bloom_filter_add_unique_size_u32,0,NVIDIA H200,I64,U32,128,1,8,8,1000000000,4,Yes,,,,,,,,
pfp_bloom_filter_add_unique_size_u32,0,NVIDIA H200,I64,U32,128,1,8,8,1000000000,8,Yes,,,,,,,,
pfp_bloom_filter_add_unique_size_u32,0,NVIDIA H200,I64,U32,128,1,8,8,1000000000,16,Yes,,,,,,,,
pfp_bloom_filter_add_unique_size_u32,0,NVIDIA H200,I64,U32,128,1,8,8,1000000000,32,Yes,,,,,,,,
pfp_bloom_filter_add_unique_size_u32,0,NVIDIA H200,I64,U32,128,1,8,8,1000000000,64,Yes,,,,,,,,
pfp_bloom_filter_add_unique_size_u32,0,NVIDIA H200,I64,U32,128,1,8,8,1000000000,128,Yes,,,,,,,,
pfp_bloom_filter_add_unique_size_u32,0,NVIDIA H200,I64,U32,128,1,8,8,1000000000,256,Yes,,,,,,,,
pfp_bloom_filter_add_unique_size_u32,0,NVIDIA H200,I64,U32,128,1,8,8,1000000000,512,Yes,,,,,,,,
pfp_bloom_filter_add_unique_size_u32,0,NVIDIA H200,I64,U32,128,1,8,8,1000000000,1024,Yes,,,,,,,,
pfp_bloom_filter_add_unique_size_u32,0,NVIDIA H200,I64,U32,128,1,8,8,1000000000,2048,Yes,,,,,,,,
pfp_bloom_filter_add_unique_size_u32,0,NVIDIA H200,I64,U32,128,20,1,1,1000000000,1,Yes,,,,,,,,
pfp_bloom_filter_add_unique_size_u32,0,NVIDIA H200,I64,U32,128,20,1,1,1000000000,2,Yes,,,,,,,,
pfp_bloom_filter_add_unique_size_u32,0,NVIDIA H200,I64,U32,128,20,1,1,1000000000,4,Yes,,,,,,,,
pfp_bloom_filter_add_unique_size_u32,0,NVIDIA H200,I64,U32,128,20,1,1,1000000000,8,Yes,,,,,,,,
pfp_bloom_filter_add_unique_size_u32,0,NVIDIA H200,I64,U32,128,20,1,1,1000000000,16,Yes,,,,,,,,
pfp_bloom_filter_add_unique_size_u32,0,NVIDIA H200,I64,U32,128,20,1,1,1000000000,32,Yes,,,,,,,,
pfp_bloom_filter_add_unique_size_u32,0,NVIDIA H200,I64,U32,128,20,1,1,1000000000,64,Yes,,,,,,,,
pfp_bloom_filter_add_unique_size_u32,0,NVIDIA H200,I64,U32,128,20,1,1,1000000000,128,Yes,,,,,,,,
pfp_bloom_filter_add_unique_size_u32,0,NVIDIA H200,I64,U32,128,20,1,1,1000000000,256,Yes,,,,,,,,
pfp_bloom_filter_add_unique_size_u32,0,NVIDIA H200,I64,U32,128,20,1,1,1000000000,512,Yes,,,,,,,,
pfp_bloom_filter_add_unique_size_u32,0,NVIDIA H200,I64,U32,128,20,1,1,1000000000,1024,Yes,,,,,,,,
pfp_bloom_filter_add_unique_size_u32,0,NVIDIA H200,I64,U32,128,20,1,1,1000000000,2048,Yes,,,,,,,,
pfp_bloom_filter_add_unique_size_u32,0,NVIDIA H200,I64,U32,128,20,1,2,1000000000,1,Yes,,,,,,,,
pfp_bloom_filter_add_unique_size_u32,0,NVIDIA H200,I64,U32,128,20,1,2,1000000000,2,Yes,,,,,,,,
pfp_bloom_filter_add_unique_size_u32,0,NVIDIA H200,I64,U32,128,20,1,2,1000000000,4,Yes,,,,,,,,
pfp_bloom_filter_add_unique_size_u32,0,NVIDIA H200,I64,U32,128,20,1,2,1000000000,8,Yes,,,,,,,,
pfp_bloom_filter_add_unique_size_u32,0,NVIDIA H200,I64,U32,128,20,1,2,1000000000,16,Yes,,,,,,,,
pfp_bloom_filter_add_unique_size_u32,0,NVIDIA H200,I64,U32,128,20,1,2,1000000000,32,Yes,,,,,,,,
pfp_bloom_filter_add_unique_size_u32,0,NVIDIA H200,I64,U32,128,20,1,2,1000000000,64,Yes,,,,,,,,
pfp_bloom_filter_add_unique_size_u32,0,NVIDIA H200,I64,U32,128,20,1,2,1000000000,128,Yes,,,,,,,,
pfp_bloom_filter_add_unique_size_u32,0,NVIDIA H200,I64,U32,128,20,1,2,1000000000,256,Yes,,,,,,,,
pfp_bloom_filter_add_unique_size_u32,0,NVIDIA H200,I64,U32,128,20,1,2,1000000000,512,Yes,,,,,,,,
pfp_bloom_filter_add_unique_size_u32,0,NVIDIA H200,I64,U32,128,20,1,2,1000000000,1024,Yes,,,,,,,,
pfp_bloom_filter_add_unique_size_u32,0,NVIDIA H200,I64,U32,128,20,1,2,1000000000,2048,Yes,,,,,,,,
pfp_bloom_filter_add_unique_size_u32,0,NVIDIA H200,I64,U32,128,20,1,4,1000000000,1,Yes,,,,,,,,
pfp_bloom_filter_add_unique_size_u32,0,NVIDIA H200,I64,U32,128,20,1,4,1000000000,2,Yes,,,,,,,,
pfp_bloom_filter_add_unique_size_u32,0,NVIDIA H200,I64,U32,128,20,1,4,1000000000,4,Yes,,,,,,,,
pfp_bloom_filter_add_unique_size_u32,0,NVIDIA H200,I64,U32,128,20,1,4,1000000000,8,Yes,,,,,,,,
pfp_bloom_filter_add_unique_size_u32,0,NVIDIA H200,I64,U32,128,20,1,4,1000000000,16,Yes,,,,,,,,
pfp_bloom_filter_add_unique_size_u32,0,NVIDIA H200,I64,U32,128,20,1,4,1000000000,32,Yes,,,,,,,,
pfp_bloom_filter_add_unique_size_u32,0,NVIDIA H200,I64,U32,128,20,1,4,1000000000,64,Yes,,,,,,,,
pfp_bloom_filter_add_unique_size_u32,0,NVIDIA H200,I64,U32,128,20,1,4,1000000000,128,Yes,,,,,,,,
pfp_bloom_filter_add_unique_size_u32,0,NVIDIA H200,I64,U32,128,20,1,4,1000000000,256,Yes,,,,,,,,
pfp_bloom_filter_add_unique_size_u32,0,NVIDIA H200,I64,U32,128,20,1,4,1000000000,512,Yes,,,,,,,,
pfp_bloom_filter_add_unique_size_u32,0,NVIDIA H200,I64,U32,128,20,1,4,1000000000,1024,Yes,,,,,,,,
pfp_bloom_filter_add_unique_size_u32,0,NVIDIA H200,I64,U32,128,20,1,4,1000000000,2048,Yes,,,,,,,,
pfp_bloom_filter_add_unique_size_u32,0,NVIDIA H200,I64,U32,128,20,1,8,1000000000,1,Yes,,,,,,,,
pfp_bloom_filter_add_unique_size_u32,0,NVIDIA H200,I64,U32,128,20,1,8,1000000000,2,Yes,,,,,,,,
pfp_bloom_filter_add_unique_size_u32,0,NVIDIA H200,I64,U32,128,20,1,8,1000000000,4,Yes,,,,,,,,
pfp_bloom_filter_add_unique_size_u32,0,NVIDIA H200,I64,U32,128,20,1,8,1000000000,8,Yes,,,,,,,,
pfp_bloom_filter_add_unique_size_u32,0,NVIDIA H200,I64,U32,128,20,1,8,1000000000,16,Yes,,,,,,,,
pfp_bloom_filter_add_unique_size_u32,0,NVIDIA H200,I64,U32,128,20,1,8,1000000000,32,Yes,,,,,,,,
pfp_bloom_filter_add_unique_size_u32,0,NVIDIA H200,I64,U32,128,20,1,8,1000000000,64,Yes,,,,,,,,
pfp_bloom_filter_add_unique_size_u32,0,NVIDIA H200,I64,U32,128,20,1,8,1000000000,128,Yes,,,,,,,,
pfp_bloom_filter_add_unique_size_u32,0,NVIDIA H200,I64,U32,128,20,1,8,1000000000,256,Yes,,,,,,,,
pfp_bloom_filter_add_unique_size_u32,0,NVIDIA H200,I64,U32,128,20,1,8,1000000000,512,Yes,,,,,,,,
pfp_bloom_filter_add_unique_size_u32,0,NVIDIA H200,I64,U32,128,20,1,8,1000000000,1024,Yes,,,,,,,,
pfp_bloom_filter_add_unique_size_u32,0,NVIDIA H200,I64,U32,128,20,1,8,1000000000,2048,Yes,,,,,,,,
pfp_bloom_filter_add_unique_size_u32,0,NVIDIA H200,I64,U32,128,20,2,1,1000000000,1,Yes,,,,,,,,
pfp_bloom_filter_add_unique_size_u32,0,NVIDIA H200,I64,U32,128,20,2,1,1000000000,2,Yes,,,,,,,,
pfp_bloom_filter_add_unique_size_u32,0,NVIDIA H200,I64,U32,128,20,2,1,1000000000,4,Yes,,,,,,,,
pfp_bloom_filter_add_unique_size_u32,0,NVIDIA H200,I64,U32,128,20,2,1,1000000000,8,Yes,,,,,,,,
pfp_bloom_filter_add_unique_size_u32,0,NVIDIA H200,I64,U32,128,20,2,1,1000000000,16,Yes,,,,,,,,
pfp_bloom_filter_add_unique_size_u32,0,NVIDIA H200,I64,U32,128,20,2,1,1000000000,32,Yes,,,,,,,,
pfp_bloom_filter_add_unique_size_u32,0,NVIDIA H200,I64,U32,128,20,2,1,1000000000,64,Yes,,,,,,,,
pfp_bloom_filter_add_unique_size_u32,0,NVIDIA H200,I64,U32,128,20,2,1,1000000000,128,Yes,,,,,,,,
pfp_bloom_filter_add_unique_size_u32,0,NVIDIA H200,I64,U32,128,20,2,1,1000000000,256,Yes,,,,,,,,
pfp_bloom_filter_add_unique_size_u32,0,NVIDIA H200,I64,U32,128,20,2,1,1000000000,512,Yes,,,,,,,,
pfp_bloom_filter_add_unique_size_u32,0,NVIDIA H200,I64,U32,128,20,2,1,1000000000,1024,Yes,,,,,,,,
pfp_bloom_filter_add_unique_size_u32,0,NVIDIA H200,I64,U32,128,20,2,1,1000000000,2048,Yes,,,,,,,,
pfp_bloom_filter_add_unique_size_u32,0,NVIDIA H200,I64,U32,128,20,2,2,1000000000,1,Yes,,,,,,,,
pfp_bloom_filter_add_unique_size_u32,0,NVIDIA H200,I64,U32,128,20,2,2,1000000000,2,Yes,,,,,,,,
pfp_bloom_filter_add_unique_size_u32,0,NVIDIA H200,I64,U32,128,20,2,2,1000000000,4,Yes,,,,,,,,
pfp_bloom_filter_add_unique_size_u32,0,NVIDIA H200,I64,U32,128,20,2,2,1000000000,8,Yes,,,,,,,,
pfp_bloom_filter_add_unique_size_u32,0,NVIDIA H200,I64,U32,128,20,2,2,1000000000,16,Yes,,,,,,,,
pfp_bloom_filter_add_unique_size_u32,0,NVIDIA H200,I64,U32,128,20,2,2,1000000000,32,Yes,,,,,,,,
pfp_bloom_filter_add_unique_size_u32,0,NVIDIA H200,I64,U32,128,20,2,2,1000000000,64,Yes,,,,,,,,
pfp_bloom_filter_add_unique_size_u32,0,NVIDIA H200,I64,U32,128,20,2,2,1000000000,128,Yes,,,,,,,,
pfp_bloom_filter_add_unique_size_u32,0,NVIDIA H200,I64,U32,128,20,2,2,1000000000,256,Yes,,,,,,,,
pfp_bloom_filter_add_unique_size_u32,0,NVIDIA H200,I64,U32,128,20,2,2,1000000000,512,Yes,,,,,,,,
pfp_bloom_filter_add_unique_size_u32,0,NVIDIA H200,I64,U32,128,20,2,2,1000000000,1024,Yes,,,,,,,,
pfp_bloom_filter_add_unique_size_u32,0,NVIDIA H200,I64,U32,128,20,2,2,1000000000,2048,Yes,,,,,,,,
pfp_bloom_filter_add_unique_size_u32,0,NVIDIA H200,I64,U32,128,20,2,4,1000000000,1,Yes,,,,,,,,
pfp_bloom_filter_add_unique_size_u32,0,NVIDIA H200,I64,U32,128,20,2,4,1000000000,2,Yes,,,,,,,,
pfp_bloom_filter_add_unique_size_u32,0,NVIDIA H200,I64,U32,128,20,2,4,1000000000,4,Yes,,,,,,,,
pfp_bloom_filter_add_unique_size_u32,0,NVIDIA H200,I64,U32,128,20,2,4,1000000000,8,Yes,,,,,,,,
pfp_bloom_filter_add_unique_size_u32,0,NVIDIA H200,I64,U32,128,20,2,4,1000000000,16,Yes,,,,,,,,
pfp_bloom_filter_add_unique_size_u32,0,NVIDIA H200,I64,U32,128,20,2,4,1000000000,32,Yes,,,,,,,,
pfp_bloom_filter_add_unique_size_u32,0,NVIDIA H200,I64,U32,128,20,2,4,1000000000,64,Yes,,,,,,,,
pfp_bloom_filter_add_unique_size_u32,0,NVIDIA H200,I64,U32,128,20,2,4,1000000000,128,Yes,,,,,,,,
pfp_bloom_filter_add_unique_size_u32,0,NVIDIA H200,I64,U32,128,20,2,4,1000000000,256,Yes,,,,,,,,
pfp_bloom_filter_add_unique_size_u32,0,NVIDIA H200,I64,U32,128,20,2,4,1000000000,512,Yes,,,,,,,,
pfp_bloom_filter_add_unique_size_u32,0,NVIDIA H200,I64,U32,128,20,2,4,1000000000,1024,Yes,,,,,,,,
pfp_bloom_filter_add_unique_size_u32,0,NVIDIA H200,I64,U32,128,20,2,4,1000000000,2048,Yes,,,,,,,,
pfp_bloom_filter_add_unique_size_u32,0,NVIDIA H200,I64,U32,128,20,2,8,1000000000,1,Yes,,,,,,,,
pfp_bloom_filter_add_unique_size_u32,0,NVIDIA H200,I64,U32,128,20,2,8,1000000000,2,Yes,,,,,,,,
pfp_bloom_filter_add_unique_size_u32,0,NVIDIA H200,I64,U32,128,20,2,8,1000000000,4,Yes,,,,,,,,
pfp_bloom_filter_add_unique_size_u32,0,NVIDIA H200,I64,U32,128,20,2,8,1000000000,8,Yes,,,,,,,,
pfp_bloom_filter_add_unique_size_u32,0,NVIDIA H200,I64,U32,128,20,2,8,1000000000,16,Yes,,,,,,,,
pfp_bloom_filter_add_unique_size_u32,0,NVIDIA H200,I64,U32,128,20,2,8,1000000000,32,Yes,,,,,,,,
pfp_bloom_filter_add_unique_size_u32,0,NVIDIA H200,I64,U32,128,20,2,8,1000000000,64,Yes,,,,,,,,
pfp_bloom_filter_add_unique_size_u32,0,NVIDIA H200,I64,U32,128,20,2,8,1000000000,128,Yes,,,,,,,,
pfp_bloom_filter_add_unique_size_u32,0,NVIDIA H200,I64,U32,128,20,2,8,1000000000,256,Yes,,,,,,,,
pfp_bloom_filter_add_unique_size_u32,0,NVIDIA H200,I64,U32,128,20,2,8,1000000000,512,Yes,,,,,,,,
pfp_bloom_filter_add_unique_size_u32,0,NVIDIA H200,I64,U32,128,20,2,8,1000000000,1024,Yes,,,,,,,,
pfp_bloom_filter_add_unique_size_u32,0,NVIDIA H200,I64,U32,128,20,2,8,1000000000,2048,Yes,,,,,,,,
pfp_bloom_filter_add_unique_size_u32,0,NVIDIA H200,I64,U32,128,20,4,1,1000000000,1,Yes,,,,,,,,
pfp_bloom_filter_add_unique_size_u32,0,NVIDIA H200,I64,U32,128,20,4,1,1000000000,2,Yes,,,,,,,,
pfp_bloom_filter_add_unique_size_u32,0,NVIDIA H200,I64,U32,128,20,4,1,1000000000,4,Yes,,,,,,,,
pfp_bloom_filter_add_unique_size_u32,0,NVIDIA H200,I64,U32,128,20,4,1,1000000000,8,Yes,,,,,,,,
pfp_bloom_filter_add_unique_size_u32,0,NVIDIA H200,I64,U32,128,20,4,1,1000000000,16,Yes,,,,,,,,
pfp_bloom_filter_add_unique_size_u32,0,NVIDIA H200,I64,U32,128,20,4,1,1000000000,32,Yes,,,,,,,,
pfp_bloom_filter_add_unique_size_u32,0,NVIDIA H200,I64,U32,128,20,4,1,1000000000,64,Yes,,,,,,,,
pfp_bloom_filter_add_unique_size_u32,0,NVIDIA H200,I64,U32,128,20,4,1,1000000000,128,Yes,,,,,,,,
pfp_bloom_filter_add_unique_size_u32,0,NVIDIA H200,I64,U32,128,20,4,1,1000000000,256,Yes,,,,,,,,
pfp_bloom_filter_add_unique_size_u32,0,NVIDIA H200,I64,U32,128,20,4,1,1000000000,512,Yes,,,,,,,,
pfp_bloom_filter_add_unique_size_u32,0,NVIDIA H200,I64,U32,128,20,4,1,1000000000,1024,Yes,,,,,,,,
pfp_bloom_filter_add_unique_size_u32,0,NVIDIA H200,I64,U32,128,20,4,1,1000000000,2048,Yes,,,,,,,,
pfp_bloom_filter_add_unique_size_u32,0,NVIDIA H200,I64,U32,128,20,4,2,1000000000,1,Yes,,,,,,,,
pfp_bloom_filter_add_unique_size_u32,0,NVIDIA H200,I64,U32,128,20,4,2,1000000000,2,Yes,,,,,,,,
pfp_bloom_filter_add_unique_size_u32,0,NVIDIA H200,I64,U32,128,20,4,2,1000000000,4,Yes,,,,,,,,
pfp_bloom_filter_add_unique_size_u32,0,NVIDIA H200,I64,U32,128,20,4,2,1000000000,8,Yes,,,,,,,,
pfp_bloom_filter_add_unique_size_u32,0,NVIDIA H200,I64,U32,128,20,4,2,1000000000,16,Yes,,,,,,,,
pfp_bloom_filter_add_unique_size_u32,0,NVIDIA H200,I64,U32,128,20,4,2,1000000000,32,Yes,,,,,,,,
pfp_bloom_filter_add_unique_size_u32,0,NVIDIA H200,I64,U32,128,20,4,2,1000000000,64,Yes,,,,,,,,
pfp_bloom_filter_add_unique_size_u32,0,NVIDIA H200,I64,U32,128,20,4,2,1000000000,128,Yes,,,,,,,,
pfp_bloom_filter_add_unique_size_u32,0,NVIDIA H200,I64,U32,128,20,4,2,1000000000,256,Yes,,,,,,,,
pfp_bloom_filter_add_unique_size_u32,0,NVIDIA H200,I64,U32,128,20,4,2,1000000000,512,Yes,,,,,,,,
pfp_bloom_filter_add_unique_size_u32,0,NVIDIA H200,I64,U32,128,20,4,2,1000000000,1024,Yes,,,,,,,,
pfp_bloom_filter_add_unique_size_u32,0,NVIDIA H200,I64,U32,128,20,4,2,1000000000,2048,Yes,,,,,,,,
pfp_bloom_filter_add_unique_size_u32,0,NVIDIA H200,I64,U32,128,20,4,4,1000000000,1,Yes,,,,,,,,
pfp_bloom_filter_add_unique_size_u32,0,NVIDIA H200,I64,U32,128,20,4,4,1000000000,2,Yes,,,,,,,,
pfp_bloom_filter_add_unique_size_u32,0,NVIDIA H200,I64,U32,128,20,4,4,1000000000,4,Yes,,,,,,,,
pfp_bloom_filter_add_unique_size_u32,0,NVIDIA H200,I64,U32,128,20,4,4,1000000000,8,Yes,,,,,,,,
pfp_bloom_filter_add_unique_size_u32,0,NVIDIA H200,I64,U32,128,20,4,4,1000000000,16,Yes,,,,,,,,
pfp_bloom_filter_add_unique_size_u32,0,NVIDIA H200,I64,U32,128,20,4,4,1000000000,32,Yes,,,,,,,,
pfp_bloom_filter_add_unique_size_u32,0,NVIDIA H200,I64,U32,128,20,4,4,1000000000,64,Yes,,,,,,,,
pfp_bloom_filter_add_unique_size_u32,0,NVIDIA H200,I64,U32,128,20,4,4,1000000000,128,Yes,,,,,,,,
pfp_bloom_filter_add_unique_size_u32,0,NVIDIA H200,I64,U32,128,20,4,4,1000000000,256,Yes,,,,,,,,
pfp_bloom_filter_add_unique_size_u32,0,NVIDIA H200,I64,U32,128,20,4,4,1000000000,512,Yes,,,,,,,,
pfp_bloom_filter_add_unique_size_u32,0,NVIDIA H200,I64,U32,128,20,4,4,1000000000,1024,Yes,,,,,,,,
pfp_bloom_filter_add_unique_size_u32,0,NVIDIA H200,I64,U32,128,20,4,4,1000000000,2048,Yes,,,,,,,,
pfp_bloom_filter_add_unique_size_u32,0,NVIDIA H200,I64,U32,128,20,4,8,1000000000,1,Yes,,,,,,,,
pfp_bloom_filter_add_unique_size_u32,0,NVIDIA H200,I64,U32,128,20,4,8,1000000000,2,Yes,,,,,,,,
pfp_bloom_filter_add_unique_size_u32,0,NVIDIA H200,I64,U32,128,20,4,8,1000000000,4,Yes,,,,,,,,
pfp_bloom_filter_add_unique_size_u32,0,NVIDIA H200,I64,U32,128,20,4,8,1000000000,8,Yes,,,,,,,,
pfp_bloom_filter_add_unique_size_u32,0,NVIDIA H200,I64,U32,128,20,4,8,1000000000,16,Yes,,,,,,,,
pfp_bloom_filter_add_unique_size_u32,0,NVIDIA H200,I64,U32,128,20,4,8,1000000000,32,Yes,,,,,,,,
pfp_bloom_filter_add_unique_size_u32,0,NVIDIA H200,I64,U32,128,20,4,8,1000000000,64,Yes,,,,,,,,
pfp_bloom_filter_add_unique_size_u32,0,NVIDIA H200,I64,U32,128,20,4,8,1000000000,128,Yes,,,,,,,,
pfp_bloom_filter_add_unique_size_u32,0,NVIDIA H200,I64,U32,128,20,4,8,1000000000,256,Yes,,,,,,,,
pfp_bloom_filter_add_unique_size_u32,0,NVIDIA H200,I64,U32,128,20,4,8,1000000000,512,Yes,,,,,,,,
pfp_bloom_filter_add_unique_size_u32,0,NVIDIA H200,I64,U32,128,20,4,8,1000000000,1024,Yes,,,,,,,,
pfp_bloom_filter_add_unique_size_u32,0,NVIDIA H200,I64,U32,128,20,4,8,1000000000,2048,Yes,,,,,,,,
pfp_bloom_filter_add_unique_size_u32,0,NVIDIA H200,I64,U32,128,20,8,1,1000000000,1,Yes,,,,,,,,
pfp_bloom_filter_add_unique_size_u32,0,NVIDIA H200,I64,U32,128,20,8,1,1000000000,2,Yes,,,,,,,,
pfp_bloom_filter_add_unique_size_u32,0,NVIDIA H200,I64,U32,128,20,8,1,1000000000,4,Yes,,,,,,,,
pfp_bloom_filter_add_unique_size_u32,0,NVIDIA H200,I64,U32,128,20,8,1,1000000000,8,Yes,,,,,,,,
pfp_bloom_filter_add_unique_size_u32,0,NVIDIA H200,I64,U32,128,20,8,1,1000000000,16,Yes,,,,,,,,
pfp_bloom_filter_add_unique_size_u32,0,NVIDIA H200,I64,U32,128,20,8,1,1000000000,32,Yes,,,,,,,,
pfp_bloom_filter_add_unique_size_u32,0,NVIDIA H200,I64,U32,128,20,8,1,1000000000,64,Yes,,,,,,,,
pfp_bloom_filter_add_unique_size_u32,0,NVIDIA H200,I64,U32,128,20,8,1,1000000000,128,Yes,,,,,,,,
pfp_bloom_filter_add_unique_size_u32,0,NVIDIA H200,I64,U32,128,20,8,1,1000000000,256,Yes,,,,,,,,
pfp_bloom_filter_add_unique_size_u32,0,NVIDIA H200,I64,U32,128,20,8,1,1000000000,512,Yes,,,,,,,,
pfp_bloom_filter_add_unique_size_u32,0,NVIDIA H200,I64,U32,128,20,8,1,1000000000,1024,Yes,,,,,,,,
pfp_bloom_filter_add_unique_size_u32,0,NVIDIA H200,I64,U32,128,20,8,1,1000000000,2048,Yes,,,,,,,,
pfp_bloom_filter_add_unique_size_u32,0,NVIDIA H200,I64,U32,128,20,8,2,1000000000,1,Yes,,,,,,,,
pfp_bloom_filter_add_unique_size_u32,0,NVIDIA H200,I64,U32,128,20,8,2,1000000000,2,Yes,,,,,,,,
pfp_bloom_filter_add_unique_size_u32,0,NVIDIA H200,I64,U32,128,20,8,2,1000000000,4,Yes,,,,,,,,
pfp_bloom_filter_add_unique_size_u32,0,NVIDIA H200,I64,U32,128,20,8,2,1000000000,8,Yes,,,,,,,,
pfp_bloom_filter_add_unique_size_u32,0,NVIDIA H200,I64,U32,128,20,8,2,1000000000,16,Yes,,,,,,,,
pfp_bloom_filter_add_unique_size_u32,0,NVIDIA H200,I64,U32,128,20,8,2,1000000000,32,Yes,,,,,,,,
pfp_bloom_filter_add_unique_size_u32,0,NVIDIA H200,I64,U32,128,20,8,2,1000000000,64,Yes,,,,,,,,
pfp_bloom_filter_add_unique_size_u32,0,NVIDIA H200,I64,U32,128,20,8,2,1000000000,128,Yes,,,,,,,,
pfp_bloom_filter_add_unique_size_u32,0,NVIDIA H200,I64,U32,128,20,8,2,1000000000,256,Yes,,,,,,,,
pfp_bloom_filter_add_unique_size_u32,0,NVIDIA H200,I64,U32,128,20,8,2,1000000000,512,Yes,,,,,,,,
pfp_bloom_filter_add_unique_size_u32,0,NVIDIA H200,I64,U32,128,20,8,2,1000000000,1024,Yes,,,,,,,,
pfp_bloom_filter_add_unique_size_u32,0,NVIDIA H200,I64,U32,128,20,8,2,1000000000,2048,Yes,,,,,,,,
pfp_bloom_filter_add_unique_size_u32,0,NVIDIA H200,I64,U32,128,20,8,4,1000000000,1,Yes,,,,,,,,
pfp_bloom_filter_add_unique_size_u32,0,NVIDIA H200,I64,U32,128,20,8,4,1000000000,2,Yes,,,,,,,,
pfp_bloom_filter_add_unique_size_u32,0,NVIDIA H200,I64,U32,128,20,8,4,1000000000,4,Yes,,,,,,,,
pfp_bloom_filter_add_unique_size_u32,0,NVIDIA H200,I64,U32,128,20,8,4,1000000000,8,Yes,,,,,,,,
pfp_bloom_filter_add_unique_size_u32,0,NVIDIA H200,I64,U32,128,20,8,4,1000000000,16,Yes,,,,,,,,
pfp_bloom_filter_add_unique_size_u32,0,NVIDIA H200,I64,U32,128,20,8,4,1000000000,32,Yes,,,,,,,,
pfp_bloom_filter_add_unique_size_u32,0,NVIDIA H200,I64,U32,128,20,8,4,1000000000,64,Yes,,,,,,,,
pfp_bloom_filter_add_unique_size_u32,0,NVIDIA H200,I64,U32,128,20,8,4,1000000000,128,Yes,,,,,,,,
pfp_bloom_filter_add_unique_size_u32,0,NVIDIA H200,I64,U32,128,20,8,4,1000000000,256,Yes,,,,,,,,
pfp_bloom_filter_add_unique_size_u32,0,NVIDIA H200,I64,U32,128,20,8,4,1000000000,512,Yes,,,,,,,,
pfp_bloom_filter_add_unique_size_u32,0,NVIDIA H200,I64,U32,128,20,8,4,1000000000,1024,Yes,,,,,,,,
pfp_bloom_filter_add_unique_size_u32,0,NVIDIA H200,I64,U32,128,20,8,4,1000000000,2048,Yes,,,,,,,,
pfp_bloom_filter_add_unique_size_u32,0,NVIDIA H200,I64,U32,128,20,8,8,1000000000,1,Yes,,,,,,,,
pfp_bloom_filter_add_unique_size_u32,0,NVIDIA H200,I64,U32,128,20,8,8,1000000000,2,Yes,,,,,,,,
pfp_bloom_filter_add_unique_size_u32,0,NVIDIA H200,I64,U32,128,20,8,8,1000000000,4,Yes,,,,,,,,
pfp_bloom_filter_add_unique_size_u32,0,NVIDIA H200,I64,U32,128,20,8,8,1000000000,8,Yes,,,,,,,,
pfp_bloom_filter_add_unique_size_u32,0,NVIDIA H200,I64,U32,128,20,8,8,1000000000,16,Yes,,,,,,,,
pfp_bloom_filter_add_unique_size_u32,0,NVIDIA H200,I64,U32,128,20,8,8,1000000000,32,Yes,,,,,,,,
pfp_bloom_filter_add_unique_size_u32,0,NVIDIA H200,I64,U32,128,20,8,8,1000000000,64,Yes,,,,,,,,
pfp_bloom_filter_add_unique_size_u32,0,NVIDIA H200,I64,U32,128,20,8,8,1000000000,128,Yes,,,,,,,,
pfp_bloom_filter_add_unique_size_u32,0,NVIDIA H200,I64,U32,128,20,8,8,1000000000,256,Yes,,,,,,,,
pfp_bloom_filter_add_unique_size_u32,0,NVIDIA H200,I64,U32,128,20,8,8,1000000000,512,Yes,,,,,,,,
pfp_bloom_filter_add_unique_size_u32,0,NVIDIA H200,I64,U32,128,20,8,8,1000000000,1024,Yes,,,,,,,,
pfp_bloom_filter_add_unique_size_u32,0,NVIDIA H200,I64,U32,128,20,8,8,1000000000,2048,Yes,,,,,,,,
pfp_bloom_filter_add_unique_size_u32,0,NVIDIA H200,I64,U32,256,1,1,1,1000000000,1,No,11,0.10294021218181819,0.0001466179720941688,0.10292617936567826,0.000146936755442657,9715701157.49832,12,0.10293071683247884
pfp_bloom_filter_add_unique_size_u32,0,NVIDIA H200,I64,U32,256,1,1,1,1000000000,2,No,11,0.10293923927272729,9.884324828798379e-05,0.10292532972856,9.381478676272674e-05,9715781359.527842,12,0.10291404151916506
pfp_bloom_filter_add_unique_size_u32,0,NVIDIA H200,I64,U32,256,1,1,1,1000000000,4,No,11,0.10271910772727275,7.69362363319776e-05,0.10270499558882279,7.454283419774291e-05,9736624730.5387,12,0.10270221710205078
pfp_bloom_filter_add_unique_size_u32,0,NVIDIA H200,I64,U32,256,1,1,1,1000000000,8,No,11,0.10220225454545456,0.0001556918710278207,0.10218849112770774,0.00015014438191232138,9785837807.804333,12,0.10218667793273926
pfp_bloom_filter_add_unique_size_u32,0,NVIDIA H200,I64,U32,256,1,1,1,1000000000,16,No,11,0.10202229072727274,0.00010832101500714259,0.10200825153697622,0.00011048900138894628,9803128520.809097,12,0.10200001843770345
pfp_bloom_filter_add_unique_size_u32,0,NVIDIA H200,I64,U32,256,1,1,1,1000000000,32,No,11,0.10200283763636361,0.00010907017943477297,0.10198885276100852,0.00010792366762730478,9804993123.545666,12,0.10198265075683595
pfp_bloom_filter_add_unique_size_u32,0,NVIDIA H200,I64,U32,256,1,1,1,1000000000,64,No,11,0.10510442881818181,8.048597394370485e-05,0.10509041179310193,8.032156138888642e-05,9515615962.84124,12,0.10507959683736166
pfp_bloom_filter_add_unique_size_u32,0,NVIDIA H200,I64,U32,256,1,1,1,1000000000,128,No,11,0.11628036800000001,6.214733558654531e-05,0.11626597456498579,6.377684847336021e-05,8600968630.259571,12,0.11625994618733726
pfp_bloom_filter_add_unique_size_u32,0,NVIDIA H200,I64,U32,256,1,1,1,1000000000,256,No,11,0.12212720072727273,9.479395102663624e-05,0.12211287827925248,9.670611107693272e-05,8189144454.634516,12,0.12210380427042646
pfp_bloom_filter_add_unique_size_u32,0,NVIDIA H200,I64,U32,256,1,1,1,1000000000,512,No,11,0.12656178736363638,1.983865200747398e-05,0.1265471621426669,1.931989741055307e-05,7902192218.839478,12,0.12654490725199383
pfp_bloom_filter_add_unique_size_u32,0,NVIDIA H200,I64,U32,256,1,1,1,1000000000,1024,No,11,0.15368732754545456,7.207067807311595e-06,0.15367294450239702,6.510600883200923e-06,6507326343.215879,12,0.15367176818847655
pfp_bloom_filter_add_unique_size_u32,0,NVIDIA H200,I64,U32,256,1,1,1,1000000000,2048,No,11,0.16797187145454548,1.1376484081578558e-05,0.1679570922851563,8.773148016308371e-06,5953901597.094855,12,0.16795619583129884
pfp_bloom_filter_add_unique_size_u32,0,NVIDIA H200,I64,U32,256,1,1,2,1000000000,1,No,11,0.10287383727272728,7.153357176918478e-05,0.10285989033092151,6.939064346179108e-05,9721962533.527826,12,0.10285485394795736
pfp_bloom_filter_add_unique_size_u32,0,NVIDIA H200,I64,U32,256,1,1,2,1000000000,2,No,11,0.10284418072727272,6.733583587601062e-05,0.10283017522638495,6.842728873114072e-05,9724771914.454662,12,0.10284097544352212
pfp_bloom_filter_add_unique_size_u32,0,NVIDIA H200,I64,U32,256,1,1,2,1000000000,4,No,11,0.10277748381818182,8.84628629187126e-05,0.10276339929754083,8.567888907402724e-05,9731091096.982916,12,0.10276655705769856
pfp_bloom_filter_add_unique_size_u32,0,NVIDIA H200,I64,U32,256,1,1,2,1000000000,8,No,11,0.10250714854545456,0.00012119056936919773,0.10249338462136008,0.00011964803572040942,9756727262.87932,12,0.10249943288167317
pfp_bloom_filter_add_unique_size_u32,0,NVIDIA H200,I64,U32,256,1,1,2,1000000000,16,No,11,0.10211740390909091,0.00010866106736822655,0.10210342684659092,0.00011027046253955039,9793990572.936275,12,0.10208930269877116
pfp_bloom_filter_add_unique_size_u32,0,NVIDIA H200,I64,U32,256,1,1,2,1000000000,32,No,11,0.10200172172727275,9.313340098452325e-05,0.10198761541193181,9.421605688820813e-05,9805112081.1185,12,0.10197537994384766
pfp_bloom_filter_add_unique_size_u32,0,NVIDIA H200,I64,U32,256,1,1,2,1000000000,64,No,11,0.10507009390909093,5.666718238597271e-05,0.10505607882412998,5.916486921000085e-05,9518725724.32537,12,0.10505165163675943
pfp_bloom_filter_add_unique_size_u32,0,NVIDIA H200,I64,U32,256,1,1,2,1000000000,128,No,11,0.11627955163636362,6.949115867258348e-05,0.11626549252596768,6.89043855402109e-05,8601004290.04463,12,0.1162555720011393
pfp_bloom_filter_add_unique_size_u32,0,NVIDIA H200,I64,U32,256,1,1,2,1000000000,256,No,11,0.1221309740909091,6.699294231853101e-05,0.12211685319380328,6.74044608594224e-05,8188877897.2462435,12,0.12210340944925946
pfp_bloom_filter_add_unique_size_u32,0,NVIDIA H200,I64,U32,256,1,1,2,1000000000,512,No,11,0.12656415354545458,4.694964100398205e-05,0.1265498539317738,4.4948033582188094e-05,7902024134.608051,12,0.12654442596435547
pfp_bloom_filter_add_unique_size_u32,0,NVIDIA H200,I64,U32,256,1,1,2,1000000000,1024,No,11,0.15368755645454546,1.1468523036895612e-05,0.15367330516468394,9.31786379816699e-06,6507311070.900377,12,0.15367222595214844
pfp_bloom_filter_add_unique_size_u32,0,NVIDIA H200,I64,U32,256,1,1,2,1000000000,2048,No,11,0.16797154854545454,1.2087638703783245e-05,0.16795699795809657,9.445086894870719e-06,5953904940.891412,12,0.16795740763346353
pfp_bloom_filter_add_unique_size_u32,0,NVIDIA H200,I64,U32,256,1,1,4,1000000000,1,No,11,0.10286032600000002,7.987436277022072e-05,0.1028459340875799,8.314975390979133e-05,9723281808.578217,12,0.10282840092976887
pfp_bloom_filter_add_unique_size_u32,0,NVIDIA H200,I64,U32,256,1,1,4,1000000000,2,No,11,0.10282596809090908,0.00011304784008330861,0.10281202212246981,0.00011014801320204573,9726488978.193607,12,0.10282836405436198
pfp_bloom_filter_add_unique_size_u32,0,NVIDIA H200,I64,U32,256,1,1,4,1000000000,4,No,11,0.10278113481818182,0.00012342182425855027,0.10276715920188209,0.00012297141872404015,9730735069.123968,12,0.10276283645629884
pfp_bloom_filter_add_unique_size_u32,0,NVIDIA H200,I64,U32,256,1,1,4,1000000000,8,No,11,0.10227898672727274,0.00014448648442272715,0.10226478923450816,0.00014153539792581476,9778536752.340567,12,0.10225696372985839
pfp_bloom_filter_add_unique_size_u32,0,NVIDIA H200,I64,U32,256,1,1,4,1000000000,16,No,11,0.10210567818181816,0.00011503296476050105,0.10209137101606887,0.0001184302781340674,9795147131.902098,12,0.1020799446105957
pfp_bloom_filter_add_unique_size_u32,0,NVIDIA H200,I64,U32,256,1,1,4,1000000000,32,No,11,0.10198713954545456,9.794010937193049e-05,0.1019731313532049,0.00010181303890742329,9806504779.541332,12,0.1019588114420573
pfp_bloom_filter_add_unique_size_u32,0,NVIDIA H200,I64,U32,256,1,1,4,1000000000,64,No,11,0.10510278527272728,9.229538017361588e-05,0.10508870072798296,9.313709347976195e-05,9515770897.086756,12,0.1050688336690267
pfp_bloom_filter_add_unique_size_u32,0,NVIDIA H200,I64,U32,256,1,1,4,1000000000,128,No,11,0.11628555772727273,6.993030150409527e-05,0.11627147535844284,6.617909547319816e-05,8600561719.176523,12,0.11625432777404787
pfp_bloom_filter_add_unique_size_u32,0,NVIDIA H200,I64,U32,256,1,1,4,1000000000,256,No,11,0.12211548890909092,7.109027205903677e-05,0.12210152574018997,7.276017944175672e-05,8189905850.38077,12,0.12209479713439943
pfp_bloom_filter_add_unique_size_u32,0,NVIDIA H200,I64,U32,256,1,1,4,1000000000,512,No,11,0.12656197654545454,4.114340220621288e-05,0.12654777804287998,4.1722029802693555e-05,7902153759.358428,12,0.12654420407613118
pfp_bloom_filter_add_unique_size_u32,0,NVIDIA H200,I64,U32,256,1,1,4,1000000000,1024,No,11,0.1536895789090909,1.7121189084683797e-05,0.15367519586736508,1.843603463317263e-05,6507231009.896262,12,0.15367183939615883
pfp_bloom_filter_add_unique_size_u32,0,NVIDIA H200,I64,U32,256,1,1,4,1000000000,2048,No,11,0.16797206036363635,9.482363468269218e-06,0.16795716441761363,6.901567767297416e-06,5953899040.076496,12,0.1679562619527181
pfp_bloom_filter_add_unique_size_u32,0,NVIDIA H200,I64,U32,256,1,1,8,1000000000,1,No,11,0.10287779100000001,0.00011124805163303077,0.10286381669477986,0.00011254605409878082,9721591441.305601,12,0.10286044565836588
pfp_bloom_filter_add_unique_size_u32,0,NVIDIA H200,I64,U32,256,1,1,8,1000000000,2,No,11,0.10285215490909091,0.00010165678885312405,0.10283797801624645,9.982025849986266e-05,9724034051.33091,12,0.10284354845682779
pfp_bloom_filter_add_unique_size_u32,0,NVIDIA H200,I64,U32,256,1,1,8,1000000000,4,No,11,0.10281478154545455,8.391744709681453e-05,0.1028005440451882,8.259339383155087e-05,9727574978.206617,12,0.10279835573832193
pfp_bloom_filter_add_unique_size_u32,0,NVIDIA H200,I64,U32,256,1,1,8,1000000000,8,No,11,0.10228992136363636,0.00010257040055129451,0.10227581093528056,9.941734968874327e-05,9777482973.29848,12,0.10227464040120443
pfp_bloom_filter_add_unique_size_u32,0,NVIDIA H200,I64,U32,256,1,1,8,1000000000,16,No,11,0.10211708509090908,0.00014123646204583683,0.10210260703346945,0.00014532699274519802,9794069211.887978,12,0.10207727686564128
pfp_bloom_filter_add_unique_size_u32,0,NVIDIA H200,I64,U32,256,1,1,8,1000000000,32,No,11,0.10200672209090911,8.855501071954212e-05,0.10199260850386184,8.816519877442953e-05,9804632067.647688,12,0.10198432858784993
pfp_bloom_filter_add_unique_size_u32,0,NVIDIA H200,I64,U32,256,1,1,8,1000000000,64,No,11,0.1051094510909091,8.772159259604577e-05,0.10509514825994316,8.575599437367193e-05,9515187109.557066,12,0.10508466084798175
pfp_bloom_filter_add_unique_size_u32,0,NVIDIA H200,I64,U32,256,1,1,8,1000000000,128,No,11,0.11628436281818182,8.497925652613867e-05,0.11626998970725322,8.408258708924709e-05,8600671613.69687,12,0.1162688013712565
pfp_bloom_filter_add_unique_size_u32,0,NVIDIA H200,I64,U32,256,1,1,8,1000000000,256,No,11,0.12212993854545456,7.728562667905861e-05,0.12211567757346414,7.798057199879433e-05,8188956732.426148,12,0.12211082267761231
pfp_bloom_filter_add_unique_size_u32,0,NVIDIA H200,I64,U32,256,1,1,8,1000000000,512,No,11,0.12656347172727272,2.2925693642390245e-05,0.12654914301091977,2.2696218982679352e-05,7902068526.167034,12,0.1265455767313639
pfp_bloom_filter_add_unique_size_u32,0,NVIDIA H200,I64,U32,256,1,1,8,1000000000,1024,No,11,0.15368935236363637,1.1554650135346322e-05,0.1536744190562855,1.1701168841239357e-05,6507263903.393936,12,0.15367246119181316
pfp_bloom_filter_add_unique_size_u32,0,NVIDIA H200,I64,U32,256,1,1,8,1000000000,2048,No,11,0.16797255063636363,5.687338355830265e-06,0.1679577165083452,4.432919617383458e-06,5953879469.124085,12,0.16795699055989585
pfp_bloom_filter_add_unique_size_u32,0,NVIDIA H200,I64,U32,256,1,2,1,1000000000,1,No,11,0.053510365272727275,0.00010699532046039359,0.05349666040593928,0.00010589854111992474,18692755630.19965,12,0.05349649747212728
pfp_bloom_filter_add_unique_size_u32,0,NVIDIA H200,I64,U32,256,1,2,1,1000000000,2,No,11,0.05342823045454546,6.834248956575545e-05,0.05341455737027256,6.774226084941965e-05,18721488096.736378,12,0.05341586494445801
pfp_bloom_filter_add_unique_size_u32,0,NVIDIA H200,I64,U32,256,1,2,1,1000000000,4,No,11,0.05328631336363636,6.606368717348544e-05,0.05327242764559659,6.52252311921033e-05,18771436636.089897,12,0.053268562634785965
pfp_bloom_filter_add_unique_size_u32,0,NVIDIA H200,I64,U32,256,1,2,1,1000000000,8,No,11,0.053125557,0.0002198557172773216,0.05310768543590199,4.606413159753192e-05,18829666399.356533,12,0.05309925778706868
pfp_bloom_filter_add_unique_size_u32,0,NVIDIA H200,I64,U32,256,1,2,1,1000000000,16,No,11,0.05307689945454546,7.754603207299128e-05,0.05306335171786221,7.926294057277212e-05,18845398332.86444,12,0.05305363178253173
pfp_bloom_filter_add_unique_size_u32,0,NVIDIA H200,I64,U32,256,1,2,1,1000000000,32,No,11,0.05310441790909091,8.573931722777492e-05,0.053090260245583276,6.974445949643025e-05,18835846638.804012,12,0.053079419771830234
pfp_bloom_filter_add_unique_size_u32,0,NVIDIA H200,I64,U32,256,1,2,1,1000000000,64,No,11,0.06474372690909092,0.0001015260208765929,0.0647300130670721,0.00010345410012178275,15448784151.54679,12,0.06471526590983073
pfp_bloom_filter_add_unique_size_u32,0,NVIDIA H200,I64,U32,256,1,2,1,1000000000,128,No,11,0.07568504545454545,7.094812672968078e-05,0.07567129239169035,6.937615483615164e-05,13215051156.042004,12,0.07566659228006999
pfp_bloom_filter_add_unique_size_u32,0,NVIDIA H200,I64,U32,256,1,2,1,1000000000,256,No,11,0.08102824963636364,0.00010800382144716887,0.0810142322887074,0.00010586772401632161,12343510167.896639,12,0.0810016492207845
pfp_bloom_filter_add_unique_size_u32,0,NVIDIA H200,I64,U32,256,1,2,1,1000000000,512,No,11,0.08380065345454547,7.446506616102325e-05,0.0837867625843395,7.157152284961045e-05,11935059538.711777,12,0.08378382301330566
pfp_bloom_filter_add_unique_size_u32,0,NVIDIA H200,I64,U32,256,1,2,1,1000000000,1024,No,11,0.08527071390909091,8.997518480310041e-05,0.0852571161443537,8.823253560426797e-05,11729226195.1113,12,0.08524713897705077
pfp_bloom_filter_add_unique_size_u32,0,NVIDIA H200,I64,U32,256,1,2,1,1000000000,2048,No,11,0.08602384363636364,7.36317154198457e-05,0.08600984330610796,7.33002387758586e-05,11626576233.1529,12,0.08600615056355794
pfp_bloom_filter_add_unique_size_u32,0,NVIDIA H200,I64,U32,256,1,2,2,1000000000,1,No,11,0.05353843381818182,4.3199472675763104e-05,0.053524814258922235,5.148096316688956e-05,18682923310.346783,12,0.05352410093943278
pfp_bloom_filter_add_unique_size_u32,0,NVIDIA H200,I64,U32,256,1,2,2,1000000000,2,No,11,0.05345184772727274,3.584690683899157e-05,0.0534384176080877,3.1223529217976796e-05,18713128957.78287,12,0.05343410428365072
pfp_bloom_filter_add_unique_size_u32,0,NVIDIA H200,I64,U32,256,1,2,2,1000000000,4,No,11,0.053369706181818174,5.4415270954422114e-05,0.05335633711381393,5.4540197083428634e-05,18741916220.127872,12,0.053353536287943516
pfp_bloom_filter_add_unique_size_u32,0,NVIDIA H200,I64,U32,256,1,2,2,1000000000,8,No,11,0.05312171445454546,8.499234533219412e-05,0.05310818273370916,8.509724521600569e-05,18829490080.918804,12,0.05310639190673828
pfp_bloom_filter_add_unique_size_u32,0,NVIDIA H200,I64,U32,256,1,2,2,1000000000,16,No,11,0.05307624863636364,8.10050207360727e-05,0.05306290643865412,7.991943308293177e-05,18845556474.674023,12,0.053059751192728676
pfp_bloom_filter_add_unique_size_u32,0,NVIDIA H200,I64,U32,256,1,2,2,1000000000,32,No,11,0.05309244218181819,7.672419108994254e-05,0.053079185485839855,7.785160449689043e-05,18839776662.86484,12,0.05306329091389975
pfp_bloom_filter_add_unique_size_u32,0,NVIDIA H200,I64,U32,256,1,2,2,1000000000,64,No,11,0.06475841018181817,9.177574874113215e-05,0.0647448140924627,9.613794060655878e-05,15445252473.37787,12,0.06473520469665527
pfp_bloom_filter_add_unique_size_u32,0,NVIDIA H200,I64,U32,256,1,2,2,1000000000,128,No,11,0.07568636500000002,5.413411188531048e-05,0.0756719936024059,6.354759729704052e-05,13214928699.436382,12,0.07566604614257812
pfp_bloom_filter_add_unique_size_u32,0,NVIDIA H200,I64,U32,256,1,2,2,1000000000,256,No,11,0.08101546954545456,0.00010423424008224471,0.0810017186945135,0.0001080749912904664,12345417061.721348,12,0.0809923979441325
pfp_bloom_filter_add_unique_size_u32,0,NVIDIA H200,I64,U32,256,1,2,2,1000000000,512,No,11,0.08379497781818183,9.005743968099055e-05,0.08378126248446377,8.892003343669052e-05,11935843055.425884,12,0.08378260231018066
pfp_bloom_filter_add_unique_size_u32,0,NVIDIA H200,I64,U32,256,1,2,2,1000000000,1024,No,11,0.08525297700000002,0.00010841048839890879,0.08523931260542436,0.00011132114276035004,11731676024.055162,12,0.08523986879984537
pfp_bloom_filter_add_unique_size_u32,0,NVIDIA H200,I64,U32,256,1,2,2,1000000000,2048,No,11,0.08602705572727273,9.522875256633038e-05,0.0860131579312411,9.857065947014959e-05,11626128188.426702,12,0.08600567054748536
pfp_bloom_filter_add_unique_size_u32,0,NVIDIA H200,I64,U32,256,1,2,4,1000000000,1,No,11,0.07748340463636363,0.00012864588458410143,0.07746978829123756,0.00013065235959488242,12908257813.23463,12,0.07746514638264974
pfp_bloom_filter_add_unique_size_u32,0,NVIDIA H200,I64,U32,256,1,2,4,1000000000,2,No,11,0.07747499163636365,6.661365882880706e-05,0.07746119204434482,6.582124028243737e-05,12909690305.663282,12,0.0774619057973226
pfp_bloom_filter_add_unique_size_u32,0,NVIDIA H200,I64,U32,256,1,2,4,1000000000,4,No,11,0.07745582863636365,3.809091358199891e-05,0.07744203671542081,4.021370395026863e-05,12912883524.418888,12,0.07743280347188314
pfp_bloom_filter_add_unique_size_u32,0,NVIDIA H200,I64,U32,256,1,2,4,1000000000,8,No,11,0.07706926290909091,7.136960141733535e-05,0.07705541506680576,7.144064290271488e-05,12977673264.533281,12,0.077059175491333
pfp_bloom_filter_add_unique_size_u32,0,NVIDIA H200,I64,U32,256,1,2,4,1000000000,16,No,11,0.07693342236363637,6.170963410137391e-05,0.07691937949440696,6.349661976805945e-05,13000624895.481808,12,0.0769092305501302
pfp_bloom_filter_add_unique_size_u32,0,NVIDIA H200,I64,U32,256,1,2,4,1000000000,32,No,11,0.07682181690909091,8.390275411944022e-05,0.07680830730091442,8.137131153441123e-05,13019425048.416536,12,0.07680589230855304
pfp_bloom_filter_add_unique_size_u32,0,NVIDIA H200,I64,U32,256,1,2,4,1000000000,64,No,11,0.07735909854545454,7.884222144198347e-05,0.07734537922252308,7.755679883569295e-05,12929020583.414486,12,0.07733372306823731
pfp_bloom_filter_add_unique_size_u32,0,NVIDIA H200,I64,U32,256,1,2,4,1000000000,128,No,11,0.07939959381818182,5.1755403594494435e-05,0.07938592113148082,5.2021156720969144e-05,12596692029.85976,12,0.07938416989644369
pfp_bloom_filter_add_unique_size_u32,0,NVIDIA H200,I64,U32,256,1,2,4,1000000000,256,No,11,0.08287659900000001,6.523134066699151e-05,0.08286305444890801,6.934093180509255e-05,12068104496.637684,12,0.08285886828104655
pfp_bloom_filter_add_unique_size_u32,0,NVIDIA H200,I64,U32,256,1,2,4,1000000000,512,No,11,0.08516131318181817,6.780059515202805e-05,0.08514780980890448,6.929889332767222e-05,11744283290.95346,12,0.08514263661702476
pfp_bloom_filter_add_unique_size_u32,0,NVIDIA H200,I64,U32,256,1,2,4,1000000000,1024,No,11,0.08641267100000001,9.711067398078325e-05,0.08639893826571379,9.899838312601201e-05,11574216304.887579,12,0.0863979746500651
pfp_bloom_filter_add_unique_size_u32,0,NVIDIA H200,I64,U32,256,1,2,4,1000000000,2048,No,11,0.08709009963636363,9.289564154571092e-05,0.08707632099498402,9.100382364915403e-05,11484178345.770998,12,0.08707003529866536
pfp_bloom_filter_add_unique_size_u32,0,NVIDIA H200,I64,U32,256,1,2,8,1000000000,1,Yes,,,,,,,,
pfp_bloom_filter_add_unique_size_u32,0,NVIDIA H200,I64,U32,256,1,2,8,1000000000,2,Yes,,,,,,,,
pfp_bloom_filter_add_unique_size_u32,0,NVIDIA H200,I64,U32,256,1,2,8,1000000000,4,Yes,,,,,,,,
pfp_bloom_filter_add_unique_size_u32,0,NVIDIA H200,I64,U32,256,1,2,8,1000000000,8,Yes,,,,,,,,
pfp_bloom_filter_add_unique_size_u32,0,NVIDIA H200,I64,U32,256,1,2,8,1000000000,16,Yes,,,,,,,,
pfp_bloom_filter_add_unique_size_u32,0,NVIDIA H200,I64,U32,256,1,2,8,1000000000,32,Yes,,,,,,,,
pfp_bloom_filter_add_unique_size_u32,0,NVIDIA H200,I64,U32,256,1,2,8,1000000000,64,Yes,,,,,,,,
pfp_bloom_filter_add_unique_size_u32,0,NVIDIA H200,I64,U32,256,1,2,8,1000000000,128,Yes,,,,,,,,
pfp_bloom_filter_add_unique_size_u32,0,NVIDIA H200,I64,U32,256,1,2,8,1000000000,256,Yes,,,,,,,,
pfp_bloom_filter_add_unique_size_u32,0,NVIDIA H200,I64,U32,256,1,2,8,1000000000,512,Yes,,,,,,,,
pfp_bloom_filter_add_unique_size_u32,0,NVIDIA H200,I64,U32,256,1,2,8,1000000000,1024,Yes,,,,,,,,
pfp_bloom_filter_add_unique_size_u32,0,NVIDIA H200,I64,U32,256,1,2,8,1000000000,2048,Yes,,,,,,,,
pfp_bloom_filter_add_unique_size_u32,0,NVIDIA H200,I64,U32,256,1,4,1,1000000000,1,No,19,0.02689066478947368,0.00010291890742203444,0.026877285204435653,9.795446512893948e-05,37206138655.51296,20,0.026875773906707767
pfp_bloom_filter_add_unique_size_u32,0,NVIDIA H200,I64,U32,256,1,4,1,1000000000,2,No,19,0.026887493789473683,9.993304968220596e-05,0.026874514529579563,0.00010010367153407923,37209974487.14265,20,0.026871669673919674
pfp_bloom_filter_add_unique_size_u32,0,NVIDIA H200,I64,U32,256,1,4,1,1000000000,4,No,19,0.02687269005263158,0.00015654477892052478,0.02685970687866211,0.00015362649172181658,37230488199.94458,20,0.026868691158294676
pfp_bloom_filter_add_unique_size_u32,0,NVIDIA H200,I64,U32,256,1,4,1,1000000000,8,No,19,0.026835999052631575,0.0001429351108332644,0.02682270812988281,0.00014678336072784234,37281843248.55378,20,0.026815135860443113
pfp_bloom_filter_add_unique_size_u32,0,NVIDIA H200,I64,U32,256,1,4,1,1000000000,16,No,19,0.026733868052631584,0.00014455148409329698,0.02672074619092439,0.00015144196878217394,37424104583.56311,20,0.02671265258789063
pfp_bloom_filter_add_unique_size_u32,0,NVIDIA H200,I64,U32,256,1,4,1,1000000000,32,No,19,0.026793038263157896,0.00011432560514926695,0.026779919172588144,0.00011418687093543723,37341412181.09416,20,0.026759609222412106
pfp_bloom_filter_add_unique_size_u32,0,NVIDIA H200,I64,U32,256,1,4,1,1000000000,64,No,12,0.04426159275,0.00023947744033841133,0.04424839464823405,0.0002367939084902482,22599689953.721516,13,0.044231251643254206
pfp_bloom_filter_add_unique_size_u32,0,NVIDIA H200,I64,U32,256,1,4,1,1000000000,128,No,11,0.05637728654545455,0.00012040885378636939,0.05636366237293589,0.00012170962132172603,17741927296.76433,12,0.05635760211944579
pfp_bloom_filter_add_unique_size_u32,0,NVIDIA H200,I64,U32,256,1,4,1,1000000000,256,No,11,0.06322005463636364,3.934557827043079e-05,0.06320656585693359,3.975253064961263e-05,15821141149.536173,12,0.06320032310485839
pfp_bloom_filter_add_unique_size_u32,0,NVIDIA H200,I64,U32,256,1,4,1,1000000000,512,No,11,0.06709341981818182,8.344757425650939e-05,0.06707977641712536,8.207862379705288e-05,14907622735.377836,12,0.06707267824808756
pfp_bloom_filter_add_unique_size_u32,0,NVIDIA H200,I64,U32,256,1,4,1,1000000000,1024,No,11,0.06918423936363637,8.259313588181326e-05,0.06917087693647905,8.08316296767096e-05,14456951310.857592,12,0.06916438929239908
pfp_bloom_filter_add_unique_size_u32,0,NVIDIA H200,I64,U32,256,1,4,1,1000000000,2048,No,11,0.07025741254545456,8.754939100202925e-05,0.07024393324418501,8.648074645153223e-05,14236104867.928686,12,0.07023931566874185
pfp_bloom_filter_add_unique_size_u32,0,NVIDIA H200,I64,U32,256,1,4,2,1000000000,1,No,13,0.03939412761538462,5.7924047280723346e-05,0.03938101401695838,5.8445433086533934e-05,25392946955.84468,14,0.039377910614013675
pfp_bloom_filter_add_unique_size_u32,0,NVIDIA H200,I64,U32,256,1,4,2,1000000000,2,No,13,0.03939678992307693,7.22728313106469e-05,0.03938327642587514,6.84105764034307e-05,25391488234.406815,14,0.0393803288596017
pfp_bloom_filter_add_unique_size_u32,0,NVIDIA H200,I64,U32,256,1,4,2,1000000000,4,No,13,0.03938473923076923,9.417291939278097e-05,0.03937141858614408,8.866127862395039e-05,25399135614.38013,14,0.039369352613176624
pfp_bloom_filter_add_unique_size_u32,0,NVIDIA H200,I64,U32,256,1,4,2,1000000000,8,No,13,0.03923340523076923,8.344822316403524e-05,0.03922038885263297,7.474741237522274e-05,25496942515.215965,14,0.03921850449698312
pfp_bloom_filter_add_unique_size_u32,0,NVIDIA H200,I64,U32,256,1,4,2,1000000000,16,No,13,0.03914802684615385,0.00010353949186784234,0.039134874784029446,9.404680582344e-05,25552656179.906574,14,0.039129139763968326
pfp_bloom_filter_add_unique_size_u32,0,NVIDIA H200,I64,U32,256,1,4,2,1000000000,32,No,13,0.03907409938461538,5.915311536718992e-05,0.039060777810903696,6.648059699799951e-05,25601128703.608486,14,0.03905307388305664
pfp_bloom_filter_add_unique_size_u32,0,NVIDIA H200,I64,U32,256,1,4,2,1000000000,64,No,12,0.04491475008333332,0.00012617166314291158,0.04490104484558106,0.00012109151308125135,22271196660.10211,13,0.04489185802753155
pfp_bloom_filter_add_unique_size_u32,0,NVIDIA H200,I64,U32,256,1,4,2,1000000000,128,No,11,0.05652726936363636,8.16799913707406e-05,0.056513861916281966,8.589087886032846e-05,17694773743.853706,12,0.05650292841593424
pfp_bloom_filter_add_unique_size_u32,0,NVIDIA H200,I64,U32,256,1,4,2,1000000000,256,No,11,0.06329127418181818,0.0001276748647022321,0.06327790555087004,0.00012818971413047913,15803304349.194763,12,0.06327207406361897
pfp_bloom_filter_add_unique_size_u32,0,NVIDIA H200,I64,U32,256,1,4,2,1000000000,512,No,11,0.06713385363636365,8.560185998835472e-05,0.06712027601762251,8.910088228653453e-05,14898627647.738647,12,0.067119966506958
pfp_bloom_filter_add_unique_size_u32,0,NVIDIA H200,I64,U32,256,1,4,2,1000000000,1024,No,11,0.06921228145454546,8.67752045247051e-05,0.06919879289106888,8.569029797688812e-05,14451119134.031378,12,0.06919825363159181
pfp_bloom_filter_add_unique_size_u32,0,NVIDIA H200,I64,U32,256,1,4,2,1000000000,2048,No,11,0.07029419745454546,9.212314960887776e-05,0.07028031713312323,9.308086602311568e-05,14228734883.279266,12,0.07027306874593099
pfp_bloom_filter_add_unique_size_u32,0,NVIDIA H200,I64,U32,256,1,4,4,1000000000,1,Yes,,,,,,,,
pfp_bloom_filter_add_unique_size_u32,0,NVIDIA H200,I64,U32,256,1,4,4,1000000000,2,Yes,,,,,,,,
pfp_bloom_filter_add_unique_size_u32,0,NVIDIA H200,I64,U32,256,1,4,4,1000000000,4,Yes,,,,,,,,
pfp_bloom_filter_add_unique_size_u32,0,NVIDIA H200,I64,U32,256,1,4,4,1000000000,8,Yes,,,,,,,,
pfp_bloom_filter_add_unique_size_u32,0,NVIDIA H200,I64,U32,256,1,4,4,1000000000,16,Yes,,,,,,,,
pfp_bloom_filter_add_unique_size_u32,0,NVIDIA H200,I64,U32,256,1,4,4,1000000000,32,Yes,,,,,,,,
pfp_bloom_filter_add_unique_size_u32,0,NVIDIA H200,I64,U32,256,1,4,4,1000000000,64,Yes,,,,,,,,
pfp_bloom_filter_add_unique_size_u32,0,NVIDIA H200,I64,U32,256,1,4,4,1000000000,128,Yes,,,,,,,,
pfp_bloom_filter_add_unique_size_u32,0,NVIDIA H200,I64,U32,256,1,4,4,1000000000,256,Yes,,,,,,,,
pfp_bloom_filter_add_unique_size_u32,0,NVIDIA H200,I64,U32,256,1,4,4,1000000000,512,Yes,,,,,,,,
pfp_bloom_filter_add_unique_size_u32,0,NVIDIA H200,I64,U32,256,1,4,4,1000000000,1024,Yes,,,,,,,,
pfp_bloom_filter_add_unique_size_u32,0,NVIDIA H200,I64,U32,256,1,4,4,1000000000,2048,Yes,,,,,,,,
pfp_bloom_filter_add_unique_size_u32,0,NVIDIA H200,I64,U32,256,1,4,8,1000000000,1,Yes,,,,,,,,
pfp_bloom_filter_add_unique_size_u32,0,NVIDIA H200,I64,U32,256,1,4,8,1000000000,2,Yes,,,,,,,,
pfp_bloom_filter_add_unique_size_u32,0,NVIDIA H200,I64,U32,256,1,4,8,1000000000,4,Yes,,,,,,,,
pfp_bloom_filter_add_unique_size_u32,0,NVIDIA H200,I64,U32,256,1,4,8,1000000000,8,Yes,,,,,,,,
pfp_bloom_filter_add_unique_size_u32,0,NVIDIA H200,I64,U32,256,1,4,8,1000000000,16,Yes,,,,,,,,
pfp_bloom_filter_add_unique_size_u32,0,NVIDIA H200,I64,U32,256,1,4,8,1000000000,32,Yes,,,,,,,,
pfp_bloom_filter_add_unique_size_u32,0,NVIDIA H200,I64,U32,256,1,4,8,1000000000,64,Yes,,,,,,,,
pfp_bloom_filter_add_unique_size_u32,0,NVIDIA H200,I64,U32,256,1,4,8,1000000000,128,Yes,,,,,,,,
pfp_bloom_filter_add_unique_size_u32,0,NVIDIA H200,I64,U32,256,1,4,8,1000000000,256,Yes,,,,,,,,
pfp_bloom_filter_add_unique_size_u32,0,NVIDIA H200,I64,U32,256,1,4,8,1000000000,512,Yes,,,,,,,,
pfp_bloom_filter_add_unique_size_u32,0,NVIDIA H200,I64,U32,256,1,4,8,1000000000,1024,Yes,,,,,,,,
pfp_bloom_filter_add_unique_size_u32,0,NVIDIA H200,I64,U32,256,1,4,8,1000000000,2048,Yes,,,,,,,,
pfp_bloom_filter_add_unique_size_u32,0,NVIDIA H200,I64,U32,256,1,8,1,1000000000,1,No,25,0.02047498472,7.83467186006407e-05,0.02046165245056152,7.256586888314086e-05,48871908191.00036,26,0.020459676375755895
pfp_bloom_filter_add_unique_size_u32,0,NVIDIA H200,I64,U32,256,1,8,1,1000000000,2,No,25,0.020474764760000003,0.00011017776443967333,0.020461472015380854,0.00010664081119424515,48872339157.62765,26,0.020457902761606066
pfp_bloom_filter_add_unique_size_u32,0,NVIDIA H200,I64,U32,256,1,8,1,1000000000,4,No,25,0.02047133912,8.628386379587218e-05,0.020458146591186527,7.664165323001098e-05,48880283242.80387,26,0.02045581898322472
pfp_bloom_filter_add_unique_size_u32,0,NVIDIA H200,I64,U32,256,1,8,1,1000000000,8,No,25,0.020405681440000004,0.00015633599189571212,0.020392513198852536,0.0001415888713669786,49037604646.80091,26,0.020388921077434834
pfp_bloom_filter_add_unique_size_u32,0,NVIDIA H200,I64,U32,256,1,8,1,1000000000,16,No,25,0.020357025920000004,0.00013429773663015015,0.020343681182861326,0.00013306451016035812,49155312207.82485,26,0.020336950668921834
pfp_bloom_filter_add_unique_size_u32,0,NVIDIA H200,I64,U32,256,1,8,1,1000000000,32,No,25,0.020339440280000006,7.515305792106996e-05,0.02032608505249023,7.506636426636237e-05,49197865571.14135,26,0.020313006621140703
pfp_bloom_filter_add_unique_size_u32,0,NVIDIA H200,I64,U32,256,1,8,1,1000000000,64,No,15,0.034661709666666665,8.348997823404735e-05,0.03464780604044596,7.830539992884438e-05,28861856327.429634,16,0.0346347975730896
pfp_bloom_filter_add_unique_size_u32,0,NVIDIA H200,I64,U32,256,1,8,1,1000000000,128,No,11,0.0481782100909091,8.238484362029342e-05,0.048164645801890976,7.781718613980563e-05,20762116763.26164,12,0.04816056632995606
pfp_bloom_filter_add_unique_size_u32,0,NVIDIA H200,I64,U32,256,1,8,1,1000000000,256,No,11,0.05573625627272727,9.518171536410915e-05,0.055722510597922596,8.965844719061219e-05,17946068640.297073,12,0.055721877415974945
pfp_bloom_filter_add_unique_size_u32,0,NVIDIA H200,I64,U32,256,1,8,1,1000000000,512,No,11,0.06009210027272727,7.794900328421289e-05,0.06007832128351386,7.657097294287891e-05,16644939116.739449,12,0.06007649517059326
pfp_bloom_filter_add_unique_size_u32,0,NVIDIA H200,I64,U32,256,1,8,1,1000000000,1024,No,11,0.06264728554545455,8.370925702552034e-05,0.06263250628384677,8.918713048836574e-05,15966150156.40696,12,0.06263325150807698
pfp_bloom_filter_add_unique_size_u32,0,NVIDIA H200,I64,U32,256,1,8,1,1000000000,2048,No,11,0.064258986,9.097798705945679e-05,0.0642451858520508,9.26932953496473e-05,15565368622.37248,12,0.06424393463134766
pfp_bloom_filter_add_unique_size_u32,0,NVIDIA H200,I64,U32,256,1,8,2,1000000000,1,Yes,,,,,,,,
pfp_bloom_filter_add_unique_size_u32,0,NVIDIA H200,I64,U32,256,1,8,2,1000000000,2,Yes,,,,,,,,
pfp_bloom_filter_add_unique_size_u32,0,NVIDIA H200,I64,U32,256,1,8,2,1000000000,4,Yes,,,,,,,,
pfp_bloom_filter_add_unique_size_u32,0,NVIDIA H200,I64,U32,256,1,8,2,1000000000,8,Yes,,,,,,,,
pfp_bloom_filter_add_unique_size_u32,0,NVIDIA H200,I64,U32,256,1,8,2,1000000000,16,Yes,,,,,,,,
pfp_bloom_filter_add_unique_size_u32,0,NVIDIA H200,I64,U32,256,1,8,2,1000000000,32,Yes,,,,,,,,
pfp_bloom_filter_add_unique_size_u32,0,NVIDIA H200,I64,U32,256,1,8,2,1000000000,64,Yes,,,,,,,,
pfp_bloom_filter_add_unique_size_u32,0,NVIDIA H200,I64,U32,256,1,8,2,1000000000,128,Yes,,,,,,,,
pfp_bloom_filter_add_unique_size_u32,0,NVIDIA H200,I64,U32,256,1,8,2,1000000000,256,Yes,,,,,,,,
pfp_bloom_filter_add_unique_size_u32,0,NVIDIA H200,I64,U32,256,1,8,2,1000000000,512,Yes,,,,,,,,
pfp_bloom_filter_add_unique_size_u32,0,NVIDIA H200,I64,U32,256,1,8,2,1000000000,1024,Yes,,,,,,,,
pfp_bloom_filter_add_unique_size_u32,0,NVIDIA H200,I64,U32,256,1,8,2,1000000000,2048,Yes,,,,,,,,
pfp_bloom_filter_add_unique_size_u32,0,NVIDIA H200,I64,U32,256,1,8,4,1000000000,1,Yes,,,,,,,,
pfp_bloom_filter_add_unique_size_u32,0,NVIDIA H200,I64,U32,256,1,8,4,1000000000,2,Yes,,,,,,,,
pfp_bloom_filter_add_unique_size_u32,0,NVIDIA H200,I64,U32,256,1,8,4,1000000000,4,Yes,,,,,,,,
pfp_bloom_filter_add_unique_size_u32,0,NVIDIA H200,I64,U32,256,1,8,4,1000000000,8,Yes,,,,,,,,
pfp_bloom_filter_add_unique_size_u32,0,NVIDIA H200,I64,U32,256,1,8,4,1000000000,16,Yes,,,,,,,,
pfp_bloom_filter_add_unique_size_u32,0,NVIDIA H200,I64,U32,256,1,8,4,1000000000,32,Yes,,,,,,,,
pfp_bloom_filter_add_unique_size_u32,0,NVIDIA H200,I64,U32,256,1,8,4,1000000000,64,Yes,,,,,,,,
pfp_bloom_filter_add_unique_size_u32,0,NVIDIA H200,I64,U32,256,1,8,4,1000000000,128,Yes,,,,,,,,
pfp_bloom_filter_add_unique_size_u32,0,NVIDIA H200,I64,U32,256,1,8,4,1000000000,256,Yes,,,,,,,,
pfp_bloom_filter_add_unique_size_u32,0,NVIDIA H200,I64,U32,256,1,8,4,1000000000,512,Yes,,,,,,,,
pfp_bloom_filter_add_unique_size_u32,0,NVIDIA H200,I64,U32,256,1,8,4,1000000000,1024,Yes,,,,,,,,
pfp_bloom_filter_add_unique_size_u32,0,NVIDIA H200,I64,U32,256,1,8,4,1000000000,2048,Yes,,,,,,,,
pfp_bloom_filter_add_unique_size_u32,0,NVIDIA H200,I64,U32,256,1,8,8,1000000000,1,Yes,,,,,,,,
pfp_bloom_filter_add_unique_size_u32,0,NVIDIA H200,I64,U32,256,1,8,8,1000000000,2,Yes,,,,,,,,
pfp_bloom_filter_add_unique_size_u32,0,NVIDIA H200,I64,U32,256,1,8,8,1000000000,4,Yes,,,,,,,,
pfp_bloom_filter_add_unique_size_u32,0,NVIDIA H200,I64,U32,256,1,8,8,1000000000,8,Yes,,,,,,,,
pfp_bloom_filter_add_unique_size_u32,0,NVIDIA H200,I64,U32,256,1,8,8,1000000000,16,Yes,,,,,,,,
pfp_bloom_filter_add_unique_size_u32,0,NVIDIA H200,I64,U32,256,1,8,8,1000000000,32,Yes,,,,,,,,
pfp_bloom_filter_add_unique_size_u32,0,NVIDIA H200,I64,U32,256,1,8,8,1000000000,64,Yes,,,,,,,,
pfp_bloom_filter_add_unique_size_u32,0,NVIDIA H200,I64,U32,256,1,8,8,1000000000,128,Yes,,,,,,,,
pfp_bloom_filter_add_unique_size_u32,0,NVIDIA H200,I64,U32,256,1,8,8,1000000000,256,Yes,,,,,,,,
pfp_bloom_filter_add_unique_size_u32,0,NVIDIA H200,I64,U32,256,1,8,8,1000000000,512,Yes,,,,,,,,
pfp_bloom_filter_add_unique_size_u32,0,NVIDIA H200,I64,U32,256,1,8,8,1000000000,1024,Yes,,,,,,,,
pfp_bloom_filter_add_unique_size_u32,0,NVIDIA H200,I64,U32,256,1,8,8,1000000000,2048,Yes,,,,,,,,
pfp_bloom_filter_add_unique_size_u32,0,NVIDIA H200,I64,U32,256,20,1,1,1000000000,1,Yes,,,,,,,,
pfp_bloom_filter_add_unique_size_u32,0,NVIDIA H200,I64,U32,256,20,1,1,1000000000,2,Yes,,,,,,,,
pfp_bloom_filter_add_unique_size_u32,0,NVIDIA H200,I64,U32,256,20,1,1,1000000000,4,Yes,,,,,,,,
pfp_bloom_filter_add_unique_size_u32,0,NVIDIA H200,I64,U32,256,20,1,1,1000000000,8,Yes,,,,,,,,
pfp_bloom_filter_add_unique_size_u32,0,NVIDIA H200,I64,U32,256,20,1,1,1000000000,16,Yes,,,,,,,,
pfp_bloom_filter_add_unique_size_u32,0,NVIDIA H200,I64,U32,256,20,1,1,1000000000,32,Yes,,,,,,,,
pfp_bloom_filter_add_unique_size_u32,0,NVIDIA H200,I64,U32,256,20,1,1,1000000000,64,Yes,,,,,,,,
pfp_bloom_filter_add_unique_size_u32,0,NVIDIA H200,I64,U32,256,20,1,1,1000000000,128,Yes,,,,,,,,
pfp_bloom_filter_add_unique_size_u32,0,NVIDIA H200,I64,U32,256,20,1,1,1000000000,256,Yes,,,,,,,,
pfp_bloom_filter_add_unique_size_u32,0,NVIDIA H200,I64,U32,256,20,1,1,1000000000,512,Yes,,,,,,,,
pfp_bloom_filter_add_unique_size_u32,0,NVIDIA H200,I64,U32,256,20,1,1,1000000000,1024,Yes,,,,,,,,
pfp_bloom_filter_add_unique_size_u32,0,NVIDIA H200,I64,U32,256,20,1,1,1000000000,2048,Yes,,,,,,,,
pfp_bloom_filter_add_unique_size_u32,0,NVIDIA H200,I64,U32,256,20,1,2,1000000000,1,Yes,,,,,,,,
pfp_bloom_filter_add_unique_size_u32,0,NVIDIA H200,I64,U32,256,20,1,2,1000000000,2,Yes,,,,,,,,
pfp_bloom_filter_add_unique_size_u32,0,NVIDIA H200,I64,U32,256,20,1,2,1000000000,4,Yes,,,,,,,,
pfp_bloom_filter_add_unique_size_u32,0,NVIDIA H200,I64,U32,256,20,1,2,1000000000,8,Yes,,,,,,,,
pfp_bloom_filter_add_unique_size_u32,0,NVIDIA H200,I64,U32,256,20,1,2,1000000000,16,Yes,,,,,,,,
pfp_bloom_filter_add_unique_size_u32,0,NVIDIA H200,I64,U32,256,20,1,2,1000000000,32,Yes,,,,,,,,
pfp_bloom_filter_add_unique_size_u32,0,NVIDIA H200,I64,U32,256,20,1,2,1000000000,64,Yes,,,,,,,,
pfp_bloom_filter_add_unique_size_u32,0,NVIDIA H200,I64,U32,256,20,1,2,1000000000,128,Yes,,,,,,,,
pfp_bloom_filter_add_unique_size_u32,0,NVIDIA H200,I64,U32,256,20,1,2,1000000000,256,Yes,,,,,,,,
pfp_bloom_filter_add_unique_size_u32,0,NVIDIA H200,I64,U32,256,20,1,2,1000000000,512,Yes,,,,,,,,
pfp_bloom_filter_add_unique_size_u32,0,NVIDIA H200,I64,U32,256,20,1,2,1000000000,1024,Yes,,,,,,,,
pfp_bloom_filter_add_unique_size_u32,0,NVIDIA H200,I64,U32,256,20,1,2,1000000000,2048,Yes,,,,,,,,
pfp_bloom_filter_add_unique_size_u32,0,NVIDIA H200,I64,U32,256,20,1,4,1000000000,1,Yes,,,,,,,,
pfp_bloom_filter_add_unique_size_u32,0,NVIDIA H200,I64,U32,256,20,1,4,1000000000,2,Yes,,,,,,,,
pfp_bloom_filter_add_unique_size_u32,0,NVIDIA H200,I64,U32,256,20,1,4,1000000000,4,Yes,,,,,,,,
pfp_bloom_filter_add_unique_size_u32,0,NVIDIA H200,I64,U32,256,20,1,4,1000000000,8,Yes,,,,,,,,
pfp_bloom_filter_add_unique_size_u32,0,NVIDIA H200,I64,U32,256,20,1,4,1000000000,16,Yes,,,,,,,,
pfp_bloom_filter_add_unique_size_u32,0,NVIDIA H200,I64,U32,256,20,1,4,1000000000,32,Yes,,,,,,,,
pfp_bloom_filter_add_unique_size_u32,0,NVIDIA H200,I64,U32,256,20,1,4,1000000000,64,Yes,,,,,,,,
pfp_bloom_filter_add_unique_size_u32,0,NVIDIA H200,I64,U32,256,20,1,4,1000000000,128,Yes,,,,,,,,
pfp_bloom_filter_add_unique_size_u32,0,NVIDIA H200,I64,U32,256,20,1,4,1000000000,256,Yes,,,,,,,,
pfp_bloom_filter_add_unique_size_u32,0,NVIDIA H200,I64,U32,256,20,1,4,1000000000,512,Yes,,,,,,,,
pfp_bloom_filter_add_unique_size_u32,0,NVIDIA H200,I64,U32,256,20,1,4,1000000000,1024,Yes,,,,,,,,
pfp_bloom_filter_add_unique_size_u32,0,NVIDIA H200,I64,U32,256,20,1,4,1000000000,2048,Yes,,,,,,,,
pfp_bloom_filter_add_unique_size_u32,0,NVIDIA H200,I64,U32,256,20,1,8,1000000000,1,Yes,,,,,,,,
pfp_bloom_filter_add_unique_size_u32,0,NVIDIA H200,I64,U32,256,20,1,8,1000000000,2,Yes,,,,,,,,
pfp_bloom_filter_add_unique_size_u32,0,NVIDIA H200,I64,U32,256,20,1,8,1000000000,4,Yes,,,,,,,,
pfp_bloom_filter_add_unique_size_u32,0,NVIDIA H200,I64,U32,256,20,1,8,1000000000,8,Yes,,,,,,,,
pfp_bloom_filter_add_unique_size_u32,0,NVIDIA H200,I64,U32,256,20,1,8,1000000000,16,Yes,,,,,,,,
pfp_bloom_filter_add_unique_size_u32,0,NVIDIA H200,I64,U32,256,20,1,8,1000000000,32,Yes,,,,,,,,
pfp_bloom_filter_add_unique_size_u32,0,NVIDIA H200,I64,U32,256,20,1,8,1000000000,64,Yes,,,,,,,,
pfp_bloom_filter_add_unique_size_u32,0,NVIDIA H200,I64,U32,256,20,1,8,1000000000,128,Yes,,,,,,,,
pfp_bloom_filter_add_unique_size_u32,0,NVIDIA H200,I64,U32,256,20,1,8,1000000000,256,Yes,,,,,,,,
pfp_bloom_filter_add_unique_size_u32,0,NVIDIA H200,I64,U32,256,20,1,8,1000000000,512,Yes,,,,,,,,
pfp_bloom_filter_add_unique_size_u32,0,NVIDIA H200,I64,U32,256,20,1,8,1000000000,1024,Yes,,,,,,,,
pfp_bloom_filter_add_unique_size_u32,0,NVIDIA H200,I64,U32,256,20,1,8,1000000000,2048,Yes,,,,,,,,
pfp_bloom_filter_add_unique_size_u32,0,NVIDIA H200,I64,U32,256,20,2,1,1000000000,1,Yes,,,,,,,,
pfp_bloom_filter_add_unique_size_u32,0,NVIDIA H200,I64,U32,256,20,2,1,1000000000,2,Yes,,,,,,,,
pfp_bloom_filter_add_unique_size_u32,0,NVIDIA H200,I64,U32,256,20,2,1,1000000000,4,Yes,,,,,,,,
pfp_bloom_filter_add_unique_size_u32,0,NVIDIA H200,I64,U32,256,20,2,1,1000000000,8,Yes,,,,,,,,
pfp_bloom_filter_add_unique_size_u32,0,NVIDIA H200,I64,U32,256,20,2,1,1000000000,16,Yes,,,,,,,,
pfp_bloom_filter_add_unique_size_u32,0,NVIDIA H200,I64,U32,256,20,2,1,1000000000,32,Yes,,,,,,,,
pfp_bloom_filter_add_unique_size_u32,0,NVIDIA H200,I64,U32,256,20,2,1,1000000000,64,Yes,,,,,,,,
pfp_bloom_filter_add_unique_size_u32,0,NVIDIA H200,I64,U32,256,20,2,1,1000000000,128,Yes,,,,,,,,
pfp_bloom_filter_add_unique_size_u32,0,NVIDIA H200,I64,U32,256,20,2,1,1000000000,256,Yes,,,,,,,,
pfp_bloom_filter_add_unique_size_u32,0,NVIDIA H200,I64,U32,256,20,2,1,1000000000,512,Yes,,,,,,,,
pfp_bloom_filter_add_unique_size_u32,0,NVIDIA H200,I64,U32,256,20,2,1,1000000000,1024,Yes,,,,,,,,
pfp_bloom_filter_add_unique_size_u32,0,NVIDIA H200,I64,U32,256,20,2,1,1000000000,2048,Yes,,,,,,,,
pfp_bloom_filter_add_unique_size_u32,0,NVIDIA H200,I64,U32,256,20,2,2,1000000000,1,Yes,,,,,,,,
pfp_bloom_filter_add_unique_size_u32,0,NVIDIA H200,I64,U32,256,20,2,2,1000000000,2,Yes,,,,,,,,
pfp_bloom_filter_add_unique_size_u32,0,NVIDIA H200,I64,U32,256,20,2,2,1000000000,4,Yes,,,,,,,,
pfp_bloom_filter_add_unique_size_u32,0,NVIDIA H200,I64,U32,256,20,2,2,1000000000,8,Yes,,,,,,,,
pfp_bloom_filter_add_unique_size_u32,0,NVIDIA H200,I64,U32,256,20,2,2,1000000000,16,Yes,,,,,,,,
pfp_bloom_filter_add_unique_size_u32,0,NVIDIA H200,I64,U32,256,20,2,2,1000000000,32,Yes,,,,,,,,
pfp_bloom_filter_add_unique_size_u32,0,NVIDIA H200,I64,U32,256,20,2,2,1000000000,64,Yes,,,,,,,,
pfp_bloom_filter_add_unique_size_u32,0,NVIDIA H200,I64,U32,256,20,2,2,1000000000,128,Yes,,,,,,,,
pfp_bloom_filter_add_unique_size_u32,0,NVIDIA H200,I64,U32,256,20,2,2,1000000000,256,Yes,,,,,,,,
pfp_bloom_filter_add_unique_size_u32,0,NVIDIA H200,I64,U32,256,20,2,2,1000000000,512,Yes,,,,,,,,
pfp_bloom_filter_add_unique_size_u32,0,NVIDIA H200,I64,U32,256,20,2,2,1000000000,1024,Yes,,,,,,,,
pfp_bloom_filter_add_unique_size_u32,0,NVIDIA H200,I64,U32,256,20,2,2,1000000000,2048,Yes,,,,,,,,
pfp_bloom_filter_add_unique_size_u32,0,NVIDIA H200,I64,U32,256,20,2,4,1000000000,1,Yes,,,,,,,,
pfp_bloom_filter_add_unique_size_u32,0,NVIDIA H200,I64,U32,256,20,2,4,1000000000,2,Yes,,,,,,,,
pfp_bloom_filter_add_unique_size_u32,0,NVIDIA H200,I64,U32,256,20,2,4,1000000000,4,Yes,,,,,,,,
pfp_bloom_filter_add_unique_size_u32,0,NVIDIA H200,I64,U32,256,20,2,4,1000000000,8,Yes,,,,,,,,
pfp_bloom_filter_add_unique_size_u32,0,NVIDIA H200,I64,U32,256,20,2,4,1000000000,16,Yes,,,,,,,,
pfp_bloom_filter_add_unique_size_u32,0,NVIDIA H200,I64,U32,256,20,2,4,1000000000,32,Yes,,,,,,,,
pfp_bloom_filter_add_unique_size_u32,0,NVIDIA H200,I64,U32,256,20,2,4,1000000000,64,Yes,,,,,,,,
pfp_bloom_filter_add_unique_size_u32,0,NVIDIA H200,I64,U32,256,20,2,4,1000000000,128,Yes,,,,,,,,
pfp_bloom_filter_add_unique_size_u32,0,NVIDIA H200,I64,U32,256,20,2,4,1000000000,256,Yes,,,,,,,,
pfp_bloom_filter_add_unique_size_u32,0,NVIDIA H200,I64,U32,256,20,2,4,1000000000,512,Yes,,,,,,,,
pfp_bloom_filter_add_unique_size_u32,0,NVIDIA H200,I64,U32,256,20,2,4,1000000000,1024,Yes,,,,,,,,
pfp_bloom_filter_add_unique_size_u32,0,NVIDIA H200,I64,U32,256,20,2,4,1000000000,2048,Yes,,,,,,,,
pfp_bloom_filter_add_unique_size_u32,0,NVIDIA H200,I64,U32,256,20,2,8,1000000000,1,Yes,,,,,,,,
pfp_bloom_filter_add_unique_size_u32,0,NVIDIA H200,I64,U32,256,20,2,8,1000000000,2,Yes,,,,,,,,
pfp_bloom_filter_add_unique_size_u32,0,NVIDIA H200,I64,U32,256,20,2,8,1000000000,4,Yes,,,,,,,,
pfp_bloom_filter_add_unique_size_u32,0,NVIDIA H200,I64,U32,256,20,2,8,1000000000,8,Yes,,,,,,,,
pfp_bloom_filter_add_unique_size_u32,0,NVIDIA H200,I64,U32,256,20,2,8,1000000000,16,Yes,,,,,,,,
pfp_bloom_filter_add_unique_size_u32,0,NVIDIA H200,I64,U32,256,20,2,8,1000000000,32,Yes,,,,,,,,
pfp_bloom_filter_add_unique_size_u32,0,NVIDIA H200,I64,U32,256,20,2,8,1000000000,64,Yes,,,,,,,,
pfp_bloom_filter_add_unique_size_u32,0,NVIDIA H200,I64,U32,256,20,2,8,1000000000,128,Yes,,,,,,,,
pfp_bloom_filter_add_unique_size_u32,0,NVIDIA H200,I64,U32,256,20,2,8,1000000000,256,Yes,,,,,,,,
pfp_bloom_filter_add_unique_size_u32,0,NVIDIA H200,I64,U32,256,20,2,8,1000000000,512,Yes,,,,,,,,
pfp_bloom_filter_add_unique_size_u32,0,NVIDIA H200,I64,U32,256,20,2,8,1000000000,1024,Yes,,,,,,,,
pfp_bloom_filter_add_unique_size_u32,0,NVIDIA H200,I64,U32,256,20,2,8,1000000000,2048,Yes,,,,,,,,
pfp_bloom_filter_add_unique_size_u32,0,NVIDIA H200,I64,U32,256,20,4,1,1000000000,1,Yes,,,,,,,,
pfp_bloom_filter_add_unique_size_u32,0,NVIDIA H200,I64,U32,256,20,4,1,1000000000,2,Yes,,,,,,,,
pfp_bloom_filter_add_unique_size_u32,0,NVIDIA H200,I64,U32,256,20,4,1,1000000000,4,Yes,,,,,,,,
pfp_bloom_filter_add_unique_size_u32,0,NVIDIA H200,I64,U32,256,20,4,1,1000000000,8,Yes,,,,,,,,
pfp_bloom_filter_add_unique_size_u32,0,NVIDIA H200,I64,U32,256,20,4,1,1000000000,16,Yes,,,,,,,,
pfp_bloom_filter_add_unique_size_u32,0,NVIDIA H200,I64,U32,256,20,4,1,1000000000,32,Yes,,,,,,,,
pfp_bloom_filter_add_unique_size_u32,0,NVIDIA H200,I64,U32,256,20,4,1,1000000000,64,Yes,,,,,,,,
pfp_bloom_filter_add_unique_size_u32,0,NVIDIA H200,I64,U32,256,20,4,1,1000000000,128,Yes,,,,,,,,
pfp_bloom_filter_add_unique_size_u32,0,NVIDIA H200,I64,U32,256,20,4,1,1000000000,256,Yes,,,,,,,,
pfp_bloom_filter_add_unique_size_u32,0,NVIDIA H200,I64,U32,256,20,4,1,1000000000,512,Yes,,,,,,,,
pfp_bloom_filter_add_unique_size_u32,0,NVIDIA H200,I64,U32,256,20,4,1,1000000000,1024,Yes,,,,,,,,
pfp_bloom_filter_add_unique_size_u32,0,NVIDIA H200,I64,U32,256,20,4,1,1000000000,2048,Yes,,,,,,,,
pfp_bloom_filter_add_unique_size_u32,0,NVIDIA H200,I64,U32,256,20,4,2,1000000000,1,Yes,,,,,,,,
pfp_bloom_filter_add_unique_size_u32,0,NVIDIA H200,I64,U32,256,20,4,2,1000000000,2,Yes,,,,,,,,
pfp_bloom_filter_add_unique_size_u32,0,NVIDIA H200,I64,U32,256,20,4,2,1000000000,4,Yes,,,,,,,,
pfp_bloom_filter_add_unique_size_u32,0,NVIDIA H200,I64,U32,256,20,4,2,1000000000,8,Yes,,,,,,,,
pfp_bloom_filter_add_unique_size_u32,0,NVIDIA H200,I64,U32,256,20,4,2,1000000000,16,Yes,,,,,,,,
pfp_bloom_filter_add_unique_size_u32,0,NVIDIA H200,I64,U32,256,20,4,2,1000000000,32,Yes,,,,,,,,
pfp_bloom_filter_add_unique_size_u32,0,NVIDIA H200,I64,U32,256,20,4,2,1000000000,64,Yes,,,,,,,,
pfp_bloom_filter_add_unique_size_u32,0,NVIDIA H200,I64,U32,256,20,4,2,1000000000,128,Yes,,,,,,,,
pfp_bloom_filter_add_unique_size_u32,0,NVIDIA H200,I64,U32,256,20,4,2,1000000000,256,Yes,,,,,,,,
pfp_bloom_filter_add_unique_size_u32,0,NVIDIA H200,I64,U32,256,20,4,2,1000000000,512,Yes,,,,,,,,
pfp_bloom_filter_add_unique_size_u32,0,NVIDIA H200,I64,U32,256,20,4,2,1000000000,1024,Yes,,,,,,,,
pfp_bloom_filter_add_unique_size_u32,0,NVIDIA H200,I64,U32,256,20,4,2,1000000000,2048,Yes,,,,,,,,
pfp_bloom_filter_add_unique_size_u32,0,NVIDIA H200,I64,U32,256,20,4,4,1000000000,1,Yes,,,,,,,,
pfp_bloom_filter_add_unique_size_u32,0,NVIDIA H200,I64,U32,256,20,4,4,1000000000,2,Yes,,,,,,,,
pfp_bloom_filter_add_unique_size_u32,0,NVIDIA H200,I64,U32,256,20,4,4,1000000000,4,Yes,,,,,,,,
pfp_bloom_filter_add_unique_size_u32,0,NVIDIA H200,I64,U32,256,20,4,4,1000000000,8,Yes,,,,,,,,
pfp_bloom_filter_add_unique_size_u32,0,NVIDIA H200,I64,U32,256,20,4,4,1000000000,16,Yes,,,,,,,,
pfp_bloom_filter_add_unique_size_u32,0,NVIDIA H200,I64,U32,256,20,4,4,1000000000,32,Yes,,,,,,,,
pfp_bloom_filter_add_unique_size_u32,0,NVIDIA H200,I64,U32,256,20,4,4,1000000000,64,Yes,,,,,,,,
pfp_bloom_filter_add_unique_size_u32,0,NVIDIA H200,I64,U32,256,20,4,4,1000000000,128,Yes,,,,,,,,
pfp_bloom_filter_add_unique_size_u32,0,NVIDIA H200,I64,U32,256,20,4,4,1000000000,256,Yes,,,,,,,,
pfp_bloom_filter_add_unique_size_u32,0,NVIDIA H200,I64,U32,256,20,4,4,1000000000,512,Yes,,,,,,,,
pfp_bloom_filter_add_unique_size_u32,0,NVIDIA H200,I64,U32,256,20,4,4,1000000000,1024,Yes,,,,,,,,
pfp_bloom_filter_add_unique_size_u32,0,NVIDIA H200,I64,U32,256,20,4,4,1000000000,2048,Yes,,,,,,,,
pfp_bloom_filter_add_unique_size_u32,0,NVIDIA H200,I64,U32,256,20,4,8,1000000000,1,Yes,,,,,,,,
pfp_bloom_filter_add_unique_size_u32,0,NVIDIA H200,I64,U32,256,20,4,8,1000000000,2,Yes,,,,,,,,
pfp_bloom_filter_add_unique_size_u32,0,NVIDIA H200,I64,U32,256,20,4,8,1000000000,4,Yes,,,,,,,,
pfp_bloom_filter_add_unique_size_u32,0,NVIDIA H200,I64,U32,256,20,4,8,1000000000,8,Yes,,,,,,,,
pfp_bloom_filter_add_unique_size_u32,0,NVIDIA H200,I64,U32,256,20,4,8,1000000000,16,Yes,,,,,,,,
pfp_bloom_filter_add_unique_size_u32,0,NVIDIA H200,I64,U32,256,20,4,8,1000000000,32,Yes,,,,,,,,
pfp_bloom_filter_add_unique_size_u32,0,NVIDIA H200,I64,U32,256,20,4,8,1000000000,64,Yes,,,,,,,,
pfp_bloom_filter_add_unique_size_u32,0,NVIDIA H200,I64,U32,256,20,4,8,1000000000,128,Yes,,,,,,,,
pfp_bloom_filter_add_unique_size_u32,0,NVIDIA H200,I64,U32,256,20,4,8,1000000000,256,Yes,,,,,,,,
pfp_bloom_filter_add_unique_size_u32,0,NVIDIA H200,I64,U32,256,20,4,8,1000000000,512,Yes,,,,,,,,
pfp_bloom_filter_add_unique_size_u32,0,NVIDIA H200,I64,U32,256,20,4,8,1000000000,1024,Yes,,,,,,,,
pfp_bloom_filter_add_unique_size_u32,0,NVIDIA H200,I64,U32,256,20,4,8,1000000000,2048,Yes,,,,,,,,
pfp_bloom_filter_add_unique_size_u32,0,NVIDIA H200,I64,U32,256,20,8,1,1000000000,1,Yes,,,,,,,,
pfp_bloom_filter_add_unique_size_u32,0,NVIDIA H200,I64,U32,256,20,8,1,1000000000,2,Yes,,,,,,,,
pfp_bloom_filter_add_unique_size_u32,0,NVIDIA H200,I64,U32,256,20,8,1,1000000000,4,Yes,,,,,,,,
pfp_bloom_filter_add_unique_size_u32,0,NVIDIA H200,I64,U32,256,20,8,1,1000000000,8,Yes,,,,,,,,
pfp_bloom_filter_add_unique_size_u32,0,NVIDIA H200,I64,U32,256,20,8,1,1000000000,16,Yes,,,,,,,,
pfp_bloom_filter_add_unique_size_u32,0,NVIDIA H200,I64,U32,256,20,8,1,1000000000,32,Yes,,,,,,,,
pfp_bloom_filter_add_unique_size_u32,0,NVIDIA H200,I64,U32,256,20,8,1,1000000000,64,Yes,,,,,,,,
pfp_bloom_filter_add_unique_size_u32,0,NVIDIA H200,I64,U32,256,20,8,1,1000000000,128,Yes,,,,,,,,
pfp_bloom_filter_add_unique_size_u32,0,NVIDIA H200,I64,U32,256,20,8,1,1000000000,256,Yes,,,,,,,,
pfp_bloom_filter_add_unique_size_u32,0,NVIDIA H200,I64,U32,256,20,8,1,1000000000,512,Yes,,,,,,,,
pfp_bloom_filter_add_unique_size_u32,0,NVIDIA H200,I64,U32,256,20,8,1,1000000000,1024,Yes,,,,,,,,
pfp_bloom_filter_add_unique_size_u32,0,NVIDIA H200,I64,U32,256,20,8,1,1000000000,2048,Yes,,,,,,,,
pfp_bloom_filter_add_unique_size_u32,0,NVIDIA H200,I64,U32,256,20,8,2,1000000000,1,Yes,,,,,,,,
pfp_bloom_filter_add_unique_size_u32,0,NVIDIA H200,I64,U32,256,20,8,2,1000000000,2,Yes,,,,,,,,
pfp_bloom_filter_add_unique_size_u32,0,NVIDIA H200,I64,U32,256,20,8,2,1000000000,4,Yes,,,,,,,,
pfp_bloom_filter_add_unique_size_u32,0,NVIDIA H200,I64,U32,256,20,8,2,1000000000,8,Yes,,,,,,,,
pfp_bloom_filter_add_unique_size_u32,0,NVIDIA H200,I64,U32,256,20,8,2,1000000000,16,Yes,,,,,,,,
pfp_bloom_filter_add_unique_size_u32,0,NVIDIA H200,I64,U32,256,20,8,2,1000000000,32,Yes,,,,,,,,
pfp_bloom_filter_add_unique_size_u32,0,NVIDIA H200,I64,U32,256,20,8,2,1000000000,64,Yes,,,,,,,,
pfp_bloom_filter_add_unique_size_u32,0,NVIDIA H200,I64,U32,256,20,8,2,1000000000,128,Yes,,,,,,,,
pfp_bloom_filter_add_unique_size_u32,0,NVIDIA H200,I64,U32,256,20,8,2,1000000000,256,Yes,,,,,,,,
pfp_bloom_filter_add_unique_size_u32,0,NVIDIA H200,I64,U32,256,20,8,2,1000000000,512,Yes,,,,,,,,
pfp_bloom_filter_add_unique_size_u32,0,NVIDIA H200,I64,U32,256,20,8,2,1000000000,1024,Yes,,,,,,,,
pfp_bloom_filter_add_unique_size_u32,0,NVIDIA H200,I64,U32,256,20,8,2,1000000000,2048,Yes,,,,,,,,
pfp_bloom_filter_add_unique_size_u32,0,NVIDIA H200,I64,U32,256,20,8,4,1000000000,1,Yes,,,,,,,,
pfp_bloom_filter_add_unique_size_u32,0,NVIDIA H200,I64,U32,256,20,8,4,1000000000,2,Yes,,,,,,,,
pfp_bloom_filter_add_unique_size_u32,0,NVIDIA H200,I64,U32,256,20,8,4,1000000000,4,Yes,,,,,,,,
pfp_bloom_filter_add_unique_size_u32,0,NVIDIA H200,I64,U32,256,20,8,4,1000000000,8,Yes,,,,,,,,
pfp_bloom_filter_add_unique_size_u32,0,NVIDIA H200,I64,U32,256,20,8,4,1000000000,16,Yes,,,,,,,,
pfp_bloom_filter_add_unique_size_u32,0,NVIDIA H200,I64,U32,256,20,8,4,1000000000,32,Yes,,,,,,,,
pfp_bloom_filter_add_unique_size_u32,0,NVIDIA H200,I64,U32,256,20,8,4,1000000000,64,Yes,,,,,,,,
pfp_bloom_filter_add_unique_size_u32,0,NVIDIA H200,I64,U32,256,20,8,4,1000000000,128,Yes,,,,,,,,
pfp_bloom_filter_add_unique_size_u32,0,NVIDIA H200,I64,U32,256,20,8,4,1000000000,256,Yes,,,,,,,,
pfp_bloom_filter_add_unique_size_u32,0,NVIDIA H200,I64,U32,256,20,8,4,1000000000,512,Yes,,,,,,,,
pfp_bloom_filter_add_unique_size_u32,0,NVIDIA H200,I64,U32,256,20,8,4,1000000000,1024,Yes,,,,,,,,
pfp_bloom_filter_add_unique_size_u32,0,NVIDIA H200,I64,U32,256,20,8,4,1000000000,2048,Yes,,,,,,,,
pfp_bloom_filter_add_unique_size_u32,0,NVIDIA H200,I64,U32,256,20,8,8,1000000000,1,Yes,,,,,,,,
pfp_bloom_filter_add_unique_size_u32,0,NVIDIA H200,I64,U32,256,20,8,8,1000000000,2,Yes,,,,,,,,
pfp_bloom_filter_add_unique_size_u32,0,NVIDIA H200,I64,U32,256,20,8,8,1000000000,4,Yes,,,,,,,,
pfp_bloom_filter_add_unique_size_u32,0,NVIDIA H200,I64,U32,256,20,8,8,1000000000,8,Yes,,,,,,,,
pfp_bloom_filter_add_unique_size_u32,0,NVIDIA H200,I64,U32,256,20,8,8,1000000000,16,Yes,,,,,,,,
pfp_bloom_filter_add_unique_size_u32,0,NVIDIA H200,I64,U32,256,20,8,8,1000000000,32,Yes,,,,,,,,
pfp_bloom_filter_add_unique_size_u32,0,NVIDIA H200,I64,U32,256,20,8,8,1000000000,64,Yes,,,,,,,,
pfp_bloom_filter_add_unique_size_u32,0,NVIDIA H200,I64,U32,256,20,8,8,1000000000,128,Yes,,,,,,,,
pfp_bloom_filter_add_unique_size_u32,0,NVIDIA H200,I64,U32,256,20,8,8,1000000000,256,Yes,,,,,,,,
pfp_bloom_filter_add_unique_size_u32,0,NVIDIA H200,I64,U32,256,20,8,8,1000000000,512,Yes,,,,,,,,
pfp_bloom_filter_add_unique_size_u32,0,NVIDIA H200,I64,U32,256,20,8,8,1000000000,1024,Yes,,,,,,,,
pfp_bloom_filter_add_unique_size_u32,0,NVIDIA H200,I64,U32,256,20,8,8,1000000000,2048,Yes,,,,,,,,
pfp_bloom_filter_add_unique_size_u32,0,NVIDIA H200,I64,U32,512,1,1,1,1000000000,1,No,11,0.2050896510909091,8.402697271479857e-05,0.20507451005415486,8.240731428159608e-05,4876276431.117285,12,0.2050837148030599
pfp_bloom_filter_add_unique_size_u32,0,NVIDIA H200,I64,U32,512,1,1,1,1000000000,2,No,11,0.2050061951818182,0.0001308726918193078,0.20499105696244674,0.000130357914672184,4878261592.568863,12,0.20500120544433598
pfp_bloom_filter_add_unique_size_u32,0,NVIDIA H200,I64,U32,512,1,1,1,1000000000,4,No,11,0.20471977745454548,6.991603714428294e-05,0.20470421114834875,7.310982068881582e-05,4885097352.859546,12,0.20471111297607425
pfp_bloom_filter_add_unique_size_u32,0,NVIDIA H200,I64,U32,512,1,1,1,1000000000,8,No,11,0.20385842472727275,8.946818229077631e-05,0.20384323952414773,8.919672016840175e-05,4905730512.988329,12,0.2038489952087402
pfp_bloom_filter_add_unique_size_u32,0,NVIDIA H200,I64,U32,512,1,1,1,1000000000,16,No,11,0.20349707872727274,0.00012686065816242846,0.20348205982555043,0.00012796625991297867,4914438161.562359,12,0.20348768361409508
pfp_bloom_filter_add_unique_size_u32,0,NVIDIA H200,I64,U32,512,1,1,1,1000000000,32,No,11,0.20338058854545454,7.684528089638811e-05,0.2033655672940341,7.622869900499381e-05,4917253266.1547365,12,0.20335515085856118
pfp_bloom_filter_add_unique_size_u32,0,NVIDIA H200,I64,U32,512,1,1,1,1000000000,64,No,11,0.20582449481818185,0.0002276222322576765,0.20580902099609374,0.00022883828061338665,4858873508.848672,12,0.20575256093343097
pfp_bloom_filter_add_unique_size_u32,0,NVIDIA H200,I64,U32,512,1,1,1,1000000000,128,No,11,0.21156398181818184,0.0015934672011286256,0.21154879483309663,0.0015933683476864787,4727041819.30679,12,0.2110181465148926
pfp_bloom_filter_add_unique_size_u32,0,NVIDIA H200,I64,U32,512,1,1,1,1000000000,256,No,11,0.2162635739090909,0.0025355846956622383,0.21624836730957028,0.002536757869872048,4624312370.268444,12,0.21574468104044597
pfp_bloom_filter_add_unique_size_u32,0,NVIDIA H200,I64,U32,512,1,1,1,1000000000,512,No,11,0.25124677272727275,1.3446625972271632e-05,0.2512309362238103,1.2518867494796062e-05,3980401518.3430476,12,0.25122671763102217
pfp_bloom_filter_add_unique_size_u32,0,NVIDIA H200,I64,U32,512,1,1,1,1000000000,1024,No,11,0.3065361283636364,2.5162938404797693e-05,0.3065200999866832,2.4404586026981203e-05,3262428793.555284,12,0.30651529184977216
pfp_bloom_filter_add_unique_size_u32,0,NVIDIA H200,I64,U32,512,1,1,1,1000000000,2048,No,11,0.3351773647272727,6.130126769837403e-06,0.335161191073331,6.85172776026784e-06,2983638997.09739,12,0.33516137440999344
pfp_bloom_filter_add_unique_size_u32,0,NVIDIA H200,I64,U32,512,1,1,2,1000000000,1,No,11,0.20499681581818185,7.197500696507504e-05,0.20498170609907665,7.416387742431631e-05,4878484129.294231,12,0.20498622512817385
pfp_bloom_filter_add_unique_size_u32,0,NVIDIA H200,I64,U32,512,1,1,2,1000000000,2,No,11,0.20495043181818182,8.388970032276614e-05,0.20493537486683244,8.254838634677392e-05,4879587043.719527,12,0.20494367218017576
pfp_bloom_filter_add_unique_size_u32,0,NVIDIA H200,I64,U32,512,1,1,2,1000000000,4,No,11,0.2047201440909091,9.695696484170893e-05,0.2047050684148615,9.873091586438666e-05,4885076894.986155,12,0.20470290120442713
pfp_bloom_filter_add_unique_size_u32,0,NVIDIA H200,I64,U32,512,1,1,2,1000000000,8,No,11,0.20365722454545454,7.079111633038832e-05,0.20364234230735082,7.182120118402326e-05,4910570113.60993,12,0.20364541371663414
pfp_bloom_filter_add_unique_size_u32,0,NVIDIA H200,I64,U32,512,1,1,2,1000000000,16,No,11,0.20349144509090908,0.00014095287490747488,0.20347651949795809,0.00013884989919376586,4914571973.54919,12,0.20347652053833007
pfp_bloom_filter_add_unique_size_u32,0,NVIDIA H200,I64,U32,512,1,1,2,1000000000,32,No,11,0.20336600609090907,6.689204690123625e-05,0.2033514764959162,6.769665171765097e-05,4917593996.521007,12,0.2033474260965983
pfp_bloom_filter_add_unique_size_u32,0,NVIDIA H200,I64,U32,512,1,1,2,1000000000,64,No,11,0.20580654254545455,0.0001407716950594717,0.20579174249822446,0.0001395213808772679,4859281465.13764,12,0.2057903366088867
pfp_bloom_filter_add_unique_size_u32,0,NVIDIA H200,I64,U32,512,1,1,2,1000000000,128,No,11,0.21192152254545454,0.0036202771621525053,0.21190691999955613,0.0036213598190991277,4719053063.496438,12,0.21112020492553707
pfp_bloom_filter_add_unique_size_u32,0,NVIDIA H200,I64,U32,512,1,1,2,1000000000,256,No,11,0.21594860281818182,0.0011130740984301982,0.21593391002308238,0.0011134777817872724,4631046600.754391,12,0.21583460998535156
pfp_bloom_filter_add_unique_size_u32,0,NVIDIA H200,I64,U32,512,1,1,2,1000000000,512,No,11,0.2512504113636364,1.5122695471074432e-05,0.2512350949374112,1.3490544960453259e-05,3980335630.454513,12,0.25123668924967446
pfp_bloom_filter_add_unique_size_u32,0,NVIDIA H200,I64,U32,512,1,1,2,1000000000,1024,No,11,0.3065458050909091,7.267382005845257e-06,0.3065299238725142,6.529132515927554e-06,3262324236.9508433,12,0.3065245310465495
pfp_bloom_filter_add_unique_size_u32,0,NVIDIA H200,I64,U32,512,1,1,2,1000000000,2048,No,11,0.33518514772727276,9.834869388814137e-06,0.33516919222745023,1.1392798427759446e-05,2983567771.710315,12,0.3351663208007812
pfp_bloom_filter_add_unique_size_u32,0,NVIDIA H200,I64,U32,512,1,1,4,1000000000,1,No,11,0.20511632500000002,0.00011579988970013019,0.20510151256214487,0.00011616635627070989,4875634448.07363,12,0.20512154261271162
pfp_bloom_filter_add_unique_size_u32,0,NVIDIA H200,I64,U32,512,1,1,4,1000000000,2,No,11,0.20500424145454546,0.0001011567973639926,0.20498944369229405,0.00010077933924689813,4878299984.564483,12,0.20498046493530273
pfp_bloom_filter_add_unique_size_u32,0,NVIDIA H200,I64,U32,512,1,1,4,1000000000,4,No,11,0.20482621436363638,0.00010729559490451047,0.204811504017223,0.00010698800664876743,4882538238.261792,12,0.20481908162434895
pfp_bloom_filter_add_unique_size_u32,0,NVIDIA H200,I64,U32,512,1,1,4,1000000000,8,No,11,0.2036820757272727,0.00010455146735318677,0.20366751237349076,0.00010493839262151275,4909963245.223784,12,0.20365034739176427
pfp_bloom_filter_add_unique_size_u32,0,NVIDIA H200,I64,U32,512,1,1,4,1000000000,16,No,11,0.20345766845454547,0.00012451182422078846,0.2034428683194247,0.00012437560145016208,4915384885.499671,12,0.20345912170410155
pfp_bloom_filter_add_unique_size_u32,0,NVIDIA H200,I64,U32,512,1,1,4,1000000000,32,No,11,0.20336544445454544,6.422245906138074e-05,0.20335088833895598,6.455752651526541e-05,4917608219.803532,12,0.20333829879760745
pfp_bloom_filter_add_unique_size_u32,0,NVIDIA H200,I64,U32,512,1,1,4,1000000000,64,No,11,0.20581888236363638,0.00015060140384733875,0.20580425054376777,0.00014902430786697187,4858986135.407019,12,0.20578678131103512
pfp_bloom_filter_add_unique_size_u32,0,NVIDIA H200,I64,U32,512,1,1,4,1000000000,128,No,11,0.2112724280909091,0.0011839245191433007,0.21125752397017042,0.0011834490698591526,4733559218.185289,12,0.21139641698201495
pfp_bloom_filter_add_unique_size_u32,0,NVIDIA H200,I64,U32,512,1,1,4,1000000000,256,No,11,0.21645472954545453,0.002947390389973886,0.21643952941894537,0.00294606241200752,4620228119.533456,12,0.21584234110514325
pfp_bloom_filter_add_unique_size_u32,0,NVIDIA H200,I64,U32,512,1,1,4,1000000000,512,No,11,0.25124890190909094,1.4458516201359174e-05,0.25123391168767756,1.4050479850846304e-05,3980354376.853209,12,0.2512282053629557
pfp_bloom_filter_add_unique_size_u32,0,NVIDIA H200,I64,U32,512,1,1,4,1000000000,1024,No,11,0.3065344071818182,1.2854372802924515e-05,0.30651861017400567,1.2203773850586585e-05,3262444650.3666325,12,0.30651726023356124
pfp_bloom_filter_add_unique_size_u32,0,NVIDIA H200,I64,U32,512,1,1,4,1000000000,2048,No,11,0.3351809879090909,7.579039639524165e-06,0.335165360884233,7.270555062491009e-06,2983601877.4786296,12,0.33516679636637375
pfp_bloom_filter_add_unique_size_u32,0,NVIDIA H200,I64,U32,512,1,1,8,1000000000,1,No,11,0.20511380636363638,0.00012280434141922724,0.20509898515181108,0.00012111111686408983,4875694529.935463,12,0.2051047388712565
pfp_bloom_filter_add_unique_size_u32,0,NVIDIA H200,I64,U32,512,1,1,8,1000000000,2,No,11,0.20502363690909098,8.734562071577736e-05,0.2050086545077237,8.687771900359949e-05,4877842852.055424,12,0.20501881663004554
pfp_bloom_filter_add_unique_size_u32,0,NVIDIA H200,I64,U32,512,1,1,8,1000000000,4,No,11,0.20473472500000006,9.68883997258008e-05,0.20471979869495735,9.424762511703137e-05,4884725397.224768,12,0.20472054799397787
pfp_bloom_filter_add_unique_size_u32,0,NVIDIA H200,I64,U32,512,1,1,8,1000000000,8,No,11,0.20388656190909094,8.746961968493839e-05,0.2038715307062323,8.884685837411026e-05,4905049746.455012,12,0.2038620821634928
pfp_bloom_filter_add_unique_size_u32,0,NVIDIA H200,I64,U32,512,1,1,8,1000000000,16,No,11,0.2035113682727273,8.56819115264135e-05,0.20349644054066054,8.629124636924863e-05,4914090867.354461,12,0.20347401682535804
pfp_bloom_filter_add_unique_size_u32,0,NVIDIA H200,I64,U32,512,1,1,8,1000000000,32,No,11,0.20336611681818184,8.574738157543884e-05,0.20335103121670814,8.738096816337231e-05,4917604764.611767,12,0.20335438283284504
pfp_bloom_filter_add_unique_size_u32,0,NVIDIA H200,I64,U32,512,1,1,8,1000000000,64,No,11,0.20578607818181818,9.719789029718379e-05,0.20577110706676136,9.594715659745849e-05,4859768770.527902,12,0.2057629254659017
pfp_bloom_filter_add_unique_size_u32,0,NVIDIA H200,I64,U32,512,1,1,8,1000000000,128,No,11,0.211758138,0.0008424567793877167,0.21174313077059662,0.000842242580086288,4722703382.91826,12,0.21151290257771807
pfp_bloom_filter_add_unique_size_u32,0,NVIDIA H200,I64,U32,512,1,1,8,1000000000,256,No,11,0.2158672581818182,0.001017307025993714,0.21585221446644176,0.0010188493597226345,4632799355.206377,12,0.21607247034708663
pfp_bloom_filter_add_unique_size_u32,0,NVIDIA H200,I64,U32,512,1,1,8,1000000000,512,No,11,0.2512664201818182,0.0001986834080593959,0.25125113469904115,0.00019714210899964758,3980081527.5833116,12,0.251234317779541
pfp_bloom_filter_add_unique_size_u32,0,NVIDIA H200,I64,U32,512,1,1,8,1000000000,1024,No,11,0.30654070600000005,1.018026326777819e-05,0.3065249439586293,1.108814954061371e-05,3262377237.837345,12,0.3065200068155924
pfp_bloom_filter_add_unique_size_u32,0,NVIDIA H200,I64,U32,512,1,1,8,1000000000,2048,No,11,0.33517941500000004,6.638141692621594e-06,0.33516333285245026,5.483537415573177e-06,2983619930.883765,12,0.3351657485961914
pfp_bloom_filter_add_unique_size_u32,0,NVIDIA H200,I64,U32,512,1,2,1,1000000000,1,No,11,0.10913788,6.46235651778674e-05,0.10912380842729048,6.627576115702501e-05,9163903041.986506,12,0.10912984085083009
pfp_bloom_filter_add_unique_size_u32,0,NVIDIA H200,I64,U32,512,1,2,1,1000000000,2,No,11,0.10896213354545456,7.516669405519109e-05,0.10894811873002487,7.730865988878767e-05,9178680748.751757,12,0.1089566701253255
pfp_bloom_filter_add_unique_size_u32,0,NVIDIA H200,I64,U32,512,1,2,1,1000000000,4,No,11,0.10884622,6.254653012494281e-05,0.1088322851007635,6.22094553029802e-05,9188449907.80208,12,0.10883211199442545
pfp_bloom_filter_add_unique_size_u32,0,NVIDIA H200,I64,U32,512,1,2,1,1000000000,8,No,11,0.10838999754545454,8.502251053642672e-05,0.10837586836381394,8.65051652859204e-05,9227146366.597364,12,0.108378875096639
pfp_bloom_filter_add_unique_size_u32,0,NVIDIA H200,I64,U32,512,1,2,1,1000000000,16,No,11,0.10833902927272727,5.6366099401885684e-05,0.10832487002286043,5.746609633489055e-05,9231490421.257502,12,0.10832170550028482
pfp_bloom_filter_add_unique_size_u32,0,NVIDIA H200,I64,U32,512,1,2,1,1000000000,32,No,11,0.10828247718181819,5.819833587605558e-05,0.10826835285533559,5.6866081119733774e-05,9236309351.968855,12,0.10826662508646646
pfp_bloom_filter_add_unique_size_u32,0,NVIDIA H200,I64,U32,512,1,2,1,1000000000,64,No,11,0.11187270072727275,5.3811261299082845e-05,0.11185844906893645,5.352675324908813e-05,8939870061.882559,12,0.11184207153320314
pfp_bloom_filter_add_unique_size_u32,0,NVIDIA H200,I64,U32,512,1,2,1,1000000000,128,No,11,0.12832244981818183,4.9537546977236294e-05,0.12830826499245385,5.032229617293946e-05,7793730201.704564,12,0.12830292002360025
pfp_bloom_filter_add_unique_size_u32,0,NVIDIA H200,I64,U32,512,1,2,1,1000000000,256,No,11,0.1357019920909091,4.707977801147405e-05,0.13568752080743962,4.9463468828636636e-05,7369874503.191386,12,0.13568256759643554
pfp_bloom_filter_add_unique_size_u32,0,NVIDIA H200,I64,U32,512,1,2,1,1000000000,512,No,11,0.13916127090909092,7.87278893094584e-05,0.13914696988192474,7.817526396680863e-05,7186645895.692627,12,0.13914487584431964
pfp_bloom_filter_add_unique_size_u32,0,NVIDIA H200,I64,U32,512,1,2,1,1000000000,1024,No,11,0.1430763430909091,7.39696412083606e-05,0.14306213656338776,7.678824640485665e-05,6989969701.43055,12,0.14306521860758462
pfp_bloom_filter_add_unique_size_u32,0,NVIDIA H200,I64,U32,512,1,2,1,1000000000,2048,No,11,0.15579624272727274,3.3539079798603765e-05,0.1557819893576882,3.2906131944828306e-05,6419227306.84815,12,0.15577856826782224
pfp_bloom_filter_add_unique_size_u32,0,NVIDIA H200,I64,U32,512,1,2,2,1000000000,1,No,11,0.109105339,7.00508970868521e-05,0.10909112826260653,7.069971867823182e-05,9166648250.19298,12,0.10908045132954915
pfp_bloom_filter_add_unique_size_u32,0,NVIDIA H200,I64,U32,512,1,2,2,1000000000,2,No,11,0.10897163463636365,9.097694617140147e-05,0.1089578267877752,8.90553285089306e-05,9177862935.425192,12,0.10896342658996583
pfp_bloom_filter_add_unique_size_u32,0,NVIDIA H200,I64,U32,512,1,2,2,1000000000,4,No,11,0.10877211381818185,4.684365906802417e-05,0.10875837430087003,4.498057548039241e-05,9194694260.81703,12,0.10876488812764484
pfp_bloom_filter_add_unique_size_u32,0,NVIDIA H200,I64,U32,512,1,2,2,1000000000,8,No,11,0.10840782281818181,8.688431022531715e-05,0.10839386749267578,8.466757203708935e-05,9225614171.09294,12,0.10838650957743327
pfp_bloom_filter_add_unique_size_u32,0,NVIDIA H200,I64,U32,512,1,2,2,1000000000,16,No,11,0.10831209390909091,6.376010792470478e-05,0.10829828158291903,6.419909823770836e-05,9233756855.452465,12,0.10828851000467933
pfp_bloom_filter_add_unique_size_u32,0,NVIDIA H200,I64,U32,512,1,2,2,1000000000,32,No,11,0.10832822272727274,6.459705262095839e-05,0.10831419025767933,6.87549709665164e-05,9232400645.021685,12,0.10830805333455405
pfp_bloom_filter_add_unique_size_u32,0,NVIDIA H200,I64,U32,512,1,2,2,1000000000,64,No,11,0.11189202981818182,7.920791487337044e-05,0.11187805522571909,7.364029121885186e-05,8938303387.402063,12,0.11187150382995607
pfp_bloom_filter_add_unique_size_u32,0,NVIDIA H200,I64,U32,512,1,2,2,1000000000,128,No,11,0.12833045672727275,6.222809031356029e-05,0.12831645896218039,6.103972655716881e-05,7793232513.490238,12,0.1283048998514811
pfp_bloom_filter_add_unique_size_u32,0,NVIDIA H200,I64,U32,512,1,2,2,1000000000,256,No,11,0.13571379481818183,9.046763380370625e-05,0.13569958634810014,8.889230011869257e-05,7369219221.0134945,12,0.13569393539428712
pfp_bloom_filter_add_unique_size_u32,0,NVIDIA H200,I64,U32,512,1,2,2,1000000000,512,No,11,0.1391740333636364,7.039723318127337e-05,0.13915981916947795,7.168186438646176e-05,7185982318.517778,12,0.1391526387532552
pfp_bloom_filter_add_unique_size_u32,0,NVIDIA H200,I64,U32,512,1,2,2,1000000000,1024,No,11,0.14303718545454547,3.6605690294856316e-05,0.143022763338956,3.500179995358624e-05,6991893994.03545,12,0.14302092615763345
pfp_bloom_filter_add_unique_size_u32,0,NVIDIA H200,I64,U32,512,1,2,2,1000000000,2048,No,11,0.15572099836363637,2.290735767095155e-05,0.15570657071200286,2.416743142523589e-05,6422336548.979776,12,0.15570326868693032
pfp_bloom_filter_add_unique_size_u32,0,NVIDIA H200,I64,U32,512,1,2,4,1000000000,1,No,11,0.15417210836363637,0.00014374311573906394,0.15415773010253905,0.0001456119632095846,6486862509.812796,12,0.1541540018717448
pfp_bloom_filter_add_unique_size_u32,0,NVIDIA H200,I64,U32,512,1,2,4,1000000000,2,No,11,0.15410801281818182,0.00011015453388829214,0.15409384571422233,0.00010929304935307914,6489551840.081718,12,0.15410335795084634
pfp_bloom_filter_add_unique_size_u32,0,NVIDIA H200,I64,U32,512,1,2,4,1000000000,4,No,11,0.15393922572727273,0.00012284512567786453,0.15392487404563213,0.000122967162824201,6496675772.517072,12,0.15392393747965497
pfp_bloom_filter_add_unique_size_u32,0,NVIDIA H200,I64,U32,512,1,2,4,1000000000,8,No,11,0.1533128892727273,7.447506816771081e-05,0.15329879483309658,7.521513259747158e-05,6523208490.247727,12,0.15329751459757487
pfp_bloom_filter_add_unique_size_u32,0,NVIDIA H200,I64,U32,512,1,2,4,1000000000,16,No,11,0.15297330345454546,9.524814853329074e-05,0.15295918967507102,9.248978671320133e-05,6537691538.012756,12,0.15295460637410482
pfp_bloom_filter_add_unique_size_u32,0,NVIDIA H200,I64,U32,512,1,2,4,1000000000,32,No,11,0.15282894127272728,5.7484776973201734e-05,0.15281478049538352,5.63324996137588e-05,6543869622.809226,12,0.15281425603230792
pfp_bloom_filter_add_unique_size_u32,0,NVIDIA H200,I64,U32,512,1,2,4,1000000000,64,No,11,0.15362406772727272,9.17981742401427e-05,0.15360968711159448,9.189798608583215e-05,6510006099.247629,12,0.153607541402181
pfp_bloom_filter_add_unique_size_u32,0,NVIDIA H200,I64,U32,512,1,2,4,1000000000,128,No,11,0.15399348445454544,4.217660796295991e-05,0.15397889848188917,4.332493660943217e-05,6494396374.173432,12,0.1539693082173665
pfp_bloom_filter_add_unique_size_u32,0,NVIDIA H200,I64,U32,512,1,2,4,1000000000,256,No,11,0.15432401645454547,5.439980216170066e-05,0.15430941356312144,5.325158043790388e-05,6480486037.1719475,12,0.15430048116048178
pfp_bloom_filter_add_unique_size_u32,0,NVIDIA H200,I64,U32,512,1,2,4,1000000000,512,No,11,0.15464103854545455,8.582050917444839e-05,0.15462646623091264,8.429105235440236e-05,6467198173.607888,12,0.15461938349405926
pfp_bloom_filter_add_unique_size_u32,0,NVIDIA H200,I64,U32,512,1,2,4,1000000000,1024,No,11,0.1549743341818182,8.384608975371364e-05,0.15495993735573507,8.373634751956975e-05,6453280874.167764,12,0.15495670318603516
pfp_bloom_filter_add_unique_size_u32,0,NVIDIA H200,I64,U32,512,1,2,4,1000000000,2048,No,11,0.15675007027272728,5.966717020462144e-05,0.15673541537198152,6.247872341789084e-05,6380178963.55263,12,0.15673600514729816
pfp_bloom_filter_add_unique_size_u32,0,NVIDIA H200,I64,U32,512,1,2,8,1000000000,1,No,11,0.2049020579090909,6.683424953688812e-05,0.20488718899813566,6.55269149454761e-05,4880734636.898646,12,0.20487498601277665
pfp_bloom_filter_add_unique_size_u32,0,NVIDIA H200,I64,U32,512,1,2,8,1000000000,2,No,11,0.20482590245454546,8.372902392924742e-05,0.20481106844815342,8.491105326436815e-05,4882548621.893174,12,0.20480520629882812
pfp_bloom_filter_add_unique_size_u32,0,NVIDIA H200,I64,U32,512,1,2,8,1000000000,4,No,11,0.20458141690909093,5.8866175272913115e-05,0.2045662106600675,5.7398666431622054e-05,4888392842.46079,12,0.20457378387451172
pfp_bloom_filter_add_unique_size_u32,0,NVIDIA H200,I64,U32,512,1,2,8,1000000000,8,No,11,0.20352047118181818,8.100242724953673e-05,0.20350565823641695,8.018140450199026e-05,4913868285.85512,12,0.20350430806477862
pfp_bloom_filter_add_unique_size_u32,0,NVIDIA H200,I64,U32,512,1,2,8,1000000000,16,No,11,0.20334764418181817,4.1772844984208105e-05,0.20333266240900214,4.086884699894944e-05,4918049014.616783,12,0.2033244476318359
pfp_bloom_filter_add_unique_size_u32,0,NVIDIA H200,I64,U32,512,1,2,8,1000000000,32,No,11,0.2032116542727273,6.369247002597177e-05,0.20319665804776277,6.337180348158087e-05,4921340781.918486,12,0.20319320424397788
pfp_bloom_filter_add_unique_size_u32,0,NVIDIA H200,I64,U32,512,1,2,8,1000000000,64,No,11,0.2049687739090909,9.756997353663079e-05,0.20495384355024857,9.729089956748254e-05,4879147337.165355,12,0.20495972951253258
pfp_bloom_filter_add_unique_size_u32,0,NVIDIA H200,I64,U32,512,1,2,8,1000000000,128,No,11,0.2060906519090909,8.168673866925866e-05,0.20607537148215552,7.91809203656454e-05,4852593460.381518,12,0.20606616973876954
pfp_bloom_filter_add_unique_size_u32,0,NVIDIA H200,I64,U32,512,1,2,8,1000000000,256,No,11,0.20697225109090908,0.00011035501688244895,0.2069573738791726,0.00011202204328216902,4831912877.788194,12,0.20696836598714194
pfp_bloom_filter_add_unique_size_u32,0,NVIDIA H200,I64,U32,512,1,2,8,1000000000,512,No,11,0.20757226490909095,0.00011118955679660212,0.20755734252929692,0.00010979629279166585,4817945671.369583,12,0.20755578104654945
pfp_bloom_filter_add_unique_size_u32,0,NVIDIA H200,I64,U32,512,1,2,8,1000000000,1024,No,11,0.20787347563636363,4.482545408199342e-05,0.2078585066361861,4.6082862121487064e-05,4810964998.176841,12,0.20787288411458338
pfp_bloom_filter_add_unique_size_u32,0,NVIDIA H200,I64,U32,512,1,2,8,1000000000,2048,No,11,0.20806279718181814,7.414231289667941e-05,0.20804786127263852,7.423081577794923e-05,4806586301.262379,12,0.2080470097859701
pfp_bloom_filter_add_unique_size_u32,0,NVIDIA H200,I64,U32,512,1,4,1,1000000000,1,No,11,0.05356929627272728,7.128494583385539e-05,0.05355578439885921,6.974861908907636e-05,18672119384.013744,12,0.05354971790313721
pfp_bloom_filter_add_unique_size_u32,0,NVIDIA H200,I64,U32,512,1,4,1,1000000000,2,No,11,0.05350825572727273,8.26610890455329e-05,0.05349472947554156,7.911654666774329e-05,18693430358.5405,12,0.05349254353841146
pfp_bloom_filter_add_unique_size_u32,0,NVIDIA H200,I64,U32,512,1,4,1,1000000000,4,No,11,0.053403035636363644,6.228058588051102e-05,0.053389180963689616,5.365805495176275e-05,18730386605.483,12,0.05338560517628988
pfp_bloom_filter_add_unique_size_u32,0,NVIDIA H200,I64,U32,512,1,4,1,1000000000,8,No,11,0.053179895000000005,8.484181161170018e-05,0.053166388078169396,8.865739025170763e-05,18808875986.266388,12,0.0531630818049113
pfp_bloom_filter_add_unique_size_u32,0,NVIDIA H200,I64,U32,512,1,4,1,1000000000,16,No,11,0.05312215872727273,7.254023292888489e-05,0.05310853160511364,6.785248480332559e-05,18829366389.480694,12,0.053098158518473305
pfp_bloom_filter_add_unique_size_u32,0,NVIDIA H200,I64,U32,512,1,4,1,1000000000,32,No,11,0.05318549036363637,4.6473405032918765e-05,0.05317202966863459,4.07639955825272e-05,18806880351.040756,12,0.053155684471130366
pfp_bloom_filter_add_unique_size_u32,0,NVIDIA H200,I64,U32,512,1,4,1,1000000000,64,No,11,0.06908056872727272,0.00012037459042142999,0.06906707833030007,0.00012166169003843789,14478678180.329151,12,0.06905282402038575
pfp_bloom_filter_add_unique_size_u32,0,NVIDIA H200,I64,U32,512,1,4,1,1000000000,128,No,11,0.08574167272727273,7.404546095138782e-05,0.08572774644331499,7.677387981980809e-05,11664834799.561905,12,0.08571738688151041
pfp_bloom_filter_add_unique_size_u32,0,NVIDIA H200,I64,U32,512,1,4,1,1000000000,256,No,11,0.09314696645454547,8.052997114518716e-05,0.09313304484974254,7.87205021102902e-05,10737327461.08928,12,0.09313057899475098
pfp_bloom_filter_add_unique_size_u32,0,NVIDIA H200,I64,U32,512,1,4,1,1000000000,512,No,11,0.09703718727272728,6.52889565298487e-05,0.09702337299693714,6.60396548595655e-05,10306794838.307346,12,0.0970248680114746
pfp_bloom_filter_add_unique_size_u32,0,NVIDIA H200,I64,U32,512,1,4,1,1000000000,1024,No,11,0.09906821545454547,0.0001149425417588131,0.0990542422207919,0.00011317285041361233,10095478775.871103,12,0.09905118687947591
pfp_bloom_filter_add_unique_size_u32,0,NVIDIA H200,I64,U32,512,1,4,1,1000000000,2048,No,11,0.10010532263636365,0.00010326415403453375,0.10009143343838776,0.00010274459734209734,9990865008.59796,12,0.10009033330281575
pfp_bloom_filter_add_unique_size_u32,0,NVIDIA H200,I64,U32,512,1,4,2,1000000000,1,No,11,0.07751572827272728,0.0001288997587661501,0.07750179568204013,0.0001295527818329925,12902926844.46452,12,0.07748878987630209
pfp_bloom_filter_add_unique_size_u32,0,NVIDIA H200,I64,U32,512,1,4,2,1000000000,2,No,11,0.0774913760909091,6.191741648310932e-05,0.07747753906249999,6.097033208995877e-05,12906966484.742304,12,0.07747424379984537
pfp_bloom_filter_add_unique_size_u32,0,NVIDIA H200,I64,U32,512,1,4,2,1000000000,4,No,11,0.0774494801818182,9.993098567313556e-05,0.07743563704057173,0.0001018263055137864,12913950710.78267,12,0.07743496131896972
pfp_bloom_filter_add_unique_size_u32,0,NVIDIA H200,I64,U32,512,1,4,2,1000000000,8,No,11,0.077239285,0.00017663900011240927,0.07722522527521307,0.0001760008967837306,12949136715.836416,12,0.07721804745992025
pfp_bloom_filter_add_unique_size_u32,0,NVIDIA H200,I64,U32,512,1,4,2,1000000000,16,No,11,0.07695490763636365,9.201747147964748e-05,0.07694086456298828,9.207053142903803e-05,12996994583.82537,12,0.07693827692667643
pfp_bloom_filter_add_unique_size_u32,0,NVIDIA H200,I64,U32,512,1,4,2,1000000000,32,No,11,0.07683645727272728,0.00011833485784943441,0.07682254097678444,0.00011775488817591058,13017012810.109955,12,0.07681666247049966
pfp_bloom_filter_add_unique_size_u32,0,NVIDIA H200,I64,U32,512,1,4,2,1000000000,64,No,11,0.07756596981818183,9.07495686582564e-05,0.0775521212491122,8.972550037301502e-05,12894553803.213316,12,0.0775469830830892
pfp_bloom_filter_add_unique_size_u32,0,NVIDIA H200,I64,U32,512,1,4,2,1000000000,128,No,11,0.08712464563636364,6.379526189333942e-05,0.08711038277365944,6.368023183718668e-05,11479687818.59585,12,0.0871042137145996
pfp_bloom_filter_add_unique_size_u32,0,NVIDIA H200,I64,U32,512,1,4,2,1000000000,256,No,11,0.093852491,8.54861539592751e-05,0.09383846352317117,8.702046176113065e-05,10656610972.248857,12,0.09383266894022624
pfp_bloom_filter_add_unique_size_u32,0,NVIDIA H200,I64,U32,512,1,4,2,1000000000,512,No,11,0.09752885381818183,8.922372369952234e-05,0.09751468242298472,8.831032942454042e-05,10254865986.871067,12,0.09750669225056967
pfp_bloom_filter_add_unique_size_u32,0,NVIDIA H200,I64,U32,512,1,4,2,1000000000,1024,No,11,0.0994797530909091,8.098328252026588e-05,0.09946577661687676,8.33386764475271e-05,10053709265.768965,12,0.09946282450358074
pfp_bloom_filter_add_unique_size_u32,0,NVIDIA H200,I64,U32,512,1,4,2,1000000000,2048,No,11,0.10046477654545455,0.0001247144390296386,0.10045074254816228,0.00012389016202188585,9955128002.369305,12,0.1004526653289795
pfp_bloom_filter_add_unique_size_u32,0,NVIDIA H200,I64,U32,512,1,4,4,1000000000,1,No,11,0.128092672,8.631454609450016e-05,0.12807834694602274,8.669440386099516e-05,7807721007.06015,12,0.1280763880411784
pfp_bloom_filter_add_unique_size_u32,0,NVIDIA H200,I64,U32,512,1,4,4,1000000000,2,No,11,0.12807893672727275,6.548002468996439e-05,0.12806480823863636,6.590952070268366e-05,7808546420.782491,12,0.12806219100952146
pfp_bloom_filter_add_unique_size_u32,0,NVIDIA H200,I64,U32,512,1,4,4,1000000000,4,No,11,0.12801127863636363,9.386667914818754e-05,0.12799706753817475,9.550698127098574e-05,7812678987.366277,12,0.12798683420817056
pfp_bloom_filter_add_unique_size_u32,0,NVIDIA H200,I64,U32,512,1,4,4,1000000000,8,No,11,0.127407192,0.00012062396749259602,0.1273928153298118,0.0001234223176108517,7849736246.200889,12,0.1273867130279541
pfp_bloom_filter_add_unique_size_u32,0,NVIDIA H200,I64,U32,512,1,4,4,1000000000,16,No,11,0.12716581636363636,8.49517806715695e-05,0.12715137828480116,8.4870775808066e-05,7864641449.345056,12,0.12714744122823082
pfp_bloom_filter_add_unique_size_u32,0,NVIDIA H200,I64,U32,512,1,4,4,1000000000,32,No,11,0.12698827590909093,9.857013939819989e-05,0.12697372713955968,9.85327543969358e-05,7875645005.685921,12,0.12697345542907715
pfp_bloom_filter_add_unique_size_u32,0,NVIDIA H200,I64,U32,512,1,4,4,1000000000,64,No,11,0.12750262072727275,7.835056013123663e-05,0.12748838944868604,7.807103266383732e-05,7843851540.7122555,12,0.1275393555959066
pfp_bloom_filter_add_unique_size_u32,0,NVIDIA H200,I64,U32,512,1,4,4,1000000000,128,No,11,0.128060879,8.634720339549463e-05,0.12804659201882104,8.487368051850929e-05,7809657283.600442,12,0.1280385780334473
pfp_bloom_filter_add_unique_size_u32,0,NVIDIA H200,I64,U32,512,1,4,4,1000000000,256,No,11,0.12853664054545455,0.00010091541128329008,0.1285224831321023,9.914455731076355e-05,7780739802.3281765,12,0.12852613067626953
pfp_bloom_filter_add_unique_size_u32,0,NVIDIA H200,I64,U32,512,1,4,4,1000000000,512,No,11,0.12895752154545456,8.65578437654081e-05,0.12894300703568892,9.019612395218986e-05,7755364350.415834,12,0.12893514251708985
pfp_bloom_filter_add_unique_size_u32,0,NVIDIA H200,I64,U32,512,1,4,4,1000000000,1024,No,11,0.1292431187272727,8.21115141102628e-05,0.12922869040749288,8.290042917438353e-05,7738219716.122871,12,0.12922890345255533
pfp_bloom_filter_add_unique_size_u32,0,NVIDIA H200,I64,U32,512,1,4,4,1000000000,2048,No,11,0.12941867763636367,7.193628355650453e-05,0.12940423583984376,7.245340732087231e-05,7727722307.619381,12,0.12941198857625327
pfp_bloom_filter_add_unique_size_u32,0,NVIDIA H200,I64,U32,512,1,4,8,1000000000,1,Yes,,,,,,,,
pfp_bloom_filter_add_unique_size_u32,0,NVIDIA H200,I64,U32,512,1,4,8,1000000000,2,Yes,,,,,,,,
pfp_bloom_filter_add_unique_size_u32,0,NVIDIA H200,I64,U32,512,1,4,8,1000000000,4,Yes,,,,,,,,
pfp_bloom_filter_add_unique_size_u32,0,NVIDIA H200,I64,U32,512,1,4,8,1000000000,8,Yes,,,,,,,,
pfp_bloom_filter_add_unique_size_u32,0,NVIDIA H200,I64,U32,512,1,4,8,1000000000,16,Yes,,,,,,,,
pfp_bloom_filter_add_unique_size_u32,0,NVIDIA H200,I64,U32,512,1,4,8,1000000000,32,Yes,,,,,,,,
pfp_bloom_filter_add_unique_size_u32,0,NVIDIA H200,I64,U32,512,1,4,8,1000000000,64,Yes,,,,,,,,
pfp_bloom_filter_add_unique_size_u32,0,NVIDIA H200,I64,U32,512,1,4,8,1000000000,128,Yes,,,,,,,,
pfp_bloom_filter_add_unique_size_u32,0,NVIDIA H200,I64,U32,512,1,4,8,1000000000,256,Yes,,,,,,,,
pfp_bloom_filter_add_unique_size_u32,0,NVIDIA H200,I64,U32,512,1,4,8,1000000000,512,Yes,,,,,,,,
pfp_bloom_filter_add_unique_size_u32,0,NVIDIA H200,I64,U32,512,1,4,8,1000000000,1024,Yes,,,,,,,,
pfp_bloom_filter_add_unique_size_u32,0,NVIDIA H200,I64,U32,512,1,4,8,1000000000,2048,Yes,,,,,,,,
pfp_bloom_filter_add_unique_size_u32,0,NVIDIA H200,I64,U32,512,1,8,1,1000000000,1,No,13,0.039413512384615386,0.0007402632835240249,0.0394003912118765,0.0007436359585153952,25380458651.348846,14,0.03938258062090193
pfp_bloom_filter_add_unique_size_u32,0,NVIDIA H200,I64,U32,512,1,8,1,1000000000,2,No,13,0.03939279015384616,8.32616249207309e-05,0.0393795022230882,7.535395877370566e-05,25393921800.608746,14,0.03937642533438546
pfp_bloom_filter_add_unique_size_u32,0,NVIDIA H200,I64,U32,512,1,8,1,1000000000,4,No,13,0.039385380615384616,8.448471446443287e-05,0.03937204625056341,8.604399171317428e-05,25398730704.41926,14,0.03936895179748535
pfp_bloom_filter_add_unique_size_u32,0,NVIDIA H200,I64,U32,512,1,8,1,1000000000,8,No,13,0.039231467538461545,0.0001556633966526864,0.03921844130295973,0.00015534278582688508,25498208668.59724,14,0.03921289116995676
pfp_bloom_filter_add_unique_size_u32,0,NVIDIA H200,I64,U32,512,1,8,1,1000000000,16,No,13,0.03914279215384616,0.00010726656338740297,0.03912945204514724,0.0001143742575239828,25556197384.164955,14,0.03912380381992885
pfp_bloom_filter_add_unique_size_u32,0,NVIDIA H200,I64,U32,512,1,8,1,1000000000,32,No,13,0.03907449776923077,8.696071830408862e-05,0.039061410170335036,8.115935152862477e-05,25600714250.696568,14,0.03905261938912528
pfp_bloom_filter_add_unique_size_u32,0,NVIDIA H200,I64,U32,512,1,8,1,1000000000,64,No,11,0.0475602500909091,0.00013244926953110637,0.04754697556929155,0.00013307174230752089,21031831952.017048,12,0.0475371462504069
pfp_bloom_filter_add_unique_size_u32,0,NVIDIA H200,I64,U32,512,1,8,1,1000000000,128,No,11,0.061892682545454554,0.00017534098959206634,0.06187917085127397,0.0001678898382850501,16160526817.715302,12,0.06186756038665772
pfp_bloom_filter_add_unique_size_u32,0,NVIDIA H200,I64,U32,512,1,8,1,1000000000,256,No,11,0.06993201927272727,0.00014905321986823387,0.06991849795254794,0.0001471267147724316,14302366745.330782,12,0.06991190528869629
pfp_bloom_filter_add_unique_size_u32,0,NVIDIA H200,I64,U32,512,1,8,1,1000000000,512,No,11,0.07405846827272727,0.00020106491707413924,0.07404498707164417,0.00020280448439095376,13505303188.619965,12,0.07404241625467936
pfp_bloom_filter_add_unique_size_u32,0,NVIDIA H200,I64,U32,512,1,8,1,1000000000,1024,No,11,0.07619291545454546,0.00016494148785300755,0.07617877266623757,0.00016097498486306014,13127016424.658152,12,0.07618144162495931
pfp_bloom_filter_add_unique_size_u32,0,NVIDIA H200,I64,U32,512,1,8,1,1000000000,2048,No,11,0.07727226254545455,0.000171097984231445,0.07725872109153055,0.00017145898598484334,12943522567.701738,12,0.07725881512959798
pfp_bloom_filter_add_unique_size_u32,0,NVIDIA H200,I64,U32,512,1,8,2,1000000000,1,No,11,0.06492862900000002,9.910636304575491e-05,0.06491503490101208,9.496106717496533e-05,15404751788.62469,12,0.06491257413228353
pfp_bloom_filter_add_unique_size_u32,0,NVIDIA H200,I64,U32,512,1,8,2,1000000000,2,No,11,0.06492257381818183,0.0001560997264547391,0.0649090874411843,0.00015184292490814753,15406163288.093122,12,0.0649080982208252
pfp_bloom_filter_add_unique_size_u32,0,NVIDIA H200,I64,U32,512,1,8,2,1000000000,4,No,11,0.06491305581818181,6.832358504011073e-05,0.0648997081409801,7.042539034149408e-05,15408389785.478289,12,0.06490821520487468
pfp_bloom_filter_add_unique_size_u32,0,NVIDIA H200,I64,U32,512,1,8,2,1000000000,8,No,11,0.06482908927272728,0.00017289990912901386,0.06481574387983842,0.00017329516604721264,15428350276.344818,12,0.06481984519958496
pfp_bloom_filter_add_unique_size_u32,0,NVIDIA H200,I64,U32,512,1,8,2,1000000000,16,No,11,0.06451834145454546,0.00010844719062346156,0.0645048231645064,0.00011262436780795843,15502716710.80632,12,0.0645085728963216
pfp_bloom_filter_add_unique_size_u32,0,NVIDIA H200,I64,U32,512,1,8,2,1000000000,32,No,11,0.06438376463636365,0.00016628411353188623,0.06436992506547408,0.00017157718615313283,15535205283.878252,12,0.06436536916097003
pfp_bloom_filter_add_unique_size_u32,0,NVIDIA H200,I64,U32,512,1,8,2,1000000000,64,No,11,0.06525222872727274,0.00011251288223646701,0.06523855729536578,0.00012456343374117035,15328358588.196968,12,0.0652330239613851
pfp_bloom_filter_add_unique_size_u32,0,NVIDIA H200,I64,U32,512,1,8,2,1000000000,128,No,11,0.07668463318181819,0.00010480554682520401,0.07667057730934836,0.00010239191348802242,13042812968.07284,12,0.07666081174214681
pfp_bloom_filter_add_unique_size_u32,0,NVIDIA H200,I64,U32,512,1,8,2,1000000000,256,No,11,0.08264895536363638,0.00013673132166415713,0.08263504236394709,0.00013607463111057355,12101403610.29561,12,0.08262920761108399
pfp_bloom_filter_add_unique_size_u32,0,NVIDIA H200,I64,U32,512,1,8,2,1000000000,512,No,11,0.08561787381818182,0.00012143048844703687,0.08560398171164774,0.0001193440434768469,11681699612.62368,12,0.08559738922119141
pfp_bloom_filter_add_unique_size_u32,0,NVIDIA H200,I64,U32,512,1,8,2,1000000000,1024,No,11,0.08717120472727273,7.346640962086668e-05,0.08715720575506036,7.535389935543757e-05,11473520649.6904,12,0.08715760930379231
pfp_bloom_filter_add_unique_size_u32,0,NVIDIA H200,I64,U32,512,1,8,2,1000000000,2048,No,11,0.08795132181818183,6.106885602373607e-05,0.08793716777454723,6.43643400332235e-05,11371755826.430456,12,0.0879376417795817
pfp_bloom_filter_add_unique_size_u32,0,NVIDIA H200,I64,U32,512,1,8,4,1000000000,1,Yes,,,,,,,,
pfp_bloom_filter_add_unique_size_u32,0,NVIDIA H200,I64,U32,512,1,8,4,1000000000,2,Yes,,,,,,,,
pfp_bloom_filter_add_unique_size_u32,0,NVIDIA H200,I64,U32,512,1,8,4,1000000000,4,Yes,,,,,,,,
pfp_bloom_filter_add_unique_size_u32,0,NVIDIA H200,I64,U32,512,1,8,4,1000000000,8,Yes,,,,,,,,
pfp_bloom_filter_add_unique_size_u32,0,NVIDIA H200,I64,U32,512,1,8,4,1000000000,16,Yes,,,,,,,,
pfp_bloom_filter_add_unique_size_u32,0,NVIDIA H200,I64,U32,512,1,8,4,1000000000,32,Yes,,,,,,,,
pfp_bloom_filter_add_unique_size_u32,0,NVIDIA H200,I64,U32,512,1,8,4,1000000000,64,Yes,,,,,,,,
pfp_bloom_filter_add_unique_size_u32,0,NVIDIA H200,I64,U32,512,1,8,4,1000000000,128,Yes,,,,,,,,
pfp_bloom_filter_add_unique_size_u32,0,NVIDIA H200,I64,U32,512,1,8,4,1000000000,256,Yes,,,,,,,,
pfp_bloom_filter_add_unique_size_u32,0,NVIDIA H200,I64,U32,512,1,8,4,1000000000,512,Yes,,,,,,,,
pfp_bloom_filter_add_unique_size_u32,0,NVIDIA H200,I64,U32,512,1,8,4,1000000000,1024,Yes,,,,,,,,
pfp_bloom_filter_add_unique_size_u32,0,NVIDIA H200,I64,U32,512,1,8,4,1000000000,2048,Yes,,,,,,,,
pfp_bloom_filter_add_unique_size_u32,0,NVIDIA H200,I64,U32,512,1,8,8,1000000000,1,Yes,,,,,,,,
pfp_bloom_filter_add_unique_size_u32,0,NVIDIA H200,I64,U32,512,1,8,8,1000000000,2,Yes,,,,,,,,
pfp_bloom_filter_add_unique_size_u32,0,NVIDIA H200,I64,U32,512,1,8,8,1000000000,4,Yes,,,,,,,,
pfp_bloom_filter_add_unique_size_u32,0,NVIDIA H200,I64,U32,512,1,8,8,1000000000,8,Yes,,,,,,,,
pfp_bloom_filter_add_unique_size_u32,0,NVIDIA H200,I64,U32,512,1,8,8,1000000000,16,Yes,,,,,,,,
pfp_bloom_filter_add_unique_size_u32,0,NVIDIA H200,I64,U32,512,1,8,8,1000000000,32,Yes,,,,,,,,
pfp_bloom_filter_add_unique_size_u32,0,NVIDIA H200,I64,U32,512,1,8,8,1000000000,64,Yes,,,,,,,,
pfp_bloom_filter_add_unique_size_u32,0,NVIDIA H200,I64,U32,512,1,8,8,1000000000,128,Yes,,,,,,,,
pfp_bloom_filter_add_unique_size_u32,0,NVIDIA H200,I64,U32,512,1,8,8,1000000000,256,Yes,,,,,,,,
pfp_bloom_filter_add_unique_size_u32,0,NVIDIA H200,I64,U32,512,1,8,8,1000000000,512,Yes,,,,,,,,
pfp_bloom_filter_add_unique_size_u32,0,NVIDIA H200,I64,U32,512,1,8,8,1000000000,1024,Yes,,,,,,,,
pfp_bloom_filter_add_unique_size_u32,0,NVIDIA H200,I64,U32,512,1,8,8,1000000000,2048,Yes,,,,,,,,
pfp_bloom_filter_add_unique_size_u32,0,NVIDIA H200,I64,U32,512,20,1,1,1000000000,1,Yes,,,,,,,,
pfp_bloom_filter_add_unique_size_u32,0,NVIDIA H200,I64,U32,512,20,1,1,1000000000,2,Yes,,,,,,,,
pfp_bloom_filter_add_unique_size_u32,0,NVIDIA H200,I64,U32,512,20,1,1,1000000000,4,Yes,,,,,,,,
pfp_bloom_filter_add_unique_size_u32,0,NVIDIA H200,I64,U32,512,20,1,1,1000000000,8,Yes,,,,,,,,
pfp_bloom_filter_add_unique_size_u32,0,NVIDIA H200,I64,U32,512,20,1,1,1000000000,16,Yes,,,,,,,,
pfp_bloom_filter_add_unique_size_u32,0,NVIDIA H200,I64,U32,512,20,1,1,1000000000,32,Yes,,,,,,,,
pfp_bloom_filter_add_unique_size_u32,0,NVIDIA H200,I64,U32,512,20,1,1,1000000000,64,Yes,,,,,,,,
pfp_bloom_filter_add_unique_size_u32,0,NVIDIA H200,I64,U32,512,20,1,1,1000000000,128,Yes,,,,,,,,
pfp_bloom_filter_add_unique_size_u32,0,NVIDIA H200,I64,U32,512,20,1,1,1000000000,256,Yes,,,,,,,,
pfp_bloom_filter_add_unique_size_u32,0,NVIDIA H200,I64,U32,512,20,1,1,1000000000,512,Yes,,,,,,,,
pfp_bloom_filter_add_unique_size_u32,0,NVIDIA H200,I64,U32,512,20,1,1,1000000000,1024,Yes,,,,,,,,
pfp_bloom_filter_add_unique_size_u32,0,NVIDIA H200,I64,U32,512,20,1,1,1000000000,2048,Yes,,,,,,,,
pfp_bloom_filter_add_unique_size_u32,0,NVIDIA H200,I64,U32,512,20,1,2,1000000000,1,Yes,,,,,,,,
pfp_bloom_filter_add_unique_size_u32,0,NVIDIA H200,I64,U32,512,20,1,2,1000000000,2,Yes,,,,,,,,
pfp_bloom_filter_add_unique_size_u32,0,NVIDIA H200,I64,U32,512,20,1,2,1000000000,4,Yes,,,,,,,,
pfp_bloom_filter_add_unique_size_u32,0,NVIDIA H200,I64,U32,512,20,1,2,1000000000,8,Yes,,,,,,,,
pfp_bloom_filter_add_unique_size_u32,0,NVIDIA H200,I64,U32,512,20,1,2,1000000000,16,Yes,,,,,,,,
pfp_bloom_filter_add_unique_size_u32,0,NVIDIA H200,I64,U32,512,20,1,2,1000000000,32,Yes,,,,,,,,
pfp_bloom_filter_add_unique_size_u32,0,NVIDIA H200,I64,U32,512,20,1,2,1000000000,64,Yes,,,,,,,,
pfp_bloom_filter_add_unique_size_u32,0,NVIDIA H200,I64,U32,512,20,1,2,1000000000,128,Yes,,,,,,,,
pfp_bloom_filter_add_unique_size_u32,0,NVIDIA H200,I64,U32,512,20,1,2,1000000000,256,Yes,,,,,,,,
pfp_bloom_filter_add_unique_size_u32,0,NVIDIA H200,I64,U32,512,20,1,2,1000000000,512,Yes,,,,,,,,
pfp_bloom_filter_add_unique_size_u32,0,NVIDIA H200,I64,U32,512,20,1,2,1000000000,1024,Yes,,,,,,,,
pfp_bloom_filter_add_unique_size_u32,0,NVIDIA H200,I64,U32,512,20,1,2,1000000000,2048,Yes,,,,,,,,
pfp_bloom_filter_add_unique_size_u32,0,NVIDIA H200,I64,U32,512,20,1,4,1000000000,1,Yes,,,,,,,,
pfp_bloom_filter_add_unique_size_u32,0,NVIDIA H200,I64,U32,512,20,1,4,1000000000,2,Yes,,,,,,,,
pfp_bloom_filter_add_unique_size_u32,0,NVIDIA H200,I64,U32,512,20,1,4,1000000000,4,Yes,,,,,,,,
pfp_bloom_filter_add_unique_size_u32,0,NVIDIA H200,I64,U32,512,20,1,4,1000000000,8,Yes,,,,,,,,
pfp_bloom_filter_add_unique_size_u32,0,NVIDIA H200,I64,U32,512,20,1,4,1000000000,16,Yes,,,,,,,,
pfp_bloom_filter_add_unique_size_u32,0,NVIDIA H200,I64,U32,512,20,1,4,1000000000,32,Yes,,,,,,,,
pfp_bloom_filter_add_unique_size_u32,0,NVIDIA H200,I64,U32,512,20,1,4,1000000000,64,Yes,,,,,,,,
pfp_bloom_filter_add_unique_size_u32,0,NVIDIA H200,I64,U32,512,20,1,4,1000000000,128,Yes,,,,,,,,
pfp_bloom_filter_add_unique_size_u32,0,NVIDIA H200,I64,U32,512,20,1,4,1000000000,256,Yes,,,,,,,,
pfp_bloom_filter_add_unique_size_u32,0,NVIDIA H200,I64,U32,512,20,1,4,1000000000,512,Yes,,,,,,,,
pfp_bloom_filter_add_unique_size_u32,0,NVIDIA H200,I64,U32,512,20,1,4,1000000000,1024,Yes,,,,,,,,
pfp_bloom_filter_add_unique_size_u32,0,NVIDIA H200,I64,U32,512,20,1,4,1000000000,2048,Yes,,,,,,,,
pfp_bloom_filter_add_unique_size_u32,0,NVIDIA H200,I64,U32,512,20,1,8,1000000000,1,Yes,,,,,,,,
pfp_bloom_filter_add_unique_size_u32,0,NVIDIA H200,I64,U32,512,20,1,8,1000000000,2,Yes,,,,,,,,
pfp_bloom_filter_add_unique_size_u32,0,NVIDIA H200,I64,U32,512,20,1,8,1000000000,4,Yes,,,,,,,,
pfp_bloom_filter_add_unique_size_u32,0,NVIDIA H200,I64,U32,512,20,1,8,1000000000,8,Yes,,,,,,,,
pfp_bloom_filter_add_unique_size_u32,0,NVIDIA H200,I64,U32,512,20,1,8,1000000000,16,Yes,,,,,,,,
pfp_bloom_filter_add_unique_size_u32,0,NVIDIA H200,I64,U32,512,20,1,8,1000000000,32,Yes,,,,,,,,
pfp_bloom_filter_add_unique_size_u32,0,NVIDIA H200,I64,U32,512,20,1,8,1000000000,64,Yes,,,,,,,,
pfp_bloom_filter_add_unique_size_u32,0,NVIDIA H200,I64,U32,512,20,1,8,1000000000,128,Yes,,,,,,,,
pfp_bloom_filter_add_unique_size_u32,0,NVIDIA H200,I64,U32,512,20,1,8,1000000000,256,Yes,,,,,,,,
pfp_bloom_filter_add_unique_size_u32,0,NVIDIA H200,I64,U32,512,20,1,8,1000000000,512,Yes,,,,,,,,
pfp_bloom_filter_add_unique_size_u32,0,NVIDIA H200,I64,U32,512,20,1,8,1000000000,1024,Yes,,,,,,,,
pfp_bloom_filter_add_unique_size_u32,0,NVIDIA H200,I64,U32,512,20,1,8,1000000000,2048,Yes,,,,,,,,
pfp_bloom_filter_add_unique_size_u32,0,NVIDIA H200,I64,U32,512,20,2,1,1000000000,1,Yes,,,,,,,,
pfp_bloom_filter_add_unique_size_u32,0,NVIDIA H200,I64,U32,512,20,2,1,1000000000,2,Yes,,,,,,,,
pfp_bloom_filter_add_unique_size_u32,0,NVIDIA H200,I64,U32,512,20,2,1,1000000000,4,Yes,,,,,,,,
pfp_bloom_filter_add_unique_size_u32,0,NVIDIA H200,I64,U32,512,20,2,1,1000000000,8,Yes,,,,,,,,
pfp_bloom_filter_add_unique_size_u32,0,NVIDIA H200,I64,U32,512,20,2,1,1000000000,16,Yes,,,,,,,,
pfp_bloom_filter_add_unique_size_u32,0,NVIDIA H200,I64,U32,512,20,2,1,1000000000,32,Yes,,,,,,,,
pfp_bloom_filter_add_unique_size_u32,0,NVIDIA H200,I64,U32,512,20,2,1,1000000000,64,Yes,,,,,,,,
pfp_bloom_filter_add_unique_size_u32,0,NVIDIA H200,I64,U32,512,20,2,1,1000000000,128,Yes,,,,,,,,
pfp_bloom_filter_add_unique_size_u32,0,NVIDIA H200,I64,U32,512,20,2,1,1000000000,256,Yes,,,,,,,,
pfp_bloom_filter_add_unique_size_u32,0,NVIDIA H200,I64,U32,512,20,2,1,1000000000,512,Yes,,,,,,,,
pfp_bloom_filter_add_unique_size_u32,0,NVIDIA H200,I64,U32,512,20,2,1,1000000000,1024,Yes,,,,,,,,
pfp_bloom_filter_add_unique_size_u32,0,NVIDIA H200,I64,U32,512,20,2,1,1000000000,2048,Yes,,,,,,,,
pfp_bloom_filter_add_unique_size_u32,0,NVIDIA H200,I64,U32,512,20,2,2,1000000000,1,Yes,,,,,,,,
pfp_bloom_filter_add_unique_size_u32,0,NVIDIA H200,I64,U32,512,20,2,2,1000000000,2,Yes,,,,,,,,
pfp_bloom_filter_add_unique_size_u32,0,NVIDIA H200,I64,U32,512,20,2,2,1000000000,4,Yes,,,,,,,,
pfp_bloom_filter_add_unique_size_u32,0,NVIDIA H200,I64,U32,512,20,2,2,1000000000,8,Yes,,,,,,,,
pfp_bloom_filter_add_unique_size_u32,0,NVIDIA H200,I64,U32,512,20,2,2,1000000000,16,Yes,,,,,,,,
pfp_bloom_filter_add_unique_size_u32,0,NVIDIA H200,I64,U32,512,20,2,2,1000000000,32,Yes,,,,,,,,
pfp_bloom_filter_add_unique_size_u32,0,NVIDIA H200,I64,U32,512,20,2,2,1000000000,64,Yes,,,,,,,,
pfp_bloom_filter_add_unique_size_u32,0,NVIDIA H200,I64,U32,512,20,2,2,1000000000,128,Yes,,,,,,,,
pfp_bloom_filter_add_unique_size_u32,0,NVIDIA H200,I64,U32,512,20,2,2,1000000000,256,Yes,,,,,,,,
pfp_bloom_filter_add_unique_size_u32,0,NVIDIA H200,I64,U32,512,20,2,2,1000000000,512,Yes,,,,,,,,
pfp_bloom_filter_add_unique_size_u32,0,NVIDIA H200,I64,U32,512,20,2,2,1000000000,1024,Yes,,,,,,,,
pfp_bloom_filter_add_unique_size_u32,0,NVIDIA H200,I64,U32,512,20,2,2,1000000000,2048,Yes,,,,,,,,
pfp_bloom_filter_add_unique_size_u32,0,NVIDIA H200,I64,U32,512,20,2,4,1000000000,1,Yes,,,,,,,,
pfp_bloom_filter_add_unique_size_u32,0,NVIDIA H200,I64,U32,512,20,2,4,1000000000,2,Yes,,,,,,,,
pfp_bloom_filter_add_unique_size_u32,0,NVIDIA H200,I64,U32,512,20,2,4,1000000000,4,Yes,,,,,,,,
pfp_bloom_filter_add_unique_size_u32,0,NVIDIA H200,I64,U32,512,20,2,4,1000000000,8,Yes,,,,,,,,
pfp_bloom_filter_add_unique_size_u32,0,NVIDIA H200,I64,U32,512,20,2,4,1000000000,16,Yes,,,,,,,,
pfp_bloom_filter_add_unique_size_u32,0,NVIDIA H200,I64,U32,512,20,2,4,1000000000,32,Yes,,,,,,,,
pfp_bloom_filter_add_unique_size_u32,0,NVIDIA H200,I64,U32,512,20,2,4,1000000000,64,Yes,,,,,,,,
pfp_bloom_filter_add_unique_size_u32,0,NVIDIA H200,I64,U32,512,20,2,4,1000000000,128,Yes,,,,,,,,
pfp_bloom_filter_add_unique_size_u32,0,NVIDIA H200,I64,U32,512,20,2,4,1000000000,256,Yes,,,,,,,,
pfp_bloom_filter_add_unique_size_u32,0,NVIDIA H200,I64,U32,512,20,2,4,1000000000,512,Yes,,,,,,,,
pfp_bloom_filter_add_unique_size_u32,0,NVIDIA H200,I64,U32,512,20,2,4,1000000000,1024,Yes,,,,,,,,
pfp_bloom_filter_add_unique_size_u32,0,NVIDIA H200,I64,U32,512,20,2,4,1000000000,2048,Yes,,,,,,,,
pfp_bloom_filter_add_unique_size_u32,0,NVIDIA H200,I64,U32,512,20,2,8,1000000000,1,Yes,,,,,,,,
pfp_bloom_filter_add_unique_size_u32,0,NVIDIA H200,I64,U32,512,20,2,8,1000000000,2,Yes,,,,,,,,
pfp_bloom_filter_add_unique_size_u32,0,NVIDIA H200,I64,U32,512,20,2,8,1000000000,4,Yes,,,,,,,,
pfp_bloom_filter_add_unique_size_u32,0,NVIDIA H200,I64,U32,512,20,2,8,1000000000,8,Yes,,,,,,,,
pfp_bloom_filter_add_unique_size_u32,0,NVIDIA H200,I64,U32,512,20,2,8,1000000000,16,Yes,,,,,,,,
pfp_bloom_filter_add_unique_size_u32,0,NVIDIA H200,I64,U32,512,20,2,8,1000000000,32,Yes,,,,,,,,
pfp_bloom_filter_add_unique_size_u32,0,NVIDIA H200,I64,U32,512,20,2,8,1000000000,64,Yes,,,,,,,,
pfp_bloom_filter_add_unique_size_u32,0,NVIDIA H200,I64,U32,512,20,2,8,1000000000,128,Yes,,,,,,,,
pfp_bloom_filter_add_unique_size_u32,0,NVIDIA H200,I64,U32,512,20,2,8,1000000000,256,Yes,,,,,,,,
pfp_bloom_filter_add_unique_size_u32,0,NVIDIA H200,I64,U32,512,20,2,8,1000000000,512,Yes,,,,,,,,
pfp_bloom_filter_add_unique_size_u32,0,NVIDIA H200,I64,U32,512,20,2,8,1000000000,1024,Yes,,,,,,,,
pfp_bloom_filter_add_unique_size_u32,0,NVIDIA H200,I64,U32,512,20,2,8,1000000000,2048,Yes,,,,,,,,
pfp_bloom_filter_add_unique_size_u32,0,NVIDIA H200,I64,U32,512,20,4,1,1000000000,1,Yes,,,,,,,,
pfp_bloom_filter_add_unique_size_u32,0,NVIDIA H200,I64,U32,512,20,4,1,1000000000,2,Yes,,,,,,,,
pfp_bloom_filter_add_unique_size_u32,0,NVIDIA H200,I64,U32,512,20,4,1,1000000000,4,Yes,,,,,,,,
pfp_bloom_filter_add_unique_size_u32,0,NVIDIA H200,I64,U32,512,20,4,1,1000000000,8,Yes,,,,,,,,
pfp_bloom_filter_add_unique_size_u32,0,NVIDIA H200,I64,U32,512,20,4,1,1000000000,16,Yes,,,,,,,,
pfp_bloom_filter_add_unique_size_u32,0,NVIDIA H200,I64,U32,512,20,4,1,1000000000,32,Yes,,,,,,,,
pfp_bloom_filter_add_unique_size_u32,0,NVIDIA H200,I64,U32,512,20,4,1,1000000000,64,Yes,,,,,,,,
pfp_bloom_filter_add_unique_size_u32,0,NVIDIA H200,I64,U32,512,20,4,1,1000000000,128,Yes,,,,,,,,
pfp_bloom_filter_add_unique_size_u32,0,NVIDIA H200,I64,U32,512,20,4,1,1000000000,256,Yes,,,,,,,,
pfp_bloom_filter_add_unique_size_u32,0,NVIDIA H200,I64,U32,512,20,4,1,1000000000,512,Yes,,,,,,,,
pfp_bloom_filter_add_unique_size_u32,0,NVIDIA H200,I64,U32,512,20,4,1,1000000000,1024,Yes,,,,,,,,
pfp_bloom_filter_add_unique_size_u32,0,NVIDIA H200,I64,U32,512,20,4,1,1000000000,2048,Yes,,,,,,,,
pfp_bloom_filter_add_unique_size_u32,0,NVIDIA H200,I64,U32,512,20,4,2,1000000000,1,Yes,,,,,,,,
pfp_bloom_filter_add_unique_size_u32,0,NVIDIA H200,I64,U32,512,20,4,2,1000000000,2,Yes,,,,,,,,
pfp_bloom_filter_add_unique_size_u32,0,NVIDIA H200,I64,U32,512,20,4,2,1000000000,4,Yes,,,,,,,,
pfp_bloom_filter_add_unique_size_u32,0,NVIDIA H200,I64,U32,512,20,4,2,1000000000,8,Yes,,,,,,,,
pfp_bloom_filter_add_unique_size_u32,0,NVIDIA H200,I64,U32,512,20,4,2,1000000000,16,Yes,,,,,,,,
pfp_bloom_filter_add_unique_size_u32,0,NVIDIA H200,I64,U32,512,20,4,2,1000000000,32,Yes,,,,,,,,
pfp_bloom_filter_add_unique_size_u32,0,NVIDIA H200,I64,U32,512,20,4,2,1000000000,64,Yes,,,,,,,,
pfp_bloom_filter_add_unique_size_u32,0,NVIDIA H200,I64,U32,512,20,4,2,1000000000,128,Yes,,,,,,,,
pfp_bloom_filter_add_unique_size_u32,0,NVIDIA H200,I64,U32,512,20,4,2,1000000000,256,Yes,,,,,,,,
pfp_bloom_filter_add_unique_size_u32,0,NVIDIA H200,I64,U32,512,20,4,2,1000000000,512,Yes,,,,,,,,
pfp_bloom_filter_add_unique_size_u32,0,NVIDIA H200,I64,U32,512,20,4,2,1000000000,1024,Yes,,,,,,,,
pfp_bloom_filter_add_unique_size_u32,0,NVIDIA H200,I64,U32,512,20,4,2,1000000000,2048,Yes,,,,,,,,
pfp_bloom_filter_add_unique_size_u32,0,NVIDIA H200,I64,U32,512,20,4,4,1000000000,1,Yes,,,,,,,,
pfp_bloom_filter_add_unique_size_u32,0,NVIDIA H200,I64,U32,512,20,4,4,1000000000,2,Yes,,,,,,,,
pfp_bloom_filter_add_unique_size_u32,0,NVIDIA H200,I64,U32,512,20,4,4,1000000000,4,Yes,,,,,,,,
pfp_bloom_filter_add_unique_size_u32,0,NVIDIA H200,I64,U32,512,20,4,4,1000000000,8,Yes,,,,,,,,
pfp_bloom_filter_add_unique_size_u32,0,NVIDIA H200,I64,U32,512,20,4,4,1000000000,16,Yes,,,,,,,,
pfp_bloom_filter_add_unique_size_u32,0,NVIDIA H200,I64,U32,512,20,4,4,1000000000,32,Yes,,,,,,,,
pfp_bloom_filter_add_unique_size_u32,0,NVIDIA H200,I64,U32,512,20,4,4,1000000000,64,Yes,,,,,,,,
pfp_bloom_filter_add_unique_size_u32,0,NVIDIA H200,I64,U32,512,20,4,4,1000000000,128,Yes,,,,,,,,
pfp_bloom_filter_add_unique_size_u32,0,NVIDIA H200,I64,U32,512,20,4,4,1000000000,256,Yes,,,,,,,,
pfp_bloom_filter_add_unique_size_u32,0,NVIDIA H200,I64,U32,512,20,4,4,1000000000,512,Yes,,,,,,,,
pfp_bloom_filter_add_unique_size_u32,0,NVIDIA H200,I64,U32,512,20,4,4,1000000000,1024,Yes,,,,,,,,
pfp_bloom_filter_add_unique_size_u32,0,NVIDIA H200,I64,U32,512,20,4,4,1000000000,2048,Yes,,,,,,,,
pfp_bloom_filter_add_unique_size_u32,0,NVIDIA H200,I64,U32,512,20,4,8,1000000000,1,Yes,,,,,,,,
pfp_bloom_filter_add_unique_size_u32,0,NVIDIA H200,I64,U32,512,20,4,8,1000000000,2,Yes,,,,,,,,
pfp_bloom_filter_add_unique_size_u32,0,NVIDIA H200,I64,U32,512,20,4,8,1000000000,4,Yes,,,,,,,,
pfp_bloom_filter_add_unique_size_u32,0,NVIDIA H200,I64,U32,512,20,4,8,1000000000,8,Yes,,,,,,,,
pfp_bloom_filter_add_unique_size_u32,0,NVIDIA H200,I64,U32,512,20,4,8,1000000000,16,Yes,,,,,,,,
pfp_bloom_filter_add_unique_size_u32,0,NVIDIA H200,I64,U32,512,20,4,8,1000000000,32,Yes,,,,,,,,
pfp_bloom_filter_add_unique_size_u32,0,NVIDIA H200,I64,U32,512,20,4,8,1000000000,64,Yes,,,,,,,,
pfp_bloom_filter_add_unique_size_u32,0,NVIDIA H200,I64,U32,512,20,4,8,1000000000,128,Yes,,,,,,,,
pfp_bloom_filter_add_unique_size_u32,0,NVIDIA H200,I64,U32,512,20,4,8,1000000000,256,Yes,,,,,,,,
pfp_bloom_filter_add_unique_size_u32,0,NVIDIA H200,I64,U32,512,20,4,8,1000000000,512,Yes,,,,,,,,
pfp_bloom_filter_add_unique_size_u32,0,NVIDIA H200,I64,U32,512,20,4,8,1000000000,1024,Yes,,,,,,,,
pfp_bloom_filter_add_unique_size_u32,0,NVIDIA H200,I64,U32,512,20,4,8,1000000000,2048,Yes,,,,,,,,
pfp_bloom_filter_add_unique_size_u32,0,NVIDIA H200,I64,U32,512,20,8,1,1000000000,1,Yes,,,,,,,,
pfp_bloom_filter_add_unique_size_u32,0,NVIDIA H200,I64,U32,512,20,8,1,1000000000,2,Yes,,,,,,,,
pfp_bloom_filter_add_unique_size_u32,0,NVIDIA H200,I64,U32,512,20,8,1,1000000000,4,Yes,,,,,,,,
pfp_bloom_filter_add_unique_size_u32,0,NVIDIA H200,I64,U32,512,20,8,1,1000000000,8,Yes,,,,,,,,
pfp_bloom_filter_add_unique_size_u32,0,NVIDIA H200,I64,U32,512,20,8,1,1000000000,16,Yes,,,,,,,,
pfp_bloom_filter_add_unique_size_u32,0,NVIDIA H200,I64,U32,512,20,8,1,1000000000,32,Yes,,,,,,,,
pfp_bloom_filter_add_unique_size_u32,0,NVIDIA H200,I64,U32,512,20,8,1,1000000000,64,Yes,,,,,,,,
pfp_bloom_filter_add_unique_size_u32,0,NVIDIA H200,I64,U32,512,20,8,1,1000000000,128,Yes,,,,,,,,
pfp_bloom_filter_add_unique_size_u32,0,NVIDIA H200,I64,U32,512,20,8,1,1000000000,256,Yes,,,,,,,,
pfp_bloom_filter_add_unique_size_u32,0,NVIDIA H200,I64,U32,512,20,8,1,1000000000,512,Yes,,,,,,,,
pfp_bloom_filter_add_unique_size_u32,0,NVIDIA H200,I64,U32,512,20,8,1,1000000000,1024,Yes,,,,,,,,
pfp_bloom_filter_add_unique_size_u32,0,NVIDIA H200,I64,U32,512,20,8,1,1000000000,2048,Yes,,,,,,,,
pfp_bloom_filter_add_unique_size_u32,0,NVIDIA H200,I64,U32,512,20,8,2,1000000000,1,Yes,,,,,,,,
pfp_bloom_filter_add_unique_size_u32,0,NVIDIA H200,I64,U32,512,20,8,2,1000000000,2,Yes,,,,,,,,
pfp_bloom_filter_add_unique_size_u32,0,NVIDIA H200,I64,U32,512,20,8,2,1000000000,4,Yes,,,,,,,,
pfp_bloom_filter_add_unique_size_u32,0,NVIDIA H200,I64,U32,512,20,8,2,1000000000,8,Yes,,,,,,,,
pfp_bloom_filter_add_unique_size_u32,0,NVIDIA H200,I64,U32,512,20,8,2,1000000000,16,Yes,,,,,,,,
pfp_bloom_filter_add_unique_size_u32,0,NVIDIA H200,I64,U32,512,20,8,2,1000000000,32,Yes,,,,,,,,
pfp_bloom_filter_add_unique_size_u32,0,NVIDIA H200,I64,U32,512,20,8,2,1000000000,64,Yes,,,,,,,,
pfp_bloom_filter_add_unique_size_u32,0,NVIDIA H200,I64,U32,512,20,8,2,1000000000,128,Yes,,,,,,,,
pfp_bloom_filter_add_unique_size_u32,0,NVIDIA H200,I64,U32,512,20,8,2,1000000000,256,Yes,,,,,,,,
pfp_bloom_filter_add_unique_size_u32,0,NVIDIA H200,I64,U32,512,20,8,2,1000000000,512,Yes,,,,,,,,
pfp_bloom_filter_add_unique_size_u32,0,NVIDIA H200,I64,U32,512,20,8,2,1000000000,1024,Yes,,,,,,,,
pfp_bloom_filter_add_unique_size_u32,0,NVIDIA H200,I64,U32,512,20,8,2,1000000000,2048,Yes,,,,,,,,
pfp_bloom_filter_add_unique_size_u32,0,NVIDIA H200,I64,U32,512,20,8,4,1000000000,1,Yes,,,,,,,,
pfp_bloom_filter_add_unique_size_u32,0,NVIDIA H200,I64,U32,512,20,8,4,1000000000,2,Yes,,,,,,,,
pfp_bloom_filter_add_unique_size_u32,0,NVIDIA H200,I64,U32,512,20,8,4,1000000000,4,Yes,,,,,,,,
pfp_bloom_filter_add_unique_size_u32,0,NVIDIA H200,I64,U32,512,20,8,4,1000000000,8,Yes,,,,,,,,
pfp_bloom_filter_add_unique_size_u32,0,NVIDIA H200,I64,U32,512,20,8,4,1000000000,16,Yes,,,,,,,,
pfp_bloom_filter_add_unique_size_u32,0,NVIDIA H200,I64,U32,512,20,8,4,1000000000,32,Yes,,,,,,,,
pfp_bloom_filter_add_unique_size_u32,0,NVIDIA H200,I64,U32,512,20,8,4,1000000000,64,Yes,,,,,,,,
pfp_bloom_filter_add_unique_size_u32,0,NVIDIA H200,I64,U32,512,20,8,4,1000000000,128,Yes,,,,,,,,
pfp_bloom_filter_add_unique_size_u32,0,NVIDIA H200,I64,U32,512,20,8,4,1000000000,256,Yes,,,,,,,,
pfp_bloom_filter_add_unique_size_u32,0,NVIDIA H200,I64,U32,512,20,8,4,1000000000,512,Yes,,,,,,,,
pfp_bloom_filter_add_unique_size_u32,0,NVIDIA H200,I64,U32,512,20,8,4,1000000000,1024,Yes,,,,,,,,
pfp_bloom_filter_add_unique_size_u32,0,NVIDIA H200,I64,U32,512,20,8,4,1000000000,2048,Yes,,,,,,,,
pfp_bloom_filter_add_unique_size_u32,0,NVIDIA H200,I64,U32,512,20,8,8,1000000000,1,Yes,,,,,,,,
pfp_bloom_filter_add_unique_size_u32,0,NVIDIA H200,I64,U32,512,20,8,8,1000000000,2,Yes,,,,,,,,
pfp_bloom_filter_add_unique_size_u32,0,NVIDIA H200,I64,U32,512,20,8,8,1000000000,4,Yes,,,,,,,,
pfp_bloom_filter_add_unique_size_u32,0,NVIDIA H200,I64,U32,512,20,8,8,1000000000,8,Yes,,,,,,,,
pfp_bloom_filter_add_unique_size_u32,0,NVIDIA H200,I64,U32,512,20,8,8,1000000000,16,Yes,,,,,,,,
pfp_bloom_filter_add_unique_size_u32,0,NVIDIA H200,I64,U32,512,20,8,8,1000000000,32,Yes,,,,,,,,
pfp_bloom_filter_add_unique_size_u32,0,NVIDIA H200,I64,U32,512,20,8,8,1000000000,64,Yes,,,,,,,,
pfp_bloom_filter_add_unique_size_u32,0,NVIDIA H200,I64,U32,512,20,8,8,1000000000,128,Yes,,,,,,,,
pfp_bloom_filter_add_unique_size_u32,0,NVIDIA H200,I64,U32,512,20,8,8,1000000000,256,Yes,,,,,,,,
pfp_bloom_filter_add_unique_size_u32,0,NVIDIA H200,I64,U32,512,20,8,8,1000000000,512,Yes,,,,,,,,
pfp_bloom_filter_add_unique_size_u32,0,NVIDIA H200,I64,U32,512,20,8,8,1000000000,1024,Yes,,,,,,,,
pfp_bloom_filter_add_unique_size_u32,0,NVIDIA H200,I64,U32,512,20,8,8,1000000000,2048,Yes,,,,,,,,
