Benchmark,Device,Device Name,Key,Word,BlockBits,PatternBitsPerWord,HorizontalLayout,VerticalLayout,NumInputs,FilterSizeMB,Skipped,Samples,CPU Time (sec),Noise,GPU Time (sec),Noise,Elem/s (elem/sec),Samples,Batch GPU (sec)
pfp_bloom_filter_add_unique_size_u32,0,NVIDIA B200,I64,U32,32,1,1,1,1000000000,1,No,63,0.008073588492063492,0.00016828884881003926,0.008059150604974656,0.00014418172421383949,124082555223.96268,65,0.00805733642578125
pfp_bloom_filter_add_unique_size_u32,0,NVIDIA B200,I64,U32,32,1,1,1,1000000000,2,No,60,0.00836512153333333,0.0001688797729171282,0.008350561618804934,0.00015058230192766832,119752424525.32338,63,0.008348785884796626
pfp_bloom_filter_add_unique_size_u32,0,NVIDIA B200,I64,U32,32,1,1,1,1000000000,4,No,62,0.008131743790322579,0.00021694112890047483,0.008117302156263781,0.00020222609498686973,123193640048.04749,64,0.008114784240722657
pfp_bloom_filter_add_unique_size_u32,0,NVIDIA B200,I64,U32,32,1,1,1,1000000000,8,No,63,0.008025630031746032,0.0003441559209515268,0.008010578882126581,0.00015897484363737715,124834923257.697,65,0.008006403996394231
pfp_bloom_filter_add_unique_size_u32,0,NVIDIA B200,I64,U32,32,1,1,1,1000000000,16,No,63,0.008025998492063492,0.000146565065485877,0.008011578423636301,0.00012605845686323273,124819348588.00511,65,0.008005017089843748
pfp_bloom_filter_add_unique_size_u32,0,NVIDIA B200,I64,U32,32,1,1,1,1000000000,32,No,63,0.008002320063492064,0.00014983780912198742,0.007987962291354225,0.0001434582204077616,125188372644.4666,65,0.007976139009915865
pfp_bloom_filter_add_unique_size_u32,0,NVIDIA B200,I64,U32,32,1,1,1,1000000000,64,No,62,0.008106332403225804,0.0009265626955121583,0.008091717135521674,0.0009086818701863192,123583163283.1206,65,0.008065591195913461
pfp_bloom_filter_add_unique_size_u32,0,NVIDIA B200,I64,U32,32,1,1,1,1000000000,128,No,22,0.023122886772727277,0.00012084722513111075,0.023106878540732644,0.00013006811102240246,43277156550.470764,23,0.023092669362607208
pfp_bloom_filter_add_unique_size_u32,0,NVIDIA B200,I64,U32,32,1,1,1,1000000000,256,No,16,0.032983078,0.00018931316918769799,0.03296617960929871,0.00018388328882264131,30334118537.591537,17,0.03296111162971047
pfp_bloom_filter_add_unique_size_u32,0,NVIDIA B200,I64,U32,32,1,1,1,1000000000,512,No,13,0.04009706307692308,0.00014682193657673684,0.04007995810875526,0.0001451183847558901,24950125878.039658,14,0.040076360430036276
pfp_bloom_filter_add_unique_size_u32,0,NVIDIA B200,I64,U32,32,1,1,1,1000000000,1024,No,12,0.044051448666666666,0.00014106695751300052,0.04403456846872966,0.00013029235234521844,22709431130.456783,13,0.044036397200364334
pfp_bloom_filter_add_unique_size_u32,0,NVIDIA B200,I64,U32,32,1,1,1,1000000000,2048,No,11,0.046083585272727275,8.100850703961814e-05,0.04606604454734109,8.55826229892221e-05,21707963204.271236,12,0.04606771564483642
pfp_bloom_filter_add_unique_size_u32,0,NVIDIA B200,I64,U32,32,1,1,2,1000000000,1,Yes,,,,,,,,
pfp_bloom_filter_add_unique_size_u32,0,NVIDIA B200,I64,U32,32,1,1,2,1000000000,2,Yes,,,,,,,,
pfp_bloom_filter_add_unique_size_u32,0,NVIDIA B200,I64,U32,32,1,1,2,1000000000,4,Yes,,,,,,,,
pfp_bloom_filter_add_unique_size_u32,0,NVIDIA B200,I64,U32,32,1,1,2,1000000000,8,Yes,,,,,,,,
pfp_bloom_filter_add_unique_size_u32,0,NVIDIA B200,I64,U32,32,1,1,2,1000000000,16,Yes,,,,,,,,
pfp_bloom_filter_add_unique_size_u32,0,NVIDIA B200,I64,U32,32,1,1,2,1000000000,32,Yes,,,,,,,,
pfp_bloom_filter_add_unique_size_u32,0,NVIDIA B200,I64,U32,32,1,1,2,1000000000,64,Yes,,,,,,,,
pfp_bloom_filter_add_unique_size_u32,0,NVIDIA B200,I64,U32,32,1,1,2,1000000000,128,Yes,,,,,,,,
pfp_bloom_filter_add_unique_size_u32,0,NVIDIA B200,I64,U32,32,1,1,2,1000000000,256,Yes,,,,,,,,
pfp_bloom_filter_add_unique_size_u32,0,NVIDIA B200,I64,U32,32,1,1,2,1000000000,512,Yes,,,,,,,,
pfp_bloom_filter_add_unique_size_u32,0,NVIDIA B200,I64,U32,32,1,1,2,1000000000,1024,Yes,,,,,,,,
pfp_bloom_filter_add_unique_size_u32,0,NVIDIA B200,I64,U32,32,1,1,2,1000000000,2048,Yes,,,,,,,,
pfp_bloom_filter_add_unique_size_u32,0,NVIDIA B200,I64,U32,32,1,1,4,1000000000,1,Yes,,,,,,,,
pfp_bloom_filter_add_unique_size_u32,0,NVIDIA B200,I64,U32,32,1,1,4,1000000000,2,Yes,,,,,,,,
pfp_bloom_filter_add_unique_size_u32,0,NVIDIA B200,I64,U32,32,1,1,4,1000000000,4,Yes,,,,,,,,
pfp_bloom_filter_add_unique_size_u32,0,NVIDIA B200,I64,U32,32,1,1,4,1000000000,8,Yes,,,,,,,,
pfp_bloom_filter_add_unique_size_u32,0,NVIDIA B200,I64,U32,32,1,1,4,1000000000,16,Yes,,,,,,,,
pfp_bloom_filter_add_unique_size_u32,0,NVIDIA B200,I64,U32,32,1,1,4,1000000000,32,Yes,,,,,,,,
pfp_bloom_filter_add_unique_size_u32,0,NVIDIA B200,I64,U32,32,1,1,4,1000000000,64,Yes,,,,,,,,
pfp_bloom_filter_add_unique_size_u32,0,NVIDIA B200,I64,U32,32,1,1,4,1000000000,128,Yes,,,,,,,,
pfp_bloom_filter_add_unique_size_u32,0,NVIDIA B200,I64,U32,32,1,1,4,1000000000,256,Yes,,,,,,,,
pfp_bloom_filter_add_unique_size_u32,0,NVIDIA B200,I64,U32,32,1,1,4,1000000000,512,Yes,,,,,,,,
pfp_bloom_filter_add_unique_size_u32,0,NVIDIA B200,I64,U32,32,1,1,4,1000000000,1024,Yes,,,,,,,,
pfp_bloom_filter_add_unique_size_u32,0,NVIDIA B200,I64,U32,32,1,1,4,1000000000,2048,Yes,,,,,,,,
pfp_bloom_filter_add_unique_size_u32,0,NVIDIA B200,I64,U32,32,1,1,8,1000000000,1,Yes,,,,,,,,
pfp_bloom_filter_add_unique_size_u32,0,NVIDIA B200,I64,U32,32,1,1,8,1000000000,2,Yes,,,,,,,,
pfp_bloom_filter_add_unique_size_u32,0,NVIDIA B200,I64,U32,32,1,1,8,1000000000,4,Yes,,,,,,,,
pfp_bloom_filter_add_unique_size_u32,0,NVIDIA B200,I64,U32,32,1,1,8,1000000000,8,Yes,,,,,,,,
pfp_bloom_filter_add_unique_size_u32,0,NVIDIA B200,I64,U32,32,1,1,8,1000000000,16,Yes,,,,,,,,
pfp_bloom_filter_add_unique_size_u32,0,NVIDIA B200,I64,U32,32,1,1,8,1000000000,32,Yes,,,,,,,,
pfp_bloom_filter_add_unique_size_u32,0,NVIDIA B200,I64,U32,32,1,1,8,1000000000,64,Yes,,,,,,,,
pfp_bloom_filter_add_unique_size_u32,0,NVIDIA B200,I64,U32,32,1,1,8,1000000000,128,Yes,,,,,,,,
pfp_bloom_filter_add_unique_size_u32,0,NVIDIA B200,I64,U32,32,1,1,8,1000000000,256,Yes,,,,,,,,
pfp_bloom_filter_add_unique_size_u32,0,NVIDIA B200,I64,U32,32,1,1,8,1000000000,512,Yes,,,,,,,,
pfp_bloom_filter_add_unique_size_u32,0,NVIDIA B200,I64,U32,32,1,1,8,1000000000,1024,Yes,,,,,,,,
pfp_bloom_filter_add_unique_size_u32,0,NVIDIA B200,I64,U32,32,1,1,8,1000000000,2048,Yes,,,,,,,,
pfp_bloom_filter_add_unique_size_u32,0,NVIDIA B200,I64,U32,32,1,2,1,1000000000,1,Yes,,,,,,,,
pfp_bloom_filter_add_unique_size_u32,0,NVIDIA B200,I64,U32,32,1,2,1,1000000000,2,Yes,,,,,,,,
pfp_bloom_filter_add_unique_size_u32,0,NVIDIA B200,I64,U32,32,1,2,1,1000000000,4,Yes,,,,,,,,
pfp_bloom_filter_add_unique_size_u32,0,NVIDIA B200,I64,U32,32,1,2,1,1000000000,8,Yes,,,,,,,,
pfp_bloom_filter_add_unique_size_u32,0,NVIDIA B200,I64,U32,32,1,2,1,1000000000,16,Yes,,,,,,,,
pfp_bloom_filter_add_unique_size_u32,0,NVIDIA B200,I64,U32,32,1,2,1,1000000000,32,Yes,,,,,,,,
pfp_bloom_filter_add_unique_size_u32,0,NVIDIA B200,I64,U32,32,1,2,1,1000000000,64,Yes,,,,,,,,
pfp_bloom_filter_add_unique_size_u32,0,NVIDIA B200,I64,U32,32,1,2,1,1000000000,128,Yes,,,,,,,,
pfp_bloom_filter_add_unique_size_u32,0,NVIDIA B200,I64,U32,32,1,2,1,1000000000,256,Yes,,,,,,,,
pfp_bloom_filter_add_unique_size_u32,0,NVIDIA B200,I64,U32,32,1,2,1,1000000000,512,Yes,,,,,,,,
pfp_bloom_filter_add_unique_size_u32,0,NVIDIA B200,I64,U32,32,1,2,1,1000000000,1024,Yes,,,,,,,,
pfp_bloom_filter_add_unique_size_u32,0,NVIDIA B200,I64,U32,32,1,2,1,1000000000,2048,Yes,,,,,,,,
pfp_bloom_filter_add_unique_size_u32,0,NVIDIA B200,I64,U32,32,1,2,2,1000000000,1,Yes,,,,,,,,
pfp_bloom_filter_add_unique_size_u32,0,NVIDIA B200,I64,U32,32,1,2,2,1000000000,2,Yes,,,,,,,,
pfp_bloom_filter_add_unique_size_u32,0,NVIDIA B200,I64,U32,32,1,2,2,1000000000,4,Yes,,,,,,,,
pfp_bloom_filter_add_unique_size_u32,0,NVIDIA B200,I64,U32,32,1,2,2,1000000000,8,Yes,,,,,,,,
pfp_bloom_filter_add_unique_size_u32,0,NVIDIA B200,I64,U32,32,1,2,2,1000000000,16,Yes,,,,,,,,
pfp_bloom_filter_add_unique_size_u32,0,NVIDIA B200,I64,U32,32,1,2,2,1000000000,32,Yes,,,,,,,,
pfp_bloom_filter_add_unique_size_u32,0,NVIDIA B200,I64,U32,32,1,2,2,1000000000,64,Yes,,,,,,,,
pfp_bloom_filter_add_unique_size_u32,0,NVIDIA B200,I64,U32,32,1,2,2,1000000000,128,Yes,,,,,,,,
pfp_bloom_filter_add_unique_size_u32,0,NVIDIA B200,I64,U32,32,1,2,2,1000000000,256,Yes,,,,,,,,
pfp_bloom_filter_add_unique_size_u32,0,NVIDIA B200,I64,U32,32,1,2,2,1000000000,512,Yes,,,,,,,,
pfp_bloom_filter_add_unique_size_u32,0,NVIDIA B200,I64,U32,32,1,2,2,1000000000,1024,Yes,,,,,,,,
pfp_bloom_filter_add_unique_size_u32,0,NVIDIA B200,I64,U32,32,1,2,2,1000000000,2048,Yes,,,,,,,,
pfp_bloom_filter_add_unique_size_u32,0,NVIDIA B200,I64,U32,32,1,2,4,1000000000,1,Yes,,,,,,,,
pfp_bloom_filter_add_unique_size_u32,0,NVIDIA B200,I64,U32,32,1,2,4,1000000000,2,Yes,,,,,,,,
pfp_bloom_filter_add_unique_size_u32,0,NVIDIA B200,I64,U32,32,1,2,4,1000000000,4,Yes,,,,,,,,
pfp_bloom_filter_add_unique_size_u32,0,NVIDIA B200,I64,U32,32,1,2,4,1000000000,8,Yes,,,,,,,,
pfp_bloom_filter_add_unique_size_u32,0,NVIDIA B200,I64,U32,32,1,2,4,1000000000,16,Yes,,,,,,,,
pfp_bloom_filter_add_unique_size_u32,0,NVIDIA B200,I64,U32,32,1,2,4,1000000000,32,Yes,,,,,,,,
pfp_bloom_filter_add_unique_size_u32,0,NVIDIA B200,I64,U32,32,1,2,4,1000000000,64,Yes,,,,,,,,
pfp_bloom_filter_add_unique_size_u32,0,NVIDIA B200,I64,U32,32,1,2,4,1000000000,128,Yes,,,,,,,,
pfp_bloom_filter_add_unique_size_u32,0,NVIDIA B200,I64,U32,32,1,2,4,1000000000,256,Yes,,,,,,,,
pfp_bloom_filter_add_unique_size_u32,0,NVIDIA B200,I64,U32,32,1,2,4,1000000000,512,Yes,,,,,,,,
pfp_bloom_filter_add_unique_size_u32,0,NVIDIA B200,I64,U32,32,1,2,4,1000000000,1024,Yes,,,,,,,,
pfp_bloom_filter_add_unique_size_u32,0,NVIDIA B200,I64,U32,32,1,2,4,1000000000,2048,Yes,,,,,,,,
pfp_bloom_filter_add_unique_size_u32,0,NVIDIA B200,I64,U32,32,1,2,8,1000000000,1,Yes,,,,,,,,
pfp_bloom_filter_add_unique_size_u32,0,NVIDIA B200,I64,U32,32,1,2,8,1000000000,2,Yes,,,,,,,,
pfp_bloom_filter_add_unique_size_u32,0,NVIDIA B200,I64,U32,32,1,2,8,1000000000,4,Yes,,,,,,,,
pfp_bloom_filter_add_unique_size_u32,0,NVIDIA B200,I64,U32,32,1,2,8,1000000000,8,Yes,,,,,,,,
pfp_bloom_filter_add_unique_size_u32,0,NVIDIA B200,I64,U32,32,1,2,8,1000000000,16,Yes,,,,,,,,
pfp_bloom_filter_add_unique_size_u32,0,NVIDIA B200,I64,U32,32,1,2,8,1000000000,32,Yes,,,,,,,,
pfp_bloom_filter_add_unique_size_u32,0,NVIDIA B200,I64,U32,32,1,2,8,1000000000,64,Yes,,,,,,,,
pfp_bloom_filter_add_unique_size_u32,0,NVIDIA B200,I64,U32,32,1,2,8,1000000000,128,Yes,,,,,,,,
pfp_bloom_filter_add_unique_size_u32,0,NVIDIA B200,I64,U32,32,1,2,8,1000000000,256,Yes,,,,,,,,
pfp_bloom_filter_add_unique_size_u32,0,NVIDIA B200,I64,U32,32,1,2,8,1000000000,512,Yes,,,,,,,,
pfp_bloom_filter_add_unique_size_u32,0,NVIDIA B200,I64,U32,32,1,2,8,1000000000,1024,Yes,,,,,,,,
pfp_bloom_filter_add_unique_size_u32,0,NVIDIA B200,I64,U32,32,1,2,8,1000000000,2048,Yes,,,,,,,,
pfp_bloom_filter_add_unique_size_u32,0,NVIDIA B200,I64,U32,32,1,4,1,1000000000,1,Yes,,,,,,,,
pfp_bloom_filter_add_unique_size_u32,0,NVIDIA B200,I64,U32,32,1,4,1,1000000000,2,Yes,,,,,,,,
pfp_bloom_filter_add_unique_size_u32,0,NVIDIA B200,I64,U32,32,1,4,1,1000000000,4,Yes,,,,,,,,
pfp_bloom_filter_add_unique_size_u32,0,NVIDIA B200,I64,U32,32,1,4,1,1000000000,8,Yes,,,,,,,,
pfp_bloom_filter_add_unique_size_u32,0,NVIDIA B200,I64,U32,32,1,4,1,1000000000,16,Yes,,,,,,,,
pfp_bloom_filter_add_unique_size_u32,0,NVIDIA B200,I64,U32,32,1,4,1,1000000000,32,Yes,,,,,,,,
pfp_bloom_filter_add_unique_size_u32,0,NVIDIA B200,I64,U32,32,1,4,1,1000000000,64,Yes,,,,,,,,
pfp_bloom_filter_add_unique_size_u32,0,NVIDIA B200,I64,U32,32,1,4,1,1000000000,128,Yes,,,,,,,,
pfp_bloom_filter_add_unique_size_u32,0,NVIDIA B200,I64,U32,32,1,4,1,1000000000,256,Yes,,,,,,,,
pfp_bloom_filter_add_unique_size_u32,0,NVIDIA B200,I64,U32,32,1,4,1,1000000000,512,Yes,,,,,,,,
pfp_bloom_filter_add_unique_size_u32,0,NVIDIA B200,I64,U32,32,1,4,1,1000000000,1024,Yes,,,,,,,,
pfp_bloom_filter_add_unique_size_u32,0,NVIDIA B200,I64,U32,32,1,4,1,1000000000,2048,Yes,,,,,,,,
pfp_bloom_filter_add_unique_size_u32,0,NVIDIA B200,I64,U32,32,1,4,2,1000000000,1,Yes,,,,,,,,
pfp_bloom_filter_add_unique_size_u32,0,NVIDIA B200,I64,U32,32,1,4,2,1000000000,2,Yes,,,,,,,,
pfp_bloom_filter_add_unique_size_u32,0,NVIDIA B200,I64,U32,32,1,4,2,1000000000,4,Yes,,,,,,,,
pfp_bloom_filter_add_unique_size_u32,0,NVIDIA B200,I64,U32,32,1,4,2,1000000000,8,Yes,,,,,,,,
pfp_bloom_filter_add_unique_size_u32,0,NVIDIA B200,I64,U32,32,1,4,2,1000000000,16,Yes,,,,,,,,
pfp_bloom_filter_add_unique_size_u32,0,NVIDIA B200,I64,U32,32,1,4,2,1000000000,32,Yes,,,,,,,,
pfp_bloom_filter_add_unique_size_u32,0,NVIDIA B200,I64,U32,32,1,4,2,1000000000,64,Yes,,,,,,,,
pfp_bloom_filter_add_unique_size_u32,0,NVIDIA B200,I64,U32,32,1,4,2,1000000000,128,Yes,,,,,,,,
pfp_bloom_filter_add_unique_size_u32,0,NVIDIA B200,I64,U32,32,1,4,2,1000000000,256,Yes,,,,,,,,
pfp_bloom_filter_add_unique_size_u32,0,NVIDIA B200,I64,U32,32,1,4,2,1000000000,512,Yes,,,,,,,,
pfp_bloom_filter_add_unique_size_u32,0,NVIDIA B200,I64,U32,32,1,4,2,1000000000,1024,Yes,,,,,,,,
pfp_bloom_filter_add_unique_size_u32,0,NVIDIA B200,I64,U32,32,1,4,2,1000000000,2048,Yes,,,,,,,,
pfp_bloom_filter_add_unique_size_u32,0,NVIDIA B200,I64,U32,32,1,4,4,1000000000,1,Yes,,,,,,,,
pfp_bloom_filter_add_unique_size_u32,0,NVIDIA B200,I64,U32,32,1,4,4,1000000000,2,Yes,,,,,,,,
pfp_bloom_filter_add_unique_size_u32,0,NVIDIA B200,I64,U32,32,1,4,4,1000000000,4,Yes,,,,,,,,
pfp_bloom_filter_add_unique_size_u32,0,NVIDIA B200,I64,U32,32,1,4,4,1000000000,8,Yes,,,,,,,,
pfp_bloom_filter_add_unique_size_u32,0,NVIDIA B200,I64,U32,32,1,4,4,1000000000,16,Yes,,,,,,,,
pfp_bloom_filter_add_unique_size_u32,0,NVIDIA B200,I64,U32,32,1,4,4,1000000000,32,Yes,,,,,,,,
pfp_bloom_filter_add_unique_size_u32,0,NVIDIA B200,I64,U32,32,1,4,4,1000000000,64,Yes,,,,,,,,
pfp_bloom_filter_add_unique_size_u32,0,NVIDIA B200,I64,U32,32,1,4,4,1000000000,128,Yes,,,,,,,,
pfp_bloom_filter_add_unique_size_u32,0,NVIDIA B200,I64,U32,32,1,4,4,1000000000,256,Yes,,,,,,,,
pfp_bloom_filter_add_unique_size_u32,0,NVIDIA B200,I64,U32,32,1,4,4,1000000000,512,Yes,,,,,,,,
pfp_bloom_filter_add_unique_size_u32,0,NVIDIA B200,I64,U32,32,1,4,4,1000000000,1024,Yes,,,,,,,,
pfp_bloom_filter_add_unique_size_u32,0,NVIDIA B200,I64,U32,32,1,4,4,1000000000,2048,Yes,,,,,,,,
pfp_bloom_filter_add_unique_size_u32,0,NVIDIA B200,I64,U32,32,1,4,8,1000000000,1,Yes,,,,,,,,
pfp_bloom_filter_add_unique_size_u32,0,NVIDIA B200,I64,U32,32,1,4,8,1000000000,2,Yes,,,,,,,,
pfp_bloom_filter_add_unique_size_u32,0,NVIDIA B200,I64,U32,32,1,4,8,1000000000,4,Yes,,,,,,,,
pfp_bloom_filter_add_unique_size_u32,0,NVIDIA B200,I64,U32,32,1,4,8,1000000000,8,Yes,,,,,,,,
pfp_bloom_filter_add_unique_size_u32,0,NVIDIA B200,I64,U32,32,1,4,8,1000000000,16,Yes,,,,,,,,
pfp_bloom_filter_add_unique_size_u32,0,NVIDIA B200,I64,U32,32,1,4,8,1000000000,32,Yes,,,,,,,,
pfp_bloom_filter_add_unique_size_u32,0,NVIDIA B200,I64,U32,32,1,4,8,1000000000,64,Yes,,,,,,,,
pfp_bloom_filter_add_unique_size_u32,0,NVIDIA B200,I64,U32,32,1,4,8,1000000000,128,Yes,,,,,,,,
pfp_bloom_filter_add_unique_size_u32,0,NVIDIA B200,I64,U32,32,1,4,8,1000000000,256,Yes,,,,,,,,
pfp_bloom_filter_add_unique_size_u32,0,NVIDIA B200,I64,U32,32,1,4,8,1000000000,512,Yes,,,,,,,,
pfp_bloom_filter_add_unique_size_u32,0,NVIDIA B200,I64,U32,32,1,4,8,1000000000,1024,Yes,,,,,,,,
pfp_bloom_filter_add_unique_size_u32,0,NVIDIA B200,I64,U32,32,1,4,8,1000000000,2048,Yes,,,,,,,,
pfp_bloom_filter_add_unique_size_u32,0,NVIDIA B200,I64,U32,32,1,8,1,1000000000,1,Yes,,,,,,,,
pfp_bloom_filter_add_unique_size_u32,0,NVIDIA B200,I64,U32,32,1,8,1,1000000000,2,Yes,,,,,,,,
pfp_bloom_filter_add_unique_size_u32,0,NVIDIA B200,I64,U32,32,1,8,1,1000000000,4,Yes,,,,,,,,
pfp_bloom_filter_add_unique_size_u32,0,NVIDIA B200,I64,U32,32,1,8,1,1000000000,8,Yes,,,,,,,,
pfp_bloom_filter_add_unique_size_u32,0,NVIDIA B200,I64,U32,32,1,8,1,1000000000,16,Yes,,,,,,,,
pfp_bloom_filter_add_unique_size_u32,0,NVIDIA B200,I64,U32,32,1,8,1,1000000000,32,Yes,,,,,,,,
pfp_bloom_filter_add_unique_size_u32,0,NVIDIA B200,I64,U32,32,1,8,1,1000000000,64,Yes,,,,,,,,
pfp_bloom_filter_add_unique_size_u32,0,NVIDIA B200,I64,U32,32,1,8,1,1000000000,128,Yes,,,,,,,,
pfp_bloom_filter_add_unique_size_u32,0,NVIDIA B200,I64,U32,32,1,8,1,1000000000,256,Yes,,,,,,,,
pfp_bloom_filter_add_unique_size_u32,0,NVIDIA B200,I64,U32,32,1,8,1,1000000000,512,Yes,,,,,,,,
pfp_bloom_filter_add_unique_size_u32,0,NVIDIA B200,I64,U32,32,1,8,1,1000000000,1024,Yes,,,,,,,,
pfp_bloom_filter_add_unique_size_u32,0,NVIDIA B200,I64,U32,32,1,8,1,1000000000,2048,Yes,,,,,,,,
pfp_bloom_filter_add_unique_size_u32,0,NVIDIA B200,I64,U32,32,1,8,2,1000000000,1,Yes,,,,,,,,
pfp_bloom_filter_add_unique_size_u32,0,NVIDIA B200,I64,U32,32,1,8,2,1000000000,2,Yes,,,,,,,,
pfp_bloom_filter_add_unique_size_u32,0,NVIDIA B200,I64,U32,32,1,8,2,1000000000,4,Yes,,,,,,,,
pfp_bloom_filter_add_unique_size_u32,0,NVIDIA B200,I64,U32,32,1,8,2,1000000000,8,Yes,,,,,,,,
pfp_bloom_filter_add_unique_size_u32,0,NVIDIA B200,I64,U32,32,1,8,2,1000000000,16,Yes,,,,,,,,
pfp_bloom_filter_add_unique_size_u32,0,NVIDIA B200,I64,U32,32,1,8,2,1000000000,32,Yes,,,,,,,,
pfp_bloom_filter_add_unique_size_u32,0,NVIDIA B200,I64,U32,32,1,8,2,1000000000,64,Yes,,,,,,,,
pfp_bloom_filter_add_unique_size_u32,0,NVIDIA B200,I64,U32,32,1,8,2,1000000000,128,Yes,,,,,,,,
pfp_bloom_filter_add_unique_size_u32,0,NVIDIA B200,I64,U32,32,1,8,2,1000000000,256,Yes,,,,,,,,
pfp_bloom_filter_add_unique_size_u32,0,NVIDIA B200,I64,U32,32,1,8,2,1000000000,512,Yes,,,,,,,,
pfp_bloom_filter_add_unique_size_u32,0,NVIDIA B200,I64,U32,32,1,8,2,1000000000,1024,Yes,,,,,,,,
pfp_bloom_filter_add_unique_size_u32,0,NVIDIA B200,I64,U32,32,1,8,2,1000000000,2048,Yes,,,,,,,,
pfp_bloom_filter_add_unique_size_u32,0,NVIDIA B200,I64,U32,32,1,8,4,1000000000,1,Yes,,,,,,,,
pfp_bloom_filter_add_unique_size_u32,0,NVIDIA B200,I64,U32,32,1,8,4,1000000000,2,Yes,,,,,,,,
pfp_bloom_filter_add_unique_size_u32,0,NVIDIA B200,I64,U32,32,1,8,4,1000000000,4,Yes,,,,,,,,
pfp_bloom_filter_add_unique_size_u32,0,NVIDIA B200,I64,U32,32,1,8,4,1000000000,8,Yes,,,,,,,,
pfp_bloom_filter_add_unique_size_u32,0,NVIDIA B200,I64,U32,32,1,8,4,1000000000,16,Yes,,,,,,,,
pfp_bloom_filter_add_unique_size_u32,0,NVIDIA B200,I64,U32,32,1,8,4,1000000000,32,Yes,,,,,,,,
pfp_bloom_filter_add_unique_size_u32,0,NVIDIA B200,I64,U32,32,1,8,4,1000000000,64,Yes,,,,,,,,
pfp_bloom_filter_add_unique_size_u32,0,NVIDIA B200,I64,U32,32,1,8,4,1000000000,128,Yes,,,,,,,,
pfp_bloom_filter_add_unique_size_u32,0,NVIDIA B200,I64,U32,32,1,8,4,1000000000,256,Yes,,,,,,,,
pfp_bloom_filter_add_unique_size_u32,0,NVIDIA B200,I64,U32,32,1,8,4,1000000000,512,Yes,,,,,,,,
pfp_bloom_filter_add_unique_size_u32,0,NVIDIA B200,I64,U32,32,1,8,4,1000000000,1024,Yes,,,,,,,,
pfp_bloom_filter_add_unique_size_u32,0,NVIDIA B200,I64,U32,32,1,8,4,1000000000,2048,Yes,,,,,,,,
pfp_bloom_filter_add_unique_size_u32,0,NVIDIA B200,I64,U32,32,1,8,8,1000000000,1,Yes,,,,,,,,
pfp_bloom_filter_add_unique_size_u32,0,NVIDIA B200,I64,U32,32,1,8,8,1000000000,2,Yes,,,,,,,,
pfp_bloom_filter_add_unique_size_u32,0,NVIDIA B200,I64,U32,32,1,8,8,1000000000,4,Yes,,,,,,,,
pfp_bloom_filter_add_unique_size_u32,0,NVIDIA B200,I64,U32,32,1,8,8,1000000000,8,Yes,,,,,,,,
pfp_bloom_filter_add_unique_size_u32,0,NVIDIA B200,I64,U32,32,1,8,8,1000000000,16,Yes,,,,,,,,
pfp_bloom_filter_add_unique_size_u32,0,NVIDIA B200,I64,U32,32,1,8,8,1000000000,32,Yes,,,,,,,,
pfp_bloom_filter_add_unique_size_u32,0,NVIDIA B200,I64,U32,32,1,8,8,1000000000,64,Yes,,,,,,,,
pfp_bloom_filter_add_unique_size_u32,0,NVIDIA B200,I64,U32,32,1,8,8,1000000000,128,Yes,,,,,,,,
pfp_bloom_filter_add_unique_size_u32,0,NVIDIA B200,I64,U32,32,1,8,8,1000000000,256,Yes,,,,,,,,
pfp_bloom_filter_add_unique_size_u32,0,NVIDIA B200,I64,U32,32,1,8,8,1000000000,512,Yes,,,,,,,,
pfp_bloom_filter_add_unique_size_u32,0,NVIDIA B200,I64,U32,32,1,8,8,1000000000,1024,Yes,,,,,,,,
pfp_bloom_filter_add_unique_size_u32,0,NVIDIA B200,I64,U32,32,1,8,8,1000000000,2048,Yes,,,,,,,,
pfp_bloom_filter_add_unique_size_u32,0,NVIDIA B200,I64,U32,32,20,1,1,1000000000,1,No,63,0.008072537396825398,0.00016737976884097325,0.008058031172979443,0.00013166907475334726,124099792931.21196,65,0.008056595552884615
pfp_bloom_filter_add_unique_size_u32,0,NVIDIA B200,I64,U32,32,20,1,1,1000000000,2,No,60,0.008364845066666666,0.00019549822549310385,0.008350069427490236,0.00018040752137271353,119759483281.39447,63,0.008348574683779763
pfp_bloom_filter_add_unique_size_u32,0,NVIDIA B200,I64,U32,32,20,1,1,1000000000,4,No,62,0.008131419096774195,0.0002203157261745143,0.008116807645367036,0.00020264069113345225,123201145535.43553,64,0.008114190101623535
pfp_bloom_filter_add_unique_size_u32,0,NVIDIA B200,I64,U32,32,20,1,1,1000000000,8,No,63,0.008024500984126985,0.00018349342361179564,0.008009683442494225,0.00017926357957173737,124848879132.30673,65,0.00800574199969952
pfp_bloom_filter_add_unique_size_u32,0,NVIDIA B200,I64,U32,32,20,1,1,1000000000,16,No,63,0.008025264317460317,0.00018447837125739922,0.008010853146749833,0.00015566560884896805,124830649330.4924,65,0.008004513784555288
pfp_bloom_filter_add_unique_size_u32,0,NVIDIA B200,I64,U32,32,20,1,1,1000000000,32,No,63,0.008001669730158732,0.00020597295403078472,0.007987067881084622,0.00016898589452885677,125202391526.96455,65,0.007975227238581732
pfp_bloom_filter_add_unique_size_u32,0,NVIDIA B200,I64,U32,32,20,1,1,1000000000,64,No,62,0.008106643822580643,0.00021043263136363635,0.008092017589076872,0.00017193120307417827,123578574686.96861,65,0.008059336500901442
pfp_bloom_filter_add_unique_size_u32,0,NVIDIA B200,I64,U32,32,20,1,1,1000000000,128,No,22,0.02312151763636364,0.00014268744989009947,0.023105439879677517,0.00014196319981025525,43279851204.19863,23,0.023092090855474055
pfp_bloom_filter_add_unique_size_u32,0,NVIDIA B200,I64,U32,32,20,1,1,1000000000,256,No,16,0.032979449999999993,0.0001802932915993373,0.03296293640136719,0.00018132203857533486,30337103097.360085,17,0.03296021427827723
pfp_bloom_filter_add_unique_size_u32,0,NVIDIA B200,I64,U32,32,20,1,1,1000000000,512,No,13,0.04009190146153847,8.81968317114719e-05,0.040074712900015026,8.641286668667266e-05,24953391493.906998,14,0.04007482474190848
pfp_bloom_filter_add_unique_size_u32,0,NVIDIA B200,I64,U32,32,20,1,1,1000000000,1024,No,12,0.044050099583333335,0.00016788452468435971,0.04403336779276529,0.00016438598966338837,22710050357.862946,13,0.044035229609562805
pfp_bloom_filter_add_unique_size_u32,0,NVIDIA B200,I64,U32,32,20,1,1,1000000000,2048,No,11,0.046087442909090906,0.00011693943418699293,0.04607004235007546,0.00012221716517281898,21706079460.514366,12,0.04606805324554444
pfp_bloom_filter_add_unique_size_u32,0,NVIDIA B200,I64,U32,32,20,1,2,1000000000,1,Yes,,,,,,,,
pfp_bloom_filter_add_unique_size_u32,0,NVIDIA B200,I64,U32,32,20,1,2,1000000000,2,Yes,,,,,,,,
pfp_bloom_filter_add_unique_size_u32,0,NVIDIA B200,I64,U32,32,20,1,2,1000000000,4,Yes,,,,,,,,
pfp_bloom_filter_add_unique_size_u32,0,NVIDIA B200,I64,U32,32,20,1,2,1000000000,8,Yes,,,,,,,,
pfp_bloom_filter_add_unique_size_u32,0,NVIDIA B200,I64,U32,32,20,1,2,1000000000,16,Yes,,,,,,,,
pfp_bloom_filter_add_unique_size_u32,0,NVIDIA B200,I64,U32,32,20,1,2,1000000000,32,Yes,,,,,,,,
pfp_bloom_filter_add_unique_size_u32,0,NVIDIA B200,I64,U32,32,20,1,2,1000000000,64,Yes,,,,,,,,
pfp_bloom_filter_add_unique_size_u32,0,NVIDIA B200,I64,U32,32,20,1,2,1000000000,128,Yes,,,,,,,,
pfp_bloom_filter_add_unique_size_u32,0,NVIDIA B200,I64,U32,32,20,1,2,1000000000,256,Yes,,,,,,,,
pfp_bloom_filter_add_unique_size_u32,0,NVIDIA B200,I64,U32,32,20,1,2,1000000000,512,Yes,,,,,,,,
pfp_bloom_filter_add_unique_size_u32,0,NVIDIA B200,I64,U32,32,20,1,2,1000000000,1024,Yes,,,,,,,,
pfp_bloom_filter_add_unique_size_u32,0,NVIDIA B200,I64,U32,32,20,1,2,1000000000,2048,Yes,,,,,,,,
pfp_bloom_filter_add_unique_size_u32,0,NVIDIA B200,I64,U32,32,20,1,4,1000000000,1,Yes,,,,,,,,
pfp_bloom_filter_add_unique_size_u32,0,NVIDIA B200,I64,U32,32,20,1,4,1000000000,2,Yes,,,,,,,,
pfp_bloom_filter_add_unique_size_u32,0,NVIDIA B200,I64,U32,32,20,1,4,1000000000,4,Yes,,,,,,,,
pfp_bloom_filter_add_unique_size_u32,0,NVIDIA B200,I64,U32,32,20,1,4,1000000000,8,Yes,,,,,,,,
pfp_bloom_filter_add_unique_size_u32,0,NVIDIA B200,I64,U32,32,20,1,4,1000000000,16,Yes,,,,,,,,
pfp_bloom_filter_add_unique_size_u32,0,NVIDIA B200,I64,U32,32,20,1,4,1000000000,32,Yes,,,,,,,,
pfp_bloom_filter_add_unique_size_u32,0,NVIDIA B200,I64,U32,32,20,1,4,1000000000,64,Yes,,,,,,,,
pfp_bloom_filter_add_unique_size_u32,0,NVIDIA B200,I64,U32,32,20,1,4,1000000000,128,Yes,,,,,,,,
pfp_bloom_filter_add_unique_size_u32,0,NVIDIA B200,I64,U32,32,20,1,4,1000000000,256,Yes,,,,,,,,
pfp_bloom_filter_add_unique_size_u32,0,NVIDIA B200,I64,U32,32,20,1,4,1000000000,512,Yes,,,,,,,,
pfp_bloom_filter_add_unique_size_u32,0,NVIDIA B200,I64,U32,32,20,1,4,1000000000,1024,Yes,,,,,,,,
pfp_bloom_filter_add_unique_size_u32,0,NVIDIA B200,I64,U32,32,20,1,4,1000000000,2048,Yes,,,,,,,,
pfp_bloom_filter_add_unique_size_u32,0,NVIDIA B200,I64,U32,32,20,1,8,1000000000,1,Yes,,,,,,,,
pfp_bloom_filter_add_unique_size_u32,0,NVIDIA B200,I64,U32,32,20,1,8,1000000000,2,Yes,,,,,,,,
pfp_bloom_filter_add_unique_size_u32,0,NVIDIA B200,I64,U32,32,20,1,8,1000000000,4,Yes,,,,,,,,
pfp_bloom_filter_add_unique_size_u32,0,NVIDIA B200,I64,U32,32,20,1,8,1000000000,8,Yes,,,,,,,,
pfp_bloom_filter_add_unique_size_u32,0,NVIDIA B200,I64,U32,32,20,1,8,1000000000,16,Yes,,,,,,,,
pfp_bloom_filter_add_unique_size_u32,0,NVIDIA B200,I64,U32,32,20,1,8,1000000000,32,Yes,,,,,,,,
pfp_bloom_filter_add_unique_size_u32,0,NVIDIA B200,I64,U32,32,20,1,8,1000000000,64,Yes,,,,,,,,
pfp_bloom_filter_add_unique_size_u32,0,NVIDIA B200,I64,U32,32,20,1,8,1000000000,128,Yes,,,,,,,,
pfp_bloom_filter_add_unique_size_u32,0,NVIDIA B200,I64,U32,32,20,1,8,1000000000,256,Yes,,,,,,,,
pfp_bloom_filter_add_unique_size_u32,0,NVIDIA B200,I64,U32,32,20,1,8,1000000000,512,Yes,,,,,,,,
pfp_bloom_filter_add_unique_size_u32,0,NVIDIA B200,I64,U32,32,20,1,8,1000000000,1024,Yes,,,,,,,,
pfp_bloom_filter_add_unique_size_u32,0,NVIDIA B200,I64,U32,32,20,1,8,1000000000,2048,Yes,,,,,,,,
pfp_bloom_filter_add_unique_size_u32,0,NVIDIA B200,I64,U32,32,20,2,1,1000000000,1,Yes,,,,,,,,
pfp_bloom_filter_add_unique_size_u32,0,NVIDIA B200,I64,U32,32,20,2,1,1000000000,2,Yes,,,,,,,,
pfp_bloom_filter_add_unique_size_u32,0,NVIDIA B200,I64,U32,32,20,2,1,1000000000,4,Yes,,,,,,,,
pfp_bloom_filter_add_unique_size_u32,0,NVIDIA B200,I64,U32,32,20,2,1,1000000000,8,Yes,,,,,,,,
pfp_bloom_filter_add_unique_size_u32,0,NVIDIA B200,I64,U32,32,20,2,1,1000000000,16,Yes,,,,,,,,
pfp_bloom_filter_add_unique_size_u32,0,NVIDIA B200,I64,U32,32,20,2,1,1000000000,32,Yes,,,,,,,,
pfp_bloom_filter_add_unique_size_u32,0,NVIDIA B200,I64,U32,32,20,2,1,1000000000,64,Yes,,,,,,,,
pfp_bloom_filter_add_unique_size_u32,0,NVIDIA B200,I64,U32,32,20,2,1,1000000000,128,Yes,,,,,,,,
pfp_bloom_filter_add_unique_size_u32,0,NVIDIA B200,I64,U32,32,20,2,1,1000000000,256,Yes,,,,,,,,
pfp_bloom_filter_add_unique_size_u32,0,NVIDIA B200,I64,U32,32,20,2,1,1000000000,512,Yes,,,,,,,,
pfp_bloom_filter_add_unique_size_u32,0,NVIDIA B200,I64,U32,32,20,2,1,1000000000,1024,Yes,,,,,,,,
pfp_bloom_filter_add_unique_size_u32,0,NVIDIA B200,I64,U32,32,20,2,1,1000000000,2048,Yes,,,,,,,,
pfp_bloom_filter_add_unique_size_u32,0,NVIDIA B200,I64,U32,32,20,2,2,1000000000,1,Yes,,,,,,,,
pfp_bloom_filter_add_unique_size_u32,0,NVIDIA B200,I64,U32,32,20,2,2,1000000000,2,Yes,,,,,,,,
pfp_bloom_filter_add_unique_size_u32,0,NVIDIA B200,I64,U32,32,20,2,2,1000000000,4,Yes,,,,,,,,
pfp_bloom_filter_add_unique_size_u32,0,NVIDIA B200,I64,U32,32,20,2,2,1000000000,8,Yes,,,,,,,,
pfp_bloom_filter_add_unique_size_u32,0,NVIDIA B200,I64,U32,32,20,2,2,1000000000,16,Yes,,,,,,,,
pfp_bloom_filter_add_unique_size_u32,0,NVIDIA B200,I64,U32,32,20,2,2,1000000000,32,Yes,,,,,,,,
pfp_bloom_filter_add_unique_size_u32,0,NVIDIA B200,I64,U32,32,20,2,2,1000000000,64,Yes,,,,,,,,
pfp_bloom_filter_add_unique_size_u32,0,NVIDIA B200,I64,U32,32,20,2,2,1000000000,128,Yes,,,,,,,,
pfp_bloom_filter_add_unique_size_u32,0,NVIDIA B200,I64,U32,32,20,2,2,1000000000,256,Yes,,,,,,,,
pfp_bloom_filter_add_unique_size_u32,0,NVIDIA B200,I64,U32,32,20,2,2,1000000000,512,Yes,,,,,,,,
pfp_bloom_filter_add_unique_size_u32,0,NVIDIA B200,I64,U32,32,20,2,2,1000000000,1024,Yes,,,,,,,,
pfp_bloom_filter_add_unique_size_u32,0,NVIDIA B200,I64,U32,32,20,2,2,1000000000,2048,Yes,,,,,,,,
pfp_bloom_filter_add_unique_size_u32,0,NVIDIA B200,I64,U32,32,20,2,4,1000000000,1,Yes,,,,,,,,
pfp_bloom_filter_add_unique_size_u32,0,NVIDIA B200,I64,U32,32,20,2,4,1000000000,2,Yes,,,,,,,,
pfp_bloom_filter_add_unique_size_u32,0,NVIDIA B200,I64,U32,32,20,2,4,1000000000,4,Yes,,,,,,,,
pfp_bloom_filter_add_unique_size_u32,0,NVIDIA B200,I64,U32,32,20,2,4,1000000000,8,Yes,,,,,,,,
pfp_bloom_filter_add_unique_size_u32,0,NVIDIA B200,I64,U32,32,20,2,4,1000000000,16,Yes,,,,,,,,
pfp_bloom_filter_add_unique_size_u32,0,NVIDIA B200,I64,U32,32,20,2,4,1000000000,32,Yes,,,,,,,,
pfp_bloom_filter_add_unique_size_u32,0,NVIDIA B200,I64,U32,32,20,2,4,1000000000,64,Yes,,,,,,,,
pfp_bloom_filter_add_unique_size_u32,0,NVIDIA B200,I64,U32,32,20,2,4,1000000000,128,Yes,,,,,,,,
pfp_bloom_filter_add_unique_size_u32,0,NVIDIA B200,I64,U32,32,20,2,4,1000000000,256,Yes,,,,,,,,
pfp_bloom_filter_add_unique_size_u32,0,NVIDIA B200,I64,U32,32,20,2,4,1000000000,512,Yes,,,,,,,,
pfp_bloom_filter_add_unique_size_u32,0,NVIDIA B200,I64,U32,32,20,2,4,1000000000,1024,Yes,,,,,,,,
pfp_bloom_filter_add_unique_size_u32,0,NVIDIA B200,I64,U32,32,20,2,4,1000000000,2048,Yes,,,,,,,,
pfp_bloom_filter_add_unique_size_u32,0,NVIDIA B200,I64,U32,32,20,2,8,1000000000,1,Yes,,,,,,,,
pfp_bloom_filter_add_unique_size_u32,0,NVIDIA B200,I64,U32,32,20,2,8,1000000000,2,Yes,,,,,,,,
pfp_bloom_filter_add_unique_size_u32,0,NVIDIA B200,I64,U32,32,20,2,8,1000000000,4,Yes,,,,,,,,
pfp_bloom_filter_add_unique_size_u32,0,NVIDIA B200,I64,U32,32,20,2,8,1000000000,8,Yes,,,,,,,,
pfp_bloom_filter_add_unique_size_u32,0,NVIDIA B200,I64,U32,32,20,2,8,1000000000,16,Yes,,,,,,,,
pfp_bloom_filter_add_unique_size_u32,0,NVIDIA B200,I64,U32,32,20,2,8,1000000000,32,Yes,,,,,,,,
pfp_bloom_filter_add_unique_size_u32,0,NVIDIA B200,I64,U32,32,20,2,8,1000000000,64,Yes,,,,,,,,
pfp_bloom_filter_add_unique_size_u32,0,NVIDIA B200,I64,U32,32,20,2,8,1000000000,128,Yes,,,,,,,,
pfp_bloom_filter_add_unique_size_u32,0,NVIDIA B200,I64,U32,32,20,2,8,1000000000,256,Yes,,,,,,,,
pfp_bloom_filter_add_unique_size_u32,0,NVIDIA B200,I64,U32,32,20,2,8,1000000000,512,Yes,,,,,,,,
pfp_bloom_filter_add_unique_size_u32,0,NVIDIA B200,I64,U32,32,20,2,8,1000000000,1024,Yes,,,,,,,,
pfp_bloom_filter_add_unique_size_u32,0,NVIDIA B200,I64,U32,32,20,2,8,1000000000,2048,Yes,,,,,,,,
pfp_bloom_filter_add_unique_size_u32,0,NVIDIA B200,I64,U32,32,20,4,1,1000000000,1,Yes,,,,,,,,
pfp_bloom_filter_add_unique_size_u32,0,NVIDIA B200,I64,U32,32,20,4,1,1000000000,2,Yes,,,,,,,,
pfp_bloom_filter_add_unique_size_u32,0,NVIDIA B200,I64,U32,32,20,4,1,1000000000,4,Yes,,,,,,,,
pfp_bloom_filter_add_unique_size_u32,0,NVIDIA B200,I64,U32,32,20,4,1,1000000000,8,Yes,,,,,,,,
pfp_bloom_filter_add_unique_size_u32,0,NVIDIA B200,I64,U32,32,20,4,1,1000000000,16,Yes,,,,,,,,
pfp_bloom_filter_add_unique_size_u32,0,NVIDIA B200,I64,U32,32,20,4,1,1000000000,32,Yes,,,,,,,,
pfp_bloom_filter_add_unique_size_u32,0,NVIDIA B200,I64,U32,32,20,4,1,1000000000,64,Yes,,,,,,,,
pfp_bloom_filter_add_unique_size_u32,0,NVIDIA B200,I64,U32,32,20,4,1,1000000000,128,Yes,,,,,,,,
pfp_bloom_filter_add_unique_size_u32,0,NVIDIA B200,I64,U32,32,20,4,1,1000000000,256,Yes,,,,,,,,
pfp_bloom_filter_add_unique_size_u32,0,NVIDIA B200,I64,U32,32,20,4,1,1000000000,512,Yes,,,,,,,,
pfp_bloom_filter_add_unique_size_u32,0,NVIDIA B200,I64,U32,32,20,4,1,1000000000,1024,Yes,,,,,,,,
pfp_bloom_filter_add_unique_size_u32,0,NVIDIA B200,I64,U32,32,20,4,1,1000000000,2048,Yes,,,,,,,,
pfp_bloom_filter_add_unique_size_u32,0,NVIDIA B200,I64,U32,32,20,4,2,1000000000,1,Yes,,,,,,,,
pfp_bloom_filter_add_unique_size_u32,0,NVIDIA B200,I64,U32,32,20,4,2,1000000000,2,Yes,,,,,,,,
pfp_bloom_filter_add_unique_size_u32,0,NVIDIA B200,I64,U32,32,20,4,2,1000000000,4,Yes,,,,,,,,
pfp_bloom_filter_add_unique_size_u32,0,NVIDIA B200,I64,U32,32,20,4,2,1000000000,8,Yes,,,,,,,,
pfp_bloom_filter_add_unique_size_u32,0,NVIDIA B200,I64,U32,32,20,4,2,1000000000,16,Yes,,,,,,,,
pfp_bloom_filter_add_unique_size_u32,0,NVIDIA B200,I64,U32,32,20,4,2,1000000000,32,Yes,,,,,,,,
pfp_bloom_filter_add_unique_size_u32,0,NVIDIA B200,I64,U32,32,20,4,2,1000000000,64,Yes,,,,,,,,
pfp_bloom_filter_add_unique_size_u32,0,NVIDIA B200,I64,U32,32,20,4,2,1000000000,128,Yes,,,,,,,,
pfp_bloom_filter_add_unique_size_u32,0,NVIDIA B200,I64,U32,32,20,4,2,1000000000,256,Yes,,,,,,,,
pfp_bloom_filter_add_unique_size_u32,0,NVIDIA B200,I64,U32,32,20,4,2,1000000000,512,Yes,,,,,,,,
pfp_bloom_filter_add_unique_size_u32,0,NVIDIA B200,I64,U32,32,20,4,2,1000000000,1024,Yes,,,,,,,,
pfp_bloom_filter_add_unique_size_u32,0,NVIDIA B200,I64,U32,32,20,4,2,1000000000,2048,Yes,,,,,,,,
pfp_bloom_filter_add_unique_size_u32,0,NVIDIA B200,I64,U32,32,20,4,4,1000000000,1,Yes,,,,,,,,
pfp_bloom_filter_add_unique_size_u32,0,NVIDIA B200,I64,U32,32,20,4,4,1000000000,2,Yes,,,,,,,,
pfp_bloom_filter_add_unique_size_u32,0,NVIDIA B200,I64,U32,32,20,4,4,1000000000,4,Yes,,,,,,,,
pfp_bloom_filter_add_unique_size_u32,0,NVIDIA B200,I64,U32,32,20,4,4,1000000000,8,Yes,,,,,,,,
pfp_bloom_filter_add_unique_size_u32,0,NVIDIA B200,I64,U32,32,20,4,4,1000000000,16,Yes,,,,,,,,
pfp_bloom_filter_add_unique_size_u32,0,NVIDIA B200,I64,U32,32,20,4,4,1000000000,32,Yes,,,,,,,,
pfp_bloom_filter_add_unique_size_u32,0,NVIDIA B200,I64,U32,32,20,4,4,1000000000,64,Yes,,,,,,,,
pfp_bloom_filter_add_unique_size_u32,0,NVIDIA B200,I64,U32,32,20,4,4,1000000000,128,Yes,,,,,,,,
pfp_bloom_filter_add_unique_size_u32,0,NVIDIA B200,I64,U32,32,20,4,4,1000000000,256,Yes,,,,,,,,
pfp_bloom_filter_add_unique_size_u32,0,NVIDIA B200,I64,U32,32,20,4,4,1000000000,512,Yes,,,,,,,,
pfp_bloom_filter_add_unique_size_u32,0,NVIDIA B200,I64,U32,32,20,4,4,1000000000,1024,Yes,,,,,,,,
pfp_bloom_filter_add_unique_size_u32,0,NVIDIA B200,I64,U32,32,20,4,4,1000000000,2048,Yes,,,,,,,,
pfp_bloom_filter_add_unique_size_u32,0,NVIDIA B200,I64,U32,32,20,4,8,1000000000,1,Yes,,,,,,,,
pfp_bloom_filter_add_unique_size_u32,0,NVIDIA B200,I64,U32,32,20,4,8,1000000000,2,Yes,,,,,,,,
pfp_bloom_filter_add_unique_size_u32,0,NVIDIA B200,I64,U32,32,20,4,8,1000000000,4,Yes,,,,,,,,
pfp_bloom_filter_add_unique_size_u32,0,NVIDIA B200,I64,U32,32,20,4,8,1000000000,8,Yes,,,,,,,,
pfp_bloom_filter_add_unique_size_u32,0,NVIDIA B200,I64,U32,32,20,4,8,1000000000,16,Yes,,,,,,,,
pfp_bloom_filter_add_unique_size_u32,0,NVIDIA B200,I64,U32,32,20,4,8,1000000000,32,Yes,,,,,,,,
pfp_bloom_filter_add_unique_size_u32,0,NVIDIA B200,I64,U32,32,20,4,8,1000000000,64,Yes,,,,,,,,
pfp_bloom_filter_add_unique_size_u32,0,NVIDIA B200,I64,U32,32,20,4,8,1000000000,128,Yes,,,,,,,,
pfp_bloom_filter_add_unique_size_u32,0,NVIDIA B200,I64,U32,32,20,4,8,1000000000,256,Yes,,,,,,,,
pfp_bloom_filter_add_unique_size_u32,0,NVIDIA B200,I64,U32,32,20,4,8,1000000000,512,Yes,,,,,,,,
pfp_bloom_filter_add_unique_size_u32,0,NVIDIA B200,I64,U32,32,20,4,8,1000000000,1024,Yes,,,,,,,,
pfp_bloom_filter_add_unique_size_u32,0,NVIDIA B200,I64,U32,32,20,4,8,1000000000,2048,Yes,,,,,,,,
pfp_bloom_filter_add_unique_size_u32,0,NVIDIA B200,I64,U32,32,20,8,1,1000000000,1,Yes,,,,,,,,
pfp_bloom_filter_add_unique_size_u32,0,NVIDIA B200,I64,U32,32,20,8,1,1000000000,2,Yes,,,,,,,,
pfp_bloom_filter_add_unique_size_u32,0,NVIDIA B200,I64,U32,32,20,8,1,1000000000,4,Yes,,,,,,,,
pfp_bloom_filter_add_unique_size_u32,0,NVIDIA B200,I64,U32,32,20,8,1,1000000000,8,Yes,,,,,,,,
pfp_bloom_filter_add_unique_size_u32,0,NVIDIA B200,I64,U32,32,20,8,1,1000000000,16,Yes,,,,,,,,
pfp_bloom_filter_add_unique_size_u32,0,NVIDIA B200,I64,U32,32,20,8,1,1000000000,32,Yes,,,,,,,,
pfp_bloom_filter_add_unique_size_u32,0,NVIDIA B200,I64,U32,32,20,8,1,1000000000,64,Yes,,,,,,,,
pfp_bloom_filter_add_unique_size_u32,0,NVIDIA B200,I64,U32,32,20,8,1,1000000000,128,Yes,,,,,,,,
pfp_bloom_filter_add_unique_size_u32,0,NVIDIA B200,I64,U32,32,20,8,1,1000000000,256,Yes,,,,,,,,
pfp_bloom_filter_add_unique_size_u32,0,NVIDIA B200,I64,U32,32,20,8,1,1000000000,512,Yes,,,,,,,,
pfp_bloom_filter_add_unique_size_u32,0,NVIDIA B200,I64,U32,32,20,8,1,1000000000,1024,Yes,,,,,,,,
pfp_bloom_filter_add_unique_size_u32,0,NVIDIA B200,I64,U32,32,20,8,1,1000000000,2048,Yes,,,,,,,,
pfp_bloom_filter_add_unique_size_u32,0,NVIDIA B200,I64,U32,32,20,8,2,1000000000,1,Yes,,,,,,,,
pfp_bloom_filter_add_unique_size_u32,0,NVIDIA B200,I64,U32,32,20,8,2,1000000000,2,Yes,,,,,,,,
pfp_bloom_filter_add_unique_size_u32,0,NVIDIA B200,I64,U32,32,20,8,2,1000000000,4,Yes,,,,,,,,
pfp_bloom_filter_add_unique_size_u32,0,NVIDIA B200,I64,U32,32,20,8,2,1000000000,8,Yes,,,,,,,,
pfp_bloom_filter_add_unique_size_u32,0,NVIDIA B200,I64,U32,32,20,8,2,1000000000,16,Yes,,,,,,,,
pfp_bloom_filter_add_unique_size_u32,0,NVIDIA B200,I64,U32,32,20,8,2,1000000000,32,Yes,,,,,,,,
pfp_bloom_filter_add_unique_size_u32,0,NVIDIA B200,I64,U32,32,20,8,2,1000000000,64,Yes,,,,,,,,
pfp_bloom_filter_add_unique_size_u32,0,NVIDIA B200,I64,U32,32,20,8,2,1000000000,128,Yes,,,,,,,,
pfp_bloom_filter_add_unique_size_u32,0,NVIDIA B200,I64,U32,32,20,8,2,1000000000,256,Yes,,,,,,,,
pfp_bloom_filter_add_unique_size_u32,0,NVIDIA B200,I64,U32,32,20,8,2,1000000000,512,Yes,,,,,,,,
pfp_bloom_filter_add_unique_size_u32,0,NVIDIA B200,I64,U32,32,20,8,2,1000000000,1024,Yes,,,,,,,,
pfp_bloom_filter_add_unique_size_u32,0,NVIDIA B200,I64,U32,32,20,8,2,1000000000,2048,Yes,,,,,,,,
pfp_bloom_filter_add_unique_size_u32,0,NVIDIA B200,I64,U32,32,20,8,4,1000000000,1,Yes,,,,,,,,
pfp_bloom_filter_add_unique_size_u32,0,NVIDIA B200,I64,U32,32,20,8,4,1000000000,2,Yes,,,,,,,,
pfp_bloom_filter_add_unique_size_u32,0,NVIDIA B200,I64,U32,32,20,8,4,1000000000,4,Yes,,,,,,,,
pfp_bloom_filter_add_unique_size_u32,0,NVIDIA B200,I64,U32,32,20,8,4,1000000000,8,Yes,,,,,,,,
pfp_bloom_filter_add_unique_size_u32,0,NVIDIA B200,I64,U32,32,20,8,4,1000000000,16,Yes,,,,,,,,
pfp_bloom_filter_add_unique_size_u32,0,NVIDIA B200,I64,U32,32,20,8,4,1000000000,32,Yes,,,,,,,,
pfp_bloom_filter_add_unique_size_u32,0,NVIDIA B200,I64,U32,32,20,8,4,1000000000,64,Yes,,,,,,,,
pfp_bloom_filter_add_unique_size_u32,0,NVIDIA B200,I64,U32,32,20,8,4,1000000000,128,Yes,,,,,,,,
pfp_bloom_filter_add_unique_size_u32,0,NVIDIA B200,I64,U32,32,20,8,4,1000000000,256,Yes,,,,,,,,
pfp_bloom_filter_add_unique_size_u32,0,NVIDIA B200,I64,U32,32,20,8,4,1000000000,512,Yes,,,,,,,,
pfp_bloom_filter_add_unique_size_u32,0,NVIDIA B200,I64,U32,32,20,8,4,1000000000,1024,Yes,,,,,,,,
pfp_bloom_filter_add_unique_size_u32,0,NVIDIA B200,I64,U32,32,20,8,4,1000000000,2048,Yes,,,,,,,,
pfp_bloom_filter_add_unique_size_u32,0,NVIDIA B200,I64,U32,32,20,8,8,1000000000,1,Yes,,,,,,,,
pfp_bloom_filter_add_unique_size_u32,0,NVIDIA B200,I64,U32,32,20,8,8,1000000000,2,Yes,,,,,,,,
pfp_bloom_filter_add_unique_size_u32,0,NVIDIA B200,I64,U32,32,20,8,8,1000000000,4,Yes,,,,,,,,
pfp_bloom_filter_add_unique_size_u32,0,NVIDIA B200,I64,U32,32,20,8,8,1000000000,8,Yes,,,,,,,,
pfp_bloom_filter_add_unique_size_u32,0,NVIDIA B200,I64,U32,32,20,8,8,1000000000,16,Yes,,,,,,,,
pfp_bloom_filter_add_unique_size_u32,0,NVIDIA B200,I64,U32,32,20,8,8,1000000000,32,Yes,,,,,,,,
pfp_bloom_filter_add_unique_size_u32,0,NVIDIA B200,I64,U32,32,20,8,8,1000000000,64,Yes,,,,,,,,
pfp_bloom_filter_add_unique_size_u32,0,NVIDIA B200,I64,U32,32,20,8,8,1000000000,128,Yes,,,,,,,,
pfp_bloom_filter_add_unique_size_u32,0,NVIDIA B200,I64,U32,32,20,8,8,1000000000,256,Yes,,,,,,,,
pfp_bloom_filter_add_unique_size_u32,0,NVIDIA B200,I64,U32,32,20,8,8,1000000000,512,Yes,,,,,,,,
pfp_bloom_filter_add_unique_size_u32,0,NVIDIA B200,I64,U32,32,20,8,8,1000000000,1024,Yes,,,,,,,,
pfp_bloom_filter_add_unique_size_u32,0,NVIDIA B200,I64,U32,32,20,8,8,1000000000,2048,Yes,,,,,,,,
pfp_bloom_filter_add_unique_size_u32,0,NVIDIA B200,I64,U32,64,1,1,1,1000000000,1,No,33,0.015292806696969698,0.00012638521464962733,0.015277644590897997,0.00010583496498811593,65455116071.73875,34,0.015276394114774817
pfp_bloom_filter_add_unique_size_u32,0,NVIDIA B200,I64,U32,64,1,1,1,1000000000,2,No,32,0.01588419846875,0.00012909103966389032,0.01586899906396866,0.00012246383410774377,63015946750.57667,33,0.015867470481178977
pfp_bloom_filter_add_unique_size_u32,0,NVIDIA B200,I64,U32,64,1,1,1,1000000000,4,No,33,0.015419449333333333,0.00020348207846967949,0.01540442859765255,0.00019263708781316278,64916396843.982124,34,0.015401923684512868
pfp_bloom_filter_add_unique_size_u32,0,NVIDIA B200,I64,U32,64,1,1,1,1000000000,8,No,33,0.015199566515151516,0.00011519891732359537,0.015184089284954648,0.00010055671014376103,65858411474.889244,34,0.015179987290326285
pfp_bloom_filter_add_unique_size_u32,0,NVIDIA B200,I64,U32,64,1,1,1,1000000000,16,No,33,0.015196278333333335,0.00015739170760741437,0.015181113387599131,0.0001292802676642845,65871321455.04305,34,0.015175619686351102
pfp_bloom_filter_add_unique_size_u32,0,NVIDIA B200,I64,U32,64,1,1,1,1000000000,32,No,34,0.015142982676470589,0.0001229633165483225,0.0151275839805603,9.585310759643779e-05,66104409090.37755,35,0.01511622791290283
pfp_bloom_filter_add_unique_size_u32,0,NVIDIA B200,I64,U32,64,1,1,1,1000000000,64,No,34,0.01516593244117647,0.00010769945037366451,0.015150791617000803,9.101266183525702e-05,66003151866.856476,35,0.015123102596827916
pfp_bloom_filter_add_unique_size_u32,0,NVIDIA B200,I64,U32,64,1,1,1,1000000000,128,No,18,0.028520634500000006,0.00012176959399898495,0.028504289839002814,0.0001113288436224248,35082438666.18582,19,0.028485199978477076
pfp_bloom_filter_add_unique_size_u32,0,NVIDIA B200,I64,U32,64,1,1,1,1000000000,256,No,13,0.03908598984615385,0.0002009965968378478,0.03906938875638521,0.00018640010429680161,25595486180.6372,14,0.039057480403355195
pfp_bloom_filter_add_unique_size_u32,0,NVIDIA B200,I64,U32,64,1,1,1,1000000000,512,No,12,0.045004865083333345,0.00023056444044813,0.04498790391286214,0.00022916415774751865,22228197204.67345,13,0.04498518635676458
pfp_bloom_filter_add_unique_size_u32,0,NVIDIA B200,I64,U32,64,1,1,1,1000000000,1024,No,11,0.047937651000000005,0.00016253337899660035,0.047920782262628726,0.00016588015971380642,20867772869.806744,12,0.047910827954610186
pfp_bloom_filter_add_unique_size_u32,0,NVIDIA B200,I64,U32,64,1,1,1,1000000000,2048,No,11,0.04944036454545455,0.0001310133343145198,0.049422894217751236,0.00012616048221645475,20233537833.582188,12,0.04941713078816731
pfp_bloom_filter_add_unique_size_u32,0,NVIDIA B200,I64,U32,64,1,1,2,1000000000,1,No,33,0.015292984515151516,0.00012682442245317866,0.015277570926781853,0.00010243862534658032,65455431677.75332,34,0.015276693905101103
pfp_bloom_filter_add_unique_size_u32,0,NVIDIA B200,I64,U32,64,1,1,2,1000000000,2,No,32,0.0158838735,0.00014644883902209651,0.015868593096733094,0.00013226300800487118,63017558891.58646,33,0.015866445830374054
pfp_bloom_filter_add_unique_size_u32,0,NVIDIA B200,I64,U32,64,1,1,2,1000000000,4,No,33,0.015419922030303028,0.0001855532444927957,0.015404403397531217,0.0001701206774909755,64916503040.959366,34,0.01540156285903033
pfp_bloom_filter_add_unique_size_u32,0,NVIDIA B200,I64,U32,64,1,1,2,1000000000,8,No,33,0.015198973272727274,0.00014053254673917234,0.015183687874765105,0.0001204915112633011,65860152569.51995,34,0.015179775462431067
pfp_bloom_filter_add_unique_size_u32,0,NVIDIA B200,I64,U32,64,1,1,2,1000000000,16,No,33,0.015195971363636363,0.0001441584526645913,0.015180769082271691,0.00012322978247239494,65872815440.41228,34,0.015175619686351102
pfp_bloom_filter_add_unique_size_u32,0,NVIDIA B200,I64,U32,64,1,1,2,1000000000,32,No,34,0.015142347588235298,0.00012211542454056775,0.015126990991480212,0.00010804123821118928,66107000431.42867,35,0.015116200147356307
pfp_bloom_filter_add_unique_size_u32,0,NVIDIA B200,I64,U32,64,1,1,2,1000000000,64,No,34,0.015166332911764708,0.00013868441047447258,0.01515114458869485,0.00010501899070954586,66001614211.12423,35,0.01512292913709368
pfp_bloom_filter_add_unique_size_u32,0,NVIDIA B200,I64,U32,64,1,1,2,1000000000,128,No,18,0.028522037277777783,0.00013405461363867906,0.028505699687533907,0.00013395921757492635,35080703542.15228,19,0.028486816305863232
pfp_bloom_filter_add_unique_size_u32,0,NVIDIA B200,I64,U32,64,1,1,2,1000000000,256,No,13,0.03908482776923077,0.00015441832836767582,0.03906819974459135,0.00015230972457097548,25596265160.347992,14,0.03905155726841518
pfp_bloom_filter_add_unique_size_u32,0,NVIDIA B200,I64,U32,64,1,1,2,1000000000,512,No,12,0.045005331,0.0001527610360529179,0.04498790963490804,0.00015651900156466773,22228194377.452408,13,0.04498147935133713
pfp_bloom_filter_add_unique_size_u32,0,NVIDIA B200,I64,U32,64,1,1,2,1000000000,1024,No,11,0.04793838545454546,0.0001407180134526032,0.047921062469482426,0.00014541384438651906,20867650850.538425,12,0.047918917655944825
pfp_bloom_filter_add_unique_size_u32,0,NVIDIA B200,I64,U32,64,1,1,2,1000000000,2048,No,11,0.049438264545454545,0.0002252891840174139,0.049420971610329364,0.00022270614287066604,20234324972.09327,12,0.049415765126546225
pfp_bloom_filter_add_unique_size_u32,0,NVIDIA B200,I64,U32,64,1,1,4,1000000000,1,Yes,,,,,,,,
pfp_bloom_filter_add_unique_size_u32,0,NVIDIA B200,I64,U32,64,1,1,4,1000000000,2,Yes,,,,,,,,
pfp_bloom_filter_add_unique_size_u32,0,NVIDIA B200,I64,U32,64,1,1,4,1000000000,4,Yes,,,,,,,,
pfp_bloom_filter_add_unique_size_u32,0,NVIDIA B200,I64,U32,64,1,1,4,1000000000,8,Yes,,,,,,,,
pfp_bloom_filter_add_unique_size_u32,0,NVIDIA B200,I64,U32,64,1,1,4,1000000000,16,Yes,,,,,,,,
pfp_bloom_filter_add_unique_size_u32,0,NVIDIA B200,I64,U32,64,1,1,4,1000000000,32,Yes,,,,,,,,
pfp_bloom_filter_add_unique_size_u32,0,NVIDIA B200,I64,U32,64,1,1,4,1000000000,64,Yes,,,,,,,,
pfp_bloom_filter_add_unique_size_u32,0,NVIDIA B200,I64,U32,64,1,1,4,1000000000,128,Yes,,,,,,,,
pfp_bloom_filter_add_unique_size_u32,0,NVIDIA B200,I64,U32,64,1,1,4,1000000000,256,Yes,,,,,,,,
pfp_bloom_filter_add_unique_size_u32,0,NVIDIA B200,I64,U32,64,1,1,4,1000000000,512,Yes,,,,,,,,
pfp_bloom_filter_add_unique_size_u32,0,NVIDIA B200,I64,U32,64,1,1,4,1000000000,1024,Yes,,,,,,,,
pfp_bloom_filter_add_unique_size_u32,0,NVIDIA B200,I64,U32,64,1,1,4,1000000000,2048,Yes,,,,,,,,
pfp_bloom_filter_add_unique_size_u32,0,NVIDIA B200,I64,U32,64,1,1,8,1000000000,1,Yes,,,,,,,,
pfp_bloom_filter_add_unique_size_u32,0,NVIDIA B200,I64,U32,64,1,1,8,1000000000,2,Yes,,,,,,,,
pfp_bloom_filter_add_unique_size_u32,0,NVIDIA B200,I64,U32,64,1,1,8,1000000000,4,Yes,,,,,,,,
pfp_bloom_filter_add_unique_size_u32,0,NVIDIA B200,I64,U32,64,1,1,8,1000000000,8,Yes,,,,,,,,
pfp_bloom_filter_add_unique_size_u32,0,NVIDIA B200,I64,U32,64,1,1,8,1000000000,16,Yes,,,,,,,,
pfp_bloom_filter_add_unique_size_u32,0,NVIDIA B200,I64,U32,64,1,1,8,1000000000,32,Yes,,,,,,,,
pfp_bloom_filter_add_unique_size_u32,0,NVIDIA B200,I64,U32,64,1,1,8,1000000000,64,Yes,,,,,,,,
pfp_bloom_filter_add_unique_size_u32,0,NVIDIA B200,I64,U32,64,1,1,8,1000000000,128,Yes,,,,,,,,
pfp_bloom_filter_add_unique_size_u32,0,NVIDIA B200,I64,U32,64,1,1,8,1000000000,256,Yes,,,,,,,,
pfp_bloom_filter_add_unique_size_u32,0,NVIDIA B200,I64,U32,64,1,1,8,1000000000,512,Yes,,,,,,,,
pfp_bloom_filter_add_unique_size_u32,0,NVIDIA B200,I64,U32,64,1,1,8,1000000000,1024,Yes,,,,,,,,
pfp_bloom_filter_add_unique_size_u32,0,NVIDIA B200,I64,U32,64,1,1,8,1000000000,2048,Yes,,,,,,,,
pfp_bloom_filter_add_unique_size_u32,0,NVIDIA B200,I64,U32,64,1,2,1,1000000000,1,No,57,0.008932784052631582,0.00013366544302874215,0.00891832430320874,0.00011689068945346799,112128687632.51952,58,0.00891570308290679
pfp_bloom_filter_add_unique_size_u32,0,NVIDIA B200,I64,U32,64,1,2,1,1000000000,2,No,56,0.008946761714285717,0.00011959581259070743,0.008932165128844123,0.00011147069174387838,111954938760.67717,58,0.008928502576104525
pfp_bloom_filter_add_unique_size_u32,0,NVIDIA B200,I64,U32,64,1,2,1,1000000000,4,No,57,0.008932842140350877,0.0001376071253632425,0.008918276017172296,0.00010911352925387067,112129294728.54199,58,0.008914184570312499
pfp_bloom_filter_add_unique_size_u32,0,NVIDIA B200,I64,U32,64,1,2,1,1000000000,8,No,57,0.008933276684210529,0.0001775651547698314,0.008918667826736183,0.00013135603519707283,112124368731.642,58,0.00891277234307651
pfp_bloom_filter_add_unique_size_u32,0,NVIDIA B200,I64,U32,64,1,2,1,1000000000,16,No,57,0.00893649752631579,0.00014810639037637145,0.008922046979268388,0.00011533894950156873,112081902541.383,58,0.008913301665207434
pfp_bloom_filter_add_unique_size_u32,0,NVIDIA B200,I64,U32,64,1,2,1,1000000000,32,No,56,0.008944283696428574,0.00016439372392167644,0.008929500426564901,0.00012660157240692384,111988347861.54897,58,0.008913037530307111
pfp_bloom_filter_add_unique_size_u32,0,NVIDIA B200,I64,U32,64,1,2,1,1000000000,64,No,50,0.01002869546,0.00023931107005810791,0.010013951492309572,0.00021104570429199572,99860679449.86267,52,0.009982736440805289
pfp_bloom_filter_add_unique_size_u32,0,NVIDIA B200,I64,U32,64,1,2,1,1000000000,128,No,22,0.02323521663636363,0.00011221866194748408,0.02321881883794611,0.00010616307265986255,43068512958.36451,23,0.02320579943449601
pfp_bloom_filter_add_unique_size_u32,0,NVIDIA B200,I64,U32,64,1,2,1,1000000000,256,No,16,0.0330952188125,0.00013781905561700936,0.03307846403121948,0.00012445124746722808,30231149761.252495,17,0.033070439506979556
pfp_bloom_filter_add_unique_size_u32,0,NVIDIA B200,I64,U32,64,1,2,1,1000000000,512,No,13,0.04011446492307692,9.313549406996702e-05,0.04009763453556941,9.197392531770701e-05,24939126997.951214,14,0.04009793663024903
pfp_bloom_filter_add_unique_size_u32,0,NVIDIA B200,I64,U32,64,1,2,1,1000000000,1024,No,12,0.04406814383333333,0.00011630215509262265,0.044051170349121094,0.00011247825492354564,22700872464.33288,13,0.04405043763380785
pfp_bloom_filter_add_unique_size_u32,0,NVIDIA B200,I64,U32,64,1,2,1,1000000000,2048,No,11,0.04609646254545455,0.00013422874387140953,0.04607962799072265,0.00013081614864159398,21701564088.176517,12,0.046077611605326335
pfp_bloom_filter_add_unique_size_u32,0,NVIDIA B200,I64,U32,64,1,2,2,1000000000,1,Yes,,,,,,,,
pfp_bloom_filter_add_unique_size_u32,0,NVIDIA B200,I64,U32,64,1,2,2,1000000000,2,Yes,,,,,,,,
pfp_bloom_filter_add_unique_size_u32,0,NVIDIA B200,I64,U32,64,1,2,2,1000000000,4,Yes,,,,,,,,
pfp_bloom_filter_add_unique_size_u32,0,NVIDIA B200,I64,U32,64,1,2,2,1000000000,8,Yes,,,,,,,,
pfp_bloom_filter_add_unique_size_u32,0,NVIDIA B200,I64,U32,64,1,2,2,1000000000,16,Yes,,,,,,,,
pfp_bloom_filter_add_unique_size_u32,0,NVIDIA B200,I64,U32,64,1,2,2,1000000000,32,Yes,,,,,,,,
pfp_bloom_filter_add_unique_size_u32,0,NVIDIA B200,I64,U32,64,1,2,2,1000000000,64,Yes,,,,,,,,
pfp_bloom_filter_add_unique_size_u32,0,NVIDIA B200,I64,U32,64,1,2,2,1000000000,128,Yes,,,,,,,,
pfp_bloom_filter_add_unique_size_u32,0,NVIDIA B200,I64,U32,64,1,2,2,1000000000,256,Yes,,,,,,,,
pfp_bloom_filter_add_unique_size_u32,0,NVIDIA B200,I64,U32,64,1,2,2,1000000000,512,Yes,,,,,,,,
pfp_bloom_filter_add_unique_size_u32,0,NVIDIA B200,I64,U32,64,1,2,2,1000000000,1024,Yes,,,,,,,,
pfp_bloom_filter_add_unique_size_u32,0,NVIDIA B200,I64,U32,64,1,2,2,1000000000,2048,Yes,,,,,,,,
pfp_bloom_filter_add_unique_size_u32,0,NVIDIA B200,I64,U32,64,1,2,4,1000000000,1,Yes,,,,,,,,
pfp_bloom_filter_add_unique_size_u32,0,NVIDIA B200,I64,U32,64,1,2,4,1000000000,2,Yes,,,,,,,,
pfp_bloom_filter_add_unique_size_u32,0,NVIDIA B200,I64,U32,64,1,2,4,1000000000,4,Yes,,,,,,,,
pfp_bloom_filter_add_unique_size_u32,0,NVIDIA B200,I64,U32,64,1,2,4,1000000000,8,Yes,,,,,,,,
pfp_bloom_filter_add_unique_size_u32,0,NVIDIA B200,I64,U32,64,1,2,4,1000000000,16,Yes,,,,,,,,
pfp_bloom_filter_add_unique_size_u32,0,NVIDIA B200,I64,U32,64,1,2,4,1000000000,32,Yes,,,,,,,,
pfp_bloom_filter_add_unique_size_u32,0,NVIDIA B200,I64,U32,64,1,2,4,1000000000,64,Yes,,,,,,,,
pfp_bloom_filter_add_unique_size_u32,0,NVIDIA B200,I64,U32,64,1,2,4,1000000000,128,Yes,,,,,,,,
pfp_bloom_filter_add_unique_size_u32,0,NVIDIA B200,I64,U32,64,1,2,4,1000000000,256,Yes,,,,,,,,
pfp_bloom_filter_add_unique_size_u32,0,NVIDIA B200,I64,U32,64,1,2,4,1000000000,512,Yes,,,,,,,,
pfp_bloom_filter_add_unique_size_u32,0,NVIDIA B200,I64,U32,64,1,2,4,1000000000,1024,Yes,,,,,,,,
pfp_bloom_filter_add_unique_size_u32,0,NVIDIA B200,I64,U32,64,1,2,4,1000000000,2048,Yes,,,,,,,,
pfp_bloom_filter_add_unique_size_u32,0,NVIDIA B200,I64,U32,64,1,2,8,1000000000,1,Yes,,,,,,,,
pfp_bloom_filter_add_unique_size_u32,0,NVIDIA B200,I64,U32,64,1,2,8,1000000000,2,Yes,,,,,,,,
pfp_bloom_filter_add_unique_size_u32,0,NVIDIA B200,I64,U32,64,1,2,8,1000000000,4,Yes,,,,,,,,
pfp_bloom_filter_add_unique_size_u32,0,NVIDIA B200,I64,U32,64,1,2,8,1000000000,8,Yes,,,,,,,,
pfp_bloom_filter_add_unique_size_u32,0,NVIDIA B200,I64,U32,64,1,2,8,1000000000,16,Yes,,,,,,,,
pfp_bloom_filter_add_unique_size_u32,0,NVIDIA B200,I64,U32,64,1,2,8,1000000000,32,Yes,,,,,,,,
pfp_bloom_filter_add_unique_size_u32,0,NVIDIA B200,I64,U32,64,1,2,8,1000000000,64,Yes,,,,,,,,
pfp_bloom_filter_add_unique_size_u32,0,NVIDIA B200,I64,U32,64,1,2,8,1000000000,128,Yes,,,,,,,,
pfp_bloom_filter_add_unique_size_u32,0,NVIDIA B200,I64,U32,64,1,2,8,1000000000,256,Yes,,,,,,,,
pfp_bloom_filter_add_unique_size_u32,0,NVIDIA B200,I64,U32,64,1,2,8,1000000000,512,Yes,,,,,,,,
pfp_bloom_filter_add_unique_size_u32,0,NVIDIA B200,I64,U32,64,1,2,8,1000000000,1024,Yes,,,,,,,,
pfp_bloom_filter_add_unique_size_u32,0,NVIDIA B200,I64,U32,64,1,2,8,1000000000,2048,Yes,,,,,,,,
pfp_bloom_filter_add_unique_size_u32,0,NVIDIA B200,I64,U32,64,1,4,1,1000000000,1,Yes,,,,,,,,
pfp_bloom_filter_add_unique_size_u32,0,NVIDIA B200,I64,U32,64,1,4,1,1000000000,2,Yes,,,,,,,,
pfp_bloom_filter_add_unique_size_u32,0,NVIDIA B200,I64,U32,64,1,4,1,1000000000,4,Yes,,,,,,,,
pfp_bloom_filter_add_unique_size_u32,0,NVIDIA B200,I64,U32,64,1,4,1,1000000000,8,Yes,,,,,,,,
pfp_bloom_filter_add_unique_size_u32,0,NVIDIA B200,I64,U32,64,1,4,1,1000000000,16,Yes,,,,,,,,
pfp_bloom_filter_add_unique_size_u32,0,NVIDIA B200,I64,U32,64,1,4,1,1000000000,32,Yes,,,,,,,,
pfp_bloom_filter_add_unique_size_u32,0,NVIDIA B200,I64,U32,64,1,4,1,1000000000,64,Yes,,,,,,,,
pfp_bloom_filter_add_unique_size_u32,0,NVIDIA B200,I64,U32,64,1,4,1,1000000000,128,Yes,,,,,,,,
pfp_bloom_filter_add_unique_size_u32,0,NVIDIA B200,I64,U32,64,1,4,1,1000000000,256,Yes,,,,,,,,
pfp_bloom_filter_add_unique_size_u32,0,NVIDIA B200,I64,U32,64,1,4,1,1000000000,512,Yes,,,,,,,,
pfp_bloom_filter_add_unique_size_u32,0,NVIDIA B200,I64,U32,64,1,4,1,1000000000,1024,Yes,,,,,,,,
pfp_bloom_filter_add_unique_size_u32,0,NVIDIA B200,I64,U32,64,1,4,1,1000000000,2048,Yes,,,,,,,,
pfp_bloom_filter_add_unique_size_u32,0,NVIDIA B200,I64,U32,64,1,4,2,1000000000,1,Yes,,,,,,,,
pfp_bloom_filter_add_unique_size_u32,0,NVIDIA B200,I64,U32,64,1,4,2,1000000000,2,Yes,,,,,,,,
pfp_bloom_filter_add_unique_size_u32,0,NVIDIA B200,I64,U32,64,1,4,2,1000000000,4,Yes,,,,,,,,
pfp_bloom_filter_add_unique_size_u32,0,NVIDIA B200,I64,U32,64,1,4,2,1000000000,8,Yes,,,,,,,,
pfp_bloom_filter_add_unique_size_u32,0,NVIDIA B200,I64,U32,64,1,4,2,1000000000,16,Yes,,,,,,,,
pfp_bloom_filter_add_unique_size_u32,0,NVIDIA B200,I64,U32,64,1,4,2,1000000000,32,Yes,,,,,,,,
pfp_bloom_filter_add_unique_size_u32,0,NVIDIA B200,I64,U32,64,1,4,2,1000000000,64,Yes,,,,,,,,
pfp_bloom_filter_add_unique_size_u32,0,NVIDIA B200,I64,U32,64,1,4,2,1000000000,128,Yes,,,,,,,,
pfp_bloom_filter_add_unique_size_u32,0,NVIDIA B200,I64,U32,64,1,4,2,1000000000,256,Yes,,,,,,,,
pfp_bloom_filter_add_unique_size_u32,0,NVIDIA B200,I64,U32,64,1,4,2,1000000000,512,Yes,,,,,,,,
pfp_bloom_filter_add_unique_size_u32,0,NVIDIA B200,I64,U32,64,1,4,2,1000000000,1024,Yes,,,,,,,,
pfp_bloom_filter_add_unique_size_u32,0,NVIDIA B200,I64,U32,64,1,4,2,1000000000,2048,Yes,,,,,,,,
pfp_bloom_filter_add_unique_size_u32,0,NVIDIA B200,I64,U32,64,1,4,4,1000000000,1,Yes,,,,,,,,
pfp_bloom_filter_add_unique_size_u32,0,NVIDIA B200,I64,U32,64,1,4,4,1000000000,2,Yes,,,,,,,,
pfp_bloom_filter_add_unique_size_u32,0,NVIDIA B200,I64,U32,64,1,4,4,1000000000,4,Yes,,,,,,,,
pfp_bloom_filter_add_unique_size_u32,0,NVIDIA B200,I64,U32,64,1,4,4,1000000000,8,Yes,,,,,,,,
pfp_bloom_filter_add_unique_size_u32,0,NVIDIA B200,I64,U32,64,1,4,4,1000000000,16,Yes,,,,,,,,
pfp_bloom_filter_add_unique_size_u32,0,NVIDIA B200,I64,U32,64,1,4,4,1000000000,32,Yes,,,,,,,,
pfp_bloom_filter_add_unique_size_u32,0,NVIDIA B200,I64,U32,64,1,4,4,1000000000,64,Yes,,,,,,,,
pfp_bloom_filter_add_unique_size_u32,0,NVIDIA B200,I64,U32,64,1,4,4,1000000000,128,Yes,,,,,,,,
pfp_bloom_filter_add_unique_size_u32,0,NVIDIA B200,I64,U32,64,1,4,4,1000000000,256,Yes,,,,,,,,
pfp_bloom_filter_add_unique_size_u32,0,NVIDIA B200,I64,U32,64,1,4,4,1000000000,512,Yes,,,,,,,,
pfp_bloom_filter_add_unique_size_u32,0,NVIDIA B200,I64,U32,64,1,4,4,1000000000,1024,Yes,,,,,,,,
pfp_bloom_filter_add_unique_size_u32,0,NVIDIA B200,I64,U32,64,1,4,4,1000000000,2048,Yes,,,,,,,,
pfp_bloom_filter_add_unique_size_u32,0,NVIDIA B200,I64,U32,64,1,4,8,1000000000,1,Yes,,,,,,,,
pfp_bloom_filter_add_unique_size_u32,0,NVIDIA B200,I64,U32,64,1,4,8,1000000000,2,Yes,,,,,,,,
pfp_bloom_filter_add_unique_size_u32,0,NVIDIA B200,I64,U32,64,1,4,8,1000000000,4,Yes,,,,,,,,
pfp_bloom_filter_add_unique_size_u32,0,NVIDIA B200,I64,U32,64,1,4,8,1000000000,8,Yes,,,,,,,,
pfp_bloom_filter_add_unique_size_u32,0,NVIDIA B200,I64,U32,64,1,4,8,1000000000,16,Yes,,,,,,,,
pfp_bloom_filter_add_unique_size_u32,0,NVIDIA B200,I64,U32,64,1,4,8,1000000000,32,Yes,,,,,,,,
pfp_bloom_filter_add_unique_size_u32,0,NVIDIA B200,I64,U32,64,1,4,8,1000000000,64,Yes,,,,,,,,
pfp_bloom_filter_add_unique_size_u32,0,NVIDIA B200,I64,U32,64,1,4,8,1000000000,128,Yes,,,,,,,,
pfp_bloom_filter_add_unique_size_u32,0,NVIDIA B200,I64,U32,64,1,4,8,1000000000,256,Yes,,,,,,,,
pfp_bloom_filter_add_unique_size_u32,0,NVIDIA B200,I64,U32,64,1,4,8,1000000000,512,Yes,,,,,,,,
pfp_bloom_filter_add_unique_size_u32,0,NVIDIA B200,I64,U32,64,1,4,8,1000000000,1024,Yes,,,,,,,,
pfp_bloom_filter_add_unique_size_u32,0,NVIDIA B200,I64,U32,64,1,4,8,1000000000,2048,Yes,,,,,,,,
pfp_bloom_filter_add_unique_size_u32,0,NVIDIA B200,I64,U32,64,1,8,1,1000000000,1,Yes,,,,,,,,
pfp_bloom_filter_add_unique_size_u32,0,NVIDIA B200,I64,U32,64,1,8,1,1000000000,2,Yes,,,,,,,,
pfp_bloom_filter_add_unique_size_u32,0,NVIDIA B200,I64,U32,64,1,8,1,1000000000,4,Yes,,,,,,,,
pfp_bloom_filter_add_unique_size_u32,0,NVIDIA B200,I64,U32,64,1,8,1,1000000000,8,Yes,,,,,,,,
pfp_bloom_filter_add_unique_size_u32,0,NVIDIA B200,I64,U32,64,1,8,1,1000000000,16,Yes,,,,,,,,
pfp_bloom_filter_add_unique_size_u32,0,NVIDIA B200,I64,U32,64,1,8,1,1000000000,32,Yes,,,,,,,,
pfp_bloom_filter_add_unique_size_u32,0,NVIDIA B200,I64,U32,64,1,8,1,1000000000,64,Yes,,,,,,,,
pfp_bloom_filter_add_unique_size_u32,0,NVIDIA B200,I64,U32,64,1,8,1,1000000000,128,Yes,,,,,,,,
pfp_bloom_filter_add_unique_size_u32,0,NVIDIA B200,I64,U32,64,1,8,1,1000000000,256,Yes,,,,,,,,
pfp_bloom_filter_add_unique_size_u32,0,NVIDIA B200,I64,U32,64,1,8,1,1000000000,512,Yes,,,,,,,,
pfp_bloom_filter_add_unique_size_u32,0,NVIDIA B200,I64,U32,64,1,8,1,1000000000,1024,Yes,,,,,,,,
pfp_bloom_filter_add_unique_size_u32,0,NVIDIA B200,I64,U32,64,1,8,1,1000000000,2048,Yes,,,,,,,,
pfp_bloom_filter_add_unique_size_u32,0,NVIDIA B200,I64,U32,64,1,8,2,1000000000,1,Yes,,,,,,,,
pfp_bloom_filter_add_unique_size_u32,0,NVIDIA B200,I64,U32,64,1,8,2,1000000000,2,Yes,,,,,,,,
pfp_bloom_filter_add_unique_size_u32,0,NVIDIA B200,I64,U32,64,1,8,2,1000000000,4,Yes,,,,,,,,
pfp_bloom_filter_add_unique_size_u32,0,NVIDIA B200,I64,U32,64,1,8,2,1000000000,8,Yes,,,,,,,,
pfp_bloom_filter_add_unique_size_u32,0,NVIDIA B200,I64,U32,64,1,8,2,1000000000,16,Yes,,,,,,,,
pfp_bloom_filter_add_unique_size_u32,0,NVIDIA B200,I64,U32,64,1,8,2,1000000000,32,Yes,,,,,,,,
pfp_bloom_filter_add_unique_size_u32,0,NVIDIA B200,I64,U32,64,1,8,2,1000000000,64,Yes,,,,,,,,
pfp_bloom_filter_add_unique_size_u32,0,NVIDIA B200,I64,U32,64,1,8,2,1000000000,128,Yes,,,,,,,,
pfp_bloom_filter_add_unique_size_u32,0,NVIDIA B200,I64,U32,64,1,8,2,1000000000,256,Yes,,,,,,,,
pfp_bloom_filter_add_unique_size_u32,0,NVIDIA B200,I64,U32,64,1,8,2,1000000000,512,Yes,,,,,,,,
pfp_bloom_filter_add_unique_size_u32,0,NVIDIA B200,I64,U32,64,1,8,2,1000000000,1024,Yes,,,,,,,,
pfp_bloom_filter_add_unique_size_u32,0,NVIDIA B200,I64,U32,64,1,8,2,1000000000,2048,Yes,,,,,,,,
pfp_bloom_filter_add_unique_size_u32,0,NVIDIA B200,I64,U32,64,1,8,4,1000000000,1,Yes,,,,,,,,
pfp_bloom_filter_add_unique_size_u32,0,NVIDIA B200,I64,U32,64,1,8,4,1000000000,2,Yes,,,,,,,,
pfp_bloom_filter_add_unique_size_u32,0,NVIDIA B200,I64,U32,64,1,8,4,1000000000,4,Yes,,,,,,,,
pfp_bloom_filter_add_unique_size_u32,0,NVIDIA B200,I64,U32,64,1,8,4,1000000000,8,Yes,,,,,,,,
pfp_bloom_filter_add_unique_size_u32,0,NVIDIA B200,I64,U32,64,1,8,4,1000000000,16,Yes,,,,,,,,
pfp_bloom_filter_add_unique_size_u32,0,NVIDIA B200,I64,U32,64,1,8,4,1000000000,32,Yes,,,,,,,,
pfp_bloom_filter_add_unique_size_u32,0,NVIDIA B200,I64,U32,64,1,8,4,1000000000,64,Yes,,,,,,,,
pfp_bloom_filter_add_unique_size_u32,0,NVIDIA B200,I64,U32,64,1,8,4,1000000000,128,Yes,,,,,,,,
pfp_bloom_filter_add_unique_size_u32,0,NVIDIA B200,I64,U32,64,1,8,4,1000000000,256,Yes,,,,,,,,
pfp_bloom_filter_add_unique_size_u32,0,NVIDIA B200,I64,U32,64,1,8,4,1000000000,512,Yes,,,,,,,,
pfp_bloom_filter_add_unique_size_u32,0,NVIDIA B200,I64,U32,64,1,8,4,1000000000,1024,Yes,,,,,,,,
pfp_bloom_filter_add_unique_size_u32,0,NVIDIA B200,I64,U32,64,1,8,4,1000000000,2048,Yes,,,,,,,,
pfp_bloom_filter_add_unique_size_u32,0,NVIDIA B200,I64,U32,64,1,8,8,1000000000,1,Yes,,,,,,,,
pfp_bloom_filter_add_unique_size_u32,0,NVIDIA B200,I64,U32,64,1,8,8,1000000000,2,Yes,,,,,,,,
pfp_bloom_filter_add_unique_size_u32,0,NVIDIA B200,I64,U32,64,1,8,8,1000000000,4,Yes,,,,,,,,
pfp_bloom_filter_add_unique_size_u32,0,NVIDIA B200,I64,U32,64,1,8,8,1000000000,8,Yes,,,,,,,,
pfp_bloom_filter_add_unique_size_u32,0,NVIDIA B200,I64,U32,64,1,8,8,1000000000,16,Yes,,,,,,,,
pfp_bloom_filter_add_unique_size_u32,0,NVIDIA B200,I64,U32,64,1,8,8,1000000000,32,Yes,,,,,,,,
pfp_bloom_filter_add_unique_size_u32,0,NVIDIA B200,I64,U32,64,1,8,8,1000000000,64,Yes,,,,,,,,
pfp_bloom_filter_add_unique_size_u32,0,NVIDIA B200,I64,U32,64,1,8,8,1000000000,128,Yes,,,,,,,,
pfp_bloom_filter_add_unique_size_u32,0,NVIDIA B200,I64,U32,64,1,8,8,1000000000,256,Yes,,,,,,,,
pfp_bloom_filter_add_unique_size_u32,0,NVIDIA B200,I64,U32,64,1,8,8,1000000000,512,Yes,,,,,,,,
pfp_bloom_filter_add_unique_size_u32,0,NVIDIA B200,I64,U32,64,1,8,8,1000000000,1024,Yes,,,,,,,,
pfp_bloom_filter_add_unique_size_u32,0,NVIDIA B200,I64,U32,64,1,8,8,1000000000,2048,Yes,,,,,,,,
pfp_bloom_filter_add_unique_size_u32,0,NVIDIA B200,I64,U32,64,20,1,1,1000000000,1,No,33,0.01529343451515151,0.0001072830555664202,0.015278249682802147,0.00010395087016559361,65452523735.46709,34,0.01527621280445772
pfp_bloom_filter_add_unique_size_u32,0,NVIDIA B200,I64,U32,64,20,1,1,1000000000,2,No,32,0.015884270937500004,0.0001346600065079492,0.015869170159101487,0.00012292698332330937,63015267337.49637,33,0.015868493282433713
pfp_bloom_filter_add_unique_size_u32,0,NVIDIA B200,I64,U32,64,20,1,1,1000000000,4,No,33,0.015419785545454544,0.0001827065488529121,0.01540453919497403,0.00016905365532110002,64915930774.8891,34,0.015401740579044117
pfp_bloom_filter_add_unique_size_u32,0,NVIDIA B200,I64,U32,64,20,1,1,1000000000,8,No,33,0.015199583,0.00013937020555384997,0.015184211441964812,0.00011631942613770337,65857881643.84266,34,0.015179775462431067
pfp_bloom_filter_add_unique_size_u32,0,NVIDIA B200,I64,U32,64,20,1,1,1000000000,16,No,33,0.015196141484848484,0.0001331065980885459,0.015181143384991264,0.00011874333356298809,65871191295.68616,34,0.015175739961511947
pfp_bloom_filter_add_unique_size_u32,0,NVIDIA B200,I64,U32,64,20,1,1,1000000000,32,No,34,0.015143400941176473,0.00011671961561095683,0.015127867249881518,0.00011479790584989434,66103171285.286896,35,0.01511660900115967
pfp_bloom_filter_add_unique_size_u32,0,NVIDIA B200,I64,U32,64,20,1,1,1000000000,64,No,34,0.01516646205882353,0.00011041776990275827,0.015150924317977004,9.627156916924217e-05,66002573771.25642,35,0.015123106220790319
pfp_bloom_filter_add_unique_size_u32,0,NVIDIA B200,I64,U32,64,20,1,1,1000000000,128,No,18,0.028517028722222226,0.0001362423410355722,0.02850059519873725,0.0001322505485246063,35086986535.78667,19,0.028481373335185804
pfp_bloom_filter_add_unique_size_u32,0,NVIDIA B200,I64,U32,64,20,1,1,1000000000,256,No,13,0.03908574007692308,0.0001821291703495547,0.03906914520263672,0.00018560109879769043,25595645740.73434,14,0.03905747795104981
pfp_bloom_filter_add_unique_size_u32,0,NVIDIA B200,I64,U32,64,20,1,1,1000000000,512,No,12,0.045004404916666664,0.00024858710722309193,0.044986879984537764,0.00023079753306411055,22228703131.750977,13,0.04498061899038461
pfp_bloom_filter_add_unique_size_u32,0,NVIDIA B200,I64,U32,64,20,1,1,1000000000,1024,No,11,0.04793327881818183,0.0002311669194453234,0.04791566016457298,0.00022623613429836295,20870003597.265724,12,0.047908949216206864
pfp_bloom_filter_add_unique_size_u32,0,NVIDIA B200,I64,U32,64,20,1,1,1000000000,2048,No,11,0.049439998000000006,0.00015519000080676433,0.049422801277854214,0.00015933748573954297,20233575882.88077,12,0.049417813618977874
pfp_bloom_filter_add_unique_size_u32,0,NVIDIA B200,I64,U32,64,20,1,2,1000000000,1,No,33,0.015292286787878787,0.00012248580043851306,0.015277313001228103,0.00010695448653227681,65456536756.14374,34,0.015276814180261947
pfp_bloom_filter_add_unique_size_u32,0,NVIDIA B200,I64,U32,64,20,1,2,1000000000,2,No,32,0.015884619281249998,0.0001272884035066599,0.015869090020656583,0.00010995746066272507,63015585562.77098,33,0.01586703583688447
pfp_bloom_filter_add_unique_size_u32,0,NVIDIA B200,I64,U32,64,20,1,2,1000000000,4,No,33,0.015419863454545457,0.00017244633836716332,0.015404858155684032,0.00017050495030161724,64914586677.386795,34,0.01540150182387408
pfp_bloom_filter_add_unique_size_u32,0,NVIDIA B200,I64,U32,64,20,1,2,1000000000,8,No,33,0.015198845454545458,0.00013581044522789341,0.015183776161887428,0.00013753533215131024,65859769621.08314,34,0.015179624669692096
pfp_bloom_filter_add_unique_size_u32,0,NVIDIA B200,I64,U32,64,20,1,2,1000000000,16,No,33,0.015196787515151512,0.00013397482145347602,0.01518176379348292,0.00011303642584672906,65868499444.66073,34,0.015175978716681986
pfp_bloom_filter_add_unique_size_u32,0,NVIDIA B200,I64,U32,64,20,1,2,1000000000,32,No,34,0.015142954911764702,0.00012616252450346754,0.015127809833077824,0.0001069292682226422,66103422176.384224,35,0.01511634567805699
pfp_bloom_filter_add_unique_size_u32,0,NVIDIA B200,I64,U32,64,20,1,2,1000000000,64,No,34,0.015166368823529413,0.00010823501182795289,0.015151224557091206,8.307231567717031e-05,66001265853.588806,35,0.015123368780953543
pfp_bloom_filter_add_unique_size_u32,0,NVIDIA B200,I64,U32,64,20,1,2,1000000000,128,No,18,0.02851606372222223,0.0001379256902940058,0.028499797291225856,0.00012583027230537986,35087968864.53178,19,0.028480406610589277
pfp_bloom_filter_add_unique_size_u32,0,NVIDIA B200,I64,U32,64,20,1,2,1000000000,256,No,13,0.03908249515384616,0.00022045793143072445,0.03906568908691406,0.00021500791945140355,25597910170.61498,14,0.03905572591509138
pfp_bloom_filter_add_unique_size_u32,0,NVIDIA B200,I64,U32,64,20,1,2,1000000000,512,No,12,0.04500462808333334,0.00016591072553045198,0.044988074620564776,0.00015477283888034124,22228112859.55509,13,0.04498603703425481
pfp_bloom_filter_add_unique_size_u32,0,NVIDIA B200,I64,U32,64,20,1,2,1000000000,1024,No,11,0.0479357730909091,0.0002222572296260519,0.04791808006980203,0.00021497191387479032,20868949643.71079,12,0.047912200609842935
pfp_bloom_filter_add_unique_size_u32,0,NVIDIA B200,I64,U32,64,20,1,2,1000000000,2048,No,11,0.049437174363636364,0.00016560102275637502,0.049419542832808055,0.00015810341600246632,20234909970.396004,12,0.04941337617238362
pfp_bloom_filter_add_unique_size_u32,0,NVIDIA B200,I64,U32,64,20,1,4,1000000000,1,Yes,,,,,,,,
pfp_bloom_filter_add_unique_size_u32,0,NVIDIA B200,I64,U32,64,20,1,4,1000000000,2,Yes,,,,,,,,
pfp_bloom_filter_add_unique_size_u32,0,NVIDIA B200,I64,U32,64,20,1,4,1000000000,4,Yes,,,,,,,,
pfp_bloom_filter_add_unique_size_u32,0,NVIDIA B200,I64,U32,64,20,1,4,1000000000,8,Yes,,,,,,,,
pfp_bloom_filter_add_unique_size_u32,0,NVIDIA B200,I64,U32,64,20,1,4,1000000000,16,Yes,,,,,,,,
pfp_bloom_filter_add_unique_size_u32,0,NVIDIA B200,I64,U32,64,20,1,4,1000000000,32,Yes,,,,,,,,
pfp_bloom_filter_add_unique_size_u32,0,NVIDIA B200,I64,U32,64,20,1,4,1000000000,64,Yes,,,,,,,,
pfp_bloom_filter_add_unique_size_u32,0,NVIDIA B200,I64,U32,64,20,1,4,1000000000,128,Yes,,,,,,,,
pfp_bloom_filter_add_unique_size_u32,0,NVIDIA B200,I64,U32,64,20,1,4,1000000000,256,Yes,,,,,,,,
pfp_bloom_filter_add_unique_size_u32,0,NVIDIA B200,I64,U32,64,20,1,4,1000000000,512,Yes,,,,,,,,
pfp_bloom_filter_add_unique_size_u32,0,NVIDIA B200,I64,U32,64,20,1,4,1000000000,1024,Yes,,,,,,,,
pfp_bloom_filter_add_unique_size_u32,0,NVIDIA B200,I64,U32,64,20,1,4,1000000000,2048,Yes,,,,,,,,
pfp_bloom_filter_add_unique_size_u32,0,NVIDIA B200,I64,U32,64,20,1,8,1000000000,1,Yes,,,,,,,,
pfp_bloom_filter_add_unique_size_u32,0,NVIDIA B200,I64,U32,64,20,1,8,1000000000,2,Yes,,,,,,,,
pfp_bloom_filter_add_unique_size_u32,0,NVIDIA B200,I64,U32,64,20,1,8,1000000000,4,Yes,,,,,,,,
pfp_bloom_filter_add_unique_size_u32,0,NVIDIA B200,I64,U32,64,20,1,8,1000000000,8,Yes,,,,,,,,
pfp_bloom_filter_add_unique_size_u32,0,NVIDIA B200,I64,U32,64,20,1,8,1000000000,16,Yes,,,,,,,,
pfp_bloom_filter_add_unique_size_u32,0,NVIDIA B200,I64,U32,64,20,1,8,1000000000,32,Yes,,,,,,,,
pfp_bloom_filter_add_unique_size_u32,0,NVIDIA B200,I64,U32,64,20,1,8,1000000000,64,Yes,,,,,,,,
pfp_bloom_filter_add_unique_size_u32,0,NVIDIA B200,I64,U32,64,20,1,8,1000000000,128,Yes,,,,,,,,
pfp_bloom_filter_add_unique_size_u32,0,NVIDIA B200,I64,U32,64,20,1,8,1000000000,256,Yes,,,,,,,,
pfp_bloom_filter_add_unique_size_u32,0,NVIDIA B200,I64,U32,64,20,1,8,1000000000,512,Yes,,,,,,,,
pfp_bloom_filter_add_unique_size_u32,0,NVIDIA B200,I64,U32,64,20,1,8,1000000000,1024,Yes,,,,,,,,
pfp_bloom_filter_add_unique_size_u32,0,NVIDIA B200,I64,U32,64,20,1,8,1000000000,2048,Yes,,,,,,,,
pfp_bloom_filter_add_unique_size_u32,0,NVIDIA B200,I64,U32,64,20,2,1,1000000000,1,No,28,0.018251388750000003,5.640213134248498e-05,0.01823601116452898,3.6384659424918664e-05,54836553398.53643,29,0.018234366449816474
pfp_bloom_filter_add_unique_size_u32,0,NVIDIA B200,I64,U32,64,20,2,1,1000000000,2,No,28,0.01825085478571429,6.460263809199286e-05,0.018235516207558766,4.937873913175862e-05,54838041798.09794,29,0.018234862097378436
pfp_bloom_filter_add_unique_size_u32,0,NVIDIA B200,I64,U32,64,20,2,1,1000000000,4,No,28,0.018251564857142858,5.9589056428476293e-05,0.01823617001942226,4.2980022420197364e-05,54836075718.473755,29,0.018234508448633654
pfp_bloom_filter_add_unique_size_u32,0,NVIDIA B200,I64,U32,64,20,2,1,1000000000,8,No,28,0.01825221767857143,5.626277349612698e-05,0.018236548491886682,4.178950349051937e-05,54834937677.20867,29,0.018234435903614964
pfp_bloom_filter_add_unique_size_u32,0,NVIDIA B200,I64,U32,64,20,2,1,1000000000,16,No,28,0.018252458714285717,0.00010062464087913981,0.01823680107934134,5.341328716996657e-05,54834178189.98973,29,0.01823415598376044
pfp_bloom_filter_add_unique_size_u32,0,NVIDIA B200,I64,U32,64,20,2,1,1000000000,32,No,28,0.018255001892857142,6.438941454244589e-05,0.018239601680210656,4.095023495350495e-05,54825758672.403786,29,0.01823450956673458
pfp_bloom_filter_add_unique_size_u32,0,NVIDIA B200,I64,U32,64,20,2,1,1000000000,64,No,28,0.018266129642857145,9.448151319772972e-05,0.01824991273880005,4.043565309863115e-05,54794782545.669914,29,0.01824072028850687
pfp_bloom_filter_add_unique_size_u32,0,NVIDIA B200,I64,U32,64,20,2,1,1000000000,128,No,22,0.023172850181818184,0.00014053492149942087,0.023156941067088734,0.0001420069535363544,43183596533.88015,23,0.02314386740974758
pfp_bloom_filter_add_unique_size_u32,0,NVIDIA B200,I64,U32,64,20,2,1,1000000000,256,No,16,0.0330081911875,0.00017062214836598228,0.03299161839485168,0.00016377378892205814,30310728865.488132,17,0.0329826182197122
pfp_bloom_filter_add_unique_size_u32,0,NVIDIA B200,I64,U32,64,20,2,1,1000000000,512,No,13,0.040111281923076926,0.00011540459032588115,0.040094562823955834,0.00011927125334649568,24941037626.241848,14,0.04009574181692941
pfp_bloom_filter_add_unique_size_u32,0,NVIDIA B200,I64,U32,64,20,2,1,1000000000,1024,No,12,0.04407320791666666,0.00013371701424962648,0.04405631987253825,0.00012462663320129714,22698219072.6133,13,0.044052541292630705
pfp_bloom_filter_add_unique_size_u32,0,NVIDIA B200,I64,U32,64,20,2,1,1000000000,2048,No,11,0.046105172363636364,0.00018861043584188645,0.0460876333063299,0.00019147718503984107,21697794576.54761,12,0.0460876808166504
pfp_bloom_filter_add_unique_size_u32,0,NVIDIA B200,I64,U32,64,20,2,2,1000000000,1,Yes,,,,,,,,
pfp_bloom_filter_add_unique_size_u32,0,NVIDIA B200,I64,U32,64,20,2,2,1000000000,2,Yes,,,,,,,,
pfp_bloom_filter_add_unique_size_u32,0,NVIDIA B200,I64,U32,64,20,2,2,1000000000,4,Yes,,,,,,,,
pfp_bloom_filter_add_unique_size_u32,0,NVIDIA B200,I64,U32,64,20,2,2,1000000000,8,Yes,,,,,,,,
pfp_bloom_filter_add_unique_size_u32,0,NVIDIA B200,I64,U32,64,20,2,2,1000000000,16,Yes,,,,,,,,
pfp_bloom_filter_add_unique_size_u32,0,NVIDIA B200,I64,U32,64,20,2,2,1000000000,32,Yes,,,,,,,,
pfp_bloom_filter_add_unique_size_u32,0,NVIDIA B200,I64,U32,64,20,2,2,1000000000,64,Yes,,,,,,,,
pfp_bloom_filter_add_unique_size_u32,0,NVIDIA B200,I64,U32,64,20,2,2,1000000000,128,Yes,,,,,,,,
pfp_bloom_filter_add_unique_size_u32,0,NVIDIA B200,I64,U32,64,20,2,2,1000000000,256,Yes,,,,,,,,
pfp_bloom_filter_add_unique_size_u32,0,NVIDIA B200,I64,U32,64,20,2,2,1000000000,512,Yes,,,,,,,,
pfp_bloom_filter_add_unique_size_u32,0,NVIDIA B200,I64,U32,64,20,2,2,1000000000,1024,Yes,,,,,,,,
pfp_bloom_filter_add_unique_size_u32,0,NVIDIA B200,I64,U32,64,20,2,2,1000000000,2048,Yes,,,,,,,,
pfp_bloom_filter_add_unique_size_u32,0,NVIDIA B200,I64,U32,64,20,2,4,1000000000,1,Yes,,,,,,,,
pfp_bloom_filter_add_unique_size_u32,0,NVIDIA B200,I64,U32,64,20,2,4,1000000000,2,Yes,,,,,,,,
pfp_bloom_filter_add_unique_size_u32,0,NVIDIA B200,I64,U32,64,20,2,4,1000000000,4,Yes,,,,,,,,
pfp_bloom_filter_add_unique_size_u32,0,NVIDIA B200,I64,U32,64,20,2,4,1000000000,8,Yes,,,,,,,,
pfp_bloom_filter_add_unique_size_u32,0,NVIDIA B200,I64,U32,64,20,2,4,1000000000,16,Yes,,,,,,,,
pfp_bloom_filter_add_unique_size_u32,0,NVIDIA B200,I64,U32,64,20,2,4,1000000000,32,Yes,,,,,,,,
pfp_bloom_filter_add_unique_size_u32,0,NVIDIA B200,I64,U32,64,20,2,4,1000000000,64,Yes,,,,,,,,
pfp_bloom_filter_add_unique_size_u32,0,NVIDIA B200,I64,U32,64,20,2,4,1000000000,128,Yes,,,,,,,,
pfp_bloom_filter_add_unique_size_u32,0,NVIDIA B200,I64,U32,64,20,2,4,1000000000,256,Yes,,,,,,,,
pfp_bloom_filter_add_unique_size_u32,0,NVIDIA B200,I64,U32,64,20,2,4,1000000000,512,Yes,,,,,,,,
pfp_bloom_filter_add_unique_size_u32,0,NVIDIA B200,I64,U32,64,20,2,4,1000000000,1024,Yes,,,,,,,,
pfp_bloom_filter_add_unique_size_u32,0,NVIDIA B200,I64,U32,64,20,2,4,1000000000,2048,Yes,,,,,,,,
pfp_bloom_filter_add_unique_size_u32,0,NVIDIA B200,I64,U32,64,20,2,8,1000000000,1,Yes,,,,,,,,
pfp_bloom_filter_add_unique_size_u32,0,NVIDIA B200,I64,U32,64,20,2,8,1000000000,2,Yes,,,,,,,,
pfp_bloom_filter_add_unique_size_u32,0,NVIDIA B200,I64,U32,64,20,2,8,1000000000,4,Yes,,,,,,,,
pfp_bloom_filter_add_unique_size_u32,0,NVIDIA B200,I64,U32,64,20,2,8,1000000000,8,Yes,,,,,,,,
pfp_bloom_filter_add_unique_size_u32,0,NVIDIA B200,I64,U32,64,20,2,8,1000000000,16,Yes,,,,,,,,
pfp_bloom_filter_add_unique_size_u32,0,NVIDIA B200,I64,U32,64,20,2,8,1000000000,32,Yes,,,,,,,,
pfp_bloom_filter_add_unique_size_u32,0,NVIDIA B200,I64,U32,64,20,2,8,1000000000,64,Yes,,,,,,,,
pfp_bloom_filter_add_unique_size_u32,0,NVIDIA B200,I64,U32,64,20,2,8,1000000000,128,Yes,,,,,,,,
pfp_bloom_filter_add_unique_size_u32,0,NVIDIA B200,I64,U32,64,20,2,8,1000000000,256,Yes,,,,,,,,
pfp_bloom_filter_add_unique_size_u32,0,NVIDIA B200,I64,U32,64,20,2,8,1000000000,512,Yes,,,,,,,,
pfp_bloom_filter_add_unique_size_u32,0,NVIDIA B200,I64,U32,64,20,2,8,1000000000,1024,Yes,,,,,,,,
pfp_bloom_filter_add_unique_size_u32,0,NVIDIA B200,I64,U32,64,20,2,8,1000000000,2048,Yes,,,,,,,,
pfp_bloom_filter_add_unique_size_u32,0,NVIDIA B200,I64,U32,64,20,4,1,1000000000,1,Yes,,,,,,,,
pfp_bloom_filter_add_unique_size_u32,0,NVIDIA B200,I64,U32,64,20,4,1,1000000000,2,Yes,,,,,,,,
pfp_bloom_filter_add_unique_size_u32,0,NVIDIA B200,I64,U32,64,20,4,1,1000000000,4,Yes,,,,,,,,
pfp_bloom_filter_add_unique_size_u32,0,NVIDIA B200,I64,U32,64,20,4,1,1000000000,8,Yes,,,,,,,,
pfp_bloom_filter_add_unique_size_u32,0,NVIDIA B200,I64,U32,64,20,4,1,1000000000,16,Yes,,,,,,,,
pfp_bloom_filter_add_unique_size_u32,0,NVIDIA B200,I64,U32,64,20,4,1,1000000000,32,Yes,,,,,,,,
pfp_bloom_filter_add_unique_size_u32,0,NVIDIA B200,I64,U32,64,20,4,1,1000000000,64,Yes,,,,,,,,
pfp_bloom_filter_add_unique_size_u32,0,NVIDIA B200,I64,U32,64,20,4,1,1000000000,128,Yes,,,,,,,,
pfp_bloom_filter_add_unique_size_u32,0,NVIDIA B200,I64,U32,64,20,4,1,1000000000,256,Yes,,,,,,,,
pfp_bloom_filter_add_unique_size_u32,0,NVIDIA B200,I64,U32,64,20,4,1,1000000000,512,Yes,,,,,,,,
pfp_bloom_filter_add_unique_size_u32,0,NVIDIA B200,I64,U32,64,20,4,1,1000000000,1024,Yes,,,,,,,,
pfp_bloom_filter_add_unique_size_u32,0,NVIDIA B200,I64,U32,64,20,4,1,1000000000,2048,Yes,,,,,,,,
pfp_bloom_filter_add_unique_size_u32,0,NVIDIA B200,I64,U32,64,20,4,2,1000000000,1,Yes,,,,,,,,
pfp_bloom_filter_add_unique_size_u32,0,NVIDIA B200,I64,U32,64,20,4,2,1000000000,2,Yes,,,,,,,,
pfp_bloom_filter_add_unique_size_u32,0,NVIDIA B200,I64,U32,64,20,4,2,1000000000,4,Yes,,,,,,,,
pfp_bloom_filter_add_unique_size_u32,0,NVIDIA B200,I64,U32,64,20,4,2,1000000000,8,Yes,,,,,,,,
pfp_bloom_filter_add_unique_size_u32,0,NVIDIA B200,I64,U32,64,20,4,2,1000000000,16,Yes,,,,,,,,
pfp_bloom_filter_add_unique_size_u32,0,NVIDIA B200,I64,U32,64,20,4,2,1000000000,32,Yes,,,,,,,,
pfp_bloom_filter_add_unique_size_u32,0,NVIDIA B200,I64,U32,64,20,4,2,1000000000,64,Yes,,,,,,,,
pfp_bloom_filter_add_unique_size_u32,0,NVIDIA B200,I64,U32,64,20,4,2,1000000000,128,Yes,,,,,,,,
pfp_bloom_filter_add_unique_size_u32,0,NVIDIA B200,I64,U32,64,20,4,2,1000000000,256,Yes,,,,,,,,
pfp_bloom_filter_add_unique_size_u32,0,NVIDIA B200,I64,U32,64,20,4,2,1000000000,512,Yes,,,,,,,,
pfp_bloom_filter_add_unique_size_u32,0,NVIDIA B200,I64,U32,64,20,4,2,1000000000,1024,Yes,,,,,,,,
pfp_bloom_filter_add_unique_size_u32,0,NVIDIA B200,I64,U32,64,20,4,2,1000000000,2048,Yes,,,,,,,,
pfp_bloom_filter_add_unique_size_u32,0,NVIDIA B200,I64,U32,64,20,4,4,1000000000,1,Yes,,,,,,,,
pfp_bloom_filter_add_unique_size_u32,0,NVIDIA B200,I64,U32,64,20,4,4,1000000000,2,Yes,,,,,,,,
pfp_bloom_filter_add_unique_size_u32,0,NVIDIA B200,I64,U32,64,20,4,4,1000000000,4,Yes,,,,,,,,
pfp_bloom_filter_add_unique_size_u32,0,NVIDIA B200,I64,U32,64,20,4,4,1000000000,8,Yes,,,,,,,,
pfp_bloom_filter_add_unique_size_u32,0,NVIDIA B200,I64,U32,64,20,4,4,1000000000,16,Yes,,,,,,,,
pfp_bloom_filter_add_unique_size_u32,0,NVIDIA B200,I64,U32,64,20,4,4,1000000000,32,Yes,,,,,,,,
pfp_bloom_filter_add_unique_size_u32,0,NVIDIA B200,I64,U32,64,20,4,4,1000000000,64,Yes,,,,,,,,
pfp_bloom_filter_add_unique_size_u32,0,NVIDIA B200,I64,U32,64,20,4,4,1000000000,128,Yes,,,,,,,,
pfp_bloom_filter_add_unique_size_u32,0,NVIDIA B200,I64,U32,64,20,4,4,1000000000,256,Yes,,,,,,,,
pfp_bloom_filter_add_unique_size_u32,0,NVIDIA B200,I64,U32,64,20,4,4,1000000000,512,Yes,,,,,,,,
pfp_bloom_filter_add_unique_size_u32,0,NVIDIA B200,I64,U32,64,20,4,4,1000000000,1024,Yes,,,,,,,,
pfp_bloom_filter_add_unique_size_u32,0,NVIDIA B200,I64,U32,64,20,4,4,1000000000,2048,Yes,,,,,,,,
pfp_bloom_filter_add_unique_size_u32,0,NVIDIA B200,I64,U32,64,20,4,8,1000000000,1,Yes,,,,,,,,
pfp_bloom_filter_add_unique_size_u32,0,NVIDIA B200,I64,U32,64,20,4,8,1000000000,2,Yes,,,,,,,,
pfp_bloom_filter_add_unique_size_u32,0,NVIDIA B200,I64,U32,64,20,4,8,1000000000,4,Yes,,,,,,,,
pfp_bloom_filter_add_unique_size_u32,0,NVIDIA B200,I64,U32,64,20,4,8,1000000000,8,Yes,,,,,,,,
pfp_bloom_filter_add_unique_size_u32,0,NVIDIA B200,I64,U32,64,20,4,8,1000000000,16,Yes,,,,,,,,
pfp_bloom_filter_add_unique_size_u32,0,NVIDIA B200,I64,U32,64,20,4,8,1000000000,32,Yes,,,,,,,,
pfp_bloom_filter_add_unique_size_u32,0,NVIDIA B200,I64,U32,64,20,4,8,1000000000,64,Yes,,,,,,,,
pfp_bloom_filter_add_unique_size_u32,0,NVIDIA B200,I64,U32,64,20,4,8,1000000000,128,Yes,,,,,,,,
pfp_bloom_filter_add_unique_size_u32,0,NVIDIA B200,I64,U32,64,20,4,8,1000000000,256,Yes,,,,,,,,
pfp_bloom_filter_add_unique_size_u32,0,NVIDIA B200,I64,U32,64,20,4,8,1000000000,512,Yes,,,,,,,,
pfp_bloom_filter_add_unique_size_u32,0,NVIDIA B200,I64,U32,64,20,4,8,1000000000,1024,Yes,,,,,,,,
pfp_bloom_filter_add_unique_size_u32,0,NVIDIA B200,I64,U32,64,20,4,8,1000000000,2048,Yes,,,,,,,,
pfp_bloom_filter_add_unique_size_u32,0,NVIDIA B200,I64,U32,64,20,8,1,1000000000,1,Yes,,,,,,,,
pfp_bloom_filter_add_unique_size_u32,0,NVIDIA B200,I64,U32,64,20,8,1,1000000000,2,Yes,,,,,,,,
pfp_bloom_filter_add_unique_size_u32,0,NVIDIA B200,I64,U32,64,20,8,1,1000000000,4,Yes,,,,,,,,
pfp_bloom_filter_add_unique_size_u32,0,NVIDIA B200,I64,U32,64,20,8,1,1000000000,8,Yes,,,,,,,,
pfp_bloom_filter_add_unique_size_u32,0,NVIDIA B200,I64,U32,64,20,8,1,1000000000,16,Yes,,,,,,,,
pfp_bloom_filter_add_unique_size_u32,0,NVIDIA B200,I64,U32,64,20,8,1,1000000000,32,Yes,,,,,,,,
pfp_bloom_filter_add_unique_size_u32,0,NVIDIA B200,I64,U32,64,20,8,1,1000000000,64,Yes,,,,,,,,
pfp_bloom_filter_add_unique_size_u32,0,NVIDIA B200,I64,U32,64,20,8,1,1000000000,128,Yes,,,,,,,,
pfp_bloom_filter_add_unique_size_u32,0,NVIDIA B200,I64,U32,64,20,8,1,1000000000,256,Yes,,,,,,,,
pfp_bloom_filter_add_unique_size_u32,0,NVIDIA B200,I64,U32,64,20,8,1,1000000000,512,Yes,,,,,,,,
pfp_bloom_filter_add_unique_size_u32,0,NVIDIA B200,I64,U32,64,20,8,1,1000000000,1024,Yes,,,,,,,,
pfp_bloom_filter_add_unique_size_u32,0,NVIDIA B200,I64,U32,64,20,8,1,1000000000,2048,Yes,,,,,,,,
pfp_bloom_filter_add_unique_size_u32,0,NVIDIA B200,I64,U32,64,20,8,2,1000000000,1,Yes,,,,,,,,
pfp_bloom_filter_add_unique_size_u32,0,NVIDIA B200,I64,U32,64,20,8,2,1000000000,2,Yes,,,,,,,,
pfp_bloom_filter_add_unique_size_u32,0,NVIDIA B200,I64,U32,64,20,8,2,1000000000,4,Yes,,,,,,,,
pfp_bloom_filter_add_unique_size_u32,0,NVIDIA B200,I64,U32,64,20,8,2,1000000000,8,Yes,,,,,,,,
pfp_bloom_filter_add_unique_size_u32,0,NVIDIA B200,I64,U32,64,20,8,2,1000000000,16,Yes,,,,,,,,
pfp_bloom_filter_add_unique_size_u32,0,NVIDIA B200,I64,U32,64,20,8,2,1000000000,32,Yes,,,,,,,,
pfp_bloom_filter_add_unique_size_u32,0,NVIDIA B200,I64,U32,64,20,8,2,1000000000,64,Yes,,,,,,,,
pfp_bloom_filter_add_unique_size_u32,0,NVIDIA B200,I64,U32,64,20,8,2,1000000000,128,Yes,,,,,,,,
pfp_bloom_filter_add_unique_size_u32,0,NVIDIA B200,I64,U32,64,20,8,2,1000000000,256,Yes,,,,,,,,
pfp_bloom_filter_add_unique_size_u32,0,NVIDIA B200,I64,U32,64,20,8,2,1000000000,512,Yes,,,,,,,,
pfp_bloom_filter_add_unique_size_u32,0,NVIDIA B200,I64,U32,64,20,8,2,1000000000,1024,Yes,,,,,,,,
pfp_bloom_filter_add_unique_size_u32,0,NVIDIA B200,I64,U32,64,20,8,2,1000000000,2048,Yes,,,,,,,,
pfp_bloom_filter_add_unique_size_u32,0,NVIDIA B200,I64,U32,64,20,8,4,1000000000,1,Yes,,,,,,,,
pfp_bloom_filter_add_unique_size_u32,0,NVIDIA B200,I64,U32,64,20,8,4,1000000000,2,Yes,,,,,,,,
pfp_bloom_filter_add_unique_size_u32,0,NVIDIA B200,I64,U32,64,20,8,4,1000000000,4,Yes,,,,,,,,
pfp_bloom_filter_add_unique_size_u32,0,NVIDIA B200,I64,U32,64,20,8,4,1000000000,8,Yes,,,,,,,,
pfp_bloom_filter_add_unique_size_u32,0,NVIDIA B200,I64,U32,64,20,8,4,1000000000,16,Yes,,,,,,,,
pfp_bloom_filter_add_unique_size_u32,0,NVIDIA B200,I64,U32,64,20,8,4,1000000000,32,Yes,,,,,,,,
pfp_bloom_filter_add_unique_size_u32,0,NVIDIA B200,I64,U32,64,20,8,4,1000000000,64,Yes,,,,,,,,
pfp_bloom_filter_add_unique_size_u32,0,NVIDIA B200,I64,U32,64,20,8,4,1000000000,128,Yes,,,,,,,,
pfp_bloom_filter_add_unique_size_u32,0,NVIDIA B200,I64,U32,64,20,8,4,1000000000,256,Yes,,,,,,,,
pfp_bloom_filter_add_unique_size_u32,0,NVIDIA B200,I64,U32,64,20,8,4,1000000000,512,Yes,,,,,,,,
pfp_bloom_filter_add_unique_size_u32,0,NVIDIA B200,I64,U32,64,20,8,4,1000000000,1024,Yes,,,,,,,,
pfp_bloom_filter_add_unique_size_u32,0,NVIDIA B200,I64,U32,64,20,8,4,1000000000,2048,Yes,,,,,,,,
pfp_bloom_filter_add_unique_size_u32,0,NVIDIA B200,I64,U32,64,20,8,8,1000000000,1,Yes,,,,,,,,
pfp_bloom_filter_add_unique_size_u32,0,NVIDIA B200,I64,U32,64,20,8,8,1000000000,2,Yes,,,,,,,,
pfp_bloom_filter_add_unique_size_u32,0,NVIDIA B200,I64,U32,64,20,8,8,1000000000,4,Yes,,,,,,,,
pfp_bloom_filter_add_unique_size_u32,0,NVIDIA B200,I64,U32,64,20,8,8,1000000000,8,Yes,,,,,,,,
pfp_bloom_filter_add_unique_size_u32,0,NVIDIA B200,I64,U32,64,20,8,8,1000000000,16,Yes,,,,,,,,
pfp_bloom_filter_add_unique_size_u32,0,NVIDIA B200,I64,U32,64,20,8,8,1000000000,32,Yes,,,,,,,,
pfp_bloom_filter_add_unique_size_u32,0,NVIDIA B200,I64,U32,64,20,8,8,1000000000,64,Yes,,,,,,,,
pfp_bloom_filter_add_unique_size_u32,0,NVIDIA B200,I64,U32,64,20,8,8,1000000000,128,Yes,,,,,,,,
pfp_bloom_filter_add_unique_size_u32,0,NVIDIA B200,I64,U32,64,20,8,8,1000000000,256,Yes,,,,,,,,
pfp_bloom_filter_add_unique_size_u32,0,NVIDIA B200,I64,U32,64,20,8,8,1000000000,512,Yes,,,,,,,,
pfp_bloom_filter_add_unique_size_u32,0,NVIDIA B200,I64,U32,64,20,8,8,1000000000,1024,Yes,,,,,,,,
pfp_bloom_filter_add_unique_size_u32,0,NVIDIA B200,I64,U32,64,20,8,8,1000000000,2048,Yes,,,,,,,,
pfp_bloom_filter_add_unique_size_u32,0,NVIDIA B200,I64,U32,128,1,1,1,1000000000,1,No,17,0.029818590411764705,7.166537683125492e-05,0.029802465775433707,6.68033871724845e-05,33554270560.53543,18,0.029801641888088648
pfp_bloom_filter_add_unique_size_u32,0,NVIDIA B200,I64,U32,128,1,1,1,1000000000,2,No,17,0.03095637152941176,0.00014813678087069305,0.03093998123617733,0.00014138429610070734,32320640157.038155,18,0.030938730345831982
pfp_bloom_filter_add_unique_size_u32,0,NVIDIA B200,I64,U32,128,1,1,1,1000000000,4,No,17,0.030016308352941178,0.00016544336446585293,0.029999943228328923,0.00016861606269522882,33333396413.087234,18,0.03000007194942898
pfp_bloom_filter_add_unique_size_u32,0,NVIDIA B200,I64,U32,128,1,1,1,1000000000,8,No,17,0.02959276923529412,6.296656824031267e-05,0.029576133615830363,6.165434599266165e-05,33811045520.323147,18,0.02957356272803413
pfp_bloom_filter_add_unique_size_u32,0,NVIDIA B200,I64,U32,128,1,1,1,1000000000,16,No,17,0.02958669329411765,0.00010049967496182564,0.02957060140721938,0.00010149096123829693,33817371051.36656,18,0.029564871682061084
pfp_bloom_filter_add_unique_size_u32,0,NVIDIA B200,I64,U32,128,1,1,1,1000000000,32,No,17,0.029498323,7.896953408413804e-05,0.0294822000615737,6.998515321566504e-05,33918771255.58797,18,0.0294721958372328
pfp_bloom_filter_add_unique_size_u32,0,NVIDIA B200,I64,U32,128,1,1,1,1000000000,64,No,17,0.029513660411764703,0.00010942985518001834,0.029497464460485127,0.00010185497428188893,33901218911.19158,18,0.029476463211907278
pfp_bloom_filter_add_unique_size_u32,0,NVIDIA B200,I64,U32,128,1,1,1,1000000000,128,No,13,0.04018578,0.00013411846214497004,0.040169004587026755,0.0001241604054348817,24894816545.26651,14,0.04015220642089844
pfp_bloom_filter_add_unique_size_u32,0,NVIDIA B200,I64,U32,128,1,1,1,1000000000,256,No,11,0.04898380427272728,8.369960163040919e-05,0.04896702887795188,8.060206416153898e-05,20421904757.432907,12,0.04895394484202067
pfp_bloom_filter_add_unique_size_u32,0,NVIDIA B200,I64,U32,128,1,1,1,1000000000,512,No,11,0.06394508527272727,2.165432334078402e-05,0.06392664510553533,2.0604580849728255e-05,15642929459.994627,12,0.06392491054534911
pfp_bloom_filter_add_unique_size_u32,0,NVIDIA B200,I64,U32,128,1,1,1,1000000000,1024,No,11,0.07812923409090909,1.4625536600654037e-05,0.07811016152121804,1.6951149014183287e-05,12802431598.203232,12,0.07810859107971192
pfp_bloom_filter_add_unique_size_u32,0,NVIDIA B200,I64,U32,128,1,1,1,1000000000,2048,No,11,0.0854906211818182,1.8633227021567455e-05,0.0854706733010032,1.8062466324596282e-05,11699919532.379097,12,0.08546969413757323
pfp_bloom_filter_add_unique_size_u32,0,NVIDIA B200,I64,U32,128,1,1,2,1000000000,1,No,17,0.029819991588235294,0.0001097675790436332,0.029803762996897975,9.67942520218099e-05,33552810096.633827,18,0.02980357297261556
pfp_bloom_filter_add_unique_size_u32,0,NVIDIA B200,I64,U32,128,1,1,2,1000000000,2,No,17,0.030955555529411767,0.00014397342688932888,0.030939075806561633,0.00013620037984259691,32321586018.02571,18,0.03093896420796712
pfp_bloom_filter_add_unique_size_u32,0,NVIDIA B200,I64,U32,128,1,1,2,1000000000,4,No,17,0.030017241705882353,0.00015216475939660006,0.030000673742855297,0.00013761573076963507,33332584746.972607,18,0.029997739368014864
pfp_bloom_filter_add_unique_size_u32,0,NVIDIA B200,I64,U32,128,1,1,2,1000000000,8,No,17,0.02959458329411765,9.805994967016838e-05,0.02957772041769588,8.675910751429353e-05,33809231606.696636,18,0.02957311937544081
pfp_bloom_filter_add_unique_size_u32,0,NVIDIA B200,I64,U32,128,1,1,2,1000000000,16,No,17,0.029586244529411766,0.0001135148672373475,0.029570015963386088,0.00010546841662018301,33818040586.72849,18,0.02956504185994466
pfp_bloom_filter_add_unique_size_u32,0,NVIDIA B200,I64,U32,128,1,1,2,1000000000,32,No,17,0.02949899282352942,8.762445183121159e-05,0.029482642678653487,8.59969374976089e-05,33918262039.787792,18,0.02947071880764431
pfp_bloom_filter_add_unique_size_u32,0,NVIDIA B200,I64,U32,128,1,1,2,1000000000,64,No,17,0.029515199117647054,9.888961322111021e-05,0.029498917411355418,9.127201471845779e-05,33899549127.69295,18,0.029476751539442275
pfp_bloom_filter_add_unique_size_u32,0,NVIDIA B200,I64,U32,128,1,1,2,1000000000,128,No,13,0.04018762484615384,0.0001007671895243822,0.040170897263746994,0.0001010689156551793,24893643610.556576,14,0.04015109280177526
pfp_bloom_filter_add_unique_size_u32,0,NVIDIA B200,I64,U32,128,1,1,2,1000000000,256,No,11,0.04898085763636364,6.354381987854159e-05,0.04896386649391868,7.496016279830683e-05,20423223728.138386,12,0.048954627672831215
pfp_bloom_filter_add_unique_size_u32,0,NVIDIA B200,I64,U32,128,1,1,2,1000000000,512,No,11,0.06394577436363637,2.5490372554631884e-05,0.06392757589166814,1.7677277521041626e-05,15642701698.788061,12,0.06392559146881104
pfp_bloom_filter_add_unique_size_u32,0,NVIDIA B200,I64,U32,128,1,1,2,1000000000,1024,No,11,0.07812922445454545,2.0591577601324236e-05,0.07810989102450284,1.628864514634715e-05,12802475933.378307,12,0.07810901196797689
pfp_bloom_filter_add_unique_size_u32,0,NVIDIA B200,I64,U32,128,1,1,2,1000000000,2048,No,11,0.08548826090909091,1.5092256872313348e-05,0.0854689046686346,1.4271489785291529e-05,11700161642.143757,12,0.0854686819712321
pfp_bloom_filter_add_unique_size_u32,0,NVIDIA B200,I64,U32,128,1,1,4,1000000000,1,No,17,0.02981967329411764,9.531191922507604e-05,0.029803454343010394,8.810698178245136e-05,33553157580.02137,18,0.029803064876132546
pfp_bloom_filter_add_unique_size_u32,0,NVIDIA B200,I64,U32,128,1,1,4,1000000000,2,No,17,0.030956657941176472,0.0001405565130284405,0.03094052124023438,0.00015027148647640367,32320076065.804016,18,0.030937360657585993
pfp_bloom_filter_add_unique_size_u32,0,NVIDIA B200,I64,U32,128,1,1,4,1000000000,4,No,17,0.030018255058823533,0.00019639540143495134,0.0300019349490895,0.00018676281770223412,33331183528.559315,18,0.030000809987386065
pfp_bloom_filter_add_unique_size_u32,0,NVIDIA B200,I64,U32,128,1,1,4,1000000000,8,No,17,0.02959378152941176,0.00010896459909713905,0.02957754550260656,0.00010970437586968763,33809431547.0455,18,0.02957169818878174
pfp_bloom_filter_add_unique_size_u32,0,NVIDIA B200,I64,U32,128,1,1,4,1000000000,16,No,17,0.02958702617647059,0.00012341902117179069,0.029570951461791985,0.00012716552649813631,33816970728.59084,18,0.02956600824991862
pfp_bloom_filter_add_unique_size_u32,0,NVIDIA B200,I64,U32,128,1,1,4,1000000000,32,No,17,0.029498659176470588,9.263326208821585e-05,0.029482467426973226,9.123462260497822e-05,33918463659.018906,18,0.0294722990459866
pfp_bloom_filter_add_unique_size_u32,0,NVIDIA B200,I64,U32,128,1,1,4,1000000000,64,No,17,0.029515813823529413,0.0001063721864231333,0.02949927689047421,0.00010472296128997105,33899136026.717865,18,0.029478001276652017
pfp_bloom_filter_add_unique_size_u32,0,NVIDIA B200,I64,U32,128,1,1,4,1000000000,128,No,13,0.04018831876923076,0.00013920782312344082,0.04017128577599158,0.0001308132247260164,24893402854.375435,14,0.04015182522365025
pfp_bloom_filter_add_unique_size_u32,0,NVIDIA B200,I64,U32,128,1,1,4,1000000000,256,No,11,0.04898115945454546,8.120002424108124e-05,0.04896386302601208,8.213912194952358e-05,20423225174.630306,12,0.04895189348856608
pfp_bloom_filter_add_unique_size_u32,0,NVIDIA B200,I64,U32,128,1,1,4,1000000000,512,No,11,0.06394634327272729,2.0975841769179146e-05,0.06392813457142223,1.5724526055123237e-05,15642564994.333961,12,0.06392644278208416
pfp_bloom_filter_add_unique_size_u32,0,NVIDIA B200,I64,U32,128,1,1,4,1000000000,1024,No,11,0.07813108436363637,2.968618435015116e-05,0.07811147516424007,1.8482956475668074e-05,12802216292.770853,12,0.07810900370279947
pfp_bloom_filter_add_unique_size_u32,0,NVIDIA B200,I64,U32,128,1,1,4,1000000000,2048,No,11,0.08548861354545455,1.95903146541034e-05,0.085469463001598,1.7834486811629486e-05,11700085210.331827,12,0.08546968460083008
pfp_bloom_filter_add_unique_size_u32,0,NVIDIA B200,I64,U32,128,1,1,8,1000000000,1,Yes,,,,,,,,
pfp_bloom_filter_add_unique_size_u32,0,NVIDIA B200,I64,U32,128,1,1,8,1000000000,2,Yes,,,,,,,,
pfp_bloom_filter_add_unique_size_u32,0,NVIDIA B200,I64,U32,128,1,1,8,1000000000,4,Yes,,,,,,,,
pfp_bloom_filter_add_unique_size_u32,0,NVIDIA B200,I64,U32,128,1,1,8,1000000000,8,Yes,,,,,,,,
pfp_bloom_filter_add_unique_size_u32,0,NVIDIA B200,I64,U32,128,1,1,8,1000000000,16,Yes,,,,,,,,
pfp_bloom_filter_add_unique_size_u32,0,NVIDIA B200,I64,U32,128,1,1,8,1000000000,32,Yes,,,,,,,,
pfp_bloom_filter_add_unique_size_u32,0,NVIDIA B200,I64,U32,128,1,1,8,1000000000,64,Yes,,,,,,,,
pfp_bloom_filter_add_unique_size_u32,0,NVIDIA B200,I64,U32,128,1,1,8,1000000000,128,Yes,,,,,,,,
pfp_bloom_filter_add_unique_size_u32,0,NVIDIA B200,I64,U32,128,1,1,8,1000000000,256,Yes,,,,,,,,
pfp_bloom_filter_add_unique_size_u32,0,NVIDIA B200,I64,U32,128,1,1,8,1000000000,512,Yes,,,,,,,,
pfp_bloom_filter_add_unique_size_u32,0,NVIDIA B200,I64,U32,128,1,1,8,1000000000,1024,Yes,,,,,,,,
pfp_bloom_filter_add_unique_size_u32,0,NVIDIA B200,I64,U32,128,1,1,8,1000000000,2048,Yes,,,,,,,,
pfp_bloom_filter_add_unique_size_u32,0,NVIDIA B200,I64,U32,128,1,2,1,1000000000,1,No,33,0.01531029775757576,0.00013271245479206398,0.01529478798490582,8.877669893073042e-05,65381749716.75867,34,0.015294162525850183
pfp_bloom_filter_add_unique_size_u32,0,NVIDIA B200,I64,U32,128,1,2,1,1000000000,2,No,32,0.0158900619375,0.00020171979519757326,0.01587486192584038,0.00017487496901688262,62992673868.378365,33,0.015873427882339013
pfp_bloom_filter_add_unique_size_u32,0,NVIDIA B200,I64,U32,128,1,2,1,1000000000,4,No,33,0.01542402990909091,0.00019940851604900413,0.015408577803409458,0.00017773039490035322,64898916224.35977,34,0.015406741871553309
pfp_bloom_filter_add_unique_size_u32,0,NVIDIA B200,I64,U32,128,1,2,1,1000000000,8,No,33,0.015206169575757579,0.00011620784203251261,0.015190700531005864,0.00011391233143994079,65829748796.56747,34,0.015187155330882352
pfp_bloom_filter_add_unique_size_u32,0,NVIDIA B200,I64,U32,128,1,2,1,1000000000,16,No,33,0.015202036575757576,0.00015620633703326533,0.0151868024594856,0.000127422563386616,65846645643.00072,34,0.015180197323069852
pfp_bloom_filter_add_unique_size_u32,0,NVIDIA B200,I64,U32,128,1,2,1,1000000000,32,No,34,0.015151823499999998,0.00012603103578127473,0.015136523274814387,9.426667036364041e-05,66065369295.46409,35,0.015125036675589426
pfp_bloom_filter_add_unique_size_u32,0,NVIDIA B200,I64,U32,128,1,2,1,1000000000,64,No,33,0.015178258454545457,0.00011004726625288087,0.015163207718820283,0.00011381012402918869,65949106451.8505,34,0.015134117575252756
pfp_bloom_filter_add_unique_size_u32,0,NVIDIA B200,I64,U32,128,1,2,1,1000000000,128,No,18,0.028501685777777785,8.894450434700878e-05,0.028485804451836485,8.193327400969123e-05,35105204828.98035,19,0.02846838609795821
pfp_bloom_filter_add_unique_size_u32,0,NVIDIA B200,I64,U32,128,1,2,1,1000000000,256,No,13,0.039067340538461545,0.00016738095053054383,0.03905051128680889,0.0001556052696640459,25607859335.1938,14,0.03903948811122349
pfp_bloom_filter_add_unique_size_u32,0,NVIDIA B200,I64,U32,128,1,2,1,1000000000,512,No,12,0.044995846166666666,0.00020305035091031237,0.044978507041931154,0.0001965368282547849,22232841100.47831,13,0.04497132227971004
pfp_bloom_filter_add_unique_size_u32,0,NVIDIA B200,I64,U32,128,1,2,1,1000000000,1024,No,11,0.047924759363636375,0.0001848952896606084,0.04790774085304954,0.0001889011529421759,20873453479.41502,12,0.04789828077952068
pfp_bloom_filter_add_unique_size_u32,0,NVIDIA B200,I64,U32,128,1,2,1,1000000000,2048,No,11,0.049425271181818185,0.00017517163969915623,0.049408279418945315,0.00017205698238727485,20239522844.35462,12,0.04940535418192546
pfp_bloom_filter_add_unique_size_u32,0,NVIDIA B200,I64,U32,128,1,2,2,1000000000,1,No,33,0.01531036172727273,0.00013861792097005538,0.015295168934446393,0.00011235462883799126,65380121284.4332,34,0.015293801700367649
pfp_bloom_filter_add_unique_size_u32,0,NVIDIA B200,I64,U32,128,1,2,2,1000000000,2,No,32,0.01589027884375,0.00013894870074583819,0.015874722927808765,0.00011182372004704749,62993225428.094635,33,0.01587293035333807
pfp_bloom_filter_add_unique_size_u32,0,NVIDIA B200,I64,U32,128,1,2,2,1000000000,4,No,33,0.015424518242424244,0.0001759763960672055,0.01540916648055568,0.00014307206653420743,64896436887.865875,34,0.015405718635110295
pfp_bloom_filter_add_unique_size_u32,0,NVIDIA B200,I64,U32,128,1,2,2,1000000000,8,No,33,0.015206214939393942,0.000126257696644443,0.015190998221888687,0.00010650396140010903,65828458761.788376,34,0.015187327665441175
pfp_bloom_filter_add_unique_size_u32,0,NVIDIA B200,I64,U32,128,1,2,2,1000000000,16,No,33,0.015201643818181816,0.0001108115909937942,0.015186486302000106,0.00010034042993836527,65848016461.07546,34,0.015181127211626837
pfp_bloom_filter_add_unique_size_u32,0,NVIDIA B200,I64,U32,128,1,2,2,1000000000,32,No,34,0.015151829676470592,0.00015112147150197247,0.015136437556322886,0.00011982462133809898,66065743427.341255,35,0.015124773352486746
pfp_bloom_filter_add_unique_size_u32,0,NVIDIA B200,I64,U32,128,1,2,2,1000000000,64,No,33,0.015178445212121212,0.00010048500135220864,0.015162961381854434,8.472979653931742e-05,65950177858.83853,34,0.015134449678308825
pfp_bloom_filter_add_unique_size_u32,0,NVIDIA B200,I64,U32,128,1,2,2,1000000000,128,No,18,0.02850368744444445,0.00013121370254472967,0.02848705588446723,0.00012448433789970554,35103662661.93401,19,0.028469032789531508
pfp_bloom_filter_add_unique_size_u32,0,NVIDIA B200,I64,U32,128,1,2,2,1000000000,256,No,13,0.03906420123076923,0.00025432611484667647,0.039047483004056485,0.0002465566199533582,25609845323.34937,14,0.03903912190028599
pfp_bloom_filter_add_unique_size_u32,0,NVIDIA B200,I64,U32,128,1,2,2,1000000000,512,No,12,0.045003020250000005,0.0002310849264136806,0.04498585605621338,0.00022897729248530388,22229209081.85944,13,0.0449731313265287
pfp_bloom_filter_add_unique_size_u32,0,NVIDIA B200,I64,U32,128,1,2,2,1000000000,1024,No,11,0.04792815381818182,0.00014271238738609545,0.047910818620161576,0.0001457206142812619,20872112579.165688,12,0.047901014645894364
pfp_bloom_filter_add_unique_size_u32,0,NVIDIA B200,I64,U32,128,1,2,2,1000000000,2048,No,11,0.04942751945454546,0.0001778670428389034,0.04940975397283381,0.00017954893586171462,20238918828.655052,12,0.04940542443593343
pfp_bloom_filter_add_unique_size_u32,0,NVIDIA B200,I64,U32,128,1,2,4,1000000000,1,Yes,,,,,,,,
pfp_bloom_filter_add_unique_size_u32,0,NVIDIA B200,I64,U32,128,1,2,4,1000000000,2,Yes,,,,,,,,
pfp_bloom_filter_add_unique_size_u32,0,NVIDIA B200,I64,U32,128,1,2,4,1000000000,4,Yes,,,,,,,,
pfp_bloom_filter_add_unique_size_u32,0,NVIDIA B200,I64,U32,128,1,2,4,1000000000,8,Yes,,,,,,,,
pfp_bloom_filter_add_unique_size_u32,0,NVIDIA B200,I64,U32,128,1,2,4,1000000000,16,Yes,,,,,,,,
pfp_bloom_filter_add_unique_size_u32,0,NVIDIA B200,I64,U32,128,1,2,4,1000000000,32,Yes,,,,,,,,
pfp_bloom_filter_add_unique_size_u32,0,NVIDIA B200,I64,U32,128,1,2,4,1000000000,64,Yes,,,,,,,,
pfp_bloom_filter_add_unique_size_u32,0,NVIDIA B200,I64,U32,128,1,2,4,1000000000,128,Yes,,,,,,,,
pfp_bloom_filter_add_unique_size_u32,0,NVIDIA B200,I64,U32,128,1,2,4,1000000000,256,Yes,,,,,,,,
pfp_bloom_filter_add_unique_size_u32,0,NVIDIA B200,I64,U32,128,1,2,4,1000000000,512,Yes,,,,,,,,
pfp_bloom_filter_add_unique_size_u32,0,NVIDIA B200,I64,U32,128,1,2,4,1000000000,1024,Yes,,,,,,,,
pfp_bloom_filter_add_unique_size_u32,0,NVIDIA B200,I64,U32,128,1,2,4,1000000000,2048,Yes,,,,,,,,
pfp_bloom_filter_add_unique_size_u32,0,NVIDIA B200,I64,U32,128,1,2,8,1000000000,1,Yes,,,,,,,,
pfp_bloom_filter_add_unique_size_u32,0,NVIDIA B200,I64,U32,128,1,2,8,1000000000,2,Yes,,,,,,,,
pfp_bloom_filter_add_unique_size_u32,0,NVIDIA B200,I64,U32,128,1,2,8,1000000000,4,Yes,,,,,,,,
pfp_bloom_filter_add_unique_size_u32,0,NVIDIA B200,I64,U32,128,1,2,8,1000000000,8,Yes,,,,,,,,
pfp_bloom_filter_add_unique_size_u32,0,NVIDIA B200,I64,U32,128,1,2,8,1000000000,16,Yes,,,,,,,,
pfp_bloom_filter_add_unique_size_u32,0,NVIDIA B200,I64,U32,128,1,2,8,1000000000,32,Yes,,,,,,,,
pfp_bloom_filter_add_unique_size_u32,0,NVIDIA B200,I64,U32,128,1,2,8,1000000000,64,Yes,,,,,,,,
pfp_bloom_filter_add_unique_size_u32,0,NVIDIA B200,I64,U32,128,1,2,8,1000000000,128,Yes,,,,,,,,
pfp_bloom_filter_add_unique_size_u32,0,NVIDIA B200,I64,U32,128,1,2,8,1000000000,256,Yes,,,,,,,,
pfp_bloom_filter_add_unique_size_u32,0,NVIDIA B200,I64,U32,128,1,2,8,1000000000,512,Yes,,,,,,,,
pfp_bloom_filter_add_unique_size_u32,0,NVIDIA B200,I64,U32,128,1,2,8,1000000000,1024,Yes,,,,,,,,
pfp_bloom_filter_add_unique_size_u32,0,NVIDIA B200,I64,U32,128,1,2,8,1000000000,2048,Yes,,,,,,,,
pfp_bloom_filter_add_unique_size_u32,0,NVIDIA B200,I64,U32,128,1,4,1,1000000000,1,No,43,0.01174030858139535,0.00013158446213717715,0.011725334322729777,8.593533234549671e-05,85285414682.07704,44,0.011722822709517045
pfp_bloom_filter_add_unique_size_u32,0,NVIDIA B200,I64,U32,128,1,4,1,1000000000,2,No,43,0.011740973534883722,0.00012497299793012219,0.01172591264857802,7.358669479457385e-05,85281208377.52174,44,0.011723194469105113
pfp_bloom_filter_add_unique_size_u32,0,NVIDIA B200,I64,U32,128,1,4,1,1000000000,4,No,43,0.011740744162790697,8.619910915878949e-05,0.011725925977839977,8.044828423147944e-05,85281111435.44922,44,0.011723218050870027
pfp_bloom_filter_add_unique_size_u32,0,NVIDIA B200,I64,U32,128,1,4,1,1000000000,8,No,43,0.011742246906976745,9.736969920163653e-05,0.01172720132872115,7.360168534716213e-05,85271836985.59814,44,0.011722937844016335
pfp_bloom_filter_add_unique_size_u32,0,NVIDIA B200,I64,U32,128,1,4,1,1000000000,16,No,43,0.011743364767441861,9.121465082849724e-05,0.011728554437326831,7.090948948166097e-05,85261999280.78432,44,0.01172328602183949
pfp_bloom_filter_add_unique_size_u32,0,NVIDIA B200,I64,U32,128,1,4,1,1000000000,32,No,43,0.01174625288372093,0.00010485070935958019,0.01173124311136645,8.17701432242446e-05,85242458152.71664,44,0.011723030783913352
pfp_bloom_filter_add_unique_size_u32,0,NVIDIA B200,I64,U32,128,1,4,1,1000000000,64,No,42,0.012053354928571432,0.00011583893378533252,0.01203839928763253,8.861918332035148e-05,83067522193.53075,43,0.01202492789335029
pfp_bloom_filter_add_unique_size_u32,0,NVIDIA B200,I64,U32,128,1,4,1,1000000000,128,No,22,0.02313390854545455,0.00014221915072734512,0.0231179216558283,0.0001284705007958795,43256483644.492676,23,0.023105618932972784
pfp_bloom_filter_add_unique_size_u32,0,NVIDIA B200,I64,U32,128,1,4,1,1000000000,256,No,16,0.032996673,0.00016195899191463967,0.032980227947235104,0.00015928848192365883,30321197342.841137,17,0.032971952326157516
pfp_bloom_filter_add_unique_size_u32,0,NVIDIA B200,I64,U32,128,1,4,1,1000000000,512,No,13,0.04013346653846154,0.00014592075862700267,0.04011661588228666,0.00014538153229136437,24927326944.383316,14,0.040116806302751815
pfp_bloom_filter_add_unique_size_u32,0,NVIDIA B200,I64,U32,128,1,4,1,1000000000,1024,No,12,0.044114818,0.00014270315551255945,0.04409762414296468,0.00014881980173702775,22676958666.933983,13,0.044093755281888525
pfp_bloom_filter_add_unique_size_u32,0,NVIDIA B200,I64,U32,128,1,4,1,1000000000,2048,No,11,0.046158637,0.00016484868677641885,0.046141812411221596,0.00016406788394240265,21672317313.58697,12,0.04614152495066325
pfp_bloom_filter_add_unique_size_u32,0,NVIDIA B200,I64,U32,128,1,4,2,1000000000,1,Yes,,,,,,,,
pfp_bloom_filter_add_unique_size_u32,0,NVIDIA B200,I64,U32,128,1,4,2,1000000000,2,Yes,,,,,,,,
pfp_bloom_filter_add_unique_size_u32,0,NVIDIA B200,I64,U32,128,1,4,2,1000000000,4,Yes,,,,,,,,
pfp_bloom_filter_add_unique_size_u32,0,NVIDIA B200,I64,U32,128,1,4,2,1000000000,8,Yes,,,,,,,,
pfp_bloom_filter_add_unique_size_u32,0,NVIDIA B200,I64,U32,128,1,4,2,1000000000,16,Yes,,,,,,,,
pfp_bloom_filter_add_unique_size_u32,0,NVIDIA B200,I64,U32,128,1,4,2,1000000000,32,Yes,,,,,,,,
pfp_bloom_filter_add_unique_size_u32,0,NVIDIA B200,I64,U32,128,1,4,2,1000000000,64,Yes,,,,,,,,
pfp_bloom_filter_add_unique_size_u32,0,NVIDIA B200,I64,U32,128,1,4,2,1000000000,128,Yes,,,,,,,,
pfp_bloom_filter_add_unique_size_u32,0,NVIDIA B200,I64,U32,128,1,4,2,1000000000,256,Yes,,,,,,,,
pfp_bloom_filter_add_unique_size_u32,0,NVIDIA B200,I64,U32,128,1,4,2,1000000000,512,Yes,,,,,,,,
pfp_bloom_filter_add_unique_size_u32,0,NVIDIA B200,I64,U32,128,1,4,2,1000000000,1024,Yes,,,,,,,,
pfp_bloom_filter_add_unique_size_u32,0,NVIDIA B200,I64,U32,128,1,4,2,1000000000,2048,Yes,,,,,,,,
pfp_bloom_filter_add_unique_size_u32,0,NVIDIA B200,I64,U32,128,1,4,4,1000000000,1,Yes,,,,,,,,
pfp_bloom_filter_add_unique_size_u32,0,NVIDIA B200,I64,U32,128,1,4,4,1000000000,2,Yes,,,,,,,,
pfp_bloom_filter_add_unique_size_u32,0,NVIDIA B200,I64,U32,128,1,4,4,1000000000,4,Yes,,,,,,,,
pfp_bloom_filter_add_unique_size_u32,0,NVIDIA B200,I64,U32,128,1,4,4,1000000000,8,Yes,,,,,,,,
pfp_bloom_filter_add_unique_size_u32,0,NVIDIA B200,I64,U32,128,1,4,4,1000000000,16,Yes,,,,,,,,
pfp_bloom_filter_add_unique_size_u32,0,NVIDIA B200,I64,U32,128,1,4,4,1000000000,32,Yes,,,,,,,,
pfp_bloom_filter_add_unique_size_u32,0,NVIDIA B200,I64,U32,128,1,4,4,1000000000,64,Yes,,,,,,,,
pfp_bloom_filter_add_unique_size_u32,0,NVIDIA B200,I64,U32,128,1,4,4,1000000000,128,Yes,,,,,,,,
pfp_bloom_filter_add_unique_size_u32,0,NVIDIA B200,I64,U32,128,1,4,4,1000000000,256,Yes,,,,,,,,
pfp_bloom_filter_add_unique_size_u32,0,NVIDIA B200,I64,U32,128,1,4,4,1000000000,512,Yes,,,,,,,,
pfp_bloom_filter_add_unique_size_u32,0,NVIDIA B200,I64,U32,128,1,4,4,1000000000,1024,Yes,,,,,,,,
pfp_bloom_filter_add_unique_size_u32,0,NVIDIA B200,I64,U32,128,1,4,4,1000000000,2048,Yes,,,,,,,,
pfp_bloom_filter_add_unique_size_u32,0,NVIDIA B200,I64,U32,128,1,4,8,1000000000,1,Yes,,,,,,,,
pfp_bloom_filter_add_unique_size_u32,0,NVIDIA B200,I64,U32,128,1,4,8,1000000000,2,Yes,,,,,,,,
pfp_bloom_filter_add_unique_size_u32,0,NVIDIA B200,I64,U32,128,1,4,8,1000000000,4,Yes,,,,,,,,
pfp_bloom_filter_add_unique_size_u32,0,NVIDIA B200,I64,U32,128,1,4,8,1000000000,8,Yes,,,,,,,,
pfp_bloom_filter_add_unique_size_u32,0,NVIDIA B200,I64,U32,128,1,4,8,1000000000,16,Yes,,,,,,,,
pfp_bloom_filter_add_unique_size_u32,0,NVIDIA B200,I64,U32,128,1,4,8,1000000000,32,Yes,,,,,,,,
pfp_bloom_filter_add_unique_size_u32,0,NVIDIA B200,I64,U32,128,1,4,8,1000000000,64,Yes,,,,,,,,
pfp_bloom_filter_add_unique_size_u32,0,NVIDIA B200,I64,U32,128,1,4,8,1000000000,128,Yes,,,,,,,,
pfp_bloom_filter_add_unique_size_u32,0,NVIDIA B200,I64,U32,128,1,4,8,1000000000,256,Yes,,,,,,,,
pfp_bloom_filter_add_unique_size_u32,0,NVIDIA B200,I64,U32,128,1,4,8,1000000000,512,Yes,,,,,,,,
pfp_bloom_filter_add_unique_size_u32,0,NVIDIA B200,I64,U32,128,1,4,8,1000000000,1024,Yes,,,,,,,,
pfp_bloom_filter_add_unique_size_u32,0,NVIDIA B200,I64,U32,128,1,4,8,1000000000,2048,Yes,,,,,,,,
pfp_bloom_filter_add_unique_size_u32,0,NVIDIA B200,I64,U32,128,1,8,1,1000000000,1,Yes,,,,,,,,
pfp_bloom_filter_add_unique_size_u32,0,NVIDIA B200,I64,U32,128,1,8,1,1000000000,2,Yes,,,,,,,,
pfp_bloom_filter_add_unique_size_u32,0,NVIDIA B200,I64,U32,128,1,8,1,1000000000,4,Yes,,,,,,,,
pfp_bloom_filter_add_unique_size_u32,0,NVIDIA B200,I64,U32,128,1,8,1,1000000000,8,Yes,,,,,,,,
pfp_bloom_filter_add_unique_size_u32,0,NVIDIA B200,I64,U32,128,1,8,1,1000000000,16,Yes,,,,,,,,
pfp_bloom_filter_add_unique_size_u32,0,NVIDIA B200,I64,U32,128,1,8,1,1000000000,32,Yes,,,,,,,,
pfp_bloom_filter_add_unique_size_u32,0,NVIDIA B200,I64,U32,128,1,8,1,1000000000,64,Yes,,,,,,,,
pfp_bloom_filter_add_unique_size_u32,0,NVIDIA B200,I64,U32,128,1,8,1,1000000000,128,Yes,,,,,,,,
pfp_bloom_filter_add_unique_size_u32,0,NVIDIA B200,I64,U32,128,1,8,1,1000000000,256,Yes,,,,,,,,
pfp_bloom_filter_add_unique_size_u32,0,NVIDIA B200,I64,U32,128,1,8,1,1000000000,512,Yes,,,,,,,,
pfp_bloom_filter_add_unique_size_u32,0,NVIDIA B200,I64,U32,128,1,8,1,1000000000,1024,Yes,,,,,,,,
pfp_bloom_filter_add_unique_size_u32,0,NVIDIA B200,I64,U32,128,1,8,1,1000000000,2048,Yes,,,,,,,,
pfp_bloom_filter_add_unique_size_u32,0,NVIDIA B200,I64,U32,128,1,8,2,1000000000,1,Yes,,,,,,,,
pfp_bloom_filter_add_unique_size_u32,0,NVIDIA B200,I64,U32,128,1,8,2,1000000000,2,Yes,,,,,,,,
pfp_bloom_filter_add_unique_size_u32,0,NVIDIA B200,I64,U32,128,1,8,2,1000000000,4,Yes,,,,,,,,
pfp_bloom_filter_add_unique_size_u32,0,NVIDIA B200,I64,U32,128,1,8,2,1000000000,8,Yes,,,,,,,,
pfp_bloom_filter_add_unique_size_u32,0,NVIDIA B200,I64,U32,128,1,8,2,1000000000,16,Yes,,,,,,,,
pfp_bloom_filter_add_unique_size_u32,0,NVIDIA B200,I64,U32,128,1,8,2,1000000000,32,Yes,,,,,,,,
pfp_bloom_filter_add_unique_size_u32,0,NVIDIA B200,I64,U32,128,1,8,2,1000000000,64,Yes,,,,,,,,
pfp_bloom_filter_add_unique_size_u32,0,NVIDIA B200,I64,U32,128,1,8,2,1000000000,128,Yes,,,,,,,,
pfp_bloom_filter_add_unique_size_u32,0,NVIDIA B200,I64,U32,128,1,8,2,1000000000,256,Yes,,,,,,,,
pfp_bloom_filter_add_unique_size_u32,0,NVIDIA B200,I64,U32,128,1,8,2,1000000000,512,Yes,,,,,,,,
pfp_bloom_filter_add_unique_size_u32,0,NVIDIA B200,I64,U32,128,1,8,2,1000000000,1024,Yes,,,,,,,,
pfp_bloom_filter_add_unique_size_u32,0,NVIDIA B200,I64,U32,128,1,8,2,1000000000,2048,Yes,,,,,,,,
pfp_bloom_filter_add_unique_size_u32,0,NVIDIA B200,I64,U32,128,1,8,4,1000000000,1,Yes,,,,,,,,
pfp_bloom_filter_add_unique_size_u32,0,NVIDIA B200,I64,U32,128,1,8,4,1000000000,2,Yes,,,,,,,,
pfp_bloom_filter_add_unique_size_u32,0,NVIDIA B200,I64,U32,128,1,8,4,1000000000,4,Yes,,,,,,,,
pfp_bloom_filter_add_unique_size_u32,0,NVIDIA B200,I64,U32,128,1,8,4,1000000000,8,Yes,,,,,,,,
pfp_bloom_filter_add_unique_size_u32,0,NVIDIA B200,I64,U32,128,1,8,4,1000000000,16,Yes,,,,,,,,
pfp_bloom_filter_add_unique_size_u32,0,NVIDIA B200,I64,U32,128,1,8,4,1000000000,32,Yes,,,,,,,,
pfp_bloom_filter_add_unique_size_u32,0,NVIDIA B200,I64,U32,128,1,8,4,1000000000,64,Yes,,,,,,,,
pfp_bloom_filter_add_unique_size_u32,0,NVIDIA B200,I64,U32,128,1,8,4,1000000000,128,Yes,,,,,,,,
pfp_bloom_filter_add_unique_size_u32,0,NVIDIA B200,I64,U32,128,1,8,4,1000000000,256,Yes,,,,,,,,
pfp_bloom_filter_add_unique_size_u32,0,NVIDIA B200,I64,U32,128,1,8,4,1000000000,512,Yes,,,,,,,,
pfp_bloom_filter_add_unique_size_u32,0,NVIDIA B200,I64,U32,128,1,8,4,1000000000,1024,Yes,,,,,,,,
pfp_bloom_filter_add_unique_size_u32,0,NVIDIA B200,I64,U32,128,1,8,4,1000000000,2048,Yes,,,,,,,,
pfp_bloom_filter_add_unique_size_u32,0,NVIDIA B200,I64,U32,128,1,8,8,1000000000,1,Yes,,,,,,,,
pfp_bloom_filter_add_unique_size_u32,0,NVIDIA B200,I64,U32,128,1,8,8,1000000000,2,Yes,,,,,,,,
pfp_bloom_filter_add_unique_size_u32,0,NVIDIA B200,I64,U32,128,1,8,8,1000000000,4,Yes,,,,,,,,
pfp_bloom_filter_add_unique_size_u32,0,NVIDIA B200,I64,U32,128,1,8,8,1000000000,8,Yes,,,,,,,,
pfp_bloom_filter_add_unique_size_u32,0,NVIDIA B200,I64,U32,128,1,8,8,1000000000,16,Yes,,,,,,,,
pfp_bloom_filter_add_unique_size_u32,0,NVIDIA B200,I64,U32,128,1,8,8,1000000000,32,Yes,,,,,,,,
pfp_bloom_filter_add_unique_size_u32,0,NVIDIA B200,I64,U32,128,1,8,8,1000000000,64,Yes,,,,,,,,
pfp_bloom_filter_add_unique_size_u32,0,NVIDIA B200,I64,U32,128,1,8,8,1000000000,128,Yes,,,,,,,,
pfp_bloom_filter_add_unique_size_u32,0,NVIDIA B200,I64,U32,128,1,8,8,1000000000,256,Yes,,,,,,,,
pfp_bloom_filter_add_unique_size_u32,0,NVIDIA B200,I64,U32,128,1,8,8,1000000000,512,Yes,,,,,,,,
pfp_bloom_filter_add_unique_size_u32,0,NVIDIA B200,I64,U32,128,1,8,8,1000000000,1024,Yes,,,,,,,,
pfp_bloom_filter_add_unique_size_u32,0,NVIDIA B200,I64,U32,128,1,8,8,1000000000,2048,Yes,,,,,,,,
pfp_bloom_filter_add_unique_size_u32,0,NVIDIA B200,I64,U32,128,20,1,1,1000000000,1,Yes,,,,,,,,
pfp_bloom_filter_add_unique_size_u32,0,NVIDIA B200,I64,U32,128,20,1,1,1000000000,2,Yes,,,,,,,,
pfp_bloom_filter_add_unique_size_u32,0,NVIDIA B200,I64,U32,128,20,1,1,1000000000,4,Yes,,,,,,,,
pfp_bloom_filter_add_unique_size_u32,0,NVIDIA B200,I64,U32,128,20,1,1,1000000000,8,Yes,,,,,,,,
pfp_bloom_filter_add_unique_size_u32,0,NVIDIA B200,I64,U32,128,20,1,1,1000000000,16,Yes,,,,,,,,
pfp_bloom_filter_add_unique_size_u32,0,NVIDIA B200,I64,U32,128,20,1,1,1000000000,32,Yes,,,,,,,,
pfp_bloom_filter_add_unique_size_u32,0,NVIDIA B200,I64,U32,128,20,1,1,1000000000,64,Yes,,,,,,,,
pfp_bloom_filter_add_unique_size_u32,0,NVIDIA B200,I64,U32,128,20,1,1,1000000000,128,Yes,,,,,,,,
pfp_bloom_filter_add_unique_size_u32,0,NVIDIA B200,I64,U32,128,20,1,1,1000000000,256,Yes,,,,,,,,
pfp_bloom_filter_add_unique_size_u32,0,NVIDIA B200,I64,U32,128,20,1,1,1000000000,512,Yes,,,,,,,,
pfp_bloom_filter_add_unique_size_u32,0,NVIDIA B200,I64,U32,128,20,1,1,1000000000,1024,Yes,,,,,,,,
pfp_bloom_filter_add_unique_size_u32,0,NVIDIA B200,I64,U32,128,20,1,1,1000000000,2048,Yes,,,,,,,,
pfp_bloom_filter_add_unique_size_u32,0,NVIDIA B200,I64,U32,128,20,1,2,1000000000,1,Yes,,,,,,,,
pfp_bloom_filter_add_unique_size_u32,0,NVIDIA B200,I64,U32,128,20,1,2,1000000000,2,Yes,,,,,,,,
pfp_bloom_filter_add_unique_size_u32,0,NVIDIA B200,I64,U32,128,20,1,2,1000000000,4,Yes,,,,,,,,
pfp_bloom_filter_add_unique_size_u32,0,NVIDIA B200,I64,U32,128,20,1,2,1000000000,8,Yes,,,,,,,,
pfp_bloom_filter_add_unique_size_u32,0,NVIDIA B200,I64,U32,128,20,1,2,1000000000,16,Yes,,,,,,,,
pfp_bloom_filter_add_unique_size_u32,0,NVIDIA B200,I64,U32,128,20,1,2,1000000000,32,Yes,,,,,,,,
pfp_bloom_filter_add_unique_size_u32,0,NVIDIA B200,I64,U32,128,20,1,2,1000000000,64,Yes,,,,,,,,
pfp_bloom_filter_add_unique_size_u32,0,NVIDIA B200,I64,U32,128,20,1,2,1000000000,128,Yes,,,,,,,,
pfp_bloom_filter_add_unique_size_u32,0,NVIDIA B200,I64,U32,128,20,1,2,1000000000,256,Yes,,,,,,,,
pfp_bloom_filter_add_unique_size_u32,0,NVIDIA B200,I64,U32,128,20,1,2,1000000000,512,Yes,,,,,,,,
pfp_bloom_filter_add_unique_size_u32,0,NVIDIA B200,I64,U32,128,20,1,2,1000000000,1024,Yes,,,,,,,,
pfp_bloom_filter_add_unique_size_u32,0,NVIDIA B200,I64,U32,128,20,1,2,1000000000,2048,Yes,,,,,,,,
pfp_bloom_filter_add_unique_size_u32,0,NVIDIA B200,I64,U32,128,20,1,4,1000000000,1,Yes,,,,,,,,
pfp_bloom_filter_add_unique_size_u32,0,NVIDIA B200,I64,U32,128,20,1,4,1000000000,2,Yes,,,,,,,,
pfp_bloom_filter_add_unique_size_u32,0,NVIDIA B200,I64,U32,128,20,1,4,1000000000,4,Yes,,,,,,,,
pfp_bloom_filter_add_unique_size_u32,0,NVIDIA B200,I64,U32,128,20,1,4,1000000000,8,Yes,,,,,,,,
pfp_bloom_filter_add_unique_size_u32,0,NVIDIA B200,I64,U32,128,20,1,4,1000000000,16,Yes,,,,,,,,
pfp_bloom_filter_add_unique_size_u32,0,NVIDIA B200,I64,U32,128,20,1,4,1000000000,32,Yes,,,,,,,,
pfp_bloom_filter_add_unique_size_u32,0,NVIDIA B200,I64,U32,128,20,1,4,1000000000,64,Yes,,,,,,,,
pfp_bloom_filter_add_unique_size_u32,0,NVIDIA B200,I64,U32,128,20,1,4,1000000000,128,Yes,,,,,,,,
pfp_bloom_filter_add_unique_size_u32,0,NVIDIA B200,I64,U32,128,20,1,4,1000000000,256,Yes,,,,,,,,
pfp_bloom_filter_add_unique_size_u32,0,NVIDIA B200,I64,U32,128,20,1,4,1000000000,512,Yes,,,,,,,,
pfp_bloom_filter_add_unique_size_u32,0,NVIDIA B200,I64,U32,128,20,1,4,1000000000,1024,Yes,,,,,,,,
pfp_bloom_filter_add_unique_size_u32,0,NVIDIA B200,I64,U32,128,20,1,4,1000000000,2048,Yes,,,,,,,,
pfp_bloom_filter_add_unique_size_u32,0,NVIDIA B200,I64,U32,128,20,1,8,1000000000,1,Yes,,,,,,,,
pfp_bloom_filter_add_unique_size_u32,0,NVIDIA B200,I64,U32,128,20,1,8,1000000000,2,Yes,,,,,,,,
pfp_bloom_filter_add_unique_size_u32,0,NVIDIA B200,I64,U32,128,20,1,8,1000000000,4,Yes,,,,,,,,
pfp_bloom_filter_add_unique_size_u32,0,NVIDIA B200,I64,U32,128,20,1,8,1000000000,8,Yes,,,,,,,,
pfp_bloom_filter_add_unique_size_u32,0,NVIDIA B200,I64,U32,128,20,1,8,1000000000,16,Yes,,,,,,,,
pfp_bloom_filter_add_unique_size_u32,0,NVIDIA B200,I64,U32,128,20,1,8,1000000000,32,Yes,,,,,,,,
pfp_bloom_filter_add_unique_size_u32,0,NVIDIA B200,I64,U32,128,20,1,8,1000000000,64,Yes,,,,,,,,
pfp_bloom_filter_add_unique_size_u32,0,NVIDIA B200,I64,U32,128,20,1,8,1000000000,128,Yes,,,,,,,,
pfp_bloom_filter_add_unique_size_u32,0,NVIDIA B200,I64,U32,128,20,1,8,1000000000,256,Yes,,,,,,,,
pfp_bloom_filter_add_unique_size_u32,0,NVIDIA B200,I64,U32,128,20,1,8,1000000000,512,Yes,,,,,,,,
pfp_bloom_filter_add_unique_size_u32,0,NVIDIA B200,I64,U32,128,20,1,8,1000000000,1024,Yes,,,,,,,,
pfp_bloom_filter_add_unique_size_u32,0,NVIDIA B200,I64,U32,128,20,1,8,1000000000,2048,Yes,,,,,,,,
pfp_bloom_filter_add_unique_size_u32,0,NVIDIA B200,I64,U32,128,20,2,1,1000000000,1,Yes,,,,,,,,
pfp_bloom_filter_add_unique_size_u32,0,NVIDIA B200,I64,U32,128,20,2,1,1000000000,2,Yes,,,,,,,,
pfp_bloom_filter_add_unique_size_u32,0,NVIDIA B200,I64,U32,128,20,2,1,1000000000,4,Yes,,,,,,,,
pfp_bloom_filter_add_unique_size_u32,0,NVIDIA B200,I64,U32,128,20,2,1,1000000000,8,Yes,,,,,,,,
pfp_bloom_filter_add_unique_size_u32,0,NVIDIA B200,I64,U32,128,20,2,1,1000000000,16,Yes,,,,,,,,
pfp_bloom_filter_add_unique_size_u32,0,NVIDIA B200,I64,U32,128,20,2,1,1000000000,32,Yes,,,,,,,,
pfp_bloom_filter_add_unique_size_u32,0,NVIDIA B200,I64,U32,128,20,2,1,1000000000,64,Yes,,,,,,,,
pfp_bloom_filter_add_unique_size_u32,0,NVIDIA B200,I64,U32,128,20,2,1,1000000000,128,Yes,,,,,,,,
pfp_bloom_filter_add_unique_size_u32,0,NVIDIA B200,I64,U32,128,20,2,1,1000000000,256,Yes,,,,,,,,
pfp_bloom_filter_add_unique_size_u32,0,NVIDIA B200,I64,U32,128,20,2,1,1000000000,512,Yes,,,,,,,,
pfp_bloom_filter_add_unique_size_u32,0,NVIDIA B200,I64,U32,128,20,2,1,1000000000,1024,Yes,,,,,,,,
pfp_bloom_filter_add_unique_size_u32,0,NVIDIA B200,I64,U32,128,20,2,1,1000000000,2048,Yes,,,,,,,,
pfp_bloom_filter_add_unique_size_u32,0,NVIDIA B200,I64,U32,128,20,2,2,1000000000,1,Yes,,,,,,,,
pfp_bloom_filter_add_unique_size_u32,0,NVIDIA B200,I64,U32,128,20,2,2,1000000000,2,Yes,,,,,,,,
pfp_bloom_filter_add_unique_size_u32,0,NVIDIA B200,I64,U32,128,20,2,2,1000000000,4,Yes,,,,,,,,
pfp_bloom_filter_add_unique_size_u32,0,NVIDIA B200,I64,U32,128,20,2,2,1000000000,8,Yes,,,,,,,,
pfp_bloom_filter_add_unique_size_u32,0,NVIDIA B200,I64,U32,128,20,2,2,1000000000,16,Yes,,,,,,,,
pfp_bloom_filter_add_unique_size_u32,0,NVIDIA B200,I64,U32,128,20,2,2,1000000000,32,Yes,,,,,,,,
pfp_bloom_filter_add_unique_size_u32,0,NVIDIA B200,I64,U32,128,20,2,2,1000000000,64,Yes,,,,,,,,
pfp_bloom_filter_add_unique_size_u32,0,NVIDIA B200,I64,U32,128,20,2,2,1000000000,128,Yes,,,,,,,,
pfp_bloom_filter_add_unique_size_u32,0,NVIDIA B200,I64,U32,128,20,2,2,1000000000,256,Yes,,,,,,,,
pfp_bloom_filter_add_unique_size_u32,0,NVIDIA B200,I64,U32,128,20,2,2,1000000000,512,Yes,,,,,,,,
pfp_bloom_filter_add_unique_size_u32,0,NVIDIA B200,I64,U32,128,20,2,2,1000000000,1024,Yes,,,,,,,,
pfp_bloom_filter_add_unique_size_u32,0,NVIDIA B200,I64,U32,128,20,2,2,1000000000,2048,Yes,,,,,,,,
pfp_bloom_filter_add_unique_size_u32,0,NVIDIA B200,I64,U32,128,20,2,4,1000000000,1,Yes,,,,,,,,
pfp_bloom_filter_add_unique_size_u32,0,NVIDIA B200,I64,U32,128,20,2,4,1000000000,2,Yes,,,,,,,,
pfp_bloom_filter_add_unique_size_u32,0,NVIDIA B200,I64,U32,128,20,2,4,1000000000,4,Yes,,,,,,,,
pfp_bloom_filter_add_unique_size_u32,0,NVIDIA B200,I64,U32,128,20,2,4,1000000000,8,Yes,,,,,,,,
pfp_bloom_filter_add_unique_size_u32,0,NVIDIA B200,I64,U32,128,20,2,4,1000000000,16,Yes,,,,,,,,
pfp_bloom_filter_add_unique_size_u32,0,NVIDIA B200,I64,U32,128,20,2,4,1000000000,32,Yes,,,,,,,,
pfp_bloom_filter_add_unique_size_u32,0,NVIDIA B200,I64,U32,128,20,2,4,1000000000,64,Yes,,,,,,,,
pfp_bloom_filter_add_unique_size_u32,0,NVIDIA B200,I64,U32,128,20,2,4,1000000000,128,Yes,,,,,,,,
pfp_bloom_filter_add_unique_size_u32,0,NVIDIA B200,I64,U32,128,20,2,4,1000000000,256,Yes,,,,,,,,
pfp_bloom_filter_add_unique_size_u32,0,NVIDIA B200,I64,U32,128,20,2,4,1000000000,512,Yes,,,,,,,,
pfp_bloom_filter_add_unique_size_u32,0,NVIDIA B200,I64,U32,128,20,2,4,1000000000,1024,Yes,,,,,,,,
pfp_bloom_filter_add_unique_size_u32,0,NVIDIA B200,I64,U32,128,20,2,4,1000000000,2048,Yes,,,,,,,,
pfp_bloom_filter_add_unique_size_u32,0,NVIDIA B200,I64,U32,128,20,2,8,1000000000,1,Yes,,,,,,,,
pfp_bloom_filter_add_unique_size_u32,0,NVIDIA B200,I64,U32,128,20,2,8,1000000000,2,Yes,,,,,,,,
pfp_bloom_filter_add_unique_size_u32,0,NVIDIA B200,I64,U32,128,20,2,8,1000000000,4,Yes,,,,,,,,
pfp_bloom_filter_add_unique_size_u32,0,NVIDIA B200,I64,U32,128,20,2,8,1000000000,8,Yes,,,,,,,,
pfp_bloom_filter_add_unique_size_u32,0,NVIDIA B200,I64,U32,128,20,2,8,1000000000,16,Yes,,,,,,,,
pfp_bloom_filter_add_unique_size_u32,0,NVIDIA B200,I64,U32,128,20,2,8,1000000000,32,Yes,,,,,,,,
pfp_bloom_filter_add_unique_size_u32,0,NVIDIA B200,I64,U32,128,20,2,8,1000000000,64,Yes,,,,,,,,
pfp_bloom_filter_add_unique_size_u32,0,NVIDIA B200,I64,U32,128,20,2,8,1000000000,128,Yes,,,,,,,,
pfp_bloom_filter_add_unique_size_u32,0,NVIDIA B200,I64,U32,128,20,2,8,1000000000,256,Yes,,,,,,,,
pfp_bloom_filter_add_unique_size_u32,0,NVIDIA B200,I64,U32,128,20,2,8,1000000000,512,Yes,,,,,,,,
pfp_bloom_filter_add_unique_size_u32,0,NVIDIA B200,I64,U32,128,20,2,8,1000000000,1024,Yes,,,,,,,,
pfp_bloom_filter_add_unique_size_u32,0,NVIDIA B200,I64,U32,128,20,2,8,1000000000,2048,Yes,,,,,,,,
pfp_bloom_filter_add_unique_size_u32,0,NVIDIA B200,I64,U32,128,20,4,1,1000000000,1,Yes,,,,,,,,
pfp_bloom_filter_add_unique_size_u32,0,NVIDIA B200,I64,U32,128,20,4,1,1000000000,2,Yes,,,,,,,,
pfp_bloom_filter_add_unique_size_u32,0,NVIDIA B200,I64,U32,128,20,4,1,1000000000,4,Yes,,,,,,,,
pfp_bloom_filter_add_unique_size_u32,0,NVIDIA B200,I64,U32,128,20,4,1,1000000000,8,Yes,,,,,,,,
pfp_bloom_filter_add_unique_size_u32,0,NVIDIA B200,I64,U32,128,20,4,1,1000000000,16,Yes,,,,,,,,
pfp_bloom_filter_add_unique_size_u32,0,NVIDIA B200,I64,U32,128,20,4,1,1000000000,32,Yes,,,,,,,,
pfp_bloom_filter_add_unique_size_u32,0,NVIDIA B200,I64,U32,128,20,4,1,1000000000,64,Yes,,,,,,,,
pfp_bloom_filter_add_unique_size_u32,0,NVIDIA B200,I64,U32,128,20,4,1,1000000000,128,Yes,,,,,,,,
pfp_bloom_filter_add_unique_size_u32,0,NVIDIA B200,I64,U32,128,20,4,1,1000000000,256,Yes,,,,,,,,
pfp_bloom_filter_add_unique_size_u32,0,NVIDIA B200,I64,U32,128,20,4,1,1000000000,512,Yes,,,,,,,,
pfp_bloom_filter_add_unique_size_u32,0,NVIDIA B200,I64,U32,128,20,4,1,1000000000,1024,Yes,,,,,,,,
pfp_bloom_filter_add_unique_size_u32,0,NVIDIA B200,I64,U32,128,20,4,1,1000000000,2048,Yes,,,,,,,,
pfp_bloom_filter_add_unique_size_u32,0,NVIDIA B200,I64,U32,128,20,4,2,1000000000,1,Yes,,,,,,,,
pfp_bloom_filter_add_unique_size_u32,0,NVIDIA B200,I64,U32,128,20,4,2,1000000000,2,Yes,,,,,,,,
pfp_bloom_filter_add_unique_size_u32,0,NVIDIA B200,I64,U32,128,20,4,2,1000000000,4,Yes,,,,,,,,
pfp_bloom_filter_add_unique_size_u32,0,NVIDIA B200,I64,U32,128,20,4,2,1000000000,8,Yes,,,,,,,,
pfp_bloom_filter_add_unique_size_u32,0,NVIDIA B200,I64,U32,128,20,4,2,1000000000,16,Yes,,,,,,,,
pfp_bloom_filter_add_unique_size_u32,0,NVIDIA B200,I64,U32,128,20,4,2,1000000000,32,Yes,,,,,,,,
pfp_bloom_filter_add_unique_size_u32,0,NVIDIA B200,I64,U32,128,20,4,2,1000000000,64,Yes,,,,,,,,
pfp_bloom_filter_add_unique_size_u32,0,NVIDIA B200,I64,U32,128,20,4,2,1000000000,128,Yes,,,,,,,,
pfp_bloom_filter_add_unique_size_u32,0,NVIDIA B200,I64,U32,128,20,4,2,1000000000,256,Yes,,,,,,,,
pfp_bloom_filter_add_unique_size_u32,0,NVIDIA B200,I64,U32,128,20,4,2,1000000000,512,Yes,,,,,,,,
pfp_bloom_filter_add_unique_size_u32,0,NVIDIA B200,I64,U32,128,20,4,2,1000000000,1024,Yes,,,,,,,,
pfp_bloom_filter_add_unique_size_u32,0,NVIDIA B200,I64,U32,128,20,4,2,1000000000,2048,Yes,,,,,,,,
pfp_bloom_filter_add_unique_size_u32,0,NVIDIA B200,I64,U32,128,20,4,4,1000000000,1,Yes,,,,,,,,
pfp_bloom_filter_add_unique_size_u32,0,NVIDIA B200,I64,U32,128,20,4,4,1000000000,2,Yes,,,,,,,,
pfp_bloom_filter_add_unique_size_u32,0,NVIDIA B200,I64,U32,128,20,4,4,1000000000,4,Yes,,,,,,,,
pfp_bloom_filter_add_unique_size_u32,0,NVIDIA B200,I64,U32,128,20,4,4,1000000000,8,Yes,,,,,,,,
pfp_bloom_filter_add_unique_size_u32,0,NVIDIA B200,I64,U32,128,20,4,4,1000000000,16,Yes,,,,,,,,
pfp_bloom_filter_add_unique_size_u32,0,NVIDIA B200,I64,U32,128,20,4,4,1000000000,32,Yes,,,,,,,,
pfp_bloom_filter_add_unique_size_u32,0,NVIDIA B200,I64,U32,128,20,4,4,1000000000,64,Yes,,,,,,,,
pfp_bloom_filter_add_unique_size_u32,0,NVIDIA B200,I64,U32,128,20,4,4,1000000000,128,Yes,,,,,,,,
pfp_bloom_filter_add_unique_size_u32,0,NVIDIA B200,I64,U32,128,20,4,4,1000000000,256,Yes,,,,,,,,
pfp_bloom_filter_add_unique_size_u32,0,NVIDIA B200,I64,U32,128,20,4,4,1000000000,512,Yes,,,,,,,,
pfp_bloom_filter_add_unique_size_u32,0,NVIDIA B200,I64,U32,128,20,4,4,1000000000,1024,Yes,,,,,,,,
pfp_bloom_filter_add_unique_size_u32,0,NVIDIA B200,I64,U32,128,20,4,4,1000000000,2048,Yes,,,,,,,,
pfp_bloom_filter_add_unique_size_u32,0,NVIDIA B200,I64,U32,128,20,4,8,1000000000,1,Yes,,,,,,,,
pfp_bloom_filter_add_unique_size_u32,0,NVIDIA B200,I64,U32,128,20,4,8,1000000000,2,Yes,,,,,,,,
pfp_bloom_filter_add_unique_size_u32,0,NVIDIA B200,I64,U32,128,20,4,8,1000000000,4,Yes,,,,,,,,
pfp_bloom_filter_add_unique_size_u32,0,NVIDIA B200,I64,U32,128,20,4,8,1000000000,8,Yes,,,,,,,,
pfp_bloom_filter_add_unique_size_u32,0,NVIDIA B200,I64,U32,128,20,4,8,1000000000,16,Yes,,,,,,,,
pfp_bloom_filter_add_unique_size_u32,0,NVIDIA B200,I64,U32,128,20,4,8,1000000000,32,Yes,,,,,,,,
pfp_bloom_filter_add_unique_size_u32,0,NVIDIA B200,I64,U32,128,20,4,8,1000000000,64,Yes,,,,,,,,
pfp_bloom_filter_add_unique_size_u32,0,NVIDIA B200,I64,U32,128,20,4,8,1000000000,128,Yes,,,,,,,,
pfp_bloom_filter_add_unique_size_u32,0,NVIDIA B200,I64,U32,128,20,4,8,1000000000,256,Yes,,,,,,,,
pfp_bloom_filter_add_unique_size_u32,0,NVIDIA B200,I64,U32,128,20,4,8,1000000000,512,Yes,,,,,,,,
pfp_bloom_filter_add_unique_size_u32,0,NVIDIA B200,I64,U32,128,20,4,8,1000000000,1024,Yes,,,,,,,,
pfp_bloom_filter_add_unique_size_u32,0,NVIDIA B200,I64,U32,128,20,4,8,1000000000,2048,Yes,,,,,,,,
pfp_bloom_filter_add_unique_size_u32,0,NVIDIA B200,I64,U32,128,20,8,1,1000000000,1,Yes,,,,,,,,
pfp_bloom_filter_add_unique_size_u32,0,NVIDIA B200,I64,U32,128,20,8,1,1000000000,2,Yes,,,,,,,,
pfp_bloom_filter_add_unique_size_u32,0,NVIDIA B200,I64,U32,128,20,8,1,1000000000,4,Yes,,,,,,,,
pfp_bloom_filter_add_unique_size_u32,0,NVIDIA B200,I64,U32,128,20,8,1,1000000000,8,Yes,,,,,,,,
pfp_bloom_filter_add_unique_size_u32,0,NVIDIA B200,I64,U32,128,20,8,1,1000000000,16,Yes,,,,,,,,
pfp_bloom_filter_add_unique_size_u32,0,NVIDIA B200,I64,U32,128,20,8,1,1000000000,32,Yes,,,,,,,,
pfp_bloom_filter_add_unique_size_u32,0,NVIDIA B200,I64,U32,128,20,8,1,1000000000,64,Yes,,,,,,,,
pfp_bloom_filter_add_unique_size_u32,0,NVIDIA B200,I64,U32,128,20,8,1,1000000000,128,Yes,,,,,,,,
pfp_bloom_filter_add_unique_size_u32,0,NVIDIA B200,I64,U32,128,20,8,1,1000000000,256,Yes,,,,,,,,
pfp_bloom_filter_add_unique_size_u32,0,NVIDIA B200,I64,U32,128,20,8,1,1000000000,512,Yes,,,,,,,,
pfp_bloom_filter_add_unique_size_u32,0,NVIDIA B200,I64,U32,128,20,8,1,1000000000,1024,Yes,,,,,,,,
pfp_bloom_filter_add_unique_size_u32,0,NVIDIA B200,I64,U32,128,20,8,1,1000000000,2048,Yes,,,,,,,,
pfp_bloom_filter_add_unique_size_u32,0,NVIDIA B200,I64,U32,128,20,8,2,1000000000,1,Yes,,,,,,,,
pfp_bloom_filter_add_unique_size_u32,0,NVIDIA B200,I64,U32,128,20,8,2,1000000000,2,Yes,,,,,,,,
pfp_bloom_filter_add_unique_size_u32,0,NVIDIA B200,I64,U32,128,20,8,2,1000000000,4,Yes,,,,,,,,
pfp_bloom_filter_add_unique_size_u32,0,NVIDIA B200,I64,U32,128,20,8,2,1000000000,8,Yes,,,,,,,,
pfp_bloom_filter_add_unique_size_u32,0,NVIDIA B200,I64,U32,128,20,8,2,1000000000,16,Yes,,,,,,,,
pfp_bloom_filter_add_unique_size_u32,0,NVIDIA B200,I64,U32,128,20,8,2,1000000000,32,Yes,,,,,,,,
pfp_bloom_filter_add_unique_size_u32,0,NVIDIA B200,I64,U32,128,20,8,2,1000000000,64,Yes,,,,,,,,
pfp_bloom_filter_add_unique_size_u32,0,NVIDIA B200,I64,U32,128,20,8,2,1000000000,128,Yes,,,,,,,,
pfp_bloom_filter_add_unique_size_u32,0,NVIDIA B200,I64,U32,128,20,8,2,1000000000,256,Yes,,,,,,,,
pfp_bloom_filter_add_unique_size_u32,0,NVIDIA B200,I64,U32,128,20,8,2,1000000000,512,Yes,,,,,,,,
pfp_bloom_filter_add_unique_size_u32,0,NVIDIA B200,I64,U32,128,20,8,2,1000000000,1024,Yes,,,,,,,,
pfp_bloom_filter_add_unique_size_u32,0,NVIDIA B200,I64,U32,128,20,8,2,1000000000,2048,Yes,,,,,,,,
pfp_bloom_filter_add_unique_size_u32,0,NVIDIA B200,I64,U32,128,20,8,4,1000000000,1,Yes,,,,,,,,
pfp_bloom_filter_add_unique_size_u32,0,NVIDIA B200,I64,U32,128,20,8,4,1000000000,2,Yes,,,,,,,,
pfp_bloom_filter_add_unique_size_u32,0,NVIDIA B200,I64,U32,128,20,8,4,1000000000,4,Yes,,,,,,,,
pfp_bloom_filter_add_unique_size_u32,0,NVIDIA B200,I64,U32,128,20,8,4,1000000000,8,Yes,,,,,,,,
pfp_bloom_filter_add_unique_size_u32,0,NVIDIA B200,I64,U32,128,20,8,4,1000000000,16,Yes,,,,,,,,
pfp_bloom_filter_add_unique_size_u32,0,NVIDIA B200,I64,U32,128,20,8,4,1000000000,32,Yes,,,,,,,,
pfp_bloom_filter_add_unique_size_u32,0,NVIDIA B200,I64,U32,128,20,8,4,1000000000,64,Yes,,,,,,,,
pfp_bloom_filter_add_unique_size_u32,0,NVIDIA B200,I64,U32,128,20,8,4,1000000000,128,Yes,,,,,,,,
pfp_bloom_filter_add_unique_size_u32,0,NVIDIA B200,I64,U32,128,20,8,4,1000000000,256,Yes,,,,,,,,
pfp_bloom_filter_add_unique_size_u32,0,NVIDIA B200,I64,U32,128,20,8,4,1000000000,512,Yes,,,,,,,,
pfp_bloom_filter_add_unique_size_u32,0,NVIDIA B200,I64,U32,128,20,8,4,1000000000,1024,Yes,,,,,,,,
pfp_bloom_filter_add_unique_size_u32,0,NVIDIA B200,I64,U32,128,20,8,4,1000000000,2048,Yes,,,,,,,,
pfp_bloom_filter_add_unique_size_u32,0,NVIDIA B200,I64,U32,128,20,8,8,1000000000,1,Yes,,,,,,,,
pfp_bloom_filter_add_unique_size_u32,0,NVIDIA B200,I64,U32,128,20,8,8,1000000000,2,Yes,,,,,,,,
pfp_bloom_filter_add_unique_size_u32,0,NVIDIA B200,I64,U32,128,20,8,8,1000000000,4,Yes,,,,,,,,
pfp_bloom_filter_add_unique_size_u32,0,NVIDIA B200,I64,U32,128,20,8,8,1000000000,8,Yes,,,,,,,,
pfp_bloom_filter_add_unique_size_u32,0,NVIDIA B200,I64,U32,128,20,8,8,1000000000,16,Yes,,,,,,,,
pfp_bloom_filter_add_unique_size_u32,0,NVIDIA B200,I64,U32,128,20,8,8,1000000000,32,Yes,,,,,,,,
pfp_bloom_filter_add_unique_size_u32,0,NVIDIA B200,I64,U32,128,20,8,8,1000000000,64,Yes,,,,,,,,
pfp_bloom_filter_add_unique_size_u32,0,NVIDIA B200,I64,U32,128,20,8,8,1000000000,128,Yes,,,,,,,,
pfp_bloom_filter_add_unique_size_u32,0,NVIDIA B200,I64,U32,128,20,8,8,1000000000,256,Yes,,,,,,,,
pfp_bloom_filter_add_unique_size_u32,0,NVIDIA B200,I64,U32,128,20,8,8,1000000000,512,Yes,,,,,,,,
pfp_bloom_filter_add_unique_size_u32,0,NVIDIA B200,I64,U32,128,20,8,8,1000000000,1024,Yes,,,,,,,,
pfp_bloom_filter_add_unique_size_u32,0,NVIDIA B200,I64,U32,128,20,8,8,1000000000,2048,Yes,,,,,,,,
pfp_bloom_filter_add_unique_size_u32,0,NVIDIA B200,I64,U32,256,1,1,1,1000000000,1,No,11,0.059094965727272734,7.977842057777831e-05,0.05907688452980735,8.317773032289556e-05,16927094378.09721,12,0.05907891432444254
pfp_bloom_filter_add_unique_size_u32,0,NVIDIA B200,I64,U32,256,1,1,1,1000000000,2,No,11,0.061237997090909095,0.00013018779862872902,0.06122003173828125,0.00012839256352694642,16334522730.648865,12,0.06121993096669515
pfp_bloom_filter_add_unique_size_u32,0,NVIDIA B200,I64,U32,256,1,1,1,1000000000,4,No,11,0.05930117063636364,0.00013543391068232387,0.05928327005559748,0.00013304862630396578,16868165319.864653,12,0.0592772299448649
pfp_bloom_filter_add_unique_size_u32,0,NVIDIA B200,I64,U32,256,1,1,1,1000000000,8,No,11,0.05857865081818182,0.00014475379718768158,0.05856051705100319,0.00014247893772187975,17076351957.907948,12,0.0585562432607015
pfp_bloom_filter_add_unique_size_u32,0,NVIDIA B200,I64,U32,256,1,1,1,1000000000,16,No,11,0.05858150890909091,9.050032994743723e-05,0.05856349355524237,8.480535296538771e-05,17075484048.039413,12,0.05855744075775146
pfp_bloom_filter_add_unique_size_u32,0,NVIDIA B200,I64,U32,256,1,1,1,1000000000,32,No,11,0.05845880000000001,9.354570011974075e-05,0.0584400582747026,8.23240729582382e-05,17111550356.425257,12,0.058432341257731134
pfp_bloom_filter_add_unique_size_u32,0,NVIDIA B200,I64,U32,256,1,1,1,1000000000,64,No,11,0.05847517800000001,9.85043154240103e-05,0.05845736694335937,9.17232274548113e-05,17106483789.612385,12,0.05844053395589192
pfp_bloom_filter_add_unique_size_u32,0,NVIDIA B200,I64,U32,256,1,1,1,1000000000,128,No,11,0.06469517154545455,0.0001097658901502424,0.06467639853737571,0.00011293055152070174,15461590666.989784,12,0.06465860303243001
pfp_bloom_filter_add_unique_size_u32,0,NVIDIA B200,I64,U32,256,1,1,1,1000000000,256,No,11,0.07551355127272728,6.627504497103628e-05,0.07549467884410511,6.536717951895241e-05,13245966673.558258,12,0.07548535537719726
pfp_bloom_filter_add_unique_size_u32,0,NVIDIA B200,I64,U32,256,1,1,1,1000000000,512,No,11,0.1269941984545455,1.0484896581769077e-05,0.12697460313276812,9.032377844197852e-06,7875590671.895014,12,0.1269729296366374
pfp_bloom_filter_add_unique_size_u32,0,NVIDIA B200,I64,U32,256,1,1,1,1000000000,1024,No,11,0.15542763436363638,1.9428898827393236e-05,0.15540791875665838,1.9837984470327714e-05,6434678541.48298,12,0.15540983454386395
pfp_bloom_filter_add_unique_size_u32,0,NVIDIA B200,I64,U32,256,1,1,1,1000000000,2048,No,11,0.1702006220909091,1.431448440180188e-05,0.17018042130903765,1.394205740634931e-05,5876116607.9384575,12,0.17018366368611657
pfp_bloom_filter_add_unique_size_u32,0,NVIDIA B200,I64,U32,256,1,1,2,1000000000,1,No,11,0.05909708027272728,8.526153625160907e-05,0.05907930859652432,8.139780058763836e-05,16926399847.184921,12,0.05907881641387941
pfp_bloom_filter_add_unique_size_u32,0,NVIDIA B200,I64,U32,256,1,1,2,1000000000,2,No,11,0.06123387963636364,0.00013846262454343005,0.061215560913085935,0.00013009252143091117,16335715708.295206,12,0.06121873060862223
pfp_bloom_filter_add_unique_size_u32,0,NVIDIA B200,I64,U32,256,1,1,2,1000000000,4,No,11,0.059301064000000014,0.00013719298944281504,0.059283179196444415,0.0001397169610325,16868191172.513506,12,0.05927885945638021
pfp_bloom_filter_add_unique_size_u32,0,NVIDIA B200,I64,U32,256,1,1,2,1000000000,8,No,11,0.05858105790909092,0.00014354608714610455,0.05856255964799362,0.00011703868928548149,17075756353.73138,12,0.05855513477325439
pfp_bloom_filter_add_unique_size_u32,0,NVIDIA B200,I64,U32,256,1,1,2,1000000000,16,No,11,0.0585816650909091,8.319206018580966e-05,0.05856349078091709,7.639124594627023e-05,17075484856.955452,12,0.05855889161427816
pfp_bloom_filter_add_unique_size_u32,0,NVIDIA B200,I64,U32,256,1,1,2,1000000000,32,No,11,0.05845842809090909,8.734786129718395e-05,0.058440427606756044,8.584924670919773e-05,17111442214.779318,12,0.058431998252868655
pfp_bloom_filter_add_unique_size_u32,0,NVIDIA B200,I64,U32,256,1,1,2,1000000000,64,No,11,0.05847713245454545,9.71588390439068e-05,0.05845895004272461,9.362706780402584e-05,17106020536.960585,12,0.05843864758809408
pfp_bloom_filter_add_unique_size_u32,0,NVIDIA B200,I64,U32,256,1,1,2,1000000000,128,No,11,0.06469673427272728,9.005375218365075e-05,0.0646781699440696,9.032946522979537e-05,15461167204.71141,12,0.0646586036682129
pfp_bloom_filter_add_unique_size_u32,0,NVIDIA B200,I64,U32,256,1,1,2,1000000000,256,No,11,0.07551313509090908,8.002990378177903e-05,0.07549393463134765,8.10096613029651e-05,13246097251.166002,12,0.07548338826497397
pfp_bloom_filter_add_unique_size_u32,0,NVIDIA B200,I64,U32,256,1,1,2,1000000000,512,No,11,0.12699330454545457,2.620415514990468e-05,0.12697385614568535,2.233877491533663e-05,7875637003.987932,12,0.12697351392110187
pfp_bloom_filter_add_unique_size_u32,0,NVIDIA B200,I64,U32,256,1,1,2,1000000000,1024,No,11,0.1554347728181818,1.560137804640957e-05,0.15541472001509235,1.527828326946048e-05,6434396947.103144,12,0.15541119384765625
pfp_bloom_filter_add_unique_size_u32,0,NVIDIA B200,I64,U32,256,1,1,2,1000000000,2048,No,11,0.17019990990909092,1.904655837271463e-05,0.17018014110218393,2.0885917520193747e-05,5876126283.145778,12,0.1701806844075521
pfp_bloom_filter_add_unique_size_u32,0,NVIDIA B200,I64,U32,256,1,1,4,1000000000,1,No,11,0.05909473181818182,0.00010082239288973709,0.05907696290449662,0.00010001750109173956,16927071921.699709,12,0.05908138624827067
pfp_bloom_filter_add_unique_size_u32,0,NVIDIA B200,I64,U32,256,1,1,4,1000000000,2,No,11,0.06123531136363636,0.00010718557860357706,0.06121760281649503,0.00010572645822911348,16335170833.094936,12,0.061214634895324714
pfp_bloom_filter_add_unique_size_u32,0,NVIDIA B200,I64,U32,256,1,1,4,1000000000,4,No,11,0.05930154227272728,0.00011002244653095986,0.059283549222079186,0.00010520464908651379,16868085887.603477,12,0.0592815777460734
pfp_bloom_filter_add_unique_size_u32,0,NVIDIA B200,I64,U32,256,1,1,4,1000000000,8,No,11,0.05857795245454545,0.00010518240083315024,0.058560046802867534,0.00010145878936360782,17076489084.2101,12,0.05855743662516275
pfp_bloom_filter_add_unique_size_u32,0,NVIDIA B200,I64,U32,256,1,1,4,1000000000,16,No,11,0.05858016781818182,8.23375342318614e-05,0.05856246982921254,7.883722434077182e-05,17075782543.262426,12,0.05856076304117838
pfp_bloom_filter_add_unique_size_u32,0,NVIDIA B200,I64,U32,256,1,1,4,1000000000,32,No,11,0.05845530327272727,5.601534051361921e-05,0.05843772472034801,5.99134790314526e-05,17112233660.455986,12,0.058432936668395996
pfp_bloom_filter_add_unique_size_u32,0,NVIDIA B200,I64,U32,256,1,1,4,1000000000,64,No,11,0.058475967818181825,6.419572928011354e-05,0.058458016135475854,6.710269508090101e-05,17106293817.47253,12,0.058440193812052406
pfp_bloom_filter_add_unique_size_u32,0,NVIDIA B200,I64,U32,256,1,1,4,1000000000,128,No,11,0.06469934054545455,8.807849768871754e-05,0.06468086658824573,9.136231461543815e-05,15460522605.022226,12,0.0646582628885905
pfp_bloom_filter_add_unique_size_u32,0,NVIDIA B200,I64,U32,256,1,1,4,1000000000,256,No,11,0.07551429763636364,7.745759603079009e-05,0.07549533635919745,7.726906838084655e-05,13245851309.8362,12,0.0754869753519694
pfp_bloom_filter_add_unique_size_u32,0,NVIDIA B200,I64,U32,256,1,1,4,1000000000,512,No,11,0.12699378881818182,1.8060856968799956e-05,0.12697385822642931,1.6305098455991194e-05,7875636874.92842,12,0.12697589683532717
pfp_bloom_filter_add_unique_size_u32,0,NVIDIA B200,I64,U32,256,1,1,4,1000000000,1024,No,11,0.15543056045454542,1.2267221396339538e-05,0.15541080266779117,1.0717876580869954e-05,6434559135.104767,12,0.15540974934895835
pfp_bloom_filter_add_unique_size_u32,0,NVIDIA B200,I64,U32,256,1,1,4,1000000000,2048,No,11,0.170198665,1.4746670906475555e-05,0.17017725719105115,1.2910077992725632e-05,5876225862.997312,12,0.17018052419026694
pfp_bloom_filter_add_unique_size_u32,0,NVIDIA B200,I64,U32,256,1,1,8,1000000000,1,No,11,0.05909482081818183,9.424563339607453e-05,0.059076616807417444,9.075431594441117e-05,16927171088.01064,12,0.05908283646901449
pfp_bloom_filter_add_unique_size_u32,0,NVIDIA B200,I64,U32,256,1,1,8,1000000000,2,No,11,0.061233390454545455,0.00013435485683180778,0.06121508927778765,0.0001356989016977461,16335841567.78903,12,0.06121575196584065
pfp_bloom_filter_add_unique_size_u32,0,NVIDIA B200,I64,U32,256,1,1,8,1000000000,4,No,11,0.05929931109090909,0.00011579452314079271,0.05928122503107245,0.00011734705611424045,16868747220.993607,12,0.05927798938751221
pfp_bloom_filter_add_unique_size_u32,0,NVIDIA B200,I64,U32,256,1,1,8,1000000000,8,No,11,0.0585775250909091,9.003135701234042e-05,0.05855939761075107,8.978687351487202e-05,17076678394.93635,12,0.058558888753255205
pfp_bloom_filter_add_unique_size_u32,0,NVIDIA B200,I64,U32,256,1,1,8,1000000000,16,No,11,0.05858231309090909,0.00010435851904506964,0.05856415384465998,9.777815221791664e-05,17075291528.201298,12,0.05855855147043864
pfp_bloom_filter_add_unique_size_u32,0,NVIDIA B200,I64,U32,256,1,1,8,1000000000,32,No,11,0.05846015581818183,4.594814588356039e-05,0.05844228640469638,4.661489419256108e-05,17110897973.348982,12,0.05843276087443034
pfp_bloom_filter_add_unique_size_u32,0,NVIDIA B200,I64,U32,256,1,1,8,1000000000,64,No,11,0.05847814345454545,0.00011394593190582873,0.05845998278531161,0.0001165445910805941,17105718345.357698,12,0.05843686548868815
pfp_bloom_filter_add_unique_size_u32,0,NVIDIA B200,I64,U32,256,1,1,8,1000000000,128,No,11,0.06469720309090911,0.00010378950867947896,0.06467890652743252,0.00010366057965409724,15460991128.164265,12,0.06466090583801269
pfp_bloom_filter_add_unique_size_u32,0,NVIDIA B200,I64,U32,256,1,1,8,1000000000,256,No,11,0.07551736127272728,8.820804445191717e-05,0.07549850117076527,8.647225211300634e-05,13245296058.767622,12,0.07548432477315267
pfp_bloom_filter_add_unique_size_u32,0,NVIDIA B200,I64,U32,256,1,1,8,1000000000,512,No,11,0.12699774927272728,2.097634892967429e-05,0.1269779482754794,1.892252964313592e-05,7875383195.123725,12,0.12697469139099118
pfp_bloom_filter_add_unique_size_u32,0,NVIDIA B200,I64,U32,256,1,1,8,1000000000,1024,No,11,0.1554361921818182,2.5264511078924153e-05,0.1554159393310547,2.6290046725469343e-05,6434346466.033188,12,0.1554152997334798
pfp_bloom_filter_add_unique_size_u32,0,NVIDIA B200,I64,U32,256,1,1,8,1000000000,2048,No,11,0.170204029,2.3415951156445847e-05,0.1701844288219105,2.3161780058107125e-05,5875978236.801265,12,0.17018547439575196
pfp_bloom_filter_add_unique_size_u32,0,NVIDIA B200,I64,U32,256,1,2,1,1000000000,1,No,17,0.02982512223529412,0.00010135171499600801,0.02980900136162253,9.558224839868395e-05,33546913828.768707,18,0.0298063014348348
pfp_bloom_filter_add_unique_size_u32,0,NVIDIA B200,I64,U32,256,1,2,1,1000000000,2,No,17,0.030960726882352935,0.00016579703793869204,0.030943892647238336,0.00015872113519573147,32316554720.507908,18,0.030941459867689345
pfp_bloom_filter_add_unique_size_u32,0,NVIDIA B200,I64,U32,256,1,2,1,1000000000,4,No,17,0.030023265352941177,0.000148737559226439,0.030007235919728002,0.00014898128515168117,33325295361.2618,18,0.030003540568881566
pfp_bloom_filter_add_unique_size_u32,0,NVIDIA B200,I64,U32,256,1,2,1,1000000000,8,No,17,0.029591179529411763,0.00010377670682638326,0.02957462591283461,9.332604399485925e-05,33812769194.352726,18,0.029571754349602592
pfp_bloom_filter_add_unique_size_u32,0,NVIDIA B200,I64,U32,256,1,2,1,1000000000,16,No,17,0.02958378823529412,0.00010519695724227533,0.02956751430735869,0.00010968924707732153,33820901872.40131,18,0.029561566034952802
pfp_bloom_filter_add_unique_size_u32,0,NVIDIA B200,I64,U32,256,1,2,1,1000000000,32,No,17,0.029489723823529407,5.118328595820466e-05,0.029473550908705768,5.286056013356996e-05,33928724879.384125,18,0.029464406119452582
pfp_bloom_filter_add_unique_size_u32,0,NVIDIA B200,I64,U32,256,1,2,1,1000000000,64,No,17,0.029508404705882355,8.057985575796978e-05,0.029492464963127584,8.372933131085996e-05,33906965770.75642,18,0.029469012790256075
pfp_bloom_filter_add_unique_size_u32,0,NVIDIA B200,I64,U32,256,1,2,1,1000000000,128,No,13,0.040113970230769236,0.00015016605719501288,0.040097400958721455,0.00014756587659600678,24939272274.266777,14,0.0400830157143729
pfp_bloom_filter_add_unique_size_u32,0,NVIDIA B200,I64,U32,256,1,2,1,1000000000,256,No,11,0.04890317763636364,8.693352058551358e-05,0.04888585350730202,7.163768648776506e-05,20455815501.93516,12,0.048873641649882
pfp_bloom_filter_add_unique_size_u32,0,NVIDIA B200,I64,U32,256,1,2,1,1000000000,512,No,11,0.0536424210909091,8.973879437062727e-05,0.05362548342618076,8.601600546624708e-05,18647850538.756824,12,0.05361518637339275
pfp_bloom_filter_add_unique_size_u32,0,NVIDIA B200,I64,U32,256,1,2,1,1000000000,1024,No,11,0.06544173800000001,5.302405053828505e-05,0.06542400776256213,6.157697834854068e-05,15284908922.5658,12,0.06542455164591472
pfp_bloom_filter_add_unique_size_u32,0,NVIDIA B200,I64,U32,256,1,2,1,1000000000,2048,No,11,0.07222234354545455,5.36798219958794e-05,0.07220317701859907,5.2056232996284177e-05,13849806079.065002,12,0.07220582326253257
pfp_bloom_filter_add_unique_size_u32,0,NVIDIA B200,I64,U32,256,1,2,2,1000000000,1,No,17,0.02982206158823529,0.00010615096565377061,0.029806110045489144,0.00010676742966202813,33550168018.36374,18,0.029806196318732367
pfp_bloom_filter_add_unique_size_u32,0,NVIDIA B200,I64,U32,256,1,2,2,1000000000,2,No,17,0.030960171470588233,0.00012587395338819533,0.030943894442389992,0.00013233277258472076,32316552845.723957,18,0.030940957281324597
pfp_bloom_filter_add_unique_size_u32,0,NVIDIA B200,I64,U32,256,1,2,2,1000000000,4,No,17,0.030021930058823535,0.00013682325549470309,0.03000560547323788,0.00014173979679596297,33327106193.271255,18,0.03000416066911486
pfp_bloom_filter_add_unique_size_u32,0,NVIDIA B200,I64,U32,256,1,2,2,1000000000,8,No,17,0.02959287017647059,9.320081252924476e-05,0.02957667384428137,9.637303269653524e-05,33810427949.56977,18,0.029572144084506567
pfp_bloom_filter_add_unique_size_u32,0,NVIDIA B200,I64,U32,256,1,2,2,1000000000,16,No,17,0.02958528717647059,0.0001245857021824608,0.029569119958316577,0.0001252713897020648,33819065342.820293,18,0.029561684502495657
pfp_bloom_filter_add_unique_size_u32,0,NVIDIA B200,I64,U32,256,1,2,2,1000000000,32,No,17,0.0294894195882353,8.090604650071974e-05,0.029473133199355184,7.872596087742735e-05,33929205735.814953,18,0.02946325249142117
pfp_bloom_filter_add_unique_size_u32,0,NVIDIA B200,I64,U32,256,1,2,2,1000000000,64,No,17,0.029506422411764703,7.640195493404926e-05,0.029490117465748505,7.620788519827224e-05,33909664861.845894,18,0.029468501302931042
pfp_bloom_filter_add_unique_size_u32,0,NVIDIA B200,I64,U32,256,1,2,2,1000000000,128,No,13,0.040131450076923085,0.00014369087794770214,0.04011456034733699,0.00014686940707997945,24928604260.931034,14,0.04009493146623883
pfp_bloom_filter_add_unique_size_u32,0,NVIDIA B200,I64,U32,256,1,2,2,1000000000,256,No,11,0.04892768281818182,6.972548124956086e-05,0.04891062094948509,6.963400266073493e-05,20445457051.808857,12,0.048898731231689446
pfp_bloom_filter_add_unique_size_u32,0,NVIDIA B200,I64,U32,256,1,2,2,1000000000,512,No,11,0.05478144272727272,8.920354903830422e-05,0.05476351998069069,8.24358174150044e-05,18260330971.28516,12,0.05475430520375569
pfp_bloom_filter_add_unique_size_u32,0,NVIDIA B200,I64,U32,256,1,2,2,1000000000,1024,No,11,0.067964255,6.519124196228776e-05,0.06794584933194248,6.121621715952996e-05,14717602470.676355,12,0.06794291877746582
pfp_bloom_filter_add_unique_size_u32,0,NVIDIA B200,I64,U32,256,1,2,2,1000000000,2048,No,11,0.07492991554545456,5.095600055668813e-05,0.07491193667325108,5.394321130757907e-05,13349007440.052895,12,0.07491302553812663
pfp_bloom_filter_add_unique_size_u32,0,NVIDIA B200,I64,U32,256,1,2,4,1000000000,1,No,17,0.031223997000000003,8.299893842522472e-05,0.031208207074333635,7.74119002959299e-05,32042853266.710846,18,0.03120821931627062
pfp_bloom_filter_add_unique_size_u32,0,NVIDIA B200,I64,U32,256,1,2,4,1000000000,2,No,16,0.0324076321875,0.00014011435389553318,0.03239117360115051,0.00013209568557159595,30872607837.972282,17,0.03238930017807904
pfp_bloom_filter_add_unique_size_u32,0,NVIDIA B200,I64,U32,256,1,2,4,1000000000,4,No,16,0.0314228774375,0.0001680438726870529,0.031407104015350344,0.00016496714653710964,31839930211.688606,17,0.031402887119966395
pfp_bloom_filter_add_unique_size_u32,0,NVIDIA B200,I64,U32,256,1,2,4,1000000000,8,No,17,0.030971522882352942,0.00011019041294651837,0.030954925088321466,9.173279943574481e-05,32305036989.9708,18,0.03095108116997613
pfp_bloom_filter_add_unique_size_u32,0,NVIDIA B200,I64,U32,256,1,2,4,1000000000,16,No,17,0.030963636117647055,8.920783494917759e-05,0.03094756900562959,8.872632786902876e-05,32312715736.027363,18,0.03093925009833442
pfp_bloom_filter_add_unique_size_u32,0,NVIDIA B200,I64,U32,256,1,2,4,1000000000,32,No,17,0.030866699705882353,8.477869813048277e-05,0.030850650226368622,7.877259753071748e-05,32414227663.353477,18,0.03084049203660753
pfp_bloom_filter_add_unique_size_u32,0,NVIDIA B200,I64,U32,256,1,2,4,1000000000,64,No,17,0.030881214882352945,8.229955131560971e-05,0.03086516885196462,7.644732728488104e-05,32398980378.049946,18,0.030844243791368273
pfp_bloom_filter_add_unique_size_u32,0,NVIDIA B200,I64,U32,256,1,2,4,1000000000,128,No,13,0.040458233846153845,0.00010197746624505738,0.04044178009033203,0.000107703965705652,24726903656.72254,14,0.04042590931483677
pfp_bloom_filter_add_unique_size_u32,0,NVIDIA B200,I64,U32,256,1,2,4,1000000000,256,No,11,0.04908689745454545,0.00013422983425097145,0.0490700832713734,0.00013107527635122348,20379015753.237614,12,0.049059413274129236
pfp_bloom_filter_add_unique_size_u32,0,NVIDIA B200,I64,U32,256,1,2,4,1000000000,512,No,11,0.05376539236363637,9.794434408387422e-05,0.05374822963367809,9.341412331274996e-05,18605263965.260174,12,0.053738409996032716
pfp_bloom_filter_add_unique_size_u32,0,NVIDIA B200,I64,U32,256,1,2,4,1000000000,1024,No,11,0.06544500127272727,6.979315704775256e-05,0.0654267085682262,6.598361176921e-05,15284277963.596651,12,0.06542489178975423
pfp_bloom_filter_add_unique_size_u32,0,NVIDIA B200,I64,U32,256,1,2,4,1000000000,2048,No,11,0.07222710145454546,5.936475161061157e-05,0.07220857100053267,6.207342980678592e-05,13848771498.228697,12,0.07221000099182129
pfp_bloom_filter_add_unique_size_u32,0,NVIDIA B200,I64,U32,256,1,2,8,1000000000,1,Yes,,,,,,,,
pfp_bloom_filter_add_unique_size_u32,0,NVIDIA B200,I64,U32,256,1,2,8,1000000000,2,Yes,,,,,,,,
pfp_bloom_filter_add_unique_size_u32,0,NVIDIA B200,I64,U32,256,1,2,8,1000000000,4,Yes,,,,,,,,
pfp_bloom_filter_add_unique_size_u32,0,NVIDIA B200,I64,U32,256,1,2,8,1000000000,8,Yes,,,,,,,,
pfp_bloom_filter_add_unique_size_u32,0,NVIDIA B200,I64,U32,256,1,2,8,1000000000,16,Yes,,,,,,,,
pfp_bloom_filter_add_unique_size_u32,0,NVIDIA B200,I64,U32,256,1,2,8,1000000000,32,Yes,,,,,,,,
pfp_bloom_filter_add_unique_size_u32,0,NVIDIA B200,I64,U32,256,1,2,8,1000000000,64,Yes,,,,,,,,
pfp_bloom_filter_add_unique_size_u32,0,NVIDIA B200,I64,U32,256,1,2,8,1000000000,128,Yes,,,,,,,,
pfp_bloom_filter_add_unique_size_u32,0,NVIDIA B200,I64,U32,256,1,2,8,1000000000,256,Yes,,,,,,,,
pfp_bloom_filter_add_unique_size_u32,0,NVIDIA B200,I64,U32,256,1,2,8,1000000000,512,Yes,,,,,,,,
pfp_bloom_filter_add_unique_size_u32,0,NVIDIA B200,I64,U32,256,1,2,8,1000000000,1024,Yes,,,,,,,,
pfp_bloom_filter_add_unique_size_u32,0,NVIDIA B200,I64,U32,256,1,2,8,1000000000,2048,Yes,,,,,,,,
pfp_bloom_filter_add_unique_size_u32,0,NVIDIA B200,I64,U32,256,1,4,1,1000000000,1,No,33,0.015312994242424244,0.00010842329747399477,0.01529804226846406,9.039025338968529e-05,65367841351.924904,34,0.015296873204848346
pfp_bloom_filter_add_unique_size_u32,0,NVIDIA B200,I64,U32,256,1,4,1,1000000000,2,No,32,0.015894552343750003,0.00010706761071730713,0.01587903994321823,0.00010327134621243458,62976099535.98545,33,0.015877833510890154
pfp_bloom_filter_add_unique_size_u32,0,NVIDIA B200,I64,U32,256,1,4,1,1000000000,4,No,33,0.015428866333333338,0.0001352934366549629,0.015413603811553033,0.00013089005178630535,64877754237.49151,34,0.015409994686351102
pfp_bloom_filter_add_unique_size_u32,0,NVIDIA B200,I64,U32,256,1,4,1,1000000000,8,No,33,0.015211295333333336,0.00016866803571015905,0.015195761449409255,0.0001332399453948003,65807824328.46599,34,0.015191311106962316
pfp_bloom_filter_add_unique_size_u32,0,NVIDIA B200,I64,U32,256,1,4,1,1000000000,16,No,33,0.015207347393939396,0.00013692911620660298,0.015192128961736509,0.00011743768362076855,65823559194.28009,34,0.015185889748965993
pfp_bloom_filter_add_unique_size_u32,0,NVIDIA B200,I64,U32,256,1,4,1,1000000000,32,No,34,0.015155057088235295,0.00014210759070988778,0.015140094981474035,0.00012469093516285162,66049783784.29171,35,0.015129161889212473
pfp_bloom_filter_add_unique_size_u32,0,NVIDIA B200,I64,U32,256,1,4,1,1000000000,64,No,33,0.015179097757575758,0.00010357911148098093,0.015163847692085036,9.910028563572754e-05,65946323143.43033,34,0.01513610480813419
pfp_bloom_filter_add_unique_size_u32,0,NVIDIA B200,I64,U32,256,1,4,1,1000000000,128,No,18,0.02849759888888889,0.00014113931636433035,0.02848156992594401,0.00012854986791972474,35110424130.41617,19,0.02846342578687166
pfp_bloom_filter_add_unique_size_u32,0,NVIDIA B200,I64,U32,256,1,4,1,1000000000,256,No,13,0.03907789807692308,0.00025829653357021837,0.03906158300546499,0.00025440657500193684,25600600975.6464,14,0.03904826354980469
pfp_bloom_filter_add_unique_size_u32,0,NVIDIA B200,I64,U32,256,1,4,1,1000000000,512,No,12,0.0450111945,0.0001854745926978649,0.044994557380676266,0.00017782474667171172,22224910260.578945,13,0.04498810107891376
pfp_bloom_filter_add_unique_size_u32,0,NVIDIA B200,I64,U32,256,1,4,1,1000000000,1024,No,11,0.04793701554545455,0.00011527205595025026,0.047920403914018105,0.00011701973188871108,20867937628.285957,12,0.04791407044728596
pfp_bloom_filter_add_unique_size_u32,0,NVIDIA B200,I64,U32,256,1,4,1,1000000000,2048,No,11,0.04943535700000001,0.0002041181399901,0.04941860961914064,0.00020542057550046978,20235292083.42364,12,0.04940996106465658
pfp_bloom_filter_add_unique_size_u32,0,NVIDIA B200,I64,U32,256,1,4,2,1000000000,1,No,32,0.016003899250000002,0.00010732036379849163,0.015988664031028752,0.00010368111692457065,62544312524.13135,33,0.015987371069012265
pfp_bloom_filter_add_unique_size_u32,0,NVIDIA B200,I64,U32,256,1,4,2,1000000000,2,No,31,0.01660637822580645,0.00015466423440798016,0.016590983360044415,0.00014893217232937714,60273702787.76067,32,0.016588960647583008
pfp_bloom_filter_add_unique_size_u32,0,NVIDIA B200,I64,U32,256,1,4,2,1000000000,4,No,32,0.016121315156250003,0.00016675603722880955,0.016106189012527465,0.00016577950344109346,62087933975.08222,33,0.016103920792088364
pfp_bloom_filter_add_unique_size_u32,0,NVIDIA B200,I64,U32,256,1,4,2,1000000000,8,No,32,0.015889738625,0.00013860924667999787,0.015874354928731915,0.00012799985362862726,62994685736.17704,33,0.015870477849786933
pfp_bloom_filter_add_unique_size_u32,0,NVIDIA B200,I64,U32,256,1,4,2,1000000000,16,No,32,0.0158812714375,0.00013328639831965583,0.01586588814854622,0.000124294141109785,63028302647.62892,33,0.015860270182291667
pfp_bloom_filter_add_unique_size_u32,0,NVIDIA B200,I64,U32,256,1,4,2,1000000000,32,No,32,0.015827182125,0.00014446640509674103,0.01581183907389641,0.00013269421779929676,63243750162.55312,33,0.015801343513257574
pfp_bloom_filter_add_unique_size_u32,0,NVIDIA B200,I64,U32,256,1,4,2,1000000000,64,No,32,0.015848067,0.00013703431731391106,0.015832896083593364,0.00010312472663733674,63159638939.09701,33,0.01580624482125947
pfp_bloom_filter_add_unique_size_u32,0,NVIDIA B200,I64,U32,256,1,4,2,1000000000,128,No,18,0.028592679722222222,0.0001547311301634432,0.028576083607143827,0.00015454367655928683,34994298510.17117,19,0.02855736551786724
pfp_bloom_filter_add_unique_size_u32,0,NVIDIA B200,I64,U32,256,1,4,2,1000000000,256,No,13,0.039099101230769234,0.00019566429419501654,0.03908294178889348,0.00019217910396592482,25586610276.20439,14,0.03907327597481864
pfp_bloom_filter_add_unique_size_u32,0,NVIDIA B200,I64,U32,256,1,4,2,1000000000,512,No,12,0.04502544541666667,0.00017123632146640489,0.04500881131490072,0.00017715103223569218,22217871807.44624,13,0.04500241910494291
pfp_bloom_filter_add_unique_size_u32,0,NVIDIA B200,I64,U32,256,1,4,2,1000000000,1024,No,11,0.04794292590909091,0.00017405842709485232,0.04792580656571822,0.00015827836628360932,20865585196.33365,12,0.04792516326904297
pfp_bloom_filter_add_unique_size_u32,0,NVIDIA B200,I64,U32,256,1,4,2,1000000000,2048,No,11,0.04944711818181819,0.0001244058411916706,0.04943006203391334,0.00013015778013487618,20230603783.461018,12,0.04942011769612631
pfp_bloom_filter_add_unique_size_u32,0,NVIDIA B200,I64,U32,256,1,4,4,1000000000,1,Yes,,,,,,,,
pfp_bloom_filter_add_unique_size_u32,0,NVIDIA B200,I64,U32,256,1,4,4,1000000000,2,Yes,,,,,,,,
pfp_bloom_filter_add_unique_size_u32,0,NVIDIA B200,I64,U32,256,1,4,4,1000000000,4,Yes,,,,,,,,
pfp_bloom_filter_add_unique_size_u32,0,NVIDIA B200,I64,U32,256,1,4,4,1000000000,8,Yes,,,,,,,,
pfp_bloom_filter_add_unique_size_u32,0,NVIDIA B200,I64,U32,256,1,4,4,1000000000,16,Yes,,,,,,,,
pfp_bloom_filter_add_unique_size_u32,0,NVIDIA B200,I64,U32,256,1,4,4,1000000000,32,Yes,,,,,,,,
pfp_bloom_filter_add_unique_size_u32,0,NVIDIA B200,I64,U32,256,1,4,4,1000000000,64,Yes,,,,,,,,
pfp_bloom_filter_add_unique_size_u32,0,NVIDIA B200,I64,U32,256,1,4,4,1000000000,128,Yes,,,,,,,,
pfp_bloom_filter_add_unique_size_u32,0,NVIDIA B200,I64,U32,256,1,4,4,1000000000,256,Yes,,,,,,,,
pfp_bloom_filter_add_unique_size_u32,0,NVIDIA B200,I64,U32,256,1,4,4,1000000000,512,Yes,,,,,,,,
pfp_bloom_filter_add_unique_size_u32,0,NVIDIA B200,I64,U32,256,1,4,4,1000000000,1024,Yes,,,,,,,,
pfp_bloom_filter_add_unique_size_u32,0,NVIDIA B200,I64,U32,256,1,4,4,1000000000,2048,Yes,,,,,,,,
pfp_bloom_filter_add_unique_size_u32,0,NVIDIA B200,I64,U32,256,1,4,8,1000000000,1,Yes,,,,,,,,
pfp_bloom_filter_add_unique_size_u32,0,NVIDIA B200,I64,U32,256,1,4,8,1000000000,2,Yes,,,,,,,,
pfp_bloom_filter_add_unique_size_u32,0,NVIDIA B200,I64,U32,256,1,4,8,1000000000,4,Yes,,,,,,,,
pfp_bloom_filter_add_unique_size_u32,0,NVIDIA B200,I64,U32,256,1,4,8,1000000000,8,Yes,,,,,,,,
pfp_bloom_filter_add_unique_size_u32,0,NVIDIA B200,I64,U32,256,1,4,8,1000000000,16,Yes,,,,,,,,
pfp_bloom_filter_add_unique_size_u32,0,NVIDIA B200,I64,U32,256,1,4,8,1000000000,32,Yes,,,,,,,,
pfp_bloom_filter_add_unique_size_u32,0,NVIDIA B200,I64,U32,256,1,4,8,1000000000,64,Yes,,,,,,,,
pfp_bloom_filter_add_unique_size_u32,0,NVIDIA B200,I64,U32,256,1,4,8,1000000000,128,Yes,,,,,,,,
pfp_bloom_filter_add_unique_size_u32,0,NVIDIA B200,I64,U32,256,1,4,8,1000000000,256,Yes,,,,,,,,
pfp_bloom_filter_add_unique_size_u32,0,NVIDIA B200,I64,U32,256,1,4,8,1000000000,512,Yes,,,,,,,,
pfp_bloom_filter_add_unique_size_u32,0,NVIDIA B200,I64,U32,256,1,4,8,1000000000,1024,Yes,,,,,,,,
pfp_bloom_filter_add_unique_size_u32,0,NVIDIA B200,I64,U32,256,1,4,8,1000000000,2048,Yes,,,,,,,,
pfp_bloom_filter_add_unique_size_u32,0,NVIDIA B200,I64,U32,256,1,8,1,1000000000,1,No,38,0.013415242421052631,0.00010085152120798312,0.01340024012013485,8.424379631862507e-05,74625528425.97395,39,0.013398094764122596
pfp_bloom_filter_add_unique_size_u32,0,NVIDIA B200,I64,U32,256,1,8,1,1000000000,2,No,38,0.013414043789473687,0.00011581925289338727,0.013399027523241552,7.105732230308837e-05,74632281952.21107,39,0.013396834935897436
pfp_bloom_filter_add_unique_size_u32,0,NVIDIA B200,I64,U32,256,1,8,1,1000000000,4,No,38,0.013413554894736843,9.115067261980727e-05,0.013398714165938531,7.05400312888951e-05,74634027386.16103,39,0.013397227751903044
pfp_bloom_filter_add_unique_size_u32,0,NVIDIA B200,I64,U32,256,1,8,1,1000000000,8,No,38,0.013415533499999998,9.808565759767261e-05,0.01340040510579159,7.798525952837582e-05,74624609637.19708,39,0.013397096291566508
pfp_bloom_filter_add_unique_size_u32,0,NVIDIA B200,I64,U32,256,1,8,1,1000000000,16,No,38,0.013415490605263161,0.00011190130383670114,0.01340072847667493,9.734113789380059e-05,74622808882.4113,39,0.01339665026542468
pfp_bloom_filter_add_unique_size_u32,0,NVIDIA B200,I64,U32,256,1,8,1,1000000000,32,No,38,0.013417888500000004,0.00010724915710378239,0.013403031549955664,8.459163758555127e-05,74609986276.07558,39,0.01339649376502404
pfp_bloom_filter_add_unique_size_u32,0,NVIDIA B200,I64,U32,256,1,8,1,1000000000,64,No,38,0.013507996763157898,0.00010323895799832017,0.013493099764773718,7.839440998555605e-05,74111954808.98233,39,0.0134820556640625
pfp_bloom_filter_add_unique_size_u32,0,NVIDIA B200,I64,U32,256,1,8,1,1000000000,128,No,22,0.023158703818181817,0.0001512772557667268,0.023143000862815167,0.00016830292829261628,43209608206.286766,23,0.023130334937054176
pfp_bloom_filter_add_unique_size_u32,0,NVIDIA B200,I64,U32,256,1,8,1,1000000000,256,No,16,0.033032354062500005,0.0001896678461448743,0.03301619148254395,0.00018742301443517746,30288169382.853012,17,0.03301062819536994
pfp_bloom_filter_add_unique_size_u32,0,NVIDIA B200,I64,U32,256,1,8,1,1000000000,512,No,13,0.04022495607692308,0.0001663931090296624,0.04020846528273362,0.00017072364393537227,24870384705.516766,14,0.040207353864397326
pfp_bloom_filter_add_unique_size_u32,0,NVIDIA B200,I64,U32,256,1,8,1,1000000000,1024,No,12,0.044215920750000005,0.00016529558986258804,0.04419942696889242,0.0001555474707990063,22624727707.528893,13,0.04419576175396259
pfp_bloom_filter_add_unique_size_u32,0,NVIDIA B200,I64,U32,256,1,8,1,1000000000,2048,No,11,0.046269022727272735,0.0002026993217968896,0.04625194202769886,0.00020151578055673016,21620713772.432102,12,0.046250580469767245
pfp_bloom_filter_add_unique_size_u32,0,NVIDIA B200,I64,U32,256,1,8,2,1000000000,1,Yes,,,,,,,,
pfp_bloom_filter_add_unique_size_u32,0,NVIDIA B200,I64,U32,256,1,8,2,1000000000,2,Yes,,,,,,,,
pfp_bloom_filter_add_unique_size_u32,0,NVIDIA B200,I64,U32,256,1,8,2,1000000000,4,Yes,,,,,,,,
pfp_bloom_filter_add_unique_size_u32,0,NVIDIA B200,I64,U32,256,1,8,2,1000000000,8,Yes,,,,,,,,
pfp_bloom_filter_add_unique_size_u32,0,NVIDIA B200,I64,U32,256,1,8,2,1000000000,16,Yes,,,,,,,,
pfp_bloom_filter_add_unique_size_u32,0,NVIDIA B200,I64,U32,256,1,8,2,1000000000,32,Yes,,,,,,,,
pfp_bloom_filter_add_unique_size_u32,0,NVIDIA B200,I64,U32,256,1,8,2,1000000000,64,Yes,,,,,,,,
pfp_bloom_filter_add_unique_size_u32,0,NVIDIA B200,I64,U32,256,1,8,2,1000000000,128,Yes,,,,,,,,
pfp_bloom_filter_add_unique_size_u32,0,NVIDIA B200,I64,U32,256,1,8,2,1000000000,256,Yes,,,,,,,,
pfp_bloom_filter_add_unique_size_u32,0,NVIDIA B200,I64,U32,256,1,8,2,1000000000,512,Yes,,,,,,,,
pfp_bloom_filter_add_unique_size_u32,0,NVIDIA B200,I64,U32,256,1,8,2,1000000000,1024,Yes,,,,,,,,
pfp_bloom_filter_add_unique_size_u32,0,NVIDIA B200,I64,U32,256,1,8,2,1000000000,2048,Yes,,,,,,,,
pfp_bloom_filter_add_unique_size_u32,0,NVIDIA B200,I64,U32,256,1,8,4,1000000000,1,Yes,,,,,,,,
pfp_bloom_filter_add_unique_size_u32,0,NVIDIA B200,I64,U32,256,1,8,4,1000000000,2,Yes,,,,,,,,
pfp_bloom_filter_add_unique_size_u32,0,NVIDIA B200,I64,U32,256,1,8,4,1000000000,4,Yes,,,,,,,,
pfp_bloom_filter_add_unique_size_u32,0,NVIDIA B200,I64,U32,256,1,8,4,1000000000,8,Yes,,,,,,,,
pfp_bloom_filter_add_unique_size_u32,0,NVIDIA B200,I64,U32,256,1,8,4,1000000000,16,Yes,,,,,,,,
pfp_bloom_filter_add_unique_size_u32,0,NVIDIA B200,I64,U32,256,1,8,4,1000000000,32,Yes,,,,,,,,
pfp_bloom_filter_add_unique_size_u32,0,NVIDIA B200,I64,U32,256,1,8,4,1000000000,64,Yes,,,,,,,,
pfp_bloom_filter_add_unique_size_u32,0,NVIDIA B200,I64,U32,256,1,8,4,1000000000,128,Yes,,,,,,,,
pfp_bloom_filter_add_unique_size_u32,0,NVIDIA B200,I64,U32,256,1,8,4,1000000000,256,Yes,,,,,,,,
pfp_bloom_filter_add_unique_size_u32,0,NVIDIA B200,I64,U32,256,1,8,4,1000000000,512,Yes,,,,,,,,
pfp_bloom_filter_add_unique_size_u32,0,NVIDIA B200,I64,U32,256,1,8,4,1000000000,1024,Yes,,,,,,,,
pfp_bloom_filter_add_unique_size_u32,0,NVIDIA B200,I64,U32,256,1,8,4,1000000000,2048,Yes,,,,,,,,
pfp_bloom_filter_add_unique_size_u32,0,NVIDIA B200,I64,U32,256,1,8,8,1000000000,1,Yes,,,,,,,,
pfp_bloom_filter_add_unique_size_u32,0,NVIDIA B200,I64,U32,256,1,8,8,1000000000,2,Yes,,,,,,,,
pfp_bloom_filter_add_unique_size_u32,0,NVIDIA B200,I64,U32,256,1,8,8,1000000000,4,Yes,,,,,,,,
pfp_bloom_filter_add_unique_size_u32,0,NVIDIA B200,I64,U32,256,1,8,8,1000000000,8,Yes,,,,,,,,
pfp_bloom_filter_add_unique_size_u32,0,NVIDIA B200,I64,U32,256,1,8,8,1000000000,16,Yes,,,,,,,,
pfp_bloom_filter_add_unique_size_u32,0,NVIDIA B200,I64,U32,256,1,8,8,1000000000,32,Yes,,,,,,,,
pfp_bloom_filter_add_unique_size_u32,0,NVIDIA B200,I64,U32,256,1,8,8,1000000000,64,Yes,,,,,,,,
pfp_bloom_filter_add_unique_size_u32,0,NVIDIA B200,I64,U32,256,1,8,8,1000000000,128,Yes,,,,,,,,
pfp_bloom_filter_add_unique_size_u32,0,NVIDIA B200,I64,U32,256,1,8,8,1000000000,256,Yes,,,,,,,,
pfp_bloom_filter_add_unique_size_u32,0,NVIDIA B200,I64,U32,256,1,8,8,1000000000,512,Yes,,,,,,,,
pfp_bloom_filter_add_unique_size_u32,0,NVIDIA B200,I64,U32,256,1,8,8,1000000000,1024,Yes,,,,,,,,
pfp_bloom_filter_add_unique_size_u32,0,NVIDIA B200,I64,U32,256,1,8,8,1000000000,2048,Yes,,,,,,,,
pfp_bloom_filter_add_unique_size_u32,0,NVIDIA B200,I64,U32,256,20,1,1,1000000000,1,Yes,,,,,,,,
pfp_bloom_filter_add_unique_size_u32,0,NVIDIA B200,I64,U32,256,20,1,1,1000000000,2,Yes,,,,,,,,
pfp_bloom_filter_add_unique_size_u32,0,NVIDIA B200,I64,U32,256,20,1,1,1000000000,4,Yes,,,,,,,,
pfp_bloom_filter_add_unique_size_u32,0,NVIDIA B200,I64,U32,256,20,1,1,1000000000,8,Yes,,,,,,,,
pfp_bloom_filter_add_unique_size_u32,0,NVIDIA B200,I64,U32,256,20,1,1,1000000000,16,Yes,,,,,,,,
pfp_bloom_filter_add_unique_size_u32,0,NVIDIA B200,I64,U32,256,20,1,1,1000000000,32,Yes,,,,,,,,
pfp_bloom_filter_add_unique_size_u32,0,NVIDIA B200,I64,U32,256,20,1,1,1000000000,64,Yes,,,,,,,,
pfp_bloom_filter_add_unique_size_u32,0,NVIDIA B200,I64,U32,256,20,1,1,1000000000,128,Yes,,,,,,,,
pfp_bloom_filter_add_unique_size_u32,0,NVIDIA B200,I64,U32,256,20,1,1,1000000000,256,Yes,,,,,,,,
pfp_bloom_filter_add_unique_size_u32,0,NVIDIA B200,I64,U32,256,20,1,1,1000000000,512,Yes,,,,,,,,
pfp_bloom_filter_add_unique_size_u32,0,NVIDIA B200,I64,U32,256,20,1,1,1000000000,1024,Yes,,,,,,,,
pfp_bloom_filter_add_unique_size_u32,0,NVIDIA B200,I64,U32,256,20,1,1,1000000000,2048,Yes,,,,,,,,
pfp_bloom_filter_add_unique_size_u32,0,NVIDIA B200,I64,U32,256,20,1,2,1000000000,1,Yes,,,,,,,,
pfp_bloom_filter_add_unique_size_u32,0,NVIDIA B200,I64,U32,256,20,1,2,1000000000,2,Yes,,,,,,,,
pfp_bloom_filter_add_unique_size_u32,0,NVIDIA B200,I64,U32,256,20,1,2,1000000000,4,Yes,,,,,,,,
pfp_bloom_filter_add_unique_size_u32,0,NVIDIA B200,I64,U32,256,20,1,2,1000000000,8,Yes,,,,,,,,
pfp_bloom_filter_add_unique_size_u32,0,NVIDIA B200,I64,U32,256,20,1,2,1000000000,16,Yes,,,,,,,,
pfp_bloom_filter_add_unique_size_u32,0,NVIDIA B200,I64,U32,256,20,1,2,1000000000,32,Yes,,,,,,,,
pfp_bloom_filter_add_unique_size_u32,0,NVIDIA B200,I64,U32,256,20,1,2,1000000000,64,Yes,,,,,,,,
pfp_bloom_filter_add_unique_size_u32,0,NVIDIA B200,I64,U32,256,20,1,2,1000000000,128,Yes,,,,,,,,
pfp_bloom_filter_add_unique_size_u32,0,NVIDIA B200,I64,U32,256,20,1,2,1000000000,256,Yes,,,,,,,,
pfp_bloom_filter_add_unique_size_u32,0,NVIDIA B200,I64,U32,256,20,1,2,1000000000,512,Yes,,,,,,,,
pfp_bloom_filter_add_unique_size_u32,0,NVIDIA B200,I64,U32,256,20,1,2,1000000000,1024,Yes,,,,,,,,
pfp_bloom_filter_add_unique_size_u32,0,NVIDIA B200,I64,U32,256,20,1,2,1000000000,2048,Yes,,,,,,,,
pfp_bloom_filter_add_unique_size_u32,0,NVIDIA B200,I64,U32,256,20,1,4,1000000000,1,Yes,,,,,,,,
pfp_bloom_filter_add_unique_size_u32,0,NVIDIA B200,I64,U32,256,20,1,4,1000000000,2,Yes,,,,,,,,
pfp_bloom_filter_add_unique_size_u32,0,NVIDIA B200,I64,U32,256,20,1,4,1000000000,4,Yes,,,,,,,,
pfp_bloom_filter_add_unique_size_u32,0,NVIDIA B200,I64,U32,256,20,1,4,1000000000,8,Yes,,,,,,,,
pfp_bloom_filter_add_unique_size_u32,0,NVIDIA B200,I64,U32,256,20,1,4,1000000000,16,Yes,,,,,,,,
pfp_bloom_filter_add_unique_size_u32,0,NVIDIA B200,I64,U32,256,20,1,4,1000000000,32,Yes,,,,,,,,
pfp_bloom_filter_add_unique_size_u32,0,NVIDIA B200,I64,U32,256,20,1,4,1000000000,64,Yes,,,,,,,,
pfp_bloom_filter_add_unique_size_u32,0,NVIDIA B200,I64,U32,256,20,1,4,1000000000,128,Yes,,,,,,,,
pfp_bloom_filter_add_unique_size_u32,0,NVIDIA B200,I64,U32,256,20,1,4,1000000000,256,Yes,,,,,,,,
pfp_bloom_filter_add_unique_size_u32,0,NVIDIA B200,I64,U32,256,20,1,4,1000000000,512,Yes,,,,,,,,
pfp_bloom_filter_add_unique_size_u32,0,NVIDIA B200,I64,U32,256,20,1,4,1000000000,1024,Yes,,,,,,,,
pfp_bloom_filter_add_unique_size_u32,0,NVIDIA B200,I64,U32,256,20,1,4,1000000000,2048,Yes,,,,,,,,
pfp_bloom_filter_add_unique_size_u32,0,NVIDIA B200,I64,U32,256,20,1,8,1000000000,1,Yes,,,,,,,,
pfp_bloom_filter_add_unique_size_u32,0,NVIDIA B200,I64,U32,256,20,1,8,1000000000,2,Yes,,,,,,,,
pfp_bloom_filter_add_unique_size_u32,0,NVIDIA B200,I64,U32,256,20,1,8,1000000000,4,Yes,,,,,,,,
pfp_bloom_filter_add_unique_size_u32,0,NVIDIA B200,I64,U32,256,20,1,8,1000000000,8,Yes,,,,,,,,
pfp_bloom_filter_add_unique_size_u32,0,NVIDIA B200,I64,U32,256,20,1,8,1000000000,16,Yes,,,,,,,,
pfp_bloom_filter_add_unique_size_u32,0,NVIDIA B200,I64,U32,256,20,1,8,1000000000,32,Yes,,,,,,,,
pfp_bloom_filter_add_unique_size_u32,0,NVIDIA B200,I64,U32,256,20,1,8,1000000000,64,Yes,,,,,,,,
pfp_bloom_filter_add_unique_size_u32,0,NVIDIA B200,I64,U32,256,20,1,8,1000000000,128,Yes,,,,,,,,
pfp_bloom_filter_add_unique_size_u32,0,NVIDIA B200,I64,U32,256,20,1,8,1000000000,256,Yes,,,,,,,,
pfp_bloom_filter_add_unique_size_u32,0,NVIDIA B200,I64,U32,256,20,1,8,1000000000,512,Yes,,,,,,,,
pfp_bloom_filter_add_unique_size_u32,0,NVIDIA B200,I64,U32,256,20,1,8,1000000000,1024,Yes,,,,,,,,
pfp_bloom_filter_add_unique_size_u32,0,NVIDIA B200,I64,U32,256,20,1,8,1000000000,2048,Yes,,,,,,,,
pfp_bloom_filter_add_unique_size_u32,0,NVIDIA B200,I64,U32,256,20,2,1,1000000000,1,Yes,,,,,,,,
pfp_bloom_filter_add_unique_size_u32,0,NVIDIA B200,I64,U32,256,20,2,1,1000000000,2,Yes,,,,,,,,
pfp_bloom_filter_add_unique_size_u32,0,NVIDIA B200,I64,U32,256,20,2,1,1000000000,4,Yes,,,,,,,,
pfp_bloom_filter_add_unique_size_u32,0,NVIDIA B200,I64,U32,256,20,2,1,1000000000,8,Yes,,,,,,,,
pfp_bloom_filter_add_unique_size_u32,0,NVIDIA B200,I64,U32,256,20,2,1,1000000000,16,Yes,,,,,,,,
pfp_bloom_filter_add_unique_size_u32,0,NVIDIA B200,I64,U32,256,20,2,1,1000000000,32,Yes,,,,,,,,
pfp_bloom_filter_add_unique_size_u32,0,NVIDIA B200,I64,U32,256,20,2,1,1000000000,64,Yes,,,,,,,,
pfp_bloom_filter_add_unique_size_u32,0,NVIDIA B200,I64,U32,256,20,2,1,1000000000,128,Yes,,,,,,,,
pfp_bloom_filter_add_unique_size_u32,0,NVIDIA B200,I64,U32,256,20,2,1,1000000000,256,Yes,,,,,,,,
pfp_bloom_filter_add_unique_size_u32,0,NVIDIA B200,I64,U32,256,20,2,1,1000000000,512,Yes,,,,,,,,
pfp_bloom_filter_add_unique_size_u32,0,NVIDIA B200,I64,U32,256,20,2,1,1000000000,1024,Yes,,,,,,,,
pfp_bloom_filter_add_unique_size_u32,0,NVIDIA B200,I64,U32,256,20,2,1,1000000000,2048,Yes,,,,,,,,
pfp_bloom_filter_add_unique_size_u32,0,NVIDIA B200,I64,U32,256,20,2,2,1000000000,1,Yes,,,,,,,,
pfp_bloom_filter_add_unique_size_u32,0,NVIDIA B200,I64,U32,256,20,2,2,1000000000,2,Yes,,,,,,,,
pfp_bloom_filter_add_unique_size_u32,0,NVIDIA B200,I64,U32,256,20,2,2,1000000000,4,Yes,,,,,,,,
pfp_bloom_filter_add_unique_size_u32,0,NVIDIA B200,I64,U32,256,20,2,2,1000000000,8,Yes,,,,,,,,
pfp_bloom_filter_add_unique_size_u32,0,NVIDIA B200,I64,U32,256,20,2,2,1000000000,16,Yes,,,,,,,,
pfp_bloom_filter_add_unique_size_u32,0,NVIDIA B200,I64,U32,256,20,2,2,1000000000,32,Yes,,,,,,,,
pfp_bloom_filter_add_unique_size_u32,0,NVIDIA B200,I64,U32,256,20,2,2,1000000000,64,Yes,,,,,,,,
pfp_bloom_filter_add_unique_size_u32,0,NVIDIA B200,I64,U32,256,20,2,2,1000000000,128,Yes,,,,,,,,
pfp_bloom_filter_add_unique_size_u32,0,NVIDIA B200,I64,U32,256,20,2,2,1000000000,256,Yes,,,,,,,,
pfp_bloom_filter_add_unique_size_u32,0,NVIDIA B200,I64,U32,256,20,2,2,1000000000,512,Yes,,,,,,,,
pfp_bloom_filter_add_unique_size_u32,0,NVIDIA B200,I64,U32,256,20,2,2,1000000000,1024,Yes,,,,,,,,
pfp_bloom_filter_add_unique_size_u32,0,NVIDIA B200,I64,U32,256,20,2,2,1000000000,2048,Yes,,,,,,,,
pfp_bloom_filter_add_unique_size_u32,0,NVIDIA B200,I64,U32,256,20,2,4,1000000000,1,Yes,,,,,,,,
pfp_bloom_filter_add_unique_size_u32,0,NVIDIA B200,I64,U32,256,20,2,4,1000000000,2,Yes,,,,,,,,
pfp_bloom_filter_add_unique_size_u32,0,NVIDIA B200,I64,U32,256,20,2,4,1000000000,4,Yes,,,,,,,,
pfp_bloom_filter_add_unique_size_u32,0,NVIDIA B200,I64,U32,256,20,2,4,1000000000,8,Yes,,,,,,,,
pfp_bloom_filter_add_unique_size_u32,0,NVIDIA B200,I64,U32,256,20,2,4,1000000000,16,Yes,,,,,,,,
pfp_bloom_filter_add_unique_size_u32,0,NVIDIA B200,I64,U32,256,20,2,4,1000000000,32,Yes,,,,,,,,
pfp_bloom_filter_add_unique_size_u32,0,NVIDIA B200,I64,U32,256,20,2,4,1000000000,64,Yes,,,,,,,,
pfp_bloom_filter_add_unique_size_u32,0,NVIDIA B200,I64,U32,256,20,2,4,1000000000,128,Yes,,,,,,,,
pfp_bloom_filter_add_unique_size_u32,0,NVIDIA B200,I64,U32,256,20,2,4,1000000000,256,Yes,,,,,,,,
pfp_bloom_filter_add_unique_size_u32,0,NVIDIA B200,I64,U32,256,20,2,4,1000000000,512,Yes,,,,,,,,
pfp_bloom_filter_add_unique_size_u32,0,NVIDIA B200,I64,U32,256,20,2,4,1000000000,1024,Yes,,,,,,,,
pfp_bloom_filter_add_unique_size_u32,0,NVIDIA B200,I64,U32,256,20,2,4,1000000000,2048,Yes,,,,,,,,
pfp_bloom_filter_add_unique_size_u32,0,NVIDIA B200,I64,U32,256,20,2,8,1000000000,1,Yes,,,,,,,,
pfp_bloom_filter_add_unique_size_u32,0,NVIDIA B200,I64,U32,256,20,2,8,1000000000,2,Yes,,,,,,,,
pfp_bloom_filter_add_unique_size_u32,0,NVIDIA B200,I64,U32,256,20,2,8,1000000000,4,Yes,,,,,,,,
pfp_bloom_filter_add_unique_size_u32,0,NVIDIA B200,I64,U32,256,20,2,8,1000000000,8,Yes,,,,,,,,
pfp_bloom_filter_add_unique_size_u32,0,NVIDIA B200,I64,U32,256,20,2,8,1000000000,16,Yes,,,,,,,,
pfp_bloom_filter_add_unique_size_u32,0,NVIDIA B200,I64,U32,256,20,2,8,1000000000,32,Yes,,,,,,,,
pfp_bloom_filter_add_unique_size_u32,0,NVIDIA B200,I64,U32,256,20,2,8,1000000000,64,Yes,,,,,,,,
pfp_bloom_filter_add_unique_size_u32,0,NVIDIA B200,I64,U32,256,20,2,8,1000000000,128,Yes,,,,,,,,
pfp_bloom_filter_add_unique_size_u32,0,NVIDIA B200,I64,U32,256,20,2,8,1000000000,256,Yes,,,,,,,,
pfp_bloom_filter_add_unique_size_u32,0,NVIDIA B200,I64,U32,256,20,2,8,1000000000,512,Yes,,,,,,,,
pfp_bloom_filter_add_unique_size_u32,0,NVIDIA B200,I64,U32,256,20,2,8,1000000000,1024,Yes,,,,,,,,
pfp_bloom_filter_add_unique_size_u32,0,NVIDIA B200,I64,U32,256,20,2,8,1000000000,2048,Yes,,,,,,,,
pfp_bloom_filter_add_unique_size_u32,0,NVIDIA B200,I64,U32,256,20,4,1,1000000000,1,Yes,,,,,,,,
pfp_bloom_filter_add_unique_size_u32,0,NVIDIA B200,I64,U32,256,20,4,1,1000000000,2,Yes,,,,,,,,
pfp_bloom_filter_add_unique_size_u32,0,NVIDIA B200,I64,U32,256,20,4,1,1000000000,4,Yes,,,,,,,,
pfp_bloom_filter_add_unique_size_u32,0,NVIDIA B200,I64,U32,256,20,4,1,1000000000,8,Yes,,,,,,,,
pfp_bloom_filter_add_unique_size_u32,0,NVIDIA B200,I64,U32,256,20,4,1,1000000000,16,Yes,,,,,,,,
pfp_bloom_filter_add_unique_size_u32,0,NVIDIA B200,I64,U32,256,20,4,1,1000000000,32,Yes,,,,,,,,
pfp_bloom_filter_add_unique_size_u32,0,NVIDIA B200,I64,U32,256,20,4,1,1000000000,64,Yes,,,,,,,,
pfp_bloom_filter_add_unique_size_u32,0,NVIDIA B200,I64,U32,256,20,4,1,1000000000,128,Yes,,,,,,,,
pfp_bloom_filter_add_unique_size_u32,0,NVIDIA B200,I64,U32,256,20,4,1,1000000000,256,Yes,,,,,,,,
pfp_bloom_filter_add_unique_size_u32,0,NVIDIA B200,I64,U32,256,20,4,1,1000000000,512,Yes,,,,,,,,
pfp_bloom_filter_add_unique_size_u32,0,NVIDIA B200,I64,U32,256,20,4,1,1000000000,1024,Yes,,,,,,,,
pfp_bloom_filter_add_unique_size_u32,0,NVIDIA B200,I64,U32,256,20,4,1,1000000000,2048,Yes,,,,,,,,
pfp_bloom_filter_add_unique_size_u32,0,NVIDIA B200,I64,U32,256,20,4,2,1000000000,1,Yes,,,,,,,,
pfp_bloom_filter_add_unique_size_u32,0,NVIDIA B200,I64,U32,256,20,4,2,1000000000,2,Yes,,,,,,,,
pfp_bloom_filter_add_unique_size_u32,0,NVIDIA B200,I64,U32,256,20,4,2,1000000000,4,Yes,,,,,,,,
pfp_bloom_filter_add_unique_size_u32,0,NVIDIA B200,I64,U32,256,20,4,2,1000000000,8,Yes,,,,,,,,
pfp_bloom_filter_add_unique_size_u32,0,NVIDIA B200,I64,U32,256,20,4,2,1000000000,16,Yes,,,,,,,,
pfp_bloom_filter_add_unique_size_u32,0,NVIDIA B200,I64,U32,256,20,4,2,1000000000,32,Yes,,,,,,,,
pfp_bloom_filter_add_unique_size_u32,0,NVIDIA B200,I64,U32,256,20,4,2,1000000000,64,Yes,,,,,,,,
pfp_bloom_filter_add_unique_size_u32,0,NVIDIA B200,I64,U32,256,20,4,2,1000000000,128,Yes,,,,,,,,
pfp_bloom_filter_add_unique_size_u32,0,NVIDIA B200,I64,U32,256,20,4,2,1000000000,256,Yes,,,,,,,,
pfp_bloom_filter_add_unique_size_u32,0,NVIDIA B200,I64,U32,256,20,4,2,1000000000,512,Yes,,,,,,,,
pfp_bloom_filter_add_unique_size_u32,0,NVIDIA B200,I64,U32,256,20,4,2,1000000000,1024,Yes,,,,,,,,
pfp_bloom_filter_add_unique_size_u32,0,NVIDIA B200,I64,U32,256,20,4,2,1000000000,2048,Yes,,,,,,,,
pfp_bloom_filter_add_unique_size_u32,0,NVIDIA B200,I64,U32,256,20,4,4,1000000000,1,Yes,,,,,,,,
pfp_bloom_filter_add_unique_size_u32,0,NVIDIA B200,I64,U32,256,20,4,4,1000000000,2,Yes,,,,,,,,
pfp_bloom_filter_add_unique_size_u32,0,NVIDIA B200,I64,U32,256,20,4,4,1000000000,4,Yes,,,,,,,,
pfp_bloom_filter_add_unique_size_u32,0,NVIDIA B200,I64,U32,256,20,4,4,1000000000,8,Yes,,,,,,,,
pfp_bloom_filter_add_unique_size_u32,0,NVIDIA B200,I64,U32,256,20,4,4,1000000000,16,Yes,,,,,,,,
pfp_bloom_filter_add_unique_size_u32,0,NVIDIA B200,I64,U32,256,20,4,4,1000000000,32,Yes,,,,,,,,
pfp_bloom_filter_add_unique_size_u32,0,NVIDIA B200,I64,U32,256,20,4,4,1000000000,64,Yes,,,,,,,,
pfp_bloom_filter_add_unique_size_u32,0,NVIDIA B200,I64,U32,256,20,4,4,1000000000,128,Yes,,,,,,,,
pfp_bloom_filter_add_unique_size_u32,0,NVIDIA B200,I64,U32,256,20,4,4,1000000000,256,Yes,,,,,,,,
pfp_bloom_filter_add_unique_size_u32,0,NVIDIA B200,I64,U32,256,20,4,4,1000000000,512,Yes,,,,,,,,
pfp_bloom_filter_add_unique_size_u32,0,NVIDIA B200,I64,U32,256,20,4,4,1000000000,1024,Yes,,,,,,,,
pfp_bloom_filter_add_unique_size_u32,0,NVIDIA B200,I64,U32,256,20,4,4,1000000000,2048,Yes,,,,,,,,
pfp_bloom_filter_add_unique_size_u32,0,NVIDIA B200,I64,U32,256,20,4,8,1000000000,1,Yes,,,,,,,,
pfp_bloom_filter_add_unique_size_u32,0,NVIDIA B200,I64,U32,256,20,4,8,1000000000,2,Yes,,,,,,,,
pfp_bloom_filter_add_unique_size_u32,0,NVIDIA B200,I64,U32,256,20,4,8,1000000000,4,Yes,,,,,,,,
pfp_bloom_filter_add_unique_size_u32,0,NVIDIA B200,I64,U32,256,20,4,8,1000000000,8,Yes,,,,,,,,
pfp_bloom_filter_add_unique_size_u32,0,NVIDIA B200,I64,U32,256,20,4,8,1000000000,16,Yes,,,,,,,,
pfp_bloom_filter_add_unique_size_u32,0,NVIDIA B200,I64,U32,256,20,4,8,1000000000,32,Yes,,,,,,,,
pfp_bloom_filter_add_unique_size_u32,0,NVIDIA B200,I64,U32,256,20,4,8,1000000000,64,Yes,,,,,,,,
pfp_bloom_filter_add_unique_size_u32,0,NVIDIA B200,I64,U32,256,20,4,8,1000000000,128,Yes,,,,,,,,
pfp_bloom_filter_add_unique_size_u32,0,NVIDIA B200,I64,U32,256,20,4,8,1000000000,256,Yes,,,,,,,,
pfp_bloom_filter_add_unique_size_u32,0,NVIDIA B200,I64,U32,256,20,4,8,1000000000,512,Yes,,,,,,,,
pfp_bloom_filter_add_unique_size_u32,0,NVIDIA B200,I64,U32,256,20,4,8,1000000000,1024,Yes,,,,,,,,
pfp_bloom_filter_add_unique_size_u32,0,NVIDIA B200,I64,U32,256,20,4,8,1000000000,2048,Yes,,,,,,,,
pfp_bloom_filter_add_unique_size_u32,0,NVIDIA B200,I64,U32,256,20,8,1,1000000000,1,Yes,,,,,,,,
pfp_bloom_filter_add_unique_size_u32,0,NVIDIA B200,I64,U32,256,20,8,1,1000000000,2,Yes,,,,,,,,
pfp_bloom_filter_add_unique_size_u32,0,NVIDIA B200,I64,U32,256,20,8,1,1000000000,4,Yes,,,,,,,,
pfp_bloom_filter_add_unique_size_u32,0,NVIDIA B200,I64,U32,256,20,8,1,1000000000,8,Yes,,,,,,,,
pfp_bloom_filter_add_unique_size_u32,0,NVIDIA B200,I64,U32,256,20,8,1,1000000000,16,Yes,,,,,,,,
pfp_bloom_filter_add_unique_size_u32,0,NVIDIA B200,I64,U32,256,20,8,1,1000000000,32,Yes,,,,,,,,
pfp_bloom_filter_add_unique_size_u32,0,NVIDIA B200,I64,U32,256,20,8,1,1000000000,64,Yes,,,,,,,,
pfp_bloom_filter_add_unique_size_u32,0,NVIDIA B200,I64,U32,256,20,8,1,1000000000,128,Yes,,,,,,,,
pfp_bloom_filter_add_unique_size_u32,0,NVIDIA B200,I64,U32,256,20,8,1,1000000000,256,Yes,,,,,,,,
pfp_bloom_filter_add_unique_size_u32,0,NVIDIA B200,I64,U32,256,20,8,1,1000000000,512,Yes,,,,,,,,
pfp_bloom_filter_add_unique_size_u32,0,NVIDIA B200,I64,U32,256,20,8,1,1000000000,1024,Yes,,,,,,,,
pfp_bloom_filter_add_unique_size_u32,0,NVIDIA B200,I64,U32,256,20,8,1,1000000000,2048,Yes,,,,,,,,
pfp_bloom_filter_add_unique_size_u32,0,NVIDIA B200,I64,U32,256,20,8,2,1000000000,1,Yes,,,,,,,,
pfp_bloom_filter_add_unique_size_u32,0,NVIDIA B200,I64,U32,256,20,8,2,1000000000,2,Yes,,,,,,,,
pfp_bloom_filter_add_unique_size_u32,0,NVIDIA B200,I64,U32,256,20,8,2,1000000000,4,Yes,,,,,,,,
pfp_bloom_filter_add_unique_size_u32,0,NVIDIA B200,I64,U32,256,20,8,2,1000000000,8,Yes,,,,,,,,
pfp_bloom_filter_add_unique_size_u32,0,NVIDIA B200,I64,U32,256,20,8,2,1000000000,16,Yes,,,,,,,,
pfp_bloom_filter_add_unique_size_u32,0,NVIDIA B200,I64,U32,256,20,8,2,1000000000,32,Yes,,,,,,,,
pfp_bloom_filter_add_unique_size_u32,0,NVIDIA B200,I64,U32,256,20,8,2,1000000000,64,Yes,,,,,,,,
pfp_bloom_filter_add_unique_size_u32,0,NVIDIA B200,I64,U32,256,20,8,2,1000000000,128,Yes,,,,,,,,
pfp_bloom_filter_add_unique_size_u32,0,NVIDIA B200,I64,U32,256,20,8,2,1000000000,256,Yes,,,,,,,,
pfp_bloom_filter_add_unique_size_u32,0,NVIDIA B200,I64,U32,256,20,8,2,1000000000,512,Yes,,,,,,,,
pfp_bloom_filter_add_unique_size_u32,0,NVIDIA B200,I64,U32,256,20,8,2,1000000000,1024,Yes,,,,,,,,
pfp_bloom_filter_add_unique_size_u32,0,NVIDIA B200,I64,U32,256,20,8,2,1000000000,2048,Yes,,,,,,,,
pfp_bloom_filter_add_unique_size_u32,0,NVIDIA B200,I64,U32,256,20,8,4,1000000000,1,Yes,,,,,,,,
pfp_bloom_filter_add_unique_size_u32,0,NVIDIA B200,I64,U32,256,20,8,4,1000000000,2,Yes,,,,,,,,
pfp_bloom_filter_add_unique_size_u32,0,NVIDIA B200,I64,U32,256,20,8,4,1000000000,4,Yes,,,,,,,,
pfp_bloom_filter_add_unique_size_u32,0,NVIDIA B200,I64,U32,256,20,8,4,1000000000,8,Yes,,,,,,,,
pfp_bloom_filter_add_unique_size_u32,0,NVIDIA B200,I64,U32,256,20,8,4,1000000000,16,Yes,,,,,,,,
pfp_bloom_filter_add_unique_size_u32,0,NVIDIA B200,I64,U32,256,20,8,4,1000000000,32,Yes,,,,,,,,
pfp_bloom_filter_add_unique_size_u32,0,NVIDIA B200,I64,U32,256,20,8,4,1000000000,64,Yes,,,,,,,,
pfp_bloom_filter_add_unique_size_u32,0,NVIDIA B200,I64,U32,256,20,8,4,1000000000,128,Yes,,,,,,,,
pfp_bloom_filter_add_unique_size_u32,0,NVIDIA B200,I64,U32,256,20,8,4,1000000000,256,Yes,,,,,,,,
pfp_bloom_filter_add_unique_size_u32,0,NVIDIA B200,I64,U32,256,20,8,4,1000000000,512,Yes,,,,,,,,
pfp_bloom_filter_add_unique_size_u32,0,NVIDIA B200,I64,U32,256,20,8,4,1000000000,1024,Yes,,,,,,,,
pfp_bloom_filter_add_unique_size_u32,0,NVIDIA B200,I64,U32,256,20,8,4,1000000000,2048,Yes,,,,,,,,
pfp_bloom_filter_add_unique_size_u32,0,NVIDIA B200,I64,U32,256,20,8,8,1000000000,1,Yes,,,,,,,,
pfp_bloom_filter_add_unique_size_u32,0,NVIDIA B200,I64,U32,256,20,8,8,1000000000,2,Yes,,,,,,,,
pfp_bloom_filter_add_unique_size_u32,0,NVIDIA B200,I64,U32,256,20,8,8,1000000000,4,Yes,,,,,,,,
pfp_bloom_filter_add_unique_size_u32,0,NVIDIA B200,I64,U32,256,20,8,8,1000000000,8,Yes,,,,,,,,
pfp_bloom_filter_add_unique_size_u32,0,NVIDIA B200,I64,U32,256,20,8,8,1000000000,16,Yes,,,,,,,,
pfp_bloom_filter_add_unique_size_u32,0,NVIDIA B200,I64,U32,256,20,8,8,1000000000,32,Yes,,,,,,,,
pfp_bloom_filter_add_unique_size_u32,0,NVIDIA B200,I64,U32,256,20,8,8,1000000000,64,Yes,,,,,,,,
pfp_bloom_filter_add_unique_size_u32,0,NVIDIA B200,I64,U32,256,20,8,8,1000000000,128,Yes,,,,,,,,
pfp_bloom_filter_add_unique_size_u32,0,NVIDIA B200,I64,U32,256,20,8,8,1000000000,256,Yes,,,,,,,,
pfp_bloom_filter_add_unique_size_u32,0,NVIDIA B200,I64,U32,256,20,8,8,1000000000,512,Yes,,,,,,,,
pfp_bloom_filter_add_unique_size_u32,0,NVIDIA B200,I64,U32,256,20,8,8,1000000000,1024,Yes,,,,,,,,
pfp_bloom_filter_add_unique_size_u32,0,NVIDIA B200,I64,U32,256,20,8,8,1000000000,2048,Yes,,,,,,,,
pfp_bloom_filter_add_unique_size_u32,0,NVIDIA B200,I64,U32,512,1,1,1,1000000000,1,No,11,0.11846346236363638,6.841637971375019e-05,0.11844495946710758,6.74400982682001e-05,8442740024.557163,12,0.11845145734151206
pfp_bloom_filter_add_unique_size_u32,0,NVIDIA B200,I64,U32,512,1,1,1,1000000000,2,No,11,0.12229844036363638,0.0001111813088336873,0.12227974909002133,0.00011082921780680396,8177969021.377435,12,0.1222814604441325
pfp_bloom_filter_add_unique_size_u32,0,NVIDIA B200,I64,U32,512,1,1,1,1000000000,4,No,11,0.11845772054545457,0.0001063126989620901,0.11843937752463601,0.00011176296891278569,8443137923.381898,12,0.11843737729390462
pfp_bloom_filter_add_unique_size_u32,0,NVIDIA B200,I64,U32,512,1,1,1,1000000000,8,No,11,0.11742214081818182,0.00010994956215774443,0.11740337025035513,0.00010905122390702933,8517643044.382494,12,0.11740808296203614
pfp_bloom_filter_add_unique_size_u32,0,NVIDIA B200,I64,U32,512,1,1,1,1000000000,16,No,11,0.11744429854545455,6.905799470303541e-05,0.11742645610462535,7.22429457073393e-05,8515968489.324193,12,0.11742036946614583
pfp_bloom_filter_add_unique_size_u32,0,NVIDIA B200,I64,U32,512,1,1,1,1000000000,32,No,11,0.11729771727272728,0.00012575336152923067,0.11727946402809836,0.00012366853055907672,8526641968.285389,12,0.11726736323038738
pfp_bloom_filter_add_unique_size_u32,0,NVIDIA B200,I64,U32,512,1,1,1,1000000000,64,No,11,0.11732246781818181,5.596939159998319e-05,0.11730348205566409,5.381513924068765e-05,8524896128.193956,12,0.11728384145100912
pfp_bloom_filter_add_unique_size_u32,0,NVIDIA B200,I64,U32,512,1,1,1,1000000000,128,No,11,0.12269085500000002,6.42676527563248e-05,0.12267138394442471,6.020478152865852e-05,8151860424.5391245,12,0.12265804100036624
pfp_bloom_filter_add_unique_size_u32,0,NVIDIA B200,I64,U32,512,1,1,1,1000000000,256,No,11,0.13369291672727274,9.252017377662185e-05,0.13367296114834873,9.449987634020385e-05,7480944473.805823,12,0.13366118367513022
pfp_bloom_filter_add_unique_size_u32,0,NVIDIA B200,I64,U32,512,1,1,1,1000000000,512,No,11,0.2530382418181818,2.2340994550704534e-05,0.2530180178555575,2.3559791759635586e-05,3952287700.5971894,12,0.2530105247497559
pfp_bloom_filter_add_unique_size_u32,0,NVIDIA B200,I64,U32,512,1,1,1,1000000000,1024,No,11,0.3100656193636363,2.2451936711065714e-05,0.3100442033247514,1.7054237981162354e-05,3225346545.0297875,12,0.31004475911458335
pfp_bloom_filter_add_unique_size_u32,0,NVIDIA B200,I64,U32,512,1,1,1,1000000000,2048,No,11,0.3396574690909091,1.0930438275365148e-05,0.33963687688654126,1.1614127501927565e-05,2944321032.4126816,12,0.3396394500732422
pfp_bloom_filter_add_unique_size_u32,0,NVIDIA B200,I64,U32,512,1,1,2,1000000000,1,No,11,0.11848282545454546,0.00011617596540443771,0.11846349126642401,0.00011240629729833206,8441419287.154076,12,0.11846613311767577
pfp_bloom_filter_add_unique_size_u32,0,NVIDIA B200,I64,U32,512,1,1,2,1000000000,2,No,11,0.12230034527272728,9.29645955984993e-05,0.12228058762983843,9.05169351629874e-05,8177912940.908896,12,0.12228488413492838
pfp_bloom_filter_add_unique_size_u32,0,NVIDIA B200,I64,U32,512,1,1,2,1000000000,4,No,11,0.11847328027272726,0.00011336867126327206,0.11845381164550782,0.00011298300173809681,8442109089.681822,12,0.11844087473551435
pfp_bloom_filter_add_unique_size_u32,0,NVIDIA B200,I64,U32,512,1,1,2,1000000000,8,No,11,0.11745286454545455,6.996471565974285e-05,0.11743259915438566,6.067235907308872e-05,8515523008.098675,12,0.11742472521464031
pfp_bloom_filter_add_unique_size_u32,0,NVIDIA B200,I64,U32,512,1,1,2,1000000000,16,No,11,0.11746535981818185,6.699169744835072e-05,0.1174460019198331,6.825377972570615e-05,8514551229.105144,12,0.11743436876932778
pfp_bloom_filter_add_unique_size_u32,0,NVIDIA B200,I64,U32,512,1,1,2,1000000000,32,No,11,0.11731636663636365,9.56627064318501e-05,0.11729705810546877,9.234099024141464e-05,8525363006.980452,12,0.11728947067260742
pfp_bloom_filter_add_unique_size_u32,0,NVIDIA B200,I64,U32,512,1,1,2,1000000000,64,No,11,0.11734179627272727,4.0816083875518805e-05,0.11732219279896129,4.3172576792306984e-05,8523536563.227733,12,0.11730328687032061
pfp_bloom_filter_add_unique_size_u32,0,NVIDIA B200,I64,U32,512,1,1,2,1000000000,128,No,11,0.1227535798181818,6.268319686114297e-05,0.12273356836492365,6.386783092259523e-05,8147730187.610129,12,0.1227167485555013
pfp_bloom_filter_add_unique_size_u32,0,NVIDIA B200,I64,U32,512,1,1,2,1000000000,256,No,11,0.13375182200000005,9.445390418702614e-05,0.13373206676136365,9.263246174167139e-05,7477638117.897604,12,0.133719539642334
pfp_bloom_filter_add_unique_size_u32,0,NVIDIA B200,I64,U32,512,1,1,2,1000000000,512,No,11,0.2530243493636364,1.710895632587539e-05,0.2530035774924539,1.7260128915028183e-05,3952513280.2907743,12,0.2530001945495606
pfp_bloom_filter_add_unique_size_u32,0,NVIDIA B200,I64,U32,512,1,1,2,1000000000,1024,No,11,0.3100503112727273,1.4211035698177356e-05,0.31002894176136364,1.3945948872561918e-05,3225505316.7575655,12,0.31003090922037757
pfp_bloom_filter_add_unique_size_u32,0,NVIDIA B200,I64,U32,512,1,1,2,1000000000,2048,No,11,0.3396337379090909,1.6593021511406157e-05,0.3396114612926136,1.65093286781416e-05,2944541377.3547153,12,0.3396150614420573
pfp_bloom_filter_add_unique_size_u32,0,NVIDIA B200,I64,U32,512,1,1,4,1000000000,1,No,11,0.11848710527272727,8.52822446820979e-05,0.11846684126420454,8.974031079610206e-05,8441180581.237933,12,0.1184652837117513
pfp_bloom_filter_add_unique_size_u32,0,NVIDIA B200,I64,U32,512,1,1,4,1000000000,2,No,11,0.12230814227272728,0.00011017035071381836,0.1222888738458807,0.00011059469739603407,8177358810.747483,12,0.12228463300069171
pfp_bloom_filter_add_unique_size_u32,0,NVIDIA B200,I64,U32,512,1,1,4,1000000000,4,No,11,0.11846940027272729,0.00011206195798702033,0.11845082508433948,0.00011204168912673383,8442321944.8913,12,0.1184448858896891
pfp_bloom_filter_add_unique_size_u32,0,NVIDIA B200,I64,U32,512,1,1,4,1000000000,8,No,11,0.1174514908181818,9.588403691613003e-05,0.11743203943425956,9.733477670414311e-05,8515563595.911292,12,0.11742498143513996
pfp_bloom_filter_add_unique_size_u32,0,NVIDIA B200,I64,U32,512,1,1,4,1000000000,16,No,11,0.11745844027272731,9.399861221252926e-05,0.11744004613702948,9.089308603998637e-05,8514983030.858114,12,0.1174390557607015
pfp_bloom_filter_add_unique_size_u32,0,NVIDIA B200,I64,U32,512,1,1,4,1000000000,32,No,11,0.11731589436363636,5.479853598209764e-05,0.11729697140780361,5.693073819575659e-05,8525369308.328717,12,0.11728844833374023
pfp_bloom_filter_add_unique_size_u32,0,NVIDIA B200,I64,U32,512,1,1,4,1000000000,64,No,11,0.11734117336363638,7.12562646793834e-05,0.11732228643243961,7.243976638899723e-05,8523529760.697708,12,0.11730219332377116
pfp_bloom_filter_add_unique_size_u32,0,NVIDIA B200,I64,U32,512,1,1,4,1000000000,128,No,11,0.12275346636363636,8.037257874981494e-05,0.12273431327126244,7.825905241011844e-05,8147680736.925136,12,0.12271940549214681
pfp_bloom_filter_add_unique_size_u32,0,NVIDIA B200,I64,U32,512,1,1,4,1000000000,256,No,11,0.13374790718181817,6.412392975071901e-05,0.13372872231223365,6.319047291385635e-05,7477825127.687763,12,0.13371613693237303
pfp_bloom_filter_add_unique_size_u32,0,NVIDIA B200,I64,U32,512,1,1,4,1000000000,512,No,11,0.2530180715454546,1.807809435970518e-05,0.25299800526012073,1.776082574189454e-05,3952600333.634436,12,0.25300299962361655
pfp_bloom_filter_add_unique_size_u32,0,NVIDIA B200,I64,U32,512,1,1,4,1000000000,1024,No,11,0.31004130518181816,2.4907531704100227e-05,0.31001982255415483,2.3989862987583118e-05,3225600194.7272844,12,0.3100244420369467
pfp_bloom_filter_add_unique_size_u32,0,NVIDIA B200,I64,U32,512,1,1,4,1000000000,2048,No,11,0.33963833936363635,1.7190276499821726e-05,0.33961630249023433,1.6974360941356028e-05,2944499403.2015142,12,0.33960883076985676
pfp_bloom_filter_add_unique_size_u32,0,NVIDIA B200,I64,U32,512,1,1,8,1000000000,1,No,11,0.1184871541818182,0.00012210646826602808,0.11846795654296872,0.00012168622594639564,8441101114.437613,12,0.11846886444091798
pfp_bloom_filter_add_unique_size_u32,0,NVIDIA B200,I64,U32,512,1,1,8,1000000000,2,No,11,0.12230365218181817,0.00012379436546206416,0.12228524502840911,0.00012183401151208584,8177601474.059128,12,0.12228616269429525
pfp_bloom_filter_add_unique_size_u32,0,NVIDIA B200,I64,U32,512,1,1,8,1000000000,4,No,11,0.11846522772727272,7.72185396029945e-05,0.11844654083251953,7.46663230549325e-05,8442627306.558283,12,0.11844813919067383
pfp_bloom_filter_add_unique_size_u32,0,NVIDIA B200,I64,U32,512,1,1,8,1000000000,8,No,11,0.11744412745454547,7.78646927770384e-05,0.11742561756480824,7.822395806786774e-05,8516029302.107703,12,0.11742513783772786
pfp_bloom_filter_add_unique_size_u32,0,NVIDIA B200,I64,U32,512,1,1,8,1000000000,16,No,11,0.11746208972727272,0.00011977508916112432,0.117443584095348,0.00011696188687558257,8514726519.144187,12,0.11743471844991048
pfp_bloom_filter_add_unique_size_u32,0,NVIDIA B200,I64,U32,512,1,1,8,1000000000,32,No,11,0.1173234138181818,6.8458162153111e-05,0.11730366793545811,6.47498171231917e-05,8524882619.61435,12,0.11729109064737957
pfp_bloom_filter_add_unique_size_u32,0,NVIDIA B200,I64,U32,512,1,1,8,1000000000,64,No,11,0.11734072236363638,7.344859759826752e-05,0.11732155054265801,7.28405874742021e-05,8523583223.837473,12,0.1173028647104899
pfp_bloom_filter_add_unique_size_u32,0,NVIDIA B200,I64,U32,512,1,1,8,1000000000,128,No,11,0.12275952518181818,6.404588235643058e-05,0.122739726673473,6.327842929553675e-05,8147321385.685666,12,0.12272230211893718
pfp_bloom_filter_add_unique_size_u32,0,NVIDIA B200,I64,U32,512,1,1,8,1000000000,256,No,11,0.13375137290909092,6.534025732047562e-05,0.13373217218572442,6.664820571436392e-05,7477632223.091547,12,0.13371956253051756
pfp_bloom_filter_add_unique_size_u32,0,NVIDIA B200,I64,U32,512,1,1,8,1000000000,512,No,11,0.2530254890909091,2.3473381077627455e-05,0.2530051782781428,2.3648872748490977e-05,3952488272.396717,12,0.2529967002868652
pfp_bloom_filter_add_unique_size_u32,0,NVIDIA B200,I64,U32,512,1,1,8,1000000000,1024,No,11,0.31004604463636365,2.038649593252872e-05,0.3100266141024503,2.0129653745417362e-05,3225529533.633985,12,0.31002734375
pfp_bloom_filter_add_unique_size_u32,0,NVIDIA B200,I64,U32,512,1,1,8,1000000000,2048,No,11,0.3396327739090909,1.2556812304978523e-05,0.33961332009055395,1.0901001757110634e-05,2944525261.0626745,12,0.3396107864379883
pfp_bloom_filter_add_unique_size_u32,0,NVIDIA B200,I64,U32,512,1,2,1,1000000000,1,No,11,0.05908776927272728,9.433459882563466e-05,0.05907055768099698,8.854753133793736e-05,16928907382.259241,12,0.05907140127817789
pfp_bloom_filter_add_unique_size_u32,0,NVIDIA B200,I64,U32,512,1,2,1,1000000000,2,No,11,0.06123638981818183,6.0400712206982115e-05,0.06121909748424184,6.040058813908902e-05,16334772008.97001,12,0.06121582539876302
pfp_bloom_filter_add_unique_size_u32,0,NVIDIA B200,I64,U32,512,1,2,1,1000000000,4,No,11,0.05931335036363636,0.00018941151360666187,0.05929607807506214,0.00018946145233991583,16864521777.209496,12,0.05929190508524576
pfp_bloom_filter_add_unique_size_u32,0,NVIDIA B200,I64,U32,512,1,2,1,1000000000,8,No,11,0.058567619818181815,9.046516344239073e-05,0.05855036510120739,8.584216040509762e-05,17079312797.989344,12,0.05854676755269369
pfp_bloom_filter_add_unique_size_u32,0,NVIDIA B200,I64,U32,512,1,2,1,1000000000,16,No,11,0.058568427727272734,7.479234175648325e-05,0.05855148142034358,7.814069783904029e-05,17078987170.639755,12,0.05854607963562011
pfp_bloom_filter_add_unique_size_u32,0,NVIDIA B200,I64,U32,512,1,2,1,1000000000,32,No,11,0.05843405900000001,5.545027630128785e-05,0.05841687289151279,5.323473369486871e-05,17118341850.600616,12,0.058409553209940596
pfp_bloom_filter_add_unique_size_u32,0,NVIDIA B200,I64,U32,512,1,2,1,1000000000,64,No,11,0.058453804727272726,8.757166009512021e-05,0.05843707344748757,9.01617825765245e-05,17112424373.862854,12,0.05841800435384114
pfp_bloom_filter_add_unique_size_u32,0,NVIDIA B200,I64,U32,512,1,2,1,1000000000,128,No,11,0.06851599127272727,8.075677577352448e-05,0.06849815229936079,7.449225715296879e-05,14598933933.71622,12,0.06847829500834147
pfp_bloom_filter_add_unique_size_u32,0,NVIDIA B200,I64,U32,512,1,2,1,1000000000,256,No,11,0.08207487136363636,9.60618381945747e-05,0.08205703249844638,9.511469709380644e-05,12186645916.289179,12,0.08204501342773438
pfp_bloom_filter_add_unique_size_u32,0,NVIDIA B200,I64,U32,512,1,2,1,1000000000,512,No,11,0.11698458372727273,3.536417452734834e-05,0.11696613381125709,3.879348717872584e-05,8549483234.298009,12,0.11696759096781413
pfp_bloom_filter_add_unique_size_u32,0,NVIDIA B200,I64,U32,512,1,2,1,1000000000,1024,No,11,0.14379165427272728,2.9388315207687216e-05,0.14377360950816762,3.186169504669976e-05,6955379387.224685,12,0.14377301661173503
pfp_bloom_filter_add_unique_size_u32,0,NVIDIA B200,I64,U32,512,1,2,1,1000000000,2048,No,11,0.15785879472727268,2.7194686918020475e-05,0.15784038058194247,2.7981166333131976e-05,6335514374.161385,12,0.15783628845214845
pfp_bloom_filter_add_unique_size_u32,0,NVIDIA B200,I64,U32,512,1,2,2,1000000000,1,No,11,0.059081717181818184,8.326867567088546e-05,0.05906413997303355,7.826703116708131e-05,16930746819.585659,12,0.05906346480051675
pfp_bloom_filter_add_unique_size_u32,0,NVIDIA B200,I64,U32,512,1,2,2,1000000000,2,No,11,0.061233751818181824,0.00010890752470674393,0.0612153715653853,0.0001098903733206077,16335766236.94722,12,0.06121608924865723
pfp_bloom_filter_add_unique_size_u32,0,NVIDIA B200,I64,U32,512,1,2,2,1000000000,4,No,11,0.05930794909090909,0.00015124555042893035,0.05929081067171964,0.00015464155641463457,16866020023.520731,12,0.05929010804494222
pfp_bloom_filter_add_unique_size_u32,0,NVIDIA B200,I64,U32,512,1,2,2,1000000000,8,No,11,0.05856033318181819,9.503883020932547e-05,0.05854348234696822,9.820384562058765e-05,17081320753.578077,12,0.058544385910034184
pfp_bloom_filter_add_unique_size_u32,0,NVIDIA B200,I64,U32,512,1,2,2,1000000000,16,No,11,0.058557864454545465,0.00014562514242133983,0.05854058768532493,0.00013646302746037872,17082165375.163837,12,0.05853456083933512
pfp_bloom_filter_add_unique_size_u32,0,NVIDIA B200,I64,U32,512,1,2,2,1000000000,32,No,11,0.05842906127272728,9.511519256135017e-05,0.05841166548295454,0.00010675625925572254,17119867953.291214,12,0.05840170701344807
pfp_bloom_filter_add_unique_size_u32,0,NVIDIA B200,I64,U32,512,1,2,2,1000000000,64,No,11,0.05844594854545455,7.78240578706934e-05,0.05842859892411666,8.333045238236387e-05,17114906371.42842,12,0.058404855092366544
pfp_bloom_filter_add_unique_size_u32,0,NVIDIA B200,I64,U32,512,1,2,2,1000000000,128,No,11,0.06845278036363636,0.00010808976439240238,0.06843466810746626,0.00010924221549895264,14612476799.473211,12,0.06840754763285319
pfp_bloom_filter_add_unique_size_u32,0,NVIDIA B200,I64,U32,512,1,2,2,1000000000,256,No,11,0.08201310518181817,4.587139282073028e-05,0.08199493893710051,4.3911059304826526e-05,12195874684.010855,12,0.08198510805765788
pfp_bloom_filter_add_unique_size_u32,0,NVIDIA B200,I64,U32,512,1,2,2,1000000000,512,No,11,0.12006459490909091,2.8645979223019546e-05,0.1200449156327681,2.5947766835597297e-05,8330215359.2170515,12,0.12004052925109863
pfp_bloom_filter_add_unique_size_u32,0,NVIDIA B200,I64,U32,512,1,2,2,1000000000,1024,No,11,0.1473733323636364,2.187909967238141e-05,0.14735369318181818,2.2514970839432648e-05,6786392511.8328085,12,0.14735428110758464
pfp_bloom_filter_add_unique_size_u32,0,NVIDIA B200,I64,U32,512,1,2,2,1000000000,2048,No,11,0.16165224490909094,3.0139532941335306e-05,0.16163197742808946,2.5979845416484966e-05,6186894548.4188175,12,0.16163345336914062
pfp_bloom_filter_add_unique_size_u32,0,NVIDIA B200,I64,U32,512,1,2,4,1000000000,1,No,11,0.06192564881818183,5.320378272558363e-05,0.06190843928943981,4.580926675850517e-05,16152886609.28297,12,0.06191095987955728
pfp_bloom_filter_add_unique_size_u32,0,NVIDIA B200,I64,U32,512,1,2,4,1000000000,2,No,11,0.0641568220909091,0.00013268115348494613,0.06413926766135475,0.0001314034385368411,15591072933.35251,12,0.06413763682047526
pfp_bloom_filter_add_unique_size_u32,0,NVIDIA B200,I64,U32,512,1,2,4,1000000000,4,No,11,0.06213385145454547,0.00013168242965546888,0.062116119731556285,0.0001351498791101314,16098880682.206863,12,0.06211455949147542
pfp_bloom_filter_add_unique_size_u32,0,NVIDIA B200,I64,U32,512,1,2,4,1000000000,8,No,11,0.06136084127272728,0.00010176137893583298,0.061343190626664594,0.00010353037520939508,16301727865.542767,12,0.061341522534688324
pfp_bloom_filter_add_unique_size_u32,0,NVIDIA B200,I64,U32,512,1,2,4,1000000000,16,No,11,0.06135772063636364,0.00010552248077862469,0.061340206493030895,0.00010776291924239306,16302520926.688011,12,0.06133384641011556
pfp_bloom_filter_add_unique_size_u32,0,NVIDIA B200,I64,U32,512,1,2,4,1000000000,32,No,11,0.06122584536363637,0.00010729834828811297,0.06120866879549893,0.00010879533668223121,16337555115.616833,12,0.06119833946228028
pfp_bloom_filter_add_unique_size_u32,0,NVIDIA B200,I64,U32,512,1,2,4,1000000000,64,No,11,0.06124333054545454,0.00010492445099075768,0.061225890419699926,9.415831065137302e-05,16332959686.58125,12,0.061208998998006185
pfp_bloom_filter_add_unique_size_u32,0,NVIDIA B200,I64,U32,512,1,2,4,1000000000,128,No,11,0.06972852636363637,0.00011385467067574691,0.06971048042990945,0.00011538428707623814,14345045304.994738,12,0.06969361050923664
pfp_bloom_filter_add_unique_size_u32,0,NVIDIA B200,I64,U32,512,1,2,4,1000000000,256,No,11,0.08224176736363636,6.858916222477759e-05,0.08222431529651987,7.12951147822067e-05,12161852566.284912,12,0.08221192932128907
pfp_bloom_filter_add_unique_size_u32,0,NVIDIA B200,I64,U32,512,1,2,4,1000000000,512,No,11,0.11338514727272729,4.060779867481781e-05,0.113367431640625,3.9712262501063416e-05,8820875497.73556,12,0.11336797587076823
pfp_bloom_filter_add_unique_size_u32,0,NVIDIA B200,I64,U32,512,1,2,4,1000000000,1024,No,11,0.13957047545454546,3.8273718975829425e-05,0.13955201998623934,3.4601577329742785e-05,7165786637.116439,12,0.1395545565287272
pfp_bloom_filter_add_unique_size_u32,0,NVIDIA B200,I64,U32,512,1,2,4,1000000000,2048,No,11,0.15340734854545454,2.0322869002258173e-05,0.1533887772993608,1.8426967626518356e-05,6519381780.117803,12,0.1533825772603353
pfp_bloom_filter_add_unique_size_u32,0,NVIDIA B200,I64,U32,512,1,2,8,1000000000,1,No,11,0.09744013745454545,0.00011052329490320423,0.09742177789861507,0.00010733903335256367,10264645355.175928,12,0.0974220797220866
pfp_bloom_filter_add_unique_size_u32,0,NVIDIA B200,I64,U32,512,1,2,8,1000000000,2,No,11,0.10104081227272728,0.00011964188866985248,0.10102290760387073,0.00011923625892960411,9898744984.862074,12,0.10103174018859862
pfp_bloom_filter_add_unique_size_u32,0,NVIDIA B200,I64,U32,512,1,2,8,1000000000,4,No,11,0.09781482254545457,0.00016298399946201769,0.09779702620072799,0.0001671605352004566,10225259794.17313,12,0.09779546864827472
pfp_bloom_filter_add_unique_size_u32,0,NVIDIA B200,I64,U32,512,1,2,8,1000000000,8,No,11,0.09658948227272726,9.711248677304123e-05,0.09657055178555574,0.00010241978942345754,10355123601.453545,12,0.09656457074483236
pfp_bloom_filter_add_unique_size_u32,0,NVIDIA B200,I64,U32,512,1,2,8,1000000000,16,No,11,0.09659998445454546,7.407005158078856e-05,0.09658181832053443,7.077332847084413e-05,10353915647.779726,12,0.09657788213094076
pfp_bloom_filter_add_unique_size_u32,0,NVIDIA B200,I64,U32,512,1,2,8,1000000000,32,No,11,0.09637629918181821,7.330626171703026e-05,0.09635858570445666,7.5477139788729e-05,10377902422.386314,12,0.09635753949483235
pfp_bloom_filter_add_unique_size_u32,0,NVIDIA B200,I64,U32,512,1,2,8,1000000000,64,No,11,0.09639112572727272,8.167845465701447e-05,0.09637319946289061,7.665134131883703e-05,10376328746.718212,12,0.09637845039367676
pfp_bloom_filter_add_unique_size_u32,0,NVIDIA B200,I64,U32,512,1,2,8,1000000000,128,No,11,0.09664318509090909,7.547039304285887e-05,0.09662464627352628,7.659909797306731e-05,10349326373.409815,12,0.09662106323242188
pfp_bloom_filter_add_unique_size_u32,0,NVIDIA B200,I64,U32,512,1,2,8,1000000000,256,No,11,0.09705367454545456,6.648846866821069e-05,0.09703545934503731,7.193784340967882e-05,10305511065.230434,12,0.09703107897440592
pfp_bloom_filter_add_unique_size_u32,0,NVIDIA B200,I64,U32,512,1,2,8,1000000000,512,No,11,0.119667595,3.031412143235818e-05,0.11964924482865767,3.032586023609189e-05,8357762737.508612,12,0.11964569600423176
pfp_bloom_filter_add_unique_size_u32,0,NVIDIA B200,I64,U32,512,1,2,8,1000000000,1024,No,11,0.14723452872727275,2.110114443024933e-05,0.14721638904918324,1.9682619674774146e-05,6792721968.380245,12,0.1472164611816406
pfp_bloom_filter_add_unique_size_u32,0,NVIDIA B200,I64,U32,512,1,2,8,1000000000,2048,No,11,0.1615595273636364,1.4960081016858074e-05,0.16154103504527695,1.3981016701059032e-05,6190377570.130825,12,0.1615414581298828
pfp_bloom_filter_add_unique_size_u32,0,NVIDIA B200,I64,U32,512,1,4,1,1000000000,1,No,17,0.030114362176470587,6.226766564420488e-05,0.030098558313706336,4.623269212484831e-05,33224182686.00653,18,0.0300974654091729
pfp_bloom_filter_add_unique_size_u32,0,NVIDIA B200,I64,U32,512,1,4,1,1000000000,2,No,17,0.03100460741176471,0.00015110989857322152,0.03098874552109662,0.0001388540300813945,32269779985.744076,18,0.030989296489291718
pfp_bloom_filter_add_unique_size_u32,0,NVIDIA B200,I64,U32,512,1,4,1,1000000000,4,No,17,0.030153984764705884,0.00010966391863683495,0.03013782590978286,0.00010113507602516776,33180893770.953663,18,0.030136546664767797
pfp_bloom_filter_add_unique_size_u32,0,NVIDIA B200,I64,U32,512,1,4,1,1000000000,8,No,17,0.030113081235294117,3.787882172246824e-05,0.030096992268281827,2.0751350995754663e-05,33225911449.4263,18,0.030092742284138996
pfp_bloom_filter_add_unique_size_u32,0,NVIDIA B200,I64,U32,512,1,4,1,1000000000,16,No,17,0.03011474735294118,4.658765471631723e-05,0.0300990385167739,2.411999079715458e-05,33223652624.07667,18,0.030093253559536404
pfp_bloom_filter_add_unique_size_u32,0,NVIDIA B200,I64,U32,512,1,4,1,1000000000,32,No,17,0.030120405000000003,4.053307172810197e-05,0.03010415436239804,2.4234442142199025e-05,33218006656.551765,18,0.030092857572767466
pfp_bloom_filter_add_unique_size_u32,0,NVIDIA B200,I64,U32,512,1,4,1,1000000000,64,No,17,0.030131645176470587,3.4763567681997587e-05,0.030115781896254596,2.795113230888171e-05,33205181371.178905,18,0.030092167536417642
pfp_bloom_filter_add_unique_size_u32,0,NVIDIA B200,I64,U32,512,1,4,1,1000000000,128,No,12,0.04316868225000001,7.775124695173924e-05,0.04315170160929362,8.724358359850929e-05,23174057168.225994,13,0.0431260745708759
pfp_bloom_filter_add_unique_size_u32,0,NVIDIA B200,I64,U32,512,1,4,1,1000000000,256,No,11,0.05670713827272728,7.496883961253137e-05,0.056690126245672046,7.473224935389379e-05,17639756095.55719,12,0.056681810696919764
pfp_bloom_filter_add_unique_size_u32,0,NVIDIA B200,I64,U32,512,1,4,1,1000000000,512,No,11,0.06356561854545455,8.799729062680437e-05,0.06354794727672232,9.286087605312921e-05,15736149519.44012,12,0.06354406293233235
pfp_bloom_filter_add_unique_size_u32,0,NVIDIA B200,I64,U32,512,1,4,1,1000000000,1024,No,11,0.06726597863636363,0.000139937849311465,0.06724812871759588,0.0001368780344594448,14870302253.307816,12,0.06724189821879069
pfp_bloom_filter_add_unique_size_u32,0,NVIDIA B200,I64,U32,512,1,4,1,1000000000,2048,No,11,0.06920064627272728,9.273866370133752e-05,0.06918265602805397,9.512698567158111e-05,14454489859.344143,12,0.06917939249674479
pfp_bloom_filter_add_unique_size_u32,0,NVIDIA B200,I64,U32,512,1,4,2,1000000000,1,No,16,0.03128350068750001,9.239563599197767e-05,0.031267941951751706,8.772534510404603e-05,31981637983.81932,17,0.031267056745641376
pfp_bloom_filter_add_unique_size_u32,0,NVIDIA B200,I64,U32,512,1,4,2,1000000000,2,No,16,0.0324299634375,0.00013454012271244431,0.03241376757621765,0.000130237805947349,30851088126.32171,17,0.032411280688117536
pfp_bloom_filter_add_unique_size_u32,0,NVIDIA B200,I64,U32,512,1,4,2,1000000000,4,No,16,0.031449842500000005,0.00019894457936331527,0.0314339280128479,0.00019055859268799183,31812759754.087135,17,0.03143113854352166
pfp_bloom_filter_add_unique_size_u32,0,NVIDIA B200,I64,U32,512,1,4,2,1000000000,8,No,17,0.03102505382352941,0.0001810829926497866,0.031008950513951916,0.00017723151518327372,32248753454.266956,18,0.031004840850830082
pfp_bloom_filter_add_unique_size_u32,0,NVIDIA B200,I64,U32,512,1,4,2,1000000000,16,No,17,0.031019401647058825,0.0001216073760561366,0.031003649879904352,0.00012416452392148938,32254266961.264145,18,0.030998464902242024
pfp_bloom_filter_add_unique_size_u32,0,NVIDIA B200,I64,U32,512,1,4,2,1000000000,32,No,17,0.03093597623529412,9.905539266273023e-05,0.030920105317059694,9.785659034116264e-05,32341416361.485203,18,0.030910290400187175
pfp_bloom_filter_add_unique_size_u32,0,NVIDIA B200,I64,U32,512,1,4,2,1000000000,64,No,17,0.030953926235294117,0.00011904969256687999,0.030937999052159926,0.0001127047225827981,32322710926.264164,18,0.03091478485531277
pfp_bloom_filter_add_unique_size_u32,0,NVIDIA B200,I64,U32,512,1,4,2,1000000000,128,No,12,0.04392420991666667,0.00011162329938429161,0.04390775426228841,0.00011178051113093322,22775020421.8229,13,0.04389052933913011
pfp_bloom_filter_add_unique_size_u32,0,NVIDIA B200,I64,U32,512,1,4,2,1000000000,256,No,11,0.05791618127272727,0.0001264424341994012,0.05789910091053356,0.00013112804140873126,17271425363.672104,12,0.0578897943496704
pfp_bloom_filter_add_unique_size_u32,0,NVIDIA B200,I64,U32,512,1,4,2,1000000000,512,No,11,0.06532517072727272,0.00014192215126253725,0.0653074652931907,0.00013882578403995885,15312185146.22501,12,0.06529237683614095
pfp_bloom_filter_add_unique_size_u32,0,NVIDIA B200,I64,U32,512,1,4,2,1000000000,1024,No,11,0.06954972100000001,0.0001332405184724164,0.06953221199729226,0.00013164094439952934,14381823492.67045,12,0.06953104782104493
pfp_bloom_filter_add_unique_size_u32,0,NVIDIA B200,I64,U32,512,1,4,2,1000000000,2048,No,11,0.07378236581818182,6.211182209185607e-05,0.07376384596391156,5.3707680474380226e-05,13556776859.075962,12,0.07376399103800457
pfp_bloom_filter_add_unique_size_u32,0,NVIDIA B200,I64,U32,512,1,4,4,1000000000,1,No,11,0.056204963090909096,5.490571645882901e-05,0.05618790678544477,5.084287219765394e-05,17797423986.95382,12,0.056188755353291826
pfp_bloom_filter_add_unique_size_u32,0,NVIDIA B200,I64,U32,512,1,4,4,1000000000,2,No,11,0.05840132218181818,0.00013744581824038903,0.05838397078080611,0.00014023793217344605,17127988840.538965,12,0.05838438383738199
pfp_bloom_filter_add_unique_size_u32,0,NVIDIA B200,I64,U32,512,1,4,4,1000000000,4,No,11,0.05656457645454546,0.00016485502003146257,0.05654762822931463,0.00017705636164026126,17684207654.91264,12,0.05654724152882893
pfp_bloom_filter_add_unique_size_u32,0,NVIDIA B200,I64,U32,512,1,4,4,1000000000,8,No,11,0.05576092227272728,0.00014744482183219393,0.05574423599243163,0.00014673813270927344,17939074456.698437,12,0.05573939100901285
pfp_bloom_filter_add_unique_size_u32,0,NVIDIA B200,I64,U32,512,1,4,4,1000000000,16,No,11,0.05576086327272727,9.952929264105846e-05,0.05574321157282049,0.00010390249670312253,17939404131.633926,12,0.05574254894256591
pfp_bloom_filter_add_unique_size_u32,0,NVIDIA B200,I64,U32,512,1,4,4,1000000000,32,No,11,0.05558409481818183,9.281693669888595e-05,0.055567081104625354,9.648986090272823e-05,17996266496.653553,12,0.055563433965047204
pfp_bloom_filter_add_unique_size_u32,0,NVIDIA B200,I64,U32,512,1,4,4,1000000000,64,No,11,0.05559296227272728,9.947815975056285e-05,0.055575450203635475,8.920285266758105e-05,17993556441.484028,12,0.05556898180643718
pfp_bloom_filter_add_unique_size_u32,0,NVIDIA B200,I64,U32,512,1,4,4,1000000000,128,No,11,0.05568905527272728,8.451770540667516e-05,0.05567143492265181,8.868549657851156e-05,17962533234.312523,12,0.05566539001464843
pfp_bloom_filter_add_unique_size_u32,0,NVIDIA B200,I64,U32,512,1,4,4,1000000000,256,No,11,0.05878099063636364,5.350241738313564e-05,0.05876332820545543,4.860505477211408e-05,17017415972.486778,12,0.0587600212097168
pfp_bloom_filter_add_unique_size_u32,0,NVIDIA B200,I64,U32,512,1,4,4,1000000000,512,No,11,0.06354330636363638,8.384862324593922e-05,0.06352598086270421,8.482261750668269e-05,15741590864.3938,12,0.06351948706309
pfp_bloom_filter_add_unique_size_u32,0,NVIDIA B200,I64,U32,512,1,4,4,1000000000,1024,No,11,0.06633015872727274,6.310338418706096e-05,0.06631237515536223,6.127898666378493e-05,15080141491.797203,12,0.06630775197347005
pfp_bloom_filter_add_unique_size_u32,0,NVIDIA B200,I64,U32,512,1,4,4,1000000000,2048,No,11,0.0678181579090909,6.370785880276345e-05,0.067800349148837,6.73256824559461e-05,14749186583.166046,12,0.06779519971211752
pfp_bloom_filter_add_unique_size_u32,0,NVIDIA B200,I64,U32,512,1,4,8,1000000000,1,Yes,,,,,,,,
pfp_bloom_filter_add_unique_size_u32,0,NVIDIA B200,I64,U32,512,1,4,8,1000000000,2,Yes,,,,,,,,
pfp_bloom_filter_add_unique_size_u32,0,NVIDIA B200,I64,U32,512,1,4,8,1000000000,4,Yes,,,,,,,,
pfp_bloom_filter_add_unique_size_u32,0,NVIDIA B200,I64,U32,512,1,4,8,1000000000,8,Yes,,,,,,,,
pfp_bloom_filter_add_unique_size_u32,0,NVIDIA B200,I64,U32,512,1,4,8,1000000000,16,Yes,,,,,,,,
pfp_bloom_filter_add_unique_size_u32,0,NVIDIA B200,I64,U32,512,1,4,8,1000000000,32,Yes,,,,,,,,
pfp_bloom_filter_add_unique_size_u32,0,NVIDIA B200,I64,U32,512,1,4,8,1000000000,64,Yes,,,,,,,,
pfp_bloom_filter_add_unique_size_u32,0,NVIDIA B200,I64,U32,512,1,4,8,1000000000,128,Yes,,,,,,,,
pfp_bloom_filter_add_unique_size_u32,0,NVIDIA B200,I64,U32,512,1,4,8,1000000000,256,Yes,,,,,,,,
pfp_bloom_filter_add_unique_size_u32,0,NVIDIA B200,I64,U32,512,1,4,8,1000000000,512,Yes,,,,,,,,
pfp_bloom_filter_add_unique_size_u32,0,NVIDIA B200,I64,U32,512,1,4,8,1000000000,1024,Yes,,,,,,,,
pfp_bloom_filter_add_unique_size_u32,0,NVIDIA B200,I64,U32,512,1,4,8,1000000000,2048,Yes,,,,,,,,
pfp_bloom_filter_add_unique_size_u32,0,NVIDIA B200,I64,U32,512,1,8,1,1000000000,1,No,27,0.019124424037037038,8.411882297396734e-05,0.019108885235256615,6.967208443586227e-05,52331676478.69705,28,0.01910729122161865
pfp_bloom_filter_add_unique_size_u32,0,NVIDIA B200,I64,U32,512,1,8,1,1000000000,2,No,27,0.019126133481481483,8.447226656564423e-05,0.019110697640313038,6.33485566074244e-05,52326713489.02257,28,0.019108784675598144
pfp_bloom_filter_add_unique_size_u32,0,NVIDIA B200,I64,U32,512,1,8,1,1000000000,4,No,27,0.019126228925925925,6.769545717104296e-05,0.01911059337192111,5.0332604996632285e-05,52326998986.29438,28,0.019110107353755405
pfp_bloom_filter_add_unique_size_u32,0,NVIDIA B200,I64,U32,512,1,8,1,1000000000,8,No,27,0.019127206444444447,6.986385235826085e-05,0.019111655482539427,5.8139285093146106e-05,52324090967.08595,28,0.01911028780255999
pfp_bloom_filter_add_unique_size_u32,0,NVIDIA B200,I64,U32,512,1,8,1,1000000000,16,No,27,0.019130206851851864,8.644267705084473e-05,0.019114814546373152,6.583199755225608e-05,52315443478.35381,28,0.019109558037349154
pfp_bloom_filter_add_unique_size_u32,0,NVIDIA B200,I64,U32,512,1,8,1,1000000000,32,No,27,0.01913353285185185,7.496472020338357e-05,0.019117998264454025,5.963299713139956e-05,52306731393.48975,28,0.01910934005464826
pfp_bloom_filter_add_unique_size_u32,0,NVIDIA B200,I64,U32,512,1,8,1,1000000000,64,No,27,0.019140828074074072,6.637351529330904e-05,0.019125550234759297,5.319146802993892e-05,52286077405.63577,28,0.01910842548097883
pfp_bloom_filter_add_unique_size_u32,0,NVIDIA B200,I64,U32,512,1,8,1,1000000000,128,No,16,0.032327554125000005,8.909836734365072e-05,0.032311368227005005,8.138547237510859e-05,30948859638.949795,17,0.032297073364257814
pfp_bloom_filter_add_unique_size_u32,0,NVIDIA B200,I64,U32,512,1,8,1,1000000000,256,No,12,0.045088071666666674,0.00013210341105718575,0.0450720427831014,0.00012716724878862512,22186702404.687195,13,0.04506017508873572
pfp_bloom_filter_add_unique_size_u32,0,NVIDIA B200,I64,U32,512,1,8,1,1000000000,512,No,11,0.05142806645454546,0.00012602076895026722,0.0514110370982777,0.00011099326270006182,19451076197.673138,12,0.051410944938659664
pfp_bloom_filter_add_unique_size_u32,0,NVIDIA B200,I64,U32,512,1,8,1,1000000000,1024,No,11,0.054381584818181825,0.00012344293648594267,0.05436458761041815,0.0001149217531998393,18394326968.248077,12,0.054360576311747226
pfp_bloom_filter_add_unique_size_u32,0,NVIDIA B200,I64,U32,512,1,8,1,1000000000,2048,No,11,0.05578132200000001,0.00011377342665485324,0.055763979131525206,0.00012339537949536904,17932723158.82256,12,0.05576379680633545
pfp_bloom_filter_add_unique_size_u32,0,NVIDIA B200,I64,U32,512,1,8,2,1000000000,1,No,18,0.028474747944444448,8.85117157604241e-05,0.028458501285976837,8.775223841665978e-05,35138884860.83975,19,0.028458360270449987
pfp_bloom_filter_add_unique_size_u32,0,NVIDIA B200,I64,U32,512,1,8,2,1000000000,2,No,17,0.02958747994117647,0.00010516512869954114,0.029571190777946926,0.00010089165803788282,33816697051.840134,18,0.029568739361233182
pfp_bloom_filter_add_unique_size_u32,0,NVIDIA B200,I64,U32,512,1,8,2,1000000000,4,No,18,0.028682256000000003,0.00018465401275333232,0.02866642506917318,0.00017797990890478998,34884014926.4152,19,0.02866434006941946
pfp_bloom_filter_add_unique_size_u32,0,NVIDIA B200,I64,U32,512,1,8,2,1000000000,8,No,18,0.028265706833333334,0.00013005201176098115,0.028249372376335995,0.00012606214367685579,35399016540.19338,19,0.028246555428755912
pfp_bloom_filter_add_unique_size_u32,0,NVIDIA B200,I64,U32,512,1,8,2,1000000000,16,No,18,0.02825927766666667,0.00010637540021256227,0.0282431697845459,0.0001094367579005138,35406790655.17568,19,0.028240788409584446
pfp_bloom_filter_add_unique_size_u32,0,NVIDIA B200,I64,U32,512,1,8,2,1000000000,32,No,18,0.02815680888888889,9.844856198028897e-05,0.02814111285739475,8.484503230034024e-05,35535197384.250786,19,0.028136762317858246
pfp_bloom_filter_add_unique_size_u32,0,NVIDIA B200,I64,U32,512,1,8,2,1000000000,64,No,18,0.02816378288888889,9.996868273212478e-05,0.0281479999754164,9.877459598853211e-05,35526502802.09497,19,0.028138765234696238
pfp_bloom_filter_add_unique_size_u32,0,NVIDIA B200,I64,U32,512,1,8,2,1000000000,128,No,15,0.03389396533333334,0.00014374114945394644,0.033877441660563154,0.00014955062643781663,29518167576.511642,16,0.03386079740524292
pfp_bloom_filter_add_unique_size_u32,0,NVIDIA B200,I64,U32,512,1,8,2,1000000000,256,No,11,0.045888153909090915,0.00011908224113301222,0.04587138262662021,0.0001198493266933346,21800084120.849613,12,0.045864961306254066
pfp_bloom_filter_add_unique_size_u32,0,NVIDIA B200,I64,U32,512,1,8,2,1000000000,512,No,11,0.05201749718181819,9.401239784686973e-05,0.05200049209594726,8.849161456443929e-05,19230587244.34526,12,0.05199590746561686
pfp_bloom_filter_add_unique_size_u32,0,NVIDIA B200,I64,U32,512,1,8,2,1000000000,1024,No,11,0.05493628327272728,7.519501451331718e-05,0.05491954005848276,7.376880978180509e-05,18208455477.50617,12,0.05491293970743815
pfp_bloom_filter_add_unique_size_u32,0,NVIDIA B200,I64,U32,512,1,8,2,1000000000,2048,No,11,0.05635149927272727,9.820481856637095e-05,0.056334336020729764,9.888976646377939e-05,17751163333.708637,12,0.05632913112640381
pfp_bloom_filter_add_unique_size_u32,0,NVIDIA B200,I64,U32,512,1,8,4,1000000000,1,Yes,,,,,,,,
pfp_bloom_filter_add_unique_size_u32,0,NVIDIA B200,I64,U32,512,1,8,4,1000000000,2,Yes,,,,,,,,
pfp_bloom_filter_add_unique_size_u32,0,NVIDIA B200,I64,U32,512,1,8,4,1000000000,4,Yes,,,,,,,,
pfp_bloom_filter_add_unique_size_u32,0,NVIDIA B200,I64,U32,512,1,8,4,1000000000,8,Yes,,,,,,,,
pfp_bloom_filter_add_unique_size_u32,0,NVIDIA B200,I64,U32,512,1,8,4,1000000000,16,Yes,,,,,,,,
pfp_bloom_filter_add_unique_size_u32,0,NVIDIA B200,I64,U32,512,1,8,4,1000000000,32,Yes,,,,,,,,
pfp_bloom_filter_add_unique_size_u32,0,NVIDIA B200,I64,U32,512,1,8,4,1000000000,64,Yes,,,,,,,,
pfp_bloom_filter_add_unique_size_u32,0,NVIDIA B200,I64,U32,512,1,8,4,1000000000,128,Yes,,,,,,,,
pfp_bloom_filter_add_unique_size_u32,0,NVIDIA B200,I64,U32,512,1,8,4,1000000000,256,Yes,,,,,,,,
pfp_bloom_filter_add_unique_size_u32,0,NVIDIA B200,I64,U32,512,1,8,4,1000000000,512,Yes,,,,,,,,
pfp_bloom_filter_add_unique_size_u32,0,NVIDIA B200,I64,U32,512,1,8,4,1000000000,1024,Yes,,,,,,,,
pfp_bloom_filter_add_unique_size_u32,0,NVIDIA B200,I64,U32,512,1,8,4,1000000000,2048,Yes,,,,,,,,
pfp_bloom_filter_add_unique_size_u32,0,NVIDIA B200,I64,U32,512,1,8,8,1000000000,1,Yes,,,,,,,,
pfp_bloom_filter_add_unique_size_u32,0,NVIDIA B200,I64,U32,512,1,8,8,1000000000,2,Yes,,,,,,,,
pfp_bloom_filter_add_unique_size_u32,0,NVIDIA B200,I64,U32,512,1,8,8,1000000000,4,Yes,,,,,,,,
pfp_bloom_filter_add_unique_size_u32,0,NVIDIA B200,I64,U32,512,1,8,8,1000000000,8,Yes,,,,,,,,
pfp_bloom_filter_add_unique_size_u32,0,NVIDIA B200,I64,U32,512,1,8,8,1000000000,16,Yes,,,,,,,,
pfp_bloom_filter_add_unique_size_u32,0,NVIDIA B200,I64,U32,512,1,8,8,1000000000,32,Yes,,,,,,,,
pfp_bloom_filter_add_unique_size_u32,0,NVIDIA B200,I64,U32,512,1,8,8,1000000000,64,Yes,,,,,,,,
pfp_bloom_filter_add_unique_size_u32,0,NVIDIA B200,I64,U32,512,1,8,8,1000000000,128,Yes,,,,,,,,
pfp_bloom_filter_add_unique_size_u32,0,NVIDIA B200,I64,U32,512,1,8,8,1000000000,256,Yes,,,,,,,,
pfp_bloom_filter_add_unique_size_u32,0,NVIDIA B200,I64,U32,512,1,8,8,1000000000,512,Yes,,,,,,,,
pfp_bloom_filter_add_unique_size_u32,0,NVIDIA B200,I64,U32,512,1,8,8,1000000000,1024,Yes,,,,,,,,
pfp_bloom_filter_add_unique_size_u32,0,NVIDIA B200,I64,U32,512,1,8,8,1000000000,2048,Yes,,,,,,,,
pfp_bloom_filter_add_unique_size_u32,0,NVIDIA B200,I64,U32,512,20,1,1,1000000000,1,Yes,,,,,,,,
pfp_bloom_filter_add_unique_size_u32,0,NVIDIA B200,I64,U32,512,20,1,1,1000000000,2,Yes,,,,,,,,
pfp_bloom_filter_add_unique_size_u32,0,NVIDIA B200,I64,U32,512,20,1,1,1000000000,4,Yes,,,,,,,,
pfp_bloom_filter_add_unique_size_u32,0,NVIDIA B200,I64,U32,512,20,1,1,1000000000,8,Yes,,,,,,,,
pfp_bloom_filter_add_unique_size_u32,0,NVIDIA B200,I64,U32,512,20,1,1,1000000000,16,Yes,,,,,,,,
pfp_bloom_filter_add_unique_size_u32,0,NVIDIA B200,I64,U32,512,20,1,1,1000000000,32,Yes,,,,,,,,
pfp_bloom_filter_add_unique_size_u32,0,NVIDIA B200,I64,U32,512,20,1,1,1000000000,64,Yes,,,,,,,,
pfp_bloom_filter_add_unique_size_u32,0,NVIDIA B200,I64,U32,512,20,1,1,1000000000,128,Yes,,,,,,,,
pfp_bloom_filter_add_unique_size_u32,0,NVIDIA B200,I64,U32,512,20,1,1,1000000000,256,Yes,,,,,,,,
pfp_bloom_filter_add_unique_size_u32,0,NVIDIA B200,I64,U32,512,20,1,1,1000000000,512,Yes,,,,,,,,
pfp_bloom_filter_add_unique_size_u32,0,NVIDIA B200,I64,U32,512,20,1,1,1000000000,1024,Yes,,,,,,,,
pfp_bloom_filter_add_unique_size_u32,0,NVIDIA B200,I64,U32,512,20,1,1,1000000000,2048,Yes,,,,,,,,
pfp_bloom_filter_add_unique_size_u32,0,NVIDIA B200,I64,U32,512,20,1,2,1000000000,1,Yes,,,,,,,,
pfp_bloom_filter_add_unique_size_u32,0,NVIDIA B200,I64,U32,512,20,1,2,1000000000,2,Yes,,,,,,,,
pfp_bloom_filter_add_unique_size_u32,0,NVIDIA B200,I64,U32,512,20,1,2,1000000000,4,Yes,,,,,,,,
pfp_bloom_filter_add_unique_size_u32,0,NVIDIA B200,I64,U32,512,20,1,2,1000000000,8,Yes,,,,,,,,
pfp_bloom_filter_add_unique_size_u32,0,NVIDIA B200,I64,U32,512,20,1,2,1000000000,16,Yes,,,,,,,,
pfp_bloom_filter_add_unique_size_u32,0,NVIDIA B200,I64,U32,512,20,1,2,1000000000,32,Yes,,,,,,,,
pfp_bloom_filter_add_unique_size_u32,0,NVIDIA B200,I64,U32,512,20,1,2,1000000000,64,Yes,,,,,,,,
pfp_bloom_filter_add_unique_size_u32,0,NVIDIA B200,I64,U32,512,20,1,2,1000000000,128,Yes,,,,,,,,
pfp_bloom_filter_add_unique_size_u32,0,NVIDIA B200,I64,U32,512,20,1,2,1000000000,256,Yes,,,,,,,,
pfp_bloom_filter_add_unique_size_u32,0,NVIDIA B200,I64,U32,512,20,1,2,1000000000,512,Yes,,,,,,,,
pfp_bloom_filter_add_unique_size_u32,0,NVIDIA B200,I64,U32,512,20,1,2,1000000000,1024,Yes,,,,,,,,
pfp_bloom_filter_add_unique_size_u32,0,NVIDIA B200,I64,U32,512,20,1,2,1000000000,2048,Yes,,,,,,,,
pfp_bloom_filter_add_unique_size_u32,0,NVIDIA B200,I64,U32,512,20,1,4,1000000000,1,Yes,,,,,,,,
pfp_bloom_filter_add_unique_size_u32,0,NVIDIA B200,I64,U32,512,20,1,4,1000000000,2,Yes,,,,,,,,
pfp_bloom_filter_add_unique_size_u32,0,NVIDIA B200,I64,U32,512,20,1,4,1000000000,4,Yes,,,,,,,,
pfp_bloom_filter_add_unique_size_u32,0,NVIDIA B200,I64,U32,512,20,1,4,1000000000,8,Yes,,,,,,,,
pfp_bloom_filter_add_unique_size_u32,0,NVIDIA B200,I64,U32,512,20,1,4,1000000000,16,Yes,,,,,,,,
pfp_bloom_filter_add_unique_size_u32,0,NVIDIA B200,I64,U32,512,20,1,4,1000000000,32,Yes,,,,,,,,
pfp_bloom_filter_add_unique_size_u32,0,NVIDIA B200,I64,U32,512,20,1,4,1000000000,64,Yes,,,,,,,,
pfp_bloom_filter_add_unique_size_u32,0,NVIDIA B200,I64,U32,512,20,1,4,1000000000,128,Yes,,,,,,,,
pfp_bloom_filter_add_unique_size_u32,0,NVIDIA B200,I64,U32,512,20,1,4,1000000000,256,Yes,,,,,,,,
pfp_bloom_filter_add_unique_size_u32,0,NVIDIA B200,I64,U32,512,20,1,4,1000000000,512,Yes,,,,,,,,
pfp_bloom_filter_add_unique_size_u32,0,NVIDIA B200,I64,U32,512,20,1,4,1000000000,1024,Yes,,,,,,,,
pfp_bloom_filter_add_unique_size_u32,0,NVIDIA B200,I64,U32,512,20,1,4,1000000000,2048,Yes,,,,,,,,
pfp_bloom_filter_add_unique_size_u32,0,NVIDIA B200,I64,U32,512,20,1,8,1000000000,1,Yes,,,,,,,,
pfp_bloom_filter_add_unique_size_u32,0,NVIDIA B200,I64,U32,512,20,1,8,1000000000,2,Yes,,,,,,,,
pfp_bloom_filter_add_unique_size_u32,0,NVIDIA B200,I64,U32,512,20,1,8,1000000000,4,Yes,,,,,,,,
pfp_bloom_filter_add_unique_size_u32,0,NVIDIA B200,I64,U32,512,20,1,8,1000000000,8,Yes,,,,,,,,
pfp_bloom_filter_add_unique_size_u32,0,NVIDIA B200,I64,U32,512,20,1,8,1000000000,16,Yes,,,,,,,,
pfp_bloom_filter_add_unique_size_u32,0,NVIDIA B200,I64,U32,512,20,1,8,1000000000,32,Yes,,,,,,,,
pfp_bloom_filter_add_unique_size_u32,0,NVIDIA B200,I64,U32,512,20,1,8,1000000000,64,Yes,,,,,,,,
pfp_bloom_filter_add_unique_size_u32,0,NVIDIA B200,I64,U32,512,20,1,8,1000000000,128,Yes,,,,,,,,
pfp_bloom_filter_add_unique_size_u32,0,NVIDIA B200,I64,U32,512,20,1,8,1000000000,256,Yes,,,,,,,,
pfp_bloom_filter_add_unique_size_u32,0,NVIDIA B200,I64,U32,512,20,1,8,1000000000,512,Yes,,,,,,,,
pfp_bloom_filter_add_unique_size_u32,0,NVIDIA B200,I64,U32,512,20,1,8,1000000000,1024,Yes,,,,,,,,
pfp_bloom_filter_add_unique_size_u32,0,NVIDIA B200,I64,U32,512,20,1,8,1000000000,2048,Yes,,,,,,,,
pfp_bloom_filter_add_unique_size_u32,0,NVIDIA B200,I64,U32,512,20,2,1,1000000000,1,Yes,,,,,,,,
pfp_bloom_filter_add_unique_size_u32,0,NVIDIA B200,I64,U32,512,20,2,1,1000000000,2,Yes,,,,,,,,
pfp_bloom_filter_add_unique_size_u32,0,NVIDIA B200,I64,U32,512,20,2,1,1000000000,4,Yes,,,,,,,,
pfp_bloom_filter_add_unique_size_u32,0,NVIDIA B200,I64,U32,512,20,2,1,1000000000,8,Yes,,,,,,,,
pfp_bloom_filter_add_unique_size_u32,0,NVIDIA B200,I64,U32,512,20,2,1,1000000000,16,Yes,,,,,,,,
pfp_bloom_filter_add_unique_size_u32,0,NVIDIA B200,I64,U32,512,20,2,1,1000000000,32,Yes,,,,,,,,
pfp_bloom_filter_add_unique_size_u32,0,NVIDIA B200,I64,U32,512,20,2,1,1000000000,64,Yes,,,,,,,,
pfp_bloom_filter_add_unique_size_u32,0,NVIDIA B200,I64,U32,512,20,2,1,1000000000,128,Yes,,,,,,,,
pfp_bloom_filter_add_unique_size_u32,0,NVIDIA B200,I64,U32,512,20,2,1,1000000000,256,Yes,,,,,,,,
pfp_bloom_filter_add_unique_size_u32,0,NVIDIA B200,I64,U32,512,20,2,1,1000000000,512,Yes,,,,,,,,
pfp_bloom_filter_add_unique_size_u32,0,NVIDIA B200,I64,U32,512,20,2,1,1000000000,1024,Yes,,,,,,,,
pfp_bloom_filter_add_unique_size_u32,0,NVIDIA B200,I64,U32,512,20,2,1,1000000000,2048,Yes,,,,,,,,
pfp_bloom_filter_add_unique_size_u32,0,NVIDIA B200,I64,U32,512,20,2,2,1000000000,1,Yes,,,,,,,,
pfp_bloom_filter_add_unique_size_u32,0,NVIDIA B200,I64,U32,512,20,2,2,1000000000,2,Yes,,,,,,,,
pfp_bloom_filter_add_unique_size_u32,0,NVIDIA B200,I64,U32,512,20,2,2,1000000000,4,Yes,,,,,,,,
pfp_bloom_filter_add_unique_size_u32,0,NVIDIA B200,I64,U32,512,20,2,2,1000000000,8,Yes,,,,,,,,
pfp_bloom_filter_add_unique_size_u32,0,NVIDIA B200,I64,U32,512,20,2,2,1000000000,16,Yes,,,,,,,,
pfp_bloom_filter_add_unique_size_u32,0,NVIDIA B200,I64,U32,512,20,2,2,1000000000,32,Yes,,,,,,,,
pfp_bloom_filter_add_unique_size_u32,0,NVIDIA B200,I64,U32,512,20,2,2,1000000000,64,Yes,,,,,,,,
pfp_bloom_filter_add_unique_size_u32,0,NVIDIA B200,I64,U32,512,20,2,2,1000000000,128,Yes,,,,,,,,
pfp_bloom_filter_add_unique_size_u32,0,NVIDIA B200,I64,U32,512,20,2,2,1000000000,256,Yes,,,,,,,,
pfp_bloom_filter_add_unique_size_u32,0,NVIDIA B200,I64,U32,512,20,2,2,1000000000,512,Yes,,,,,,,,
pfp_bloom_filter_add_unique_size_u32,0,NVIDIA B200,I64,U32,512,20,2,2,1000000000,1024,Yes,,,,,,,,
pfp_bloom_filter_add_unique_size_u32,0,NVIDIA B200,I64,U32,512,20,2,2,1000000000,2048,Yes,,,,,,,,
pfp_bloom_filter_add_unique_size_u32,0,NVIDIA B200,I64,U32,512,20,2,4,1000000000,1,Yes,,,,,,,,
pfp_bloom_filter_add_unique_size_u32,0,NVIDIA B200,I64,U32,512,20,2,4,1000000000,2,Yes,,,,,,,,
pfp_bloom_filter_add_unique_size_u32,0,NVIDIA B200,I64,U32,512,20,2,4,1000000000,4,Yes,,,,,,,,
pfp_bloom_filter_add_unique_size_u32,0,NVIDIA B200,I64,U32,512,20,2,4,1000000000,8,Yes,,,,,,,,
pfp_bloom_filter_add_unique_size_u32,0,NVIDIA B200,I64,U32,512,20,2,4,1000000000,16,Yes,,,,,,,,
pfp_bloom_filter_add_unique_size_u32,0,NVIDIA B200,I64,U32,512,20,2,4,1000000000,32,Yes,,,,,,,,
pfp_bloom_filter_add_unique_size_u32,0,NVIDIA B200,I64,U32,512,20,2,4,1000000000,64,Yes,,,,,,,,
pfp_bloom_filter_add_unique_size_u32,0,NVIDIA B200,I64,U32,512,20,2,4,1000000000,128,Yes,,,,,,,,
pfp_bloom_filter_add_unique_size_u32,0,NVIDIA B200,I64,U32,512,20,2,4,1000000000,256,Yes,,,,,,,,
pfp_bloom_filter_add_unique_size_u32,0,NVIDIA B200,I64,U32,512,20,2,4,1000000000,512,Yes,,,,,,,,
pfp_bloom_filter_add_unique_size_u32,0,NVIDIA B200,I64,U32,512,20,2,4,1000000000,1024,Yes,,,,,,,,
pfp_bloom_filter_add_unique_size_u32,0,NVIDIA B200,I64,U32,512,20,2,4,1000000000,2048,Yes,,,,,,,,
pfp_bloom_filter_add_unique_size_u32,0,NVIDIA B200,I64,U32,512,20,2,8,1000000000,1,Yes,,,,,,,,
pfp_bloom_filter_add_unique_size_u32,0,NVIDIA B200,I64,U32,512,20,2,8,1000000000,2,Yes,,,,,,,,
pfp_bloom_filter_add_unique_size_u32,0,NVIDIA B200,I64,U32,512,20,2,8,1000000000,4,Yes,,,,,,,,
pfp_bloom_filter_add_unique_size_u32,0,NVIDIA B200,I64,U32,512,20,2,8,1000000000,8,Yes,,,,,,,,
pfp_bloom_filter_add_unique_size_u32,0,NVIDIA B200,I64,U32,512,20,2,8,1000000000,16,Yes,,,,,,,,
pfp_bloom_filter_add_unique_size_u32,0,NVIDIA B200,I64,U32,512,20,2,8,1000000000,32,Yes,,,,,,,,
pfp_bloom_filter_add_unique_size_u32,0,NVIDIA B200,I64,U32,512,20,2,8,1000000000,64,Yes,,,,,,,,
pfp_bloom_filter_add_unique_size_u32,0,NVIDIA B200,I64,U32,512,20,2,8,1000000000,128,Yes,,,,,,,,
pfp_bloom_filter_add_unique_size_u32,0,NVIDIA B200,I64,U32,512,20,2,8,1000000000,256,Yes,,,,,,,,
pfp_bloom_filter_add_unique_size_u32,0,NVIDIA B200,I64,U32,512,20,2,8,1000000000,512,Yes,,,,,,,,
pfp_bloom_filter_add_unique_size_u32,0,NVIDIA B200,I64,U32,512,20,2,8,1000000000,1024,Yes,,,,,,,,
pfp_bloom_filter_add_unique_size_u32,0,NVIDIA B200,I64,U32,512,20,2,8,1000000000,2048,Yes,,,,,,,,
pfp_bloom_filter_add_unique_size_u32,0,NVIDIA B200,I64,U32,512,20,4,1,1000000000,1,Yes,,,,,,,,
pfp_bloom_filter_add_unique_size_u32,0,NVIDIA B200,I64,U32,512,20,4,1,1000000000,2,Yes,,,,,,,,
pfp_bloom_filter_add_unique_size_u32,0,NVIDIA B200,I64,U32,512,20,4,1,1000000000,4,Yes,,,,,,,,
pfp_bloom_filter_add_unique_size_u32,0,NVIDIA B200,I64,U32,512,20,4,1,1000000000,8,Yes,,,,,,,,
pfp_bloom_filter_add_unique_size_u32,0,NVIDIA B200,I64,U32,512,20,4,1,1000000000,16,Yes,,,,,,,,
pfp_bloom_filter_add_unique_size_u32,0,NVIDIA B200,I64,U32,512,20,4,1,1000000000,32,Yes,,,,,,,,
pfp_bloom_filter_add_unique_size_u32,0,NVIDIA B200,I64,U32,512,20,4,1,1000000000,64,Yes,,,,,,,,
pfp_bloom_filter_add_unique_size_u32,0,NVIDIA B200,I64,U32,512,20,4,1,1000000000,128,Yes,,,,,,,,
pfp_bloom_filter_add_unique_size_u32,0,NVIDIA B200,I64,U32,512,20,4,1,1000000000,256,Yes,,,,,,,,
pfp_bloom_filter_add_unique_size_u32,0,NVIDIA B200,I64,U32,512,20,4,1,1000000000,512,Yes,,,,,,,,
pfp_bloom_filter_add_unique_size_u32,0,NVIDIA B200,I64,U32,512,20,4,1,1000000000,1024,Yes,,,,,,,,
pfp_bloom_filter_add_unique_size_u32,0,NVIDIA B200,I64,U32,512,20,4,1,1000000000,2048,Yes,,,,,,,,
pfp_bloom_filter_add_unique_size_u32,0,NVIDIA B200,I64,U32,512,20,4,2,1000000000,1,Yes,,,,,,,,
pfp_bloom_filter_add_unique_size_u32,0,NVIDIA B200,I64,U32,512,20,4,2,1000000000,2,Yes,,,,,,,,
pfp_bloom_filter_add_unique_size_u32,0,NVIDIA B200,I64,U32,512,20,4,2,1000000000,4,Yes,,,,,,,,
pfp_bloom_filter_add_unique_size_u32,0,NVIDIA B200,I64,U32,512,20,4,2,1000000000,8,Yes,,,,,,,,
pfp_bloom_filter_add_unique_size_u32,0,NVIDIA B200,I64,U32,512,20,4,2,1000000000,16,Yes,,,,,,,,
pfp_bloom_filter_add_unique_size_u32,0,NVIDIA B200,I64,U32,512,20,4,2,1000000000,32,Yes,,,,,,,,
pfp_bloom_filter_add_unique_size_u32,0,NVIDIA B200,I64,U32,512,20,4,2,1000000000,64,Yes,,,,,,,,
pfp_bloom_filter_add_unique_size_u32,0,NVIDIA B200,I64,U32,512,20,4,2,1000000000,128,Yes,,,,,,,,
pfp_bloom_filter_add_unique_size_u32,0,NVIDIA B200,I64,U32,512,20,4,2,1000000000,256,Yes,,,,,,,,
pfp_bloom_filter_add_unique_size_u32,0,NVIDIA B200,I64,U32,512,20,4,2,1000000000,512,Yes,,,,,,,,
pfp_bloom_filter_add_unique_size_u32,0,NVIDIA B200,I64,U32,512,20,4,2,1000000000,1024,Yes,,,,,,,,
pfp_bloom_filter_add_unique_size_u32,0,NVIDIA B200,I64,U32,512,20,4,2,1000000000,2048,Yes,,,,,,,,
pfp_bloom_filter_add_unique_size_u32,0,NVIDIA B200,I64,U32,512,20,4,4,1000000000,1,Yes,,,,,,,,
pfp_bloom_filter_add_unique_size_u32,0,NVIDIA B200,I64,U32,512,20,4,4,1000000000,2,Yes,,,,,,,,
pfp_bloom_filter_add_unique_size_u32,0,NVIDIA B200,I64,U32,512,20,4,4,1000000000,4,Yes,,,,,,,,
pfp_bloom_filter_add_unique_size_u32,0,NVIDIA B200,I64,U32,512,20,4,4,1000000000,8,Yes,,,,,,,,
pfp_bloom_filter_add_unique_size_u32,0,NVIDIA B200,I64,U32,512,20,4,4,1000000000,16,Yes,,,,,,,,
pfp_bloom_filter_add_unique_size_u32,0,NVIDIA B200,I64,U32,512,20,4,4,1000000000,32,Yes,,,,,,,,
pfp_bloom_filter_add_unique_size_u32,0,NVIDIA B200,I64,U32,512,20,4,4,1000000000,64,Yes,,,,,,,,
pfp_bloom_filter_add_unique_size_u32,0,NVIDIA B200,I64,U32,512,20,4,4,1000000000,128,Yes,,,,,,,,
pfp_bloom_filter_add_unique_size_u32,0,NVIDIA B200,I64,U32,512,20,4,4,1000000000,256,Yes,,,,,,,,
pfp_bloom_filter_add_unique_size_u32,0,NVIDIA B200,I64,U32,512,20,4,4,1000000000,512,Yes,,,,,,,,
pfp_bloom_filter_add_unique_size_u32,0,NVIDIA B200,I64,U32,512,20,4,4,1000000000,1024,Yes,,,,,,,,
pfp_bloom_filter_add_unique_size_u32,0,NVIDIA B200,I64,U32,512,20,4,4,1000000000,2048,Yes,,,,,,,,
pfp_bloom_filter_add_unique_size_u32,0,NVIDIA B200,I64,U32,512,20,4,8,1000000000,1,Yes,,,,,,,,
pfp_bloom_filter_add_unique_size_u32,0,NVIDIA B200,I64,U32,512,20,4,8,1000000000,2,Yes,,,,,,,,
pfp_bloom_filter_add_unique_size_u32,0,NVIDIA B200,I64,U32,512,20,4,8,1000000000,4,Yes,,,,,,,,
pfp_bloom_filter_add_unique_size_u32,0,NVIDIA B200,I64,U32,512,20,4,8,1000000000,8,Yes,,,,,,,,
pfp_bloom_filter_add_unique_size_u32,0,NVIDIA B200,I64,U32,512,20,4,8,1000000000,16,Yes,,,,,,,,
pfp_bloom_filter_add_unique_size_u32,0,NVIDIA B200,I64,U32,512,20,4,8,1000000000,32,Yes,,,,,,,,
pfp_bloom_filter_add_unique_size_u32,0,NVIDIA B200,I64,U32,512,20,4,8,1000000000,64,Yes,,,,,,,,
pfp_bloom_filter_add_unique_size_u32,0,NVIDIA B200,I64,U32,512,20,4,8,1000000000,128,Yes,,,,,,,,
pfp_bloom_filter_add_unique_size_u32,0,NVIDIA B200,I64,U32,512,20,4,8,1000000000,256,Yes,,,,,,,,
pfp_bloom_filter_add_unique_size_u32,0,NVIDIA B200,I64,U32,512,20,4,8,1000000000,512,Yes,,,,,,,,
pfp_bloom_filter_add_unique_size_u32,0,NVIDIA B200,I64,U32,512,20,4,8,1000000000,1024,Yes,,,,,,,,
pfp_bloom_filter_add_unique_size_u32,0,NVIDIA B200,I64,U32,512,20,4,8,1000000000,2048,Yes,,,,,,,,
pfp_bloom_filter_add_unique_size_u32,0,NVIDIA B200,I64,U32,512,20,8,1,1000000000,1,Yes,,,,,,,,
pfp_bloom_filter_add_unique_size_u32,0,NVIDIA B200,I64,U32,512,20,8,1,1000000000,2,Yes,,,,,,,,
pfp_bloom_filter_add_unique_size_u32,0,NVIDIA B200,I64,U32,512,20,8,1,1000000000,4,Yes,,,,,,,,
pfp_bloom_filter_add_unique_size_u32,0,NVIDIA B200,I64,U32,512,20,8,1,1000000000,8,Yes,,,,,,,,
pfp_bloom_filter_add_unique_size_u32,0,NVIDIA B200,I64,U32,512,20,8,1,1000000000,16,Yes,,,,,,,,
pfp_bloom_filter_add_unique_size_u32,0,NVIDIA B200,I64,U32,512,20,8,1,1000000000,32,Yes,,,,,,,,
pfp_bloom_filter_add_unique_size_u32,0,NVIDIA B200,I64,U32,512,20,8,1,1000000000,64,Yes,,,,,,,,
pfp_bloom_filter_add_unique_size_u32,0,NVIDIA B200,I64,U32,512,20,8,1,1000000000,128,Yes,,,,,,,,
pfp_bloom_filter_add_unique_size_u32,0,NVIDIA B200,I64,U32,512,20,8,1,1000000000,256,Yes,,,,,,,,
pfp_bloom_filter_add_unique_size_u32,0,NVIDIA B200,I64,U32,512,20,8,1,1000000000,512,Yes,,,,,,,,
pfp_bloom_filter_add_unique_size_u32,0,NVIDIA B200,I64,U32,512,20,8,1,1000000000,1024,Yes,,,,,,,,
pfp_bloom_filter_add_unique_size_u32,0,NVIDIA B200,I64,U32,512,20,8,1,1000000000,2048,Yes,,,,,,,,
pfp_bloom_filter_add_unique_size_u32,0,NVIDIA B200,I64,U32,512,20,8,2,1000000000,1,Yes,,,,,,,,
pfp_bloom_filter_add_unique_size_u32,0,NVIDIA B200,I64,U32,512,20,8,2,1000000000,2,Yes,,,,,,,,
pfp_bloom_filter_add_unique_size_u32,0,NVIDIA B200,I64,U32,512,20,8,2,1000000000,4,Yes,,,,,,,,
pfp_bloom_filter_add_unique_size_u32,0,NVIDIA B200,I64,U32,512,20,8,2,1000000000,8,Yes,,,,,,,,
pfp_bloom_filter_add_unique_size_u32,0,NVIDIA B200,I64,U32,512,20,8,2,1000000000,16,Yes,,,,,,,,
pfp_bloom_filter_add_unique_size_u32,0,NVIDIA B200,I64,U32,512,20,8,2,1000000000,32,Yes,,,,,,,,
pfp_bloom_filter_add_unique_size_u32,0,NVIDIA B200,I64,U32,512,20,8,2,1000000000,64,Yes,,,,,,,,
pfp_bloom_filter_add_unique_size_u32,0,NVIDIA B200,I64,U32,512,20,8,2,1000000000,128,Yes,,,,,,,,
pfp_bloom_filter_add_unique_size_u32,0,NVIDIA B200,I64,U32,512,20,8,2,1000000000,256,Yes,,,,,,,,
pfp_bloom_filter_add_unique_size_u32,0,NVIDIA B200,I64,U32,512,20,8,2,1000000000,512,Yes,,,,,,,,
pfp_bloom_filter_add_unique_size_u32,0,NVIDIA B200,I64,U32,512,20,8,2,1000000000,1024,Yes,,,,,,,,
pfp_bloom_filter_add_unique_size_u32,0,NVIDIA B200,I64,U32,512,20,8,2,1000000000,2048,Yes,,,,,,,,
pfp_bloom_filter_add_unique_size_u32,0,NVIDIA B200,I64,U32,512,20,8,4,1000000000,1,Yes,,,,,,,,
pfp_bloom_filter_add_unique_size_u32,0,NVIDIA B200,I64,U32,512,20,8,4,1000000000,2,Yes,,,,,,,,
pfp_bloom_filter_add_unique_size_u32,0,NVIDIA B200,I64,U32,512,20,8,4,1000000000,4,Yes,,,,,,,,
pfp_bloom_filter_add_unique_size_u32,0,NVIDIA B200,I64,U32,512,20,8,4,1000000000,8,Yes,,,,,,,,
pfp_bloom_filter_add_unique_size_u32,0,NVIDIA B200,I64,U32,512,20,8,4,1000000000,16,Yes,,,,,,,,
pfp_bloom_filter_add_unique_size_u32,0,NVIDIA B200,I64,U32,512,20,8,4,1000000000,32,Yes,,,,,,,,
pfp_bloom_filter_add_unique_size_u32,0,NVIDIA B200,I64,U32,512,20,8,4,1000000000,64,Yes,,,,,,,,
pfp_bloom_filter_add_unique_size_u32,0,NVIDIA B200,I64,U32,512,20,8,4,1000000000,128,Yes,,,,,,,,
pfp_bloom_filter_add_unique_size_u32,0,NVIDIA B200,I64,U32,512,20,8,4,1000000000,256,Yes,,,,,,,,
pfp_bloom_filter_add_unique_size_u32,0,NVIDIA B200,I64,U32,512,20,8,4,1000000000,512,Yes,,,,,,,,
pfp_bloom_filter_add_unique_size_u32,0,NVIDIA B200,I64,U32,512,20,8,4,1000000000,1024,Yes,,,,,,,,
pfp_bloom_filter_add_unique_size_u32,0,NVIDIA B200,I64,U32,512,20,8,4,1000000000,2048,Yes,,,,,,,,
pfp_bloom_filter_add_unique_size_u32,0,NVIDIA B200,I64,U32,512,20,8,8,1000000000,1,Yes,,,,,,,,
pfp_bloom_filter_add_unique_size_u32,0,NVIDIA B200,I64,U32,512,20,8,8,1000000000,2,Yes,,,,,,,,
pfp_bloom_filter_add_unique_size_u32,0,NVIDIA B200,I64,U32,512,20,8,8,1000000000,4,Yes,,,,,,,,
pfp_bloom_filter_add_unique_size_u32,0,NVIDIA B200,I64,U32,512,20,8,8,1000000000,8,Yes,,,,,,,,
pfp_bloom_filter_add_unique_size_u32,0,NVIDIA B200,I64,U32,512,20,8,8,1000000000,16,Yes,,,,,,,,
pfp_bloom_filter_add_unique_size_u32,0,NVIDIA B200,I64,U32,512,20,8,8,1000000000,32,Yes,,,,,,,,
pfp_bloom_filter_add_unique_size_u32,0,NVIDIA B200,I64,U32,512,20,8,8,1000000000,64,Yes,,,,,,,,
pfp_bloom_filter_add_unique_size_u32,0,NVIDIA B200,I64,U32,512,20,8,8,1000000000,128,Yes,,,,,,,,
pfp_bloom_filter_add_unique_size_u32,0,NVIDIA B200,I64,U32,512,20,8,8,1000000000,256,Yes,,,,,,,,
pfp_bloom_filter_add_unique_size_u32,0,NVIDIA B200,I64,U32,512,20,8,8,1000000000,512,Yes,,,,,,,,
pfp_bloom_filter_add_unique_size_u32,0,NVIDIA B200,I64,U32,512,20,8,8,1000000000,1024,Yes,,,,,,,,
pfp_bloom_filter_add_unique_size_u32,0,NVIDIA B200,I64,U32,512,20,8,8,1000000000,2048,Yes,,,,,,,,
