Benchmark,Device,Device Name,Key,Word,BlockBits,PatternBitsPerWord,HorizontalLayout,VerticalLayout,NumInputs,FilterSizeMB,Skipped,FalsePositiveRate,PatternBits,Samples,CPU Time (sec),Noise,GPU Time (sec),Noise,Elem/s (elem/sec),Samples,Batch GPU (sec)
pfp_bloom_filter_contains_unique_size_u64,0,NVIDIA H200,I64,U64,32,1,1,1,1000000000,1,Yes,,,,,,,,,,
pfp_bloom_filter_contains_unique_size_u64,0,NVIDIA H200,I64,U64,32,1,1,1,1000000000,2,Yes,,,,,,,,,,
pfp_bloom_filter_contains_unique_size_u64,0,NVIDIA H200,I64,U64,32,1,1,1,1000000000,4,Yes,,,,,,,,,,
pfp_bloom_filter_contains_unique_size_u64,0,NVIDIA H200,I64,U64,32,1,1,1,1000000000,8,Yes,,,,,,,,,,
pfp_bloom_filter_contains_unique_size_u64,0,NVIDIA H200,I64,U64,32,1,1,1,1000000000,16,Yes,,,,,,,,,,
pfp_bloom_filter_contains_unique_size_u64,0,NVIDIA H200,I64,U64,32,1,1,1,1000000000,32,Yes,,,,,,,,,,
pfp_bloom_filter_contains_unique_size_u64,0,NVIDIA H200,I64,U64,32,1,1,1,1000000000,64,Yes,,,,,,,,,,
pfp_bloom_filter_contains_unique_size_u64,0,NVIDIA H200,I64,U64,32,1,1,1,1000000000,128,Yes,,,,,,,,,,
pfp_bloom_filter_contains_unique_size_u64,0,NVIDIA H200,I64,U64,32,1,1,1,1000000000,256,Yes,,,,,,,,,,
pfp_bloom_filter_contains_unique_size_u64,0,NVIDIA H200,I64,U64,32,1,1,1,1000000000,512,Yes,,,,,,,,,,
pfp_bloom_filter_contains_unique_size_u64,0,NVIDIA H200,I64,U64,32,1,1,1,1000000000,1024,Yes,,,,,,,,,,
pfp_bloom_filter_contains_unique_size_u64,0,NVIDIA H200,I64,U64,32,1,1,1,1000000000,2048,Yes,,,,,,,,,,
pfp_bloom_filter_contains_unique_size_u64,0,NVIDIA H200,I64,U64,32,1,1,2,1000000000,1,Yes,,,,,,,,,,
pfp_bloom_filter_contains_unique_size_u64,0,NVIDIA H200,I64,U64,32,1,1,2,1000000000,2,Yes,,,,,,,,,,
pfp_bloom_filter_contains_unique_size_u64,0,NVIDIA H200,I64,U64,32,1,1,2,1000000000,4,Yes,,,,,,,,,,
pfp_bloom_filter_contains_unique_size_u64,0,NVIDIA H200,I64,U64,32,1,1,2,1000000000,8,Yes,,,,,,,,,,
pfp_bloom_filter_contains_unique_size_u64,0,NVIDIA H200,I64,U64,32,1,1,2,1000000000,16,Yes,,,,,,,,,,
pfp_bloom_filter_contains_unique_size_u64,0,NVIDIA H200,I64,U64,32,1,1,2,1000000000,32,Yes,,,,,,,,,,
pfp_bloom_filter_contains_unique_size_u64,0,NVIDIA H200,I64,U64,32,1,1,2,1000000000,64,Yes,,,,,,,,,,
pfp_bloom_filter_contains_unique_size_u64,0,NVIDIA H200,I64,U64,32,1,1,2,1000000000,128,Yes,,,,,,,,,,
pfp_bloom_filter_contains_unique_size_u64,0,NVIDIA H200,I64,U64,32,1,1,2,1000000000,256,Yes,,,,,,,,,,
pfp_bloom_filter_contains_unique_size_u64,0,NVIDIA H200,I64,U64,32,1,1,2,1000000000,512,Yes,,,,,,,,,,
pfp_bloom_filter_contains_unique_size_u64,0,NVIDIA H200,I64,U64,32,1,1,2,1000000000,1024,Yes,,,,,,,,,,
pfp_bloom_filter_contains_unique_size_u64,0,NVIDIA H200,I64,U64,32,1,1,2,1000000000,2048,Yes,,,,,,,,,,
pfp_bloom_filter_contains_unique_size_u64,0,NVIDIA H200,I64,U64,32,1,1,4,1000000000,1,Yes,,,,,,,,,,
pfp_bloom_filter_contains_unique_size_u64,0,NVIDIA H200,I64,U64,32,1,1,4,1000000000,2,Yes,,,,,,,,,,
pfp_bloom_filter_contains_unique_size_u64,0,NVIDIA H200,I64,U64,32,1,1,4,1000000000,4,Yes,,,,,,,,,,
pfp_bloom_filter_contains_unique_size_u64,0,NVIDIA H200,I64,U64,32,1,1,4,1000000000,8,Yes,,,,,,,,,,
pfp_bloom_filter_contains_unique_size_u64,0,NVIDIA H200,I64,U64,32,1,1,4,1000000000,16,Yes,,,,,,,,,,
pfp_bloom_filter_contains_unique_size_u64,0,NVIDIA H200,I64,U64,32,1,1,4,1000000000,32,Yes,,,,,,,,,,
pfp_bloom_filter_contains_unique_size_u64,0,NVIDIA H200,I64,U64,32,1,1,4,1000000000,64,Yes,,,,,,,,,,
pfp_bloom_filter_contains_unique_size_u64,0,NVIDIA H200,I64,U64,32,1,1,4,1000000000,128,Yes,,,,,,,,,,
pfp_bloom_filter_contains_unique_size_u64,0,NVIDIA H200,I64,U64,32,1,1,4,1000000000,256,Yes,,,,,,,,,,
pfp_bloom_filter_contains_unique_size_u64,0,NVIDIA H200,I64,U64,32,1,1,4,1000000000,512,Yes,,,,,,,,,,
pfp_bloom_filter_contains_unique_size_u64,0,NVIDIA H200,I64,U64,32,1,1,4,1000000000,1024,Yes,,,,,,,,,,
pfp_bloom_filter_contains_unique_size_u64,0,NVIDIA H200,I64,U64,32,1,1,4,1000000000,2048,Yes,,,,,,,,,,
pfp_bloom_filter_contains_unique_size_u64,0,NVIDIA H200,I64,U64,32,1,1,8,1000000000,1,Yes,,,,,,,,,,
pfp_bloom_filter_contains_unique_size_u64,0,NVIDIA H200,I64,U64,32,1,1,8,1000000000,2,Yes,,,,,,,,,,
pfp_bloom_filter_contains_unique_size_u64,0,NVIDIA H200,I64,U64,32,1,1,8,1000000000,4,Yes,,,,,,,,,,
pfp_bloom_filter_contains_unique_size_u64,0,NVIDIA H200,I64,U64,32,1,1,8,1000000000,8,Yes,,,,,,,,,,
pfp_bloom_filter_contains_unique_size_u64,0,NVIDIA H200,I64,U64,32,1,1,8,1000000000,16,Yes,,,,,,,,,,
pfp_bloom_filter_contains_unique_size_u64,0,NVIDIA H200,I64,U64,32,1,1,8,1000000000,32,Yes,,,,,,,,,,
pfp_bloom_filter_contains_unique_size_u64,0,NVIDIA H200,I64,U64,32,1,1,8,1000000000,64,Yes,,,,,,,,,,
pfp_bloom_filter_contains_unique_size_u64,0,NVIDIA H200,I64,U64,32,1,1,8,1000000000,128,Yes,,,,,,,,,,
pfp_bloom_filter_contains_unique_size_u64,0,NVIDIA H200,I64,U64,32,1,1,8,1000000000,256,Yes,,,,,,,,,,
pfp_bloom_filter_contains_unique_size_u64,0,NVIDIA H200,I64,U64,32,1,1,8,1000000000,512,Yes,,,,,,,,,,
pfp_bloom_filter_contains_unique_size_u64,0,NVIDIA H200,I64,U64,32,1,1,8,1000000000,1024,Yes,,,,,,,,,,
pfp_bloom_filter_contains_unique_size_u64,0,NVIDIA H200,I64,U64,32,1,1,8,1000000000,2048,Yes,,,,,,,,,,
pfp_bloom_filter_contains_unique_size_u64,0,NVIDIA H200,I64,U64,32,1,2,1,1000000000,1,Yes,,,,,,,,,,
pfp_bloom_filter_contains_unique_size_u64,0,NVIDIA H200,I64,U64,32,1,2,1,1000000000,2,Yes,,,,,,,,,,
pfp_bloom_filter_contains_unique_size_u64,0,NVIDIA H200,I64,U64,32,1,2,1,1000000000,4,Yes,,,,,,,,,,
pfp_bloom_filter_contains_unique_size_u64,0,NVIDIA H200,I64,U64,32,1,2,1,1000000000,8,Yes,,,,,,,,,,
pfp_bloom_filter_contains_unique_size_u64,0,NVIDIA H200,I64,U64,32,1,2,1,1000000000,16,Yes,,,,,,,,,,
pfp_bloom_filter_contains_unique_size_u64,0,NVIDIA H200,I64,U64,32,1,2,1,1000000000,32,Yes,,,,,,,,,,
pfp_bloom_filter_contains_unique_size_u64,0,NVIDIA H200,I64,U64,32,1,2,1,1000000000,64,Yes,,,,,,,,,,
pfp_bloom_filter_contains_unique_size_u64,0,NVIDIA H200,I64,U64,32,1,2,1,1000000000,128,Yes,,,,,,,,,,
pfp_bloom_filter_contains_unique_size_u64,0,NVIDIA H200,I64,U64,32,1,2,1,1000000000,256,Yes,,,,,,,,,,
pfp_bloom_filter_contains_unique_size_u64,0,NVIDIA H200,I64,U64,32,1,2,1,1000000000,512,Yes,,,,,,,,,,
pfp_bloom_filter_contains_unique_size_u64,0,NVIDIA H200,I64,U64,32,1,2,1,1000000000,1024,Yes,,,,,,,,,,
pfp_bloom_filter_contains_unique_size_u64,0,NVIDIA H200,I64,U64,32,1,2,1,1000000000,2048,Yes,,,,,,,,,,
pfp_bloom_filter_contains_unique_size_u64,0,NVIDIA H200,I64,U64,32,1,2,2,1000000000,1,Yes,,,,,,,,,,
pfp_bloom_filter_contains_unique_size_u64,0,NVIDIA H200,I64,U64,32,1,2,2,1000000000,2,Yes,,,,,,,,,,
pfp_bloom_filter_contains_unique_size_u64,0,NVIDIA H200,I64,U64,32,1,2,2,1000000000,4,Yes,,,,,,,,,,
pfp_bloom_filter_contains_unique_size_u64,0,NVIDIA H200,I64,U64,32,1,2,2,1000000000,8,Yes,,,,,,,,,,
pfp_bloom_filter_contains_unique_size_u64,0,NVIDIA H200,I64,U64,32,1,2,2,1000000000,16,Yes,,,,,,,,,,
pfp_bloom_filter_contains_unique_size_u64,0,NVIDIA H200,I64,U64,32,1,2,2,1000000000,32,Yes,,,,,,,,,,
pfp_bloom_filter_contains_unique_size_u64,0,NVIDIA H200,I64,U64,32,1,2,2,1000000000,64,Yes,,,,,,,,,,
pfp_bloom_filter_contains_unique_size_u64,0,NVIDIA H200,I64,U64,32,1,2,2,1000000000,128,Yes,,,,,,,,,,
pfp_bloom_filter_contains_unique_size_u64,0,NVIDIA H200,I64,U64,32,1,2,2,1000000000,256,Yes,,,,,,,,,,
pfp_bloom_filter_contains_unique_size_u64,0,NVIDIA H200,I64,U64,32,1,2,2,1000000000,512,Yes,,,,,,,,,,
pfp_bloom_filter_contains_unique_size_u64,0,NVIDIA H200,I64,U64,32,1,2,2,1000000000,1024,Yes,,,,,,,,,,
pfp_bloom_filter_contains_unique_size_u64,0,NVIDIA H200,I64,U64,32,1,2,2,1000000000,2048,Yes,,,,,,,,,,
pfp_bloom_filter_contains_unique_size_u64,0,NVIDIA H200,I64,U64,32,1,2,4,1000000000,1,Yes,,,,,,,,,,
pfp_bloom_filter_contains_unique_size_u64,0,NVIDIA H200,I64,U64,32,1,2,4,1000000000,2,Yes,,,,,,,,,,
pfp_bloom_filter_contains_unique_size_u64,0,NVIDIA H200,I64,U64,32,1,2,4,1000000000,4,Yes,,,,,,,,,,
pfp_bloom_filter_contains_unique_size_u64,0,NVIDIA H200,I64,U64,32,1,2,4,1000000000,8,Yes,,,,,,,,,,
pfp_bloom_filter_contains_unique_size_u64,0,NVIDIA H200,I64,U64,32,1,2,4,1000000000,16,Yes,,,,,,,,,,
pfp_bloom_filter_contains_unique_size_u64,0,NVIDIA H200,I64,U64,32,1,2,4,1000000000,32,Yes,,,,,,,,,,
pfp_bloom_filter_contains_unique_size_u64,0,NVIDIA H200,I64,U64,32,1,2,4,1000000000,64,Yes,,,,,,,,,,
pfp_bloom_filter_contains_unique_size_u64,0,NVIDIA H200,I64,U64,32,1,2,4,1000000000,128,Yes,,,,,,,,,,
pfp_bloom_filter_contains_unique_size_u64,0,NVIDIA H200,I64,U64,32,1,2,4,1000000000,256,Yes,,,,,,,,,,
pfp_bloom_filter_contains_unique_size_u64,0,NVIDIA H200,I64,U64,32,1,2,4,1000000000,512,Yes,,,,,,,,,,
pfp_bloom_filter_contains_unique_size_u64,0,NVIDIA H200,I64,U64,32,1,2,4,1000000000,1024,Yes,,,,,,,,,,
pfp_bloom_filter_contains_unique_size_u64,0,NVIDIA H200,I64,U64,32,1,2,4,1000000000,2048,Yes,,,,,,,,,,
pfp_bloom_filter_contains_unique_size_u64,0,NVIDIA H200,I64,U64,32,1,2,8,1000000000,1,Yes,,,,,,,,,,
pfp_bloom_filter_contains_unique_size_u64,0,NVIDIA H200,I64,U64,32,1,2,8,1000000000,2,Yes,,,,,,,,,,
pfp_bloom_filter_contains_unique_size_u64,0,NVIDIA H200,I64,U64,32,1,2,8,1000000000,4,Yes,,,,,,,,,,
pfp_bloom_filter_contains_unique_size_u64,0,NVIDIA H200,I64,U64,32,1,2,8,1000000000,8,Yes,,,,,,,,,,
pfp_bloom_filter_contains_unique_size_u64,0,NVIDIA H200,I64,U64,32,1,2,8,1000000000,16,Yes,,,,,,,,,,
pfp_bloom_filter_contains_unique_size_u64,0,NVIDIA H200,I64,U64,32,1,2,8,1000000000,32,Yes,,,,,,,,,,
pfp_bloom_filter_contains_unique_size_u64,0,NVIDIA H200,I64,U64,32,1,2,8,1000000000,64,Yes,,,,,,,,,,
pfp_bloom_filter_contains_unique_size_u64,0,NVIDIA H200,I64,U64,32,1,2,8,1000000000,128,Yes,,,,,,,,,,
pfp_bloom_filter_contains_unique_size_u64,0,NVIDIA H200,I64,U64,32,1,2,8,1000000000,256,Yes,,,,,,,,,,
pfp_bloom_filter_contains_unique_size_u64,0,NVIDIA H200,I64,U64,32,1,2,8,1000000000,512,Yes,,,,,,,,,,
pfp_bloom_filter_contains_unique_size_u64,0,NVIDIA H200,I64,U64,32,1,2,8,1000000000,1024,Yes,,,,,,,,,,
pfp_bloom_filter_contains_unique_size_u64,0,NVIDIA H200,I64,U64,32,1,2,8,1000000000,2048,Yes,,,,,,,,,,
pfp_bloom_filter_contains_unique_size_u64,0,NVIDIA H200,I64,U64,32,1,4,1,1000000000,1,Yes,,,,,,,,,,
pfp_bloom_filter_contains_unique_size_u64,0,NVIDIA H200,I64,U64,32,1,4,1,1000000000,2,Yes,,,,,,,,,,
pfp_bloom_filter_contains_unique_size_u64,0,NVIDIA H200,I64,U64,32,1,4,1,1000000000,4,Yes,,,,,,,,,,
pfp_bloom_filter_contains_unique_size_u64,0,NVIDIA H200,I64,U64,32,1,4,1,1000000000,8,Yes,,,,,,,,,,
pfp_bloom_filter_contains_unique_size_u64,0,NVIDIA H200,I64,U64,32,1,4,1,1000000000,16,Yes,,,,,,,,,,
pfp_bloom_filter_contains_unique_size_u64,0,NVIDIA H200,I64,U64,32,1,4,1,1000000000,32,Yes,,,,,,,,,,
pfp_bloom_filter_contains_unique_size_u64,0,NVIDIA H200,I64,U64,32,1,4,1,1000000000,64,Yes,,,,,,,,,,
pfp_bloom_filter_contains_unique_size_u64,0,NVIDIA H200,I64,U64,32,1,4,1,1000000000,128,Yes,,,,,,,,,,
pfp_bloom_filter_contains_unique_size_u64,0,NVIDIA H200,I64,U64,32,1,4,1,1000000000,256,Yes,,,,,,,,,,
pfp_bloom_filter_contains_unique_size_u64,0,NVIDIA H200,I64,U64,32,1,4,1,1000000000,512,Yes,,,,,,,,,,
pfp_bloom_filter_contains_unique_size_u64,0,NVIDIA H200,I64,U64,32,1,4,1,1000000000,1024,Yes,,,,,,,,,,
pfp_bloom_filter_contains_unique_size_u64,0,NVIDIA H200,I64,U64,32,1,4,1,1000000000,2048,Yes,,,,,,,,,,
pfp_bloom_filter_contains_unique_size_u64,0,NVIDIA H200,I64,U64,32,1,4,2,1000000000,1,Yes,,,,,,,,,,
pfp_bloom_filter_contains_unique_size_u64,0,NVIDIA H200,I64,U64,32,1,4,2,1000000000,2,Yes,,,,,,,,,,
pfp_bloom_filter_contains_unique_size_u64,0,NVIDIA H200,I64,U64,32,1,4,2,1000000000,4,Yes,,,,,,,,,,
pfp_bloom_filter_contains_unique_size_u64,0,NVIDIA H200,I64,U64,32,1,4,2,1000000000,8,Yes,,,,,,,,,,
pfp_bloom_filter_contains_unique_size_u64,0,NVIDIA H200,I64,U64,32,1,4,2,1000000000,16,Yes,,,,,,,,,,
pfp_bloom_filter_contains_unique_size_u64,0,NVIDIA H200,I64,U64,32,1,4,2,1000000000,32,Yes,,,,,,,,,,
pfp_bloom_filter_contains_unique_size_u64,0,NVIDIA H200,I64,U64,32,1,4,2,1000000000,64,Yes,,,,,,,,,,
pfp_bloom_filter_contains_unique_size_u64,0,NVIDIA H200,I64,U64,32,1,4,2,1000000000,128,Yes,,,,,,,,,,
pfp_bloom_filter_contains_unique_size_u64,0,NVIDIA H200,I64,U64,32,1,4,2,1000000000,256,Yes,,,,,,,,,,
pfp_bloom_filter_contains_unique_size_u64,0,NVIDIA H200,I64,U64,32,1,4,2,1000000000,512,Yes,,,,,,,,,,
pfp_bloom_filter_contains_unique_size_u64,0,NVIDIA H200,I64,U64,32,1,4,2,1000000000,1024,Yes,,,,,,,,,,
pfp_bloom_filter_contains_unique_size_u64,0,NVIDIA H200,I64,U64,32,1,4,2,1000000000,2048,Yes,,,,,,,,,,
pfp_bloom_filter_contains_unique_size_u64,0,NVIDIA H200,I64,U64,32,1,4,4,1000000000,1,Yes,,,,,,,,,,
pfp_bloom_filter_contains_unique_size_u64,0,NVIDIA H200,I64,U64,32,1,4,4,1000000000,2,Yes,,,,,,,,,,
pfp_bloom_filter_contains_unique_size_u64,0,NVIDIA H200,I64,U64,32,1,4,4,1000000000,4,Yes,,,,,,,,,,
pfp_bloom_filter_contains_unique_size_u64,0,NVIDIA H200,I64,U64,32,1,4,4,1000000000,8,Yes,,,,,,,,,,
pfp_bloom_filter_contains_unique_size_u64,0,NVIDIA H200,I64,U64,32,1,4,4,1000000000,16,Yes,,,,,,,,,,
pfp_bloom_filter_contains_unique_size_u64,0,NVIDIA H200,I64,U64,32,1,4,4,1000000000,32,Yes,,,,,,,,,,
pfp_bloom_filter_contains_unique_size_u64,0,NVIDIA H200,I64,U64,32,1,4,4,1000000000,64,Yes,,,,,,,,,,
pfp_bloom_filter_contains_unique_size_u64,0,NVIDIA H200,I64,U64,32,1,4,4,1000000000,128,Yes,,,,,,,,,,
pfp_bloom_filter_contains_unique_size_u64,0,NVIDIA H200,I64,U64,32,1,4,4,1000000000,256,Yes,,,,,,,,,,
pfp_bloom_filter_contains_unique_size_u64,0,NVIDIA H200,I64,U64,32,1,4,4,1000000000,512,Yes,,,,,,,,,,
pfp_bloom_filter_contains_unique_size_u64,0,NVIDIA H200,I64,U64,32,1,4,4,1000000000,1024,Yes,,,,,,,,,,
pfp_bloom_filter_contains_unique_size_u64,0,NVIDIA H200,I64,U64,32,1,4,4,1000000000,2048,Yes,,,,,,,,,,
pfp_bloom_filter_contains_unique_size_u64,0,NVIDIA H200,I64,U64,32,1,4,8,1000000000,1,Yes,,,,,,,,,,
pfp_bloom_filter_contains_unique_size_u64,0,NVIDIA H200,I64,U64,32,1,4,8,1000000000,2,Yes,,,,,,,,,,
pfp_bloom_filter_contains_unique_size_u64,0,NVIDIA H200,I64,U64,32,1,4,8,1000000000,4,Yes,,,,,,,,,,
pfp_bloom_filter_contains_unique_size_u64,0,NVIDIA H200,I64,U64,32,1,4,8,1000000000,8,Yes,,,,,,,,,,
pfp_bloom_filter_contains_unique_size_u64,0,NVIDIA H200,I64,U64,32,1,4,8,1000000000,16,Yes,,,,,,,,,,
pfp_bloom_filter_contains_unique_size_u64,0,NVIDIA H200,I64,U64,32,1,4,8,1000000000,32,Yes,,,,,,,,,,
pfp_bloom_filter_contains_unique_size_u64,0,NVIDIA H200,I64,U64,32,1,4,8,1000000000,64,Yes,,,,,,,,,,
pfp_bloom_filter_contains_unique_size_u64,0,NVIDIA H200,I64,U64,32,1,4,8,1000000000,128,Yes,,,,,,,,,,
pfp_bloom_filter_contains_unique_size_u64,0,NVIDIA H200,I64,U64,32,1,4,8,1000000000,256,Yes,,,,,,,,,,
pfp_bloom_filter_contains_unique_size_u64,0,NVIDIA H200,I64,U64,32,1,4,8,1000000000,512,Yes,,,,,,,,,,
pfp_bloom_filter_contains_unique_size_u64,0,NVIDIA H200,I64,U64,32,1,4,8,1000000000,1024,Yes,,,,,,,,,,
pfp_bloom_filter_contains_unique_size_u64,0,NVIDIA H200,I64,U64,32,1,4,8,1000000000,2048,Yes,,,,,,,,,,
pfp_bloom_filter_contains_unique_size_u64,0,NVIDIA H200,I64,U64,32,1,8,1,1000000000,1,Yes,,,,,,,,,,
pfp_bloom_filter_contains_unique_size_u64,0,NVIDIA H200,I64,U64,32,1,8,1,1000000000,2,Yes,,,,,,,,,,
pfp_bloom_filter_contains_unique_size_u64,0,NVIDIA H200,I64,U64,32,1,8,1,1000000000,4,Yes,,,,,,,,,,
pfp_bloom_filter_contains_unique_size_u64,0,NVIDIA H200,I64,U64,32,1,8,1,1000000000,8,Yes,,,,,,,,,,
pfp_bloom_filter_contains_unique_size_u64,0,NVIDIA H200,I64,U64,32,1,8,1,1000000000,16,Yes,,,,,,,,,,
pfp_bloom_filter_contains_unique_size_u64,0,NVIDIA H200,I64,U64,32,1,8,1,1000000000,32,Yes,,,,,,,,,,
pfp_bloom_filter_contains_unique_size_u64,0,NVIDIA H200,I64,U64,32,1,8,1,1000000000,64,Yes,,,,,,,,,,
pfp_bloom_filter_contains_unique_size_u64,0,NVIDIA H200,I64,U64,32,1,8,1,1000000000,128,Yes,,,,,,,,,,
pfp_bloom_filter_contains_unique_size_u64,0,NVIDIA H200,I64,U64,32,1,8,1,1000000000,256,Yes,,,,,,,,,,
pfp_bloom_filter_contains_unique_size_u64,0,NVIDIA H200,I64,U64,32,1,8,1,1000000000,512,Yes,,,,,,,,,,
pfp_bloom_filter_contains_unique_size_u64,0,NVIDIA H200,I64,U64,32,1,8,1,1000000000,1024,Yes,,,,,,,,,,
pfp_bloom_filter_contains_unique_size_u64,0,NVIDIA H200,I64,U64,32,1,8,1,1000000000,2048,Yes,,,,,,,,,,
pfp_bloom_filter_contains_unique_size_u64,0,NVIDIA H200,I64,U64,32,1,8,2,1000000000,1,Yes,,,,,,,,,,
pfp_bloom_filter_contains_unique_size_u64,0,NVIDIA H200,I64,U64,32,1,8,2,1000000000,2,Yes,,,,,,,,,,
pfp_bloom_filter_contains_unique_size_u64,0,NVIDIA H200,I64,U64,32,1,8,2,1000000000,4,Yes,,,,,,,,,,
pfp_bloom_filter_contains_unique_size_u64,0,NVIDIA H200,I64,U64,32,1,8,2,1000000000,8,Yes,,,,,,,,,,
pfp_bloom_filter_contains_unique_size_u64,0,NVIDIA H200,I64,U64,32,1,8,2,1000000000,16,Yes,,,,,,,,,,
pfp_bloom_filter_contains_unique_size_u64,0,NVIDIA H200,I64,U64,32,1,8,2,1000000000,32,Yes,,,,,,,,,,
pfp_bloom_filter_contains_unique_size_u64,0,NVIDIA H200,I64,U64,32,1,8,2,1000000000,64,Yes,,,,,,,,,,
pfp_bloom_filter_contains_unique_size_u64,0,NVIDIA H200,I64,U64,32,1,8,2,1000000000,128,Yes,,,,,,,,,,
pfp_bloom_filter_contains_unique_size_u64,0,NVIDIA H200,I64,U64,32,1,8,2,1000000000,256,Yes,,,,,,,,,,
pfp_bloom_filter_contains_unique_size_u64,0,NVIDIA H200,I64,U64,32,1,8,2,1000000000,512,Yes,,,,,,,,,,
pfp_bloom_filter_contains_unique_size_u64,0,NVIDIA H200,I64,U64,32,1,8,2,1000000000,1024,Yes,,,,,,,,,,
pfp_bloom_filter_contains_unique_size_u64,0,NVIDIA H200,I64,U64,32,1,8,2,1000000000,2048,Yes,,,,,,,,,,
pfp_bloom_filter_contains_unique_size_u64,0,NVIDIA H200,I64,U64,32,1,8,4,1000000000,1,Yes,,,,,,,,,,
pfp_bloom_filter_contains_unique_size_u64,0,NVIDIA H200,I64,U64,32,1,8,4,1000000000,2,Yes,,,,,,,,,,
pfp_bloom_filter_contains_unique_size_u64,0,NVIDIA H200,I64,U64,32,1,8,4,1000000000,4,Yes,,,,,,,,,,
pfp_bloom_filter_contains_unique_size_u64,0,NVIDIA H200,I64,U64,32,1,8,4,1000000000,8,Yes,,,,,,,,,,
pfp_bloom_filter_contains_unique_size_u64,0,NVIDIA H200,I64,U64,32,1,8,4,1000000000,16,Yes,,,,,,,,,,
pfp_bloom_filter_contains_unique_size_u64,0,NVIDIA H200,I64,U64,32,1,8,4,1000000000,32,Yes,,,,,,,,,,
pfp_bloom_filter_contains_unique_size_u64,0,NVIDIA H200,I64,U64,32,1,8,4,1000000000,64,Yes,,,,,,,,,,
pfp_bloom_filter_contains_unique_size_u64,0,NVIDIA H200,I64,U64,32,1,8,4,1000000000,128,Yes,,,,,,,,,,
pfp_bloom_filter_contains_unique_size_u64,0,NVIDIA H200,I64,U64,32,1,8,4,1000000000,256,Yes,,,,,,,,,,
pfp_bloom_filter_contains_unique_size_u64,0,NVIDIA H200,I64,U64,32,1,8,4,1000000000,512,Yes,,,,,,,,,,
pfp_bloom_filter_contains_unique_size_u64,0,NVIDIA H200,I64,U64,32,1,8,4,1000000000,1024,Yes,,,,,,,,,,
pfp_bloom_filter_contains_unique_size_u64,0,NVIDIA H200,I64,U64,32,1,8,4,1000000000,2048,Yes,,,,,,,,,,
pfp_bloom_filter_contains_unique_size_u64,0,NVIDIA H200,I64,U64,32,1,8,8,1000000000,1,Yes,,,,,,,,,,
pfp_bloom_filter_contains_unique_size_u64,0,NVIDIA H200,I64,U64,32,1,8,8,1000000000,2,Yes,,,,,,,,,,
pfp_bloom_filter_contains_unique_size_u64,0,NVIDIA H200,I64,U64,32,1,8,8,1000000000,4,Yes,,,,,,,,,,
pfp_bloom_filter_contains_unique_size_u64,0,NVIDIA H200,I64,U64,32,1,8,8,1000000000,8,Yes,,,,,,,,,,
pfp_bloom_filter_contains_unique_size_u64,0,NVIDIA H200,I64,U64,32,1,8,8,1000000000,16,Yes,,,,,,,,,,
pfp_bloom_filter_contains_unique_size_u64,0,NVIDIA H200,I64,U64,32,1,8,8,1000000000,32,Yes,,,,,,,,,,
pfp_bloom_filter_contains_unique_size_u64,0,NVIDIA H200,I64,U64,32,1,8,8,1000000000,64,Yes,,,,,,,,,,
pfp_bloom_filter_contains_unique_size_u64,0,NVIDIA H200,I64,U64,32,1,8,8,1000000000,128,Yes,,,,,,,,,,
pfp_bloom_filter_contains_unique_size_u64,0,NVIDIA H200,I64,U64,32,1,8,8,1000000000,256,Yes,,,,,,,,,,
pfp_bloom_filter_contains_unique_size_u64,0,NVIDIA H200,I64,U64,32,1,8,8,1000000000,512,Yes,,,,,,,,,,
pfp_bloom_filter_contains_unique_size_u64,0,NVIDIA H200,I64,U64,32,1,8,8,1000000000,1024,Yes,,,,,,,,,,
pfp_bloom_filter_contains_unique_size_u64,0,NVIDIA H200,I64,U64,32,1,8,8,1000000000,2048,Yes,,,,,,,,,,
pfp_bloom_filter_contains_unique_size_u64,0,NVIDIA H200,I64,U64,32,20,1,1,1000000000,1,Yes,,,,,,,,,,
pfp_bloom_filter_contains_unique_size_u64,0,NVIDIA H200,I64,U64,32,20,1,1,1000000000,2,Yes,,,,,,,,,,
pfp_bloom_filter_contains_unique_size_u64,0,NVIDIA H200,I64,U64,32,20,1,1,1000000000,4,Yes,,,,,,,,,,
pfp_bloom_filter_contains_unique_size_u64,0,NVIDIA H200,I64,U64,32,20,1,1,1000000000,8,Yes,,,,,,,,,,
pfp_bloom_filter_contains_unique_size_u64,0,NVIDIA H200,I64,U64,32,20,1,1,1000000000,16,Yes,,,,,,,,,,
pfp_bloom_filter_contains_unique_size_u64,0,NVIDIA H200,I64,U64,32,20,1,1,1000000000,32,Yes,,,,,,,,,,
pfp_bloom_filter_contains_unique_size_u64,0,NVIDIA H200,I64,U64,32,20,1,1,1000000000,64,Yes,,,,,,,,,,
pfp_bloom_filter_contains_unique_size_u64,0,NVIDIA H200,I64,U64,32,20,1,1,1000000000,128,Yes,,,,,,,,,,
pfp_bloom_filter_contains_unique_size_u64,0,NVIDIA H200,I64,U64,32,20,1,1,1000000000,256,Yes,,,,,,,,,,
pfp_bloom_filter_contains_unique_size_u64,0,NVIDIA H200,I64,U64,32,20,1,1,1000000000,512,Yes,,,,,,,,,,
pfp_bloom_filter_contains_unique_size_u64,0,NVIDIA H200,I64,U64,32,20,1,1,1000000000,1024,Yes,,,,,,,,,,
pfp_bloom_filter_contains_unique_size_u64,0,NVIDIA H200,I64,U64,32,20,1,1,1000000000,2048,Yes,,,,,,,,,,
pfp_bloom_filter_contains_unique_size_u64,0,NVIDIA H200,I64,U64,32,20,1,2,1000000000,1,Yes,,,,,,,,,,
pfp_bloom_filter_contains_unique_size_u64,0,NVIDIA H200,I64,U64,32,20,1,2,1000000000,2,Yes,,,,,,,,,,
pfp_bloom_filter_contains_unique_size_u64,0,NVIDIA H200,I64,U64,32,20,1,2,1000000000,4,Yes,,,,,,,,,,
pfp_bloom_filter_contains_unique_size_u64,0,NVIDIA H200,I64,U64,32,20,1,2,1000000000,8,Yes,,,,,,,,,,
pfp_bloom_filter_contains_unique_size_u64,0,NVIDIA H200,I64,U64,32,20,1,2,1000000000,16,Yes,,,,,,,,,,
pfp_bloom_filter_contains_unique_size_u64,0,NVIDIA H200,I64,U64,32,20,1,2,1000000000,32,Yes,,,,,,,,,,
pfp_bloom_filter_contains_unique_size_u64,0,NVIDIA H200,I64,U64,32,20,1,2,1000000000,64,Yes,,,,,,,,,,
pfp_bloom_filter_contains_unique_size_u64,0,NVIDIA H200,I64,U64,32,20,1,2,1000000000,128,Yes,,,,,,,,,,
pfp_bloom_filter_contains_unique_size_u64,0,NVIDIA H200,I64,U64,32,20,1,2,1000000000,256,Yes,,,,,,,,,,
pfp_bloom_filter_contains_unique_size_u64,0,NVIDIA H200,I64,U64,32,20,1,2,1000000000,512,Yes,,,,,,,,,,
pfp_bloom_filter_contains_unique_size_u64,0,NVIDIA H200,I64,U64,32,20,1,2,1000000000,1024,Yes,,,,,,,,,,
pfp_bloom_filter_contains_unique_size_u64,0,NVIDIA H200,I64,U64,32,20,1,2,1000000000,2048,Yes,,,,,,,,,,
pfp_bloom_filter_contains_unique_size_u64,0,NVIDIA H200,I64,U64,32,20,1,4,1000000000,1,Yes,,,,,,,,,,
pfp_bloom_filter_contains_unique_size_u64,0,NVIDIA H200,I64,U64,32,20,1,4,1000000000,2,Yes,,,,,,,,,,
pfp_bloom_filter_contains_unique_size_u64,0,NVIDIA H200,I64,U64,32,20,1,4,1000000000,4,Yes,,,,,,,,,,
pfp_bloom_filter_contains_unique_size_u64,0,NVIDIA H200,I64,U64,32,20,1,4,1000000000,8,Yes,,,,,,,,,,
pfp_bloom_filter_contains_unique_size_u64,0,NVIDIA H200,I64,U64,32,20,1,4,1000000000,16,Yes,,,,,,,,,,
pfp_bloom_filter_contains_unique_size_u64,0,NVIDIA H200,I64,U64,32,20,1,4,1000000000,32,Yes,,,,,,,,,,
pfp_bloom_filter_contains_unique_size_u64,0,NVIDIA H200,I64,U64,32,20,1,4,1000000000,64,Yes,,,,,,,,,,
pfp_bloom_filter_contains_unique_size_u64,0,NVIDIA H200,I64,U64,32,20,1,4,1000000000,128,Yes,,,,,,,,,,
pfp_bloom_filter_contains_unique_size_u64,0,NVIDIA H200,I64,U64,32,20,1,4,1000000000,256,Yes,,,,,,,,,,
pfp_bloom_filter_contains_unique_size_u64,0,NVIDIA H200,I64,U64,32,20,1,4,1000000000,512,Yes,,,,,,,,,,
pfp_bloom_filter_contains_unique_size_u64,0,NVIDIA H200,I64,U64,32,20,1,4,1000000000,1024,Yes,,,,,,,,,,
pfp_bloom_filter_contains_unique_size_u64,0,NVIDIA H200,I64,U64,32,20,1,4,1000000000,2048,Yes,,,,,,,,,,
pfp_bloom_filter_contains_unique_size_u64,0,NVIDIA H200,I64,U64,32,20,1,8,1000000000,1,Yes,,,,,,,,,,
pfp_bloom_filter_contains_unique_size_u64,0,NVIDIA H200,I64,U64,32,20,1,8,1000000000,2,Yes,,,,,,,,,,
pfp_bloom_filter_contains_unique_size_u64,0,NVIDIA H200,I64,U64,32,20,1,8,1000000000,4,Yes,,,,,,,,,,
pfp_bloom_filter_contains_unique_size_u64,0,NVIDIA H200,I64,U64,32,20,1,8,1000000000,8,Yes,,,,,,,,,,
pfp_bloom_filter_contains_unique_size_u64,0,NVIDIA H200,I64,U64,32,20,1,8,1000000000,16,Yes,,,,,,,,,,
pfp_bloom_filter_contains_unique_size_u64,0,NVIDIA H200,I64,U64,32,20,1,8,1000000000,32,Yes,,,,,,,,,,
pfp_bloom_filter_contains_unique_size_u64,0,NVIDIA H200,I64,U64,32,20,1,8,1000000000,64,Yes,,,,,,,,,,
pfp_bloom_filter_contains_unique_size_u64,0,NVIDIA H200,I64,U64,32,20,1,8,1000000000,128,Yes,,,,,,,,,,
pfp_bloom_filter_contains_unique_size_u64,0,NVIDIA H200,I64,U64,32,20,1,8,1000000000,256,Yes,,,,,,,,,,
pfp_bloom_filter_contains_unique_size_u64,0,NVIDIA H200,I64,U64,32,20,1,8,1000000000,512,Yes,,,,,,,,,,
pfp_bloom_filter_contains_unique_size_u64,0,NVIDIA H200,I64,U64,32,20,1,8,1000000000,1024,Yes,,,,,,,,,,
pfp_bloom_filter_contains_unique_size_u64,0,NVIDIA H200,I64,U64,32,20,1,8,1000000000,2048,Yes,,,,,,,,,,
pfp_bloom_filter_contains_unique_size_u64,0,NVIDIA H200,I64,U64,32,20,2,1,1000000000,1,Yes,,,,,,,,,,
pfp_bloom_filter_contains_unique_size_u64,0,NVIDIA H200,I64,U64,32,20,2,1,1000000000,2,Yes,,,,,,,,,,
pfp_bloom_filter_contains_unique_size_u64,0,NVIDIA H200,I64,U64,32,20,2,1,1000000000,4,Yes,,,,,,,,,,
pfp_bloom_filter_contains_unique_size_u64,0,NVIDIA H200,I64,U64,32,20,2,1,1000000000,8,Yes,,,,,,,,,,
pfp_bloom_filter_contains_unique_size_u64,0,NVIDIA H200,I64,U64,32,20,2,1,1000000000,16,Yes,,,,,,,,,,
pfp_bloom_filter_contains_unique_size_u64,0,NVIDIA H200,I64,U64,32,20,2,1,1000000000,32,Yes,,,,,,,,,,
pfp_bloom_filter_contains_unique_size_u64,0,NVIDIA H200,I64,U64,32,20,2,1,1000000000,64,Yes,,,,,,,,,,
pfp_bloom_filter_contains_unique_size_u64,0,NVIDIA H200,I64,U64,32,20,2,1,1000000000,128,Yes,,,,,,,,,,
pfp_bloom_filter_contains_unique_size_u64,0,NVIDIA H200,I64,U64,32,20,2,1,1000000000,256,Yes,,,,,,,,,,
pfp_bloom_filter_contains_unique_size_u64,0,NVIDIA H200,I64,U64,32,20,2,1,1000000000,512,Yes,,,,,,,,,,
pfp_bloom_filter_contains_unique_size_u64,0,NVIDIA H200,I64,U64,32,20,2,1,1000000000,1024,Yes,,,,,,,,,,
pfp_bloom_filter_contains_unique_size_u64,0,NVIDIA H200,I64,U64,32,20,2,1,1000000000,2048,Yes,,,,,,,,,,
pfp_bloom_filter_contains_unique_size_u64,0,NVIDIA H200,I64,U64,32,20,2,2,1000000000,1,Yes,,,,,,,,,,
pfp_bloom_filter_contains_unique_size_u64,0,NVIDIA H200,I64,U64,32,20,2,2,1000000000,2,Yes,,,,,,,,,,
pfp_bloom_filter_contains_unique_size_u64,0,NVIDIA H200,I64,U64,32,20,2,2,1000000000,4,Yes,,,,,,,,,,
pfp_bloom_filter_contains_unique_size_u64,0,NVIDIA H200,I64,U64,32,20,2,2,1000000000,8,Yes,,,,,,,,,,
pfp_bloom_filter_contains_unique_size_u64,0,NVIDIA H200,I64,U64,32,20,2,2,1000000000,16,Yes,,,,,,,,,,
pfp_bloom_filter_contains_unique_size_u64,0,NVIDIA H200,I64,U64,32,20,2,2,1000000000,32,Yes,,,,,,,,,,
pfp_bloom_filter_contains_unique_size_u64,0,NVIDIA H200,I64,U64,32,20,2,2,1000000000,64,Yes,,,,,,,,,,
pfp_bloom_filter_contains_unique_size_u64,0,NVIDIA H200,I64,U64,32,20,2,2,1000000000,128,Yes,,,,,,,,,,
pfp_bloom_filter_contains_unique_size_u64,0,NVIDIA H200,I64,U64,32,20,2,2,1000000000,256,Yes,,,,,,,,,,
pfp_bloom_filter_contains_unique_size_u64,0,NVIDIA H200,I64,U64,32,20,2,2,1000000000,512,Yes,,,,,,,,,,
pfp_bloom_filter_contains_unique_size_u64,0,NVIDIA H200,I64,U64,32,20,2,2,1000000000,1024,Yes,,,,,,,,,,
pfp_bloom_filter_contains_unique_size_u64,0,NVIDIA H200,I64,U64,32,20,2,2,1000000000,2048,Yes,,,,,,,,,,
pfp_bloom_filter_contains_unique_size_u64,0,NVIDIA H200,I64,U64,32,20,2,4,1000000000,1,Yes,,,,,,,,,,
pfp_bloom_filter_contains_unique_size_u64,0,NVIDIA H200,I64,U64,32,20,2,4,1000000000,2,Yes,,,,,,,,,,
pfp_bloom_filter_contains_unique_size_u64,0,NVIDIA H200,I64,U64,32,20,2,4,1000000000,4,Yes,,,,,,,,,,
pfp_bloom_filter_contains_unique_size_u64,0,NVIDIA H200,I64,U64,32,20,2,4,1000000000,8,Yes,,,,,,,,,,
pfp_bloom_filter_contains_unique_size_u64,0,NVIDIA H200,I64,U64,32,20,2,4,1000000000,16,Yes,,,,,,,,,,
pfp_bloom_filter_contains_unique_size_u64,0,NVIDIA H200,I64,U64,32,20,2,4,1000000000,32,Yes,,,,,,,,,,
pfp_bloom_filter_contains_unique_size_u64,0,NVIDIA H200,I64,U64,32,20,2,4,1000000000,64,Yes,,,,,,,,,,
pfp_bloom_filter_contains_unique_size_u64,0,NVIDIA H200,I64,U64,32,20,2,4,1000000000,128,Yes,,,,,,,,,,
pfp_bloom_filter_contains_unique_size_u64,0,NVIDIA H200,I64,U64,32,20,2,4,1000000000,256,Yes,,,,,,,,,,
pfp_bloom_filter_contains_unique_size_u64,0,NVIDIA H200,I64,U64,32,20,2,4,1000000000,512,Yes,,,,,,,,,,
pfp_bloom_filter_contains_unique_size_u64,0,NVIDIA H200,I64,U64,32,20,2,4,1000000000,1024,Yes,,,,,,,,,,
pfp_bloom_filter_contains_unique_size_u64,0,NVIDIA H200,I64,U64,32,20,2,4,1000000000,2048,Yes,,,,,,,,,,
pfp_bloom_filter_contains_unique_size_u64,0,NVIDIA H200,I64,U64,32,20,2,8,1000000000,1,Yes,,,,,,,,,,
pfp_bloom_filter_contains_unique_size_u64,0,NVIDIA H200,I64,U64,32,20,2,8,1000000000,2,Yes,,,,,,,,,,
pfp_bloom_filter_contains_unique_size_u64,0,NVIDIA H200,I64,U64,32,20,2,8,1000000000,4,Yes,,,,,,,,,,
pfp_bloom_filter_contains_unique_size_u64,0,NVIDIA H200,I64,U64,32,20,2,8,1000000000,8,Yes,,,,,,,,,,
pfp_bloom_filter_contains_unique_size_u64,0,NVIDIA H200,I64,U64,32,20,2,8,1000000000,16,Yes,,,,,,,,,,
pfp_bloom_filter_contains_unique_size_u64,0,NVIDIA H200,I64,U64,32,20,2,8,1000000000,32,Yes,,,,,,,,,,
pfp_bloom_filter_contains_unique_size_u64,0,NVIDIA H200,I64,U64,32,20,2,8,1000000000,64,Yes,,,,,,,,,,
pfp_bloom_filter_contains_unique_size_u64,0,NVIDIA H200,I64,U64,32,20,2,8,1000000000,128,Yes,,,,,,,,,,
pfp_bloom_filter_contains_unique_size_u64,0,NVIDIA H200,I64,U64,32,20,2,8,1000000000,256,Yes,,,,,,,,,,
pfp_bloom_filter_contains_unique_size_u64,0,NVIDIA H200,I64,U64,32,20,2,8,1000000000,512,Yes,,,,,,,,,,
pfp_bloom_filter_contains_unique_size_u64,0,NVIDIA H200,I64,U64,32,20,2,8,1000000000,1024,Yes,,,,,,,,,,
pfp_bloom_filter_contains_unique_size_u64,0,NVIDIA H200,I64,U64,32,20,2,8,1000000000,2048,Yes,,,,,,,,,,
pfp_bloom_filter_contains_unique_size_u64,0,NVIDIA H200,I64,U64,32,20,4,1,1000000000,1,Yes,,,,,,,,,,
pfp_bloom_filter_contains_unique_size_u64,0,NVIDIA H200,I64,U64,32,20,4,1,1000000000,2,Yes,,,,,,,,,,
pfp_bloom_filter_contains_unique_size_u64,0,NVIDIA H200,I64,U64,32,20,4,1,1000000000,4,Yes,,,,,,,,,,
pfp_bloom_filter_contains_unique_size_u64,0,NVIDIA H200,I64,U64,32,20,4,1,1000000000,8,Yes,,,,,,,,,,
pfp_bloom_filter_contains_unique_size_u64,0,NVIDIA H200,I64,U64,32,20,4,1,1000000000,16,Yes,,,,,,,,,,
pfp_bloom_filter_contains_unique_size_u64,0,NVIDIA H200,I64,U64,32,20,4,1,1000000000,32,Yes,,,,,,,,,,
pfp_bloom_filter_contains_unique_size_u64,0,NVIDIA H200,I64,U64,32,20,4,1,1000000000,64,Yes,,,,,,,,,,
pfp_bloom_filter_contains_unique_size_u64,0,NVIDIA H200,I64,U64,32,20,4,1,1000000000,128,Yes,,,,,,,,,,
pfp_bloom_filter_contains_unique_size_u64,0,NVIDIA H200,I64,U64,32,20,4,1,1000000000,256,Yes,,,,,,,,,,
pfp_bloom_filter_contains_unique_size_u64,0,NVIDIA H200,I64,U64,32,20,4,1,1000000000,512,Yes,,,,,,,,,,
pfp_bloom_filter_contains_unique_size_u64,0,NVIDIA H200,I64,U64,32,20,4,1,1000000000,1024,Yes,,,,,,,,,,
pfp_bloom_filter_contains_unique_size_u64,0,NVIDIA H200,I64,U64,32,20,4,1,1000000000,2048,Yes,,,,,,,,,,
pfp_bloom_filter_contains_unique_size_u64,0,NVIDIA H200,I64,U64,32,20,4,2,1000000000,1,Yes,,,,,,,,,,
pfp_bloom_filter_contains_unique_size_u64,0,NVIDIA H200,I64,U64,32,20,4,2,1000000000,2,Yes,,,,,,,,,,
pfp_bloom_filter_contains_unique_size_u64,0,NVIDIA H200,I64,U64,32,20,4,2,1000000000,4,Yes,,,,,,,,,,
pfp_bloom_filter_contains_unique_size_u64,0,NVIDIA H200,I64,U64,32,20,4,2,1000000000,8,Yes,,,,,,,,,,
pfp_bloom_filter_contains_unique_size_u64,0,NVIDIA H200,I64,U64,32,20,4,2,1000000000,16,Yes,,,,,,,,,,
pfp_bloom_filter_contains_unique_size_u64,0,NVIDIA H200,I64,U64,32,20,4,2,1000000000,32,Yes,,,,,,,,,,
pfp_bloom_filter_contains_unique_size_u64,0,NVIDIA H200,I64,U64,32,20,4,2,1000000000,64,Yes,,,,,,,,,,
pfp_bloom_filter_contains_unique_size_u64,0,NVIDIA H200,I64,U64,32,20,4,2,1000000000,128,Yes,,,,,,,,,,
pfp_bloom_filter_contains_unique_size_u64,0,NVIDIA H200,I64,U64,32,20,4,2,1000000000,256,Yes,,,,,,,,,,
pfp_bloom_filter_contains_unique_size_u64,0,NVIDIA H200,I64,U64,32,20,4,2,1000000000,512,Yes,,,,,,,,,,
pfp_bloom_filter_contains_unique_size_u64,0,NVIDIA H200,I64,U64,32,20,4,2,1000000000,1024,Yes,,,,,,,,,,
pfp_bloom_filter_contains_unique_size_u64,0,NVIDIA H200,I64,U64,32,20,4,2,1000000000,2048,Yes,,,,,,,,,,
pfp_bloom_filter_contains_unique_size_u64,0,NVIDIA H200,I64,U64,32,20,4,4,1000000000,1,Yes,,,,,,,,,,
pfp_bloom_filter_contains_unique_size_u64,0,NVIDIA H200,I64,U64,32,20,4,4,1000000000,2,Yes,,,,,,,,,,
pfp_bloom_filter_contains_unique_size_u64,0,NVIDIA H200,I64,U64,32,20,4,4,1000000000,4,Yes,,,,,,,,,,
pfp_bloom_filter_contains_unique_size_u64,0,NVIDIA H200,I64,U64,32,20,4,4,1000000000,8,Yes,,,,,,,,,,
pfp_bloom_filter_contains_unique_size_u64,0,NVIDIA H200,I64,U64,32,20,4,4,1000000000,16,Yes,,,,,,,,,,
pfp_bloom_filter_contains_unique_size_u64,0,NVIDIA H200,I64,U64,32,20,4,4,1000000000,32,Yes,,,,,,,,,,
pfp_bloom_filter_contains_unique_size_u64,0,NVIDIA H200,I64,U64,32,20,4,4,1000000000,64,Yes,,,,,,,,,,
pfp_bloom_filter_contains_unique_size_u64,0,NVIDIA H200,I64,U64,32,20,4,4,1000000000,128,Yes,,,,,,,,,,
pfp_bloom_filter_contains_unique_size_u64,0,NVIDIA H200,I64,U64,32,20,4,4,1000000000,256,Yes,,,,,,,,,,
pfp_bloom_filter_contains_unique_size_u64,0,NVIDIA H200,I64,U64,32,20,4,4,1000000000,512,Yes,,,,,,,,,,
pfp_bloom_filter_contains_unique_size_u64,0,NVIDIA H200,I64,U64,32,20,4,4,1000000000,1024,Yes,,,,,,,,,,
pfp_bloom_filter_contains_unique_size_u64,0,NVIDIA H200,I64,U64,32,20,4,4,1000000000,2048,Yes,,,,,,,,,,
pfp_bloom_filter_contains_unique_size_u64,0,NVIDIA H200,I64,U64,32,20,4,8,1000000000,1,Yes,,,,,,,,,,
pfp_bloom_filter_contains_unique_size_u64,0,NVIDIA H200,I64,U64,32,20,4,8,1000000000,2,Yes,,,,,,,,,,
pfp_bloom_filter_contains_unique_size_u64,0,NVIDIA H200,I64,U64,32,20,4,8,1000000000,4,Yes,,,,,,,,,,
pfp_bloom_filter_contains_unique_size_u64,0,NVIDIA H200,I64,U64,32,20,4,8,1000000000,8,Yes,,,,,,,,,,
pfp_bloom_filter_contains_unique_size_u64,0,NVIDIA H200,I64,U64,32,20,4,8,1000000000,16,Yes,,,,,,,,,,
pfp_bloom_filter_contains_unique_size_u64,0,NVIDIA H200,I64,U64,32,20,4,8,1000000000,32,Yes,,,,,,,,,,
pfp_bloom_filter_contains_unique_size_u64,0,NVIDIA H200,I64,U64,32,20,4,8,1000000000,64,Yes,,,,,,,,,,
pfp_bloom_filter_contains_unique_size_u64,0,NVIDIA H200,I64,U64,32,20,4,8,1000000000,128,Yes,,,,,,,,,,
pfp_bloom_filter_contains_unique_size_u64,0,NVIDIA H200,I64,U64,32,20,4,8,1000000000,256,Yes,,,,,,,,,,
pfp_bloom_filter_contains_unique_size_u64,0,NVIDIA H200,I64,U64,32,20,4,8,1000000000,512,Yes,,,,,,,,,,
pfp_bloom_filter_contains_unique_size_u64,0,NVIDIA H200,I64,U64,32,20,4,8,1000000000,1024,Yes,,,,,,,,,,
pfp_bloom_filter_contains_unique_size_u64,0,NVIDIA H200,I64,U64,32,20,4,8,1000000000,2048,Yes,,,,,,,,,,
pfp_bloom_filter_contains_unique_size_u64,0,NVIDIA H200,I64,U64,32,20,8,1,1000000000,1,Yes,,,,,,,,,,
pfp_bloom_filter_contains_unique_size_u64,0,NVIDIA H200,I64,U64,32,20,8,1,1000000000,2,Yes,,,,,,,,,,
pfp_bloom_filter_contains_unique_size_u64,0,NVIDIA H200,I64,U64,32,20,8,1,1000000000,4,Yes,,,,,,,,,,
pfp_bloom_filter_contains_unique_size_u64,0,NVIDIA H200,I64,U64,32,20,8,1,1000000000,8,Yes,,,,,,,,,,
pfp_bloom_filter_contains_unique_size_u64,0,NVIDIA H200,I64,U64,32,20,8,1,1000000000,16,Yes,,,,,,,,,,
pfp_bloom_filter_contains_unique_size_u64,0,NVIDIA H200,I64,U64,32,20,8,1,1000000000,32,Yes,,,,,,,,,,
pfp_bloom_filter_contains_unique_size_u64,0,NVIDIA H200,I64,U64,32,20,8,1,1000000000,64,Yes,,,,,,,,,,
pfp_bloom_filter_contains_unique_size_u64,0,NVIDIA H200,I64,U64,32,20,8,1,1000000000,128,Yes,,,,,,,,,,
pfp_bloom_filter_contains_unique_size_u64,0,NVIDIA H200,I64,U64,32,20,8,1,1000000000,256,Yes,,,,,,,,,,
pfp_bloom_filter_contains_unique_size_u64,0,NVIDIA H200,I64,U64,32,20,8,1,1000000000,512,Yes,,,,,,,,,,
pfp_bloom_filter_contains_unique_size_u64,0,NVIDIA H200,I64,U64,32,20,8,1,1000000000,1024,Yes,,,,,,,,,,
pfp_bloom_filter_contains_unique_size_u64,0,NVIDIA H200,I64,U64,32,20,8,1,1000000000,2048,Yes,,,,,,,,,,
pfp_bloom_filter_contains_unique_size_u64,0,NVIDIA H200,I64,U64,32,20,8,2,1000000000,1,Yes,,,,,,,,,,
pfp_bloom_filter_contains_unique_size_u64,0,NVIDIA H200,I64,U64,32,20,8,2,1000000000,2,Yes,,,,,,,,,,
pfp_bloom_filter_contains_unique_size_u64,0,NVIDIA H200,I64,U64,32,20,8,2,1000000000,4,Yes,,,,,,,,,,
pfp_bloom_filter_contains_unique_size_u64,0,NVIDIA H200,I64,U64,32,20,8,2,1000000000,8,Yes,,,,,,,,,,
pfp_bloom_filter_contains_unique_size_u64,0,NVIDIA H200,I64,U64,32,20,8,2,1000000000,16,Yes,,,,,,,,,,
pfp_bloom_filter_contains_unique_size_u64,0,NVIDIA H200,I64,U64,32,20,8,2,1000000000,32,Yes,,,,,,,,,,
pfp_bloom_filter_contains_unique_size_u64,0,NVIDIA H200,I64,U64,32,20,8,2,1000000000,64,Yes,,,,,,,,,,
pfp_bloom_filter_contains_unique_size_u64,0,NVIDIA H200,I64,U64,32,20,8,2,1000000000,128,Yes,,,,,,,,,,
pfp_bloom_filter_contains_unique_size_u64,0,NVIDIA H200,I64,U64,32,20,8,2,1000000000,256,Yes,,,,,,,,,,
pfp_bloom_filter_contains_unique_size_u64,0,NVIDIA H200,I64,U64,32,20,8,2,1000000000,512,Yes,,,,,,,,,,
pfp_bloom_filter_contains_unique_size_u64,0,NVIDIA H200,I64,U64,32,20,8,2,1000000000,1024,Yes,,,,,,,,,,
pfp_bloom_filter_contains_unique_size_u64,0,NVIDIA H200,I64,U64,32,20,8,2,1000000000,2048,Yes,,,,,,,,,,
pfp_bloom_filter_contains_unique_size_u64,0,NVIDIA H200,I64,U64,32,20,8,4,1000000000,1,Yes,,,,,,,,,,
pfp_bloom_filter_contains_unique_size_u64,0,NVIDIA H200,I64,U64,32,20,8,4,1000000000,2,Yes,,,,,,,,,,
pfp_bloom_filter_contains_unique_size_u64,0,NVIDIA H200,I64,U64,32,20,8,4,1000000000,4,Yes,,,,,,,,,,
pfp_bloom_filter_contains_unique_size_u64,0,NVIDIA H200,I64,U64,32,20,8,4,1000000000,8,Yes,,,,,,,,,,
pfp_bloom_filter_contains_unique_size_u64,0,NVIDIA H200,I64,U64,32,20,8,4,1000000000,16,Yes,,,,,,,,,,
pfp_bloom_filter_contains_unique_size_u64,0,NVIDIA H200,I64,U64,32,20,8,4,1000000000,32,Yes,,,,,,,,,,
pfp_bloom_filter_contains_unique_size_u64,0,NVIDIA H200,I64,U64,32,20,8,4,1000000000,64,Yes,,,,,,,,,,
pfp_bloom_filter_contains_unique_size_u64,0,NVIDIA H200,I64,U64,32,20,8,4,1000000000,128,Yes,,,,,,,,,,
pfp_bloom_filter_contains_unique_size_u64,0,NVIDIA H200,I64,U64,32,20,8,4,1000000000,256,Yes,,,,,,,,,,
pfp_bloom_filter_contains_unique_size_u64,0,NVIDIA H200,I64,U64,32,20,8,4,1000000000,512,Yes,,,,,,,,,,
pfp_bloom_filter_contains_unique_size_u64,0,NVIDIA H200,I64,U64,32,20,8,4,1000000000,1024,Yes,,,,,,,,,,
pfp_bloom_filter_contains_unique_size_u64,0,NVIDIA H200,I64,U64,32,20,8,4,1000000000,2048,Yes,,,,,,,,,,
pfp_bloom_filter_contains_unique_size_u64,0,NVIDIA H200,I64,U64,32,20,8,8,1000000000,1,Yes,,,,,,,,,,
pfp_bloom_filter_contains_unique_size_u64,0,NVIDIA H200,I64,U64,32,20,8,8,1000000000,2,Yes,,,,,,,,,,
pfp_bloom_filter_contains_unique_size_u64,0,NVIDIA H200,I64,U64,32,20,8,8,1000000000,4,Yes,,,,,,,,,,
pfp_bloom_filter_contains_unique_size_u64,0,NVIDIA H200,I64,U64,32,20,8,8,1000000000,8,Yes,,,,,,,,,,
pfp_bloom_filter_contains_unique_size_u64,0,NVIDIA H200,I64,U64,32,20,8,8,1000000000,16,Yes,,,,,,,,,,
pfp_bloom_filter_contains_unique_size_u64,0,NVIDIA H200,I64,U64,32,20,8,8,1000000000,32,Yes,,,,,,,,,,
pfp_bloom_filter_contains_unique_size_u64,0,NVIDIA H200,I64,U64,32,20,8,8,1000000000,64,Yes,,,,,,,,,,
pfp_bloom_filter_contains_unique_size_u64,0,NVIDIA H200,I64,U64,32,20,8,8,1000000000,128,Yes,,,,,,,,,,
pfp_bloom_filter_contains_unique_size_u64,0,NVIDIA H200,I64,U64,32,20,8,8,1000000000,256,Yes,,,,,,,,,,
pfp_bloom_filter_contains_unique_size_u64,0,NVIDIA H200,I64,U64,32,20,8,8,1000000000,512,Yes,,,,,,,,,,
pfp_bloom_filter_contains_unique_size_u64,0,NVIDIA H200,I64,U64,32,20,8,8,1000000000,1024,Yes,,,,,,,,,,
pfp_bloom_filter_contains_unique_size_u64,0,NVIDIA H200,I64,U64,32,20,8,8,1000000000,2048,Yes,,,,,,,,,,
pfp_bloom_filter_contains_unique_size_u64,0,NVIDIA H200,I64,U64,64,1,1,1,1000000000,1,No,0.393517069,1,74,0.00681686372972973,0.01733914875655387,0.006790281965925886,0.00038717853680281657,147269289407.7257,77,0.006792484432071835
pfp_bloom_filter_contains_unique_size_u64,0,NVIDIA H200,I64,U64,64,1,1,1,1000000000,2,No,0.393450218,1,71,0.007107833295774647,0.00019438683995802211,0.0070950589582953645,0.00016676111700547253,140943155776.15112,74,0.007092312374630491
pfp_bloom_filter_contains_unique_size_u64,0,NVIDIA H200,I64,U64,64,1,1,1,1000000000,4,No,0.39345492,1,69,0.0072618196231884055,0.00016567430064284185,0.0072489298253819575,0.00014832732553666267,137951397528.8495,72,0.007245752970377604
pfp_bloom_filter_contains_unique_size_u64,0,NVIDIA H200,I64,U64,64,1,1,1,1000000000,8,No,0.39345243,1,69,0.007325833811594203,0.00015602365949975728,0.007313129238460375,0.00012964701647874243,136740370283.75131,71,0.007308212065360915
pfp_bloom_filter_contains_unique_size_u64,0,NVIDIA H200,I64,U64,64,1,1,1,1000000000,16,No,0.393473962,1,69,0.007365473405797102,0.00019330306629312616,0.007352580174155856,0.00014482895605760836,136006677426.65033,71,0.007345053229533451
pfp_bloom_filter_contains_unique_size_u64,0,NVIDIA H200,I64,U64,64,1,1,1,1000000000,32,No,0.393490367,1,52,0.009673648500000001,0.0001587184240853885,0.00966066395319425,0.00012140620919408803,103512554089.96552,54,0.00964911679868345
pfp_bloom_filter_contains_unique_size_u64,0,NVIDIA H200,I64,U64,64,1,1,1,1000000000,64,No,0.393470699,1,31,0.01645688935483871,0.00032662171550968983,0.01644367697931105,0.00031839540448339607,60813648994.57527,32,0.01643022918701172
pfp_bloom_filter_contains_unique_size_u64,0,NVIDIA H200,I64,U64,64,1,1,1,1000000000,128,No,0.393479853,1,23,0.02207117286956522,0.0001949766773649056,0.022058163435562796,0.00019124930761541144,45334689940.13217,24,0.022047409931818644
pfp_bloom_filter_contains_unique_size_u64,0,NVIDIA H200,I64,U64,64,1,1,1,1000000000,256,No,0.393454774,1,20,0.025169915100000002,0.0001349606666234221,0.025156892681121822,0.0001293698095035352,39750537265.296585,21,0.025145956766037713
pfp_bloom_filter_contains_unique_size_u64,0,NVIDIA H200,I64,U64,64,1,1,1,1000000000,512,No,0.393484353,1,19,0.026755708736842104,0.00015221023533680292,0.02674220807928788,0.0001478529220126544,37394069967.4127,20,0.02673119945526123
pfp_bloom_filter_contains_unique_size_u64,0,NVIDIA H200,I64,U64,64,1,1,1,1000000000,1024,No,0.393459312,1,19,0.027562180052631585,0.00013674985254031393,0.027549243023521026,0.00013878064623804544,36298638011.44078,20,0.027536487007141112
pfp_bloom_filter_contains_unique_size_u64,0,NVIDIA H200,I64,U64,64,1,1,1,1000000000,2048,No,0.393447439,1,18,0.027967108722222227,0.0001858828098996465,0.027954054938422308,0.00018287727101847827,35772985429.22728,19,0.027944709777832026
pfp_bloom_filter_contains_unique_size_u64,0,NVIDIA H200,I64,U64,64,1,1,2,1000000000,1,Yes,,,,,,,,,,
pfp_bloom_filter_contains_unique_size_u64,0,NVIDIA H200,I64,U64,64,1,1,2,1000000000,2,Yes,,,,,,,,,,
pfp_bloom_filter_contains_unique_size_u64,0,NVIDIA H200,I64,U64,64,1,1,2,1000000000,4,Yes,,,,,,,,,,
pfp_bloom_filter_contains_unique_size_u64,0,NVIDIA H200,I64,U64,64,1,1,2,1000000000,8,Yes,,,,,,,,,,
pfp_bloom_filter_contains_unique_size_u64,0,NVIDIA H200,I64,U64,64,1,1,2,1000000000,16,Yes,,,,,,,,,,
pfp_bloom_filter_contains_unique_size_u64,0,NVIDIA H200,I64,U64,64,1,1,2,1000000000,32,Yes,,,,,,,,,,
pfp_bloom_filter_contains_unique_size_u64,0,NVIDIA H200,I64,U64,64,1,1,2,1000000000,64,Yes,,,,,,,,,,
pfp_bloom_filter_contains_unique_size_u64,0,NVIDIA H200,I64,U64,64,1,1,2,1000000000,128,Yes,,,,,,,,,,
pfp_bloom_filter_contains_unique_size_u64,0,NVIDIA H200,I64,U64,64,1,1,2,1000000000,256,Yes,,,,,,,,,,
pfp_bloom_filter_contains_unique_size_u64,0,NVIDIA H200,I64,U64,64,1,1,2,1000000000,512,Yes,,,,,,,,,,
pfp_bloom_filter_contains_unique_size_u64,0,NVIDIA H200,I64,U64,64,1,1,2,1000000000,1024,Yes,,,,,,,,,,
pfp_bloom_filter_contains_unique_size_u64,0,NVIDIA H200,I64,U64,64,1,1,2,1000000000,2048,Yes,,,,,,,,,,
pfp_bloom_filter_contains_unique_size_u64,0,NVIDIA H200,I64,U64,64,1,1,4,1000000000,1,Yes,,,,,,,,,,
pfp_bloom_filter_contains_unique_size_u64,0,NVIDIA H200,I64,U64,64,1,1,4,1000000000,2,Yes,,,,,,,,,,
pfp_bloom_filter_contains_unique_size_u64,0,NVIDIA H200,I64,U64,64,1,1,4,1000000000,4,Yes,,,,,,,,,,
pfp_bloom_filter_contains_unique_size_u64,0,NVIDIA H200,I64,U64,64,1,1,4,1000000000,8,Yes,,,,,,,,,,
pfp_bloom_filter_contains_unique_size_u64,0,NVIDIA H200,I64,U64,64,1,1,4,1000000000,16,Yes,,,,,,,,,,
pfp_bloom_filter_contains_unique_size_u64,0,NVIDIA H200,I64,U64,64,1,1,4,1000000000,32,Yes,,,,,,,,,,
pfp_bloom_filter_contains_unique_size_u64,0,NVIDIA H200,I64,U64,64,1,1,4,1000000000,64,Yes,,,,,,,,,,
pfp_bloom_filter_contains_unique_size_u64,0,NVIDIA H200,I64,U64,64,1,1,4,1000000000,128,Yes,,,,,,,,,,
pfp_bloom_filter_contains_unique_size_u64,0,NVIDIA H200,I64,U64,64,1,1,4,1000000000,256,Yes,,,,,,,,,,
pfp_bloom_filter_contains_unique_size_u64,0,NVIDIA H200,I64,U64,64,1,1,4,1000000000,512,Yes,,,,,,,,,,
pfp_bloom_filter_contains_unique_size_u64,0,NVIDIA H200,I64,U64,64,1,1,4,1000000000,1024,Yes,,,,,,,,,,
pfp_bloom_filter_contains_unique_size_u64,0,NVIDIA H200,I64,U64,64,1,1,4,1000000000,2048,Yes,,,,,,,,,,
pfp_bloom_filter_contains_unique_size_u64,0,NVIDIA H200,I64,U64,64,1,1,8,1000000000,1,Yes,,,,,,,,,,
pfp_bloom_filter_contains_unique_size_u64,0,NVIDIA H200,I64,U64,64,1,1,8,1000000000,2,Yes,,,,,,,,,,
pfp_bloom_filter_contains_unique_size_u64,0,NVIDIA H200,I64,U64,64,1,1,8,1000000000,4,Yes,,,,,,,,,,
pfp_bloom_filter_contains_unique_size_u64,0,NVIDIA H200,I64,U64,64,1,1,8,1000000000,8,Yes,,,,,,,,,,
pfp_bloom_filter_contains_unique_size_u64,0,NVIDIA H200,I64,U64,64,1,1,8,1000000000,16,Yes,,,,,,,,,,
pfp_bloom_filter_contains_unique_size_u64,0,NVIDIA H200,I64,U64,64,1,1,8,1000000000,32,Yes,,,,,,,,,,
pfp_bloom_filter_contains_unique_size_u64,0,NVIDIA H200,I64,U64,64,1,1,8,1000000000,64,Yes,,,,,,,,,,
pfp_bloom_filter_contains_unique_size_u64,0,NVIDIA H200,I64,U64,64,1,1,8,1000000000,128,Yes,,,,,,,,,,
pfp_bloom_filter_contains_unique_size_u64,0,NVIDIA H200,I64,U64,64,1,1,8,1000000000,256,Yes,,,,,,,,,,
pfp_bloom_filter_contains_unique_size_u64,0,NVIDIA H200,I64,U64,64,1,1,8,1000000000,512,Yes,,,,,,,,,,
pfp_bloom_filter_contains_unique_size_u64,0,NVIDIA H200,I64,U64,64,1,1,8,1000000000,1024,Yes,,,,,,,,,,
pfp_bloom_filter_contains_unique_size_u64,0,NVIDIA H200,I64,U64,64,1,1,8,1000000000,2048,Yes,,,,,,,,,,
pfp_bloom_filter_contains_unique_size_u64,0,NVIDIA H200,I64,U64,64,1,2,1,1000000000,1,Yes,,,,,,,,,,
pfp_bloom_filter_contains_unique_size_u64,0,NVIDIA H200,I64,U64,64,1,2,1,1000000000,2,Yes,,,,,,,,,,
pfp_bloom_filter_contains_unique_size_u64,0,NVIDIA H200,I64,U64,64,1,2,1,1000000000,4,Yes,,,,,,,,,,
pfp_bloom_filter_contains_unique_size_u64,0,NVIDIA H200,I64,U64,64,1,2,1,1000000000,8,Yes,,,,,,,,,,
pfp_bloom_filter_contains_unique_size_u64,0,NVIDIA H200,I64,U64,64,1,2,1,1000000000,16,Yes,,,,,,,,,,
pfp_bloom_filter_contains_unique_size_u64,0,NVIDIA H200,I64,U64,64,1,2,1,1000000000,32,Yes,,,,,,,,,,
pfp_bloom_filter_contains_unique_size_u64,0,NVIDIA H200,I64,U64,64,1,2,1,1000000000,64,Yes,,,,,,,,,,
pfp_bloom_filter_contains_unique_size_u64,0,NVIDIA H200,I64,U64,64,1,2,1,1000000000,128,Yes,,,,,,,,,,
pfp_bloom_filter_contains_unique_size_u64,0,NVIDIA H200,I64,U64,64,1,2,1,1000000000,256,Yes,,,,,,,,,,
pfp_bloom_filter_contains_unique_size_u64,0,NVIDIA H200,I64,U64,64,1,2,1,1000000000,512,Yes,,,,,,,,,,
pfp_bloom_filter_contains_unique_size_u64,0,NVIDIA H200,I64,U64,64,1,2,1,1000000000,1024,Yes,,,,,,,,,,
pfp_bloom_filter_contains_unique_size_u64,0,NVIDIA H200,I64,U64,64,1,2,1,1000000000,2048,Yes,,,,,,,,,,
pfp_bloom_filter_contains_unique_size_u64,0,NVIDIA H200,I64,U64,64,1,2,2,1000000000,1,Yes,,,,,,,,,,
pfp_bloom_filter_contains_unique_size_u64,0,NVIDIA H200,I64,U64,64,1,2,2,1000000000,2,Yes,,,,,,,,,,
pfp_bloom_filter_contains_unique_size_u64,0,NVIDIA H200,I64,U64,64,1,2,2,1000000000,4,Yes,,,,,,,,,,
pfp_bloom_filter_contains_unique_size_u64,0,NVIDIA H200,I64,U64,64,1,2,2,1000000000,8,Yes,,,,,,,,,,
pfp_bloom_filter_contains_unique_size_u64,0,NVIDIA H200,I64,U64,64,1,2,2,1000000000,16,Yes,,,,,,,,,,
pfp_bloom_filter_contains_unique_size_u64,0,NVIDIA H200,I64,U64,64,1,2,2,1000000000,32,Yes,,,,,,,,,,
pfp_bloom_filter_contains_unique_size_u64,0,NVIDIA H200,I64,U64,64,1,2,2,1000000000,64,Yes,,,,,,,,,,
pfp_bloom_filter_contains_unique_size_u64,0,NVIDIA H200,I64,U64,64,1,2,2,1000000000,128,Yes,,,,,,,,,,
pfp_bloom_filter_contains_unique_size_u64,0,NVIDIA H200,I64,U64,64,1,2,2,1000000000,256,Yes,,,,,,,,,,
pfp_bloom_filter_contains_unique_size_u64,0,NVIDIA H200,I64,U64,64,1,2,2,1000000000,512,Yes,,,,,,,,,,
pfp_bloom_filter_contains_unique_size_u64,0,NVIDIA H200,I64,U64,64,1,2,2,1000000000,1024,Yes,,,,,,,,,,
pfp_bloom_filter_contains_unique_size_u64,0,NVIDIA H200,I64,U64,64,1,2,2,1000000000,2048,Yes,,,,,,,,,,
pfp_bloom_filter_contains_unique_size_u64,0,NVIDIA H200,I64,U64,64,1,2,4,1000000000,1,Yes,,,,,,,,,,
pfp_bloom_filter_contains_unique_size_u64,0,NVIDIA H200,I64,U64,64,1,2,4,1000000000,2,Yes,,,,,,,,,,
pfp_bloom_filter_contains_unique_size_u64,0,NVIDIA H200,I64,U64,64,1,2,4,1000000000,4,Yes,,,,,,,,,,
pfp_bloom_filter_contains_unique_size_u64,0,NVIDIA H200,I64,U64,64,1,2,4,1000000000,8,Yes,,,,,,,,,,
pfp_bloom_filter_contains_unique_size_u64,0,NVIDIA H200,I64,U64,64,1,2,4,1000000000,16,Yes,,,,,,,,,,
pfp_bloom_filter_contains_unique_size_u64,0,NVIDIA H200,I64,U64,64,1,2,4,1000000000,32,Yes,,,,,,,,,,
pfp_bloom_filter_contains_unique_size_u64,0,NVIDIA H200,I64,U64,64,1,2,4,1000000000,64,Yes,,,,,,,,,,
pfp_bloom_filter_contains_unique_size_u64,0,NVIDIA H200,I64,U64,64,1,2,4,1000000000,128,Yes,,,,,,,,,,
pfp_bloom_filter_contains_unique_size_u64,0,NVIDIA H200,I64,U64,64,1,2,4,1000000000,256,Yes,,,,,,,,,,
pfp_bloom_filter_contains_unique_size_u64,0,NVIDIA H200,I64,U64,64,1,2,4,1000000000,512,Yes,,,,,,,,,,
pfp_bloom_filter_contains_unique_size_u64,0,NVIDIA H200,I64,U64,64,1,2,4,1000000000,1024,Yes,,,,,,,,,,
pfp_bloom_filter_contains_unique_size_u64,0,NVIDIA H200,I64,U64,64,1,2,4,1000000000,2048,Yes,,,,,,,,,,
pfp_bloom_filter_contains_unique_size_u64,0,NVIDIA H200,I64,U64,64,1,2,8,1000000000,1,Yes,,,,,,,,,,
pfp_bloom_filter_contains_unique_size_u64,0,NVIDIA H200,I64,U64,64,1,2,8,1000000000,2,Yes,,,,,,,,,,
pfp_bloom_filter_contains_unique_size_u64,0,NVIDIA H200,I64,U64,64,1,2,8,1000000000,4,Yes,,,,,,,,,,
pfp_bloom_filter_contains_unique_size_u64,0,NVIDIA H200,I64,U64,64,1,2,8,1000000000,8,Yes,,,,,,,,,,
pfp_bloom_filter_contains_unique_size_u64,0,NVIDIA H200,I64,U64,64,1,2,8,1000000000,16,Yes,,,,,,,,,,
pfp_bloom_filter_contains_unique_size_u64,0,NVIDIA H200,I64,U64,64,1,2,8,1000000000,32,Yes,,,,,,,,,,
pfp_bloom_filter_contains_unique_size_u64,0,NVIDIA H200,I64,U64,64,1,2,8,1000000000,64,Yes,,,,,,,,,,
pfp_bloom_filter_contains_unique_size_u64,0,NVIDIA H200,I64,U64,64,1,2,8,1000000000,128,Yes,,,,,,,,,,
pfp_bloom_filter_contains_unique_size_u64,0,NVIDIA H200,I64,U64,64,1,2,8,1000000000,256,Yes,,,,,,,,,,
pfp_bloom_filter_contains_unique_size_u64,0,NVIDIA H200,I64,U64,64,1,2,8,1000000000,512,Yes,,,,,,,,,,
pfp_bloom_filter_contains_unique_size_u64,0,NVIDIA H200,I64,U64,64,1,2,8,1000000000,1024,Yes,,,,,,,,,,
pfp_bloom_filter_contains_unique_size_u64,0,NVIDIA H200,I64,U64,64,1,2,8,1000000000,2048,Yes,,,,,,,,,,
pfp_bloom_filter_contains_unique_size_u64,0,NVIDIA H200,I64,U64,64,1,4,1,1000000000,1,Yes,,,,,,,,,,
pfp_bloom_filter_contains_unique_size_u64,0,NVIDIA H200,I64,U64,64,1,4,1,1000000000,2,Yes,,,,,,,,,,
pfp_bloom_filter_contains_unique_size_u64,0,NVIDIA H200,I64,U64,64,1,4,1,1000000000,4,Yes,,,,,,,,,,
pfp_bloom_filter_contains_unique_size_u64,0,NVIDIA H200,I64,U64,64,1,4,1,1000000000,8,Yes,,,,,,,,,,
pfp_bloom_filter_contains_unique_size_u64,0,NVIDIA H200,I64,U64,64,1,4,1,1000000000,16,Yes,,,,,,,,,,
pfp_bloom_filter_contains_unique_size_u64,0,NVIDIA H200,I64,U64,64,1,4,1,1000000000,32,Yes,,,,,,,,,,
pfp_bloom_filter_contains_unique_size_u64,0,NVIDIA H200,I64,U64,64,1,4,1,1000000000,64,Yes,,,,,,,,,,
pfp_bloom_filter_contains_unique_size_u64,0,NVIDIA H200,I64,U64,64,1,4,1,1000000000,128,Yes,,,,,,,,,,
pfp_bloom_filter_contains_unique_size_u64,0,NVIDIA H200,I64,U64,64,1,4,1,1000000000,256,Yes,,,,,,,,,,
pfp_bloom_filter_contains_unique_size_u64,0,NVIDIA H200,I64,U64,64,1,4,1,1000000000,512,Yes,,,,,,,,,,
pfp_bloom_filter_contains_unique_size_u64,0,NVIDIA H200,I64,U64,64,1,4,1,1000000000,1024,Yes,,,,,,,,,,
pfp_bloom_filter_contains_unique_size_u64,0,NVIDIA H200,I64,U64,64,1,4,1,1000000000,2048,Yes,,,,,,,,,,
pfp_bloom_filter_contains_unique_size_u64,0,NVIDIA H200,I64,U64,64,1,4,2,1000000000,1,Yes,,,,,,,,,,
pfp_bloom_filter_contains_unique_size_u64,0,NVIDIA H200,I64,U64,64,1,4,2,1000000000,2,Yes,,,,,,,,,,
pfp_bloom_filter_contains_unique_size_u64,0,NVIDIA H200,I64,U64,64,1,4,2,1000000000,4,Yes,,,,,,,,,,
pfp_bloom_filter_contains_unique_size_u64,0,NVIDIA H200,I64,U64,64,1,4,2,1000000000,8,Yes,,,,,,,,,,
pfp_bloom_filter_contains_unique_size_u64,0,NVIDIA H200,I64,U64,64,1,4,2,1000000000,16,Yes,,,,,,,,,,
pfp_bloom_filter_contains_unique_size_u64,0,NVIDIA H200,I64,U64,64,1,4,2,1000000000,32,Yes,,,,,,,,,,
pfp_bloom_filter_contains_unique_size_u64,0,NVIDIA H200,I64,U64,64,1,4,2,1000000000,64,Yes,,,,,,,,,,
pfp_bloom_filter_contains_unique_size_u64,0,NVIDIA H200,I64,U64,64,1,4,2,1000000000,128,Yes,,,,,,,,,,
pfp_bloom_filter_contains_unique_size_u64,0,NVIDIA H200,I64,U64,64,1,4,2,1000000000,256,Yes,,,,,,,,,,
pfp_bloom_filter_contains_unique_size_u64,0,NVIDIA H200,I64,U64,64,1,4,2,1000000000,512,Yes,,,,,,,,,,
pfp_bloom_filter_contains_unique_size_u64,0,NVIDIA H200,I64,U64,64,1,4,2,1000000000,1024,Yes,,,,,,,,,,
pfp_bloom_filter_contains_unique_size_u64,0,NVIDIA H200,I64,U64,64,1,4,2,1000000000,2048,Yes,,,,,,,,,,
pfp_bloom_filter_contains_unique_size_u64,0,NVIDIA H200,I64,U64,64,1,4,4,1000000000,1,Yes,,,,,,,,,,
pfp_bloom_filter_contains_unique_size_u64,0,NVIDIA H200,I64,U64,64,1,4,4,1000000000,2,Yes,,,,,,,,,,
pfp_bloom_filter_contains_unique_size_u64,0,NVIDIA H200,I64,U64,64,1,4,4,1000000000,4,Yes,,,,,,,,,,
pfp_bloom_filter_contains_unique_size_u64,0,NVIDIA H200,I64,U64,64,1,4,4,1000000000,8,Yes,,,,,,,,,,
pfp_bloom_filter_contains_unique_size_u64,0,NVIDIA H200,I64,U64,64,1,4,4,1000000000,16,Yes,,,,,,,,,,
pfp_bloom_filter_contains_unique_size_u64,0,NVIDIA H200,I64,U64,64,1,4,4,1000000000,32,Yes,,,,,,,,,,
pfp_bloom_filter_contains_unique_size_u64,0,NVIDIA H200,I64,U64,64,1,4,4,1000000000,64,Yes,,,,,,,,,,
pfp_bloom_filter_contains_unique_size_u64,0,NVIDIA H200,I64,U64,64,1,4,4,1000000000,128,Yes,,,,,,,,,,
pfp_bloom_filter_contains_unique_size_u64,0,NVIDIA H200,I64,U64,64,1,4,4,1000000000,256,Yes,,,,,,,,,,
pfp_bloom_filter_contains_unique_size_u64,0,NVIDIA H200,I64,U64,64,1,4,4,1000000000,512,Yes,,,,,,,,,,
pfp_bloom_filter_contains_unique_size_u64,0,NVIDIA H200,I64,U64,64,1,4,4,1000000000,1024,Yes,,,,,,,,,,
pfp_bloom_filter_contains_unique_size_u64,0,NVIDIA H200,I64,U64,64,1,4,4,1000000000,2048,Yes,,,,,,,,,,
pfp_bloom_filter_contains_unique_size_u64,0,NVIDIA H200,I64,U64,64,1,4,8,1000000000,1,Yes,,,,,,,,,,
pfp_bloom_filter_contains_unique_size_u64,0,NVIDIA H200,I64,U64,64,1,4,8,1000000000,2,Yes,,,,,,,,,,
pfp_bloom_filter_contains_unique_size_u64,0,NVIDIA H200,I64,U64,64,1,4,8,1000000000,4,Yes,,,,,,,,,,
pfp_bloom_filter_contains_unique_size_u64,0,NVIDIA H200,I64,U64,64,1,4,8,1000000000,8,Yes,,,,,,,,,,
pfp_bloom_filter_contains_unique_size_u64,0,NVIDIA H200,I64,U64,64,1,4,8,1000000000,16,Yes,,,,,,,,,,
pfp_bloom_filter_contains_unique_size_u64,0,NVIDIA H200,I64,U64,64,1,4,8,1000000000,32,Yes,,,,,,,,,,
pfp_bloom_filter_contains_unique_size_u64,0,NVIDIA H200,I64,U64,64,1,4,8,1000000000,64,Yes,,,,,,,,,,
pfp_bloom_filter_contains_unique_size_u64,0,NVIDIA H200,I64,U64,64,1,4,8,1000000000,128,Yes,,,,,,,,,,
pfp_bloom_filter_contains_unique_size_u64,0,NVIDIA H200,I64,U64,64,1,4,8,1000000000,256,Yes,,,,,,,,,,
pfp_bloom_filter_contains_unique_size_u64,0,NVIDIA H200,I64,U64,64,1,4,8,1000000000,512,Yes,,,,,,,,,,
pfp_bloom_filter_contains_unique_size_u64,0,NVIDIA H200,I64,U64,64,1,4,8,1000000000,1024,Yes,,,,,,,,,,
pfp_bloom_filter_contains_unique_size_u64,0,NVIDIA H200,I64,U64,64,1,4,8,1000000000,2048,Yes,,,,,,,,,,
pfp_bloom_filter_contains_unique_size_u64,0,NVIDIA H200,I64,U64,64,1,8,1,1000000000,1,Yes,,,,,,,,,,
pfp_bloom_filter_contains_unique_size_u64,0,NVIDIA H200,I64,U64,64,1,8,1,1000000000,2,Yes,,,,,,,,,,
pfp_bloom_filter_contains_unique_size_u64,0,NVIDIA H200,I64,U64,64,1,8,1,1000000000,4,Yes,,,,,,,,,,
pfp_bloom_filter_contains_unique_size_u64,0,NVIDIA H200,I64,U64,64,1,8,1,1000000000,8,Yes,,,,,,,,,,
pfp_bloom_filter_contains_unique_size_u64,0,NVIDIA H200,I64,U64,64,1,8,1,1000000000,16,Yes,,,,,,,,,,
pfp_bloom_filter_contains_unique_size_u64,0,NVIDIA H200,I64,U64,64,1,8,1,1000000000,32,Yes,,,,,,,,,,
pfp_bloom_filter_contains_unique_size_u64,0,NVIDIA H200,I64,U64,64,1,8,1,1000000000,64,Yes,,,,,,,,,,
pfp_bloom_filter_contains_unique_size_u64,0,NVIDIA H200,I64,U64,64,1,8,1,1000000000,128,Yes,,,,,,,,,,
pfp_bloom_filter_contains_unique_size_u64,0,NVIDIA H200,I64,U64,64,1,8,1,1000000000,256,Yes,,,,,,,,,,
pfp_bloom_filter_contains_unique_size_u64,0,NVIDIA H200,I64,U64,64,1,8,1,1000000000,512,Yes,,,,,,,,,,
pfp_bloom_filter_contains_unique_size_u64,0,NVIDIA H200,I64,U64,64,1,8,1,1000000000,1024,Yes,,,,,,,,,,
pfp_bloom_filter_contains_unique_size_u64,0,NVIDIA H200,I64,U64,64,1,8,1,1000000000,2048,Yes,,,,,,,,,,
pfp_bloom_filter_contains_unique_size_u64,0,NVIDIA H200,I64,U64,64,1,8,2,1000000000,1,Yes,,,,,,,,,,
pfp_bloom_filter_contains_unique_size_u64,0,NVIDIA H200,I64,U64,64,1,8,2,1000000000,2,Yes,,,,,,,,,,
pfp_bloom_filter_contains_unique_size_u64,0,NVIDIA H200,I64,U64,64,1,8,2,1000000000,4,Yes,,,,,,,,,,
pfp_bloom_filter_contains_unique_size_u64,0,NVIDIA H200,I64,U64,64,1,8,2,1000000000,8,Yes,,,,,,,,,,
pfp_bloom_filter_contains_unique_size_u64,0,NVIDIA H200,I64,U64,64,1,8,2,1000000000,16,Yes,,,,,,,,,,
pfp_bloom_filter_contains_unique_size_u64,0,NVIDIA H200,I64,U64,64,1,8,2,1000000000,32,Yes,,,,,,,,,,
pfp_bloom_filter_contains_unique_size_u64,0,NVIDIA H200,I64,U64,64,1,8,2,1000000000,64,Yes,,,,,,,,,,
pfp_bloom_filter_contains_unique_size_u64,0,NVIDIA H200,I64,U64,64,1,8,2,1000000000,128,Yes,,,,,,,,,,
pfp_bloom_filter_contains_unique_size_u64,0,NVIDIA H200,I64,U64,64,1,8,2,1000000000,256,Yes,,,,,,,,,,
pfp_bloom_filter_contains_unique_size_u64,0,NVIDIA H200,I64,U64,64,1,8,2,1000000000,512,Yes,,,,,,,,,,
pfp_bloom_filter_contains_unique_size_u64,0,NVIDIA H200,I64,U64,64,1,8,2,1000000000,1024,Yes,,,,,,,,,,
pfp_bloom_filter_contains_unique_size_u64,0,NVIDIA H200,I64,U64,64,1,8,2,1000000000,2048,Yes,,,,,,,,,,
pfp_bloom_filter_contains_unique_size_u64,0,NVIDIA H200,I64,U64,64,1,8,4,1000000000,1,Yes,,,,,,,,,,
pfp_bloom_filter_contains_unique_size_u64,0,NVIDIA H200,I64,U64,64,1,8,4,1000000000,2,Yes,,,,,,,,,,
pfp_bloom_filter_contains_unique_size_u64,0,NVIDIA H200,I64,U64,64,1,8,4,1000000000,4,Yes,,,,,,,,,,
pfp_bloom_filter_contains_unique_size_u64,0,NVIDIA H200,I64,U64,64,1,8,4,1000000000,8,Yes,,,,,,,,,,
pfp_bloom_filter_contains_unique_size_u64,0,NVIDIA H200,I64,U64,64,1,8,4,1000000000,16,Yes,,,,,,,,,,
pfp_bloom_filter_contains_unique_size_u64,0,NVIDIA H200,I64,U64,64,1,8,4,1000000000,32,Yes,,,,,,,,,,
pfp_bloom_filter_contains_unique_size_u64,0,NVIDIA H200,I64,U64,64,1,8,4,1000000000,64,Yes,,,,,,,,,,
pfp_bloom_filter_contains_unique_size_u64,0,NVIDIA H200,I64,U64,64,1,8,4,1000000000,128,Yes,,,,,,,,,,
pfp_bloom_filter_contains_unique_size_u64,0,NVIDIA H200,I64,U64,64,1,8,4,1000000000,256,Yes,,,,,,,,,,
pfp_bloom_filter_contains_unique_size_u64,0,NVIDIA H200,I64,U64,64,1,8,4,1000000000,512,Yes,,,,,,,,,,
pfp_bloom_filter_contains_unique_size_u64,0,NVIDIA H200,I64,U64,64,1,8,4,1000000000,1024,Yes,,,,,,,,,,
pfp_bloom_filter_contains_unique_size_u64,0,NVIDIA H200,I64,U64,64,1,8,4,1000000000,2048,Yes,,,,,,,,,,
pfp_bloom_filter_contains_unique_size_u64,0,NVIDIA H200,I64,U64,64,1,8,8,1000000000,1,Yes,,,,,,,,,,
pfp_bloom_filter_contains_unique_size_u64,0,NVIDIA H200,I64,U64,64,1,8,8,1000000000,2,Yes,,,,,,,,,,
pfp_bloom_filter_contains_unique_size_u64,0,NVIDIA H200,I64,U64,64,1,8,8,1000000000,4,Yes,,,,,,,,,,
pfp_bloom_filter_contains_unique_size_u64,0,NVIDIA H200,I64,U64,64,1,8,8,1000000000,8,Yes,,,,,,,,,,
pfp_bloom_filter_contains_unique_size_u64,0,NVIDIA H200,I64,U64,64,1,8,8,1000000000,16,Yes,,,,,,,,,,
pfp_bloom_filter_contains_unique_size_u64,0,NVIDIA H200,I64,U64,64,1,8,8,1000000000,32,Yes,,,,,,,,,,
pfp_bloom_filter_contains_unique_size_u64,0,NVIDIA H200,I64,U64,64,1,8,8,1000000000,64,Yes,,,,,,,,,,
pfp_bloom_filter_contains_unique_size_u64,0,NVIDIA H200,I64,U64,64,1,8,8,1000000000,128,Yes,,,,,,,,,,
pfp_bloom_filter_contains_unique_size_u64,0,NVIDIA H200,I64,U64,64,1,8,8,1000000000,256,Yes,,,,,,,,,,
pfp_bloom_filter_contains_unique_size_u64,0,NVIDIA H200,I64,U64,64,1,8,8,1000000000,512,Yes,,,,,,,,,,
pfp_bloom_filter_contains_unique_size_u64,0,NVIDIA H200,I64,U64,64,1,8,8,1000000000,1024,Yes,,,,,,,,,,
pfp_bloom_filter_contains_unique_size_u64,0,NVIDIA H200,I64,U64,64,1,8,8,1000000000,2048,Yes,,,,,,,,,,
pfp_bloom_filter_contains_unique_size_u64,0,NVIDIA H200,I64,U64,64,20,1,1,1000000000,1,No,0.000828535,20,56,0.009026931517857145,0.000318234084537838,0.009013717753546577,0.00030689919988359965,110942013866.2025,58,0.009007645179485452
pfp_bloom_filter_contains_unique_size_u64,0,NVIDIA H200,I64,U64,64,20,1,1,1000000000,2,No,0.000850165,20,56,0.009037435999999998,0.0002998744281762081,0.009024220585823058,0.00028421021787246764,110812894087.60553,58,0.009018505227976831
pfp_bloom_filter_contains_unique_size_u64,0,NVIDIA H200,I64,U64,64,20,1,1,1000000000,4,No,0.000822033,20,56,0.00904446364285714,0.00028551430706618607,0.009031226294381276,0.0002562632964479788,110726934239.50012,58,0.00902471081963901
pfp_bloom_filter_contains_unique_size_u64,0,NVIDIA H200,I64,U64,64,20,1,1,1000000000,8,No,0.000858489,20,56,0.009046600571428571,0.0002871278285173937,0.00903329997403281,0.000283519953260567,110701515821.97063,58,0.009027083824420797
pfp_bloom_filter_contains_unique_size_u64,0,NVIDIA H200,I64,U64,64,20,1,1,1000000000,16,No,0.000846091,20,56,0.009049441714285716,0.00026494616787430496,0.00903612560885293,0.0002564634693895394,110666898988.24266,58,0.009079136289399246
pfp_bloom_filter_contains_unique_size_u64,0,NVIDIA H200,I64,U64,64,20,1,1,1000000000,32,No,0.000850922,20,48,0.010453008062500003,0.021704361540462794,0.010439772029717763,0.02172806746063727,95787532251.98872,50,0.01043927001953125
pfp_bloom_filter_contains_unique_size_u64,0,NVIDIA H200,I64,U64,64,20,1,1,1000000000,64,No,0.000842597,20,31,0.016476308032258063,0.00032981632446295626,0.016463105170957504,0.0003281313519335793,60741882507.32285,32,0.016450927913188935
pfp_bloom_filter_contains_unique_size_u64,0,NVIDIA H200,I64,U64,64,20,1,1,1000000000,128,No,0.000846029,20,23,0.022063114956521742,0.00022224039638473053,0.022049807507058847,0.00022970224638191165,45351869837.40643,24,0.02203954267501831
pfp_bloom_filter_contains_unique_size_u64,0,NVIDIA H200,I64,U64,64,20,1,1,1000000000,256,No,0.000845882,20,20,0.025168236650000002,0.00015576146625374647,0.025154993629455568,0.00015183098688521446,39753538193.26899,21,0.025146754219418484
pfp_bloom_filter_contains_unique_size_u64,0,NVIDIA H200,I64,U64,64,20,1,1,1000000000,512,No,0.000845317,20,19,0.0267549422631579,0.00010111196783049577,0.026741637280112824,0.0001030674331176498,37394868142.33616,20,0.026732875347137447
pfp_bloom_filter_contains_unique_size_u64,0,NVIDIA H200,I64,U64,64,20,1,1,1000000000,1024,No,0.000844199,20,19,0.02756135994736842,0.00017398286381763788,0.02754789051256682,0.0001617300920914084,36300420155.35887,20,0.027537997055053713
pfp_bloom_filter_contains_unique_size_u64,0,NVIDIA H200,I64,U64,64,20,1,1,1000000000,2048,No,0.000845456,20,18,0.027962604611111115,0.00015560352917725224,0.027949434598286946,0.00015526073345670057,35778899085.89747,19,0.027942331314086914
pfp_bloom_filter_contains_unique_size_u64,0,NVIDIA H200,I64,U64,64,20,1,2,1000000000,1,Yes,,,,,,,,,,
pfp_bloom_filter_contains_unique_size_u64,0,NVIDIA H200,I64,U64,64,20,1,2,1000000000,2,Yes,,,,,,,,,,
pfp_bloom_filter_contains_unique_size_u64,0,NVIDIA H200,I64,U64,64,20,1,2,1000000000,4,Yes,,,,,,,,,,
pfp_bloom_filter_contains_unique_size_u64,0,NVIDIA H200,I64,U64,64,20,1,2,1000000000,8,Yes,,,,,,,,,,
pfp_bloom_filter_contains_unique_size_u64,0,NVIDIA H200,I64,U64,64,20,1,2,1000000000,16,Yes,,,,,,,,,,
pfp_bloom_filter_contains_unique_size_u64,0,NVIDIA H200,I64,U64,64,20,1,2,1000000000,32,Yes,,,,,,,,,,
pfp_bloom_filter_contains_unique_size_u64,0,NVIDIA H200,I64,U64,64,20,1,2,1000000000,64,Yes,,,,,,,,,,
pfp_bloom_filter_contains_unique_size_u64,0,NVIDIA H200,I64,U64,64,20,1,2,1000000000,128,Yes,,,,,,,,,,
pfp_bloom_filter_contains_unique_size_u64,0,NVIDIA H200,I64,U64,64,20,1,2,1000000000,256,Yes,,,,,,,,,,
pfp_bloom_filter_contains_unique_size_u64,0,NVIDIA H200,I64,U64,64,20,1,2,1000000000,512,Yes,,,,,,,,,,
pfp_bloom_filter_contains_unique_size_u64,0,NVIDIA H200,I64,U64,64,20,1,2,1000000000,1024,Yes,,,,,,,,,,
pfp_bloom_filter_contains_unique_size_u64,0,NVIDIA H200,I64,U64,64,20,1,2,1000000000,2048,Yes,,,,,,,,,,
pfp_bloom_filter_contains_unique_size_u64,0,NVIDIA H200,I64,U64,64,20,1,4,1000000000,1,Yes,,,,,,,,,,
pfp_bloom_filter_contains_unique_size_u64,0,NVIDIA H200,I64,U64,64,20,1,4,1000000000,2,Yes,,,,,,,,,,
pfp_bloom_filter_contains_unique_size_u64,0,NVIDIA H200,I64,U64,64,20,1,4,1000000000,4,Yes,,,,,,,,,,
pfp_bloom_filter_contains_unique_size_u64,0,NVIDIA H200,I64,U64,64,20,1,4,1000000000,8,Yes,,,,,,,,,,
pfp_bloom_filter_contains_unique_size_u64,0,NVIDIA H200,I64,U64,64,20,1,4,1000000000,16,Yes,,,,,,,,,,
pfp_bloom_filter_contains_unique_size_u64,0,NVIDIA H200,I64,U64,64,20,1,4,1000000000,32,Yes,,,,,,,,,,
pfp_bloom_filter_contains_unique_size_u64,0,NVIDIA H200,I64,U64,64,20,1,4,1000000000,64,Yes,,,,,,,,,,
pfp_bloom_filter_contains_unique_size_u64,0,NVIDIA H200,I64,U64,64,20,1,4,1000000000,128,Yes,,,,,,,,,,
pfp_bloom_filter_contains_unique_size_u64,0,NVIDIA H200,I64,U64,64,20,1,4,1000000000,256,Yes,,,,,,,,,,
pfp_bloom_filter_contains_unique_size_u64,0,NVIDIA H200,I64,U64,64,20,1,4,1000000000,512,Yes,,,,,,,,,,
pfp_bloom_filter_contains_unique_size_u64,0,NVIDIA H200,I64,U64,64,20,1,4,1000000000,1024,Yes,,,,,,,,,,
pfp_bloom_filter_contains_unique_size_u64,0,NVIDIA H200,I64,U64,64,20,1,4,1000000000,2048,Yes,,,,,,,,,,
pfp_bloom_filter_contains_unique_size_u64,0,NVIDIA H200,I64,U64,64,20,1,8,1000000000,1,Yes,,,,,,,,,,
pfp_bloom_filter_contains_unique_size_u64,0,NVIDIA H200,I64,U64,64,20,1,8,1000000000,2,Yes,,,,,,,,,,
pfp_bloom_filter_contains_unique_size_u64,0,NVIDIA H200,I64,U64,64,20,1,8,1000000000,4,Yes,,,,,,,,,,
pfp_bloom_filter_contains_unique_size_u64,0,NVIDIA H200,I64,U64,64,20,1,8,1000000000,8,Yes,,,,,,,,,,
pfp_bloom_filter_contains_unique_size_u64,0,NVIDIA H200,I64,U64,64,20,1,8,1000000000,16,Yes,,,,,,,,,,
pfp_bloom_filter_contains_unique_size_u64,0,NVIDIA H200,I64,U64,64,20,1,8,1000000000,32,Yes,,,,,,,,,,
pfp_bloom_filter_contains_unique_size_u64,0,NVIDIA H200,I64,U64,64,20,1,8,1000000000,64,Yes,,,,,,,,,,
pfp_bloom_filter_contains_unique_size_u64,0,NVIDIA H200,I64,U64,64,20,1,8,1000000000,128,Yes,,,,,,,,,,
pfp_bloom_filter_contains_unique_size_u64,0,NVIDIA H200,I64,U64,64,20,1,8,1000000000,256,Yes,,,,,,,,,,
pfp_bloom_filter_contains_unique_size_u64,0,NVIDIA H200,I64,U64,64,20,1,8,1000000000,512,Yes,,,,,,,,,,
pfp_bloom_filter_contains_unique_size_u64,0,NVIDIA H200,I64,U64,64,20,1,8,1000000000,1024,Yes,,,,,,,,,,
pfp_bloom_filter_contains_unique_size_u64,0,NVIDIA H200,I64,U64,64,20,1,8,1000000000,2048,Yes,,,,,,,,,,
pfp_bloom_filter_contains_unique_size_u64,0,NVIDIA H200,I64,U64,64,20,2,1,1000000000,1,Yes,,,,,,,,,,
pfp_bloom_filter_contains_unique_size_u64,0,NVIDIA H200,I64,U64,64,20,2,1,1000000000,2,Yes,,,,,,,,,,
pfp_bloom_filter_contains_unique_size_u64,0,NVIDIA H200,I64,U64,64,20,2,1,1000000000,4,Yes,,,,,,,,,,
pfp_bloom_filter_contains_unique_size_u64,0,NVIDIA H200,I64,U64,64,20,2,1,1000000000,8,Yes,,,,,,,,,,
pfp_bloom_filter_contains_unique_size_u64,0,NVIDIA H200,I64,U64,64,20,2,1,1000000000,16,Yes,,,,,,,,,,
pfp_bloom_filter_contains_unique_size_u64,0,NVIDIA H200,I64,U64,64,20,2,1,1000000000,32,Yes,,,,,,,,,,
pfp_bloom_filter_contains_unique_size_u64,0,NVIDIA H200,I64,U64,64,20,2,1,1000000000,64,Yes,,,,,,,,,,
pfp_bloom_filter_contains_unique_size_u64,0,NVIDIA H200,I64,U64,64,20,2,1,1000000000,128,Yes,,,,,,,,,,
pfp_bloom_filter_contains_unique_size_u64,0,NVIDIA H200,I64,U64,64,20,2,1,1000000000,256,Yes,,,,,,,,,,
pfp_bloom_filter_contains_unique_size_u64,0,NVIDIA H200,I64,U64,64,20,2,1,1000000000,512,Yes,,,,,,,,,,
pfp_bloom_filter_contains_unique_size_u64,0,NVIDIA H200,I64,U64,64,20,2,1,1000000000,1024,Yes,,,,,,,,,,
pfp_bloom_filter_contains_unique_size_u64,0,NVIDIA H200,I64,U64,64,20,2,1,1000000000,2048,Yes,,,,,,,,,,
pfp_bloom_filter_contains_unique_size_u64,0,NVIDIA H200,I64,U64,64,20,2,2,1000000000,1,Yes,,,,,,,,,,
pfp_bloom_filter_contains_unique_size_u64,0,NVIDIA H200,I64,U64,64,20,2,2,1000000000,2,Yes,,,,,,,,,,
pfp_bloom_filter_contains_unique_size_u64,0,NVIDIA H200,I64,U64,64,20,2,2,1000000000,4,Yes,,,,,,,,,,
pfp_bloom_filter_contains_unique_size_u64,0,NVIDIA H200,I64,U64,64,20,2,2,1000000000,8,Yes,,,,,,,,,,
pfp_bloom_filter_contains_unique_size_u64,0,NVIDIA H200,I64,U64,64,20,2,2,1000000000,16,Yes,,,,,,,,,,
pfp_bloom_filter_contains_unique_size_u64,0,NVIDIA H200,I64,U64,64,20,2,2,1000000000,32,Yes,,,,,,,,,,
pfp_bloom_filter_contains_unique_size_u64,0,NVIDIA H200,I64,U64,64,20,2,2,1000000000,64,Yes,,,,,,,,,,
pfp_bloom_filter_contains_unique_size_u64,0,NVIDIA H200,I64,U64,64,20,2,2,1000000000,128,Yes,,,,,,,,,,
pfp_bloom_filter_contains_unique_size_u64,0,NVIDIA H200,I64,U64,64,20,2,2,1000000000,256,Yes,,,,,,,,,,
pfp_bloom_filter_contains_unique_size_u64,0,NVIDIA H200,I64,U64,64,20,2,2,1000000000,512,Yes,,,,,,,,,,
pfp_bloom_filter_contains_unique_size_u64,0,NVIDIA H200,I64,U64,64,20,2,2,1000000000,1024,Yes,,,,,,,,,,
pfp_bloom_filter_contains_unique_size_u64,0,NVIDIA H200,I64,U64,64,20,2,2,1000000000,2048,Yes,,,,,,,,,,
pfp_bloom_filter_contains_unique_size_u64,0,NVIDIA H200,I64,U64,64,20,2,4,1000000000,1,Yes,,,,,,,,,,
pfp_bloom_filter_contains_unique_size_u64,0,NVIDIA H200,I64,U64,64,20,2,4,1000000000,2,Yes,,,,,,,,,,
pfp_bloom_filter_contains_unique_size_u64,0,NVIDIA H200,I64,U64,64,20,2,4,1000000000,4,Yes,,,,,,,,,,
pfp_bloom_filter_contains_unique_size_u64,0,NVIDIA H200,I64,U64,64,20,2,4,1000000000,8,Yes,,,,,,,,,,
pfp_bloom_filter_contains_unique_size_u64,0,NVIDIA H200,I64,U64,64,20,2,4,1000000000,16,Yes,,,,,,,,,,
pfp_bloom_filter_contains_unique_size_u64,0,NVIDIA H200,I64,U64,64,20,2,4,1000000000,32,Yes,,,,,,,,,,
pfp_bloom_filter_contains_unique_size_u64,0,NVIDIA H200,I64,U64,64,20,2,4,1000000000,64,Yes,,,,,,,,,,
pfp_bloom_filter_contains_unique_size_u64,0,NVIDIA H200,I64,U64,64,20,2,4,1000000000,128,Yes,,,,,,,,,,
pfp_bloom_filter_contains_unique_size_u64,0,NVIDIA H200,I64,U64,64,20,2,4,1000000000,256,Yes,,,,,,,,,,
pfp_bloom_filter_contains_unique_size_u64,0,NVIDIA H200,I64,U64,64,20,2,4,1000000000,512,Yes,,,,,,,,,,
pfp_bloom_filter_contains_unique_size_u64,0,NVIDIA H200,I64,U64,64,20,2,4,1000000000,1024,Yes,,,,,,,,,,
pfp_bloom_filter_contains_unique_size_u64,0,NVIDIA H200,I64,U64,64,20,2,4,1000000000,2048,Yes,,,,,,,,,,
pfp_bloom_filter_contains_unique_size_u64,0,NVIDIA H200,I64,U64,64,20,2,8,1000000000,1,Yes,,,,,,,,,,
pfp_bloom_filter_contains_unique_size_u64,0,NVIDIA H200,I64,U64,64,20,2,8,1000000000,2,Yes,,,,,,,,,,
pfp_bloom_filter_contains_unique_size_u64,0,NVIDIA H200,I64,U64,64,20,2,8,1000000000,4,Yes,,,,,,,,,,
pfp_bloom_filter_contains_unique_size_u64,0,NVIDIA H200,I64,U64,64,20,2,8,1000000000,8,Yes,,,,,,,,,,
pfp_bloom_filter_contains_unique_size_u64,0,NVIDIA H200,I64,U64,64,20,2,8,1000000000,16,Yes,,,,,,,,,,
pfp_bloom_filter_contains_unique_size_u64,0,NVIDIA H200,I64,U64,64,20,2,8,1000000000,32,Yes,,,,,,,,,,
pfp_bloom_filter_contains_unique_size_u64,0,NVIDIA H200,I64,U64,64,20,2,8,1000000000,64,Yes,,,,,,,,,,
pfp_bloom_filter_contains_unique_size_u64,0,NVIDIA H200,I64,U64,64,20,2,8,1000000000,128,Yes,,,,,,,,,,
pfp_bloom_filter_contains_unique_size_u64,0,NVIDIA H200,I64,U64,64,20,2,8,1000000000,256,Yes,,,,,,,,,,
pfp_bloom_filter_contains_unique_size_u64,0,NVIDIA H200,I64,U64,64,20,2,8,1000000000,512,Yes,,,,,,,,,,
pfp_bloom_filter_contains_unique_size_u64,0,NVIDIA H200,I64,U64,64,20,2,8,1000000000,1024,Yes,,,,,,,,,,
pfp_bloom_filter_contains_unique_size_u64,0,NVIDIA H200,I64,U64,64,20,2,8,1000000000,2048,Yes,,,,,,,,,,
pfp_bloom_filter_contains_unique_size_u64,0,NVIDIA H200,I64,U64,64,20,4,1,1000000000,1,Yes,,,,,,,,,,
pfp_bloom_filter_contains_unique_size_u64,0,NVIDIA H200,I64,U64,64,20,4,1,1000000000,2,Yes,,,,,,,,,,
pfp_bloom_filter_contains_unique_size_u64,0,NVIDIA H200,I64,U64,64,20,4,1,1000000000,4,Yes,,,,,,,,,,
pfp_bloom_filter_contains_unique_size_u64,0,NVIDIA H200,I64,U64,64,20,4,1,1000000000,8,Yes,,,,,,,,,,
pfp_bloom_filter_contains_unique_size_u64,0,NVIDIA H200,I64,U64,64,20,4,1,1000000000,16,Yes,,,,,,,,,,
pfp_bloom_filter_contains_unique_size_u64,0,NVIDIA H200,I64,U64,64,20,4,1,1000000000,32,Yes,,,,,,,,,,
pfp_bloom_filter_contains_unique_size_u64,0,NVIDIA H200,I64,U64,64,20,4,1,1000000000,64,Yes,,,,,,,,,,
pfp_bloom_filter_contains_unique_size_u64,0,NVIDIA H200,I64,U64,64,20,4,1,1000000000,128,Yes,,,,,,,,,,
pfp_bloom_filter_contains_unique_size_u64,0,NVIDIA H200,I64,U64,64,20,4,1,1000000000,256,Yes,,,,,,,,,,
pfp_bloom_filter_contains_unique_size_u64,0,NVIDIA H200,I64,U64,64,20,4,1,1000000000,512,Yes,,,,,,,,,,
pfp_bloom_filter_contains_unique_size_u64,0,NVIDIA H200,I64,U64,64,20,4,1,1000000000,1024,Yes,,,,,,,,,,
pfp_bloom_filter_contains_unique_size_u64,0,NVIDIA H200,I64,U64,64,20,4,1,1000000000,2048,Yes,,,,,,,,,,
pfp_bloom_filter_contains_unique_size_u64,0,NVIDIA H200,I64,U64,64,20,4,2,1000000000,1,Yes,,,,,,,,,,
pfp_bloom_filter_contains_unique_size_u64,0,NVIDIA H200,I64,U64,64,20,4,2,1000000000,2,Yes,,,,,,,,,,
pfp_bloom_filter_contains_unique_size_u64,0,NVIDIA H200,I64,U64,64,20,4,2,1000000000,4,Yes,,,,,,,,,,
pfp_bloom_filter_contains_unique_size_u64,0,NVIDIA H200,I64,U64,64,20,4,2,1000000000,8,Yes,,,,,,,,,,
pfp_bloom_filter_contains_unique_size_u64,0,NVIDIA H200,I64,U64,64,20,4,2,1000000000,16,Yes,,,,,,,,,,
pfp_bloom_filter_contains_unique_size_u64,0,NVIDIA H200,I64,U64,64,20,4,2,1000000000,32,Yes,,,,,,,,,,
pfp_bloom_filter_contains_unique_size_u64,0,NVIDIA H200,I64,U64,64,20,4,2,1000000000,64,Yes,,,,,,,,,,
pfp_bloom_filter_contains_unique_size_u64,0,NVIDIA H200,I64,U64,64,20,4,2,1000000000,128,Yes,,,,,,,,,,
pfp_bloom_filter_contains_unique_size_u64,0,NVIDIA H200,I64,U64,64,20,4,2,1000000000,256,Yes,,,,,,,,,,
pfp_bloom_filter_contains_unique_size_u64,0,NVIDIA H200,I64,U64,64,20,4,2,1000000000,512,Yes,,,,,,,,,,
pfp_bloom_filter_contains_unique_size_u64,0,NVIDIA H200,I64,U64,64,20,4,2,1000000000,1024,Yes,,,,,,,,,,
pfp_bloom_filter_contains_unique_size_u64,0,NVIDIA H200,I64,U64,64,20,4,2,1000000000,2048,Yes,,,,,,,,,,
pfp_bloom_filter_contains_unique_size_u64,0,NVIDIA H200,I64,U64,64,20,4,4,1000000000,1,Yes,,,,,,,,,,
pfp_bloom_filter_contains_unique_size_u64,0,NVIDIA H200,I64,U64,64,20,4,4,1000000000,2,Yes,,,,,,,,,,
pfp_bloom_filter_contains_unique_size_u64,0,NVIDIA H200,I64,U64,64,20,4,4,1000000000,4,Yes,,,,,,,,,,
pfp_bloom_filter_contains_unique_size_u64,0,NVIDIA H200,I64,U64,64,20,4,4,1000000000,8,Yes,,,,,,,,,,
pfp_bloom_filter_contains_unique_size_u64,0,NVIDIA H200,I64,U64,64,20,4,4,1000000000,16,Yes,,,,,,,,,,
pfp_bloom_filter_contains_unique_size_u64,0,NVIDIA H200,I64,U64,64,20,4,4,1000000000,32,Yes,,,,,,,,,,
pfp_bloom_filter_contains_unique_size_u64,0,NVIDIA H200,I64,U64,64,20,4,4,1000000000,64,Yes,,,,,,,,,,
pfp_bloom_filter_contains_unique_size_u64,0,NVIDIA H200,I64,U64,64,20,4,4,1000000000,128,Yes,,,,,,,,,,
pfp_bloom_filter_contains_unique_size_u64,0,NVIDIA H200,I64,U64,64,20,4,4,1000000000,256,Yes,,,,,,,,,,
pfp_bloom_filter_contains_unique_size_u64,0,NVIDIA H200,I64,U64,64,20,4,4,1000000000,512,Yes,,,,,,,,,,
pfp_bloom_filter_contains_unique_size_u64,0,NVIDIA H200,I64,U64,64,20,4,4,1000000000,1024,Yes,,,,,,,,,,
pfp_bloom_filter_contains_unique_size_u64,0,NVIDIA H200,I64,U64,64,20,4,4,1000000000,2048,Yes,,,,,,,,,,
pfp_bloom_filter_contains_unique_size_u64,0,NVIDIA H200,I64,U64,64,20,4,8,1000000000,1,Yes,,,,,,,,,,
pfp_bloom_filter_contains_unique_size_u64,0,NVIDIA H200,I64,U64,64,20,4,8,1000000000,2,Yes,,,,,,,,,,
pfp_bloom_filter_contains_unique_size_u64,0,NVIDIA H200,I64,U64,64,20,4,8,1000000000,4,Yes,,,,,,,,,,
pfp_bloom_filter_contains_unique_size_u64,0,NVIDIA H200,I64,U64,64,20,4,8,1000000000,8,Yes,,,,,,,,,,
pfp_bloom_filter_contains_unique_size_u64,0,NVIDIA H200,I64,U64,64,20,4,8,1000000000,16,Yes,,,,,,,,,,
pfp_bloom_filter_contains_unique_size_u64,0,NVIDIA H200,I64,U64,64,20,4,8,1000000000,32,Yes,,,,,,,,,,
pfp_bloom_filter_contains_unique_size_u64,0,NVIDIA H200,I64,U64,64,20,4,8,1000000000,64,Yes,,,,,,,,,,
pfp_bloom_filter_contains_unique_size_u64,0,NVIDIA H200,I64,U64,64,20,4,8,1000000000,128,Yes,,,,,,,,,,
pfp_bloom_filter_contains_unique_size_u64,0,NVIDIA H200,I64,U64,64,20,4,8,1000000000,256,Yes,,,,,,,,,,
pfp_bloom_filter_contains_unique_size_u64,0,NVIDIA H200,I64,U64,64,20,4,8,1000000000,512,Yes,,,,,,,,,,
pfp_bloom_filter_contains_unique_size_u64,0,NVIDIA H200,I64,U64,64,20,4,8,1000000000,1024,Yes,,,,,,,,,,
pfp_bloom_filter_contains_unique_size_u64,0,NVIDIA H200,I64,U64,64,20,4,8,1000000000,2048,Yes,,,,,,,,,,
pfp_bloom_filter_contains_unique_size_u64,0,NVIDIA H200,I64,U64,64,20,8,1,1000000000,1,Yes,,,,,,,,,,
pfp_bloom_filter_contains_unique_size_u64,0,NVIDIA H200,I64,U64,64,20,8,1,1000000000,2,Yes,,,,,,,,,,
pfp_bloom_filter_contains_unique_size_u64,0,NVIDIA H200,I64,U64,64,20,8,1,1000000000,4,Yes,,,,,,,,,,
pfp_bloom_filter_contains_unique_size_u64,0,NVIDIA H200,I64,U64,64,20,8,1,1000000000,8,Yes,,,,,,,,,,
pfp_bloom_filter_contains_unique_size_u64,0,NVIDIA H200,I64,U64,64,20,8,1,1000000000,16,Yes,,,,,,,,,,
pfp_bloom_filter_contains_unique_size_u64,0,NVIDIA H200,I64,U64,64,20,8,1,1000000000,32,Yes,,,,,,,,,,
pfp_bloom_filter_contains_unique_size_u64,0,NVIDIA H200,I64,U64,64,20,8,1,1000000000,64,Yes,,,,,,,,,,
pfp_bloom_filter_contains_unique_size_u64,0,NVIDIA H200,I64,U64,64,20,8,1,1000000000,128,Yes,,,,,,,,,,
pfp_bloom_filter_contains_unique_size_u64,0,NVIDIA H200,I64,U64,64,20,8,1,1000000000,256,Yes,,,,,,,,,,
pfp_bloom_filter_contains_unique_size_u64,0,NVIDIA H200,I64,U64,64,20,8,1,1000000000,512,Yes,,,,,,,,,,
pfp_bloom_filter_contains_unique_size_u64,0,NVIDIA H200,I64,U64,64,20,8,1,1000000000,1024,Yes,,,,,,,,,,
pfp_bloom_filter_contains_unique_size_u64,0,NVIDIA H200,I64,U64,64,20,8,1,1000000000,2048,Yes,,,,,,,,,,
pfp_bloom_filter_contains_unique_size_u64,0,NVIDIA H200,I64,U64,64,20,8,2,1000000000,1,Yes,,,,,,,,,,
pfp_bloom_filter_contains_unique_size_u64,0,NVIDIA H200,I64,U64,64,20,8,2,1000000000,2,Yes,,,,,,,,,,
pfp_bloom_filter_contains_unique_size_u64,0,NVIDIA H200,I64,U64,64,20,8,2,1000000000,4,Yes,,,,,,,,,,
pfp_bloom_filter_contains_unique_size_u64,0,NVIDIA H200,I64,U64,64,20,8,2,1000000000,8,Yes,,,,,,,,,,
pfp_bloom_filter_contains_unique_size_u64,0,NVIDIA H200,I64,U64,64,20,8,2,1000000000,16,Yes,,,,,,,,,,
pfp_bloom_filter_contains_unique_size_u64,0,NVIDIA H200,I64,U64,64,20,8,2,1000000000,32,Yes,,,,,,,,,,
pfp_bloom_filter_contains_unique_size_u64,0,NVIDIA H200,I64,U64,64,20,8,2,1000000000,64,Yes,,,,,,,,,,
pfp_bloom_filter_contains_unique_size_u64,0,NVIDIA H200,I64,U64,64,20,8,2,1000000000,128,Yes,,,,,,,,,,
pfp_bloom_filter_contains_unique_size_u64,0,NVIDIA H200,I64,U64,64,20,8,2,1000000000,256,Yes,,,,,,,,,,
pfp_bloom_filter_contains_unique_size_u64,0,NVIDIA H200,I64,U64,64,20,8,2,1000000000,512,Yes,,,,,,,,,,
pfp_bloom_filter_contains_unique_size_u64,0,NVIDIA H200,I64,U64,64,20,8,2,1000000000,1024,Yes,,,,,,,,,,
pfp_bloom_filter_contains_unique_size_u64,0,NVIDIA H200,I64,U64,64,20,8,2,1000000000,2048,Yes,,,,,,,,,,
pfp_bloom_filter_contains_unique_size_u64,0,NVIDIA H200,I64,U64,64,20,8,4,1000000000,1,Yes,,,,,,,,,,
pfp_bloom_filter_contains_unique_size_u64,0,NVIDIA H200,I64,U64,64,20,8,4,1000000000,2,Yes,,,,,,,,,,
pfp_bloom_filter_contains_unique_size_u64,0,NVIDIA H200,I64,U64,64,20,8,4,1000000000,4,Yes,,,,,,,,,,
pfp_bloom_filter_contains_unique_size_u64,0,NVIDIA H200,I64,U64,64,20,8,4,1000000000,8,Yes,,,,,,,,,,
pfp_bloom_filter_contains_unique_size_u64,0,NVIDIA H200,I64,U64,64,20,8,4,1000000000,16,Yes,,,,,,,,,,
pfp_bloom_filter_contains_unique_size_u64,0,NVIDIA H200,I64,U64,64,20,8,4,1000000000,32,Yes,,,,,,,,,,
pfp_bloom_filter_contains_unique_size_u64,0,NVIDIA H200,I64,U64,64,20,8,4,1000000000,64,Yes,,,,,,,,,,
pfp_bloom_filter_contains_unique_size_u64,0,NVIDIA H200,I64,U64,64,20,8,4,1000000000,128,Yes,,,,,,,,,,
pfp_bloom_filter_contains_unique_size_u64,0,NVIDIA H200,I64,U64,64,20,8,4,1000000000,256,Yes,,,,,,,,,,
pfp_bloom_filter_contains_unique_size_u64,0,NVIDIA H200,I64,U64,64,20,8,4,1000000000,512,Yes,,,,,,,,,,
pfp_bloom_filter_contains_unique_size_u64,0,NVIDIA H200,I64,U64,64,20,8,4,1000000000,1024,Yes,,,,,,,,,,
pfp_bloom_filter_contains_unique_size_u64,0,NVIDIA H200,I64,U64,64,20,8,4,1000000000,2048,Yes,,,,,,,,,,
pfp_bloom_filter_contains_unique_size_u64,0,NVIDIA H200,I64,U64,64,20,8,8,1000000000,1,Yes,,,,,,,,,,
pfp_bloom_filter_contains_unique_size_u64,0,NVIDIA H200,I64,U64,64,20,8,8,1000000000,2,Yes,,,,,,,,,,
pfp_bloom_filter_contains_unique_size_u64,0,NVIDIA H200,I64,U64,64,20,8,8,1000000000,4,Yes,,,,,,,,,,
pfp_bloom_filter_contains_unique_size_u64,0,NVIDIA H200,I64,U64,64,20,8,8,1000000000,8,Yes,,,,,,,,,,
pfp_bloom_filter_contains_unique_size_u64,0,NVIDIA H200,I64,U64,64,20,8,8,1000000000,16,Yes,,,,,,,,,,
pfp_bloom_filter_contains_unique_size_u64,0,NVIDIA H200,I64,U64,64,20,8,8,1000000000,32,Yes,,,,,,,,,,
pfp_bloom_filter_contains_unique_size_u64,0,NVIDIA H200,I64,U64,64,20,8,8,1000000000,64,Yes,,,,,,,,,,
pfp_bloom_filter_contains_unique_size_u64,0,NVIDIA H200,I64,U64,64,20,8,8,1000000000,128,Yes,,,,,,,,,,
pfp_bloom_filter_contains_unique_size_u64,0,NVIDIA H200,I64,U64,64,20,8,8,1000000000,256,Yes,,,,,,,,,,
pfp_bloom_filter_contains_unique_size_u64,0,NVIDIA H200,I64,U64,64,20,8,8,1000000000,512,Yes,,,,,,,,,,
pfp_bloom_filter_contains_unique_size_u64,0,NVIDIA H200,I64,U64,64,20,8,8,1000000000,1024,Yes,,,,,,,,,,
pfp_bloom_filter_contains_unique_size_u64,0,NVIDIA H200,I64,U64,64,20,8,8,1000000000,2048,Yes,,,,,,,,,,
pfp_bloom_filter_contains_unique_size_u64,0,NVIDIA H200,I64,U64,128,1,1,1,1000000000,1,No,0.157791297,2,69,0.007342010188405798,0.001014663110083229,0.007328914103300678,0.0010212528661669258,136445861679.5135,71,0.007348447128080985
pfp_bloom_filter_contains_unique_size_u64,0,NVIDIA H200,I64,U64,128,1,1,1,1000000000,2,No,0.157803621,2,67,0.007545437716417911,0.0027944157814310446,0.007532661480690118,0.002794100945613702,132755202469.07248,69,0.007509594018908515
pfp_bloom_filter_contains_unique_size_u64,0,NVIDIA H200,I64,U64,128,1,1,1,1000000000,4,No,0.15772783,2,66,0.007641853136363635,0.0020592250605081484,0.007628983251976243,0.0020381499169824374,131079066105.03516,68,0.007629319134880514
pfp_bloom_filter_contains_unique_size_u64,0,NVIDIA H200,I64,U64,128,1,1,1,1000000000,8,No,0.157704478,2,66,0.0076732546969696955,0.0015760216524782467,0.007660474184787634,0.0015816067018714567,130540221907.64973,68,0.007660645428825826
pfp_bloom_filter_contains_unique_size_u64,0,NVIDIA H200,I64,U64,128,1,1,1,1000000000,16,No,0.157711908,2,65,0.007710659261538464,0.0015131535749585672,0.007697652684725249,0.0015096406624836183,129909732350.53055,68,0.007692100973690256
pfp_bloom_filter_contains_unique_size_u64,0,NVIDIA H200,I64,U64,128,1,1,1,1000000000,32,No,0.157700864,2,52,0.009674131076923075,0.00013693629747732385,0.009661131125230057,0.00011073473345128454,103507548654.26665,54,0.009650760226779513
pfp_bloom_filter_contains_unique_size_u64,0,NVIDIA H200,I64,U64,128,1,1,1,1000000000,64,No,0.15773066,2,31,0.01646316390322581,0.00017767978124025213,0.016450042663082,0.00017239431491012855,60790115897.03955,32,0.01643857955932617
pfp_bloom_filter_contains_unique_size_u64,0,NVIDIA H200,I64,U64,128,1,1,1,1000000000,128,No,0.157703754,2,23,0.022075578260869567,0.0001325606565525775,0.0220624127595321,0.00011657290329663317,45325958266.642815,24,0.02205148434638977
pfp_bloom_filter_contains_unique_size_u64,0,NVIDIA H200,I64,U64,128,1,1,1,1000000000,256,No,0.157719178,2,20,0.02517028325,8.519596035484827e-05,0.025157240009307864,8.100456646420452e-05,39749988457.79634,21,0.02514746720450265
pfp_bloom_filter_contains_unique_size_u64,0,NVIDIA H200,I64,U64,128,1,1,1,1000000000,512,No,0.157704516,2,19,0.026761151894736847,9.622825204785131e-05,0.026747629466809725,8.216680192673527e-05,37386490688.48766,20,0.0267384973526001
pfp_bloom_filter_contains_unique_size_u64,0,NVIDIA H200,I64,U64,128,1,1,1,1000000000,1024,No,0.15769948,2,19,0.02756542426315789,9.107575297003045e-05,0.027552168294003133,9.913540749593518e-05,36294784110.24569,20,0.02754412784576416
pfp_bloom_filter_contains_unique_size_u64,0,NVIDIA H200,I64,U64,128,1,1,1,1000000000,2048,No,0.157707537,2,18,0.027973581999999997,0.0001596730568806362,0.02796052975124783,0.00015270614228112746,35764701488.009964,19,0.027950815100418892
pfp_bloom_filter_contains_unique_size_u64,0,NVIDIA H200,I64,U64,128,1,1,2,1000000000,1,No,0.157791297,2,74,0.006811445135135134,0.0001770724980186251,0.006798589416452357,0.00015568934526102708,147089335558.34888,77,0.006795316621854708
pfp_bloom_filter_contains_unique_size_u64,0,NVIDIA H200,I64,U64,128,1,1,2,1000000000,2,No,0.157803621,2,71,0.00711171053521127,0.00015929185102104028,0.00709881240549222,0.00013056128856936498,140868633072.52893,74,0.0070958086993243245
pfp_bloom_filter_contains_unique_size_u64,0,NVIDIA H200,I64,U64,128,1,1,2,1000000000,4,No,0.15772783,2,69,0.00726408208695652,0.00015241363367225847,0.007251233370407769,0.00013498824349725359,137907573638.57477,72,0.00724739498562283
pfp_bloom_filter_contains_unique_size_u64,0,NVIDIA H200,I64,U64,128,1,1,2,1000000000,8,No,0.157704478,2,69,0.007329790231884057,0.00013648192349055162,0.007316523565762288,0.0001073902484124645,136676932837.27063,71,0.0073122756313270245
pfp_bloom_filter_contains_unique_size_u64,0,NVIDIA H200,I64,U64,128,1,1,2,1000000000,16,No,0.157711908,2,68,0.0073714727647058815,0.00015190741378728353,0.00735826210414662,0.00012118913012923576,135901655288.47736,71,0.007350607428752201
pfp_bloom_filter_contains_unique_size_u64,0,NVIDIA H200,I64,U64,128,1,1,2,1000000000,32,No,0.157700864,2,52,0.009681933153846151,0.00010514321382305191,0.009668686811740582,8.796885204354593e-05,103426661704.01866,54,0.009657303421585649
pfp_bloom_filter_contains_unique_size_u64,0,NVIDIA H200,I64,U64,128,1,1,2,1000000000,64,No,0.15773066,2,31,0.016475848032258062,0.0002853666669842836,0.016462425662625218,0.00028233548110555013,60744389708.63864,32,0.016451862096786497
pfp_bloom_filter_contains_unique_size_u64,0,NVIDIA H200,I64,U64,128,1,1,2,1000000000,128,No,0.157703754,2,23,0.022080618478260875,0.00020880576781158813,0.022067231800245196,0.00020923558112661956,45316059986.685265,24,0.022055338700612385
pfp_bloom_filter_contains_unique_size_u64,0,NVIDIA H200,I64,U64,128,1,1,2,1000000000,256,No,0.157719178,2,20,0.025165198700000002,0.00011146871217497655,0.025151702213287358,0.00010729058266073608,39758740443.09062,21,0.02514231400262742
pfp_bloom_filter_contains_unique_size_u64,0,NVIDIA H200,I64,U64,128,1,1,2,1000000000,512,No,0.157704516,2,19,0.02675563757894738,0.00015664913258896514,0.02674213560003983,0.00014402824146148688,37394171316.61357,20,0.026730735588073734
pfp_bloom_filter_contains_unique_size_u64,0,NVIDIA H200,I64,U64,128,1,1,2,1000000000,1024,No,0.15769948,2,19,0.027559772000000003,0.00018367677092981493,0.027546367946423983,0.00018856885887224618,36302426582.87798,20,0.027536917591094973
pfp_bloom_filter_contains_unique_size_u64,0,NVIDIA H200,I64,U64,128,1,1,2,1000000000,2048,No,0.157707537,2,18,0.027970067555555558,0.00018228490072524892,0.027956638230217823,0.00018481352518669687,35769679879.43265,19,0.02794602584838867
pfp_bloom_filter_contains_unique_size_u64,0,NVIDIA H200,I64,U64,128,1,1,4,1000000000,1,Yes,,,,,,,,,,
pfp_bloom_filter_contains_unique_size_u64,0,NVIDIA H200,I64,U64,128,1,1,4,1000000000,2,Yes,,,,,,,,,,
pfp_bloom_filter_contains_unique_size_u64,0,NVIDIA H200,I64,U64,128,1,1,4,1000000000,4,Yes,,,,,,,,,,
pfp_bloom_filter_contains_unique_size_u64,0,NVIDIA H200,I64,U64,128,1,1,4,1000000000,8,Yes,,,,,,,,,,
pfp_bloom_filter_contains_unique_size_u64,0,NVIDIA H200,I64,U64,128,1,1,4,1000000000,16,Yes,,,,,,,,,,
pfp_bloom_filter_contains_unique_size_u64,0,NVIDIA H200,I64,U64,128,1,1,4,1000000000,32,Yes,,,,,,,,,,
pfp_bloom_filter_contains_unique_size_u64,0,NVIDIA H200,I64,U64,128,1,1,4,1000000000,64,Yes,,,,,,,,,,
pfp_bloom_filter_contains_unique_size_u64,0,NVIDIA H200,I64,U64,128,1,1,4,1000000000,128,Yes,,,,,,,,,,
pfp_bloom_filter_contains_unique_size_u64,0,NVIDIA H200,I64,U64,128,1,1,4,1000000000,256,Yes,,,,,,,,,,
pfp_bloom_filter_contains_unique_size_u64,0,NVIDIA H200,I64,U64,128,1,1,4,1000000000,512,Yes,,,,,,,,,,
pfp_bloom_filter_contains_unique_size_u64,0,NVIDIA H200,I64,U64,128,1,1,4,1000000000,1024,Yes,,,,,,,,,,
pfp_bloom_filter_contains_unique_size_u64,0,NVIDIA H200,I64,U64,128,1,1,4,1000000000,2048,Yes,,,,,,,,,,
pfp_bloom_filter_contains_unique_size_u64,0,NVIDIA H200,I64,U64,128,1,1,8,1000000000,1,Yes,,,,,,,,,,
pfp_bloom_filter_contains_unique_size_u64,0,NVIDIA H200,I64,U64,128,1,1,8,1000000000,2,Yes,,,,,,,,,,
pfp_bloom_filter_contains_unique_size_u64,0,NVIDIA H200,I64,U64,128,1,1,8,1000000000,4,Yes,,,,,,,,,,
pfp_bloom_filter_contains_unique_size_u64,0,NVIDIA H200,I64,U64,128,1,1,8,1000000000,8,Yes,,,,,,,,,,
pfp_bloom_filter_contains_unique_size_u64,0,NVIDIA H200,I64,U64,128,1,1,8,1000000000,16,Yes,,,,,,,,,,
pfp_bloom_filter_contains_unique_size_u64,0,NVIDIA H200,I64,U64,128,1,1,8,1000000000,32,Yes,,,,,,,,,,
pfp_bloom_filter_contains_unique_size_u64,0,NVIDIA H200,I64,U64,128,1,1,8,1000000000,64,Yes,,,,,,,,,,
pfp_bloom_filter_contains_unique_size_u64,0,NVIDIA H200,I64,U64,128,1,1,8,1000000000,128,Yes,,,,,,,,,,
pfp_bloom_filter_contains_unique_size_u64,0,NVIDIA H200,I64,U64,128,1,1,8,1000000000,256,Yes,,,,,,,,,,
pfp_bloom_filter_contains_unique_size_u64,0,NVIDIA H200,I64,U64,128,1,1,8,1000000000,512,Yes,,,,,,,,,,
pfp_bloom_filter_contains_unique_size_u64,0,NVIDIA H200,I64,U64,128,1,1,8,1000000000,1024,Yes,,,,,,,,,,
pfp_bloom_filter_contains_unique_size_u64,0,NVIDIA H200,I64,U64,128,1,1,8,1000000000,2048,Yes,,,,,,,,,,
pfp_bloom_filter_contains_unique_size_u64,0,NVIDIA H200,I64,U64,128,1,2,1,1000000000,1,No,0.157791297,2,26,0.0196553693076923,4.18354924195721e-05,0.019642118087181675,2.8563806741521813e-05,50911006418.01934,27,0.01964262432522244
pfp_bloom_filter_contains_unique_size_u64,0,NVIDIA H200,I64,U64,128,1,2,1,1000000000,2,No,0.157803621,2,26,0.019655982423076923,4.314444104431237e-05,0.01964271384019118,2.777997984990911e-05,50909462314.412415,27,0.019639818756668655
pfp_bloom_filter_contains_unique_size_u64,0,NVIDIA H200,I64,U64,128,1,2,1,1000000000,4,No,0.15772783,2,26,0.019659324615384614,0.0003649806722639958,0.019646131808941186,0.00036708866997378983,50900605255.27413,27,0.019639437075014463
pfp_bloom_filter_contains_unique_size_u64,0,NVIDIA H200,I64,U64,128,1,2,1,1000000000,8,No,0.157704478,2,26,0.019656198653846157,4.583703480605495e-05,0.019642928050114562,3.132394766632523e-05,50908907136.89539,27,0.01963943820529514
pfp_bloom_filter_contains_unique_size_u64,0,NVIDIA H200,I64,U64,128,1,2,1,1000000000,16,No,0.157711908,2,26,0.01967539726923077,0.00039749366146723413,0.019661795762869028,0.00039464083514372563,50860054293.13243,27,0.01965159486841272
pfp_bloom_filter_contains_unique_size_u64,0,NVIDIA H200,I64,U64,128,1,2,1,1000000000,32,No,0.157700864,2,25,0.02014370468,0.00023895753160464944,0.020130312957763668,0.00023565676066739487,49676326547.835884,26,0.020124241755558894
pfp_bloom_filter_contains_unique_size_u64,0,NVIDIA H200,I64,U64,128,1,2,1,1000000000,64,No,0.15773066,2,24,0.020998844833333336,0.0006423190529262108,0.02098518395423889,0.0006450499195281137,47652667814.61811,25,0.020978134765625
pfp_bloom_filter_contains_unique_size_u64,0,NVIDIA H200,I64,U64,128,1,2,1,1000000000,128,No,0.157703754,2,23,0.022371912260869566,0.00020610695772063618,0.022358596055404,0.00020242140507434697,44725527377.56999,24,0.022348654111226402
pfp_bloom_filter_contains_unique_size_u64,0,NVIDIA H200,I64,U64,128,1,2,1,1000000000,256,No,0.157719178,2,20,0.02526323185,9.256379666088989e-05,0.025249787235260012,8.356489218853329e-05,39604294114.746124,21,0.02523929668608166
pfp_bloom_filter_contains_unique_size_u64,0,NVIDIA H200,I64,U64,128,1,2,1,1000000000,512,No,0.157704516,2,19,0.02683447173684211,9.995678089888062e-05,0.026821470260620112,9.457776843218976e-05,37283563886.80984,20,0.02681159019470215
pfp_bloom_filter_contains_unique_size_u64,0,NVIDIA H200,I64,U64,128,1,2,1,1000000000,1024,No,0.15769948,2,19,0.02763447863157895,0.00010196921168108574,0.027621515675594933,9.906577974815927e-05,36203661368.35687,20,0.027611766338348394
pfp_bloom_filter_contains_unique_size_u64,0,NVIDIA H200,I64,U64,128,1,2,1,1000000000,2048,No,0.157707537,2,18,0.02803735866666667,0.00011833196312344144,0.028024127960205078,0.00011549808486664787,35683536751.617165,19,0.02801430069772821
pfp_bloom_filter_contains_unique_size_u64,0,NVIDIA H200,I64,U64,128,1,2,2,1000000000,1,Yes,,,,,,,,,,
pfp_bloom_filter_contains_unique_size_u64,0,NVIDIA H200,I64,U64,128,1,2,2,1000000000,2,Yes,,,,,,,,,,
pfp_bloom_filter_contains_unique_size_u64,0,NVIDIA H200,I64,U64,128,1,2,2,1000000000,4,Yes,,,,,,,,,,
pfp_bloom_filter_contains_unique_size_u64,0,NVIDIA H200,I64,U64,128,1,2,2,1000000000,8,Yes,,,,,,,,,,
pfp_bloom_filter_contains_unique_size_u64,0,NVIDIA H200,I64,U64,128,1,2,2,1000000000,16,Yes,,,,,,,,,,
pfp_bloom_filter_contains_unique_size_u64,0,NVIDIA H200,I64,U64,128,1,2,2,1000000000,32,Yes,,,,,,,,,,
pfp_bloom_filter_contains_unique_size_u64,0,NVIDIA H200,I64,U64,128,1,2,2,1000000000,64,Yes,,,,,,,,,,
pfp_bloom_filter_contains_unique_size_u64,0,NVIDIA H200,I64,U64,128,1,2,2,1000000000,128,Yes,,,,,,,,,,
pfp_bloom_filter_contains_unique_size_u64,0,NVIDIA H200,I64,U64,128,1,2,2,1000000000,256,Yes,,,,,,,,,,
pfp_bloom_filter_contains_unique_size_u64,0,NVIDIA H200,I64,U64,128,1,2,2,1000000000,512,Yes,,,,,,,,,,
pfp_bloom_filter_contains_unique_size_u64,0,NVIDIA H200,I64,U64,128,1,2,2,1000000000,1024,Yes,,,,,,,,,,
pfp_bloom_filter_contains_unique_size_u64,0,NVIDIA H200,I64,U64,128,1,2,2,1000000000,2048,Yes,,,,,,,,,,
pfp_bloom_filter_contains_unique_size_u64,0,NVIDIA H200,I64,U64,128,1,2,4,1000000000,1,Yes,,,,,,,,,,
pfp_bloom_filter_contains_unique_size_u64,0,NVIDIA H200,I64,U64,128,1,2,4,1000000000,2,Yes,,,,,,,,,,
pfp_bloom_filter_contains_unique_size_u64,0,NVIDIA H200,I64,U64,128,1,2,4,1000000000,4,Yes,,,,,,,,,,
pfp_bloom_filter_contains_unique_size_u64,0,NVIDIA H200,I64,U64,128,1,2,4,1000000000,8,Yes,,,,,,,,,,
pfp_bloom_filter_contains_unique_size_u64,0,NVIDIA H200,I64,U64,128,1,2,4,1000000000,16,Yes,,,,,,,,,,
pfp_bloom_filter_contains_unique_size_u64,0,NVIDIA H200,I64,U64,128,1,2,4,1000000000,32,Yes,,,,,,,,,,
pfp_bloom_filter_contains_unique_size_u64,0,NVIDIA H200,I64,U64,128,1,2,4,1000000000,64,Yes,,,,,,,,,,
pfp_bloom_filter_contains_unique_size_u64,0,NVIDIA H200,I64,U64,128,1,2,4,1000000000,128,Yes,,,,,,,,,,
pfp_bloom_filter_contains_unique_size_u64,0,NVIDIA H200,I64,U64,128,1,2,4,1000000000,256,Yes,,,,,,,,,,
pfp_bloom_filter_contains_unique_size_u64,0,NVIDIA H200,I64,U64,128,1,2,4,1000000000,512,Yes,,,,,,,,,,
pfp_bloom_filter_contains_unique_size_u64,0,NVIDIA H200,I64,U64,128,1,2,4,1000000000,1024,Yes,,,,,,,,,,
pfp_bloom_filter_contains_unique_size_u64,0,NVIDIA H200,I64,U64,128,1,2,4,1000000000,2048,Yes,,,,,,,,,,
pfp_bloom_filter_contains_unique_size_u64,0,NVIDIA H200,I64,U64,128,1,2,8,1000000000,1,Yes,,,,,,,,,,
pfp_bloom_filter_contains_unique_size_u64,0,NVIDIA H200,I64,U64,128,1,2,8,1000000000,2,Yes,,,,,,,,,,
pfp_bloom_filter_contains_unique_size_u64,0,NVIDIA H200,I64,U64,128,1,2,8,1000000000,4,Yes,,,,,,,,,,
pfp_bloom_filter_contains_unique_size_u64,0,NVIDIA H200,I64,U64,128,1,2,8,1000000000,8,Yes,,,,,,,,,,
pfp_bloom_filter_contains_unique_size_u64,0,NVIDIA H200,I64,U64,128,1,2,8,1000000000,16,Yes,,,,,,,,,,
pfp_bloom_filter_contains_unique_size_u64,0,NVIDIA H200,I64,U64,128,1,2,8,1000000000,32,Yes,,,,,,,,,,
pfp_bloom_filter_contains_unique_size_u64,0,NVIDIA H200,I64,U64,128,1,2,8,1000000000,64,Yes,,,,,,,,,,
pfp_bloom_filter_contains_unique_size_u64,0,NVIDIA H200,I64,U64,128,1,2,8,1000000000,128,Yes,,,,,,,,,,
pfp_bloom_filter_contains_unique_size_u64,0,NVIDIA H200,I64,U64,128,1,2,8,1000000000,256,Yes,,,,,,,,,,
pfp_bloom_filter_contains_unique_size_u64,0,NVIDIA H200,I64,U64,128,1,2,8,1000000000,512,Yes,,,,,,,,,,
pfp_bloom_filter_contains_unique_size_u64,0,NVIDIA H200,I64,U64,128,1,2,8,1000000000,1024,Yes,,,,,,,,,,
pfp_bloom_filter_contains_unique_size_u64,0,NVIDIA H200,I64,U64,128,1,2,8,1000000000,2048,Yes,,,,,,,,,,
pfp_bloom_filter_contains_unique_size_u64,0,NVIDIA H200,I64,U64,128,1,4,1,1000000000,1,Yes,,,,,,,,,,
pfp_bloom_filter_contains_unique_size_u64,0,NVIDIA H200,I64,U64,128,1,4,1,1000000000,2,Yes,,,,,,,,,,
pfp_bloom_filter_contains_unique_size_u64,0,NVIDIA H200,I64,U64,128,1,4,1,1000000000,4,Yes,,,,,,,,,,
pfp_bloom_filter_contains_unique_size_u64,0,NVIDIA H200,I64,U64,128,1,4,1,1000000000,8,Yes,,,,,,,,,,
pfp_bloom_filter_contains_unique_size_u64,0,NVIDIA H200,I64,U64,128,1,4,1,1000000000,16,Yes,,,,,,,,,,
pfp_bloom_filter_contains_unique_size_u64,0,NVIDIA H200,I64,U64,128,1,4,1,1000000000,32,Yes,,,,,,,,,,
pfp_bloom_filter_contains_unique_size_u64,0,NVIDIA H200,I64,U64,128,1,4,1,1000000000,64,Yes,,,,,,,,,,
pfp_bloom_filter_contains_unique_size_u64,0,NVIDIA H200,I64,U64,128,1,4,1,1000000000,128,Yes,,,,,,,,,,
pfp_bloom_filter_contains_unique_size_u64,0,NVIDIA H200,I64,U64,128,1,4,1,1000000000,256,Yes,,,,,,,,,,
pfp_bloom_filter_contains_unique_size_u64,0,NVIDIA H200,I64,U64,128,1,4,1,1000000000,512,Yes,,,,,,,,,,
pfp_bloom_filter_contains_unique_size_u64,0,NVIDIA H200,I64,U64,128,1,4,1,1000000000,1024,Yes,,,,,,,,,,
pfp_bloom_filter_contains_unique_size_u64,0,NVIDIA H200,I64,U64,128,1,4,1,1000000000,2048,Yes,,,,,,,,,,
pfp_bloom_filter_contains_unique_size_u64,0,NVIDIA H200,I64,U64,128,1,4,2,1000000000,1,Yes,,,,,,,,,,
pfp_bloom_filter_contains_unique_size_u64,0,NVIDIA H200,I64,U64,128,1,4,2,1000000000,2,Yes,,,,,,,,,,
pfp_bloom_filter_contains_unique_size_u64,0,NVIDIA H200,I64,U64,128,1,4,2,1000000000,4,Yes,,,,,,,,,,
pfp_bloom_filter_contains_unique_size_u64,0,NVIDIA H200,I64,U64,128,1,4,2,1000000000,8,Yes,,,,,,,,,,
pfp_bloom_filter_contains_unique_size_u64,0,NVIDIA H200,I64,U64,128,1,4,2,1000000000,16,Yes,,,,,,,,,,
pfp_bloom_filter_contains_unique_size_u64,0,NVIDIA H200,I64,U64,128,1,4,2,1000000000,32,Yes,,,,,,,,,,
pfp_bloom_filter_contains_unique_size_u64,0,NVIDIA H200,I64,U64,128,1,4,2,1000000000,64,Yes,,,,,,,,,,
pfp_bloom_filter_contains_unique_size_u64,0,NVIDIA H200,I64,U64,128,1,4,2,1000000000,128,Yes,,,,,,,,,,
pfp_bloom_filter_contains_unique_size_u64,0,NVIDIA H200,I64,U64,128,1,4,2,1000000000,256,Yes,,,,,,,,,,
pfp_bloom_filter_contains_unique_size_u64,0,NVIDIA H200,I64,U64,128,1,4,2,1000000000,512,Yes,,,,,,,,,,
pfp_bloom_filter_contains_unique_size_u64,0,NVIDIA H200,I64,U64,128,1,4,2,1000000000,1024,Yes,,,,,,,,,,
pfp_bloom_filter_contains_unique_size_u64,0,NVIDIA H200,I64,U64,128,1,4,2,1000000000,2048,Yes,,,,,,,,,,
pfp_bloom_filter_contains_unique_size_u64,0,NVIDIA H200,I64,U64,128,1,4,4,1000000000,1,Yes,,,,,,,,,,
pfp_bloom_filter_contains_unique_size_u64,0,NVIDIA H200,I64,U64,128,1,4,4,1000000000,2,Yes,,,,,,,,,,
pfp_bloom_filter_contains_unique_size_u64,0,NVIDIA H200,I64,U64,128,1,4,4,1000000000,4,Yes,,,,,,,,,,
pfp_bloom_filter_contains_unique_size_u64,0,NVIDIA H200,I64,U64,128,1,4,4,1000000000,8,Yes,,,,,,,,,,
pfp_bloom_filter_contains_unique_size_u64,0,NVIDIA H200,I64,U64,128,1,4,4,1000000000,16,Yes,,,,,,,,,,
pfp_bloom_filter_contains_unique_size_u64,0,NVIDIA H200,I64,U64,128,1,4,4,1000000000,32,Yes,,,,,,,,,,
pfp_bloom_filter_contains_unique_size_u64,0,NVIDIA H200,I64,U64,128,1,4,4,1000000000,64,Yes,,,,,,,,,,
pfp_bloom_filter_contains_unique_size_u64,0,NVIDIA H200,I64,U64,128,1,4,4,1000000000,128,Yes,,,,,,,,,,
pfp_bloom_filter_contains_unique_size_u64,0,NVIDIA H200,I64,U64,128,1,4,4,1000000000,256,Yes,,,,,,,,,,
pfp_bloom_filter_contains_unique_size_u64,0,NVIDIA H200,I64,U64,128,1,4,4,1000000000,512,Yes,,,,,,,,,,
pfp_bloom_filter_contains_unique_size_u64,0,NVIDIA H200,I64,U64,128,1,4,4,1000000000,1024,Yes,,,,,,,,,,
pfp_bloom_filter_contains_unique_size_u64,0,NVIDIA H200,I64,U64,128,1,4,4,1000000000,2048,Yes,,,,,,,,,,
pfp_bloom_filter_contains_unique_size_u64,0,NVIDIA H200,I64,U64,128,1,4,8,1000000000,1,Yes,,,,,,,,,,
pfp_bloom_filter_contains_unique_size_u64,0,NVIDIA H200,I64,U64,128,1,4,8,1000000000,2,Yes,,,,,,,,,,
pfp_bloom_filter_contains_unique_size_u64,0,NVIDIA H200,I64,U64,128,1,4,8,1000000000,4,Yes,,,,,,,,,,
pfp_bloom_filter_contains_unique_size_u64,0,NVIDIA H200,I64,U64,128,1,4,8,1000000000,8,Yes,,,,,,,,,,
pfp_bloom_filter_contains_unique_size_u64,0,NVIDIA H200,I64,U64,128,1,4,8,1000000000,16,Yes,,,,,,,,,,
pfp_bloom_filter_contains_unique_size_u64,0,NVIDIA H200,I64,U64,128,1,4,8,1000000000,32,Yes,,,,,,,,,,
pfp_bloom_filter_contains_unique_size_u64,0,NVIDIA H200,I64,U64,128,1,4,8,1000000000,64,Yes,,,,,,,,,,
pfp_bloom_filter_contains_unique_size_u64,0,NVIDIA H200,I64,U64,128,1,4,8,1000000000,128,Yes,,,,,,,,,,
pfp_bloom_filter_contains_unique_size_u64,0,NVIDIA H200,I64,U64,128,1,4,8,1000000000,256,Yes,,,,,,,,,,
pfp_bloom_filter_contains_unique_size_u64,0,NVIDIA H200,I64,U64,128,1,4,8,1000000000,512,Yes,,,,,,,,,,
pfp_bloom_filter_contains_unique_size_u64,0,NVIDIA H200,I64,U64,128,1,4,8,1000000000,1024,Yes,,,,,,,,,,
pfp_bloom_filter_contains_unique_size_u64,0,NVIDIA H200,I64,U64,128,1,4,8,1000000000,2048,Yes,,,,,,,,,,
pfp_bloom_filter_contains_unique_size_u64,0,NVIDIA H200,I64,U64,128,1,8,1,1000000000,1,Yes,,,,,,,,,,
pfp_bloom_filter_contains_unique_size_u64,0,NVIDIA H200,I64,U64,128,1,8,1,1000000000,2,Yes,,,,,,,,,,
pfp_bloom_filter_contains_unique_size_u64,0,NVIDIA H200,I64,U64,128,1,8,1,1000000000,4,Yes,,,,,,,,,,
pfp_bloom_filter_contains_unique_size_u64,0,NVIDIA H200,I64,U64,128,1,8,1,1000000000,8,Yes,,,,,,,,,,
pfp_bloom_filter_contains_unique_size_u64,0,NVIDIA H200,I64,U64,128,1,8,1,1000000000,16,Yes,,,,,,,,,,
pfp_bloom_filter_contains_unique_size_u64,0,NVIDIA H200,I64,U64,128,1,8,1,1000000000,32,Yes,,,,,,,,,,
pfp_bloom_filter_contains_unique_size_u64,0,NVIDIA H200,I64,U64,128,1,8,1,1000000000,64,Yes,,,,,,,,,,
pfp_bloom_filter_contains_unique_size_u64,0,NVIDIA H200,I64,U64,128,1,8,1,1000000000,128,Yes,,,,,,,,,,
pfp_bloom_filter_contains_unique_size_u64,0,NVIDIA H200,I64,U64,128,1,8,1,1000000000,256,Yes,,,,,,,,,,
pfp_bloom_filter_contains_unique_size_u64,0,NVIDIA H200,I64,U64,128,1,8,1,1000000000,512,Yes,,,,,,,,,,
pfp_bloom_filter_contains_unique_size_u64,0,NVIDIA H200,I64,U64,128,1,8,1,1000000000,1024,Yes,,,,,,,,,,
pfp_bloom_filter_contains_unique_size_u64,0,NVIDIA H200,I64,U64,128,1,8,1,1000000000,2048,Yes,,,,,,,,,,
pfp_bloom_filter_contains_unique_size_u64,0,NVIDIA H200,I64,U64,128,1,8,2,1000000000,1,Yes,,,,,,,,,,
pfp_bloom_filter_contains_unique_size_u64,0,NVIDIA H200,I64,U64,128,1,8,2,1000000000,2,Yes,,,,,,,,,,
pfp_bloom_filter_contains_unique_size_u64,0,NVIDIA H200,I64,U64,128,1,8,2,1000000000,4,Yes,,,,,,,,,,
pfp_bloom_filter_contains_unique_size_u64,0,NVIDIA H200,I64,U64,128,1,8,2,1000000000,8,Yes,,,,,,,,,,
pfp_bloom_filter_contains_unique_size_u64,0,NVIDIA H200,I64,U64,128,1,8,2,1000000000,16,Yes,,,,,,,,,,
pfp_bloom_filter_contains_unique_size_u64,0,NVIDIA H200,I64,U64,128,1,8,2,1000000000,32,Yes,,,,,,,,,,
pfp_bloom_filter_contains_unique_size_u64,0,NVIDIA H200,I64,U64,128,1,8,2,1000000000,64,Yes,,,,,,,,,,
pfp_bloom_filter_contains_unique_size_u64,0,NVIDIA H200,I64,U64,128,1,8,2,1000000000,128,Yes,,,,,,,,,,
pfp_bloom_filter_contains_unique_size_u64,0,NVIDIA H200,I64,U64,128,1,8,2,1000000000,256,Yes,,,,,,,,,,
pfp_bloom_filter_contains_unique_size_u64,0,NVIDIA H200,I64,U64,128,1,8,2,1000000000,512,Yes,,,,,,,,,,
pfp_bloom_filter_contains_unique_size_u64,0,NVIDIA H200,I64,U64,128,1,8,2,1000000000,1024,Yes,,,,,,,,,,
pfp_bloom_filter_contains_unique_size_u64,0,NVIDIA H200,I64,U64,128,1,8,2,1000000000,2048,Yes,,,,,,,,,,
pfp_bloom_filter_contains_unique_size_u64,0,NVIDIA H200,I64,U64,128,1,8,4,1000000000,1,Yes,,,,,,,,,,
pfp_bloom_filter_contains_unique_size_u64,0,NVIDIA H200,I64,U64,128,1,8,4,1000000000,2,Yes,,,,,,,,,,
pfp_bloom_filter_contains_unique_size_u64,0,NVIDIA H200,I64,U64,128,1,8,4,1000000000,4,Yes,,,,,,,,,,
pfp_bloom_filter_contains_unique_size_u64,0,NVIDIA H200,I64,U64,128,1,8,4,1000000000,8,Yes,,,,,,,,,,
pfp_bloom_filter_contains_unique_size_u64,0,NVIDIA H200,I64,U64,128,1,8,4,1000000000,16,Yes,,,,,,,,,,
pfp_bloom_filter_contains_unique_size_u64,0,NVIDIA H200,I64,U64,128,1,8,4,1000000000,32,Yes,,,,,,,,,,
pfp_bloom_filter_contains_unique_size_u64,0,NVIDIA H200,I64,U64,128,1,8,4,1000000000,64,Yes,,,,,,,,,,
pfp_bloom_filter_contains_unique_size_u64,0,NVIDIA H200,I64,U64,128,1,8,4,1000000000,128,Yes,,,,,,,,,,
pfp_bloom_filter_contains_unique_size_u64,0,NVIDIA H200,I64,U64,128,1,8,4,1000000000,256,Yes,,,,,,,,,,
pfp_bloom_filter_contains_unique_size_u64,0,NVIDIA H200,I64,U64,128,1,8,4,1000000000,512,Yes,,,,,,,,,,
pfp_bloom_filter_contains_unique_size_u64,0,NVIDIA H200,I64,U64,128,1,8,4,1000000000,1024,Yes,,,,,,,,,,
pfp_bloom_filter_contains_unique_size_u64,0,NVIDIA H200,I64,U64,128,1,8,4,1000000000,2048,Yes,,,,,,,,,,
pfp_bloom_filter_contains_unique_size_u64,0,NVIDIA H200,I64,U64,128,1,8,8,1000000000,1,Yes,,,,,,,,,,
pfp_bloom_filter_contains_unique_size_u64,0,NVIDIA H200,I64,U64,128,1,8,8,1000000000,2,Yes,,,,,,,,,,
pfp_bloom_filter_contains_unique_size_u64,0,NVIDIA H200,I64,U64,128,1,8,8,1000000000,4,Yes,,,,,,,,,,
pfp_bloom_filter_contains_unique_size_u64,0,NVIDIA H200,I64,U64,128,1,8,8,1000000000,8,Yes,,,,,,,,,,
pfp_bloom_filter_contains_unique_size_u64,0,NVIDIA H200,I64,U64,128,1,8,8,1000000000,16,Yes,,,,,,,,,,
pfp_bloom_filter_contains_unique_size_u64,0,NVIDIA H200,I64,U64,128,1,8,8,1000000000,32,Yes,,,,,,,,,,
pfp_bloom_filter_contains_unique_size_u64,0,NVIDIA H200,I64,U64,128,1,8,8,1000000000,64,Yes,,,,,,,,,,
pfp_bloom_filter_contains_unique_size_u64,0,NVIDIA H200,I64,U64,128,1,8,8,1000000000,128,Yes,,,,,,,,,,
pfp_bloom_filter_contains_unique_size_u64,0,NVIDIA H200,I64,U64,128,1,8,8,1000000000,256,Yes,,,,,,,,,,
pfp_bloom_filter_contains_unique_size_u64,0,NVIDIA H200,I64,U64,128,1,8,8,1000000000,512,Yes,,,,,,,,,,
pfp_bloom_filter_contains_unique_size_u64,0,NVIDIA H200,I64,U64,128,1,8,8,1000000000,1024,Yes,,,,,,,,,,
pfp_bloom_filter_contains_unique_size_u64,0,NVIDIA H200,I64,U64,128,1,8,8,1000000000,2048,Yes,,,,,,,,,,
pfp_bloom_filter_contains_unique_size_u64,0,NVIDIA H200,I64,U64,128,20,1,1,1000000000,1,No,5.1022e-05,40,35,0.014425596342857144,0.0003829138085484947,0.01441268667493548,0.00038097296882141874,69383316417.96248,36,0.014409554375542536
pfp_bloom_filter_contains_unique_size_u64,0,NVIDIA H200,I64,U64,128,20,1,1,1000000000,2,No,4.3095e-05,40,35,0.014425871600000001,0.0003394105376996736,0.014412832914079937,0.00034373060355004977,69382612423.34233,36,0.014407567342122396
pfp_bloom_filter_contains_unique_size_u64,0,NVIDIA H200,I64,U64,128,20,1,1,1000000000,4,No,5.2064e-05,40,35,0.014429025171428573,0.00044547317120144104,0.01441613987513951,0.00044300731918628557,69366696540.20839,36,0.014410473293728299
pfp_bloom_filter_contains_unique_size_u64,0,NVIDIA H200,I64,U64,128,20,1,1,1000000000,8,No,4.5426e-05,40,35,0.014426654057142857,0.0003485049055856613,0.014413681329999657,0.0003456697972904877,69378528434.5553,36,0.014408128526475696
pfp_bloom_filter_contains_unique_size_u64,0,NVIDIA H200,I64,U64,128,20,1,1,1000000000,16,No,5.475e-05,40,35,0.014422798257142861,0.0004180154707604489,0.014409859657287598,0.0004175052991763146,69396928476.97258,36,0.014400456746419273
pfp_bloom_filter_contains_unique_size_u64,0,NVIDIA H200,I64,U64,128,20,1,1,1000000000,32,No,5.1358e-05,40,35,0.01443978945714286,0.0002436463363967477,0.014426845223563056,0.00024288391616998468,69315223425.75087,36,0.014416466606987846
pfp_bloom_filter_contains_unique_size_u64,0,NVIDIA H200,I64,U64,128,20,1,1,1000000000,64,No,5.2688e-05,40,31,0.016589607612903227,0.004841438325531707,0.016576617210142072,0.004845176802623721,60325939081.71867,32,0.01661409628391266
pfp_bloom_filter_contains_unique_size_u64,0,NVIDIA H200,I64,U64,128,20,1,1,1000000000,128,No,4.9908e-05,40,23,0.022070966086956526,0.00011769109618511121,0.022057889274928875,0.00011144249401475214,45335253411.42254,24,0.02204722015062968
pfp_bloom_filter_contains_unique_size_u64,0,NVIDIA H200,I64,U64,128,20,1,1,1000000000,256,No,5.1445e-05,40,20,0.025171257900000004,0.00010221431533673759,0.02515817451477051,9.240938341997782e-05,39748511936.464,21,0.025146513257707864
pfp_bloom_filter_contains_unique_size_u64,0,NVIDIA H200,I64,U64,128,20,1,1,1000000000,512,No,5.0697e-05,40,19,0.02676036757894737,0.00010461841731548444,0.026747219888787522,9.953606226406584e-05,37387063184.806046,20,0.02673655872344971
pfp_bloom_filter_contains_unique_size_u64,0,NVIDIA H200,I64,U64,128,20,1,1,1000000000,1024,No,5.1212e-05,40,19,0.027564350736842106,9.027496077714126e-05,0.027551368311831827,9.369811297537893e-05,36295837966.44154,20,0.027541172313690188
pfp_bloom_filter_contains_unique_size_u64,0,NVIDIA H200,I64,U64,128,20,1,1,1000000000,2048,No,5.0754e-05,40,18,0.027968906277777778,6.276341331612753e-05,0.027955791897243922,6.458338025998182e-05,35770762769.86405,19,0.027948144109625567
pfp_bloom_filter_contains_unique_size_u64,0,NVIDIA H200,I64,U64,128,20,1,2,1000000000,1,No,5.1022e-05,40,36,0.014212472166666663,0.0003850276064993869,0.01419913244247437,0.00036779342325354207,70426837981.2181,37,0.01419234817092483
pfp_bloom_filter_contains_unique_size_u64,0,NVIDIA H200,I64,U64,128,20,1,2,1000000000,2,No,4.3095e-05,40,36,0.01421216911111111,0.00033269814080253085,0.014199208047654892,0.00033469202858596426,70426462986.09293,37,0.014194787927576015
pfp_bloom_filter_contains_unique_size_u64,0,NVIDIA H200,I64,U64,128,20,1,2,1000000000,4,No,5.2064e-05,40,36,0.014211998833333335,0.0002916291223141498,0.014199128018485175,0.00028428586918674374,70426859923.94373,37,0.014194354083086993
pfp_bloom_filter_contains_unique_size_u64,0,NVIDIA H200,I64,U64,128,20,1,2,1000000000,8,No,4.5426e-05,40,36,0.014212829722222224,0.00030205146530975965,0.014199609729978777,0.00030048696991509576,70424470743.64026,37,0.01419668166701858
pfp_bloom_filter_contains_unique_size_u64,0,NVIDIA H200,I64,U64,128,20,1,2,1000000000,16,No,5.475e-05,40,36,0.014211944555555554,0.00035163236665212814,0.014198702229393853,0.00034854641722154283,70428971876.72696,37,0.014190149255701015
pfp_bloom_filter_contains_unique_size_u64,0,NVIDIA H200,I64,U64,128,20,1,2,1000000000,32,No,5.1358e-05,40,36,0.01426069733333333,0.0009625358294710135,0.014247479014926488,0.0009653684033896845,70187855616.58606,37,0.014238009762119605
pfp_bloom_filter_contains_unique_size_u64,0,NVIDIA H200,I64,U64,128,20,1,2,1000000000,64,No,5.2688e-05,40,31,0.01662078306451613,0.0056572870888944495,0.0166075260408463,0.005661990027685323,60213664427.83197,32,0.016657042741775513
pfp_bloom_filter_contains_unique_size_u64,0,NVIDIA H200,I64,U64,128,20,1,2,1000000000,128,No,4.9908e-05,40,23,0.022075439260869568,0.00017027084592263056,0.022062171936035154,0.000167671422777856,45326453030.068825,24,0.022052727619806926
pfp_bloom_filter_contains_unique_size_u64,0,NVIDIA H200,I64,U64,128,20,1,2,1000000000,256,No,5.1445e-05,40,20,0.025165754349999996,0.00013584657534771734,0.025152224159240722,0.00013162007465031606,39757915390.262146,21,0.025142741975330174
pfp_bloom_filter_contains_unique_size_u64,0,NVIDIA H200,I64,U64,128,20,1,2,1000000000,512,No,5.0697e-05,40,19,0.026758189894736842,0.00021972541560508847,0.026744954962479445,0.0002257285107033391,37390229349.90551,20,0.026733029174804683
pfp_bloom_filter_contains_unique_size_u64,0,NVIDIA H200,I64,U64,128,20,1,2,1000000000,1024,No,5.1212e-05,40,19,0.027561470842105276,0.00017273857237220085,0.027547944420262392,0.00017411226139312744,36300349120.22213,20,0.027540003776550293
pfp_bloom_filter_contains_unique_size_u64,0,NVIDIA H200,I64,U64,128,20,1,2,1000000000,2048,No,5.0754e-05,40,18,0.027968402444444443,0.00013639666758465395,0.02795494937896729,0.00013832691730722893,35771840844.483116,19,0.027943668767025597
pfp_bloom_filter_contains_unique_size_u64,0,NVIDIA H200,I64,U64,128,20,1,4,1000000000,1,Yes,,,,,,,,,,
pfp_bloom_filter_contains_unique_size_u64,0,NVIDIA H200,I64,U64,128,20,1,4,1000000000,2,Yes,,,,,,,,,,
pfp_bloom_filter_contains_unique_size_u64,0,NVIDIA H200,I64,U64,128,20,1,4,1000000000,4,Yes,,,,,,,,,,
pfp_bloom_filter_contains_unique_size_u64,0,NVIDIA H200,I64,U64,128,20,1,4,1000000000,8,Yes,,,,,,,,,,
pfp_bloom_filter_contains_unique_size_u64,0,NVIDIA H200,I64,U64,128,20,1,4,1000000000,16,Yes,,,,,,,,,,
pfp_bloom_filter_contains_unique_size_u64,0,NVIDIA H200,I64,U64,128,20,1,4,1000000000,32,Yes,,,,,,,,,,
pfp_bloom_filter_contains_unique_size_u64,0,NVIDIA H200,I64,U64,128,20,1,4,1000000000,64,Yes,,,,,,,,,,
pfp_bloom_filter_contains_unique_size_u64,0,NVIDIA H200,I64,U64,128,20,1,4,1000000000,128,Yes,,,,,,,,,,
pfp_bloom_filter_contains_unique_size_u64,0,NVIDIA H200,I64,U64,128,20,1,4,1000000000,256,Yes,,,,,,,,,,
pfp_bloom_filter_contains_unique_size_u64,0,NVIDIA H200,I64,U64,128,20,1,4,1000000000,512,Yes,,,,,,,,,,
pfp_bloom_filter_contains_unique_size_u64,0,NVIDIA H200,I64,U64,128,20,1,4,1000000000,1024,Yes,,,,,,,,,,
pfp_bloom_filter_contains_unique_size_u64,0,NVIDIA H200,I64,U64,128,20,1,4,1000000000,2048,Yes,,,,,,,,,,
pfp_bloom_filter_contains_unique_size_u64,0,NVIDIA H200,I64,U64,128,20,1,8,1000000000,1,Yes,,,,,,,,,,
pfp_bloom_filter_contains_unique_size_u64,0,NVIDIA H200,I64,U64,128,20,1,8,1000000000,2,Yes,,,,,,,,,,
pfp_bloom_filter_contains_unique_size_u64,0,NVIDIA H200,I64,U64,128,20,1,8,1000000000,4,Yes,,,,,,,,,,
pfp_bloom_filter_contains_unique_size_u64,0,NVIDIA H200,I64,U64,128,20,1,8,1000000000,8,Yes,,,,,,,,,,
pfp_bloom_filter_contains_unique_size_u64,0,NVIDIA H200,I64,U64,128,20,1,8,1000000000,16,Yes,,,,,,,,,,
pfp_bloom_filter_contains_unique_size_u64,0,NVIDIA H200,I64,U64,128,20,1,8,1000000000,32,Yes,,,,,,,,,,
pfp_bloom_filter_contains_unique_size_u64,0,NVIDIA H200,I64,U64,128,20,1,8,1000000000,64,Yes,,,,,,,,,,
pfp_bloom_filter_contains_unique_size_u64,0,NVIDIA H200,I64,U64,128,20,1,8,1000000000,128,Yes,,,,,,,,,,
pfp_bloom_filter_contains_unique_size_u64,0,NVIDIA H200,I64,U64,128,20,1,8,1000000000,256,Yes,,,,,,,,,,
pfp_bloom_filter_contains_unique_size_u64,0,NVIDIA H200,I64,U64,128,20,1,8,1000000000,512,Yes,,,,,,,,,,
pfp_bloom_filter_contains_unique_size_u64,0,NVIDIA H200,I64,U64,128,20,1,8,1000000000,1024,Yes,,,,,,,,,,
pfp_bloom_filter_contains_unique_size_u64,0,NVIDIA H200,I64,U64,128,20,1,8,1000000000,2048,Yes,,,,,,,,,,
pfp_bloom_filter_contains_unique_size_u64,0,NVIDIA H200,I64,U64,128,20,2,1,1000000000,1,No,5.1022e-05,40,16,0.0321866196875,1.7175407861585523e-05,0.032173543930053713,8.621651692458953e-06,31081437661.14268,17,0.032171232560101674
pfp_bloom_filter_contains_unique_size_u64,0,NVIDIA H200,I64,U64,128,20,2,1,1000000000,2,No,4.3095e-05,40,16,0.03219140675,0.00028446157472303166,0.03217838835716247,0.00028435799000015407,31076758378.963802,17,0.03217150497436523
pfp_bloom_filter_contains_unique_size_u64,0,NVIDIA H200,I64,U64,128,20,2,1,1000000000,4,No,5.2064e-05,40,16,0.032191984125,0.00029433095848465784,0.03217877769470215,0.0002932842874879616,31076382374.978714,17,0.03217168112362132
pfp_bloom_filter_contains_unique_size_u64,0,NVIDIA H200,I64,U64,128,20,2,1,1000000000,8,No,4.5426e-05,40,16,0.032190498750000004,0.0002487041892993707,0.0321771879196167,0.00024610817220100685,31077917762.675396,17,0.03217180454029756
pfp_bloom_filter_contains_unique_size_u64,0,NVIDIA H200,I64,U64,128,20,2,1,1000000000,16,No,5.475e-05,40,16,0.032192933812500005,0.0002964728894316857,0.032179467916488645,0.0002992458745365752,31075715813.42411,17,0.03217260809505687
pfp_bloom_filter_contains_unique_size_u64,0,NVIDIA H200,I64,U64,128,20,2,1,1000000000,32,No,5.1358e-05,40,16,0.032294127250000006,0.00020523300854269843,0.032281108379364015,0.00020449851853408398,30977870655.74424,17,0.03227479216631721
pfp_bloom_filter_contains_unique_size_u64,0,NVIDIA H200,I64,U64,128,20,2,1,1000000000,64,No,5.2688e-05,40,16,0.032489131250000004,0.00016507145006038485,0.03247592186927795,0.00014912529579749788,30792043533.827892,17,0.03246932040943819
pfp_bloom_filter_contains_unique_size_u64,0,NVIDIA H200,I64,U64,128,20,2,1,1000000000,128,No,4.9908e-05,40,16,0.032653982312499996,0.00012193340890338968,0.03264075207710266,0.00011651835851323754,30636548987.530697,17,0.03265085040821749
pfp_bloom_filter_contains_unique_size_u64,0,NVIDIA H200,I64,U64,128,20,2,1,1000000000,256,No,5.1445e-05,40,16,0.032783752624999996,0.0005470089982364631,0.03277054762840271,0.0005503405931453991,30515205645.611046,17,0.03276371226591222
pfp_bloom_filter_contains_unique_size_u64,0,NVIDIA H200,I64,U64,128,20,2,1,1000000000,512,No,5.0697e-05,40,16,0.0328991195625,0.0008720266498777711,0.03288552236557007,0.0008673280976950856,30408518036.707947,17,0.03286819839477539
pfp_bloom_filter_contains_unique_size_u64,0,NVIDIA H200,I64,U64,128,20,2,1,1000000000,1024,No,5.1212e-05,40,16,0.03298520612500001,0.0008656544922525952,0.03297166585922241,0.0008582281426206606,30329071156.721455,17,0.03294271042767693
pfp_bloom_filter_contains_unique_size_u64,0,NVIDIA H200,I64,U64,128,20,2,1,1000000000,2048,No,5.0754e-05,40,16,0.03302254925,0.0008003520923157689,0.03300909161567688,0.0008001056824612834,30294684011.391388,17,0.032990660274730015
pfp_bloom_filter_contains_unique_size_u64,0,NVIDIA H200,I64,U64,128,20,2,2,1000000000,1,Yes,,,,,,,,,,
pfp_bloom_filter_contains_unique_size_u64,0,NVIDIA H200,I64,U64,128,20,2,2,1000000000,2,Yes,,,,,,,,,,
pfp_bloom_filter_contains_unique_size_u64,0,NVIDIA H200,I64,U64,128,20,2,2,1000000000,4,Yes,,,,,,,,,,
pfp_bloom_filter_contains_unique_size_u64,0,NVIDIA H200,I64,U64,128,20,2,2,1000000000,8,Yes,,,,,,,,,,
pfp_bloom_filter_contains_unique_size_u64,0,NVIDIA H200,I64,U64,128,20,2,2,1000000000,16,Yes,,,,,,,,,,
pfp_bloom_filter_contains_unique_size_u64,0,NVIDIA H200,I64,U64,128,20,2,2,1000000000,32,Yes,,,,,,,,,,
pfp_bloom_filter_contains_unique_size_u64,0,NVIDIA H200,I64,U64,128,20,2,2,1000000000,64,Yes,,,,,,,,,,
pfp_bloom_filter_contains_unique_size_u64,0,NVIDIA H200,I64,U64,128,20,2,2,1000000000,128,Yes,,,,,,,,,,
pfp_bloom_filter_contains_unique_size_u64,0,NVIDIA H200,I64,U64,128,20,2,2,1000000000,256,Yes,,,,,,,,,,
pfp_bloom_filter_contains_unique_size_u64,0,NVIDIA H200,I64,U64,128,20,2,2,1000000000,512,Yes,,,,,,,,,,
pfp_bloom_filter_contains_unique_size_u64,0,NVIDIA H200,I64,U64,128,20,2,2,1000000000,1024,Yes,,,,,,,,,,
pfp_bloom_filter_contains_unique_size_u64,0,NVIDIA H200,I64,U64,128,20,2,2,1000000000,2048,Yes,,,,,,,,,,
pfp_bloom_filter_contains_unique_size_u64,0,NVIDIA H200,I64,U64,128,20,2,4,1000000000,1,Yes,,,,,,,,,,
pfp_bloom_filter_contains_unique_size_u64,0,NVIDIA H200,I64,U64,128,20,2,4,1000000000,2,Yes,,,,,,,,,,
pfp_bloom_filter_contains_unique_size_u64,0,NVIDIA H200,I64,U64,128,20,2,4,1000000000,4,Yes,,,,,,,,,,
pfp_bloom_filter_contains_unique_size_u64,0,NVIDIA H200,I64,U64,128,20,2,4,1000000000,8,Yes,,,,,,,,,,
pfp_bloom_filter_contains_unique_size_u64,0,NVIDIA H200,I64,U64,128,20,2,4,1000000000,16,Yes,,,,,,,,,,
pfp_bloom_filter_contains_unique_size_u64,0,NVIDIA H200,I64,U64,128,20,2,4,1000000000,32,Yes,,,,,,,,,,
pfp_bloom_filter_contains_unique_size_u64,0,NVIDIA H200,I64,U64,128,20,2,4,1000000000,64,Yes,,,,,,,,,,
pfp_bloom_filter_contains_unique_size_u64,0,NVIDIA H200,I64,U64,128,20,2,4,1000000000,128,Yes,,,,,,,,,,
pfp_bloom_filter_contains_unique_size_u64,0,NVIDIA H200,I64,U64,128,20,2,4,1000000000,256,Yes,,,,,,,,,,
pfp_bloom_filter_contains_unique_size_u64,0,NVIDIA H200,I64,U64,128,20,2,4,1000000000,512,Yes,,,,,,,,,,
pfp_bloom_filter_contains_unique_size_u64,0,NVIDIA H200,I64,U64,128,20,2,4,1000000000,1024,Yes,,,,,,,,,,
pfp_bloom_filter_contains_unique_size_u64,0,NVIDIA H200,I64,U64,128,20,2,4,1000000000,2048,Yes,,,,,,,,,,
pfp_bloom_filter_contains_unique_size_u64,0,NVIDIA H200,I64,U64,128,20,2,8,1000000000,1,Yes,,,,,,,,,,
pfp_bloom_filter_contains_unique_size_u64,0,NVIDIA H200,I64,U64,128,20,2,8,1000000000,2,Yes,,,,,,,,,,
pfp_bloom_filter_contains_unique_size_u64,0,NVIDIA H200,I64,U64,128,20,2,8,1000000000,4,Yes,,,,,,,,,,
pfp_bloom_filter_contains_unique_size_u64,0,NVIDIA H200,I64,U64,128,20,2,8,1000000000,8,Yes,,,,,,,,,,
pfp_bloom_filter_contains_unique_size_u64,0,NVIDIA H200,I64,U64,128,20,2,8,1000000000,16,Yes,,,,,,,,,,
pfp_bloom_filter_contains_unique_size_u64,0,NVIDIA H200,I64,U64,128,20,2,8,1000000000,32,Yes,,,,,,,,,,
pfp_bloom_filter_contains_unique_size_u64,0,NVIDIA H200,I64,U64,128,20,2,8,1000000000,64,Yes,,,,,,,,,,
pfp_bloom_filter_contains_unique_size_u64,0,NVIDIA H200,I64,U64,128,20,2,8,1000000000,128,Yes,,,,,,,,,,
pfp_bloom_filter_contains_unique_size_u64,0,NVIDIA H200,I64,U64,128,20,2,8,1000000000,256,Yes,,,,,,,,,,
pfp_bloom_filter_contains_unique_size_u64,0,NVIDIA H200,I64,U64,128,20,2,8,1000000000,512,Yes,,,,,,,,,,
pfp_bloom_filter_contains_unique_size_u64,0,NVIDIA H200,I64,U64,128,20,2,8,1000000000,1024,Yes,,,,,,,,,,
pfp_bloom_filter_contains_unique_size_u64,0,NVIDIA H200,I64,U64,128,20,2,8,1000000000,2048,Yes,,,,,,,,,,
pfp_bloom_filter_contains_unique_size_u64,0,NVIDIA H200,I64,U64,128,20,4,1,1000000000,1,Yes,,,,,,,,,,
pfp_bloom_filter_contains_unique_size_u64,0,NVIDIA H200,I64,U64,128,20,4,1,1000000000,2,Yes,,,,,,,,,,
pfp_bloom_filter_contains_unique_size_u64,0,NVIDIA H200,I64,U64,128,20,4,1,1000000000,4,Yes,,,,,,,,,,
pfp_bloom_filter_contains_unique_size_u64,0,NVIDIA H200,I64,U64,128,20,4,1,1000000000,8,Yes,,,,,,,,,,
pfp_bloom_filter_contains_unique_size_u64,0,NVIDIA H200,I64,U64,128,20,4,1,1000000000,16,Yes,,,,,,,,,,
pfp_bloom_filter_contains_unique_size_u64,0,NVIDIA H200,I64,U64,128,20,4,1,1000000000,32,Yes,,,,,,,,,,
pfp_bloom_filter_contains_unique_size_u64,0,NVIDIA H200,I64,U64,128,20,4,1,1000000000,64,Yes,,,,,,,,,,
pfp_bloom_filter_contains_unique_size_u64,0,NVIDIA H200,I64,U64,128,20,4,1,1000000000,128,Yes,,,,,,,,,,
pfp_bloom_filter_contains_unique_size_u64,0,NVIDIA H200,I64,U64,128,20,4,1,1000000000,256,Yes,,,,,,,,,,
pfp_bloom_filter_contains_unique_size_u64,0,NVIDIA H200,I64,U64,128,20,4,1,1000000000,512,Yes,,,,,,,,,,
pfp_bloom_filter_contains_unique_size_u64,0,NVIDIA H200,I64,U64,128,20,4,1,1000000000,1024,Yes,,,,,,,,,,
pfp_bloom_filter_contains_unique_size_u64,0,NVIDIA H200,I64,U64,128,20,4,1,1000000000,2048,Yes,,,,,,,,,,
pfp_bloom_filter_contains_unique_size_u64,0,NVIDIA H200,I64,U64,128,20,4,2,1000000000,1,Yes,,,,,,,,,,
pfp_bloom_filter_contains_unique_size_u64,0,NVIDIA H200,I64,U64,128,20,4,2,1000000000,2,Yes,,,,,,,,,,
pfp_bloom_filter_contains_unique_size_u64,0,NVIDIA H200,I64,U64,128,20,4,2,1000000000,4,Yes,,,,,,,,,,
pfp_bloom_filter_contains_unique_size_u64,0,NVIDIA H200,I64,U64,128,20,4,2,1000000000,8,Yes,,,,,,,,,,
pfp_bloom_filter_contains_unique_size_u64,0,NVIDIA H200,I64,U64,128,20,4,2,1000000000,16,Yes,,,,,,,,,,
pfp_bloom_filter_contains_unique_size_u64,0,NVIDIA H200,I64,U64,128,20,4,2,1000000000,32,Yes,,,,,,,,,,
pfp_bloom_filter_contains_unique_size_u64,0,NVIDIA H200,I64,U64,128,20,4,2,1000000000,64,Yes,,,,,,,,,,
pfp_bloom_filter_contains_unique_size_u64,0,NVIDIA H200,I64,U64,128,20,4,2,1000000000,128,Yes,,,,,,,,,,
pfp_bloom_filter_contains_unique_size_u64,0,NVIDIA H200,I64,U64,128,20,4,2,1000000000,256,Yes,,,,,,,,,,
pfp_bloom_filter_contains_unique_size_u64,0,NVIDIA H200,I64,U64,128,20,4,2,1000000000,512,Yes,,,,,,,,,,
pfp_bloom_filter_contains_unique_size_u64,0,NVIDIA H200,I64,U64,128,20,4,2,1000000000,1024,Yes,,,,,,,,,,
pfp_bloom_filter_contains_unique_size_u64,0,NVIDIA H200,I64,U64,128,20,4,2,1000000000,2048,Yes,,,,,,,,,,
pfp_bloom_filter_contains_unique_size_u64,0,NVIDIA H200,I64,U64,128,20,4,4,1000000000,1,Yes,,,,,,,,,,
pfp_bloom_filter_contains_unique_size_u64,0,NVIDIA H200,I64,U64,128,20,4,4,1000000000,2,Yes,,,,,,,,,,
pfp_bloom_filter_contains_unique_size_u64,0,NVIDIA H200,I64,U64,128,20,4,4,1000000000,4,Yes,,,,,,,,,,
pfp_bloom_filter_contains_unique_size_u64,0,NVIDIA H200,I64,U64,128,20,4,4,1000000000,8,Yes,,,,,,,,,,
pfp_bloom_filter_contains_unique_size_u64,0,NVIDIA H200,I64,U64,128,20,4,4,1000000000,16,Yes,,,,,,,,,,
pfp_bloom_filter_contains_unique_size_u64,0,NVIDIA H200,I64,U64,128,20,4,4,1000000000,32,Yes,,,,,,,,,,
pfp_bloom_filter_contains_unique_size_u64,0,NVIDIA H200,I64,U64,128,20,4,4,1000000000,64,Yes,,,,,,,,,,
pfp_bloom_filter_contains_unique_size_u64,0,NVIDIA H200,I64,U64,128,20,4,4,1000000000,128,Yes,,,,,,,,,,
pfp_bloom_filter_contains_unique_size_u64,0,NVIDIA H200,I64,U64,128,20,4,4,1000000000,256,Yes,,,,,,,,,,
pfp_bloom_filter_contains_unique_size_u64,0,NVIDIA H200,I64,U64,128,20,4,4,1000000000,512,Yes,,,,,,,,,,
pfp_bloom_filter_contains_unique_size_u64,0,NVIDIA H200,I64,U64,128,20,4,4,1000000000,1024,Yes,,,,,,,,,,
pfp_bloom_filter_contains_unique_size_u64,0,NVIDIA H200,I64,U64,128,20,4,4,1000000000,2048,Yes,,,,,,,,,,
pfp_bloom_filter_contains_unique_size_u64,0,NVIDIA H200,I64,U64,128,20,4,8,1000000000,1,Yes,,,,,,,,,,
pfp_bloom_filter_contains_unique_size_u64,0,NVIDIA H200,I64,U64,128,20,4,8,1000000000,2,Yes,,,,,,,,,,
pfp_bloom_filter_contains_unique_size_u64,0,NVIDIA H200,I64,U64,128,20,4,8,1000000000,4,Yes,,,,,,,,,,
pfp_bloom_filter_contains_unique_size_u64,0,NVIDIA H200,I64,U64,128,20,4,8,1000000000,8,Yes,,,,,,,,,,
pfp_bloom_filter_contains_unique_size_u64,0,NVIDIA H200,I64,U64,128,20,4,8,1000000000,16,Yes,,,,,,,,,,
pfp_bloom_filter_contains_unique_size_u64,0,NVIDIA H200,I64,U64,128,20,4,8,1000000000,32,Yes,,,,,,,,,,
pfp_bloom_filter_contains_unique_size_u64,0,NVIDIA H200,I64,U64,128,20,4,8,1000000000,64,Yes,,,,,,,,,,
pfp_bloom_filter_contains_unique_size_u64,0,NVIDIA H200,I64,U64,128,20,4,8,1000000000,128,Yes,,,,,,,,,,
pfp_bloom_filter_contains_unique_size_u64,0,NVIDIA H200,I64,U64,128,20,4,8,1000000000,256,Yes,,,,,,,,,,
pfp_bloom_filter_contains_unique_size_u64,0,NVIDIA H200,I64,U64,128,20,4,8,1000000000,512,Yes,,,,,,,,,,
pfp_bloom_filter_contains_unique_size_u64,0,NVIDIA H200,I64,U64,128,20,4,8,1000000000,1024,Yes,,,,,,,,,,
pfp_bloom_filter_contains_unique_size_u64,0,NVIDIA H200,I64,U64,128,20,4,8,1000000000,2048,Yes,,,,,,,,,,
pfp_bloom_filter_contains_unique_size_u64,0,NVIDIA H200,I64,U64,128,20,8,1,1000000000,1,Yes,,,,,,,,,,
pfp_bloom_filter_contains_unique_size_u64,0,NVIDIA H200,I64,U64,128,20,8,1,1000000000,2,Yes,,,,,,,,,,
pfp_bloom_filter_contains_unique_size_u64,0,NVIDIA H200,I64,U64,128,20,8,1,1000000000,4,Yes,,,,,,,,,,
pfp_bloom_filter_contains_unique_size_u64,0,NVIDIA H200,I64,U64,128,20,8,1,1000000000,8,Yes,,,,,,,,,,
pfp_bloom_filter_contains_unique_size_u64,0,NVIDIA H200,I64,U64,128,20,8,1,1000000000,16,Yes,,,,,,,,,,
pfp_bloom_filter_contains_unique_size_u64,0,NVIDIA H200,I64,U64,128,20,8,1,1000000000,32,Yes,,,,,,,,,,
pfp_bloom_filter_contains_unique_size_u64,0,NVIDIA H200,I64,U64,128,20,8,1,1000000000,64,Yes,,,,,,,,,,
pfp_bloom_filter_contains_unique_size_u64,0,NVIDIA H200,I64,U64,128,20,8,1,1000000000,128,Yes,,,,,,,,,,
pfp_bloom_filter_contains_unique_size_u64,0,NVIDIA H200,I64,U64,128,20,8,1,1000000000,256,Yes,,,,,,,,,,
pfp_bloom_filter_contains_unique_size_u64,0,NVIDIA H200,I64,U64,128,20,8,1,1000000000,512,Yes,,,,,,,,,,
pfp_bloom_filter_contains_unique_size_u64,0,NVIDIA H200,I64,U64,128,20,8,1,1000000000,1024,Yes,,,,,,,,,,
pfp_bloom_filter_contains_unique_size_u64,0,NVIDIA H200,I64,U64,128,20,8,1,1000000000,2048,Yes,,,,,,,,,,
pfp_bloom_filter_contains_unique_size_u64,0,NVIDIA H200,I64,U64,128,20,8,2,1000000000,1,Yes,,,,,,,,,,
pfp_bloom_filter_contains_unique_size_u64,0,NVIDIA H200,I64,U64,128,20,8,2,1000000000,2,Yes,,,,,,,,,,
pfp_bloom_filter_contains_unique_size_u64,0,NVIDIA H200,I64,U64,128,20,8,2,1000000000,4,Yes,,,,,,,,,,
pfp_bloom_filter_contains_unique_size_u64,0,NVIDIA H200,I64,U64,128,20,8,2,1000000000,8,Yes,,,,,,,,,,
pfp_bloom_filter_contains_unique_size_u64,0,NVIDIA H200,I64,U64,128,20,8,2,1000000000,16,Yes,,,,,,,,,,
pfp_bloom_filter_contains_unique_size_u64,0,NVIDIA H200,I64,U64,128,20,8,2,1000000000,32,Yes,,,,,,,,,,
pfp_bloom_filter_contains_unique_size_u64,0,NVIDIA H200,I64,U64,128,20,8,2,1000000000,64,Yes,,,,,,,,,,
pfp_bloom_filter_contains_unique_size_u64,0,NVIDIA H200,I64,U64,128,20,8,2,1000000000,128,Yes,,,,,,,,,,
pfp_bloom_filter_contains_unique_size_u64,0,NVIDIA H200,I64,U64,128,20,8,2,1000000000,256,Yes,,,,,,,,,,
pfp_bloom_filter_contains_unique_size_u64,0,NVIDIA H200,I64,U64,128,20,8,2,1000000000,512,Yes,,,,,,,,,,
pfp_bloom_filter_contains_unique_size_u64,0,NVIDIA H200,I64,U64,128,20,8,2,1000000000,1024,Yes,,,,,,,,,,
pfp_bloom_filter_contains_unique_size_u64,0,NVIDIA H200,I64,U64,128,20,8,2,1000000000,2048,Yes,,,,,,,,,,
pfp_bloom_filter_contains_unique_size_u64,0,NVIDIA H200,I64,U64,128,20,8,4,1000000000,1,Yes,,,,,,,,,,
pfp_bloom_filter_contains_unique_size_u64,0,NVIDIA H200,I64,U64,128,20,8,4,1000000000,2,Yes,,,,,,,,,,
pfp_bloom_filter_contains_unique_size_u64,0,NVIDIA H200,I64,U64,128,20,8,4,1000000000,4,Yes,,,,,,,,,,
pfp_bloom_filter_contains_unique_size_u64,0,NVIDIA H200,I64,U64,128,20,8,4,1000000000,8,Yes,,,,,,,,,,
pfp_bloom_filter_contains_unique_size_u64,0,NVIDIA H200,I64,U64,128,20,8,4,1000000000,16,Yes,,,,,,,,,,
pfp_bloom_filter_contains_unique_size_u64,0,NVIDIA H200,I64,U64,128,20,8,4,1000000000,32,Yes,,,,,,,,,,
pfp_bloom_filter_contains_unique_size_u64,0,NVIDIA H200,I64,U64,128,20,8,4,1000000000,64,Yes,,,,,,,,,,
pfp_bloom_filter_contains_unique_size_u64,0,NVIDIA H200,I64,U64,128,20,8,4,1000000000,128,Yes,,,,,,,,,,
pfp_bloom_filter_contains_unique_size_u64,0,NVIDIA H200,I64,U64,128,20,8,4,1000000000,256,Yes,,,,,,,,,,
pfp_bloom_filter_contains_unique_size_u64,0,NVIDIA H200,I64,U64,128,20,8,4,1000000000,512,Yes,,,,,,,,,,
pfp_bloom_filter_contains_unique_size_u64,0,NVIDIA H200,I64,U64,128,20,8,4,1000000000,1024,Yes,,,,,,,,,,
pfp_bloom_filter_contains_unique_size_u64,0,NVIDIA H200,I64,U64,128,20,8,4,1000000000,2048,Yes,,,,,,,,,,
pfp_bloom_filter_contains_unique_size_u64,0,NVIDIA H200,I64,U64,128,20,8,8,1000000000,1,Yes,,,,,,,,,,
pfp_bloom_filter_contains_unique_size_u64,0,NVIDIA H200,I64,U64,128,20,8,8,1000000000,2,Yes,,,,,,,,,,
pfp_bloom_filter_contains_unique_size_u64,0,NVIDIA H200,I64,U64,128,20,8,8,1000000000,4,Yes,,,,,,,,,,
pfp_bloom_filter_contains_unique_size_u64,0,NVIDIA H200,I64,U64,128,20,8,8,1000000000,8,Yes,,,,,,,,,,
pfp_bloom_filter_contains_unique_size_u64,0,NVIDIA H200,I64,U64,128,20,8,8,1000000000,16,Yes,,,,,,,,,,
pfp_bloom_filter_contains_unique_size_u64,0,NVIDIA H200,I64,U64,128,20,8,8,1000000000,32,Yes,,,,,,,,,,
pfp_bloom_filter_contains_unique_size_u64,0,NVIDIA H200,I64,U64,128,20,8,8,1000000000,64,Yes,,,,,,,,,,
pfp_bloom_filter_contains_unique_size_u64,0,NVIDIA H200,I64,U64,128,20,8,8,1000000000,128,Yes,,,,,,,,,,
pfp_bloom_filter_contains_unique_size_u64,0,NVIDIA H200,I64,U64,128,20,8,8,1000000000,256,Yes,,,,,,,,,,
pfp_bloom_filter_contains_unique_size_u64,0,NVIDIA H200,I64,U64,128,20,8,8,1000000000,512,Yes,,,,,,,,,,
pfp_bloom_filter_contains_unique_size_u64,0,NVIDIA H200,I64,U64,128,20,8,8,1000000000,1024,Yes,,,,,,,,,,
pfp_bloom_filter_contains_unique_size_u64,0,NVIDIA H200,I64,U64,128,20,8,8,1000000000,2048,Yes,,,,,,,,,,
pfp_bloom_filter_contains_unique_size_u64,0,NVIDIA H200,I64,U64,256,1,1,1,1000000000,1,No,0.026616622,4,43,0.011678676069767443,0.0008512856887431336,0.011665288237638249,0.0008550293599423414,85724414144.64867,45,0.011655242241753471
pfp_bloom_filter_contains_unique_size_u64,0,NVIDIA H200,I64,U64,256,1,1,1,1000000000,2,No,0.026679489,4,44,0.011559245795454547,0.0005358598336826642,0.011546012423255229,0.0005359429914145197,86609988222.9353,45,0.011537589518229165
pfp_bloom_filter_contains_unique_size_u64,0,NVIDIA H200,I64,U64,256,1,1,1,1000000000,4,No,0.02665682,4,44,0.011460627750000002,0.00045135967120800587,0.011447469082745642,0.0004409065683215817,87355553683.67528,45,0.011443869357638888
pfp_bloom_filter_contains_unique_size_u64,0,NVIDIA H200,I64,U64,256,1,1,1,1000000000,8,No,0.02664805,4,44,0.011401935386363636,0.0004426479901226649,0.011388724370436238,0.00044945607543480325,87806146454.45981,46,0.011384152619735053
pfp_bloom_filter_contains_unique_size_u64,0,NVIDIA H200,I64,U64,256,1,1,1,1000000000,16,No,0.026662376,4,45,0.011374722111111114,0.000526705136763917,0.011361451382107207,0.0005267856904355202,88016923751.03313,46,0.01135018788213315
pfp_bloom_filter_contains_unique_size_u64,0,NVIDIA H200,I64,U64,256,1,1,1,1000000000,32,No,0.02665728,4,43,0.011655910441860467,0.0008031458549737876,0.011642502784729003,0.0007949279131728763,85892184738.11827,45,0.011891025119357638
pfp_bloom_filter_contains_unique_size_u64,0,NVIDIA H200,I64,U64,256,1,1,1,1000000000,64,No,0.026644355,4,31,0.016543031322580646,0.00015041812633073822,0.016529823856969033,0.00014024758580493416,60496712406.18795,32,0.01652198654413223
pfp_bloom_filter_contains_unique_size_u64,0,NVIDIA H200,I64,U64,256,1,1,1,1000000000,128,No,0.026657968,4,23,0.02214400365217391,0.00012170948548422193,0.022130586541217304,0.00012820486759897637,45186330607.98191,24,0.022120482365290323
pfp_bloom_filter_contains_unique_size_u64,0,NVIDIA H200,I64,U64,256,1,1,1,1000000000,256,No,0.026663695,4,20,0.0252427063,0.00011787988820522808,0.025229195117950437,0.00011393687359823528,39636619215.35124,21,0.025218636013212663
pfp_bloom_filter_contains_unique_size_u64,0,NVIDIA H200,I64,U64,256,1,1,1,1000000000,512,No,0.026654862,4,19,0.026834369105263163,0.00012910724773782304,0.02682106128491854,0.00011964024473329658,37284132397.93382,20,0.02681180639266968
pfp_bloom_filter_contains_unique_size_u64,0,NVIDIA H200,I64,U64,256,1,1,1,1000000000,1024,No,0.026647871,4,19,0.027642763999999997,0.0001215674376250798,0.027629365921020506,0.00013370654328052783,36193374935.151764,20,0.027620823097229002
pfp_bloom_filter_contains_unique_size_u64,0,NVIDIA H200,I64,U64,256,1,1,1,1000000000,2048,No,0.026645098,4,18,0.028049867722222226,0.0001003719421864834,0.02803641594780816,9.622179317758524e-05,35667897132.84227,19,0.028029071607087785
pfp_bloom_filter_contains_unique_size_u64,0,NVIDIA H200,I64,U64,256,1,1,2,1000000000,1,No,0.026616622,4,68,0.007397813750000002,0.0012235113710124127,0.007384515306528877,0.001222354110840083,135418501890.82407,71,0.007611590318276849
pfp_bloom_filter_contains_unique_size_u64,0,NVIDIA H200,I64,U64,256,1,1,2,1000000000,2,No,0.026679489,4,67,0.007541523970149256,0.002018379921947155,0.007528332397119324,0.002019968478589124,132831541867.44525,69,0.007657093877377718
pfp_bloom_filter_contains_unique_size_u64,0,NVIDIA H200,I64,U64,256,1,1,2,1000000000,4,No,0.02665682,4,66,0.0076225607878787896,0.002430919502688497,0.007609426910226996,0.0024390487377390488,131415941278.83792,69,0.0077310587565104175
pfp_bloom_filter_contains_unique_size_u64,0,NVIDIA H200,I64,U64,256,1,1,2,1000000000,8,No,0.02664805,4,66,0.007655055409090909,0.0011718463809669657,0.007641781821395412,0.0011673324615199554,130859532942.98541,68,0.007740348367130055
pfp_bloom_filter_contains_unique_size_u64,0,NVIDIA H200,I64,U64,256,1,1,2,1000000000,16,No,0.026662376,4,66,0.007699286409090908,0.0013080602498669954,0.007686030554048942,0.001310748830009873,130106170274.48683,68,0.007782656501321232
pfp_bloom_filter_contains_unique_size_u64,0,NVIDIA H200,I64,U64,256,1,1,2,1000000000,32,No,0.02665728,4,52,0.009678306673076923,0.00011922420394836996,0.009665018503482524,0.00010517137205501791,103465916763.60242,54,0.00972221996166088
pfp_bloom_filter_contains_unique_size_u64,0,NVIDIA H200,I64,U64,256,1,1,2,1000000000,64,No,0.026644355,4,31,0.01646410067741936,0.00023731135999406126,0.01645082196881694,0.00023194796156518415,60787236157.289406,32,0.0164376220703125
pfp_bloom_filter_contains_unique_size_u64,0,NVIDIA H200,I64,U64,256,1,1,2,1000000000,128,No,0.026657968,4,23,0.022076038913043484,0.00010725639919423002,0.022062536488408627,0.00011205439272967953,45325704074.20684,24,0.02205207045873006
pfp_bloom_filter_contains_unique_size_u64,0,NVIDIA H200,I64,U64,256,1,1,2,1000000000,256,No,0.026663695,4,20,0.0251717911,0.00011908290602683234,0.025158519935607908,0.00011506781762246069,39747966198.30796,21,0.025147234507969445
pfp_bloom_filter_contains_unique_size_u64,0,NVIDIA H200,I64,U64,256,1,1,2,1000000000,512,No,0.026654862,4,19,0.026761900368421052,0.0001242371465280428,0.026748498414692127,0.00012063227440325761,37385276156.314285,20,0.026739155483245854
pfp_bloom_filter_contains_unique_size_u64,0,NVIDIA H200,I64,U64,256,1,1,2,1000000000,1024,No,0.026647871,4,19,0.02756593278947369,0.00011850443345547398,0.02755252878289474,0.00010913769787817958,36294309240.34906,20,0.02754341049194336
pfp_bloom_filter_contains_unique_size_u64,0,NVIDIA H200,I64,U64,256,1,1,2,1000000000,2048,No,0.026645098,4,18,0.027971969444444453,0.0001238566404463116,0.02795845148298475,0.0001315196498170958,35767360027.38172,19,0.027948822121871143
pfp_bloom_filter_contains_unique_size_u64,0,NVIDIA H200,I64,U64,256,1,1,4,1000000000,1,No,0.026616622,4,68,0.007463421838235294,0.0009780346802328477,0.007450147292193243,0.0009611366102129532,134225534178.07808,70,0.007643781389508928
pfp_bloom_filter_contains_unique_size_u64,0,NVIDIA H200,I64,U64,256,1,1,4,1000000000,2,No,0.026679489,4,66,0.007618952984848486,0.0020979465310169143,0.007605671767032511,0.0020994095437400855,131480825182.93686,69,0.007703457597373188
pfp_bloom_filter_contains_unique_size_u64,0,NVIDIA H200,I64,U64,256,1,1,4,1000000000,4,No,0.02665682,4,66,0.007704731560606058,0.002095370577449434,0.007691356153199167,0.0021140805141022807,130016083000.40259,68,0.0077876766429227934
pfp_bloom_filter_contains_unique_size_u64,0,NVIDIA H200,I64,U64,256,1,1,4,1000000000,8,No,0.02664805,4,65,0.007731686076923075,0.001710858819805714,0.007718498963576098,0.0017077662416162872,129558869505.46208,68,0.007795431698069853
pfp_bloom_filter_contains_unique_size_u64,0,NVIDIA H200,I64,U64,256,1,1,4,1000000000,16,No,0.026662376,4,65,0.007767699800000003,0.001685668461573037,0.007754420683934139,0.0016849458676327612,128958698626.16978,67,0.007849678608908582
pfp_bloom_filter_contains_unique_size_u64,0,NVIDIA H200,I64,U64,256,1,1,4,1000000000,32,No,0.02665728,4,52,0.009678592076923075,0.00012870722332378816,0.009665291639474723,0.0001095214144925968,103462992871.91988,54,0.009725914849175347
pfp_bloom_filter_contains_unique_size_u64,0,NVIDIA H200,I64,U64,256,1,1,4,1000000000,64,No,0.026644355,4,31,0.016463813838709675,0.0002505404028507623,0.016450471078195875,0.00024003293615244354,60788532756.6966,32,0.016438810348510743
pfp_bloom_filter_contains_unique_size_u64,0,NVIDIA H200,I64,U64,256,1,1,4,1000000000,128,No,0.026657968,4,23,0.022076370304347833,8.919618722321736e-05,0.022062828727390453,9.763774017908976e-05,45325103700.71109,24,0.022052157402038575
pfp_bloom_filter_contains_unique_size_u64,0,NVIDIA H200,I64,U64,256,1,1,4,1000000000,256,No,0.026663695,4,20,0.02517089885,8.725339380502417e-05,0.025157511997222902,8.784475117750562e-05,39749558704.7872,21,0.025146389825003484
pfp_bloom_filter_contains_unique_size_u64,0,NVIDIA H200,I64,U64,256,1,1,4,1000000000,512,No,0.026654862,4,19,0.026762815578947375,0.00012707912377934435,0.026749413038554944,0.0001314686159966562,37383997867.865814,20,0.026738419246673584
pfp_bloom_filter_contains_unique_size_u64,0,NVIDIA H200,I64,U64,256,1,1,4,1000000000,1024,No,0.026647871,4,19,0.027566733578947372,7.734341937875978e-05,0.027553338904129834,7.04604029298351e-05,36293242117.74984,20,0.027543087673187257
pfp_bloom_filter_contains_unique_size_u64,0,NVIDIA H200,I64,U64,256,1,1,4,1000000000,2048,No,0.026645098,4,18,0.027971146000000002,0.00012576476954971507,0.027957724465264216,0.00012642368102543783,35768290128.277054,19,0.02794982418261076
pfp_bloom_filter_contains_unique_size_u64,0,NVIDIA H200,I64,U64,256,1,1,8,1000000000,1,Yes,,,,,,,,,,
pfp_bloom_filter_contains_unique_size_u64,0,NVIDIA H200,I64,U64,256,1,1,8,1000000000,2,Yes,,,,,,,,,,
pfp_bloom_filter_contains_unique_size_u64,0,NVIDIA H200,I64,U64,256,1,1,8,1000000000,4,Yes,,,,,,,,,,
pfp_bloom_filter_contains_unique_size_u64,0,NVIDIA H200,I64,U64,256,1,1,8,1000000000,8,Yes,,,,,,,,,,
pfp_bloom_filter_contains_unique_size_u64,0,NVIDIA H200,I64,U64,256,1,1,8,1000000000,16,Yes,,,,,,,,,,
pfp_bloom_filter_contains_unique_size_u64,0,NVIDIA H200,I64,U64,256,1,1,8,1000000000,32,Yes,,,,,,,,,,
pfp_bloom_filter_contains_unique_size_u64,0,NVIDIA H200,I64,U64,256,1,1,8,1000000000,64,Yes,,,,,,,,,,
pfp_bloom_filter_contains_unique_size_u64,0,NVIDIA H200,I64,U64,256,1,1,8,1000000000,128,Yes,,,,,,,,,,
pfp_bloom_filter_contains_unique_size_u64,0,NVIDIA H200,I64,U64,256,1,1,8,1000000000,256,Yes,,,,,,,,,,
pfp_bloom_filter_contains_unique_size_u64,0,NVIDIA H200,I64,U64,256,1,1,8,1000000000,512,Yes,,,,,,,,,,
pfp_bloom_filter_contains_unique_size_u64,0,NVIDIA H200,I64,U64,256,1,1,8,1000000000,1024,Yes,,,,,,,,,,
pfp_bloom_filter_contains_unique_size_u64,0,NVIDIA H200,I64,U64,256,1,1,8,1000000000,2048,Yes,,,,,,,,,,
pfp_bloom_filter_contains_unique_size_u64,0,NVIDIA H200,I64,U64,256,1,2,1,1000000000,1,No,0.026616622,4,24,0.021713420624999997,0.00012767600332274016,0.021700376033782956,0.0001278456851503239,46082150762.881195,25,0.02169666778564453
pfp_bloom_filter_contains_unique_size_u64,0,NVIDIA H200,I64,U64,256,1,2,1,1000000000,2,No,0.026679489,4,24,0.021718676458333336,0.0001924730549929526,0.021705345233281454,0.00016886980536998783,46071600762.50112,25,0.021699398345947266
pfp_bloom_filter_contains_unique_size_u64,0,NVIDIA H200,I64,U64,256,1,2,1,1000000000,4,No,0.02665682,4,24,0.021718427166666665,0.00017136978736655823,0.021705254475275673,0.00017537028684987374,46071793405.559654,25,0.02170017890930176
pfp_bloom_filter_contains_unique_size_u64,0,NVIDIA H200,I64,U64,256,1,2,1,1000000000,8,No,0.02664805,4,24,0.021719295166666666,0.00016709167670531813,0.021706120173136393,0.00015912062035923692,46069955939.781685,25,0.021700869522094726
pfp_bloom_filter_contains_unique_size_u64,0,NVIDIA H200,I64,U64,256,1,2,1,1000000000,16,No,0.026662376,4,23,0.021753681347826084,9.00580468210407e-05,0.021740411758422847,8.254173365879795e-05,45997288878.97314,24,0.021737589518229166
pfp_bloom_filter_contains_unique_size_u64,0,NVIDIA H200,I64,U64,256,1,2,1,1000000000,32,No,0.02665728,4,23,0.02227039760869565,0.00012702948557959245,0.02225749140200408,0.00012476697913428638,44928693083.083,24,0.02226375246047974
pfp_bloom_filter_contains_unique_size_u64,0,NVIDIA H200,I64,U64,256,1,2,1,1000000000,64,No,0.026644355,4,22,0.023308611272727275,0.0005247619432809707,0.02329544145410711,0.0005290075670063343,42926853391.89804,23,0.02328116615958836
pfp_bloom_filter_contains_unique_size_u64,0,NVIDIA H200,I64,U64,256,1,2,1,1000000000,128,No,0.026657968,4,21,0.024866200952380953,0.00034659691091265315,0.024853007271176293,0.0003499932258551146,40236579384.08795,22,0.024839905652132902
pfp_bloom_filter_contains_unique_size_u64,0,NVIDIA H200,I64,U64,256,1,2,1,1000000000,256,No,0.026663695,4,19,0.026376215578947367,0.0002176025639214784,0.026363114106027704,0.00021802220060230252,37931785902.76474,20,0.026349510765075683
pfp_bloom_filter_contains_unique_size_u64,0,NVIDIA H200,I64,U64,256,1,2,1,1000000000,512,No,0.026654862,4,19,0.02751329157894737,0.0001358490247659579,0.027500219144319226,0.00013902920678513813,36363346588.33335,20,0.027489555931091314
pfp_bloom_filter_contains_unique_size_u64,0,NVIDIA H200,I64,U64,256,1,2,1,1000000000,1024,No,0.026647871,4,18,0.028182322111111116,0.00012102730396189071,0.028169022348192005,0.00011641278065056369,35499989585.694084,19,0.028158332724320265
pfp_bloom_filter_contains_unique_size_u64,0,NVIDIA H200,I64,U64,256,1,2,1,1000000000,2048,No,0.026645098,4,18,0.028544847666666665,0.00011845637570252887,0.028531818601820205,0.00011318288097672912,35048589574.875694,19,0.028521819365651988
pfp_bloom_filter_contains_unique_size_u64,0,NVIDIA H200,I64,U64,256,1,2,2,1000000000,1,No,0.026616622,4,23,0.02176548352173913,0.0008993771169106586,0.02175228102310844,0.0008943385314231218,45972190178.01647,24,0.02174016825358073
pfp_bloom_filter_contains_unique_size_u64,0,NVIDIA H200,I64,U64,256,1,2,2,1000000000,2,No,0.026679489,4,23,0.02176173239130435,0.00019684976236263572,0.021748563600623085,0.0001995511041024948,45980048078.73153,24,0.021742767333984375
pfp_bloom_filter_contains_unique_size_u64,0,NVIDIA H200,I64,U64,256,1,2,2,1000000000,4,No,0.02665682,4,23,0.021761730956521737,0.00020755623298439796,0.021748589805934745,0.0001997507463409319,45979992676.45024,24,0.021743662516276043
pfp_bloom_filter_contains_unique_size_u64,0,NVIDIA H200,I64,U64,256,1,2,2,1000000000,8,No,0.02664805,4,23,0.02176245239130435,0.00017920468648508476,0.02174936767246412,0.0001816772313312044,45978348201.17802,24,0.0217427495320638
pfp_bloom_filter_contains_unique_size_u64,0,NVIDIA H200,I64,U64,256,1,2,2,1000000000,16,No,0.026662376,4,23,0.02180076808695652,0.00019301223330504073,0.021787640944771144,0.00018351536821638263,45897580308.711296,24,0.021781214396158852
pfp_bloom_filter_contains_unique_size_u64,0,NVIDIA H200,I64,U64,256,1,2,2,1000000000,32,No,0.02665728,4,23,0.022291259478260866,0.0001188720045175713,0.022278141187584918,0.00011940484921917934,44887048321.48547,24,0.022273775339126587
pfp_bloom_filter_contains_unique_size_u64,0,NVIDIA H200,I64,U64,256,1,2,2,1000000000,64,No,0.026644355,4,22,0.023245111409090916,0.0005617626608797575,0.023231892325661398,0.0005590865245979345,43044276634.12608,23,0.023212890376215396
pfp_bloom_filter_contains_unique_size_u64,0,NVIDIA H200,I64,U64,256,1,2,2,1000000000,128,No,0.026657968,4,21,0.024779816142857142,0.0003911072077303902,0.02476673053559803,0.0003868039920479115,40376746481.037025,22,0.02475104201923717
pfp_bloom_filter_contains_unique_size_u64,0,NVIDIA H200,I64,U64,256,1,2,2,1000000000,256,No,0.026663695,4,20,0.026318941850000006,0.0002222216810890717,0.026305577468872077,0.00022165606820593556,38014751859.49901,21,0.026292747951689222
pfp_bloom_filter_contains_unique_size_u64,0,NVIDIA H200,I64,U64,256,1,2,2,1000000000,512,No,0.026654862,4,19,0.027477739631578946,0.00016469288405673643,0.027464495106747276,0.00014776269576352444,36410645675.92678,20,0.02745108938217163
pfp_bloom_filter_contains_unique_size_u64,0,NVIDIA H200,I64,U64,256,1,2,2,1000000000,1024,No,0.026647871,4,18,0.02815272716666667,0.00010489585665506857,0.028139496909247504,0.00010990997539411341,35537238040.36345,19,0.028130572268837375
pfp_bloom_filter_contains_unique_size_u64,0,NVIDIA H200,I64,U64,256,1,2,2,1000000000,2048,No,0.026645098,4,18,0.028517835611111115,0.0001004731915089447,0.028504755549960674,9.83408285359137e-05,35081865488.98083,19,0.028496265612150497
pfp_bloom_filter_contains_unique_size_u64,0,NVIDIA H200,I64,U64,256,1,2,4,1000000000,1,Yes,,,,,,,,,,
pfp_bloom_filter_contains_unique_size_u64,0,NVIDIA H200,I64,U64,256,1,2,4,1000000000,2,Yes,,,,,,,,,,
pfp_bloom_filter_contains_unique_size_u64,0,NVIDIA H200,I64,U64,256,1,2,4,1000000000,4,Yes,,,,,,,,,,
pfp_bloom_filter_contains_unique_size_u64,0,NVIDIA H200,I64,U64,256,1,2,4,1000000000,8,Yes,,,,,,,,,,
pfp_bloom_filter_contains_unique_size_u64,0,NVIDIA H200,I64,U64,256,1,2,4,1000000000,16,Yes,,,,,,,,,,
pfp_bloom_filter_contains_unique_size_u64,0,NVIDIA H200,I64,U64,256,1,2,4,1000000000,32,Yes,,,,,,,,,,
pfp_bloom_filter_contains_unique_size_u64,0,NVIDIA H200,I64,U64,256,1,2,4,1000000000,64,Yes,,,,,,,,,,
pfp_bloom_filter_contains_unique_size_u64,0,NVIDIA H200,I64,U64,256,1,2,4,1000000000,128,Yes,,,,,,,,,,
pfp_bloom_filter_contains_unique_size_u64,0,NVIDIA H200,I64,U64,256,1,2,4,1000000000,256,Yes,,,,,,,,,,
pfp_bloom_filter_contains_unique_size_u64,0,NVIDIA H200,I64,U64,256,1,2,4,1000000000,512,Yes,,,,,,,,,,
pfp_bloom_filter_contains_unique_size_u64,0,NVIDIA H200,I64,U64,256,1,2,4,1000000000,1024,Yes,,,,,,,,,,
pfp_bloom_filter_contains_unique_size_u64,0,NVIDIA H200,I64,U64,256,1,2,4,1000000000,2048,Yes,,,,,,,,,,
pfp_bloom_filter_contains_unique_size_u64,0,NVIDIA H200,I64,U64,256,1,2,8,1000000000,1,Yes,,,,,,,,,,
pfp_bloom_filter_contains_unique_size_u64,0,NVIDIA H200,I64,U64,256,1,2,8,1000000000,2,Yes,,,,,,,,,,
pfp_bloom_filter_contains_unique_size_u64,0,NVIDIA H200,I64,U64,256,1,2,8,1000000000,4,Yes,,,,,,,,,,
pfp_bloom_filter_contains_unique_size_u64,0,NVIDIA H200,I64,U64,256,1,2,8,1000000000,8,Yes,,,,,,,,,,
pfp_bloom_filter_contains_unique_size_u64,0,NVIDIA H200,I64,U64,256,1,2,8,1000000000,16,Yes,,,,,,,,,,
pfp_bloom_filter_contains_unique_size_u64,0,NVIDIA H200,I64,U64,256,1,2,8,1000000000,32,Yes,,,,,,,,,,
pfp_bloom_filter_contains_unique_size_u64,0,NVIDIA H200,I64,U64,256,1,2,8,1000000000,64,Yes,,,,,,,,,,
pfp_bloom_filter_contains_unique_size_u64,0,NVIDIA H200,I64,U64,256,1,2,8,1000000000,128,Yes,,,,,,,,,,
pfp_bloom_filter_contains_unique_size_u64,0,NVIDIA H200,I64,U64,256,1,2,8,1000000000,256,Yes,,,,,,,,,,
pfp_bloom_filter_contains_unique_size_u64,0,NVIDIA H200,I64,U64,256,1,2,8,1000000000,512,Yes,,,,,,,,,,
pfp_bloom_filter_contains_unique_size_u64,0,NVIDIA H200,I64,U64,256,1,2,8,1000000000,1024,Yes,,,,,,,,,,
pfp_bloom_filter_contains_unique_size_u64,0,NVIDIA H200,I64,U64,256,1,2,8,1000000000,2048,Yes,,,,,,,,,,
pfp_bloom_filter_contains_unique_size_u64,0,NVIDIA H200,I64,U64,256,1,4,1,1000000000,1,No,0.026616622,4,23,0.022197768217391303,0.0002467509519026878,0.022184668084849486,0.0002538466485300583,45076175860.52267,24,0.022176044782002764
pfp_bloom_filter_contains_unique_size_u64,0,NVIDIA H200,I64,U64,256,1,4,1,1000000000,2,No,0.026679489,4,23,0.02219467652173913,0.00016284081464252594,0.022181415060292118,0.0001436620560599786,45082786525.650566,24,0.022175695896148682
pfp_bloom_filter_contains_unique_size_u64,0,NVIDIA H200,I64,U64,256,1,4,1,1000000000,4,No,0.02665682,4,23,0.022191578130434784,0.00019663731179076266,0.02217827050582222,0.00019441296051738252,45089178605.585175,24,0.022172453959782918
pfp_bloom_filter_contains_unique_size_u64,0,NVIDIA H200,I64,U64,256,1,4,1,1000000000,8,No,0.02664805,4,23,0.02219189447826087,0.00013815270265994022,0.02217872420601223,0.00014278055465628828,45088256236.529564,24,0.022172083457310993
pfp_bloom_filter_contains_unique_size_u64,0,NVIDIA H200,I64,U64,256,1,4,1,1000000000,16,No,0.026662376,4,23,0.022236008347826085,6.548812521744323e-05,0.02222243217799975,6.736081119514246e-05,44999574843.56739,24,0.02221774085362752
pfp_bloom_filter_contains_unique_size_u64,0,NVIDIA H200,I64,U64,256,1,4,1,1000000000,32,No,0.02665728,4,21,0.024456189142857146,6.0028944920679024e-05,0.024442729314168292,5.74500561011422e-05,40911961473.15461,22,0.024435031804171472
pfp_bloom_filter_contains_unique_size_u64,0,NVIDIA H200,I64,U64,256,1,4,1,1000000000,64,No,0.026644355,4,19,0.027166052578947365,0.0003996541027562455,0.027152626639918277,0.0003991756553272368,36828849498.112854,20,0.027140418338775636
pfp_bloom_filter_contains_unique_size_u64,0,NVIDIA H200,I64,U64,256,1,4,1,1000000000,128,No,0.026657968,4,18,0.02900692122222222,0.00031939210108930814,0.028993583891126842,0.00032136839928615236,34490389451.51029,19,0.0289822372637297
pfp_bloom_filter_contains_unique_size_u64,0,NVIDIA H200,I64,U64,256,1,4,1,1000000000,256,No,0.026663695,4,17,0.030221280999999996,0.00025072301520186267,0.030207853317260745,0.00025355308987609236,33103974304.211838,18,0.03019863711463081
pfp_bloom_filter_contains_unique_size_u64,0,NVIDIA H200,I64,U64,256,1,4,1,1000000000,512,No,0.026654862,4,17,0.030976954294117648,0.0001520017439329608,0.03096334681791418,0.00015250954083592926,32296250333.68289,18,0.030954838646782765
pfp_bloom_filter_contains_unique_size_u64,0,NVIDIA H200,I64,U64,256,1,4,1,1000000000,1024,No,0.026647871,4,16,0.0314005149375,0.0001851744370061695,0.03138707399368286,0.0001843493766397772,31860249228.75148,17,0.03137923801646513
pfp_bloom_filter_contains_unique_size_u64,0,NVIDIA H200,I64,U64,256,1,4,1,1000000000,2048,No,0.026645098,4,16,0.031627490625000004,4.02565056948857e-05,0.03161399400234222,3.4730255965872434e-05,31631561640.89586,17,0.03160708629383761
pfp_bloom_filter_contains_unique_size_u64,0,NVIDIA H200,I64,U64,256,1,4,2,1000000000,1,Yes,,,,,,,,,,
pfp_bloom_filter_contains_unique_size_u64,0,NVIDIA H200,I64,U64,256,1,4,2,1000000000,2,Yes,,,,,,,,,,
pfp_bloom_filter_contains_unique_size_u64,0,NVIDIA H200,I64,U64,256,1,4,2,1000000000,4,Yes,,,,,,,,,,
pfp_bloom_filter_contains_unique_size_u64,0,NVIDIA H200,I64,U64,256,1,4,2,1000000000,8,Yes,,,,,,,,,,
pfp_bloom_filter_contains_unique_size_u64,0,NVIDIA H200,I64,U64,256,1,4,2,1000000000,16,Yes,,,,,,,,,,
pfp_bloom_filter_contains_unique_size_u64,0,NVIDIA H200,I64,U64,256,1,4,2,1000000000,32,Yes,,,,,,,,,,
pfp_bloom_filter_contains_unique_size_u64,0,NVIDIA H200,I64,U64,256,1,4,2,1000000000,64,Yes,,,,,,,,,,
pfp_bloom_filter_contains_unique_size_u64,0,NVIDIA H200,I64,U64,256,1,4,2,1000000000,128,Yes,,,,,,,,,,
pfp_bloom_filter_contains_unique_size_u64,0,NVIDIA H200,I64,U64,256,1,4,2,1000000000,256,Yes,,,,,,,,,,
pfp_bloom_filter_contains_unique_size_u64,0,NVIDIA H200,I64,U64,256,1,4,2,1000000000,512,Yes,,,,,,,,,,
pfp_bloom_filter_contains_unique_size_u64,0,NVIDIA H200,I64,U64,256,1,4,2,1000000000,1024,Yes,,,,,,,,,,
pfp_bloom_filter_contains_unique_size_u64,0,NVIDIA H200,I64,U64,256,1,4,2,1000000000,2048,Yes,,,,,,,,,,
pfp_bloom_filter_contains_unique_size_u64,0,NVIDIA H200,I64,U64,256,1,4,4,1000000000,1,Yes,,,,,,,,,,
pfp_bloom_filter_contains_unique_size_u64,0,NVIDIA H200,I64,U64,256,1,4,4,1000000000,2,Yes,,,,,,,,,,
pfp_bloom_filter_contains_unique_size_u64,0,NVIDIA H200,I64,U64,256,1,4,4,1000000000,4,Yes,,,,,,,,,,
pfp_bloom_filter_contains_unique_size_u64,0,NVIDIA H200,I64,U64,256,1,4,4,1000000000,8,Yes,,,,,,,,,,
pfp_bloom_filter_contains_unique_size_u64,0,NVIDIA H200,I64,U64,256,1,4,4,1000000000,16,Yes,,,,,,,,,,
pfp_bloom_filter_contains_unique_size_u64,0,NVIDIA H200,I64,U64,256,1,4,4,1000000000,32,Yes,,,,,,,,,,
pfp_bloom_filter_contains_unique_size_u64,0,NVIDIA H200,I64,U64,256,1,4,4,1000000000,64,Yes,,,,,,,,,,
pfp_bloom_filter_contains_unique_size_u64,0,NVIDIA H200,I64,U64,256,1,4,4,1000000000,128,Yes,,,,,,,,,,
pfp_bloom_filter_contains_unique_size_u64,0,NVIDIA H200,I64,U64,256,1,4,4,1000000000,256,Yes,,,,,,,,,,
pfp_bloom_filter_contains_unique_size_u64,0,NVIDIA H200,I64,U64,256,1,4,4,1000000000,512,Yes,,,,,,,,,,
pfp_bloom_filter_contains_unique_size_u64,0,NVIDIA H200,I64,U64,256,1,4,4,1000000000,1024,Yes,,,,,,,,,,
pfp_bloom_filter_contains_unique_size_u64,0,NVIDIA H200,I64,U64,256,1,4,4,1000000000,2048,Yes,,,,,,,,,,
pfp_bloom_filter_contains_unique_size_u64,0,NVIDIA H200,I64,U64,256,1,4,8,1000000000,1,Yes,,,,,,,,,,
pfp_bloom_filter_contains_unique_size_u64,0,NVIDIA H200,I64,U64,256,1,4,8,1000000000,2,Yes,,,,,,,,,,
pfp_bloom_filter_contains_unique_size_u64,0,NVIDIA H200,I64,U64,256,1,4,8,1000000000,4,Yes,,,,,,,,,,
pfp_bloom_filter_contains_unique_size_u64,0,NVIDIA H200,I64,U64,256,1,4,8,1000000000,8,Yes,,,,,,,,,,
pfp_bloom_filter_contains_unique_size_u64,0,NVIDIA H200,I64,U64,256,1,4,8,1000000000,16,Yes,,,,,,,,,,
pfp_bloom_filter_contains_unique_size_u64,0,NVIDIA H200,I64,U64,256,1,4,8,1000000000,32,Yes,,,,,,,,,,
pfp_bloom_filter_contains_unique_size_u64,0,NVIDIA H200,I64,U64,256,1,4,8,1000000000,64,Yes,,,,,,,,,,
pfp_bloom_filter_contains_unique_size_u64,0,NVIDIA H200,I64,U64,256,1,4,8,1000000000,128,Yes,,,,,,,,,,
pfp_bloom_filter_contains_unique_size_u64,0,NVIDIA H200,I64,U64,256,1,4,8,1000000000,256,Yes,,,,,,,,,,
pfp_bloom_filter_contains_unique_size_u64,0,NVIDIA H200,I64,U64,256,1,4,8,1000000000,512,Yes,,,,,,,,,,
pfp_bloom_filter_contains_unique_size_u64,0,NVIDIA H200,I64,U64,256,1,4,8,1000000000,1024,Yes,,,,,,,,,,
pfp_bloom_filter_contains_unique_size_u64,0,NVIDIA H200,I64,U64,256,1,4,8,1000000000,2048,Yes,,,,,,,,,,
pfp_bloom_filter_contains_unique_size_u64,0,NVIDIA H200,I64,U64,256,1,8,1,1000000000,1,Yes,,,,,,,,,,
pfp_bloom_filter_contains_unique_size_u64,0,NVIDIA H200,I64,U64,256,1,8,1,1000000000,2,Yes,,,,,,,,,,
pfp_bloom_filter_contains_unique_size_u64,0,NVIDIA H200,I64,U64,256,1,8,1,1000000000,4,Yes,,,,,,,,,,
pfp_bloom_filter_contains_unique_size_u64,0,NVIDIA H200,I64,U64,256,1,8,1,1000000000,8,Yes,,,,,,,,,,
pfp_bloom_filter_contains_unique_size_u64,0,NVIDIA H200,I64,U64,256,1,8,1,1000000000,16,Yes,,,,,,,,,,
pfp_bloom_filter_contains_unique_size_u64,0,NVIDIA H200,I64,U64,256,1,8,1,1000000000,32,Yes,,,,,,,,,,
pfp_bloom_filter_contains_unique_size_u64,0,NVIDIA H200,I64,U64,256,1,8,1,1000000000,64,Yes,,,,,,,,,,
pfp_bloom_filter_contains_unique_size_u64,0,NVIDIA H200,I64,U64,256,1,8,1,1000000000,128,Yes,,,,,,,,,,
pfp_bloom_filter_contains_unique_size_u64,0,NVIDIA H200,I64,U64,256,1,8,1,1000000000,256,Yes,,,,,,,,,,
pfp_bloom_filter_contains_unique_size_u64,0,NVIDIA H200,I64,U64,256,1,8,1,1000000000,512,Yes,,,,,,,,,,
pfp_bloom_filter_contains_unique_size_u64,0,NVIDIA H200,I64,U64,256,1,8,1,1000000000,1024,Yes,,,,,,,,,,
pfp_bloom_filter_contains_unique_size_u64,0,NVIDIA H200,I64,U64,256,1,8,1,1000000000,2048,Yes,,,,,,,,,,
pfp_bloom_filter_contains_unique_size_u64,0,NVIDIA H200,I64,U64,256,1,8,2,1000000000,1,Yes,,,,,,,,,,
pfp_bloom_filter_contains_unique_size_u64,0,NVIDIA H200,I64,U64,256,1,8,2,1000000000,2,Yes,,,,,,,,,,
pfp_bloom_filter_contains_unique_size_u64,0,NVIDIA H200,I64,U64,256,1,8,2,1000000000,4,Yes,,,,,,,,,,
pfp_bloom_filter_contains_unique_size_u64,0,NVIDIA H200,I64,U64,256,1,8,2,1000000000,8,Yes,,,,,,,,,,
pfp_bloom_filter_contains_unique_size_u64,0,NVIDIA H200,I64,U64,256,1,8,2,1000000000,16,Yes,,,,,,,,,,
pfp_bloom_filter_contains_unique_size_u64,0,NVIDIA H200,I64,U64,256,1,8,2,1000000000,32,Yes,,,,,,,,,,
pfp_bloom_filter_contains_unique_size_u64,0,NVIDIA H200,I64,U64,256,1,8,2,1000000000,64,Yes,,,,,,,,,,
pfp_bloom_filter_contains_unique_size_u64,0,NVIDIA H200,I64,U64,256,1,8,2,1000000000,128,Yes,,,,,,,,,,
pfp_bloom_filter_contains_unique_size_u64,0,NVIDIA H200,I64,U64,256,1,8,2,1000000000,256,Yes,,,,,,,,,,
pfp_bloom_filter_contains_unique_size_u64,0,NVIDIA H200,I64,U64,256,1,8,2,1000000000,512,Yes,,,,,,,,,,
pfp_bloom_filter_contains_unique_size_u64,0,NVIDIA H200,I64,U64,256,1,8,2,1000000000,1024,Yes,,,,,,,,,,
pfp_bloom_filter_contains_unique_size_u64,0,NVIDIA H200,I64,U64,256,1,8,2,1000000000,2048,Yes,,,,,,,,,,
pfp_bloom_filter_contains_unique_size_u64,0,NVIDIA H200,I64,U64,256,1,8,4,1000000000,1,Yes,,,,,,,,,,
pfp_bloom_filter_contains_unique_size_u64,0,NVIDIA H200,I64,U64,256,1,8,4,1000000000,2,Yes,,,,,,,,,,
pfp_bloom_filter_contains_unique_size_u64,0,NVIDIA H200,I64,U64,256,1,8,4,1000000000,4,Yes,,,,,,,,,,
pfp_bloom_filter_contains_unique_size_u64,0,NVIDIA H200,I64,U64,256,1,8,4,1000000000,8,Yes,,,,,,,,,,
pfp_bloom_filter_contains_unique_size_u64,0,NVIDIA H200,I64,U64,256,1,8,4,1000000000,16,Yes,,,,,,,,,,
pfp_bloom_filter_contains_unique_size_u64,0,NVIDIA H200,I64,U64,256,1,8,4,1000000000,32,Yes,,,,,,,,,,
pfp_bloom_filter_contains_unique_size_u64,0,NVIDIA H200,I64,U64,256,1,8,4,1000000000,64,Yes,,,,,,,,,,
pfp_bloom_filter_contains_unique_size_u64,0,NVIDIA H200,I64,U64,256,1,8,4,1000000000,128,Yes,,,,,,,,,,
pfp_bloom_filter_contains_unique_size_u64,0,NVIDIA H200,I64,U64,256,1,8,4,1000000000,256,Yes,,,,,,,,,,
pfp_bloom_filter_contains_unique_size_u64,0,NVIDIA H200,I64,U64,256,1,8,4,1000000000,512,Yes,,,,,,,,,,
pfp_bloom_filter_contains_unique_size_u64,0,NVIDIA H200,I64,U64,256,1,8,4,1000000000,1024,Yes,,,,,,,,,,
pfp_bloom_filter_contains_unique_size_u64,0,NVIDIA H200,I64,U64,256,1,8,4,1000000000,2048,Yes,,,,,,,,,,
pfp_bloom_filter_contains_unique_size_u64,0,NVIDIA H200,I64,U64,256,1,8,8,1000000000,1,Yes,,,,,,,,,,
pfp_bloom_filter_contains_unique_size_u64,0,NVIDIA H200,I64,U64,256,1,8,8,1000000000,2,Yes,,,,,,,,,,
pfp_bloom_filter_contains_unique_size_u64,0,NVIDIA H200,I64,U64,256,1,8,8,1000000000,4,Yes,,,,,,,,,,
pfp_bloom_filter_contains_unique_size_u64,0,NVIDIA H200,I64,U64,256,1,8,8,1000000000,8,Yes,,,,,,,,,,
pfp_bloom_filter_contains_unique_size_u64,0,NVIDIA H200,I64,U64,256,1,8,8,1000000000,16,Yes,,,,,,,,,,
pfp_bloom_filter_contains_unique_size_u64,0,NVIDIA H200,I64,U64,256,1,8,8,1000000000,32,Yes,,,,,,,,,,
pfp_bloom_filter_contains_unique_size_u64,0,NVIDIA H200,I64,U64,256,1,8,8,1000000000,64,Yes,,,,,,,,,,
pfp_bloom_filter_contains_unique_size_u64,0,NVIDIA H200,I64,U64,256,1,8,8,1000000000,128,Yes,,,,,,,,,,
pfp_bloom_filter_contains_unique_size_u64,0,NVIDIA H200,I64,U64,256,1,8,8,1000000000,256,Yes,,,,,,,,,,
pfp_bloom_filter_contains_unique_size_u64,0,NVIDIA H200,I64,U64,256,1,8,8,1000000000,512,Yes,,,,,,,,,,
pfp_bloom_filter_contains_unique_size_u64,0,NVIDIA H200,I64,U64,256,1,8,8,1000000000,1024,Yes,,,,,,,,,,
pfp_bloom_filter_contains_unique_size_u64,0,NVIDIA H200,I64,U64,256,1,8,8,1000000000,2048,Yes,,,,,,,,,,
pfp_bloom_filter_contains_unique_size_u64,0,NVIDIA H200,I64,U64,256,20,1,1,1000000000,1,Yes,,,,,,,,,,
pfp_bloom_filter_contains_unique_size_u64,0,NVIDIA H200,I64,U64,256,20,1,1,1000000000,2,Yes,,,,,,,,,,
pfp_bloom_filter_contains_unique_size_u64,0,NVIDIA H200,I64,U64,256,20,1,1,1000000000,4,Yes,,,,,,,,,,
pfp_bloom_filter_contains_unique_size_u64,0,NVIDIA H200,I64,U64,256,20,1,1,1000000000,8,Yes,,,,,,,,,,
pfp_bloom_filter_contains_unique_size_u64,0,NVIDIA H200,I64,U64,256,20,1,1,1000000000,16,Yes,,,,,,,,,,
pfp_bloom_filter_contains_unique_size_u64,0,NVIDIA H200,I64,U64,256,20,1,1,1000000000,32,Yes,,,,,,,,,,
pfp_bloom_filter_contains_unique_size_u64,0,NVIDIA H200,I64,U64,256,20,1,1,1000000000,64,Yes,,,,,,,,,,
pfp_bloom_filter_contains_unique_size_u64,0,NVIDIA H200,I64,U64,256,20,1,1,1000000000,128,Yes,,,,,,,,,,
pfp_bloom_filter_contains_unique_size_u64,0,NVIDIA H200,I64,U64,256,20,1,1,1000000000,256,Yes,,,,,,,,,,
pfp_bloom_filter_contains_unique_size_u64,0,NVIDIA H200,I64,U64,256,20,1,1,1000000000,512,Yes,,,,,,,,,,
pfp_bloom_filter_contains_unique_size_u64,0,NVIDIA H200,I64,U64,256,20,1,1,1000000000,1024,Yes,,,,,,,,,,
pfp_bloom_filter_contains_unique_size_u64,0,NVIDIA H200,I64,U64,256,20,1,1,1000000000,2048,Yes,,,,,,,,,,
pfp_bloom_filter_contains_unique_size_u64,0,NVIDIA H200,I64,U64,256,20,1,2,1000000000,1,Yes,,,,,,,,,,
pfp_bloom_filter_contains_unique_size_u64,0,NVIDIA H200,I64,U64,256,20,1,2,1000000000,2,Yes,,,,,,,,,,
pfp_bloom_filter_contains_unique_size_u64,0,NVIDIA H200,I64,U64,256,20,1,2,1000000000,4,Yes,,,,,,,,,,
pfp_bloom_filter_contains_unique_size_u64,0,NVIDIA H200,I64,U64,256,20,1,2,1000000000,8,Yes,,,,,,,,,,
pfp_bloom_filter_contains_unique_size_u64,0,NVIDIA H200,I64,U64,256,20,1,2,1000000000,16,Yes,,,,,,,,,,
pfp_bloom_filter_contains_unique_size_u64,0,NVIDIA H200,I64,U64,256,20,1,2,1000000000,32,Yes,,,,,,,,,,
pfp_bloom_filter_contains_unique_size_u64,0,NVIDIA H200,I64,U64,256,20,1,2,1000000000,64,Yes,,,,,,,,,,
pfp_bloom_filter_contains_unique_size_u64,0,NVIDIA H200,I64,U64,256,20,1,2,1000000000,128,Yes,,,,,,,,,,
pfp_bloom_filter_contains_unique_size_u64,0,NVIDIA H200,I64,U64,256,20,1,2,1000000000,256,Yes,,,,,,,,,,
pfp_bloom_filter_contains_unique_size_u64,0,NVIDIA H200,I64,U64,256,20,1,2,1000000000,512,Yes,,,,,,,,,,
pfp_bloom_filter_contains_unique_size_u64,0,NVIDIA H200,I64,U64,256,20,1,2,1000000000,1024,Yes,,,,,,,,,,
pfp_bloom_filter_contains_unique_size_u64,0,NVIDIA H200,I64,U64,256,20,1,2,1000000000,2048,Yes,,,,,,,,,,
pfp_bloom_filter_contains_unique_size_u64,0,NVIDIA H200,I64,U64,256,20,1,4,1000000000,1,Yes,,,,,,,,,,
pfp_bloom_filter_contains_unique_size_u64,0,NVIDIA H200,I64,U64,256,20,1,4,1000000000,2,Yes,,,,,,,,,,
pfp_bloom_filter_contains_unique_size_u64,0,NVIDIA H200,I64,U64,256,20,1,4,1000000000,4,Yes,,,,,,,,,,
pfp_bloom_filter_contains_unique_size_u64,0,NVIDIA H200,I64,U64,256,20,1,4,1000000000,8,Yes,,,,,,,,,,
pfp_bloom_filter_contains_unique_size_u64,0,NVIDIA H200,I64,U64,256,20,1,4,1000000000,16,Yes,,,,,,,,,,
pfp_bloom_filter_contains_unique_size_u64,0,NVIDIA H200,I64,U64,256,20,1,4,1000000000,32,Yes,,,,,,,,,,
pfp_bloom_filter_contains_unique_size_u64,0,NVIDIA H200,I64,U64,256,20,1,4,1000000000,64,Yes,,,,,,,,,,
pfp_bloom_filter_contains_unique_size_u64,0,NVIDIA H200,I64,U64,256,20,1,4,1000000000,128,Yes,,,,,,,,,,
pfp_bloom_filter_contains_unique_size_u64,0,NVIDIA H200,I64,U64,256,20,1,4,1000000000,256,Yes,,,,,,,,,,
pfp_bloom_filter_contains_unique_size_u64,0,NVIDIA H200,I64,U64,256,20,1,4,1000000000,512,Yes,,,,,,,,,,
pfp_bloom_filter_contains_unique_size_u64,0,NVIDIA H200,I64,U64,256,20,1,4,1000000000,1024,Yes,,,,,,,,,,
pfp_bloom_filter_contains_unique_size_u64,0,NVIDIA H200,I64,U64,256,20,1,4,1000000000,2048,Yes,,,,,,,,,,
pfp_bloom_filter_contains_unique_size_u64,0,NVIDIA H200,I64,U64,256,20,1,8,1000000000,1,Yes,,,,,,,,,,
pfp_bloom_filter_contains_unique_size_u64,0,NVIDIA H200,I64,U64,256,20,1,8,1000000000,2,Yes,,,,,,,,,,
pfp_bloom_filter_contains_unique_size_u64,0,NVIDIA H200,I64,U64,256,20,1,8,1000000000,4,Yes,,,,,,,,,,
pfp_bloom_filter_contains_unique_size_u64,0,NVIDIA H200,I64,U64,256,20,1,8,1000000000,8,Yes,,,,,,,,,,
pfp_bloom_filter_contains_unique_size_u64,0,NVIDIA H200,I64,U64,256,20,1,8,1000000000,16,Yes,,,,,,,,,,
pfp_bloom_filter_contains_unique_size_u64,0,NVIDIA H200,I64,U64,256,20,1,8,1000000000,32,Yes,,,,,,,,,,
pfp_bloom_filter_contains_unique_size_u64,0,NVIDIA H200,I64,U64,256,20,1,8,1000000000,64,Yes,,,,,,,,,,
pfp_bloom_filter_contains_unique_size_u64,0,NVIDIA H200,I64,U64,256,20,1,8,1000000000,128,Yes,,,,,,,,,,
pfp_bloom_filter_contains_unique_size_u64,0,NVIDIA H200,I64,U64,256,20,1,8,1000000000,256,Yes,,,,,,,,,,
pfp_bloom_filter_contains_unique_size_u64,0,NVIDIA H200,I64,U64,256,20,1,8,1000000000,512,Yes,,,,,,,,,,
pfp_bloom_filter_contains_unique_size_u64,0,NVIDIA H200,I64,U64,256,20,1,8,1000000000,1024,Yes,,,,,,,,,,
pfp_bloom_filter_contains_unique_size_u64,0,NVIDIA H200,I64,U64,256,20,1,8,1000000000,2048,Yes,,,,,,,,,,
pfp_bloom_filter_contains_unique_size_u64,0,NVIDIA H200,I64,U64,256,20,2,1,1000000000,1,Yes,,,,,,,,,,
pfp_bloom_filter_contains_unique_size_u64,0,NVIDIA H200,I64,U64,256,20,2,1,1000000000,2,Yes,,,,,,,,,,
pfp_bloom_filter_contains_unique_size_u64,0,NVIDIA H200,I64,U64,256,20,2,1,1000000000,4,Yes,,,,,,,,,,
pfp_bloom_filter_contains_unique_size_u64,0,NVIDIA H200,I64,U64,256,20,2,1,1000000000,8,Yes,,,,,,,,,,
pfp_bloom_filter_contains_unique_size_u64,0,NVIDIA H200,I64,U64,256,20,2,1,1000000000,16,Yes,,,,,,,,,,
pfp_bloom_filter_contains_unique_size_u64,0,NVIDIA H200,I64,U64,256,20,2,1,1000000000,32,Yes,,,,,,,,,,
pfp_bloom_filter_contains_unique_size_u64,0,NVIDIA H200,I64,U64,256,20,2,1,1000000000,64,Yes,,,,,,,,,,
pfp_bloom_filter_contains_unique_size_u64,0,NVIDIA H200,I64,U64,256,20,2,1,1000000000,128,Yes,,,,,,,,,,
pfp_bloom_filter_contains_unique_size_u64,0,NVIDIA H200,I64,U64,256,20,2,1,1000000000,256,Yes,,,,,,,,,,
pfp_bloom_filter_contains_unique_size_u64,0,NVIDIA H200,I64,U64,256,20,2,1,1000000000,512,Yes,,,,,,,,,,
pfp_bloom_filter_contains_unique_size_u64,0,NVIDIA H200,I64,U64,256,20,2,1,1000000000,1024,Yes,,,,,,,,,,
pfp_bloom_filter_contains_unique_size_u64,0,NVIDIA H200,I64,U64,256,20,2,1,1000000000,2048,Yes,,,,,,,,,,
pfp_bloom_filter_contains_unique_size_u64,0,NVIDIA H200,I64,U64,256,20,2,2,1000000000,1,Yes,,,,,,,,,,
pfp_bloom_filter_contains_unique_size_u64,0,NVIDIA H200,I64,U64,256,20,2,2,1000000000,2,Yes,,,,,,,,,,
pfp_bloom_filter_contains_unique_size_u64,0,NVIDIA H200,I64,U64,256,20,2,2,1000000000,4,Yes,,,,,,,,,,
pfp_bloom_filter_contains_unique_size_u64,0,NVIDIA H200,I64,U64,256,20,2,2,1000000000,8,Yes,,,,,,,,,,
pfp_bloom_filter_contains_unique_size_u64,0,NVIDIA H200,I64,U64,256,20,2,2,1000000000,16,Yes,,,,,,,,,,
pfp_bloom_filter_contains_unique_size_u64,0,NVIDIA H200,I64,U64,256,20,2,2,1000000000,32,Yes,,,,,,,,,,
pfp_bloom_filter_contains_unique_size_u64,0,NVIDIA H200,I64,U64,256,20,2,2,1000000000,64,Yes,,,,,,,,,,
pfp_bloom_filter_contains_unique_size_u64,0,NVIDIA H200,I64,U64,256,20,2,2,1000000000,128,Yes,,,,,,,,,,
pfp_bloom_filter_contains_unique_size_u64,0,NVIDIA H200,I64,U64,256,20,2,2,1000000000,256,Yes,,,,,,,,,,
pfp_bloom_filter_contains_unique_size_u64,0,NVIDIA H200,I64,U64,256,20,2,2,1000000000,512,Yes,,,,,,,,,,
pfp_bloom_filter_contains_unique_size_u64,0,NVIDIA H200,I64,U64,256,20,2,2,1000000000,1024,Yes,,,,,,,,,,
pfp_bloom_filter_contains_unique_size_u64,0,NVIDIA H200,I64,U64,256,20,2,2,1000000000,2048,Yes,,,,,,,,,,
pfp_bloom_filter_contains_unique_size_u64,0,NVIDIA H200,I64,U64,256,20,2,4,1000000000,1,Yes,,,,,,,,,,
pfp_bloom_filter_contains_unique_size_u64,0,NVIDIA H200,I64,U64,256,20,2,4,1000000000,2,Yes,,,,,,,,,,
pfp_bloom_filter_contains_unique_size_u64,0,NVIDIA H200,I64,U64,256,20,2,4,1000000000,4,Yes,,,,,,,,,,
pfp_bloom_filter_contains_unique_size_u64,0,NVIDIA H200,I64,U64,256,20,2,4,1000000000,8,Yes,,,,,,,,,,
pfp_bloom_filter_contains_unique_size_u64,0,NVIDIA H200,I64,U64,256,20,2,4,1000000000,16,Yes,,,,,,,,,,
pfp_bloom_filter_contains_unique_size_u64,0,NVIDIA H200,I64,U64,256,20,2,4,1000000000,32,Yes,,,,,,,,,,
pfp_bloom_filter_contains_unique_size_u64,0,NVIDIA H200,I64,U64,256,20,2,4,1000000000,64,Yes,,,,,,,,,,
pfp_bloom_filter_contains_unique_size_u64,0,NVIDIA H200,I64,U64,256,20,2,4,1000000000,128,Yes,,,,,,,,,,
pfp_bloom_filter_contains_unique_size_u64,0,NVIDIA H200,I64,U64,256,20,2,4,1000000000,256,Yes,,,,,,,,,,
pfp_bloom_filter_contains_unique_size_u64,0,NVIDIA H200,I64,U64,256,20,2,4,1000000000,512,Yes,,,,,,,,,,
pfp_bloom_filter_contains_unique_size_u64,0,NVIDIA H200,I64,U64,256,20,2,4,1000000000,1024,Yes,,,,,,,,,,
pfp_bloom_filter_contains_unique_size_u64,0,NVIDIA H200,I64,U64,256,20,2,4,1000000000,2048,Yes,,,,,,,,,,
pfp_bloom_filter_contains_unique_size_u64,0,NVIDIA H200,I64,U64,256,20,2,8,1000000000,1,Yes,,,,,,,,,,
pfp_bloom_filter_contains_unique_size_u64,0,NVIDIA H200,I64,U64,256,20,2,8,1000000000,2,Yes,,,,,,,,,,
pfp_bloom_filter_contains_unique_size_u64,0,NVIDIA H200,I64,U64,256,20,2,8,1000000000,4,Yes,,,,,,,,,,
pfp_bloom_filter_contains_unique_size_u64,0,NVIDIA H200,I64,U64,256,20,2,8,1000000000,8,Yes,,,,,,,,,,
pfp_bloom_filter_contains_unique_size_u64,0,NVIDIA H200,I64,U64,256,20,2,8,1000000000,16,Yes,,,,,,,,,,
pfp_bloom_filter_contains_unique_size_u64,0,NVIDIA H200,I64,U64,256,20,2,8,1000000000,32,Yes,,,,,,,,,,
pfp_bloom_filter_contains_unique_size_u64,0,NVIDIA H200,I64,U64,256,20,2,8,1000000000,64,Yes,,,,,,,,,,
pfp_bloom_filter_contains_unique_size_u64,0,NVIDIA H200,I64,U64,256,20,2,8,1000000000,128,Yes,,,,,,,,,,
pfp_bloom_filter_contains_unique_size_u64,0,NVIDIA H200,I64,U64,256,20,2,8,1000000000,256,Yes,,,,,,,,,,
pfp_bloom_filter_contains_unique_size_u64,0,NVIDIA H200,I64,U64,256,20,2,8,1000000000,512,Yes,,,,,,,,,,
pfp_bloom_filter_contains_unique_size_u64,0,NVIDIA H200,I64,U64,256,20,2,8,1000000000,1024,Yes,,,,,,,,,,
pfp_bloom_filter_contains_unique_size_u64,0,NVIDIA H200,I64,U64,256,20,2,8,1000000000,2048,Yes,,,,,,,,,,
pfp_bloom_filter_contains_unique_size_u64,0,NVIDIA H200,I64,U64,256,20,4,1,1000000000,1,Yes,,,,,,,,,,
pfp_bloom_filter_contains_unique_size_u64,0,NVIDIA H200,I64,U64,256,20,4,1,1000000000,2,Yes,,,,,,,,,,
pfp_bloom_filter_contains_unique_size_u64,0,NVIDIA H200,I64,U64,256,20,4,1,1000000000,4,Yes,,,,,,,,,,
pfp_bloom_filter_contains_unique_size_u64,0,NVIDIA H200,I64,U64,256,20,4,1,1000000000,8,Yes,,,,,,,,,,
pfp_bloom_filter_contains_unique_size_u64,0,NVIDIA H200,I64,U64,256,20,4,1,1000000000,16,Yes,,,,,,,,,,
pfp_bloom_filter_contains_unique_size_u64,0,NVIDIA H200,I64,U64,256,20,4,1,1000000000,32,Yes,,,,,,,,,,
pfp_bloom_filter_contains_unique_size_u64,0,NVIDIA H200,I64,U64,256,20,4,1,1000000000,64,Yes,,,,,,,,,,
pfp_bloom_filter_contains_unique_size_u64,0,NVIDIA H200,I64,U64,256,20,4,1,1000000000,128,Yes,,,,,,,,,,
pfp_bloom_filter_contains_unique_size_u64,0,NVIDIA H200,I64,U64,256,20,4,1,1000000000,256,Yes,,,,,,,,,,
pfp_bloom_filter_contains_unique_size_u64,0,NVIDIA H200,I64,U64,256,20,4,1,1000000000,512,Yes,,,,,,,,,,
pfp_bloom_filter_contains_unique_size_u64,0,NVIDIA H200,I64,U64,256,20,4,1,1000000000,1024,Yes,,,,,,,,,,
pfp_bloom_filter_contains_unique_size_u64,0,NVIDIA H200,I64,U64,256,20,4,1,1000000000,2048,Yes,,,,,,,,,,
pfp_bloom_filter_contains_unique_size_u64,0,NVIDIA H200,I64,U64,256,20,4,2,1000000000,1,Yes,,,,,,,,,,
pfp_bloom_filter_contains_unique_size_u64,0,NVIDIA H200,I64,U64,256,20,4,2,1000000000,2,Yes,,,,,,,,,,
pfp_bloom_filter_contains_unique_size_u64,0,NVIDIA H200,I64,U64,256,20,4,2,1000000000,4,Yes,,,,,,,,,,
pfp_bloom_filter_contains_unique_size_u64,0,NVIDIA H200,I64,U64,256,20,4,2,1000000000,8,Yes,,,,,,,,,,
pfp_bloom_filter_contains_unique_size_u64,0,NVIDIA H200,I64,U64,256,20,4,2,1000000000,16,Yes,,,,,,,,,,
pfp_bloom_filter_contains_unique_size_u64,0,NVIDIA H200,I64,U64,256,20,4,2,1000000000,32,Yes,,,,,,,,,,
pfp_bloom_filter_contains_unique_size_u64,0,NVIDIA H200,I64,U64,256,20,4,2,1000000000,64,Yes,,,,,,,,,,
pfp_bloom_filter_contains_unique_size_u64,0,NVIDIA H200,I64,U64,256,20,4,2,1000000000,128,Yes,,,,,,,,,,
pfp_bloom_filter_contains_unique_size_u64,0,NVIDIA H200,I64,U64,256,20,4,2,1000000000,256,Yes,,,,,,,,,,
pfp_bloom_filter_contains_unique_size_u64,0,NVIDIA H200,I64,U64,256,20,4,2,1000000000,512,Yes,,,,,,,,,,
pfp_bloom_filter_contains_unique_size_u64,0,NVIDIA H200,I64,U64,256,20,4,2,1000000000,1024,Yes,,,,,,,,,,
pfp_bloom_filter_contains_unique_size_u64,0,NVIDIA H200,I64,U64,256,20,4,2,1000000000,2048,Yes,,,,,,,,,,
pfp_bloom_filter_contains_unique_size_u64,0,NVIDIA H200,I64,U64,256,20,4,4,1000000000,1,Yes,,,,,,,,,,
pfp_bloom_filter_contains_unique_size_u64,0,NVIDIA H200,I64,U64,256,20,4,4,1000000000,2,Yes,,,,,,,,,,
pfp_bloom_filter_contains_unique_size_u64,0,NVIDIA H200,I64,U64,256,20,4,4,1000000000,4,Yes,,,,,,,,,,
pfp_bloom_filter_contains_unique_size_u64,0,NVIDIA H200,I64,U64,256,20,4,4,1000000000,8,Yes,,,,,,,,,,
pfp_bloom_filter_contains_unique_size_u64,0,NVIDIA H200,I64,U64,256,20,4,4,1000000000,16,Yes,,,,,,,,,,
pfp_bloom_filter_contains_unique_size_u64,0,NVIDIA H200,I64,U64,256,20,4,4,1000000000,32,Yes,,,,,,,,,,
pfp_bloom_filter_contains_unique_size_u64,0,NVIDIA H200,I64,U64,256,20,4,4,1000000000,64,Yes,,,,,,,,,,
pfp_bloom_filter_contains_unique_size_u64,0,NVIDIA H200,I64,U64,256,20,4,4,1000000000,128,Yes,,,,,,,,,,
pfp_bloom_filter_contains_unique_size_u64,0,NVIDIA H200,I64,U64,256,20,4,4,1000000000,256,Yes,,,,,,,,,,
pfp_bloom_filter_contains_unique_size_u64,0,NVIDIA H200,I64,U64,256,20,4,4,1000000000,512,Yes,,,,,,,,,,
pfp_bloom_filter_contains_unique_size_u64,0,NVIDIA H200,I64,U64,256,20,4,4,1000000000,1024,Yes,,,,,,,,,,
pfp_bloom_filter_contains_unique_size_u64,0,NVIDIA H200,I64,U64,256,20,4,4,1000000000,2048,Yes,,,,,,,,,,
pfp_bloom_filter_contains_unique_size_u64,0,NVIDIA H200,I64,U64,256,20,4,8,1000000000,1,Yes,,,,,,,,,,
pfp_bloom_filter_contains_unique_size_u64,0,NVIDIA H200,I64,U64,256,20,4,8,1000000000,2,Yes,,,,,,,,,,
pfp_bloom_filter_contains_unique_size_u64,0,NVIDIA H200,I64,U64,256,20,4,8,1000000000,4,Yes,,,,,,,,,,
pfp_bloom_filter_contains_unique_size_u64,0,NVIDIA H200,I64,U64,256,20,4,8,1000000000,8,Yes,,,,,,,,,,
pfp_bloom_filter_contains_unique_size_u64,0,NVIDIA H200,I64,U64,256,20,4,8,1000000000,16,Yes,,,,,,,,,,
pfp_bloom_filter_contains_unique_size_u64,0,NVIDIA H200,I64,U64,256,20,4,8,1000000000,32,Yes,,,,,,,,,,
pfp_bloom_filter_contains_unique_size_u64,0,NVIDIA H200,I64,U64,256,20,4,8,1000000000,64,Yes,,,,,,,,,,
pfp_bloom_filter_contains_unique_size_u64,0,NVIDIA H200,I64,U64,256,20,4,8,1000000000,128,Yes,,,,,,,,,,
pfp_bloom_filter_contains_unique_size_u64,0,NVIDIA H200,I64,U64,256,20,4,8,1000000000,256,Yes,,,,,,,,,,
pfp_bloom_filter_contains_unique_size_u64,0,NVIDIA H200,I64,U64,256,20,4,8,1000000000,512,Yes,,,,,,,,,,
pfp_bloom_filter_contains_unique_size_u64,0,NVIDIA H200,I64,U64,256,20,4,8,1000000000,1024,Yes,,,,,,,,,,
pfp_bloom_filter_contains_unique_size_u64,0,NVIDIA H200,I64,U64,256,20,4,8,1000000000,2048,Yes,,,,,,,,,,
pfp_bloom_filter_contains_unique_size_u64,0,NVIDIA H200,I64,U64,256,20,8,1,1000000000,1,Yes,,,,,,,,,,
pfp_bloom_filter_contains_unique_size_u64,0,NVIDIA H200,I64,U64,256,20,8,1,1000000000,2,Yes,,,,,,,,,,
pfp_bloom_filter_contains_unique_size_u64,0,NVIDIA H200,I64,U64,256,20,8,1,1000000000,4,Yes,,,,,,,,,,
pfp_bloom_filter_contains_unique_size_u64,0,NVIDIA H200,I64,U64,256,20,8,1,1000000000,8,Yes,,,,,,,,,,
pfp_bloom_filter_contains_unique_size_u64,0,NVIDIA H200,I64,U64,256,20,8,1,1000000000,16,Yes,,,,,,,,,,
pfp_bloom_filter_contains_unique_size_u64,0,NVIDIA H200,I64,U64,256,20,8,1,1000000000,32,Yes,,,,,,,,,,
pfp_bloom_filter_contains_unique_size_u64,0,NVIDIA H200,I64,U64,256,20,8,1,1000000000,64,Yes,,,,,,,,,,
pfp_bloom_filter_contains_unique_size_u64,0,NVIDIA H200,I64,U64,256,20,8,1,1000000000,128,Yes,,,,,,,,,,
pfp_bloom_filter_contains_unique_size_u64,0,NVIDIA H200,I64,U64,256,20,8,1,1000000000,256,Yes,,,,,,,,,,
pfp_bloom_filter_contains_unique_size_u64,0,NVIDIA H200,I64,U64,256,20,8,1,1000000000,512,Yes,,,,,,,,,,
pfp_bloom_filter_contains_unique_size_u64,0,NVIDIA H200,I64,U64,256,20,8,1,1000000000,1024,Yes,,,,,,,,,,
pfp_bloom_filter_contains_unique_size_u64,0,NVIDIA H200,I64,U64,256,20,8,1,1000000000,2048,Yes,,,,,,,,,,
pfp_bloom_filter_contains_unique_size_u64,0,NVIDIA H200,I64,U64,256,20,8,2,1000000000,1,Yes,,,,,,,,,,
pfp_bloom_filter_contains_unique_size_u64,0,NVIDIA H200,I64,U64,256,20,8,2,1000000000,2,Yes,,,,,,,,,,
pfp_bloom_filter_contains_unique_size_u64,0,NVIDIA H200,I64,U64,256,20,8,2,1000000000,4,Yes,,,,,,,,,,
pfp_bloom_filter_contains_unique_size_u64,0,NVIDIA H200,I64,U64,256,20,8,2,1000000000,8,Yes,,,,,,,,,,
pfp_bloom_filter_contains_unique_size_u64,0,NVIDIA H200,I64,U64,256,20,8,2,1000000000,16,Yes,,,,,,,,,,
pfp_bloom_filter_contains_unique_size_u64,0,NVIDIA H200,I64,U64,256,20,8,2,1000000000,32,Yes,,,,,,,,,,
pfp_bloom_filter_contains_unique_size_u64,0,NVIDIA H200,I64,U64,256,20,8,2,1000000000,64,Yes,,,,,,,,,,
pfp_bloom_filter_contains_unique_size_u64,0,NVIDIA H200,I64,U64,256,20,8,2,1000000000,128,Yes,,,,,,,,,,
pfp_bloom_filter_contains_unique_size_u64,0,NVIDIA H200,I64,U64,256,20,8,2,1000000000,256,Yes,,,,,,,,,,
pfp_bloom_filter_contains_unique_size_u64,0,NVIDIA H200,I64,U64,256,20,8,2,1000000000,512,Yes,,,,,,,,,,
pfp_bloom_filter_contains_unique_size_u64,0,NVIDIA H200,I64,U64,256,20,8,2,1000000000,1024,Yes,,,,,,,,,,
pfp_bloom_filter_contains_unique_size_u64,0,NVIDIA H200,I64,U64,256,20,8,2,1000000000,2048,Yes,,,,,,,,,,
pfp_bloom_filter_contains_unique_size_u64,0,NVIDIA H200,I64,U64,256,20,8,4,1000000000,1,Yes,,,,,,,,,,
pfp_bloom_filter_contains_unique_size_u64,0,NVIDIA H200,I64,U64,256,20,8,4,1000000000,2,Yes,,,,,,,,,,
pfp_bloom_filter_contains_unique_size_u64,0,NVIDIA H200,I64,U64,256,20,8,4,1000000000,4,Yes,,,,,,,,,,
pfp_bloom_filter_contains_unique_size_u64,0,NVIDIA H200,I64,U64,256,20,8,4,1000000000,8,Yes,,,,,,,,,,
pfp_bloom_filter_contains_unique_size_u64,0,NVIDIA H200,I64,U64,256,20,8,4,1000000000,16,Yes,,,,,,,,,,
pfp_bloom_filter_contains_unique_size_u64,0,NVIDIA H200,I64,U64,256,20,8,4,1000000000,32,Yes,,,,,,,,,,
pfp_bloom_filter_contains_unique_size_u64,0,NVIDIA H200,I64,U64,256,20,8,4,1000000000,64,Yes,,,,,,,,,,
pfp_bloom_filter_contains_unique_size_u64,0,NVIDIA H200,I64,U64,256,20,8,4,1000000000,128,Yes,,,,,,,,,,
pfp_bloom_filter_contains_unique_size_u64,0,NVIDIA H200,I64,U64,256,20,8,4,1000000000,256,Yes,,,,,,,,,,
pfp_bloom_filter_contains_unique_size_u64,0,NVIDIA H200,I64,U64,256,20,8,4,1000000000,512,Yes,,,,,,,,,,
pfp_bloom_filter_contains_unique_size_u64,0,NVIDIA H200,I64,U64,256,20,8,4,1000000000,1024,Yes,,,,,,,,,,
pfp_bloom_filter_contains_unique_size_u64,0,NVIDIA H200,I64,U64,256,20,8,4,1000000000,2048,Yes,,,,,,,,,,
pfp_bloom_filter_contains_unique_size_u64,0,NVIDIA H200,I64,U64,256,20,8,8,1000000000,1,Yes,,,,,,,,,,
pfp_bloom_filter_contains_unique_size_u64,0,NVIDIA H200,I64,U64,256,20,8,8,1000000000,2,Yes,,,,,,,,,,
pfp_bloom_filter_contains_unique_size_u64,0,NVIDIA H200,I64,U64,256,20,8,8,1000000000,4,Yes,,,,,,,,,,
pfp_bloom_filter_contains_unique_size_u64,0,NVIDIA H200,I64,U64,256,20,8,8,1000000000,8,Yes,,,,,,,,,,
pfp_bloom_filter_contains_unique_size_u64,0,NVIDIA H200,I64,U64,256,20,8,8,1000000000,16,Yes,,,,,,,,,,
pfp_bloom_filter_contains_unique_size_u64,0,NVIDIA H200,I64,U64,256,20,8,8,1000000000,32,Yes,,,,,,,,,,
pfp_bloom_filter_contains_unique_size_u64,0,NVIDIA H200,I64,U64,256,20,8,8,1000000000,64,Yes,,,,,,,,,,
pfp_bloom_filter_contains_unique_size_u64,0,NVIDIA H200,I64,U64,256,20,8,8,1000000000,128,Yes,,,,,,,,,,
pfp_bloom_filter_contains_unique_size_u64,0,NVIDIA H200,I64,U64,256,20,8,8,1000000000,256,Yes,,,,,,,,,,
pfp_bloom_filter_contains_unique_size_u64,0,NVIDIA H200,I64,U64,256,20,8,8,1000000000,512,Yes,,,,,,,,,,
pfp_bloom_filter_contains_unique_size_u64,0,NVIDIA H200,I64,U64,256,20,8,8,1000000000,1024,Yes,,,,,,,,,,
pfp_bloom_filter_contains_unique_size_u64,0,NVIDIA H200,I64,U64,256,20,8,8,1000000000,2048,Yes,,,,,,,,,,
pfp_bloom_filter_contains_unique_size_u64,0,NVIDIA H200,I64,U64,512,1,1,1,1000000000,1,No,0.000909097,8,21,0.024886062285714286,0.00037024154810437384,0.024872825804210845,0.00037239974366125647,40204519095.32149,22,0.02486509930003773
pfp_bloom_filter_contains_unique_size_u64,0,NVIDIA H200,I64,U64,512,1,1,1,1000000000,2,No,0.00090606,8,21,0.02483550504761904,0.0003560005484618937,0.02482192321050735,0.0003579904719993624,40286966949.30918,22,0.024814286492087625
pfp_bloom_filter_contains_unique_size_u64,0,NVIDIA H200,I64,U64,512,1,1,1,1000000000,4,No,0.000911853,8,21,0.02471096919047619,3.0137804424506237e-05,0.024697686967395605,1.8374411438197518e-05,40489621611.94041,22,0.02469408026608554
pfp_bloom_filter_contains_unique_size_u64,0,NVIDIA H200,I64,U64,512,1,1,1,1000000000,8,No,0.000909486,8,21,0.02460847333333334,0.00030373133414271475,0.024595032374064123,0.00029938774308852254,40658616943.091194,22,0.02459303205663508
pfp_bloom_filter_contains_unique_size_u64,0,NVIDIA H200,I64,U64,512,1,1,1,1000000000,16,No,0.000908256,8,21,0.02454253323809524,3.4320264539186147e-05,0.024529096966698055,1.1389862172727689e-05,40767909285.76175,22,0.024524515585465863
pfp_bloom_filter_contains_unique_size_u64,0,NVIDIA H200,I64,U64,512,1,1,1,1000000000,32,No,0.000907721,8,20,0.025233312550000008,0.000203966671099053,0.025219931221008306,0.00019132499674383963,39651178714.0401,21,0.02521496227809361
pfp_bloom_filter_contains_unique_size_u64,0,NVIDIA H200,I64,U64,512,1,1,1,1000000000,64,No,0.00090916,8,20,0.026243906650000003,0.0001812391645150948,0.02623059358596802,0.000180200969964,38123422435.05107,21,0.026224293754214333
pfp_bloom_filter_contains_unique_size_u64,0,NVIDIA H200,I64,U64,512,1,1,1,1000000000,128,No,0.000909604,8,19,0.026645587789473686,0.0008595240994883589,0.0266321752447831,0.0008609861016920324,37548566379.15399,20,0.026624124240875246
pfp_bloom_filter_contains_unique_size_u64,0,NVIDIA H200,I64,U64,512,1,1,1,1000000000,256,No,0.000908593,8,19,0.02705222342105263,0.00048214207284924857,0.02703871144746479,0.0004831281522856905,36984010940.86761,20,0.027023599338531497
pfp_bloom_filter_contains_unique_size_u64,0,NVIDIA H200,I64,U64,512,1,1,1,1000000000,512,No,0.000910264,8,15,0.03351334346666667,0.00018271777544121712,0.03349993565877279,0.00018508188867370965,29850803601.114536,16,0.033485295534133916
pfp_bloom_filter_contains_unique_size_u64,0,NVIDIA H200,I64,U64,512,1,1,1,1000000000,1024,No,0.000907731,8,13,0.03962513492307693,0.00016153081423744622,0.0396117665217473,0.00016404519439744942,25245024087.75405,14,0.039605748040335516
pfp_bloom_filter_contains_unique_size_u64,0,NVIDIA H200,I64,U64,512,1,1,1,1000000000,2048,No,0.000909066,8,12,0.04311859683333333,0.0002897290881569907,0.043101527531941734,9.695950495109059e-06,23201033867.278107,13,0.04309839776846079
pfp_bloom_filter_contains_unique_size_u64,0,NVIDIA H200,I64,U64,512,1,1,2,1000000000,1,No,0.000909097,8,35,0.01451392677142857,0.00028143113603370487,0.014500399453299383,0.00026886518112323693,68963617396.93057,36,0.014493550618489583
pfp_bloom_filter_contains_unique_size_u64,0,NVIDIA H200,I64,U64,512,1,1,2,1000000000,2,No,0.00090606,8,34,0.015075300558823527,0.0014641864894965443,0.015061953965355371,0.0014717463354119295,66392448303.86162,35,0.015071348953247072
pfp_bloom_filter_contains_unique_size_u64,0,NVIDIA H200,I64,U64,512,1,1,2,1000000000,4,No,0.000911853,8,31,0.016156207161290324,0.0003401023440407018,0.016142851245018745,0.0003309380668484185,61946925287.35117,32,0.016137796401977537
pfp_bloom_filter_contains_unique_size_u64,0,NVIDIA H200,I64,U64,512,1,1,2,1000000000,8,No,0.000909486,8,31,0.01664723948387097,0.0003080940894104533,0.016633855819702146,0.00030146726291266894,60118352042.918365,32,0.016628654479980468
pfp_bloom_filter_contains_unique_size_u64,0,NVIDIA H200,I64,U64,512,1,1,2,1000000000,16,No,0.000908256,8,30,0.016803890333333335,0.001302145351168774,0.016790591939290365,0.0012964191130635468,59557161749.60916,31,0.016792527721774194
pfp_bloom_filter_contains_unique_size_u64,0,NVIDIA H200,I64,U64,512,1,1,2,1000000000,32,No,0.000907721,8,26,0.019248193384615385,0.000807826567305397,0.019234909497774563,0.0008071890925421781,51988807127.77452,27,0.01922685411241319
pfp_bloom_filter_contains_unique_size_u64,0,NVIDIA H200,I64,U64,512,1,1,2,1000000000,64,No,0.00090916,8,23,0.02239445443478261,0.000756630946688794,0.022381211736927864,0.0007576760061471516,44680333297.148994,24,0.02243752257029215
pfp_bloom_filter_contains_unique_size_u64,0,NVIDIA H200,I64,U64,512,1,1,2,1000000000,128,No,0.000909604,8,21,0.024569853095238098,0.002457825747070425,0.024556504385811938,0.002470093534050802,40722408380.63956,22,0.024833167856389827
pfp_bloom_filter_contains_unique_size_u64,0,NVIDIA H200,I64,U64,512,1,1,2,1000000000,256,No,0.000908593,8,19,0.026627188631578945,0.0008030822729001338,0.026613500595092775,0.0008012959871977126,37574914146.5587,20,0.02652165412902832
pfp_bloom_filter_contains_unique_size_u64,0,NVIDIA H200,I64,U64,512,1,1,2,1000000000,512,No,0.000910264,8,12,0.04247814716666667,0.003412184367052891,0.04246476554870605,0.0034110867669154333,23548934912.946228,13,0.04233017642681415
pfp_bloom_filter_contains_unique_size_u64,0,NVIDIA H200,I64,U64,512,1,1,2,1000000000,1024,No,0.000907731,8,11,0.049569077545454546,0.00016559570015233765,0.049555482344193894,0.00016599444010413536,20179402009.53697,12,0.04955356057484944
pfp_bloom_filter_contains_unique_size_u64,0,NVIDIA H200,I64,U64,512,1,1,2,1000000000,2048,No,0.000909066,8,11,0.05319625672727273,8.955689392178954e-05,0.05318243165449663,7.975551370942691e-05,18803201901.270134,12,0.05317711893717447
pfp_bloom_filter_contains_unique_size_u64,0,NVIDIA H200,I64,U64,512,1,1,4,1000000000,1,No,0.000909097,8,35,0.014495935142857144,0.00029124312410401196,0.014482580184936525,0.0002718300347491352,69048469763.70343,36,0.014476699829101563
pfp_bloom_filter_contains_unique_size_u64,0,NVIDIA H200,I64,U64,512,1,1,4,1000000000,2,No,0.00090606,8,34,0.014991184088235295,0.003488561315674745,0.014977968973271987,0.0034804406321790045,66764726364.73533,35,0.015012656130109518
pfp_bloom_filter_contains_unique_size_u64,0,NVIDIA H200,I64,U64,512,1,1,4,1000000000,4,No,0.000911853,8,31,0.016168326548387096,0.0002966064418419597,0.016155060429726878,0.0003029140407792746,61900108907.04581,32,0.01615182113647461
pfp_bloom_filter_contains_unique_size_u64,0,NVIDIA H200,I64,U64,512,1,1,4,1000000000,8,No,0.000909486,8,31,0.016648931999999998,0.00026669452012467493,0.016635584000618233,0.000273090104038313,60112106672.229645,32,0.016631197035312652
pfp_bloom_filter_contains_unique_size_u64,0,NVIDIA H200,I64,U64,512,1,1,4,1000000000,16,No,0.000908256,8,30,0.01679237876666667,0.0013243789454773487,0.016779125277201334,0.0013274036864803062,59597862432.00364,31,0.01677499094317036
pfp_bloom_filter_contains_unique_size_u64,0,NVIDIA H200,I64,U64,512,1,1,4,1000000000,32,No,0.000907721,8,27,0.019193266407407414,0.0007475158947297109,0.019179753621419268,0.0007450204455946572,52138313126.36026,28,0.01917511626652309
pfp_bloom_filter_contains_unique_size_u64,0,NVIDIA H200,I64,U64,512,1,1,4,1000000000,64,No,0.00090916,8,23,0.0222824777826087,0.0005225315135942155,0.02226899205083432,0.0005256634260111341,44905490006.78881,24,0.022273523171742752
pfp_bloom_filter_contains_unique_size_u64,0,NVIDIA H200,I64,U64,512,1,1,4,1000000000,128,No,0.000909604,8,21,0.024523515,0.0037776124560519654,0.02451025526864188,0.003782873242722414,40799248683.44344,22,0.024796836419539017
pfp_bloom_filter_contains_unique_size_u64,0,NVIDIA H200,I64,U64,512,1,1,4,1000000000,256,No,0.000908593,8,19,0.02662461152631579,0.0007732438223370657,0.026611114200792808,0.0007767993701826329,37578283737.18405,20,0.02652832670211792
pfp_bloom_filter_contains_unique_size_u64,0,NVIDIA H200,I64,U64,512,1,1,4,1000000000,512,No,0.000910264,8,12,0.04256892941666667,0.003100367660400043,0.04255482387542725,0.003113214366721723,23499098549.375916,13,0.042435474689190206
pfp_bloom_filter_contains_unique_size_u64,0,NVIDIA H200,I64,U64,512,1,1,4,1000000000,1024,No,0.000907731,8,11,0.04966457627272727,0.0002770296177527387,0.049651095303622154,0.00028006707225806677,20140542598.000813,12,0.04964218997955322
pfp_bloom_filter_contains_unique_size_u64,0,NVIDIA H200,I64,U64,512,1,1,4,1000000000,2048,No,0.000909066,8,11,0.05328939972727273,0.00019214664545946626,0.05327533964677291,0.00019627443304155593,18770410599.542255,12,0.05326521174112955
pfp_bloom_filter_contains_unique_size_u64,0,NVIDIA H200,I64,U64,512,1,1,8,1000000000,1,No,0.000909097,8,34,0.015093140823529416,0.0003192199653592844,0.015079728883855484,0.0003255632780670122,66314189578.7404,35,0.015072431482587542
pfp_bloom_filter_contains_unique_size_u64,0,NVIDIA H200,I64,U64,512,1,1,8,1000000000,2,No,0.00090606,8,34,0.015014746647058826,0.0003046229305700795,0.015001487030702476,0.0003014954590120152,66660058296.445625,35,0.014996182686941964
pfp_bloom_filter_contains_unique_size_u64,0,NVIDIA H200,I64,U64,512,1,1,8,1000000000,4,No,0.000911853,8,34,0.01489164244117647,0.0002873086213552823,0.014878445232615755,0.00029133308706540367,67211323788.580536,35,0.014871221051897322
pfp_bloom_filter_contains_unique_size_u64,0,NVIDIA H200,I64,U64,512,1,1,8,1000000000,8,No,0.000909486,8,34,0.014791594941176473,0.0002819101602008042,0.01477814593034632,0.00027917660977639524,67667487160.6553,35,0.014771283830915178
pfp_bloom_filter_contains_unique_size_u64,0,NVIDIA H200,I64,U64,512,1,1,8,1000000000,16,No,0.000908256,8,34,0.014731660470588234,0.0002747952975978401,0.014718327606425568,0.00026585639807750507,67942501807.29982,35,0.014709160505022321
pfp_bloom_filter_contains_unique_size_u64,0,NVIDIA H200,I64,U64,512,1,1,8,1000000000,32,No,0.000907721,8,32,0.015901534250000002,8.590596829913683e-05,0.015888259023427963,8.923238626392135e-05,62939557979.603325,33,0.015885020862926136
pfp_bloom_filter_contains_unique_size_u64,0,NVIDIA H200,I64,U64,512,1,1,8,1000000000,64,No,0.00090916,8,28,0.018457644250000006,0.0003145076865810196,0.018444330215454104,0.00030731767124166163,54217203244.50284,29,0.018501353822905443
pfp_bloom_filter_contains_unique_size_u64,0,NVIDIA H200,I64,U64,512,1,1,8,1000000000,128,No,0.000909604,8,23,0.022359368130434785,9.79687492776723e-05,0.022345853390900984,0.00010157104846822513,44751031992.68238,24,0.022338484446207684
pfp_bloom_filter_contains_unique_size_u64,0,NVIDIA H200,I64,U64,512,1,1,8,1000000000,256,No,0.000908593,8,20,0.025365247550000004,8.173521739458969e-05,0.02535173454284668,8.891447621028243e-05,39445032777.14238,21,0.025340739023117793
pfp_bloom_filter_contains_unique_size_u64,0,NVIDIA H200,I64,U64,512,1,1,8,1000000000,512,No,0.000910264,8,16,0.0328346171875,0.00019636408479590034,0.032821055650711056,0.00019911271300332108,30468246074.78265,17,0.03281639076681698
pfp_bloom_filter_contains_unique_size_u64,0,NVIDIA H200,I64,U64,512,1,1,8,1000000000,1024,No,0.000907731,8,13,0.039646959846153844,2.093081907123698e-05,0.039633496504563555,1.3583401368711206e-05,25231182918.33919,14,0.03963174492972238
pfp_bloom_filter_contains_unique_size_u64,0,NVIDIA H200,I64,U64,512,1,1,8,1000000000,2048,No,0.000909066,8,12,0.04316408025000001,0.0001801991937540507,0.04315055497487386,0.00018462683350387786,23174672969.61279,13,0.04314540657630334
pfp_bloom_filter_contains_unique_size_u64,0,NVIDIA H200,I64,U64,512,1,2,1,1000000000,1,No,0.000909097,8,24,0.021695009333333338,0.00022711789029140742,0.021681708176930742,0.00022578143131249485,46121827295.13887,25,0.02167550247192383
pfp_bloom_filter_contains_unique_size_u64,0,NVIDIA H200,I64,U64,512,1,2,1,1000000000,2,No,0.00090606,8,24,0.021695762375,0.0001758890120737933,0.021682373444239303,0.00018057014584002356,46120412166.67107,25,0.021681136322021483
pfp_bloom_filter_contains_unique_size_u64,0,NVIDIA H200,I64,U64,512,1,2,1,1000000000,4,No,0.000911853,8,24,0.021686815,0.00017787484741504494,0.02167338784535726,0.0001766873497624496,46139533290.094925,25,0.02167585609436035
pfp_bloom_filter_contains_unique_size_u64,0,NVIDIA H200,I64,U64,512,1,2,1,1000000000,8,No,0.000909486,8,24,0.021697585041666665,0.0007685958219664234,0.02168414807319641,0.0007695175576233989,46116637675.8002,25,0.021679217224121094
pfp_bloom_filter_contains_unique_size_u64,0,NVIDIA H200,I64,U64,512,1,2,1,1000000000,16,No,0.000908256,8,24,0.02172758716666667,0.00013877925717681953,0.021714330673217774,0.0001413502949587954,46052536228.22413,25,0.02171132423400879
pfp_bloom_filter_contains_unique_size_u64,0,NVIDIA H200,I64,U64,512,1,2,1,1000000000,32,No,0.000907721,8,22,0.023102661863636367,0.0007357291763070167,0.023089221694252707,0.0007339646955051028,43310251564.21434,23,0.023069646171901537
pfp_bloom_filter_contains_unique_size_u64,0,NVIDIA H200,I64,U64,512,1,2,1,1000000000,64,No,0.00090916,8,21,0.024947987095238097,0.0010987685984357983,0.02493466976710728,0.0010984989144422364,40104802242.82561,22,0.025745131232521753
pfp_bloom_filter_contains_unique_size_u64,0,NVIDIA H200,I64,U64,512,1,2,1,1000000000,128,No,0.000909604,8,19,0.02698104621052631,0.010507223125643195,0.02696749988355134,0.010514882097191341,37081672543.54727,20,0.0274680890083313
pfp_bloom_filter_contains_unique_size_u64,0,NVIDIA H200,I64,U64,512,1,2,1,1000000000,256,No,0.000908593,8,18,0.028256909222222223,0.009272899365204921,0.02824343660142687,0.00927592022526694,35406456165.800995,19,0.028544647618343955
pfp_bloom_filter_contains_unique_size_u64,0,NVIDIA H200,I64,U64,512,1,2,1,1000000000,512,No,0.000910264,8,17,0.029440929882352945,0.002988001728692513,0.02942738656436695,0.002989815884062914,33981950718.344814,18,0.03014663283030192
pfp_bloom_filter_contains_unique_size_u64,0,NVIDIA H200,I64,U64,512,1,2,1,1000000000,1024,No,0.000907731,8,15,0.033637132800000004,0.004083102732036827,0.03362367782592773,0.004088229772342198,29740946400.24432,16,0.03351956033706665
pfp_bloom_filter_contains_unique_size_u64,0,NVIDIA H200,I64,U64,512,1,2,1,1000000000,2048,No,0.000909066,8,14,0.0365954025,0.0006656970313537505,0.036581888198852545,0.0006602839549325015,27335931774.876694,15,0.03657101491292317
pfp_bloom_filter_contains_unique_size_u64,0,NVIDIA H200,I64,U64,512,1,2,2,1000000000,1,No,0.000909097,8,22,0.02319972422727273,0.00017740567323521915,0.0231863111149181,0.00018209881232124944,43128895969.855194,23,0.023188237231710682
pfp_bloom_filter_contains_unique_size_u64,0,NVIDIA H200,I64,U64,512,1,2,2,1000000000,2,No,0.00090606,8,22,0.023204939136363643,6.788541728149868e-05,0.02319156204570423,6.4357261738342e-05,43119130916.20449,23,0.023188216748444932
pfp_bloom_filter_contains_unique_size_u64,0,NVIDIA H200,I64,U64,512,1,2,2,1000000000,4,No,0.000911853,8,22,0.023210424000000004,0.0001636324674104157,0.023197146242315118,0.00016697427559515305,43108750945.22826,23,0.023191685054613196
pfp_bloom_filter_contains_unique_size_u64,0,NVIDIA H200,I64,U64,512,1,2,2,1000000000,8,No,0.000909486,8,22,0.023211983909090905,0.0001594139864734291,0.02319850479472767,0.00016203934837444818,43106226407.62909,23,0.023192044299581775
pfp_bloom_filter_contains_unique_size_u64,0,NVIDIA H200,I64,U64,512,1,2,2,1000000000,16,No,0.000908256,8,22,0.023253596409090915,0.00019548565956665622,0.02324002916162665,0.00019015583965531515,43029205903.544,23,0.02323172652203104
pfp_bloom_filter_contains_unique_size_u64,0,NVIDIA H200,I64,U64,512,1,2,2,1000000000,32,No,0.000907721,8,21,0.024758039904761907,0.00016834702476193245,0.02474441292172387,0.00017131978401994284,40413163293.2002,22,0.02474735251339999
pfp_bloom_filter_contains_unique_size_u64,0,NVIDIA H200,I64,U64,512,1,2,2,1000000000,64,No,0.00090916,8,19,0.026629722473684215,0.0005261286404779739,0.026616311324270156,0.0005206766017226453,37570946169.69509,20,0.026602328205108643
pfp_bloom_filter_contains_unique_size_u64,0,NVIDIA H200,I64,U64,512,1,2,2,1000000000,128,No,0.000909604,8,18,0.02807837766666667,0.00036835793367094913,0.02806488884819878,0.0003674658234737964,35631710690.49791,19,0.028049055701807928
pfp_bloom_filter_contains_unique_size_u64,0,NVIDIA H200,I64,U64,512,1,2,2,1000000000,256,No,0.000908593,8,18,0.02920464116666667,0.00035216321703305045,0.029191113048129616,0.00035096890606926216,34257001380.90739,19,0.02917621080498946
pfp_bloom_filter_contains_unique_size_u64,0,NVIDIA H200,I64,U64,512,1,2,2,1000000000,512,No,0.000910264,8,17,0.030062369999999998,0.0003105531039799739,0.030049016615923713,0.0003103811512839642,33278959267.84091,18,0.030033272319369846
pfp_bloom_filter_contains_unique_size_u64,0,NVIDIA H200,I64,U64,512,1,2,2,1000000000,1024,No,0.000907731,8,17,0.030827220058823532,0.00040419989794281765,0.030813720478731047,0.00040445778066748155,32453075593.070396,18,0.03079335318671332
pfp_bloom_filter_contains_unique_size_u64,0,NVIDIA H200,I64,U64,512,1,2,2,1000000000,2048,No,0.000909066,8,16,0.031554708375000004,0.0005234614729825976,0.03154117393493652,0.0005247729416468723,31704590389.146927,17,0.03152254519743078
pfp_bloom_filter_contains_unique_size_u64,0,NVIDIA H200,I64,U64,512,1,2,4,1000000000,1,No,0.000909097,8,22,0.023288951227272724,0.00030166466982489227,0.02327552994814786,0.00029924926854316776,42963576005.69153,23,0.02326805064989173
pfp_bloom_filter_contains_unique_size_u64,0,NVIDIA H200,I64,U64,512,1,2,4,1000000000,2,No,0.00090606,8,22,0.023293065363636366,7.940652338513394e-05,0.023279725161465734,7.202686852805826e-05,42955833587.55762,23,0.023277537719063133
pfp_bloom_filter_contains_unique_size_u64,0,NVIDIA H200,I64,U64,512,1,2,4,1000000000,4,No,0.000911853,8,22,0.0232970445,6.22066158018446e-05,0.023283762931823736,6.267786794489973e-05,42948384371.03403,23,0.023282985936040463
pfp_bloom_filter_contains_unique_size_u64,0,NVIDIA H200,I64,U64,512,1,2,4,1000000000,8,No,0.000909486,8,22,0.023298898363636366,0.0001025124454929311,0.0232854284806685,0.00010131424985703677,42945312379.80857,23,0.02328378494926121
pfp_bloom_filter_contains_unique_size_u64,0,NVIDIA H200,I64,U64,512,1,2,4,1000000000,16,No,0.000908256,8,22,0.02334414336363637,0.00020911092374644344,0.023330789479342372,0.00019939201298383225,42861815751.47397,23,0.023323440468829615
pfp_bloom_filter_contains_unique_size_u64,0,NVIDIA H200,I64,U64,512,1,2,4,1000000000,32,No,0.000907721,8,21,0.02473794571428571,0.0002468473093373333,0.024724562054588676,0.0002509218950508682,40445610231.32089,22,0.02472814230485396
pfp_bloom_filter_contains_unique_size_u64,0,NVIDIA H200,I64,U64,512,1,2,4,1000000000,64,No,0.00090916,8,19,0.026566373684210526,0.0004607021449503146,0.02655301917226691,0.00045925229769926037,37660500808.301384,20,0.02653936529159546
pfp_bloom_filter_contains_unique_size_u64,0,NVIDIA H200,I64,U64,512,1,2,4,1000000000,128,No,0.000909604,8,18,0.028018362555555558,0.0004182367148061274,0.028004693455166287,0.00042758323397504153,35708300167.646385,19,0.027989342237773693
pfp_bloom_filter_contains_unique_size_u64,0,NVIDIA H200,I64,U64,512,1,2,4,1000000000,256,No,0.000908593,8,18,0.029134843611111114,0.00037610205485755785,0.02912146504720052,0.00037539646471583933,34338931725.41919,19,0.029105043913188734
pfp_bloom_filter_contains_unique_size_u64,0,NVIDIA H200,I64,U64,512,1,2,4,1000000000,512,No,0.000910264,8,17,0.02987800952941176,0.00032202450110543966,0.02986462290146771,0.0003219178601552702,33484434184.864746,18,0.029849345631069613
pfp_bloom_filter_contains_unique_size_u64,0,NVIDIA H200,I64,U64,512,1,2,4,1000000000,1024,No,0.000907731,8,17,0.03033165294117647,0.0002988038671446816,0.030318064970128678,0.00029429831285280054,32983635366.744705,18,0.0303020691341824
pfp_bloom_filter_contains_unique_size_u64,0,NVIDIA H200,I64,U64,512,1,2,4,1000000000,2048,No,0.000909066,8,17,0.03059349658823529,0.0003187089360507608,0.030579966489006488,0.00032093774154462663,32701147673.248775,18,0.030567312240600584
pfp_bloom_filter_contains_unique_size_u64,0,NVIDIA H200,I64,U64,512,1,2,8,1000000000,1,Yes,,,,,,,,,,
pfp_bloom_filter_contains_unique_size_u64,0,NVIDIA H200,I64,U64,512,1,2,8,1000000000,2,Yes,,,,,,,,,,
pfp_bloom_filter_contains_unique_size_u64,0,NVIDIA H200,I64,U64,512,1,2,8,1000000000,4,Yes,,,,,,,,,,
pfp_bloom_filter_contains_unique_size_u64,0,NVIDIA H200,I64,U64,512,1,2,8,1000000000,8,Yes,,,,,,,,,,
pfp_bloom_filter_contains_unique_size_u64,0,NVIDIA H200,I64,U64,512,1,2,8,1000000000,16,Yes,,,,,,,,,,
pfp_bloom_filter_contains_unique_size_u64,0,NVIDIA H200,I64,U64,512,1,2,8,1000000000,32,Yes,,,,,,,,,,
pfp_bloom_filter_contains_unique_size_u64,0,NVIDIA H200,I64,U64,512,1,2,8,1000000000,64,Yes,,,,,,,,,,
pfp_bloom_filter_contains_unique_size_u64,0,NVIDIA H200,I64,U64,512,1,2,8,1000000000,128,Yes,,,,,,,,,,
pfp_bloom_filter_contains_unique_size_u64,0,NVIDIA H200,I64,U64,512,1,2,8,1000000000,256,Yes,,,,,,,,,,
pfp_bloom_filter_contains_unique_size_u64,0,NVIDIA H200,I64,U64,512,1,2,8,1000000000,512,Yes,,,,,,,,,,
pfp_bloom_filter_contains_unique_size_u64,0,NVIDIA H200,I64,U64,512,1,2,8,1000000000,1024,Yes,,,,,,,,,,
pfp_bloom_filter_contains_unique_size_u64,0,NVIDIA H200,I64,U64,512,1,2,8,1000000000,2048,Yes,,,,,,,,,,
pfp_bloom_filter_contains_unique_size_u64,0,NVIDIA H200,I64,U64,512,1,4,1,1000000000,1,No,0.000909097,8,23,0.02243765208695652,0.0007466576873449691,0.022424210175223978,0.0007512569135343129,44594658727.59605,24,0.02241163492202759
pfp_bloom_filter_contains_unique_size_u64,0,NVIDIA H200,I64,U64,512,1,4,1,1000000000,2,No,0.00090606,8,23,0.022458596043478263,0.0009350513775199926,0.02244528413855511,0.0009342157573828842,44552788631.54431,24,0.022425854126612344
pfp_bloom_filter_contains_unique_size_u64,0,NVIDIA H200,I64,U64,512,1,4,1,1000000000,4,No,0.000911853,8,23,0.022454789739130444,0.0007540989520543951,0.02244154183760933,0.0007561560378217219,44560218154.178696,24,0.022436126311620074
pfp_bloom_filter_contains_unique_size_u64,0,NVIDIA H200,I64,U64,512,1,4,1,1000000000,8,No,0.000909486,8,23,0.022457973652173918,0.0007759850985396804,0.022444699909376066,0.0007762116847868745,44553948328.008575,24,0.022438812335332237
pfp_bloom_filter_contains_unique_size_u64,0,NVIDIA H200,I64,U64,512,1,4,1,1000000000,16,No,0.000908256,8,23,0.022509571478260874,0.0007423885713992855,0.02249648268326469,0.0007462263419849621,44451393316.872055,24,0.022489190419514974
pfp_bloom_filter_contains_unique_size_u64,0,NVIDIA H200,I64,U64,512,1,4,1,1000000000,32,No,0.000907721,8,20,0.025080098600000007,0.0005358461362632213,0.02506710557937622,0.0005376041775552499,39892918503.63222,21,0.02505831700279599
pfp_bloom_filter_contains_unique_size_u64,0,NVIDIA H200,I64,U64,512,1,4,1,1000000000,64,No,0.00090916,8,18,0.027814536666666667,0.00042427696375207436,0.027801383336385085,0.00042109653246953416,35969433171.738945,19,0.027787483416105572
pfp_bloom_filter_contains_unique_size_u64,0,NVIDIA H200,I64,U64,512,1,4,1,1000000000,128,No,0.000909604,8,17,0.029543257000000007,0.00038021487994174304,0.029530192880069507,0.00037838747903337655,33863646067.646214,18,0.029513236575656465
pfp_bloom_filter_contains_unique_size_u64,0,NVIDIA H200,I64,U64,512,1,4,1,1000000000,256,No,0.000908593,8,17,0.030694073176470587,0.00029980048937062207,0.030680841445922855,0.0002979592602146604,32593630189.79028,18,0.030664282268948025
pfp_bloom_filter_contains_unique_size_u64,0,NVIDIA H200,I64,U64,512,1,4,1,1000000000,512,No,0.000910264,8,16,0.0313973206875,0.00024706211255012123,0.031384236097335816,0.00024709512397192053,31863130168.23402,17,0.03136898152968463
pfp_bloom_filter_contains_unique_size_u64,0,NVIDIA H200,I64,U64,512,1,4,1,1000000000,1024,No,0.000907731,8,16,0.0317989010625,0.0002520432449584052,0.03178570997714996,0.00024840204375099734,31460678421.808975,17,0.03176878177418428
pfp_bloom_filter_contains_unique_size_u64,0,NVIDIA H200,I64,U64,512,1,4,1,1000000000,2048,No,0.000909066,8,16,0.0320203619375,0.0002379803023933331,0.03200692582130432,0.000246909965111504,31243237966.15244,17,0.03199416856204762
pfp_bloom_filter_contains_unique_size_u64,0,NVIDIA H200,I64,U64,512,1,4,2,1000000000,1,No,0.000909097,8,23,0.02242692026086957,8.190811022590474e-05,0.022413737753163205,8.124652861315335e-05,44615494792.20047,24,0.022409957806269327
pfp_bloom_filter_contains_unique_size_u64,0,NVIDIA H200,I64,U64,512,1,4,2,1000000000,2,No,0.00090606,8,23,0.022434577913043482,5.891485126168743e-05,0.02242141632411791,6.332662862962523e-05,44600215505.758934,24,0.022417797485987347
pfp_bloom_filter_contains_unique_size_u64,0,NVIDIA H200,I64,U64,512,1,4,2,1000000000,4,No,0.000911853,8,23,0.022446037913043476,0.0007581954536279587,0.022432894582333773,0.0007599768253573451,44577394875.626724,24,0.02242043232917786
pfp_bloom_filter_contains_unique_size_u64,0,NVIDIA H200,I64,U64,512,1,4,2,1000000000,8,No,0.000909486,8,23,0.02243953121739131,4.628442134263e-05,0.022426434641299044,4.3766257448009967e-05,44590235407.21297,24,0.022429197072982788
pfp_bloom_filter_contains_unique_size_u64,0,NVIDIA H200,I64,U64,512,1,4,2,1000000000,16,No,0.000908256,8,23,0.02248342930434783,5.3439270424560404e-05,0.022470335918924087,4.7102004979499456e-05,44503117514.93751,24,0.02246287488937378
pfp_bloom_filter_contains_unique_size_u64,0,NVIDIA H200,I64,U64,512,1,4,2,1000000000,32,No,0.000907721,8,21,0.024997062238095242,0.0005647448911581787,0.024983925319853283,0.000565031869800975,40025736036.176735,22,0.024970625530589707
pfp_bloom_filter_contains_unique_size_u64,0,NVIDIA H200,I64,U64,512,1,4,2,1000000000,64,No,0.00090916,8,19,0.027734518421052633,0.0004449198016887617,0.027721271615279347,0.00045115531881203364,36073381260.36117,20,0.027702878570556637
pfp_bloom_filter_contains_unique_size_u64,0,NVIDIA H200,I64,U64,512,1,4,2,1000000000,128,No,0.000909604,8,17,0.029474891352941183,0.0003492630076823277,0.02946162986755371,0.0003481454971354554,33942453438.44017,18,0.029444197124905053
pfp_bloom_filter_contains_unique_size_u64,0,NVIDIA H200,I64,U64,512,1,4,2,1000000000,256,No,0.000908593,8,17,0.030629194823529417,0.0002851487827290848,0.03061599978278665,0.00028970412531574563,32662660278.768158,18,0.030603587468465168
pfp_bloom_filter_contains_unique_size_u64,0,NVIDIA H200,I64,U64,512,1,4,2,1000000000,512,No,0.000910264,8,16,0.03134076587500001,0.00026659455859576344,0.03132762587070465,0.0002705158629073114,31920708071.757465,17,0.0313121073105756
pfp_bloom_filter_contains_unique_size_u64,0,NVIDIA H200,I64,U64,512,1,4,2,1000000000,1024,No,0.000907731,8,16,0.031741922812500004,0.00022756928084502955,0.03172894215583801,0.00022425896303901823,31516966279.192627,17,0.031716897515689624
pfp_bloom_filter_contains_unique_size_u64,0,NVIDIA H200,I64,U64,512,1,4,2,1000000000,2048,No,0.000909066,8,16,0.031963799875000004,0.0001966696168370438,0.03195058417320251,0.00019285763910036844,31298332280.219048,17,0.031941616955925435
pfp_bloom_filter_contains_unique_size_u64,0,NVIDIA H200,I64,U64,512,1,4,4,1000000000,1,Yes,,,,,,,,,,
pfp_bloom_filter_contains_unique_size_u64,0,NVIDIA H200,I64,U64,512,1,4,4,1000000000,2,Yes,,,,,,,,,,
pfp_bloom_filter_contains_unique_size_u64,0,NVIDIA H200,I64,U64,512,1,4,4,1000000000,4,Yes,,,,,,,,,,
pfp_bloom_filter_contains_unique_size_u64,0,NVIDIA H200,I64,U64,512,1,4,4,1000000000,8,Yes,,,,,,,,,,
pfp_bloom_filter_contains_unique_size_u64,0,NVIDIA H200,I64,U64,512,1,4,4,1000000000,16,Yes,,,,,,,,,,
pfp_bloom_filter_contains_unique_size_u64,0,NVIDIA H200,I64,U64,512,1,4,4,1000000000,32,Yes,,,,,,,,,,
pfp_bloom_filter_contains_unique_size_u64,0,NVIDIA H200,I64,U64,512,1,4,4,1000000000,64,Yes,,,,,,,,,,
pfp_bloom_filter_contains_unique_size_u64,0,NVIDIA H200,I64,U64,512,1,4,4,1000000000,128,Yes,,,,,,,,,,
pfp_bloom_filter_contains_unique_size_u64,0,NVIDIA H200,I64,U64,512,1,4,4,1000000000,256,Yes,,,,,,,,,,
pfp_bloom_filter_contains_unique_size_u64,0,NVIDIA H200,I64,U64,512,1,4,4,1000000000,512,Yes,,,,,,,,,,
pfp_bloom_filter_contains_unique_size_u64,0,NVIDIA H200,I64,U64,512,1,4,4,1000000000,1024,Yes,,,,,,,,,,
pfp_bloom_filter_contains_unique_size_u64,0,NVIDIA H200,I64,U64,512,1,4,4,1000000000,2048,Yes,,,,,,,,,,
pfp_bloom_filter_contains_unique_size_u64,0,NVIDIA H200,I64,U64,512,1,4,8,1000000000,1,Yes,,,,,,,,,,
pfp_bloom_filter_contains_unique_size_u64,0,NVIDIA H200,I64,U64,512,1,4,8,1000000000,2,Yes,,,,,,,,,,
pfp_bloom_filter_contains_unique_size_u64,0,NVIDIA H200,I64,U64,512,1,4,8,1000000000,4,Yes,,,,,,,,,,
pfp_bloom_filter_contains_unique_size_u64,0,NVIDIA H200,I64,U64,512,1,4,8,1000000000,8,Yes,,,,,,,,,,
pfp_bloom_filter_contains_unique_size_u64,0,NVIDIA H200,I64,U64,512,1,4,8,1000000000,16,Yes,,,,,,,,,,
pfp_bloom_filter_contains_unique_size_u64,0,NVIDIA H200,I64,U64,512,1,4,8,1000000000,32,Yes,,,,,,,,,,
pfp_bloom_filter_contains_unique_size_u64,0,NVIDIA H200,I64,U64,512,1,4,8,1000000000,64,Yes,,,,,,,,,,
pfp_bloom_filter_contains_unique_size_u64,0,NVIDIA H200,I64,U64,512,1,4,8,1000000000,128,Yes,,,,,,,,,,
pfp_bloom_filter_contains_unique_size_u64,0,NVIDIA H200,I64,U64,512,1,4,8,1000000000,256,Yes,,,,,,,,,,
pfp_bloom_filter_contains_unique_size_u64,0,NVIDIA H200,I64,U64,512,1,4,8,1000000000,512,Yes,,,,,,,,,,
pfp_bloom_filter_contains_unique_size_u64,0,NVIDIA H200,I64,U64,512,1,4,8,1000000000,1024,Yes,,,,,,,,,,
pfp_bloom_filter_contains_unique_size_u64,0,NVIDIA H200,I64,U64,512,1,4,8,1000000000,2048,Yes,,,,,,,,,,
pfp_bloom_filter_contains_unique_size_u64,0,NVIDIA H200,I64,U64,512,1,8,1,1000000000,1,No,0.000909097,8,22,0.02356683022727273,0.000836180767191928,0.023553463328968394,0.000846770162220265,42456601223.91005,23,0.02354051581673
pfp_bloom_filter_contains_unique_size_u64,0,NVIDIA H200,I64,U64,512,1,8,1,1000000000,2,No,0.00090606,8,22,0.023576627000000003,0.000942646226694097,0.02356320580569181,0.0009447138686453705,42439047056.93506,23,0.023544493716696032
pfp_bloom_filter_contains_unique_size_u64,0,NVIDIA H200,I64,U64,512,1,8,1,1000000000,4,No,0.000911853,8,22,0.023582198636363638,0.0009316508589814265,0.023568747780539776,0.0009309497820709707,42429067904.3067,23,0.023550940472146738
pfp_bloom_filter_contains_unique_size_u64,0,NVIDIA H200,I64,U64,512,1,8,1,1000000000,8,No,0.000909486,8,22,0.023583218909090917,0.0009999619618560347,0.02356936723535711,0.0009606039277820844,42427952775.06942,23,0.02354570620992909
pfp_bloom_filter_contains_unique_size_u64,0,NVIDIA H200,I64,U64,512,1,8,1,1000000000,16,No,0.000908256,8,22,0.023593194409090912,0.0009527024258532826,0.023579738270152698,0.0009526882413258385,42409291763.250946,23,0.02356098531640094
pfp_bloom_filter_contains_unique_size_u64,0,NVIDIA H200,I64,U64,512,1,8,1,1000000000,32,No,0.000907721,8,20,0.025234624650000002,0.0006562002492447144,0.025221161556243897,0.0006482872870234913,39649244455.69138,21,0.02520631118047805
pfp_bloom_filter_contains_unique_size_u64,0,NVIDIA H200,I64,U64,512,1,8,1,1000000000,64,No,0.00090916,8,18,0.028494071333333332,0.00034752409787554923,0.02848060607910156,0.00034652449111291435,35111612344.99774,19,0.02846750309592799
pfp_bloom_filter_contains_unique_size_u64,0,NVIDIA H200,I64,U64,512,1,8,1,1000000000,128,No,0.000909604,8,17,0.03048350329411765,0.00027731549688862577,0.03046982933493222,0.00027768717896431406,32819350217.152256,18,0.030454288800557457
pfp_bloom_filter_contains_unique_size_u64,0,NVIDIA H200,I64,U64,512,1,8,1,1000000000,256,No,0.000908593,8,16,0.031672918125000005,0.0002625445468005743,0.031659419775009155,0.0002616448523653958,31586175839.816406,17,0.03164439235014074
pfp_bloom_filter_contains_unique_size_u64,0,NVIDIA H200,I64,U64,512,1,8,1,1000000000,512,No,0.000910264,8,16,0.0323924470625,0.0002207618591672611,0.03237904143333435,0.00021654164213136303,30884175557.170635,17,0.03236355097153608
pfp_bloom_filter_contains_unique_size_u64,0,NVIDIA H200,I64,U64,512,1,8,1,1000000000,1024,No,0.000907731,8,16,0.0327750218125,0.0002203044302450863,0.03276160597801209,0.00021640487199732999,30523534184.22616,17,0.03274958397360409
pfp_bloom_filter_contains_unique_size_u64,0,NVIDIA H200,I64,U64,512,1,8,1,1000000000,2048,No,0.000909066,8,16,0.032980473375,0.00019964545572415153,0.032966501951217655,0.00021114063032140807,30333821934.755314,17,0.03295228509341969
pfp_bloom_filter_contains_unique_size_u64,0,NVIDIA H200,I64,U64,512,1,8,2,1000000000,1,Yes,,,,,,,,,,
pfp_bloom_filter_contains_unique_size_u64,0,NVIDIA H200,I64,U64,512,1,8,2,1000000000,2,Yes,,,,,,,,,,
pfp_bloom_filter_contains_unique_size_u64,0,NVIDIA H200,I64,U64,512,1,8,2,1000000000,4,Yes,,,,,,,,,,
pfp_bloom_filter_contains_unique_size_u64,0,NVIDIA H200,I64,U64,512,1,8,2,1000000000,8,Yes,,,,,,,,,,
pfp_bloom_filter_contains_unique_size_u64,0,NVIDIA H200,I64,U64,512,1,8,2,1000000000,16,Yes,,,,,,,,,,
pfp_bloom_filter_contains_unique_size_u64,0,NVIDIA H200,I64,U64,512,1,8,2,1000000000,32,Yes,,,,,,,,,,
pfp_bloom_filter_contains_unique_size_u64,0,NVIDIA H200,I64,U64,512,1,8,2,1000000000,64,Yes,,,,,,,,,,
pfp_bloom_filter_contains_unique_size_u64,0,NVIDIA H200,I64,U64,512,1,8,2,1000000000,128,Yes,,,,,,,,,,
pfp_bloom_filter_contains_unique_size_u64,0,NVIDIA H200,I64,U64,512,1,8,2,1000000000,256,Yes,,,,,,,,,,
pfp_bloom_filter_contains_unique_size_u64,0,NVIDIA H200,I64,U64,512,1,8,2,1000000000,512,Yes,,,,,,,,,,
pfp_bloom_filter_contains_unique_size_u64,0,NVIDIA H200,I64,U64,512,1,8,2,1000000000,1024,Yes,,,,,,,,,,
pfp_bloom_filter_contains_unique_size_u64,0,NVIDIA H200,I64,U64,512,1,8,2,1000000000,2048,Yes,,,,,,,,,,
pfp_bloom_filter_contains_unique_size_u64,0,NVIDIA H200,I64,U64,512,1,8,4,1000000000,1,Yes,,,,,,,,,,
pfp_bloom_filter_contains_unique_size_u64,0,NVIDIA H200,I64,U64,512,1,8,4,1000000000,2,Yes,,,,,,,,,,
pfp_bloom_filter_contains_unique_size_u64,0,NVIDIA H200,I64,U64,512,1,8,4,1000000000,4,Yes,,,,,,,,,,
pfp_bloom_filter_contains_unique_size_u64,0,NVIDIA H200,I64,U64,512,1,8,4,1000000000,8,Yes,,,,,,,,,,
pfp_bloom_filter_contains_unique_size_u64,0,NVIDIA H200,I64,U64,512,1,8,4,1000000000,16,Yes,,,,,,,,,,
pfp_bloom_filter_contains_unique_size_u64,0,NVIDIA H200,I64,U64,512,1,8,4,1000000000,32,Yes,,,,,,,,,,
pfp_bloom_filter_contains_unique_size_u64,0,NVIDIA H200,I64,U64,512,1,8,4,1000000000,64,Yes,,,,,,,,,,
pfp_bloom_filter_contains_unique_size_u64,0,NVIDIA H200,I64,U64,512,1,8,4,1000000000,128,Yes,,,,,,,,,,
pfp_bloom_filter_contains_unique_size_u64,0,NVIDIA H200,I64,U64,512,1,8,4,1000000000,256,Yes,,,,,,,,,,
pfp_bloom_filter_contains_unique_size_u64,0,NVIDIA H200,I64,U64,512,1,8,4,1000000000,512,Yes,,,,,,,,,,
pfp_bloom_filter_contains_unique_size_u64,0,NVIDIA H200,I64,U64,512,1,8,4,1000000000,1024,Yes,,,,,,,,,,
pfp_bloom_filter_contains_unique_size_u64,0,NVIDIA H200,I64,U64,512,1,8,4,1000000000,2048,Yes,,,,,,,,,,
pfp_bloom_filter_contains_unique_size_u64,0,NVIDIA H200,I64,U64,512,1,8,8,1000000000,1,Yes,,,,,,,,,,
pfp_bloom_filter_contains_unique_size_u64,0,NVIDIA H200,I64,U64,512,1,8,8,1000000000,2,Yes,,,,,,,,,,
pfp_bloom_filter_contains_unique_size_u64,0,NVIDIA H200,I64,U64,512,1,8,8,1000000000,4,Yes,,,,,,,,,,
pfp_bloom_filter_contains_unique_size_u64,0,NVIDIA H200,I64,U64,512,1,8,8,1000000000,8,Yes,,,,,,,,,,
pfp_bloom_filter_contains_unique_size_u64,0,NVIDIA H200,I64,U64,512,1,8,8,1000000000,16,Yes,,,,,,,,,,
pfp_bloom_filter_contains_unique_size_u64,0,NVIDIA H200,I64,U64,512,1,8,8,1000000000,32,Yes,,,,,,,,,,
pfp_bloom_filter_contains_unique_size_u64,0,NVIDIA H200,I64,U64,512,1,8,8,1000000000,64,Yes,,,,,,,,,,
pfp_bloom_filter_contains_unique_size_u64,0,NVIDIA H200,I64,U64,512,1,8,8,1000000000,128,Yes,,,,,,,,,,
pfp_bloom_filter_contains_unique_size_u64,0,NVIDIA H200,I64,U64,512,1,8,8,1000000000,256,Yes,,,,,,,,,,
pfp_bloom_filter_contains_unique_size_u64,0,NVIDIA H200,I64,U64,512,1,8,8,1000000000,512,Yes,,,,,,,,,,
pfp_bloom_filter_contains_unique_size_u64,0,NVIDIA H200,I64,U64,512,1,8,8,1000000000,1024,Yes,,,,,,,,,,
pfp_bloom_filter_contains_unique_size_u64,0,NVIDIA H200,I64,U64,512,1,8,8,1000000000,2048,Yes,,,,,,,,,,
pfp_bloom_filter_contains_unique_size_u64,0,NVIDIA H200,I64,U64,512,20,1,1,1000000000,1,Yes,,,,,,,,,,
pfp_bloom_filter_contains_unique_size_u64,0,NVIDIA H200,I64,U64,512,20,1,1,1000000000,2,Yes,,,,,,,,,,
pfp_bloom_filter_contains_unique_size_u64,0,NVIDIA H200,I64,U64,512,20,1,1,1000000000,4,Yes,,,,,,,,,,
pfp_bloom_filter_contains_unique_size_u64,0,NVIDIA H200,I64,U64,512,20,1,1,1000000000,8,Yes,,,,,,,,,,
pfp_bloom_filter_contains_unique_size_u64,0,NVIDIA H200,I64,U64,512,20,1,1,1000000000,16,Yes,,,,,,,,,,
pfp_bloom_filter_contains_unique_size_u64,0,NVIDIA H200,I64,U64,512,20,1,1,1000000000,32,Yes,,,,,,,,,,
pfp_bloom_filter_contains_unique_size_u64,0,NVIDIA H200,I64,U64,512,20,1,1,1000000000,64,Yes,,,,,,,,,,
pfp_bloom_filter_contains_unique_size_u64,0,NVIDIA H200,I64,U64,512,20,1,1,1000000000,128,Yes,,,,,,,,,,
pfp_bloom_filter_contains_unique_size_u64,0,NVIDIA H200,I64,U64,512,20,1,1,1000000000,256,Yes,,,,,,,,,,
pfp_bloom_filter_contains_unique_size_u64,0,NVIDIA H200,I64,U64,512,20,1,1,1000000000,512,Yes,,,,,,,,,,
pfp_bloom_filter_contains_unique_size_u64,0,NVIDIA H200,I64,U64,512,20,1,1,1000000000,1024,Yes,,,,,,,,,,
pfp_bloom_filter_contains_unique_size_u64,0,NVIDIA H200,I64,U64,512,20,1,1,1000000000,2048,Yes,,,,,,,,,,
pfp_bloom_filter_contains_unique_size_u64,0,NVIDIA H200,I64,U64,512,20,1,2,1000000000,1,Yes,,,,,,,,,,
pfp_bloom_filter_contains_unique_size_u64,0,NVIDIA H200,I64,U64,512,20,1,2,1000000000,2,Yes,,,,,,,,,,
pfp_bloom_filter_contains_unique_size_u64,0,NVIDIA H200,I64,U64,512,20,1,2,1000000000,4,Yes,,,,,,,,,,
pfp_bloom_filter_contains_unique_size_u64,0,NVIDIA H200,I64,U64,512,20,1,2,1000000000,8,Yes,,,,,,,,,,
pfp_bloom_filter_contains_unique_size_u64,0,NVIDIA H200,I64,U64,512,20,1,2,1000000000,16,Yes,,,,,,,,,,
pfp_bloom_filter_contains_unique_size_u64,0,NVIDIA H200,I64,U64,512,20,1,2,1000000000,32,Yes,,,,,,,,,,
pfp_bloom_filter_contains_unique_size_u64,0,NVIDIA H200,I64,U64,512,20,1,2,1000000000,64,Yes,,,,,,,,,,
pfp_bloom_filter_contains_unique_size_u64,0,NVIDIA H200,I64,U64,512,20,1,2,1000000000,128,Yes,,,,,,,,,,
pfp_bloom_filter_contains_unique_size_u64,0,NVIDIA H200,I64,U64,512,20,1,2,1000000000,256,Yes,,,,,,,,,,
pfp_bloom_filter_contains_unique_size_u64,0,NVIDIA H200,I64,U64,512,20,1,2,1000000000,512,Yes,,,,,,,,,,
pfp_bloom_filter_contains_unique_size_u64,0,NVIDIA H200,I64,U64,512,20,1,2,1000000000,1024,Yes,,,,,,,,,,
pfp_bloom_filter_contains_unique_size_u64,0,NVIDIA H200,I64,U64,512,20,1,2,1000000000,2048,Yes,,,,,,,,,,
pfp_bloom_filter_contains_unique_size_u64,0,NVIDIA H200,I64,U64,512,20,1,4,1000000000,1,Yes,,,,,,,,,,
pfp_bloom_filter_contains_unique_size_u64,0,NVIDIA H200,I64,U64,512,20,1,4,1000000000,2,Yes,,,,,,,,,,
pfp_bloom_filter_contains_unique_size_u64,0,NVIDIA H200,I64,U64,512,20,1,4,1000000000,4,Yes,,,,,,,,,,
pfp_bloom_filter_contains_unique_size_u64,0,NVIDIA H200,I64,U64,512,20,1,4,1000000000,8,Yes,,,,,,,,,,
pfp_bloom_filter_contains_unique_size_u64,0,NVIDIA H200,I64,U64,512,20,1,4,1000000000,16,Yes,,,,,,,,,,
pfp_bloom_filter_contains_unique_size_u64,0,NVIDIA H200,I64,U64,512,20,1,4,1000000000,32,Yes,,,,,,,,,,
pfp_bloom_filter_contains_unique_size_u64,0,NVIDIA H200,I64,U64,512,20,1,4,1000000000,64,Yes,,,,,,,,,,
pfp_bloom_filter_contains_unique_size_u64,0,NVIDIA H200,I64,U64,512,20,1,4,1000000000,128,Yes,,,,,,,,,,
pfp_bloom_filter_contains_unique_size_u64,0,NVIDIA H200,I64,U64,512,20,1,4,1000000000,256,Yes,,,,,,,,,,
pfp_bloom_filter_contains_unique_size_u64,0,NVIDIA H200,I64,U64,512,20,1,4,1000000000,512,Yes,,,,,,,,,,
pfp_bloom_filter_contains_unique_size_u64,0,NVIDIA H200,I64,U64,512,20,1,4,1000000000,1024,Yes,,,,,,,,,,
pfp_bloom_filter_contains_unique_size_u64,0,NVIDIA H200,I64,U64,512,20,1,4,1000000000,2048,Yes,,,,,,,,,,
pfp_bloom_filter_contains_unique_size_u64,0,NVIDIA H200,I64,U64,512,20,1,8,1000000000,1,Yes,,,,,,,,,,
pfp_bloom_filter_contains_unique_size_u64,0,NVIDIA H200,I64,U64,512,20,1,8,1000000000,2,Yes,,,,,,,,,,
pfp_bloom_filter_contains_unique_size_u64,0,NVIDIA H200,I64,U64,512,20,1,8,1000000000,4,Yes,,,,,,,,,,
pfp_bloom_filter_contains_unique_size_u64,0,NVIDIA H200,I64,U64,512,20,1,8,1000000000,8,Yes,,,,,,,,,,
pfp_bloom_filter_contains_unique_size_u64,0,NVIDIA H200,I64,U64,512,20,1,8,1000000000,16,Yes,,,,,,,,,,
pfp_bloom_filter_contains_unique_size_u64,0,NVIDIA H200,I64,U64,512,20,1,8,1000000000,32,Yes,,,,,,,,,,
pfp_bloom_filter_contains_unique_size_u64,0,NVIDIA H200,I64,U64,512,20,1,8,1000000000,64,Yes,,,,,,,,,,
pfp_bloom_filter_contains_unique_size_u64,0,NVIDIA H200,I64,U64,512,20,1,8,1000000000,128,Yes,,,,,,,,,,
pfp_bloom_filter_contains_unique_size_u64,0,NVIDIA H200,I64,U64,512,20,1,8,1000000000,256,Yes,,,,,,,,,,
pfp_bloom_filter_contains_unique_size_u64,0,NVIDIA H200,I64,U64,512,20,1,8,1000000000,512,Yes,,,,,,,,,,
pfp_bloom_filter_contains_unique_size_u64,0,NVIDIA H200,I64,U64,512,20,1,8,1000000000,1024,Yes,,,,,,,,,,
pfp_bloom_filter_contains_unique_size_u64,0,NVIDIA H200,I64,U64,512,20,1,8,1000000000,2048,Yes,,,,,,,,,,
pfp_bloom_filter_contains_unique_size_u64,0,NVIDIA H200,I64,U64,512,20,2,1,1000000000,1,Yes,,,,,,,,,,
pfp_bloom_filter_contains_unique_size_u64,0,NVIDIA H200,I64,U64,512,20,2,1,1000000000,2,Yes,,,,,,,,,,
pfp_bloom_filter_contains_unique_size_u64,0,NVIDIA H200,I64,U64,512,20,2,1,1000000000,4,Yes,,,,,,,,,,
pfp_bloom_filter_contains_unique_size_u64,0,NVIDIA H200,I64,U64,512,20,2,1,1000000000,8,Yes,,,,,,,,,,
pfp_bloom_filter_contains_unique_size_u64,0,NVIDIA H200,I64,U64,512,20,2,1,1000000000,16,Yes,,,,,,,,,,
pfp_bloom_filter_contains_unique_size_u64,0,NVIDIA H200,I64,U64,512,20,2,1,1000000000,32,Yes,,,,,,,,,,
pfp_bloom_filter_contains_unique_size_u64,0,NVIDIA H200,I64,U64,512,20,2,1,1000000000,64,Yes,,,,,,,,,,
pfp_bloom_filter_contains_unique_size_u64,0,NVIDIA H200,I64,U64,512,20,2,1,1000000000,128,Yes,,,,,,,,,,
pfp_bloom_filter_contains_unique_size_u64,0,NVIDIA H200,I64,U64,512,20,2,1,1000000000,256,Yes,,,,,,,,,,
pfp_bloom_filter_contains_unique_size_u64,0,NVIDIA H200,I64,U64,512,20,2,1,1000000000,512,Yes,,,,,,,,,,
pfp_bloom_filter_contains_unique_size_u64,0,NVIDIA H200,I64,U64,512,20,2,1,1000000000,1024,Yes,,,,,,,,,,
pfp_bloom_filter_contains_unique_size_u64,0,NVIDIA H200,I64,U64,512,20,2,1,1000000000,2048,Yes,,,,,,,,,,
pfp_bloom_filter_contains_unique_size_u64,0,NVIDIA H200,I64,U64,512,20,2,2,1000000000,1,Yes,,,,,,,,,,
pfp_bloom_filter_contains_unique_size_u64,0,NVIDIA H200,I64,U64,512,20,2,2,1000000000,2,Yes,,,,,,,,,,
pfp_bloom_filter_contains_unique_size_u64,0,NVIDIA H200,I64,U64,512,20,2,2,1000000000,4,Yes,,,,,,,,,,
pfp_bloom_filter_contains_unique_size_u64,0,NVIDIA H200,I64,U64,512,20,2,2,1000000000,8,Yes,,,,,,,,,,
pfp_bloom_filter_contains_unique_size_u64,0,NVIDIA H200,I64,U64,512,20,2,2,1000000000,16,Yes,,,,,,,,,,
pfp_bloom_filter_contains_unique_size_u64,0,NVIDIA H200,I64,U64,512,20,2,2,1000000000,32,Yes,,,,,,,,,,
pfp_bloom_filter_contains_unique_size_u64,0,NVIDIA H200,I64,U64,512,20,2,2,1000000000,64,Yes,,,,,,,,,,
pfp_bloom_filter_contains_unique_size_u64,0,NVIDIA H200,I64,U64,512,20,2,2,1000000000,128,Yes,,,,,,,,,,
pfp_bloom_filter_contains_unique_size_u64,0,NVIDIA H200,I64,U64,512,20,2,2,1000000000,256,Yes,,,,,,,,,,
pfp_bloom_filter_contains_unique_size_u64,0,NVIDIA H200,I64,U64,512,20,2,2,1000000000,512,Yes,,,,,,,,,,
pfp_bloom_filter_contains_unique_size_u64,0,NVIDIA H200,I64,U64,512,20,2,2,1000000000,1024,Yes,,,,,,,,,,
pfp_bloom_filter_contains_unique_size_u64,0,NVIDIA H200,I64,U64,512,20,2,2,1000000000,2048,Yes,,,,,,,,,,
pfp_bloom_filter_contains_unique_size_u64,0,NVIDIA H200,I64,U64,512,20,2,4,1000000000,1,Yes,,,,,,,,,,
pfp_bloom_filter_contains_unique_size_u64,0,NVIDIA H200,I64,U64,512,20,2,4,1000000000,2,Yes,,,,,,,,,,
pfp_bloom_filter_contains_unique_size_u64,0,NVIDIA H200,I64,U64,512,20,2,4,1000000000,4,Yes,,,,,,,,,,
pfp_bloom_filter_contains_unique_size_u64,0,NVIDIA H200,I64,U64,512,20,2,4,1000000000,8,Yes,,,,,,,,,,
pfp_bloom_filter_contains_unique_size_u64,0,NVIDIA H200,I64,U64,512,20,2,4,1000000000,16,Yes,,,,,,,,,,
pfp_bloom_filter_contains_unique_size_u64,0,NVIDIA H200,I64,U64,512,20,2,4,1000000000,32,Yes,,,,,,,,,,
pfp_bloom_filter_contains_unique_size_u64,0,NVIDIA H200,I64,U64,512,20,2,4,1000000000,64,Yes,,,,,,,,,,
pfp_bloom_filter_contains_unique_size_u64,0,NVIDIA H200,I64,U64,512,20,2,4,1000000000,128,Yes,,,,,,,,,,
pfp_bloom_filter_contains_unique_size_u64,0,NVIDIA H200,I64,U64,512,20,2,4,1000000000,256,Yes,,,,,,,,,,
pfp_bloom_filter_contains_unique_size_u64,0,NVIDIA H200,I64,U64,512,20,2,4,1000000000,512,Yes,,,,,,,,,,
pfp_bloom_filter_contains_unique_size_u64,0,NVIDIA H200,I64,U64,512,20,2,4,1000000000,1024,Yes,,,,,,,,,,
pfp_bloom_filter_contains_unique_size_u64,0,NVIDIA H200,I64,U64,512,20,2,4,1000000000,2048,Yes,,,,,,,,,,
pfp_bloom_filter_contains_unique_size_u64,0,NVIDIA H200,I64,U64,512,20,2,8,1000000000,1,Yes,,,,,,,,,,
pfp_bloom_filter_contains_unique_size_u64,0,NVIDIA H200,I64,U64,512,20,2,8,1000000000,2,Yes,,,,,,,,,,
pfp_bloom_filter_contains_unique_size_u64,0,NVIDIA H200,I64,U64,512,20,2,8,1000000000,4,Yes,,,,,,,,,,
pfp_bloom_filter_contains_unique_size_u64,0,NVIDIA H200,I64,U64,512,20,2,8,1000000000,8,Yes,,,,,,,,,,
pfp_bloom_filter_contains_unique_size_u64,0,NVIDIA H200,I64,U64,512,20,2,8,1000000000,16,Yes,,,,,,,,,,
pfp_bloom_filter_contains_unique_size_u64,0,NVIDIA H200,I64,U64,512,20,2,8,1000000000,32,Yes,,,,,,,,,,
pfp_bloom_filter_contains_unique_size_u64,0,NVIDIA H200,I64,U64,512,20,2,8,1000000000,64,Yes,,,,,,,,,,
pfp_bloom_filter_contains_unique_size_u64,0,NVIDIA H200,I64,U64,512,20,2,8,1000000000,128,Yes,,,,,,,,,,
pfp_bloom_filter_contains_unique_size_u64,0,NVIDIA H200,I64,U64,512,20,2,8,1000000000,256,Yes,,,,,,,,,,
pfp_bloom_filter_contains_unique_size_u64,0,NVIDIA H200,I64,U64,512,20,2,8,1000000000,512,Yes,,,,,,,,,,
pfp_bloom_filter_contains_unique_size_u64,0,NVIDIA H200,I64,U64,512,20,2,8,1000000000,1024,Yes,,,,,,,,,,
pfp_bloom_filter_contains_unique_size_u64,0,NVIDIA H200,I64,U64,512,20,2,8,1000000000,2048,Yes,,,,,,,,,,
pfp_bloom_filter_contains_unique_size_u64,0,NVIDIA H200,I64,U64,512,20,4,1,1000000000,1,Yes,,,,,,,,,,
pfp_bloom_filter_contains_unique_size_u64,0,NVIDIA H200,I64,U64,512,20,4,1,1000000000,2,Yes,,,,,,,,,,
pfp_bloom_filter_contains_unique_size_u64,0,NVIDIA H200,I64,U64,512,20,4,1,1000000000,4,Yes,,,,,,,,,,
pfp_bloom_filter_contains_unique_size_u64,0,NVIDIA H200,I64,U64,512,20,4,1,1000000000,8,Yes,,,,,,,,,,
pfp_bloom_filter_contains_unique_size_u64,0,NVIDIA H200,I64,U64,512,20,4,1,1000000000,16,Yes,,,,,,,,,,
pfp_bloom_filter_contains_unique_size_u64,0,NVIDIA H200,I64,U64,512,20,4,1,1000000000,32,Yes,,,,,,,,,,
pfp_bloom_filter_contains_unique_size_u64,0,NVIDIA H200,I64,U64,512,20,4,1,1000000000,64,Yes,,,,,,,,,,
pfp_bloom_filter_contains_unique_size_u64,0,NVIDIA H200,I64,U64,512,20,4,1,1000000000,128,Yes,,,,,,,,,,
pfp_bloom_filter_contains_unique_size_u64,0,NVIDIA H200,I64,U64,512,20,4,1,1000000000,256,Yes,,,,,,,,,,
pfp_bloom_filter_contains_unique_size_u64,0,NVIDIA H200,I64,U64,512,20,4,1,1000000000,512,Yes,,,,,,,,,,
pfp_bloom_filter_contains_unique_size_u64,0,NVIDIA H200,I64,U64,512,20,4,1,1000000000,1024,Yes,,,,,,,,,,
pfp_bloom_filter_contains_unique_size_u64,0,NVIDIA H200,I64,U64,512,20,4,1,1000000000,2048,Yes,,,,,,,,,,
pfp_bloom_filter_contains_unique_size_u64,0,NVIDIA H200,I64,U64,512,20,4,2,1000000000,1,Yes,,,,,,,,,,
pfp_bloom_filter_contains_unique_size_u64,0,NVIDIA H200,I64,U64,512,20,4,2,1000000000,2,Yes,,,,,,,,,,
pfp_bloom_filter_contains_unique_size_u64,0,NVIDIA H200,I64,U64,512,20,4,2,1000000000,4,Yes,,,,,,,,,,
pfp_bloom_filter_contains_unique_size_u64,0,NVIDIA H200,I64,U64,512,20,4,2,1000000000,8,Yes,,,,,,,,,,
pfp_bloom_filter_contains_unique_size_u64,0,NVIDIA H200,I64,U64,512,20,4,2,1000000000,16,Yes,,,,,,,,,,
pfp_bloom_filter_contains_unique_size_u64,0,NVIDIA H200,I64,U64,512,20,4,2,1000000000,32,Yes,,,,,,,,,,
pfp_bloom_filter_contains_unique_size_u64,0,NVIDIA H200,I64,U64,512,20,4,2,1000000000,64,Yes,,,,,,,,,,
pfp_bloom_filter_contains_unique_size_u64,0,NVIDIA H200,I64,U64,512,20,4,2,1000000000,128,Yes,,,,,,,,,,
pfp_bloom_filter_contains_unique_size_u64,0,NVIDIA H200,I64,U64,512,20,4,2,1000000000,256,Yes,,,,,,,,,,
pfp_bloom_filter_contains_unique_size_u64,0,NVIDIA H200,I64,U64,512,20,4,2,1000000000,512,Yes,,,,,,,,,,
pfp_bloom_filter_contains_unique_size_u64,0,NVIDIA H200,I64,U64,512,20,4,2,1000000000,1024,Yes,,,,,,,,,,
pfp_bloom_filter_contains_unique_size_u64,0,NVIDIA H200,I64,U64,512,20,4,2,1000000000,2048,Yes,,,,,,,,,,
pfp_bloom_filter_contains_unique_size_u64,0,NVIDIA H200,I64,U64,512,20,4,4,1000000000,1,Yes,,,,,,,,,,
pfp_bloom_filter_contains_unique_size_u64,0,NVIDIA H200,I64,U64,512,20,4,4,1000000000,2,Yes,,,,,,,,,,
pfp_bloom_filter_contains_unique_size_u64,0,NVIDIA H200,I64,U64,512,20,4,4,1000000000,4,Yes,,,,,,,,,,
pfp_bloom_filter_contains_unique_size_u64,0,NVIDIA H200,I64,U64,512,20,4,4,1000000000,8,Yes,,,,,,,,,,
pfp_bloom_filter_contains_unique_size_u64,0,NVIDIA H200,I64,U64,512,20,4,4,1000000000,16,Yes,,,,,,,,,,
pfp_bloom_filter_contains_unique_size_u64,0,NVIDIA H200,I64,U64,512,20,4,4,1000000000,32,Yes,,,,,,,,,,
pfp_bloom_filter_contains_unique_size_u64,0,NVIDIA H200,I64,U64,512,20,4,4,1000000000,64,Yes,,,,,,,,,,
pfp_bloom_filter_contains_unique_size_u64,0,NVIDIA H200,I64,U64,512,20,4,4,1000000000,128,Yes,,,,,,,,,,
pfp_bloom_filter_contains_unique_size_u64,0,NVIDIA H200,I64,U64,512,20,4,4,1000000000,256,Yes,,,,,,,,,,
pfp_bloom_filter_contains_unique_size_u64,0,NVIDIA H200,I64,U64,512,20,4,4,1000000000,512,Yes,,,,,,,,,,
pfp_bloom_filter_contains_unique_size_u64,0,NVIDIA H200,I64,U64,512,20,4,4,1000000000,1024,Yes,,,,,,,,,,
pfp_bloom_filter_contains_unique_size_u64,0,NVIDIA H200,I64,U64,512,20,4,4,1000000000,2048,Yes,,,,,,,,,,
pfp_bloom_filter_contains_unique_size_u64,0,NVIDIA H200,I64,U64,512,20,4,8,1000000000,1,Yes,,,,,,,,,,
pfp_bloom_filter_contains_unique_size_u64,0,NVIDIA H200,I64,U64,512,20,4,8,1000000000,2,Yes,,,,,,,,,,
pfp_bloom_filter_contains_unique_size_u64,0,NVIDIA H200,I64,U64,512,20,4,8,1000000000,4,Yes,,,,,,,,,,
pfp_bloom_filter_contains_unique_size_u64,0,NVIDIA H200,I64,U64,512,20,4,8,1000000000,8,Yes,,,,,,,,,,
pfp_bloom_filter_contains_unique_size_u64,0,NVIDIA H200,I64,U64,512,20,4,8,1000000000,16,Yes,,,,,,,,,,
pfp_bloom_filter_contains_unique_size_u64,0,NVIDIA H200,I64,U64,512,20,4,8,1000000000,32,Yes,,,,,,,,,,
pfp_bloom_filter_contains_unique_size_u64,0,NVIDIA H200,I64,U64,512,20,4,8,1000000000,64,Yes,,,,,,,,,,
pfp_bloom_filter_contains_unique_size_u64,0,NVIDIA H200,I64,U64,512,20,4,8,1000000000,128,Yes,,,,,,,,,,
pfp_bloom_filter_contains_unique_size_u64,0,NVIDIA H200,I64,U64,512,20,4,8,1000000000,256,Yes,,,,,,,,,,
pfp_bloom_filter_contains_unique_size_u64,0,NVIDIA H200,I64,U64,512,20,4,8,1000000000,512,Yes,,,,,,,,,,
pfp_bloom_filter_contains_unique_size_u64,0,NVIDIA H200,I64,U64,512,20,4,8,1000000000,1024,Yes,,,,,,,,,,
pfp_bloom_filter_contains_unique_size_u64,0,NVIDIA H200,I64,U64,512,20,4,8,1000000000,2048,Yes,,,,,,,,,,
pfp_bloom_filter_contains_unique_size_u64,0,NVIDIA H200,I64,U64,512,20,8,1,1000000000,1,Yes,,,,,,,,,,
pfp_bloom_filter_contains_unique_size_u64,0,NVIDIA H200,I64,U64,512,20,8,1,1000000000,2,Yes,,,,,,,,,,
pfp_bloom_filter_contains_unique_size_u64,0,NVIDIA H200,I64,U64,512,20,8,1,1000000000,4,Yes,,,,,,,,,,
pfp_bloom_filter_contains_unique_size_u64,0,NVIDIA H200,I64,U64,512,20,8,1,1000000000,8,Yes,,,,,,,,,,
pfp_bloom_filter_contains_unique_size_u64,0,NVIDIA H200,I64,U64,512,20,8,1,1000000000,16,Yes,,,,,,,,,,
pfp_bloom_filter_contains_unique_size_u64,0,NVIDIA H200,I64,U64,512,20,8,1,1000000000,32,Yes,,,,,,,,,,
pfp_bloom_filter_contains_unique_size_u64,0,NVIDIA H200,I64,U64,512,20,8,1,1000000000,64,Yes,,,,,,,,,,
pfp_bloom_filter_contains_unique_size_u64,0,NVIDIA H200,I64,U64,512,20,8,1,1000000000,128,Yes,,,,,,,,,,
pfp_bloom_filter_contains_unique_size_u64,0,NVIDIA H200,I64,U64,512,20,8,1,1000000000,256,Yes,,,,,,,,,,
pfp_bloom_filter_contains_unique_size_u64,0,NVIDIA H200,I64,U64,512,20,8,1,1000000000,512,Yes,,,,,,,,,,
pfp_bloom_filter_contains_unique_size_u64,0,NVIDIA H200,I64,U64,512,20,8,1,1000000000,1024,Yes,,,,,,,,,,
pfp_bloom_filter_contains_unique_size_u64,0,NVIDIA H200,I64,U64,512,20,8,1,1000000000,2048,Yes,,,,,,,,,,
pfp_bloom_filter_contains_unique_size_u64,0,NVIDIA H200,I64,U64,512,20,8,2,1000000000,1,Yes,,,,,,,,,,
pfp_bloom_filter_contains_unique_size_u64,0,NVIDIA H200,I64,U64,512,20,8,2,1000000000,2,Yes,,,,,,,,,,
pfp_bloom_filter_contains_unique_size_u64,0,NVIDIA H200,I64,U64,512,20,8,2,1000000000,4,Yes,,,,,,,,,,
pfp_bloom_filter_contains_unique_size_u64,0,NVIDIA H200,I64,U64,512,20,8,2,1000000000,8,Yes,,,,,,,,,,
pfp_bloom_filter_contains_unique_size_u64,0,NVIDIA H200,I64,U64,512,20,8,2,1000000000,16,Yes,,,,,,,,,,
pfp_bloom_filter_contains_unique_size_u64,0,NVIDIA H200,I64,U64,512,20,8,2,1000000000,32,Yes,,,,,,,,,,
pfp_bloom_filter_contains_unique_size_u64,0,NVIDIA H200,I64,U64,512,20,8,2,1000000000,64,Yes,,,,,,,,,,
pfp_bloom_filter_contains_unique_size_u64,0,NVIDIA H200,I64,U64,512,20,8,2,1000000000,128,Yes,,,,,,,,,,
pfp_bloom_filter_contains_unique_size_u64,0,NVIDIA H200,I64,U64,512,20,8,2,1000000000,256,Yes,,,,,,,,,,
pfp_bloom_filter_contains_unique_size_u64,0,NVIDIA H200,I64,U64,512,20,8,2,1000000000,512,Yes,,,,,,,,,,
pfp_bloom_filter_contains_unique_size_u64,0,NVIDIA H200,I64,U64,512,20,8,2,1000000000,1024,Yes,,,,,,,,,,
pfp_bloom_filter_contains_unique_size_u64,0,NVIDIA H200,I64,U64,512,20,8,2,1000000000,2048,Yes,,,,,,,,,,
pfp_bloom_filter_contains_unique_size_u64,0,NVIDIA H200,I64,U64,512,20,8,4,1000000000,1,Yes,,,,,,,,,,
pfp_bloom_filter_contains_unique_size_u64,0,NVIDIA H200,I64,U64,512,20,8,4,1000000000,2,Yes,,,,,,,,,,
pfp_bloom_filter_contains_unique_size_u64,0,NVIDIA H200,I64,U64,512,20,8,4,1000000000,4,Yes,,,,,,,,,,
pfp_bloom_filter_contains_unique_size_u64,0,NVIDIA H200,I64,U64,512,20,8,4,1000000000,8,Yes,,,,,,,,,,
pfp_bloom_filter_contains_unique_size_u64,0,NVIDIA H200,I64,U64,512,20,8,4,1000000000,16,Yes,,,,,,,,,,
pfp_bloom_filter_contains_unique_size_u64,0,NVIDIA H200,I64,U64,512,20,8,4,1000000000,32,Yes,,,,,,,,,,
pfp_bloom_filter_contains_unique_size_u64,0,NVIDIA H200,I64,U64,512,20,8,4,1000000000,64,Yes,,,,,,,,,,
pfp_bloom_filter_contains_unique_size_u64,0,NVIDIA H200,I64,U64,512,20,8,4,1000000000,128,Yes,,,,,,,,,,
pfp_bloom_filter_contains_unique_size_u64,0,NVIDIA H200,I64,U64,512,20,8,4,1000000000,256,Yes,,,,,,,,,,
pfp_bloom_filter_contains_unique_size_u64,0,NVIDIA H200,I64,U64,512,20,8,4,1000000000,512,Yes,,,,,,,,,,
pfp_bloom_filter_contains_unique_size_u64,0,NVIDIA H200,I64,U64,512,20,8,4,1000000000,1024,Yes,,,,,,,,,,
pfp_bloom_filter_contains_unique_size_u64,0,NVIDIA H200,I64,U64,512,20,8,4,1000000000,2048,Yes,,,,,,,,,,
pfp_bloom_filter_contains_unique_size_u64,0,NVIDIA H200,I64,U64,512,20,8,8,1000000000,1,Yes,,,,,,,,,,
pfp_bloom_filter_contains_unique_size_u64,0,NVIDIA H200,I64,U64,512,20,8,8,1000000000,2,Yes,,,,,,,,,,
pfp_bloom_filter_contains_unique_size_u64,0,NVIDIA H200,I64,U64,512,20,8,8,1000000000,4,Yes,,,,,,,,,,
pfp_bloom_filter_contains_unique_size_u64,0,NVIDIA H200,I64,U64,512,20,8,8,1000000000,8,Yes,,,,,,,,,,
pfp_bloom_filter_contains_unique_size_u64,0,NVIDIA H200,I64,U64,512,20,8,8,1000000000,16,Yes,,,,,,,,,,
pfp_bloom_filter_contains_unique_size_u64,0,NVIDIA H200,I64,U64,512,20,8,8,1000000000,32,Yes,,,,,,,,,,
pfp_bloom_filter_contains_unique_size_u64,0,NVIDIA H200,I64,U64,512,20,8,8,1000000000,64,Yes,,,,,,,,,,
pfp_bloom_filter_contains_unique_size_u64,0,NVIDIA H200,I64,U64,512,20,8,8,1000000000,128,Yes,,,,,,,,,,
pfp_bloom_filter_contains_unique_size_u64,0,NVIDIA H200,I64,U64,512,20,8,8,1000000000,256,Yes,,,,,,,,,,
pfp_bloom_filter_contains_unique_size_u64,0,NVIDIA H200,I64,U64,512,20,8,8,1000000000,512,Yes,,,,,,,,,,
pfp_bloom_filter_contains_unique_size_u64,0,NVIDIA H200,I64,U64,512,20,8,8,1000000000,1024,Yes,,,,,,,,,,
pfp_bloom_filter_contains_unique_size_u64,0,NVIDIA H200,I64,U64,512,20,8,8,1000000000,2048,Yes,,,,,,,,,,
