Benchmark,Device,Device Name,Key,Word,BlockBits,PatternBitsPerWord,HorizontalLayout,VerticalLayout,NumInputs,FilterSizeMB,Skipped,FalsePositiveRate,PatternBits,Samples,CPU Time (sec),Noise,GPU Time (sec),Noise,Elem/s (elem/sec),Samples,Batch GPU (sec)
pfp_bloom_filter_contains_unique_size_u32,0,NVIDIA H200,I64,U32,32,1,1,1,1000000000,1,No,0.393433766,1,74,0.006816338689189189,0.018789116343308564,0.006788286711718584,0.0002746659430621175,147312575686.24866,77,0.006789040305397727
pfp_bloom_filter_contains_unique_size_u32,0,NVIDIA H200,I64,U32,32,1,1,1,1000000000,2,No,0.393446641,1,71,0.007104871014084507,0.0001695651449973014,0.007091808446696106,0.0001341431168500695,141007756697.92303,74,0.007088455612595016
pfp_bloom_filter_contains_unique_size_u32,0,NVIDIA H200,I64,U32,32,1,1,1,1000000000,4,No,0.393453315,1,70,0.007258889428571426,0.00020467131936737743,0.007245329366411484,0.00015771485006126605,138019950429.84317,72,0.0072415610419379346
pfp_bloom_filter_contains_unique_size_u32,0,NVIDIA H200,I64,U32,32,1,1,1,1000000000,8,No,0.393441574,1,69,0.007323286739130436,0.00016572560527319485,0.007310244159422058,0.00014957622153252638,136794336576.4488,71,0.007306719712808099
pfp_bloom_filter_contains_unique_size_u32,0,NVIDIA H200,I64,U32,32,1,1,1,1000000000,16,No,0.393442645,1,69,0.007363420289855074,0.00014935772599504257,0.007350334595942845,0.00013039410942454284,136048228410.16908,71,0.007343156841439261
pfp_bloom_filter_contains_unique_size_u32,0,NVIDIA H200,I64,U32,32,1,1,1,1000000000,32,No,0.393462448,1,52,0.009672847576923079,0.0001119800648489682,0.009659655350905199,8.564174603328643e-05,103523362239.44997,54,0.009647666648582177
pfp_bloom_filter_contains_unique_size_u32,0,NVIDIA H200,I64,U32,32,1,1,1,1000000000,64,No,0.393450627,1,31,0.016457699806451617,0.0002575996719426035,0.016444203284478955,0.00025223768816024785,60811702622.51994,32,0.016431156158447265
pfp_bloom_filter_contains_unique_size_u32,0,NVIDIA H200,I64,U32,32,1,1,1,1000000000,128,No,0.393470351,1,23,0.02207064339130435,0.0002034392402484475,0.022057487239008366,0.00019979239452368248,45336079724.96131,24,0.022047830025355025
pfp_bloom_filter_contains_unique_size_u32,0,NVIDIA H200,I64,U32,32,1,1,1,1000000000,256,No,0.393477503,1,20,0.025167647800000005,0.00012040272298381468,0.02515423851013184,0.00012348818752692885,39754731577.23345,21,0.02514447012401762
pfp_bloom_filter_contains_unique_size_u32,0,NVIDIA H200,I64,U32,32,1,1,1,1000000000,512,No,0.393462029,1,19,0.02675576684210526,0.00015554996575706042,0.026742381848787,0.0001465775879191137,37393826984.239204,20,0.02673047180175781
pfp_bloom_filter_contains_unique_size_u32,0,NVIDIA H200,I64,U32,32,1,1,1,1000000000,1024,No,0.393468507,1,19,0.027561599052631586,0.00014798114011600776,0.027548023625424033,0.00014315689675950134,36300244750.665215,20,0.027537554359436035
pfp_bloom_filter_contains_unique_size_u32,0,NVIDIA H200,I64,U32,32,1,1,1,1000000000,2048,No,0.393467879,1,18,0.02796626805555556,0.0001610467296228363,0.027952784008449985,0.00015650579802677547,35774611920.50513,19,0.027942781548751027
pfp_bloom_filter_contains_unique_size_u32,0,NVIDIA H200,I64,U32,32,1,1,2,1000000000,1,Yes,,,,,,,,,,
pfp_bloom_filter_contains_unique_size_u32,0,NVIDIA H200,I64,U32,32,1,1,2,1000000000,2,Yes,,,,,,,,,,
pfp_bloom_filter_contains_unique_size_u32,0,NVIDIA H200,I64,U32,32,1,1,2,1000000000,4,Yes,,,,,,,,,,
pfp_bloom_filter_contains_unique_size_u32,0,NVIDIA H200,I64,U32,32,1,1,2,1000000000,8,Yes,,,,,,,,,,
pfp_bloom_filter_contains_unique_size_u32,0,NVIDIA H200,I64,U32,32,1,1,2,1000000000,16,Yes,,,,,,,,,,
pfp_bloom_filter_contains_unique_size_u32,0,NVIDIA H200,I64,U32,32,1,1,2,1000000000,32,Yes,,,,,,,,,,
pfp_bloom_filter_contains_unique_size_u32,0,NVIDIA H200,I64,U32,32,1,1,2,1000000000,64,Yes,,,,,,,,,,
pfp_bloom_filter_contains_unique_size_u32,0,NVIDIA H200,I64,U32,32,1,1,2,1000000000,128,Yes,,,,,,,,,,
pfp_bloom_filter_contains_unique_size_u32,0,NVIDIA H200,I64,U32,32,1,1,2,1000000000,256,Yes,,,,,,,,,,
pfp_bloom_filter_contains_unique_size_u32,0,NVIDIA H200,I64,U32,32,1,1,2,1000000000,512,Yes,,,,,,,,,,
pfp_bloom_filter_contains_unique_size_u32,0,NVIDIA H200,I64,U32,32,1,1,2,1000000000,1024,Yes,,,,,,,,,,
pfp_bloom_filter_contains_unique_size_u32,0,NVIDIA H200,I64,U32,32,1,1,2,1000000000,2048,Yes,,,,,,,,,,
pfp_bloom_filter_contains_unique_size_u32,0,NVIDIA H200,I64,U32,32,1,1,4,1000000000,1,Yes,,,,,,,,,,
pfp_bloom_filter_contains_unique_size_u32,0,NVIDIA H200,I64,U32,32,1,1,4,1000000000,2,Yes,,,,,,,,,,
pfp_bloom_filter_contains_unique_size_u32,0,NVIDIA H200,I64,U32,32,1,1,4,1000000000,4,Yes,,,,,,,,,,
pfp_bloom_filter_contains_unique_size_u32,0,NVIDIA H200,I64,U32,32,1,1,4,1000000000,8,Yes,,,,,,,,,,
pfp_bloom_filter_contains_unique_size_u32,0,NVIDIA H200,I64,U32,32,1,1,4,1000000000,16,Yes,,,,,,,,,,
pfp_bloom_filter_contains_unique_size_u32,0,NVIDIA H200,I64,U32,32,1,1,4,1000000000,32,Yes,,,,,,,,,,
pfp_bloom_filter_contains_unique_size_u32,0,NVIDIA H200,I64,U32,32,1,1,4,1000000000,64,Yes,,,,,,,,,,
pfp_bloom_filter_contains_unique_size_u32,0,NVIDIA H200,I64,U32,32,1,1,4,1000000000,128,Yes,,,,,,,,,,
pfp_bloom_filter_contains_unique_size_u32,0,NVIDIA H200,I64,U32,32,1,1,4,1000000000,256,Yes,,,,,,,,,,
pfp_bloom_filter_contains_unique_size_u32,0,NVIDIA H200,I64,U32,32,1,1,4,1000000000,512,Yes,,,,,,,,,,
pfp_bloom_filter_contains_unique_size_u32,0,NVIDIA H200,I64,U32,32,1,1,4,1000000000,1024,Yes,,,,,,,,,,
pfp_bloom_filter_contains_unique_size_u32,0,NVIDIA H200,I64,U32,32,1,1,4,1000000000,2048,Yes,,,,,,,,,,
pfp_bloom_filter_contains_unique_size_u32,0,NVIDIA H200,I64,U32,32,1,1,8,1000000000,1,Yes,,,,,,,,,,
pfp_bloom_filter_contains_unique_size_u32,0,NVIDIA H200,I64,U32,32,1,1,8,1000000000,2,Yes,,,,,,,,,,
pfp_bloom_filter_contains_unique_size_u32,0,NVIDIA H200,I64,U32,32,1,1,8,1000000000,4,Yes,,,,,,,,,,
pfp_bloom_filter_contains_unique_size_u32,0,NVIDIA H200,I64,U32,32,1,1,8,1000000000,8,Yes,,,,,,,,,,
pfp_bloom_filter_contains_unique_size_u32,0,NVIDIA H200,I64,U32,32,1,1,8,1000000000,16,Yes,,,,,,,,,,
pfp_bloom_filter_contains_unique_size_u32,0,NVIDIA H200,I64,U32,32,1,1,8,1000000000,32,Yes,,,,,,,,,,
pfp_bloom_filter_contains_unique_size_u32,0,NVIDIA H200,I64,U32,32,1,1,8,1000000000,64,Yes,,,,,,,,,,
pfp_bloom_filter_contains_unique_size_u32,0,NVIDIA H200,I64,U32,32,1,1,8,1000000000,128,Yes,,,,,,,,,,
pfp_bloom_filter_contains_unique_size_u32,0,NVIDIA H200,I64,U32,32,1,1,8,1000000000,256,Yes,,,,,,,,,,
pfp_bloom_filter_contains_unique_size_u32,0,NVIDIA H200,I64,U32,32,1,1,8,1000000000,512,Yes,,,,,,,,,,
pfp_bloom_filter_contains_unique_size_u32,0,NVIDIA H200,I64,U32,32,1,1,8,1000000000,1024,Yes,,,,,,,,,,
pfp_bloom_filter_contains_unique_size_u32,0,NVIDIA H200,I64,U32,32,1,1,8,1000000000,2048,Yes,,,,,,,,,,
pfp_bloom_filter_contains_unique_size_u32,0,NVIDIA H200,I64,U32,32,1,2,1,1000000000,1,Yes,,,,,,,,,,
pfp_bloom_filter_contains_unique_size_u32,0,NVIDIA H200,I64,U32,32,1,2,1,1000000000,2,Yes,,,,,,,,,,
pfp_bloom_filter_contains_unique_size_u32,0,NVIDIA H200,I64,U32,32,1,2,1,1000000000,4,Yes,,,,,,,,,,
pfp_bloom_filter_contains_unique_size_u32,0,NVIDIA H200,I64,U32,32,1,2,1,1000000000,8,Yes,,,,,,,,,,
pfp_bloom_filter_contains_unique_size_u32,0,NVIDIA H200,I64,U32,32,1,2,1,1000000000,16,Yes,,,,,,,,,,
pfp_bloom_filter_contains_unique_size_u32,0,NVIDIA H200,I64,U32,32,1,2,1,1000000000,32,Yes,,,,,,,,,,
pfp_bloom_filter_contains_unique_size_u32,0,NVIDIA H200,I64,U32,32,1,2,1,1000000000,64,Yes,,,,,,,,,,
pfp_bloom_filter_contains_unique_size_u32,0,NVIDIA H200,I64,U32,32,1,2,1,1000000000,128,Yes,,,,,,,,,,
pfp_bloom_filter_contains_unique_size_u32,0,NVIDIA H200,I64,U32,32,1,2,1,1000000000,256,Yes,,,,,,,,,,
pfp_bloom_filter_contains_unique_size_u32,0,NVIDIA H200,I64,U32,32,1,2,1,1000000000,512,Yes,,,,,,,,,,
pfp_bloom_filter_contains_unique_size_u32,0,NVIDIA H200,I64,U32,32,1,2,1,1000000000,1024,Yes,,,,,,,,,,
pfp_bloom_filter_contains_unique_size_u32,0,NVIDIA H200,I64,U32,32,1,2,1,1000000000,2048,Yes,,,,,,,,,,
pfp_bloom_filter_contains_unique_size_u32,0,NVIDIA H200,I64,U32,32,1,2,2,1000000000,1,Yes,,,,,,,,,,
pfp_bloom_filter_contains_unique_size_u32,0,NVIDIA H200,I64,U32,32,1,2,2,1000000000,2,Yes,,,,,,,,,,
pfp_bloom_filter_contains_unique_size_u32,0,NVIDIA H200,I64,U32,32,1,2,2,1000000000,4,Yes,,,,,,,,,,
pfp_bloom_filter_contains_unique_size_u32,0,NVIDIA H200,I64,U32,32,1,2,2,1000000000,8,Yes,,,,,,,,,,
pfp_bloom_filter_contains_unique_size_u32,0,NVIDIA H200,I64,U32,32,1,2,2,1000000000,16,Yes,,,,,,,,,,
pfp_bloom_filter_contains_unique_size_u32,0,NVIDIA H200,I64,U32,32,1,2,2,1000000000,32,Yes,,,,,,,,,,
pfp_bloom_filter_contains_unique_size_u32,0,NVIDIA H200,I64,U32,32,1,2,2,1000000000,64,Yes,,,,,,,,,,
pfp_bloom_filter_contains_unique_size_u32,0,NVIDIA H200,I64,U32,32,1,2,2,1000000000,128,Yes,,,,,,,,,,
pfp_bloom_filter_contains_unique_size_u32,0,NVIDIA H200,I64,U32,32,1,2,2,1000000000,256,Yes,,,,,,,,,,
pfp_bloom_filter_contains_unique_size_u32,0,NVIDIA H200,I64,U32,32,1,2,2,1000000000,512,Yes,,,,,,,,,,
pfp_bloom_filter_contains_unique_size_u32,0,NVIDIA H200,I64,U32,32,1,2,2,1000000000,1024,Yes,,,,,,,,,,
pfp_bloom_filter_contains_unique_size_u32,0,NVIDIA H200,I64,U32,32,1,2,2,1000000000,2048,Yes,,,,,,,,,,
pfp_bloom_filter_contains_unique_size_u32,0,NVIDIA H200,I64,U32,32,1,2,4,1000000000,1,Yes,,,,,,,,,,
pfp_bloom_filter_contains_unique_size_u32,0,NVIDIA H200,I64,U32,32,1,2,4,1000000000,2,Yes,,,,,,,,,,
pfp_bloom_filter_contains_unique_size_u32,0,NVIDIA H200,I64,U32,32,1,2,4,1000000000,4,Yes,,,,,,,,,,
pfp_bloom_filter_contains_unique_size_u32,0,NVIDIA H200,I64,U32,32,1,2,4,1000000000,8,Yes,,,,,,,,,,
pfp_bloom_filter_contains_unique_size_u32,0,NVIDIA H200,I64,U32,32,1,2,4,1000000000,16,Yes,,,,,,,,,,
pfp_bloom_filter_contains_unique_size_u32,0,NVIDIA H200,I64,U32,32,1,2,4,1000000000,32,Yes,,,,,,,,,,
pfp_bloom_filter_contains_unique_size_u32,0,NVIDIA H200,I64,U32,32,1,2,4,1000000000,64,Yes,,,,,,,,,,
pfp_bloom_filter_contains_unique_size_u32,0,NVIDIA H200,I64,U32,32,1,2,4,1000000000,128,Yes,,,,,,,,,,
pfp_bloom_filter_contains_unique_size_u32,0,NVIDIA H200,I64,U32,32,1,2,4,1000000000,256,Yes,,,,,,,,,,
pfp_bloom_filter_contains_unique_size_u32,0,NVIDIA H200,I64,U32,32,1,2,4,1000000000,512,Yes,,,,,,,,,,
pfp_bloom_filter_contains_unique_size_u32,0,NVIDIA H200,I64,U32,32,1,2,4,1000000000,1024,Yes,,,,,,,,,,
pfp_bloom_filter_contains_unique_size_u32,0,NVIDIA H200,I64,U32,32,1,2,4,1000000000,2048,Yes,,,,,,,,,,
pfp_bloom_filter_contains_unique_size_u32,0,NVIDIA H200,I64,U32,32,1,2,8,1000000000,1,Yes,,,,,,,,,,
pfp_bloom_filter_contains_unique_size_u32,0,NVIDIA H200,I64,U32,32,1,2,8,1000000000,2,Yes,,,,,,,,,,
pfp_bloom_filter_contains_unique_size_u32,0,NVIDIA H200,I64,U32,32,1,2,8,1000000000,4,Yes,,,,,,,,,,
pfp_bloom_filter_contains_unique_size_u32,0,NVIDIA H200,I64,U32,32,1,2,8,1000000000,8,Yes,,,,,,,,,,
pfp_bloom_filter_contains_unique_size_u32,0,NVIDIA H200,I64,U32,32,1,2,8,1000000000,16,Yes,,,,,,,,,,
pfp_bloom_filter_contains_unique_size_u32,0,NVIDIA H200,I64,U32,32,1,2,8,1000000000,32,Yes,,,,,,,,,,
pfp_bloom_filter_contains_unique_size_u32,0,NVIDIA H200,I64,U32,32,1,2,8,1000000000,64,Yes,,,,,,,,,,
pfp_bloom_filter_contains_unique_size_u32,0,NVIDIA H200,I64,U32,32,1,2,8,1000000000,128,Yes,,,,,,,,,,
pfp_bloom_filter_contains_unique_size_u32,0,NVIDIA H200,I64,U32,32,1,2,8,1000000000,256,Yes,,,,,,,,,,
pfp_bloom_filter_contains_unique_size_u32,0,NVIDIA H200,I64,U32,32,1,2,8,1000000000,512,Yes,,,,,,,,,,
pfp_bloom_filter_contains_unique_size_u32,0,NVIDIA H200,I64,U32,32,1,2,8,1000000000,1024,Yes,,,,,,,,,,
pfp_bloom_filter_contains_unique_size_u32,0,NVIDIA H200,I64,U32,32,1,2,8,1000000000,2048,Yes,,,,,,,,,,
pfp_bloom_filter_contains_unique_size_u32,0,NVIDIA H200,I64,U32,32,1,4,1,1000000000,1,Yes,,,,,,,,,,
pfp_bloom_filter_contains_unique_size_u32,0,NVIDIA H200,I64,U32,32,1,4,1,1000000000,2,Yes,,,,,,,,,,
pfp_bloom_filter_contains_unique_size_u32,0,NVIDIA H200,I64,U32,32,1,4,1,1000000000,4,Yes,,,,,,,,,,
pfp_bloom_filter_contains_unique_size_u32,0,NVIDIA H200,I64,U32,32,1,4,1,1000000000,8,Yes,,,,,,,,,,
pfp_bloom_filter_contains_unique_size_u32,0,NVIDIA H200,I64,U32,32,1,4,1,1000000000,16,Yes,,,,,,,,,,
pfp_bloom_filter_contains_unique_size_u32,0,NVIDIA H200,I64,U32,32,1,4,1,1000000000,32,Yes,,,,,,,,,,
pfp_bloom_filter_contains_unique_size_u32,0,NVIDIA H200,I64,U32,32,1,4,1,1000000000,64,Yes,,,,,,,,,,
pfp_bloom_filter_contains_unique_size_u32,0,NVIDIA H200,I64,U32,32,1,4,1,1000000000,128,Yes,,,,,,,,,,
pfp_bloom_filter_contains_unique_size_u32,0,NVIDIA H200,I64,U32,32,1,4,1,1000000000,256,Yes,,,,,,,,,,
pfp_bloom_filter_contains_unique_size_u32,0,NVIDIA H200,I64,U32,32,1,4,1,1000000000,512,Yes,,,,,,,,,,
pfp_bloom_filter_contains_unique_size_u32,0,NVIDIA H200,I64,U32,32,1,4,1,1000000000,1024,Yes,,,,,,,,,,
pfp_bloom_filter_contains_unique_size_u32,0,NVIDIA H200,I64,U32,32,1,4,1,1000000000,2048,Yes,,,,,,,,,,
pfp_bloom_filter_contains_unique_size_u32,0,NVIDIA H200,I64,U32,32,1,4,2,1000000000,1,Yes,,,,,,,,,,
pfp_bloom_filter_contains_unique_size_u32,0,NVIDIA H200,I64,U32,32,1,4,2,1000000000,2,Yes,,,,,,,,,,
pfp_bloom_filter_contains_unique_size_u32,0,NVIDIA H200,I64,U32,32,1,4,2,1000000000,4,Yes,,,,,,,,,,
pfp_bloom_filter_contains_unique_size_u32,0,NVIDIA H200,I64,U32,32,1,4,2,1000000000,8,Yes,,,,,,,,,,
pfp_bloom_filter_contains_unique_size_u32,0,NVIDIA H200,I64,U32,32,1,4,2,1000000000,16,Yes,,,,,,,,,,
pfp_bloom_filter_contains_unique_size_u32,0,NVIDIA H200,I64,U32,32,1,4,2,1000000000,32,Yes,,,,,,,,,,
pfp_bloom_filter_contains_unique_size_u32,0,NVIDIA H200,I64,U32,32,1,4,2,1000000000,64,Yes,,,,,,,,,,
pfp_bloom_filter_contains_unique_size_u32,0,NVIDIA H200,I64,U32,32,1,4,2,1000000000,128,Yes,,,,,,,,,,
pfp_bloom_filter_contains_unique_size_u32,0,NVIDIA H200,I64,U32,32,1,4,2,1000000000,256,Yes,,,,,,,,,,
pfp_bloom_filter_contains_unique_size_u32,0,NVIDIA H200,I64,U32,32,1,4,2,1000000000,512,Yes,,,,,,,,,,
pfp_bloom_filter_contains_unique_size_u32,0,NVIDIA H200,I64,U32,32,1,4,2,1000000000,1024,Yes,,,,,,,,,,
pfp_bloom_filter_contains_unique_size_u32,0,NVIDIA H200,I64,U32,32,1,4,2,1000000000,2048,Yes,,,,,,,,,,
pfp_bloom_filter_contains_unique_size_u32,0,NVIDIA H200,I64,U32,32,1,4,4,1000000000,1,Yes,,,,,,,,,,
pfp_bloom_filter_contains_unique_size_u32,0,NVIDIA H200,I64,U32,32,1,4,4,1000000000,2,Yes,,,,,,,,,,
pfp_bloom_filter_contains_unique_size_u32,0,NVIDIA H200,I64,U32,32,1,4,4,1000000000,4,Yes,,,,,,,,,,
pfp_bloom_filter_contains_unique_size_u32,0,NVIDIA H200,I64,U32,32,1,4,4,1000000000,8,Yes,,,,,,,,,,
pfp_bloom_filter_contains_unique_size_u32,0,NVIDIA H200,I64,U32,32,1,4,4,1000000000,16,Yes,,,,,,,,,,
pfp_bloom_filter_contains_unique_size_u32,0,NVIDIA H200,I64,U32,32,1,4,4,1000000000,32,Yes,,,,,,,,,,
pfp_bloom_filter_contains_unique_size_u32,0,NVIDIA H200,I64,U32,32,1,4,4,1000000000,64,Yes,,,,,,,,,,
pfp_bloom_filter_contains_unique_size_u32,0,NVIDIA H200,I64,U32,32,1,4,4,1000000000,128,Yes,,,,,,,,,,
pfp_bloom_filter_contains_unique_size_u32,0,NVIDIA H200,I64,U32,32,1,4,4,1000000000,256,Yes,,,,,,,,,,
pfp_bloom_filter_contains_unique_size_u32,0,NVIDIA H200,I64,U32,32,1,4,4,1000000000,512,Yes,,,,,,,,,,
pfp_bloom_filter_contains_unique_size_u32,0,NVIDIA H200,I64,U32,32,1,4,4,1000000000,1024,Yes,,,,,,,,,,
pfp_bloom_filter_contains_unique_size_u32,0,NVIDIA H200,I64,U32,32,1,4,4,1000000000,2048,Yes,,,,,,,,,,
pfp_bloom_filter_contains_unique_size_u32,0,NVIDIA H200,I64,U32,32,1,4,8,1000000000,1,Yes,,,,,,,,,,
pfp_bloom_filter_contains_unique_size_u32,0,NVIDIA H200,I64,U32,32,1,4,8,1000000000,2,Yes,,,,,,,,,,
pfp_bloom_filter_contains_unique_size_u32,0,NVIDIA H200,I64,U32,32,1,4,8,1000000000,4,Yes,,,,,,,,,,
pfp_bloom_filter_contains_unique_size_u32,0,NVIDIA H200,I64,U32,32,1,4,8,1000000000,8,Yes,,,,,,,,,,
pfp_bloom_filter_contains_unique_size_u32,0,NVIDIA H200,I64,U32,32,1,4,8,1000000000,16,Yes,,,,,,,,,,
pfp_bloom_filter_contains_unique_size_u32,0,NVIDIA H200,I64,U32,32,1,4,8,1000000000,32,Yes,,,,,,,,,,
pfp_bloom_filter_contains_unique_size_u32,0,NVIDIA H200,I64,U32,32,1,4,8,1000000000,64,Yes,,,,,,,,,,
pfp_bloom_filter_contains_unique_size_u32,0,NVIDIA H200,I64,U32,32,1,4,8,1000000000,128,Yes,,,,,,,,,,
pfp_bloom_filter_contains_unique_size_u32,0,NVIDIA H200,I64,U32,32,1,4,8,1000000000,256,Yes,,,,,,,,,,
pfp_bloom_filter_contains_unique_size_u32,0,NVIDIA H200,I64,U32,32,1,4,8,1000000000,512,Yes,,,,,,,,,,
pfp_bloom_filter_contains_unique_size_u32,0,NVIDIA H200,I64,U32,32,1,4,8,1000000000,1024,Yes,,,,,,,,,,
pfp_bloom_filter_contains_unique_size_u32,0,NVIDIA H200,I64,U32,32,1,4,8,1000000000,2048,Yes,,,,,,,,,,
pfp_bloom_filter_contains_unique_size_u32,0,NVIDIA H200,I64,U32,32,1,8,1,1000000000,1,Yes,,,,,,,,,,
pfp_bloom_filter_contains_unique_size_u32,0,NVIDIA H200,I64,U32,32,1,8,1,1000000000,2,Yes,,,,,,,,,,
pfp_bloom_filter_contains_unique_size_u32,0,NVIDIA H200,I64,U32,32,1,8,1,1000000000,4,Yes,,,,,,,,,,
pfp_bloom_filter_contains_unique_size_u32,0,NVIDIA H200,I64,U32,32,1,8,1,1000000000,8,Yes,,,,,,,,,,
pfp_bloom_filter_contains_unique_size_u32,0,NVIDIA H200,I64,U32,32,1,8,1,1000000000,16,Yes,,,,,,,,,,
pfp_bloom_filter_contains_unique_size_u32,0,NVIDIA H200,I64,U32,32,1,8,1,1000000000,32,Yes,,,,,,,,,,
pfp_bloom_filter_contains_unique_size_u32,0,NVIDIA H200,I64,U32,32,1,8,1,1000000000,64,Yes,,,,,,,,,,
pfp_bloom_filter_contains_unique_size_u32,0,NVIDIA H200,I64,U32,32,1,8,1,1000000000,128,Yes,,,,,,,,,,
pfp_bloom_filter_contains_unique_size_u32,0,NVIDIA H200,I64,U32,32,1,8,1,1000000000,256,Yes,,,,,,,,,,
pfp_bloom_filter_contains_unique_size_u32,0,NVIDIA H200,I64,U32,32,1,8,1,1000000000,512,Yes,,,,,,,,,,
pfp_bloom_filter_contains_unique_size_u32,0,NVIDIA H200,I64,U32,32,1,8,1,1000000000,1024,Yes,,,,,,,,,,
pfp_bloom_filter_contains_unique_size_u32,0,NVIDIA H200,I64,U32,32,1,8,1,1000000000,2048,Yes,,,,,,,,,,
pfp_bloom_filter_contains_unique_size_u32,0,NVIDIA H200,I64,U32,32,1,8,2,1000000000,1,Yes,,,,,,,,,,
pfp_bloom_filter_contains_unique_size_u32,0,NVIDIA H200,I64,U32,32,1,8,2,1000000000,2,Yes,,,,,,,,,,
pfp_bloom_filter_contains_unique_size_u32,0,NVIDIA H200,I64,U32,32,1,8,2,1000000000,4,Yes,,,,,,,,,,
pfp_bloom_filter_contains_unique_size_u32,0,NVIDIA H200,I64,U32,32,1,8,2,1000000000,8,Yes,,,,,,,,,,
pfp_bloom_filter_contains_unique_size_u32,0,NVIDIA H200,I64,U32,32,1,8,2,1000000000,16,Yes,,,,,,,,,,
pfp_bloom_filter_contains_unique_size_u32,0,NVIDIA H200,I64,U32,32,1,8,2,1000000000,32,Yes,,,,,,,,,,
pfp_bloom_filter_contains_unique_size_u32,0,NVIDIA H200,I64,U32,32,1,8,2,1000000000,64,Yes,,,,,,,,,,
pfp_bloom_filter_contains_unique_size_u32,0,NVIDIA H200,I64,U32,32,1,8,2,1000000000,128,Yes,,,,,,,,,,
pfp_bloom_filter_contains_unique_size_u32,0,NVIDIA H200,I64,U32,32,1,8,2,1000000000,256,Yes,,,,,,,,,,
pfp_bloom_filter_contains_unique_size_u32,0,NVIDIA H200,I64,U32,32,1,8,2,1000000000,512,Yes,,,,,,,,,,
pfp_bloom_filter_contains_unique_size_u32,0,NVIDIA H200,I64,U32,32,1,8,2,1000000000,1024,Yes,,,,,,,,,,
pfp_bloom_filter_contains_unique_size_u32,0,NVIDIA H200,I64,U32,32,1,8,2,1000000000,2048,Yes,,,,,,,,,,
pfp_bloom_filter_contains_unique_size_u32,0,NVIDIA H200,I64,U32,32,1,8,4,1000000000,1,Yes,,,,,,,,,,
pfp_bloom_filter_contains_unique_size_u32,0,NVIDIA H200,I64,U32,32,1,8,4,1000000000,2,Yes,,,,,,,,,,
pfp_bloom_filter_contains_unique_size_u32,0,NVIDIA H200,I64,U32,32,1,8,4,1000000000,4,Yes,,,,,,,,,,
pfp_bloom_filter_contains_unique_size_u32,0,NVIDIA H200,I64,U32,32,1,8,4,1000000000,8,Yes,,,,,,,,,,
pfp_bloom_filter_contains_unique_size_u32,0,NVIDIA H200,I64,U32,32,1,8,4,1000000000,16,Yes,,,,,,,,,,
pfp_bloom_filter_contains_unique_size_u32,0,NVIDIA H200,I64,U32,32,1,8,4,1000000000,32,Yes,,,,,,,,,,
pfp_bloom_filter_contains_unique_size_u32,0,NVIDIA H200,I64,U32,32,1,8,4,1000000000,64,Yes,,,,,,,,,,
pfp_bloom_filter_contains_unique_size_u32,0,NVIDIA H200,I64,U32,32,1,8,4,1000000000,128,Yes,,,,,,,,,,
pfp_bloom_filter_contains_unique_size_u32,0,NVIDIA H200,I64,U32,32,1,8,4,1000000000,256,Yes,,,,,,,,,,
pfp_bloom_filter_contains_unique_size_u32,0,NVIDIA H200,I64,U32,32,1,8,4,1000000000,512,Yes,,,,,,,,,,
pfp_bloom_filter_contains_unique_size_u32,0,NVIDIA H200,I64,U32,32,1,8,4,1000000000,1024,Yes,,,,,,,,,,
pfp_bloom_filter_contains_unique_size_u32,0,NVIDIA H200,I64,U32,32,1,8,4,1000000000,2048,Yes,,,,,,,,,,
pfp_bloom_filter_contains_unique_size_u32,0,NVIDIA H200,I64,U32,32,1,8,8,1000000000,1,Yes,,,,,,,,,,
pfp_bloom_filter_contains_unique_size_u32,0,NVIDIA H200,I64,U32,32,1,8,8,1000000000,2,Yes,,,,,,,,,,
pfp_bloom_filter_contains_unique_size_u32,0,NVIDIA H200,I64,U32,32,1,8,8,1000000000,4,Yes,,,,,,,,,,
pfp_bloom_filter_contains_unique_size_u32,0,NVIDIA H200,I64,U32,32,1,8,8,1000000000,8,Yes,,,,,,,,,,
pfp_bloom_filter_contains_unique_size_u32,0,NVIDIA H200,I64,U32,32,1,8,8,1000000000,16,Yes,,,,,,,,,,
pfp_bloom_filter_contains_unique_size_u32,0,NVIDIA H200,I64,U32,32,1,8,8,1000000000,32,Yes,,,,,,,,,,
pfp_bloom_filter_contains_unique_size_u32,0,NVIDIA H200,I64,U32,32,1,8,8,1000000000,64,Yes,,,,,,,,,,
pfp_bloom_filter_contains_unique_size_u32,0,NVIDIA H200,I64,U32,32,1,8,8,1000000000,128,Yes,,,,,,,,,,
pfp_bloom_filter_contains_unique_size_u32,0,NVIDIA H200,I64,U32,32,1,8,8,1000000000,256,Yes,,,,,,,,,,
pfp_bloom_filter_contains_unique_size_u32,0,NVIDIA H200,I64,U32,32,1,8,8,1000000000,512,Yes,,,,,,,,,,
pfp_bloom_filter_contains_unique_size_u32,0,NVIDIA H200,I64,U32,32,1,8,8,1000000000,1024,Yes,,,,,,,,,,
pfp_bloom_filter_contains_unique_size_u32,0,NVIDIA H200,I64,U32,32,1,8,8,1000000000,2048,Yes,,,,,,,,,,
pfp_bloom_filter_contains_unique_size_u32,0,NVIDIA H200,I64,U32,32,20,1,1,1000000000,1,No,0.006238889,20,69,0.007303457666666667,0.000326090266423962,0.00728994039176167,0.0003118568902463203,137175332891.6236,72,0.0077177954779730894
pfp_bloom_filter_contains_unique_size_u32,0,NVIDIA H200,I64,U32,32,20,1,1,1000000000,2,No,0.006205391,20,68,0.007393177220588235,0.0011176572780088913,0.0073796042554518755,0.001111024755550313,135508621517.36983,71,0.007799493494168135
pfp_bloom_filter_contains_unique_size_u32,0,NVIDIA H200,I64,U32,32,20,1,1,1000000000,4,No,0.006247937,20,67,0.007529665,0.006191268610684802,0.007516168608594294,0.00619140929436049,133046509741.22096,68,0.007819977185305428
pfp_bloom_filter_contains_unique_size_u32,0,NVIDIA H200,I64,U32,32,20,1,1,1000000000,8,No,0.006263251,20,66,0.007612898651515154,0.009510475296654658,0.0075993701472426905,0.009526909458445788,131589852925.22354,67,0.0077706982057486
pfp_bloom_filter_contains_unique_size_u32,0,NVIDIA H200,I64,U32,32,20,1,1,1000000000,16,No,0.006235924,20,66,0.007668620424242423,0.009662017590270744,0.007655423973545882,0.009671964435539835,130626338065.09013,67,0.007770720980060635
pfp_bloom_filter_contains_unique_size_u32,0,NVIDIA H200,I64,U32,32,20,1,1,1000000000,32,No,0.006282138,20,52,0.00970989176923077,0.004836841302898876,0.009696279415717492,0.004841603180811462,103132341501.93921,54,0.009687941939742477
pfp_bloom_filter_contains_unique_size_u32,0,NVIDIA H200,I64,U32,32,20,1,1,1000000000,64,No,0.006265665,20,31,0.01647458296774194,0.0002316190488090523,0.016461119128811742,0.00023003453488845644,60749211045.42093,32,0.016452726542949676
pfp_bloom_filter_contains_unique_size_u32,0,NVIDIA H200,I64,U32,32,20,1,1,1000000000,128,No,0.006252552,20,23,0.02206316156521739,0.0001688000845221149,0.022049524887748386,0.0001639091137842107,45352451134.02152,24,0.02203939771652222
pfp_bloom_filter_contains_unique_size_u32,0,NVIDIA H200,I64,U32,32,20,1,1,1000000000,256,No,0.006266325,20,20,0.025169220350000004,0.00011315469803172827,0.02515566539764404,0.0001160650972807239,39752476596.928154,21,0.025144772484188987
pfp_bloom_filter_contains_unique_size_u32,0,NVIDIA H200,I64,U32,32,20,1,1,1000000000,512,No,0.006253099,20,19,0.026756446368421057,0.00011029428423217608,0.026742661024394793,0.00010582666177821736,37393436617.537605,20,0.02673550863265991
pfp_bloom_filter_contains_unique_size_u32,0,NVIDIA H200,I64,U32,32,20,1,1,1000000000,1024,No,0.006254759,20,19,0.027559562473684213,0.0001225505928645195,0.02754586460715846,0.00012388437233983534,36303089928.791916,20,0.027536052227020262
pfp_bloom_filter_contains_unique_size_u32,0,NVIDIA H200,I64,U32,32,20,1,1,1000000000,2048,No,0.006255643,20,18,0.027966052055555555,0.00017610228508096898,0.027952309184604215,0.0001730668986338593,35775219621.23929,19,0.02794146818863718
pfp_bloom_filter_contains_unique_size_u32,0,NVIDIA H200,I64,U32,32,20,1,2,1000000000,1,Yes,,,,,,,,,,
pfp_bloom_filter_contains_unique_size_u32,0,NVIDIA H200,I64,U32,32,20,1,2,1000000000,2,Yes,,,,,,,,,,
pfp_bloom_filter_contains_unique_size_u32,0,NVIDIA H200,I64,U32,32,20,1,2,1000000000,4,Yes,,,,,,,,,,
pfp_bloom_filter_contains_unique_size_u32,0,NVIDIA H200,I64,U32,32,20,1,2,1000000000,8,Yes,,,,,,,,,,
pfp_bloom_filter_contains_unique_size_u32,0,NVIDIA H200,I64,U32,32,20,1,2,1000000000,16,Yes,,,,,,,,,,
pfp_bloom_filter_contains_unique_size_u32,0,NVIDIA H200,I64,U32,32,20,1,2,1000000000,32,Yes,,,,,,,,,,
pfp_bloom_filter_contains_unique_size_u32,0,NVIDIA H200,I64,U32,32,20,1,2,1000000000,64,Yes,,,,,,,,,,
pfp_bloom_filter_contains_unique_size_u32,0,NVIDIA H200,I64,U32,32,20,1,2,1000000000,128,Yes,,,,,,,,,,
pfp_bloom_filter_contains_unique_size_u32,0,NVIDIA H200,I64,U32,32,20,1,2,1000000000,256,Yes,,,,,,,,,,
pfp_bloom_filter_contains_unique_size_u32,0,NVIDIA H200,I64,U32,32,20,1,2,1000000000,512,Yes,,,,,,,,,,
pfp_bloom_filter_contains_unique_size_u32,0,NVIDIA H200,I64,U32,32,20,1,2,1000000000,1024,Yes,,,,,,,,,,
pfp_bloom_filter_contains_unique_size_u32,0,NVIDIA H200,I64,U32,32,20,1,2,1000000000,2048,Yes,,,,,,,,,,
pfp_bloom_filter_contains_unique_size_u32,0,NVIDIA H200,I64,U32,32,20,1,4,1000000000,1,Yes,,,,,,,,,,
pfp_bloom_filter_contains_unique_size_u32,0,NVIDIA H200,I64,U32,32,20,1,4,1000000000,2,Yes,,,,,,,,,,
pfp_bloom_filter_contains_unique_size_u32,0,NVIDIA H200,I64,U32,32,20,1,4,1000000000,4,Yes,,,,,,,,,,
pfp_bloom_filter_contains_unique_size_u32,0,NVIDIA H200,I64,U32,32,20,1,4,1000000000,8,Yes,,,,,,,,,,
pfp_bloom_filter_contains_unique_size_u32,0,NVIDIA H200,I64,U32,32,20,1,4,1000000000,16,Yes,,,,,,,,,,
pfp_bloom_filter_contains_unique_size_u32,0,NVIDIA H200,I64,U32,32,20,1,4,1000000000,32,Yes,,,,,,,,,,
pfp_bloom_filter_contains_unique_size_u32,0,NVIDIA H200,I64,U32,32,20,1,4,1000000000,64,Yes,,,,,,,,,,
pfp_bloom_filter_contains_unique_size_u32,0,NVIDIA H200,I64,U32,32,20,1,4,1000000000,128,Yes,,,,,,,,,,
pfp_bloom_filter_contains_unique_size_u32,0,NVIDIA H200,I64,U32,32,20,1,4,1000000000,256,Yes,,,,,,,,,,
pfp_bloom_filter_contains_unique_size_u32,0,NVIDIA H200,I64,U32,32,20,1,4,1000000000,512,Yes,,,,,,,,,,
pfp_bloom_filter_contains_unique_size_u32,0,NVIDIA H200,I64,U32,32,20,1,4,1000000000,1024,Yes,,,,,,,,,,
pfp_bloom_filter_contains_unique_size_u32,0,NVIDIA H200,I64,U32,32,20,1,4,1000000000,2048,Yes,,,,,,,,,,
pfp_bloom_filter_contains_unique_size_u32,0,NVIDIA H200,I64,U32,32,20,1,8,1000000000,1,Yes,,,,,,,,,,
pfp_bloom_filter_contains_unique_size_u32,0,NVIDIA H200,I64,U32,32,20,1,8,1000000000,2,Yes,,,,,,,,,,
pfp_bloom_filter_contains_unique_size_u32,0,NVIDIA H200,I64,U32,32,20,1,8,1000000000,4,Yes,,,,,,,,,,
pfp_bloom_filter_contains_unique_size_u32,0,NVIDIA H200,I64,U32,32,20,1,8,1000000000,8,Yes,,,,,,,,,,
pfp_bloom_filter_contains_unique_size_u32,0,NVIDIA H200,I64,U32,32,20,1,8,1000000000,16,Yes,,,,,,,,,,
pfp_bloom_filter_contains_unique_size_u32,0,NVIDIA H200,I64,U32,32,20,1,8,1000000000,32,Yes,,,,,,,,,,
pfp_bloom_filter_contains_unique_size_u32,0,NVIDIA H200,I64,U32,32,20,1,8,1000000000,64,Yes,,,,,,,,,,
pfp_bloom_filter_contains_unique_size_u32,0,NVIDIA H200,I64,U32,32,20,1,8,1000000000,128,Yes,,,,,,,,,,
pfp_bloom_filter_contains_unique_size_u32,0,NVIDIA H200,I64,U32,32,20,1,8,1000000000,256,Yes,,,,,,,,,,
pfp_bloom_filter_contains_unique_size_u32,0,NVIDIA H200,I64,U32,32,20,1,8,1000000000,512,Yes,,,,,,,,,,
pfp_bloom_filter_contains_unique_size_u32,0,NVIDIA H200,I64,U32,32,20,1,8,1000000000,1024,Yes,,,,,,,,,,
pfp_bloom_filter_contains_unique_size_u32,0,NVIDIA H200,I64,U32,32,20,1,8,1000000000,2048,Yes,,,,,,,,,,
pfp_bloom_filter_contains_unique_size_u32,0,NVIDIA H200,I64,U32,32,20,2,1,1000000000,1,Yes,,,,,,,,,,
pfp_bloom_filter_contains_unique_size_u32,0,NVIDIA H200,I64,U32,32,20,2,1,1000000000,2,Yes,,,,,,,,,,
pfp_bloom_filter_contains_unique_size_u32,0,NVIDIA H200,I64,U32,32,20,2,1,1000000000,4,Yes,,,,,,,,,,
pfp_bloom_filter_contains_unique_size_u32,0,NVIDIA H200,I64,U32,32,20,2,1,1000000000,8,Yes,,,,,,,,,,
pfp_bloom_filter_contains_unique_size_u32,0,NVIDIA H200,I64,U32,32,20,2,1,1000000000,16,Yes,,,,,,,,,,
pfp_bloom_filter_contains_unique_size_u32,0,NVIDIA H200,I64,U32,32,20,2,1,1000000000,32,Yes,,,,,,,,,,
pfp_bloom_filter_contains_unique_size_u32,0,NVIDIA H200,I64,U32,32,20,2,1,1000000000,64,Yes,,,,,,,,,,
pfp_bloom_filter_contains_unique_size_u32,0,NVIDIA H200,I64,U32,32,20,2,1,1000000000,128,Yes,,,,,,,,,,
pfp_bloom_filter_contains_unique_size_u32,0,NVIDIA H200,I64,U32,32,20,2,1,1000000000,256,Yes,,,,,,,,,,
pfp_bloom_filter_contains_unique_size_u32,0,NVIDIA H200,I64,U32,32,20,2,1,1000000000,512,Yes,,,,,,,,,,
pfp_bloom_filter_contains_unique_size_u32,0,NVIDIA H200,I64,U32,32,20,2,1,1000000000,1024,Yes,,,,,,,,,,
pfp_bloom_filter_contains_unique_size_u32,0,NVIDIA H200,I64,U32,32,20,2,1,1000000000,2048,Yes,,,,,,,,,,
pfp_bloom_filter_contains_unique_size_u32,0,NVIDIA H200,I64,U32,32,20,2,2,1000000000,1,Yes,,,,,,,,,,
pfp_bloom_filter_contains_unique_size_u32,0,NVIDIA H200,I64,U32,32,20,2,2,1000000000,2,Yes,,,,,,,,,,
pfp_bloom_filter_contains_unique_size_u32,0,NVIDIA H200,I64,U32,32,20,2,2,1000000000,4,Yes,,,,,,,,,,
pfp_bloom_filter_contains_unique_size_u32,0,NVIDIA H200,I64,U32,32,20,2,2,1000000000,8,Yes,,,,,,,,,,
pfp_bloom_filter_contains_unique_size_u32,0,NVIDIA H200,I64,U32,32,20,2,2,1000000000,16,Yes,,,,,,,,,,
pfp_bloom_filter_contains_unique_size_u32,0,NVIDIA H200,I64,U32,32,20,2,2,1000000000,32,Yes,,,,,,,,,,
pfp_bloom_filter_contains_unique_size_u32,0,NVIDIA H200,I64,U32,32,20,2,2,1000000000,64,Yes,,,,,,,,,,
pfp_bloom_filter_contains_unique_size_u32,0,NVIDIA H200,I64,U32,32,20,2,2,1000000000,128,Yes,,,,,,,,,,
pfp_bloom_filter_contains_unique_size_u32,0,NVIDIA H200,I64,U32,32,20,2,2,1000000000,256,Yes,,,,,,,,,,
pfp_bloom_filter_contains_unique_size_u32,0,NVIDIA H200,I64,U32,32,20,2,2,1000000000,512,Yes,,,,,,,,,,
pfp_bloom_filter_contains_unique_size_u32,0,NVIDIA H200,I64,U32,32,20,2,2,1000000000,1024,Yes,,,,,,,,,,
pfp_bloom_filter_contains_unique_size_u32,0,NVIDIA H200,I64,U32,32,20,2,2,1000000000,2048,Yes,,,,,,,,,,
pfp_bloom_filter_contains_unique_size_u32,0,NVIDIA H200,I64,U32,32,20,2,4,1000000000,1,Yes,,,,,,,,,,
pfp_bloom_filter_contains_unique_size_u32,0,NVIDIA H200,I64,U32,32,20,2,4,1000000000,2,Yes,,,,,,,,,,
pfp_bloom_filter_contains_unique_size_u32,0,NVIDIA H200,I64,U32,32,20,2,4,1000000000,4,Yes,,,,,,,,,,
pfp_bloom_filter_contains_unique_size_u32,0,NVIDIA H200,I64,U32,32,20,2,4,1000000000,8,Yes,,,,,,,,,,
pfp_bloom_filter_contains_unique_size_u32,0,NVIDIA H200,I64,U32,32,20,2,4,1000000000,16,Yes,,,,,,,,,,
pfp_bloom_filter_contains_unique_size_u32,0,NVIDIA H200,I64,U32,32,20,2,4,1000000000,32,Yes,,,,,,,,,,
pfp_bloom_filter_contains_unique_size_u32,0,NVIDIA H200,I64,U32,32,20,2,4,1000000000,64,Yes,,,,,,,,,,
pfp_bloom_filter_contains_unique_size_u32,0,NVIDIA H200,I64,U32,32,20,2,4,1000000000,128,Yes,,,,,,,,,,
pfp_bloom_filter_contains_unique_size_u32,0,NVIDIA H200,I64,U32,32,20,2,4,1000000000,256,Yes,,,,,,,,,,
pfp_bloom_filter_contains_unique_size_u32,0,NVIDIA H200,I64,U32,32,20,2,4,1000000000,512,Yes,,,,,,,,,,
pfp_bloom_filter_contains_unique_size_u32,0,NVIDIA H200,I64,U32,32,20,2,4,1000000000,1024,Yes,,,,,,,,,,
pfp_bloom_filter_contains_unique_size_u32,0,NVIDIA H200,I64,U32,32,20,2,4,1000000000,2048,Yes,,,,,,,,,,
pfp_bloom_filter_contains_unique_size_u32,0,NVIDIA H200,I64,U32,32,20,2,8,1000000000,1,Yes,,,,,,,,,,
pfp_bloom_filter_contains_unique_size_u32,0,NVIDIA H200,I64,U32,32,20,2,8,1000000000,2,Yes,,,,,,,,,,
pfp_bloom_filter_contains_unique_size_u32,0,NVIDIA H200,I64,U32,32,20,2,8,1000000000,4,Yes,,,,,,,,,,
pfp_bloom_filter_contains_unique_size_u32,0,NVIDIA H200,I64,U32,32,20,2,8,1000000000,8,Yes,,,,,,,,,,
pfp_bloom_filter_contains_unique_size_u32,0,NVIDIA H200,I64,U32,32,20,2,8,1000000000,16,Yes,,,,,,,,,,
pfp_bloom_filter_contains_unique_size_u32,0,NVIDIA H200,I64,U32,32,20,2,8,1000000000,32,Yes,,,,,,,,,,
pfp_bloom_filter_contains_unique_size_u32,0,NVIDIA H200,I64,U32,32,20,2,8,1000000000,64,Yes,,,,,,,,,,
pfp_bloom_filter_contains_unique_size_u32,0,NVIDIA H200,I64,U32,32,20,2,8,1000000000,128,Yes,,,,,,,,,,
pfp_bloom_filter_contains_unique_size_u32,0,NVIDIA H200,I64,U32,32,20,2,8,1000000000,256,Yes,,,,,,,,,,
pfp_bloom_filter_contains_unique_size_u32,0,NVIDIA H200,I64,U32,32,20,2,8,1000000000,512,Yes,,,,,,,,,,
pfp_bloom_filter_contains_unique_size_u32,0,NVIDIA H200,I64,U32,32,20,2,8,1000000000,1024,Yes,,,,,,,,,,
pfp_bloom_filter_contains_unique_size_u32,0,NVIDIA H200,I64,U32,32,20,2,8,1000000000,2048,Yes,,,,,,,,,,
pfp_bloom_filter_contains_unique_size_u32,0,NVIDIA H200,I64,U32,32,20,4,1,1000000000,1,Yes,,,,,,,,,,
pfp_bloom_filter_contains_unique_size_u32,0,NVIDIA H200,I64,U32,32,20,4,1,1000000000,2,Yes,,,,,,,,,,
pfp_bloom_filter_contains_unique_size_u32,0,NVIDIA H200,I64,U32,32,20,4,1,1000000000,4,Yes,,,,,,,,,,
pfp_bloom_filter_contains_unique_size_u32,0,NVIDIA H200,I64,U32,32,20,4,1,1000000000,8,Yes,,,,,,,,,,
pfp_bloom_filter_contains_unique_size_u32,0,NVIDIA H200,I64,U32,32,20,4,1,1000000000,16,Yes,,,,,,,,,,
pfp_bloom_filter_contains_unique_size_u32,0,NVIDIA H200,I64,U32,32,20,4,1,1000000000,32,Yes,,,,,,,,,,
pfp_bloom_filter_contains_unique_size_u32,0,NVIDIA H200,I64,U32,32,20,4,1,1000000000,64,Yes,,,,,,,,,,
pfp_bloom_filter_contains_unique_size_u32,0,NVIDIA H200,I64,U32,32,20,4,1,1000000000,128,Yes,,,,,,,,,,
pfp_bloom_filter_contains_unique_size_u32,0,NVIDIA H200,I64,U32,32,20,4,1,1000000000,256,Yes,,,,,,,,,,
pfp_bloom_filter_contains_unique_size_u32,0,NVIDIA H200,I64,U32,32,20,4,1,1000000000,512,Yes,,,,,,,,,,
pfp_bloom_filter_contains_unique_size_u32,0,NVIDIA H200,I64,U32,32,20,4,1,1000000000,1024,Yes,,,,,,,,,,
pfp_bloom_filter_contains_unique_size_u32,0,NVIDIA H200,I64,U32,32,20,4,1,1000000000,2048,Yes,,,,,,,,,,
pfp_bloom_filter_contains_unique_size_u32,0,NVIDIA H200,I64,U32,32,20,4,2,1000000000,1,Yes,,,,,,,,,,
pfp_bloom_filter_contains_unique_size_u32,0,NVIDIA H200,I64,U32,32,20,4,2,1000000000,2,Yes,,,,,,,,,,
pfp_bloom_filter_contains_unique_size_u32,0,NVIDIA H200,I64,U32,32,20,4,2,1000000000,4,Yes,,,,,,,,,,
pfp_bloom_filter_contains_unique_size_u32,0,NVIDIA H200,I64,U32,32,20,4,2,1000000000,8,Yes,,,,,,,,,,
pfp_bloom_filter_contains_unique_size_u32,0,NVIDIA H200,I64,U32,32,20,4,2,1000000000,16,Yes,,,,,,,,,,
pfp_bloom_filter_contains_unique_size_u32,0,NVIDIA H200,I64,U32,32,20,4,2,1000000000,32,Yes,,,,,,,,,,
pfp_bloom_filter_contains_unique_size_u32,0,NVIDIA H200,I64,U32,32,20,4,2,1000000000,64,Yes,,,,,,,,,,
pfp_bloom_filter_contains_unique_size_u32,0,NVIDIA H200,I64,U32,32,20,4,2,1000000000,128,Yes,,,,,,,,,,
pfp_bloom_filter_contains_unique_size_u32,0,NVIDIA H200,I64,U32,32,20,4,2,1000000000,256,Yes,,,,,,,,,,
pfp_bloom_filter_contains_unique_size_u32,0,NVIDIA H200,I64,U32,32,20,4,2,1000000000,512,Yes,,,,,,,,,,
pfp_bloom_filter_contains_unique_size_u32,0,NVIDIA H200,I64,U32,32,20,4,2,1000000000,1024,Yes,,,,,,,,,,
pfp_bloom_filter_contains_unique_size_u32,0,NVIDIA H200,I64,U32,32,20,4,2,1000000000,2048,Yes,,,,,,,,,,
pfp_bloom_filter_contains_unique_size_u32,0,NVIDIA H200,I64,U32,32,20,4,4,1000000000,1,Yes,,,,,,,,,,
pfp_bloom_filter_contains_unique_size_u32,0,NVIDIA H200,I64,U32,32,20,4,4,1000000000,2,Yes,,,,,,,,,,
pfp_bloom_filter_contains_unique_size_u32,0,NVIDIA H200,I64,U32,32,20,4,4,1000000000,4,Yes,,,,,,,,,,
pfp_bloom_filter_contains_unique_size_u32,0,NVIDIA H200,I64,U32,32,20,4,4,1000000000,8,Yes,,,,,,,,,,
pfp_bloom_filter_contains_unique_size_u32,0,NVIDIA H200,I64,U32,32,20,4,4,1000000000,16,Yes,,,,,,,,,,
pfp_bloom_filter_contains_unique_size_u32,0,NVIDIA H200,I64,U32,32,20,4,4,1000000000,32,Yes,,,,,,,,,,
pfp_bloom_filter_contains_unique_size_u32,0,NVIDIA H200,I64,U32,32,20,4,4,1000000000,64,Yes,,,,,,,,,,
pfp_bloom_filter_contains_unique_size_u32,0,NVIDIA H200,I64,U32,32,20,4,4,1000000000,128,Yes,,,,,,,,,,
pfp_bloom_filter_contains_unique_size_u32,0,NVIDIA H200,I64,U32,32,20,4,4,1000000000,256,Yes,,,,,,,,,,
pfp_bloom_filter_contains_unique_size_u32,0,NVIDIA H200,I64,U32,32,20,4,4,1000000000,512,Yes,,,,,,,,,,
pfp_bloom_filter_contains_unique_size_u32,0,NVIDIA H200,I64,U32,32,20,4,4,1000000000,1024,Yes,,,,,,,,,,
pfp_bloom_filter_contains_unique_size_u32,0,NVIDIA H200,I64,U32,32,20,4,4,1000000000,2048,Yes,,,,,,,,,,
pfp_bloom_filter_contains_unique_size_u32,0,NVIDIA H200,I64,U32,32,20,4,8,1000000000,1,Yes,,,,,,,,,,
pfp_bloom_filter_contains_unique_size_u32,0,NVIDIA H200,I64,U32,32,20,4,8,1000000000,2,Yes,,,,,,,,,,
pfp_bloom_filter_contains_unique_size_u32,0,NVIDIA H200,I64,U32,32,20,4,8,1000000000,4,Yes,,,,,,,,,,
pfp_bloom_filter_contains_unique_size_u32,0,NVIDIA H200,I64,U32,32,20,4,8,1000000000,8,Yes,,,,,,,,,,
pfp_bloom_filter_contains_unique_size_u32,0,NVIDIA H200,I64,U32,32,20,4,8,1000000000,16,Yes,,,,,,,,,,
pfp_bloom_filter_contains_unique_size_u32,0,NVIDIA H200,I64,U32,32,20,4,8,1000000000,32,Yes,,,,,,,,,,
pfp_bloom_filter_contains_unique_size_u32,0,NVIDIA H200,I64,U32,32,20,4,8,1000000000,64,Yes,,,,,,,,,,
pfp_bloom_filter_contains_unique_size_u32,0,NVIDIA H200,I64,U32,32,20,4,8,1000000000,128,Yes,,,,,,,,,,
pfp_bloom_filter_contains_unique_size_u32,0,NVIDIA H200,I64,U32,32,20,4,8,1000000000,256,Yes,,,,,,,,,,
pfp_bloom_filter_contains_unique_size_u32,0,NVIDIA H200,I64,U32,32,20,4,8,1000000000,512,Yes,,,,,,,,,,
pfp_bloom_filter_contains_unique_size_u32,0,NVIDIA H200,I64,U32,32,20,4,8,1000000000,1024,Yes,,,,,,,,,,
pfp_bloom_filter_contains_unique_size_u32,0,NVIDIA H200,I64,U32,32,20,4,8,1000000000,2048,Yes,,,,,,,,,,
pfp_bloom_filter_contains_unique_size_u32,0,NVIDIA H200,I64,U32,32,20,8,1,1000000000,1,Yes,,,,,,,,,,
pfp_bloom_filter_contains_unique_size_u32,0,NVIDIA H200,I64,U32,32,20,8,1,1000000000,2,Yes,,,,,,,,,,
pfp_bloom_filter_contains_unique_size_u32,0,NVIDIA H200,I64,U32,32,20,8,1,1000000000,4,Yes,,,,,,,,,,
pfp_bloom_filter_contains_unique_size_u32,0,NVIDIA H200,I64,U32,32,20,8,1,1000000000,8,Yes,,,,,,,,,,
pfp_bloom_filter_contains_unique_size_u32,0,NVIDIA H200,I64,U32,32,20,8,1,1000000000,16,Yes,,,,,,,,,,
pfp_bloom_filter_contains_unique_size_u32,0,NVIDIA H200,I64,U32,32,20,8,1,1000000000,32,Yes,,,,,,,,,,
pfp_bloom_filter_contains_unique_size_u32,0,NVIDIA H200,I64,U32,32,20,8,1,1000000000,64,Yes,,,,,,,,,,
pfp_bloom_filter_contains_unique_size_u32,0,NVIDIA H200,I64,U32,32,20,8,1,1000000000,128,Yes,,,,,,,,,,
pfp_bloom_filter_contains_unique_size_u32,0,NVIDIA H200,I64,U32,32,20,8,1,1000000000,256,Yes,,,,,,,,,,
pfp_bloom_filter_contains_unique_size_u32,0,NVIDIA H200,I64,U32,32,20,8,1,1000000000,512,Yes,,,,,,,,,,
pfp_bloom_filter_contains_unique_size_u32,0,NVIDIA H200,I64,U32,32,20,8,1,1000000000,1024,Yes,,,,,,,,,,
pfp_bloom_filter_contains_unique_size_u32,0,NVIDIA H200,I64,U32,32,20,8,1,1000000000,2048,Yes,,,,,,,,,,
pfp_bloom_filter_contains_unique_size_u32,0,NVIDIA H200,I64,U32,32,20,8,2,1000000000,1,Yes,,,,,,,,,,
pfp_bloom_filter_contains_unique_size_u32,0,NVIDIA H200,I64,U32,32,20,8,2,1000000000,2,Yes,,,,,,,,,,
pfp_bloom_filter_contains_unique_size_u32,0,NVIDIA H200,I64,U32,32,20,8,2,1000000000,4,Yes,,,,,,,,,,
pfp_bloom_filter_contains_unique_size_u32,0,NVIDIA H200,I64,U32,32,20,8,2,1000000000,8,Yes,,,,,,,,,,
pfp_bloom_filter_contains_unique_size_u32,0,NVIDIA H200,I64,U32,32,20,8,2,1000000000,16,Yes,,,,,,,,,,
pfp_bloom_filter_contains_unique_size_u32,0,NVIDIA H200,I64,U32,32,20,8,2,1000000000,32,Yes,,,,,,,,,,
pfp_bloom_filter_contains_unique_size_u32,0,NVIDIA H200,I64,U32,32,20,8,2,1000000000,64,Yes,,,,,,,,,,
pfp_bloom_filter_contains_unique_size_u32,0,NVIDIA H200,I64,U32,32,20,8,2,1000000000,128,Yes,,,,,,,,,,
pfp_bloom_filter_contains_unique_size_u32,0,NVIDIA H200,I64,U32,32,20,8,2,1000000000,256,Yes,,,,,,,,,,
pfp_bloom_filter_contains_unique_size_u32,0,NVIDIA H200,I64,U32,32,20,8,2,1000000000,512,Yes,,,,,,,,,,
pfp_bloom_filter_contains_unique_size_u32,0,NVIDIA H200,I64,U32,32,20,8,2,1000000000,1024,Yes,,,,,,,,,,
pfp_bloom_filter_contains_unique_size_u32,0,NVIDIA H200,I64,U32,32,20,8,2,1000000000,2048,Yes,,,,,,,,,,
pfp_bloom_filter_contains_unique_size_u32,0,NVIDIA H200,I64,U32,32,20,8,4,1000000000,1,Yes,,,,,,,,,,
pfp_bloom_filter_contains_unique_size_u32,0,NVIDIA H200,I64,U32,32,20,8,4,1000000000,2,Yes,,,,,,,,,,
pfp_bloom_filter_contains_unique_size_u32,0,NVIDIA H200,I64,U32,32,20,8,4,1000000000,4,Yes,,,,,,,,,,
pfp_bloom_filter_contains_unique_size_u32,0,NVIDIA H200,I64,U32,32,20,8,4,1000000000,8,Yes,,,,,,,,,,
pfp_bloom_filter_contains_unique_size_u32,0,NVIDIA H200,I64,U32,32,20,8,4,1000000000,16,Yes,,,,,,,,,,
pfp_bloom_filter_contains_unique_size_u32,0,NVIDIA H200,I64,U32,32,20,8,4,1000000000,32,Yes,,,,,,,,,,
pfp_bloom_filter_contains_unique_size_u32,0,NVIDIA H200,I64,U32,32,20,8,4,1000000000,64,Yes,,,,,,,,,,
pfp_bloom_filter_contains_unique_size_u32,0,NVIDIA H200,I64,U32,32,20,8,4,1000000000,128,Yes,,,,,,,,,,
pfp_bloom_filter_contains_unique_size_u32,0,NVIDIA H200,I64,U32,32,20,8,4,1000000000,256,Yes,,,,,,,,,,
pfp_bloom_filter_contains_unique_size_u32,0,NVIDIA H200,I64,U32,32,20,8,4,1000000000,512,Yes,,,,,,,,,,
pfp_bloom_filter_contains_unique_size_u32,0,NVIDIA H200,I64,U32,32,20,8,4,1000000000,1024,Yes,,,,,,,,,,
pfp_bloom_filter_contains_unique_size_u32,0,NVIDIA H200,I64,U32,32,20,8,4,1000000000,2048,Yes,,,,,,,,,,
pfp_bloom_filter_contains_unique_size_u32,0,NVIDIA H200,I64,U32,32,20,8,8,1000000000,1,Yes,,,,,,,,,,
pfp_bloom_filter_contains_unique_size_u32,0,NVIDIA H200,I64,U32,32,20,8,8,1000000000,2,Yes,,,,,,,,,,
pfp_bloom_filter_contains_unique_size_u32,0,NVIDIA H200,I64,U32,32,20,8,8,1000000000,4,Yes,,,,,,,,,,
pfp_bloom_filter_contains_unique_size_u32,0,NVIDIA H200,I64,U32,32,20,8,8,1000000000,8,Yes,,,,,,,,,,
pfp_bloom_filter_contains_unique_size_u32,0,NVIDIA H200,I64,U32,32,20,8,8,1000000000,16,Yes,,,,,,,,,,
pfp_bloom_filter_contains_unique_size_u32,0,NVIDIA H200,I64,U32,32,20,8,8,1000000000,32,Yes,,,,,,,,,,
pfp_bloom_filter_contains_unique_size_u32,0,NVIDIA H200,I64,U32,32,20,8,8,1000000000,64,Yes,,,,,,,,,,
pfp_bloom_filter_contains_unique_size_u32,0,NVIDIA H200,I64,U32,32,20,8,8,1000000000,128,Yes,,,,,,,,,,
pfp_bloom_filter_contains_unique_size_u32,0,NVIDIA H200,I64,U32,32,20,8,8,1000000000,256,Yes,,,,,,,,,,
pfp_bloom_filter_contains_unique_size_u32,0,NVIDIA H200,I64,U32,32,20,8,8,1000000000,512,Yes,,,,,,,,,,
pfp_bloom_filter_contains_unique_size_u32,0,NVIDIA H200,I64,U32,32,20,8,8,1000000000,1024,Yes,,,,,,,,,,
pfp_bloom_filter_contains_unique_size_u32,0,NVIDIA H200,I64,U32,32,20,8,8,1000000000,2048,Yes,,,,,,,,,,
pfp_bloom_filter_contains_unique_size_u32,0,NVIDIA H200,I64,U32,64,1,1,1,1000000000,1,No,0.160706252,2,71,0.007102696,0.00671055376212487,0.007089129924774169,0.006703823092390044,141061034373.9547,73,0.0071585258588398966
pfp_bloom_filter_contains_unique_size_u32,0,NVIDIA H200,I64,U32,64,1,1,1,1000000000,2,No,0.160622666,2,70,0.007224822928571431,0.00744176354659887,0.007211381006240842,0.0074491727646597726,138669694353.21533,73,0.007259435366277826
pfp_bloom_filter_contains_unique_size_u32,0,NVIDIA H200,I64,U32,64,1,1,1,1000000000,4,No,0.160622517,2,68,0.007384019426470589,0.008204191264501823,0.007370558142662052,0.00823422052681013,135674935417.96094,71,0.007341435821963028
pfp_bloom_filter_contains_unique_size_u32,0,NVIDIA H200,I64,U32,64,1,1,1,1000000000,8,No,0.16060779,2,68,0.0074450426176470574,0.005903468745092099,0.00743171623173882,0.005920052222688665,134558420803.1618,69,0.00742155124830163
pfp_bloom_filter_contains_unique_size_u32,0,NVIDIA H200,I64,U32,64,1,1,1,1000000000,16,No,0.160592939,2,67,0.007516018223880597,0.005977210857919305,0.007502653613019347,0.00598755411657969,133286174676.21071,69,0.007503837253736414
pfp_bloom_filter_contains_unique_size_u32,0,NVIDIA H200,I64,U32,64,1,1,1,1000000000,32,No,0.160594232,2,52,0.009672747019230774,0.00014514848056878466,0.009659265243090116,0.00010780864560482959,103527543227.51033,54,0.009648605911820022
pfp_bloom_filter_contains_unique_size_u32,0,NVIDIA H200,I64,U32,64,1,1,1,1000000000,64,No,0.160613244,2,31,0.01646387822580645,0.00018033481251010242,0.016450413365517887,0.00018991542920304827,60788746019.9708,32,0.016438383102416992
pfp_bloom_filter_contains_unique_size_u32,0,NVIDIA H200,I64,U32,64,1,1,1,1000000000,128,No,0.160594055,2,23,0.02207633856521739,0.00015662504589400458,0.02206265889043393,0.00015292560984375274,45325452610.50047,24,0.022051545222600305
pfp_bloom_filter_contains_unique_size_u32,0,NVIDIA H200,I64,U32,64,1,1,1,1000000000,256,No,0.160611554,2,20,0.02517117525,0.00014050074292623217,0.025157638263702396,0.00013679012808884131,39749359201.28904,21,0.025147181193033857
pfp_bloom_filter_contains_unique_size_u32,0,NVIDIA H200,I64,U32,64,1,1,1,1000000000,512,No,0.160621582,2,19,0.02676153910526316,0.0001338741399506087,0.02674803392510665,0.00013019639091636757,37385925365.578545,20,0.026738759994506832
pfp_bloom_filter_contains_unique_size_u32,0,NVIDIA H200,I64,U32,64,1,1,1,1000000000,1024,No,0.160605115,2,19,0.027567507263157896,0.0001264401884029104,0.027554022839194853,0.00012260320921922074,36292341261.23779,20,0.02754423971176147
pfp_bloom_filter_contains_unique_size_u32,0,NVIDIA H200,I64,U32,64,1,1,1,1000000000,2048,No,0.160616467,2,18,0.02797385411111111,0.00015165643896629104,0.02796026844448514,0.00014554749339378792,35765035732.2388,19,0.02795134825455515
pfp_bloom_filter_contains_unique_size_u32,0,NVIDIA H200,I64,U32,64,1,1,2,1000000000,1,No,0.160706252,2,74,0.006809769310810812,0.00020474982820784147,0.00679634940946424,0.00017871892958334565,147137814693.20166,77,0.0067947371842025156
pfp_bloom_filter_contains_unique_size_u32,0,NVIDIA H200,I64,U32,64,1,1,2,1000000000,2,No,0.160622666,2,71,0.007109605225352113,0.00014089724689791413,0.007096131170299691,0.00012253938937063807,140921859531.77173,74,0.007093378015466638
pfp_bloom_filter_contains_unique_size_u32,0,NVIDIA H200,I64,U32,64,1,1,2,1000000000,4,No,0.160622517,2,69,0.007262466434782606,0.00017695729023856172,0.007248954448147099,0.0001466023573061929,137950928944.74036,72,0.0072445475260416664
pfp_bloom_filter_contains_unique_size_u32,0,NVIDIA H200,I64,U32,64,1,1,2,1000000000,8,No,0.16060779,2,69,0.007325988304347827,0.00014577143406596706,0.007312511996946474,0.00010351651040411962,136751912395.84639,71,0.007308550767495598
pfp_bloom_filter_contains_unique_size_u32,0,NVIDIA H200,I64,U32,64,1,1,2,1000000000,16,No,0.160592939,2,68,0.007366594323529413,0.00020557856303581626,0.007352956210865693,0.00014286422491485652,135999721924.39671,71,0.007345099650638205
pfp_bloom_filter_contains_unique_size_u32,0,NVIDIA H200,I64,U32,64,1,1,2,1000000000,32,No,0.160594232,2,52,0.00967432801923077,0.00012739572092875133,0.00966092058328482,0.0001049887220027856,103509804410.37732,54,0.009649169921875
pfp_bloom_filter_contains_unique_size_u32,0,NVIDIA H200,I64,U32,64,1,1,2,1000000000,64,No,0.160613244,2,31,0.016465320580645166,0.0003074837810775246,0.01645216917222546,0.0003065397125549201,60782258529.66546,32,0.01644202423095703
pfp_bloom_filter_contains_unique_size_u32,0,NVIDIA H200,I64,U32,64,1,1,2,1000000000,128,No,0.160594055,2,23,0.02207375552173913,0.00019953677958602662,0.0220604076385498,0.0001935037531899351,45330078046.81426,24,0.022051795005798337
pfp_bloom_filter_contains_unique_size_u32,0,NVIDIA H200,I64,U32,64,1,1,2,1000000000,256,No,0.160611554,2,20,0.025166146600000005,0.00013694563194947652,0.02515269756317139,0.0001318461902239512,39757167098.61774,21,0.025141683306012835
pfp_bloom_filter_contains_unique_size_u32,0,NVIDIA H200,I64,U32,64,1,1,2,1000000000,512,No,0.160621582,2,19,0.026754391473684216,0.00013266424932646562,0.026741120087473015,0.0001360352959423444,37395591386.183334,20,0.02673029956817627
pfp_bloom_filter_contains_unique_size_u32,0,NVIDIA H200,I64,U32,64,1,1,2,1000000000,1024,No,0.160605115,2,19,0.027560393000000006,0.00014194949933942882,0.027546683060495476,0.0001354449652597741,36302011309.452126,20,0.027535377502441404
pfp_bloom_filter_contains_unique_size_u32,0,NVIDIA H200,I64,U32,64,1,1,2,1000000000,2048,No,0.160616467,2,18,0.02796788111111111,0.00021486064552173024,0.027954474661085343,0.00021734440837562876,35772448315.47747,19,0.027945756209524057
pfp_bloom_filter_contains_unique_size_u32,0,NVIDIA H200,I64,U32,64,1,1,4,1000000000,1,Yes,,,,,,,,,,
pfp_bloom_filter_contains_unique_size_u32,0,NVIDIA H200,I64,U32,64,1,1,4,1000000000,2,Yes,,,,,,,,,,
pfp_bloom_filter_contains_unique_size_u32,0,NVIDIA H200,I64,U32,64,1,1,4,1000000000,4,Yes,,,,,,,,,,
pfp_bloom_filter_contains_unique_size_u32,0,NVIDIA H200,I64,U32,64,1,1,4,1000000000,8,Yes,,,,,,,,,,
pfp_bloom_filter_contains_unique_size_u32,0,NVIDIA H200,I64,U32,64,1,1,4,1000000000,16,Yes,,,,,,,,,,
pfp_bloom_filter_contains_unique_size_u32,0,NVIDIA H200,I64,U32,64,1,1,4,1000000000,32,Yes,,,,,,,,,,
pfp_bloom_filter_contains_unique_size_u32,0,NVIDIA H200,I64,U32,64,1,1,4,1000000000,64,Yes,,,,,,,,,,
pfp_bloom_filter_contains_unique_size_u32,0,NVIDIA H200,I64,U32,64,1,1,4,1000000000,128,Yes,,,,,,,,,,
pfp_bloom_filter_contains_unique_size_u32,0,NVIDIA H200,I64,U32,64,1,1,4,1000000000,256,Yes,,,,,,,,,,
pfp_bloom_filter_contains_unique_size_u32,0,NVIDIA H200,I64,U32,64,1,1,4,1000000000,512,Yes,,,,,,,,,,
pfp_bloom_filter_contains_unique_size_u32,0,NVIDIA H200,I64,U32,64,1,1,4,1000000000,1024,Yes,,,,,,,,,,
pfp_bloom_filter_contains_unique_size_u32,0,NVIDIA H200,I64,U32,64,1,1,4,1000000000,2048,Yes,,,,,,,,,,
pfp_bloom_filter_contains_unique_size_u32,0,NVIDIA H200,I64,U32,64,1,1,8,1000000000,1,Yes,,,,,,,,,,
pfp_bloom_filter_contains_unique_size_u32,0,NVIDIA H200,I64,U32,64,1,1,8,1000000000,2,Yes,,,,,,,,,,
pfp_bloom_filter_contains_unique_size_u32,0,NVIDIA H200,I64,U32,64,1,1,8,1000000000,4,Yes,,,,,,,,,,
pfp_bloom_filter_contains_unique_size_u32,0,NVIDIA H200,I64,U32,64,1,1,8,1000000000,8,Yes,,,,,,,,,,
pfp_bloom_filter_contains_unique_size_u32,0,NVIDIA H200,I64,U32,64,1,1,8,1000000000,16,Yes,,,,,,,,,,
pfp_bloom_filter_contains_unique_size_u32,0,NVIDIA H200,I64,U32,64,1,1,8,1000000000,32,Yes,,,,,,,,,,
pfp_bloom_filter_contains_unique_size_u32,0,NVIDIA H200,I64,U32,64,1,1,8,1000000000,64,Yes,,,,,,,,,,
pfp_bloom_filter_contains_unique_size_u32,0,NVIDIA H200,I64,U32,64,1,1,8,1000000000,128,Yes,,,,,,,,,,
pfp_bloom_filter_contains_unique_size_u32,0,NVIDIA H200,I64,U32,64,1,1,8,1000000000,256,Yes,,,,,,,,,,
pfp_bloom_filter_contains_unique_size_u32,0,NVIDIA H200,I64,U32,64,1,1,8,1000000000,512,Yes,,,,,,,,,,
pfp_bloom_filter_contains_unique_size_u32,0,NVIDIA H200,I64,U32,64,1,1,8,1000000000,1024,Yes,,,,,,,,,,
pfp_bloom_filter_contains_unique_size_u32,0,NVIDIA H200,I64,U32,64,1,1,8,1000000000,2048,Yes,,,,,,,,,,
pfp_bloom_filter_contains_unique_size_u32,0,NVIDIA H200,I64,U32,64,1,2,1,1000000000,1,No,0.160706252,2,26,0.019647216307692308,0.0003783136098558567,0.019634209266075717,0.0003732467954064466,50931513790.46444,27,0.019627919656259037
pfp_bloom_filter_contains_unique_size_u32,0,NVIDIA H200,I64,U32,64,1,2,1,1000000000,2,No,0.160622666,2,26,0.019643825384615385,5.077116526424549e-05,0.019630900896512544,4.263935482091967e-05,50940097210.59981,27,0.019627876917521162
pfp_bloom_filter_contains_unique_size_u32,0,NVIDIA H200,I64,U32,64,1,2,1,1000000000,4,No,0.160622517,2,26,0.019647178115384616,0.00040760937000578525,0.019634203030512883,0.00040858828518463316,50931529965.63864,27,0.019627108891805013
pfp_bloom_filter_contains_unique_size_u32,0,NVIDIA H200,I64,U32,64,1,2,1,1000000000,8,No,0.16060779,2,26,0.019643749653846153,5.411793979433117e-05,0.019630760339590218,5.387290242610087e-05,50940461943.455956,27,0.019626618561921296
pfp_bloom_filter_contains_unique_size_u32,0,NVIDIA H200,I64,U32,64,1,2,1,1000000000,16,No,0.160592939,2,26,0.01966053253846154,0.00037568022240949185,0.01964755425086388,0.0003802724555798672,50896920157.68483,27,0.01963916842142741
pfp_bloom_filter_contains_unique_size_u32,0,NVIDIA H200,I64,U32,64,1,2,1,1000000000,32,No,0.160594232,2,25,0.020139878199999996,0.0002800549281265896,0.02012674934387207,0.0002731749248518411,49685122168.24854,26,0.020117093599759613
pfp_bloom_filter_contains_unique_size_u32,0,NVIDIA H200,I64,U32,64,1,2,1,1000000000,64,No,0.160613244,2,24,0.02097982029166667,0.0007690188579318551,0.020966522852579748,0.0007636312663841215,47695080726.12807,25,0.02096049560546875
pfp_bloom_filter_contains_unique_size_u32,0,NVIDIA H200,I64,U32,64,1,2,1,1000000000,128,No,0.160594055,2,23,0.02235521047826087,0.00023881974206477996,0.02234215786146081,0.0002316466312554565,44758434086.84144,24,0.02233288335800171
pfp_bloom_filter_contains_unique_size_u32,0,NVIDIA H200,I64,U32,64,1,2,1,1000000000,256,No,0.160611554,2,20,0.02526045105,8.03360123700422e-05,0.02524724006652832,7.425104308855093e-05,39608289752.2631,21,0.025237870897565566
pfp_bloom_filter_contains_unique_size_u32,0,NVIDIA H200,I64,U32,64,1,2,1,1000000000,512,No,0.160621582,2,19,0.026833674157894737,7.26616112681955e-05,0.0268202442369963,6.335958750581937e-05,37285268216.185104,20,0.026810021305084225
pfp_bloom_filter_contains_unique_size_u32,0,NVIDIA H200,I64,U32,64,1,2,1,1000000000,1024,No,0.160605115,2,19,0.02763430352631579,0.00012051110080058042,0.02762102900053325,0.00011554812594097325,36204299267.07995,20,0.027612414836883543
pfp_bloom_filter_contains_unique_size_u32,0,NVIDIA H200,I64,U32,64,1,2,1,1000000000,2048,No,0.160616467,2,18,0.02803652116666666,0.00011693975566113337,0.028022988319396973,0.00011797789118528583,35684987932.13354,19,0.028013519387496147
pfp_bloom_filter_contains_unique_size_u32,0,NVIDIA H200,I64,U32,64,1,2,2,1000000000,1,Yes,,,,,,,,,,
pfp_bloom_filter_contains_unique_size_u32,0,NVIDIA H200,I64,U32,64,1,2,2,1000000000,2,Yes,,,,,,,,,,
pfp_bloom_filter_contains_unique_size_u32,0,NVIDIA H200,I64,U32,64,1,2,2,1000000000,4,Yes,,,,,,,,,,
pfp_bloom_filter_contains_unique_size_u32,0,NVIDIA H200,I64,U32,64,1,2,2,1000000000,8,Yes,,,,,,,,,,
pfp_bloom_filter_contains_unique_size_u32,0,NVIDIA H200,I64,U32,64,1,2,2,1000000000,16,Yes,,,,,,,,,,
pfp_bloom_filter_contains_unique_size_u32,0,NVIDIA H200,I64,U32,64,1,2,2,1000000000,32,Yes,,,,,,,,,,
pfp_bloom_filter_contains_unique_size_u32,0,NVIDIA H200,I64,U32,64,1,2,2,1000000000,64,Yes,,,,,,,,,,
pfp_bloom_filter_contains_unique_size_u32,0,NVIDIA H200,I64,U32,64,1,2,2,1000000000,128,Yes,,,,,,,,,,
pfp_bloom_filter_contains_unique_size_u32,0,NVIDIA H200,I64,U32,64,1,2,2,1000000000,256,Yes,,,,,,,,,,
pfp_bloom_filter_contains_unique_size_u32,0,NVIDIA H200,I64,U32,64,1,2,2,1000000000,512,Yes,,,,,,,,,,
pfp_bloom_filter_contains_unique_size_u32,0,NVIDIA H200,I64,U32,64,1,2,2,1000000000,1024,Yes,,,,,,,,,,
pfp_bloom_filter_contains_unique_size_u32,0,NVIDIA H200,I64,U32,64,1,2,2,1000000000,2048,Yes,,,,,,,,,,
pfp_bloom_filter_contains_unique_size_u32,0,NVIDIA H200,I64,U32,64,1,2,4,1000000000,1,Yes,,,,,,,,,,
pfp_bloom_filter_contains_unique_size_u32,0,NVIDIA H200,I64,U32,64,1,2,4,1000000000,2,Yes,,,,,,,,,,
pfp_bloom_filter_contains_unique_size_u32,0,NVIDIA H200,I64,U32,64,1,2,4,1000000000,4,Yes,,,,,,,,,,
pfp_bloom_filter_contains_unique_size_u32,0,NVIDIA H200,I64,U32,64,1,2,4,1000000000,8,Yes,,,,,,,,,,
pfp_bloom_filter_contains_unique_size_u32,0,NVIDIA H200,I64,U32,64,1,2,4,1000000000,16,Yes,,,,,,,,,,
pfp_bloom_filter_contains_unique_size_u32,0,NVIDIA H200,I64,U32,64,1,2,4,1000000000,32,Yes,,,,,,,,,,
pfp_bloom_filter_contains_unique_size_u32,0,NVIDIA H200,I64,U32,64,1,2,4,1000000000,64,Yes,,,,,,,,,,
pfp_bloom_filter_contains_unique_size_u32,0,NVIDIA H200,I64,U32,64,1,2,4,1000000000,128,Yes,,,,,,,,,,
pfp_bloom_filter_contains_unique_size_u32,0,NVIDIA H200,I64,U32,64,1,2,4,1000000000,256,Yes,,,,,,,,,,
pfp_bloom_filter_contains_unique_size_u32,0,NVIDIA H200,I64,U32,64,1,2,4,1000000000,512,Yes,,,,,,,,,,
pfp_bloom_filter_contains_unique_size_u32,0,NVIDIA H200,I64,U32,64,1,2,4,1000000000,1024,Yes,,,,,,,,,,
pfp_bloom_filter_contains_unique_size_u32,0,NVIDIA H200,I64,U32,64,1,2,4,1000000000,2048,Yes,,,,,,,,,,
pfp_bloom_filter_contains_unique_size_u32,0,NVIDIA H200,I64,U32,64,1,2,8,1000000000,1,Yes,,,,,,,,,,
pfp_bloom_filter_contains_unique_size_u32,0,NVIDIA H200,I64,U32,64,1,2,8,1000000000,2,Yes,,,,,,,,,,
pfp_bloom_filter_contains_unique_size_u32,0,NVIDIA H200,I64,U32,64,1,2,8,1000000000,4,Yes,,,,,,,,,,
pfp_bloom_filter_contains_unique_size_u32,0,NVIDIA H200,I64,U32,64,1,2,8,1000000000,8,Yes,,,,,,,,,,
pfp_bloom_filter_contains_unique_size_u32,0,NVIDIA H200,I64,U32,64,1,2,8,1000000000,16,Yes,,,,,,,,,,
pfp_bloom_filter_contains_unique_size_u32,0,NVIDIA H200,I64,U32,64,1,2,8,1000000000,32,Yes,,,,,,,,,,
pfp_bloom_filter_contains_unique_size_u32,0,NVIDIA H200,I64,U32,64,1,2,8,1000000000,64,Yes,,,,,,,,,,
pfp_bloom_filter_contains_unique_size_u32,0,NVIDIA H200,I64,U32,64,1,2,8,1000000000,128,Yes,,,,,,,,,,
pfp_bloom_filter_contains_unique_size_u32,0,NVIDIA H200,I64,U32,64,1,2,8,1000000000,256,Yes,,,,,,,,,,
pfp_bloom_filter_contains_unique_size_u32,0,NVIDIA H200,I64,U32,64,1,2,8,1000000000,512,Yes,,,,,,,,,,
pfp_bloom_filter_contains_unique_size_u32,0,NVIDIA H200,I64,U32,64,1,2,8,1000000000,1024,Yes,,,,,,,,,,
pfp_bloom_filter_contains_unique_size_u32,0,NVIDIA H200,I64,U32,64,1,2,8,1000000000,2048,Yes,,,,,,,,,,
pfp_bloom_filter_contains_unique_size_u32,0,NVIDIA H200,I64,U32,64,1,4,1,1000000000,1,Yes,,,,,,,,,,
pfp_bloom_filter_contains_unique_size_u32,0,NVIDIA H200,I64,U32,64,1,4,1,1000000000,2,Yes,,,,,,,,,,
pfp_bloom_filter_contains_unique_size_u32,0,NVIDIA H200,I64,U32,64,1,4,1,1000000000,4,Yes,,,,,,,,,,
pfp_bloom_filter_contains_unique_size_u32,0,NVIDIA H200,I64,U32,64,1,4,1,1000000000,8,Yes,,,,,,,,,,
pfp_bloom_filter_contains_unique_size_u32,0,NVIDIA H200,I64,U32,64,1,4,1,1000000000,16,Yes,,,,,,,,,,
pfp_bloom_filter_contains_unique_size_u32,0,NVIDIA H200,I64,U32,64,1,4,1,1000000000,32,Yes,,,,,,,,,,
pfp_bloom_filter_contains_unique_size_u32,0,NVIDIA H200,I64,U32,64,1,4,1,1000000000,64,Yes,,,,,,,,,,
pfp_bloom_filter_contains_unique_size_u32,0,NVIDIA H200,I64,U32,64,1,4,1,1000000000,128,Yes,,,,,,,,,,
pfp_bloom_filter_contains_unique_size_u32,0,NVIDIA H200,I64,U32,64,1,4,1,1000000000,256,Yes,,,,,,,,,,
pfp_bloom_filter_contains_unique_size_u32,0,NVIDIA H200,I64,U32,64,1,4,1,1000000000,512,Yes,,,,,,,,,,
pfp_bloom_filter_contains_unique_size_u32,0,NVIDIA H200,I64,U32,64,1,4,1,1000000000,1024,Yes,,,,,,,,,,
pfp_bloom_filter_contains_unique_size_u32,0,NVIDIA H200,I64,U32,64,1,4,1,1000000000,2048,Yes,,,,,,,,,,
pfp_bloom_filter_contains_unique_size_u32,0,NVIDIA H200,I64,U32,64,1,4,2,1000000000,1,Yes,,,,,,,,,,
pfp_bloom_filter_contains_unique_size_u32,0,NVIDIA H200,I64,U32,64,1,4,2,1000000000,2,Yes,,,,,,,,,,
pfp_bloom_filter_contains_unique_size_u32,0,NVIDIA H200,I64,U32,64,1,4,2,1000000000,4,Yes,,,,,,,,,,
pfp_bloom_filter_contains_unique_size_u32,0,NVIDIA H200,I64,U32,64,1,4,2,1000000000,8,Yes,,,,,,,,,,
pfp_bloom_filter_contains_unique_size_u32,0,NVIDIA H200,I64,U32,64,1,4,2,1000000000,16,Yes,,,,,,,,,,
pfp_bloom_filter_contains_unique_size_u32,0,NVIDIA H200,I64,U32,64,1,4,2,1000000000,32,Yes,,,,,,,,,,
pfp_bloom_filter_contains_unique_size_u32,0,NVIDIA H200,I64,U32,64,1,4,2,1000000000,64,Yes,,,,,,,,,,
pfp_bloom_filter_contains_unique_size_u32,0,NVIDIA H200,I64,U32,64,1,4,2,1000000000,128,Yes,,,,,,,,,,
pfp_bloom_filter_contains_unique_size_u32,0,NVIDIA H200,I64,U32,64,1,4,2,1000000000,256,Yes,,,,,,,,,,
pfp_bloom_filter_contains_unique_size_u32,0,NVIDIA H200,I64,U32,64,1,4,2,1000000000,512,Yes,,,,,,,,,,
pfp_bloom_filter_contains_unique_size_u32,0,NVIDIA H200,I64,U32,64,1,4,2,1000000000,1024,Yes,,,,,,,,,,
pfp_bloom_filter_contains_unique_size_u32,0,NVIDIA H200,I64,U32,64,1,4,2,1000000000,2048,Yes,,,,,,,,,,
pfp_bloom_filter_contains_unique_size_u32,0,NVIDIA H200,I64,U32,64,1,4,4,1000000000,1,Yes,,,,,,,,,,
pfp_bloom_filter_contains_unique_size_u32,0,NVIDIA H200,I64,U32,64,1,4,4,1000000000,2,Yes,,,,,,,,,,
pfp_bloom_filter_contains_unique_size_u32,0,NVIDIA H200,I64,U32,64,1,4,4,1000000000,4,Yes,,,,,,,,,,
pfp_bloom_filter_contains_unique_size_u32,0,NVIDIA H200,I64,U32,64,1,4,4,1000000000,8,Yes,,,,,,,,,,
pfp_bloom_filter_contains_unique_size_u32,0,NVIDIA H200,I64,U32,64,1,4,4,1000000000,16,Yes,,,,,,,,,,
pfp_bloom_filter_contains_unique_size_u32,0,NVIDIA H200,I64,U32,64,1,4,4,1000000000,32,Yes,,,,,,,,,,
pfp_bloom_filter_contains_unique_size_u32,0,NVIDIA H200,I64,U32,64,1,4,4,1000000000,64,Yes,,,,,,,,,,
pfp_bloom_filter_contains_unique_size_u32,0,NVIDIA H200,I64,U32,64,1,4,4,1000000000,128,Yes,,,,,,,,,,
pfp_bloom_filter_contains_unique_size_u32,0,NVIDIA H200,I64,U32,64,1,4,4,1000000000,256,Yes,,,,,,,,,,
pfp_bloom_filter_contains_unique_size_u32,0,NVIDIA H200,I64,U32,64,1,4,4,1000000000,512,Yes,,,,,,,,,,
pfp_bloom_filter_contains_unique_size_u32,0,NVIDIA H200,I64,U32,64,1,4,4,1000000000,1024,Yes,,,,,,,,,,
pfp_bloom_filter_contains_unique_size_u32,0,NVIDIA H200,I64,U32,64,1,4,4,1000000000,2048,Yes,,,,,,,,,,
pfp_bloom_filter_contains_unique_size_u32,0,NVIDIA H200,I64,U32,64,1,4,8,1000000000,1,Yes,,,,,,,,,,
pfp_bloom_filter_contains_unique_size_u32,0,NVIDIA H200,I64,U32,64,1,4,8,1000000000,2,Yes,,,,,,,,,,
pfp_bloom_filter_contains_unique_size_u32,0,NVIDIA H200,I64,U32,64,1,4,8,1000000000,4,Yes,,,,,,,,,,
pfp_bloom_filter_contains_unique_size_u32,0,NVIDIA H200,I64,U32,64,1,4,8,1000000000,8,Yes,,,,,,,,,,
pfp_bloom_filter_contains_unique_size_u32,0,NVIDIA H200,I64,U32,64,1,4,8,1000000000,16,Yes,,,,,,,,,,
pfp_bloom_filter_contains_unique_size_u32,0,NVIDIA H200,I64,U32,64,1,4,8,1000000000,32,Yes,,,,,,,,,,
pfp_bloom_filter_contains_unique_size_u32,0,NVIDIA H200,I64,U32,64,1,4,8,1000000000,64,Yes,,,,,,,,,,
pfp_bloom_filter_contains_unique_size_u32,0,NVIDIA H200,I64,U32,64,1,4,8,1000000000,128,Yes,,,,,,,,,,
pfp_bloom_filter_contains_unique_size_u32,0,NVIDIA H200,I64,U32,64,1,4,8,1000000000,256,Yes,,,,,,,,,,
pfp_bloom_filter_contains_unique_size_u32,0,NVIDIA H200,I64,U32,64,1,4,8,1000000000,512,Yes,,,,,,,,,,
pfp_bloom_filter_contains_unique_size_u32,0,NVIDIA H200,I64,U32,64,1,4,8,1000000000,1024,Yes,,,,,,,,,,
pfp_bloom_filter_contains_unique_size_u32,0,NVIDIA H200,I64,U32,64,1,4,8,1000000000,2048,Yes,,,,,,,,,,
pfp_bloom_filter_contains_unique_size_u32,0,NVIDIA H200,I64,U32,64,1,8,1,1000000000,1,Yes,,,,,,,,,,
pfp_bloom_filter_contains_unique_size_u32,0,NVIDIA H200,I64,U32,64,1,8,1,1000000000,2,Yes,,,,,,,,,,
pfp_bloom_filter_contains_unique_size_u32,0,NVIDIA H200,I64,U32,64,1,8,1,1000000000,4,Yes,,,,,,,,,,
pfp_bloom_filter_contains_unique_size_u32,0,NVIDIA H200,I64,U32,64,1,8,1,1000000000,8,Yes,,,,,,,,,,
pfp_bloom_filter_contains_unique_size_u32,0,NVIDIA H200,I64,U32,64,1,8,1,1000000000,16,Yes,,,,,,,,,,
pfp_bloom_filter_contains_unique_size_u32,0,NVIDIA H200,I64,U32,64,1,8,1,1000000000,32,Yes,,,,,,,,,,
pfp_bloom_filter_contains_unique_size_u32,0,NVIDIA H200,I64,U32,64,1,8,1,1000000000,64,Yes,,,,,,,,,,
pfp_bloom_filter_contains_unique_size_u32,0,NVIDIA H200,I64,U32,64,1,8,1,1000000000,128,Yes,,,,,,,,,,
pfp_bloom_filter_contains_unique_size_u32,0,NVIDIA H200,I64,U32,64,1,8,1,1000000000,256,Yes,,,,,,,,,,
pfp_bloom_filter_contains_unique_size_u32,0,NVIDIA H200,I64,U32,64,1,8,1,1000000000,512,Yes,,,,,,,,,,
pfp_bloom_filter_contains_unique_size_u32,0,NVIDIA H200,I64,U32,64,1,8,1,1000000000,1024,Yes,,,,,,,,,,
pfp_bloom_filter_contains_unique_size_u32,0,NVIDIA H200,I64,U32,64,1,8,1,1000000000,2048,Yes,,,,,,,,,,
pfp_bloom_filter_contains_unique_size_u32,0,NVIDIA H200,I64,U32,64,1,8,2,1000000000,1,Yes,,,,,,,,,,
pfp_bloom_filter_contains_unique_size_u32,0,NVIDIA H200,I64,U32,64,1,8,2,1000000000,2,Yes,,,,,,,,,,
pfp_bloom_filter_contains_unique_size_u32,0,NVIDIA H200,I64,U32,64,1,8,2,1000000000,4,Yes,,,,,,,,,,
pfp_bloom_filter_contains_unique_size_u32,0,NVIDIA H200,I64,U32,64,1,8,2,1000000000,8,Yes,,,,,,,,,,
pfp_bloom_filter_contains_unique_size_u32,0,NVIDIA H200,I64,U32,64,1,8,2,1000000000,16,Yes,,,,,,,,,,
pfp_bloom_filter_contains_unique_size_u32,0,NVIDIA H200,I64,U32,64,1,8,2,1000000000,32,Yes,,,,,,,,,,
pfp_bloom_filter_contains_unique_size_u32,0,NVIDIA H200,I64,U32,64,1,8,2,1000000000,64,Yes,,,,,,,,,,
pfp_bloom_filter_contains_unique_size_u32,0,NVIDIA H200,I64,U32,64,1,8,2,1000000000,128,Yes,,,,,,,,,,
pfp_bloom_filter_contains_unique_size_u32,0,NVIDIA H200,I64,U32,64,1,8,2,1000000000,256,Yes,,,,,,,,,,
pfp_bloom_filter_contains_unique_size_u32,0,NVIDIA H200,I64,U32,64,1,8,2,1000000000,512,Yes,,,,,,,,,,
pfp_bloom_filter_contains_unique_size_u32,0,NVIDIA H200,I64,U32,64,1,8,2,1000000000,1024,Yes,,,,,,,,,,
pfp_bloom_filter_contains_unique_size_u32,0,NVIDIA H200,I64,U32,64,1,8,2,1000000000,2048,Yes,,,,,,,,,,
pfp_bloom_filter_contains_unique_size_u32,0,NVIDIA H200,I64,U32,64,1,8,4,1000000000,1,Yes,,,,,,,,,,
pfp_bloom_filter_contains_unique_size_u32,0,NVIDIA H200,I64,U32,64,1,8,4,1000000000,2,Yes,,,,,,,,,,
pfp_bloom_filter_contains_unique_size_u32,0,NVIDIA H200,I64,U32,64,1,8,4,1000000000,4,Yes,,,,,,,,,,
pfp_bloom_filter_contains_unique_size_u32,0,NVIDIA H200,I64,U32,64,1,8,4,1000000000,8,Yes,,,,,,,,,,
pfp_bloom_filter_contains_unique_size_u32,0,NVIDIA H200,I64,U32,64,1,8,4,1000000000,16,Yes,,,,,,,,,,
pfp_bloom_filter_contains_unique_size_u32,0,NVIDIA H200,I64,U32,64,1,8,4,1000000000,32,Yes,,,,,,,,,,
pfp_bloom_filter_contains_unique_size_u32,0,NVIDIA H200,I64,U32,64,1,8,4,1000000000,64,Yes,,,,,,,,,,
pfp_bloom_filter_contains_unique_size_u32,0,NVIDIA H200,I64,U32,64,1,8,4,1000000000,128,Yes,,,,,,,,,,
pfp_bloom_filter_contains_unique_size_u32,0,NVIDIA H200,I64,U32,64,1,8,4,1000000000,256,Yes,,,,,,,,,,
pfp_bloom_filter_contains_unique_size_u32,0,NVIDIA H200,I64,U32,64,1,8,4,1000000000,512,Yes,,,,,,,,,,
pfp_bloom_filter_contains_unique_size_u32,0,NVIDIA H200,I64,U32,64,1,8,4,1000000000,1024,Yes,,,,,,,,,,
pfp_bloom_filter_contains_unique_size_u32,0,NVIDIA H200,I64,U32,64,1,8,4,1000000000,2048,Yes,,,,,,,,,,
pfp_bloom_filter_contains_unique_size_u32,0,NVIDIA H200,I64,U32,64,1,8,8,1000000000,1,Yes,,,,,,,,,,
pfp_bloom_filter_contains_unique_size_u32,0,NVIDIA H200,I64,U32,64,1,8,8,1000000000,2,Yes,,,,,,,,,,
pfp_bloom_filter_contains_unique_size_u32,0,NVIDIA H200,I64,U32,64,1,8,8,1000000000,4,Yes,,,,,,,,,,
pfp_bloom_filter_contains_unique_size_u32,0,NVIDIA H200,I64,U32,64,1,8,8,1000000000,8,Yes,,,,,,,,,,
pfp_bloom_filter_contains_unique_size_u32,0,NVIDIA H200,I64,U32,64,1,8,8,1000000000,16,Yes,,,,,,,,,,
pfp_bloom_filter_contains_unique_size_u32,0,NVIDIA H200,I64,U32,64,1,8,8,1000000000,32,Yes,,,,,,,,,,
pfp_bloom_filter_contains_unique_size_u32,0,NVIDIA H200,I64,U32,64,1,8,8,1000000000,64,Yes,,,,,,,,,,
pfp_bloom_filter_contains_unique_size_u32,0,NVIDIA H200,I64,U32,64,1,8,8,1000000000,128,Yes,,,,,,,,,,
pfp_bloom_filter_contains_unique_size_u32,0,NVIDIA H200,I64,U32,64,1,8,8,1000000000,256,Yes,,,,,,,,,,
pfp_bloom_filter_contains_unique_size_u32,0,NVIDIA H200,I64,U32,64,1,8,8,1000000000,512,Yes,,,,,,,,,,
pfp_bloom_filter_contains_unique_size_u32,0,NVIDIA H200,I64,U32,64,1,8,8,1000000000,1024,Yes,,,,,,,,,,
pfp_bloom_filter_contains_unique_size_u32,0,NVIDIA H200,I64,U32,64,1,8,8,1000000000,2048,Yes,,,,,,,,,,
pfp_bloom_filter_contains_unique_size_u32,0,NVIDIA H200,I64,U32,64,20,1,1,1000000000,1,No,0.001143903,40,48,0.010506781124999998,0.0003583838162034525,0.010493774036566414,0.0003607155909156902,95294600066.23148,50,0.01048685546875
pfp_bloom_filter_contains_unique_size_u32,0,NVIDIA H200,I64,U32,64,20,1,1,1000000000,2,No,0.001210902,40,48,0.010507631749999998,0.00034597125155829024,0.010494668006896975,0.00034122643127255123,95286482558.83955,50,0.01048963623046875
pfp_bloom_filter_contains_unique_size_u32,0,NVIDIA H200,I64,U32,64,20,1,1,1000000000,4,No,0.001202528,40,48,0.010509523041666668,0.0003322079631370065,0.010496607283751172,0.0003233052407422312,95268878121.02942,50,0.010491102294921874
pfp_bloom_filter_contains_unique_size_u32,0,NVIDIA H200,I64,U32,64,20,1,1,1000000000,8,No,0.0012102,40,48,0.010511008979166672,0.00045242672285507454,0.010498174607753754,0.00044128962925912553,95254654962.72264,50,0.010491561279296876
pfp_bloom_filter_contains_unique_size_u32,0,NVIDIA H200,I64,U32,64,20,1,1,1000000000,16,No,0.001232106,40,48,0.010520984354166664,0.0003182132209787537,0.010507886588573455,0.000287768007181314,95166615243.77562,50,0.010499661865234376
pfp_bloom_filter_contains_unique_size_u32,0,NVIDIA H200,I64,U32,64,20,1,1,1000000000,32,No,0.001209954,40,44,0.01138965025,0.03226598991990029,0.011376584789969703,0.032303595296775504,87899841513.21594,45,0.011652642779880101
pfp_bloom_filter_contains_unique_size_u32,0,NVIDIA H200,I64,U32,64,20,1,1,1000000000,64,No,0.001222983,40,31,0.016463004387096778,0.00019101611341050548,0.016449830147527874,0.00019320616961063396,60790901245.2802,32,0.01643748474121094
pfp_bloom_filter_contains_unique_size_u32,0,NVIDIA H200,I64,U32,64,20,1,1,1000000000,128,No,0.001218145,40,23,0.02206228004347826,0.00017574000408181092,0.02204908503656802,0.00016279309434192546,45353355857.692856,24,0.022039861599604287
pfp_bloom_filter_contains_unique_size_u32,0,NVIDIA H200,I64,U32,64,20,1,1,1000000000,256,No,0.001208729,40,20,0.025172120250000003,0.00013858830893376413,0.025158905506134033,0.000135140994106499,39747357044.45444,21,0.025149244580950053
pfp_bloom_filter_contains_unique_size_u32,0,NVIDIA H200,I64,U32,64,20,1,1,1000000000,512,No,0.001215917,40,19,0.026760119684210524,8.30321509025401e-05,0.026746948944894888,8.557475446866019e-05,37387441911.98178,20,0.026738787174224853
pfp_bloom_filter_contains_unique_size_u32,0,NVIDIA H200,I64,U32,64,20,1,1,1000000000,1024,No,0.001208374,40,19,0.027564975315789473,0.00010285955689715876,0.027551910801937706,0.00010035428235880837,36295123310.63698,20,0.027543156623840333
pfp_bloom_filter_contains_unique_size_u32,0,NVIDIA H200,I64,U32,64,20,1,1,1000000000,2048,No,0.001208513,40,18,0.027970293166666667,8.713072417710686e-05,0.02795703813764784,9.099923195119428e-05,35769168217.192795,19,0.027948081769441302
pfp_bloom_filter_contains_unique_size_u32,0,NVIDIA H200,I64,U32,64,20,1,2,1000000000,1,No,0.001143903,40,49,0.010276400816326532,0.0003640255378240772,0.01026361862494021,0.00035928847679091077,97431523572.98598,51,0.010258231368719362
pfp_bloom_filter_contains_unique_size_u32,0,NVIDIA H200,I64,U32,64,20,1,2,1000000000,2,No,0.001210902,40,49,0.010279624163265309,0.0002688698287854834,0.010266655318591061,0.0002615550857298537,97402705064.92804,51,0.010261672076056985
pfp_bloom_filter_contains_unique_size_u32,0,NVIDIA H200,I64,U32,64,20,1,2,1000000000,4,No,0.001202528,40,49,0.010282371959183674,0.00026622081721870537,0.01026926696543791,0.00024860706417433504,97377933923.18896,51,0.010264029708563114
pfp_bloom_filter_contains_unique_size_u32,0,NVIDIA H200,I64,U32,64,20,1,2,1000000000,8,No,0.0012102,40,49,0.010284458612244897,0.00033623990868542877,0.010271120927771745,0.00032445657909259726,97360356969.03665,51,0.010264892578125
pfp_bloom_filter_contains_unique_size_u32,0,NVIDIA H200,I64,U32,64,20,1,2,1000000000,16,No,0.001232106,40,49,0.010294917816326533,0.0002605947152220921,0.010281553015416982,0.00024705589438957476,97261571136.23984,51,0.010274162741268382
pfp_bloom_filter_contains_unique_size_u32,0,NVIDIA H200,I64,U32,64,20,1,2,1000000000,32,No,0.001209954,40,45,0.011266141666666667,0.027933123381869686,0.011252782249450687,0.027976753161437933,88866911118.69829,46,0.011459820353466531
pfp_bloom_filter_contains_unique_size_u32,0,NVIDIA H200,I64,U32,64,20,1,2,1000000000,64,No,0.001222983,40,31,0.01647372512903226,0.0002632806018723661,0.016460400550596176,0.00025795483565025073,60751863050.12372,32,0.016448383986949918
pfp_bloom_filter_contains_unique_size_u32,0,NVIDIA H200,I64,U32,64,20,1,2,1000000000,128,No,0.001218145,40,23,0.022063387173913044,0.00019188575865630147,0.022050030003423277,0.0001848956947156995,45351412213.26001,24,0.022038829644521075
pfp_bloom_filter_contains_unique_size_u32,0,NVIDIA H200,I64,U32,64,20,1,2,1000000000,256,No,0.001208729,40,20,0.025169539350000002,0.00016297411041324525,0.025155977535247804,0.00015132728474751147,39751983344.66748,21,0.02514538710457938
pfp_bloom_filter_contains_unique_size_u32,0,NVIDIA H200,I64,U32,64,20,1,2,1000000000,512,No,0.001215917,40,19,0.026756923631578954,0.00013984340650094075,0.02674336333023874,0.00013965410531439914,37392454630.76439,20,0.026731950759887695
pfp_bloom_filter_contains_unique_size_u32,0,NVIDIA H200,I64,U32,64,20,1,2,1000000000,1024,No,0.001208374,40,19,0.02756241005263158,0.00017998542357142746,0.02754858438592208,0.0001783285404317124,36299505847.24134,20,0.02753794059753418
pfp_bloom_filter_contains_unique_size_u32,0,NVIDIA H200,I64,U32,64,20,1,2,1000000000,2048,No,0.001208513,40,18,0.027964340666666667,0.0001238457234040722,0.027950929641723632,0.00011936907871318837,35776985338.87954,19,0.027942531184146274
pfp_bloom_filter_contains_unique_size_u32,0,NVIDIA H200,I64,U32,64,20,1,4,1000000000,1,Yes,,,,,,,,,,
pfp_bloom_filter_contains_unique_size_u32,0,NVIDIA H200,I64,U32,64,20,1,4,1000000000,2,Yes,,,,,,,,,,
pfp_bloom_filter_contains_unique_size_u32,0,NVIDIA H200,I64,U32,64,20,1,4,1000000000,4,Yes,,,,,,,,,,
pfp_bloom_filter_contains_unique_size_u32,0,NVIDIA H200,I64,U32,64,20,1,4,1000000000,8,Yes,,,,,,,,,,
pfp_bloom_filter_contains_unique_size_u32,0,NVIDIA H200,I64,U32,64,20,1,4,1000000000,16,Yes,,,,,,,,,,
pfp_bloom_filter_contains_unique_size_u32,0,NVIDIA H200,I64,U32,64,20,1,4,1000000000,32,Yes,,,,,,,,,,
pfp_bloom_filter_contains_unique_size_u32,0,NVIDIA H200,I64,U32,64,20,1,4,1000000000,64,Yes,,,,,,,,,,
pfp_bloom_filter_contains_unique_size_u32,0,NVIDIA H200,I64,U32,64,20,1,4,1000000000,128,Yes,,,,,,,,,,
pfp_bloom_filter_contains_unique_size_u32,0,NVIDIA H200,I64,U32,64,20,1,4,1000000000,256,Yes,,,,,,,,,,
pfp_bloom_filter_contains_unique_size_u32,0,NVIDIA H200,I64,U32,64,20,1,4,1000000000,512,Yes,,,,,,,,,,
pfp_bloom_filter_contains_unique_size_u32,0,NVIDIA H200,I64,U32,64,20,1,4,1000000000,1024,Yes,,,,,,,,,,
pfp_bloom_filter_contains_unique_size_u32,0,NVIDIA H200,I64,U32,64,20,1,4,1000000000,2048,Yes,,,,,,,,,,
pfp_bloom_filter_contains_unique_size_u32,0,NVIDIA H200,I64,U32,64,20,1,8,1000000000,1,Yes,,,,,,,,,,
pfp_bloom_filter_contains_unique_size_u32,0,NVIDIA H200,I64,U32,64,20,1,8,1000000000,2,Yes,,,,,,,,,,
pfp_bloom_filter_contains_unique_size_u32,0,NVIDIA H200,I64,U32,64,20,1,8,1000000000,4,Yes,,,,,,,,,,
pfp_bloom_filter_contains_unique_size_u32,0,NVIDIA H200,I64,U32,64,20,1,8,1000000000,8,Yes,,,,,,,,,,
pfp_bloom_filter_contains_unique_size_u32,0,NVIDIA H200,I64,U32,64,20,1,8,1000000000,16,Yes,,,,,,,,,,
pfp_bloom_filter_contains_unique_size_u32,0,NVIDIA H200,I64,U32,64,20,1,8,1000000000,32,Yes,,,,,,,,,,
pfp_bloom_filter_contains_unique_size_u32,0,NVIDIA H200,I64,U32,64,20,1,8,1000000000,64,Yes,,,,,,,,,,
pfp_bloom_filter_contains_unique_size_u32,0,NVIDIA H200,I64,U32,64,20,1,8,1000000000,128,Yes,,,,,,,,,,
pfp_bloom_filter_contains_unique_size_u32,0,NVIDIA H200,I64,U32,64,20,1,8,1000000000,256,Yes,,,,,,,,,,
pfp_bloom_filter_contains_unique_size_u32,0,NVIDIA H200,I64,U32,64,20,1,8,1000000000,512,Yes,,,,,,,,,,
pfp_bloom_filter_contains_unique_size_u32,0,NVIDIA H200,I64,U32,64,20,1,8,1000000000,1024,Yes,,,,,,,,,,
pfp_bloom_filter_contains_unique_size_u32,0,NVIDIA H200,I64,U32,64,20,1,8,1000000000,2048,Yes,,,,,,,,,,
pfp_bloom_filter_contains_unique_size_u32,0,NVIDIA H200,I64,U32,64,20,2,1,1000000000,1,No,0.001143903,40,21,0.024249465904761906,2.905619681938457e-05,0.024236015319824215,5.328795596477617e-06,41260908066.10585,22,0.02423377904024991
pfp_bloom_filter_contains_unique_size_u32,0,NVIDIA H200,I64,U32,64,20,2,1,1000000000,2,No,0.001210902,40,21,0.024252798285714288,0.0002209693264089495,0.02423910268147786,0.0002188631443588916,41255652618.037834,22,0.024234094619750977
pfp_bloom_filter_contains_unique_size_u32,0,NVIDIA H200,I64,U32,64,20,2,1,1000000000,4,No,0.001202528,40,21,0.024250094,2.7579002007832053e-05,0.02423668425423758,5.533907173445839e-06,41259769261.76106,22,0.024234352371909403
pfp_bloom_filter_contains_unique_size_u32,0,NVIDIA H200,I64,U32,64,20,2,1,1000000000,8,No,0.0012102,40,21,0.02425289323809524,0.0002240184747474604,0.024239599227905275,0.00021636112659124496,41254807498.99418,22,0.024234405864368782
pfp_bloom_filter_contains_unique_size_u32,0,NVIDIA H200,I64,U32,64,20,2,1,1000000000,16,No,0.001232106,40,21,0.024250477523809526,2.6024136758688667e-05,0.024237059184483115,8.200481668028699e-06,41259131002.17262,22,0.024236974802884184
pfp_bloom_filter_contains_unique_size_u32,0,NVIDIA H200,I64,U32,64,20,2,1,1000000000,32,No,0.001209954,40,21,0.02428926619047619,0.00013107720518472214,0.024275751568022225,0.00012825003513677763,41193369325.680214,22,0.024276724641973325
pfp_bloom_filter_contains_unique_size_u32,0,NVIDIA H200,I64,U32,64,20,2,1,1000000000,64,No,0.001222983,40,21,0.02444490333333333,0.0008715251052979161,0.024431539898826966,0.0008706795809032643,40930698766.47493,22,0.02441535039381548
pfp_bloom_filter_contains_unique_size_u32,0,NVIDIA H200,I64,U32,64,20,2,1,1000000000,128,No,0.001218145,40,20,0.025041863549999998,0.01332152969539482,0.025028598308563233,0.013328422410640502,39954294989.73828,21,0.025248446509951637
pfp_bloom_filter_contains_unique_size_u32,0,NVIDIA H200,I64,U32,64,20,2,1,1000000000,256,No,0.001208729,40,20,0.02579447395,0.004947645967343476,0.02578100481033325,0.0049505360786695094,38788247679.128136,21,0.025989858445667088
pfp_bloom_filter_contains_unique_size_u32,0,NVIDIA H200,I64,U32,64,20,2,1,1000000000,512,No,0.001215917,40,19,0.026945988105263163,0.0009437935286206098,0.026932367124055563,0.0009451595531941733,37130044878.48437,20,0.02699346780776978
pfp_bloom_filter_contains_unique_size_u32,0,NVIDIA H200,I64,U32,64,20,2,1,1000000000,1024,No,0.001208374,40,19,0.02769713010526316,0.00016617865598814285,0.027683570661042867,0.00017350495314267817,36122507903.47754,20,0.027711455535888673
pfp_bloom_filter_contains_unique_size_u32,0,NVIDIA H200,I64,U32,64,20,2,1,1000000000,2048,No,0.001208513,40,18,0.028089754833333338,0.00015852653641792167,0.028076298501756455,0.00015637516686377325,35617230666.551,19,0.02809305291426809
pfp_bloom_filter_contains_unique_size_u32,0,NVIDIA H200,I64,U32,64,20,2,2,1000000000,1,Yes,,,,,,,,,,
pfp_bloom_filter_contains_unique_size_u32,0,NVIDIA H200,I64,U32,64,20,2,2,1000000000,2,Yes,,,,,,,,,,
pfp_bloom_filter_contains_unique_size_u32,0,NVIDIA H200,I64,U32,64,20,2,2,1000000000,4,Yes,,,,,,,,,,
pfp_bloom_filter_contains_unique_size_u32,0,NVIDIA H200,I64,U32,64,20,2,2,1000000000,8,Yes,,,,,,,,,,
pfp_bloom_filter_contains_unique_size_u32,0,NVIDIA H200,I64,U32,64,20,2,2,1000000000,16,Yes,,,,,,,,,,
pfp_bloom_filter_contains_unique_size_u32,0,NVIDIA H200,I64,U32,64,20,2,2,1000000000,32,Yes,,,,,,,,,,
pfp_bloom_filter_contains_unique_size_u32,0,NVIDIA H200,I64,U32,64,20,2,2,1000000000,64,Yes,,,,,,,,,,
pfp_bloom_filter_contains_unique_size_u32,0,NVIDIA H200,I64,U32,64,20,2,2,1000000000,128,Yes,,,,,,,,,,
pfp_bloom_filter_contains_unique_size_u32,0,NVIDIA H200,I64,U32,64,20,2,2,1000000000,256,Yes,,,,,,,,,,
pfp_bloom_filter_contains_unique_size_u32,0,NVIDIA H200,I64,U32,64,20,2,2,1000000000,512,Yes,,,,,,,,,,
pfp_bloom_filter_contains_unique_size_u32,0,NVIDIA H200,I64,U32,64,20,2,2,1000000000,1024,Yes,,,,,,,,,,
pfp_bloom_filter_contains_unique_size_u32,0,NVIDIA H200,I64,U32,64,20,2,2,1000000000,2048,Yes,,,,,,,,,,
pfp_bloom_filter_contains_unique_size_u32,0,NVIDIA H200,I64,U32,64,20,2,4,1000000000,1,Yes,,,,,,,,,,
pfp_bloom_filter_contains_unique_size_u32,0,NVIDIA H200,I64,U32,64,20,2,4,1000000000,2,Yes,,,,,,,,,,
pfp_bloom_filter_contains_unique_size_u32,0,NVIDIA H200,I64,U32,64,20,2,4,1000000000,4,Yes,,,,,,,,,,
pfp_bloom_filter_contains_unique_size_u32,0,NVIDIA H200,I64,U32,64,20,2,4,1000000000,8,Yes,,,,,,,,,,
pfp_bloom_filter_contains_unique_size_u32,0,NVIDIA H200,I64,U32,64,20,2,4,1000000000,16,Yes,,,,,,,,,,
pfp_bloom_filter_contains_unique_size_u32,0,NVIDIA H200,I64,U32,64,20,2,4,1000000000,32,Yes,,,,,,,,,,
pfp_bloom_filter_contains_unique_size_u32,0,NVIDIA H200,I64,U32,64,20,2,4,1000000000,64,Yes,,,,,,,,,,
pfp_bloom_filter_contains_unique_size_u32,0,NVIDIA H200,I64,U32,64,20,2,4,1000000000,128,Yes,,,,,,,,,,
pfp_bloom_filter_contains_unique_size_u32,0,NVIDIA H200,I64,U32,64,20,2,4,1000000000,256,Yes,,,,,,,,,,
pfp_bloom_filter_contains_unique_size_u32,0,NVIDIA H200,I64,U32,64,20,2,4,1000000000,512,Yes,,,,,,,,,,
pfp_bloom_filter_contains_unique_size_u32,0,NVIDIA H200,I64,U32,64,20,2,4,1000000000,1024,Yes,,,,,,,,,,
pfp_bloom_filter_contains_unique_size_u32,0,NVIDIA H200,I64,U32,64,20,2,4,1000000000,2048,Yes,,,,,,,,,,
pfp_bloom_filter_contains_unique_size_u32,0,NVIDIA H200,I64,U32,64,20,2,8,1000000000,1,Yes,,,,,,,,,,
pfp_bloom_filter_contains_unique_size_u32,0,NVIDIA H200,I64,U32,64,20,2,8,1000000000,2,Yes,,,,,,,,,,
pfp_bloom_filter_contains_unique_size_u32,0,NVIDIA H200,I64,U32,64,20,2,8,1000000000,4,Yes,,,,,,,,,,
pfp_bloom_filter_contains_unique_size_u32,0,NVIDIA H200,I64,U32,64,20,2,8,1000000000,8,Yes,,,,,,,,,,
pfp_bloom_filter_contains_unique_size_u32,0,NVIDIA H200,I64,U32,64,20,2,8,1000000000,16,Yes,,,,,,,,,,
pfp_bloom_filter_contains_unique_size_u32,0,NVIDIA H200,I64,U32,64,20,2,8,1000000000,32,Yes,,,,,,,,,,
pfp_bloom_filter_contains_unique_size_u32,0,NVIDIA H200,I64,U32,64,20,2,8,1000000000,64,Yes,,,,,,,,,,
pfp_bloom_filter_contains_unique_size_u32,0,NVIDIA H200,I64,U32,64,20,2,8,1000000000,128,Yes,,,,,,,,,,
pfp_bloom_filter_contains_unique_size_u32,0,NVIDIA H200,I64,U32,64,20,2,8,1000000000,256,Yes,,,,,,,,,,
pfp_bloom_filter_contains_unique_size_u32,0,NVIDIA H200,I64,U32,64,20,2,8,1000000000,512,Yes,,,,,,,,,,
pfp_bloom_filter_contains_unique_size_u32,0,NVIDIA H200,I64,U32,64,20,2,8,1000000000,1024,Yes,,,,,,,,,,
pfp_bloom_filter_contains_unique_size_u32,0,NVIDIA H200,I64,U32,64,20,2,8,1000000000,2048,Yes,,,,,,,,,,
pfp_bloom_filter_contains_unique_size_u32,0,NVIDIA H200,I64,U32,64,20,4,1,1000000000,1,Yes,,,,,,,,,,
pfp_bloom_filter_contains_unique_size_u32,0,NVIDIA H200,I64,U32,64,20,4,1,1000000000,2,Yes,,,,,,,,,,
pfp_bloom_filter_contains_unique_size_u32,0,NVIDIA H200,I64,U32,64,20,4,1,1000000000,4,Yes,,,,,,,,,,
pfp_bloom_filter_contains_unique_size_u32,0,NVIDIA H200,I64,U32,64,20,4,1,1000000000,8,Yes,,,,,,,,,,
pfp_bloom_filter_contains_unique_size_u32,0,NVIDIA H200,I64,U32,64,20,4,1,1000000000,16,Yes,,,,,,,,,,
pfp_bloom_filter_contains_unique_size_u32,0,NVIDIA H200,I64,U32,64,20,4,1,1000000000,32,Yes,,,,,,,,,,
pfp_bloom_filter_contains_unique_size_u32,0,NVIDIA H200,I64,U32,64,20,4,1,1000000000,64,Yes,,,,,,,,,,
pfp_bloom_filter_contains_unique_size_u32,0,NVIDIA H200,I64,U32,64,20,4,1,1000000000,128,Yes,,,,,,,,,,
pfp_bloom_filter_contains_unique_size_u32,0,NVIDIA H200,I64,U32,64,20,4,1,1000000000,256,Yes,,,,,,,,,,
pfp_bloom_filter_contains_unique_size_u32,0,NVIDIA H200,I64,U32,64,20,4,1,1000000000,512,Yes,,,,,,,,,,
pfp_bloom_filter_contains_unique_size_u32,0,NVIDIA H200,I64,U32,64,20,4,1,1000000000,1024,Yes,,,,,,,,,,
pfp_bloom_filter_contains_unique_size_u32,0,NVIDIA H200,I64,U32,64,20,4,1,1000000000,2048,Yes,,,,,,,,,,
pfp_bloom_filter_contains_unique_size_u32,0,NVIDIA H200,I64,U32,64,20,4,2,1000000000,1,Yes,,,,,,,,,,
pfp_bloom_filter_contains_unique_size_u32,0,NVIDIA H200,I64,U32,64,20,4,2,1000000000,2,Yes,,,,,,,,,,
pfp_bloom_filter_contains_unique_size_u32,0,NVIDIA H200,I64,U32,64,20,4,2,1000000000,4,Yes,,,,,,,,,,
pfp_bloom_filter_contains_unique_size_u32,0,NVIDIA H200,I64,U32,64,20,4,2,1000000000,8,Yes,,,,,,,,,,
pfp_bloom_filter_contains_unique_size_u32,0,NVIDIA H200,I64,U32,64,20,4,2,1000000000,16,Yes,,,,,,,,,,
pfp_bloom_filter_contains_unique_size_u32,0,NVIDIA H200,I64,U32,64,20,4,2,1000000000,32,Yes,,,,,,,,,,
pfp_bloom_filter_contains_unique_size_u32,0,NVIDIA H200,I64,U32,64,20,4,2,1000000000,64,Yes,,,,,,,,,,
pfp_bloom_filter_contains_unique_size_u32,0,NVIDIA H200,I64,U32,64,20,4,2,1000000000,128,Yes,,,,,,,,,,
pfp_bloom_filter_contains_unique_size_u32,0,NVIDIA H200,I64,U32,64,20,4,2,1000000000,256,Yes,,,,,,,,,,
pfp_bloom_filter_contains_unique_size_u32,0,NVIDIA H200,I64,U32,64,20,4,2,1000000000,512,Yes,,,,,,,,,,
pfp_bloom_filter_contains_unique_size_u32,0,NVIDIA H200,I64,U32,64,20,4,2,1000000000,1024,Yes,,,,,,,,,,
pfp_bloom_filter_contains_unique_size_u32,0,NVIDIA H200,I64,U32,64,20,4,2,1000000000,2048,Yes,,,,,,,,,,
pfp_bloom_filter_contains_unique_size_u32,0,NVIDIA H200,I64,U32,64,20,4,4,1000000000,1,Yes,,,,,,,,,,
pfp_bloom_filter_contains_unique_size_u32,0,NVIDIA H200,I64,U32,64,20,4,4,1000000000,2,Yes,,,,,,,,,,
pfp_bloom_filter_contains_unique_size_u32,0,NVIDIA H200,I64,U32,64,20,4,4,1000000000,4,Yes,,,,,,,,,,
pfp_bloom_filter_contains_unique_size_u32,0,NVIDIA H200,I64,U32,64,20,4,4,1000000000,8,Yes,,,,,,,,,,
pfp_bloom_filter_contains_unique_size_u32,0,NVIDIA H200,I64,U32,64,20,4,4,1000000000,16,Yes,,,,,,,,,,
pfp_bloom_filter_contains_unique_size_u32,0,NVIDIA H200,I64,U32,64,20,4,4,1000000000,32,Yes,,,,,,,,,,
pfp_bloom_filter_contains_unique_size_u32,0,NVIDIA H200,I64,U32,64,20,4,4,1000000000,64,Yes,,,,,,,,,,
pfp_bloom_filter_contains_unique_size_u32,0,NVIDIA H200,I64,U32,64,20,4,4,1000000000,128,Yes,,,,,,,,,,
pfp_bloom_filter_contains_unique_size_u32,0,NVIDIA H200,I64,U32,64,20,4,4,1000000000,256,Yes,,,,,,,,,,
pfp_bloom_filter_contains_unique_size_u32,0,NVIDIA H200,I64,U32,64,20,4,4,1000000000,512,Yes,,,,,,,,,,
pfp_bloom_filter_contains_unique_size_u32,0,NVIDIA H200,I64,U32,64,20,4,4,1000000000,1024,Yes,,,,,,,,,,
pfp_bloom_filter_contains_unique_size_u32,0,NVIDIA H200,I64,U32,64,20,4,4,1000000000,2048,Yes,,,,,,,,,,
pfp_bloom_filter_contains_unique_size_u32,0,NVIDIA H200,I64,U32,64,20,4,8,1000000000,1,Yes,,,,,,,,,,
pfp_bloom_filter_contains_unique_size_u32,0,NVIDIA H200,I64,U32,64,20,4,8,1000000000,2,Yes,,,,,,,,,,
pfp_bloom_filter_contains_unique_size_u32,0,NVIDIA H200,I64,U32,64,20,4,8,1000000000,4,Yes,,,,,,,,,,
pfp_bloom_filter_contains_unique_size_u32,0,NVIDIA H200,I64,U32,64,20,4,8,1000000000,8,Yes,,,,,,,,,,
pfp_bloom_filter_contains_unique_size_u32,0,NVIDIA H200,I64,U32,64,20,4,8,1000000000,16,Yes,,,,,,,,,,
pfp_bloom_filter_contains_unique_size_u32,0,NVIDIA H200,I64,U32,64,20,4,8,1000000000,32,Yes,,,,,,,,,,
pfp_bloom_filter_contains_unique_size_u32,0,NVIDIA H200,I64,U32,64,20,4,8,1000000000,64,Yes,,,,,,,,,,
pfp_bloom_filter_contains_unique_size_u32,0,NVIDIA H200,I64,U32,64,20,4,8,1000000000,128,Yes,,,,,,,,,,
pfp_bloom_filter_contains_unique_size_u32,0,NVIDIA H200,I64,U32,64,20,4,8,1000000000,256,Yes,,,,,,,,,,
pfp_bloom_filter_contains_unique_size_u32,0,NVIDIA H200,I64,U32,64,20,4,8,1000000000,512,Yes,,,,,,,,,,
pfp_bloom_filter_contains_unique_size_u32,0,NVIDIA H200,I64,U32,64,20,4,8,1000000000,1024,Yes,,,,,,,,,,
pfp_bloom_filter_contains_unique_size_u32,0,NVIDIA H200,I64,U32,64,20,4,8,1000000000,2048,Yes,,,,,,,,,,
pfp_bloom_filter_contains_unique_size_u32,0,NVIDIA H200,I64,U32,64,20,8,1,1000000000,1,Yes,,,,,,,,,,
pfp_bloom_filter_contains_unique_size_u32,0,NVIDIA H200,I64,U32,64,20,8,1,1000000000,2,Yes,,,,,,,,,,
pfp_bloom_filter_contains_unique_size_u32,0,NVIDIA H200,I64,U32,64,20,8,1,1000000000,4,Yes,,,,,,,,,,
pfp_bloom_filter_contains_unique_size_u32,0,NVIDIA H200,I64,U32,64,20,8,1,1000000000,8,Yes,,,,,,,,,,
pfp_bloom_filter_contains_unique_size_u32,0,NVIDIA H200,I64,U32,64,20,8,1,1000000000,16,Yes,,,,,,,,,,
pfp_bloom_filter_contains_unique_size_u32,0,NVIDIA H200,I64,U32,64,20,8,1,1000000000,32,Yes,,,,,,,,,,
pfp_bloom_filter_contains_unique_size_u32,0,NVIDIA H200,I64,U32,64,20,8,1,1000000000,64,Yes,,,,,,,,,,
pfp_bloom_filter_contains_unique_size_u32,0,NVIDIA H200,I64,U32,64,20,8,1,1000000000,128,Yes,,,,,,,,,,
pfp_bloom_filter_contains_unique_size_u32,0,NVIDIA H200,I64,U32,64,20,8,1,1000000000,256,Yes,,,,,,,,,,
pfp_bloom_filter_contains_unique_size_u32,0,NVIDIA H200,I64,U32,64,20,8,1,1000000000,512,Yes,,,,,,,,,,
pfp_bloom_filter_contains_unique_size_u32,0,NVIDIA H200,I64,U32,64,20,8,1,1000000000,1024,Yes,,,,,,,,,,
pfp_bloom_filter_contains_unique_size_u32,0,NVIDIA H200,I64,U32,64,20,8,1,1000000000,2048,Yes,,,,,,,,,,
pfp_bloom_filter_contains_unique_size_u32,0,NVIDIA H200,I64,U32,64,20,8,2,1000000000,1,Yes,,,,,,,,,,
pfp_bloom_filter_contains_unique_size_u32,0,NVIDIA H200,I64,U32,64,20,8,2,1000000000,2,Yes,,,,,,,,,,
pfp_bloom_filter_contains_unique_size_u32,0,NVIDIA H200,I64,U32,64,20,8,2,1000000000,4,Yes,,,,,,,,,,
pfp_bloom_filter_contains_unique_size_u32,0,NVIDIA H200,I64,U32,64,20,8,2,1000000000,8,Yes,,,,,,,,,,
pfp_bloom_filter_contains_unique_size_u32,0,NVIDIA H200,I64,U32,64,20,8,2,1000000000,16,Yes,,,,,,,,,,
pfp_bloom_filter_contains_unique_size_u32,0,NVIDIA H200,I64,U32,64,20,8,2,1000000000,32,Yes,,,,,,,,,,
pfp_bloom_filter_contains_unique_size_u32,0,NVIDIA H200,I64,U32,64,20,8,2,1000000000,64,Yes,,,,,,,,,,
pfp_bloom_filter_contains_unique_size_u32,0,NVIDIA H200,I64,U32,64,20,8,2,1000000000,128,Yes,,,,,,,,,,
pfp_bloom_filter_contains_unique_size_u32,0,NVIDIA H200,I64,U32,64,20,8,2,1000000000,256,Yes,,,,,,,,,,
pfp_bloom_filter_contains_unique_size_u32,0,NVIDIA H200,I64,U32,64,20,8,2,1000000000,512,Yes,,,,,,,,,,
pfp_bloom_filter_contains_unique_size_u32,0,NVIDIA H200,I64,U32,64,20,8,2,1000000000,1024,Yes,,,,,,,,,,
pfp_bloom_filter_contains_unique_size_u32,0,NVIDIA H200,I64,U32,64,20,8,2,1000000000,2048,Yes,,,,,,,,,,
pfp_bloom_filter_contains_unique_size_u32,0,NVIDIA H200,I64,U32,64,20,8,4,1000000000,1,Yes,,,,,,,,,,
pfp_bloom_filter_contains_unique_size_u32,0,NVIDIA H200,I64,U32,64,20,8,4,1000000000,2,Yes,,,,,,,,,,
pfp_bloom_filter_contains_unique_size_u32,0,NVIDIA H200,I64,U32,64,20,8,4,1000000000,4,Yes,,,,,,,,,,
pfp_bloom_filter_contains_unique_size_u32,0,NVIDIA H200,I64,U32,64,20,8,4,1000000000,8,Yes,,,,,,,,,,
pfp_bloom_filter_contains_unique_size_u32,0,NVIDIA H200,I64,U32,64,20,8,4,1000000000,16,Yes,,,,,,,,,,
pfp_bloom_filter_contains_unique_size_u32,0,NVIDIA H200,I64,U32,64,20,8,4,1000000000,32,Yes,,,,,,,,,,
pfp_bloom_filter_contains_unique_size_u32,0,NVIDIA H200,I64,U32,64,20,8,4,1000000000,64,Yes,,,,,,,,,,
pfp_bloom_filter_contains_unique_size_u32,0,NVIDIA H200,I64,U32,64,20,8,4,1000000000,128,Yes,,,,,,,,,,
pfp_bloom_filter_contains_unique_size_u32,0,NVIDIA H200,I64,U32,64,20,8,4,1000000000,256,Yes,,,,,,,,,,
pfp_bloom_filter_contains_unique_size_u32,0,NVIDIA H200,I64,U32,64,20,8,4,1000000000,512,Yes,,,,,,,,,,
pfp_bloom_filter_contains_unique_size_u32,0,NVIDIA H200,I64,U32,64,20,8,4,1000000000,1024,Yes,,,,,,,,,,
pfp_bloom_filter_contains_unique_size_u32,0,NVIDIA H200,I64,U32,64,20,8,4,1000000000,2048,Yes,,,,,,,,,,
pfp_bloom_filter_contains_unique_size_u32,0,NVIDIA H200,I64,U32,64,20,8,8,1000000000,1,Yes,,,,,,,,,,
pfp_bloom_filter_contains_unique_size_u32,0,NVIDIA H200,I64,U32,64,20,8,8,1000000000,2,Yes,,,,,,,,,,
pfp_bloom_filter_contains_unique_size_u32,0,NVIDIA H200,I64,U32,64,20,8,8,1000000000,4,Yes,,,,,,,,,,
pfp_bloom_filter_contains_unique_size_u32,0,NVIDIA H200,I64,U32,64,20,8,8,1000000000,8,Yes,,,,,,,,,,
pfp_bloom_filter_contains_unique_size_u32,0,NVIDIA H200,I64,U32,64,20,8,8,1000000000,16,Yes,,,,,,,,,,
pfp_bloom_filter_contains_unique_size_u32,0,NVIDIA H200,I64,U32,64,20,8,8,1000000000,32,Yes,,,,,,,,,,
pfp_bloom_filter_contains_unique_size_u32,0,NVIDIA H200,I64,U32,64,20,8,8,1000000000,64,Yes,,,,,,,,,,
pfp_bloom_filter_contains_unique_size_u32,0,NVIDIA H200,I64,U32,64,20,8,8,1000000000,128,Yes,,,,,,,,,,
pfp_bloom_filter_contains_unique_size_u32,0,NVIDIA H200,I64,U32,64,20,8,8,1000000000,256,Yes,,,,,,,,,,
pfp_bloom_filter_contains_unique_size_u32,0,NVIDIA H200,I64,U32,64,20,8,8,1000000000,512,Yes,,,,,,,,,,
pfp_bloom_filter_contains_unique_size_u32,0,NVIDIA H200,I64,U32,64,20,8,8,1000000000,1024,Yes,,,,,,,,,,
pfp_bloom_filter_contains_unique_size_u32,0,NVIDIA H200,I64,U32,64,20,8,8,1000000000,2048,Yes,,,,,,,,,,
pfp_bloom_filter_contains_unique_size_u32,0,NVIDIA H200,I64,U32,128,1,1,1,1000000000,1,No,0.029323355,4,53,0.009541417735849059,0.003561492513868121,0.009528138268668695,0.0035639810528960854,104952297269.68724,55,0.009483064408735796
pfp_bloom_filter_contains_unique_size_u32,0,NVIDIA H200,I64,U32,128,1,1,1,1000000000,2,No,0.029382335,4,53,0.009480666339622641,0.00046231594751682507,0.009467531492125314,0.0004497325679715107,105624153543.27124,55,0.009460524680397726
pfp_bloom_filter_contains_unique_size_u32,0,NVIDIA H200,I64,U32,128,1,1,1,1000000000,4,No,0.029359103,4,54,0.00943543816666667,0.00045376245439082957,0.009422330697377523,0.0004487185774216167,106130853619.72337,55,0.009416945578835227
pfp_bloom_filter_contains_unique_size_u32,0,NVIDIA H200,I64,U32,128,1,1,1,1000000000,8,No,0.029367667,4,54,0.009403488111111111,0.0004409102415158724,0.009390294481206821,0.0004337327591536397,106492932889.52127,56,0.009383477347237724
pfp_bloom_filter_contains_unique_size_u32,0,NVIDIA H200,I64,U32,128,1,1,1,1000000000,16,No,0.02935102,4,54,0.009433177574074077,0.00045510278682768166,0.009419896973503962,0.00044410950490900673,106158273579.08199,55,0.009408908913352273
pfp_bloom_filter_contains_unique_size_u32,0,NVIDIA H200,I64,U32,128,1,1,1,1000000000,32,No,0.029358275,4,48,0.010509774770833332,0.013139918723090553,0.010496607979138687,0.013156857510744031,95268871809.58209,49,0.011026149535665705
pfp_bloom_filter_contains_unique_size_u32,0,NVIDIA H200,I64,U32,128,1,1,1,1000000000,64,No,0.029353728,4,31,0.01653596335483871,0.00014854379847154626,0.016522382551623933,0.00013210238262548608,60523958749.62435,32,0.016510622203350065
pfp_bloom_filter_contains_unique_size_u32,0,NVIDIA H200,I64,U32,128,1,1,1,1000000000,128,No,0.02936676,4,23,0.022142437217391307,0.00013570840019333662,0.02212895990454632,0.00013466453615898613,45189652126.15137,24,0.02211759614944458
pfp_bloom_filter_contains_unique_size_u32,0,NVIDIA H200,I64,U32,128,1,1,1,1000000000,256,No,0.029370944,4,20,0.02524067220000001,0.0001318310638975817,0.02522727355957031,0.0001265913483180201,39639638331.84963,21,0.025216990152994792
pfp_bloom_filter_contains_unique_size_u32,0,NVIDIA H200,I64,U32,128,1,1,1,1000000000,512,No,0.029372957,4,19,0.026833584842105268,0.00012817962828295192,0.026820038745277802,0.00012191439443711714,37285553891.15796,20,0.02681072597503662
pfp_bloom_filter_contains_unique_size_u32,0,NVIDIA H200,I64,U32,128,1,1,1,1000000000,1024,No,0.0293621,4,19,0.027642622684210524,0.00010933036618162503,0.027629092969392467,0.00010158805293734302,36193732494.50501,20,0.02761875400543213
pfp_bloom_filter_contains_unique_size_u32,0,NVIDIA H200,I64,U32,128,1,1,1,1000000000,2048,No,0.029358964,4,18,0.028051185666666662,0.0001221516546702547,0.02803757868872749,0.00011752052485470732,35666417956.48531,19,0.028027842270700553
pfp_bloom_filter_contains_unique_size_u32,0,NVIDIA H200,I64,U32,128,1,1,2,1000000000,1,No,0.029323355,4,69,0.007325200608695653,0.0014392156752473116,0.007311818682629129,0.0014341560052146501,136764879355.62805,71,0.007339529118067781
pfp_bloom_filter_contains_unique_size_u32,0,NVIDIA H200,I64,U32,128,1,1,2,1000000000,2,No,0.029382335,4,67,0.007501433104477617,0.002324614787728038,0.007488149016650756,0.002322330351290247,133544350917.21407,70,0.007504363141741071
pfp_bloom_filter_contains_unique_size_u32,0,NVIDIA H200,I64,U32,128,1,1,2,1000000000,4,No,0.029359103,4,67,0.007586220746268659,0.002916743531904874,0.007572973827817547,0.002926010995370403,132048521853.6916,69,0.0075741417926290765
pfp_bloom_filter_contains_unique_size_u32,0,NVIDIA H200,I64,U32,128,1,1,2,1000000000,8,No,0.029367667,4,66,0.007678773212121215,0.0030278606238863556,0.007665687756104901,0.003007133004322367,130451439168.46951,68,0.0076423842486213235
pfp_bloom_filter_contains_unique_size_u32,0,NVIDIA H200,I64,U32,128,1,1,2,1000000000,16,No,0.02935102,4,66,0.007689377772727275,0.0020474614623517827,0.007676318544330016,0.002051884360980206,130270779440.05246,68,0.0076866876938763784
pfp_bloom_filter_contains_unique_size_u32,0,NVIDIA H200,I64,U32,128,1,1,2,1000000000,32,No,0.029358275,4,52,0.009674886596153846,0.00014050619124126296,0.00966181412109962,0.00012344883338443716,103500231681.76921,54,0.009663397894965278
pfp_bloom_filter_contains_unique_size_u32,0,NVIDIA H200,I64,U32,128,1,1,2,1000000000,64,No,0.029353728,4,31,0.01646273664516129,0.00022751354125084096,0.016449665930963333,0.0002241765777725688,60791508119.18267,32,0.016437047958374022
pfp_bloom_filter_contains_unique_size_u32,0,NVIDIA H200,I64,U32,128,1,1,2,1000000000,128,No,0.02936676,4,23,0.02207441204347826,0.00016721085653763026,0.022061278467592985,0.00015475996448563513,45328288724.017265,24,0.02205159513155619
pfp_bloom_filter_contains_unique_size_u32,0,NVIDIA H200,I64,U32,128,1,1,2,1000000000,256,No,0.029370944,4,20,0.025170196450000005,5.528171800067191e-05,0.025157047939300535,5.6084249512440284e-05,39750291942.55309,21,0.025146266483125235
pfp_bloom_filter_contains_unique_size_u32,0,NVIDIA H200,I64,U32,128,1,1,2,1000000000,512,No,0.029372957,4,19,0.026761646421052627,0.00012214909728216783,0.026748476630763005,0.00011998401610418317,37385306602.84091,20,0.026737642765045165
pfp_bloom_filter_contains_unique_size_u32,0,NVIDIA H200,I64,U32,128,1,1,2,1000000000,1024,No,0.0293621,4,19,0.027566159736842108,0.00013703232930257917,0.027552693818744856,0.00013105382855299253,36294091843.740974,20,0.027543004226684577
pfp_bloom_filter_contains_unique_size_u32,0,NVIDIA H200,I64,U32,128,1,1,2,1000000000,2048,No,0.029358964,4,18,0.027972338944444446,9.418392865035753e-05,0.02795897250705295,8.49469650797946e-05,35766693491.605934,19,0.027949342426500816
pfp_bloom_filter_contains_unique_size_u32,0,NVIDIA H200,I64,U32,128,1,1,4,1000000000,1,No,0.029323355,4,74,0.006811282662162163,0.0014478525325966744,0.006798235248874974,0.0014475442485437807,147096998469.63782,77,0.006866033380681819
pfp_bloom_filter_contains_unique_size_u32,0,NVIDIA H200,I64,U32,128,1,1,4,1000000000,2,No,0.029382335,4,71,0.007109040126760564,0.000185766551066426,0.007095980160672898,0.0001366210896628596,140924858491.31406,74,0.007092717351140203
pfp_bloom_filter_contains_unique_size_u32,0,NVIDIA H200,I64,U32,128,1,1,4,1000000000,4,No,0.029359103,4,69,0.007262606492753623,0.00019629590624378726,0.007249398742896924,0.00017274740559040697,137942474330.00095,72,0.007245920817057292
pfp_bloom_filter_contains_unique_size_u32,0,NVIDIA H200,I64,U32,128,1,1,4,1000000000,8,No,0.029367667,4,69,0.007327664376811594,0.00016980783732625343,0.0073146434728650084,0.00014030754298053656,136712063097.7683,71,0.0073106612084617075
pfp_bloom_filter_contains_unique_size_u32,0,NVIDIA H200,I64,U32,128,1,1,4,1000000000,16,No,0.02935102,4,68,0.007369709647058825,0.00013734696049100224,0.007356743553105525,0.00011900067819164762,135929707591.59695,71,0.007350224884463029
pfp_bloom_filter_contains_unique_size_u32,0,NVIDIA H200,I64,U32,128,1,1,4,1000000000,32,No,0.029358275,4,52,0.009680897538461538,0.0001393849172234815,0.009667698475030751,0.0001015845636174002,103437235096.10379,54,0.009673338713469329
pfp_bloom_filter_contains_unique_size_u32,0,NVIDIA H200,I64,U32,128,1,1,4,1000000000,64,No,0.029353728,4,31,0.016473845548387094,0.00026634201236118383,0.016460849515853387,0.00025598966348281234,60750206059.34727,32,0.01645043683052063
pfp_bloom_filter_contains_unique_size_u32,0,NVIDIA H200,I64,U32,128,1,1,4,1000000000,128,No,0.02936676,4,23,0.02207926665217392,0.00023023214585843246,0.022066163436226225,0.000234653292479395,45318254026.80969,24,0.022054428736368814
pfp_bloom_filter_contains_unique_size_u32,0,NVIDIA H200,I64,U32,128,1,1,4,1000000000,256,No,0.029370944,4,20,0.0251634713,0.00010836388690753704,0.02515031185150146,0.00010497524169542427,39760938389.33057,21,0.025140169597807384
pfp_bloom_filter_contains_unique_size_u32,0,NVIDIA H200,I64,U32,128,1,1,4,1000000000,512,No,0.029372957,4,19,0.026756295263157898,0.00015908814650221037,0.02674294240851151,0.00016520240585825562,37393043170.9612,20,0.026732788753509523
pfp_bloom_filter_contains_unique_size_u32,0,NVIDIA H200,I64,U32,128,1,1,4,1000000000,1024,No,0.0293621,4,19,0.027561045210526314,0.0001621512763260065,0.02754754196970086,0.00014542859029142643,36300879443.25071,20,0.02753667640686035
pfp_bloom_filter_contains_unique_size_u32,0,NVIDIA H200,I64,U32,128,1,1,4,1000000000,2048,No,0.029358964,4,18,0.02796356538888889,0.00016610475876349708,0.02795034461551242,0.00014993330446469644,35777734183.821144,19,0.027941762924194334
pfp_bloom_filter_contains_unique_size_u32,0,NVIDIA H200,I64,U32,128,1,1,8,1000000000,1,Yes,,,,,,,,,,
pfp_bloom_filter_contains_unique_size_u32,0,NVIDIA H200,I64,U32,128,1,1,8,1000000000,2,Yes,,,,,,,,,,
pfp_bloom_filter_contains_unique_size_u32,0,NVIDIA H200,I64,U32,128,1,1,8,1000000000,4,Yes,,,,,,,,,,
pfp_bloom_filter_contains_unique_size_u32,0,NVIDIA H200,I64,U32,128,1,1,8,1000000000,8,Yes,,,,,,,,,,
pfp_bloom_filter_contains_unique_size_u32,0,NVIDIA H200,I64,U32,128,1,1,8,1000000000,16,Yes,,,,,,,,,,
pfp_bloom_filter_contains_unique_size_u32,0,NVIDIA H200,I64,U32,128,1,1,8,1000000000,32,Yes,,,,,,,,,,
pfp_bloom_filter_contains_unique_size_u32,0,NVIDIA H200,I64,U32,128,1,1,8,1000000000,64,Yes,,,,,,,,,,
pfp_bloom_filter_contains_unique_size_u32,0,NVIDIA H200,I64,U32,128,1,1,8,1000000000,128,Yes,,,,,,,,,,
pfp_bloom_filter_contains_unique_size_u32,0,NVIDIA H200,I64,U32,128,1,1,8,1000000000,256,Yes,,,,,,,,,,
pfp_bloom_filter_contains_unique_size_u32,0,NVIDIA H200,I64,U32,128,1,1,8,1000000000,512,Yes,,,,,,,,,,
pfp_bloom_filter_contains_unique_size_u32,0,NVIDIA H200,I64,U32,128,1,1,8,1000000000,1024,Yes,,,,,,,,,,
pfp_bloom_filter_contains_unique_size_u32,0,NVIDIA H200,I64,U32,128,1,1,8,1000000000,2048,Yes,,,,,,,,,,
pfp_bloom_filter_contains_unique_size_u32,0,NVIDIA H200,I64,U32,128,1,2,1,1000000000,1,No,0.029323355,4,26,0.019946821692307694,3.659882759057588e-05,0.019933638205895055,2.23365875319526e-05,50166456803.86965,27,0.019933767389368126
pfp_bloom_filter_contains_unique_size_u32,0,NVIDIA H200,I64,U32,128,1,2,1,1000000000,2,No,0.029382335,4,26,0.019947320692307695,4.416737566512602e-05,0.01993418957636907,2.3040944978312587e-05,50165069222.85154,27,0.01993436622619629
pfp_bloom_filter_contains_unique_size_u32,0,NVIDIA H200,I64,U32,128,1,2,1,1000000000,4,No,0.029359103,4,26,0.019951015846153847,0.0003173006074225984,0.019937878095186677,0.0003160306142819172,50155788656.437614,27,0.01993168060867875
pfp_bloom_filter_contains_unique_size_u32,0,NVIDIA H200,I64,U32,128,1,2,1,1000000000,8,No,0.029367667,4,26,0.019951518115384613,0.0002975694100001345,0.019938382882338308,0.00029342929741500023,50154518844.44519,27,0.01993157704671224
pfp_bloom_filter_contains_unique_size_u32,0,NVIDIA H200,I64,U32,128,1,2,1,1000000000,16,No,0.02935102,4,26,0.019975364269230765,4.7942426809320724e-05,0.019962151307326093,3.347355185008729e-05,50094801136.63906,27,0.019960373560587566
pfp_bloom_filter_contains_unique_size_u32,0,NVIDIA H200,I64,U32,128,1,2,1,1000000000,32,No,0.029358275,4,25,0.02048853744,0.0008551629793810273,0.02047533462524414,0.0008598168127165786,48839250654.643524,26,0.020470616047198957
pfp_bloom_filter_contains_unique_size_u32,0,NVIDIA H200,I64,U32,128,1,2,1,1000000000,64,No,0.029353728,4,24,0.021694658500000002,0.0007338056824994128,0.021681389331817628,0.0007319940779780272,46122505559.756325,25,0.021884387207031248
pfp_bloom_filter_contains_unique_size_u32,0,NVIDIA H200,I64,U32,128,1,2,1,1000000000,128,No,0.02936676,4,22,0.02326766936363637,0.0006515702716303218,0.023254334623163394,0.0006504432716932918,43002735455.77652,23,0.023604835427325707
pfp_bloom_filter_contains_unique_size_u32,0,NVIDIA H200,I64,U32,128,1,2,1,1000000000,256,No,0.029370944,4,19,0.02636702236842105,8.561152551688267e-05,0.026353707765278064,8.566141400596786e-05,37945324768.21099,20,0.026343194580078128
pfp_bloom_filter_contains_unique_size_u32,0,NVIDIA H200,I64,U32,128,1,2,1,1000000000,512,No,0.029372957,4,18,0.02802540811111111,9.73038958764285e-05,0.028011731677585177,8.596593494813952e-05,35699328106.8801,19,0.028002927579377827
pfp_bloom_filter_contains_unique_size_u32,0,NVIDIA H200,I64,U32,128,1,2,1,1000000000,1024,No,0.0293621,4,18,0.028875950833333337,0.00010025513199495901,0.028862421141730415,0.00010777400192180972,34647128010.829315,19,0.02885349364029734
pfp_bloom_filter_contains_unique_size_u32,0,NVIDIA H200,I64,U32,128,1,2,1,1000000000,2048,No,0.029358964,4,18,0.029301430111111113,7.736090681981389e-05,0.029287969695197216,7.20993683220944e-05,34143711920.187656,19,0.02927992539656789
pfp_bloom_filter_contains_unique_size_u32,0,NVIDIA H200,I64,U32,128,1,2,2,1000000000,1,No,0.029323355,4,26,0.019841684769230768,0.00014118573409758036,0.019828269444979157,0.00014001688190766131,50433044738.214226,27,0.019828124152289496
pfp_bloom_filter_contains_unique_size_u32,0,NVIDIA H200,I64,U32,128,1,2,2,1000000000,2,No,0.029382335,4,26,0.019841747884615384,5.146525464198287e-05,0.019828329893258907,2.5030003183891403e-05,50432890988.966896,27,0.01982866124753599
pfp_bloom_filter_contains_unique_size_u32,0,NVIDIA H200,I64,U32,128,1,2,2,1000000000,4,No,0.029359103,4,26,0.01984484711538462,0.000321030496360568,0.019831494111281173,0.0003172600666938052,50424844158.9254,27,0.019825103830408166
pfp_bloom_filter_contains_unique_size_u32,0,NVIDIA H200,I64,U32,128,1,2,2,1000000000,8,No,0.029367667,4,26,0.019844976807692313,0.0003220673720808182,0.019831599969130292,0.00032417375898178484,50424574999.323906,27,0.019825195595070167
pfp_bloom_filter_contains_unique_size_u32,0,NVIDIA H200,I64,U32,128,1,2,2,1000000000,16,No,0.02935102,4,26,0.019853326692307695,4.3221058960153754e-05,0.01984007505270151,2.9263866830201996e-05,50403035136.89762,27,0.019838246734054002
pfp_bloom_filter_contains_unique_size_u32,0,NVIDIA H200,I64,U32,128,1,2,2,1000000000,32,No,0.029358275,4,25,0.020258079760000002,0.00022225712822249483,0.02024465270996094,0.00021441329862564187,49395759676.725494,26,0.02023900464864877
pfp_bloom_filter_contains_unique_size_u32,0,NVIDIA H200,I64,U32,128,1,2,2,1000000000,64,No,0.029353728,4,24,0.021158590333333338,0.000964879173025786,0.021145242849985757,0.0009655733292285402,47291960990.68087,25,0.02112796859741211
pfp_bloom_filter_contains_unique_size_u32,0,NVIDIA H200,I64,U32,128,1,2,2,1000000000,128,No,0.02936676,4,23,0.022457748478260875,0.00032835979131498654,0.0224442603069803,0.00032735736092686507,44554820979.73146,24,0.022614949226379397
pfp_bloom_filter_contains_unique_size_u32,0,NVIDIA H200,I64,U32,128,1,2,2,1000000000,256,No,0.029370944,4,20,0.025268106250000005,0.00011401841188353056,0.02525448627471924,9.868607151080053e-05,39596925042.22667,21,0.02524244181315104
pfp_bloom_filter_contains_unique_size_u32,0,NVIDIA H200,I64,U32,128,1,2,2,1000000000,512,No,0.029372957,4,19,0.026835344421052627,8.03066685456764e-05,0.026821965468557255,8.160002112296983e-05,37282875528.72574,20,0.02681300325393677
pfp_bloom_filter_contains_unique_size_u32,0,NVIDIA H200,I64,U32,128,1,2,2,1000000000,1024,No,0.0293621,4,19,0.027636486736842106,0.00012023117903702842,0.027623134311876803,0.00011002476922029432,36201539937.8499,20,0.027613848972320554
pfp_bloom_filter_contains_unique_size_u32,0,NVIDIA H200,I64,U32,128,1,2,2,1000000000,2048,No,0.029358964,4,18,0.028039087111111114,8.953785595309815e-05,0.028025564405653212,8.883638296819829e-05,35681707798.12319,19,0.028016746721769636
pfp_bloom_filter_contains_unique_size_u32,0,NVIDIA H200,I64,U32,128,1,2,4,1000000000,1,Yes,,,,,,,,,,
pfp_bloom_filter_contains_unique_size_u32,0,NVIDIA H200,I64,U32,128,1,2,4,1000000000,2,Yes,,,,,,,,,,
pfp_bloom_filter_contains_unique_size_u32,0,NVIDIA H200,I64,U32,128,1,2,4,1000000000,4,Yes,,,,,,,,,,
pfp_bloom_filter_contains_unique_size_u32,0,NVIDIA H200,I64,U32,128,1,2,4,1000000000,8,Yes,,,,,,,,,,
pfp_bloom_filter_contains_unique_size_u32,0,NVIDIA H200,I64,U32,128,1,2,4,1000000000,16,Yes,,,,,,,,,,
pfp_bloom_filter_contains_unique_size_u32,0,NVIDIA H200,I64,U32,128,1,2,4,1000000000,32,Yes,,,,,,,,,,
pfp_bloom_filter_contains_unique_size_u32,0,NVIDIA H200,I64,U32,128,1,2,4,1000000000,64,Yes,,,,,,,,,,
pfp_bloom_filter_contains_unique_size_u32,0,NVIDIA H200,I64,U32,128,1,2,4,1000000000,128,Yes,,,,,,,,,,
pfp_bloom_filter_contains_unique_size_u32,0,NVIDIA H200,I64,U32,128,1,2,4,1000000000,256,Yes,,,,,,,,,,
pfp_bloom_filter_contains_unique_size_u32,0,NVIDIA H200,I64,U32,128,1,2,4,1000000000,512,Yes,,,,,,,,,,
pfp_bloom_filter_contains_unique_size_u32,0,NVIDIA H200,I64,U32,128,1,2,4,1000000000,1024,Yes,,,,,,,,,,
pfp_bloom_filter_contains_unique_size_u32,0,NVIDIA H200,I64,U32,128,1,2,4,1000000000,2048,Yes,,,,,,,,,,
pfp_bloom_filter_contains_unique_size_u32,0,NVIDIA H200,I64,U32,128,1,2,8,1000000000,1,Yes,,,,,,,,,,
pfp_bloom_filter_contains_unique_size_u32,0,NVIDIA H200,I64,U32,128,1,2,8,1000000000,2,Yes,,,,,,,,,,
pfp_bloom_filter_contains_unique_size_u32,0,NVIDIA H200,I64,U32,128,1,2,8,1000000000,4,Yes,,,,,,,,,,
pfp_bloom_filter_contains_unique_size_u32,0,NVIDIA H200,I64,U32,128,1,2,8,1000000000,8,Yes,,,,,,,,,,
pfp_bloom_filter_contains_unique_size_u32,0,NVIDIA H200,I64,U32,128,1,2,8,1000000000,16,Yes,,,,,,,,,,
pfp_bloom_filter_contains_unique_size_u32,0,NVIDIA H200,I64,U32,128,1,2,8,1000000000,32,Yes,,,,,,,,,,
pfp_bloom_filter_contains_unique_size_u32,0,NVIDIA H200,I64,U32,128,1,2,8,1000000000,64,Yes,,,,,,,,,,
pfp_bloom_filter_contains_unique_size_u32,0,NVIDIA H200,I64,U32,128,1,2,8,1000000000,128,Yes,,,,,,,,,,
pfp_bloom_filter_contains_unique_size_u32,0,NVIDIA H200,I64,U32,128,1,2,8,1000000000,256,Yes,,,,,,,,,,
pfp_bloom_filter_contains_unique_size_u32,0,NVIDIA H200,I64,U32,128,1,2,8,1000000000,512,Yes,,,,,,,,,,
pfp_bloom_filter_contains_unique_size_u32,0,NVIDIA H200,I64,U32,128,1,2,8,1000000000,1024,Yes,,,,,,,,,,
pfp_bloom_filter_contains_unique_size_u32,0,NVIDIA H200,I64,U32,128,1,2,8,1000000000,2048,Yes,,,,,,,,,,
pfp_bloom_filter_contains_unique_size_u32,0,NVIDIA H200,I64,U32,128,1,4,1,1000000000,1,No,0.029323355,4,25,0.020828811,8.761327902358534e-05,0.02081539192199707,8.171448693367014e-05,48041372641.33041,26,0.020812241407541128
pfp_bloom_filter_contains_unique_size_u32,0,NVIDIA H200,I64,U32,128,1,4,1,1000000000,2,No,0.029382335,4,25,0.02083165468,0.0002640587618667272,0.020818343582153318,0.0002656191919235708,48034561253.81933,26,0.02081240067115197
pfp_bloom_filter_contains_unique_size_u32,0,NVIDIA H200,I64,U32,128,1,4,1,1000000000,4,No,0.029359103,4,25,0.020831883039999995,0.00028379492475467,0.020818534393310547,0.0002809198715451001,48034120995.63176,26,0.02081217090900128
pfp_bloom_filter_contains_unique_size_u32,0,NVIDIA H200,I64,U32,128,1,4,1,1000000000,8,No,0.029367667,4,25,0.02082965412,3.852752259459304e-05,0.020816216201782232,1.7158327663285143e-05,48039470300.77361,26,0.02081484523186317
pfp_bloom_filter_contains_unique_size_u32,0,NVIDIA H200,I64,U32,128,1,4,1,1000000000,16,No,0.02935102,4,25,0.020840741359999998,0.0002637805793943052,0.02082743827819824,0.0002645361503700753,48013586051.37631,26,0.0208193170107328
pfp_bloom_filter_contains_unique_size_u32,0,NVIDIA H200,I64,U32,128,1,4,1,1000000000,32,No,0.029358275,4,24,0.021474742375000005,0.0008442292425589429,0.02146150279045105,0.0008427700755698568,46595059524.20694,25,0.021447969741821293
pfp_bloom_filter_contains_unique_size_u32,0,NVIDIA H200,I64,U32,128,1,4,1,1000000000,64,No,0.029353728,4,22,0.022922462545454547,0.0006493959097460426,0.022908776803450156,0.0006354011117525865,43651392153.30763,23,0.0228949963113536
pfp_bloom_filter_contains_unique_size_u32,0,NVIDIA H200,I64,U32,128,1,4,1,1000000000,128,No,0.02936676,4,21,0.024828011809523806,0.0003727329874477816,0.024814465477353057,0.0003683705308455145,40299074784.127464,22,0.024795987736095083
pfp_bloom_filter_contains_unique_size_u32,0,NVIDIA H200,I64,U32,128,1,4,1,1000000000,256,No,0.029370944,4,19,0.026431128421052635,0.00024060128881001256,0.0264176065545333,0.00023765774243306046,37853542785.404175,20,0.02640584888458252
pfp_bloom_filter_contains_unique_size_u32,0,NVIDIA H200,I64,U32,128,1,4,1,1000000000,512,No,0.029372957,4,19,0.027578589473684207,0.0001570115529425391,0.02756513003299111,0.00015899481869081073,36277717493.19368,20,0.027554292201995845
pfp_bloom_filter_contains_unique_size_u32,0,NVIDIA H200,I64,U32,128,1,4,1,1000000000,1024,No,0.0293621,4,18,0.028240760111111114,0.00012326436375401334,0.02822725677490235,0.00011923002591980548,35426751099.99099,19,0.02821817879927786
pfp_bloom_filter_contains_unique_size_u32,0,NVIDIA H200,I64,U32,128,1,4,1,1000000000,2048,No,0.029358964,4,18,0.028594390166666674,0.000147870019894644,0.028580963664584694,0.00014934788618268637,34988323407.69259,19,0.028570567984330025
pfp_bloom_filter_contains_unique_size_u32,0,NVIDIA H200,I64,U32,128,1,4,2,1000000000,1,Yes,,,,,,,,,,
pfp_bloom_filter_contains_unique_size_u32,0,NVIDIA H200,I64,U32,128,1,4,2,1000000000,2,Yes,,,,,,,,,,
pfp_bloom_filter_contains_unique_size_u32,0,NVIDIA H200,I64,U32,128,1,4,2,1000000000,4,Yes,,,,,,,,,,
pfp_bloom_filter_contains_unique_size_u32,0,NVIDIA H200,I64,U32,128,1,4,2,1000000000,8,Yes,,,,,,,,,,
pfp_bloom_filter_contains_unique_size_u32,0,NVIDIA H200,I64,U32,128,1,4,2,1000000000,16,Yes,,,,,,,,,,
pfp_bloom_filter_contains_unique_size_u32,0,NVIDIA H200,I64,U32,128,1,4,2,1000000000,32,Yes,,,,,,,,,,
pfp_bloom_filter_contains_unique_size_u32,0,NVIDIA H200,I64,U32,128,1,4,2,1000000000,64,Yes,,,,,,,,,,
pfp_bloom_filter_contains_unique_size_u32,0,NVIDIA H200,I64,U32,128,1,4,2,1000000000,128,Yes,,,,,,,,,,
pfp_bloom_filter_contains_unique_size_u32,0,NVIDIA H200,I64,U32,128,1,4,2,1000000000,256,Yes,,,,,,,,,,
pfp_bloom_filter_contains_unique_size_u32,0,NVIDIA H200,I64,U32,128,1,4,2,1000000000,512,Yes,,,,,,,,,,
pfp_bloom_filter_contains_unique_size_u32,0,NVIDIA H200,I64,U32,128,1,4,2,1000000000,1024,Yes,,,,,,,,,,
pfp_bloom_filter_contains_unique_size_u32,0,NVIDIA H200,I64,U32,128,1,4,2,1000000000,2048,Yes,,,,,,,,,,
pfp_bloom_filter_contains_unique_size_u32,0,NVIDIA H200,I64,U32,128,1,4,4,1000000000,1,Yes,,,,,,,,,,
pfp_bloom_filter_contains_unique_size_u32,0,NVIDIA H200,I64,U32,128,1,4,4,1000000000,2,Yes,,,,,,,,,,
pfp_bloom_filter_contains_unique_size_u32,0,NVIDIA H200,I64,U32,128,1,4,4,1000000000,4,Yes,,,,,,,,,,
pfp_bloom_filter_contains_unique_size_u32,0,NVIDIA H200,I64,U32,128,1,4,4,1000000000,8,Yes,,,,,,,,,,
pfp_bloom_filter_contains_unique_size_u32,0,NVIDIA H200,I64,U32,128,1,4,4,1000000000,16,Yes,,,,,,,,,,
pfp_bloom_filter_contains_unique_size_u32,0,NVIDIA H200,I64,U32,128,1,4,4,1000000000,32,Yes,,,,,,,,,,
pfp_bloom_filter_contains_unique_size_u32,0,NVIDIA H200,I64,U32,128,1,4,4,1000000000,64,Yes,,,,,,,,,,
pfp_bloom_filter_contains_unique_size_u32,0,NVIDIA H200,I64,U32,128,1,4,4,1000000000,128,Yes,,,,,,,,,,
pfp_bloom_filter_contains_unique_size_u32,0,NVIDIA H200,I64,U32,128,1,4,4,1000000000,256,Yes,,,,,,,,,,
pfp_bloom_filter_contains_unique_size_u32,0,NVIDIA H200,I64,U32,128,1,4,4,1000000000,512,Yes,,,,,,,,,,
pfp_bloom_filter_contains_unique_size_u32,0,NVIDIA H200,I64,U32,128,1,4,4,1000000000,1024,Yes,,,,,,,,,,
pfp_bloom_filter_contains_unique_size_u32,0,NVIDIA H200,I64,U32,128,1,4,4,1000000000,2048,Yes,,,,,,,,,,
pfp_bloom_filter_contains_unique_size_u32,0,NVIDIA H200,I64,U32,128,1,4,8,1000000000,1,Yes,,,,,,,,,,
pfp_bloom_filter_contains_unique_size_u32,0,NVIDIA H200,I64,U32,128,1,4,8,1000000000,2,Yes,,,,,,,,,,
pfp_bloom_filter_contains_unique_size_u32,0,NVIDIA H200,I64,U32,128,1,4,8,1000000000,4,Yes,,,,,,,,,,
pfp_bloom_filter_contains_unique_size_u32,0,NVIDIA H200,I64,U32,128,1,4,8,1000000000,8,Yes,,,,,,,,,,
pfp_bloom_filter_contains_unique_size_u32,0,NVIDIA H200,I64,U32,128,1,4,8,1000000000,16,Yes,,,,,,,,,,
pfp_bloom_filter_contains_unique_size_u32,0,NVIDIA H200,I64,U32,128,1,4,8,1000000000,32,Yes,,,,,,,,,,
pfp_bloom_filter_contains_unique_size_u32,0,NVIDIA H200,I64,U32,128,1,4,8,1000000000,64,Yes,,,,,,,,,,
pfp_bloom_filter_contains_unique_size_u32,0,NVIDIA H200,I64,U32,128,1,4,8,1000000000,128,Yes,,,,,,,,,,
pfp_bloom_filter_contains_unique_size_u32,0,NVIDIA H200,I64,U32,128,1,4,8,1000000000,256,Yes,,,,,,,,,,
pfp_bloom_filter_contains_unique_size_u32,0,NVIDIA H200,I64,U32,128,1,4,8,1000000000,512,Yes,,,,,,,,,,
pfp_bloom_filter_contains_unique_size_u32,0,NVIDIA H200,I64,U32,128,1,4,8,1000000000,1024,Yes,,,,,,,,,,
pfp_bloom_filter_contains_unique_size_u32,0,NVIDIA H200,I64,U32,128,1,4,8,1000000000,2048,Yes,,,,,,,,,,
pfp_bloom_filter_contains_unique_size_u32,0,NVIDIA H200,I64,U32,128,1,8,1,1000000000,1,Yes,,,,,,,,,,
pfp_bloom_filter_contains_unique_size_u32,0,NVIDIA H200,I64,U32,128,1,8,1,1000000000,2,Yes,,,,,,,,,,
pfp_bloom_filter_contains_unique_size_u32,0,NVIDIA H200,I64,U32,128,1,8,1,1000000000,4,Yes,,,,,,,,,,
pfp_bloom_filter_contains_unique_size_u32,0,NVIDIA H200,I64,U32,128,1,8,1,1000000000,8,Yes,,,,,,,,,,
pfp_bloom_filter_contains_unique_size_u32,0,NVIDIA H200,I64,U32,128,1,8,1,1000000000,16,Yes,,,,,,,,,,
pfp_bloom_filter_contains_unique_size_u32,0,NVIDIA H200,I64,U32,128,1,8,1,1000000000,32,Yes,,,,,,,,,,
pfp_bloom_filter_contains_unique_size_u32,0,NVIDIA H200,I64,U32,128,1,8,1,1000000000,64,Yes,,,,,,,,,,
pfp_bloom_filter_contains_unique_size_u32,0,NVIDIA H200,I64,U32,128,1,8,1,1000000000,128,Yes,,,,,,,,,,
pfp_bloom_filter_contains_unique_size_u32,0,NVIDIA H200,I64,U32,128,1,8,1,1000000000,256,Yes,,,,,,,,,,
pfp_bloom_filter_contains_unique_size_u32,0,NVIDIA H200,I64,U32,128,1,8,1,1000000000,512,Yes,,,,,,,,,,
pfp_bloom_filter_contains_unique_size_u32,0,NVIDIA H200,I64,U32,128,1,8,1,1000000000,1024,Yes,,,,,,,,,,
pfp_bloom_filter_contains_unique_size_u32,0,NVIDIA H200,I64,U32,128,1,8,1,1000000000,2048,Yes,,,,,,,,,,
pfp_bloom_filter_contains_unique_size_u32,0,NVIDIA H200,I64,U32,128,1,8,2,1000000000,1,Yes,,,,,,,,,,
pfp_bloom_filter_contains_unique_size_u32,0,NVIDIA H200,I64,U32,128,1,8,2,1000000000,2,Yes,,,,,,,,,,
pfp_bloom_filter_contains_unique_size_u32,0,NVIDIA H200,I64,U32,128,1,8,2,1000000000,4,Yes,,,,,,,,,,
pfp_bloom_filter_contains_unique_size_u32,0,NVIDIA H200,I64,U32,128,1,8,2,1000000000,8,Yes,,,,,,,,,,
pfp_bloom_filter_contains_unique_size_u32,0,NVIDIA H200,I64,U32,128,1,8,2,1000000000,16,Yes,,,,,,,,,,
pfp_bloom_filter_contains_unique_size_u32,0,NVIDIA H200,I64,U32,128,1,8,2,1000000000,32,Yes,,,,,,,,,,
pfp_bloom_filter_contains_unique_size_u32,0,NVIDIA H200,I64,U32,128,1,8,2,1000000000,64,Yes,,,,,,,,,,
pfp_bloom_filter_contains_unique_size_u32,0,NVIDIA H200,I64,U32,128,1,8,2,1000000000,128,Yes,,,,,,,,,,
pfp_bloom_filter_contains_unique_size_u32,0,NVIDIA H200,I64,U32,128,1,8,2,1000000000,256,Yes,,,,,,,,,,
pfp_bloom_filter_contains_unique_size_u32,0,NVIDIA H200,I64,U32,128,1,8,2,1000000000,512,Yes,,,,,,,,,,
pfp_bloom_filter_contains_unique_size_u32,0,NVIDIA H200,I64,U32,128,1,8,2,1000000000,1024,Yes,,,,,,,,,,
pfp_bloom_filter_contains_unique_size_u32,0,NVIDIA H200,I64,U32,128,1,8,2,1000000000,2048,Yes,,,,,,,,,,
pfp_bloom_filter_contains_unique_size_u32,0,NVIDIA H200,I64,U32,128,1,8,4,1000000000,1,Yes,,,,,,,,,,
pfp_bloom_filter_contains_unique_size_u32,0,NVIDIA H200,I64,U32,128,1,8,4,1000000000,2,Yes,,,,,,,,,,
pfp_bloom_filter_contains_unique_size_u32,0,NVIDIA H200,I64,U32,128,1,8,4,1000000000,4,Yes,,,,,,,,,,
pfp_bloom_filter_contains_unique_size_u32,0,NVIDIA H200,I64,U32,128,1,8,4,1000000000,8,Yes,,,,,,,,,,
pfp_bloom_filter_contains_unique_size_u32,0,NVIDIA H200,I64,U32,128,1,8,4,1000000000,16,Yes,,,,,,,,,,
pfp_bloom_filter_contains_unique_size_u32,0,NVIDIA H200,I64,U32,128,1,8,4,1000000000,32,Yes,,,,,,,,,,
pfp_bloom_filter_contains_unique_size_u32,0,NVIDIA H200,I64,U32,128,1,8,4,1000000000,64,Yes,,,,,,,,,,
pfp_bloom_filter_contains_unique_size_u32,0,NVIDIA H200,I64,U32,128,1,8,4,1000000000,128,Yes,,,,,,,,,,
pfp_bloom_filter_contains_unique_size_u32,0,NVIDIA H200,I64,U32,128,1,8,4,1000000000,256,Yes,,,,,,,,,,
pfp_bloom_filter_contains_unique_size_u32,0,NVIDIA H200,I64,U32,128,1,8,4,1000000000,512,Yes,,,,,,,,,,
pfp_bloom_filter_contains_unique_size_u32,0,NVIDIA H200,I64,U32,128,1,8,4,1000000000,1024,Yes,,,,,,,,,,
pfp_bloom_filter_contains_unique_size_u32,0,NVIDIA H200,I64,U32,128,1,8,4,1000000000,2048,Yes,,,,,,,,,,
pfp_bloom_filter_contains_unique_size_u32,0,NVIDIA H200,I64,U32,128,1,8,8,1000000000,1,Yes,,,,,,,,,,
pfp_bloom_filter_contains_unique_size_u32,0,NVIDIA H200,I64,U32,128,1,8,8,1000000000,2,Yes,,,,,,,,,,
pfp_bloom_filter_contains_unique_size_u32,0,NVIDIA H200,I64,U32,128,1,8,8,1000000000,4,Yes,,,,,,,,,,
pfp_bloom_filter_contains_unique_size_u32,0,NVIDIA H200,I64,U32,128,1,8,8,1000000000,8,Yes,,,,,,,,,,
pfp_bloom_filter_contains_unique_size_u32,0,NVIDIA H200,I64,U32,128,1,8,8,1000000000,16,Yes,,,,,,,,,,
pfp_bloom_filter_contains_unique_size_u32,0,NVIDIA H200,I64,U32,128,1,8,8,1000000000,32,Yes,,,,,,,,,,
pfp_bloom_filter_contains_unique_size_u32,0,NVIDIA H200,I64,U32,128,1,8,8,1000000000,64,Yes,,,,,,,,,,
pfp_bloom_filter_contains_unique_size_u32,0,NVIDIA H200,I64,U32,128,1,8,8,1000000000,128,Yes,,,,,,,,,,
pfp_bloom_filter_contains_unique_size_u32,0,NVIDIA H200,I64,U32,128,1,8,8,1000000000,256,Yes,,,,,,,,,,
pfp_bloom_filter_contains_unique_size_u32,0,NVIDIA H200,I64,U32,128,1,8,8,1000000000,512,Yes,,,,,,,,,,
pfp_bloom_filter_contains_unique_size_u32,0,NVIDIA H200,I64,U32,128,1,8,8,1000000000,1024,Yes,,,,,,,,,,
pfp_bloom_filter_contains_unique_size_u32,0,NVIDIA H200,I64,U32,128,1,8,8,1000000000,2048,Yes,,,,,,,,,,
pfp_bloom_filter_contains_unique_size_u32,0,NVIDIA H200,I64,U32,128,20,1,1,1000000000,1,Yes,,,,,,,,,,
pfp_bloom_filter_contains_unique_size_u32,0,NVIDIA H200,I64,U32,128,20,1,1,1000000000,2,Yes,,,,,,,,,,
pfp_bloom_filter_contains_unique_size_u32,0,NVIDIA H200,I64,U32,128,20,1,1,1000000000,4,Yes,,,,,,,,,,
pfp_bloom_filter_contains_unique_size_u32,0,NVIDIA H200,I64,U32,128,20,1,1,1000000000,8,Yes,,,,,,,,,,
pfp_bloom_filter_contains_unique_size_u32,0,NVIDIA H200,I64,U32,128,20,1,1,1000000000,16,Yes,,,,,,,,,,
pfp_bloom_filter_contains_unique_size_u32,0,NVIDIA H200,I64,U32,128,20,1,1,1000000000,32,Yes,,,,,,,,,,
pfp_bloom_filter_contains_unique_size_u32,0,NVIDIA H200,I64,U32,128,20,1,1,1000000000,64,Yes,,,,,,,,,,
pfp_bloom_filter_contains_unique_size_u32,0,NVIDIA H200,I64,U32,128,20,1,1,1000000000,128,Yes,,,,,,,,,,
pfp_bloom_filter_contains_unique_size_u32,0,NVIDIA H200,I64,U32,128,20,1,1,1000000000,256,Yes,,,,,,,,,,
pfp_bloom_filter_contains_unique_size_u32,0,NVIDIA H200,I64,U32,128,20,1,1,1000000000,512,Yes,,,,,,,,,,
pfp_bloom_filter_contains_unique_size_u32,0,NVIDIA H200,I64,U32,128,20,1,1,1000000000,1024,Yes,,,,,,,,,,
pfp_bloom_filter_contains_unique_size_u32,0,NVIDIA H200,I64,U32,128,20,1,1,1000000000,2048,Yes,,,,,,,,,,
pfp_bloom_filter_contains_unique_size_u32,0,NVIDIA H200,I64,U32,128,20,1,2,1000000000,1,Yes,,,,,,,,,,
pfp_bloom_filter_contains_unique_size_u32,0,NVIDIA H200,I64,U32,128,20,1,2,1000000000,2,Yes,,,,,,,,,,
pfp_bloom_filter_contains_unique_size_u32,0,NVIDIA H200,I64,U32,128,20,1,2,1000000000,4,Yes,,,,,,,,,,
pfp_bloom_filter_contains_unique_size_u32,0,NVIDIA H200,I64,U32,128,20,1,2,1000000000,8,Yes,,,,,,,,,,
pfp_bloom_filter_contains_unique_size_u32,0,NVIDIA H200,I64,U32,128,20,1,2,1000000000,16,Yes,,,,,,,,,,
pfp_bloom_filter_contains_unique_size_u32,0,NVIDIA H200,I64,U32,128,20,1,2,1000000000,32,Yes,,,,,,,,,,
pfp_bloom_filter_contains_unique_size_u32,0,NVIDIA H200,I64,U32,128,20,1,2,1000000000,64,Yes,,,,,,,,,,
pfp_bloom_filter_contains_unique_size_u32,0,NVIDIA H200,I64,U32,128,20,1,2,1000000000,128,Yes,,,,,,,,,,
pfp_bloom_filter_contains_unique_size_u32,0,NVIDIA H200,I64,U32,128,20,1,2,1000000000,256,Yes,,,,,,,,,,
pfp_bloom_filter_contains_unique_size_u32,0,NVIDIA H200,I64,U32,128,20,1,2,1000000000,512,Yes,,,,,,,,,,
pfp_bloom_filter_contains_unique_size_u32,0,NVIDIA H200,I64,U32,128,20,1,2,1000000000,1024,Yes,,,,,,,,,,
pfp_bloom_filter_contains_unique_size_u32,0,NVIDIA H200,I64,U32,128,20,1,2,1000000000,2048,Yes,,,,,,,,,,
pfp_bloom_filter_contains_unique_size_u32,0,NVIDIA H200,I64,U32,128,20,1,4,1000000000,1,Yes,,,,,,,,,,
pfp_bloom_filter_contains_unique_size_u32,0,NVIDIA H200,I64,U32,128,20,1,4,1000000000,2,Yes,,,,,,,,,,
pfp_bloom_filter_contains_unique_size_u32,0,NVIDIA H200,I64,U32,128,20,1,4,1000000000,4,Yes,,,,,,,,,,
pfp_bloom_filter_contains_unique_size_u32,0,NVIDIA H200,I64,U32,128,20,1,4,1000000000,8,Yes,,,,,,,,,,
pfp_bloom_filter_contains_unique_size_u32,0,NVIDIA H200,I64,U32,128,20,1,4,1000000000,16,Yes,,,,,,,,,,
pfp_bloom_filter_contains_unique_size_u32,0,NVIDIA H200,I64,U32,128,20,1,4,1000000000,32,Yes,,,,,,,,,,
pfp_bloom_filter_contains_unique_size_u32,0,NVIDIA H200,I64,U32,128,20,1,4,1000000000,64,Yes,,,,,,,,,,
pfp_bloom_filter_contains_unique_size_u32,0,NVIDIA H200,I64,U32,128,20,1,4,1000000000,128,Yes,,,,,,,,,,
pfp_bloom_filter_contains_unique_size_u32,0,NVIDIA H200,I64,U32,128,20,1,4,1000000000,256,Yes,,,,,,,,,,
pfp_bloom_filter_contains_unique_size_u32,0,NVIDIA H200,I64,U32,128,20,1,4,1000000000,512,Yes,,,,,,,,,,
pfp_bloom_filter_contains_unique_size_u32,0,NVIDIA H200,I64,U32,128,20,1,4,1000000000,1024,Yes,,,,,,,,,,
pfp_bloom_filter_contains_unique_size_u32,0,NVIDIA H200,I64,U32,128,20,1,4,1000000000,2048,Yes,,,,,,,,,,
pfp_bloom_filter_contains_unique_size_u32,0,NVIDIA H200,I64,U32,128,20,1,8,1000000000,1,Yes,,,,,,,,,,
pfp_bloom_filter_contains_unique_size_u32,0,NVIDIA H200,I64,U32,128,20,1,8,1000000000,2,Yes,,,,,,,,,,
pfp_bloom_filter_contains_unique_size_u32,0,NVIDIA H200,I64,U32,128,20,1,8,1000000000,4,Yes,,,,,,,,,,
pfp_bloom_filter_contains_unique_size_u32,0,NVIDIA H200,I64,U32,128,20,1,8,1000000000,8,Yes,,,,,,,,,,
pfp_bloom_filter_contains_unique_size_u32,0,NVIDIA H200,I64,U32,128,20,1,8,1000000000,16,Yes,,,,,,,,,,
pfp_bloom_filter_contains_unique_size_u32,0,NVIDIA H200,I64,U32,128,20,1,8,1000000000,32,Yes,,,,,,,,,,
pfp_bloom_filter_contains_unique_size_u32,0,NVIDIA H200,I64,U32,128,20,1,8,1000000000,64,Yes,,,,,,,,,,
pfp_bloom_filter_contains_unique_size_u32,0,NVIDIA H200,I64,U32,128,20,1,8,1000000000,128,Yes,,,,,,,,,,
pfp_bloom_filter_contains_unique_size_u32,0,NVIDIA H200,I64,U32,128,20,1,8,1000000000,256,Yes,,,,,,,,,,
pfp_bloom_filter_contains_unique_size_u32,0,NVIDIA H200,I64,U32,128,20,1,8,1000000000,512,Yes,,,,,,,,,,
pfp_bloom_filter_contains_unique_size_u32,0,NVIDIA H200,I64,U32,128,20,1,8,1000000000,1024,Yes,,,,,,,,,,
pfp_bloom_filter_contains_unique_size_u32,0,NVIDIA H200,I64,U32,128,20,1,8,1000000000,2048,Yes,,,,,,,,,,
pfp_bloom_filter_contains_unique_size_u32,0,NVIDIA H200,I64,U32,128,20,2,1,1000000000,1,Yes,,,,,,,,,,
pfp_bloom_filter_contains_unique_size_u32,0,NVIDIA H200,I64,U32,128,20,2,1,1000000000,2,Yes,,,,,,,,,,
pfp_bloom_filter_contains_unique_size_u32,0,NVIDIA H200,I64,U32,128,20,2,1,1000000000,4,Yes,,,,,,,,,,
pfp_bloom_filter_contains_unique_size_u32,0,NVIDIA H200,I64,U32,128,20,2,1,1000000000,8,Yes,,,,,,,,,,
pfp_bloom_filter_contains_unique_size_u32,0,NVIDIA H200,I64,U32,128,20,2,1,1000000000,16,Yes,,,,,,,,,,
pfp_bloom_filter_contains_unique_size_u32,0,NVIDIA H200,I64,U32,128,20,2,1,1000000000,32,Yes,,,,,,,,,,
pfp_bloom_filter_contains_unique_size_u32,0,NVIDIA H200,I64,U32,128,20,2,1,1000000000,64,Yes,,,,,,,,,,
pfp_bloom_filter_contains_unique_size_u32,0,NVIDIA H200,I64,U32,128,20,2,1,1000000000,128,Yes,,,,,,,,,,
pfp_bloom_filter_contains_unique_size_u32,0,NVIDIA H200,I64,U32,128,20,2,1,1000000000,256,Yes,,,,,,,,,,
pfp_bloom_filter_contains_unique_size_u32,0,NVIDIA H200,I64,U32,128,20,2,1,1000000000,512,Yes,,,,,,,,,,
pfp_bloom_filter_contains_unique_size_u32,0,NVIDIA H200,I64,U32,128,20,2,1,1000000000,1024,Yes,,,,,,,,,,
pfp_bloom_filter_contains_unique_size_u32,0,NVIDIA H200,I64,U32,128,20,2,1,1000000000,2048,Yes,,,,,,,,,,
pfp_bloom_filter_contains_unique_size_u32,0,NVIDIA H200,I64,U32,128,20,2,2,1000000000,1,Yes,,,,,,,,,,
pfp_bloom_filter_contains_unique_size_u32,0,NVIDIA H200,I64,U32,128,20,2,2,1000000000,2,Yes,,,,,,,,,,
pfp_bloom_filter_contains_unique_size_u32,0,NVIDIA H200,I64,U32,128,20,2,2,1000000000,4,Yes,,,,,,,,,,
pfp_bloom_filter_contains_unique_size_u32,0,NVIDIA H200,I64,U32,128,20,2,2,1000000000,8,Yes,,,,,,,,,,
pfp_bloom_filter_contains_unique_size_u32,0,NVIDIA H200,I64,U32,128,20,2,2,1000000000,16,Yes,,,,,,,,,,
pfp_bloom_filter_contains_unique_size_u32,0,NVIDIA H200,I64,U32,128,20,2,2,1000000000,32,Yes,,,,,,,,,,
pfp_bloom_filter_contains_unique_size_u32,0,NVIDIA H200,I64,U32,128,20,2,2,1000000000,64,Yes,,,,,,,,,,
pfp_bloom_filter_contains_unique_size_u32,0,NVIDIA H200,I64,U32,128,20,2,2,1000000000,128,Yes,,,,,,,,,,
pfp_bloom_filter_contains_unique_size_u32,0,NVIDIA H200,I64,U32,128,20,2,2,1000000000,256,Yes,,,,,,,,,,
pfp_bloom_filter_contains_unique_size_u32,0,NVIDIA H200,I64,U32,128,20,2,2,1000000000,512,Yes,,,,,,,,,,
pfp_bloom_filter_contains_unique_size_u32,0,NVIDIA H200,I64,U32,128,20,2,2,1000000000,1024,Yes,,,,,,,,,,
pfp_bloom_filter_contains_unique_size_u32,0,NVIDIA H200,I64,U32,128,20,2,2,1000000000,2048,Yes,,,,,,,,,,
pfp_bloom_filter_contains_unique_size_u32,0,NVIDIA H200,I64,U32,128,20,2,4,1000000000,1,Yes,,,,,,,,,,
pfp_bloom_filter_contains_unique_size_u32,0,NVIDIA H200,I64,U32,128,20,2,4,1000000000,2,Yes,,,,,,,,,,
pfp_bloom_filter_contains_unique_size_u32,0,NVIDIA H200,I64,U32,128,20,2,4,1000000000,4,Yes,,,,,,,,,,
pfp_bloom_filter_contains_unique_size_u32,0,NVIDIA H200,I64,U32,128,20,2,4,1000000000,8,Yes,,,,,,,,,,
pfp_bloom_filter_contains_unique_size_u32,0,NVIDIA H200,I64,U32,128,20,2,4,1000000000,16,Yes,,,,,,,,,,
pfp_bloom_filter_contains_unique_size_u32,0,NVIDIA H200,I64,U32,128,20,2,4,1000000000,32,Yes,,,,,,,,,,
pfp_bloom_filter_contains_unique_size_u32,0,NVIDIA H200,I64,U32,128,20,2,4,1000000000,64,Yes,,,,,,,,,,
pfp_bloom_filter_contains_unique_size_u32,0,NVIDIA H200,I64,U32,128,20,2,4,1000000000,128,Yes,,,,,,,,,,
pfp_bloom_filter_contains_unique_size_u32,0,NVIDIA H200,I64,U32,128,20,2,4,1000000000,256,Yes,,,,,,,,,,
pfp_bloom_filter_contains_unique_size_u32,0,NVIDIA H200,I64,U32,128,20,2,4,1000000000,512,Yes,,,,,,,,,,
pfp_bloom_filter_contains_unique_size_u32,0,NVIDIA H200,I64,U32,128,20,2,4,1000000000,1024,Yes,,,,,,,,,,
pfp_bloom_filter_contains_unique_size_u32,0,NVIDIA H200,I64,U32,128,20,2,4,1000000000,2048,Yes,,,,,,,,,,
pfp_bloom_filter_contains_unique_size_u32,0,NVIDIA H200,I64,U32,128,20,2,8,1000000000,1,Yes,,,,,,,,,,
pfp_bloom_filter_contains_unique_size_u32,0,NVIDIA H200,I64,U32,128,20,2,8,1000000000,2,Yes,,,,,,,,,,
pfp_bloom_filter_contains_unique_size_u32,0,NVIDIA H200,I64,U32,128,20,2,8,1000000000,4,Yes,,,,,,,,,,
pfp_bloom_filter_contains_unique_size_u32,0,NVIDIA H200,I64,U32,128,20,2,8,1000000000,8,Yes,,,,,,,,,,
pfp_bloom_filter_contains_unique_size_u32,0,NVIDIA H200,I64,U32,128,20,2,8,1000000000,16,Yes,,,,,,,,,,
pfp_bloom_filter_contains_unique_size_u32,0,NVIDIA H200,I64,U32,128,20,2,8,1000000000,32,Yes,,,,,,,,,,
pfp_bloom_filter_contains_unique_size_u32,0,NVIDIA H200,I64,U32,128,20,2,8,1000000000,64,Yes,,,,,,,,,,
pfp_bloom_filter_contains_unique_size_u32,0,NVIDIA H200,I64,U32,128,20,2,8,1000000000,128,Yes,,,,,,,,,,
pfp_bloom_filter_contains_unique_size_u32,0,NVIDIA H200,I64,U32,128,20,2,8,1000000000,256,Yes,,,,,,,,,,
pfp_bloom_filter_contains_unique_size_u32,0,NVIDIA H200,I64,U32,128,20,2,8,1000000000,512,Yes,,,,,,,,,,
pfp_bloom_filter_contains_unique_size_u32,0,NVIDIA H200,I64,U32,128,20,2,8,1000000000,1024,Yes,,,,,,,,,,
pfp_bloom_filter_contains_unique_size_u32,0,NVIDIA H200,I64,U32,128,20,2,8,1000000000,2048,Yes,,,,,,,,,,
pfp_bloom_filter_contains_unique_size_u32,0,NVIDIA H200,I64,U32,128,20,4,1,1000000000,1,Yes,,,,,,,,,,
pfp_bloom_filter_contains_unique_size_u32,0,NVIDIA H200,I64,U32,128,20,4,1,1000000000,2,Yes,,,,,,,,,,
pfp_bloom_filter_contains_unique_size_u32,0,NVIDIA H200,I64,U32,128,20,4,1,1000000000,4,Yes,,,,,,,,,,
pfp_bloom_filter_contains_unique_size_u32,0,NVIDIA H200,I64,U32,128,20,4,1,1000000000,8,Yes,,,,,,,,,,
pfp_bloom_filter_contains_unique_size_u32,0,NVIDIA H200,I64,U32,128,20,4,1,1000000000,16,Yes,,,,,,,,,,
pfp_bloom_filter_contains_unique_size_u32,0,NVIDIA H200,I64,U32,128,20,4,1,1000000000,32,Yes,,,,,,,,,,
pfp_bloom_filter_contains_unique_size_u32,0,NVIDIA H200,I64,U32,128,20,4,1,1000000000,64,Yes,,,,,,,,,,
pfp_bloom_filter_contains_unique_size_u32,0,NVIDIA H200,I64,U32,128,20,4,1,1000000000,128,Yes,,,,,,,,,,
pfp_bloom_filter_contains_unique_size_u32,0,NVIDIA H200,I64,U32,128,20,4,1,1000000000,256,Yes,,,,,,,,,,
pfp_bloom_filter_contains_unique_size_u32,0,NVIDIA H200,I64,U32,128,20,4,1,1000000000,512,Yes,,,,,,,,,,
pfp_bloom_filter_contains_unique_size_u32,0,NVIDIA H200,I64,U32,128,20,4,1,1000000000,1024,Yes,,,,,,,,,,
pfp_bloom_filter_contains_unique_size_u32,0,NVIDIA H200,I64,U32,128,20,4,1,1000000000,2048,Yes,,,,,,,,,,
pfp_bloom_filter_contains_unique_size_u32,0,NVIDIA H200,I64,U32,128,20,4,2,1000000000,1,Yes,,,,,,,,,,
pfp_bloom_filter_contains_unique_size_u32,0,NVIDIA H200,I64,U32,128,20,4,2,1000000000,2,Yes,,,,,,,,,,
pfp_bloom_filter_contains_unique_size_u32,0,NVIDIA H200,I64,U32,128,20,4,2,1000000000,4,Yes,,,,,,,,,,
pfp_bloom_filter_contains_unique_size_u32,0,NVIDIA H200,I64,U32,128,20,4,2,1000000000,8,Yes,,,,,,,,,,
pfp_bloom_filter_contains_unique_size_u32,0,NVIDIA H200,I64,U32,128,20,4,2,1000000000,16,Yes,,,,,,,,,,
pfp_bloom_filter_contains_unique_size_u32,0,NVIDIA H200,I64,U32,128,20,4,2,1000000000,32,Yes,,,,,,,,,,
pfp_bloom_filter_contains_unique_size_u32,0,NVIDIA H200,I64,U32,128,20,4,2,1000000000,64,Yes,,,,,,,,,,
pfp_bloom_filter_contains_unique_size_u32,0,NVIDIA H200,I64,U32,128,20,4,2,1000000000,128,Yes,,,,,,,,,,
pfp_bloom_filter_contains_unique_size_u32,0,NVIDIA H200,I64,U32,128,20,4,2,1000000000,256,Yes,,,,,,,,,,
pfp_bloom_filter_contains_unique_size_u32,0,NVIDIA H200,I64,U32,128,20,4,2,1000000000,512,Yes,,,,,,,,,,
pfp_bloom_filter_contains_unique_size_u32,0,NVIDIA H200,I64,U32,128,20,4,2,1000000000,1024,Yes,,,,,,,,,,
pfp_bloom_filter_contains_unique_size_u32,0,NVIDIA H200,I64,U32,128,20,4,2,1000000000,2048,Yes,,,,,,,,,,
pfp_bloom_filter_contains_unique_size_u32,0,NVIDIA H200,I64,U32,128,20,4,4,1000000000,1,Yes,,,,,,,,,,
pfp_bloom_filter_contains_unique_size_u32,0,NVIDIA H200,I64,U32,128,20,4,4,1000000000,2,Yes,,,,,,,,,,
pfp_bloom_filter_contains_unique_size_u32,0,NVIDIA H200,I64,U32,128,20,4,4,1000000000,4,Yes,,,,,,,,,,
pfp_bloom_filter_contains_unique_size_u32,0,NVIDIA H200,I64,U32,128,20,4,4,1000000000,8,Yes,,,,,,,,,,
pfp_bloom_filter_contains_unique_size_u32,0,NVIDIA H200,I64,U32,128,20,4,4,1000000000,16,Yes,,,,,,,,,,
pfp_bloom_filter_contains_unique_size_u32,0,NVIDIA H200,I64,U32,128,20,4,4,1000000000,32,Yes,,,,,,,,,,
pfp_bloom_filter_contains_unique_size_u32,0,NVIDIA H200,I64,U32,128,20,4,4,1000000000,64,Yes,,,,,,,,,,
pfp_bloom_filter_contains_unique_size_u32,0,NVIDIA H200,I64,U32,128,20,4,4,1000000000,128,Yes,,,,,,,,,,
pfp_bloom_filter_contains_unique_size_u32,0,NVIDIA H200,I64,U32,128,20,4,4,1000000000,256,Yes,,,,,,,,,,
pfp_bloom_filter_contains_unique_size_u32,0,NVIDIA H200,I64,U32,128,20,4,4,1000000000,512,Yes,,,,,,,,,,
pfp_bloom_filter_contains_unique_size_u32,0,NVIDIA H200,I64,U32,128,20,4,4,1000000000,1024,Yes,,,,,,,,,,
pfp_bloom_filter_contains_unique_size_u32,0,NVIDIA H200,I64,U32,128,20,4,4,1000000000,2048,Yes,,,,,,,,,,
pfp_bloom_filter_contains_unique_size_u32,0,NVIDIA H200,I64,U32,128,20,4,8,1000000000,1,Yes,,,,,,,,,,
pfp_bloom_filter_contains_unique_size_u32,0,NVIDIA H200,I64,U32,128,20,4,8,1000000000,2,Yes,,,,,,,,,,
pfp_bloom_filter_contains_unique_size_u32,0,NVIDIA H200,I64,U32,128,20,4,8,1000000000,4,Yes,,,,,,,,,,
pfp_bloom_filter_contains_unique_size_u32,0,NVIDIA H200,I64,U32,128,20,4,8,1000000000,8,Yes,,,,,,,,,,
pfp_bloom_filter_contains_unique_size_u32,0,NVIDIA H200,I64,U32,128,20,4,8,1000000000,16,Yes,,,,,,,,,,
pfp_bloom_filter_contains_unique_size_u32,0,NVIDIA H200,I64,U32,128,20,4,8,1000000000,32,Yes,,,,,,,,,,
pfp_bloom_filter_contains_unique_size_u32,0,NVIDIA H200,I64,U32,128,20,4,8,1000000000,64,Yes,,,,,,,,,,
pfp_bloom_filter_contains_unique_size_u32,0,NVIDIA H200,I64,U32,128,20,4,8,1000000000,128,Yes,,,,,,,,,,
pfp_bloom_filter_contains_unique_size_u32,0,NVIDIA H200,I64,U32,128,20,4,8,1000000000,256,Yes,,,,,,,,,,
pfp_bloom_filter_contains_unique_size_u32,0,NVIDIA H200,I64,U32,128,20,4,8,1000000000,512,Yes,,,,,,,,,,
pfp_bloom_filter_contains_unique_size_u32,0,NVIDIA H200,I64,U32,128,20,4,8,1000000000,1024,Yes,,,,,,,,,,
pfp_bloom_filter_contains_unique_size_u32,0,NVIDIA H200,I64,U32,128,20,4,8,1000000000,2048,Yes,,,,,,,,,,
pfp_bloom_filter_contains_unique_size_u32,0,NVIDIA H200,I64,U32,128,20,8,1,1000000000,1,Yes,,,,,,,,,,
pfp_bloom_filter_contains_unique_size_u32,0,NVIDIA H200,I64,U32,128,20,8,1,1000000000,2,Yes,,,,,,,,,,
pfp_bloom_filter_contains_unique_size_u32,0,NVIDIA H200,I64,U32,128,20,8,1,1000000000,4,Yes,,,,,,,,,,
pfp_bloom_filter_contains_unique_size_u32,0,NVIDIA H200,I64,U32,128,20,8,1,1000000000,8,Yes,,,,,,,,,,
pfp_bloom_filter_contains_unique_size_u32,0,NVIDIA H200,I64,U32,128,20,8,1,1000000000,16,Yes,,,,,,,,,,
pfp_bloom_filter_contains_unique_size_u32,0,NVIDIA H200,I64,U32,128,20,8,1,1000000000,32,Yes,,,,,,,,,,
pfp_bloom_filter_contains_unique_size_u32,0,NVIDIA H200,I64,U32,128,20,8,1,1000000000,64,Yes,,,,,,,,,,
pfp_bloom_filter_contains_unique_size_u32,0,NVIDIA H200,I64,U32,128,20,8,1,1000000000,128,Yes,,,,,,,,,,
pfp_bloom_filter_contains_unique_size_u32,0,NVIDIA H200,I64,U32,128,20,8,1,1000000000,256,Yes,,,,,,,,,,
pfp_bloom_filter_contains_unique_size_u32,0,NVIDIA H200,I64,U32,128,20,8,1,1000000000,512,Yes,,,,,,,,,,
pfp_bloom_filter_contains_unique_size_u32,0,NVIDIA H200,I64,U32,128,20,8,1,1000000000,1024,Yes,,,,,,,,,,
pfp_bloom_filter_contains_unique_size_u32,0,NVIDIA H200,I64,U32,128,20,8,1,1000000000,2048,Yes,,,,,,,,,,
pfp_bloom_filter_contains_unique_size_u32,0,NVIDIA H200,I64,U32,128,20,8,2,1000000000,1,Yes,,,,,,,,,,
pfp_bloom_filter_contains_unique_size_u32,0,NVIDIA H200,I64,U32,128,20,8,2,1000000000,2,Yes,,,,,,,,,,
pfp_bloom_filter_contains_unique_size_u32,0,NVIDIA H200,I64,U32,128,20,8,2,1000000000,4,Yes,,,,,,,,,,
pfp_bloom_filter_contains_unique_size_u32,0,NVIDIA H200,I64,U32,128,20,8,2,1000000000,8,Yes,,,,,,,,,,
pfp_bloom_filter_contains_unique_size_u32,0,NVIDIA H200,I64,U32,128,20,8,2,1000000000,16,Yes,,,,,,,,,,
pfp_bloom_filter_contains_unique_size_u32,0,NVIDIA H200,I64,U32,128,20,8,2,1000000000,32,Yes,,,,,,,,,,
pfp_bloom_filter_contains_unique_size_u32,0,NVIDIA H200,I64,U32,128,20,8,2,1000000000,64,Yes,,,,,,,,,,
pfp_bloom_filter_contains_unique_size_u32,0,NVIDIA H200,I64,U32,128,20,8,2,1000000000,128,Yes,,,,,,,,,,
pfp_bloom_filter_contains_unique_size_u32,0,NVIDIA H200,I64,U32,128,20,8,2,1000000000,256,Yes,,,,,,,,,,
pfp_bloom_filter_contains_unique_size_u32,0,NVIDIA H200,I64,U32,128,20,8,2,1000000000,512,Yes,,,,,,,,,,
pfp_bloom_filter_contains_unique_size_u32,0,NVIDIA H200,I64,U32,128,20,8,2,1000000000,1024,Yes,,,,,,,,,,
pfp_bloom_filter_contains_unique_size_u32,0,NVIDIA H200,I64,U32,128,20,8,2,1000000000,2048,Yes,,,,,,,,,,
pfp_bloom_filter_contains_unique_size_u32,0,NVIDIA H200,I64,U32,128,20,8,4,1000000000,1,Yes,,,,,,,,,,
pfp_bloom_filter_contains_unique_size_u32,0,NVIDIA H200,I64,U32,128,20,8,4,1000000000,2,Yes,,,,,,,,,,
pfp_bloom_filter_contains_unique_size_u32,0,NVIDIA H200,I64,U32,128,20,8,4,1000000000,4,Yes,,,,,,,,,,
pfp_bloom_filter_contains_unique_size_u32,0,NVIDIA H200,I64,U32,128,20,8,4,1000000000,8,Yes,,,,,,,,,,
pfp_bloom_filter_contains_unique_size_u32,0,NVIDIA H200,I64,U32,128,20,8,4,1000000000,16,Yes,,,,,,,,,,
pfp_bloom_filter_contains_unique_size_u32,0,NVIDIA H200,I64,U32,128,20,8,4,1000000000,32,Yes,,,,,,,,,,
pfp_bloom_filter_contains_unique_size_u32,0,NVIDIA H200,I64,U32,128,20,8,4,1000000000,64,Yes,,,,,,,,,,
pfp_bloom_filter_contains_unique_size_u32,0,NVIDIA H200,I64,U32,128,20,8,4,1000000000,128,Yes,,,,,,,,,,
pfp_bloom_filter_contains_unique_size_u32,0,NVIDIA H200,I64,U32,128,20,8,4,1000000000,256,Yes,,,,,,,,,,
pfp_bloom_filter_contains_unique_size_u32,0,NVIDIA H200,I64,U32,128,20,8,4,1000000000,512,Yes,,,,,,,,,,
pfp_bloom_filter_contains_unique_size_u32,0,NVIDIA H200,I64,U32,128,20,8,4,1000000000,1024,Yes,,,,,,,,,,
pfp_bloom_filter_contains_unique_size_u32,0,NVIDIA H200,I64,U32,128,20,8,4,1000000000,2048,Yes,,,,,,,,,,
pfp_bloom_filter_contains_unique_size_u32,0,NVIDIA H200,I64,U32,128,20,8,8,1000000000,1,Yes,,,,,,,,,,
pfp_bloom_filter_contains_unique_size_u32,0,NVIDIA H200,I64,U32,128,20,8,8,1000000000,2,Yes,,,,,,,,,,
pfp_bloom_filter_contains_unique_size_u32,0,NVIDIA H200,I64,U32,128,20,8,8,1000000000,4,Yes,,,,,,,,,,
pfp_bloom_filter_contains_unique_size_u32,0,NVIDIA H200,I64,U32,128,20,8,8,1000000000,8,Yes,,,,,,,,,,
pfp_bloom_filter_contains_unique_size_u32,0,NVIDIA H200,I64,U32,128,20,8,8,1000000000,16,Yes,,,,,,,,,,
pfp_bloom_filter_contains_unique_size_u32,0,NVIDIA H200,I64,U32,128,20,8,8,1000000000,32,Yes,,,,,,,,,,
pfp_bloom_filter_contains_unique_size_u32,0,NVIDIA H200,I64,U32,128,20,8,8,1000000000,64,Yes,,,,,,,,,,
pfp_bloom_filter_contains_unique_size_u32,0,NVIDIA H200,I64,U32,128,20,8,8,1000000000,128,Yes,,,,,,,,,,
pfp_bloom_filter_contains_unique_size_u32,0,NVIDIA H200,I64,U32,128,20,8,8,1000000000,256,Yes,,,,,,,,,,
pfp_bloom_filter_contains_unique_size_u32,0,NVIDIA H200,I64,U32,128,20,8,8,1000000000,512,Yes,,,,,,,,,,
pfp_bloom_filter_contains_unique_size_u32,0,NVIDIA H200,I64,U32,128,20,8,8,1000000000,1024,Yes,,,,,,,,,,
pfp_bloom_filter_contains_unique_size_u32,0,NVIDIA H200,I64,U32,128,20,8,8,1000000000,2048,Yes,,,,,,,,,,
pfp_bloom_filter_contains_unique_size_u32,0,NVIDIA H200,I64,U32,256,1,1,1,1000000000,1,No,0.001307703,8,29,0.017773102896551724,0.0006011121856871833,0.017760002267771753,0.0005926478231146576,56306299116.56336,30,0.01775193602244059
pfp_bloom_filter_contains_unique_size_u32,0,NVIDIA H200,I64,U32,256,1,1,1,1000000000,2,No,0.001313231,8,29,0.01772677851724138,3.7856557523354e-05,0.01771380621811439,2.654812645314243e-05,56453140995.60296,30,0.017715356890360516
pfp_bloom_filter_contains_unique_size_u32,0,NVIDIA H200,I64,U32,256,1,1,1,1000000000,4,No,0.001314625,8,29,0.017658922275862073,4.221178852361961e-05,0.017645857186153018,1.9517009913424404e-05,56670525520.55764,30,0.017647125244140627
pfp_bloom_filter_contains_unique_size_u32,0,NVIDIA H200,I64,U32,256,1,1,1,1000000000,8,No,0.001315207,8,29,0.017609266068965516,6.405340453999112e-05,0.017595972521551723,1.933817410660945e-05,56831186726.120995,30,0.017591627375284826
pfp_bloom_filter_contains_unique_size_u32,0,NVIDIA H200,I64,U32,256,1,1,1,1000000000,16,No,0.001312756,8,29,0.017599086620689656,0.0005508863601458107,0.017585906653568663,0.000556146256988165,56863715911.80217,30,0.017574659538269043
pfp_bloom_filter_contains_unique_size_u32,0,NVIDIA H200,I64,U32,256,1,1,1,1000000000,32,No,0.0013149,8,27,0.018903281814814814,8.474738100267992e-05,0.018889959123399525,2.8462317663668983e-05,52938177021.318794,28,0.018885051250457762
pfp_bloom_filter_contains_unique_size_u32,0,NVIDIA H200,I64,U32,256,1,1,1,1000000000,64,No,0.001315008,8,25,0.020367079920000003,0.0001774331180654447,0.02035410942077637,0.00017497594748129805,49130127942.579216,26,0.020342783707838794
pfp_bloom_filter_contains_unique_size_u32,0,NVIDIA H200,I64,U32,256,1,1,1,1000000000,128,No,0.001316179,8,22,0.02365483804545455,0.0001097229450396501,0.02364170611988414,0.00011705658836376216,42298131739.27148,23,0.023630941722704017
pfp_bloom_filter_contains_unique_size_u32,0,NVIDIA H200,I64,U32,256,1,1,1,1000000000,256,No,0.001315938,8,20,0.0262665449,0.00010257576972915358,0.02625334873199463,9.74399481864685e-05,38090378877.316795,21,0.026242941356840587
pfp_bloom_filter_contains_unique_size_u32,0,NVIDIA H200,I64,U32,256,1,1,1,1000000000,512,No,0.001314859,8,19,0.02778134810526316,0.0001317612172853267,0.027768133063065376,0.00013324783331504318,36012503891.74014,20,0.027759082889556884
pfp_bloom_filter_contains_unique_size_u32,0,NVIDIA H200,I64,U32,256,1,1,1,1000000000,1024,No,0.00131359,8,18,0.02859285094444444,0.00013703442307116668,0.02857937781016032,0.00013453710801632102,34990264891.08828,19,0.02857139115584524
pfp_bloom_filter_contains_unique_size_u32,0,NVIDIA H200,I64,U32,256,1,1,1,1000000000,2048,No,0.001316432,8,18,0.029020278000000004,0.00011408969539316787,0.029007105403476292,0.00010783757781378233,34474311934.62541,19,0.028997032667461196
pfp_bloom_filter_contains_unique_size_u32,0,NVIDIA H200,I64,U32,256,1,1,2,1000000000,1,No,0.001307703,8,43,0.011679585488372097,0.00054726624988793,0.01166655030361442,0.0005330676576886728,85715140635.03326,45,0.011661823187934028
pfp_bloom_filter_contains_unique_size_u32,0,NVIDIA H200,I64,U32,256,1,1,2,1000000000,2,No,0.001313231,8,44,0.011561447022727277,0.0004863978082138011,0.011548353455283426,0.0004820967198913382,86592431022.4931,45,0.011544460720486111
pfp_bloom_filter_contains_unique_size_u32,0,NVIDIA H200,I64,U32,256,1,1,2,1000000000,4,No,0.001314625,8,44,0.011467235022727272,0.0005625297201976169,0.011454142483797941,0.0005423622201301061,87304658678.24808,45,0.011445994737413194
pfp_bloom_filter_contains_unique_size_u32,0,NVIDIA H200,I64,U32,256,1,1,2,1000000000,8,No,0.001315207,8,44,0.011407329045454549,0.000533174364633635,0.01139418987794356,0.0005315398321326997,87764028045.18484,46,0.011387306545091711
pfp_bloom_filter_contains_unique_size_u32,0,NVIDIA H200,I64,U32,256,1,1,2,1000000000,16,No,0.001312756,8,44,0.011378621886363634,0.0005550697540757188,0.011365618879144841,0.0005435886891441999,87984650077.87071,46,0.011356857963230297
pfp_bloom_filter_contains_unique_size_u32,0,NVIDIA H200,I64,U32,256,1,1,2,1000000000,32,No,0.0013149,8,43,0.011655831465116277,0.000658931712131808,0.011642821932947913,0.0006531535723642291,85889830297.07852,45,0.012030006239149306
pfp_bloom_filter_contains_unique_size_u32,0,NVIDIA H200,I64,U32,256,1,1,2,1000000000,64,No,0.001315008,8,31,0.01653911258064516,0.00013467599544223977,0.01652594363304877,0.00013626956428685363,60510916786.632904,32,0.016523112177848815
pfp_bloom_filter_contains_unique_size_u32,0,NVIDIA H200,I64,U32,256,1,1,2,1000000000,128,No,0.001316179,8,23,0.022140340695652173,0.00011081801582144376,0.022127298852671742,0.00011152290953569435,45193044422.55752,24,0.022116171757380166
pfp_bloom_filter_contains_unique_size_u32,0,NVIDIA H200,I64,U32,256,1,1,2,1000000000,256,No,0.001315938,8,20,0.025242005950000007,9.817115343704443e-05,0.025228891372680667,9.826788193186844e-05,39637096423.62086,21,0.025219305401756653
pfp_bloom_filter_contains_unique_size_u32,0,NVIDIA H200,I64,U32,256,1,1,2,1000000000,512,No,0.001314859,8,19,0.02683412473684211,0.00018095043141923078,0.0268210122961747,0.0001774751561889578,37284200497.63085,20,0.026810546684265135
pfp_bloom_filter_contains_unique_size_u32,0,NVIDIA H200,I64,U32,256,1,1,2,1000000000,1024,No,0.00131359,8,19,0.02764273557894737,0.0001283102015044591,0.02762955434698807,0.00012752380746307692,36193128106.28128,20,0.027621419334411618
pfp_bloom_filter_contains_unique_size_u32,0,NVIDIA H200,I64,U32,256,1,1,2,1000000000,2048,No,0.001316432,8,18,0.028051373611111114,7.544229671610937e-05,0.028037955813937723,7.978056776904989e-05,35665938224.4585,19,0.028027885437011717
pfp_bloom_filter_contains_unique_size_u32,0,NVIDIA H200,I64,U32,256,1,1,4,1000000000,1,No,0.001307703,8,68,0.00737969436764706,0.0011300791374795963,0.007366643765393428,0.0011076436332147002,135747028341.1476,71,0.007769485688545334
pfp_bloom_filter_contains_unique_size_u32,0,NVIDIA H200,I64,U32,256,1,1,4,1000000000,2,No,0.001313231,8,67,0.007540338477611941,0.0022700025723850735,0.007527354268885369,0.0022620904795346694,132848802418.33994,70,0.007764406912667411
pfp_bloom_filter_contains_unique_size_u32,0,NVIDIA H200,I64,U32,256,1,1,4,1000000000,4,No,0.001314625,8,66,0.0076267925757575765,0.0022459188745490573,0.007613725077022204,0.002247822317186796,131341753200.1443,68,0.0078104068531709555
pfp_bloom_filter_contains_unique_size_u32,0,NVIDIA H200,I64,U32,256,1,1,4,1000000000,8,No,0.001315207,8,66,0.007650681136363635,0.006066526833676999,0.0076376581842249065,0.0060882540049844985,130930185127.35172,67,0.007837166401877331
pfp_bloom_filter_contains_unique_size_u32,0,NVIDIA H200,I64,U32,256,1,1,4,1000000000,16,No,0.001312756,8,65,0.007705815676923076,0.00623950579077483,0.007692803456233099,0.00623516819512451,129991622129.6086,67,0.007852046226387594
pfp_bloom_filter_contains_unique_size_u32,0,NVIDIA H200,I64,U32,256,1,1,4,1000000000,32,No,0.0013149,8,52,0.009701168346153847,0.005482601835908217,0.009688043686059807,0.005486595183046623,103220013493.42664,53,0.009757135355247642
pfp_bloom_filter_contains_unique_size_u32,0,NVIDIA H200,I64,U32,256,1,1,4,1000000000,64,No,0.001315008,8,31,0.016463724967741938,0.00020216098618775752,0.01645034642373362,0.0001873237798945072,60788993389.05454,32,0.01643815231323242
pfp_bloom_filter_contains_unique_size_u32,0,NVIDIA H200,I64,U32,256,1,1,4,1000000000,128,No,0.001316179,8,23,0.022075675434782612,0.00016904353922147624,0.02206238182731297,0.00016071014342981967,45326021815.19729,24,0.022050510009129845
pfp_bloom_filter_contains_unique_size_u32,0,NVIDIA H200,I64,U32,256,1,1,4,1000000000,256,No,0.001315938,8,20,0.0251708676,0.00011554991829035619,0.025157630443572998,9.679599198180209e-05,39749371557.187706,21,0.025146815527053105
pfp_bloom_filter_contains_unique_size_u32,0,NVIDIA H200,I64,U32,256,1,1,4,1000000000,512,No,0.001314859,8,19,0.02676048857894737,0.00011937547562933191,0.026747231935199935,0.00010907506944534152,37387046346.42879,20,0.02673815793991089
pfp_bloom_filter_contains_unique_size_u32,0,NVIDIA H200,I64,U32,256,1,1,4,1000000000,1024,No,0.00131359,8,19,0.027567217210526317,0.00011089577551421277,0.02755403267709832,0.00010161104755191031,36292328303.40494,20,0.027544908237457272
pfp_bloom_filter_contains_unique_size_u32,0,NVIDIA H200,I64,U32,256,1,1,4,1000000000,2048,No,0.001316432,8,18,0.02797186011111111,0.00012439711344066945,0.027958769586351184,0.00012668081829227625,35766953081.08897,19,0.02794963083769146
pfp_bloom_filter_contains_unique_size_u32,0,NVIDIA H200,I64,U32,256,1,1,8,1000000000,1,No,0.001307703,8,68,0.007375876838235295,0.0013132645729294623,0.007362928937463198,0.001317250971051956,135815516962.5387,71,0.007823996960277288
pfp_bloom_filter_contains_unique_size_u32,0,NVIDIA H200,I64,U32,256,1,1,8,1000000000,2,No,0.001313231,8,67,0.007547633208955225,0.0016763953233178213,0.007534566196043102,0.0016794032664368727,132721642358.8084,69,0.007798529141191123
pfp_bloom_filter_contains_unique_size_u32,0,NVIDIA H200,I64,U32,256,1,1,8,1000000000,4,No,0.001314625,8,66,0.007649147136363635,0.004681039992474411,0.007636098420981205,0.004689248274796474,130956929163.24466,67,0.007791930241371268
pfp_bloom_filter_contains_unique_size_u32,0,NVIDIA H200,I64,U32,256,1,1,8,1000000000,8,No,0.001315207,8,66,0.007686156166666666,0.005464411913632635,0.0076731495712742655,0.005477582897721366,130324580631.61824,67,0.007825190757637594
pfp_bloom_filter_contains_unique_size_u32,0,NVIDIA H200,I64,U32,256,1,1,8,1000000000,16,No,0.001312756,8,65,0.007741113523076923,0.005859136702534922,0.007728046798706054,0.0058553388348613405,129398802316.70375,67,0.007861992223938899
pfp_bloom_filter_contains_unique_size_u32,0,NVIDIA H200,I64,U32,256,1,1,8,1000000000,32,No,0.0013149,8,52,0.009708356615384616,0.005402579363392084,0.009695435707385723,0.005406163181274154,103141316200.80022,53,0.009779790914283607
pfp_bloom_filter_contains_unique_size_u32,0,NVIDIA H200,I64,U32,256,1,1,8,1000000000,64,No,0.001315008,8,31,0.016462456290322582,0.0002391738130051092,0.016449373922040385,0.00023308473215025768,60792587288.69358,32,0.016437753677368164
pfp_bloom_filter_contains_unique_size_u32,0,NVIDIA H200,I64,U32,256,1,1,8,1000000000,128,No,0.001316179,8,23,0.022074321739130435,9.161350169065815e-05,0.022061161704685372,8.830590847367238e-05,45328528632.63402,24,0.0220514661471049
pfp_bloom_filter_contains_unique_size_u32,0,NVIDIA H200,I64,U32,256,1,1,8,1000000000,256,No,0.001315938,8,20,0.025170623000000003,0.00014340805711996496,0.025157411193847658,0.00014137019323156688,39749717977.52202,21,0.025147663298107328
pfp_bloom_filter_contains_unique_size_u32,0,NVIDIA H200,I64,U32,256,1,1,8,1000000000,512,No,0.001314859,8,19,0.026761175052631578,0.00012081463515834268,0.02674797981663754,0.00012430812997900141,37386000993.54004,20,0.026738809680938724
pfp_bloom_filter_contains_unique_size_u32,0,NVIDIA H200,I64,U32,256,1,1,8,1000000000,1024,No,0.00131359,8,19,0.027566989315789475,0.0001124938516649987,0.027553818953664683,0.00010702087910368522,36292609807.79578,20,0.02754316806793213
pfp_bloom_filter_contains_unique_size_u32,0,NVIDIA H200,I64,U32,256,1,1,8,1000000000,2048,No,0.001316432,8,18,0.027970528333333338,0.00012142551449938905,0.02795720174577501,0.00012144952873518885,35768958892.7162,19,0.027949172672472503
pfp_bloom_filter_contains_unique_size_u32,0,NVIDIA H200,I64,U32,256,1,2,1,1000000000,1,No,0.001307703,8,24,0.021513862499999998,9.238463009893683e-05,0.021500794569651285,8.656033252817664e-05,46509909052.92012,25,0.021498362503051757
pfp_bloom_filter_contains_unique_size_u32,0,NVIDIA H200,I64,U32,256,1,2,1,1000000000,2,No,0.001313231,8,24,0.021515165833333332,8.196902251204097e-05,0.02150212009747823,8.059597495142078e-05,46507041885.47808,25,0.0214990389251709
pfp_bloom_filter_contains_unique_size_u32,0,NVIDIA H200,I64,U32,256,1,2,1,1000000000,4,No,0.001314625,8,24,0.021516051499999998,0.00013788802857741373,0.021502826372782387,0.00012804724300142758,46505514329.30552,25,0.021498465499877932
pfp_bloom_filter_contains_unique_size_u32,0,NVIDIA H200,I64,U32,256,1,2,1,1000000000,8,No,0.001315207,8,24,0.02151596195833334,0.00010613587589920535,0.021502858877182004,0.00011097522013456631,46505444030.10342,25,0.02149901351928711
pfp_bloom_filter_contains_unique_size_u32,0,NVIDIA H200,I64,U32,256,1,2,1,1000000000,16,No,0.001312756,8,24,0.021546858999999998,7.916831875174064e-05,0.021533628066380817,7.321984098294469e-05,46438992858.85972,25,0.021529036407470704
pfp_bloom_filter_contains_unique_size_u32,0,NVIDIA H200,I64,U32,256,1,2,1,1000000000,32,No,0.0013149,8,23,0.022480176434782614,8.49689657320637e-05,0.022466972102289606,8.55120559531692e-05,44509780643.65381,24,0.022467282851537068
pfp_bloom_filter_contains_unique_size_u32,0,NVIDIA H200,I64,U32,256,1,2,1,1000000000,64,No,0.001315008,8,21,0.023836965809523807,0.0005064499796269171,0.023823931557791573,0.0005004379583122768,41974600102.17969,22,0.02380970070578835
pfp_bloom_filter_contains_unique_size_u32,0,NVIDIA H200,I64,U32,256,1,2,1,1000000000,128,No,0.001316179,8,20,0.025396582499999997,0.0003464460207780224,0.02538345127105713,0.0003470000181807495,39395746044.20424,21,0.025369228181384856
pfp_bloom_filter_contains_unique_size_u32,0,NVIDIA H200,I64,U32,256,1,2,1,1000000000,256,No,0.001315938,8,19,0.026748500368421052,0.00026449951698648397,0.026735423840974503,0.0002572064746761511,37403558886.8207,20,0.026722288608551026
pfp_bloom_filter_contains_unique_size_u32,0,NVIDIA H200,I64,U32,256,1,2,1,1000000000,512,No,0.001314859,8,19,0.027767299789473683,0.0001892001027567689,0.027753871415790752,0.0001920742768038788,36031009332.66713,20,0.02774248647689819
pfp_bloom_filter_contains_unique_size_u32,0,NVIDIA H200,I64,U32,256,1,2,1,1000000000,1024,No,0.00131359,8,18,0.02839056155555555,0.0001380102451496244,0.02837719292110867,0.00013122357980454544,35239567309.5678,19,0.02836514673734966
pfp_bloom_filter_contains_unique_size_u32,0,NVIDIA H200,I64,U32,256,1,2,1,1000000000,2048,No,0.001316432,8,18,0.02873805366666667,0.00015526191746265505,0.028724816216362845,0.00015526203930404809,34813103501.43715,19,0.028712890524613226
pfp_bloom_filter_contains_unique_size_u32,0,NVIDIA H200,I64,U32,256,1,2,2,1000000000,1,No,0.001307703,8,24,0.02170789554166667,0.0008741398341959203,0.021694658756256105,0.000864237084343749,46094294970.72081,25,0.021673278274536134
pfp_bloom_filter_contains_unique_size_u32,0,NVIDIA H200,I64,U32,256,1,2,2,1000000000,2,No,0.001313231,8,24,0.021694781708333333,0.000185562477487395,0.021681730747222894,0.00018883483932403145,46121779283.14533,25,0.021675303192138676
pfp_bloom_filter_contains_unique_size_u32,0,NVIDIA H200,I64,U32,256,1,2,2,1000000000,4,No,0.001314625,8,24,0.021692783458333337,8.759963803376661e-05,0.021679673194885257,8.282219158484811e-05,46126156561.98745,25,0.021681959075927737
pfp_bloom_filter_contains_unique_size_u32,0,NVIDIA H200,I64,U32,256,1,2,2,1000000000,8,No,0.001315207,8,24,0.021692113749999995,0.00011064427376888031,0.021678861220677696,0.00010689551627434984,46127884201.139755,25,0.021679426498413083
pfp_bloom_filter_contains_unique_size_u32,0,NVIDIA H200,I64,U32,256,1,2,2,1000000000,16,No,0.001312756,8,24,0.021730349625000003,9.225615626387794e-05,0.021716912031173707,7.330419166064578e-05,46047062241.839096,25,0.02171387733459473
pfp_bloom_filter_contains_unique_size_u32,0,NVIDIA H200,I64,U32,256,1,2,2,1000000000,32,No,0.0013149,8,23,0.022612360391304348,0.00015505714810406455,0.022599264061969253,0.00016273703655061893,44249228526.11078,24,0.022595781405766804
pfp_bloom_filter_contains_unique_size_u32,0,NVIDIA H200,I64,U32,256,1,2,2,1000000000,64,No,0.001315008,8,22,0.02368125822727273,0.0005889684274732136,0.023668266036293725,0.0005864851826765217,42250665869.082504,23,0.023650439469710637
pfp_bloom_filter_contains_unique_size_u32,0,NVIDIA H200,I64,U32,256,1,2,2,1000000000,128,No,0.001316179,8,20,0.0251347267,0.0003716814983322202,0.025121627140045167,0.0003777002364948734,39806338754.46501,21,0.025108292534237815
pfp_bloom_filter_contains_unique_size_u32,0,NVIDIA H200,I64,U32,256,1,2,2,1000000000,256,No,0.001315938,8,19,0.026549779263157894,0.00022538048247841837,0.026536533757259968,0.00022573368572313804,37683896817.39862,20,0.02652164545059204
pfp_bloom_filter_contains_unique_size_u32,0,NVIDIA H200,I64,U32,256,1,2,2,1000000000,512,No,0.001314859,8,19,0.02762622294736843,0.0001575182607723934,0.027612842057880605,0.00015460817592786248,36215033494.33759,20,0.027602602958679202
pfp_bloom_filter_contains_unique_size_u32,0,NVIDIA H200,I64,U32,256,1,2,2,1000000000,1024,No,0.00131359,8,18,0.02827728194444444,0.00013523951078165986,0.028264142248365615,0.00013396793043903645,35380518227.39554,19,0.028251158262553967
pfp_bloom_filter_contains_unique_size_u32,0,NVIDIA H200,I64,U32,256,1,2,2,1000000000,2048,No,0.001316432,8,18,0.028631921944444454,0.0001071007225098363,0.028618744850158695,0.00010872484081178998,34942133389.69878,19,0.028609657588757963
pfp_bloom_filter_contains_unique_size_u32,0,NVIDIA H200,I64,U32,256,1,2,4,1000000000,1,No,0.001307703,8,22,0.023571128363636364,0.00030724236344090714,0.023557780265808112,0.0003027885959234381,42448821099.30388,23,0.023550605856853982
pfp_bloom_filter_contains_unique_size_u32,0,NVIDIA H200,I64,U32,256,1,2,4,1000000000,2,No,0.001313231,8,22,0.023567917045454547,0.00013967440957878238,0.02355483341217041,0.00012921617731896876,42454131706.28988,23,0.023552971217943273
pfp_bloom_filter_contains_unique_size_u32,0,NVIDIA H200,I64,U32,256,1,2,4,1000000000,4,No,0.001314625,8,22,0.023565097272727275,0.00011287206346705014,0.02355159126628529,8.856764100970398e-05,42459976003.045105,23,0.023548372766245967
pfp_bloom_filter_contains_unique_size_u32,0,NVIDIA H200,I64,U32,256,1,2,4,1000000000,8,No,0.001315207,8,22,0.023565168090909097,0.0002051136314706611,0.02355194325880571,0.00020956206558950827,42459341422.96795,23,0.023548951190450914
pfp_bloom_filter_contains_unique_size_u32,0,NVIDIA H200,I64,U32,256,1,2,4,1000000000,16,No,0.001312756,8,22,0.02359124322727273,7.972408082258907e-05,0.023577918486161663,7.986085299942595e-05,42412564984.772484,23,0.02357453893578571
pfp_bloom_filter_contains_unique_size_u32,0,NVIDIA H200,I64,U32,256,1,2,4,1000000000,32,No,0.0013149,8,21,0.024513442000000003,8.89642079508244e-05,0.024500454403105238,7.042074139097241e-05,40815569521.5701,22,0.024501417853615502
pfp_bloom_filter_contains_unique_size_u32,0,NVIDIA H200,I64,U32,256,1,2,4,1000000000,64,No,0.001315008,8,20,0.02619439860000001,0.0004794757771246127,0.02618130083084106,0.0004783650248381394,38195199179.02702,21,0.026172352472941078
pfp_bloom_filter_contains_unique_size_u32,0,NVIDIA H200,I64,U32,256,1,2,4,1000000000,128,No,0.001316179,8,19,0.027685790000000002,0.00042395780539863465,0.027672685221621866,0.0004244902625795203,36136717199.33622,20,0.027654934883117675
pfp_bloom_filter_contains_unique_size_u32,0,NVIDIA H200,I64,U32,256,1,2,4,1000000000,256,No,0.001315938,8,18,0.028845176777777776,0.00035174473514999337,0.028831989182366267,0.0003546682958962584,34683697807.83641,19,0.02882149877046284
pfp_bloom_filter_contains_unique_size_u32,0,NVIDIA H200,I64,U32,256,1,2,4,1000000000,512,No,0.001314859,8,17,0.029621574647058828,0.0002645804446259875,0.0296080000260297,0.000264592775197031,33774655468.82112,18,0.029598763042026095
pfp_bloom_filter_contains_unique_size_u32,0,NVIDIA H200,I64,U32,256,1,2,4,1000000000,1024,No,0.00131359,8,17,0.030093074117647063,0.0002288666736983919,0.030079636854283956,0.00023384215908048577,33245082207.7521,18,0.030071506818135578
pfp_bloom_filter_contains_unique_size_u32,0,NVIDIA H200,I64,U32,256,1,2,4,1000000000,2048,No,0.001316432,8,17,0.030364866235294122,0.0002461691402087064,0.030351649901446173,0.00024670934203176994,32947138071.47442,18,0.030340614530775283
pfp_bloom_filter_contains_unique_size_u32,0,NVIDIA H200,I64,U32,256,1,2,8,1000000000,1,Yes,,,,,,,,,,
pfp_bloom_filter_contains_unique_size_u32,0,NVIDIA H200,I64,U32,256,1,2,8,1000000000,2,Yes,,,,,,,,,,
pfp_bloom_filter_contains_unique_size_u32,0,NVIDIA H200,I64,U32,256,1,2,8,1000000000,4,Yes,,,,,,,,,,
pfp_bloom_filter_contains_unique_size_u32,0,NVIDIA H200,I64,U32,256,1,2,8,1000000000,8,Yes,,,,,,,,,,
pfp_bloom_filter_contains_unique_size_u32,0,NVIDIA H200,I64,U32,256,1,2,8,1000000000,16,Yes,,,,,,,,,,
pfp_bloom_filter_contains_unique_size_u32,0,NVIDIA H200,I64,U32,256,1,2,8,1000000000,32,Yes,,,,,,,,,,
pfp_bloom_filter_contains_unique_size_u32,0,NVIDIA H200,I64,U32,256,1,2,8,1000000000,64,Yes,,,,,,,,,,
pfp_bloom_filter_contains_unique_size_u32,0,NVIDIA H200,I64,U32,256,1,2,8,1000000000,128,Yes,,,,,,,,,,
pfp_bloom_filter_contains_unique_size_u32,0,NVIDIA H200,I64,U32,256,1,2,8,1000000000,256,Yes,,,,,,,,,,
pfp_bloom_filter_contains_unique_size_u32,0,NVIDIA H200,I64,U32,256,1,2,8,1000000000,512,Yes,,,,,,,,,,
pfp_bloom_filter_contains_unique_size_u32,0,NVIDIA H200,I64,U32,256,1,2,8,1000000000,1024,Yes,,,,,,,,,,
pfp_bloom_filter_contains_unique_size_u32,0,NVIDIA H200,I64,U32,256,1,2,8,1000000000,2048,Yes,,,,,,,,,,
pfp_bloom_filter_contains_unique_size_u32,0,NVIDIA H200,I64,U32,256,1,4,1,1000000000,1,No,0.001307703,8,23,0.022237977652173918,0.0007738317569720481,0.022224841573964003,0.0007677651850096839,44994696437.858154,24,0.022212359666824336
pfp_bloom_filter_contains_unique_size_u32,0,NVIDIA H200,I64,U32,256,1,4,1,1000000000,2,No,0.001313231,8,23,0.022236095217391304,0.0008726577442733633,0.022223009441209873,0.0008628667015580892,44998405938.019424,24,0.022207411686579387
pfp_bloom_filter_contains_unique_size_u32,0,NVIDIA H200,I64,U32,256,1,4,1,1000000000,4,No,0.001314625,8,23,0.02223059269565217,0.00014501815718897862,0.02221750674040421,0.0001423969818598063,45009550877.345955,24,0.022207351764043173
pfp_bloom_filter_contains_unique_size_u32,0,NVIDIA H200,I64,U32,256,1,4,1,1000000000,8,No,0.001315207,8,23,0.02223203882608696,5.2589805718291884e-05,0.022218788064044454,4.3584338278925374e-05,45006955245.15353,24,0.022211227734883626
pfp_bloom_filter_contains_unique_size_u32,0,NVIDIA H200,I64,U32,256,1,4,1,1000000000,16,No,0.001312756,8,23,0.022280066391304355,0.00012223778817015298,0.022266647836436396,0.00011985228210937009,44910217619.89847,24,0.02225422445933024
pfp_bloom_filter_contains_unique_size_u32,0,NVIDIA H200,I64,U32,256,1,4,1,1000000000,32,No,0.0013149,8,21,0.024742123285714287,5.8635445585546884e-05,0.024728824433826263,5.0997204249692165e-05,40438638831.21399,22,0.024727279402992942
pfp_bloom_filter_contains_unique_size_u32,0,NVIDIA H200,I64,U32,256,1,4,1,1000000000,64,No,0.001315008,8,19,0.027504434894736845,0.0005005215113673923,0.027491018194901313,0.0005057810618441437,36375517011.060265,20,0.027472925186157227
pfp_bloom_filter_contains_unique_size_u32,0,NVIDIA H200,I64,U32,256,1,4,1,1000000000,128,No,0.001316179,8,18,0.029271076388888897,0.00029322704355935693,0.029257676442464194,0.00029319894893166967,34179064149.763226,19,0.029248948850129783
pfp_bloom_filter_contains_unique_size_u32,0,NVIDIA H200,I64,U32,256,1,4,1,1000000000,256,No,0.001315938,8,17,0.030461056941176474,0.0002991605552395898,0.03044760288911707,0.0003057905493748652,32843308014.813587,18,0.030434971491495766
pfp_bloom_filter_contains_unique_size_u32,0,NVIDIA H200,I64,U32,256,1,4,1,1000000000,512,No,0.001314859,8,17,0.031185414294117645,0.000214071736960023,0.03117185312158921,0.00021205550044816872,32080223017.20052,18,0.031162513097127278
pfp_bloom_filter_contains_unique_size_u32,0,NVIDIA H200,I64,U32,256,1,4,1,1000000000,1024,No,0.00131359,8,16,0.03160053375000001,0.00026671136630554323,0.031587207913398745,0.00026518230243737585,31658385341.99211,17,0.03157276467715992
pfp_bloom_filter_contains_unique_size_u32,0,NVIDIA H200,I64,U32,256,1,4,1,1000000000,2048,No,0.001316432,8,16,0.0318230723125,0.0002169043676368075,0.0318097220659256,0.00021363081225542565,31436929814.3348,17,0.031801114026237934
pfp_bloom_filter_contains_unique_size_u32,0,NVIDIA H200,I64,U32,256,1,4,2,1000000000,1,No,0.001307703,8,24,0.021114679791666664,0.0008272966395867871,0.021101346810658773,0.0008278320847164766,47390340008.765564,25,0.021088875198364256
pfp_bloom_filter_contains_unique_size_u32,0,NVIDIA H200,I64,U32,256,1,4,2,1000000000,2,No,0.001313231,8,24,0.021115289125000002,0.0007957984460473101,0.02110189978281657,0.0007985264660924492,47389098151.92599,25,0.021097363357543943
pfp_bloom_filter_contains_unique_size_u32,0,NVIDIA H200,I64,U32,256,1,4,2,1000000000,4,No,0.001314625,8,24,0.021107464250000003,3.194672490625176e-05,0.021094183921813964,1.7709434127263993e-05,47406432204.56032,25,0.02109037139892578
pfp_bloom_filter_contains_unique_size_u32,0,NVIDIA H200,I64,U32,256,1,4,2,1000000000,8,No,0.001315207,8,24,0.021108886833333337,3.1292274242982176e-05,0.02109549180666605,1.8386002205409134e-05,47403493085.85477,25,0.021098407440185544
pfp_bloom_filter_contains_unique_size_u32,0,NVIDIA H200,I64,U32,256,1,4,2,1000000000,16,No,0.001312756,8,24,0.021141800125000002,0.0008263709579089126,0.021128449440002445,0.0008297944439074106,47329549801.54399,25,0.02111354713439941
pfp_bloom_filter_contains_unique_size_u32,0,NVIDIA H200,I64,U32,256,1,4,2,1000000000,32,No,0.0013149,8,23,0.022058712086956523,0.000761247192250921,0.022045384282651154,0.0007597184205458988,45360969315.78374,24,0.02203257608413696
pfp_bloom_filter_contains_unique_size_u32,0,NVIDIA H200,I64,U32,256,1,4,2,1000000000,64,No,0.001315008,8,21,0.024488181428571426,0.0002874955404486221,0.024474770228068026,0.0002899444818972506,40858401965.84094,22,0.024461155111139474
pfp_bloom_filter_contains_unique_size_u32,0,NVIDIA H200,I64,U32,256,1,4,2,1000000000,128,No,0.001316179,8,19,0.026904528684210532,0.0003323394951842309,0.026890960994519684,0.0003346574088796538,37187216931.51084,20,0.026876656055450438
pfp_bloom_filter_contains_unique_size_u32,0,NVIDIA H200,I64,U32,256,1,4,2,1000000000,256,No,0.001315938,8,18,0.028021810833333334,0.00030308069307443644,0.028008531570434574,0.0002984424623817594,35703406923.895515,19,0.0279946009987279
pfp_bloom_filter_contains_unique_size_u32,0,NVIDIA H200,I64,U32,256,1,4,2,1000000000,512,No,0.001314859,8,18,0.029028614944444444,0.00015929587712780298,0.02901511817508274,0.00016072204178115798,34464791560.241455,19,0.02900314070049085
pfp_bloom_filter_contains_unique_size_u32,0,NVIDIA H200,I64,U32,256,1,4,2,1000000000,1024,No,0.00131359,8,17,0.029671188294117655,0.00011933259362160683,0.029657731785493736,0.00011743328116619617,33718020219.237484,18,0.029648227585686575
pfp_bloom_filter_contains_unique_size_u32,0,NVIDIA H200,I64,U32,256,1,4,2,1000000000,2048,No,0.001316432,8,17,0.030026208411764704,0.00011799702440900603,0.030012852612663718,0.00011807534936563268,33319058768.111126,18,0.03000329886542426
pfp_bloom_filter_contains_unique_size_u32,0,NVIDIA H200,I64,U32,256,1,4,4,1000000000,1,Yes,,,,,,,,,,
pfp_bloom_filter_contains_unique_size_u32,0,NVIDIA H200,I64,U32,256,1,4,4,1000000000,2,Yes,,,,,,,,,,
pfp_bloom_filter_contains_unique_size_u32,0,NVIDIA H200,I64,U32,256,1,4,4,1000000000,4,Yes,,,,,,,,,,
pfp_bloom_filter_contains_unique_size_u32,0,NVIDIA H200,I64,U32,256,1,4,4,1000000000,8,Yes,,,,,,,,,,
pfp_bloom_filter_contains_unique_size_u32,0,NVIDIA H200,I64,U32,256,1,4,4,1000000000,16,Yes,,,,,,,,,,
pfp_bloom_filter_contains_unique_size_u32,0,NVIDIA H200,I64,U32,256,1,4,4,1000000000,32,Yes,,,,,,,,,,
pfp_bloom_filter_contains_unique_size_u32,0,NVIDIA H200,I64,U32,256,1,4,4,1000000000,64,Yes,,,,,,,,,,
pfp_bloom_filter_contains_unique_size_u32,0,NVIDIA H200,I64,U32,256,1,4,4,1000000000,128,Yes,,,,,,,,,,
pfp_bloom_filter_contains_unique_size_u32,0,NVIDIA H200,I64,U32,256,1,4,4,1000000000,256,Yes,,,,,,,,,,
pfp_bloom_filter_contains_unique_size_u32,0,NVIDIA H200,I64,U32,256,1,4,4,1000000000,512,Yes,,,,,,,,,,
pfp_bloom_filter_contains_unique_size_u32,0,NVIDIA H200,I64,U32,256,1,4,4,1000000000,1024,Yes,,,,,,,,,,
pfp_bloom_filter_contains_unique_size_u32,0,NVIDIA H200,I64,U32,256,1,4,4,1000000000,2048,Yes,,,,,,,,,,
pfp_bloom_filter_contains_unique_size_u32,0,NVIDIA H200,I64,U32,256,1,4,8,1000000000,1,Yes,,,,,,,,,,
pfp_bloom_filter_contains_unique_size_u32,0,NVIDIA H200,I64,U32,256,1,4,8,1000000000,2,Yes,,,,,,,,,,
pfp_bloom_filter_contains_unique_size_u32,0,NVIDIA H200,I64,U32,256,1,4,8,1000000000,4,Yes,,,,,,,,,,
pfp_bloom_filter_contains_unique_size_u32,0,NVIDIA H200,I64,U32,256,1,4,8,1000000000,8,Yes,,,,,,,,,,
pfp_bloom_filter_contains_unique_size_u32,0,NVIDIA H200,I64,U32,256,1,4,8,1000000000,16,Yes,,,,,,,,,,
pfp_bloom_filter_contains_unique_size_u32,0,NVIDIA H200,I64,U32,256,1,4,8,1000000000,32,Yes,,,,,,,,,,
pfp_bloom_filter_contains_unique_size_u32,0,NVIDIA H200,I64,U32,256,1,4,8,1000000000,64,Yes,,,,,,,,,,
pfp_bloom_filter_contains_unique_size_u32,0,NVIDIA H200,I64,U32,256,1,4,8,1000000000,128,Yes,,,,,,,,,,
pfp_bloom_filter_contains_unique_size_u32,0,NVIDIA H200,I64,U32,256,1,4,8,1000000000,256,Yes,,,,,,,,,,
pfp_bloom_filter_contains_unique_size_u32,0,NVIDIA H200,I64,U32,256,1,4,8,1000000000,512,Yes,,,,,,,,,,
pfp_bloom_filter_contains_unique_size_u32,0,NVIDIA H200,I64,U32,256,1,4,8,1000000000,1024,Yes,,,,,,,,,,
pfp_bloom_filter_contains_unique_size_u32,0,NVIDIA H200,I64,U32,256,1,4,8,1000000000,2048,Yes,,,,,,,,,,
pfp_bloom_filter_contains_unique_size_u32,0,NVIDIA H200,I64,U32,256,1,8,1,1000000000,1,No,0.001307703,8,22,0.02349845413636364,2.7581092349491673e-05,0.02348514192754572,1.812094819114667e-05,42580113123.65544,23,0.02348191783739173
pfp_bloom_filter_contains_unique_size_u32,0,NVIDIA H200,I64,U32,256,1,8,1,1000000000,2,No,0.001313231,8,22,0.023499406363636368,3.7508960376407076e-05,0.023485886487093842,1.5273341542989194e-05,42578763230.82496,23,0.023482266218765924
pfp_bloom_filter_contains_unique_size_u32,0,NVIDIA H200,I64,U32,256,1,8,1,1000000000,4,No,0.001314625,8,22,0.02351002922727273,0.0008868598634646603,0.023496487184004346,0.0008835399994150678,42559553356.58719,23,0.023482467070869775
pfp_bloom_filter_contains_unique_size_u32,0,NVIDIA H200,I64,U32,256,1,8,1,1000000000,8,No,0.001315207,8,22,0.023505063227272725,0.0006240805416478553,0.023491614428433505,0.0006220587268082635,42568381285.4357,23,0.023491950739984925
pfp_bloom_filter_contains_unique_size_u32,0,NVIDIA H200,I64,U32,256,1,8,1,1000000000,16,No,0.001312756,8,22,0.02351895331818182,0.0008962343094225915,0.023505423979325726,0.0009007335598994595,42543372154.42501,23,0.023483273547628653
pfp_bloom_filter_contains_unique_size_u32,0,NVIDIA H200,I64,U32,256,1,8,1,1000000000,32,No,0.0013149,8,21,0.02499065728571429,9.372070735804026e-05,0.02497735477629162,9.236023501121785e-05,40036265207.28268,22,0.024977843284606935
pfp_bloom_filter_contains_unique_size_u32,0,NVIDIA H200,I64,U32,256,1,8,1,1000000000,64,No,0.001315008,8,18,0.02826280083333333,0.00040649741324125704,0.02824931197696262,0.00040092251214807195,35399092226.228455,19,0.028235870863261976
pfp_bloom_filter_contains_unique_size_u32,0,NVIDIA H200,I64,U32,256,1,8,1,1000000000,128,No,0.001316179,8,17,0.03028949405882353,0.0003449771414028061,0.03027583223230698,0.000344024297997149,33029645306.75764,18,0.030260578685336645
pfp_bloom_filter_contains_unique_size_u32,0,NVIDIA H200,I64,U32,256,1,8,1,1000000000,256,No,0.001315938,8,16,0.031505713250000004,0.00029056702389227817,0.03149235391616821,0.0002935373900182763,31753739420.74869,17,0.03147664788190056
pfp_bloom_filter_contains_unique_size_u32,0,NVIDIA H200,I64,U32,256,1,8,1,1000000000,512,No,0.001314859,8,16,0.0322349851875,0.00025096424367227496,0.03222145819664001,0.0002535408735613357,31035218638.99623,17,0.03220588930915384
pfp_bloom_filter_contains_unique_size_u32,0,NVIDIA H200,I64,U32,256,1,8,1,1000000000,1024,No,0.00131359,8,16,0.032626771312500004,0.00019968540081893014,0.03261334180831908,0.00020112159784948142,30662297837.411983,17,0.032603797463809744
pfp_bloom_filter_contains_unique_size_u32,0,NVIDIA H200,I64,U32,256,1,8,1,1000000000,2048,No,0.001316432,8,16,0.0328334454375,0.0002057982020054928,0.032819577693939214,0.0001912131486649896,30469618144.55857,17,0.032810567070456105
pfp_bloom_filter_contains_unique_size_u32,0,NVIDIA H200,I64,U32,256,1,8,2,1000000000,1,Yes,,,,,,,,,,
pfp_bloom_filter_contains_unique_size_u32,0,NVIDIA H200,I64,U32,256,1,8,2,1000000000,2,Yes,,,,,,,,,,
pfp_bloom_filter_contains_unique_size_u32,0,NVIDIA H200,I64,U32,256,1,8,2,1000000000,4,Yes,,,,,,,,,,
pfp_bloom_filter_contains_unique_size_u32,0,NVIDIA H200,I64,U32,256,1,8,2,1000000000,8,Yes,,,,,,,,,,
pfp_bloom_filter_contains_unique_size_u32,0,NVIDIA H200,I64,U32,256,1,8,2,1000000000,16,Yes,,,,,,,,,,
pfp_bloom_filter_contains_unique_size_u32,0,NVIDIA H200,I64,U32,256,1,8,2,1000000000,32,Yes,,,,,,,,,,
pfp_bloom_filter_contains_unique_size_u32,0,NVIDIA H200,I64,U32,256,1,8,2,1000000000,64,Yes,,,,,,,,,,
pfp_bloom_filter_contains_unique_size_u32,0,NVIDIA H200,I64,U32,256,1,8,2,1000000000,128,Yes,,,,,,,,,,
pfp_bloom_filter_contains_unique_size_u32,0,NVIDIA H200,I64,U32,256,1,8,2,1000000000,256,Yes,,,,,,,,,,
pfp_bloom_filter_contains_unique_size_u32,0,NVIDIA H200,I64,U32,256,1,8,2,1000000000,512,Yes,,,,,,,,,,
pfp_bloom_filter_contains_unique_size_u32,0,NVIDIA H200,I64,U32,256,1,8,2,1000000000,1024,Yes,,,,,,,,,,
pfp_bloom_filter_contains_unique_size_u32,0,NVIDIA H200,I64,U32,256,1,8,2,1000000000,2048,Yes,,,,,,,,,,
pfp_bloom_filter_contains_unique_size_u32,0,NVIDIA H200,I64,U32,256,1,8,4,1000000000,1,Yes,,,,,,,,,,
pfp_bloom_filter_contains_unique_size_u32,0,NVIDIA H200,I64,U32,256,1,8,4,1000000000,2,Yes,,,,,,,,,,
pfp_bloom_filter_contains_unique_size_u32,0,NVIDIA H200,I64,U32,256,1,8,4,1000000000,4,Yes,,,,,,,,,,
pfp_bloom_filter_contains_unique_size_u32,0,NVIDIA H200,I64,U32,256,1,8,4,1000000000,8,Yes,,,,,,,,,,
pfp_bloom_filter_contains_unique_size_u32,0,NVIDIA H200,I64,U32,256,1,8,4,1000000000,16,Yes,,,,,,,,,,
pfp_bloom_filter_contains_unique_size_u32,0,NVIDIA H200,I64,U32,256,1,8,4,1000000000,32,Yes,,,,,,,,,,
pfp_bloom_filter_contains_unique_size_u32,0,NVIDIA H200,I64,U32,256,1,8,4,1000000000,64,Yes,,,,,,,,,,
pfp_bloom_filter_contains_unique_size_u32,0,NVIDIA H200,I64,U32,256,1,8,4,1000000000,128,Yes,,,,,,,,,,
pfp_bloom_filter_contains_unique_size_u32,0,NVIDIA H200,I64,U32,256,1,8,4,1000000000,256,Yes,,,,,,,,,,
pfp_bloom_filter_contains_unique_size_u32,0,NVIDIA H200,I64,U32,256,1,8,4,1000000000,512,Yes,,,,,,,,,,
pfp_bloom_filter_contains_unique_size_u32,0,NVIDIA H200,I64,U32,256,1,8,4,1000000000,1024,Yes,,,,,,,,,,
pfp_bloom_filter_contains_unique_size_u32,0,NVIDIA H200,I64,U32,256,1,8,4,1000000000,2048,Yes,,,,,,,,,,
pfp_bloom_filter_contains_unique_size_u32,0,NVIDIA H200,I64,U32,256,1,8,8,1000000000,1,Yes,,,,,,,,,,
pfp_bloom_filter_contains_unique_size_u32,0,NVIDIA H200,I64,U32,256,1,8,8,1000000000,2,Yes,,,,,,,,,,
pfp_bloom_filter_contains_unique_size_u32,0,NVIDIA H200,I64,U32,256,1,8,8,1000000000,4,Yes,,,,,,,,,,
pfp_bloom_filter_contains_unique_size_u32,0,NVIDIA H200,I64,U32,256,1,8,8,1000000000,8,Yes,,,,,,,,,,
pfp_bloom_filter_contains_unique_size_u32,0,NVIDIA H200,I64,U32,256,1,8,8,1000000000,16,Yes,,,,,,,,,,
pfp_bloom_filter_contains_unique_size_u32,0,NVIDIA H200,I64,U32,256,1,8,8,1000000000,32,Yes,,,,,,,,,,
pfp_bloom_filter_contains_unique_size_u32,0,NVIDIA H200,I64,U32,256,1,8,8,1000000000,64,Yes,,,,,,,,,,
pfp_bloom_filter_contains_unique_size_u32,0,NVIDIA H200,I64,U32,256,1,8,8,1000000000,128,Yes,,,,,,,,,,
pfp_bloom_filter_contains_unique_size_u32,0,NVIDIA H200,I64,U32,256,1,8,8,1000000000,256,Yes,,,,,,,,,,
pfp_bloom_filter_contains_unique_size_u32,0,NVIDIA H200,I64,U32,256,1,8,8,1000000000,512,Yes,,,,,,,,,,
pfp_bloom_filter_contains_unique_size_u32,0,NVIDIA H200,I64,U32,256,1,8,8,1000000000,1024,Yes,,,,,,,,,,
pfp_bloom_filter_contains_unique_size_u32,0,NVIDIA H200,I64,U32,256,1,8,8,1000000000,2048,Yes,,,,,,,,,,
pfp_bloom_filter_contains_unique_size_u32,0,NVIDIA H200,I64,U32,256,20,1,1,1000000000,1,Yes,,,,,,,,,,
pfp_bloom_filter_contains_unique_size_u32,0,NVIDIA H200,I64,U32,256,20,1,1,1000000000,2,Yes,,,,,,,,,,
pfp_bloom_filter_contains_unique_size_u32,0,NVIDIA H200,I64,U32,256,20,1,1,1000000000,4,Yes,,,,,,,,,,
pfp_bloom_filter_contains_unique_size_u32,0,NVIDIA H200,I64,U32,256,20,1,1,1000000000,8,Yes,,,,,,,,,,
pfp_bloom_filter_contains_unique_size_u32,0,NVIDIA H200,I64,U32,256,20,1,1,1000000000,16,Yes,,,,,,,,,,
pfp_bloom_filter_contains_unique_size_u32,0,NVIDIA H200,I64,U32,256,20,1,1,1000000000,32,Yes,,,,,,,,,,
pfp_bloom_filter_contains_unique_size_u32,0,NVIDIA H200,I64,U32,256,20,1,1,1000000000,64,Yes,,,,,,,,,,
pfp_bloom_filter_contains_unique_size_u32,0,NVIDIA H200,I64,U32,256,20,1,1,1000000000,128,Yes,,,,,,,,,,
pfp_bloom_filter_contains_unique_size_u32,0,NVIDIA H200,I64,U32,256,20,1,1,1000000000,256,Yes,,,,,,,,,,
pfp_bloom_filter_contains_unique_size_u32,0,NVIDIA H200,I64,U32,256,20,1,1,1000000000,512,Yes,,,,,,,,,,
pfp_bloom_filter_contains_unique_size_u32,0,NVIDIA H200,I64,U32,256,20,1,1,1000000000,1024,Yes,,,,,,,,,,
pfp_bloom_filter_contains_unique_size_u32,0,NVIDIA H200,I64,U32,256,20,1,1,1000000000,2048,Yes,,,,,,,,,,
pfp_bloom_filter_contains_unique_size_u32,0,NVIDIA H200,I64,U32,256,20,1,2,1000000000,1,Yes,,,,,,,,,,
pfp_bloom_filter_contains_unique_size_u32,0,NVIDIA H200,I64,U32,256,20,1,2,1000000000,2,Yes,,,,,,,,,,
pfp_bloom_filter_contains_unique_size_u32,0,NVIDIA H200,I64,U32,256,20,1,2,1000000000,4,Yes,,,,,,,,,,
pfp_bloom_filter_contains_unique_size_u32,0,NVIDIA H200,I64,U32,256,20,1,2,1000000000,8,Yes,,,,,,,,,,
pfp_bloom_filter_contains_unique_size_u32,0,NVIDIA H200,I64,U32,256,20,1,2,1000000000,16,Yes,,,,,,,,,,
pfp_bloom_filter_contains_unique_size_u32,0,NVIDIA H200,I64,U32,256,20,1,2,1000000000,32,Yes,,,,,,,,,,
pfp_bloom_filter_contains_unique_size_u32,0,NVIDIA H200,I64,U32,256,20,1,2,1000000000,64,Yes,,,,,,,,,,
pfp_bloom_filter_contains_unique_size_u32,0,NVIDIA H200,I64,U32,256,20,1,2,1000000000,128,Yes,,,,,,,,,,
pfp_bloom_filter_contains_unique_size_u32,0,NVIDIA H200,I64,U32,256,20,1,2,1000000000,256,Yes,,,,,,,,,,
pfp_bloom_filter_contains_unique_size_u32,0,NVIDIA H200,I64,U32,256,20,1,2,1000000000,512,Yes,,,,,,,,,,
pfp_bloom_filter_contains_unique_size_u32,0,NVIDIA H200,I64,U32,256,20,1,2,1000000000,1024,Yes,,,,,,,,,,
pfp_bloom_filter_contains_unique_size_u32,0,NVIDIA H200,I64,U32,256,20,1,2,1000000000,2048,Yes,,,,,,,,,,
pfp_bloom_filter_contains_unique_size_u32,0,NVIDIA H200,I64,U32,256,20,1,4,1000000000,1,Yes,,,,,,,,,,
pfp_bloom_filter_contains_unique_size_u32,0,NVIDIA H200,I64,U32,256,20,1,4,1000000000,2,Yes,,,,,,,,,,
pfp_bloom_filter_contains_unique_size_u32,0,NVIDIA H200,I64,U32,256,20,1,4,1000000000,4,Yes,,,,,,,,,,
pfp_bloom_filter_contains_unique_size_u32,0,NVIDIA H200,I64,U32,256,20,1,4,1000000000,8,Yes,,,,,,,,,,
pfp_bloom_filter_contains_unique_size_u32,0,NVIDIA H200,I64,U32,256,20,1,4,1000000000,16,Yes,,,,,,,,,,
pfp_bloom_filter_contains_unique_size_u32,0,NVIDIA H200,I64,U32,256,20,1,4,1000000000,32,Yes,,,,,,,,,,
pfp_bloom_filter_contains_unique_size_u32,0,NVIDIA H200,I64,U32,256,20,1,4,1000000000,64,Yes,,,,,,,,,,
pfp_bloom_filter_contains_unique_size_u32,0,NVIDIA H200,I64,U32,256,20,1,4,1000000000,128,Yes,,,,,,,,,,
pfp_bloom_filter_contains_unique_size_u32,0,NVIDIA H200,I64,U32,256,20,1,4,1000000000,256,Yes,,,,,,,,,,
pfp_bloom_filter_contains_unique_size_u32,0,NVIDIA H200,I64,U32,256,20,1,4,1000000000,512,Yes,,,,,,,,,,
pfp_bloom_filter_contains_unique_size_u32,0,NVIDIA H200,I64,U32,256,20,1,4,1000000000,1024,Yes,,,,,,,,,,
pfp_bloom_filter_contains_unique_size_u32,0,NVIDIA H200,I64,U32,256,20,1,4,1000000000,2048,Yes,,,,,,,,,,
pfp_bloom_filter_contains_unique_size_u32,0,NVIDIA H200,I64,U32,256,20,1,8,1000000000,1,Yes,,,,,,,,,,
pfp_bloom_filter_contains_unique_size_u32,0,NVIDIA H200,I64,U32,256,20,1,8,1000000000,2,Yes,,,,,,,,,,
pfp_bloom_filter_contains_unique_size_u32,0,NVIDIA H200,I64,U32,256,20,1,8,1000000000,4,Yes,,,,,,,,,,
pfp_bloom_filter_contains_unique_size_u32,0,NVIDIA H200,I64,U32,256,20,1,8,1000000000,8,Yes,,,,,,,,,,
pfp_bloom_filter_contains_unique_size_u32,0,NVIDIA H200,I64,U32,256,20,1,8,1000000000,16,Yes,,,,,,,,,,
pfp_bloom_filter_contains_unique_size_u32,0,NVIDIA H200,I64,U32,256,20,1,8,1000000000,32,Yes,,,,,,,,,,
pfp_bloom_filter_contains_unique_size_u32,0,NVIDIA H200,I64,U32,256,20,1,8,1000000000,64,Yes,,,,,,,,,,
pfp_bloom_filter_contains_unique_size_u32,0,NVIDIA H200,I64,U32,256,20,1,8,1000000000,128,Yes,,,,,,,,,,
pfp_bloom_filter_contains_unique_size_u32,0,NVIDIA H200,I64,U32,256,20,1,8,1000000000,256,Yes,,,,,,,,,,
pfp_bloom_filter_contains_unique_size_u32,0,NVIDIA H200,I64,U32,256,20,1,8,1000000000,512,Yes,,,,,,,,,,
pfp_bloom_filter_contains_unique_size_u32,0,NVIDIA H200,I64,U32,256,20,1,8,1000000000,1024,Yes,,,,,,,,,,
pfp_bloom_filter_contains_unique_size_u32,0,NVIDIA H200,I64,U32,256,20,1,8,1000000000,2048,Yes,,,,,,,,,,
pfp_bloom_filter_contains_unique_size_u32,0,NVIDIA H200,I64,U32,256,20,2,1,1000000000,1,Yes,,,,,,,,,,
pfp_bloom_filter_contains_unique_size_u32,0,NVIDIA H200,I64,U32,256,20,2,1,1000000000,2,Yes,,,,,,,,,,
pfp_bloom_filter_contains_unique_size_u32,0,NVIDIA H200,I64,U32,256,20,2,1,1000000000,4,Yes,,,,,,,,,,
pfp_bloom_filter_contains_unique_size_u32,0,NVIDIA H200,I64,U32,256,20,2,1,1000000000,8,Yes,,,,,,,,,,
pfp_bloom_filter_contains_unique_size_u32,0,NVIDIA H200,I64,U32,256,20,2,1,1000000000,16,Yes,,,,,,,,,,
pfp_bloom_filter_contains_unique_size_u32,0,NVIDIA H200,I64,U32,256,20,2,1,1000000000,32,Yes,,,,,,,,,,
pfp_bloom_filter_contains_unique_size_u32,0,NVIDIA H200,I64,U32,256,20,2,1,1000000000,64,Yes,,,,,,,,,,
pfp_bloom_filter_contains_unique_size_u32,0,NVIDIA H200,I64,U32,256,20,2,1,1000000000,128,Yes,,,,,,,,,,
pfp_bloom_filter_contains_unique_size_u32,0,NVIDIA H200,I64,U32,256,20,2,1,1000000000,256,Yes,,,,,,,,,,
pfp_bloom_filter_contains_unique_size_u32,0,NVIDIA H200,I64,U32,256,20,2,1,1000000000,512,Yes,,,,,,,,,,
pfp_bloom_filter_contains_unique_size_u32,0,NVIDIA H200,I64,U32,256,20,2,1,1000000000,1024,Yes,,,,,,,,,,
pfp_bloom_filter_contains_unique_size_u32,0,NVIDIA H200,I64,U32,256,20,2,1,1000000000,2048,Yes,,,,,,,,,,
pfp_bloom_filter_contains_unique_size_u32,0,NVIDIA H200,I64,U32,256,20,2,2,1000000000,1,Yes,,,,,,,,,,
pfp_bloom_filter_contains_unique_size_u32,0,NVIDIA H200,I64,U32,256,20,2,2,1000000000,2,Yes,,,,,,,,,,
pfp_bloom_filter_contains_unique_size_u32,0,NVIDIA H200,I64,U32,256,20,2,2,1000000000,4,Yes,,,,,,,,,,
pfp_bloom_filter_contains_unique_size_u32,0,NVIDIA H200,I64,U32,256,20,2,2,1000000000,8,Yes,,,,,,,,,,
pfp_bloom_filter_contains_unique_size_u32,0,NVIDIA H200,I64,U32,256,20,2,2,1000000000,16,Yes,,,,,,,,,,
pfp_bloom_filter_contains_unique_size_u32,0,NVIDIA H200,I64,U32,256,20,2,2,1000000000,32,Yes,,,,,,,,,,
pfp_bloom_filter_contains_unique_size_u32,0,NVIDIA H200,I64,U32,256,20,2,2,1000000000,64,Yes,,,,,,,,,,
pfp_bloom_filter_contains_unique_size_u32,0,NVIDIA H200,I64,U32,256,20,2,2,1000000000,128,Yes,,,,,,,,,,
pfp_bloom_filter_contains_unique_size_u32,0,NVIDIA H200,I64,U32,256,20,2,2,1000000000,256,Yes,,,,,,,,,,
pfp_bloom_filter_contains_unique_size_u32,0,NVIDIA H200,I64,U32,256,20,2,2,1000000000,512,Yes,,,,,,,,,,
pfp_bloom_filter_contains_unique_size_u32,0,NVIDIA H200,I64,U32,256,20,2,2,1000000000,1024,Yes,,,,,,,,,,
pfp_bloom_filter_contains_unique_size_u32,0,NVIDIA H200,I64,U32,256,20,2,2,1000000000,2048,Yes,,,,,,,,,,
pfp_bloom_filter_contains_unique_size_u32,0,NVIDIA H200,I64,U32,256,20,2,4,1000000000,1,Yes,,,,,,,,,,
pfp_bloom_filter_contains_unique_size_u32,0,NVIDIA H200,I64,U32,256,20,2,4,1000000000,2,Yes,,,,,,,,,,
pfp_bloom_filter_contains_unique_size_u32,0,NVIDIA H200,I64,U32,256,20,2,4,1000000000,4,Yes,,,,,,,,,,
pfp_bloom_filter_contains_unique_size_u32,0,NVIDIA H200,I64,U32,256,20,2,4,1000000000,8,Yes,,,,,,,,,,
pfp_bloom_filter_contains_unique_size_u32,0,NVIDIA H200,I64,U32,256,20,2,4,1000000000,16,Yes,,,,,,,,,,
pfp_bloom_filter_contains_unique_size_u32,0,NVIDIA H200,I64,U32,256,20,2,4,1000000000,32,Yes,,,,,,,,,,
pfp_bloom_filter_contains_unique_size_u32,0,NVIDIA H200,I64,U32,256,20,2,4,1000000000,64,Yes,,,,,,,,,,
pfp_bloom_filter_contains_unique_size_u32,0,NVIDIA H200,I64,U32,256,20,2,4,1000000000,128,Yes,,,,,,,,,,
pfp_bloom_filter_contains_unique_size_u32,0,NVIDIA H200,I64,U32,256,20,2,4,1000000000,256,Yes,,,,,,,,,,
pfp_bloom_filter_contains_unique_size_u32,0,NVIDIA H200,I64,U32,256,20,2,4,1000000000,512,Yes,,,,,,,,,,
pfp_bloom_filter_contains_unique_size_u32,0,NVIDIA H200,I64,U32,256,20,2,4,1000000000,1024,Yes,,,,,,,,,,
pfp_bloom_filter_contains_unique_size_u32,0,NVIDIA H200,I64,U32,256,20,2,4,1000000000,2048,Yes,,,,,,,,,,
pfp_bloom_filter_contains_unique_size_u32,0,NVIDIA H200,I64,U32,256,20,2,8,1000000000,1,Yes,,,,,,,,,,
pfp_bloom_filter_contains_unique_size_u32,0,NVIDIA H200,I64,U32,256,20,2,8,1000000000,2,Yes,,,,,,,,,,
pfp_bloom_filter_contains_unique_size_u32,0,NVIDIA H200,I64,U32,256,20,2,8,1000000000,4,Yes,,,,,,,,,,
pfp_bloom_filter_contains_unique_size_u32,0,NVIDIA H200,I64,U32,256,20,2,8,1000000000,8,Yes,,,,,,,,,,
pfp_bloom_filter_contains_unique_size_u32,0,NVIDIA H200,I64,U32,256,20,2,8,1000000000,16,Yes,,,,,,,,,,
pfp_bloom_filter_contains_unique_size_u32,0,NVIDIA H200,I64,U32,256,20,2,8,1000000000,32,Yes,,,,,,,,,,
pfp_bloom_filter_contains_unique_size_u32,0,NVIDIA H200,I64,U32,256,20,2,8,1000000000,64,Yes,,,,,,,,,,
pfp_bloom_filter_contains_unique_size_u32,0,NVIDIA H200,I64,U32,256,20,2,8,1000000000,128,Yes,,,,,,,,,,
pfp_bloom_filter_contains_unique_size_u32,0,NVIDIA H200,I64,U32,256,20,2,8,1000000000,256,Yes,,,,,,,,,,
pfp_bloom_filter_contains_unique_size_u32,0,NVIDIA H200,I64,U32,256,20,2,8,1000000000,512,Yes,,,,,,,,,,
pfp_bloom_filter_contains_unique_size_u32,0,NVIDIA H200,I64,U32,256,20,2,8,1000000000,1024,Yes,,,,,,,,,,
pfp_bloom_filter_contains_unique_size_u32,0,NVIDIA H200,I64,U32,256,20,2,8,1000000000,2048,Yes,,,,,,,,,,
pfp_bloom_filter_contains_unique_size_u32,0,NVIDIA H200,I64,U32,256,20,4,1,1000000000,1,Yes,,,,,,,,,,
pfp_bloom_filter_contains_unique_size_u32,0,NVIDIA H200,I64,U32,256,20,4,1,1000000000,2,Yes,,,,,,,,,,
pfp_bloom_filter_contains_unique_size_u32,0,NVIDIA H200,I64,U32,256,20,4,1,1000000000,4,Yes,,,,,,,,,,
pfp_bloom_filter_contains_unique_size_u32,0,NVIDIA H200,I64,U32,256,20,4,1,1000000000,8,Yes,,,,,,,,,,
pfp_bloom_filter_contains_unique_size_u32,0,NVIDIA H200,I64,U32,256,20,4,1,1000000000,16,Yes,,,,,,,,,,
pfp_bloom_filter_contains_unique_size_u32,0,NVIDIA H200,I64,U32,256,20,4,1,1000000000,32,Yes,,,,,,,,,,
pfp_bloom_filter_contains_unique_size_u32,0,NVIDIA H200,I64,U32,256,20,4,1,1000000000,64,Yes,,,,,,,,,,
pfp_bloom_filter_contains_unique_size_u32,0,NVIDIA H200,I64,U32,256,20,4,1,1000000000,128,Yes,,,,,,,,,,
pfp_bloom_filter_contains_unique_size_u32,0,NVIDIA H200,I64,U32,256,20,4,1,1000000000,256,Yes,,,,,,,,,,
pfp_bloom_filter_contains_unique_size_u32,0,NVIDIA H200,I64,U32,256,20,4,1,1000000000,512,Yes,,,,,,,,,,
pfp_bloom_filter_contains_unique_size_u32,0,NVIDIA H200,I64,U32,256,20,4,1,1000000000,1024,Yes,,,,,,,,,,
pfp_bloom_filter_contains_unique_size_u32,0,NVIDIA H200,I64,U32,256,20,4,1,1000000000,2048,Yes,,,,,,,,,,
pfp_bloom_filter_contains_unique_size_u32,0,NVIDIA H200,I64,U32,256,20,4,2,1000000000,1,Yes,,,,,,,,,,
pfp_bloom_filter_contains_unique_size_u32,0,NVIDIA H200,I64,U32,256,20,4,2,1000000000,2,Yes,,,,,,,,,,
pfp_bloom_filter_contains_unique_size_u32,0,NVIDIA H200,I64,U32,256,20,4,2,1000000000,4,Yes,,,,,,,,,,
pfp_bloom_filter_contains_unique_size_u32,0,NVIDIA H200,I64,U32,256,20,4,2,1000000000,8,Yes,,,,,,,,,,
pfp_bloom_filter_contains_unique_size_u32,0,NVIDIA H200,I64,U32,256,20,4,2,1000000000,16,Yes,,,,,,,,,,
pfp_bloom_filter_contains_unique_size_u32,0,NVIDIA H200,I64,U32,256,20,4,2,1000000000,32,Yes,,,,,,,,,,
pfp_bloom_filter_contains_unique_size_u32,0,NVIDIA H200,I64,U32,256,20,4,2,1000000000,64,Yes,,,,,,,,,,
pfp_bloom_filter_contains_unique_size_u32,0,NVIDIA H200,I64,U32,256,20,4,2,1000000000,128,Yes,,,,,,,,,,
pfp_bloom_filter_contains_unique_size_u32,0,NVIDIA H200,I64,U32,256,20,4,2,1000000000,256,Yes,,,,,,,,,,
pfp_bloom_filter_contains_unique_size_u32,0,NVIDIA H200,I64,U32,256,20,4,2,1000000000,512,Yes,,,,,,,,,,
pfp_bloom_filter_contains_unique_size_u32,0,NVIDIA H200,I64,U32,256,20,4,2,1000000000,1024,Yes,,,,,,,,,,
pfp_bloom_filter_contains_unique_size_u32,0,NVIDIA H200,I64,U32,256,20,4,2,1000000000,2048,Yes,,,,,,,,,,
pfp_bloom_filter_contains_unique_size_u32,0,NVIDIA H200,I64,U32,256,20,4,4,1000000000,1,Yes,,,,,,,,,,
pfp_bloom_filter_contains_unique_size_u32,0,NVIDIA H200,I64,U32,256,20,4,4,1000000000,2,Yes,,,,,,,,,,
pfp_bloom_filter_contains_unique_size_u32,0,NVIDIA H200,I64,U32,256,20,4,4,1000000000,4,Yes,,,,,,,,,,
pfp_bloom_filter_contains_unique_size_u32,0,NVIDIA H200,I64,U32,256,20,4,4,1000000000,8,Yes,,,,,,,,,,
pfp_bloom_filter_contains_unique_size_u32,0,NVIDIA H200,I64,U32,256,20,4,4,1000000000,16,Yes,,,,,,,,,,
pfp_bloom_filter_contains_unique_size_u32,0,NVIDIA H200,I64,U32,256,20,4,4,1000000000,32,Yes,,,,,,,,,,
pfp_bloom_filter_contains_unique_size_u32,0,NVIDIA H200,I64,U32,256,20,4,4,1000000000,64,Yes,,,,,,,,,,
pfp_bloom_filter_contains_unique_size_u32,0,NVIDIA H200,I64,U32,256,20,4,4,1000000000,128,Yes,,,,,,,,,,
pfp_bloom_filter_contains_unique_size_u32,0,NVIDIA H200,I64,U32,256,20,4,4,1000000000,256,Yes,,,,,,,,,,
pfp_bloom_filter_contains_unique_size_u32,0,NVIDIA H200,I64,U32,256,20,4,4,1000000000,512,Yes,,,,,,,,,,
pfp_bloom_filter_contains_unique_size_u32,0,NVIDIA H200,I64,U32,256,20,4,4,1000000000,1024,Yes,,,,,,,,,,
pfp_bloom_filter_contains_unique_size_u32,0,NVIDIA H200,I64,U32,256,20,4,4,1000000000,2048,Yes,,,,,,,,,,
pfp_bloom_filter_contains_unique_size_u32,0,NVIDIA H200,I64,U32,256,20,4,8,1000000000,1,Yes,,,,,,,,,,
pfp_bloom_filter_contains_unique_size_u32,0,NVIDIA H200,I64,U32,256,20,4,8,1000000000,2,Yes,,,,,,,,,,
pfp_bloom_filter_contains_unique_size_u32,0,NVIDIA H200,I64,U32,256,20,4,8,1000000000,4,Yes,,,,,,,,,,
pfp_bloom_filter_contains_unique_size_u32,0,NVIDIA H200,I64,U32,256,20,4,8,1000000000,8,Yes,,,,,,,,,,
pfp_bloom_filter_contains_unique_size_u32,0,NVIDIA H200,I64,U32,256,20,4,8,1000000000,16,Yes,,,,,,,,,,
pfp_bloom_filter_contains_unique_size_u32,0,NVIDIA H200,I64,U32,256,20,4,8,1000000000,32,Yes,,,,,,,,,,
pfp_bloom_filter_contains_unique_size_u32,0,NVIDIA H200,I64,U32,256,20,4,8,1000000000,64,Yes,,,,,,,,,,
pfp_bloom_filter_contains_unique_size_u32,0,NVIDIA H200,I64,U32,256,20,4,8,1000000000,128,Yes,,,,,,,,,,
pfp_bloom_filter_contains_unique_size_u32,0,NVIDIA H200,I64,U32,256,20,4,8,1000000000,256,Yes,,,,,,,,,,
pfp_bloom_filter_contains_unique_size_u32,0,NVIDIA H200,I64,U32,256,20,4,8,1000000000,512,Yes,,,,,,,,,,
pfp_bloom_filter_contains_unique_size_u32,0,NVIDIA H200,I64,U32,256,20,4,8,1000000000,1024,Yes,,,,,,,,,,
pfp_bloom_filter_contains_unique_size_u32,0,NVIDIA H200,I64,U32,256,20,4,8,1000000000,2048,Yes,,,,,,,,,,
pfp_bloom_filter_contains_unique_size_u32,0,NVIDIA H200,I64,U32,256,20,8,1,1000000000,1,Yes,,,,,,,,,,
pfp_bloom_filter_contains_unique_size_u32,0,NVIDIA H200,I64,U32,256,20,8,1,1000000000,2,Yes,,,,,,,,,,
pfp_bloom_filter_contains_unique_size_u32,0,NVIDIA H200,I64,U32,256,20,8,1,1000000000,4,Yes,,,,,,,,,,
pfp_bloom_filter_contains_unique_size_u32,0,NVIDIA H200,I64,U32,256,20,8,1,1000000000,8,Yes,,,,,,,,,,
pfp_bloom_filter_contains_unique_size_u32,0,NVIDIA H200,I64,U32,256,20,8,1,1000000000,16,Yes,,,,,,,,,,
pfp_bloom_filter_contains_unique_size_u32,0,NVIDIA H200,I64,U32,256,20,8,1,1000000000,32,Yes,,,,,,,,,,
pfp_bloom_filter_contains_unique_size_u32,0,NVIDIA H200,I64,U32,256,20,8,1,1000000000,64,Yes,,,,,,,,,,
pfp_bloom_filter_contains_unique_size_u32,0,NVIDIA H200,I64,U32,256,20,8,1,1000000000,128,Yes,,,,,,,,,,
pfp_bloom_filter_contains_unique_size_u32,0,NVIDIA H200,I64,U32,256,20,8,1,1000000000,256,Yes,,,,,,,,,,
pfp_bloom_filter_contains_unique_size_u32,0,NVIDIA H200,I64,U32,256,20,8,1,1000000000,512,Yes,,,,,,,,,,
pfp_bloom_filter_contains_unique_size_u32,0,NVIDIA H200,I64,U32,256,20,8,1,1000000000,1024,Yes,,,,,,,,,,
pfp_bloom_filter_contains_unique_size_u32,0,NVIDIA H200,I64,U32,256,20,8,1,1000000000,2048,Yes,,,,,,,,,,
pfp_bloom_filter_contains_unique_size_u32,0,NVIDIA H200,I64,U32,256,20,8,2,1000000000,1,Yes,,,,,,,,,,
pfp_bloom_filter_contains_unique_size_u32,0,NVIDIA H200,I64,U32,256,20,8,2,1000000000,2,Yes,,,,,,,,,,
pfp_bloom_filter_contains_unique_size_u32,0,NVIDIA H200,I64,U32,256,20,8,2,1000000000,4,Yes,,,,,,,,,,
pfp_bloom_filter_contains_unique_size_u32,0,NVIDIA H200,I64,U32,256,20,8,2,1000000000,8,Yes,,,,,,,,,,
pfp_bloom_filter_contains_unique_size_u32,0,NVIDIA H200,I64,U32,256,20,8,2,1000000000,16,Yes,,,,,,,,,,
pfp_bloom_filter_contains_unique_size_u32,0,NVIDIA H200,I64,U32,256,20,8,2,1000000000,32,Yes,,,,,,,,,,
pfp_bloom_filter_contains_unique_size_u32,0,NVIDIA H200,I64,U32,256,20,8,2,1000000000,64,Yes,,,,,,,,,,
pfp_bloom_filter_contains_unique_size_u32,0,NVIDIA H200,I64,U32,256,20,8,2,1000000000,128,Yes,,,,,,,,,,
pfp_bloom_filter_contains_unique_size_u32,0,NVIDIA H200,I64,U32,256,20,8,2,1000000000,256,Yes,,,,,,,,,,
pfp_bloom_filter_contains_unique_size_u32,0,NVIDIA H200,I64,U32,256,20,8,2,1000000000,512,Yes,,,,,,,,,,
pfp_bloom_filter_contains_unique_size_u32,0,NVIDIA H200,I64,U32,256,20,8,2,1000000000,1024,Yes,,,,,,,,,,
pfp_bloom_filter_contains_unique_size_u32,0,NVIDIA H200,I64,U32,256,20,8,2,1000000000,2048,Yes,,,,,,,,,,
pfp_bloom_filter_contains_unique_size_u32,0,NVIDIA H200,I64,U32,256,20,8,4,1000000000,1,Yes,,,,,,,,,,
pfp_bloom_filter_contains_unique_size_u32,0,NVIDIA H200,I64,U32,256,20,8,4,1000000000,2,Yes,,,,,,,,,,
pfp_bloom_filter_contains_unique_size_u32,0,NVIDIA H200,I64,U32,256,20,8,4,1000000000,4,Yes,,,,,,,,,,
pfp_bloom_filter_contains_unique_size_u32,0,NVIDIA H200,I64,U32,256,20,8,4,1000000000,8,Yes,,,,,,,,,,
pfp_bloom_filter_contains_unique_size_u32,0,NVIDIA H200,I64,U32,256,20,8,4,1000000000,16,Yes,,,,,,,,,,
pfp_bloom_filter_contains_unique_size_u32,0,NVIDIA H200,I64,U32,256,20,8,4,1000000000,32,Yes,,,,,,,,,,
pfp_bloom_filter_contains_unique_size_u32,0,NVIDIA H200,I64,U32,256,20,8,4,1000000000,64,Yes,,,,,,,,,,
pfp_bloom_filter_contains_unique_size_u32,0,NVIDIA H200,I64,U32,256,20,8,4,1000000000,128,Yes,,,,,,,,,,
pfp_bloom_filter_contains_unique_size_u32,0,NVIDIA H200,I64,U32,256,20,8,4,1000000000,256,Yes,,,,,,,,,,
pfp_bloom_filter_contains_unique_size_u32,0,NVIDIA H200,I64,U32,256,20,8,4,1000000000,512,Yes,,,,,,,,,,
pfp_bloom_filter_contains_unique_size_u32,0,NVIDIA H200,I64,U32,256,20,8,4,1000000000,1024,Yes,,,,,,,,,,
pfp_bloom_filter_contains_unique_size_u32,0,NVIDIA H200,I64,U32,256,20,8,4,1000000000,2048,Yes,,,,,,,,,,
pfp_bloom_filter_contains_unique_size_u32,0,NVIDIA H200,I64,U32,256,20,8,8,1000000000,1,Yes,,,,,,,,,,
pfp_bloom_filter_contains_unique_size_u32,0,NVIDIA H200,I64,U32,256,20,8,8,1000000000,2,Yes,,,,,,,,,,
pfp_bloom_filter_contains_unique_size_u32,0,NVIDIA H200,I64,U32,256,20,8,8,1000000000,4,Yes,,,,,,,,,,
pfp_bloom_filter_contains_unique_size_u32,0,NVIDIA H200,I64,U32,256,20,8,8,1000000000,8,Yes,,,,,,,,,,
pfp_bloom_filter_contains_unique_size_u32,0,NVIDIA H200,I64,U32,256,20,8,8,1000000000,16,Yes,,,,,,,,,,
pfp_bloom_filter_contains_unique_size_u32,0,NVIDIA H200,I64,U32,256,20,8,8,1000000000,32,Yes,,,,,,,,,,
pfp_bloom_filter_contains_unique_size_u32,0,NVIDIA H200,I64,U32,256,20,8,8,1000000000,64,Yes,,,,,,,,,,
pfp_bloom_filter_contains_unique_size_u32,0,NVIDIA H200,I64,U32,256,20,8,8,1000000000,128,Yes,,,,,,,,,,
pfp_bloom_filter_contains_unique_size_u32,0,NVIDIA H200,I64,U32,256,20,8,8,1000000000,256,Yes,,,,,,,,,,
pfp_bloom_filter_contains_unique_size_u32,0,NVIDIA H200,I64,U32,256,20,8,8,1000000000,512,Yes,,,,,,,,,,
pfp_bloom_filter_contains_unique_size_u32,0,NVIDIA H200,I64,U32,256,20,8,8,1000000000,1024,Yes,,,,,,,,,,
pfp_bloom_filter_contains_unique_size_u32,0,NVIDIA H200,I64,U32,256,20,8,8,1000000000,2048,Yes,,,,,,,,,,
pfp_bloom_filter_contains_unique_size_u32,0,NVIDIA H200,I64,U32,512,1,1,1,1000000000,1,No,6.046e-06,16,12,0.04421149316666667,0.00011222062204762906,0.04419789568583171,0.00011584831101251258,22625511565.26135,13,0.04421230257474459
pfp_bloom_filter_contains_unique_size_u32,0,NVIDIA H200,I64,U32,512,1,1,1,1000000000,2,No,5.766e-06,16,12,0.04420918591666667,0.0008136574959358087,0.04419586181640626,0.0008042359208836094,22626552778.9478,13,0.044175721682035
pfp_bloom_filter_contains_unique_size_u32,0,NVIDIA H200,I64,U32,512,1,1,1,1000000000,4,No,5.934e-06,16,12,0.04406220016666667,1.5600069189881804e-05,0.04404895941416423,1.2477171606474366e-05,22702011881.77089,13,0.04404629927415114
pfp_bloom_filter_contains_unique_size_u32,0,NVIDIA H200,I64,U32,512,1,1,1,1000000000,8,No,6.054e-06,16,12,0.04395306458333334,0.0007516399832155297,0.0439394900004069,0.0007502901180789194,22758570934.499683,13,0.04391892770620493
pfp_bloom_filter_contains_unique_size_u32,0,NVIDIA H200,I64,U32,512,1,1,1,1000000000,16,No,5.852e-06,16,12,0.04386848216666667,0.000738627082916043,0.04385523223876953,0.0007346228308427395,22802296304.247265,13,0.043834712101862974
pfp_bloom_filter_contains_unique_size_u32,0,NVIDIA H200,I64,U32,512,1,1,1,1000000000,32,No,5.859e-06,16,12,0.044340493833333335,1.586439965393751e-05,0.044327220916748046,8.995094233153264e-06,22559501347.447937,13,0.04432251358032227
pfp_bloom_filter_contains_unique_size_u32,0,NVIDIA H200,I64,U32,512,1,1,1,1000000000,64,No,5.927e-06,16,12,0.04516252133333334,0.00047008692970476525,0.04514896519978842,0.00046876257583953264,22148901875.710903,13,0.04513316579965444
pfp_bloom_filter_contains_unique_size_u32,0,NVIDIA H200,I64,U32,512,1,1,1,1000000000,128,No,6.011e-06,16,11,0.045544415272727276,0.00026120069986274887,0.045530953147194596,0.00026159203371519,21963080736.90338,12,0.04553108851114909
pfp_bloom_filter_contains_unique_size_u32,0,NVIDIA H200,I64,U32,512,1,1,1,1000000000,256,No,6.043e-06,16,11,0.04574887727272727,1.6251476361938062e-05,0.04573551420731978,1.0545940264179864e-05,21864846549.37922,12,0.04573729674021403
pfp_bloom_filter_contains_unique_size_u32,0,NVIDIA H200,I64,U32,512,1,1,1,1000000000,512,No,6.005e-06,16,11,0.046034275454545456,0.00041048580424626543,0.04602026159113103,0.00041062477722680473,21729559229.465977,12,0.04600355656941732
pfp_bloom_filter_contains_unique_size_u32,0,NVIDIA H200,I64,U32,512,1,1,1,1000000000,1024,No,5.955e-06,16,11,0.046352470636363635,2.2521602540779278e-05,0.046339000008322966,1.6816892550208065e-05,21580094516.937992,12,0.04634226608276367
pfp_bloom_filter_contains_unique_size_u32,0,NVIDIA H200,I64,U32,512,1,1,1,1000000000,2048,No,6.073e-06,16,11,0.04700197572727272,0.00045690913276610575,0.046988462968306104,0.0004527033699471817,21281819766.577675,12,0.04697157001495361
pfp_bloom_filter_contains_unique_size_u32,0,NVIDIA H200,I64,U32,512,1,1,2,1000000000,1,No,6.046e-06,16,20,0.025461161,3.548676015853101e-05,0.025447903823852536,1.13816218088015e-05,39295967436.92074,21,0.02545320211138044
pfp_bloom_filter_contains_unique_size_u32,0,NVIDIA H200,I64,U32,512,1,1,2,1000000000,2,No,5.766e-06,16,20,0.0253750908,2.8653695857360243e-05,0.02536183853149414,1.3046755481946707e-05,39429318137.09828,21,0.025365137554350353
pfp_bloom_filter_contains_unique_size_u32,0,NVIDIA H200,I64,U32,512,1,1,2,1000000000,4,No,5.934e-06,16,20,0.025220623650000003,2.996631129454227e-05,0.025207289505004886,1.7780383473324254e-05,39671064189.64446,21,0.025212163198561892
pfp_bloom_filter_contains_unique_size_u32,0,NVIDIA H200,I64,U32,512,1,1,2,1000000000,8,No,6.054e-06,16,20,0.02509828865,0.0006417796381252004,0.025084857559204105,0.0006399297081387396,39864687197.83825,21,0.025072413671584356
pfp_bloom_filter_contains_unique_size_u32,0,NVIDIA H200,I64,U32,512,1,1,2,1000000000,16,No,5.852e-06,16,21,0.025007881095238098,3.3474058673595535e-05,0.024994384674798874,1.3739523869347587e-05,40008986538.815315,22,0.02499766289104115
pfp_bloom_filter_contains_unique_size_u32,0,NVIDIA H200,I64,U32,512,1,1,2,1000000000,32,No,5.859e-06,16,20,0.025437113900000002,3.0011440012324978e-05,0.025423547077178955,1.5438827625740934e-05,39333614501.71657,21,0.02541755794343494
pfp_bloom_filter_contains_unique_size_u32,0,NVIDIA H200,I64,U32,512,1,1,2,1000000000,64,No,5.927e-06,16,20,0.02624507695,0.00036526991540063484,0.02623125905990601,0.00035792903689917316,38122455262.869225,21,0.026215628669375466
pfp_bloom_filter_contains_unique_size_u32,0,NVIDIA H200,I64,U32,512,1,1,2,1000000000,128,No,6.011e-06,16,19,0.026602026263157896,0.00030510964370050693,0.026588392358077195,0.0003036115463994403,37610397294.149055,20,0.026572381496429442
pfp_bloom_filter_contains_unique_size_u32,0,NVIDIA H200,I64,U32,512,1,1,2,1000000000,256,No,6.043e-06,16,19,0.02703817747368421,0.00015714102596623504,0.027024734195909998,0.0001576852736802504,37003139152.1084,20,0.02701311140060425
pfp_bloom_filter_contains_unique_size_u32,0,NVIDIA H200,I64,U32,512,1,1,2,1000000000,512,No,6.005e-06,16,15,0.033570528733333334,0.0003985376272312677,0.033557068379720056,0.00039771006189151536,29799980996.08552,16,0.03354377746582031
pfp_bloom_filter_contains_unique_size_u32,0,NVIDIA H200,I64,U32,512,1,1,2,1000000000,1024,No,5.955e-06,16,13,0.039681754384615395,2.0535297474212725e-05,0.039668209369365985,1.3337193281766236e-05,25209103609.608757,14,0.03967306518554687
pfp_bloom_filter_contains_unique_size_u32,0,NVIDIA H200,I64,U32,512,1,1,2,1000000000,2048,No,6.073e-06,16,12,0.043170189583333345,2.2040893760004688e-05,0.043156669298807786,1.1688247479387554e-05,23171389642.611397,13,0.043153484931358926
pfp_bloom_filter_contains_unique_size_u32,0,NVIDIA H200,I64,U32,512,1,1,4,1000000000,1,No,6.046e-06,16,34,0.014862929441176467,0.0005269199324618806,0.014849551004521988,0.0005352068862529148,67342103454.5408,35,0.014842715890066962
pfp_bloom_filter_contains_unique_size_u32,0,NVIDIA H200,I64,U32,512,1,1,4,1000000000,2,No,5.766e-06,16,34,0.014804091264705884,0.0005222228391123332,0.01479078026378856,0.0005121583761570525,67609685369.21909,35,0.014783393205915178
pfp_bloom_filter_contains_unique_size_u32,0,NVIDIA H200,I64,U32,512,1,1,4,1000000000,4,No,5.934e-06,16,35,0.014709330085714283,0.0004746221698694059,0.014696054840087892,0.00047755478515541913,68045472807.58646,36,0.014686721907721627
pfp_bloom_filter_contains_unique_size_u32,0,NVIDIA H200,I64,U32,512,1,1,4,1000000000,8,No,6.054e-06,16,35,0.014629556200000006,0.0004778432956534349,0.01461620562417166,0.00046899837849363675,68417209343.73299,36,0.014608539157443578
pfp_bloom_filter_contains_unique_size_u32,0,NVIDIA H200,I64,U32,512,1,1,4,1000000000,16,No,5.852e-06,16,35,0.014584951942857145,0.000281205258493228,0.014571449579511371,0.00027896134881636873,68627352038.19943,36,0.014561233520507814
pfp_bloom_filter_contains_unique_size_u32,0,NVIDIA H200,I64,U32,512,1,1,4,1000000000,32,No,5.859e-06,16,32,0.0159183134375,0.00011456135538906148,0.015904898017644886,0.00011011527091463372,62873713424.04085,33,0.01597579678622159
pfp_bloom_filter_contains_unique_size_u32,0,NVIDIA H200,I64,U32,512,1,1,4,1000000000,64,No,5.927e-06,16,28,0.01848129721428572,0.0002815171780024297,0.018467856066567555,0.00028262363751405285,54148136978.94823,29,0.018618139530050343
pfp_bloom_filter_contains_unique_size_u32,0,NVIDIA H200,I64,U32,512,1,1,4,1000000000,128,No,6.011e-06,16,23,0.022415823565217395,0.00012974808445441016,0.022402478010758117,0.00013425724267593288,44637919051.623665,24,0.0223958694934845
pfp_bloom_filter_contains_unique_size_u32,0,NVIDIA H200,I64,U32,512,1,1,4,1000000000,256,No,6.043e-06,16,20,0.025390385099999996,0.0001151642987459189,0.02537695026397705,0.0001001218030797048,39405838353.22066,21,0.02536875443231492
pfp_bloom_filter_contains_unique_size_u32,0,NVIDIA H200,I64,U32,512,1,1,4,1000000000,512,No,6.005e-06,16,16,0.032783197875,0.00031211616091007837,0.032769228219985964,0.00031432313716547053,30516434298.87371,17,0.03277223362642176
pfp_bloom_filter_contains_unique_size_u32,0,NVIDIA H200,I64,U32,512,1,1,4,1000000000,1024,No,5.955e-06,16,13,0.03960924746153846,0.00021651593375134854,0.03959566497802734,0.00021528931694185616,25255289955.47684,14,0.03958989197867257
pfp_bloom_filter_contains_unique_size_u32,0,NVIDIA H200,I64,U32,512,1,1,4,1000000000,2048,No,6.073e-06,16,12,0.04312835758333334,0.00024326108461132518,0.043114504178365064,0.00024263417313664357,23194050796.989143,13,0.043120660048264724
pfp_bloom_filter_contains_unique_size_u32,0,NVIDIA H200,I64,U32,512,1,1,8,1000000000,1,No,6.046e-06,16,34,0.014964188705882356,0.0005874744431425813,0.014951230133281038,0.0005871176544620759,66884128669.38799,35,0.014943551199776785
pfp_bloom_filter_contains_unique_size_u32,0,NVIDIA H200,I64,U32,512,1,1,8,1000000000,2,No,5.766e-06,16,34,0.014900914000000001,0.0005190155100971346,0.014887814605937284,0.0005193290925967109,67169025573.51825,35,0.01488061000279018
pfp_bloom_filter_contains_unique_size_u32,0,NVIDIA H200,I64,U32,512,1,1,8,1000000000,4,No,5.934e-06,16,34,0.014793953088235293,0.0002904518480548026,0.014780842332278983,0.00029129712626061713,67655142888.3157,35,0.01477357177734375
pfp_bloom_filter_contains_unique_size_u32,0,NVIDIA H200,I64,U32,512,1,1,8,1000000000,8,No,6.054e-06,16,35,0.014707268457142856,0.00025757959028859195,0.014694227218627929,0.00025052544255865225,68053936088.06431,36,0.014688320292366873
pfp_bloom_filter_contains_unique_size_u32,0,NVIDIA H200,I64,U32,512,1,1,8,1000000000,16,No,5.852e-06,16,35,0.0146595008,0.00029005262052869,0.01464635156903948,0.00029146679175023286,68276389194.00736,36,0.014637080695894027
pfp_bloom_filter_contains_unique_size_u32,0,NVIDIA H200,I64,U32,512,1,1,8,1000000000,32,No,5.859e-06,16,32,0.015910360562500003,0.00014274682115590216,0.01589730805158615,0.00013935890081405276,62903731673.000145,33,0.01597484426787405
pfp_bloom_filter_contains_unique_size_u32,0,NVIDIA H200,I64,U32,512,1,1,8,1000000000,64,No,5.927e-06,16,28,0.018481888000000002,0.000320936013174596,0.01846834639140538,0.0003147760451014544,54146699374.52388,29,0.018619089981605264
pfp_bloom_filter_contains_unique_size_u32,0,NVIDIA H200,I64,U32,512,1,1,8,1000000000,128,No,6.011e-06,16,23,0.022407238391304353,0.00012622085055922624,0.022393890961356785,0.00012545515112760849,44655035684.759476,24,0.022387799819310505
pfp_bloom_filter_contains_unique_size_u32,0,NVIDIA H200,I64,U32,512,1,1,8,1000000000,256,No,6.043e-06,16,20,0.025393034700000004,0.000124404207578777,0.025379868698120124,0.0001194160414130706,39401307071.1461,21,0.025369186128888815
pfp_bloom_filter_contains_unique_size_u32,0,NVIDIA H200,I64,U32,512,1,1,8,1000000000,512,No,6.005e-06,16,16,0.03277650737500001,0.0002655799084106651,0.0327633764743805,0.0002662897081701581,30521884726.44007,17,0.032752189636230465
pfp_bloom_filter_contains_unique_size_u32,0,NVIDIA H200,I64,U32,512,1,1,8,1000000000,1024,No,5.955e-06,16,13,0.0396050646923077,0.000198277577372429,0.03959176635742187,0.000196538851170604,25257776856.23617,14,0.03958660507202148
pfp_bloom_filter_contains_unique_size_u32,0,NVIDIA H200,I64,U32,512,1,1,8,1000000000,2048,No,6.073e-06,16,12,0.04312698908333334,0.00027324075036715806,0.04311165269215902,0.0002462801786129486,23195584895.354202,13,0.04310386951153095
pfp_bloom_filter_contains_unique_size_u32,0,NVIDIA H200,I64,U32,512,1,2,1,1000000000,1,No,6.046e-06,16,21,0.024825728142857148,0.000322772387679315,0.024812585013253348,0.0003132013289019247,40302128918.28328,22,0.024806738766756927
pfp_bloom_filter_contains_unique_size_u32,0,NVIDIA H200,I64,U32,512,1,2,1,1000000000,2,No,5.766e-06,16,21,0.025009639857142853,0.00016240762799511345,0.02499656386602493,0.00015929429304228785,40005498570.11306,22,0.024993881052190605
pfp_bloom_filter_contains_unique_size_u32,0,NVIDIA H200,I64,U32,512,1,2,1,1000000000,4,No,5.934e-06,16,20,0.025064174149999997,0.0001876628416825384,0.025050001430511476,0.0001200815379658438,39920157400.94837,21,0.025044881184895833
pfp_bloom_filter_contains_unique_size_u32,0,NVIDIA H200,I64,U32,512,1,2,1,1000000000,8,No,6.054e-06,16,20,0.025078667649999997,0.00017504867371900937,0.02506523666381836,0.00016646312309882662,39895893001.620804,21,0.025056915101550874
pfp_bloom_filter_contains_unique_size_u32,0,NVIDIA H200,I64,U32,512,1,2,1,1000000000,16,No,5.852e-06,16,20,0.0250993444,0.00013122405941285313,0.02508609447479248,0.00012612251452749228,39862721596.81294,21,0.02507829202924456
pfp_bloom_filter_contains_unique_size_u32,0,NVIDIA H200,I64,U32,512,1,2,1,1000000000,32,No,5.859e-06,16,19,0.026747089947368418,0.0007251582366077338,0.02673384104276958,0.0007291136702088271,37405773394.11014,20,0.02672529525756836
pfp_bloom_filter_contains_unique_size_u32,0,NVIDIA H200,I64,U32,512,1,2,1,1000000000,64,No,5.927e-06,16,18,0.02825571216666667,0.0006220338935383128,0.0282424070570204,0.0006119934899860009,35407746867.36283,19,0.028285324397839998
pfp_bloom_filter_contains_unique_size_u32,0,NVIDIA H200,I64,U32,512,1,2,1,1000000000,128,No,6.011e-06,16,17,0.02989308423529411,0.003774538306267493,0.02987968938490923,0.0037776825578855,33467550051.074196,18,0.029976108551025393
pfp_bloom_filter_contains_unique_size_u32,0,NVIDIA H200,I64,U32,512,1,2,1,1000000000,256,No,6.043e-06,16,17,0.03100574141176471,0.0011450571366785464,0.03099219557818244,0.001152907256040949,32266187707.71986,18,0.03134974055820042
pfp_bloom_filter_contains_unique_size_u32,0,NVIDIA H200,I64,U32,512,1,2,1,1000000000,512,No,6.005e-06,16,14,0.03573507328571429,0.003702831408804973,0.035721531731741765,0.003704345184726105,27994320274.665344,15,0.03562635370890299
pfp_bloom_filter_contains_unique_size_u32,0,NVIDIA H200,I64,U32,512,1,2,1,1000000000,1024,No,5.955e-06,16,12,0.04205599441666668,0.0009234484997249807,0.04204252783457438,0.0009243800523747388,23785439446.807793,13,0.04203497901329627
pfp_bloom_filter_contains_unique_size_u32,0,NVIDIA H200,I64,U32,512,1,2,1,1000000000,2048,No,6.073e-06,16,11,0.04587145627272728,0.000247166343355005,0.045857847040349786,0.0002497607594521273,21806518721.214966,12,0.045845908482869464
pfp_bloom_filter_contains_unique_size_u32,0,NVIDIA H200,I64,U32,512,1,2,2,1000000000,1,No,6.046e-06,16,23,0.022441733304347823,7.15656062529211e-05,0.02242839224442192,7.601155735818711e-05,44586343466.0015,24,0.022418908754984538
pfp_bloom_filter_contains_unique_size_u32,0,NVIDIA H200,I64,U32,512,1,2,2,1000000000,2,No,5.766e-06,16,23,0.022438884434782612,0.00018978531433396252,0.022425516460252842,0.0001836782398821914,44592061091.32014,24,0.022427336295445757
pfp_bloom_filter_contains_unique_size_u32,0,NVIDIA H200,I64,U32,512,1,2,2,1000000000,4,No,5.934e-06,16,23,0.022436497217391306,0.00018948032343662843,0.02242320558299189,0.00018645019847653583,44596656633.18472,24,0.022422934611638384
pfp_bloom_filter_contains_unique_size_u32,0,NVIDIA H200,I64,U32,512,1,2,2,1000000000,8,No,6.054e-06,16,23,0.022447343739130435,0.0008410117347776497,0.02243394652656887,0.0008422989872372225,44575304608.8295,24,0.022416465441385907
pfp_bloom_filter_contains_unique_size_u32,0,NVIDIA H200,I64,U32,512,1,2,2,1000000000,16,No,5.852e-06,16,23,0.02248173726086957,0.00018585565040187712,0.02246835053485373,0.0001807338009346842,44507049970.07962,24,0.02245668983459473
pfp_bloom_filter_contains_unique_size_u32,0,NVIDIA H200,I64,U32,512,1,2,2,1000000000,32,No,5.859e-06,16,21,0.024480934571428567,0.0006135659686008427,0.024467458906627836,0.0006117682760240586,40870611198.98791,22,0.02445977037603205
pfp_bloom_filter_contains_unique_size_u32,0,NVIDIA H200,I64,U32,512,1,2,2,1000000000,64,No,5.927e-06,16,19,0.026427522157894737,0.0005422533202973513,0.02641392175774825,0.0005375412587409515,37858823433.01257,20,0.026578442573547363
pfp_bloom_filter_contains_unique_size_u32,0,NVIDIA H200,I64,U32,512,1,2,2,1000000000,128,No,6.011e-06,16,18,0.028058917166666673,0.003478012812295268,0.028045486026340063,0.0034802608577410277,35656361920.80284,19,0.0283862150091874
pfp_bloom_filter_contains_unique_size_u32,0,NVIDIA H200,I64,U32,512,1,2,2,1000000000,256,No,6.043e-06,16,18,0.029078296166666667,0.0016064098712251728,0.029064552942911784,0.0016094194646241791,34406171736.55438,19,0.029497074629131117
pfp_bloom_filter_contains_unique_size_u32,0,NVIDIA H200,I64,U32,512,1,2,2,1000000000,512,No,6.005e-06,16,17,0.030132760882352935,0.0017532545515422631,0.03011911897098317,0.0017441174521219088,33201502373.406155,18,0.03051361582014296
pfp_bloom_filter_contains_unique_size_u32,0,NVIDIA H200,I64,U32,512,1,2,2,1000000000,1024,No,5.955e-06,16,16,0.032068625687500005,0.00350372273420745,0.03205517780780792,0.0035088273872393547,31196208175.654617,17,0.031949637469123396
pfp_bloom_filter_contains_unique_size_u32,0,NVIDIA H200,I64,U32,512,1,2,2,1000000000,2048,No,6.073e-06,16,15,0.035210608600000005,0.0009151646100323266,0.035196957906087234,0.0009159720701158301,28411546323.63987,16,0.03519314551353454
pfp_bloom_filter_contains_unique_size_u32,0,NVIDIA H200,I64,U32,512,1,2,4,1000000000,1,No,6.046e-06,16,22,0.02301467831818182,0.0008339679833579297,0.023001227638938207,0.0008346431352406284,43475940314.9041,23,0.022985379426375675
pfp_bloom_filter_contains_unique_size_u32,0,NVIDIA H200,I64,U32,512,1,2,4,1000000000,2,No,5.766e-06,16,22,0.023019511500000003,0.00011920402806268583,0.02300607863339511,0.00011590345543163627,43466773105.27933,23,0.023003063036047895
pfp_bloom_filter_contains_unique_size_u32,0,NVIDIA H200,I64,U32,512,1,2,4,1000000000,4,No,5.934e-06,16,22,0.02303097186363637,0.0007640013823879733,0.02301747053319757,0.0007649723858958406,43445260353.7701,23,0.02300703761888587
pfp_bloom_filter_contains_unique_size_u32,0,NVIDIA H200,I64,U32,512,1,2,4,1000000000,8,No,6.054e-06,16,22,0.02301620136363636,8.314181673901974e-05,0.023002882870760834,7.895404228836837e-05,43472811891.37857,23,0.02300602456797724
pfp_bloom_filter_contains_unique_size_u32,0,NVIDIA H200,I64,U32,512,1,2,4,1000000000,16,No,5.852e-06,16,22,0.023107562681818187,0.0007545187932834329,0.02309402613206343,0.0007582681946992505,43301241380.8441,23,0.023078805508820906
pfp_bloom_filter_contains_unique_size_u32,0,NVIDIA H200,I64,U32,512,1,2,4,1000000000,32,No,5.859e-06,16,20,0.025036590999999997,0.0006766241560648203,0.025023110389709474,0.0006746904215416339,39963057526.66307,21,0.02501121303013393
pfp_bloom_filter_contains_unique_size_u32,0,NVIDIA H200,I64,U32,512,1,2,4,1000000000,64,No,5.927e-06,16,19,0.02693519036842106,0.0004905773381321826,0.026921426371524206,0.0004986887012091278,37145134369.91352,20,0.026907479572296146
pfp_bloom_filter_contains_unique_size_u32,0,NVIDIA H200,I64,U32,512,1,2,4,1000000000,128,No,6.011e-06,16,18,0.028354893333333336,0.00033144141582627123,0.02834145079718696,0.00032993245145143023,35284008823.54461,19,0.028415348052978517
pfp_bloom_filter_contains_unique_size_u32,0,NVIDIA H200,I64,U32,512,1,2,4,1000000000,256,No,6.043e-06,16,17,0.029460392470588233,0.0014182653694393562,0.029446996913236732,0.0014141981729882474,33959320298.311626,18,0.029502646764119463
pfp_bloom_filter_contains_unique_size_u32,0,NVIDIA H200,I64,U32,512,1,2,4,1000000000,512,No,6.005e-06,16,17,0.030309077705882353,0.0014548667683313959,0.030295753366806927,0.0014482431747172581,33007926487.00509,18,0.030282869974772135
pfp_bloom_filter_contains_unique_size_u32,0,NVIDIA H200,I64,U32,512,1,2,4,1000000000,1024,No,5.955e-06,16,17,0.031049163882352942,0.0018179753951803718,0.031035778157851274,0.001816541905006102,32220877302.121876,18,0.030980623881022136
pfp_bloom_filter_contains_unique_size_u32,0,NVIDIA H200,I64,U32,512,1,2,4,1000000000,2048,No,6.073e-06,16,16,0.031678468812500006,0.0004884260053177335,0.03166473996639252,0.0004860532866469004,31580868848.48426,17,0.03164683431737564
pfp_bloom_filter_contains_unique_size_u32,0,NVIDIA H200,I64,U32,512,1,2,8,1000000000,1,No,6.046e-06,16,22,0.02333327718181819,0.0007440982445672601,0.02331978477131236,0.0007478047321010573,42882042429.06155,23,0.023309174164481784
pfp_bloom_filter_contains_unique_size_u32,0,NVIDIA H200,I64,U32,512,1,2,8,1000000000,2,No,5.766e-06,16,22,0.023338441636363637,0.0002627339896541357,0.02332504567232999,0.00026106629638181694,42872370500.276405,23,0.023318282334700874
pfp_bloom_filter_contains_unique_size_u32,0,NVIDIA H200,I64,U32,512,1,2,8,1000000000,4,No,5.934e-06,16,22,0.02333937472727273,0.00019559348731237357,0.023325889414007015,0.00018899760807938125,42870819725.29235,23,0.023321235407953674
pfp_bloom_filter_contains_unique_size_u32,0,NVIDIA H200,I64,U32,512,1,2,8,1000000000,8,No,6.054e-06,16,22,0.02334162218181819,0.00021420515940444478,0.023328159939159047,0.00021011394300626124,42866647116.96283,23,0.023323200391686484
pfp_bloom_filter_contains_unique_size_u32,0,NVIDIA H200,I64,U32,512,1,2,8,1000000000,16,No,5.852e-06,16,22,0.023398697727272724,0.00018434594159352438,0.023385249484669083,0.00018132203749343366,42761998355.227325,23,0.02337813609579335
pfp_bloom_filter_contains_unique_size_u32,0,NVIDIA H200,I64,U32,512,1,2,8,1000000000,32,No,5.859e-06,16,20,0.025126634150000004,0.0003862225625135096,0.025113150310516353,0.00038532236412644434,39819775202.84427,21,0.025110652651105608
pfp_bloom_filter_contains_unique_size_u32,0,NVIDIA H200,I64,U32,512,1,2,8,1000000000,64,No,5.927e-06,16,19,0.026998075684210525,0.0005723928944703855,0.026984613017032023,0.0005682995531973365,37058156045.03294,20,0.02696167697906494
pfp_bloom_filter_contains_unique_size_u32,0,NVIDIA H200,I64,U32,512,1,2,8,1000000000,128,No,6.011e-06,16,18,0.028398640611111112,0.000427034161306308,0.02838516426086426,0.0004336596092021247,35229671063.72321,19,0.028365159486469473
pfp_bloom_filter_contains_unique_size_u32,0,NVIDIA H200,I64,U32,512,1,2,8,1000000000,256,No,6.043e-06,16,17,0.02946263535294118,0.0003225105415864863,0.029448826284969556,0.0003317335954839951,33957210733.06042,18,0.029430553330315485
pfp_bloom_filter_contains_unique_size_u32,0,NVIDIA H200,I64,U32,512,1,2,8,1000000000,512,No,6.005e-06,16,17,0.030175105235294118,0.00027104691462524695,0.030161613127764532,0.0002682009590843664,33154725371.08682,18,0.030147305276658803
pfp_bloom_filter_contains_unique_size_u32,0,NVIDIA H200,I64,U32,512,1,2,8,1000000000,1024,No,5.955e-06,16,17,0.030611506352941173,0.0003214521334206845,0.03059774309046128,0.0003021362189475401,32682149040.97766,18,0.030578785048590764
pfp_bloom_filter_contains_unique_size_u32,0,NVIDIA H200,I64,U32,512,1,2,8,1000000000,2048,No,6.073e-06,16,17,0.030861472705882353,0.00029970581297756444,0.030847956489114203,0.0003031199977962118,32417058172.16403,18,0.030833125432332353
pfp_bloom_filter_contains_unique_size_u32,0,NVIDIA H200,I64,U32,512,1,4,1,1000000000,1,No,6.046e-06,16,21,0.02395479680952381,0.0009567803999361441,0.023941376004900254,0.0009596607551444299,41768693653.83689,22,0.023919886589050296
pfp_bloom_filter_contains_unique_size_u32,0,NVIDIA H200,I64,U32,512,1,4,1,1000000000,2,No,5.766e-06,16,21,0.023964768333333334,0.0008756605898543538,0.023951232001894994,0.0008825360250409824,41751505722.99918,22,0.023932319120927293
pfp_bloom_filter_contains_unique_size_u32,0,NVIDIA H200,I64,U32,512,1,4,1,1000000000,4,No,5.934e-06,16,21,0.02397359590476191,0.0009088963158583932,0.023960187548682798,0.0009078916692599808,41735900354.20965,22,0.023945116476579143
pfp_bloom_filter_contains_unique_size_u32,0,NVIDIA H200,I64,U32,512,1,4,1,1000000000,8,No,6.054e-06,16,21,0.02397760885714286,0.0009214966066239925,0.023964330854870024,0.0009216682340644027,41728684437.55359,22,0.02394082563573664
pfp_bloom_filter_contains_unique_size_u32,0,NVIDIA H200,I64,U32,512,1,4,1,1000000000,16,No,5.852e-06,16,21,0.024014650619047624,0.0007329789025003065,0.024001360938662574,0.0007343840945555354,41664304059.90649,22,0.023989328557794745
pfp_bloom_filter_contains_unique_size_u32,0,NVIDIA H200,I64,U32,512,1,4,1,1000000000,32,No,5.859e-06,16,19,0.026534679368421056,0.000637352246928901,0.02652153587341308,0.0006327452798700187,37705206997.550446,20,0.026500810909271238
pfp_bloom_filter_contains_unique_size_u32,0,NVIDIA H200,I64,U32,512,1,4,1,1000000000,64,No,5.927e-06,16,18,0.02905507616666667,0.000446092311959903,0.02904194132486979,0.00044570209312758515,34432959863.59078,19,0.02928711499665913
pfp_bloom_filter_contains_unique_size_u32,0,NVIDIA H200,I64,U32,512,1,4,1,1000000000,128,No,6.011e-06,16,17,0.03072982976470588,0.0036961978798904028,0.030716511894674867,0.003697757372829702,32555779882.460022,18,0.031034630775451662
pfp_bloom_filter_contains_unique_size_u32,0,NVIDIA H200,I64,U32,512,1,4,1,1000000000,256,No,6.043e-06,16,16,0.03165629625,0.0024423149238974296,0.03164311599731445,0.002440761732890605,31602450279.702854,17,0.0320819777320413
pfp_bloom_filter_contains_unique_size_u32,0,NVIDIA H200,I64,U32,512,1,4,1,1000000000,512,No,6.005e-06,16,16,0.0322644765,0.0019429715676562939,0.0322511420249939,0.0019424578183215974,31006653941.89833,17,0.03271977907068589
pfp_bloom_filter_contains_unique_size_u32,0,NVIDIA H200,I64,U32,512,1,4,1,1000000000,1024,No,5.955e-06,16,16,0.032602830562500004,0.0014367188150730752,0.03258960747718811,0.0014380762604031387,30684628549.146362,17,0.03310066582174862
pfp_bloom_filter_contains_unique_size_u32,0,NVIDIA H200,I64,U32,512,1,4,1,1000000000,2048,No,6.073e-06,16,16,0.032803104812500004,0.0014251625373667175,0.03278981995582581,0.0014266588265515483,30497270230.431034,17,0.03334255510218003
pfp_bloom_filter_contains_unique_size_u32,0,NVIDIA H200,I64,U32,512,1,4,2,1000000000,1,No,6.046e-06,16,22,0.023126823272727273,0.003404209021426041,0.023113548972389916,0.003400955968684856,43264667022.55638,23,0.023020720855049467
pfp_bloom_filter_contains_unique_size_u32,0,NVIDIA H200,I64,U32,512,1,4,2,1000000000,2,No,5.766e-06,16,22,0.023055651045454543,0.0007374451403347265,0.023042484283447264,0.0007351836974308777,43398098386.39479,23,0.023038092571756114
pfp_bloom_filter_contains_unique_size_u32,0,NVIDIA H200,I64,U32,512,1,4,2,1000000000,4,No,5.934e-06,16,22,0.023060072727272726,0.0007490607511376365,0.023046899101950905,0.0007503895447264907,43389785132.32397,23,0.023039855459462043
pfp_bloom_filter_contains_unique_size_u32,0,NVIDIA H200,I64,U32,512,1,4,2,1000000000,8,No,6.054e-06,16,22,0.023063231727272728,0.0007406445903879773,0.02305005663091486,0.0007418217500428716,43383841350.68868,23,0.023044387651526412
pfp_bloom_filter_contains_unique_size_u32,0,NVIDIA H200,I64,U32,512,1,4,2,1000000000,16,No,5.852e-06,16,22,0.023116428227272733,0.0008328504160538161,0.023103202993219548,0.0008312632463639971,43284041623.730064,23,0.02308640007350756
pfp_bloom_filter_contains_unique_size_u32,0,NVIDIA H200,I64,U32,512,1,4,2,1000000000,32,No,5.859e-06,16,20,0.025711026300000002,0.0004776325840479427,0.025697668933868406,0.00047950842352285396,38914035454.86741,21,0.02569073449997675
pfp_bloom_filter_contains_unique_size_u32,0,NVIDIA H200,I64,U32,512,1,4,2,1000000000,64,No,5.927e-06,16,18,0.028346373277777788,0.0003988369626832261,0.028333351241217712,0.00039797566129177444,35294095339.6737,19,0.0283697038951673
pfp_bloom_filter_contains_unique_size_u32,0,NVIDIA H200,I64,U32,512,1,4,2,1000000000,128,No,6.011e-06,16,17,0.03000007447058824,0.0014528991971737215,0.029986798903521367,0.0014510646041551154,33348007675.556507,18,0.030288306342230904
pfp_bloom_filter_contains_unique_size_u32,0,NVIDIA H200,I64,U32,512,1,4,2,1000000000,256,No,6.043e-06,16,17,0.031089813176470592,0.0015747173822368268,0.031076598672305833,0.0015748896556737478,32178553726.060062,18,0.03133884567684597
pfp_bloom_filter_contains_unique_size_u32,0,NVIDIA H200,I64,U32,512,1,4,2,1000000000,512,No,6.005e-06,16,16,0.031774964187500004,0.001260846968271324,0.031761667966842655,0.0012620020925222459,31484492597.931007,17,0.0319694792803596
pfp_bloom_filter_contains_unique_size_u32,0,NVIDIA H200,I64,U32,512,1,4,2,1000000000,1024,No,5.955e-06,16,16,0.03218908318750001,0.001236746210481752,0.032175729990005494,0.0012347468620426197,31079325948.80124,17,0.03241328250660616
pfp_bloom_filter_contains_unique_size_u32,0,NVIDIA H200,I64,U32,512,1,4,2,1000000000,2048,No,6.073e-06,16,16,0.0324284684375,0.0011957740105312813,0.032415233850479126,0.0011925217209631973,30849692604.800354,17,0.03264833270802218
pfp_bloom_filter_contains_unique_size_u32,0,NVIDIA H200,I64,U32,512,1,4,4,1000000000,1,No,6.046e-06,16,21,0.024874864,0.0036841398867365777,0.02486148570832752,0.0036845398154290074,40222857625.32057,22,0.024773426749489524
pfp_bloom_filter_contains_unique_size_u32,0,NVIDIA H200,I64,U32,512,1,4,4,1000000000,2,No,5.766e-06,16,21,0.02480075771428572,5.8626586755366446e-05,0.02478727022806803,5.7766536437876117e-05,40343288744.5445,22,0.024783919767899943
pfp_bloom_filter_contains_unique_size_u32,0,NVIDIA H200,I64,U32,512,1,4,4,1000000000,4,No,5.934e-06,16,21,0.02480574523809524,0.00015403506915221633,0.024792565391177225,0.00015294558818515199,40334672278.644615,22,0.024786772294477986
pfp_bloom_filter_contains_unique_size_u32,0,NVIDIA H200,I64,U32,512,1,4,4,1000000000,8,No,6.054e-06,16,21,0.02480787157142857,3.9744837159420634e-05,0.02479450970604306,3.155265786702727e-05,40331509348.469765,22,0.024790875521573153
pfp_bloom_filter_contains_unique_size_u32,0,NVIDIA H200,I64,U32,512,1,4,4,1000000000,16,No,5.852e-06,16,21,0.02489959842857143,5.1332970648389785e-05,0.024885946001325338,3.5406843096889096e-05,40183322745.56666,22,0.024879317457025703
pfp_bloom_filter_contains_unique_size_u32,0,NVIDIA H200,I64,U32,512,1,4,4,1000000000,32,No,5.859e-06,16,18,0.028608488111111115,4.0302232482951e-05,0.028594920900132922,2.565198234685687e-05,34971245540.15995,19,0.028586445758217255
pfp_bloom_filter_contains_unique_size_u32,0,NVIDIA H200,I64,U32,512,1,4,4,1000000000,64,No,5.927e-06,16,16,0.031763598187500006,0.0003184771418980449,0.03175014173984528,0.00032198153308174833,31495922386.545956,17,0.03174135656917797
pfp_bloom_filter_contains_unique_size_u32,0,NVIDIA H200,I64,U32,512,1,4,4,1000000000,128,No,6.011e-06,16,15,0.033401774,0.00045618400363083673,0.033388315582275396,0.0004506763993168089,29950597463.828407,16,0.033372751235961916
pfp_bloom_filter_contains_unique_size_u32,0,NVIDIA H200,I64,U32,512,1,4,4,1000000000,256,No,6.043e-06,16,15,0.034332487599999996,0.0002881012235636846,0.03431890487670899,0.0002850345320932987,29138458922.057976,16,0.03430963730812073
pfp_bloom_filter_contains_unique_size_u32,0,NVIDIA H200,I64,U32,512,1,4,4,1000000000,512,No,6.005e-06,16,15,0.03488803566666667,0.0003497293468616298,0.034874247996012374,0.0003544253715239771,28674453428.05221,16,0.0348593225479126
pfp_bloom_filter_contains_unique_size_u32,0,NVIDIA H200,I64,U32,512,1,4,4,1000000000,1024,No,5.955e-06,16,15,0.03519655653333333,0.0003393750523421012,0.035182717895507816,0.00033996883951699136,28423045739.956364,16,0.035163893699646
pfp_bloom_filter_contains_unique_size_u32,0,NVIDIA H200,I64,U32,512,1,4,4,1000000000,2048,No,6.073e-06,16,15,0.03536625260000001,0.00036549641792815436,0.035352629343668625,0.0003627322031705319,28286439186.14478,16,0.035338213682174685
pfp_bloom_filter_contains_unique_size_u32,0,NVIDIA H200,I64,U32,512,1,4,8,1000000000,1,Yes,,,,,,,,,,
pfp_bloom_filter_contains_unique_size_u32,0,NVIDIA H200,I64,U32,512,1,4,8,1000000000,2,Yes,,,,,,,,,,
pfp_bloom_filter_contains_unique_size_u32,0,NVIDIA H200,I64,U32,512,1,4,8,1000000000,4,Yes,,,,,,,,,,
pfp_bloom_filter_contains_unique_size_u32,0,NVIDIA H200,I64,U32,512,1,4,8,1000000000,8,Yes,,,,,,,,,,
pfp_bloom_filter_contains_unique_size_u32,0,NVIDIA H200,I64,U32,512,1,4,8,1000000000,16,Yes,,,,,,,,,,
pfp_bloom_filter_contains_unique_size_u32,0,NVIDIA H200,I64,U32,512,1,4,8,1000000000,32,Yes,,,,,,,,,,
pfp_bloom_filter_contains_unique_size_u32,0,NVIDIA H200,I64,U32,512,1,4,8,1000000000,64,Yes,,,,,,,,,,
pfp_bloom_filter_contains_unique_size_u32,0,NVIDIA H200,I64,U32,512,1,4,8,1000000000,128,Yes,,,,,,,,,,
pfp_bloom_filter_contains_unique_size_u32,0,NVIDIA H200,I64,U32,512,1,4,8,1000000000,256,Yes,,,,,,,,,,
pfp_bloom_filter_contains_unique_size_u32,0,NVIDIA H200,I64,U32,512,1,4,8,1000000000,512,Yes,,,,,,,,,,
pfp_bloom_filter_contains_unique_size_u32,0,NVIDIA H200,I64,U32,512,1,4,8,1000000000,1024,Yes,,,,,,,,,,
pfp_bloom_filter_contains_unique_size_u32,0,NVIDIA H200,I64,U32,512,1,4,8,1000000000,2048,Yes,,,,,,,,,,
pfp_bloom_filter_contains_unique_size_u32,0,NVIDIA H200,I64,U32,512,1,8,1,1000000000,1,No,6.046e-06,16,19,0.026561785210526316,0.0005839956840244929,0.026548378693430047,0.0005781416772576514,37667083611.681,20,0.027235382080078124
pfp_bloom_filter_contains_unique_size_u32,0,NVIDIA H200,I64,U32,512,1,8,1,1000000000,2,No,5.766e-06,16,19,0.026682009631578945,0.003480412523339163,0.026668279547440377,0.003490692008723894,37497732023.58605,20,0.02750262851715088
pfp_bloom_filter_contains_unique_size_u32,0,NVIDIA H200,I64,U32,512,1,8,1,1000000000,4,No,5.934e-06,16,19,0.026731759473684214,0.0047883123878405915,0.026718256799798265,0.004793387871901502,37427591459.01878,20,0.027662373161315916
pfp_bloom_filter_contains_unique_size_u32,0,NVIDIA H200,I64,U32,512,1,8,1,1000000000,8,No,6.054e-06,16,19,0.026816720999999998,0.008466955910828758,0.026803176578722502,0.008472100408454,37309010633.97994,20,0.027691158866882327
pfp_bloom_filter_contains_unique_size_u32,0,NVIDIA H200,I64,U32,512,1,8,1,1000000000,16,No,5.852e-06,16,19,0.026940745736842107,0.01071795854998017,0.026927284441496196,0.0107272010441047,37137053391.7989,20,0.027695490074157718
pfp_bloom_filter_contains_unique_size_u32,0,NVIDIA H200,I64,U32,512,1,8,1,1000000000,32,No,5.859e-06,16,17,0.029661347647058824,0.020750942558524714,0.029647969862994027,0.020763498726656743,33729122250.90255,18,0.03014082548353407
pfp_bloom_filter_contains_unique_size_u32,0,NVIDIA H200,I64,U32,512,1,8,1,1000000000,64,No,5.927e-06,16,16,0.03320022725,0.020257156874973176,0.0331866215467453,0.02026959216287322,30132624334.521107,17,0.03326427325080423
pfp_bloom_filter_contains_unique_size_u32,0,NVIDIA H200,I64,U32,512,1,8,1,1000000000,128,No,6.011e-06,16,15,0.034925030466666666,0.014109182079546057,0.034911417897542325,0.014112277781355946,28643923971.658493,16,0.03474121785163879
pfp_bloom_filter_contains_unique_size_u32,0,NVIDIA H200,I64,U32,512,1,8,1,1000000000,256,No,6.043e-06,16,15,0.035517084466666675,0.012118845949047503,0.03550340499877931,0.012121938883893908,28166312499.727345,16,0.03581542682647705
pfp_bloom_filter_contains_unique_size_u32,0,NVIDIA H200,I64,U32,512,1,8,1,1000000000,512,No,6.005e-06,16,14,0.03584100471428572,0.010646397923229727,0.03582741301400321,0.010649816300116167,27911588246.94231,15,0.036351819610595706
pfp_bloom_filter_contains_unique_size_u32,0,NVIDIA H200,I64,U32,512,1,8,1,1000000000,1024,No,5.955e-06,16,14,0.03609223178571429,0.018317165126120694,0.0360786966596331,0.018325561736703813,27717187498.041107,15,0.03661289342244466
pfp_bloom_filter_contains_unique_size_u32,0,NVIDIA H200,I64,U32,512,1,8,1,1000000000,2048,No,6.073e-06,16,14,0.03615034335714286,0.01900166678032219,0.03613679095676967,0.01900952144154535,27672628739.953606,15,0.03682644017537435
pfp_bloom_filter_contains_unique_size_u32,0,NVIDIA H200,I64,U32,512,1,8,2,1000000000,1,No,6.046e-06,16,21,0.024021055904761907,0.00464826548025773,0.024007673990158813,0.0046560238338708365,41653348025.71538,22,0.023876276189630685
pfp_bloom_filter_contains_unique_size_u32,0,NVIDIA H200,I64,U32,512,1,8,2,1000000000,2,No,5.766e-06,16,21,0.023901065428571427,0.00021147556705937006,0.023887610026768282,0.0002053634586847642,41862706184.47836,22,0.02388104802911932
pfp_bloom_filter_contains_unique_size_u32,0,NVIDIA H200,I64,U32,512,1,8,2,1000000000,4,No,5.934e-06,16,21,0.023902888380952385,0.00019247676359386882,0.023889458156767344,0.00018685789634903958,41859467612.77725,22,0.023881136807528406
pfp_bloom_filter_contains_unique_size_u32,0,NVIDIA H200,I64,U32,512,1,8,2,1000000000,8,No,6.054e-06,16,21,0.023902956761904764,0.00016447040737720413,0.0238897597903297,0.0001641272701763706,41858939092.5893,22,0.02388398603959517
pfp_bloom_filter_contains_unique_size_u32,0,NVIDIA H200,I64,U32,512,1,8,2,1000000000,16,No,5.852e-06,16,21,0.023974371476190477,0.00015689804147461344,0.0239608884538923,0.00014853558492864427,41734679493.38732,22,0.023952679807489573
pfp_bloom_filter_contains_unique_size_u32,0,NVIDIA H200,I64,U32,512,1,8,2,1000000000,32,No,5.859e-06,16,19,0.026431512052631584,0.0008039438720298448,0.026417954093531565,0.0008048824534995831,37853044806.55639,20,0.026400137329101563
pfp_bloom_filter_contains_unique_size_u32,0,NVIDIA H200,I64,U32,512,1,8,2,1000000000,64,No,5.927e-06,16,17,0.030525187000000006,0.000460395485442217,0.03051154619104722,0.000453122456449829,32774478020.173973,18,0.03056523725721571
pfp_bloom_filter_contains_unique_size_u32,0,NVIDIA H200,I64,U32,512,1,8,2,1000000000,128,No,6.011e-06,16,16,0.0332807825,0.0008492773615750989,0.033267109870910645,0.0008489904399794337,30059719761.66219,17,0.0332478983262006
pfp_bloom_filter_contains_unique_size_u32,0,NVIDIA H200,I64,U32,512,1,8,2,1000000000,256,No,6.043e-06,16,15,0.03492197980000001,5.8441945871188934e-05,0.03490865275065105,5.1058666663819104e-05,28646192883.54948,16,0.0349003643989563
pfp_bloom_filter_contains_unique_size_u32,0,NVIDIA H200,I64,U32,512,1,8,2,1000000000,512,No,6.005e-06,16,14,0.0358680222857143,7.115221833858334e-05,0.03585474940708705,6.910651584324878e-05,27890307882.122307,15,0.03584886576334635
pfp_bloom_filter_contains_unique_size_u32,0,NVIDIA H200,I64,U32,512,1,8,2,1000000000,1024,No,5.955e-06,16,14,0.03636427592857143,5.847362578034524e-05,0.036351008006504607,5.6073903285467844e-05,27509553512.823116,15,0.036342107391357424
pfp_bloom_filter_contains_unique_size_u32,0,NVIDIA H200,I64,U32,512,1,8,2,1000000000,2048,No,6.073e-06,16,14,0.036628462357142864,0.0001974479082688358,0.03661500794546945,0.0001959501183028833,27311205325.6767,15,0.03660425872802734
pfp_bloom_filter_contains_unique_size_u32,0,NVIDIA H200,I64,U32,512,1,8,4,1000000000,1,Yes,,,,,,,,,,
pfp_bloom_filter_contains_unique_size_u32,0,NVIDIA H200,I64,U32,512,1,8,4,1000000000,2,Yes,,,,,,,,,,
pfp_bloom_filter_contains_unique_size_u32,0,NVIDIA H200,I64,U32,512,1,8,4,1000000000,4,Yes,,,,,,,,,,
pfp_bloom_filter_contains_unique_size_u32,0,NVIDIA H200,I64,U32,512,1,8,4,1000000000,8,Yes,,,,,,,,,,
pfp_bloom_filter_contains_unique_size_u32,0,NVIDIA H200,I64,U32,512,1,8,4,1000000000,16,Yes,,,,,,,,,,
pfp_bloom_filter_contains_unique_size_u32,0,NVIDIA H200,I64,U32,512,1,8,4,1000000000,32,Yes,,,,,,,,,,
pfp_bloom_filter_contains_unique_size_u32,0,NVIDIA H200,I64,U32,512,1,8,4,1000000000,64,Yes,,,,,,,,,,
pfp_bloom_filter_contains_unique_size_u32,0,NVIDIA H200,I64,U32,512,1,8,4,1000000000,128,Yes,,,,,,,,,,
pfp_bloom_filter_contains_unique_size_u32,0,NVIDIA H200,I64,U32,512,1,8,4,1000000000,256,Yes,,,,,,,,,,
pfp_bloom_filter_contains_unique_size_u32,0,NVIDIA H200,I64,U32,512,1,8,4,1000000000,512,Yes,,,,,,,,,,
pfp_bloom_filter_contains_unique_size_u32,0,NVIDIA H200,I64,U32,512,1,8,4,1000000000,1024,Yes,,,,,,,,,,
pfp_bloom_filter_contains_unique_size_u32,0,NVIDIA H200,I64,U32,512,1,8,4,1000000000,2048,Yes,,,,,,,,,,
pfp_bloom_filter_contains_unique_size_u32,0,NVIDIA H200,I64,U32,512,1,8,8,1000000000,1,Yes,,,,,,,,,,
pfp_bloom_filter_contains_unique_size_u32,0,NVIDIA H200,I64,U32,512,1,8,8,1000000000,2,Yes,,,,,,,,,,
pfp_bloom_filter_contains_unique_size_u32,0,NVIDIA H200,I64,U32,512,1,8,8,1000000000,4,Yes,,,,,,,,,,
pfp_bloom_filter_contains_unique_size_u32,0,NVIDIA H200,I64,U32,512,1,8,8,1000000000,8,Yes,,,,,,,,,,
pfp_bloom_filter_contains_unique_size_u32,0,NVIDIA H200,I64,U32,512,1,8,8,1000000000,16,Yes,,,,,,,,,,
pfp_bloom_filter_contains_unique_size_u32,0,NVIDIA H200,I64,U32,512,1,8,8,1000000000,32,Yes,,,,,,,,,,
pfp_bloom_filter_contains_unique_size_u32,0,NVIDIA H200,I64,U32,512,1,8,8,1000000000,64,Yes,,,,,,,,,,
pfp_bloom_filter_contains_unique_size_u32,0,NVIDIA H200,I64,U32,512,1,8,8,1000000000,128,Yes,,,,,,,,,,
pfp_bloom_filter_contains_unique_size_u32,0,NVIDIA H200,I64,U32,512,1,8,8,1000000000,256,Yes,,,,,,,,,,
pfp_bloom_filter_contains_unique_size_u32,0,NVIDIA H200,I64,U32,512,1,8,8,1000000000,512,Yes,,,,,,,,,,
pfp_bloom_filter_contains_unique_size_u32,0,NVIDIA H200,I64,U32,512,1,8,8,1000000000,1024,Yes,,,,,,,,,,
pfp_bloom_filter_contains_unique_size_u32,0,NVIDIA H200,I64,U32,512,1,8,8,1000000000,2048,Yes,,,,,,,,,,
pfp_bloom_filter_contains_unique_size_u32,0,NVIDIA H200,I64,U32,512,20,1,1,1000000000,1,Yes,,,,,,,,,,
pfp_bloom_filter_contains_unique_size_u32,0,NVIDIA H200,I64,U32,512,20,1,1,1000000000,2,Yes,,,,,,,,,,
pfp_bloom_filter_contains_unique_size_u32,0,NVIDIA H200,I64,U32,512,20,1,1,1000000000,4,Yes,,,,,,,,,,
pfp_bloom_filter_contains_unique_size_u32,0,NVIDIA H200,I64,U32,512,20,1,1,1000000000,8,Yes,,,,,,,,,,
pfp_bloom_filter_contains_unique_size_u32,0,NVIDIA H200,I64,U32,512,20,1,1,1000000000,16,Yes,,,,,,,,,,
pfp_bloom_filter_contains_unique_size_u32,0,NVIDIA H200,I64,U32,512,20,1,1,1000000000,32,Yes,,,,,,,,,,
pfp_bloom_filter_contains_unique_size_u32,0,NVIDIA H200,I64,U32,512,20,1,1,1000000000,64,Yes,,,,,,,,,,
pfp_bloom_filter_contains_unique_size_u32,0,NVIDIA H200,I64,U32,512,20,1,1,1000000000,128,Yes,,,,,,,,,,
pfp_bloom_filter_contains_unique_size_u32,0,NVIDIA H200,I64,U32,512,20,1,1,1000000000,256,Yes,,,,,,,,,,
pfp_bloom_filter_contains_unique_size_u32,0,NVIDIA H200,I64,U32,512,20,1,1,1000000000,512,Yes,,,,,,,,,,
pfp_bloom_filter_contains_unique_size_u32,0,NVIDIA H200,I64,U32,512,20,1,1,1000000000,1024,Yes,,,,,,,,,,
pfp_bloom_filter_contains_unique_size_u32,0,NVIDIA H200,I64,U32,512,20,1,1,1000000000,2048,Yes,,,,,,,,,,
pfp_bloom_filter_contains_unique_size_u32,0,NVIDIA H200,I64,U32,512,20,1,2,1000000000,1,Yes,,,,,,,,,,
pfp_bloom_filter_contains_unique_size_u32,0,NVIDIA H200,I64,U32,512,20,1,2,1000000000,2,Yes,,,,,,,,,,
pfp_bloom_filter_contains_unique_size_u32,0,NVIDIA H200,I64,U32,512,20,1,2,1000000000,4,Yes,,,,,,,,,,
pfp_bloom_filter_contains_unique_size_u32,0,NVIDIA H200,I64,U32,512,20,1,2,1000000000,8,Yes,,,,,,,,,,
pfp_bloom_filter_contains_unique_size_u32,0,NVIDIA H200,I64,U32,512,20,1,2,1000000000,16,Yes,,,,,,,,,,
pfp_bloom_filter_contains_unique_size_u32,0,NVIDIA H200,I64,U32,512,20,1,2,1000000000,32,Yes,,,,,,,,,,
pfp_bloom_filter_contains_unique_size_u32,0,NVIDIA H200,I64,U32,512,20,1,2,1000000000,64,Yes,,,,,,,,,,
pfp_bloom_filter_contains_unique_size_u32,0,NVIDIA H200,I64,U32,512,20,1,2,1000000000,128,Yes,,,,,,,,,,
pfp_bloom_filter_contains_unique_size_u32,0,NVIDIA H200,I64,U32,512,20,1,2,1000000000,256,Yes,,,,,,,,,,
pfp_bloom_filter_contains_unique_size_u32,0,NVIDIA H200,I64,U32,512,20,1,2,1000000000,512,Yes,,,,,,,,,,
pfp_bloom_filter_contains_unique_size_u32,0,NVIDIA H200,I64,U32,512,20,1,2,1000000000,1024,Yes,,,,,,,,,,
pfp_bloom_filter_contains_unique_size_u32,0,NVIDIA H200,I64,U32,512,20,1,2,1000000000,2048,Yes,,,,,,,,,,
pfp_bloom_filter_contains_unique_size_u32,0,NVIDIA H200,I64,U32,512,20,1,4,1000000000,1,Yes,,,,,,,,,,
pfp_bloom_filter_contains_unique_size_u32,0,NVIDIA H200,I64,U32,512,20,1,4,1000000000,2,Yes,,,,,,,,,,
pfp_bloom_filter_contains_unique_size_u32,0,NVIDIA H200,I64,U32,512,20,1,4,1000000000,4,Yes,,,,,,,,,,
pfp_bloom_filter_contains_unique_size_u32,0,NVIDIA H200,I64,U32,512,20,1,4,1000000000,8,Yes,,,,,,,,,,
pfp_bloom_filter_contains_unique_size_u32,0,NVIDIA H200,I64,U32,512,20,1,4,1000000000,16,Yes,,,,,,,,,,
pfp_bloom_filter_contains_unique_size_u32,0,NVIDIA H200,I64,U32,512,20,1,4,1000000000,32,Yes,,,,,,,,,,
pfp_bloom_filter_contains_unique_size_u32,0,NVIDIA H200,I64,U32,512,20,1,4,1000000000,64,Yes,,,,,,,,,,
pfp_bloom_filter_contains_unique_size_u32,0,NVIDIA H200,I64,U32,512,20,1,4,1000000000,128,Yes,,,,,,,,,,
pfp_bloom_filter_contains_unique_size_u32,0,NVIDIA H200,I64,U32,512,20,1,4,1000000000,256,Yes,,,,,,,,,,
pfp_bloom_filter_contains_unique_size_u32,0,NVIDIA H200,I64,U32,512,20,1,4,1000000000,512,Yes,,,,,,,,,,
pfp_bloom_filter_contains_unique_size_u32,0,NVIDIA H200,I64,U32,512,20,1,4,1000000000,1024,Yes,,,,,,,,,,
pfp_bloom_filter_contains_unique_size_u32,0,NVIDIA H200,I64,U32,512,20,1,4,1000000000,2048,Yes,,,,,,,,,,
pfp_bloom_filter_contains_unique_size_u32,0,NVIDIA H200,I64,U32,512,20,1,8,1000000000,1,Yes,,,,,,,,,,
pfp_bloom_filter_contains_unique_size_u32,0,NVIDIA H200,I64,U32,512,20,1,8,1000000000,2,Yes,,,,,,,,,,
pfp_bloom_filter_contains_unique_size_u32,0,NVIDIA H200,I64,U32,512,20,1,8,1000000000,4,Yes,,,,,,,,,,
pfp_bloom_filter_contains_unique_size_u32,0,NVIDIA H200,I64,U32,512,20,1,8,1000000000,8,Yes,,,,,,,,,,
pfp_bloom_filter_contains_unique_size_u32,0,NVIDIA H200,I64,U32,512,20,1,8,1000000000,16,Yes,,,,,,,,,,
pfp_bloom_filter_contains_unique_size_u32,0,NVIDIA H200,I64,U32,512,20,1,8,1000000000,32,Yes,,,,,,,,,,
pfp_bloom_filter_contains_unique_size_u32,0,NVIDIA H200,I64,U32,512,20,1,8,1000000000,64,Yes,,,,,,,,,,
pfp_bloom_filter_contains_unique_size_u32,0,NVIDIA H200,I64,U32,512,20,1,8,1000000000,128,Yes,,,,,,,,,,
pfp_bloom_filter_contains_unique_size_u32,0,NVIDIA H200,I64,U32,512,20,1,8,1000000000,256,Yes,,,,,,,,,,
pfp_bloom_filter_contains_unique_size_u32,0,NVIDIA H200,I64,U32,512,20,1,8,1000000000,512,Yes,,,,,,,,,,
pfp_bloom_filter_contains_unique_size_u32,0,NVIDIA H200,I64,U32,512,20,1,8,1000000000,1024,Yes,,,,,,,,,,
pfp_bloom_filter_contains_unique_size_u32,0,NVIDIA H200,I64,U32,512,20,1,8,1000000000,2048,Yes,,,,,,,,,,
pfp_bloom_filter_contains_unique_size_u32,0,NVIDIA H200,I64,U32,512,20,2,1,1000000000,1,Yes,,,,,,,,,,
pfp_bloom_filter_contains_unique_size_u32,0,NVIDIA H200,I64,U32,512,20,2,1,1000000000,2,Yes,,,,,,,,,,
pfp_bloom_filter_contains_unique_size_u32,0,NVIDIA H200,I64,U32,512,20,2,1,1000000000,4,Yes,,,,,,,,,,
pfp_bloom_filter_contains_unique_size_u32,0,NVIDIA H200,I64,U32,512,20,2,1,1000000000,8,Yes,,,,,,,,,,
pfp_bloom_filter_contains_unique_size_u32,0,NVIDIA H200,I64,U32,512,20,2,1,1000000000,16,Yes,,,,,,,,,,
pfp_bloom_filter_contains_unique_size_u32,0,NVIDIA H200,I64,U32,512,20,2,1,1000000000,32,Yes,,,,,,,,,,
pfp_bloom_filter_contains_unique_size_u32,0,NVIDIA H200,I64,U32,512,20,2,1,1000000000,64,Yes,,,,,,,,,,
pfp_bloom_filter_contains_unique_size_u32,0,NVIDIA H200,I64,U32,512,20,2,1,1000000000,128,Yes,,,,,,,,,,
pfp_bloom_filter_contains_unique_size_u32,0,NVIDIA H200,I64,U32,512,20,2,1,1000000000,256,Yes,,,,,,,,,,
pfp_bloom_filter_contains_unique_size_u32,0,NVIDIA H200,I64,U32,512,20,2,1,1000000000,512,Yes,,,,,,,,,,
pfp_bloom_filter_contains_unique_size_u32,0,NVIDIA H200,I64,U32,512,20,2,1,1000000000,1024,Yes,,,,,,,,,,
pfp_bloom_filter_contains_unique_size_u32,0,NVIDIA H200,I64,U32,512,20,2,1,1000000000,2048,Yes,,,,,,,,,,
pfp_bloom_filter_contains_unique_size_u32,0,NVIDIA H200,I64,U32,512,20,2,2,1000000000,1,Yes,,,,,,,,,,
pfp_bloom_filter_contains_unique_size_u32,0,NVIDIA H200,I64,U32,512,20,2,2,1000000000,2,Yes,,,,,,,,,,
pfp_bloom_filter_contains_unique_size_u32,0,NVIDIA H200,I64,U32,512,20,2,2,1000000000,4,Yes,,,,,,,,,,
pfp_bloom_filter_contains_unique_size_u32,0,NVIDIA H200,I64,U32,512,20,2,2,1000000000,8,Yes,,,,,,,,,,
pfp_bloom_filter_contains_unique_size_u32,0,NVIDIA H200,I64,U32,512,20,2,2,1000000000,16,Yes,,,,,,,,,,
pfp_bloom_filter_contains_unique_size_u32,0,NVIDIA H200,I64,U32,512,20,2,2,1000000000,32,Yes,,,,,,,,,,
pfp_bloom_filter_contains_unique_size_u32,0,NVIDIA H200,I64,U32,512,20,2,2,1000000000,64,Yes,,,,,,,,,,
pfp_bloom_filter_contains_unique_size_u32,0,NVIDIA H200,I64,U32,512,20,2,2,1000000000,128,Yes,,,,,,,,,,
pfp_bloom_filter_contains_unique_size_u32,0,NVIDIA H200,I64,U32,512,20,2,2,1000000000,256,Yes,,,,,,,,,,
pfp_bloom_filter_contains_unique_size_u32,0,NVIDIA H200,I64,U32,512,20,2,2,1000000000,512,Yes,,,,,,,,,,
pfp_bloom_filter_contains_unique_size_u32,0,NVIDIA H200,I64,U32,512,20,2,2,1000000000,1024,Yes,,,,,,,,,,
pfp_bloom_filter_contains_unique_size_u32,0,NVIDIA H200,I64,U32,512,20,2,2,1000000000,2048,Yes,,,,,,,,,,
pfp_bloom_filter_contains_unique_size_u32,0,NVIDIA H200,I64,U32,512,20,2,4,1000000000,1,Yes,,,,,,,,,,
pfp_bloom_filter_contains_unique_size_u32,0,NVIDIA H200,I64,U32,512,20,2,4,1000000000,2,Yes,,,,,,,,,,
pfp_bloom_filter_contains_unique_size_u32,0,NVIDIA H200,I64,U32,512,20,2,4,1000000000,4,Yes,,,,,,,,,,
pfp_bloom_filter_contains_unique_size_u32,0,NVIDIA H200,I64,U32,512,20,2,4,1000000000,8,Yes,,,,,,,,,,
pfp_bloom_filter_contains_unique_size_u32,0,NVIDIA H200,I64,U32,512,20,2,4,1000000000,16,Yes,,,,,,,,,,
pfp_bloom_filter_contains_unique_size_u32,0,NVIDIA H200,I64,U32,512,20,2,4,1000000000,32,Yes,,,,,,,,,,
pfp_bloom_filter_contains_unique_size_u32,0,NVIDIA H200,I64,U32,512,20,2,4,1000000000,64,Yes,,,,,,,,,,
pfp_bloom_filter_contains_unique_size_u32,0,NVIDIA H200,I64,U32,512,20,2,4,1000000000,128,Yes,,,,,,,,,,
pfp_bloom_filter_contains_unique_size_u32,0,NVIDIA H200,I64,U32,512,20,2,4,1000000000,256,Yes,,,,,,,,,,
pfp_bloom_filter_contains_unique_size_u32,0,NVIDIA H200,I64,U32,512,20,2,4,1000000000,512,Yes,,,,,,,,,,
pfp_bloom_filter_contains_unique_size_u32,0,NVIDIA H200,I64,U32,512,20,2,4,1000000000,1024,Yes,,,,,,,,,,
pfp_bloom_filter_contains_unique_size_u32,0,NVIDIA H200,I64,U32,512,20,2,4,1000000000,2048,Yes,,,,,,,,,,
pfp_bloom_filter_contains_unique_size_u32,0,NVIDIA H200,I64,U32,512,20,2,8,1000000000,1,Yes,,,,,,,,,,
pfp_bloom_filter_contains_unique_size_u32,0,NVIDIA H200,I64,U32,512,20,2,8,1000000000,2,Yes,,,,,,,,,,
pfp_bloom_filter_contains_unique_size_u32,0,NVIDIA H200,I64,U32,512,20,2,8,1000000000,4,Yes,,,,,,,,,,
pfp_bloom_filter_contains_unique_size_u32,0,NVIDIA H200,I64,U32,512,20,2,8,1000000000,8,Yes,,,,,,,,,,
pfp_bloom_filter_contains_unique_size_u32,0,NVIDIA H200,I64,U32,512,20,2,8,1000000000,16,Yes,,,,,,,,,,
pfp_bloom_filter_contains_unique_size_u32,0,NVIDIA H200,I64,U32,512,20,2,8,1000000000,32,Yes,,,,,,,,,,
pfp_bloom_filter_contains_unique_size_u32,0,NVIDIA H200,I64,U32,512,20,2,8,1000000000,64,Yes,,,,,,,,,,
pfp_bloom_filter_contains_unique_size_u32,0,NVIDIA H200,I64,U32,512,20,2,8,1000000000,128,Yes,,,,,,,,,,
pfp_bloom_filter_contains_unique_size_u32,0,NVIDIA H200,I64,U32,512,20,2,8,1000000000,256,Yes,,,,,,,,,,
pfp_bloom_filter_contains_unique_size_u32,0,NVIDIA H200,I64,U32,512,20,2,8,1000000000,512,Yes,,,,,,,,,,
pfp_bloom_filter_contains_unique_size_u32,0,NVIDIA H200,I64,U32,512,20,2,8,1000000000,1024,Yes,,,,,,,,,,
pfp_bloom_filter_contains_unique_size_u32,0,NVIDIA H200,I64,U32,512,20,2,8,1000000000,2048,Yes,,,,,,,,,,
pfp_bloom_filter_contains_unique_size_u32,0,NVIDIA H200,I64,U32,512,20,4,1,1000000000,1,Yes,,,,,,,,,,
pfp_bloom_filter_contains_unique_size_u32,0,NVIDIA H200,I64,U32,512,20,4,1,1000000000,2,Yes,,,,,,,,,,
pfp_bloom_filter_contains_unique_size_u32,0,NVIDIA H200,I64,U32,512,20,4,1,1000000000,4,Yes,,,,,,,,,,
pfp_bloom_filter_contains_unique_size_u32,0,NVIDIA H200,I64,U32,512,20,4,1,1000000000,8,Yes,,,,,,,,,,
pfp_bloom_filter_contains_unique_size_u32,0,NVIDIA H200,I64,U32,512,20,4,1,1000000000,16,Yes,,,,,,,,,,
pfp_bloom_filter_contains_unique_size_u32,0,NVIDIA H200,I64,U32,512,20,4,1,1000000000,32,Yes,,,,,,,,,,
pfp_bloom_filter_contains_unique_size_u32,0,NVIDIA H200,I64,U32,512,20,4,1,1000000000,64,Yes,,,,,,,,,,
pfp_bloom_filter_contains_unique_size_u32,0,NVIDIA H200,I64,U32,512,20,4,1,1000000000,128,Yes,,,,,,,,,,
pfp_bloom_filter_contains_unique_size_u32,0,NVIDIA H200,I64,U32,512,20,4,1,1000000000,256,Yes,,,,,,,,,,
pfp_bloom_filter_contains_unique_size_u32,0,NVIDIA H200,I64,U32,512,20,4,1,1000000000,512,Yes,,,,,,,,,,
pfp_bloom_filter_contains_unique_size_u32,0,NVIDIA H200,I64,U32,512,20,4,1,1000000000,1024,Yes,,,,,,,,,,
pfp_bloom_filter_contains_unique_size_u32,0,NVIDIA H200,I64,U32,512,20,4,1,1000000000,2048,Yes,,,,,,,,,,
pfp_bloom_filter_contains_unique_size_u32,0,NVIDIA H200,I64,U32,512,20,4,2,1000000000,1,Yes,,,,,,,,,,
pfp_bloom_filter_contains_unique_size_u32,0,NVIDIA H200,I64,U32,512,20,4,2,1000000000,2,Yes,,,,,,,,,,
pfp_bloom_filter_contains_unique_size_u32,0,NVIDIA H200,I64,U32,512,20,4,2,1000000000,4,Yes,,,,,,,,,,
pfp_bloom_filter_contains_unique_size_u32,0,NVIDIA H200,I64,U32,512,20,4,2,1000000000,8,Yes,,,,,,,,,,
pfp_bloom_filter_contains_unique_size_u32,0,NVIDIA H200,I64,U32,512,20,4,2,1000000000,16,Yes,,,,,,,,,,
pfp_bloom_filter_contains_unique_size_u32,0,NVIDIA H200,I64,U32,512,20,4,2,1000000000,32,Yes,,,,,,,,,,
pfp_bloom_filter_contains_unique_size_u32,0,NVIDIA H200,I64,U32,512,20,4,2,1000000000,64,Yes,,,,,,,,,,
pfp_bloom_filter_contains_unique_size_u32,0,NVIDIA H200,I64,U32,512,20,4,2,1000000000,128,Yes,,,,,,,,,,
pfp_bloom_filter_contains_unique_size_u32,0,NVIDIA H200,I64,U32,512,20,4,2,1000000000,256,Yes,,,,,,,,,,
pfp_bloom_filter_contains_unique_size_u32,0,NVIDIA H200,I64,U32,512,20,4,2,1000000000,512,Yes,,,,,,,,,,
pfp_bloom_filter_contains_unique_size_u32,0,NVIDIA H200,I64,U32,512,20,4,2,1000000000,1024,Yes,,,,,,,,,,
pfp_bloom_filter_contains_unique_size_u32,0,NVIDIA H200,I64,U32,512,20,4,2,1000000000,2048,Yes,,,,,,,,,,
pfp_bloom_filter_contains_unique_size_u32,0,NVIDIA H200,I64,U32,512,20,4,4,1000000000,1,Yes,,,,,,,,,,
pfp_bloom_filter_contains_unique_size_u32,0,NVIDIA H200,I64,U32,512,20,4,4,1000000000,2,Yes,,,,,,,,,,
pfp_bloom_filter_contains_unique_size_u32,0,NVIDIA H200,I64,U32,512,20,4,4,1000000000,4,Yes,,,,,,,,,,
pfp_bloom_filter_contains_unique_size_u32,0,NVIDIA H200,I64,U32,512,20,4,4,1000000000,8,Yes,,,,,,,,,,
pfp_bloom_filter_contains_unique_size_u32,0,NVIDIA H200,I64,U32,512,20,4,4,1000000000,16,Yes,,,,,,,,,,
pfp_bloom_filter_contains_unique_size_u32,0,NVIDIA H200,I64,U32,512,20,4,4,1000000000,32,Yes,,,,,,,,,,
pfp_bloom_filter_contains_unique_size_u32,0,NVIDIA H200,I64,U32,512,20,4,4,1000000000,64,Yes,,,,,,,,,,
pfp_bloom_filter_contains_unique_size_u32,0,NVIDIA H200,I64,U32,512,20,4,4,1000000000,128,Yes,,,,,,,,,,
pfp_bloom_filter_contains_unique_size_u32,0,NVIDIA H200,I64,U32,512,20,4,4,1000000000,256,Yes,,,,,,,,,,
pfp_bloom_filter_contains_unique_size_u32,0,NVIDIA H200,I64,U32,512,20,4,4,1000000000,512,Yes,,,,,,,,,,
pfp_bloom_filter_contains_unique_size_u32,0,NVIDIA H200,I64,U32,512,20,4,4,1000000000,1024,Yes,,,,,,,,,,
pfp_bloom_filter_contains_unique_size_u32,0,NVIDIA H200,I64,U32,512,20,4,4,1000000000,2048,Yes,,,,,,,,,,
pfp_bloom_filter_contains_unique_size_u32,0,NVIDIA H200,I64,U32,512,20,4,8,1000000000,1,Yes,,,,,,,,,,
pfp_bloom_filter_contains_unique_size_u32,0,NVIDIA H200,I64,U32,512,20,4,8,1000000000,2,Yes,,,,,,,,,,
pfp_bloom_filter_contains_unique_size_u32,0,NVIDIA H200,I64,U32,512,20,4,8,1000000000,4,Yes,,,,,,,,,,
pfp_bloom_filter_contains_unique_size_u32,0,NVIDIA H200,I64,U32,512,20,4,8,1000000000,8,Yes,,,,,,,,,,
pfp_bloom_filter_contains_unique_size_u32,0,NVIDIA H200,I64,U32,512,20,4,8,1000000000,16,Yes,,,,,,,,,,
pfp_bloom_filter_contains_unique_size_u32,0,NVIDIA H200,I64,U32,512,20,4,8,1000000000,32,Yes,,,,,,,,,,
pfp_bloom_filter_contains_unique_size_u32,0,NVIDIA H200,I64,U32,512,20,4,8,1000000000,64,Yes,,,,,,,,,,
pfp_bloom_filter_contains_unique_size_u32,0,NVIDIA H200,I64,U32,512,20,4,8,1000000000,128,Yes,,,,,,,,,,
pfp_bloom_filter_contains_unique_size_u32,0,NVIDIA H200,I64,U32,512,20,4,8,1000000000,256,Yes,,,,,,,,,,
pfp_bloom_filter_contains_unique_size_u32,0,NVIDIA H200,I64,U32,512,20,4,8,1000000000,512,Yes,,,,,,,,,,
pfp_bloom_filter_contains_unique_size_u32,0,NVIDIA H200,I64,U32,512,20,4,8,1000000000,1024,Yes,,,,,,,,,,
pfp_bloom_filter_contains_unique_size_u32,0,NVIDIA H200,I64,U32,512,20,4,8,1000000000,2048,Yes,,,,,,,,,,
pfp_bloom_filter_contains_unique_size_u32,0,NVIDIA H200,I64,U32,512,20,8,1,1000000000,1,Yes,,,,,,,,,,
pfp_bloom_filter_contains_unique_size_u32,0,NVIDIA H200,I64,U32,512,20,8,1,1000000000,2,Yes,,,,,,,,,,
pfp_bloom_filter_contains_unique_size_u32,0,NVIDIA H200,I64,U32,512,20,8,1,1000000000,4,Yes,,,,,,,,,,
pfp_bloom_filter_contains_unique_size_u32,0,NVIDIA H200,I64,U32,512,20,8,1,1000000000,8,Yes,,,,,,,,,,
pfp_bloom_filter_contains_unique_size_u32,0,NVIDIA H200,I64,U32,512,20,8,1,1000000000,16,Yes,,,,,,,,,,
pfp_bloom_filter_contains_unique_size_u32,0,NVIDIA H200,I64,U32,512,20,8,1,1000000000,32,Yes,,,,,,,,,,
pfp_bloom_filter_contains_unique_size_u32,0,NVIDIA H200,I64,U32,512,20,8,1,1000000000,64,Yes,,,,,,,,,,
pfp_bloom_filter_contains_unique_size_u32,0,NVIDIA H200,I64,U32,512,20,8,1,1000000000,128,Yes,,,,,,,,,,
pfp_bloom_filter_contains_unique_size_u32,0,NVIDIA H200,I64,U32,512,20,8,1,1000000000,256,Yes,,,,,,,,,,
pfp_bloom_filter_contains_unique_size_u32,0,NVIDIA H200,I64,U32,512,20,8,1,1000000000,512,Yes,,,,,,,,,,
pfp_bloom_filter_contains_unique_size_u32,0,NVIDIA H200,I64,U32,512,20,8,1,1000000000,1024,Yes,,,,,,,,,,
pfp_bloom_filter_contains_unique_size_u32,0,NVIDIA H200,I64,U32,512,20,8,1,1000000000,2048,Yes,,,,,,,,,,
pfp_bloom_filter_contains_unique_size_u32,0,NVIDIA H200,I64,U32,512,20,8,2,1000000000,1,Yes,,,,,,,,,,
pfp_bloom_filter_contains_unique_size_u32,0,NVIDIA H200,I64,U32,512,20,8,2,1000000000,2,Yes,,,,,,,,,,
pfp_bloom_filter_contains_unique_size_u32,0,NVIDIA H200,I64,U32,512,20,8,2,1000000000,4,Yes,,,,,,,,,,
pfp_bloom_filter_contains_unique_size_u32,0,NVIDIA H200,I64,U32,512,20,8,2,1000000000,8,Yes,,,,,,,,,,
pfp_bloom_filter_contains_unique_size_u32,0,NVIDIA H200,I64,U32,512,20,8,2,1000000000,16,Yes,,,,,,,,,,
pfp_bloom_filter_contains_unique_size_u32,0,NVIDIA H200,I64,U32,512,20,8,2,1000000000,32,Yes,,,,,,,,,,
pfp_bloom_filter_contains_unique_size_u32,0,NVIDIA H200,I64,U32,512,20,8,2,1000000000,64,Yes,,,,,,,,,,
pfp_bloom_filter_contains_unique_size_u32,0,NVIDIA H200,I64,U32,512,20,8,2,1000000000,128,Yes,,,,,,,,,,
pfp_bloom_filter_contains_unique_size_u32,0,NVIDIA H200,I64,U32,512,20,8,2,1000000000,256,Yes,,,,,,,,,,
pfp_bloom_filter_contains_unique_size_u32,0,NVIDIA H200,I64,U32,512,20,8,2,1000000000,512,Yes,,,,,,,,,,
pfp_bloom_filter_contains_unique_size_u32,0,NVIDIA H200,I64,U32,512,20,8,2,1000000000,1024,Yes,,,,,,,,,,
pfp_bloom_filter_contains_unique_size_u32,0,NVIDIA H200,I64,U32,512,20,8,2,1000000000,2048,Yes,,,,,,,,,,
pfp_bloom_filter_contains_unique_size_u32,0,NVIDIA H200,I64,U32,512,20,8,4,1000000000,1,Yes,,,,,,,,,,
pfp_bloom_filter_contains_unique_size_u32,0,NVIDIA H200,I64,U32,512,20,8,4,1000000000,2,Yes,,,,,,,,,,
pfp_bloom_filter_contains_unique_size_u32,0,NVIDIA H200,I64,U32,512,20,8,4,1000000000,4,Yes,,,,,,,,,,
pfp_bloom_filter_contains_unique_size_u32,0,NVIDIA H200,I64,U32,512,20,8,4,1000000000,8,Yes,,,,,,,,,,
pfp_bloom_filter_contains_unique_size_u32,0,NVIDIA H200,I64,U32,512,20,8,4,1000000000,16,Yes,,,,,,,,,,
pfp_bloom_filter_contains_unique_size_u32,0,NVIDIA H200,I64,U32,512,20,8,4,1000000000,32,Yes,,,,,,,,,,
pfp_bloom_filter_contains_unique_size_u32,0,NVIDIA H200,I64,U32,512,20,8,4,1000000000,64,Yes,,,,,,,,,,
pfp_bloom_filter_contains_unique_size_u32,0,NVIDIA H200,I64,U32,512,20,8,4,1000000000,128,Yes,,,,,,,,,,
pfp_bloom_filter_contains_unique_size_u32,0,NVIDIA H200,I64,U32,512,20,8,4,1000000000,256,Yes,,,,,,,,,,
pfp_bloom_filter_contains_unique_size_u32,0,NVIDIA H200,I64,U32,512,20,8,4,1000000000,512,Yes,,,,,,,,,,
pfp_bloom_filter_contains_unique_size_u32,0,NVIDIA H200,I64,U32,512,20,8,4,1000000000,1024,Yes,,,,,,,,,,
pfp_bloom_filter_contains_unique_size_u32,0,NVIDIA H200,I64,U32,512,20,8,4,1000000000,2048,Yes,,,,,,,,,,
pfp_bloom_filter_contains_unique_size_u32,0,NVIDIA H200,I64,U32,512,20,8,8,1000000000,1,Yes,,,,,,,,,,
pfp_bloom_filter_contains_unique_size_u32,0,NVIDIA H200,I64,U32,512,20,8,8,1000000000,2,Yes,,,,,,,,,,
pfp_bloom_filter_contains_unique_size_u32,0,NVIDIA H200,I64,U32,512,20,8,8,1000000000,4,Yes,,,,,,,,,,
pfp_bloom_filter_contains_unique_size_u32,0,NVIDIA H200,I64,U32,512,20,8,8,1000000000,8,Yes,,,,,,,,,,
pfp_bloom_filter_contains_unique_size_u32,0,NVIDIA H200,I64,U32,512,20,8,8,1000000000,16,Yes,,,,,,,,,,
pfp_bloom_filter_contains_unique_size_u32,0,NVIDIA H200,I64,U32,512,20,8,8,1000000000,32,Yes,,,,,,,,,,
pfp_bloom_filter_contains_unique_size_u32,0,NVIDIA H200,I64,U32,512,20,8,8,1000000000,64,Yes,,,,,,,,,,
pfp_bloom_filter_contains_unique_size_u32,0,NVIDIA H200,I64,U32,512,20,8,8,1000000000,128,Yes,,,,,,,,,,
pfp_bloom_filter_contains_unique_size_u32,0,NVIDIA H200,I64,U32,512,20,8,8,1000000000,256,Yes,,,,,,,,,,
pfp_bloom_filter_contains_unique_size_u32,0,NVIDIA H200,I64,U32,512,20,8,8,1000000000,512,Yes,,,,,,,,,,
pfp_bloom_filter_contains_unique_size_u32,0,NVIDIA H200,I64,U32,512,20,8,8,1000000000,1024,Yes,,,,,,,,,,
pfp_bloom_filter_contains_unique_size_u32,0,NVIDIA H200,I64,U32,512,20,8,8,1000000000,2048,Yes,,,,,,,,,,
