Benchmark,Device,Device Name,Key,Word,BlockBits,PatternBitsPerWord,HorizontalLayout,VerticalLayout,NumInputs,FilterSizeMB,Skipped,FalsePositiveRate,PatternBits,Samples,CPU Time (sec),Noise,GPU Time (sec),Noise,Elem/s (elem/sec),Samples,Batch GPU (sec)
pfp_bloom_filter_contains_unique_size_u64,0,NVIDIA RTX PRO 6000 Blackwell Server Edition,I64,U64,32,1,1,1,1000000000,1,Yes,,,,,,,,,,
pfp_bloom_filter_contains_unique_size_u64,0,NVIDIA RTX PRO 6000 Blackwell Server Edition,I64,U64,32,1,1,1,1000000000,2,Yes,,,,,,,,,,
pfp_bloom_filter_contains_unique_size_u64,0,NVIDIA RTX PRO 6000 Blackwell Server Edition,I64,U64,32,1,1,1,1000000000,4,Yes,,,,,,,,,,
pfp_bloom_filter_contains_unique_size_u64,0,NVIDIA RTX PRO 6000 Blackwell Server Edition,I64,U64,32,1,1,1,1000000000,8,Yes,,,,,,,,,,
pfp_bloom_filter_contains_unique_size_u64,0,NVIDIA RTX PRO 6000 Blackwell Server Edition,I64,U64,32,1,1,1,1000000000,16,Yes,,,,,,,,,,
pfp_bloom_filter_contains_unique_size_u64,0,NVIDIA RTX PRO 6000 Blackwell Server Edition,I64,U64,32,1,1,1,1000000000,32,Yes,,,,,,,,,,
pfp_bloom_filter_contains_unique_size_u64,0,NVIDIA RTX PRO 6000 Blackwell Server Edition,I64,U64,32,1,1,1,1000000000,64,Yes,,,,,,,,,,
pfp_bloom_filter_contains_unique_size_u64,0,NVIDIA RTX PRO 6000 Blackwell Server Edition,I64,U64,32,1,1,1,1000000000,128,Yes,,,,,,,,,,
pfp_bloom_filter_contains_unique_size_u64,0,NVIDIA RTX PRO 6000 Blackwell Server Edition,I64,U64,32,1,1,1,1000000000,256,Yes,,,,,,,,,,
pfp_bloom_filter_contains_unique_size_u64,0,NVIDIA RTX PRO 6000 Blackwell Server Edition,I64,U64,32,1,1,1,1000000000,512,Yes,,,,,,,,,,
pfp_bloom_filter_contains_unique_size_u64,0,NVIDIA RTX PRO 6000 Blackwell Server Edition,I64,U64,32,1,1,1,1000000000,1024,Yes,,,,,,,,,,
pfp_bloom_filter_contains_unique_size_u64,0,NVIDIA RTX PRO 6000 Blackwell Server Edition,I64,U64,32,1,1,1,1000000000,2048,Yes,,,,,,,,,,
pfp_bloom_filter_contains_unique_size_u64,0,NVIDIA RTX PRO 6000 Blackwell Server Edition,I64,U64,32,1,1,2,1000000000,1,Yes,,,,,,,,,,
pfp_bloom_filter_contains_unique_size_u64,0,NVIDIA RTX PRO 6000 Blackwell Server Edition,I64,U64,32,1,1,2,1000000000,2,Yes,,,,,,,,,,
pfp_bloom_filter_contains_unique_size_u64,0,NVIDIA RTX PRO 6000 Blackwell Server Edition,I64,U64,32,1,1,2,1000000000,4,Yes,,,,,,,,,,
pfp_bloom_filter_contains_unique_size_u64,0,NVIDIA RTX PRO 6000 Blackwell Server Edition,I64,U64,32,1,1,2,1000000000,8,Yes,,,,,,,,,,
pfp_bloom_filter_contains_unique_size_u64,0,NVIDIA RTX PRO 6000 Blackwell Server Edition,I64,U64,32,1,1,2,1000000000,16,Yes,,,,,,,,,,
pfp_bloom_filter_contains_unique_size_u64,0,NVIDIA RTX PRO 6000 Blackwell Server Edition,I64,U64,32,1,1,2,1000000000,32,Yes,,,,,,,,,,
pfp_bloom_filter_contains_unique_size_u64,0,NVIDIA RTX PRO 6000 Blackwell Server Edition,I64,U64,32,1,1,2,1000000000,64,Yes,,,,,,,,,,
pfp_bloom_filter_contains_unique_size_u64,0,NVIDIA RTX PRO 6000 Blackwell Server Edition,I64,U64,32,1,1,2,1000000000,128,Yes,,,,,,,,,,
pfp_bloom_filter_contains_unique_size_u64,0,NVIDIA RTX PRO 6000 Blackwell Server Edition,I64,U64,32,1,1,2,1000000000,256,Yes,,,,,,,,,,
pfp_bloom_filter_contains_unique_size_u64,0,NVIDIA RTX PRO 6000 Blackwell Server Edition,I64,U64,32,1,1,2,1000000000,512,Yes,,,,,,,,,,
pfp_bloom_filter_contains_unique_size_u64,0,NVIDIA RTX PRO 6000 Blackwell Server Edition,I64,U64,32,1,1,2,1000000000,1024,Yes,,,,,,,,,,
pfp_bloom_filter_contains_unique_size_u64,0,NVIDIA RTX PRO 6000 Blackwell Server Edition,I64,U64,32,1,1,2,1000000000,2048,Yes,,,,,,,,,,
pfp_bloom_filter_contains_unique_size_u64,0,NVIDIA RTX PRO 6000 Blackwell Server Edition,I64,U64,32,1,1,4,1000000000,1,Yes,,,,,,,,,,
pfp_bloom_filter_contains_unique_size_u64,0,NVIDIA RTX PRO 6000 Blackwell Server Edition,I64,U64,32,1,1,4,1000000000,2,Yes,,,,,,,,,,
pfp_bloom_filter_contains_unique_size_u64,0,NVIDIA RTX PRO 6000 Blackwell Server Edition,I64,U64,32,1,1,4,1000000000,4,Yes,,,,,,,,,,
pfp_bloom_filter_contains_unique_size_u64,0,NVIDIA RTX PRO 6000 Blackwell Server Edition,I64,U64,32,1,1,4,1000000000,8,Yes,,,,,,,,,,
pfp_bloom_filter_contains_unique_size_u64,0,NVIDIA RTX PRO 6000 Blackwell Server Edition,I64,U64,32,1,1,4,1000000000,16,Yes,,,,,,,,,,
pfp_bloom_filter_contains_unique_size_u64,0,NVIDIA RTX PRO 6000 Blackwell Server Edition,I64,U64,32,1,1,4,1000000000,32,Yes,,,,,,,,,,
pfp_bloom_filter_contains_unique_size_u64,0,NVIDIA RTX PRO 6000 Blackwell Server Edition,I64,U64,32,1,1,4,1000000000,64,Yes,,,,,,,,,,
pfp_bloom_filter_contains_unique_size_u64,0,NVIDIA RTX PRO 6000 Blackwell Server Edition,I64,U64,32,1,1,4,1000000000,128,Yes,,,,,,,,,,
pfp_bloom_filter_contains_unique_size_u64,0,NVIDIA RTX PRO 6000 Blackwell Server Edition,I64,U64,32,1,1,4,1000000000,256,Yes,,,,,,,,,,
pfp_bloom_filter_contains_unique_size_u64,0,NVIDIA RTX PRO 6000 Blackwell Server Edition,I64,U64,32,1,1,4,1000000000,512,Yes,,,,,,,,,,
pfp_bloom_filter_contains_unique_size_u64,0,NVIDIA RTX PRO 6000 Blackwell Server Edition,I64,U64,32,1,1,4,1000000000,1024,Yes,,,,,,,,,,
pfp_bloom_filter_contains_unique_size_u64,0,NVIDIA RTX PRO 6000 Blackwell Server Edition,I64,U64,32,1,1,4,1000000000,2048,Yes,,,,,,,,,,
pfp_bloom_filter_contains_unique_size_u64,0,NVIDIA RTX PRO 6000 Blackwell Server Edition,I64,U64,32,1,1,8,1000000000,1,Yes,,,,,,,,,,
pfp_bloom_filter_contains_unique_size_u64,0,NVIDIA RTX PRO 6000 Blackwell Server Edition,I64,U64,32,1,1,8,1000000000,2,Yes,,,,,,,,,,
pfp_bloom_filter_contains_unique_size_u64,0,NVIDIA RTX PRO 6000 Blackwell Server Edition,I64,U64,32,1,1,8,1000000000,4,Yes,,,,,,,,,,
pfp_bloom_filter_contains_unique_size_u64,0,NVIDIA RTX PRO 6000 Blackwell Server Edition,I64,U64,32,1,1,8,1000000000,8,Yes,,,,,,,,,,
pfp_bloom_filter_contains_unique_size_u64,0,NVIDIA RTX PRO 6000 Blackwell Server Edition,I64,U64,32,1,1,8,1000000000,16,Yes,,,,,,,,,,
pfp_bloom_filter_contains_unique_size_u64,0,NVIDIA RTX PRO 6000 Blackwell Server Edition,I64,U64,32,1,1,8,1000000000,32,Yes,,,,,,,,,,
pfp_bloom_filter_contains_unique_size_u64,0,NVIDIA RTX PRO 6000 Blackwell Server Edition,I64,U64,32,1,1,8,1000000000,64,Yes,,,,,,,,,,
pfp_bloom_filter_contains_unique_size_u64,0,NVIDIA RTX PRO 6000 Blackwell Server Edition,I64,U64,32,1,1,8,1000000000,128,Yes,,,,,,,,,,
pfp_bloom_filter_contains_unique_size_u64,0,NVIDIA RTX PRO 6000 Blackwell Server Edition,I64,U64,32,1,1,8,1000000000,256,Yes,,,,,,,,,,
pfp_bloom_filter_contains_unique_size_u64,0,NVIDIA RTX PRO 6000 Blackwell Server Edition,I64,U64,32,1,1,8,1000000000,512,Yes,,,,,,,,,,
pfp_bloom_filter_contains_unique_size_u64,0,NVIDIA RTX PRO 6000 Blackwell Server Edition,I64,U64,32,1,1,8,1000000000,1024,Yes,,,,,,,,,,
pfp_bloom_filter_contains_unique_size_u64,0,NVIDIA RTX PRO 6000 Blackwell Server Edition,I64,U64,32,1,1,8,1000000000,2048,Yes,,,,,,,,,,
pfp_bloom_filter_contains_unique_size_u64,0,NVIDIA RTX PRO 6000 Blackwell Server Edition,I64,U64,32,1,2,1,1000000000,1,Yes,,,,,,,,,,
pfp_bloom_filter_contains_unique_size_u64,0,NVIDIA RTX PRO 6000 Blackwell Server Edition,I64,U64,32,1,2,1,1000000000,2,Yes,,,,,,,,,,
pfp_bloom_filter_contains_unique_size_u64,0,NVIDIA RTX PRO 6000 Blackwell Server Edition,I64,U64,32,1,2,1,1000000000,4,Yes,,,,,,,,,,
pfp_bloom_filter_contains_unique_size_u64,0,NVIDIA RTX PRO 6000 Blackwell Server Edition,I64,U64,32,1,2,1,1000000000,8,Yes,,,,,,,,,,
pfp_bloom_filter_contains_unique_size_u64,0,NVIDIA RTX PRO 6000 Blackwell Server Edition,I64,U64,32,1,2,1,1000000000,16,Yes,,,,,,,,,,
pfp_bloom_filter_contains_unique_size_u64,0,NVIDIA RTX PRO 6000 Blackwell Server Edition,I64,U64,32,1,2,1,1000000000,32,Yes,,,,,,,,,,
pfp_bloom_filter_contains_unique_size_u64,0,NVIDIA RTX PRO 6000 Blackwell Server Edition,I64,U64,32,1,2,1,1000000000,64,Yes,,,,,,,,,,
pfp_bloom_filter_contains_unique_size_u64,0,NVIDIA RTX PRO 6000 Blackwell Server Edition,I64,U64,32,1,2,1,1000000000,128,Yes,,,,,,,,,,
pfp_bloom_filter_contains_unique_size_u64,0,NVIDIA RTX PRO 6000 Blackwell Server Edition,I64,U64,32,1,2,1,1000000000,256,Yes,,,,,,,,,,
pfp_bloom_filter_contains_unique_size_u64,0,NVIDIA RTX PRO 6000 Blackwell Server Edition,I64,U64,32,1,2,1,1000000000,512,Yes,,,,,,,,,,
pfp_bloom_filter_contains_unique_size_u64,0,NVIDIA RTX PRO 6000 Blackwell Server Edition,I64,U64,32,1,2,1,1000000000,1024,Yes,,,,,,,,,,
pfp_bloom_filter_contains_unique_size_u64,0,NVIDIA RTX PRO 6000 Blackwell Server Edition,I64,U64,32,1,2,1,1000000000,2048,Yes,,,,,,,,,,
pfp_bloom_filter_contains_unique_size_u64,0,NVIDIA RTX PRO 6000 Blackwell Server Edition,I64,U64,32,1,2,2,1000000000,1,Yes,,,,,,,,,,
pfp_bloom_filter_contains_unique_size_u64,0,NVIDIA RTX PRO 6000 Blackwell Server Edition,I64,U64,32,1,2,2,1000000000,2,Yes,,,,,,,,,,
pfp_bloom_filter_contains_unique_size_u64,0,NVIDIA RTX PRO 6000 Blackwell Server Edition,I64,U64,32,1,2,2,1000000000,4,Yes,,,,,,,,,,
pfp_bloom_filter_contains_unique_size_u64,0,NVIDIA RTX PRO 6000 Blackwell Server Edition,I64,U64,32,1,2,2,1000000000,8,Yes,,,,,,,,,,
pfp_bloom_filter_contains_unique_size_u64,0,NVIDIA RTX PRO 6000 Blackwell Server Edition,I64,U64,32,1,2,2,1000000000,16,Yes,,,,,,,,,,
pfp_bloom_filter_contains_unique_size_u64,0,NVIDIA RTX PRO 6000 Blackwell Server Edition,I64,U64,32,1,2,2,1000000000,32,Yes,,,,,,,,,,
pfp_bloom_filter_contains_unique_size_u64,0,NVIDIA RTX PRO 6000 Blackwell Server Edition,I64,U64,32,1,2,2,1000000000,64,Yes,,,,,,,,,,
pfp_bloom_filter_contains_unique_size_u64,0,NVIDIA RTX PRO 6000 Blackwell Server Edition,I64,U64,32,1,2,2,1000000000,128,Yes,,,,,,,,,,
pfp_bloom_filter_contains_unique_size_u64,0,NVIDIA RTX PRO 6000 Blackwell Server Edition,I64,U64,32,1,2,2,1000000000,256,Yes,,,,,,,,,,
pfp_bloom_filter_contains_unique_size_u64,0,NVIDIA RTX PRO 6000 Blackwell Server Edition,I64,U64,32,1,2,2,1000000000,512,Yes,,,,,,,,,,
pfp_bloom_filter_contains_unique_size_u64,0,NVIDIA RTX PRO 6000 Blackwell Server Edition,I64,U64,32,1,2,2,1000000000,1024,Yes,,,,,,,,,,
pfp_bloom_filter_contains_unique_size_u64,0,NVIDIA RTX PRO 6000 Blackwell Server Edition,I64,U64,32,1,2,2,1000000000,2048,Yes,,,,,,,,,,
pfp_bloom_filter_contains_unique_size_u64,0,NVIDIA RTX PRO 6000 Blackwell Server Edition,I64,U64,32,1,2,4,1000000000,1,Yes,,,,,,,,,,
pfp_bloom_filter_contains_unique_size_u64,0,NVIDIA RTX PRO 6000 Blackwell Server Edition,I64,U64,32,1,2,4,1000000000,2,Yes,,,,,,,,,,
pfp_bloom_filter_contains_unique_size_u64,0,NVIDIA RTX PRO 6000 Blackwell Server Edition,I64,U64,32,1,2,4,1000000000,4,Yes,,,,,,,,,,
pfp_bloom_filter_contains_unique_size_u64,0,NVIDIA RTX PRO 6000 Blackwell Server Edition,I64,U64,32,1,2,4,1000000000,8,Yes,,,,,,,,,,
pfp_bloom_filter_contains_unique_size_u64,0,NVIDIA RTX PRO 6000 Blackwell Server Edition,I64,U64,32,1,2,4,1000000000,16,Yes,,,,,,,,,,
pfp_bloom_filter_contains_unique_size_u64,0,NVIDIA RTX PRO 6000 Blackwell Server Edition,I64,U64,32,1,2,4,1000000000,32,Yes,,,,,,,,,,
pfp_bloom_filter_contains_unique_size_u64,0,NVIDIA RTX PRO 6000 Blackwell Server Edition,I64,U64,32,1,2,4,1000000000,64,Yes,,,,,,,,,,
pfp_bloom_filter_contains_unique_size_u64,0,NVIDIA RTX PRO 6000 Blackwell Server Edition,I64,U64,32,1,2,4,1000000000,128,Yes,,,,,,,,,,
pfp_bloom_filter_contains_unique_size_u64,0,NVIDIA RTX PRO 6000 Blackwell Server Edition,I64,U64,32,1,2,4,1000000000,256,Yes,,,,,,,,,,
pfp_bloom_filter_contains_unique_size_u64,0,NVIDIA RTX PRO 6000 Blackwell Server Edition,I64,U64,32,1,2,4,1000000000,512,Yes,,,,,,,,,,
pfp_bloom_filter_contains_unique_size_u64,0,NVIDIA RTX PRO 6000 Blackwell Server Edition,I64,U64,32,1,2,4,1000000000,1024,Yes,,,,,,,,,,
pfp_bloom_filter_contains_unique_size_u64,0,NVIDIA RTX PRO 6000 Blackwell Server Edition,I64,U64,32,1,2,4,1000000000,2048,Yes,,,,,,,,,,
pfp_bloom_filter_contains_unique_size_u64,0,NVIDIA RTX PRO 6000 Blackwell Server Edition,I64,U64,32,1,2,8,1000000000,1,Yes,,,,,,,,,,
pfp_bloom_filter_contains_unique_size_u64,0,NVIDIA RTX PRO 6000 Blackwell Server Edition,I64,U64,32,1,2,8,1000000000,2,Yes,,,,,,,,,,
pfp_bloom_filter_contains_unique_size_u64,0,NVIDIA RTX PRO 6000 Blackwell Server Edition,I64,U64,32,1,2,8,1000000000,4,Yes,,,,,,,,,,
pfp_bloom_filter_contains_unique_size_u64,0,NVIDIA RTX PRO 6000 Blackwell Server Edition,I64,U64,32,1,2,8,1000000000,8,Yes,,,,,,,,,,
pfp_bloom_filter_contains_unique_size_u64,0,NVIDIA RTX PRO 6000 Blackwell Server Edition,I64,U64,32,1,2,8,1000000000,16,Yes,,,,,,,,,,
pfp_bloom_filter_contains_unique_size_u64,0,NVIDIA RTX PRO 6000 Blackwell Server Edition,I64,U64,32,1,2,8,1000000000,32,Yes,,,,,,,,,,
pfp_bloom_filter_contains_unique_size_u64,0,NVIDIA RTX PRO 6000 Blackwell Server Edition,I64,U64,32,1,2,8,1000000000,64,Yes,,,,,,,,,,
pfp_bloom_filter_contains_unique_size_u64,0,NVIDIA RTX PRO 6000 Blackwell Server Edition,I64,U64,32,1,2,8,1000000000,128,Yes,,,,,,,,,,
pfp_bloom_filter_contains_unique_size_u64,0,NVIDIA RTX PRO 6000 Blackwell Server Edition,I64,U64,32,1,2,8,1000000000,256,Yes,,,,,,,,,,
pfp_bloom_filter_contains_unique_size_u64,0,NVIDIA RTX PRO 6000 Blackwell Server Edition,I64,U64,32,1,2,8,1000000000,512,Yes,,,,,,,,,,
pfp_bloom_filter_contains_unique_size_u64,0,NVIDIA RTX PRO 6000 Blackwell Server Edition,I64,U64,32,1,2,8,1000000000,1024,Yes,,,,,,,,,,
pfp_bloom_filter_contains_unique_size_u64,0,NVIDIA RTX PRO 6000 Blackwell Server Edition,I64,U64,32,1,2,8,1000000000,2048,Yes,,,,,,,,,,
pfp_bloom_filter_contains_unique_size_u64,0,NVIDIA RTX PRO 6000 Blackwell Server Edition,I64,U64,32,1,4,1,1000000000,1,Yes,,,,,,,,,,
pfp_bloom_filter_contains_unique_size_u64,0,NVIDIA RTX PRO 6000 Blackwell Server Edition,I64,U64,32,1,4,1,1000000000,2,Yes,,,,,,,,,,
pfp_bloom_filter_contains_unique_size_u64,0,NVIDIA RTX PRO 6000 Blackwell Server Edition,I64,U64,32,1,4,1,1000000000,4,Yes,,,,,,,,,,
pfp_bloom_filter_contains_unique_size_u64,0,NVIDIA RTX PRO 6000 Blackwell Server Edition,I64,U64,32,1,4,1,1000000000,8,Yes,,,,,,,,,,
pfp_bloom_filter_contains_unique_size_u64,0,NVIDIA RTX PRO 6000 Blackwell Server Edition,I64,U64,32,1,4,1,1000000000,16,Yes,,,,,,,,,,
pfp_bloom_filter_contains_unique_size_u64,0,NVIDIA RTX PRO 6000 Blackwell Server Edition,I64,U64,32,1,4,1,1000000000,32,Yes,,,,,,,,,,
pfp_bloom_filter_contains_unique_size_u64,0,NVIDIA RTX PRO 6000 Blackwell Server Edition,I64,U64,32,1,4,1,1000000000,64,Yes,,,,,,,,,,
pfp_bloom_filter_contains_unique_size_u64,0,NVIDIA RTX PRO 6000 Blackwell Server Edition,I64,U64,32,1,4,1,1000000000,128,Yes,,,,,,,,,,
pfp_bloom_filter_contains_unique_size_u64,0,NVIDIA RTX PRO 6000 Blackwell Server Edition,I64,U64,32,1,4,1,1000000000,256,Yes,,,,,,,,,,
pfp_bloom_filter_contains_unique_size_u64,0,NVIDIA RTX PRO 6000 Blackwell Server Edition,I64,U64,32,1,4,1,1000000000,512,Yes,,,,,,,,,,
pfp_bloom_filter_contains_unique_size_u64,0,NVIDIA RTX PRO 6000 Blackwell Server Edition,I64,U64,32,1,4,1,1000000000,1024,Yes,,,,,,,,,,
pfp_bloom_filter_contains_unique_size_u64,0,NVIDIA RTX PRO 6000 Blackwell Server Edition,I64,U64,32,1,4,1,1000000000,2048,Yes,,,,,,,,,,
pfp_bloom_filter_contains_unique_size_u64,0,NVIDIA RTX PRO 6000 Blackwell Server Edition,I64,U64,32,1,4,2,1000000000,1,Yes,,,,,,,,,,
pfp_bloom_filter_contains_unique_size_u64,0,NVIDIA RTX PRO 6000 Blackwell Server Edition,I64,U64,32,1,4,2,1000000000,2,Yes,,,,,,,,,,
pfp_bloom_filter_contains_unique_size_u64,0,NVIDIA RTX PRO 6000 Blackwell Server Edition,I64,U64,32,1,4,2,1000000000,4,Yes,,,,,,,,,,
pfp_bloom_filter_contains_unique_size_u64,0,NVIDIA RTX PRO 6000 Blackwell Server Edition,I64,U64,32,1,4,2,1000000000,8,Yes,,,,,,,,,,
pfp_bloom_filter_contains_unique_size_u64,0,NVIDIA RTX PRO 6000 Blackwell Server Edition,I64,U64,32,1,4,2,1000000000,16,Yes,,,,,,,,,,
pfp_bloom_filter_contains_unique_size_u64,0,NVIDIA RTX PRO 6000 Blackwell Server Edition,I64,U64,32,1,4,2,1000000000,32,Yes,,,,,,,,,,
pfp_bloom_filter_contains_unique_size_u64,0,NVIDIA RTX PRO 6000 Blackwell Server Edition,I64,U64,32,1,4,2,1000000000,64,Yes,,,,,,,,,,
pfp_bloom_filter_contains_unique_size_u64,0,NVIDIA RTX PRO 6000 Blackwell Server Edition,I64,U64,32,1,4,2,1000000000,128,Yes,,,,,,,,,,
pfp_bloom_filter_contains_unique_size_u64,0,NVIDIA RTX PRO 6000 Blackwell Server Edition,I64,U64,32,1,4,2,1000000000,256,Yes,,,,,,,,,,
pfp_bloom_filter_contains_unique_size_u64,0,NVIDIA RTX PRO 6000 Blackwell Server Edition,I64,U64,32,1,4,2,1000000000,512,Yes,,,,,,,,,,
pfp_bloom_filter_contains_unique_size_u64,0,NVIDIA RTX PRO 6000 Blackwell Server Edition,I64,U64,32,1,4,2,1000000000,1024,Yes,,,,,,,,,,
pfp_bloom_filter_contains_unique_size_u64,0,NVIDIA RTX PRO 6000 Blackwell Server Edition,I64,U64,32,1,4,2,1000000000,2048,Yes,,,,,,,,,,
pfp_bloom_filter_contains_unique_size_u64,0,NVIDIA RTX PRO 6000 Blackwell Server Edition,I64,U64,32,1,4,4,1000000000,1,Yes,,,,,,,,,,
pfp_bloom_filter_contains_unique_size_u64,0,NVIDIA RTX PRO 6000 Blackwell Server Edition,I64,U64,32,1,4,4,1000000000,2,Yes,,,,,,,,,,
pfp_bloom_filter_contains_unique_size_u64,0,NVIDIA RTX PRO 6000 Blackwell Server Edition,I64,U64,32,1,4,4,1000000000,4,Yes,,,,,,,,,,
pfp_bloom_filter_contains_unique_size_u64,0,NVIDIA RTX PRO 6000 Blackwell Server Edition,I64,U64,32,1,4,4,1000000000,8,Yes,,,,,,,,,,
pfp_bloom_filter_contains_unique_size_u64,0,NVIDIA RTX PRO 6000 Blackwell Server Edition,I64,U64,32,1,4,4,1000000000,16,Yes,,,,,,,,,,
pfp_bloom_filter_contains_unique_size_u64,0,NVIDIA RTX PRO 6000 Blackwell Server Edition,I64,U64,32,1,4,4,1000000000,32,Yes,,,,,,,,,,
pfp_bloom_filter_contains_unique_size_u64,0,NVIDIA RTX PRO 6000 Blackwell Server Edition,I64,U64,32,1,4,4,1000000000,64,Yes,,,,,,,,,,
pfp_bloom_filter_contains_unique_size_u64,0,NVIDIA RTX PRO 6000 Blackwell Server Edition,I64,U64,32,1,4,4,1000000000,128,Yes,,,,,,,,,,
pfp_bloom_filter_contains_unique_size_u64,0,NVIDIA RTX PRO 6000 Blackwell Server Edition,I64,U64,32,1,4,4,1000000000,256,Yes,,,,,,,,,,
pfp_bloom_filter_contains_unique_size_u64,0,NVIDIA RTX PRO 6000 Blackwell Server Edition,I64,U64,32,1,4,4,1000000000,512,Yes,,,,,,,,,,
pfp_bloom_filter_contains_unique_size_u64,0,NVIDIA RTX PRO 6000 Blackwell Server Edition,I64,U64,32,1,4,4,1000000000,1024,Yes,,,,,,,,,,
pfp_bloom_filter_contains_unique_size_u64,0,NVIDIA RTX PRO 6000 Blackwell Server Edition,I64,U64,32,1,4,4,1000000000,2048,Yes,,,,,,,,,,
pfp_bloom_filter_contains_unique_size_u64,0,NVIDIA RTX PRO 6000 Blackwell Server Edition,I64,U64,32,1,4,8,1000000000,1,Yes,,,,,,,,,,
pfp_bloom_filter_contains_unique_size_u64,0,NVIDIA RTX PRO 6000 Blackwell Server Edition,I64,U64,32,1,4,8,1000000000,2,Yes,,,,,,,,,,
pfp_bloom_filter_contains_unique_size_u64,0,NVIDIA RTX PRO 6000 Blackwell Server Edition,I64,U64,32,1,4,8,1000000000,4,Yes,,,,,,,,,,
pfp_bloom_filter_contains_unique_size_u64,0,NVIDIA RTX PRO 6000 Blackwell Server Edition,I64,U64,32,1,4,8,1000000000,8,Yes,,,,,,,,,,
pfp_bloom_filter_contains_unique_size_u64,0,NVIDIA RTX PRO 6000 Blackwell Server Edition,I64,U64,32,1,4,8,1000000000,16,Yes,,,,,,,,,,
pfp_bloom_filter_contains_unique_size_u64,0,NVIDIA RTX PRO 6000 Blackwell Server Edition,I64,U64,32,1,4,8,1000000000,32,Yes,,,,,,,,,,
pfp_bloom_filter_contains_unique_size_u64,0,NVIDIA RTX PRO 6000 Blackwell Server Edition,I64,U64,32,1,4,8,1000000000,64,Yes,,,,,,,,,,
pfp_bloom_filter_contains_unique_size_u64,0,NVIDIA RTX PRO 6000 Blackwell Server Edition,I64,U64,32,1,4,8,1000000000,128,Yes,,,,,,,,,,
pfp_bloom_filter_contains_unique_size_u64,0,NVIDIA RTX PRO 6000 Blackwell Server Edition,I64,U64,32,1,4,8,1000000000,256,Yes,,,,,,,,,,
pfp_bloom_filter_contains_unique_size_u64,0,NVIDIA RTX PRO 6000 Blackwell Server Edition,I64,U64,32,1,4,8,1000000000,512,Yes,,,,,,,,,,
pfp_bloom_filter_contains_unique_size_u64,0,NVIDIA RTX PRO 6000 Blackwell Server Edition,I64,U64,32,1,4,8,1000000000,1024,Yes,,,,,,,,,,
pfp_bloom_filter_contains_unique_size_u64,0,NVIDIA RTX PRO 6000 Blackwell Server Edition,I64,U64,32,1,4,8,1000000000,2048,Yes,,,,,,,,,,
pfp_bloom_filter_contains_unique_size_u64,0,NVIDIA RTX PRO 6000 Blackwell Server Edition,I64,U64,32,1,8,1,1000000000,1,Yes,,,,,,,,,,
pfp_bloom_filter_contains_unique_size_u64,0,NVIDIA RTX PRO 6000 Blackwell Server Edition,I64,U64,32,1,8,1,1000000000,2,Yes,,,,,,,,,,
pfp_bloom_filter_contains_unique_size_u64,0,NVIDIA RTX PRO 6000 Blackwell Server Edition,I64,U64,32,1,8,1,1000000000,4,Yes,,,,,,,,,,
pfp_bloom_filter_contains_unique_size_u64,0,NVIDIA RTX PRO 6000 Blackwell Server Edition,I64,U64,32,1,8,1,1000000000,8,Yes,,,,,,,,,,
pfp_bloom_filter_contains_unique_size_u64,0,NVIDIA RTX PRO 6000 Blackwell Server Edition,I64,U64,32,1,8,1,1000000000,16,Yes,,,,,,,,,,
pfp_bloom_filter_contains_unique_size_u64,0,NVIDIA RTX PRO 6000 Blackwell Server Edition,I64,U64,32,1,8,1,1000000000,32,Yes,,,,,,,,,,
pfp_bloom_filter_contains_unique_size_u64,0,NVIDIA RTX PRO 6000 Blackwell Server Edition,I64,U64,32,1,8,1,1000000000,64,Yes,,,,,,,,,,
pfp_bloom_filter_contains_unique_size_u64,0,NVIDIA RTX PRO 6000 Blackwell Server Edition,I64,U64,32,1,8,1,1000000000,128,Yes,,,,,,,,,,
pfp_bloom_filter_contains_unique_size_u64,0,NVIDIA RTX PRO 6000 Blackwell Server Edition,I64,U64,32,1,8,1,1000000000,256,Yes,,,,,,,,,,
pfp_bloom_filter_contains_unique_size_u64,0,NVIDIA RTX PRO 6000 Blackwell Server Edition,I64,U64,32,1,8,1,1000000000,512,Yes,,,,,,,,,,
pfp_bloom_filter_contains_unique_size_u64,0,NVIDIA RTX PRO 6000 Blackwell Server Edition,I64,U64,32,1,8,1,1000000000,1024,Yes,,,,,,,,,,
pfp_bloom_filter_contains_unique_size_u64,0,NVIDIA RTX PRO 6000 Blackwell Server Edition,I64,U64,32,1,8,1,1000000000,2048,Yes,,,,,,,,,,
pfp_bloom_filter_contains_unique_size_u64,0,NVIDIA RTX PRO 6000 Blackwell Server Edition,I64,U64,32,1,8,2,1000000000,1,Yes,,,,,,,,,,
pfp_bloom_filter_contains_unique_size_u64,0,NVIDIA RTX PRO 6000 Blackwell Server Edition,I64,U64,32,1,8,2,1000000000,2,Yes,,,,,,,,,,
pfp_bloom_filter_contains_unique_size_u64,0,NVIDIA RTX PRO 6000 Blackwell Server Edition,I64,U64,32,1,8,2,1000000000,4,Yes,,,,,,,,,,
pfp_bloom_filter_contains_unique_size_u64,0,NVIDIA RTX PRO 6000 Blackwell Server Edition,I64,U64,32,1,8,2,1000000000,8,Yes,,,,,,,,,,
pfp_bloom_filter_contains_unique_size_u64,0,NVIDIA RTX PRO 6000 Blackwell Server Edition,I64,U64,32,1,8,2,1000000000,16,Yes,,,,,,,,,,
pfp_bloom_filter_contains_unique_size_u64,0,NVIDIA RTX PRO 6000 Blackwell Server Edition,I64,U64,32,1,8,2,1000000000,32,Yes,,,,,,,,,,
pfp_bloom_filter_contains_unique_size_u64,0,NVIDIA RTX PRO 6000 Blackwell Server Edition,I64,U64,32,1,8,2,1000000000,64,Yes,,,,,,,,,,
pfp_bloom_filter_contains_unique_size_u64,0,NVIDIA RTX PRO 6000 Blackwell Server Edition,I64,U64,32,1,8,2,1000000000,128,Yes,,,,,,,,,,
pfp_bloom_filter_contains_unique_size_u64,0,NVIDIA RTX PRO 6000 Blackwell Server Edition,I64,U64,32,1,8,2,1000000000,256,Yes,,,,,,,,,,
pfp_bloom_filter_contains_unique_size_u64,0,NVIDIA RTX PRO 6000 Blackwell Server Edition,I64,U64,32,1,8,2,1000000000,512,Yes,,,,,,,,,,
pfp_bloom_filter_contains_unique_size_u64,0,NVIDIA RTX PRO 6000 Blackwell Server Edition,I64,U64,32,1,8,2,1000000000,1024,Yes,,,,,,,,,,
pfp_bloom_filter_contains_unique_size_u64,0,NVIDIA RTX PRO 6000 Blackwell Server Edition,I64,U64,32,1,8,2,1000000000,2048,Yes,,,,,,,,,,
pfp_bloom_filter_contains_unique_size_u64,0,NVIDIA RTX PRO 6000 Blackwell Server Edition,I64,U64,32,1,8,4,1000000000,1,Yes,,,,,,,,,,
pfp_bloom_filter_contains_unique_size_u64,0,NVIDIA RTX PRO 6000 Blackwell Server Edition,I64,U64,32,1,8,4,1000000000,2,Yes,,,,,,,,,,
pfp_bloom_filter_contains_unique_size_u64,0,NVIDIA RTX PRO 6000 Blackwell Server Edition,I64,U64,32,1,8,4,1000000000,4,Yes,,,,,,,,,,
pfp_bloom_filter_contains_unique_size_u64,0,NVIDIA RTX PRO 6000 Blackwell Server Edition,I64,U64,32,1,8,4,1000000000,8,Yes,,,,,,,,,,
pfp_bloom_filter_contains_unique_size_u64,0,NVIDIA RTX PRO 6000 Blackwell Server Edition,I64,U64,32,1,8,4,1000000000,16,Yes,,,,,,,,,,
pfp_bloom_filter_contains_unique_size_u64,0,NVIDIA RTX PRO 6000 Blackwell Server Edition,I64,U64,32,1,8,4,1000000000,32,Yes,,,,,,,,,,
pfp_bloom_filter_contains_unique_size_u64,0,NVIDIA RTX PRO 6000 Blackwell Server Edition,I64,U64,32,1,8,4,1000000000,64,Yes,,,,,,,,,,
pfp_bloom_filter_contains_unique_size_u64,0,NVIDIA RTX PRO 6000 Blackwell Server Edition,I64,U64,32,1,8,4,1000000000,128,Yes,,,,,,,,,,
pfp_bloom_filter_contains_unique_size_u64,0,NVIDIA RTX PRO 6000 Blackwell Server Edition,I64,U64,32,1,8,4,1000000000,256,Yes,,,,,,,,,,
pfp_bloom_filter_contains_unique_size_u64,0,NVIDIA RTX PRO 6000 Blackwell Server Edition,I64,U64,32,1,8,4,1000000000,512,Yes,,,,,,,,,,
pfp_bloom_filter_contains_unique_size_u64,0,NVIDIA RTX PRO 6000 Blackwell Server Edition,I64,U64,32,1,8,4,1000000000,1024,Yes,,,,,,,,,,
pfp_bloom_filter_contains_unique_size_u64,0,NVIDIA RTX PRO 6000 Blackwell Server Edition,I64,U64,32,1,8,4,1000000000,2048,Yes,,,,,,,,,,
pfp_bloom_filter_contains_unique_size_u64,0,NVIDIA RTX PRO 6000 Blackwell Server Edition,I64,U64,32,1,8,8,1000000000,1,Yes,,,,,,,,,,
pfp_bloom_filter_contains_unique_size_u64,0,NVIDIA RTX PRO 6000 Blackwell Server Edition,I64,U64,32,1,8,8,1000000000,2,Yes,,,,,,,,,,
pfp_bloom_filter_contains_unique_size_u64,0,NVIDIA RTX PRO 6000 Blackwell Server Edition,I64,U64,32,1,8,8,1000000000,4,Yes,,,,,,,,,,
pfp_bloom_filter_contains_unique_size_u64,0,NVIDIA RTX PRO 6000 Blackwell Server Edition,I64,U64,32,1,8,8,1000000000,8,Yes,,,,,,,,,,
pfp_bloom_filter_contains_unique_size_u64,0,NVIDIA RTX PRO 6000 Blackwell Server Edition,I64,U64,32,1,8,8,1000000000,16,Yes,,,,,,,,,,
pfp_bloom_filter_contains_unique_size_u64,0,NVIDIA RTX PRO 6000 Blackwell Server Edition,I64,U64,32,1,8,8,1000000000,32,Yes,,,,,,,,,,
pfp_bloom_filter_contains_unique_size_u64,0,NVIDIA RTX PRO 6000 Blackwell Server Edition,I64,U64,32,1,8,8,1000000000,64,Yes,,,,,,,,,,
pfp_bloom_filter_contains_unique_size_u64,0,NVIDIA RTX PRO 6000 Blackwell Server Edition,I64,U64,32,1,8,8,1000000000,128,Yes,,,,,,,,,,
pfp_bloom_filter_contains_unique_size_u64,0,NVIDIA RTX PRO 6000 Blackwell Server Edition,I64,U64,32,1,8,8,1000000000,256,Yes,,,,,,,,,,
pfp_bloom_filter_contains_unique_size_u64,0,NVIDIA RTX PRO 6000 Blackwell Server Edition,I64,U64,32,1,8,8,1000000000,512,Yes,,,,,,,,,,
pfp_bloom_filter_contains_unique_size_u64,0,NVIDIA RTX PRO 6000 Blackwell Server Edition,I64,U64,32,1,8,8,1000000000,1024,Yes,,,,,,,,,,
pfp_bloom_filter_contains_unique_size_u64,0,NVIDIA RTX PRO 6000 Blackwell Server Edition,I64,U64,32,1,8,8,1000000000,2048,Yes,,,,,,,,,,
pfp_bloom_filter_contains_unique_size_u64,0,NVIDIA RTX PRO 6000 Blackwell Server Edition,I64,U64,32,20,1,1,1000000000,1,Yes,,,,,,,,,,
pfp_bloom_filter_contains_unique_size_u64,0,NVIDIA RTX PRO 6000 Blackwell Server Edition,I64,U64,32,20,1,1,1000000000,2,Yes,,,,,,,,,,
pfp_bloom_filter_contains_unique_size_u64,0,NVIDIA RTX PRO 6000 Blackwell Server Edition,I64,U64,32,20,1,1,1000000000,4,Yes,,,,,,,,,,
pfp_bloom_filter_contains_unique_size_u64,0,NVIDIA RTX PRO 6000 Blackwell Server Edition,I64,U64,32,20,1,1,1000000000,8,Yes,,,,,,,,,,
pfp_bloom_filter_contains_unique_size_u64,0,NVIDIA RTX PRO 6000 Blackwell Server Edition,I64,U64,32,20,1,1,1000000000,16,Yes,,,,,,,,,,
pfp_bloom_filter_contains_unique_size_u64,0,NVIDIA RTX PRO 6000 Blackwell Server Edition,I64,U64,32,20,1,1,1000000000,32,Yes,,,,,,,,,,
pfp_bloom_filter_contains_unique_size_u64,0,NVIDIA RTX PRO 6000 Blackwell Server Edition,I64,U64,32,20,1,1,1000000000,64,Yes,,,,,,,,,,
pfp_bloom_filter_contains_unique_size_u64,0,NVIDIA RTX PRO 6000 Blackwell Server Edition,I64,U64,32,20,1,1,1000000000,128,Yes,,,,,,,,,,
pfp_bloom_filter_contains_unique_size_u64,0,NVIDIA RTX PRO 6000 Blackwell Server Edition,I64,U64,32,20,1,1,1000000000,256,Yes,,,,,,,,,,
pfp_bloom_filter_contains_unique_size_u64,0,NVIDIA RTX PRO 6000 Blackwell Server Edition,I64,U64,32,20,1,1,1000000000,512,Yes,,,,,,,,,,
pfp_bloom_filter_contains_unique_size_u64,0,NVIDIA RTX PRO 6000 Blackwell Server Edition,I64,U64,32,20,1,1,1000000000,1024,Yes,,,,,,,,,,
pfp_bloom_filter_contains_unique_size_u64,0,NVIDIA RTX PRO 6000 Blackwell Server Edition,I64,U64,32,20,1,1,1000000000,2048,Yes,,,,,,,,,,
pfp_bloom_filter_contains_unique_size_u64,0,NVIDIA RTX PRO 6000 Blackwell Server Edition,I64,U64,32,20,1,2,1000000000,1,Yes,,,,,,,,,,
pfp_bloom_filter_contains_unique_size_u64,0,NVIDIA RTX PRO 6000 Blackwell Server Edition,I64,U64,32,20,1,2,1000000000,2,Yes,,,,,,,,,,
pfp_bloom_filter_contains_unique_size_u64,0,NVIDIA RTX PRO 6000 Blackwell Server Edition,I64,U64,32,20,1,2,1000000000,4,Yes,,,,,,,,,,
pfp_bloom_filter_contains_unique_size_u64,0,NVIDIA RTX PRO 6000 Blackwell Server Edition,I64,U64,32,20,1,2,1000000000,8,Yes,,,,,,,,,,
pfp_bloom_filter_contains_unique_size_u64,0,NVIDIA RTX PRO 6000 Blackwell Server Edition,I64,U64,32,20,1,2,1000000000,16,Yes,,,,,,,,,,
pfp_bloom_filter_contains_unique_size_u64,0,NVIDIA RTX PRO 6000 Blackwell Server Edition,I64,U64,32,20,1,2,1000000000,32,Yes,,,,,,,,,,
pfp_bloom_filter_contains_unique_size_u64,0,NVIDIA RTX PRO 6000 Blackwell Server Edition,I64,U64,32,20,1,2,1000000000,64,Yes,,,,,,,,,,
pfp_bloom_filter_contains_unique_size_u64,0,NVIDIA RTX PRO 6000 Blackwell Server Edition,I64,U64,32,20,1,2,1000000000,128,Yes,,,,,,,,,,
pfp_bloom_filter_contains_unique_size_u64,0,NVIDIA RTX PRO 6000 Blackwell Server Edition,I64,U64,32,20,1,2,1000000000,256,Yes,,,,,,,,,,
pfp_bloom_filter_contains_unique_size_u64,0,NVIDIA RTX PRO 6000 Blackwell Server Edition,I64,U64,32,20,1,2,1000000000,512,Yes,,,,,,,,,,
pfp_bloom_filter_contains_unique_size_u64,0,NVIDIA RTX PRO 6000 Blackwell Server Edition,I64,U64,32,20,1,2,1000000000,1024,Yes,,,,,,,,,,
pfp_bloom_filter_contains_unique_size_u64,0,NVIDIA RTX PRO 6000 Blackwell Server Edition,I64,U64,32,20,1,2,1000000000,2048,Yes,,,,,,,,,,
pfp_bloom_filter_contains_unique_size_u64,0,NVIDIA RTX PRO 6000 Blackwell Server Edition,I64,U64,32,20,1,4,1000000000,1,Yes,,,,,,,,,,
pfp_bloom_filter_contains_unique_size_u64,0,NVIDIA RTX PRO 6000 Blackwell Server Edition,I64,U64,32,20,1,4,1000000000,2,Yes,,,,,,,,,,
pfp_bloom_filter_contains_unique_size_u64,0,NVIDIA RTX PRO 6000 Blackwell Server Edition,I64,U64,32,20,1,4,1000000000,4,Yes,,,,,,,,,,
pfp_bloom_filter_contains_unique_size_u64,0,NVIDIA RTX PRO 6000 Blackwell Server Edition,I64,U64,32,20,1,4,1000000000,8,Yes,,,,,,,,,,
pfp_bloom_filter_contains_unique_size_u64,0,NVIDIA RTX PRO 6000 Blackwell Server Edition,I64,U64,32,20,1,4,1000000000,16,Yes,,,,,,,,,,
pfp_bloom_filter_contains_unique_size_u64,0,NVIDIA RTX PRO 6000 Blackwell Server Edition,I64,U64,32,20,1,4,1000000000,32,Yes,,,,,,,,,,
pfp_bloom_filter_contains_unique_size_u64,0,NVIDIA RTX PRO 6000 Blackwell Server Edition,I64,U64,32,20,1,4,1000000000,64,Yes,,,,,,,,,,
pfp_bloom_filter_contains_unique_size_u64,0,NVIDIA RTX PRO 6000 Blackwell Server Edition,I64,U64,32,20,1,4,1000000000,128,Yes,,,,,,,,,,
pfp_bloom_filter_contains_unique_size_u64,0,NVIDIA RTX PRO 6000 Blackwell Server Edition,I64,U64,32,20,1,4,1000000000,256,Yes,,,,,,,,,,
pfp_bloom_filter_contains_unique_size_u64,0,NVIDIA RTX PRO 6000 Blackwell Server Edition,I64,U64,32,20,1,4,1000000000,512,Yes,,,,,,,,,,
pfp_bloom_filter_contains_unique_size_u64,0,NVIDIA RTX PRO 6000 Blackwell Server Edition,I64,U64,32,20,1,4,1000000000,1024,Yes,,,,,,,,,,
pfp_bloom_filter_contains_unique_size_u64,0,NVIDIA RTX PRO 6000 Blackwell Server Edition,I64,U64,32,20,1,4,1000000000,2048,Yes,,,,,,,,,,
pfp_bloom_filter_contains_unique_size_u64,0,NVIDIA RTX PRO 6000 Blackwell Server Edition,I64,U64,32,20,1,8,1000000000,1,Yes,,,,,,,,,,
pfp_bloom_filter_contains_unique_size_u64,0,NVIDIA RTX PRO 6000 Blackwell Server Edition,I64,U64,32,20,1,8,1000000000,2,Yes,,,,,,,,,,
pfp_bloom_filter_contains_unique_size_u64,0,NVIDIA RTX PRO 6000 Blackwell Server Edition,I64,U64,32,20,1,8,1000000000,4,Yes,,,,,,,,,,
pfp_bloom_filter_contains_unique_size_u64,0,NVIDIA RTX PRO 6000 Blackwell Server Edition,I64,U64,32,20,1,8,1000000000,8,Yes,,,,,,,,,,
pfp_bloom_filter_contains_unique_size_u64,0,NVIDIA RTX PRO 6000 Blackwell Server Edition,I64,U64,32,20,1,8,1000000000,16,Yes,,,,,,,,,,
pfp_bloom_filter_contains_unique_size_u64,0,NVIDIA RTX PRO 6000 Blackwell Server Edition,I64,U64,32,20,1,8,1000000000,32,Yes,,,,,,,,,,
pfp_bloom_filter_contains_unique_size_u64,0,NVIDIA RTX PRO 6000 Blackwell Server Edition,I64,U64,32,20,1,8,1000000000,64,Yes,,,,,,,,,,
pfp_bloom_filter_contains_unique_size_u64,0,NVIDIA RTX PRO 6000 Blackwell Server Edition,I64,U64,32,20,1,8,1000000000,128,Yes,,,,,,,,,,
pfp_bloom_filter_contains_unique_size_u64,0,NVIDIA RTX PRO 6000 Blackwell Server Edition,I64,U64,32,20,1,8,1000000000,256,Yes,,,,,,,,,,
pfp_bloom_filter_contains_unique_size_u64,0,NVIDIA RTX PRO 6000 Blackwell Server Edition,I64,U64,32,20,1,8,1000000000,512,Yes,,,,,,,,,,
pfp_bloom_filter_contains_unique_size_u64,0,NVIDIA RTX PRO 6000 Blackwell Server Edition,I64,U64,32,20,1,8,1000000000,1024,Yes,,,,,,,,,,
pfp_bloom_filter_contains_unique_size_u64,0,NVIDIA RTX PRO 6000 Blackwell Server Edition,I64,U64,32,20,1,8,1000000000,2048,Yes,,,,,,,,,,
pfp_bloom_filter_contains_unique_size_u64,0,NVIDIA RTX PRO 6000 Blackwell Server Edition,I64,U64,32,20,2,1,1000000000,1,Yes,,,,,,,,,,
pfp_bloom_filter_contains_unique_size_u64,0,NVIDIA RTX PRO 6000 Blackwell Server Edition,I64,U64,32,20,2,1,1000000000,2,Yes,,,,,,,,,,
pfp_bloom_filter_contains_unique_size_u64,0,NVIDIA RTX PRO 6000 Blackwell Server Edition,I64,U64,32,20,2,1,1000000000,4,Yes,,,,,,,,,,
pfp_bloom_filter_contains_unique_size_u64,0,NVIDIA RTX PRO 6000 Blackwell Server Edition,I64,U64,32,20,2,1,1000000000,8,Yes,,,,,,,,,,
pfp_bloom_filter_contains_unique_size_u64,0,NVIDIA RTX PRO 6000 Blackwell Server Edition,I64,U64,32,20,2,1,1000000000,16,Yes,,,,,,,,,,
pfp_bloom_filter_contains_unique_size_u64,0,NVIDIA RTX PRO 6000 Blackwell Server Edition,I64,U64,32,20,2,1,1000000000,32,Yes,,,,,,,,,,
pfp_bloom_filter_contains_unique_size_u64,0,NVIDIA RTX PRO 6000 Blackwell Server Edition,I64,U64,32,20,2,1,1000000000,64,Yes,,,,,,,,,,
pfp_bloom_filter_contains_unique_size_u64,0,NVIDIA RTX PRO 6000 Blackwell Server Edition,I64,U64,32,20,2,1,1000000000,128,Yes,,,,,,,,,,
pfp_bloom_filter_contains_unique_size_u64,0,NVIDIA RTX PRO 6000 Blackwell Server Edition,I64,U64,32,20,2,1,1000000000,256,Yes,,,,,,,,,,
pfp_bloom_filter_contains_unique_size_u64,0,NVIDIA RTX PRO 6000 Blackwell Server Edition,I64,U64,32,20,2,1,1000000000,512,Yes,,,,,,,,,,
pfp_bloom_filter_contains_unique_size_u64,0,NVIDIA RTX PRO 6000 Blackwell Server Edition,I64,U64,32,20,2,1,1000000000,1024,Yes,,,,,,,,,,
pfp_bloom_filter_contains_unique_size_u64,0,NVIDIA RTX PRO 6000 Blackwell Server Edition,I64,U64,32,20,2,1,1000000000,2048,Yes,,,,,,,,,,
pfp_bloom_filter_contains_unique_size_u64,0,NVIDIA RTX PRO 6000 Blackwell Server Edition,I64,U64,32,20,2,2,1000000000,1,Yes,,,,,,,,,,
pfp_bloom_filter_contains_unique_size_u64,0,NVIDIA RTX PRO 6000 Blackwell Server Edition,I64,U64,32,20,2,2,1000000000,2,Yes,,,,,,,,,,
pfp_bloom_filter_contains_unique_size_u64,0,NVIDIA RTX PRO 6000 Blackwell Server Edition,I64,U64,32,20,2,2,1000000000,4,Yes,,,,,,,,,,
pfp_bloom_filter_contains_unique_size_u64,0,NVIDIA RTX PRO 6000 Blackwell Server Edition,I64,U64,32,20,2,2,1000000000,8,Yes,,,,,,,,,,
pfp_bloom_filter_contains_unique_size_u64,0,NVIDIA RTX PRO 6000 Blackwell Server Edition,I64,U64,32,20,2,2,1000000000,16,Yes,,,,,,,,,,
pfp_bloom_filter_contains_unique_size_u64,0,NVIDIA RTX PRO 6000 Blackwell Server Edition,I64,U64,32,20,2,2,1000000000,32,Yes,,,,,,,,,,
pfp_bloom_filter_contains_unique_size_u64,0,NVIDIA RTX PRO 6000 Blackwell Server Edition,I64,U64,32,20,2,2,1000000000,64,Yes,,,,,,,,,,
pfp_bloom_filter_contains_unique_size_u64,0,NVIDIA RTX PRO 6000 Blackwell Server Edition,I64,U64,32,20,2,2,1000000000,128,Yes,,,,,,,,,,
pfp_bloom_filter_contains_unique_size_u64,0,NVIDIA RTX PRO 6000 Blackwell Server Edition,I64,U64,32,20,2,2,1000000000,256,Yes,,,,,,,,,,
pfp_bloom_filter_contains_unique_size_u64,0,NVIDIA RTX PRO 6000 Blackwell Server Edition,I64,U64,32,20,2,2,1000000000,512,Yes,,,,,,,,,,
pfp_bloom_filter_contains_unique_size_u64,0,NVIDIA RTX PRO 6000 Blackwell Server Edition,I64,U64,32,20,2,2,1000000000,1024,Yes,,,,,,,,,,
pfp_bloom_filter_contains_unique_size_u64,0,NVIDIA RTX PRO 6000 Blackwell Server Edition,I64,U64,32,20,2,2,1000000000,2048,Yes,,,,,,,,,,
pfp_bloom_filter_contains_unique_size_u64,0,NVIDIA RTX PRO 6000 Blackwell Server Edition,I64,U64,32,20,2,4,1000000000,1,Yes,,,,,,,,,,
pfp_bloom_filter_contains_unique_size_u64,0,NVIDIA RTX PRO 6000 Blackwell Server Edition,I64,U64,32,20,2,4,1000000000,2,Yes,,,,,,,,,,
pfp_bloom_filter_contains_unique_size_u64,0,NVIDIA RTX PRO 6000 Blackwell Server Edition,I64,U64,32,20,2,4,1000000000,4,Yes,,,,,,,,,,
pfp_bloom_filter_contains_unique_size_u64,0,NVIDIA RTX PRO 6000 Blackwell Server Edition,I64,U64,32,20,2,4,1000000000,8,Yes,,,,,,,,,,
pfp_bloom_filter_contains_unique_size_u64,0,NVIDIA RTX PRO 6000 Blackwell Server Edition,I64,U64,32,20,2,4,1000000000,16,Yes,,,,,,,,,,
pfp_bloom_filter_contains_unique_size_u64,0,NVIDIA RTX PRO 6000 Blackwell Server Edition,I64,U64,32,20,2,4,1000000000,32,Yes,,,,,,,,,,
pfp_bloom_filter_contains_unique_size_u64,0,NVIDIA RTX PRO 6000 Blackwell Server Edition,I64,U64,32,20,2,4,1000000000,64,Yes,,,,,,,,,,
pfp_bloom_filter_contains_unique_size_u64,0,NVIDIA RTX PRO 6000 Blackwell Server Edition,I64,U64,32,20,2,4,1000000000,128,Yes,,,,,,,,,,
pfp_bloom_filter_contains_unique_size_u64,0,NVIDIA RTX PRO 6000 Blackwell Server Edition,I64,U64,32,20,2,4,1000000000,256,Yes,,,,,,,,,,
pfp_bloom_filter_contains_unique_size_u64,0,NVIDIA RTX PRO 6000 Blackwell Server Edition,I64,U64,32,20,2,4,1000000000,512,Yes,,,,,,,,,,
pfp_bloom_filter_contains_unique_size_u64,0,NVIDIA RTX PRO 6000 Blackwell Server Edition,I64,U64,32,20,2,4,1000000000,1024,Yes,,,,,,,,,,
pfp_bloom_filter_contains_unique_size_u64,0,NVIDIA RTX PRO 6000 Blackwell Server Edition,I64,U64,32,20,2,4,1000000000,2048,Yes,,,,,,,,,,
pfp_bloom_filter_contains_unique_size_u64,0,NVIDIA RTX PRO 6000 Blackwell Server Edition,I64,U64,32,20,2,8,1000000000,1,Yes,,,,,,,,,,
pfp_bloom_filter_contains_unique_size_u64,0,NVIDIA RTX PRO 6000 Blackwell Server Edition,I64,U64,32,20,2,8,1000000000,2,Yes,,,,,,,,,,
pfp_bloom_filter_contains_unique_size_u64,0,NVIDIA RTX PRO 6000 Blackwell Server Edition,I64,U64,32,20,2,8,1000000000,4,Yes,,,,,,,,,,
pfp_bloom_filter_contains_unique_size_u64,0,NVIDIA RTX PRO 6000 Blackwell Server Edition,I64,U64,32,20,2,8,1000000000,8,Yes,,,,,,,,,,
pfp_bloom_filter_contains_unique_size_u64,0,NVIDIA RTX PRO 6000 Blackwell Server Edition,I64,U64,32,20,2,8,1000000000,16,Yes,,,,,,,,,,
pfp_bloom_filter_contains_unique_size_u64,0,NVIDIA RTX PRO 6000 Blackwell Server Edition,I64,U64,32,20,2,8,1000000000,32,Yes,,,,,,,,,,
pfp_bloom_filter_contains_unique_size_u64,0,NVIDIA RTX PRO 6000 Blackwell Server Edition,I64,U64,32,20,2,8,1000000000,64,Yes,,,,,,,,,,
pfp_bloom_filter_contains_unique_size_u64,0,NVIDIA RTX PRO 6000 Blackwell Server Edition,I64,U64,32,20,2,8,1000000000,128,Yes,,,,,,,,,,
pfp_bloom_filter_contains_unique_size_u64,0,NVIDIA RTX PRO 6000 Blackwell Server Edition,I64,U64,32,20,2,8,1000000000,256,Yes,,,,,,,,,,
pfp_bloom_filter_contains_unique_size_u64,0,NVIDIA RTX PRO 6000 Blackwell Server Edition,I64,U64,32,20,2,8,1000000000,512,Yes,,,,,,,,,,
pfp_bloom_filter_contains_unique_size_u64,0,NVIDIA RTX PRO 6000 Blackwell Server Edition,I64,U64,32,20,2,8,1000000000,1024,Yes,,,,,,,,,,
pfp_bloom_filter_contains_unique_size_u64,0,NVIDIA RTX PRO 6000 Blackwell Server Edition,I64,U64,32,20,2,8,1000000000,2048,Yes,,,,,,,,,,
pfp_bloom_filter_contains_unique_size_u64,0,NVIDIA RTX PRO 6000 Blackwell Server Edition,I64,U64,32,20,4,1,1000000000,1,Yes,,,,,,,,,,
pfp_bloom_filter_contains_unique_size_u64,0,NVIDIA RTX PRO 6000 Blackwell Server Edition,I64,U64,32,20,4,1,1000000000,2,Yes,,,,,,,,,,
pfp_bloom_filter_contains_unique_size_u64,0,NVIDIA RTX PRO 6000 Blackwell Server Edition,I64,U64,32,20,4,1,1000000000,4,Yes,,,,,,,,,,
pfp_bloom_filter_contains_unique_size_u64,0,NVIDIA RTX PRO 6000 Blackwell Server Edition,I64,U64,32,20,4,1,1000000000,8,Yes,,,,,,,,,,
pfp_bloom_filter_contains_unique_size_u64,0,NVIDIA RTX PRO 6000 Blackwell Server Edition,I64,U64,32,20,4,1,1000000000,16,Yes,,,,,,,,,,
pfp_bloom_filter_contains_unique_size_u64,0,NVIDIA RTX PRO 6000 Blackwell Server Edition,I64,U64,32,20,4,1,1000000000,32,Yes,,,,,,,,,,
pfp_bloom_filter_contains_unique_size_u64,0,NVIDIA RTX PRO 6000 Blackwell Server Edition,I64,U64,32,20,4,1,1000000000,64,Yes,,,,,,,,,,
pfp_bloom_filter_contains_unique_size_u64,0,NVIDIA RTX PRO 6000 Blackwell Server Edition,I64,U64,32,20,4,1,1000000000,128,Yes,,,,,,,,,,
pfp_bloom_filter_contains_unique_size_u64,0,NVIDIA RTX PRO 6000 Blackwell Server Edition,I64,U64,32,20,4,1,1000000000,256,Yes,,,,,,,,,,
pfp_bloom_filter_contains_unique_size_u64,0,NVIDIA RTX PRO 6000 Blackwell Server Edition,I64,U64,32,20,4,1,1000000000,512,Yes,,,,,,,,,,
pfp_bloom_filter_contains_unique_size_u64,0,NVIDIA RTX PRO 6000 Blackwell Server Edition,I64,U64,32,20,4,1,1000000000,1024,Yes,,,,,,,,,,
pfp_bloom_filter_contains_unique_size_u64,0,NVIDIA RTX PRO 6000 Blackwell Server Edition,I64,U64,32,20,4,1,1000000000,2048,Yes,,,,,,,,,,
pfp_bloom_filter_contains_unique_size_u64,0,NVIDIA RTX PRO 6000 Blackwell Server Edition,I64,U64,32,20,4,2,1000000000,1,Yes,,,,,,,,,,
pfp_bloom_filter_contains_unique_size_u64,0,NVIDIA RTX PRO 6000 Blackwell Server Edition,I64,U64,32,20,4,2,1000000000,2,Yes,,,,,,,,,,
pfp_bloom_filter_contains_unique_size_u64,0,NVIDIA RTX PRO 6000 Blackwell Server Edition,I64,U64,32,20,4,2,1000000000,4,Yes,,,,,,,,,,
pfp_bloom_filter_contains_unique_size_u64,0,NVIDIA RTX PRO 6000 Blackwell Server Edition,I64,U64,32,20,4,2,1000000000,8,Yes,,,,,,,,,,
pfp_bloom_filter_contains_unique_size_u64,0,NVIDIA RTX PRO 6000 Blackwell Server Edition,I64,U64,32,20,4,2,1000000000,16,Yes,,,,,,,,,,
pfp_bloom_filter_contains_unique_size_u64,0,NVIDIA RTX PRO 6000 Blackwell Server Edition,I64,U64,32,20,4,2,1000000000,32,Yes,,,,,,,,,,
pfp_bloom_filter_contains_unique_size_u64,0,NVIDIA RTX PRO 6000 Blackwell Server Edition,I64,U64,32,20,4,2,1000000000,64,Yes,,,,,,,,,,
pfp_bloom_filter_contains_unique_size_u64,0,NVIDIA RTX PRO 6000 Blackwell Server Edition,I64,U64,32,20,4,2,1000000000,128,Yes,,,,,,,,,,
pfp_bloom_filter_contains_unique_size_u64,0,NVIDIA RTX PRO 6000 Blackwell Server Edition,I64,U64,32,20,4,2,1000000000,256,Yes,,,,,,,,,,
pfp_bloom_filter_contains_unique_size_u64,0,NVIDIA RTX PRO 6000 Blackwell Server Edition,I64,U64,32,20,4,2,1000000000,512,Yes,,,,,,,,,,
pfp_bloom_filter_contains_unique_size_u64,0,NVIDIA RTX PRO 6000 Blackwell Server Edition,I64,U64,32,20,4,2,1000000000,1024,Yes,,,,,,,,,,
pfp_bloom_filter_contains_unique_size_u64,0,NVIDIA RTX PRO 6000 Blackwell Server Edition,I64,U64,32,20,4,2,1000000000,2048,Yes,,,,,,,,,,
pfp_bloom_filter_contains_unique_size_u64,0,NVIDIA RTX PRO 6000 Blackwell Server Edition,I64,U64,32,20,4,4,1000000000,1,Yes,,,,,,,,,,
pfp_bloom_filter_contains_unique_size_u64,0,NVIDIA RTX PRO 6000 Blackwell Server Edition,I64,U64,32,20,4,4,1000000000,2,Yes,,,,,,,,,,
pfp_bloom_filter_contains_unique_size_u64,0,NVIDIA RTX PRO 6000 Blackwell Server Edition,I64,U64,32,20,4,4,1000000000,4,Yes,,,,,,,,,,
pfp_bloom_filter_contains_unique_size_u64,0,NVIDIA RTX PRO 6000 Blackwell Server Edition,I64,U64,32,20,4,4,1000000000,8,Yes,,,,,,,,,,
pfp_bloom_filter_contains_unique_size_u64,0,NVIDIA RTX PRO 6000 Blackwell Server Edition,I64,U64,32,20,4,4,1000000000,16,Yes,,,,,,,,,,
pfp_bloom_filter_contains_unique_size_u64,0,NVIDIA RTX PRO 6000 Blackwell Server Edition,I64,U64,32,20,4,4,1000000000,32,Yes,,,,,,,,,,
pfp_bloom_filter_contains_unique_size_u64,0,NVIDIA RTX PRO 6000 Blackwell Server Edition,I64,U64,32,20,4,4,1000000000,64,Yes,,,,,,,,,,
pfp_bloom_filter_contains_unique_size_u64,0,NVIDIA RTX PRO 6000 Blackwell Server Edition,I64,U64,32,20,4,4,1000000000,128,Yes,,,,,,,,,,
pfp_bloom_filter_contains_unique_size_u64,0,NVIDIA RTX PRO 6000 Blackwell Server Edition,I64,U64,32,20,4,4,1000000000,256,Yes,,,,,,,,,,
pfp_bloom_filter_contains_unique_size_u64,0,NVIDIA RTX PRO 6000 Blackwell Server Edition,I64,U64,32,20,4,4,1000000000,512,Yes,,,,,,,,,,
pfp_bloom_filter_contains_unique_size_u64,0,NVIDIA RTX PRO 6000 Blackwell Server Edition,I64,U64,32,20,4,4,1000000000,1024,Yes,,,,,,,,,,
pfp_bloom_filter_contains_unique_size_u64,0,NVIDIA RTX PRO 6000 Blackwell Server Edition,I64,U64,32,20,4,4,1000000000,2048,Yes,,,,,,,,,,
pfp_bloom_filter_contains_unique_size_u64,0,NVIDIA RTX PRO 6000 Blackwell Server Edition,I64,U64,32,20,4,8,1000000000,1,Yes,,,,,,,,,,
pfp_bloom_filter_contains_unique_size_u64,0,NVIDIA RTX PRO 6000 Blackwell Server Edition,I64,U64,32,20,4,8,1000000000,2,Yes,,,,,,,,,,
pfp_bloom_filter_contains_unique_size_u64,0,NVIDIA RTX PRO 6000 Blackwell Server Edition,I64,U64,32,20,4,8,1000000000,4,Yes,,,,,,,,,,
pfp_bloom_filter_contains_unique_size_u64,0,NVIDIA RTX PRO 6000 Blackwell Server Edition,I64,U64,32,20,4,8,1000000000,8,Yes,,,,,,,,,,
pfp_bloom_filter_contains_unique_size_u64,0,NVIDIA RTX PRO 6000 Blackwell Server Edition,I64,U64,32,20,4,8,1000000000,16,Yes,,,,,,,,,,
pfp_bloom_filter_contains_unique_size_u64,0,NVIDIA RTX PRO 6000 Blackwell Server Edition,I64,U64,32,20,4,8,1000000000,32,Yes,,,,,,,,,,
pfp_bloom_filter_contains_unique_size_u64,0,NVIDIA RTX PRO 6000 Blackwell Server Edition,I64,U64,32,20,4,8,1000000000,64,Yes,,,,,,,,,,
pfp_bloom_filter_contains_unique_size_u64,0,NVIDIA RTX PRO 6000 Blackwell Server Edition,I64,U64,32,20,4,8,1000000000,128,Yes,,,,,,,,,,
pfp_bloom_filter_contains_unique_size_u64,0,NVIDIA RTX PRO 6000 Blackwell Server Edition,I64,U64,32,20,4,8,1000000000,256,Yes,,,,,,,,,,
pfp_bloom_filter_contains_unique_size_u64,0,NVIDIA RTX PRO 6000 Blackwell Server Edition,I64,U64,32,20,4,8,1000000000,512,Yes,,,,,,,,,,
pfp_bloom_filter_contains_unique_size_u64,0,NVIDIA RTX PRO 6000 Blackwell Server Edition,I64,U64,32,20,4,8,1000000000,1024,Yes,,,,,,,,,,
pfp_bloom_filter_contains_unique_size_u64,0,NVIDIA RTX PRO 6000 Blackwell Server Edition,I64,U64,32,20,4,8,1000000000,2048,Yes,,,,,,,,,,
pfp_bloom_filter_contains_unique_size_u64,0,NVIDIA RTX PRO 6000 Blackwell Server Edition,I64,U64,32,20,8,1,1000000000,1,Yes,,,,,,,,,,
pfp_bloom_filter_contains_unique_size_u64,0,NVIDIA RTX PRO 6000 Blackwell Server Edition,I64,U64,32,20,8,1,1000000000,2,Yes,,,,,,,,,,
pfp_bloom_filter_contains_unique_size_u64,0,NVIDIA RTX PRO 6000 Blackwell Server Edition,I64,U64,32,20,8,1,1000000000,4,Yes,,,,,,,,,,
pfp_bloom_filter_contains_unique_size_u64,0,NVIDIA RTX PRO 6000 Blackwell Server Edition,I64,U64,32,20,8,1,1000000000,8,Yes,,,,,,,,,,
pfp_bloom_filter_contains_unique_size_u64,0,NVIDIA RTX PRO 6000 Blackwell Server Edition,I64,U64,32,20,8,1,1000000000,16,Yes,,,,,,,,,,
pfp_bloom_filter_contains_unique_size_u64,0,NVIDIA RTX PRO 6000 Blackwell Server Edition,I64,U64,32,20,8,1,1000000000,32,Yes,,,,,,,,,,
pfp_bloom_filter_contains_unique_size_u64,0,NVIDIA RTX PRO 6000 Blackwell Server Edition,I64,U64,32,20,8,1,1000000000,64,Yes,,,,,,,,,,
pfp_bloom_filter_contains_unique_size_u64,0,NVIDIA RTX PRO 6000 Blackwell Server Edition,I64,U64,32,20,8,1,1000000000,128,Yes,,,,,,,,,,
pfp_bloom_filter_contains_unique_size_u64,0,NVIDIA RTX PRO 6000 Blackwell Server Edition,I64,U64,32,20,8,1,1000000000,256,Yes,,,,,,,,,,
pfp_bloom_filter_contains_unique_size_u64,0,NVIDIA RTX PRO 6000 Blackwell Server Edition,I64,U64,32,20,8,1,1000000000,512,Yes,,,,,,,,,,
pfp_bloom_filter_contains_unique_size_u64,0,NVIDIA RTX PRO 6000 Blackwell Server Edition,I64,U64,32,20,8,1,1000000000,1024,Yes,,,,,,,,,,
pfp_bloom_filter_contains_unique_size_u64,0,NVIDIA RTX PRO 6000 Blackwell Server Edition,I64,U64,32,20,8,1,1000000000,2048,Yes,,,,,,,,,,
pfp_bloom_filter_contains_unique_size_u64,0,NVIDIA RTX PRO 6000 Blackwell Server Edition,I64,U64,32,20,8,2,1000000000,1,Yes,,,,,,,,,,
pfp_bloom_filter_contains_unique_size_u64,0,NVIDIA RTX PRO 6000 Blackwell Server Edition,I64,U64,32,20,8,2,1000000000,2,Yes,,,,,,,,,,
pfp_bloom_filter_contains_unique_size_u64,0,NVIDIA RTX PRO 6000 Blackwell Server Edition,I64,U64,32,20,8,2,1000000000,4,Yes,,,,,,,,,,
pfp_bloom_filter_contains_unique_size_u64,0,NVIDIA RTX PRO 6000 Blackwell Server Edition,I64,U64,32,20,8,2,1000000000,8,Yes,,,,,,,,,,
pfp_bloom_filter_contains_unique_size_u64,0,NVIDIA RTX PRO 6000 Blackwell Server Edition,I64,U64,32,20,8,2,1000000000,16,Yes,,,,,,,,,,
pfp_bloom_filter_contains_unique_size_u64,0,NVIDIA RTX PRO 6000 Blackwell Server Edition,I64,U64,32,20,8,2,1000000000,32,Yes,,,,,,,,,,
pfp_bloom_filter_contains_unique_size_u64,0,NVIDIA RTX PRO 6000 Blackwell Server Edition,I64,U64,32,20,8,2,1000000000,64,Yes,,,,,,,,,,
pfp_bloom_filter_contains_unique_size_u64,0,NVIDIA RTX PRO 6000 Blackwell Server Edition,I64,U64,32,20,8,2,1000000000,128,Yes,,,,,,,,,,
pfp_bloom_filter_contains_unique_size_u64,0,NVIDIA RTX PRO 6000 Blackwell Server Edition,I64,U64,32,20,8,2,1000000000,256,Yes,,,,,,,,,,
pfp_bloom_filter_contains_unique_size_u64,0,NVIDIA RTX PRO 6000 Blackwell Server Edition,I64,U64,32,20,8,2,1000000000,512,Yes,,,,,,,,,,
pfp_bloom_filter_contains_unique_size_u64,0,NVIDIA RTX PRO 6000 Blackwell Server Edition,I64,U64,32,20,8,2,1000000000,1024,Yes,,,,,,,,,,
pfp_bloom_filter_contains_unique_size_u64,0,NVIDIA RTX PRO 6000 Blackwell Server Edition,I64,U64,32,20,8,2,1000000000,2048,Yes,,,,,,,,,,
pfp_bloom_filter_contains_unique_size_u64,0,NVIDIA RTX PRO 6000 Blackwell Server Edition,I64,U64,32,20,8,4,1000000000,1,Yes,,,,,,,,,,
pfp_bloom_filter_contains_unique_size_u64,0,NVIDIA RTX PRO 6000 Blackwell Server Edition,I64,U64,32,20,8,4,1000000000,2,Yes,,,,,,,,,,
pfp_bloom_filter_contains_unique_size_u64,0,NVIDIA RTX PRO 6000 Blackwell Server Edition,I64,U64,32,20,8,4,1000000000,4,Yes,,,,,,,,,,
pfp_bloom_filter_contains_unique_size_u64,0,NVIDIA RTX PRO 6000 Blackwell Server Edition,I64,U64,32,20,8,4,1000000000,8,Yes,,,,,,,,,,
pfp_bloom_filter_contains_unique_size_u64,0,NVIDIA RTX PRO 6000 Blackwell Server Edition,I64,U64,32,20,8,4,1000000000,16,Yes,,,,,,,,,,
pfp_bloom_filter_contains_unique_size_u64,0,NVIDIA RTX PRO 6000 Blackwell Server Edition,I64,U64,32,20,8,4,1000000000,32,Yes,,,,,,,,,,
pfp_bloom_filter_contains_unique_size_u64,0,NVIDIA RTX PRO 6000 Blackwell Server Edition,I64,U64,32,20,8,4,1000000000,64,Yes,,,,,,,,,,
pfp_bloom_filter_contains_unique_size_u64,0,NVIDIA RTX PRO 6000 Blackwell Server Edition,I64,U64,32,20,8,4,1000000000,128,Yes,,,,,,,,,,
pfp_bloom_filter_contains_unique_size_u64,0,NVIDIA RTX PRO 6000 Blackwell Server Edition,I64,U64,32,20,8,4,1000000000,256,Yes,,,,,,,,,,
pfp_bloom_filter_contains_unique_size_u64,0,NVIDIA RTX PRO 6000 Blackwell Server Edition,I64,U64,32,20,8,4,1000000000,512,Yes,,,,,,,,,,
pfp_bloom_filter_contains_unique_size_u64,0,NVIDIA RTX PRO 6000 Blackwell Server Edition,I64,U64,32,20,8,4,1000000000,1024,Yes,,,,,,,,,,
pfp_bloom_filter_contains_unique_size_u64,0,NVIDIA RTX PRO 6000 Blackwell Server Edition,I64,U64,32,20,8,4,1000000000,2048,Yes,,,,,,,,,,
pfp_bloom_filter_contains_unique_size_u64,0,NVIDIA RTX PRO 6000 Blackwell Server Edition,I64,U64,32,20,8,8,1000000000,1,Yes,,,,,,,,,,
pfp_bloom_filter_contains_unique_size_u64,0,NVIDIA RTX PRO 6000 Blackwell Server Edition,I64,U64,32,20,8,8,1000000000,2,Yes,,,,,,,,,,
pfp_bloom_filter_contains_unique_size_u64,0,NVIDIA RTX PRO 6000 Blackwell Server Edition,I64,U64,32,20,8,8,1000000000,4,Yes,,,,,,,,,,
pfp_bloom_filter_contains_unique_size_u64,0,NVIDIA RTX PRO 6000 Blackwell Server Edition,I64,U64,32,20,8,8,1000000000,8,Yes,,,,,,,,,,
pfp_bloom_filter_contains_unique_size_u64,0,NVIDIA RTX PRO 6000 Blackwell Server Edition,I64,U64,32,20,8,8,1000000000,16,Yes,,,,,,,,,,
pfp_bloom_filter_contains_unique_size_u64,0,NVIDIA RTX PRO 6000 Blackwell Server Edition,I64,U64,32,20,8,8,1000000000,32,Yes,,,,,,,,,,
pfp_bloom_filter_contains_unique_size_u64,0,NVIDIA RTX PRO 6000 Blackwell Server Edition,I64,U64,32,20,8,8,1000000000,64,Yes,,,,,,,,,,
pfp_bloom_filter_contains_unique_size_u64,0,NVIDIA RTX PRO 6000 Blackwell Server Edition,I64,U64,32,20,8,8,1000000000,128,Yes,,,,,,,,,,
pfp_bloom_filter_contains_unique_size_u64,0,NVIDIA RTX PRO 6000 Blackwell Server Edition,I64,U64,32,20,8,8,1000000000,256,Yes,,,,,,,,,,
pfp_bloom_filter_contains_unique_size_u64,0,NVIDIA RTX PRO 6000 Blackwell Server Edition,I64,U64,32,20,8,8,1000000000,512,Yes,,,,,,,,,,
pfp_bloom_filter_contains_unique_size_u64,0,NVIDIA RTX PRO 6000 Blackwell Server Edition,I64,U64,32,20,8,8,1000000000,1024,Yes,,,,,,,,,,
pfp_bloom_filter_contains_unique_size_u64,0,NVIDIA RTX PRO 6000 Blackwell Server Edition,I64,U64,32,20,8,8,1000000000,2048,Yes,,,,,,,,,,
pfp_bloom_filter_contains_unique_size_u64,0,NVIDIA RTX PRO 6000 Blackwell Server Edition,I64,U64,64,1,1,1,1000000000,1,No,0.393517069,1,65,0.007733375307692307,0.00024101573861792398,0.007723425542391261,0.00022109734959030496,129476227162.58989,68,0.007711261524873622
pfp_bloom_filter_contains_unique_size_u64,0,NVIDIA RTX PRO 6000 Blackwell Server Edition,I64,U64,64,1,1,1,1000000000,2,No,0.393450218,1,65,0.007815815630769232,0.00022213342550155067,0.0078051928520202615,0.00016136204307409403,128119832393.52817,67,0.00779719384036847
pfp_bloom_filter_contains_unique_size_u64,0,NVIDIA RTX PRO 6000 Blackwell Server Edition,I64,U64,64,1,1,1,1000000000,4,No,0.39345492,1,64,0.00785932353125,0.0006451926804191141,0.007848451018333433,0.000621744699261452,127413676617.72621,66,0.007883433948863636
pfp_bloom_filter_contains_unique_size_u64,0,NVIDIA RTX PRO 6000 Blackwell Server Edition,I64,U64,64,1,1,1,1000000000,8,No,0.39345243,1,64,0.007878660125000003,0.0023507880998917723,0.007868884436786175,0.0023713602889224032,127082816888.89842,66,0.007915053858901516
pfp_bloom_filter_contains_unique_size_u64,0,NVIDIA RTX PRO 6000 Blackwell Server Edition,I64,U64,64,1,1,1,1000000000,16,No,0.393473962,1,64,0.007902065765625002,0.0029660290393251397,0.007892386019229888,0.002964473593549297,126704395548.25229,66,0.007935286088423294
pfp_bloom_filter_contains_unique_size_u64,0,NVIDIA RTX PRO 6000 Blackwell Server Edition,I64,U64,64,1,1,1,1000000000,32,No,0.393490367,1,64,0.007946504687500001,0.0037268025291672005,0.007936331003904343,0.0037408866357237698,126002809044.6381,66,0.00795295761570786
pfp_bloom_filter_contains_unique_size_u64,0,NVIDIA RTX PRO 6000 Blackwell Server Edition,I64,U64,64,1,1,1,1000000000,64,No,0.393470699,1,63,0.008009812063492066,0.002025678493997965,0.00799973740653386,0.0020376563224631383,125004103157.59123,66,0.00796487334280303
pfp_bloom_filter_contains_unique_size_u64,0,NVIDIA RTX PRO 6000 Blackwell Server Edition,I64,U64,64,1,1,1,1000000000,128,No,0.393479853,1,19,0.02735543168421053,0.00014957869657467867,0.02734529344659102,0.00014216681613187537,36569364375.37715,20,0.02720247993469238
pfp_bloom_filter_contains_unique_size_u64,0,NVIDIA RTX PRO 6000 Blackwell Server Edition,I64,U64,64,1,1,1,1000000000,256,No,0.393454774,1,11,0.05629911218181818,8.759779572764443e-05,0.05628864565762606,8.499785717063096e-05,17765572227.167606,12,0.05621293481191
pfp_bloom_filter_contains_unique_size_u64,0,NVIDIA RTX PRO 6000 Blackwell Server Edition,I64,U64,64,1,1,1,1000000000,512,No,0.393484353,1,11,0.06444950418181819,7.486139844196044e-05,0.06443902657248757,7.395281881061511e-05,15518546030.100227,12,0.06437162399291993
pfp_bloom_filter_contains_unique_size_u64,0,NVIDIA RTX PRO 6000 Blackwell Server Edition,I64,U64,64,1,1,1,1000000000,1024,No,0.393459312,1,11,0.06774159,7.859621405504991e-05,0.06773058180375532,8.23226586368025e-05,14764379300.585825,12,0.0676607977549235
pfp_bloom_filter_contains_unique_size_u64,0,NVIDIA RTX PRO 6000 Blackwell Server Edition,I64,U64,64,1,1,1,1000000000,2048,No,0.393447439,1,11,0.06922363263636365,0.00011525650781283952,0.06921190365878017,0.00011535881151326166,14448381667.553522,12,0.06913882001241049
pfp_bloom_filter_contains_unique_size_u64,0,NVIDIA RTX PRO 6000 Blackwell Server Edition,I64,U64,64,1,1,2,1000000000,1,Yes,,,,,,,,,,
pfp_bloom_filter_contains_unique_size_u64,0,NVIDIA RTX PRO 6000 Blackwell Server Edition,I64,U64,64,1,1,2,1000000000,2,Yes,,,,,,,,,,
pfp_bloom_filter_contains_unique_size_u64,0,NVIDIA RTX PRO 6000 Blackwell Server Edition,I64,U64,64,1,1,2,1000000000,4,Yes,,,,,,,,,,
pfp_bloom_filter_contains_unique_size_u64,0,NVIDIA RTX PRO 6000 Blackwell Server Edition,I64,U64,64,1,1,2,1000000000,8,Yes,,,,,,,,,,
pfp_bloom_filter_contains_unique_size_u64,0,NVIDIA RTX PRO 6000 Blackwell Server Edition,I64,U64,64,1,1,2,1000000000,16,Yes,,,,,,,,,,
pfp_bloom_filter_contains_unique_size_u64,0,NVIDIA RTX PRO 6000 Blackwell Server Edition,I64,U64,64,1,1,2,1000000000,32,Yes,,,,,,,,,,
pfp_bloom_filter_contains_unique_size_u64,0,NVIDIA RTX PRO 6000 Blackwell Server Edition,I64,U64,64,1,1,2,1000000000,64,Yes,,,,,,,,,,
pfp_bloom_filter_contains_unique_size_u64,0,NVIDIA RTX PRO 6000 Blackwell Server Edition,I64,U64,64,1,1,2,1000000000,128,Yes,,,,,,,,,,
pfp_bloom_filter_contains_unique_size_u64,0,NVIDIA RTX PRO 6000 Blackwell Server Edition,I64,U64,64,1,1,2,1000000000,256,Yes,,,,,,,,,,
pfp_bloom_filter_contains_unique_size_u64,0,NVIDIA RTX PRO 6000 Blackwell Server Edition,I64,U64,64,1,1,2,1000000000,512,Yes,,,,,,,,,,
pfp_bloom_filter_contains_unique_size_u64,0,NVIDIA RTX PRO 6000 Blackwell Server Edition,I64,U64,64,1,1,2,1000000000,1024,Yes,,,,,,,,,,
pfp_bloom_filter_contains_unique_size_u64,0,NVIDIA RTX PRO 6000 Blackwell Server Edition,I64,U64,64,1,1,2,1000000000,2048,Yes,,,,,,,,,,
pfp_bloom_filter_contains_unique_size_u64,0,NVIDIA RTX PRO 6000 Blackwell Server Edition,I64,U64,64,1,1,4,1000000000,1,Yes,,,,,,,,,,
pfp_bloom_filter_contains_unique_size_u64,0,NVIDIA RTX PRO 6000 Blackwell Server Edition,I64,U64,64,1,1,4,1000000000,2,Yes,,,,,,,,,,
pfp_bloom_filter_contains_unique_size_u64,0,NVIDIA RTX PRO 6000 Blackwell Server Edition,I64,U64,64,1,1,4,1000000000,4,Yes,,,,,,,,,,
pfp_bloom_filter_contains_unique_size_u64,0,NVIDIA RTX PRO 6000 Blackwell Server Edition,I64,U64,64,1,1,4,1000000000,8,Yes,,,,,,,,,,
pfp_bloom_filter_contains_unique_size_u64,0,NVIDIA RTX PRO 6000 Blackwell Server Edition,I64,U64,64,1,1,4,1000000000,16,Yes,,,,,,,,,,
pfp_bloom_filter_contains_unique_size_u64,0,NVIDIA RTX PRO 6000 Blackwell Server Edition,I64,U64,64,1,1,4,1000000000,32,Yes,,,,,,,,,,
pfp_bloom_filter_contains_unique_size_u64,0,NVIDIA RTX PRO 6000 Blackwell Server Edition,I64,U64,64,1,1,4,1000000000,64,Yes,,,,,,,,,,
pfp_bloom_filter_contains_unique_size_u64,0,NVIDIA RTX PRO 6000 Blackwell Server Edition,I64,U64,64,1,1,4,1000000000,128,Yes,,,,,,,,,,
pfp_bloom_filter_contains_unique_size_u64,0,NVIDIA RTX PRO 6000 Blackwell Server Edition,I64,U64,64,1,1,4,1000000000,256,Yes,,,,,,,,,,
pfp_bloom_filter_contains_unique_size_u64,0,NVIDIA RTX PRO 6000 Blackwell Server Edition,I64,U64,64,1,1,4,1000000000,512,Yes,,,,,,,,,,
pfp_bloom_filter_contains_unique_size_u64,0,NVIDIA RTX PRO 6000 Blackwell Server Edition,I64,U64,64,1,1,4,1000000000,1024,Yes,,,,,,,,,,
pfp_bloom_filter_contains_unique_size_u64,0,NVIDIA RTX PRO 6000 Blackwell Server Edition,I64,U64,64,1,1,4,1000000000,2048,Yes,,,,,,,,,,
pfp_bloom_filter_contains_unique_size_u64,0,NVIDIA RTX PRO 6000 Blackwell Server Edition,I64,U64,64,1,1,8,1000000000,1,Yes,,,,,,,,,,
pfp_bloom_filter_contains_unique_size_u64,0,NVIDIA RTX PRO 6000 Blackwell Server Edition,I64,U64,64,1,1,8,1000000000,2,Yes,,,,,,,,,,
pfp_bloom_filter_contains_unique_size_u64,0,NVIDIA RTX PRO 6000 Blackwell Server Edition,I64,U64,64,1,1,8,1000000000,4,Yes,,,,,,,,,,
pfp_bloom_filter_contains_unique_size_u64,0,NVIDIA RTX PRO 6000 Blackwell Server Edition,I64,U64,64,1,1,8,1000000000,8,Yes,,,,,,,,,,
pfp_bloom_filter_contains_unique_size_u64,0,NVIDIA RTX PRO 6000 Blackwell Server Edition,I64,U64,64,1,1,8,1000000000,16,Yes,,,,,,,,,,
pfp_bloom_filter_contains_unique_size_u64,0,NVIDIA RTX PRO 6000 Blackwell Server Edition,I64,U64,64,1,1,8,1000000000,32,Yes,,,,,,,,,,
pfp_bloom_filter_contains_unique_size_u64,0,NVIDIA RTX PRO 6000 Blackwell Server Edition,I64,U64,64,1,1,8,1000000000,64,Yes,,,,,,,,,,
pfp_bloom_filter_contains_unique_size_u64,0,NVIDIA RTX PRO 6000 Blackwell Server Edition,I64,U64,64,1,1,8,1000000000,128,Yes,,,,,,,,,,
pfp_bloom_filter_contains_unique_size_u64,0,NVIDIA RTX PRO 6000 Blackwell Server Edition,I64,U64,64,1,1,8,1000000000,256,Yes,,,,,,,,,,
pfp_bloom_filter_contains_unique_size_u64,0,NVIDIA RTX PRO 6000 Blackwell Server Edition,I64,U64,64,1,1,8,1000000000,512,Yes,,,,,,,,,,
pfp_bloom_filter_contains_unique_size_u64,0,NVIDIA RTX PRO 6000 Blackwell Server Edition,I64,U64,64,1,1,8,1000000000,1024,Yes,,,,,,,,,,
pfp_bloom_filter_contains_unique_size_u64,0,NVIDIA RTX PRO 6000 Blackwell Server Edition,I64,U64,64,1,1,8,1000000000,2048,Yes,,,,,,,,,,
pfp_bloom_filter_contains_unique_size_u64,0,NVIDIA RTX PRO 6000 Blackwell Server Edition,I64,U64,64,1,2,1,1000000000,1,Yes,,,,,,,,,,
pfp_bloom_filter_contains_unique_size_u64,0,NVIDIA RTX PRO 6000 Blackwell Server Edition,I64,U64,64,1,2,1,1000000000,2,Yes,,,,,,,,,,
pfp_bloom_filter_contains_unique_size_u64,0,NVIDIA RTX PRO 6000 Blackwell Server Edition,I64,U64,64,1,2,1,1000000000,4,Yes,,,,,,,,,,
pfp_bloom_filter_contains_unique_size_u64,0,NVIDIA RTX PRO 6000 Blackwell Server Edition,I64,U64,64,1,2,1,1000000000,8,Yes,,,,,,,,,,
pfp_bloom_filter_contains_unique_size_u64,0,NVIDIA RTX PRO 6000 Blackwell Server Edition,I64,U64,64,1,2,1,1000000000,16,Yes,,,,,,,,,,
pfp_bloom_filter_contains_unique_size_u64,0,NVIDIA RTX PRO 6000 Blackwell Server Edition,I64,U64,64,1,2,1,1000000000,32,Yes,,,,,,,,,,
pfp_bloom_filter_contains_unique_size_u64,0,NVIDIA RTX PRO 6000 Blackwell Server Edition,I64,U64,64,1,2,1,1000000000,64,Yes,,,,,,,,,,
pfp_bloom_filter_contains_unique_size_u64,0,NVIDIA RTX PRO 6000 Blackwell Server Edition,I64,U64,64,1,2,1,1000000000,128,Yes,,,,,,,,,,
pfp_bloom_filter_contains_unique_size_u64,0,NVIDIA RTX PRO 6000 Blackwell Server Edition,I64,U64,64,1,2,1,1000000000,256,Yes,,,,,,,,,,
pfp_bloom_filter_contains_unique_size_u64,0,NVIDIA RTX PRO 6000 Blackwell Server Edition,I64,U64,64,1,2,1,1000000000,512,Yes,,,,,,,,,,
pfp_bloom_filter_contains_unique_size_u64,0,NVIDIA RTX PRO 6000 Blackwell Server Edition,I64,U64,64,1,2,1,1000000000,1024,Yes,,,,,,,,,,
pfp_bloom_filter_contains_unique_size_u64,0,NVIDIA RTX PRO 6000 Blackwell Server Edition,I64,U64,64,1,2,1,1000000000,2048,Yes,,,,,,,,,,
pfp_bloom_filter_contains_unique_size_u64,0,NVIDIA RTX PRO 6000 Blackwell Server Edition,I64,U64,64,1,2,2,1000000000,1,Yes,,,,,,,,,,
pfp_bloom_filter_contains_unique_size_u64,0,NVIDIA RTX PRO 6000 Blackwell Server Edition,I64,U64,64,1,2,2,1000000000,2,Yes,,,,,,,,,,
pfp_bloom_filter_contains_unique_size_u64,0,NVIDIA RTX PRO 6000 Blackwell Server Edition,I64,U64,64,1,2,2,1000000000,4,Yes,,,,,,,,,,
pfp_bloom_filter_contains_unique_size_u64,0,NVIDIA RTX PRO 6000 Blackwell Server Edition,I64,U64,64,1,2,2,1000000000,8,Yes,,,,,,,,,,
pfp_bloom_filter_contains_unique_size_u64,0,NVIDIA RTX PRO 6000 Blackwell Server Edition,I64,U64,64,1,2,2,1000000000,16,Yes,,,,,,,,,,
pfp_bloom_filter_contains_unique_size_u64,0,NVIDIA RTX PRO 6000 Blackwell Server Edition,I64,U64,64,1,2,2,1000000000,32,Yes,,,,,,,,,,
pfp_bloom_filter_contains_unique_size_u64,0,NVIDIA RTX PRO 6000 Blackwell Server Edition,I64,U64,64,1,2,2,1000000000,64,Yes,,,,,,,,,,
pfp_bloom_filter_contains_unique_size_u64,0,NVIDIA RTX PRO 6000 Blackwell Server Edition,I64,U64,64,1,2,2,1000000000,128,Yes,,,,,,,,,,
pfp_bloom_filter_contains_unique_size_u64,0,NVIDIA RTX PRO 6000 Blackwell Server Edition,I64,U64,64,1,2,2,1000000000,256,Yes,,,,,,,,,,
pfp_bloom_filter_contains_unique_size_u64,0,NVIDIA RTX PRO 6000 Blackwell Server Edition,I64,U64,64,1,2,2,1000000000,512,Yes,,,,,,,,,,
pfp_bloom_filter_contains_unique_size_u64,0,NVIDIA RTX PRO 6000 Blackwell Server Edition,I64,U64,64,1,2,2,1000000000,1024,Yes,,,,,,,,,,
pfp_bloom_filter_contains_unique_size_u64,0,NVIDIA RTX PRO 6000 Blackwell Server Edition,I64,U64,64,1,2,2,1000000000,2048,Yes,,,,,,,,,,
pfp_bloom_filter_contains_unique_size_u64,0,NVIDIA RTX PRO 6000 Blackwell Server Edition,I64,U64,64,1,2,4,1000000000,1,Yes,,,,,,,,,,
pfp_bloom_filter_contains_unique_size_u64,0,NVIDIA RTX PRO 6000 Blackwell Server Edition,I64,U64,64,1,2,4,1000000000,2,Yes,,,,,,,,,,
pfp_bloom_filter_contains_unique_size_u64,0,NVIDIA RTX PRO 6000 Blackwell Server Edition,I64,U64,64,1,2,4,1000000000,4,Yes,,,,,,,,,,
pfp_bloom_filter_contains_unique_size_u64,0,NVIDIA RTX PRO 6000 Blackwell Server Edition,I64,U64,64,1,2,4,1000000000,8,Yes,,,,,,,,,,
pfp_bloom_filter_contains_unique_size_u64,0,NVIDIA RTX PRO 6000 Blackwell Server Edition,I64,U64,64,1,2,4,1000000000,16,Yes,,,,,,,,,,
pfp_bloom_filter_contains_unique_size_u64,0,NVIDIA RTX PRO 6000 Blackwell Server Edition,I64,U64,64,1,2,4,1000000000,32,Yes,,,,,,,,,,
pfp_bloom_filter_contains_unique_size_u64,0,NVIDIA RTX PRO 6000 Blackwell Server Edition,I64,U64,64,1,2,4,1000000000,64,Yes,,,,,,,,,,
pfp_bloom_filter_contains_unique_size_u64,0,NVIDIA RTX PRO 6000 Blackwell Server Edition,I64,U64,64,1,2,4,1000000000,128,Yes,,,,,,,,,,
pfp_bloom_filter_contains_unique_size_u64,0,NVIDIA RTX PRO 6000 Blackwell Server Edition,I64,U64,64,1,2,4,1000000000,256,Yes,,,,,,,,,,
pfp_bloom_filter_contains_unique_size_u64,0,NVIDIA RTX PRO 6000 Blackwell Server Edition,I64,U64,64,1,2,4,1000000000,512,Yes,,,,,,,,,,
pfp_bloom_filter_contains_unique_size_u64,0,NVIDIA RTX PRO 6000 Blackwell Server Edition,I64,U64,64,1,2,4,1000000000,1024,Yes,,,,,,,,,,
pfp_bloom_filter_contains_unique_size_u64,0,NVIDIA RTX PRO 6000 Blackwell Server Edition,I64,U64,64,1,2,4,1000000000,2048,Yes,,,,,,,,,,
pfp_bloom_filter_contains_unique_size_u64,0,NVIDIA RTX PRO 6000 Blackwell Server Edition,I64,U64,64,1,2,8,1000000000,1,Yes,,,,,,,,,,
pfp_bloom_filter_contains_unique_size_u64,0,NVIDIA RTX PRO 6000 Blackwell Server Edition,I64,U64,64,1,2,8,1000000000,2,Yes,,,,,,,,,,
pfp_bloom_filter_contains_unique_size_u64,0,NVIDIA RTX PRO 6000 Blackwell Server Edition,I64,U64,64,1,2,8,1000000000,4,Yes,,,,,,,,,,
pfp_bloom_filter_contains_unique_size_u64,0,NVIDIA RTX PRO 6000 Blackwell Server Edition,I64,U64,64,1,2,8,1000000000,8,Yes,,,,,,,,,,
pfp_bloom_filter_contains_unique_size_u64,0,NVIDIA RTX PRO 6000 Blackwell Server Edition,I64,U64,64,1,2,8,1000000000,16,Yes,,,,,,,,,,
pfp_bloom_filter_contains_unique_size_u64,0,NVIDIA RTX PRO 6000 Blackwell Server Edition,I64,U64,64,1,2,8,1000000000,32,Yes,,,,,,,,,,
pfp_bloom_filter_contains_unique_size_u64,0,NVIDIA RTX PRO 6000 Blackwell Server Edition,I64,U64,64,1,2,8,1000000000,64,Yes,,,,,,,,,,
pfp_bloom_filter_contains_unique_size_u64,0,NVIDIA RTX PRO 6000 Blackwell Server Edition,I64,U64,64,1,2,8,1000000000,128,Yes,,,,,,,,,,
pfp_bloom_filter_contains_unique_size_u64,0,NVIDIA RTX PRO 6000 Blackwell Server Edition,I64,U64,64,1,2,8,1000000000,256,Yes,,,,,,,,,,
pfp_bloom_filter_contains_unique_size_u64,0,NVIDIA RTX PRO 6000 Blackwell Server Edition,I64,U64,64,1,2,8,1000000000,512,Yes,,,,,,,,,,
pfp_bloom_filter_contains_unique_size_u64,0,NVIDIA RTX PRO 6000 Blackwell Server Edition,I64,U64,64,1,2,8,1000000000,1024,Yes,,,,,,,,,,
pfp_bloom_filter_contains_unique_size_u64,0,NVIDIA RTX PRO 6000 Blackwell Server Edition,I64,U64,64,1,2,8,1000000000,2048,Yes,,,,,,,,,,
pfp_bloom_filter_contains_unique_size_u64,0,NVIDIA RTX PRO 6000 Blackwell Server Edition,I64,U64,64,1,4,1,1000000000,1,Yes,,,,,,,,,,
pfp_bloom_filter_contains_unique_size_u64,0,NVIDIA RTX PRO 6000 Blackwell Server Edition,I64,U64,64,1,4,1,1000000000,2,Yes,,,,,,,,,,
pfp_bloom_filter_contains_unique_size_u64,0,NVIDIA RTX PRO 6000 Blackwell Server Edition,I64,U64,64,1,4,1,1000000000,4,Yes,,,,,,,,,,
pfp_bloom_filter_contains_unique_size_u64,0,NVIDIA RTX PRO 6000 Blackwell Server Edition,I64,U64,64,1,4,1,1000000000,8,Yes,,,,,,,,,,
pfp_bloom_filter_contains_unique_size_u64,0,NVIDIA RTX PRO 6000 Blackwell Server Edition,I64,U64,64,1,4,1,1000000000,16,Yes,,,,,,,,,,
pfp_bloom_filter_contains_unique_size_u64,0,NVIDIA RTX PRO 6000 Blackwell Server Edition,I64,U64,64,1,4,1,1000000000,32,Yes,,,,,,,,,,
pfp_bloom_filter_contains_unique_size_u64,0,NVIDIA RTX PRO 6000 Blackwell Server Edition,I64,U64,64,1,4,1,1000000000,64,Yes,,,,,,,,,,
pfp_bloom_filter_contains_unique_size_u64,0,NVIDIA RTX PRO 6000 Blackwell Server Edition,I64,U64,64,1,4,1,1000000000,128,Yes,,,,,,,,,,
pfp_bloom_filter_contains_unique_size_u64,0,NVIDIA RTX PRO 6000 Blackwell Server Edition,I64,U64,64,1,4,1,1000000000,256,Yes,,,,,,,,,,
pfp_bloom_filter_contains_unique_size_u64,0,NVIDIA RTX PRO 6000 Blackwell Server Edition,I64,U64,64,1,4,1,1000000000,512,Yes,,,,,,,,,,
pfp_bloom_filter_contains_unique_size_u64,0,NVIDIA RTX PRO 6000 Blackwell Server Edition,I64,U64,64,1,4,1,1000000000,1024,Yes,,,,,,,,,,
pfp_bloom_filter_contains_unique_size_u64,0,NVIDIA RTX PRO 6000 Blackwell Server Edition,I64,U64,64,1,4,1,1000000000,2048,Yes,,,,,,,,,,
pfp_bloom_filter_contains_unique_size_u64,0,NVIDIA RTX PRO 6000 Blackwell Server Edition,I64,U64,64,1,4,2,1000000000,1,Yes,,,,,,,,,,
pfp_bloom_filter_contains_unique_size_u64,0,NVIDIA RTX PRO 6000 Blackwell Server Edition,I64,U64,64,1,4,2,1000000000,2,Yes,,,,,,,,,,
pfp_bloom_filter_contains_unique_size_u64,0,NVIDIA RTX PRO 6000 Blackwell Server Edition,I64,U64,64,1,4,2,1000000000,4,Yes,,,,,,,,,,
pfp_bloom_filter_contains_unique_size_u64,0,NVIDIA RTX PRO 6000 Blackwell Server Edition,I64,U64,64,1,4,2,1000000000,8,Yes,,,,,,,,,,
pfp_bloom_filter_contains_unique_size_u64,0,NVIDIA RTX PRO 6000 Blackwell Server Edition,I64,U64,64,1,4,2,1000000000,16,Yes,,,,,,,,,,
pfp_bloom_filter_contains_unique_size_u64,0,NVIDIA RTX PRO 6000 Blackwell Server Edition,I64,U64,64,1,4,2,1000000000,32,Yes,,,,,,,,,,
pfp_bloom_filter_contains_unique_size_u64,0,NVIDIA RTX PRO 6000 Blackwell Server Edition,I64,U64,64,1,4,2,1000000000,64,Yes,,,,,,,,,,
pfp_bloom_filter_contains_unique_size_u64,0,NVIDIA RTX PRO 6000 Blackwell Server Edition,I64,U64,64,1,4,2,1000000000,128,Yes,,,,,,,,,,
pfp_bloom_filter_contains_unique_size_u64,0,NVIDIA RTX PRO 6000 Blackwell Server Edition,I64,U64,64,1,4,2,1000000000,256,Yes,,,,,,,,,,
pfp_bloom_filter_contains_unique_size_u64,0,NVIDIA RTX PRO 6000 Blackwell Server Edition,I64,U64,64,1,4,2,1000000000,512,Yes,,,,,,,,,,
pfp_bloom_filter_contains_unique_size_u64,0,NVIDIA RTX PRO 6000 Blackwell Server Edition,I64,U64,64,1,4,2,1000000000,1024,Yes,,,,,,,,,,
pfp_bloom_filter_contains_unique_size_u64,0,NVIDIA RTX PRO 6000 Blackwell Server Edition,I64,U64,64,1,4,2,1000000000,2048,Yes,,,,,,,,,,
pfp_bloom_filter_contains_unique_size_u64,0,NVIDIA RTX PRO 6000 Blackwell Server Edition,I64,U64,64,1,4,4,1000000000,1,Yes,,,,,,,,,,
pfp_bloom_filter_contains_unique_size_u64,0,NVIDIA RTX PRO 6000 Blackwell Server Edition,I64,U64,64,1,4,4,1000000000,2,Yes,,,,,,,,,,
pfp_bloom_filter_contains_unique_size_u64,0,NVIDIA RTX PRO 6000 Blackwell Server Edition,I64,U64,64,1,4,4,1000000000,4,Yes,,,,,,,,,,
pfp_bloom_filter_contains_unique_size_u64,0,NVIDIA RTX PRO 6000 Blackwell Server Edition,I64,U64,64,1,4,4,1000000000,8,Yes,,,,,,,,,,
pfp_bloom_filter_contains_unique_size_u64,0,NVIDIA RTX PRO 6000 Blackwell Server Edition,I64,U64,64,1,4,4,1000000000,16,Yes,,,,,,,,,,
pfp_bloom_filter_contains_unique_size_u64,0,NVIDIA RTX PRO 6000 Blackwell Server Edition,I64,U64,64,1,4,4,1000000000,32,Yes,,,,,,,,,,
pfp_bloom_filter_contains_unique_size_u64,0,NVIDIA RTX PRO 6000 Blackwell Server Edition,I64,U64,64,1,4,4,1000000000,64,Yes,,,,,,,,,,
pfp_bloom_filter_contains_unique_size_u64,0,NVIDIA RTX PRO 6000 Blackwell Server Edition,I64,U64,64,1,4,4,1000000000,128,Yes,,,,,,,,,,
pfp_bloom_filter_contains_unique_size_u64,0,NVIDIA RTX PRO 6000 Blackwell Server Edition,I64,U64,64,1,4,4,1000000000,256,Yes,,,,,,,,,,
pfp_bloom_filter_contains_unique_size_u64,0,NVIDIA RTX PRO 6000 Blackwell Server Edition,I64,U64,64,1,4,4,1000000000,512,Yes,,,,,,,,,,
pfp_bloom_filter_contains_unique_size_u64,0,NVIDIA RTX PRO 6000 Blackwell Server Edition,I64,U64,64,1,4,4,1000000000,1024,Yes,,,,,,,,,,
pfp_bloom_filter_contains_unique_size_u64,0,NVIDIA RTX PRO 6000 Blackwell Server Edition,I64,U64,64,1,4,4,1000000000,2048,Yes,,,,,,,,,,
pfp_bloom_filter_contains_unique_size_u64,0,NVIDIA RTX PRO 6000 Blackwell Server Edition,I64,U64,64,1,4,8,1000000000,1,Yes,,,,,,,,,,
pfp_bloom_filter_contains_unique_size_u64,0,NVIDIA RTX PRO 6000 Blackwell Server Edition,I64,U64,64,1,4,8,1000000000,2,Yes,,,,,,,,,,
pfp_bloom_filter_contains_unique_size_u64,0,NVIDIA RTX PRO 6000 Blackwell Server Edition,I64,U64,64,1,4,8,1000000000,4,Yes,,,,,,,,,,
pfp_bloom_filter_contains_unique_size_u64,0,NVIDIA RTX PRO 6000 Blackwell Server Edition,I64,U64,64,1,4,8,1000000000,8,Yes,,,,,,,,,,
pfp_bloom_filter_contains_unique_size_u64,0,NVIDIA RTX PRO 6000 Blackwell Server Edition,I64,U64,64,1,4,8,1000000000,16,Yes,,,,,,,,,,
pfp_bloom_filter_contains_unique_size_u64,0,NVIDIA RTX PRO 6000 Blackwell Server Edition,I64,U64,64,1,4,8,1000000000,32,Yes,,,,,,,,,,
pfp_bloom_filter_contains_unique_size_u64,0,NVIDIA RTX PRO 6000 Blackwell Server Edition,I64,U64,64,1,4,8,1000000000,64,Yes,,,,,,,,,,
pfp_bloom_filter_contains_unique_size_u64,0,NVIDIA RTX PRO 6000 Blackwell Server Edition,I64,U64,64,1,4,8,1000000000,128,Yes,,,,,,,,,,
pfp_bloom_filter_contains_unique_size_u64,0,NVIDIA RTX PRO 6000 Blackwell Server Edition,I64,U64,64,1,4,8,1000000000,256,Yes,,,,,,,,,,
pfp_bloom_filter_contains_unique_size_u64,0,NVIDIA RTX PRO 6000 Blackwell Server Edition,I64,U64,64,1,4,8,1000000000,512,Yes,,,,,,,,,,
pfp_bloom_filter_contains_unique_size_u64,0,NVIDIA RTX PRO 6000 Blackwell Server Edition,I64,U64,64,1,4,8,1000000000,1024,Yes,,,,,,,,,,
pfp_bloom_filter_contains_unique_size_u64,0,NVIDIA RTX PRO 6000 Blackwell Server Edition,I64,U64,64,1,4,8,1000000000,2048,Yes,,,,,,,,,,
pfp_bloom_filter_contains_unique_size_u64,0,NVIDIA RTX PRO 6000 Blackwell Server Edition,I64,U64,64,1,8,1,1000000000,1,Yes,,,,,,,,,,
pfp_bloom_filter_contains_unique_size_u64,0,NVIDIA RTX PRO 6000 Blackwell Server Edition,I64,U64,64,1,8,1,1000000000,2,Yes,,,,,,,,,,
pfp_bloom_filter_contains_unique_size_u64,0,NVIDIA RTX PRO 6000 Blackwell Server Edition,I64,U64,64,1,8,1,1000000000,4,Yes,,,,,,,,,,
pfp_bloom_filter_contains_unique_size_u64,0,NVIDIA RTX PRO 6000 Blackwell Server Edition,I64,U64,64,1,8,1,1000000000,8,Yes,,,,,,,,,,
pfp_bloom_filter_contains_unique_size_u64,0,NVIDIA RTX PRO 6000 Blackwell Server Edition,I64,U64,64,1,8,1,1000000000,16,Yes,,,,,,,,,,
pfp_bloom_filter_contains_unique_size_u64,0,NVIDIA RTX PRO 6000 Blackwell Server Edition,I64,U64,64,1,8,1,1000000000,32,Yes,,,,,,,,,,
pfp_bloom_filter_contains_unique_size_u64,0,NVIDIA RTX PRO 6000 Blackwell Server Edition,I64,U64,64,1,8,1,1000000000,64,Yes,,,,,,,,,,
pfp_bloom_filter_contains_unique_size_u64,0,NVIDIA RTX PRO 6000 Blackwell Server Edition,I64,U64,64,1,8,1,1000000000,128,Yes,,,,,,,,,,
pfp_bloom_filter_contains_unique_size_u64,0,NVIDIA RTX PRO 6000 Blackwell Server Edition,I64,U64,64,1,8,1,1000000000,256,Yes,,,,,,,,,,
pfp_bloom_filter_contains_unique_size_u64,0,NVIDIA RTX PRO 6000 Blackwell Server Edition,I64,U64,64,1,8,1,1000000000,512,Yes,,,,,,,,,,
pfp_bloom_filter_contains_unique_size_u64,0,NVIDIA RTX PRO 6000 Blackwell Server Edition,I64,U64,64,1,8,1,1000000000,1024,Yes,,,,,,,,,,
pfp_bloom_filter_contains_unique_size_u64,0,NVIDIA RTX PRO 6000 Blackwell Server Edition,I64,U64,64,1,8,1,1000000000,2048,Yes,,,,,,,,,,
pfp_bloom_filter_contains_unique_size_u64,0,NVIDIA RTX PRO 6000 Blackwell Server Edition,I64,U64,64,1,8,2,1000000000,1,Yes,,,,,,,,,,
pfp_bloom_filter_contains_unique_size_u64,0,NVIDIA RTX PRO 6000 Blackwell Server Edition,I64,U64,64,1,8,2,1000000000,2,Yes,,,,,,,,,,
pfp_bloom_filter_contains_unique_size_u64,0,NVIDIA RTX PRO 6000 Blackwell Server Edition,I64,U64,64,1,8,2,1000000000,4,Yes,,,,,,,,,,
pfp_bloom_filter_contains_unique_size_u64,0,NVIDIA RTX PRO 6000 Blackwell Server Edition,I64,U64,64,1,8,2,1000000000,8,Yes,,,,,,,,,,
pfp_bloom_filter_contains_unique_size_u64,0,NVIDIA RTX PRO 6000 Blackwell Server Edition,I64,U64,64,1,8,2,1000000000,16,Yes,,,,,,,,,,
pfp_bloom_filter_contains_unique_size_u64,0,NVIDIA RTX PRO 6000 Blackwell Server Edition,I64,U64,64,1,8,2,1000000000,32,Yes,,,,,,,,,,
pfp_bloom_filter_contains_unique_size_u64,0,NVIDIA RTX PRO 6000 Blackwell Server Edition,I64,U64,64,1,8,2,1000000000,64,Yes,,,,,,,,,,
pfp_bloom_filter_contains_unique_size_u64,0,NVIDIA RTX PRO 6000 Blackwell Server Edition,I64,U64,64,1,8,2,1000000000,128,Yes,,,,,,,,,,
pfp_bloom_filter_contains_unique_size_u64,0,NVIDIA RTX PRO 6000 Blackwell Server Edition,I64,U64,64,1,8,2,1000000000,256,Yes,,,,,,,,,,
pfp_bloom_filter_contains_unique_size_u64,0,NVIDIA RTX PRO 6000 Blackwell Server Edition,I64,U64,64,1,8,2,1000000000,512,Yes,,,,,,,,,,
pfp_bloom_filter_contains_unique_size_u64,0,NVIDIA RTX PRO 6000 Blackwell Server Edition,I64,U64,64,1,8,2,1000000000,1024,Yes,,,,,,,,,,
pfp_bloom_filter_contains_unique_size_u64,0,NVIDIA RTX PRO 6000 Blackwell Server Edition,I64,U64,64,1,8,2,1000000000,2048,Yes,,,,,,,,,,
pfp_bloom_filter_contains_unique_size_u64,0,NVIDIA RTX PRO 6000 Blackwell Server Edition,I64,U64,64,1,8,4,1000000000,1,Yes,,,,,,,,,,
pfp_bloom_filter_contains_unique_size_u64,0,NVIDIA RTX PRO 6000 Blackwell Server Edition,I64,U64,64,1,8,4,1000000000,2,Yes,,,,,,,,,,
pfp_bloom_filter_contains_unique_size_u64,0,NVIDIA RTX PRO 6000 Blackwell Server Edition,I64,U64,64,1,8,4,1000000000,4,Yes,,,,,,,,,,
pfp_bloom_filter_contains_unique_size_u64,0,NVIDIA RTX PRO 6000 Blackwell Server Edition,I64,U64,64,1,8,4,1000000000,8,Yes,,,,,,,,,,
pfp_bloom_filter_contains_unique_size_u64,0,NVIDIA RTX PRO 6000 Blackwell Server Edition,I64,U64,64,1,8,4,1000000000,16,Yes,,,,,,,,,,
pfp_bloom_filter_contains_unique_size_u64,0,NVIDIA RTX PRO 6000 Blackwell Server Edition,I64,U64,64,1,8,4,1000000000,32,Yes,,,,,,,,,,
pfp_bloom_filter_contains_unique_size_u64,0,NVIDIA RTX PRO 6000 Blackwell Server Edition,I64,U64,64,1,8,4,1000000000,64,Yes,,,,,,,,,,
pfp_bloom_filter_contains_unique_size_u64,0,NVIDIA RTX PRO 6000 Blackwell Server Edition,I64,U64,64,1,8,4,1000000000,128,Yes,,,,,,,,,,
pfp_bloom_filter_contains_unique_size_u64,0,NVIDIA RTX PRO 6000 Blackwell Server Edition,I64,U64,64,1,8,4,1000000000,256,Yes,,,,,,,,,,
pfp_bloom_filter_contains_unique_size_u64,0,NVIDIA RTX PRO 6000 Blackwell Server Edition,I64,U64,64,1,8,4,1000000000,512,Yes,,,,,,,,,,
pfp_bloom_filter_contains_unique_size_u64,0,NVIDIA RTX PRO 6000 Blackwell Server Edition,I64,U64,64,1,8,4,1000000000,1024,Yes,,,,,,,,,,
pfp_bloom_filter_contains_unique_size_u64,0,NVIDIA RTX PRO 6000 Blackwell Server Edition,I64,U64,64,1,8,4,1000000000,2048,Yes,,,,,,,,,,
pfp_bloom_filter_contains_unique_size_u64,0,NVIDIA RTX PRO 6000 Blackwell Server Edition,I64,U64,64,1,8,8,1000000000,1,Yes,,,,,,,,,,
pfp_bloom_filter_contains_unique_size_u64,0,NVIDIA RTX PRO 6000 Blackwell Server Edition,I64,U64,64,1,8,8,1000000000,2,Yes,,,,,,,,,,
pfp_bloom_filter_contains_unique_size_u64,0,NVIDIA RTX PRO 6000 Blackwell Server Edition,I64,U64,64,1,8,8,1000000000,4,Yes,,,,,,,,,,
pfp_bloom_filter_contains_unique_size_u64,0,NVIDIA RTX PRO 6000 Blackwell Server Edition,I64,U64,64,1,8,8,1000000000,8,Yes,,,,,,,,,,
pfp_bloom_filter_contains_unique_size_u64,0,NVIDIA RTX PRO 6000 Blackwell Server Edition,I64,U64,64,1,8,8,1000000000,16,Yes,,,,,,,,,,
pfp_bloom_filter_contains_unique_size_u64,0,NVIDIA RTX PRO 6000 Blackwell Server Edition,I64,U64,64,1,8,8,1000000000,32,Yes,,,,,,,,,,
pfp_bloom_filter_contains_unique_size_u64,0,NVIDIA RTX PRO 6000 Blackwell Server Edition,I64,U64,64,1,8,8,1000000000,64,Yes,,,,,,,,,,
pfp_bloom_filter_contains_unique_size_u64,0,NVIDIA RTX PRO 6000 Blackwell Server Edition,I64,U64,64,1,8,8,1000000000,128,Yes,,,,,,,,,,
pfp_bloom_filter_contains_unique_size_u64,0,NVIDIA RTX PRO 6000 Blackwell Server Edition,I64,U64,64,1,8,8,1000000000,256,Yes,,,,,,,,,,
pfp_bloom_filter_contains_unique_size_u64,0,NVIDIA RTX PRO 6000 Blackwell Server Edition,I64,U64,64,1,8,8,1000000000,512,Yes,,,,,,,,,,
pfp_bloom_filter_contains_unique_size_u64,0,NVIDIA RTX PRO 6000 Blackwell Server Edition,I64,U64,64,1,8,8,1000000000,1024,Yes,,,,,,,,,,
pfp_bloom_filter_contains_unique_size_u64,0,NVIDIA RTX PRO 6000 Blackwell Server Edition,I64,U64,64,1,8,8,1000000000,2048,Yes,,,,,,,,,,
pfp_bloom_filter_contains_unique_size_u64,0,NVIDIA RTX PRO 6000 Blackwell Server Edition,I64,U64,64,20,1,1,1000000000,1,No,0.000828535,20,63,0.007968134634920633,0.016602137668727257,0.007958118090553891,0.016616752991778103,125657848830.74023,65,0.008086219200721154
pfp_bloom_filter_contains_unique_size_u64,0,NVIDIA RTX PRO 6000 Blackwell Server Edition,I64,U64,64,20,1,1,1000000000,2,No,0.000850165,20,62,0.00809578720967742,0.01570184069261805,0.008086646233835528,0.015696299427762853,123660658706.18604,64,0.008173103332519532
pfp_bloom_filter_contains_unique_size_u64,0,NVIDIA RTX PRO 6000 Blackwell Server Edition,I64,U64,64,20,1,1,1000000000,4,No,0.000822033,20,62,0.008158558596774194,0.01722988492809641,0.008148831505929271,0.017254418006943134,122716980866.81235,64,0.008235519409179687
pfp_bloom_filter_contains_unique_size_u64,0,NVIDIA RTX PRO 6000 Blackwell Server Edition,I64,U64,64,20,1,1,1000000000,8,No,0.000858489,20,62,0.008192028354838713,0.01739789216022145,0.008181867837905884,0.01740885139111194,122221480450.59915,63,0.008266572498139882
pfp_bloom_filter_contains_unique_size_u64,0,NVIDIA RTX PRO 6000 Blackwell Server Edition,I64,U64,64,20,1,1,1000000000,16,No,0.000846091,20,61,0.008212981295081969,0.017587119807158522,0.008202723620367829,0.017610798179366262,121910727007.42265,63,0.008279015919518849
pfp_bloom_filter_contains_unique_size_u64,0,NVIDIA RTX PRO 6000 Blackwell Server Edition,I64,U64,64,20,1,1,1000000000,32,No,0.000850922,20,61,0.008256595229508197,0.018504157981864163,0.008247054670677807,0.018506162954329674,121255410559.53886,63,0.008300787062872024
pfp_bloom_filter_contains_unique_size_u64,0,NVIDIA RTX PRO 6000 Blackwell Server Edition,I64,U64,64,20,1,1,1000000000,64,No,0.000842597,20,61,0.008329219016393446,0.0177392983393533,0.008319653245269275,0.017751261900419018,120197317186.10033,63,0.008303712875124008
pfp_bloom_filter_contains_unique_size_u64,0,NVIDIA RTX PRO 6000 Blackwell Server Edition,I64,U64,64,20,1,1,1000000000,128,No,0.000846029,20,19,0.027440478631578953,0.0001160149398883252,0.027429404610081726,0.00010617401436058132,36457225893.72021,20,0.027287655735015865
pfp_bloom_filter_contains_unique_size_u64,0,NVIDIA RTX PRO 6000 Blackwell Server Edition,I64,U64,64,20,1,1,1000000000,256,No,0.000845882,20,11,0.056289124272727274,8.674556712454512e-05,0.056278611963445496,8.357627590863997e-05,17768739581.735374,12,0.05620061492919922
pfp_bloom_filter_contains_unique_size_u64,0,NVIDIA RTX PRO 6000 Blackwell Server Edition,I64,U64,64,20,1,1,1000000000,512,No,0.000845317,20,11,0.06445261181818183,7.703736442926232e-05,0.06444187372381037,7.072709642029684e-05,15517860394.40554,12,0.06436872418721516
pfp_bloom_filter_contains_unique_size_u64,0,NVIDIA RTX PRO 6000 Blackwell Server Edition,I64,U64,64,20,1,1,1000000000,1024,No,0.000844199,20,11,0.06774975281818182,7.399321194628353e-05,0.06773800104314631,7.518374627676754e-05,14762762180.759382,12,0.06766165351867676
pfp_bloom_filter_contains_unique_size_u64,0,NVIDIA RTX PRO 6000 Blackwell Server Edition,I64,U64,64,20,1,1,1000000000,2048,No,0.000845456,20,11,0.06923261990909092,6.742532513991635e-05,0.06922115325927734,6.281730628925114e-05,14446451018.438866,12,0.06915046374003093
pfp_bloom_filter_contains_unique_size_u64,0,NVIDIA RTX PRO 6000 Blackwell Server Edition,I64,U64,64,20,1,2,1000000000,1,Yes,,,,,,,,,,
pfp_bloom_filter_contains_unique_size_u64,0,NVIDIA RTX PRO 6000 Blackwell Server Edition,I64,U64,64,20,1,2,1000000000,2,Yes,,,,,,,,,,
pfp_bloom_filter_contains_unique_size_u64,0,NVIDIA RTX PRO 6000 Blackwell Server Edition,I64,U64,64,20,1,2,1000000000,4,Yes,,,,,,,,,,
pfp_bloom_filter_contains_unique_size_u64,0,NVIDIA RTX PRO 6000 Blackwell Server Edition,I64,U64,64,20,1,2,1000000000,8,Yes,,,,,,,,,,
pfp_bloom_filter_contains_unique_size_u64,0,NVIDIA RTX PRO 6000 Blackwell Server Edition,I64,U64,64,20,1,2,1000000000,16,Yes,,,,,,,,,,
pfp_bloom_filter_contains_unique_size_u64,0,NVIDIA RTX PRO 6000 Blackwell Server Edition,I64,U64,64,20,1,2,1000000000,32,Yes,,,,,,,,,,
pfp_bloom_filter_contains_unique_size_u64,0,NVIDIA RTX PRO 6000 Blackwell Server Edition,I64,U64,64,20,1,2,1000000000,64,Yes,,,,,,,,,,
pfp_bloom_filter_contains_unique_size_u64,0,NVIDIA RTX PRO 6000 Blackwell Server Edition,I64,U64,64,20,1,2,1000000000,128,Yes,,,,,,,,,,
pfp_bloom_filter_contains_unique_size_u64,0,NVIDIA RTX PRO 6000 Blackwell Server Edition,I64,U64,64,20,1,2,1000000000,256,Yes,,,,,,,,,,
pfp_bloom_filter_contains_unique_size_u64,0,NVIDIA RTX PRO 6000 Blackwell Server Edition,I64,U64,64,20,1,2,1000000000,512,Yes,,,,,,,,,,
pfp_bloom_filter_contains_unique_size_u64,0,NVIDIA RTX PRO 6000 Blackwell Server Edition,I64,U64,64,20,1,2,1000000000,1024,Yes,,,,,,,,,,
pfp_bloom_filter_contains_unique_size_u64,0,NVIDIA RTX PRO 6000 Blackwell Server Edition,I64,U64,64,20,1,2,1000000000,2048,Yes,,,,,,,,,,
pfp_bloom_filter_contains_unique_size_u64,0,NVIDIA RTX PRO 6000 Blackwell Server Edition,I64,U64,64,20,1,4,1000000000,1,Yes,,,,,,,,,,
pfp_bloom_filter_contains_unique_size_u64,0,NVIDIA RTX PRO 6000 Blackwell Server Edition,I64,U64,64,20,1,4,1000000000,2,Yes,,,,,,,,,,
pfp_bloom_filter_contains_unique_size_u64,0,NVIDIA RTX PRO 6000 Blackwell Server Edition,I64,U64,64,20,1,4,1000000000,4,Yes,,,,,,,,,,
pfp_bloom_filter_contains_unique_size_u64,0,NVIDIA RTX PRO 6000 Blackwell Server Edition,I64,U64,64,20,1,4,1000000000,8,Yes,,,,,,,,,,
pfp_bloom_filter_contains_unique_size_u64,0,NVIDIA RTX PRO 6000 Blackwell Server Edition,I64,U64,64,20,1,4,1000000000,16,Yes,,,,,,,,,,
pfp_bloom_filter_contains_unique_size_u64,0,NVIDIA RTX PRO 6000 Blackwell Server Edition,I64,U64,64,20,1,4,1000000000,32,Yes,,,,,,,,,,
pfp_bloom_filter_contains_unique_size_u64,0,NVIDIA RTX PRO 6000 Blackwell Server Edition,I64,U64,64,20,1,4,1000000000,64,Yes,,,,,,,,,,
pfp_bloom_filter_contains_unique_size_u64,0,NVIDIA RTX PRO 6000 Blackwell Server Edition,I64,U64,64,20,1,4,1000000000,128,Yes,,,,,,,,,,
pfp_bloom_filter_contains_unique_size_u64,0,NVIDIA RTX PRO 6000 Blackwell Server Edition,I64,U64,64,20,1,4,1000000000,256,Yes,,,,,,,,,,
pfp_bloom_filter_contains_unique_size_u64,0,NVIDIA RTX PRO 6000 Blackwell Server Edition,I64,U64,64,20,1,4,1000000000,512,Yes,,,,,,,,,,
pfp_bloom_filter_contains_unique_size_u64,0,NVIDIA RTX PRO 6000 Blackwell Server Edition,I64,U64,64,20,1,4,1000000000,1024,Yes,,,,,,,,,,
pfp_bloom_filter_contains_unique_size_u64,0,NVIDIA RTX PRO 6000 Blackwell Server Edition,I64,U64,64,20,1,4,1000000000,2048,Yes,,,,,,,,,,
pfp_bloom_filter_contains_unique_size_u64,0,NVIDIA RTX PRO 6000 Blackwell Server Edition,I64,U64,64,20,1,8,1000000000,1,Yes,,,,,,,,,,
pfp_bloom_filter_contains_unique_size_u64,0,NVIDIA RTX PRO 6000 Blackwell Server Edition,I64,U64,64,20,1,8,1000000000,2,Yes,,,,,,,,,,
pfp_bloom_filter_contains_unique_size_u64,0,NVIDIA RTX PRO 6000 Blackwell Server Edition,I64,U64,64,20,1,8,1000000000,4,Yes,,,,,,,,,,
pfp_bloom_filter_contains_unique_size_u64,0,NVIDIA RTX PRO 6000 Blackwell Server Edition,I64,U64,64,20,1,8,1000000000,8,Yes,,,,,,,,,,
pfp_bloom_filter_contains_unique_size_u64,0,NVIDIA RTX PRO 6000 Blackwell Server Edition,I64,U64,64,20,1,8,1000000000,16,Yes,,,,,,,,,,
pfp_bloom_filter_contains_unique_size_u64,0,NVIDIA RTX PRO 6000 Blackwell Server Edition,I64,U64,64,20,1,8,1000000000,32,Yes,,,,,,,,,,
pfp_bloom_filter_contains_unique_size_u64,0,NVIDIA RTX PRO 6000 Blackwell Server Edition,I64,U64,64,20,1,8,1000000000,64,Yes,,,,,,,,,,
pfp_bloom_filter_contains_unique_size_u64,0,NVIDIA RTX PRO 6000 Blackwell Server Edition,I64,U64,64,20,1,8,1000000000,128,Yes,,,,,,,,,,
pfp_bloom_filter_contains_unique_size_u64,0,NVIDIA RTX PRO 6000 Blackwell Server Edition,I64,U64,64,20,1,8,1000000000,256,Yes,,,,,,,,,,
pfp_bloom_filter_contains_unique_size_u64,0,NVIDIA RTX PRO 6000 Blackwell Server Edition,I64,U64,64,20,1,8,1000000000,512,Yes,,,,,,,,,,
pfp_bloom_filter_contains_unique_size_u64,0,NVIDIA RTX PRO 6000 Blackwell Server Edition,I64,U64,64,20,1,8,1000000000,1024,Yes,,,,,,,,,,
pfp_bloom_filter_contains_unique_size_u64,0,NVIDIA RTX PRO 6000 Blackwell Server Edition,I64,U64,64,20,1,8,1000000000,2048,Yes,,,,,,,,,,
pfp_bloom_filter_contains_unique_size_u64,0,NVIDIA RTX PRO 6000 Blackwell Server Edition,I64,U64,64,20,2,1,1000000000,1,Yes,,,,,,,,,,
pfp_bloom_filter_contains_unique_size_u64,0,NVIDIA RTX PRO 6000 Blackwell Server Edition,I64,U64,64,20,2,1,1000000000,2,Yes,,,,,,,,,,
pfp_bloom_filter_contains_unique_size_u64,0,NVIDIA RTX PRO 6000 Blackwell Server Edition,I64,U64,64,20,2,1,1000000000,4,Yes,,,,,,,,,,
pfp_bloom_filter_contains_unique_size_u64,0,NVIDIA RTX PRO 6000 Blackwell Server Edition,I64,U64,64,20,2,1,1000000000,8,Yes,,,,,,,,,,
pfp_bloom_filter_contains_unique_size_u64,0,NVIDIA RTX PRO 6000 Blackwell Server Edition,I64,U64,64,20,2,1,1000000000,16,Yes,,,,,,,,,,
pfp_bloom_filter_contains_unique_size_u64,0,NVIDIA RTX PRO 6000 Blackwell Server Edition,I64,U64,64,20,2,1,1000000000,32,Yes,,,,,,,,,,
pfp_bloom_filter_contains_unique_size_u64,0,NVIDIA RTX PRO 6000 Blackwell Server Edition,I64,U64,64,20,2,1,1000000000,64,Yes,,,,,,,,,,
pfp_bloom_filter_contains_unique_size_u64,0,NVIDIA RTX PRO 6000 Blackwell Server Edition,I64,U64,64,20,2,1,1000000000,128,Yes,,,,,,,,,,
pfp_bloom_filter_contains_unique_size_u64,0,NVIDIA RTX PRO 6000 Blackwell Server Edition,I64,U64,64,20,2,1,1000000000,256,Yes,,,,,,,,,,
pfp_bloom_filter_contains_unique_size_u64,0,NVIDIA RTX PRO 6000 Blackwell Server Edition,I64,U64,64,20,2,1,1000000000,512,Yes,,,,,,,,,,
pfp_bloom_filter_contains_unique_size_u64,0,NVIDIA RTX PRO 6000 Blackwell Server Edition,I64,U64,64,20,2,1,1000000000,1024,Yes,,,,,,,,,,
pfp_bloom_filter_contains_unique_size_u64,0,NVIDIA RTX PRO 6000 Blackwell Server Edition,I64,U64,64,20,2,1,1000000000,2048,Yes,,,,,,,,,,
pfp_bloom_filter_contains_unique_size_u64,0,NVIDIA RTX PRO 6000 Blackwell Server Edition,I64,U64,64,20,2,2,1000000000,1,Yes,,,,,,,,,,
pfp_bloom_filter_contains_unique_size_u64,0,NVIDIA RTX PRO 6000 Blackwell Server Edition,I64,U64,64,20,2,2,1000000000,2,Yes,,,,,,,,,,
pfp_bloom_filter_contains_unique_size_u64,0,NVIDIA RTX PRO 6000 Blackwell Server Edition,I64,U64,64,20,2,2,1000000000,4,Yes,,,,,,,,,,
pfp_bloom_filter_contains_unique_size_u64,0,NVIDIA RTX PRO 6000 Blackwell Server Edition,I64,U64,64,20,2,2,1000000000,8,Yes,,,,,,,,,,
pfp_bloom_filter_contains_unique_size_u64,0,NVIDIA RTX PRO 6000 Blackwell Server Edition,I64,U64,64,20,2,2,1000000000,16,Yes,,,,,,,,,,
pfp_bloom_filter_contains_unique_size_u64,0,NVIDIA RTX PRO 6000 Blackwell Server Edition,I64,U64,64,20,2,2,1000000000,32,Yes,,,,,,,,,,
pfp_bloom_filter_contains_unique_size_u64,0,NVIDIA RTX PRO 6000 Blackwell Server Edition,I64,U64,64,20,2,2,1000000000,64,Yes,,,,,,,,,,
pfp_bloom_filter_contains_unique_size_u64,0,NVIDIA RTX PRO 6000 Blackwell Server Edition,I64,U64,64,20,2,2,1000000000,128,Yes,,,,,,,,,,
pfp_bloom_filter_contains_unique_size_u64,0,NVIDIA RTX PRO 6000 Blackwell Server Edition,I64,U64,64,20,2,2,1000000000,256,Yes,,,,,,,,,,
pfp_bloom_filter_contains_unique_size_u64,0,NVIDIA RTX PRO 6000 Blackwell Server Edition,I64,U64,64,20,2,2,1000000000,512,Yes,,,,,,,,,,
pfp_bloom_filter_contains_unique_size_u64,0,NVIDIA RTX PRO 6000 Blackwell Server Edition,I64,U64,64,20,2,2,1000000000,1024,Yes,,,,,,,,,,
pfp_bloom_filter_contains_unique_size_u64,0,NVIDIA RTX PRO 6000 Blackwell Server Edition,I64,U64,64,20,2,2,1000000000,2048,Yes,,,,,,,,,,
pfp_bloom_filter_contains_unique_size_u64,0,NVIDIA RTX PRO 6000 Blackwell Server Edition,I64,U64,64,20,2,4,1000000000,1,Yes,,,,,,,,,,
pfp_bloom_filter_contains_unique_size_u64,0,NVIDIA RTX PRO 6000 Blackwell Server Edition,I64,U64,64,20,2,4,1000000000,2,Yes,,,,,,,,,,
pfp_bloom_filter_contains_unique_size_u64,0,NVIDIA RTX PRO 6000 Blackwell Server Edition,I64,U64,64,20,2,4,1000000000,4,Yes,,,,,,,,,,
pfp_bloom_filter_contains_unique_size_u64,0,NVIDIA RTX PRO 6000 Blackwell Server Edition,I64,U64,64,20,2,4,1000000000,8,Yes,,,,,,,,,,
pfp_bloom_filter_contains_unique_size_u64,0,NVIDIA RTX PRO 6000 Blackwell Server Edition,I64,U64,64,20,2,4,1000000000,16,Yes,,,,,,,,,,
pfp_bloom_filter_contains_unique_size_u64,0,NVIDIA RTX PRO 6000 Blackwell Server Edition,I64,U64,64,20,2,4,1000000000,32,Yes,,,,,,,,,,
pfp_bloom_filter_contains_unique_size_u64,0,NVIDIA RTX PRO 6000 Blackwell Server Edition,I64,U64,64,20,2,4,1000000000,64,Yes,,,,,,,,,,
pfp_bloom_filter_contains_unique_size_u64,0,NVIDIA RTX PRO 6000 Blackwell Server Edition,I64,U64,64,20,2,4,1000000000,128,Yes,,,,,,,,,,
pfp_bloom_filter_contains_unique_size_u64,0,NVIDIA RTX PRO 6000 Blackwell Server Edition,I64,U64,64,20,2,4,1000000000,256,Yes,,,,,,,,,,
pfp_bloom_filter_contains_unique_size_u64,0,NVIDIA RTX PRO 6000 Blackwell Server Edition,I64,U64,64,20,2,4,1000000000,512,Yes,,,,,,,,,,
pfp_bloom_filter_contains_unique_size_u64,0,NVIDIA RTX PRO 6000 Blackwell Server Edition,I64,U64,64,20,2,4,1000000000,1024,Yes,,,,,,,,,,
pfp_bloom_filter_contains_unique_size_u64,0,NVIDIA RTX PRO 6000 Blackwell Server Edition,I64,U64,64,20,2,4,1000000000,2048,Yes,,,,,,,,,,
pfp_bloom_filter_contains_unique_size_u64,0,NVIDIA RTX PRO 6000 Blackwell Server Edition,I64,U64,64,20,2,8,1000000000,1,Yes,,,,,,,,,,
pfp_bloom_filter_contains_unique_size_u64,0,NVIDIA RTX PRO 6000 Blackwell Server Edition,I64,U64,64,20,2,8,1000000000,2,Yes,,,,,,,,,,
pfp_bloom_filter_contains_unique_size_u64,0,NVIDIA RTX PRO 6000 Blackwell Server Edition,I64,U64,64,20,2,8,1000000000,4,Yes,,,,,,,,,,
pfp_bloom_filter_contains_unique_size_u64,0,NVIDIA RTX PRO 6000 Blackwell Server Edition,I64,U64,64,20,2,8,1000000000,8,Yes,,,,,,,,,,
pfp_bloom_filter_contains_unique_size_u64,0,NVIDIA RTX PRO 6000 Blackwell Server Edition,I64,U64,64,20,2,8,1000000000,16,Yes,,,,,,,,,,
pfp_bloom_filter_contains_unique_size_u64,0,NVIDIA RTX PRO 6000 Blackwell Server Edition,I64,U64,64,20,2,8,1000000000,32,Yes,,,,,,,,,,
pfp_bloom_filter_contains_unique_size_u64,0,NVIDIA RTX PRO 6000 Blackwell Server Edition,I64,U64,64,20,2,8,1000000000,64,Yes,,,,,,,,,,
pfp_bloom_filter_contains_unique_size_u64,0,NVIDIA RTX PRO 6000 Blackwell Server Edition,I64,U64,64,20,2,8,1000000000,128,Yes,,,,,,,,,,
pfp_bloom_filter_contains_unique_size_u64,0,NVIDIA RTX PRO 6000 Blackwell Server Edition,I64,U64,64,20,2,8,1000000000,256,Yes,,,,,,,,,,
pfp_bloom_filter_contains_unique_size_u64,0,NVIDIA RTX PRO 6000 Blackwell Server Edition,I64,U64,64,20,2,8,1000000000,512,Yes,,,,,,,,,,
pfp_bloom_filter_contains_unique_size_u64,0,NVIDIA RTX PRO 6000 Blackwell Server Edition,I64,U64,64,20,2,8,1000000000,1024,Yes,,,,,,,,,,
pfp_bloom_filter_contains_unique_size_u64,0,NVIDIA RTX PRO 6000 Blackwell Server Edition,I64,U64,64,20,2,8,1000000000,2048,Yes,,,,,,,,,,
pfp_bloom_filter_contains_unique_size_u64,0,NVIDIA RTX PRO 6000 Blackwell Server Edition,I64,U64,64,20,4,1,1000000000,1,Yes,,,,,,,,,,
pfp_bloom_filter_contains_unique_size_u64,0,NVIDIA RTX PRO 6000 Blackwell Server Edition,I64,U64,64,20,4,1,1000000000,2,Yes,,,,,,,,,,
pfp_bloom_filter_contains_unique_size_u64,0,NVIDIA RTX PRO 6000 Blackwell Server Edition,I64,U64,64,20,4,1,1000000000,4,Yes,,,,,,,,,,
pfp_bloom_filter_contains_unique_size_u64,0,NVIDIA RTX PRO 6000 Blackwell Server Edition,I64,U64,64,20,4,1,1000000000,8,Yes,,,,,,,,,,
pfp_bloom_filter_contains_unique_size_u64,0,NVIDIA RTX PRO 6000 Blackwell Server Edition,I64,U64,64,20,4,1,1000000000,16,Yes,,,,,,,,,,
pfp_bloom_filter_contains_unique_size_u64,0,NVIDIA RTX PRO 6000 Blackwell Server Edition,I64,U64,64,20,4,1,1000000000,32,Yes,,,,,,,,,,
pfp_bloom_filter_contains_unique_size_u64,0,NVIDIA RTX PRO 6000 Blackwell Server Edition,I64,U64,64,20,4,1,1000000000,64,Yes,,,,,,,,,,
pfp_bloom_filter_contains_unique_size_u64,0,NVIDIA RTX PRO 6000 Blackwell Server Edition,I64,U64,64,20,4,1,1000000000,128,Yes,,,,,,,,,,
pfp_bloom_filter_contains_unique_size_u64,0,NVIDIA RTX PRO 6000 Blackwell Server Edition,I64,U64,64,20,4,1,1000000000,256,Yes,,,,,,,,,,
pfp_bloom_filter_contains_unique_size_u64,0,NVIDIA RTX PRO 6000 Blackwell Server Edition,I64,U64,64,20,4,1,1000000000,512,Yes,,,,,,,,,,
pfp_bloom_filter_contains_unique_size_u64,0,NVIDIA RTX PRO 6000 Blackwell Server Edition,I64,U64,64,20,4,1,1000000000,1024,Yes,,,,,,,,,,
pfp_bloom_filter_contains_unique_size_u64,0,NVIDIA RTX PRO 6000 Blackwell Server Edition,I64,U64,64,20,4,1,1000000000,2048,Yes,,,,,,,,,,
pfp_bloom_filter_contains_unique_size_u64,0,NVIDIA RTX PRO 6000 Blackwell Server Edition,I64,U64,64,20,4,2,1000000000,1,Yes,,,,,,,,,,
pfp_bloom_filter_contains_unique_size_u64,0,NVIDIA RTX PRO 6000 Blackwell Server Edition,I64,U64,64,20,4,2,1000000000,2,Yes,,,,,,,,,,
pfp_bloom_filter_contains_unique_size_u64,0,NVIDIA RTX PRO 6000 Blackwell Server Edition,I64,U64,64,20,4,2,1000000000,4,Yes,,,,,,,,,,
pfp_bloom_filter_contains_unique_size_u64,0,NVIDIA RTX PRO 6000 Blackwell Server Edition,I64,U64,64,20,4,2,1000000000,8,Yes,,,,,,,,,,
pfp_bloom_filter_contains_unique_size_u64,0,NVIDIA RTX PRO 6000 Blackwell Server Edition,I64,U64,64,20,4,2,1000000000,16,Yes,,,,,,,,,,
pfp_bloom_filter_contains_unique_size_u64,0,NVIDIA RTX PRO 6000 Blackwell Server Edition,I64,U64,64,20,4,2,1000000000,32,Yes,,,,,,,,,,
pfp_bloom_filter_contains_unique_size_u64,0,NVIDIA RTX PRO 6000 Blackwell Server Edition,I64,U64,64,20,4,2,1000000000,64,Yes,,,,,,,,,,
pfp_bloom_filter_contains_unique_size_u64,0,NVIDIA RTX PRO 6000 Blackwell Server Edition,I64,U64,64,20,4,2,1000000000,128,Yes,,,,,,,,,,
pfp_bloom_filter_contains_unique_size_u64,0,NVIDIA RTX PRO 6000 Blackwell Server Edition,I64,U64,64,20,4,2,1000000000,256,Yes,,,,,,,,,,
pfp_bloom_filter_contains_unique_size_u64,0,NVIDIA RTX PRO 6000 Blackwell Server Edition,I64,U64,64,20,4,2,1000000000,512,Yes,,,,,,,,,,
pfp_bloom_filter_contains_unique_size_u64,0,NVIDIA RTX PRO 6000 Blackwell Server Edition,I64,U64,64,20,4,2,1000000000,1024,Yes,,,,,,,,,,
pfp_bloom_filter_contains_unique_size_u64,0,NVIDIA RTX PRO 6000 Blackwell Server Edition,I64,U64,64,20,4,2,1000000000,2048,Yes,,,,,,,,,,
pfp_bloom_filter_contains_unique_size_u64,0,NVIDIA RTX PRO 6000 Blackwell Server Edition,I64,U64,64,20,4,4,1000000000,1,Yes,,,,,,,,,,
pfp_bloom_filter_contains_unique_size_u64,0,NVIDIA RTX PRO 6000 Blackwell Server Edition,I64,U64,64,20,4,4,1000000000,2,Yes,,,,,,,,,,
pfp_bloom_filter_contains_unique_size_u64,0,NVIDIA RTX PRO 6000 Blackwell Server Edition,I64,U64,64,20,4,4,1000000000,4,Yes,,,,,,,,,,
pfp_bloom_filter_contains_unique_size_u64,0,NVIDIA RTX PRO 6000 Blackwell Server Edition,I64,U64,64,20,4,4,1000000000,8,Yes,,,,,,,,,,
pfp_bloom_filter_contains_unique_size_u64,0,NVIDIA RTX PRO 6000 Blackwell Server Edition,I64,U64,64,20,4,4,1000000000,16,Yes,,,,,,,,,,
pfp_bloom_filter_contains_unique_size_u64,0,NVIDIA RTX PRO 6000 Blackwell Server Edition,I64,U64,64,20,4,4,1000000000,32,Yes,,,,,,,,,,
pfp_bloom_filter_contains_unique_size_u64,0,NVIDIA RTX PRO 6000 Blackwell Server Edition,I64,U64,64,20,4,4,1000000000,64,Yes,,,,,,,,,,
pfp_bloom_filter_contains_unique_size_u64,0,NVIDIA RTX PRO 6000 Blackwell Server Edition,I64,U64,64,20,4,4,1000000000,128,Yes,,,,,,,,,,
pfp_bloom_filter_contains_unique_size_u64,0,NVIDIA RTX PRO 6000 Blackwell Server Edition,I64,U64,64,20,4,4,1000000000,256,Yes,,,,,,,,,,
pfp_bloom_filter_contains_unique_size_u64,0,NVIDIA RTX PRO 6000 Blackwell Server Edition,I64,U64,64,20,4,4,1000000000,512,Yes,,,,,,,,,,
pfp_bloom_filter_contains_unique_size_u64,0,NVIDIA RTX PRO 6000 Blackwell Server Edition,I64,U64,64,20,4,4,1000000000,1024,Yes,,,,,,,,,,
pfp_bloom_filter_contains_unique_size_u64,0,NVIDIA RTX PRO 6000 Blackwell Server Edition,I64,U64,64,20,4,4,1000000000,2048,Yes,,,,,,,,,,
pfp_bloom_filter_contains_unique_size_u64,0,NVIDIA RTX PRO 6000 Blackwell Server Edition,I64,U64,64,20,4,8,1000000000,1,Yes,,,,,,,,,,
pfp_bloom_filter_contains_unique_size_u64,0,NVIDIA RTX PRO 6000 Blackwell Server Edition,I64,U64,64,20,4,8,1000000000,2,Yes,,,,,,,,,,
pfp_bloom_filter_contains_unique_size_u64,0,NVIDIA RTX PRO 6000 Blackwell Server Edition,I64,U64,64,20,4,8,1000000000,4,Yes,,,,,,,,,,
pfp_bloom_filter_contains_unique_size_u64,0,NVIDIA RTX PRO 6000 Blackwell Server Edition,I64,U64,64,20,4,8,1000000000,8,Yes,,,,,,,,,,
pfp_bloom_filter_contains_unique_size_u64,0,NVIDIA RTX PRO 6000 Blackwell Server Edition,I64,U64,64,20,4,8,1000000000,16,Yes,,,,,,,,,,
pfp_bloom_filter_contains_unique_size_u64,0,NVIDIA RTX PRO 6000 Blackwell Server Edition,I64,U64,64,20,4,8,1000000000,32,Yes,,,,,,,,,,
pfp_bloom_filter_contains_unique_size_u64,0,NVIDIA RTX PRO 6000 Blackwell Server Edition,I64,U64,64,20,4,8,1000000000,64,Yes,,,,,,,,,,
pfp_bloom_filter_contains_unique_size_u64,0,NVIDIA RTX PRO 6000 Blackwell Server Edition,I64,U64,64,20,4,8,1000000000,128,Yes,,,,,,,,,,
pfp_bloom_filter_contains_unique_size_u64,0,NVIDIA RTX PRO 6000 Blackwell Server Edition,I64,U64,64,20,4,8,1000000000,256,Yes,,,,,,,,,,
pfp_bloom_filter_contains_unique_size_u64,0,NVIDIA RTX PRO 6000 Blackwell Server Edition,I64,U64,64,20,4,8,1000000000,512,Yes,,,,,,,,,,
pfp_bloom_filter_contains_unique_size_u64,0,NVIDIA RTX PRO 6000 Blackwell Server Edition,I64,U64,64,20,4,8,1000000000,1024,Yes,,,,,,,,,,
pfp_bloom_filter_contains_unique_size_u64,0,NVIDIA RTX PRO 6000 Blackwell Server Edition,I64,U64,64,20,4,8,1000000000,2048,Yes,,,,,,,,,,
pfp_bloom_filter_contains_unique_size_u64,0,NVIDIA RTX PRO 6000 Blackwell Server Edition,I64,U64,64,20,8,1,1000000000,1,Yes,,,,,,,,,,
pfp_bloom_filter_contains_unique_size_u64,0,NVIDIA RTX PRO 6000 Blackwell Server Edition,I64,U64,64,20,8,1,1000000000,2,Yes,,,,,,,,,,
pfp_bloom_filter_contains_unique_size_u64,0,NVIDIA RTX PRO 6000 Blackwell Server Edition,I64,U64,64,20,8,1,1000000000,4,Yes,,,,,,,,,,
pfp_bloom_filter_contains_unique_size_u64,0,NVIDIA RTX PRO 6000 Blackwell Server Edition,I64,U64,64,20,8,1,1000000000,8,Yes,,,,,,,,,,
pfp_bloom_filter_contains_unique_size_u64,0,NVIDIA RTX PRO 6000 Blackwell Server Edition,I64,U64,64,20,8,1,1000000000,16,Yes,,,,,,,,,,
pfp_bloom_filter_contains_unique_size_u64,0,NVIDIA RTX PRO 6000 Blackwell Server Edition,I64,U64,64,20,8,1,1000000000,32,Yes,,,,,,,,,,
pfp_bloom_filter_contains_unique_size_u64,0,NVIDIA RTX PRO 6000 Blackwell Server Edition,I64,U64,64,20,8,1,1000000000,64,Yes,,,,,,,,,,
pfp_bloom_filter_contains_unique_size_u64,0,NVIDIA RTX PRO 6000 Blackwell Server Edition,I64,U64,64,20,8,1,1000000000,128,Yes,,,,,,,,,,
pfp_bloom_filter_contains_unique_size_u64,0,NVIDIA RTX PRO 6000 Blackwell Server Edition,I64,U64,64,20,8,1,1000000000,256,Yes,,,,,,,,,,
pfp_bloom_filter_contains_unique_size_u64,0,NVIDIA RTX PRO 6000 Blackwell Server Edition,I64,U64,64,20,8,1,1000000000,512,Yes,,,,,,,,,,
pfp_bloom_filter_contains_unique_size_u64,0,NVIDIA RTX PRO 6000 Blackwell Server Edition,I64,U64,64,20,8,1,1000000000,1024,Yes,,,,,,,,,,
pfp_bloom_filter_contains_unique_size_u64,0,NVIDIA RTX PRO 6000 Blackwell Server Edition,I64,U64,64,20,8,1,1000000000,2048,Yes,,,,,,,,,,
pfp_bloom_filter_contains_unique_size_u64,0,NVIDIA RTX PRO 6000 Blackwell Server Edition,I64,U64,64,20,8,2,1000000000,1,Yes,,,,,,,,,,
pfp_bloom_filter_contains_unique_size_u64,0,NVIDIA RTX PRO 6000 Blackwell Server Edition,I64,U64,64,20,8,2,1000000000,2,Yes,,,,,,,,,,
pfp_bloom_filter_contains_unique_size_u64,0,NVIDIA RTX PRO 6000 Blackwell Server Edition,I64,U64,64,20,8,2,1000000000,4,Yes,,,,,,,,,,
pfp_bloom_filter_contains_unique_size_u64,0,NVIDIA RTX PRO 6000 Blackwell Server Edition,I64,U64,64,20,8,2,1000000000,8,Yes,,,,,,,,,,
pfp_bloom_filter_contains_unique_size_u64,0,NVIDIA RTX PRO 6000 Blackwell Server Edition,I64,U64,64,20,8,2,1000000000,16,Yes,,,,,,,,,,
pfp_bloom_filter_contains_unique_size_u64,0,NVIDIA RTX PRO 6000 Blackwell Server Edition,I64,U64,64,20,8,2,1000000000,32,Yes,,,,,,,,,,
pfp_bloom_filter_contains_unique_size_u64,0,NVIDIA RTX PRO 6000 Blackwell Server Edition,I64,U64,64,20,8,2,1000000000,64,Yes,,,,,,,,,,
pfp_bloom_filter_contains_unique_size_u64,0,NVIDIA RTX PRO 6000 Blackwell Server Edition,I64,U64,64,20,8,2,1000000000,128,Yes,,,,,,,,,,
pfp_bloom_filter_contains_unique_size_u64,0,NVIDIA RTX PRO 6000 Blackwell Server Edition,I64,U64,64,20,8,2,1000000000,256,Yes,,,,,,,,,,
pfp_bloom_filter_contains_unique_size_u64,0,NVIDIA RTX PRO 6000 Blackwell Server Edition,I64,U64,64,20,8,2,1000000000,512,Yes,,,,,,,,,,
pfp_bloom_filter_contains_unique_size_u64,0,NVIDIA RTX PRO 6000 Blackwell Server Edition,I64,U64,64,20,8,2,1000000000,1024,Yes,,,,,,,,,,
pfp_bloom_filter_contains_unique_size_u64,0,NVIDIA RTX PRO 6000 Blackwell Server Edition,I64,U64,64,20,8,2,1000000000,2048,Yes,,,,,,,,,,
pfp_bloom_filter_contains_unique_size_u64,0,NVIDIA RTX PRO 6000 Blackwell Server Edition,I64,U64,64,20,8,4,1000000000,1,Yes,,,,,,,,,,
pfp_bloom_filter_contains_unique_size_u64,0,NVIDIA RTX PRO 6000 Blackwell Server Edition,I64,U64,64,20,8,4,1000000000,2,Yes,,,,,,,,,,
pfp_bloom_filter_contains_unique_size_u64,0,NVIDIA RTX PRO 6000 Blackwell Server Edition,I64,U64,64,20,8,4,1000000000,4,Yes,,,,,,,,,,
pfp_bloom_filter_contains_unique_size_u64,0,NVIDIA RTX PRO 6000 Blackwell Server Edition,I64,U64,64,20,8,4,1000000000,8,Yes,,,,,,,,,,
pfp_bloom_filter_contains_unique_size_u64,0,NVIDIA RTX PRO 6000 Blackwell Server Edition,I64,U64,64,20,8,4,1000000000,16,Yes,,,,,,,,,,
pfp_bloom_filter_contains_unique_size_u64,0,NVIDIA RTX PRO 6000 Blackwell Server Edition,I64,U64,64,20,8,4,1000000000,32,Yes,,,,,,,,,,
pfp_bloom_filter_contains_unique_size_u64,0,NVIDIA RTX PRO 6000 Blackwell Server Edition,I64,U64,64,20,8,4,1000000000,64,Yes,,,,,,,,,,
pfp_bloom_filter_contains_unique_size_u64,0,NVIDIA RTX PRO 6000 Blackwell Server Edition,I64,U64,64,20,8,4,1000000000,128,Yes,,,,,,,,,,
pfp_bloom_filter_contains_unique_size_u64,0,NVIDIA RTX PRO 6000 Blackwell Server Edition,I64,U64,64,20,8,4,1000000000,256,Yes,,,,,,,,,,
pfp_bloom_filter_contains_unique_size_u64,0,NVIDIA RTX PRO 6000 Blackwell Server Edition,I64,U64,64,20,8,4,1000000000,512,Yes,,,,,,,,,,
pfp_bloom_filter_contains_unique_size_u64,0,NVIDIA RTX PRO 6000 Blackwell Server Edition,I64,U64,64,20,8,4,1000000000,1024,Yes,,,,,,,,,,
pfp_bloom_filter_contains_unique_size_u64,0,NVIDIA RTX PRO 6000 Blackwell Server Edition,I64,U64,64,20,8,4,1000000000,2048,Yes,,,,,,,,,,
pfp_bloom_filter_contains_unique_size_u64,0,NVIDIA RTX PRO 6000 Blackwell Server Edition,I64,U64,64,20,8,8,1000000000,1,Yes,,,,,,,,,,
pfp_bloom_filter_contains_unique_size_u64,0,NVIDIA RTX PRO 6000 Blackwell Server Edition,I64,U64,64,20,8,8,1000000000,2,Yes,,,,,,,,,,
pfp_bloom_filter_contains_unique_size_u64,0,NVIDIA RTX PRO 6000 Blackwell Server Edition,I64,U64,64,20,8,8,1000000000,4,Yes,,,,,,,,,,
pfp_bloom_filter_contains_unique_size_u64,0,NVIDIA RTX PRO 6000 Blackwell Server Edition,I64,U64,64,20,8,8,1000000000,8,Yes,,,,,,,,,,
pfp_bloom_filter_contains_unique_size_u64,0,NVIDIA RTX PRO 6000 Blackwell Server Edition,I64,U64,64,20,8,8,1000000000,16,Yes,,,,,,,,,,
pfp_bloom_filter_contains_unique_size_u64,0,NVIDIA RTX PRO 6000 Blackwell Server Edition,I64,U64,64,20,8,8,1000000000,32,Yes,,,,,,,,,,
pfp_bloom_filter_contains_unique_size_u64,0,NVIDIA RTX PRO 6000 Blackwell Server Edition,I64,U64,64,20,8,8,1000000000,64,Yes,,,,,,,,,,
pfp_bloom_filter_contains_unique_size_u64,0,NVIDIA RTX PRO 6000 Blackwell Server Edition,I64,U64,64,20,8,8,1000000000,128,Yes,,,,,,,,,,
pfp_bloom_filter_contains_unique_size_u64,0,NVIDIA RTX PRO 6000 Blackwell Server Edition,I64,U64,64,20,8,8,1000000000,256,Yes,,,,,,,,,,
pfp_bloom_filter_contains_unique_size_u64,0,NVIDIA RTX PRO 6000 Blackwell Server Edition,I64,U64,64,20,8,8,1000000000,512,Yes,,,,,,,,,,
pfp_bloom_filter_contains_unique_size_u64,0,NVIDIA RTX PRO 6000 Blackwell Server Edition,I64,U64,64,20,8,8,1000000000,1024,Yes,,,,,,,,,,
pfp_bloom_filter_contains_unique_size_u64,0,NVIDIA RTX PRO 6000 Blackwell Server Edition,I64,U64,64,20,8,8,1000000000,2048,Yes,,,,,,,,,,
pfp_bloom_filter_contains_unique_size_u64,0,NVIDIA RTX PRO 6000 Blackwell Server Edition,I64,U64,128,1,1,1,1000000000,1,No,0.157791297,2,63,0.007983359904761907,0.0129943993739344,0.007972623227134585,0.012979865012182564,125429230945.7858,65,0.00809304950420673
pfp_bloom_filter_contains_unique_size_u64,0,NVIDIA RTX PRO 6000 Blackwell Server Edition,I64,U64,128,1,1,1,1000000000,2,No,0.157803621,2,62,0.008129600774193549,0.011440533653841498,0.008119325930072415,0.011445626409431179,123162933550.4556,64,0.008179551124572753
pfp_bloom_filter_contains_unique_size_u64,0,NVIDIA RTX PRO 6000 Blackwell Server Edition,I64,U64,128,1,1,1,1000000000,4,No,0.15772783,2,62,0.008194344741935486,0.01083019348216939,0.008183833237617249,0.010853937385190499,122192128183.09497,64,0.008232255935668946
pfp_bloom_filter_contains_unique_size_u64,0,NVIDIA RTX PRO 6000 Blackwell Server Edition,I64,U64,128,1,1,1,1000000000,8,No,0.157704478,2,61,0.008219189377049182,0.01394002836729429,0.00820907019005447,0.01398265101475783,121816475782.05989,63,0.00827821083674355
pfp_bloom_filter_contains_unique_size_u64,0,NVIDIA RTX PRO 6000 Blackwell Server Edition,I64,U64,128,1,1,1,1000000000,16,No,0.157711908,2,61,0.008258977081967213,0.01165221717054891,0.008248157376148665,0.011672471719923925,121239199786.81744,63,0.00829303462921627
pfp_bloom_filter_contains_unique_size_u64,0,NVIDIA RTX PRO 6000 Blackwell Server Edition,I64,U64,128,1,1,1,1000000000,32,No,0.157700864,2,61,0.008302393098360658,0.01221948321295011,0.00829216570932357,0.012218780459682272,120595756893.23444,63,0.008312604631696429
pfp_bloom_filter_contains_unique_size_u64,0,NVIDIA RTX PRO 6000 Blackwell Server Edition,I64,U64,128,1,1,1,1000000000,64,No,0.15773066,2,60,0.008358600033333335,0.01432534390060029,0.00834846348762512,0.01432820342554325,119782520637.755,63,0.008325964549231152
pfp_bloom_filter_contains_unique_size_u64,0,NVIDIA RTX PRO 6000 Blackwell Server Edition,I64,U64,128,1,1,1,1000000000,128,No,0.157703754,2,19,0.027282809105263157,0.0001315017844384876,0.02727266522457725,0.00013381777725376628,36666750087.14704,20,0.027130521297454836
pfp_bloom_filter_contains_unique_size_u64,0,NVIDIA RTX PRO 6000 Blackwell Server Edition,I64,U64,128,1,1,1,1000000000,256,No,0.157719178,2,11,0.05630000581818182,9.249316421925916e-05,0.05628955598310991,9.22149070966699e-05,17765284918.92985,12,0.05621657625834147
pfp_bloom_filter_contains_unique_size_u64,0,NVIDIA RTX PRO 6000 Blackwell Server Edition,I64,U64,128,1,1,1,1000000000,512,No,0.157704516,2,11,0.064457277,0.0001328986636323165,0.06444753404097124,0.00013077124658941562,15516497487.153967,12,0.064375244140625
pfp_bloom_filter_contains_unique_size_u64,0,NVIDIA RTX PRO 6000 Blackwell Server Edition,I64,U64,128,1,1,1,1000000000,1024,No,0.15769948,2,11,0.06773859136363637,7.900345565602501e-05,0.06772770968350497,7.638460410967164e-05,14765005411.714804,12,0.06765849685668944
pfp_bloom_filter_contains_unique_size_u64,0,NVIDIA RTX PRO 6000 Blackwell Server Edition,I64,U64,128,1,1,1,1000000000,2048,No,0.157707537,2,11,0.06922690563636365,9.796828748193138e-05,0.06921622050892223,9.78125889079823e-05,14447480556.542324,12,0.06914684168497721
pfp_bloom_filter_contains_unique_size_u64,0,NVIDIA RTX PRO 6000 Blackwell Server Edition,I64,U64,128,1,1,2,1000000000,1,No,0.157791297,2,65,0.007787644923076924,0.006972231596290906,0.00777743555215689,0.006970936029855098,128577086019.39792,66,0.007869742653586647
pfp_bloom_filter_contains_unique_size_u64,0,NVIDIA RTX PRO 6000 Blackwell Server Edition,I64,U64,128,1,1,2,1000000000,2,No,0.157803621,2,64,0.007918525875,0.007141707612831315,0.007908412493765355,0.007139535237684013,126447627863.15915,66,0.007964051217743845
pfp_bloom_filter_contains_unique_size_u64,0,NVIDIA RTX PRO 6000 Blackwell Server Edition,I64,U64,128,1,1,2,1000000000,4,No,0.15772783,2,63,0.007990897285714286,0.008357800028016036,0.0079808467683338,0.008375166018738271,125299987460.95146,65,0.008028017953725961
pfp_bloom_filter_contains_unique_size_u64,0,NVIDIA RTX PRO 6000 Blackwell Server Edition,I64,U64,128,1,1,2,1000000000,8,No,0.157704478,2,63,0.008012209634920638,0.009190253043813684,0.00800187230488611,0.009172957377793417,124970752081.28218,65,0.008058942119891827
pfp_bloom_filter_contains_unique_size_u64,0,NVIDIA RTX PRO 6000 Blackwell Server Edition,I64,U64,128,1,1,2,1000000000,16,No,0.157711908,2,63,0.008036947238095237,0.009638646871720263,0.0080264548195733,0.009632502549168108,124588005848.0366,65,0.00807362530048077
pfp_bloom_filter_contains_unique_size_u64,0,NVIDIA RTX PRO 6000 Blackwell Server Edition,I64,U64,128,1,1,2,1000000000,32,No,0.157700864,2,62,0.008097039274193547,0.010287194029880282,0.008085999465757802,0.010293682069424914,123670549847.88849,65,0.008095932241586537
pfp_bloom_filter_contains_unique_size_u64,0,NVIDIA RTX PRO 6000 Blackwell Server Edition,I64,U64,128,1,1,2,1000000000,64,No,0.15773066,2,62,0.008155362370967742,0.009761886778631636,0.00814506736878426,0.00975520979586799,122773692926.40495,64,0.008107855796813964
pfp_bloom_filter_contains_unique_size_u64,0,NVIDIA RTX PRO 6000 Blackwell Server Edition,I64,U64,128,1,1,2,1000000000,128,No,0.157703754,2,19,0.027439102947368416,0.0001567507816290903,0.02742802037690816,0.00015359851791677773,36459065811.468735,20,0.02728683309555054
pfp_bloom_filter_contains_unique_size_u64,0,NVIDIA RTX PRO 6000 Blackwell Server Edition,I64,U64,128,1,1,2,1000000000,256,No,0.157719178,2,11,0.05630347136363636,0.00010023488152610674,0.056292660453102814,9.605905758316604e-05,17764305185.630653,12,0.05621691767374674
pfp_bloom_filter_contains_unique_size_u64,0,NVIDIA RTX PRO 6000 Blackwell Server Edition,I64,U64,128,1,1,2,1000000000,512,No,0.157704516,2,11,0.06445207290909093,8.251067562999392e-05,0.064441574790261,8.018886992283532e-05,15517932379.131262,12,0.0643701229095459
pfp_bloom_filter_contains_unique_size_u64,0,NVIDIA RTX PRO 6000 Blackwell Server Edition,I64,U64,128,1,1,2,1000000000,1024,No,0.15769948,2,11,0.06773617790909091,0.00010449221047085432,0.06772517603093928,0.00010474361501486869,14765557782.281206,12,0.06765212758382162
pfp_bloom_filter_contains_unique_size_u64,0,NVIDIA RTX PRO 6000 Blackwell Server Edition,I64,U64,128,1,1,2,1000000000,2048,No,0.157707537,2,11,0.06922218963636365,5.951825435926359e-05,0.06921102142333985,6.572279853645214e-05,14448565841.607023,12,0.06914022382100424
pfp_bloom_filter_contains_unique_size_u64,0,NVIDIA RTX PRO 6000 Blackwell Server Edition,I64,U64,128,1,1,4,1000000000,1,Yes,,,,,,,,,,
pfp_bloom_filter_contains_unique_size_u64,0,NVIDIA RTX PRO 6000 Blackwell Server Edition,I64,U64,128,1,1,4,1000000000,2,Yes,,,,,,,,,,
pfp_bloom_filter_contains_unique_size_u64,0,NVIDIA RTX PRO 6000 Blackwell Server Edition,I64,U64,128,1,1,4,1000000000,4,Yes,,,,,,,,,,
pfp_bloom_filter_contains_unique_size_u64,0,NVIDIA RTX PRO 6000 Blackwell Server Edition,I64,U64,128,1,1,4,1000000000,8,Yes,,,,,,,,,,
pfp_bloom_filter_contains_unique_size_u64,0,NVIDIA RTX PRO 6000 Blackwell Server Edition,I64,U64,128,1,1,4,1000000000,16,Yes,,,,,,,,,,
pfp_bloom_filter_contains_unique_size_u64,0,NVIDIA RTX PRO 6000 Blackwell Server Edition,I64,U64,128,1,1,4,1000000000,32,Yes,,,,,,,,,,
pfp_bloom_filter_contains_unique_size_u64,0,NVIDIA RTX PRO 6000 Blackwell Server Edition,I64,U64,128,1,1,4,1000000000,64,Yes,,,,,,,,,,
pfp_bloom_filter_contains_unique_size_u64,0,NVIDIA RTX PRO 6000 Blackwell Server Edition,I64,U64,128,1,1,4,1000000000,128,Yes,,,,,,,,,,
pfp_bloom_filter_contains_unique_size_u64,0,NVIDIA RTX PRO 6000 Blackwell Server Edition,I64,U64,128,1,1,4,1000000000,256,Yes,,,,,,,,,,
pfp_bloom_filter_contains_unique_size_u64,0,NVIDIA RTX PRO 6000 Blackwell Server Edition,I64,U64,128,1,1,4,1000000000,512,Yes,,,,,,,,,,
pfp_bloom_filter_contains_unique_size_u64,0,NVIDIA RTX PRO 6000 Blackwell Server Edition,I64,U64,128,1,1,4,1000000000,1024,Yes,,,,,,,,,,
pfp_bloom_filter_contains_unique_size_u64,0,NVIDIA RTX PRO 6000 Blackwell Server Edition,I64,U64,128,1,1,4,1000000000,2048,Yes,,,,,,,,,,
pfp_bloom_filter_contains_unique_size_u64,0,NVIDIA RTX PRO 6000 Blackwell Server Edition,I64,U64,128,1,1,8,1000000000,1,Yes,,,,,,,,,,
pfp_bloom_filter_contains_unique_size_u64,0,NVIDIA RTX PRO 6000 Blackwell Server Edition,I64,U64,128,1,1,8,1000000000,2,Yes,,,,,,,,,,
pfp_bloom_filter_contains_unique_size_u64,0,NVIDIA RTX PRO 6000 Blackwell Server Edition,I64,U64,128,1,1,8,1000000000,4,Yes,,,,,,,,,,
pfp_bloom_filter_contains_unique_size_u64,0,NVIDIA RTX PRO 6000 Blackwell Server Edition,I64,U64,128,1,1,8,1000000000,8,Yes,,,,,,,,,,
pfp_bloom_filter_contains_unique_size_u64,0,NVIDIA RTX PRO 6000 Blackwell Server Edition,I64,U64,128,1,1,8,1000000000,16,Yes,,,,,,,,,,
pfp_bloom_filter_contains_unique_size_u64,0,NVIDIA RTX PRO 6000 Blackwell Server Edition,I64,U64,128,1,1,8,1000000000,32,Yes,,,,,,,,,,
pfp_bloom_filter_contains_unique_size_u64,0,NVIDIA RTX PRO 6000 Blackwell Server Edition,I64,U64,128,1,1,8,1000000000,64,Yes,,,,,,,,,,
pfp_bloom_filter_contains_unique_size_u64,0,NVIDIA RTX PRO 6000 Blackwell Server Edition,I64,U64,128,1,1,8,1000000000,128,Yes,,,,,,,,,,
pfp_bloom_filter_contains_unique_size_u64,0,NVIDIA RTX PRO 6000 Blackwell Server Edition,I64,U64,128,1,1,8,1000000000,256,Yes,,,,,,,,,,
pfp_bloom_filter_contains_unique_size_u64,0,NVIDIA RTX PRO 6000 Blackwell Server Edition,I64,U64,128,1,1,8,1000000000,512,Yes,,,,,,,,,,
pfp_bloom_filter_contains_unique_size_u64,0,NVIDIA RTX PRO 6000 Blackwell Server Edition,I64,U64,128,1,1,8,1000000000,1024,Yes,,,,,,,,,,
pfp_bloom_filter_contains_unique_size_u64,0,NVIDIA RTX PRO 6000 Blackwell Server Edition,I64,U64,128,1,1,8,1000000000,2048,Yes,,,,,,,,,,
pfp_bloom_filter_contains_unique_size_u64,0,NVIDIA RTX PRO 6000 Blackwell Server Edition,I64,U64,128,1,2,1,1000000000,1,No,0.157791297,2,40,0.012599510799999996,0.00018934908597627068,0.012588997578620911,0.0001784418651180661,79434442159.09898,41,0.012577266041825456
pfp_bloom_filter_contains_unique_size_u64,0,NVIDIA RTX PRO 6000 Blackwell Server Edition,I64,U64,128,1,2,1,1000000000,2,No,0.157803621,2,40,0.012600576525000004,0.00016382965260778578,0.012590479183197023,0.0001480137320270444,79425094585.32587,41,0.012577166301448171
pfp_bloom_filter_contains_unique_size_u64,0,NVIDIA RTX PRO 6000 Blackwell Server Edition,I64,U64,128,1,2,1,1000000000,4,No,0.15772783,2,40,0.012614207875000002,0.00015404499410587937,0.012603430414199831,0.00014496849432860738,79343477699.00296,41,0.012587881693025917
pfp_bloom_filter_contains_unique_size_u64,0,NVIDIA RTX PRO 6000 Blackwell Server Edition,I64,U64,128,1,2,1,1000000000,8,No,0.157704478,2,40,0.0126779654,0.0001384736941132779,0.01266767282485962,0.000121449522498767,78941097850.07664,41,0.012651593464176828
pfp_bloom_filter_contains_unique_size_u64,0,NVIDIA RTX PRO 6000 Blackwell Server Edition,I64,U64,128,1,2,1,1000000000,16,No,0.157711908,2,40,0.012688389675,0.00011677429124785728,0.012678151965141295,0.00011006157013788206,78875848999.87868,41,0.0126522529415968
pfp_bloom_filter_contains_unique_size_u64,0,NVIDIA RTX PRO 6000 Blackwell Server Edition,I64,U64,128,1,2,1,1000000000,32,No,0.157700864,2,40,0.012720662050000001,0.00012016233899128274,0.012711691164970399,0.00011016037572602184,78667738778.58986,41,0.01266535614758003
pfp_bloom_filter_contains_unique_size_u64,0,NVIDIA RTX PRO 6000 Blackwell Server Edition,I64,U64,128,1,2,1,1000000000,64,No,0.15773066,2,40,0.0127813118,0.00020969172222306385,0.012771105575561523,0.00020467615000278042,78301756577.25166,41,0.012661210222942074
pfp_bloom_filter_contains_unique_size_u64,0,NVIDIA RTX PRO 6000 Blackwell Server Edition,I64,U64,128,1,2,1,1000000000,128,No,0.157703754,2,19,0.027401362789473683,0.00015957247095645964,0.02738993363631399,0.00016585383834425912,36509763524.004486,20,0.027249637699127194
pfp_bloom_filter_contains_unique_size_u64,0,NVIDIA RTX PRO 6000 Blackwell Server Edition,I64,U64,128,1,2,1,1000000000,256,No,0.157719178,2,11,0.056293060272727284,8.388324185628448e-05,0.05628234481811523,8.293544712128121e-05,17767561092.766277,12,0.05620303503672281
pfp_bloom_filter_contains_unique_size_u64,0,NVIDIA RTX PRO 6000 Blackwell Server Edition,I64,U64,128,1,2,1,1000000000,512,No,0.157704516,2,11,0.06449893772727275,8.209344565543277e-05,0.06448868144642224,6.968229044828138e-05,15506597089.146702,12,0.06441454950968424
pfp_bloom_filter_contains_unique_size_u64,0,NVIDIA RTX PRO 6000 Blackwell Server Edition,I64,U64,128,1,2,1,1000000000,1024,No,0.15769948,2,11,0.06780217827272728,8.539025348166898e-05,0.06779138877175071,7.927078371073995e-05,14751136067.84095,12,0.06772189903259278
pfp_bloom_filter_contains_unique_size_u64,0,NVIDIA RTX PRO 6000 Blackwell Server Edition,I64,U64,128,1,2,1,1000000000,2048,No,0.157707537,2,11,0.06929338972727273,0.00010119880969912573,0.06928260109641336,0.00010292437719975086,14433638232.034683,12,0.06921284294128417
pfp_bloom_filter_contains_unique_size_u64,0,NVIDIA RTX PRO 6000 Blackwell Server Edition,I64,U64,128,1,2,2,1000000000,1,Yes,,,,,,,,,,
pfp_bloom_filter_contains_unique_size_u64,0,NVIDIA RTX PRO 6000 Blackwell Server Edition,I64,U64,128,1,2,2,1000000000,2,Yes,,,,,,,,,,
pfp_bloom_filter_contains_unique_size_u64,0,NVIDIA RTX PRO 6000 Blackwell Server Edition,I64,U64,128,1,2,2,1000000000,4,Yes,,,,,,,,,,
pfp_bloom_filter_contains_unique_size_u64,0,NVIDIA RTX PRO 6000 Blackwell Server Edition,I64,U64,128,1,2,2,1000000000,8,Yes,,,,,,,,,,
pfp_bloom_filter_contains_unique_size_u64,0,NVIDIA RTX PRO 6000 Blackwell Server Edition,I64,U64,128,1,2,2,1000000000,16,Yes,,,,,,,,,,
pfp_bloom_filter_contains_unique_size_u64,0,NVIDIA RTX PRO 6000 Blackwell Server Edition,I64,U64,128,1,2,2,1000000000,32,Yes,,,,,,,,,,
pfp_bloom_filter_contains_unique_size_u64,0,NVIDIA RTX PRO 6000 Blackwell Server Edition,I64,U64,128,1,2,2,1000000000,64,Yes,,,,,,,,,,
pfp_bloom_filter_contains_unique_size_u64,0,NVIDIA RTX PRO 6000 Blackwell Server Edition,I64,U64,128,1,2,2,1000000000,128,Yes,,,,,,,,,,
pfp_bloom_filter_contains_unique_size_u64,0,NVIDIA RTX PRO 6000 Blackwell Server Edition,I64,U64,128,1,2,2,1000000000,256,Yes,,,,,,,,,,
pfp_bloom_filter_contains_unique_size_u64,0,NVIDIA RTX PRO 6000 Blackwell Server Edition,I64,U64,128,1,2,2,1000000000,512,Yes,,,,,,,,,,
pfp_bloom_filter_contains_unique_size_u64,0,NVIDIA RTX PRO 6000 Blackwell Server Edition,I64,U64,128,1,2,2,1000000000,1024,Yes,,,,,,,,,,
pfp_bloom_filter_contains_unique_size_u64,0,NVIDIA RTX PRO 6000 Blackwell Server Edition,I64,U64,128,1,2,2,1000000000,2048,Yes,,,,,,,,,,
pfp_bloom_filter_contains_unique_size_u64,0,NVIDIA RTX PRO 6000 Blackwell Server Edition,I64,U64,128,1,2,4,1000000000,1,Yes,,,,,,,,,,
pfp_bloom_filter_contains_unique_size_u64,0,NVIDIA RTX PRO 6000 Blackwell Server Edition,I64,U64,128,1,2,4,1000000000,2,Yes,,,,,,,,,,
pfp_bloom_filter_contains_unique_size_u64,0,NVIDIA RTX PRO 6000 Blackwell Server Edition,I64,U64,128,1,2,4,1000000000,4,Yes,,,,,,,,,,
pfp_bloom_filter_contains_unique_size_u64,0,NVIDIA RTX PRO 6000 Blackwell Server Edition,I64,U64,128,1,2,4,1000000000,8,Yes,,,,,,,,,,
pfp_bloom_filter_contains_unique_size_u64,0,NVIDIA RTX PRO 6000 Blackwell Server Edition,I64,U64,128,1,2,4,1000000000,16,Yes,,,,,,,,,,
pfp_bloom_filter_contains_unique_size_u64,0,NVIDIA RTX PRO 6000 Blackwell Server Edition,I64,U64,128,1,2,4,1000000000,32,Yes,,,,,,,,,,
pfp_bloom_filter_contains_unique_size_u64,0,NVIDIA RTX PRO 6000 Blackwell Server Edition,I64,U64,128,1,2,4,1000000000,64,Yes,,,,,,,,,,
pfp_bloom_filter_contains_unique_size_u64,0,NVIDIA RTX PRO 6000 Blackwell Server Edition,I64,U64,128,1,2,4,1000000000,128,Yes,,,,,,,,,,
pfp_bloom_filter_contains_unique_size_u64,0,NVIDIA RTX PRO 6000 Blackwell Server Edition,I64,U64,128,1,2,4,1000000000,256,Yes,,,,,,,,,,
pfp_bloom_filter_contains_unique_size_u64,0,NVIDIA RTX PRO 6000 Blackwell Server Edition,I64,U64,128,1,2,4,1000000000,512,Yes,,,,,,,,,,
pfp_bloom_filter_contains_unique_size_u64,0,NVIDIA RTX PRO 6000 Blackwell Server Edition,I64,U64,128,1,2,4,1000000000,1024,Yes,,,,,,,,,,
pfp_bloom_filter_contains_unique_size_u64,0,NVIDIA RTX PRO 6000 Blackwell Server Edition,I64,U64,128,1,2,4,1000000000,2048,Yes,,,,,,,,,,
pfp_bloom_filter_contains_unique_size_u64,0,NVIDIA RTX PRO 6000 Blackwell Server Edition,I64,U64,128,1,2,8,1000000000,1,Yes,,,,,,,,,,
pfp_bloom_filter_contains_unique_size_u64,0,NVIDIA RTX PRO 6000 Blackwell Server Edition,I64,U64,128,1,2,8,1000000000,2,Yes,,,,,,,,,,
pfp_bloom_filter_contains_unique_size_u64,0,NVIDIA RTX PRO 6000 Blackwell Server Edition,I64,U64,128,1,2,8,1000000000,4,Yes,,,,,,,,,,
pfp_bloom_filter_contains_unique_size_u64,0,NVIDIA RTX PRO 6000 Blackwell Server Edition,I64,U64,128,1,2,8,1000000000,8,Yes,,,,,,,,,,
pfp_bloom_filter_contains_unique_size_u64,0,NVIDIA RTX PRO 6000 Blackwell Server Edition,I64,U64,128,1,2,8,1000000000,16,Yes,,,,,,,,,,
pfp_bloom_filter_contains_unique_size_u64,0,NVIDIA RTX PRO 6000 Blackwell Server Edition,I64,U64,128,1,2,8,1000000000,32,Yes,,,,,,,,,,
pfp_bloom_filter_contains_unique_size_u64,0,NVIDIA RTX PRO 6000 Blackwell Server Edition,I64,U64,128,1,2,8,1000000000,64,Yes,,,,,,,,,,
pfp_bloom_filter_contains_unique_size_u64,0,NVIDIA RTX PRO 6000 Blackwell Server Edition,I64,U64,128,1,2,8,1000000000,128,Yes,,,,,,,,,,
pfp_bloom_filter_contains_unique_size_u64,0,NVIDIA RTX PRO 6000 Blackwell Server Edition,I64,U64,128,1,2,8,1000000000,256,Yes,,,,,,,,,,
pfp_bloom_filter_contains_unique_size_u64,0,NVIDIA RTX PRO 6000 Blackwell Server Edition,I64,U64,128,1,2,8,1000000000,512,Yes,,,,,,,,,,
pfp_bloom_filter_contains_unique_size_u64,0,NVIDIA RTX PRO 6000 Blackwell Server Edition,I64,U64,128,1,2,8,1000000000,1024,Yes,,,,,,,,,,
pfp_bloom_filter_contains_unique_size_u64,0,NVIDIA RTX PRO 6000 Blackwell Server Edition,I64,U64,128,1,2,8,1000000000,2048,Yes,,,,,,,,,,
pfp_bloom_filter_contains_unique_size_u64,0,NVIDIA RTX PRO 6000 Blackwell Server Edition,I64,U64,128,1,4,1,1000000000,1,Yes,,,,,,,,,,
pfp_bloom_filter_contains_unique_size_u64,0,NVIDIA RTX PRO 6000 Blackwell Server Edition,I64,U64,128,1,4,1,1000000000,2,Yes,,,,,,,,,,
pfp_bloom_filter_contains_unique_size_u64,0,NVIDIA RTX PRO 6000 Blackwell Server Edition,I64,U64,128,1,4,1,1000000000,4,Yes,,,,,,,,,,
pfp_bloom_filter_contains_unique_size_u64,0,NVIDIA RTX PRO 6000 Blackwell Server Edition,I64,U64,128,1,4,1,1000000000,8,Yes,,,,,,,,,,
pfp_bloom_filter_contains_unique_size_u64,0,NVIDIA RTX PRO 6000 Blackwell Server Edition,I64,U64,128,1,4,1,1000000000,16,Yes,,,,,,,,,,
pfp_bloom_filter_contains_unique_size_u64,0,NVIDIA RTX PRO 6000 Blackwell Server Edition,I64,U64,128,1,4,1,1000000000,32,Yes,,,,,,,,,,
pfp_bloom_filter_contains_unique_size_u64,0,NVIDIA RTX PRO 6000 Blackwell Server Edition,I64,U64,128,1,4,1,1000000000,64,Yes,,,,,,,,,,
pfp_bloom_filter_contains_unique_size_u64,0,NVIDIA RTX PRO 6000 Blackwell Server Edition,I64,U64,128,1,4,1,1000000000,128,Yes,,,,,,,,,,
pfp_bloom_filter_contains_unique_size_u64,0,NVIDIA RTX PRO 6000 Blackwell Server Edition,I64,U64,128,1,4,1,1000000000,256,Yes,,,,,,,,,,
pfp_bloom_filter_contains_unique_size_u64,0,NVIDIA RTX PRO 6000 Blackwell Server Edition,I64,U64,128,1,4,1,1000000000,512,Yes,,,,,,,,,,
pfp_bloom_filter_contains_unique_size_u64,0,NVIDIA RTX PRO 6000 Blackwell Server Edition,I64,U64,128,1,4,1,1000000000,1024,Yes,,,,,,,,,,
pfp_bloom_filter_contains_unique_size_u64,0,NVIDIA RTX PRO 6000 Blackwell Server Edition,I64,U64,128,1,4,1,1000000000,2048,Yes,,,,,,,,,,
pfp_bloom_filter_contains_unique_size_u64,0,NVIDIA RTX PRO 6000 Blackwell Server Edition,I64,U64,128,1,4,2,1000000000,1,Yes,,,,,,,,,,
pfp_bloom_filter_contains_unique_size_u64,0,NVIDIA RTX PRO 6000 Blackwell Server Edition,I64,U64,128,1,4,2,1000000000,2,Yes,,,,,,,,,,
pfp_bloom_filter_contains_unique_size_u64,0,NVIDIA RTX PRO 6000 Blackwell Server Edition,I64,U64,128,1,4,2,1000000000,4,Yes,,,,,,,,,,
pfp_bloom_filter_contains_unique_size_u64,0,NVIDIA RTX PRO 6000 Blackwell Server Edition,I64,U64,128,1,4,2,1000000000,8,Yes,,,,,,,,,,
pfp_bloom_filter_contains_unique_size_u64,0,NVIDIA RTX PRO 6000 Blackwell Server Edition,I64,U64,128,1,4,2,1000000000,16,Yes,,,,,,,,,,
pfp_bloom_filter_contains_unique_size_u64,0,NVIDIA RTX PRO 6000 Blackwell Server Edition,I64,U64,128,1,4,2,1000000000,32,Yes,,,,,,,,,,
pfp_bloom_filter_contains_unique_size_u64,0,NVIDIA RTX PRO 6000 Blackwell Server Edition,I64,U64,128,1,4,2,1000000000,64,Yes,,,,,,,,,,
pfp_bloom_filter_contains_unique_size_u64,0,NVIDIA RTX PRO 6000 Blackwell Server Edition,I64,U64,128,1,4,2,1000000000,128,Yes,,,,,,,,,,
pfp_bloom_filter_contains_unique_size_u64,0,NVIDIA RTX PRO 6000 Blackwell Server Edition,I64,U64,128,1,4,2,1000000000,256,Yes,,,,,,,,,,
pfp_bloom_filter_contains_unique_size_u64,0,NVIDIA RTX PRO 6000 Blackwell Server Edition,I64,U64,128,1,4,2,1000000000,512,Yes,,,,,,,,,,
pfp_bloom_filter_contains_unique_size_u64,0,NVIDIA RTX PRO 6000 Blackwell Server Edition,I64,U64,128,1,4,2,1000000000,1024,Yes,,,,,,,,,,
pfp_bloom_filter_contains_unique_size_u64,0,NVIDIA RTX PRO 6000 Blackwell Server Edition,I64,U64,128,1,4,2,1000000000,2048,Yes,,,,,,,,,,
pfp_bloom_filter_contains_unique_size_u64,0,NVIDIA RTX PRO 6000 Blackwell Server Edition,I64,U64,128,1,4,4,1000000000,1,Yes,,,,,,,,,,
pfp_bloom_filter_contains_unique_size_u64,0,NVIDIA RTX PRO 6000 Blackwell Server Edition,I64,U64,128,1,4,4,1000000000,2,Yes,,,,,,,,,,
pfp_bloom_filter_contains_unique_size_u64,0,NVIDIA RTX PRO 6000 Blackwell Server Edition,I64,U64,128,1,4,4,1000000000,4,Yes,,,,,,,,,,
pfp_bloom_filter_contains_unique_size_u64,0,NVIDIA RTX PRO 6000 Blackwell Server Edition,I64,U64,128,1,4,4,1000000000,8,Yes,,,,,,,,,,
pfp_bloom_filter_contains_unique_size_u64,0,NVIDIA RTX PRO 6000 Blackwell Server Edition,I64,U64,128,1,4,4,1000000000,16,Yes,,,,,,,,,,
pfp_bloom_filter_contains_unique_size_u64,0,NVIDIA RTX PRO 6000 Blackwell Server Edition,I64,U64,128,1,4,4,1000000000,32,Yes,,,,,,,,,,
pfp_bloom_filter_contains_unique_size_u64,0,NVIDIA RTX PRO 6000 Blackwell Server Edition,I64,U64,128,1,4,4,1000000000,64,Yes,,,,,,,,,,
pfp_bloom_filter_contains_unique_size_u64,0,NVIDIA RTX PRO 6000 Blackwell Server Edition,I64,U64,128,1,4,4,1000000000,128,Yes,,,,,,,,,,
pfp_bloom_filter_contains_unique_size_u64,0,NVIDIA RTX PRO 6000 Blackwell Server Edition,I64,U64,128,1,4,4,1000000000,256,Yes,,,,,,,,,,
pfp_bloom_filter_contains_unique_size_u64,0,NVIDIA RTX PRO 6000 Blackwell Server Edition,I64,U64,128,1,4,4,1000000000,512,Yes,,,,,,,,,,
pfp_bloom_filter_contains_unique_size_u64,0,NVIDIA RTX PRO 6000 Blackwell Server Edition,I64,U64,128,1,4,4,1000000000,1024,Yes,,,,,,,,,,
pfp_bloom_filter_contains_unique_size_u64,0,NVIDIA RTX PRO 6000 Blackwell Server Edition,I64,U64,128,1,4,4,1000000000,2048,Yes,,,,,,,,,,
pfp_bloom_filter_contains_unique_size_u64,0,NVIDIA RTX PRO 6000 Blackwell Server Edition,I64,U64,128,1,4,8,1000000000,1,Yes,,,,,,,,,,
pfp_bloom_filter_contains_unique_size_u64,0,NVIDIA RTX PRO 6000 Blackwell Server Edition,I64,U64,128,1,4,8,1000000000,2,Yes,,,,,,,,,,
pfp_bloom_filter_contains_unique_size_u64,0,NVIDIA RTX PRO 6000 Blackwell Server Edition,I64,U64,128,1,4,8,1000000000,4,Yes,,,,,,,,,,
pfp_bloom_filter_contains_unique_size_u64,0,NVIDIA RTX PRO 6000 Blackwell Server Edition,I64,U64,128,1,4,8,1000000000,8,Yes,,,,,,,,,,
pfp_bloom_filter_contains_unique_size_u64,0,NVIDIA RTX PRO 6000 Blackwell Server Edition,I64,U64,128,1,4,8,1000000000,16,Yes,,,,,,,,,,
pfp_bloom_filter_contains_unique_size_u64,0,NVIDIA RTX PRO 6000 Blackwell Server Edition,I64,U64,128,1,4,8,1000000000,32,Yes,,,,,,,,,,
pfp_bloom_filter_contains_unique_size_u64,0,NVIDIA RTX PRO 6000 Blackwell Server Edition,I64,U64,128,1,4,8,1000000000,64,Yes,,,,,,,,,,
pfp_bloom_filter_contains_unique_size_u64,0,NVIDIA RTX PRO 6000 Blackwell Server Edition,I64,U64,128,1,4,8,1000000000,128,Yes,,,,,,,,,,
pfp_bloom_filter_contains_unique_size_u64,0,NVIDIA RTX PRO 6000 Blackwell Server Edition,I64,U64,128,1,4,8,1000000000,256,Yes,,,,,,,,,,
pfp_bloom_filter_contains_unique_size_u64,0,NVIDIA RTX PRO 6000 Blackwell Server Edition,I64,U64,128,1,4,8,1000000000,512,Yes,,,,,,,,,,
pfp_bloom_filter_contains_unique_size_u64,0,NVIDIA RTX PRO 6000 Blackwell Server Edition,I64,U64,128,1,4,8,1000000000,1024,Yes,,,,,,,,,,
pfp_bloom_filter_contains_unique_size_u64,0,NVIDIA RTX PRO 6000 Blackwell Server Edition,I64,U64,128,1,4,8,1000000000,2048,Yes,,,,,,,,,,
pfp_bloom_filter_contains_unique_size_u64,0,NVIDIA RTX PRO 6000 Blackwell Server Edition,I64,U64,128,1,8,1,1000000000,1,Yes,,,,,,,,,,
pfp_bloom_filter_contains_unique_size_u64,0,NVIDIA RTX PRO 6000 Blackwell Server Edition,I64,U64,128,1,8,1,1000000000,2,Yes,,,,,,,,,,
pfp_bloom_filter_contains_unique_size_u64,0,NVIDIA RTX PRO 6000 Blackwell Server Edition,I64,U64,128,1,8,1,1000000000,4,Yes,,,,,,,,,,
pfp_bloom_filter_contains_unique_size_u64,0,NVIDIA RTX PRO 6000 Blackwell Server Edition,I64,U64,128,1,8,1,1000000000,8,Yes,,,,,,,,,,
pfp_bloom_filter_contains_unique_size_u64,0,NVIDIA RTX PRO 6000 Blackwell Server Edition,I64,U64,128,1,8,1,1000000000,16,Yes,,,,,,,,,,
pfp_bloom_filter_contains_unique_size_u64,0,NVIDIA RTX PRO 6000 Blackwell Server Edition,I64,U64,128,1,8,1,1000000000,32,Yes,,,,,,,,,,
pfp_bloom_filter_contains_unique_size_u64,0,NVIDIA RTX PRO 6000 Blackwell Server Edition,I64,U64,128,1,8,1,1000000000,64,Yes,,,,,,,,,,
pfp_bloom_filter_contains_unique_size_u64,0,NVIDIA RTX PRO 6000 Blackwell Server Edition,I64,U64,128,1,8,1,1000000000,128,Yes,,,,,,,,,,
pfp_bloom_filter_contains_unique_size_u64,0,NVIDIA RTX PRO 6000 Blackwell Server Edition,I64,U64,128,1,8,1,1000000000,256,Yes,,,,,,,,,,
pfp_bloom_filter_contains_unique_size_u64,0,NVIDIA RTX PRO 6000 Blackwell Server Edition,I64,U64,128,1,8,1,1000000000,512,Yes,,,,,,,,,,
pfp_bloom_filter_contains_unique_size_u64,0,NVIDIA RTX PRO 6000 Blackwell Server Edition,I64,U64,128,1,8,1,1000000000,1024,Yes,,,,,,,,,,
pfp_bloom_filter_contains_unique_size_u64,0,NVIDIA RTX PRO 6000 Blackwell Server Edition,I64,U64,128,1,8,1,1000000000,2048,Yes,,,,,,,,,,
pfp_bloom_filter_contains_unique_size_u64,0,NVIDIA RTX PRO 6000 Blackwell Server Edition,I64,U64,128,1,8,2,1000000000,1,Yes,,,,,,,,,,
pfp_bloom_filter_contains_unique_size_u64,0,NVIDIA RTX PRO 6000 Blackwell Server Edition,I64,U64,128,1,8,2,1000000000,2,Yes,,,,,,,,,,
pfp_bloom_filter_contains_unique_size_u64,0,NVIDIA RTX PRO 6000 Blackwell Server Edition,I64,U64,128,1,8,2,1000000000,4,Yes,,,,,,,,,,
pfp_bloom_filter_contains_unique_size_u64,0,NVIDIA RTX PRO 6000 Blackwell Server Edition,I64,U64,128,1,8,2,1000000000,8,Yes,,,,,,,,,,
pfp_bloom_filter_contains_unique_size_u64,0,NVIDIA RTX PRO 6000 Blackwell Server Edition,I64,U64,128,1,8,2,1000000000,16,Yes,,,,,,,,,,
pfp_bloom_filter_contains_unique_size_u64,0,NVIDIA RTX PRO 6000 Blackwell Server Edition,I64,U64,128,1,8,2,1000000000,32,Yes,,,,,,,,,,
pfp_bloom_filter_contains_unique_size_u64,0,NVIDIA RTX PRO 6000 Blackwell Server Edition,I64,U64,128,1,8,2,1000000000,64,Yes,,,,,,,,,,
pfp_bloom_filter_contains_unique_size_u64,0,NVIDIA RTX PRO 6000 Blackwell Server Edition,I64,U64,128,1,8,2,1000000000,128,Yes,,,,,,,,,,
pfp_bloom_filter_contains_unique_size_u64,0,NVIDIA RTX PRO 6000 Blackwell Server Edition,I64,U64,128,1,8,2,1000000000,256,Yes,,,,,,,,,,
pfp_bloom_filter_contains_unique_size_u64,0,NVIDIA RTX PRO 6000 Blackwell Server Edition,I64,U64,128,1,8,2,1000000000,512,Yes,,,,,,,,,,
pfp_bloom_filter_contains_unique_size_u64,0,NVIDIA RTX PRO 6000 Blackwell Server Edition,I64,U64,128,1,8,2,1000000000,1024,Yes,,,,,,,,,,
pfp_bloom_filter_contains_unique_size_u64,0,NVIDIA RTX PRO 6000 Blackwell Server Edition,I64,U64,128,1,8,2,1000000000,2048,Yes,,,,,,,,,,
pfp_bloom_filter_contains_unique_size_u64,0,NVIDIA RTX PRO 6000 Blackwell Server Edition,I64,U64,128,1,8,4,1000000000,1,Yes,,,,,,,,,,
pfp_bloom_filter_contains_unique_size_u64,0,NVIDIA RTX PRO 6000 Blackwell Server Edition,I64,U64,128,1,8,4,1000000000,2,Yes,,,,,,,,,,
pfp_bloom_filter_contains_unique_size_u64,0,NVIDIA RTX PRO 6000 Blackwell Server Edition,I64,U64,128,1,8,4,1000000000,4,Yes,,,,,,,,,,
pfp_bloom_filter_contains_unique_size_u64,0,NVIDIA RTX PRO 6000 Blackwell Server Edition,I64,U64,128,1,8,4,1000000000,8,Yes,,,,,,,,,,
pfp_bloom_filter_contains_unique_size_u64,0,NVIDIA RTX PRO 6000 Blackwell Server Edition,I64,U64,128,1,8,4,1000000000,16,Yes,,,,,,,,,,
pfp_bloom_filter_contains_unique_size_u64,0,NVIDIA RTX PRO 6000 Blackwell Server Edition,I64,U64,128,1,8,4,1000000000,32,Yes,,,,,,,,,,
pfp_bloom_filter_contains_unique_size_u64,0,NVIDIA RTX PRO 6000 Blackwell Server Edition,I64,U64,128,1,8,4,1000000000,64,Yes,,,,,,,,,,
pfp_bloom_filter_contains_unique_size_u64,0,NVIDIA RTX PRO 6000 Blackwell Server Edition,I64,U64,128,1,8,4,1000000000,128,Yes,,,,,,,,,,
pfp_bloom_filter_contains_unique_size_u64,0,NVIDIA RTX PRO 6000 Blackwell Server Edition,I64,U64,128,1,8,4,1000000000,256,Yes,,,,,,,,,,
pfp_bloom_filter_contains_unique_size_u64,0,NVIDIA RTX PRO 6000 Blackwell Server Edition,I64,U64,128,1,8,4,1000000000,512,Yes,,,,,,,,,,
pfp_bloom_filter_contains_unique_size_u64,0,NVIDIA RTX PRO 6000 Blackwell Server Edition,I64,U64,128,1,8,4,1000000000,1024,Yes,,,,,,,,,,
pfp_bloom_filter_contains_unique_size_u64,0,NVIDIA RTX PRO 6000 Blackwell Server Edition,I64,U64,128,1,8,4,1000000000,2048,Yes,,,,,,,,,,
pfp_bloom_filter_contains_unique_size_u64,0,NVIDIA RTX PRO 6000 Blackwell Server Edition,I64,U64,128,1,8,8,1000000000,1,Yes,,,,,,,,,,
pfp_bloom_filter_contains_unique_size_u64,0,NVIDIA RTX PRO 6000 Blackwell Server Edition,I64,U64,128,1,8,8,1000000000,2,Yes,,,,,,,,,,
pfp_bloom_filter_contains_unique_size_u64,0,NVIDIA RTX PRO 6000 Blackwell Server Edition,I64,U64,128,1,8,8,1000000000,4,Yes,,,,,,,,,,
pfp_bloom_filter_contains_unique_size_u64,0,NVIDIA RTX PRO 6000 Blackwell Server Edition,I64,U64,128,1,8,8,1000000000,8,Yes,,,,,,,,,,
pfp_bloom_filter_contains_unique_size_u64,0,NVIDIA RTX PRO 6000 Blackwell Server Edition,I64,U64,128,1,8,8,1000000000,16,Yes,,,,,,,,,,
pfp_bloom_filter_contains_unique_size_u64,0,NVIDIA RTX PRO 6000 Blackwell Server Edition,I64,U64,128,1,8,8,1000000000,32,Yes,,,,,,,,,,
pfp_bloom_filter_contains_unique_size_u64,0,NVIDIA RTX PRO 6000 Blackwell Server Edition,I64,U64,128,1,8,8,1000000000,64,Yes,,,,,,,,,,
pfp_bloom_filter_contains_unique_size_u64,0,NVIDIA RTX PRO 6000 Blackwell Server Edition,I64,U64,128,1,8,8,1000000000,128,Yes,,,,,,,,,,
pfp_bloom_filter_contains_unique_size_u64,0,NVIDIA RTX PRO 6000 Blackwell Server Edition,I64,U64,128,1,8,8,1000000000,256,Yes,,,,,,,,,,
pfp_bloom_filter_contains_unique_size_u64,0,NVIDIA RTX PRO 6000 Blackwell Server Edition,I64,U64,128,1,8,8,1000000000,512,Yes,,,,,,,,,,
pfp_bloom_filter_contains_unique_size_u64,0,NVIDIA RTX PRO 6000 Blackwell Server Edition,I64,U64,128,1,8,8,1000000000,1024,Yes,,,,,,,,,,
pfp_bloom_filter_contains_unique_size_u64,0,NVIDIA RTX PRO 6000 Blackwell Server Edition,I64,U64,128,1,8,8,1000000000,2048,Yes,,,,,,,,,,
pfp_bloom_filter_contains_unique_size_u64,0,NVIDIA RTX PRO 6000 Blackwell Server Edition,I64,U64,128,20,1,1,1000000000,1,No,5.1022e-05,40,62,0.008146680661290324,0.0204158352220809,0.008136483600062711,0.020431438858534018,122903215830.52077,63,0.008677472311352926
pfp_bloom_filter_contains_unique_size_u64,0,NVIDIA RTX PRO 6000 Blackwell Server Edition,I64,U64,128,20,1,1,1000000000,2,No,4.3095e-05,40,61,0.008252083950819673,0.022644691575388638,0.008241967216866916,0.022671555643893466,121330256926.22664,65,0.008623765211838942
pfp_bloom_filter_contains_unique_size_u64,0,NVIDIA RTX PRO 6000 Blackwell Server Edition,I64,U64,128,20,1,1,1000000000,4,No,5.2064e-05,40,61,0.008263116622950824,0.019397629219722917,0.008252696115462506,0.019428605486352096,121172521804.8886,64,0.008691638946533202
pfp_bloom_filter_contains_unique_size_u64,0,NVIDIA RTX PRO 6000 Blackwell Server Edition,I64,U64,128,20,1,1,1000000000,8,No,4.5426e-05,40,61,0.008282869245901643,0.019200918093560164,0.008272968370406353,0.019225798991104735,120875598119.91422,64,0.00875113582611084
pfp_bloom_filter_contains_unique_size_u64,0,NVIDIA RTX PRO 6000 Blackwell Server Edition,I64,U64,128,20,1,1,1000000000,16,No,5.475e-05,40,61,0.008280724409836066,0.01626400451702065,0.008270489129863801,0.016281856133238168,120911832939.73666,64,0.00876824951171875
pfp_bloom_filter_contains_unique_size_u64,0,NVIDIA RTX PRO 6000 Blackwell Server Edition,I64,U64,128,20,1,1,1000000000,32,No,5.1358e-05,40,60,0.008344985666666667,0.018099232023028308,0.008334969091415406,0.018117938045858754,119976449706.32814,64,0.008771535873413085
pfp_bloom_filter_contains_unique_size_u64,0,NVIDIA RTX PRO 6000 Blackwell Server Edition,I64,U64,128,20,1,1,1000000000,64,No,5.2688e-05,40,60,0.008444786966666666,0.018950236975321874,0.008434516843159994,0.018968859496046722,118560436666.97447,64,0.00878339958190918
pfp_bloom_filter_contains_unique_size_u64,0,NVIDIA RTX PRO 6000 Blackwell Server Edition,I64,U64,128,20,1,1,1000000000,128,No,4.9908e-05,40,19,0.027441104368421055,0.00013263170398066047,0.027430839538574215,0.00012710385177256038,36455318787.95633,20,0.027290447044372557
pfp_bloom_filter_contains_unique_size_u64,0,NVIDIA RTX PRO 6000 Blackwell Server Edition,I64,U64,128,20,1,1,1000000000,256,No,5.1445e-05,40,11,0.05628761181818183,7.044019020515493e-05,0.05627719497680664,6.497496726132009e-05,17769186975.508057,12,0.05620351791381836
pfp_bloom_filter_contains_unique_size_u64,0,NVIDIA RTX PRO 6000 Blackwell Server Edition,I64,U64,128,20,1,1,1000000000,512,No,5.0697e-05,40,11,0.06445112390909093,9.135653819857364e-05,0.06444081254438921,8.510335556539164e-05,15518115934.8536,12,0.06436812019348144
pfp_bloom_filter_contains_unique_size_u64,0,NVIDIA RTX PRO 6000 Blackwell Server Edition,I64,U64,128,20,1,1,1000000000,1024,No,5.1212e-05,40,11,0.0677421770909091,9.909082866695553e-05,0.06773172829367897,9.68498768834925e-05,14764129385.036295,12,0.06766450945536294
pfp_bloom_filter_contains_unique_size_u64,0,NVIDIA RTX PRO 6000 Blackwell Server Edition,I64,U64,128,20,1,1,1000000000,2048,No,5.0754e-05,40,11,0.06922766045454544,8.155986446251668e-05,0.0692168461192738,8.482671749715882e-05,14447349974.265076,12,0.06914585558573405
pfp_bloom_filter_contains_unique_size_u64,0,NVIDIA RTX PRO 6000 Blackwell Server Edition,I64,U64,128,20,1,2,1000000000,1,No,5.1022e-05,40,62,0.008146898887096774,0.02145234763914075,0.00813680927215084,0.021504621505163215,122898296685.2393,63,0.008659347836933439
pfp_bloom_filter_contains_unique_size_u64,0,NVIDIA RTX PRO 6000 Blackwell Server Edition,I64,U64,128,20,1,2,1000000000,2,No,4.3095e-05,40,61,0.008208140377049178,0.019673449015475422,0.008197967779440958,0.019703146026439963,121981450391.62288,65,0.008627498685396636
pfp_bloom_filter_contains_unique_size_u64,0,NVIDIA RTX PRO 6000 Blackwell Server Edition,I64,U64,128,20,1,2,1000000000,4,No,5.2064e-05,40,61,0.00826109581967213,0.020489677975551533,0.008250771381815927,0.02051164717330405,121200788838.23203,64,0.008691311836242676
pfp_bloom_filter_contains_unique_size_u64,0,NVIDIA RTX PRO 6000 Blackwell Server Edition,I64,U64,128,20,1,2,1000000000,8,No,4.5426e-05,40,61,0.008235234081967215,0.015322587757274648,0.008225001491484094,0.015350456758839788,121580525065.60252,64,0.008731094360351563
pfp_bloom_filter_contains_unique_size_u64,0,NVIDIA RTX PRO 6000 Blackwell Server Edition,I64,U64,128,20,1,2,1000000000,16,No,5.475e-05,40,61,0.008282432721311477,0.018629598890860327,0.008272155824254772,0.018657289852738734,120887471324.93587,64,0.008731863975524902
pfp_bloom_filter_contains_unique_size_u64,0,NVIDIA RTX PRO 6000 Blackwell Server Edition,I64,U64,128,20,1,2,1000000000,32,No,5.1358e-05,40,61,0.008300497295081968,0.016758124113660743,0.00829134425178903,0.016827727119569782,120607704810.2579,64,0.00875009536743164
pfp_bloom_filter_contains_unique_size_u64,0,NVIDIA RTX PRO 6000 Blackwell Server Edition,I64,U64,128,20,1,2,1000000000,64,No,5.2688e-05,40,60,0.0083741968,0.016039306910025294,0.008364123233159384,0.016051532865231047,119558257587.06207,64,0.008747989654541016
pfp_bloom_filter_contains_unique_size_u64,0,NVIDIA RTX PRO 6000 Blackwell Server Edition,I64,U64,128,20,1,2,1000000000,128,No,4.9908e-05,40,19,0.02744280405263158,0.0001342166401776675,0.02743273604543586,0.00013204073103505084,36452798523.03962,20,0.027292851543426512
pfp_bloom_filter_contains_unique_size_u64,0,NVIDIA RTX PRO 6000 Blackwell Server Edition,I64,U64,128,20,1,2,1000000000,256,No,5.1445e-05,40,11,0.05629092518181818,5.662459194139607e-05,0.05628008443659002,5.3124005575198935e-05,17768274692.74119,12,0.05620160484313966
pfp_bloom_filter_contains_unique_size_u64,0,NVIDIA RTX PRO 6000 Blackwell Server Edition,I64,U64,128,20,1,2,1000000000,512,No,5.0697e-05,40,11,0.06445206572727274,7.865161378417454e-05,0.06444119332053444,7.917700987914674e-05,15518024239.95997,12,0.06436659240722657
pfp_bloom_filter_contains_unique_size_u64,0,NVIDIA RTX PRO 6000 Blackwell Server Edition,I64,U64,128,20,1,2,1000000000,1024,No,5.1212e-05,40,11,0.06774235736363637,0.00011566975335570561,0.06773118036443537,0.0001050414601466877,14764248823.35411,12,0.0676621519724528
pfp_bloom_filter_contains_unique_size_u64,0,NVIDIA RTX PRO 6000 Blackwell Server Edition,I64,U64,128,20,1,2,1000000000,2048,No,5.0754e-05,40,11,0.06922472772727274,0.0001137726427709016,0.06921380407159979,0.000113366690195555,14447984956.375572,12,0.06914628156026205
pfp_bloom_filter_contains_unique_size_u64,0,NVIDIA RTX PRO 6000 Blackwell Server Edition,I64,U64,128,20,1,4,1000000000,1,Yes,,,,,,,,,,
pfp_bloom_filter_contains_unique_size_u64,0,NVIDIA RTX PRO 6000 Blackwell Server Edition,I64,U64,128,20,1,4,1000000000,2,Yes,,,,,,,,,,
pfp_bloom_filter_contains_unique_size_u64,0,NVIDIA RTX PRO 6000 Blackwell Server Edition,I64,U64,128,20,1,4,1000000000,4,Yes,,,,,,,,,,
pfp_bloom_filter_contains_unique_size_u64,0,NVIDIA RTX PRO 6000 Blackwell Server Edition,I64,U64,128,20,1,4,1000000000,8,Yes,,,,,,,,,,
pfp_bloom_filter_contains_unique_size_u64,0,NVIDIA RTX PRO 6000 Blackwell Server Edition,I64,U64,128,20,1,4,1000000000,16,Yes,,,,,,,,,,
pfp_bloom_filter_contains_unique_size_u64,0,NVIDIA RTX PRO 6000 Blackwell Server Edition,I64,U64,128,20,1,4,1000000000,32,Yes,,,,,,,,,,
pfp_bloom_filter_contains_unique_size_u64,0,NVIDIA RTX PRO 6000 Blackwell Server Edition,I64,U64,128,20,1,4,1000000000,64,Yes,,,,,,,,,,
pfp_bloom_filter_contains_unique_size_u64,0,NVIDIA RTX PRO 6000 Blackwell Server Edition,I64,U64,128,20,1,4,1000000000,128,Yes,,,,,,,,,,
pfp_bloom_filter_contains_unique_size_u64,0,NVIDIA RTX PRO 6000 Blackwell Server Edition,I64,U64,128,20,1,4,1000000000,256,Yes,,,,,,,,,,
pfp_bloom_filter_contains_unique_size_u64,0,NVIDIA RTX PRO 6000 Blackwell Server Edition,I64,U64,128,20,1,4,1000000000,512,Yes,,,,,,,,,,
pfp_bloom_filter_contains_unique_size_u64,0,NVIDIA RTX PRO 6000 Blackwell Server Edition,I64,U64,128,20,1,4,1000000000,1024,Yes,,,,,,,,,,
pfp_bloom_filter_contains_unique_size_u64,0,NVIDIA RTX PRO 6000 Blackwell Server Edition,I64,U64,128,20,1,4,1000000000,2048,Yes,,,,,,,,,,
pfp_bloom_filter_contains_unique_size_u64,0,NVIDIA RTX PRO 6000 Blackwell Server Edition,I64,U64,128,20,1,8,1000000000,1,Yes,,,,,,,,,,
pfp_bloom_filter_contains_unique_size_u64,0,NVIDIA RTX PRO 6000 Blackwell Server Edition,I64,U64,128,20,1,8,1000000000,2,Yes,,,,,,,,,,
pfp_bloom_filter_contains_unique_size_u64,0,NVIDIA RTX PRO 6000 Blackwell Server Edition,I64,U64,128,20,1,8,1000000000,4,Yes,,,,,,,,,,
pfp_bloom_filter_contains_unique_size_u64,0,NVIDIA RTX PRO 6000 Blackwell Server Edition,I64,U64,128,20,1,8,1000000000,8,Yes,,,,,,,,,,
pfp_bloom_filter_contains_unique_size_u64,0,NVIDIA RTX PRO 6000 Blackwell Server Edition,I64,U64,128,20,1,8,1000000000,16,Yes,,,,,,,,,,
pfp_bloom_filter_contains_unique_size_u64,0,NVIDIA RTX PRO 6000 Blackwell Server Edition,I64,U64,128,20,1,8,1000000000,32,Yes,,,,,,,,,,
pfp_bloom_filter_contains_unique_size_u64,0,NVIDIA RTX PRO 6000 Blackwell Server Edition,I64,U64,128,20,1,8,1000000000,64,Yes,,,,,,,,,,
pfp_bloom_filter_contains_unique_size_u64,0,NVIDIA RTX PRO 6000 Blackwell Server Edition,I64,U64,128,20,1,8,1000000000,128,Yes,,,,,,,,,,
pfp_bloom_filter_contains_unique_size_u64,0,NVIDIA RTX PRO 6000 Blackwell Server Edition,I64,U64,128,20,1,8,1000000000,256,Yes,,,,,,,,,,
pfp_bloom_filter_contains_unique_size_u64,0,NVIDIA RTX PRO 6000 Blackwell Server Edition,I64,U64,128,20,1,8,1000000000,512,Yes,,,,,,,,,,
pfp_bloom_filter_contains_unique_size_u64,0,NVIDIA RTX PRO 6000 Blackwell Server Edition,I64,U64,128,20,1,8,1000000000,1024,Yes,,,,,,,,,,
pfp_bloom_filter_contains_unique_size_u64,0,NVIDIA RTX PRO 6000 Blackwell Server Edition,I64,U64,128,20,1,8,1000000000,2048,Yes,,,,,,,,,,
pfp_bloom_filter_contains_unique_size_u64,0,NVIDIA RTX PRO 6000 Blackwell Server Edition,I64,U64,128,20,2,1,1000000000,1,No,5.1022e-05,40,31,0.016599875709677425,0.013241677478021534,0.01658975785778415,0.013236213869621188,60278155267.39505,32,0.016834575712680818
pfp_bloom_filter_contains_unique_size_u64,0,NVIDIA RTX PRO 6000 Blackwell Server Edition,I64,U64,128,20,2,1,1000000000,2,No,4.3095e-05,40,30,0.016759833066666664,0.01256893733039547,0.016749395179748536,0.012585308789869607,59703648356.75298,31,0.016877772177419356
pfp_bloom_filter_contains_unique_size_u64,0,NVIDIA RTX PRO 6000 Blackwell Server Edition,I64,U64,128,20,2,1,1000000000,4,No,5.2064e-05,40,30,0.016816345466666667,0.013149932302428741,0.016805768648783366,0.01315215111683493,59503377732.88304,31,0.016935440555695562
pfp_bloom_filter_contains_unique_size_u64,0,NVIDIA RTX PRO 6000 Blackwell Server Edition,I64,U64,128,20,2,1,1000000000,8,No,4.5426e-05,40,30,0.01684259416666667,0.014701241276589228,0.01683226445515951,0.014701782265276013,59409712974.98091,31,0.016975607595136086
pfp_bloom_filter_contains_unique_size_u64,0,NVIDIA RTX PRO 6000 Blackwell Server Edition,I64,U64,128,20,2,1,1000000000,16,No,5.475e-05,40,30,0.016849883200000006,0.014830488841701215,0.0168393087387085,0.014818644609068595,59384860478.34618,31,0.016988820537444084
pfp_bloom_filter_contains_unique_size_u64,0,NVIDIA RTX PRO 6000 Blackwell Server Edition,I64,U64,128,20,2,1,1000000000,32,No,5.1358e-05,40,30,0.016936102033333338,0.015190553391947874,0.016925280125935874,0.01520733247919133,59083217090.60668,31,0.017042859169744677
pfp_bloom_filter_contains_unique_size_u64,0,NVIDIA RTX PRO 6000 Blackwell Server Edition,I64,U64,128,20,2,1,1000000000,64,No,5.2688e-05,40,30,0.0169609036,0.01558980440186472,0.01695039660135905,0.015590207476481068,58995669748.50736,31,0.017049500003937755
pfp_bloom_filter_contains_unique_size_u64,0,NVIDIA RTX PRO 6000 Blackwell Server Edition,I64,U64,128,20,2,1,1000000000,128,No,4.9908e-05,40,19,0.027430592894736844,0.00015882451864787393,0.02742014473362973,0.0001649679840878858,36469537623.3204,20,0.027279053211212156
pfp_bloom_filter_contains_unique_size_u64,0,NVIDIA RTX PRO 6000 Blackwell Server Edition,I64,U64,128,20,2,1,1000000000,256,No,5.1445e-05,40,11,0.05626928645454546,0.00010658358486908772,0.056258088545365764,0.00010226561920016443,17775221765.553116,12,0.05618249670664469
pfp_bloom_filter_contains_unique_size_u64,0,NVIDIA RTX PRO 6000 Blackwell Server Edition,I64,U64,128,20,2,1,1000000000,512,No,5.0697e-05,40,11,0.06447041836363637,7.843222379933584e-05,0.06446031188964844,7.822718048675175e-05,15513421680.489698,12,0.06438378461201986
pfp_bloom_filter_contains_unique_size_u64,0,NVIDIA RTX PRO 6000 Blackwell Server Edition,I64,U64,128,20,2,1,1000000000,1024,No,5.1212e-05,40,11,0.06778202190909091,9.691838951362298e-05,0.0677711778120561,9.145531882484623e-05,14755535203.670397,12,0.0676996275583903
pfp_bloom_filter_contains_unique_size_u64,0,NVIDIA RTX PRO 6000 Blackwell Server Edition,I64,U64,128,20,2,1,1000000000,2048,No,5.0754e-05,40,11,0.06926883781818183,8.673730151073746e-05,0.06925808854536576,8.847849490634467e-05,14438746737.068483,12,0.06919005839029949
pfp_bloom_filter_contains_unique_size_u64,0,NVIDIA RTX PRO 6000 Blackwell Server Edition,I64,U64,128,20,2,2,1000000000,1,Yes,,,,,,,,,,
pfp_bloom_filter_contains_unique_size_u64,0,NVIDIA RTX PRO 6000 Blackwell Server Edition,I64,U64,128,20,2,2,1000000000,2,Yes,,,,,,,,,,
pfp_bloom_filter_contains_unique_size_u64,0,NVIDIA RTX PRO 6000 Blackwell Server Edition,I64,U64,128,20,2,2,1000000000,4,Yes,,,,,,,,,,
pfp_bloom_filter_contains_unique_size_u64,0,NVIDIA RTX PRO 6000 Blackwell Server Edition,I64,U64,128,20,2,2,1000000000,8,Yes,,,,,,,,,,
pfp_bloom_filter_contains_unique_size_u64,0,NVIDIA RTX PRO 6000 Blackwell Server Edition,I64,U64,128,20,2,2,1000000000,16,Yes,,,,,,,,,,
pfp_bloom_filter_contains_unique_size_u64,0,NVIDIA RTX PRO 6000 Blackwell Server Edition,I64,U64,128,20,2,2,1000000000,32,Yes,,,,,,,,,,
pfp_bloom_filter_contains_unique_size_u64,0,NVIDIA RTX PRO 6000 Blackwell Server Edition,I64,U64,128,20,2,2,1000000000,64,Yes,,,,,,,,,,
pfp_bloom_filter_contains_unique_size_u64,0,NVIDIA RTX PRO 6000 Blackwell Server Edition,I64,U64,128,20,2,2,1000000000,128,Yes,,,,,,,,,,
pfp_bloom_filter_contains_unique_size_u64,0,NVIDIA RTX PRO 6000 Blackwell Server Edition,I64,U64,128,20,2,2,1000000000,256,Yes,,,,,,,,,,
pfp_bloom_filter_contains_unique_size_u64,0,NVIDIA RTX PRO 6000 Blackwell Server Edition,I64,U64,128,20,2,2,1000000000,512,Yes,,,,,,,,,,
pfp_bloom_filter_contains_unique_size_u64,0,NVIDIA RTX PRO 6000 Blackwell Server Edition,I64,U64,128,20,2,2,1000000000,1024,Yes,,,,,,,,,,
pfp_bloom_filter_contains_unique_size_u64,0,NVIDIA RTX PRO 6000 Blackwell Server Edition,I64,U64,128,20,2,2,1000000000,2048,Yes,,,,,,,,,,
pfp_bloom_filter_contains_unique_size_u64,0,NVIDIA RTX PRO 6000 Blackwell Server Edition,I64,U64,128,20,2,4,1000000000,1,Yes,,,,,,,,,,
pfp_bloom_filter_contains_unique_size_u64,0,NVIDIA RTX PRO 6000 Blackwell Server Edition,I64,U64,128,20,2,4,1000000000,2,Yes,,,,,,,,,,
pfp_bloom_filter_contains_unique_size_u64,0,NVIDIA RTX PRO 6000 Blackwell Server Edition,I64,U64,128,20,2,4,1000000000,4,Yes,,,,,,,,,,
pfp_bloom_filter_contains_unique_size_u64,0,NVIDIA RTX PRO 6000 Blackwell Server Edition,I64,U64,128,20,2,4,1000000000,8,Yes,,,,,,,,,,
pfp_bloom_filter_contains_unique_size_u64,0,NVIDIA RTX PRO 6000 Blackwell Server Edition,I64,U64,128,20,2,4,1000000000,16,Yes,,,,,,,,,,
pfp_bloom_filter_contains_unique_size_u64,0,NVIDIA RTX PRO 6000 Blackwell Server Edition,I64,U64,128,20,2,4,1000000000,32,Yes,,,,,,,,,,
pfp_bloom_filter_contains_unique_size_u64,0,NVIDIA RTX PRO 6000 Blackwell Server Edition,I64,U64,128,20,2,4,1000000000,64,Yes,,,,,,,,,,
pfp_bloom_filter_contains_unique_size_u64,0,NVIDIA RTX PRO 6000 Blackwell Server Edition,I64,U64,128,20,2,4,1000000000,128,Yes,,,,,,,,,,
pfp_bloom_filter_contains_unique_size_u64,0,NVIDIA RTX PRO 6000 Blackwell Server Edition,I64,U64,128,20,2,4,1000000000,256,Yes,,,,,,,,,,
pfp_bloom_filter_contains_unique_size_u64,0,NVIDIA RTX PRO 6000 Blackwell Server Edition,I64,U64,128,20,2,4,1000000000,512,Yes,,,,,,,,,,
pfp_bloom_filter_contains_unique_size_u64,0,NVIDIA RTX PRO 6000 Blackwell Server Edition,I64,U64,128,20,2,4,1000000000,1024,Yes,,,,,,,,,,
pfp_bloom_filter_contains_unique_size_u64,0,NVIDIA RTX PRO 6000 Blackwell Server Edition,I64,U64,128,20,2,4,1000000000,2048,Yes,,,,,,,,,,
pfp_bloom_filter_contains_unique_size_u64,0,NVIDIA RTX PRO 6000 Blackwell Server Edition,I64,U64,128,20,2,8,1000000000,1,Yes,,,,,,,,,,
pfp_bloom_filter_contains_unique_size_u64,0,NVIDIA RTX PRO 6000 Blackwell Server Edition,I64,U64,128,20,2,8,1000000000,2,Yes,,,,,,,,,,
pfp_bloom_filter_contains_unique_size_u64,0,NVIDIA RTX PRO 6000 Blackwell Server Edition,I64,U64,128,20,2,8,1000000000,4,Yes,,,,,,,,,,
pfp_bloom_filter_contains_unique_size_u64,0,NVIDIA RTX PRO 6000 Blackwell Server Edition,I64,U64,128,20,2,8,1000000000,8,Yes,,,,,,,,,,
pfp_bloom_filter_contains_unique_size_u64,0,NVIDIA RTX PRO 6000 Blackwell Server Edition,I64,U64,128,20,2,8,1000000000,16,Yes,,,,,,,,,,
pfp_bloom_filter_contains_unique_size_u64,0,NVIDIA RTX PRO 6000 Blackwell Server Edition,I64,U64,128,20,2,8,1000000000,32,Yes,,,,,,,,,,
pfp_bloom_filter_contains_unique_size_u64,0,NVIDIA RTX PRO 6000 Blackwell Server Edition,I64,U64,128,20,2,8,1000000000,64,Yes,,,,,,,,,,
pfp_bloom_filter_contains_unique_size_u64,0,NVIDIA RTX PRO 6000 Blackwell Server Edition,I64,U64,128,20,2,8,1000000000,128,Yes,,,,,,,,,,
pfp_bloom_filter_contains_unique_size_u64,0,NVIDIA RTX PRO 6000 Blackwell Server Edition,I64,U64,128,20,2,8,1000000000,256,Yes,,,,,,,,,,
pfp_bloom_filter_contains_unique_size_u64,0,NVIDIA RTX PRO 6000 Blackwell Server Edition,I64,U64,128,20,2,8,1000000000,512,Yes,,,,,,,,,,
pfp_bloom_filter_contains_unique_size_u64,0,NVIDIA RTX PRO 6000 Blackwell Server Edition,I64,U64,128,20,2,8,1000000000,1024,Yes,,,,,,,,,,
pfp_bloom_filter_contains_unique_size_u64,0,NVIDIA RTX PRO 6000 Blackwell Server Edition,I64,U64,128,20,2,8,1000000000,2048,Yes,,,,,,,,,,
pfp_bloom_filter_contains_unique_size_u64,0,NVIDIA RTX PRO 6000 Blackwell Server Edition,I64,U64,128,20,4,1,1000000000,1,Yes,,,,,,,,,,
pfp_bloom_filter_contains_unique_size_u64,0,NVIDIA RTX PRO 6000 Blackwell Server Edition,I64,U64,128,20,4,1,1000000000,2,Yes,,,,,,,,,,
pfp_bloom_filter_contains_unique_size_u64,0,NVIDIA RTX PRO 6000 Blackwell Server Edition,I64,U64,128,20,4,1,1000000000,4,Yes,,,,,,,,,,
pfp_bloom_filter_contains_unique_size_u64,0,NVIDIA RTX PRO 6000 Blackwell Server Edition,I64,U64,128,20,4,1,1000000000,8,Yes,,,,,,,,,,
pfp_bloom_filter_contains_unique_size_u64,0,NVIDIA RTX PRO 6000 Blackwell Server Edition,I64,U64,128,20,4,1,1000000000,16,Yes,,,,,,,,,,
pfp_bloom_filter_contains_unique_size_u64,0,NVIDIA RTX PRO 6000 Blackwell Server Edition,I64,U64,128,20,4,1,1000000000,32,Yes,,,,,,,,,,
pfp_bloom_filter_contains_unique_size_u64,0,NVIDIA RTX PRO 6000 Blackwell Server Edition,I64,U64,128,20,4,1,1000000000,64,Yes,,,,,,,,,,
pfp_bloom_filter_contains_unique_size_u64,0,NVIDIA RTX PRO 6000 Blackwell Server Edition,I64,U64,128,20,4,1,1000000000,128,Yes,,,,,,,,,,
pfp_bloom_filter_contains_unique_size_u64,0,NVIDIA RTX PRO 6000 Blackwell Server Edition,I64,U64,128,20,4,1,1000000000,256,Yes,,,,,,,,,,
pfp_bloom_filter_contains_unique_size_u64,0,NVIDIA RTX PRO 6000 Blackwell Server Edition,I64,U64,128,20,4,1,1000000000,512,Yes,,,,,,,,,,
pfp_bloom_filter_contains_unique_size_u64,0,NVIDIA RTX PRO 6000 Blackwell Server Edition,I64,U64,128,20,4,1,1000000000,1024,Yes,,,,,,,,,,
pfp_bloom_filter_contains_unique_size_u64,0,NVIDIA RTX PRO 6000 Blackwell Server Edition,I64,U64,128,20,4,1,1000000000,2048,Yes,,,,,,,,,,
pfp_bloom_filter_contains_unique_size_u64,0,NVIDIA RTX PRO 6000 Blackwell Server Edition,I64,U64,128,20,4,2,1000000000,1,Yes,,,,,,,,,,
pfp_bloom_filter_contains_unique_size_u64,0,NVIDIA RTX PRO 6000 Blackwell Server Edition,I64,U64,128,20,4,2,1000000000,2,Yes,,,,,,,,,,
pfp_bloom_filter_contains_unique_size_u64,0,NVIDIA RTX PRO 6000 Blackwell Server Edition,I64,U64,128,20,4,2,1000000000,4,Yes,,,,,,,,,,
pfp_bloom_filter_contains_unique_size_u64,0,NVIDIA RTX PRO 6000 Blackwell Server Edition,I64,U64,128,20,4,2,1000000000,8,Yes,,,,,,,,,,
pfp_bloom_filter_contains_unique_size_u64,0,NVIDIA RTX PRO 6000 Blackwell Server Edition,I64,U64,128,20,4,2,1000000000,16,Yes,,,,,,,,,,
pfp_bloom_filter_contains_unique_size_u64,0,NVIDIA RTX PRO 6000 Blackwell Server Edition,I64,U64,128,20,4,2,1000000000,32,Yes,,,,,,,,,,
pfp_bloom_filter_contains_unique_size_u64,0,NVIDIA RTX PRO 6000 Blackwell Server Edition,I64,U64,128,20,4,2,1000000000,64,Yes,,,,,,,,,,
pfp_bloom_filter_contains_unique_size_u64,0,NVIDIA RTX PRO 6000 Blackwell Server Edition,I64,U64,128,20,4,2,1000000000,128,Yes,,,,,,,,,,
pfp_bloom_filter_contains_unique_size_u64,0,NVIDIA RTX PRO 6000 Blackwell Server Edition,I64,U64,128,20,4,2,1000000000,256,Yes,,,,,,,,,,
pfp_bloom_filter_contains_unique_size_u64,0,NVIDIA RTX PRO 6000 Blackwell Server Edition,I64,U64,128,20,4,2,1000000000,512,Yes,,,,,,,,,,
pfp_bloom_filter_contains_unique_size_u64,0,NVIDIA RTX PRO 6000 Blackwell Server Edition,I64,U64,128,20,4,2,1000000000,1024,Yes,,,,,,,,,,
pfp_bloom_filter_contains_unique_size_u64,0,NVIDIA RTX PRO 6000 Blackwell Server Edition,I64,U64,128,20,4,2,1000000000,2048,Yes,,,,,,,,,,
pfp_bloom_filter_contains_unique_size_u64,0,NVIDIA RTX PRO 6000 Blackwell Server Edition,I64,U64,128,20,4,4,1000000000,1,Yes,,,,,,,,,,
pfp_bloom_filter_contains_unique_size_u64,0,NVIDIA RTX PRO 6000 Blackwell Server Edition,I64,U64,128,20,4,4,1000000000,2,Yes,,,,,,,,,,
pfp_bloom_filter_contains_unique_size_u64,0,NVIDIA RTX PRO 6000 Blackwell Server Edition,I64,U64,128,20,4,4,1000000000,4,Yes,,,,,,,,,,
pfp_bloom_filter_contains_unique_size_u64,0,NVIDIA RTX PRO 6000 Blackwell Server Edition,I64,U64,128,20,4,4,1000000000,8,Yes,,,,,,,,,,
pfp_bloom_filter_contains_unique_size_u64,0,NVIDIA RTX PRO 6000 Blackwell Server Edition,I64,U64,128,20,4,4,1000000000,16,Yes,,,,,,,,,,
pfp_bloom_filter_contains_unique_size_u64,0,NVIDIA RTX PRO 6000 Blackwell Server Edition,I64,U64,128,20,4,4,1000000000,32,Yes,,,,,,,,,,
pfp_bloom_filter_contains_unique_size_u64,0,NVIDIA RTX PRO 6000 Blackwell Server Edition,I64,U64,128,20,4,4,1000000000,64,Yes,,,,,,,,,,
pfp_bloom_filter_contains_unique_size_u64,0,NVIDIA RTX PRO 6000 Blackwell Server Edition,I64,U64,128,20,4,4,1000000000,128,Yes,,,,,,,,,,
pfp_bloom_filter_contains_unique_size_u64,0,NVIDIA RTX PRO 6000 Blackwell Server Edition,I64,U64,128,20,4,4,1000000000,256,Yes,,,,,,,,,,
pfp_bloom_filter_contains_unique_size_u64,0,NVIDIA RTX PRO 6000 Blackwell Server Edition,I64,U64,128,20,4,4,1000000000,512,Yes,,,,,,,,,,
pfp_bloom_filter_contains_unique_size_u64,0,NVIDIA RTX PRO 6000 Blackwell Server Edition,I64,U64,128,20,4,4,1000000000,1024,Yes,,,,,,,,,,
pfp_bloom_filter_contains_unique_size_u64,0,NVIDIA RTX PRO 6000 Blackwell Server Edition,I64,U64,128,20,4,4,1000000000,2048,Yes,,,,,,,,,,
pfp_bloom_filter_contains_unique_size_u64,0,NVIDIA RTX PRO 6000 Blackwell Server Edition,I64,U64,128,20,4,8,1000000000,1,Yes,,,,,,,,,,
pfp_bloom_filter_contains_unique_size_u64,0,NVIDIA RTX PRO 6000 Blackwell Server Edition,I64,U64,128,20,4,8,1000000000,2,Yes,,,,,,,,,,
pfp_bloom_filter_contains_unique_size_u64,0,NVIDIA RTX PRO 6000 Blackwell Server Edition,I64,U64,128,20,4,8,1000000000,4,Yes,,,,,,,,,,
pfp_bloom_filter_contains_unique_size_u64,0,NVIDIA RTX PRO 6000 Blackwell Server Edition,I64,U64,128,20,4,8,1000000000,8,Yes,,,,,,,,,,
pfp_bloom_filter_contains_unique_size_u64,0,NVIDIA RTX PRO 6000 Blackwell Server Edition,I64,U64,128,20,4,8,1000000000,16,Yes,,,,,,,,,,
pfp_bloom_filter_contains_unique_size_u64,0,NVIDIA RTX PRO 6000 Blackwell Server Edition,I64,U64,128,20,4,8,1000000000,32,Yes,,,,,,,,,,
pfp_bloom_filter_contains_unique_size_u64,0,NVIDIA RTX PRO 6000 Blackwell Server Edition,I64,U64,128,20,4,8,1000000000,64,Yes,,,,,,,,,,
pfp_bloom_filter_contains_unique_size_u64,0,NVIDIA RTX PRO 6000 Blackwell Server Edition,I64,U64,128,20,4,8,1000000000,128,Yes,,,,,,,,,,
pfp_bloom_filter_contains_unique_size_u64,0,NVIDIA RTX PRO 6000 Blackwell Server Edition,I64,U64,128,20,4,8,1000000000,256,Yes,,,,,,,,,,
pfp_bloom_filter_contains_unique_size_u64,0,NVIDIA RTX PRO 6000 Blackwell Server Edition,I64,U64,128,20,4,8,1000000000,512,Yes,,,,,,,,,,
pfp_bloom_filter_contains_unique_size_u64,0,NVIDIA RTX PRO 6000 Blackwell Server Edition,I64,U64,128,20,4,8,1000000000,1024,Yes,,,,,,,,,,
pfp_bloom_filter_contains_unique_size_u64,0,NVIDIA RTX PRO 6000 Blackwell Server Edition,I64,U64,128,20,4,8,1000000000,2048,Yes,,,,,,,,,,
pfp_bloom_filter_contains_unique_size_u64,0,NVIDIA RTX PRO 6000 Blackwell Server Edition,I64,U64,128,20,8,1,1000000000,1,Yes,,,,,,,,,,
pfp_bloom_filter_contains_unique_size_u64,0,NVIDIA RTX PRO 6000 Blackwell Server Edition,I64,U64,128,20,8,1,1000000000,2,Yes,,,,,,,,,,
pfp_bloom_filter_contains_unique_size_u64,0,NVIDIA RTX PRO 6000 Blackwell Server Edition,I64,U64,128,20,8,1,1000000000,4,Yes,,,,,,,,,,
pfp_bloom_filter_contains_unique_size_u64,0,NVIDIA RTX PRO 6000 Blackwell Server Edition,I64,U64,128,20,8,1,1000000000,8,Yes,,,,,,,,,,
pfp_bloom_filter_contains_unique_size_u64,0,NVIDIA RTX PRO 6000 Blackwell Server Edition,I64,U64,128,20,8,1,1000000000,16,Yes,,,,,,,,,,
pfp_bloom_filter_contains_unique_size_u64,0,NVIDIA RTX PRO 6000 Blackwell Server Edition,I64,U64,128,20,8,1,1000000000,32,Yes,,,,,,,,,,
pfp_bloom_filter_contains_unique_size_u64,0,NVIDIA RTX PRO 6000 Blackwell Server Edition,I64,U64,128,20,8,1,1000000000,64,Yes,,,,,,,,,,
pfp_bloom_filter_contains_unique_size_u64,0,NVIDIA RTX PRO 6000 Blackwell Server Edition,I64,U64,128,20,8,1,1000000000,128,Yes,,,,,,,,,,
pfp_bloom_filter_contains_unique_size_u64,0,NVIDIA RTX PRO 6000 Blackwell Server Edition,I64,U64,128,20,8,1,1000000000,256,Yes,,,,,,,,,,
pfp_bloom_filter_contains_unique_size_u64,0,NVIDIA RTX PRO 6000 Blackwell Server Edition,I64,U64,128,20,8,1,1000000000,512,Yes,,,,,,,,,,
pfp_bloom_filter_contains_unique_size_u64,0,NVIDIA RTX PRO 6000 Blackwell Server Edition,I64,U64,128,20,8,1,1000000000,1024,Yes,,,,,,,,,,
pfp_bloom_filter_contains_unique_size_u64,0,NVIDIA RTX PRO 6000 Blackwell Server Edition,I64,U64,128,20,8,1,1000000000,2048,Yes,,,,,,,,,,
pfp_bloom_filter_contains_unique_size_u64,0,NVIDIA RTX PRO 6000 Blackwell Server Edition,I64,U64,128,20,8,2,1000000000,1,Yes,,,,,,,,,,
pfp_bloom_filter_contains_unique_size_u64,0,NVIDIA RTX PRO 6000 Blackwell Server Edition,I64,U64,128,20,8,2,1000000000,2,Yes,,,,,,,,,,
pfp_bloom_filter_contains_unique_size_u64,0,NVIDIA RTX PRO 6000 Blackwell Server Edition,I64,U64,128,20,8,2,1000000000,4,Yes,,,,,,,,,,
pfp_bloom_filter_contains_unique_size_u64,0,NVIDIA RTX PRO 6000 Blackwell Server Edition,I64,U64,128,20,8,2,1000000000,8,Yes,,,,,,,,,,
pfp_bloom_filter_contains_unique_size_u64,0,NVIDIA RTX PRO 6000 Blackwell Server Edition,I64,U64,128,20,8,2,1000000000,16,Yes,,,,,,,,,,
pfp_bloom_filter_contains_unique_size_u64,0,NVIDIA RTX PRO 6000 Blackwell Server Edition,I64,U64,128,20,8,2,1000000000,32,Yes,,,,,,,,,,
pfp_bloom_filter_contains_unique_size_u64,0,NVIDIA RTX PRO 6000 Blackwell Server Edition,I64,U64,128,20,8,2,1000000000,64,Yes,,,,,,,,,,
pfp_bloom_filter_contains_unique_size_u64,0,NVIDIA RTX PRO 6000 Blackwell Server Edition,I64,U64,128,20,8,2,1000000000,128,Yes,,,,,,,,,,
pfp_bloom_filter_contains_unique_size_u64,0,NVIDIA RTX PRO 6000 Blackwell Server Edition,I64,U64,128,20,8,2,1000000000,256,Yes,,,,,,,,,,
pfp_bloom_filter_contains_unique_size_u64,0,NVIDIA RTX PRO 6000 Blackwell Server Edition,I64,U64,128,20,8,2,1000000000,512,Yes,,,,,,,,,,
pfp_bloom_filter_contains_unique_size_u64,0,NVIDIA RTX PRO 6000 Blackwell Server Edition,I64,U64,128,20,8,2,1000000000,1024,Yes,,,,,,,,,,
pfp_bloom_filter_contains_unique_size_u64,0,NVIDIA RTX PRO 6000 Blackwell Server Edition,I64,U64,128,20,8,2,1000000000,2048,Yes,,,,,,,,,,
pfp_bloom_filter_contains_unique_size_u64,0,NVIDIA RTX PRO 6000 Blackwell Server Edition,I64,U64,128,20,8,4,1000000000,1,Yes,,,,,,,,,,
pfp_bloom_filter_contains_unique_size_u64,0,NVIDIA RTX PRO 6000 Blackwell Server Edition,I64,U64,128,20,8,4,1000000000,2,Yes,,,,,,,,,,
pfp_bloom_filter_contains_unique_size_u64,0,NVIDIA RTX PRO 6000 Blackwell Server Edition,I64,U64,128,20,8,4,1000000000,4,Yes,,,,,,,,,,
pfp_bloom_filter_contains_unique_size_u64,0,NVIDIA RTX PRO 6000 Blackwell Server Edition,I64,U64,128,20,8,4,1000000000,8,Yes,,,,,,,,,,
pfp_bloom_filter_contains_unique_size_u64,0,NVIDIA RTX PRO 6000 Blackwell Server Edition,I64,U64,128,20,8,4,1000000000,16,Yes,,,,,,,,,,
pfp_bloom_filter_contains_unique_size_u64,0,NVIDIA RTX PRO 6000 Blackwell Server Edition,I64,U64,128,20,8,4,1000000000,32,Yes,,,,,,,,,,
pfp_bloom_filter_contains_unique_size_u64,0,NVIDIA RTX PRO 6000 Blackwell Server Edition,I64,U64,128,20,8,4,1000000000,64,Yes,,,,,,,,,,
pfp_bloom_filter_contains_unique_size_u64,0,NVIDIA RTX PRO 6000 Blackwell Server Edition,I64,U64,128,20,8,4,1000000000,128,Yes,,,,,,,,,,
pfp_bloom_filter_contains_unique_size_u64,0,NVIDIA RTX PRO 6000 Blackwell Server Edition,I64,U64,128,20,8,4,1000000000,256,Yes,,,,,,,,,,
pfp_bloom_filter_contains_unique_size_u64,0,NVIDIA RTX PRO 6000 Blackwell Server Edition,I64,U64,128,20,8,4,1000000000,512,Yes,,,,,,,,,,
pfp_bloom_filter_contains_unique_size_u64,0,NVIDIA RTX PRO 6000 Blackwell Server Edition,I64,U64,128,20,8,4,1000000000,1024,Yes,,,,,,,,,,
pfp_bloom_filter_contains_unique_size_u64,0,NVIDIA RTX PRO 6000 Blackwell Server Edition,I64,U64,128,20,8,4,1000000000,2048,Yes,,,,,,,,,,
pfp_bloom_filter_contains_unique_size_u64,0,NVIDIA RTX PRO 6000 Blackwell Server Edition,I64,U64,128,20,8,8,1000000000,1,Yes,,,,,,,,,,
pfp_bloom_filter_contains_unique_size_u64,0,NVIDIA RTX PRO 6000 Blackwell Server Edition,I64,U64,128,20,8,8,1000000000,2,Yes,,,,,,,,,,
pfp_bloom_filter_contains_unique_size_u64,0,NVIDIA RTX PRO 6000 Blackwell Server Edition,I64,U64,128,20,8,8,1000000000,4,Yes,,,,,,,,,,
pfp_bloom_filter_contains_unique_size_u64,0,NVIDIA RTX PRO 6000 Blackwell Server Edition,I64,U64,128,20,8,8,1000000000,8,Yes,,,,,,,,,,
pfp_bloom_filter_contains_unique_size_u64,0,NVIDIA RTX PRO 6000 Blackwell Server Edition,I64,U64,128,20,8,8,1000000000,16,Yes,,,,,,,,,,
pfp_bloom_filter_contains_unique_size_u64,0,NVIDIA RTX PRO 6000 Blackwell Server Edition,I64,U64,128,20,8,8,1000000000,32,Yes,,,,,,,,,,
pfp_bloom_filter_contains_unique_size_u64,0,NVIDIA RTX PRO 6000 Blackwell Server Edition,I64,U64,128,20,8,8,1000000000,64,Yes,,,,,,,,,,
pfp_bloom_filter_contains_unique_size_u64,0,NVIDIA RTX PRO 6000 Blackwell Server Edition,I64,U64,128,20,8,8,1000000000,128,Yes,,,,,,,,,,
pfp_bloom_filter_contains_unique_size_u64,0,NVIDIA RTX PRO 6000 Blackwell Server Edition,I64,U64,128,20,8,8,1000000000,256,Yes,,,,,,,,,,
pfp_bloom_filter_contains_unique_size_u64,0,NVIDIA RTX PRO 6000 Blackwell Server Edition,I64,U64,128,20,8,8,1000000000,512,Yes,,,,,,,,,,
pfp_bloom_filter_contains_unique_size_u64,0,NVIDIA RTX PRO 6000 Blackwell Server Edition,I64,U64,128,20,8,8,1000000000,1024,Yes,,,,,,,,,,
pfp_bloom_filter_contains_unique_size_u64,0,NVIDIA RTX PRO 6000 Blackwell Server Edition,I64,U64,128,20,8,8,1000000000,2048,Yes,,,,,,,,,,
pfp_bloom_filter_contains_unique_size_u64,0,NVIDIA RTX PRO 6000 Blackwell Server Edition,I64,U64,256,1,1,1,1000000000,1,No,0.026616622,4,62,0.008188003854838711,0.017241757280211555,0.008177765692434004,0.017280984532461283,122282789408.50446,63,0.008289051843067956
pfp_bloom_filter_contains_unique_size_u64,0,NVIDIA RTX PRO 6000 Blackwell Server Edition,I64,U64,256,1,1,1,1000000000,2,No,0.026679489,4,61,0.008342372590163936,0.01146280535135553,0.008332983110771805,0.011477455657467845,120005043416.84421,62,0.008378606980846774
pfp_bloom_filter_contains_unique_size_u64,0,NVIDIA RTX PRO 6000 Blackwell Server Edition,I64,U64,256,1,1,1,1000000000,4,No,0.02665682,4,60,0.008404317733333335,0.011297913025889499,0.008394486935933431,0.011302193506148925,119125803355.46193,62,0.008438287550403226
pfp_bloom_filter_contains_unique_size_u64,0,NVIDIA RTX PRO 6000 Blackwell Server Edition,I64,U64,256,1,1,1,1000000000,8,No,0.02664805,4,60,0.008414728700000002,0.013133240650753171,0.008404425032933554,0.013151035798408114,118984939015.03114,62,0.008455580188382055
pfp_bloom_filter_contains_unique_size_u64,0,NVIDIA RTX PRO 6000 Blackwell Server Edition,I64,U64,256,1,1,1,1000000000,16,No,0.026662376,4,60,0.008436454900000001,0.013764189604592364,0.008426050106684369,0.013789969272206234,118679569589.39777,62,0.008467909289944557
pfp_bloom_filter_contains_unique_size_u64,0,NVIDIA RTX PRO 6000 Blackwell Server Edition,I64,U64,256,1,1,1,1000000000,32,No,0.02665728,4,60,0.008464145999999999,0.015114762847742847,0.008455168533325196,0.015110591125829388,118270853627.41153,62,0.008476400067729335
pfp_bloom_filter_contains_unique_size_u64,0,NVIDIA RTX PRO 6000 Blackwell Server Edition,I64,U64,256,1,1,1,1000000000,64,No,0.026644355,4,59,0.008514094152542371,0.017284616812051123,0.008504011881553522,0.017298624536682194,117591557247.13298,62,0.008479825911983367
pfp_bloom_filter_contains_unique_size_u64,0,NVIDIA RTX PRO 6000 Blackwell Server Edition,I64,U64,256,1,1,1,1000000000,128,No,0.026657968,4,19,0.02747426947368421,0.00015442966099593885,0.027463489733244247,0.00015475015253236884,36411978583.67982,20,0.02732175235748291
pfp_bloom_filter_contains_unique_size_u64,0,NVIDIA RTX PRO 6000 Blackwell Server Edition,I64,U64,256,1,1,1,1000000000,256,No,0.026663695,4,11,0.05629976654545455,9.649453181705144e-05,0.056288849223743775,9.325908547095209e-05,17765507978.76642,12,0.05621537748972574
pfp_bloom_filter_contains_unique_size_u64,0,NVIDIA RTX PRO 6000 Blackwell Server Edition,I64,U64,256,1,1,1,1000000000,512,No,0.026654862,4,11,0.0644262381818182,0.00011634197543152553,0.06441503698175603,0.0001105924037705624,15524325481.381393,12,0.06434388987223308
pfp_bloom_filter_contains_unique_size_u64,0,NVIDIA RTX PRO 6000 Blackwell Server Edition,I64,U64,256,1,1,1,1000000000,1024,No,0.026647871,4,11,0.06770795863636364,4.036947671470129e-05,0.06769688762318005,4.509509877117914e-05,14771727846.134993,12,0.06762884330749512
pfp_bloom_filter_contains_unique_size_u64,0,NVIDIA RTX PRO 6000 Blackwell Server Edition,I64,U64,256,1,1,1,1000000000,2048,No,0.026645098,4,11,0.06919642845454545,8.015177225717544e-05,0.06918578269264915,7.777922284316695e-05,14453836627.712936,12,0.06911658223470053
pfp_bloom_filter_contains_unique_size_u64,0,NVIDIA RTX PRO 6000 Blackwell Server Edition,I64,U64,256,1,1,2,1000000000,1,No,0.026616622,4,63,0.008007978650793652,0.013486833492567922,0.007997842864384729,0.013494496018556125,125033714334.78766,64,0.008114927291870118
pfp_bloom_filter_contains_unique_size_u64,0,NVIDIA RTX PRO 6000 Blackwell Server Edition,I64,U64,256,1,1,2,1000000000,2,No,0.026679489,4,62,0.00814042848387097,0.012557964494264596,0.008131242767457034,0.01256023137654285,122982430681.1024,64,0.00820789623260498
pfp_bloom_filter_contains_unique_size_u64,0,NVIDIA RTX PRO 6000 Blackwell Server Edition,I64,U64,256,1,1,2,1000000000,4,No,0.02665682,4,61,0.008210817524590163,0.013584565523884566,0.008200962082284397,0.013604647192216048,121936913006.85147,63,0.008272478376116072
pfp_bloom_filter_contains_unique_size_u64,0,NVIDIA RTX PRO 6000 Blackwell Server Edition,I64,U64,256,1,1,2,1000000000,8,No,0.02664805,4,61,0.008244116459016395,0.014132811680189782,0.00823402443870169,0.014156102194558618,121447295601.86685,63,0.00830161636594742
pfp_bloom_filter_contains_unique_size_u64,0,NVIDIA RTX PRO 6000 Blackwell Server Edition,I64,U64,256,1,1,2,1000000000,16,No,0.026662376,4,61,0.00827541224590164,0.013499728129484287,0.008265437376303749,0.01352391099449769,120985733055.93098,63,0.008316902281746032
pfp_bloom_filter_contains_unique_size_u64,0,NVIDIA RTX PRO 6000 Blackwell Server Edition,I64,U64,256,1,1,2,1000000000,32,No,0.02665728,4,61,0.008302675442622953,0.014512560872653934,0.008293440021452356,0.01450413795949176,120577226990.64977,63,0.00833360363188244
pfp_bloom_filter_contains_unique_size_u64,0,NVIDIA RTX PRO 6000 Blackwell Server Edition,I64,U64,256,1,1,2,1000000000,64,No,0.026644355,4,60,0.008369425766666666,0.014110538166000264,0.008359716844558716,0.014126630796567077,119621276485.08733,63,0.00833834984188988
pfp_bloom_filter_contains_unique_size_u64,0,NVIDIA RTX PRO 6000 Blackwell Server Edition,I64,U64,256,1,1,2,1000000000,128,No,0.026657968,4,19,0.027434292368421057,0.0001870497116389753,0.027423850310476203,0.0001825287363888152,36464609771.37077,20,0.027284224891662594
pfp_bloom_filter_contains_unique_size_u64,0,NVIDIA RTX PRO 6000 Blackwell Server Edition,I64,U64,256,1,1,2,1000000000,256,No,0.026663695,4,11,0.056289309,9.059386969946094e-05,0.05627896152843129,8.008484096046664e-05,17768629214.929897,12,0.05620595773061116
pfp_bloom_filter_contains_unique_size_u64,0,NVIDIA RTX PRO 6000 Blackwell Server Edition,I64,U64,256,1,1,2,1000000000,512,No,0.026654862,4,11,0.06444468181818183,9.880777544024616e-05,0.0644336762861772,9.767945185196819e-05,15519834621.240253,12,0.06436471430460612
pfp_bloom_filter_contains_unique_size_u64,0,NVIDIA RTX PRO 6000 Blackwell Server Edition,I64,U64,256,1,1,2,1000000000,1024,No,0.026647871,4,11,0.06773764763636364,0.00012455860570389991,0.06772612831809305,0.00012230351716918046,14765350165.939573,12,0.06765917396545411
pfp_bloom_filter_contains_unique_size_u64,0,NVIDIA RTX PRO 6000 Blackwell Server Edition,I64,U64,256,1,1,2,1000000000,2048,No,0.026645098,4,11,0.06922679590909091,9.010978960401481e-05,0.06921587510542436,9.013519942668174e-05,14447552652.868666,12,0.06914747937520344
pfp_bloom_filter_contains_unique_size_u64,0,NVIDIA RTX PRO 6000 Blackwell Server Edition,I64,U64,256,1,1,4,1000000000,1,No,0.026616622,4,63,0.007966178380952383,0.016273748010139887,0.007955997482178704,0.016303024941391738,125691341939.20782,65,0.008078982309194712
pfp_bloom_filter_contains_unique_size_u64,0,NVIDIA RTX PRO 6000 Blackwell Server Edition,I64,U64,256,1,1,4,1000000000,2,No,0.026679489,4,62,0.00809994979032258,0.015167053523536901,0.008089643893703338,0.015183051306148344,123614835602.14076,64,0.008165224075317383
pfp_bloom_filter_contains_unique_size_u64,0,NVIDIA RTX PRO 6000 Blackwell Server Edition,I64,U64,256,1,1,4,1000000000,4,No,0.02665682,4,62,0.008149937709677419,0.016633239038846996,0.008139864860042447,0.016636186263679725,122852162436.85713,64,0.008222431182861327
pfp_bloom_filter_contains_unique_size_u64,0,NVIDIA RTX PRO 6000 Blackwell Server Edition,I64,U64,256,1,1,4,1000000000,8,No,0.02664805,4,62,0.00818123366129032,0.016724805464601873,0.008171037912368775,0.016732735859837793,122383473277.76639,63,0.008245946490575397
pfp_bloom_filter_contains_unique_size_u64,0,NVIDIA RTX PRO 6000 Blackwell Server Edition,I64,U64,256,1,1,4,1000000000,16,No,0.026662376,4,62,0.008193227516129033,0.017058620233923388,0.008183050817058933,0.01709759044147809,122203811555.8727,63,0.008257161458333334
pfp_bloom_filter_contains_unique_size_u64,0,NVIDIA RTX PRO 6000 Blackwell Server Edition,I64,U64,256,1,1,4,1000000000,32,No,0.02665728,4,61,0.008238520688524589,0.017477356978114932,0.008229364457677623,0.017490995688305873,121516066658.95633,63,0.008270432245163691
pfp_bloom_filter_contains_unique_size_u64,0,NVIDIA RTX PRO 6000 Blackwell Server Edition,I64,U64,256,1,1,4,1000000000,64,No,0.026644355,4,61,0.008307303409836066,0.0168770521643242,0.00829698628284892,0.01688561790892688,120525690402.44717,63,0.0082754390656002
pfp_bloom_filter_contains_unique_size_u64,0,NVIDIA RTX PRO 6000 Blackwell Server Edition,I64,U64,256,1,1,4,1000000000,128,No,0.026657968,4,19,0.027437635105263158,0.00017535594408748457,0.0274270886872944,0.00017853700580411857,36460304314.51698,20,0.027285887050628666
pfp_bloom_filter_contains_unique_size_u64,0,NVIDIA RTX PRO 6000 Blackwell Server Edition,I64,U64,256,1,1,4,1000000000,256,No,0.026663695,4,11,0.05628924936363636,7.479043363061647e-05,0.05627919734608044,6.838114762137475e-05,17768554761.906975,12,0.05620517762502034
pfp_bloom_filter_contains_unique_size_u64,0,NVIDIA RTX PRO 6000 Blackwell Server Edition,I64,U64,256,1,1,4,1000000000,512,No,0.026654862,4,11,0.0644414649090909,4.5590106375749574e-05,0.06443061828613281,4.1507411661855524e-05,15520571222.195251,12,0.06435721270243326
pfp_bloom_filter_contains_unique_size_u64,0,NVIDIA RTX PRO 6000 Blackwell Server Edition,I64,U64,256,1,1,4,1000000000,1024,No,0.026647871,4,11,0.06773251463636364,7.733744211304833e-05,0.06772150351784446,7.159289401222845e-05,14766358513.238003,12,0.06765041287740071
pfp_bloom_filter_contains_unique_size_u64,0,NVIDIA RTX PRO 6000 Blackwell Server Edition,I64,U64,256,1,1,4,1000000000,2048,No,0.026645098,4,11,0.06922188472727273,7.839638263021957e-05,0.06921112129905006,8.125565225131205e-05,14448544991.478489,12,0.06913809140523275
pfp_bloom_filter_contains_unique_size_u64,0,NVIDIA RTX PRO 6000 Blackwell Server Edition,I64,U64,256,1,1,8,1000000000,1,Yes,,,,,,,,,,
pfp_bloom_filter_contains_unique_size_u64,0,NVIDIA RTX PRO 6000 Blackwell Server Edition,I64,U64,256,1,1,8,1000000000,2,Yes,,,,,,,,,,
pfp_bloom_filter_contains_unique_size_u64,0,NVIDIA RTX PRO 6000 Blackwell Server Edition,I64,U64,256,1,1,8,1000000000,4,Yes,,,,,,,,,,
pfp_bloom_filter_contains_unique_size_u64,0,NVIDIA RTX PRO 6000 Blackwell Server Edition,I64,U64,256,1,1,8,1000000000,8,Yes,,,,,,,,,,
pfp_bloom_filter_contains_unique_size_u64,0,NVIDIA RTX PRO 6000 Blackwell Server Edition,I64,U64,256,1,1,8,1000000000,16,Yes,,,,,,,,,,
pfp_bloom_filter_contains_unique_size_u64,0,NVIDIA RTX PRO 6000 Blackwell Server Edition,I64,U64,256,1,1,8,1000000000,32,Yes,,,,,,,,,,
pfp_bloom_filter_contains_unique_size_u64,0,NVIDIA RTX PRO 6000 Blackwell Server Edition,I64,U64,256,1,1,8,1000000000,64,Yes,,,,,,,,,,
pfp_bloom_filter_contains_unique_size_u64,0,NVIDIA RTX PRO 6000 Blackwell Server Edition,I64,U64,256,1,1,8,1000000000,128,Yes,,,,,,,,,,
pfp_bloom_filter_contains_unique_size_u64,0,NVIDIA RTX PRO 6000 Blackwell Server Edition,I64,U64,256,1,1,8,1000000000,256,Yes,,,,,,,,,,
pfp_bloom_filter_contains_unique_size_u64,0,NVIDIA RTX PRO 6000 Blackwell Server Edition,I64,U64,256,1,1,8,1000000000,512,Yes,,,,,,,,,,
pfp_bloom_filter_contains_unique_size_u64,0,NVIDIA RTX PRO 6000 Blackwell Server Edition,I64,U64,256,1,1,8,1000000000,1024,Yes,,,,,,,,,,
pfp_bloom_filter_contains_unique_size_u64,0,NVIDIA RTX PRO 6000 Blackwell Server Edition,I64,U64,256,1,1,8,1000000000,2048,Yes,,,,,,,,,,
pfp_bloom_filter_contains_unique_size_u64,0,NVIDIA RTX PRO 6000 Blackwell Server Edition,I64,U64,256,1,2,1,1000000000,1,No,0.026616622,4,40,0.012539997850000002,0.0001802924664697895,0.012529591965675352,0.0001784552532445161,79811058711.20836,42,0.012529793875558037
pfp_bloom_filter_contains_unique_size_u64,0,NVIDIA RTX PRO 6000 Blackwell Server Edition,I64,U64,256,1,2,1,1000000000,2,No,0.026679489,4,40,0.012551935975000003,0.0014876561910689545,0.01254168393611908,0.0014858724266794945,79734109477.92085,41,0.012635908917682926
pfp_bloom_filter_contains_unique_size_u64,0,NVIDIA RTX PRO 6000 Blackwell Server Edition,I64,U64,256,1,2,1,1000000000,4,No,0.02665682,4,40,0.012583164825000001,0.0035495310411350193,0.01257291193008423,0.003555443161404146,79536069731.56462,41,0.012676470500666922
pfp_bloom_filter_contains_unique_size_u64,0,NVIDIA RTX PRO 6000 Blackwell Server Edition,I64,U64,256,1,2,1,1000000000,8,No,0.02664805,4,40,0.012649476000000003,0.003400348402308441,0.012639296722412107,0.0034115595152529924,79118326119.11006,41,0.012753743985804117
pfp_bloom_filter_contains_unique_size_u64,0,NVIDIA RTX PRO 6000 Blackwell Server Edition,I64,U64,256,1,2,1,1000000000,16,No,0.026662376,4,40,0.012701084875,0.005242667462145593,0.01269053275585175,0.005228933785730121,78798898299.90695,41,0.012760538240758386
pfp_bloom_filter_contains_unique_size_u64,0,NVIDIA RTX PRO 6000 Blackwell Server Edition,I64,U64,256,1,2,1,1000000000,32,No,0.02665728,4,40,0.012742760074999998,0.0056040988994237794,0.012733543109893794,0.005581450940277537,78532737618.25279,41,0.012777596822599085
pfp_bloom_filter_contains_unique_size_u64,0,NVIDIA RTX PRO 6000 Blackwell Server Edition,I64,U64,256,1,2,1,1000000000,64,No,0.026644355,4,40,0.012784061024999998,0.005378766910348638,0.012774275922775266,0.005362219262999225,78282323479.25876,41,0.012776472882526677
pfp_bloom_filter_contains_unique_size_u64,0,NVIDIA RTX PRO 6000 Blackwell Server Edition,I64,U64,256,1,2,1,1000000000,128,No,0.026657968,4,19,0.02739776442105264,0.00020210987343843742,0.02738756561279296,0.00019263032669573433,36512920284.26549,20,0.02724751396179199
pfp_bloom_filter_contains_unique_size_u64,0,NVIDIA RTX PRO 6000 Blackwell Server Edition,I64,U64,256,1,2,1,1000000000,256,No,0.026663695,4,11,0.05628225181818181,0.00010910289221806347,0.05627158945257014,0.00010688960981548656,17770957062.495525,12,0.05619584051767986
pfp_bloom_filter_contains_unique_size_u64,0,NVIDIA RTX PRO 6000 Blackwell Server Edition,I64,U64,256,1,2,1,1000000000,512,No,0.026654862,4,11,0.0644908741818182,6.587921357196198e-05,0.06448076907071201,6.237469003470274e-05,15508499889.375742,12,0.06440766779581704
pfp_bloom_filter_contains_unique_size_u64,0,NVIDIA RTX PRO 6000 Blackwell Server Edition,I64,U64,256,1,2,1,1000000000,1024,No,0.026647871,4,11,0.06779745936363636,8.064801880127975e-05,0.06778704279119319,8.135991332588778e-05,14752081796.52172,12,0.06771682421366373
pfp_bloom_filter_contains_unique_size_u64,0,NVIDIA RTX PRO 6000 Blackwell Server Edition,I64,U64,256,1,2,1,1000000000,2048,No,0.026645098,4,11,0.06930262063636365,5.215921181909351e-05,0.06929183197021484,5.0706857072036374e-05,14431715421.088173,12,0.06921975390116375
pfp_bloom_filter_contains_unique_size_u64,0,NVIDIA RTX PRO 6000 Blackwell Server Edition,I64,U64,256,1,2,2,1000000000,1,No,0.026616622,4,41,0.012501878170731706,0.0002348499750682117,0.012491414674898473,0.00022454371050031728,80054983844.98453,42,0.012478131975446428
pfp_bloom_filter_contains_unique_size_u64,0,NVIDIA RTX PRO 6000 Blackwell Server Edition,I64,U64,256,1,2,2,1000000000,2,No,0.026679489,4,41,0.012502686780487807,0.00018314719978781188,0.012492523681826712,0.00018722956290275508,80047877071.84683,42,0.012477026076543898
pfp_bloom_filter_contains_unique_size_u64,0,NVIDIA RTX PRO 6000 Blackwell Server Edition,I64,U64,256,1,2,2,1000000000,4,No,0.02665682,4,40,0.012517687700000002,0.0001879943264842834,0.012507299160957336,0.00016828842766212495,79953312632.16205,42,0.012520715622674851
pfp_bloom_filter_contains_unique_size_u64,0,NVIDIA RTX PRO 6000 Blackwell Server Edition,I64,U64,256,1,2,2,1000000000,8,No,0.02664805,4,40,0.012587610099999999,0.0001262693163489539,0.012577550387382504,0.00011961266975866284,79506737735.12971,41,0.012608261480564023
pfp_bloom_filter_contains_unique_size_u64,0,NVIDIA RTX PRO 6000 Blackwell Server Edition,I64,U64,256,1,2,2,1000000000,16,No,0.026662376,4,40,0.012599389549999998,0.0001640696680895514,0.012588914465904235,0.00017215334480711486,79434966589.72432,41,0.01263441132336128
pfp_bloom_filter_contains_unique_size_u64,0,NVIDIA RTX PRO 6000 Blackwell Server Edition,I64,U64,256,1,2,2,1000000000,32,No,0.02665728,4,40,0.012650403800000001,0.002352620905595269,0.012641210341453556,0.0023428535693907656,79106349233.09206,41,0.01268826963843369
pfp_bloom_filter_contains_unique_size_u64,0,NVIDIA RTX PRO 6000 Blackwell Server Edition,I64,U64,256,1,2,2,1000000000,64,No,0.026644355,4,40,0.012686818550000001,0.0001439111281061149,0.012676753544807438,0.0001254669271561195,78884550091.2663,41,0.012652869247808689
pfp_bloom_filter_contains_unique_size_u64,0,NVIDIA RTX PRO 6000 Blackwell Server Edition,I64,U64,256,1,2,2,1000000000,128,No,0.026657968,4,19,0.02739871331578948,0.0001486585021439618,0.027388220536081417,0.0001407791602136607,36512047165.773094,20,0.027245357513427732
pfp_bloom_filter_contains_unique_size_u64,0,NVIDIA RTX PRO 6000 Blackwell Server Edition,I64,U64,256,1,2,2,1000000000,256,No,0.026663695,4,11,0.056284014272727265,0.00011868546758624851,0.05627339623191139,0.00011168050254785182,17770386487.405968,12,0.05619609642028808
pfp_bloom_filter_contains_unique_size_u64,0,NVIDIA RTX PRO 6000 Blackwell Server Edition,I64,U64,256,1,2,2,1000000000,512,No,0.026654862,4,11,0.06448818181818183,9.914972849068559e-05,0.06447815634987572,9.224478795404333e-05,15509128309.651606,12,0.0644078909556071
pfp_bloom_filter_contains_unique_size_u64,0,NVIDIA RTX PRO 6000 Blackwell Server Edition,I64,U64,256,1,2,2,1000000000,1024,No,0.026647871,4,11,0.06779426645454546,4.2762076476416435e-05,0.06778350275213069,4.632425410401408e-05,14752852233.924519,12,0.06771336428324382
pfp_bloom_filter_contains_unique_size_u64,0,NVIDIA RTX PRO 6000 Blackwell Server Edition,I64,U64,256,1,2,2,1000000000,2048,No,0.026645098,4,11,0.06929556190909092,4.425697817145129e-05,0.06928430800004438,3.8150958586120954e-05,14433282641.711012,12,0.06921686999003092
pfp_bloom_filter_contains_unique_size_u64,0,NVIDIA RTX PRO 6000 Blackwell Server Edition,I64,U64,256,1,2,4,1000000000,1,Yes,,,,,,,,,,
pfp_bloom_filter_contains_unique_size_u64,0,NVIDIA RTX PRO 6000 Blackwell Server Edition,I64,U64,256,1,2,4,1000000000,2,Yes,,,,,,,,,,
pfp_bloom_filter_contains_unique_size_u64,0,NVIDIA RTX PRO 6000 Blackwell Server Edition,I64,U64,256,1,2,4,1000000000,4,Yes,,,,,,,,,,
pfp_bloom_filter_contains_unique_size_u64,0,NVIDIA RTX PRO 6000 Blackwell Server Edition,I64,U64,256,1,2,4,1000000000,8,Yes,,,,,,,,,,
pfp_bloom_filter_contains_unique_size_u64,0,NVIDIA RTX PRO 6000 Blackwell Server Edition,I64,U64,256,1,2,4,1000000000,16,Yes,,,,,,,,,,
pfp_bloom_filter_contains_unique_size_u64,0,NVIDIA RTX PRO 6000 Blackwell Server Edition,I64,U64,256,1,2,4,1000000000,32,Yes,,,,,,,,,,
pfp_bloom_filter_contains_unique_size_u64,0,NVIDIA RTX PRO 6000 Blackwell Server Edition,I64,U64,256,1,2,4,1000000000,64,Yes,,,,,,,,,,
pfp_bloom_filter_contains_unique_size_u64,0,NVIDIA RTX PRO 6000 Blackwell Server Edition,I64,U64,256,1,2,4,1000000000,128,Yes,,,,,,,,,,
pfp_bloom_filter_contains_unique_size_u64,0,NVIDIA RTX PRO 6000 Blackwell Server Edition,I64,U64,256,1,2,4,1000000000,256,Yes,,,,,,,,,,
pfp_bloom_filter_contains_unique_size_u64,0,NVIDIA RTX PRO 6000 Blackwell Server Edition,I64,U64,256,1,2,4,1000000000,512,Yes,,,,,,,,,,
pfp_bloom_filter_contains_unique_size_u64,0,NVIDIA RTX PRO 6000 Blackwell Server Edition,I64,U64,256,1,2,4,1000000000,1024,Yes,,,,,,,,,,
pfp_bloom_filter_contains_unique_size_u64,0,NVIDIA RTX PRO 6000 Blackwell Server Edition,I64,U64,256,1,2,4,1000000000,2048,Yes,,,,,,,,,,
pfp_bloom_filter_contains_unique_size_u64,0,NVIDIA RTX PRO 6000 Blackwell Server Edition,I64,U64,256,1,2,8,1000000000,1,Yes,,,,,,,,,,
pfp_bloom_filter_contains_unique_size_u64,0,NVIDIA RTX PRO 6000 Blackwell Server Edition,I64,U64,256,1,2,8,1000000000,2,Yes,,,,,,,,,,
pfp_bloom_filter_contains_unique_size_u64,0,NVIDIA RTX PRO 6000 Blackwell Server Edition,I64,U64,256,1,2,8,1000000000,4,Yes,,,,,,,,,,
pfp_bloom_filter_contains_unique_size_u64,0,NVIDIA RTX PRO 6000 Blackwell Server Edition,I64,U64,256,1,2,8,1000000000,8,Yes,,,,,,,,,,
pfp_bloom_filter_contains_unique_size_u64,0,NVIDIA RTX PRO 6000 Blackwell Server Edition,I64,U64,256,1,2,8,1000000000,16,Yes,,,,,,,,,,
pfp_bloom_filter_contains_unique_size_u64,0,NVIDIA RTX PRO 6000 Blackwell Server Edition,I64,U64,256,1,2,8,1000000000,32,Yes,,,,,,,,,,
pfp_bloom_filter_contains_unique_size_u64,0,NVIDIA RTX PRO 6000 Blackwell Server Edition,I64,U64,256,1,2,8,1000000000,64,Yes,,,,,,,,,,
pfp_bloom_filter_contains_unique_size_u64,0,NVIDIA RTX PRO 6000 Blackwell Server Edition,I64,U64,256,1,2,8,1000000000,128,Yes,,,,,,,,,,
pfp_bloom_filter_contains_unique_size_u64,0,NVIDIA RTX PRO 6000 Blackwell Server Edition,I64,U64,256,1,2,8,1000000000,256,Yes,,,,,,,,,,
pfp_bloom_filter_contains_unique_size_u64,0,NVIDIA RTX PRO 6000 Blackwell Server Edition,I64,U64,256,1,2,8,1000000000,512,Yes,,,,,,,,,,
pfp_bloom_filter_contains_unique_size_u64,0,NVIDIA RTX PRO 6000 Blackwell Server Edition,I64,U64,256,1,2,8,1000000000,1024,Yes,,,,,,,,,,
pfp_bloom_filter_contains_unique_size_u64,0,NVIDIA RTX PRO 6000 Blackwell Server Edition,I64,U64,256,1,2,8,1000000000,2048,Yes,,,,,,,,,,
pfp_bloom_filter_contains_unique_size_u64,0,NVIDIA RTX PRO 6000 Blackwell Server Edition,I64,U64,256,1,4,1,1000000000,1,No,0.026616622,4,40,0.0125712573,0.01757486068318523,0.012561018371582033,0.017585109621161176,79611379461.26993,41,0.012761712795350608
pfp_bloom_filter_contains_unique_size_u64,0,NVIDIA RTX PRO 6000 Blackwell Server Edition,I64,U64,256,1,4,1,1000000000,2,No,0.026679489,4,40,0.012711096149999998,0.013024882492374042,0.01270150163173675,0.01304363618883709,78730848445.61517,41,0.012773525331078507
pfp_bloom_filter_contains_unique_size_u64,0,NVIDIA RTX PRO 6000 Blackwell Server Edition,I64,U64,256,1,4,1,1000000000,4,No,0.02665682,4,40,0.012713534600000001,0.016945529690178582,0.01270337035655975,0.016959423926600967,78719266771.87848,41,0.012810764219702744
pfp_bloom_filter_contains_unique_size_u64,0,NVIDIA RTX PRO 6000 Blackwell Server Edition,I64,U64,256,1,4,1,1000000000,8,No,0.02664805,4,40,0.012750202475000003,0.01784298138512736,0.012739675164222716,0.017854291337614337,78494937045.8311,41,0.012851375347230494
pfp_bloom_filter_contains_unique_size_u64,0,NVIDIA RTX PRO 6000 Blackwell Server Edition,I64,U64,256,1,4,1,1000000000,16,No,0.026662376,4,40,0.012769144875000003,0.017843797773690107,0.01275879201889038,0.017841678380811903,78377325887.8601,41,0.012857058711168243
pfp_bloom_filter_contains_unique_size_u64,0,NVIDIA RTX PRO 6000 Blackwell Server Edition,I64,U64,256,1,4,1,1000000000,32,No,0.02665728,4,40,0.01280891785,0.017433899813779,0.012799858403205872,0.017449109934535495,78125864247.80594,41,0.012870978913656093
pfp_bloom_filter_contains_unique_size_u64,0,NVIDIA RTX PRO 6000 Blackwell Server Edition,I64,U64,256,1,4,1,1000000000,64,No,0.026644355,4,39,0.012885879999999999,0.014918149837690573,0.012875755456777719,0.014910090483705207,77665345801.01909,40,0.012873316955566405
pfp_bloom_filter_contains_unique_size_u64,0,NVIDIA RTX PRO 6000 Blackwell Server Edition,I64,U64,256,1,4,1,1000000000,128,No,0.026657968,4,19,0.027466624789473686,7.988729670504357e-05,0.027456314890008222,6.789650229784868e-05,36421493707.588394,20,0.027316070556640627
pfp_bloom_filter_contains_unique_size_u64,0,NVIDIA RTX PRO 6000 Blackwell Server Edition,I64,U64,256,1,4,1,1000000000,256,No,0.026663695,4,11,0.05634804118181818,6.840539571735693e-05,0.05633734408291902,6.964528620201494e-05,17750215532.492435,12,0.05626043732961019
pfp_bloom_filter_contains_unique_size_u64,0,NVIDIA RTX PRO 6000 Blackwell Server Edition,I64,U64,256,1,4,1,1000000000,512,No,0.026654862,4,11,0.06458347654545454,4.597047488629978e-05,0.06457220458984375,4.587036622201811e-05,15486539546.727589,12,0.06450187428792319
pfp_bloom_filter_contains_unique_size_u64,0,NVIDIA RTX PRO 6000 Blackwell Server Edition,I64,U64,256,1,4,1,1000000000,1024,No,0.026647871,4,11,0.06790356172727273,7.796062784049863e-05,0.06789294225519354,7.629328799265228e-05,14729071487.89098,12,0.06782180404663085
pfp_bloom_filter_contains_unique_size_u64,0,NVIDIA RTX PRO 6000 Blackwell Server Edition,I64,U64,256,1,4,1,1000000000,2048,No,0.026645098,4,11,0.06939818436363637,7.519836720530834e-05,0.06938667366721413,6.842470122049693e-05,14411989322.273993,12,0.06931605656941732
pfp_bloom_filter_contains_unique_size_u64,0,NVIDIA RTX PRO 6000 Blackwell Server Edition,I64,U64,256,1,4,2,1000000000,1,Yes,,,,,,,,,,
pfp_bloom_filter_contains_unique_size_u64,0,NVIDIA RTX PRO 6000 Blackwell Server Edition,I64,U64,256,1,4,2,1000000000,2,Yes,,,,,,,,,,
pfp_bloom_filter_contains_unique_size_u64,0,NVIDIA RTX PRO 6000 Blackwell Server Edition,I64,U64,256,1,4,2,1000000000,4,Yes,,,,,,,,,,
pfp_bloom_filter_contains_unique_size_u64,0,NVIDIA RTX PRO 6000 Blackwell Server Edition,I64,U64,256,1,4,2,1000000000,8,Yes,,,,,,,,,,
pfp_bloom_filter_contains_unique_size_u64,0,NVIDIA RTX PRO 6000 Blackwell Server Edition,I64,U64,256,1,4,2,1000000000,16,Yes,,,,,,,,,,
pfp_bloom_filter_contains_unique_size_u64,0,NVIDIA RTX PRO 6000 Blackwell Server Edition,I64,U64,256,1,4,2,1000000000,32,Yes,,,,,,,,,,
pfp_bloom_filter_contains_unique_size_u64,0,NVIDIA RTX PRO 6000 Blackwell Server Edition,I64,U64,256,1,4,2,1000000000,64,Yes,,,,,,,,,,
pfp_bloom_filter_contains_unique_size_u64,0,NVIDIA RTX PRO 6000 Blackwell Server Edition,I64,U64,256,1,4,2,1000000000,128,Yes,,,,,,,,,,
pfp_bloom_filter_contains_unique_size_u64,0,NVIDIA RTX PRO 6000 Blackwell Server Edition,I64,U64,256,1,4,2,1000000000,256,Yes,,,,,,,,,,
pfp_bloom_filter_contains_unique_size_u64,0,NVIDIA RTX PRO 6000 Blackwell Server Edition,I64,U64,256,1,4,2,1000000000,512,Yes,,,,,,,,,,
pfp_bloom_filter_contains_unique_size_u64,0,NVIDIA RTX PRO 6000 Blackwell Server Edition,I64,U64,256,1,4,2,1000000000,1024,Yes,,,,,,,,,,
pfp_bloom_filter_contains_unique_size_u64,0,NVIDIA RTX PRO 6000 Blackwell Server Edition,I64,U64,256,1,4,2,1000000000,2048,Yes,,,,,,,,,,
pfp_bloom_filter_contains_unique_size_u64,0,NVIDIA RTX PRO 6000 Blackwell Server Edition,I64,U64,256,1,4,4,1000000000,1,Yes,,,,,,,,,,
pfp_bloom_filter_contains_unique_size_u64,0,NVIDIA RTX PRO 6000 Blackwell Server Edition,I64,U64,256,1,4,4,1000000000,2,Yes,,,,,,,,,,
pfp_bloom_filter_contains_unique_size_u64,0,NVIDIA RTX PRO 6000 Blackwell Server Edition,I64,U64,256,1,4,4,1000000000,4,Yes,,,,,,,,,,
pfp_bloom_filter_contains_unique_size_u64,0,NVIDIA RTX PRO 6000 Blackwell Server Edition,I64,U64,256,1,4,4,1000000000,8,Yes,,,,,,,,,,
pfp_bloom_filter_contains_unique_size_u64,0,NVIDIA RTX PRO 6000 Blackwell Server Edition,I64,U64,256,1,4,4,1000000000,16,Yes,,,,,,,,,,
pfp_bloom_filter_contains_unique_size_u64,0,NVIDIA RTX PRO 6000 Blackwell Server Edition,I64,U64,256,1,4,4,1000000000,32,Yes,,,,,,,,,,
pfp_bloom_filter_contains_unique_size_u64,0,NVIDIA RTX PRO 6000 Blackwell Server Edition,I64,U64,256,1,4,4,1000000000,64,Yes,,,,,,,,,,
pfp_bloom_filter_contains_unique_size_u64,0,NVIDIA RTX PRO 6000 Blackwell Server Edition,I64,U64,256,1,4,4,1000000000,128,Yes,,,,,,,,,,
pfp_bloom_filter_contains_unique_size_u64,0,NVIDIA RTX PRO 6000 Blackwell Server Edition,I64,U64,256,1,4,4,1000000000,256,Yes,,,,,,,,,,
pfp_bloom_filter_contains_unique_size_u64,0,NVIDIA RTX PRO 6000 Blackwell Server Edition,I64,U64,256,1,4,4,1000000000,512,Yes,,,,,,,,,,
pfp_bloom_filter_contains_unique_size_u64,0,NVIDIA RTX PRO 6000 Blackwell Server Edition,I64,U64,256,1,4,4,1000000000,1024,Yes,,,,,,,,,,
pfp_bloom_filter_contains_unique_size_u64,0,NVIDIA RTX PRO 6000 Blackwell Server Edition,I64,U64,256,1,4,4,1000000000,2048,Yes,,,,,,,,,,
pfp_bloom_filter_contains_unique_size_u64,0,NVIDIA RTX PRO 6000 Blackwell Server Edition,I64,U64,256,1,4,8,1000000000,1,Yes,,,,,,,,,,
pfp_bloom_filter_contains_unique_size_u64,0,NVIDIA RTX PRO 6000 Blackwell Server Edition,I64,U64,256,1,4,8,1000000000,2,Yes,,,,,,,,,,
pfp_bloom_filter_contains_unique_size_u64,0,NVIDIA RTX PRO 6000 Blackwell Server Edition,I64,U64,256,1,4,8,1000000000,4,Yes,,,,,,,,,,
pfp_bloom_filter_contains_unique_size_u64,0,NVIDIA RTX PRO 6000 Blackwell Server Edition,I64,U64,256,1,4,8,1000000000,8,Yes,,,,,,,,,,
pfp_bloom_filter_contains_unique_size_u64,0,NVIDIA RTX PRO 6000 Blackwell Server Edition,I64,U64,256,1,4,8,1000000000,16,Yes,,,,,,,,,,
pfp_bloom_filter_contains_unique_size_u64,0,NVIDIA RTX PRO 6000 Blackwell Server Edition,I64,U64,256,1,4,8,1000000000,32,Yes,,,,,,,,,,
pfp_bloom_filter_contains_unique_size_u64,0,NVIDIA RTX PRO 6000 Blackwell Server Edition,I64,U64,256,1,4,8,1000000000,64,Yes,,,,,,,,,,
pfp_bloom_filter_contains_unique_size_u64,0,NVIDIA RTX PRO 6000 Blackwell Server Edition,I64,U64,256,1,4,8,1000000000,128,Yes,,,,,,,,,,
pfp_bloom_filter_contains_unique_size_u64,0,NVIDIA RTX PRO 6000 Blackwell Server Edition,I64,U64,256,1,4,8,1000000000,256,Yes,,,,,,,,,,
pfp_bloom_filter_contains_unique_size_u64,0,NVIDIA RTX PRO 6000 Blackwell Server Edition,I64,U64,256,1,4,8,1000000000,512,Yes,,,,,,,,,,
pfp_bloom_filter_contains_unique_size_u64,0,NVIDIA RTX PRO 6000 Blackwell Server Edition,I64,U64,256,1,4,8,1000000000,1024,Yes,,,,,,,,,,
pfp_bloom_filter_contains_unique_size_u64,0,NVIDIA RTX PRO 6000 Blackwell Server Edition,I64,U64,256,1,4,8,1000000000,2048,Yes,,,,,,,,,,
pfp_bloom_filter_contains_unique_size_u64,0,NVIDIA RTX PRO 6000 Blackwell Server Edition,I64,U64,256,1,8,1,1000000000,1,Yes,,,,,,,,,,
pfp_bloom_filter_contains_unique_size_u64,0,NVIDIA RTX PRO 6000 Blackwell Server Edition,I64,U64,256,1,8,1,1000000000,2,Yes,,,,,,,,,,
pfp_bloom_filter_contains_unique_size_u64,0,NVIDIA RTX PRO 6000 Blackwell Server Edition,I64,U64,256,1,8,1,1000000000,4,Yes,,,,,,,,,,
pfp_bloom_filter_contains_unique_size_u64,0,NVIDIA RTX PRO 6000 Blackwell Server Edition,I64,U64,256,1,8,1,1000000000,8,Yes,,,,,,,,,,
pfp_bloom_filter_contains_unique_size_u64,0,NVIDIA RTX PRO 6000 Blackwell Server Edition,I64,U64,256,1,8,1,1000000000,16,Yes,,,,,,,,,,
pfp_bloom_filter_contains_unique_size_u64,0,NVIDIA RTX PRO 6000 Blackwell Server Edition,I64,U64,256,1,8,1,1000000000,32,Yes,,,,,,,,,,
pfp_bloom_filter_contains_unique_size_u64,0,NVIDIA RTX PRO 6000 Blackwell Server Edition,I64,U64,256,1,8,1,1000000000,64,Yes,,,,,,,,,,
pfp_bloom_filter_contains_unique_size_u64,0,NVIDIA RTX PRO 6000 Blackwell Server Edition,I64,U64,256,1,8,1,1000000000,128,Yes,,,,,,,,,,
pfp_bloom_filter_contains_unique_size_u64,0,NVIDIA RTX PRO 6000 Blackwell Server Edition,I64,U64,256,1,8,1,1000000000,256,Yes,,,,,,,,,,
pfp_bloom_filter_contains_unique_size_u64,0,NVIDIA RTX PRO 6000 Blackwell Server Edition,I64,U64,256,1,8,1,1000000000,512,Yes,,,,,,,,,,
pfp_bloom_filter_contains_unique_size_u64,0,NVIDIA RTX PRO 6000 Blackwell Server Edition,I64,U64,256,1,8,1,1000000000,1024,Yes,,,,,,,,,,
pfp_bloom_filter_contains_unique_size_u64,0,NVIDIA RTX PRO 6000 Blackwell Server Edition,I64,U64,256,1,8,1,1000000000,2048,Yes,,,,,,,,,,
pfp_bloom_filter_contains_unique_size_u64,0,NVIDIA RTX PRO 6000 Blackwell Server Edition,I64,U64,256,1,8,2,1000000000,1,Yes,,,,,,,,,,
pfp_bloom_filter_contains_unique_size_u64,0,NVIDIA RTX PRO 6000 Blackwell Server Edition,I64,U64,256,1,8,2,1000000000,2,Yes,,,,,,,,,,
pfp_bloom_filter_contains_unique_size_u64,0,NVIDIA RTX PRO 6000 Blackwell Server Edition,I64,U64,256,1,8,2,1000000000,4,Yes,,,,,,,,,,
pfp_bloom_filter_contains_unique_size_u64,0,NVIDIA RTX PRO 6000 Blackwell Server Edition,I64,U64,256,1,8,2,1000000000,8,Yes,,,,,,,,,,
pfp_bloom_filter_contains_unique_size_u64,0,NVIDIA RTX PRO 6000 Blackwell Server Edition,I64,U64,256,1,8,2,1000000000,16,Yes,,,,,,,,,,
pfp_bloom_filter_contains_unique_size_u64,0,NVIDIA RTX PRO 6000 Blackwell Server Edition,I64,U64,256,1,8,2,1000000000,32,Yes,,,,,,,,,,
pfp_bloom_filter_contains_unique_size_u64,0,NVIDIA RTX PRO 6000 Blackwell Server Edition,I64,U64,256,1,8,2,1000000000,64,Yes,,,,,,,,,,
pfp_bloom_filter_contains_unique_size_u64,0,NVIDIA RTX PRO 6000 Blackwell Server Edition,I64,U64,256,1,8,2,1000000000,128,Yes,,,,,,,,,,
pfp_bloom_filter_contains_unique_size_u64,0,NVIDIA RTX PRO 6000 Blackwell Server Edition,I64,U64,256,1,8,2,1000000000,256,Yes,,,,,,,,,,
pfp_bloom_filter_contains_unique_size_u64,0,NVIDIA RTX PRO 6000 Blackwell Server Edition,I64,U64,256,1,8,2,1000000000,512,Yes,,,,,,,,,,
pfp_bloom_filter_contains_unique_size_u64,0,NVIDIA RTX PRO 6000 Blackwell Server Edition,I64,U64,256,1,8,2,1000000000,1024,Yes,,,,,,,,,,
pfp_bloom_filter_contains_unique_size_u64,0,NVIDIA RTX PRO 6000 Blackwell Server Edition,I64,U64,256,1,8,2,1000000000,2048,Yes,,,,,,,,,,
pfp_bloom_filter_contains_unique_size_u64,0,NVIDIA RTX PRO 6000 Blackwell Server Edition,I64,U64,256,1,8,4,1000000000,1,Yes,,,,,,,,,,
pfp_bloom_filter_contains_unique_size_u64,0,NVIDIA RTX PRO 6000 Blackwell Server Edition,I64,U64,256,1,8,4,1000000000,2,Yes,,,,,,,,,,
pfp_bloom_filter_contains_unique_size_u64,0,NVIDIA RTX PRO 6000 Blackwell Server Edition,I64,U64,256,1,8,4,1000000000,4,Yes,,,,,,,,,,
pfp_bloom_filter_contains_unique_size_u64,0,NVIDIA RTX PRO 6000 Blackwell Server Edition,I64,U64,256,1,8,4,1000000000,8,Yes,,,,,,,,,,
pfp_bloom_filter_contains_unique_size_u64,0,NVIDIA RTX PRO 6000 Blackwell Server Edition,I64,U64,256,1,8,4,1000000000,16,Yes,,,,,,,,,,
pfp_bloom_filter_contains_unique_size_u64,0,NVIDIA RTX PRO 6000 Blackwell Server Edition,I64,U64,256,1,8,4,1000000000,32,Yes,,,,,,,,,,
pfp_bloom_filter_contains_unique_size_u64,0,NVIDIA RTX PRO 6000 Blackwell Server Edition,I64,U64,256,1,8,4,1000000000,64,Yes,,,,,,,,,,
pfp_bloom_filter_contains_unique_size_u64,0,NVIDIA RTX PRO 6000 Blackwell Server Edition,I64,U64,256,1,8,4,1000000000,128,Yes,,,,,,,,,,
pfp_bloom_filter_contains_unique_size_u64,0,NVIDIA RTX PRO 6000 Blackwell Server Edition,I64,U64,256,1,8,4,1000000000,256,Yes,,,,,,,,,,
pfp_bloom_filter_contains_unique_size_u64,0,NVIDIA RTX PRO 6000 Blackwell Server Edition,I64,U64,256,1,8,4,1000000000,512,Yes,,,,,,,,,,
pfp_bloom_filter_contains_unique_size_u64,0,NVIDIA RTX PRO 6000 Blackwell Server Edition,I64,U64,256,1,8,4,1000000000,1024,Yes,,,,,,,,,,
pfp_bloom_filter_contains_unique_size_u64,0,NVIDIA RTX PRO 6000 Blackwell Server Edition,I64,U64,256,1,8,4,1000000000,2048,Yes,,,,,,,,,,
pfp_bloom_filter_contains_unique_size_u64,0,NVIDIA RTX PRO 6000 Blackwell Server Edition,I64,U64,256,1,8,8,1000000000,1,Yes,,,,,,,,,,
pfp_bloom_filter_contains_unique_size_u64,0,NVIDIA RTX PRO 6000 Blackwell Server Edition,I64,U64,256,1,8,8,1000000000,2,Yes,,,,,,,,,,
pfp_bloom_filter_contains_unique_size_u64,0,NVIDIA RTX PRO 6000 Blackwell Server Edition,I64,U64,256,1,8,8,1000000000,4,Yes,,,,,,,,,,
pfp_bloom_filter_contains_unique_size_u64,0,NVIDIA RTX PRO 6000 Blackwell Server Edition,I64,U64,256,1,8,8,1000000000,8,Yes,,,,,,,,,,
pfp_bloom_filter_contains_unique_size_u64,0,NVIDIA RTX PRO 6000 Blackwell Server Edition,I64,U64,256,1,8,8,1000000000,16,Yes,,,,,,,,,,
pfp_bloom_filter_contains_unique_size_u64,0,NVIDIA RTX PRO 6000 Blackwell Server Edition,I64,U64,256,1,8,8,1000000000,32,Yes,,,,,,,,,,
pfp_bloom_filter_contains_unique_size_u64,0,NVIDIA RTX PRO 6000 Blackwell Server Edition,I64,U64,256,1,8,8,1000000000,64,Yes,,,,,,,,,,
pfp_bloom_filter_contains_unique_size_u64,0,NVIDIA RTX PRO 6000 Blackwell Server Edition,I64,U64,256,1,8,8,1000000000,128,Yes,,,,,,,,,,
pfp_bloom_filter_contains_unique_size_u64,0,NVIDIA RTX PRO 6000 Blackwell Server Edition,I64,U64,256,1,8,8,1000000000,256,Yes,,,,,,,,,,
pfp_bloom_filter_contains_unique_size_u64,0,NVIDIA RTX PRO 6000 Blackwell Server Edition,I64,U64,256,1,8,8,1000000000,512,Yes,,,,,,,,,,
pfp_bloom_filter_contains_unique_size_u64,0,NVIDIA RTX PRO 6000 Blackwell Server Edition,I64,U64,256,1,8,8,1000000000,1024,Yes,,,,,,,,,,
pfp_bloom_filter_contains_unique_size_u64,0,NVIDIA RTX PRO 6000 Blackwell Server Edition,I64,U64,256,1,8,8,1000000000,2048,Yes,,,,,,,,,,
pfp_bloom_filter_contains_unique_size_u64,0,NVIDIA RTX PRO 6000 Blackwell Server Edition,I64,U64,256,20,1,1,1000000000,1,Yes,,,,,,,,,,
pfp_bloom_filter_contains_unique_size_u64,0,NVIDIA RTX PRO 6000 Blackwell Server Edition,I64,U64,256,20,1,1,1000000000,2,Yes,,,,,,,,,,
pfp_bloom_filter_contains_unique_size_u64,0,NVIDIA RTX PRO 6000 Blackwell Server Edition,I64,U64,256,20,1,1,1000000000,4,Yes,,,,,,,,,,
pfp_bloom_filter_contains_unique_size_u64,0,NVIDIA RTX PRO 6000 Blackwell Server Edition,I64,U64,256,20,1,1,1000000000,8,Yes,,,,,,,,,,
pfp_bloom_filter_contains_unique_size_u64,0,NVIDIA RTX PRO 6000 Blackwell Server Edition,I64,U64,256,20,1,1,1000000000,16,Yes,,,,,,,,,,
pfp_bloom_filter_contains_unique_size_u64,0,NVIDIA RTX PRO 6000 Blackwell Server Edition,I64,U64,256,20,1,1,1000000000,32,Yes,,,,,,,,,,
pfp_bloom_filter_contains_unique_size_u64,0,NVIDIA RTX PRO 6000 Blackwell Server Edition,I64,U64,256,20,1,1,1000000000,64,Yes,,,,,,,,,,
pfp_bloom_filter_contains_unique_size_u64,0,NVIDIA RTX PRO 6000 Blackwell Server Edition,I64,U64,256,20,1,1,1000000000,128,Yes,,,,,,,,,,
pfp_bloom_filter_contains_unique_size_u64,0,NVIDIA RTX PRO 6000 Blackwell Server Edition,I64,U64,256,20,1,1,1000000000,256,Yes,,,,,,,,,,
pfp_bloom_filter_contains_unique_size_u64,0,NVIDIA RTX PRO 6000 Blackwell Server Edition,I64,U64,256,20,1,1,1000000000,512,Yes,,,,,,,,,,
pfp_bloom_filter_contains_unique_size_u64,0,NVIDIA RTX PRO 6000 Blackwell Server Edition,I64,U64,256,20,1,1,1000000000,1024,Yes,,,,,,,,,,
pfp_bloom_filter_contains_unique_size_u64,0,NVIDIA RTX PRO 6000 Blackwell Server Edition,I64,U64,256,20,1,1,1000000000,2048,Yes,,,,,,,,,,
pfp_bloom_filter_contains_unique_size_u64,0,NVIDIA RTX PRO 6000 Blackwell Server Edition,I64,U64,256,20,1,2,1000000000,1,Yes,,,,,,,,,,
pfp_bloom_filter_contains_unique_size_u64,0,NVIDIA RTX PRO 6000 Blackwell Server Edition,I64,U64,256,20,1,2,1000000000,2,Yes,,,,,,,,,,
pfp_bloom_filter_contains_unique_size_u64,0,NVIDIA RTX PRO 6000 Blackwell Server Edition,I64,U64,256,20,1,2,1000000000,4,Yes,,,,,,,,,,
pfp_bloom_filter_contains_unique_size_u64,0,NVIDIA RTX PRO 6000 Blackwell Server Edition,I64,U64,256,20,1,2,1000000000,8,Yes,,,,,,,,,,
pfp_bloom_filter_contains_unique_size_u64,0,NVIDIA RTX PRO 6000 Blackwell Server Edition,I64,U64,256,20,1,2,1000000000,16,Yes,,,,,,,,,,
pfp_bloom_filter_contains_unique_size_u64,0,NVIDIA RTX PRO 6000 Blackwell Server Edition,I64,U64,256,20,1,2,1000000000,32,Yes,,,,,,,,,,
pfp_bloom_filter_contains_unique_size_u64,0,NVIDIA RTX PRO 6000 Blackwell Server Edition,I64,U64,256,20,1,2,1000000000,64,Yes,,,,,,,,,,
pfp_bloom_filter_contains_unique_size_u64,0,NVIDIA RTX PRO 6000 Blackwell Server Edition,I64,U64,256,20,1,2,1000000000,128,Yes,,,,,,,,,,
pfp_bloom_filter_contains_unique_size_u64,0,NVIDIA RTX PRO 6000 Blackwell Server Edition,I64,U64,256,20,1,2,1000000000,256,Yes,,,,,,,,,,
pfp_bloom_filter_contains_unique_size_u64,0,NVIDIA RTX PRO 6000 Blackwell Server Edition,I64,U64,256,20,1,2,1000000000,512,Yes,,,,,,,,,,
pfp_bloom_filter_contains_unique_size_u64,0,NVIDIA RTX PRO 6000 Blackwell Server Edition,I64,U64,256,20,1,2,1000000000,1024,Yes,,,,,,,,,,
pfp_bloom_filter_contains_unique_size_u64,0,NVIDIA RTX PRO 6000 Blackwell Server Edition,I64,U64,256,20,1,2,1000000000,2048,Yes,,,,,,,,,,
pfp_bloom_filter_contains_unique_size_u64,0,NVIDIA RTX PRO 6000 Blackwell Server Edition,I64,U64,256,20,1,4,1000000000,1,Yes,,,,,,,,,,
pfp_bloom_filter_contains_unique_size_u64,0,NVIDIA RTX PRO 6000 Blackwell Server Edition,I64,U64,256,20,1,4,1000000000,2,Yes,,,,,,,,,,
pfp_bloom_filter_contains_unique_size_u64,0,NVIDIA RTX PRO 6000 Blackwell Server Edition,I64,U64,256,20,1,4,1000000000,4,Yes,,,,,,,,,,
pfp_bloom_filter_contains_unique_size_u64,0,NVIDIA RTX PRO 6000 Blackwell Server Edition,I64,U64,256,20,1,4,1000000000,8,Yes,,,,,,,,,,
pfp_bloom_filter_contains_unique_size_u64,0,NVIDIA RTX PRO 6000 Blackwell Server Edition,I64,U64,256,20,1,4,1000000000,16,Yes,,,,,,,,,,
pfp_bloom_filter_contains_unique_size_u64,0,NVIDIA RTX PRO 6000 Blackwell Server Edition,I64,U64,256,20,1,4,1000000000,32,Yes,,,,,,,,,,
pfp_bloom_filter_contains_unique_size_u64,0,NVIDIA RTX PRO 6000 Blackwell Server Edition,I64,U64,256,20,1,4,1000000000,64,Yes,,,,,,,,,,
pfp_bloom_filter_contains_unique_size_u64,0,NVIDIA RTX PRO 6000 Blackwell Server Edition,I64,U64,256,20,1,4,1000000000,128,Yes,,,,,,,,,,
pfp_bloom_filter_contains_unique_size_u64,0,NVIDIA RTX PRO 6000 Blackwell Server Edition,I64,U64,256,20,1,4,1000000000,256,Yes,,,,,,,,,,
pfp_bloom_filter_contains_unique_size_u64,0,NVIDIA RTX PRO 6000 Blackwell Server Edition,I64,U64,256,20,1,4,1000000000,512,Yes,,,,,,,,,,
pfp_bloom_filter_contains_unique_size_u64,0,NVIDIA RTX PRO 6000 Blackwell Server Edition,I64,U64,256,20,1,4,1000000000,1024,Yes,,,,,,,,,,
pfp_bloom_filter_contains_unique_size_u64,0,NVIDIA RTX PRO 6000 Blackwell Server Edition,I64,U64,256,20,1,4,1000000000,2048,Yes,,,,,,,,,,
pfp_bloom_filter_contains_unique_size_u64,0,NVIDIA RTX PRO 6000 Blackwell Server Edition,I64,U64,256,20,1,8,1000000000,1,Yes,,,,,,,,,,
pfp_bloom_filter_contains_unique_size_u64,0,NVIDIA RTX PRO 6000 Blackwell Server Edition,I64,U64,256,20,1,8,1000000000,2,Yes,,,,,,,,,,
pfp_bloom_filter_contains_unique_size_u64,0,NVIDIA RTX PRO 6000 Blackwell Server Edition,I64,U64,256,20,1,8,1000000000,4,Yes,,,,,,,,,,
pfp_bloom_filter_contains_unique_size_u64,0,NVIDIA RTX PRO 6000 Blackwell Server Edition,I64,U64,256,20,1,8,1000000000,8,Yes,,,,,,,,,,
pfp_bloom_filter_contains_unique_size_u64,0,NVIDIA RTX PRO 6000 Blackwell Server Edition,I64,U64,256,20,1,8,1000000000,16,Yes,,,,,,,,,,
pfp_bloom_filter_contains_unique_size_u64,0,NVIDIA RTX PRO 6000 Blackwell Server Edition,I64,U64,256,20,1,8,1000000000,32,Yes,,,,,,,,,,
pfp_bloom_filter_contains_unique_size_u64,0,NVIDIA RTX PRO 6000 Blackwell Server Edition,I64,U64,256,20,1,8,1000000000,64,Yes,,,,,,,,,,
pfp_bloom_filter_contains_unique_size_u64,0,NVIDIA RTX PRO 6000 Blackwell Server Edition,I64,U64,256,20,1,8,1000000000,128,Yes,,,,,,,,,,
pfp_bloom_filter_contains_unique_size_u64,0,NVIDIA RTX PRO 6000 Blackwell Server Edition,I64,U64,256,20,1,8,1000000000,256,Yes,,,,,,,,,,
pfp_bloom_filter_contains_unique_size_u64,0,NVIDIA RTX PRO 6000 Blackwell Server Edition,I64,U64,256,20,1,8,1000000000,512,Yes,,,,,,,,,,
pfp_bloom_filter_contains_unique_size_u64,0,NVIDIA RTX PRO 6000 Blackwell Server Edition,I64,U64,256,20,1,8,1000000000,1024,Yes,,,,,,,,,,
pfp_bloom_filter_contains_unique_size_u64,0,NVIDIA RTX PRO 6000 Blackwell Server Edition,I64,U64,256,20,1,8,1000000000,2048,Yes,,,,,,,,,,
pfp_bloom_filter_contains_unique_size_u64,0,NVIDIA RTX PRO 6000 Blackwell Server Edition,I64,U64,256,20,2,1,1000000000,1,Yes,,,,,,,,,,
pfp_bloom_filter_contains_unique_size_u64,0,NVIDIA RTX PRO 6000 Blackwell Server Edition,I64,U64,256,20,2,1,1000000000,2,Yes,,,,,,,,,,
pfp_bloom_filter_contains_unique_size_u64,0,NVIDIA RTX PRO 6000 Blackwell Server Edition,I64,U64,256,20,2,1,1000000000,4,Yes,,,,,,,,,,
pfp_bloom_filter_contains_unique_size_u64,0,NVIDIA RTX PRO 6000 Blackwell Server Edition,I64,U64,256,20,2,1,1000000000,8,Yes,,,,,,,,,,
pfp_bloom_filter_contains_unique_size_u64,0,NVIDIA RTX PRO 6000 Blackwell Server Edition,I64,U64,256,20,2,1,1000000000,16,Yes,,,,,,,,,,
pfp_bloom_filter_contains_unique_size_u64,0,NVIDIA RTX PRO 6000 Blackwell Server Edition,I64,U64,256,20,2,1,1000000000,32,Yes,,,,,,,,,,
pfp_bloom_filter_contains_unique_size_u64,0,NVIDIA RTX PRO 6000 Blackwell Server Edition,I64,U64,256,20,2,1,1000000000,64,Yes,,,,,,,,,,
pfp_bloom_filter_contains_unique_size_u64,0,NVIDIA RTX PRO 6000 Blackwell Server Edition,I64,U64,256,20,2,1,1000000000,128,Yes,,,,,,,,,,
pfp_bloom_filter_contains_unique_size_u64,0,NVIDIA RTX PRO 6000 Blackwell Server Edition,I64,U64,256,20,2,1,1000000000,256,Yes,,,,,,,,,,
pfp_bloom_filter_contains_unique_size_u64,0,NVIDIA RTX PRO 6000 Blackwell Server Edition,I64,U64,256,20,2,1,1000000000,512,Yes,,,,,,,,,,
pfp_bloom_filter_contains_unique_size_u64,0,NVIDIA RTX PRO 6000 Blackwell Server Edition,I64,U64,256,20,2,1,1000000000,1024,Yes,,,,,,,,,,
pfp_bloom_filter_contains_unique_size_u64,0,NVIDIA RTX PRO 6000 Blackwell Server Edition,I64,U64,256,20,2,1,1000000000,2048,Yes,,,,,,,,,,
pfp_bloom_filter_contains_unique_size_u64,0,NVIDIA RTX PRO 6000 Blackwell Server Edition,I64,U64,256,20,2,2,1000000000,1,Yes,,,,,,,,,,
pfp_bloom_filter_contains_unique_size_u64,0,NVIDIA RTX PRO 6000 Blackwell Server Edition,I64,U64,256,20,2,2,1000000000,2,Yes,,,,,,,,,,
pfp_bloom_filter_contains_unique_size_u64,0,NVIDIA RTX PRO 6000 Blackwell Server Edition,I64,U64,256,20,2,2,1000000000,4,Yes,,,,,,,,,,
pfp_bloom_filter_contains_unique_size_u64,0,NVIDIA RTX PRO 6000 Blackwell Server Edition,I64,U64,256,20,2,2,1000000000,8,Yes,,,,,,,,,,
pfp_bloom_filter_contains_unique_size_u64,0,NVIDIA RTX PRO 6000 Blackwell Server Edition,I64,U64,256,20,2,2,1000000000,16,Yes,,,,,,,,,,
pfp_bloom_filter_contains_unique_size_u64,0,NVIDIA RTX PRO 6000 Blackwell Server Edition,I64,U64,256,20,2,2,1000000000,32,Yes,,,,,,,,,,
pfp_bloom_filter_contains_unique_size_u64,0,NVIDIA RTX PRO 6000 Blackwell Server Edition,I64,U64,256,20,2,2,1000000000,64,Yes,,,,,,,,,,
pfp_bloom_filter_contains_unique_size_u64,0,NVIDIA RTX PRO 6000 Blackwell Server Edition,I64,U64,256,20,2,2,1000000000,128,Yes,,,,,,,,,,
pfp_bloom_filter_contains_unique_size_u64,0,NVIDIA RTX PRO 6000 Blackwell Server Edition,I64,U64,256,20,2,2,1000000000,256,Yes,,,,,,,,,,
pfp_bloom_filter_contains_unique_size_u64,0,NVIDIA RTX PRO 6000 Blackwell Server Edition,I64,U64,256,20,2,2,1000000000,512,Yes,,,,,,,,,,
pfp_bloom_filter_contains_unique_size_u64,0,NVIDIA RTX PRO 6000 Blackwell Server Edition,I64,U64,256,20,2,2,1000000000,1024,Yes,,,,,,,,,,
pfp_bloom_filter_contains_unique_size_u64,0,NVIDIA RTX PRO 6000 Blackwell Server Edition,I64,U64,256,20,2,2,1000000000,2048,Yes,,,,,,,,,,
pfp_bloom_filter_contains_unique_size_u64,0,NVIDIA RTX PRO 6000 Blackwell Server Edition,I64,U64,256,20,2,4,1000000000,1,Yes,,,,,,,,,,
pfp_bloom_filter_contains_unique_size_u64,0,NVIDIA RTX PRO 6000 Blackwell Server Edition,I64,U64,256,20,2,4,1000000000,2,Yes,,,,,,,,,,
pfp_bloom_filter_contains_unique_size_u64,0,NVIDIA RTX PRO 6000 Blackwell Server Edition,I64,U64,256,20,2,4,1000000000,4,Yes,,,,,,,,,,
pfp_bloom_filter_contains_unique_size_u64,0,NVIDIA RTX PRO 6000 Blackwell Server Edition,I64,U64,256,20,2,4,1000000000,8,Yes,,,,,,,,,,
pfp_bloom_filter_contains_unique_size_u64,0,NVIDIA RTX PRO 6000 Blackwell Server Edition,I64,U64,256,20,2,4,1000000000,16,Yes,,,,,,,,,,
pfp_bloom_filter_contains_unique_size_u64,0,NVIDIA RTX PRO 6000 Blackwell Server Edition,I64,U64,256,20,2,4,1000000000,32,Yes,,,,,,,,,,
pfp_bloom_filter_contains_unique_size_u64,0,NVIDIA RTX PRO 6000 Blackwell Server Edition,I64,U64,256,20,2,4,1000000000,64,Yes,,,,,,,,,,
pfp_bloom_filter_contains_unique_size_u64,0,NVIDIA RTX PRO 6000 Blackwell Server Edition,I64,U64,256,20,2,4,1000000000,128,Yes,,,,,,,,,,
pfp_bloom_filter_contains_unique_size_u64,0,NVIDIA RTX PRO 6000 Blackwell Server Edition,I64,U64,256,20,2,4,1000000000,256,Yes,,,,,,,,,,
pfp_bloom_filter_contains_unique_size_u64,0,NVIDIA RTX PRO 6000 Blackwell Server Edition,I64,U64,256,20,2,4,1000000000,512,Yes,,,,,,,,,,
pfp_bloom_filter_contains_unique_size_u64,0,NVIDIA RTX PRO 6000 Blackwell Server Edition,I64,U64,256,20,2,4,1000000000,1024,Yes,,,,,,,,,,
pfp_bloom_filter_contains_unique_size_u64,0,NVIDIA RTX PRO 6000 Blackwell Server Edition,I64,U64,256,20,2,4,1000000000,2048,Yes,,,,,,,,,,
pfp_bloom_filter_contains_unique_size_u64,0,NVIDIA RTX PRO 6000 Blackwell Server Edition,I64,U64,256,20,2,8,1000000000,1,Yes,,,,,,,,,,
pfp_bloom_filter_contains_unique_size_u64,0,NVIDIA RTX PRO 6000 Blackwell Server Edition,I64,U64,256,20,2,8,1000000000,2,Yes,,,,,,,,,,
pfp_bloom_filter_contains_unique_size_u64,0,NVIDIA RTX PRO 6000 Blackwell Server Edition,I64,U64,256,20,2,8,1000000000,4,Yes,,,,,,,,,,
pfp_bloom_filter_contains_unique_size_u64,0,NVIDIA RTX PRO 6000 Blackwell Server Edition,I64,U64,256,20,2,8,1000000000,8,Yes,,,,,,,,,,
pfp_bloom_filter_contains_unique_size_u64,0,NVIDIA RTX PRO 6000 Blackwell Server Edition,I64,U64,256,20,2,8,1000000000,16,Yes,,,,,,,,,,
pfp_bloom_filter_contains_unique_size_u64,0,NVIDIA RTX PRO 6000 Blackwell Server Edition,I64,U64,256,20,2,8,1000000000,32,Yes,,,,,,,,,,
pfp_bloom_filter_contains_unique_size_u64,0,NVIDIA RTX PRO 6000 Blackwell Server Edition,I64,U64,256,20,2,8,1000000000,64,Yes,,,,,,,,,,
pfp_bloom_filter_contains_unique_size_u64,0,NVIDIA RTX PRO 6000 Blackwell Server Edition,I64,U64,256,20,2,8,1000000000,128,Yes,,,,,,,,,,
pfp_bloom_filter_contains_unique_size_u64,0,NVIDIA RTX PRO 6000 Blackwell Server Edition,I64,U64,256,20,2,8,1000000000,256,Yes,,,,,,,,,,
pfp_bloom_filter_contains_unique_size_u64,0,NVIDIA RTX PRO 6000 Blackwell Server Edition,I64,U64,256,20,2,8,1000000000,512,Yes,,,,,,,,,,
pfp_bloom_filter_contains_unique_size_u64,0,NVIDIA RTX PRO 6000 Blackwell Server Edition,I64,U64,256,20,2,8,1000000000,1024,Yes,,,,,,,,,,
pfp_bloom_filter_contains_unique_size_u64,0,NVIDIA RTX PRO 6000 Blackwell Server Edition,I64,U64,256,20,2,8,1000000000,2048,Yes,,,,,,,,,,
pfp_bloom_filter_contains_unique_size_u64,0,NVIDIA RTX PRO 6000 Blackwell Server Edition,I64,U64,256,20,4,1,1000000000,1,Yes,,,,,,,,,,
pfp_bloom_filter_contains_unique_size_u64,0,NVIDIA RTX PRO 6000 Blackwell Server Edition,I64,U64,256,20,4,1,1000000000,2,Yes,,,,,,,,,,
pfp_bloom_filter_contains_unique_size_u64,0,NVIDIA RTX PRO 6000 Blackwell Server Edition,I64,U64,256,20,4,1,1000000000,4,Yes,,,,,,,,,,
pfp_bloom_filter_contains_unique_size_u64,0,NVIDIA RTX PRO 6000 Blackwell Server Edition,I64,U64,256,20,4,1,1000000000,8,Yes,,,,,,,,,,
pfp_bloom_filter_contains_unique_size_u64,0,NVIDIA RTX PRO 6000 Blackwell Server Edition,I64,U64,256,20,4,1,1000000000,16,Yes,,,,,,,,,,
pfp_bloom_filter_contains_unique_size_u64,0,NVIDIA RTX PRO 6000 Blackwell Server Edition,I64,U64,256,20,4,1,1000000000,32,Yes,,,,,,,,,,
pfp_bloom_filter_contains_unique_size_u64,0,NVIDIA RTX PRO 6000 Blackwell Server Edition,I64,U64,256,20,4,1,1000000000,64,Yes,,,,,,,,,,
pfp_bloom_filter_contains_unique_size_u64,0,NVIDIA RTX PRO 6000 Blackwell Server Edition,I64,U64,256,20,4,1,1000000000,128,Yes,,,,,,,,,,
pfp_bloom_filter_contains_unique_size_u64,0,NVIDIA RTX PRO 6000 Blackwell Server Edition,I64,U64,256,20,4,1,1000000000,256,Yes,,,,,,,,,,
pfp_bloom_filter_contains_unique_size_u64,0,NVIDIA RTX PRO 6000 Blackwell Server Edition,I64,U64,256,20,4,1,1000000000,512,Yes,,,,,,,,,,
pfp_bloom_filter_contains_unique_size_u64,0,NVIDIA RTX PRO 6000 Blackwell Server Edition,I64,U64,256,20,4,1,1000000000,1024,Yes,,,,,,,,,,
pfp_bloom_filter_contains_unique_size_u64,0,NVIDIA RTX PRO 6000 Blackwell Server Edition,I64,U64,256,20,4,1,1000000000,2048,Yes,,,,,,,,,,
pfp_bloom_filter_contains_unique_size_u64,0,NVIDIA RTX PRO 6000 Blackwell Server Edition,I64,U64,256,20,4,2,1000000000,1,Yes,,,,,,,,,,
pfp_bloom_filter_contains_unique_size_u64,0,NVIDIA RTX PRO 6000 Blackwell Server Edition,I64,U64,256,20,4,2,1000000000,2,Yes,,,,,,,,,,
pfp_bloom_filter_contains_unique_size_u64,0,NVIDIA RTX PRO 6000 Blackwell Server Edition,I64,U64,256,20,4,2,1000000000,4,Yes,,,,,,,,,,
pfp_bloom_filter_contains_unique_size_u64,0,NVIDIA RTX PRO 6000 Blackwell Server Edition,I64,U64,256,20,4,2,1000000000,8,Yes,,,,,,,,,,
pfp_bloom_filter_contains_unique_size_u64,0,NVIDIA RTX PRO 6000 Blackwell Server Edition,I64,U64,256,20,4,2,1000000000,16,Yes,,,,,,,,,,
pfp_bloom_filter_contains_unique_size_u64,0,NVIDIA RTX PRO 6000 Blackwell Server Edition,I64,U64,256,20,4,2,1000000000,32,Yes,,,,,,,,,,
pfp_bloom_filter_contains_unique_size_u64,0,NVIDIA RTX PRO 6000 Blackwell Server Edition,I64,U64,256,20,4,2,1000000000,64,Yes,,,,,,,,,,
pfp_bloom_filter_contains_unique_size_u64,0,NVIDIA RTX PRO 6000 Blackwell Server Edition,I64,U64,256,20,4,2,1000000000,128,Yes,,,,,,,,,,
pfp_bloom_filter_contains_unique_size_u64,0,NVIDIA RTX PRO 6000 Blackwell Server Edition,I64,U64,256,20,4,2,1000000000,256,Yes,,,,,,,,,,
pfp_bloom_filter_contains_unique_size_u64,0,NVIDIA RTX PRO 6000 Blackwell Server Edition,I64,U64,256,20,4,2,1000000000,512,Yes,,,,,,,,,,
pfp_bloom_filter_contains_unique_size_u64,0,NVIDIA RTX PRO 6000 Blackwell Server Edition,I64,U64,256,20,4,2,1000000000,1024,Yes,,,,,,,,,,
pfp_bloom_filter_contains_unique_size_u64,0,NVIDIA RTX PRO 6000 Blackwell Server Edition,I64,U64,256,20,4,2,1000000000,2048,Yes,,,,,,,,,,
pfp_bloom_filter_contains_unique_size_u64,0,NVIDIA RTX PRO 6000 Blackwell Server Edition,I64,U64,256,20,4,4,1000000000,1,Yes,,,,,,,,,,
pfp_bloom_filter_contains_unique_size_u64,0,NVIDIA RTX PRO 6000 Blackwell Server Edition,I64,U64,256,20,4,4,1000000000,2,Yes,,,,,,,,,,
pfp_bloom_filter_contains_unique_size_u64,0,NVIDIA RTX PRO 6000 Blackwell Server Edition,I64,U64,256,20,4,4,1000000000,4,Yes,,,,,,,,,,
pfp_bloom_filter_contains_unique_size_u64,0,NVIDIA RTX PRO 6000 Blackwell Server Edition,I64,U64,256,20,4,4,1000000000,8,Yes,,,,,,,,,,
pfp_bloom_filter_contains_unique_size_u64,0,NVIDIA RTX PRO 6000 Blackwell Server Edition,I64,U64,256,20,4,4,1000000000,16,Yes,,,,,,,,,,
pfp_bloom_filter_contains_unique_size_u64,0,NVIDIA RTX PRO 6000 Blackwell Server Edition,I64,U64,256,20,4,4,1000000000,32,Yes,,,,,,,,,,
pfp_bloom_filter_contains_unique_size_u64,0,NVIDIA RTX PRO 6000 Blackwell Server Edition,I64,U64,256,20,4,4,1000000000,64,Yes,,,,,,,,,,
pfp_bloom_filter_contains_unique_size_u64,0,NVIDIA RTX PRO 6000 Blackwell Server Edition,I64,U64,256,20,4,4,1000000000,128,Yes,,,,,,,,,,
pfp_bloom_filter_contains_unique_size_u64,0,NVIDIA RTX PRO 6000 Blackwell Server Edition,I64,U64,256,20,4,4,1000000000,256,Yes,,,,,,,,,,
pfp_bloom_filter_contains_unique_size_u64,0,NVIDIA RTX PRO 6000 Blackwell Server Edition,I64,U64,256,20,4,4,1000000000,512,Yes,,,,,,,,,,
pfp_bloom_filter_contains_unique_size_u64,0,NVIDIA RTX PRO 6000 Blackwell Server Edition,I64,U64,256,20,4,4,1000000000,1024,Yes,,,,,,,,,,
pfp_bloom_filter_contains_unique_size_u64,0,NVIDIA RTX PRO 6000 Blackwell Server Edition,I64,U64,256,20,4,4,1000000000,2048,Yes,,,,,,,,,,
pfp_bloom_filter_contains_unique_size_u64,0,NVIDIA RTX PRO 6000 Blackwell Server Edition,I64,U64,256,20,4,8,1000000000,1,Yes,,,,,,,,,,
pfp_bloom_filter_contains_unique_size_u64,0,NVIDIA RTX PRO 6000 Blackwell Server Edition,I64,U64,256,20,4,8,1000000000,2,Yes,,,,,,,,,,
pfp_bloom_filter_contains_unique_size_u64,0,NVIDIA RTX PRO 6000 Blackwell Server Edition,I64,U64,256,20,4,8,1000000000,4,Yes,,,,,,,,,,
pfp_bloom_filter_contains_unique_size_u64,0,NVIDIA RTX PRO 6000 Blackwell Server Edition,I64,U64,256,20,4,8,1000000000,8,Yes,,,,,,,,,,
pfp_bloom_filter_contains_unique_size_u64,0,NVIDIA RTX PRO 6000 Blackwell Server Edition,I64,U64,256,20,4,8,1000000000,16,Yes,,,,,,,,,,
pfp_bloom_filter_contains_unique_size_u64,0,NVIDIA RTX PRO 6000 Blackwell Server Edition,I64,U64,256,20,4,8,1000000000,32,Yes,,,,,,,,,,
pfp_bloom_filter_contains_unique_size_u64,0,NVIDIA RTX PRO 6000 Blackwell Server Edition,I64,U64,256,20,4,8,1000000000,64,Yes,,,,,,,,,,
pfp_bloom_filter_contains_unique_size_u64,0,NVIDIA RTX PRO 6000 Blackwell Server Edition,I64,U64,256,20,4,8,1000000000,128,Yes,,,,,,,,,,
pfp_bloom_filter_contains_unique_size_u64,0,NVIDIA RTX PRO 6000 Blackwell Server Edition,I64,U64,256,20,4,8,1000000000,256,Yes,,,,,,,,,,
pfp_bloom_filter_contains_unique_size_u64,0,NVIDIA RTX PRO 6000 Blackwell Server Edition,I64,U64,256,20,4,8,1000000000,512,Yes,,,,,,,,,,
pfp_bloom_filter_contains_unique_size_u64,0,NVIDIA RTX PRO 6000 Blackwell Server Edition,I64,U64,256,20,4,8,1000000000,1024,Yes,,,,,,,,,,
pfp_bloom_filter_contains_unique_size_u64,0,NVIDIA RTX PRO 6000 Blackwell Server Edition,I64,U64,256,20,4,8,1000000000,2048,Yes,,,,,,,,,,
pfp_bloom_filter_contains_unique_size_u64,0,NVIDIA RTX PRO 6000 Blackwell Server Edition,I64,U64,256,20,8,1,1000000000,1,Yes,,,,,,,,,,
pfp_bloom_filter_contains_unique_size_u64,0,NVIDIA RTX PRO 6000 Blackwell Server Edition,I64,U64,256,20,8,1,1000000000,2,Yes,,,,,,,,,,
pfp_bloom_filter_contains_unique_size_u64,0,NVIDIA RTX PRO 6000 Blackwell Server Edition,I64,U64,256,20,8,1,1000000000,4,Yes,,,,,,,,,,
pfp_bloom_filter_contains_unique_size_u64,0,NVIDIA RTX PRO 6000 Blackwell Server Edition,I64,U64,256,20,8,1,1000000000,8,Yes,,,,,,,,,,
pfp_bloom_filter_contains_unique_size_u64,0,NVIDIA RTX PRO 6000 Blackwell Server Edition,I64,U64,256,20,8,1,1000000000,16,Yes,,,,,,,,,,
pfp_bloom_filter_contains_unique_size_u64,0,NVIDIA RTX PRO 6000 Blackwell Server Edition,I64,U64,256,20,8,1,1000000000,32,Yes,,,,,,,,,,
pfp_bloom_filter_contains_unique_size_u64,0,NVIDIA RTX PRO 6000 Blackwell Server Edition,I64,U64,256,20,8,1,1000000000,64,Yes,,,,,,,,,,
pfp_bloom_filter_contains_unique_size_u64,0,NVIDIA RTX PRO 6000 Blackwell Server Edition,I64,U64,256,20,8,1,1000000000,128,Yes,,,,,,,,,,
pfp_bloom_filter_contains_unique_size_u64,0,NVIDIA RTX PRO 6000 Blackwell Server Edition,I64,U64,256,20,8,1,1000000000,256,Yes,,,,,,,,,,
pfp_bloom_filter_contains_unique_size_u64,0,NVIDIA RTX PRO 6000 Blackwell Server Edition,I64,U64,256,20,8,1,1000000000,512,Yes,,,,,,,,,,
pfp_bloom_filter_contains_unique_size_u64,0,NVIDIA RTX PRO 6000 Blackwell Server Edition,I64,U64,256,20,8,1,1000000000,1024,Yes,,,,,,,,,,
pfp_bloom_filter_contains_unique_size_u64,0,NVIDIA RTX PRO 6000 Blackwell Server Edition,I64,U64,256,20,8,1,1000000000,2048,Yes,,,,,,,,,,
pfp_bloom_filter_contains_unique_size_u64,0,NVIDIA RTX PRO 6000 Blackwell Server Edition,I64,U64,256,20,8,2,1000000000,1,Yes,,,,,,,,,,
pfp_bloom_filter_contains_unique_size_u64,0,NVIDIA RTX PRO 6000 Blackwell Server Edition,I64,U64,256,20,8,2,1000000000,2,Yes,,,,,,,,,,
pfp_bloom_filter_contains_unique_size_u64,0,NVIDIA RTX PRO 6000 Blackwell Server Edition,I64,U64,256,20,8,2,1000000000,4,Yes,,,,,,,,,,
pfp_bloom_filter_contains_unique_size_u64,0,NVIDIA RTX PRO 6000 Blackwell Server Edition,I64,U64,256,20,8,2,1000000000,8,Yes,,,,,,,,,,
pfp_bloom_filter_contains_unique_size_u64,0,NVIDIA RTX PRO 6000 Blackwell Server Edition,I64,U64,256,20,8,2,1000000000,16,Yes,,,,,,,,,,
pfp_bloom_filter_contains_unique_size_u64,0,NVIDIA RTX PRO 6000 Blackwell Server Edition,I64,U64,256,20,8,2,1000000000,32,Yes,,,,,,,,,,
pfp_bloom_filter_contains_unique_size_u64,0,NVIDIA RTX PRO 6000 Blackwell Server Edition,I64,U64,256,20,8,2,1000000000,64,Yes,,,,,,,,,,
pfp_bloom_filter_contains_unique_size_u64,0,NVIDIA RTX PRO 6000 Blackwell Server Edition,I64,U64,256,20,8,2,1000000000,128,Yes,,,,,,,,,,
pfp_bloom_filter_contains_unique_size_u64,0,NVIDIA RTX PRO 6000 Blackwell Server Edition,I64,U64,256,20,8,2,1000000000,256,Yes,,,,,,,,,,
pfp_bloom_filter_contains_unique_size_u64,0,NVIDIA RTX PRO 6000 Blackwell Server Edition,I64,U64,256,20,8,2,1000000000,512,Yes,,,,,,,,,,
pfp_bloom_filter_contains_unique_size_u64,0,NVIDIA RTX PRO 6000 Blackwell Server Edition,I64,U64,256,20,8,2,1000000000,1024,Yes,,,,,,,,,,
pfp_bloom_filter_contains_unique_size_u64,0,NVIDIA RTX PRO 6000 Blackwell Server Edition,I64,U64,256,20,8,2,1000000000,2048,Yes,,,,,,,,,,
pfp_bloom_filter_contains_unique_size_u64,0,NVIDIA RTX PRO 6000 Blackwell Server Edition,I64,U64,256,20,8,4,1000000000,1,Yes,,,,,,,,,,
pfp_bloom_filter_contains_unique_size_u64,0,NVIDIA RTX PRO 6000 Blackwell Server Edition,I64,U64,256,20,8,4,1000000000,2,Yes,,,,,,,,,,
pfp_bloom_filter_contains_unique_size_u64,0,NVIDIA RTX PRO 6000 Blackwell Server Edition,I64,U64,256,20,8,4,1000000000,4,Yes,,,,,,,,,,
pfp_bloom_filter_contains_unique_size_u64,0,NVIDIA RTX PRO 6000 Blackwell Server Edition,I64,U64,256,20,8,4,1000000000,8,Yes,,,,,,,,,,
pfp_bloom_filter_contains_unique_size_u64,0,NVIDIA RTX PRO 6000 Blackwell Server Edition,I64,U64,256,20,8,4,1000000000,16,Yes,,,,,,,,,,
pfp_bloom_filter_contains_unique_size_u64,0,NVIDIA RTX PRO 6000 Blackwell Server Edition,I64,U64,256,20,8,4,1000000000,32,Yes,,,,,,,,,,
pfp_bloom_filter_contains_unique_size_u64,0,NVIDIA RTX PRO 6000 Blackwell Server Edition,I64,U64,256,20,8,4,1000000000,64,Yes,,,,,,,,,,
pfp_bloom_filter_contains_unique_size_u64,0,NVIDIA RTX PRO 6000 Blackwell Server Edition,I64,U64,256,20,8,4,1000000000,128,Yes,,,,,,,,,,
pfp_bloom_filter_contains_unique_size_u64,0,NVIDIA RTX PRO 6000 Blackwell Server Edition,I64,U64,256,20,8,4,1000000000,256,Yes,,,,,,,,,,
pfp_bloom_filter_contains_unique_size_u64,0,NVIDIA RTX PRO 6000 Blackwell Server Edition,I64,U64,256,20,8,4,1000000000,512,Yes,,,,,,,,,,
pfp_bloom_filter_contains_unique_size_u64,0,NVIDIA RTX PRO 6000 Blackwell Server Edition,I64,U64,256,20,8,4,1000000000,1024,Yes,,,,,,,,,,
pfp_bloom_filter_contains_unique_size_u64,0,NVIDIA RTX PRO 6000 Blackwell Server Edition,I64,U64,256,20,8,4,1000000000,2048,Yes,,,,,,,,,,
pfp_bloom_filter_contains_unique_size_u64,0,NVIDIA RTX PRO 6000 Blackwell Server Edition,I64,U64,256,20,8,8,1000000000,1,Yes,,,,,,,,,,
pfp_bloom_filter_contains_unique_size_u64,0,NVIDIA RTX PRO 6000 Blackwell Server Edition,I64,U64,256,20,8,8,1000000000,2,Yes,,,,,,,,,,
pfp_bloom_filter_contains_unique_size_u64,0,NVIDIA RTX PRO 6000 Blackwell Server Edition,I64,U64,256,20,8,8,1000000000,4,Yes,,,,,,,,,,
pfp_bloom_filter_contains_unique_size_u64,0,NVIDIA RTX PRO 6000 Blackwell Server Edition,I64,U64,256,20,8,8,1000000000,8,Yes,,,,,,,,,,
pfp_bloom_filter_contains_unique_size_u64,0,NVIDIA RTX PRO 6000 Blackwell Server Edition,I64,U64,256,20,8,8,1000000000,16,Yes,,,,,,,,,,
pfp_bloom_filter_contains_unique_size_u64,0,NVIDIA RTX PRO 6000 Blackwell Server Edition,I64,U64,256,20,8,8,1000000000,32,Yes,,,,,,,,,,
pfp_bloom_filter_contains_unique_size_u64,0,NVIDIA RTX PRO 6000 Blackwell Server Edition,I64,U64,256,20,8,8,1000000000,64,Yes,,,,,,,,,,
pfp_bloom_filter_contains_unique_size_u64,0,NVIDIA RTX PRO 6000 Blackwell Server Edition,I64,U64,256,20,8,8,1000000000,128,Yes,,,,,,,,,,
pfp_bloom_filter_contains_unique_size_u64,0,NVIDIA RTX PRO 6000 Blackwell Server Edition,I64,U64,256,20,8,8,1000000000,256,Yes,,,,,,,,,,
pfp_bloom_filter_contains_unique_size_u64,0,NVIDIA RTX PRO 6000 Blackwell Server Edition,I64,U64,256,20,8,8,1000000000,512,Yes,,,,,,,,,,
pfp_bloom_filter_contains_unique_size_u64,0,NVIDIA RTX PRO 6000 Blackwell Server Edition,I64,U64,256,20,8,8,1000000000,1024,Yes,,,,,,,,,,
pfp_bloom_filter_contains_unique_size_u64,0,NVIDIA RTX PRO 6000 Blackwell Server Edition,I64,U64,256,20,8,8,1000000000,2048,Yes,,,,,,,,,,
pfp_bloom_filter_contains_unique_size_u64,0,NVIDIA RTX PRO 6000 Blackwell Server Edition,I64,U64,512,1,1,1,1000000000,1,No,0.000909097,8,34,0.014728887882352944,0.00011703736620208588,0.014718536461100858,9.489708053421394e-05,67941537709.46368,35,0.014741781180245536
pfp_bloom_filter_contains_unique_size_u64,0,NVIDIA RTX PRO 6000 Blackwell Server Edition,I64,U64,512,1,1,1,1000000000,2,No,0.00090606,8,34,0.015031446617647062,0.00014786114919400491,0.015020984481362732,0.000124280751279599,66573532596.39864,35,0.015057334681919641
pfp_bloom_filter_contains_unique_size_u64,0,NVIDIA RTX PRO 6000 Blackwell Server Edition,I64,U64,512,1,1,1,1000000000,4,No,0.000911853,8,33,0.015199675393939398,0.0018350780471398304,0.01518914607076934,0.0018445448104285386,65836485826.1811,34,0.01525506950827206
pfp_bloom_filter_contains_unique_size_u64,0,NVIDIA RTX PRO 6000 Blackwell Server Edition,I64,U64,512,1,1,1,1000000000,8,No,0.000909486,8,33,0.015264978484848488,0.001675755125811251,0.015254754904544714,0.0016873141153910876,65553331158.54119,34,0.015339231603285845
pfp_bloom_filter_contains_unique_size_u64,0,NVIDIA RTX PRO 6000 Blackwell Server Edition,I64,U64,512,1,1,1,1000000000,16,No,0.000908256,8,33,0.015303569909090908,0.0010469532066112888,0.015293253783023718,0.0010377511011502082,65388308739.76932,34,0.015375373391544116
pfp_bloom_filter_contains_unique_size_u64,0,NVIDIA RTX PRO 6000 Blackwell Server Edition,I64,U64,512,1,1,1,1000000000,32,No,0.000907721,8,33,0.015345251727272729,0.0018029745308148551,0.015335177768360485,0.0017749679062597171,65209547297.403915,34,0.015411621093750001
pfp_bloom_filter_contains_unique_size_u64,0,NVIDIA RTX PRO 6000 Blackwell Server Edition,I64,U64,512,1,1,1,1000000000,64,No,0.00090916,8,33,0.015412784333333334,0.0031332661371423075,0.015402398080536811,0.003131273566798514,64924954852.5594,34,0.01542854757869945
pfp_bloom_filter_contains_unique_size_u64,0,NVIDIA RTX PRO 6000 Blackwell Server Edition,I64,U64,512,1,1,1,1000000000,128,No,0.000909604,8,25,0.020606802400000002,0.00018825283596566274,0.020596640090942378,0.00019216141406351998,48551608203.30895,26,0.020435099014869104
pfp_bloom_filter_contains_unique_size_u64,0,NVIDIA RTX PRO 6000 Blackwell Server Edition,I64,U64,512,1,1,1,1000000000,256,No,0.000908593,8,11,0.05937692063636364,0.0021987200298908822,0.0593659088828347,0.002193746731777466,16844684412.624971,12,0.05923895200093587
pfp_bloom_filter_contains_unique_size_u64,0,NVIDIA RTX PRO 6000 Blackwell Server Edition,I64,U64,512,1,1,1,1000000000,512,No,0.000910264,8,11,0.08065904754545455,0.0022984682868822763,0.08064900970458985,0.0023014964759577017,12399408296.058577,12,0.08075673739115398
pfp_bloom_filter_contains_unique_size_u64,0,NVIDIA RTX PRO 6000 Blackwell Server Edition,I64,U64,512,1,1,1,1000000000,1024,No,0.000907731,8,11,0.0924661451818182,0.001709551135683223,0.09245539717240767,0.0017147930388600803,10816026220.029472,12,0.09243545595804849
pfp_bloom_filter_contains_unique_size_u64,0,NVIDIA RTX PRO 6000 Blackwell Server Edition,I64,U64,512,1,1,1,1000000000,2048,No,0.000909066,8,11,0.0979931169090909,0.0014772754025820542,0.09798194330388849,0.0014729129286223548,10205962101.593817,12,0.09800136693318685
pfp_bloom_filter_contains_unique_size_u64,0,NVIDIA RTX PRO 6000 Blackwell Server Edition,I64,U64,512,1,1,2,1000000000,1,No,0.000909097,8,35,0.014647363457142858,7.79563576436531e-05,0.014637196813310894,6.904381303402283e-05,68319092293.041504,36,0.01463051125738356
pfp_bloom_filter_contains_unique_size_u64,0,NVIDIA RTX PRO 6000 Blackwell Server Edition,I64,U64,512,1,1,2,1000000000,2,No,0.00090606,8,34,0.014947846411764706,7.647623360437885e-05,0.014937519073486324,5.03283560629219e-05,66945521212.75426,35,0.014929275948660715
pfp_bloom_filter_contains_unique_size_u64,0,NVIDIA RTX PRO 6000 Blackwell Server Edition,I64,U64,512,1,1,2,1000000000,4,No,0.000911853,8,34,0.015093932941176473,7.211892601423396e-05,0.015083505910985607,5.2482080019903427e-05,66297583990.18366,35,0.015072417504446847
pfp_bloom_filter_contains_unique_size_u64,0,NVIDIA RTX PRO 6000 Blackwell Server Edition,I64,U64,512,1,1,2,1000000000,8,No,0.000909486,8,33,0.015165451090909087,8.61892983621777e-05,0.01515524263092966,4.235612644747478e-05,65983767093.18691,34,0.01514405553481158
pfp_bloom_filter_contains_unique_size_u64,0,NVIDIA RTX PRO 6000 Blackwell Server Edition,I64,U64,512,1,1,2,1000000000,16,No,0.000908256,8,33,0.015209470303030301,7.081884470313566e-05,0.015199158235029741,5.514777614013517e-05,65793117259.30217,34,0.015179353601792279
pfp_bloom_filter_contains_unique_size_u64,0,NVIDIA RTX PRO 6000 Blackwell Server Edition,I64,U64,512,1,1,2,1000000000,32,No,0.000907721,8,33,0.015247779909090908,0.00010919869426739915,0.015237337343620531,8.992083329254864e-05,65628264141.48227,34,0.015197592342601103
pfp_bloom_filter_contains_unique_size_u64,0,NVIDIA RTX PRO 6000 Blackwell Server Edition,I64,U64,512,1,1,2,1000000000,64,No,0.00090916,8,33,0.015306186757575758,0.00010002123246640464,0.015295353224783231,8.685021566321672e-05,65379333533.77474,34,0.015207348991842829
pfp_bloom_filter_contains_unique_size_u64,0,NVIDIA RTX PRO 6000 Blackwell Server Edition,I64,U64,512,1,1,2,1000000000,128,No,0.000909604,8,24,0.021708921916666665,0.0003202595634908726,0.02169775581359863,0.00031972140762439596,46087715641.69186,25,0.021518388061523442
pfp_bloom_filter_contains_unique_size_u64,0,NVIDIA RTX PRO 6000 Blackwell Server Edition,I64,U64,512,1,1,2,1000000000,256,No,0.000908593,8,11,0.08273561,0.0008691510033731853,0.08272432431307705,0.0008718692644170855,12088342918.528017,12,0.08264157676696778
pfp_bloom_filter_contains_unique_size_u64,0,NVIDIA RTX PRO 6000 Blackwell Server Edition,I64,U64,512,1,1,2,1000000000,512,No,0.000910264,8,11,0.10898532790909089,0.0011557634769424508,0.10897451019287109,0.0011552299990145543,9176457854.5031,12,0.10886377588907879
pfp_bloom_filter_contains_unique_size_u64,0,NVIDIA RTX PRO 6000 Blackwell Server Edition,I64,U64,512,1,1,2,1000000000,1024,No,0.000907731,8,11,0.12037050745454546,0.0006696458971816787,0.1203592987060547,0.0006716570431126711,8308456519.3606825,12,0.12037964693705243
pfp_bloom_filter_contains_unique_size_u64,0,NVIDIA RTX PRO 6000 Blackwell Server Edition,I64,U64,512,1,1,2,1000000000,2048,No,0.000909066,8,11,0.12577942845454546,0.0010312594081301103,0.12576776747270066,0.001028634886978154,7951162846.371282,12,0.12569703801472984
pfp_bloom_filter_contains_unique_size_u64,0,NVIDIA RTX PRO 6000 Blackwell Server Edition,I64,U64,512,1,1,4,1000000000,1,No,0.000909097,8,35,0.014507247628571428,0.00016318196228417713,0.014496692112513952,0.00015418201293867283,68981253946.66911,36,0.0144894290500217
pfp_bloom_filter_contains_unique_size_u64,0,NVIDIA RTX PRO 6000 Blackwell Server Edition,I64,U64,512,1,1,4,1000000000,2,No,0.00090606,8,34,0.014792891529411767,9.625563986455853e-05,0.014783066300784846,7.038945532005304e-05,67644964830.26049,35,0.014773803710937498
pfp_bloom_filter_contains_unique_size_u64,0,NVIDIA RTX PRO 6000 Blackwell Server Edition,I64,U64,512,1,1,4,1000000000,4,No,0.000911853,8,34,0.014928414411764705,9.953594406269763e-05,0.014917984822217156,6.083570243662194e-05,67033182558.995056,35,0.014906747000558036
pfp_bloom_filter_contains_unique_size_u64,0,NVIDIA RTX PRO 6000 Blackwell Server Edition,I64,U64,512,1,1,4,1000000000,8,No,0.000909486,8,34,0.01499523264705882,8.22684805428692e-05,0.014984758629518395,4.717601288710796e-05,66734474990.48169,35,0.014973892647879466
pfp_bloom_filter_contains_unique_size_u64,0,NVIDIA RTX PRO 6000 Blackwell Server Edition,I64,U64,512,1,1,4,1000000000,16,No,0.000908256,8,34,0.015034862735294122,7.759527801712551e-05,0.015024655959185432,6.067788223929906e-05,66557264453.609184,35,0.015005432128906251
pfp_bloom_filter_contains_unique_size_u64,0,NVIDIA RTX PRO 6000 Blackwell Server Edition,I64,U64,512,1,1,4,1000000000,32,No,0.000907721,8,34,0.015074779176470588,0.0001119363231378396,0.015063897329218246,8.30798910193712e-05,66383883144.26303,35,0.01502254638671875
pfp_bloom_filter_contains_unique_size_u64,0,NVIDIA RTX PRO 6000 Blackwell Server Edition,I64,U64,512,1,1,4,1000000000,64,No,0.00090916,8,34,0.015133109470588236,9.597309529775346e-05,0.015122783043805295,8.717493694479939e-05,66125394849.83402,35,0.015030562537057058
pfp_bloom_filter_contains_unique_size_u64,0,NVIDIA RTX PRO 6000 Blackwell Server Edition,I64,U64,512,1,1,4,1000000000,128,No,0.000909604,8,23,0.022390384347826083,0.0007153032569346248,0.022379960930865743,0.0007302479316526025,44682830461.10377,24,0.02219647709528605
pfp_bloom_filter_contains_unique_size_u64,0,NVIDIA RTX PRO 6000 Blackwell Server Edition,I64,U64,512,1,1,4,1000000000,256,No,0.000908593,8,11,0.08558041118181818,0.0004058931300892994,0.08556872836026279,0.0004118482311845475,11686512341.164923,12,0.08548744710286459
pfp_bloom_filter_contains_unique_size_u64,0,NVIDIA RTX PRO 6000 Blackwell Server Edition,I64,U64,512,1,1,4,1000000000,512,No,0.000910264,8,11,0.11092667954545456,0.0003650707993225988,0.11091578743674536,0.0003659326015147788,9015849078.926607,12,0.11088865598042807
pfp_bloom_filter_contains_unique_size_u64,0,NVIDIA RTX PRO 6000 Blackwell Server Edition,I64,U64,512,1,1,4,1000000000,1024,No,0.000907731,8,11,0.12211426563636364,0.0004192083303140975,0.1221030072298917,0.00041958701305199565,8189806481.319756,12,0.12206107775370278
pfp_bloom_filter_contains_unique_size_u64,0,NVIDIA RTX PRO 6000 Blackwell Server Edition,I64,U64,512,1,1,4,1000000000,2048,No,0.000909066,8,11,0.12739128454545454,0.00033824700253152904,0.1273790782581676,0.0003348199357698484,7850582793.300119,12,0.12734668731689455
pfp_bloom_filter_contains_unique_size_u64,0,NVIDIA RTX PRO 6000 Blackwell Server Edition,I64,U64,512,1,1,8,1000000000,1,No,0.000909097,8,35,0.014506194171428574,9.442685355312749e-05,0.014495687239510668,7.169987188993767e-05,68986035879.3004,36,0.01449066670735677
pfp_bloom_filter_contains_unique_size_u64,0,NVIDIA RTX PRO 6000 Blackwell Server Edition,I64,U64,512,1,1,8,1000000000,2,No,0.00090606,8,34,0.014792655499999996,9.518736142799217e-05,0.014782019755419562,7.339622594028207e-05,67649753994.77246,35,0.014773978097098213
pfp_bloom_filter_contains_unique_size_u64,0,NVIDIA RTX PRO 6000 Blackwell Server Edition,I64,U64,512,1,1,8,1000000000,4,No,0.000911853,8,34,0.01492783029411765,9.730128339596678e-05,0.014917258374831256,5.6292518809266214e-05,67036446971.19567,35,0.014906689453125002
pfp_bloom_filter_contains_unique_size_u64,0,NVIDIA RTX PRO 6000 Blackwell Server Edition,I64,U64,512,1,1,8,1000000000,8,No,0.000909486,8,34,0.014993821588235293,9.905193131957717e-05,0.014983304500579837,5.787952166508744e-05,66740951567.88017,35,0.014972473144531252
pfp_bloom_filter_contains_unique_size_u64,0,NVIDIA RTX PRO 6000 Blackwell Server Edition,I64,U64,512,1,1,8,1000000000,16,No,0.000908256,8,34,0.015034012558823528,7.33150597558498e-05,0.015023664979373708,4.9614928063977864e-05,66561654654.3683,35,0.015005051967075892
pfp_bloom_filter_contains_unique_size_u64,0,NVIDIA RTX PRO 6000 Blackwell Server Edition,I64,U64,512,1,1,8,1000000000,32,No,0.000907721,8,34,0.015074340411764711,0.00011210655099135133,0.015063491709092084,9.048921096381487e-05,66385670687.25613,35,0.015021728515624999
pfp_bloom_filter_contains_unique_size_u64,0,NVIDIA RTX PRO 6000 Blackwell Server Edition,I64,U64,512,1,1,8,1000000000,64,No,0.00090916,8,34,0.015132056617647056,0.00011136736059883208,0.015121663009419162,0.00010557656322517649,66130292638.91862,35,0.01502981491088867
pfp_bloom_filter_contains_unique_size_u64,0,NVIDIA RTX PRO 6000 Blackwell Server Edition,I64,U64,512,1,1,8,1000000000,128,No,0.000909604,8,23,0.022415048695652178,0.000781272998607646,0.022404416042825444,0.0007758884282156386,44634057771.84849,24,0.022221993525822954
pfp_bloom_filter_contains_unique_size_u64,0,NVIDIA RTX PRO 6000 Blackwell Server Edition,I64,U64,512,1,1,8,1000000000,256,No,0.000908593,8,11,0.08557076618181819,0.0005924889768241373,0.08555940038507635,0.0005896260199688522,11687786444.2634,12,0.08548561096191408
pfp_bloom_filter_contains_unique_size_u64,0,NVIDIA RTX PRO 6000 Blackwell Server Edition,I64,U64,512,1,1,8,1000000000,512,No,0.000910264,8,11,0.11093460172727272,0.00046433440311445756,0.11092333360151811,0.0004668739759270868,9015235726.618244,12,0.1108270918528239
pfp_bloom_filter_contains_unique_size_u64,0,NVIDIA RTX PRO 6000 Blackwell Server Edition,I64,U64,512,1,1,8,1000000000,1024,No,0.000907731,8,11,0.12213007972727272,0.00032721831335714546,0.12211863847212356,0.00032465679230536784,8188758182.300512,12,0.12204369354248047
pfp_bloom_filter_contains_unique_size_u64,0,NVIDIA RTX PRO 6000 Blackwell Server Edition,I64,U64,512,1,1,8,1000000000,2048,No,0.000909066,8,11,0.12741050427272727,0.00042073293967149095,0.12739831334894355,0.000418362044682521,7849397481.903888,12,0.1273390941619873
pfp_bloom_filter_contains_unique_size_u64,0,NVIDIA RTX PRO 6000 Blackwell Server Edition,I64,U64,512,1,2,1,1000000000,1,No,0.000909097,8,39,0.012901481769230765,0.02737542957521911,0.012891228749201846,0.027386959455948524,77572124384.33493,41,0.013593799125857469
pfp_bloom_filter_contains_unique_size_u64,0,NVIDIA RTX PRO 6000 Blackwell Server Edition,I64,U64,512,1,2,1,1000000000,2,No,0.00090606,8,39,0.013098689871794874,0.023874359986729873,0.013088277376615083,0.023905413305841214,76404248720.05746,40,0.013816393494606016
pfp_bloom_filter_contains_unique_size_u64,0,NVIDIA RTX PRO 6000 Blackwell Server Edition,I64,U64,512,1,2,1,1000000000,4,No,0.000911853,8,38,0.013218191000000002,0.024483353363727433,0.013207708634828265,0.02450069374876033,75713360102.67784,39,0.013937373992724296
pfp_bloom_filter_contains_unique_size_u64,0,NVIDIA RTX PRO 6000 Blackwell Server Edition,I64,U64,512,1,2,1,1000000000,8,No,0.000909486,8,38,0.013260265368421056,0.023766433861920108,0.013249768357527883,0.02379742343793073,75473017566.51828,39,0.013997253051170935
pfp_bloom_filter_contains_unique_size_u64,0,NVIDIA RTX PRO 6000 Blackwell Server Edition,I64,U64,512,1,2,1,1000000000,16,No,0.000908256,8,38,0.013284546236842106,0.02374205436538291,0.01327419444134361,0.023765264859290244,75334138310.1497,39,0.014022718747456867
pfp_bloom_filter_contains_unique_size_u64,0,NVIDIA RTX PRO 6000 Blackwell Server Edition,I64,U64,512,1,2,1,1000000000,32,No,0.000907721,8,38,0.013356471973684213,0.0255635834638971,0.01334680341419421,0.025550202968034025,74924307264.20296,39,0.014042949823232797
pfp_bloom_filter_contains_unique_size_u64,0,NVIDIA RTX PRO 6000 Blackwell Server Edition,I64,U64,512,1,2,1,1000000000,64,No,0.00090916,8,38,0.013393489631578949,0.025247964603760237,0.013383348213998895,0.025262678062390697,74719717667.811,39,0.014050486442370292
pfp_bloom_filter_contains_unique_size_u64,0,NVIDIA RTX PRO 6000 Blackwell Server Edition,I64,U64,512,1,2,1,1000000000,128,No,0.000909604,8,20,0.02605788825,0.00012625190936714435,0.02604731693267822,0.00011827623151057974,38391670151.07912,21,0.025890558061145603
pfp_bloom_filter_contains_unique_size_u64,0,NVIDIA RTX PRO 6000 Blackwell Server Edition,I64,U64,512,1,2,1,1000000000,256,No,0.000908593,8,11,0.0720770610909091,0.00025939602767219213,0.07206640070134944,0.0002550302211601176,13876091913.402233,12,0.07198373667399088
pfp_bloom_filter_contains_unique_size_u64,0,NVIDIA RTX PRO 6000 Blackwell Server Edition,I64,U64,512,1,2,1,1000000000,512,No,0.000910264,8,11,0.09107125236363635,0.00038091922352166967,0.09106073344837537,0.0003783740237181776,10981681808.734005,12,0.09099456214904784
pfp_bloom_filter_contains_unique_size_u64,0,NVIDIA RTX PRO 6000 Blackwell Server Edition,I64,U64,512,1,2,1,1000000000,1024,No,0.000907731,8,11,0.09960080145454547,0.0007014859373593442,0.09958970780806108,0.0007032222252737997,10041198252.406733,12,0.0994910717010498
pfp_bloom_filter_contains_unique_size_u64,0,NVIDIA RTX PRO 6000 Blackwell Server Edition,I64,U64,512,1,2,1,1000000000,2048,No,0.000909066,8,11,0.1037178810909091,0.0007576799568394965,0.1037065193869851,0.0007587461239798932,9642595334.517586,12,0.10362014834086099
pfp_bloom_filter_contains_unique_size_u64,0,NVIDIA RTX PRO 6000 Blackwell Server Edition,I64,U64,512,1,2,2,1000000000,1,No,0.000909097,8,39,0.013029971000000001,0.023412955898159553,0.013019681637103745,0.023426490208672497,76806793581.66335,40,0.01320012786388397
pfp_bloom_filter_contains_unique_size_u64,0,NVIDIA RTX PRO 6000 Blackwell Server Edition,I64,U64,512,1,2,2,1000000000,2,No,0.00090606,8,39,0.01313955794871795,0.016972060677054993,0.013128659737415806,0.01698662375321244,76169237378.44058,40,0.01323297264575958
pfp_bloom_filter_contains_unique_size_u64,0,NVIDIA RTX PRO 6000 Blackwell Server Edition,I64,U64,512,1,2,2,1000000000,4,No,0.000911853,8,38,0.013227797131578947,0.012305780182458469,0.013217317054146215,0.012305919245227954,75658319756.07367,39,0.013301576272035258
pfp_bloom_filter_contains_unique_size_u64,0,NVIDIA RTX PRO 6000 Blackwell Server Edition,I64,U64,512,1,2,2,1000000000,8,No,0.000909486,8,38,0.013280715789473685,0.017140380161583816,0.013270137335124768,0.017154206776704088,75357170370.2792,39,0.013385289901342148
pfp_bloom_filter_contains_unique_size_u64,0,NVIDIA RTX PRO 6000 Blackwell Server Edition,I64,U64,512,1,2,2,1000000000,16,No,0.000908256,8,38,0.013312146763157895,0.014435729176013927,0.013301562158684978,0.014439582761771838,75179139718.34285,39,0.013395584497696315
pfp_bloom_filter_contains_unique_size_u64,0,NVIDIA RTX PRO 6000 Blackwell Server Edition,I64,U64,512,1,2,2,1000000000,32,No,0.000907721,8,38,0.01332946918421053,0.019354209062559937,0.013320342691321126,0.019366327470471404,75073143625.01727,39,0.013427437024238782
pfp_bloom_filter_contains_unique_size_u64,0,NVIDIA RTX PRO 6000 Blackwell Server Edition,I64,U64,512,1,2,2,1000000000,64,No,0.00090916,8,38,0.0133711075,0.018059897607470666,0.013361016398982,0.018076189181107902,74844605390.66412,39,0.013433856670673077
pfp_bloom_filter_contains_unique_size_u64,0,NVIDIA RTX PRO 6000 Blackwell Server Edition,I64,U64,512,1,2,2,1000000000,128,No,0.000909604,8,26,0.019397336153846152,0.00020095389476285406,0.01938703991816594,0.00018402722167413404,51580850105.07382,27,0.01925114384403935
pfp_bloom_filter_contains_unique_size_u64,0,NVIDIA RTX PRO 6000 Blackwell Server Edition,I64,U64,512,1,2,2,1000000000,256,No,0.000908593,8,11,0.049848803272727275,0.0009965215211886912,0.04983820204301315,0.000996350836983704,20064929291.328453,12,0.0498086404800415
pfp_bloom_filter_contains_unique_size_u64,0,NVIDIA RTX PRO 6000 Blackwell Server Edition,I64,U64,512,1,2,2,1000000000,512,No,0.000910264,8,11,0.06283684245454546,0.000701663432411544,0.0628269472989169,0.0006923168988126017,15916737053.007181,12,0.06278107929229737
pfp_bloom_filter_contains_unique_size_u64,0,NVIDIA RTX PRO 6000 Blackwell Server Edition,I64,U64,512,1,2,2,1000000000,1024,No,0.000907731,8,11,0.06876982109090911,0.0011586075112239179,0.06875917400013315,0.0011634203829216083,14543513858.937042,12,0.0687156613667806
pfp_bloom_filter_contains_unique_size_u64,0,NVIDIA RTX PRO 6000 Blackwell Server Edition,I64,U64,512,1,2,2,1000000000,2048,No,0.000909066,8,11,0.07160501836363638,0.0008422640345496242,0.07159396917169746,0.0008420380741842048,13967656934.926863,12,0.07154645729064943
pfp_bloom_filter_contains_unique_size_u64,0,NVIDIA RTX PRO 6000 Blackwell Server Edition,I64,U64,512,1,2,4,1000000000,1,No,0.000909097,8,39,0.01308243787179487,0.019044584877047962,0.013072299443758451,0.01904954066668018,76497635653.34053,40,0.01325986387729645
pfp_bloom_filter_contains_unique_size_u64,0,NVIDIA RTX PRO 6000 Blackwell Server Edition,I64,U64,512,1,2,4,1000000000,2,No,0.00090606,8,38,0.013208863868421052,0.018331026950220965,0.013198293033399077,0.018337384364997343,75767373664.87012,39,0.013322475335536859
pfp_bloom_filter_contains_unique_size_u64,0,NVIDIA RTX PRO 6000 Blackwell Server Edition,I64,U64,512,1,2,4,1000000000,4,No,0.000911853,8,38,0.013288118289473686,0.01619998195535059,0.013277968958804483,0.01621131901078616,75312723135.7858,39,0.013387250851362179
pfp_bloom_filter_contains_unique_size_u64,0,NVIDIA RTX PRO 6000 Blackwell Server Edition,I64,U64,512,1,2,4,1000000000,8,No,0.000909486,8,38,0.01335145494736842,0.017662082950924352,0.013341206701178297,0.017676980908965727,74955738442.43639,39,0.013461791992187501
pfp_bloom_filter_contains_unique_size_u64,0,NVIDIA RTX PRO 6000 Blackwell Server Edition,I64,U64,512,1,2,4,1000000000,16,No,0.000908256,8,38,0.01338487207894737,0.01609582180606341,0.013374210583536246,0.016105359234635023,74770768244.89421,39,0.013476180639022436
pfp_bloom_filter_contains_unique_size_u64,0,NVIDIA RTX PRO 6000 Blackwell Server Edition,I64,U64,512,1,2,4,1000000000,32,No,0.000907721,8,38,0.013405159105263157,0.01744049902379896,0.01339549385873895,0.01743711902696267,74651969576.1437,39,0.0135035246580075
pfp_bloom_filter_contains_unique_size_u64,0,NVIDIA RTX PRO 6000 Blackwell Server Edition,I64,U64,512,1,2,4,1000000000,64,No,0.00090916,8,38,0.013438605447368425,0.018419118679264764,0.013428340158964458,0.01841895733226105,74469367633.08177,39,0.013505508227226062
pfp_bloom_filter_contains_unique_size_u64,0,NVIDIA RTX PRO 6000 Blackwell Server Edition,I64,U64,512,1,2,4,1000000000,128,No,0.000909604,8,26,0.01937383319230769,0.00012712634337102687,0.019362937927246096,0.00010128925275464107,51645055298.80741,27,0.01923018844039352
pfp_bloom_filter_contains_unique_size_u64,0,NVIDIA RTX PRO 6000 Blackwell Server Edition,I64,U64,512,1,2,4,1000000000,256,No,0.000908593,8,11,0.048653769363636364,7.025600906668528e-05,0.04864334279840643,7.327142738647748e-05,20557797685.58094,12,0.048564088503519696
pfp_bloom_filter_contains_unique_size_u64,0,NVIDIA RTX PRO 6000 Blackwell Server Edition,I64,U64,512,1,2,4,1000000000,512,No,0.000910264,8,11,0.060238503727272734,6.878223222947832e-05,0.060228671680797236,6.894158679215285e-05,16603387922.945526,12,0.06015705553690592
pfp_bloom_filter_contains_unique_size_u64,0,NVIDIA RTX PRO 6000 Blackwell Server Edition,I64,U64,512,1,2,4,1000000000,1024,No,0.000907731,8,11,0.06535012345454548,0.00011239863349049078,0.06533960723876953,0.00011890260599467448,15304652755.957275,12,0.06527641614278157
pfp_bloom_filter_contains_unique_size_u64,0,NVIDIA RTX PRO 6000 Blackwell Server Edition,I64,U64,512,1,2,4,1000000000,2048,No,0.000909066,8,11,0.06776207690909092,9.873228285095733e-05,0.06775094188343395,9.364524619604549e-05,14759942403.760353,12,0.06769076220194499
pfp_bloom_filter_contains_unique_size_u64,0,NVIDIA RTX PRO 6000 Blackwell Server Edition,I64,U64,512,1,2,8,1000000000,1,Yes,,,,,,,,,,
pfp_bloom_filter_contains_unique_size_u64,0,NVIDIA RTX PRO 6000 Blackwell Server Edition,I64,U64,512,1,2,8,1000000000,2,Yes,,,,,,,,,,
pfp_bloom_filter_contains_unique_size_u64,0,NVIDIA RTX PRO 6000 Blackwell Server Edition,I64,U64,512,1,2,8,1000000000,4,Yes,,,,,,,,,,
pfp_bloom_filter_contains_unique_size_u64,0,NVIDIA RTX PRO 6000 Blackwell Server Edition,I64,U64,512,1,2,8,1000000000,8,Yes,,,,,,,,,,
pfp_bloom_filter_contains_unique_size_u64,0,NVIDIA RTX PRO 6000 Blackwell Server Edition,I64,U64,512,1,2,8,1000000000,16,Yes,,,,,,,,,,
pfp_bloom_filter_contains_unique_size_u64,0,NVIDIA RTX PRO 6000 Blackwell Server Edition,I64,U64,512,1,2,8,1000000000,32,Yes,,,,,,,,,,
pfp_bloom_filter_contains_unique_size_u64,0,NVIDIA RTX PRO 6000 Blackwell Server Edition,I64,U64,512,1,2,8,1000000000,64,Yes,,,,,,,,,,
pfp_bloom_filter_contains_unique_size_u64,0,NVIDIA RTX PRO 6000 Blackwell Server Edition,I64,U64,512,1,2,8,1000000000,128,Yes,,,,,,,,,,
pfp_bloom_filter_contains_unique_size_u64,0,NVIDIA RTX PRO 6000 Blackwell Server Edition,I64,U64,512,1,2,8,1000000000,256,Yes,,,,,,,,,,
pfp_bloom_filter_contains_unique_size_u64,0,NVIDIA RTX PRO 6000 Blackwell Server Edition,I64,U64,512,1,2,8,1000000000,512,Yes,,,,,,,,,,
pfp_bloom_filter_contains_unique_size_u64,0,NVIDIA RTX PRO 6000 Blackwell Server Edition,I64,U64,512,1,2,8,1000000000,1024,Yes,,,,,,,,,,
pfp_bloom_filter_contains_unique_size_u64,0,NVIDIA RTX PRO 6000 Blackwell Server Edition,I64,U64,512,1,2,8,1000000000,2048,Yes,,,,,,,,,,
pfp_bloom_filter_contains_unique_size_u64,0,NVIDIA RTX PRO 6000 Blackwell Server Edition,I64,U64,512,1,4,1,1000000000,1,No,0.000909097,8,39,0.01286152020512821,0.020605254535200002,0.01285078161190718,0.02063818030797694,77816278433.47891,41,0.013509531905011434
pfp_bloom_filter_contains_unique_size_u64,0,NVIDIA RTX PRO 6000 Blackwell Server Edition,I64,U64,512,1,4,1,1000000000,2,No,0.00090606,8,39,0.012922222256410256,0.020378954335563856,0.012911241849263507,0.020382673725607824,77451883534.8935,41,0.013566776926924543
pfp_bloom_filter_contains_unique_size_u64,0,NVIDIA RTX PRO 6000 Blackwell Server Edition,I64,U64,512,1,4,1,1000000000,4,No,0.000911853,8,39,0.012931556948717952,0.01815961126833575,0.01292091325613169,0.01819878800993759,77393910180.88017,41,0.01362719131097561
pfp_bloom_filter_contains_unique_size_u64,0,NVIDIA RTX PRO 6000 Blackwell Server Edition,I64,U64,512,1,4,1,1000000000,8,No,0.000909486,8,39,0.012985018461538465,0.01860929665332163,0.012974012741675738,0.018645202677630483,77077155688.9067,40,0.013656881713867189
pfp_bloom_filter_contains_unique_size_u64,0,NVIDIA RTX PRO 6000 Blackwell Server Edition,I64,U64,512,1,4,1,1000000000,16,No,0.000908256,8,39,0.01298543028205128,0.01865709552894672,0.012974980916732394,0.018672495906144202,77071404298.59215,40,0.01365509033203125
pfp_bloom_filter_contains_unique_size_u64,0,NVIDIA RTX PRO 6000 Blackwell Server Edition,I64,U64,512,1,4,1,1000000000,32,No,0.000907721,8,39,0.01301069958974359,0.018625063195450663,0.012999645502139359,0.018645214405494166,76925174600.7558,40,0.013692723083496094
pfp_bloom_filter_contains_unique_size_u64,0,NVIDIA RTX PRO 6000 Blackwell Server Edition,I64,U64,512,1,4,1,1000000000,64,No,0.00090916,8,39,0.013069535307692308,0.01999606847793783,0.01305879800747602,0.020021733011165607,76576726236.7877,40,0.013664767456054688
pfp_bloom_filter_contains_unique_size_u64,0,NVIDIA RTX PRO 6000 Blackwell Server Edition,I64,U64,512,1,4,1,1000000000,128,No,0.000909604,8,26,0.019973364153846155,0.0025253593286965192,0.019962978363037107,0.002530043744375764,50092725735.33276,27,0.019888335333930123
pfp_bloom_filter_contains_unique_size_u64,0,NVIDIA RTX PRO 6000 Blackwell Server Edition,I64,U64,512,1,4,1,1000000000,256,No,0.000908593,8,11,0.04869466118181818,5.897810406824871e-05,0.048683781710538,6.384562865443071e-05,20540721465.430897,12,0.04860612138112386
pfp_bloom_filter_contains_unique_size_u64,0,NVIDIA RTX PRO 6000 Blackwell Server Edition,I64,U64,512,1,4,1,1000000000,512,No,0.000910264,8,11,0.060284845000000004,9.770001401326446e-05,0.0602748100974343,9.558948298391328e-05,16590678566.77605,12,0.06020599555969238
pfp_bloom_filter_contains_unique_size_u64,0,NVIDIA RTX PRO 6000 Blackwell Server Edition,I64,U64,512,1,4,1,1000000000,1024,No,0.000907731,8,11,0.06539112954545455,0.00014005950554540986,0.06538007285378195,0.00014143920436784276,15295180264.427534,12,0.06531840070088706
pfp_bloom_filter_contains_unique_size_u64,0,NVIDIA RTX PRO 6000 Blackwell Server Edition,I64,U64,512,1,4,1,1000000000,2048,No,0.000909066,8,11,0.06781423881818181,0.00016434571079412455,0.06780320462313566,0.00015679763688523574,14748565433.716715,12,0.06773811213175455
pfp_bloom_filter_contains_unique_size_u64,0,NVIDIA RTX PRO 6000 Blackwell Server Edition,I64,U64,512,1,4,2,1000000000,1,No,0.000909097,8,39,0.01291603707692308,0.03216791452580131,0.012905384992941832,0.032203077165769235,77487033555.90837,40,0.013494117927551268
pfp_bloom_filter_contains_unique_size_u64,0,NVIDIA RTX PRO 6000 Blackwell Server Edition,I64,U64,512,1,4,2,1000000000,2,No,0.00090606,8,39,0.012838025230769231,0.024912079796674633,0.01282764305212559,0.02492299070956425,77956643783.77727,40,0.013534230828285218
pfp_bloom_filter_contains_unique_size_u64,0,NVIDIA RTX PRO 6000 Blackwell Server Edition,I64,U64,512,1,4,2,1000000000,4,No,0.000911853,8,39,0.012862284743589742,0.023412925977117895,0.012851547901447002,0.0234474133082304,77811638541.02014,40,0.013584355235099793
pfp_bloom_filter_contains_unique_size_u64,0,NVIDIA RTX PRO 6000 Blackwell Server Edition,I64,U64,512,1,4,2,1000000000,8,No,0.000909486,8,39,0.012908741820512822,0.022735400492348446,0.012898394266764325,0.02275835314342405,77529030305.47993,41,0.013471505514005336
pfp_bloom_filter_contains_unique_size_u64,0,NVIDIA RTX PRO 6000 Blackwell Server Edition,I64,U64,512,1,4,2,1000000000,16,No,0.000908256,8,39,0.012916677128205128,0.023420972302050612,0.01290613822447948,0.023449910402332463,77482511236.65083,40,0.013624329090118407
pfp_bloom_filter_contains_unique_size_u64,0,NVIDIA RTX PRO 6000 Blackwell Server Edition,I64,U64,512,1,4,2,1000000000,32,No,0.000907721,8,39,0.012931244487179491,0.022710740975652774,0.012921069976611016,0.02271899927099094,77392971465.22253,40,0.013643031954765319
pfp_bloom_filter_contains_unique_size_u64,0,NVIDIA RTX PRO 6000 Blackwell Server Edition,I64,U64,512,1,4,2,1000000000,64,No,0.00090916,8,39,0.012960644461538462,0.02245776306031346,0.012950013527503383,0.022499891371529614,77219996556.46605,40,0.013643390870094302
pfp_bloom_filter_contains_unique_size_u64,0,NVIDIA RTX PRO 6000 Blackwell Server Edition,I64,U64,512,1,4,2,1000000000,128,No,0.000909604,8,26,0.019937759384615387,0.0017065410672745139,0.019926691862253043,0.0017056492116695149,50183944576.08346,27,0.01984238744665075
pfp_bloom_filter_contains_unique_size_u64,0,NVIDIA RTX PRO 6000 Blackwell Server Edition,I64,U64,512,1,4,2,1000000000,256,No,0.000908593,8,11,0.04867144736363637,6.641942539804573e-05,0.04866043402931907,5.911924883695571e-05,20550577074.53814,12,0.04858069324493408
pfp_bloom_filter_contains_unique_size_u64,0,NVIDIA RTX PRO 6000 Blackwell Server Edition,I64,U64,512,1,4,2,1000000000,512,No,0.000910264,8,11,0.06024826554545455,9.153584999464349e-05,0.060238121032714836,9.284574658539857e-05,16600783405.194662,12,0.06017587153116861
pfp_bloom_filter_contains_unique_size_u64,0,NVIDIA RTX PRO 6000 Blackwell Server Edition,I64,U64,512,1,4,2,1000000000,1024,No,0.000907731,8,11,0.06535731290909093,8.629801309712071e-05,0.06534596599232066,8.45879401696488e-05,15303163474.812174,12,0.06528426869710285
pfp_bloom_filter_contains_unique_size_u64,0,NVIDIA RTX PRO 6000 Blackwell Server Edition,I64,U64,512,1,4,2,1000000000,2048,No,0.000909066,8,11,0.06777044681818181,6.082616585500167e-05,0.06775953466242009,6.181543297235853e-05,14758070653.554932,12,0.0676972312927246
pfp_bloom_filter_contains_unique_size_u64,0,NVIDIA RTX PRO 6000 Blackwell Server Edition,I64,U64,512,1,4,4,1000000000,1,Yes,,,,,,,,,,
pfp_bloom_filter_contains_unique_size_u64,0,NVIDIA RTX PRO 6000 Blackwell Server Edition,I64,U64,512,1,4,4,1000000000,2,Yes,,,,,,,,,,
pfp_bloom_filter_contains_unique_size_u64,0,NVIDIA RTX PRO 6000 Blackwell Server Edition,I64,U64,512,1,4,4,1000000000,4,Yes,,,,,,,,,,
pfp_bloom_filter_contains_unique_size_u64,0,NVIDIA RTX PRO 6000 Blackwell Server Edition,I64,U64,512,1,4,4,1000000000,8,Yes,,,,,,,,,,
pfp_bloom_filter_contains_unique_size_u64,0,NVIDIA RTX PRO 6000 Blackwell Server Edition,I64,U64,512,1,4,4,1000000000,16,Yes,,,,,,,,,,
pfp_bloom_filter_contains_unique_size_u64,0,NVIDIA RTX PRO 6000 Blackwell Server Edition,I64,U64,512,1,4,4,1000000000,32,Yes,,,,,,,,,,
pfp_bloom_filter_contains_unique_size_u64,0,NVIDIA RTX PRO 6000 Blackwell Server Edition,I64,U64,512,1,4,4,1000000000,64,Yes,,,,,,,,,,
pfp_bloom_filter_contains_unique_size_u64,0,NVIDIA RTX PRO 6000 Blackwell Server Edition,I64,U64,512,1,4,4,1000000000,128,Yes,,,,,,,,,,
pfp_bloom_filter_contains_unique_size_u64,0,NVIDIA RTX PRO 6000 Blackwell Server Edition,I64,U64,512,1,4,4,1000000000,256,Yes,,,,,,,,,,
pfp_bloom_filter_contains_unique_size_u64,0,NVIDIA RTX PRO 6000 Blackwell Server Edition,I64,U64,512,1,4,4,1000000000,512,Yes,,,,,,,,,,
pfp_bloom_filter_contains_unique_size_u64,0,NVIDIA RTX PRO 6000 Blackwell Server Edition,I64,U64,512,1,4,4,1000000000,1024,Yes,,,,,,,,,,
pfp_bloom_filter_contains_unique_size_u64,0,NVIDIA RTX PRO 6000 Blackwell Server Edition,I64,U64,512,1,4,4,1000000000,2048,Yes,,,,,,,,,,
pfp_bloom_filter_contains_unique_size_u64,0,NVIDIA RTX PRO 6000 Blackwell Server Edition,I64,U64,512,1,4,8,1000000000,1,Yes,,,,,,,,,,
pfp_bloom_filter_contains_unique_size_u64,0,NVIDIA RTX PRO 6000 Blackwell Server Edition,I64,U64,512,1,4,8,1000000000,2,Yes,,,,,,,,,,
pfp_bloom_filter_contains_unique_size_u64,0,NVIDIA RTX PRO 6000 Blackwell Server Edition,I64,U64,512,1,4,8,1000000000,4,Yes,,,,,,,,,,
pfp_bloom_filter_contains_unique_size_u64,0,NVIDIA RTX PRO 6000 Blackwell Server Edition,I64,U64,512,1,4,8,1000000000,8,Yes,,,,,,,,,,
pfp_bloom_filter_contains_unique_size_u64,0,NVIDIA RTX PRO 6000 Blackwell Server Edition,I64,U64,512,1,4,8,1000000000,16,Yes,,,,,,,,,,
pfp_bloom_filter_contains_unique_size_u64,0,NVIDIA RTX PRO 6000 Blackwell Server Edition,I64,U64,512,1,4,8,1000000000,32,Yes,,,,,,,,,,
pfp_bloom_filter_contains_unique_size_u64,0,NVIDIA RTX PRO 6000 Blackwell Server Edition,I64,U64,512,1,4,8,1000000000,64,Yes,,,,,,,,,,
pfp_bloom_filter_contains_unique_size_u64,0,NVIDIA RTX PRO 6000 Blackwell Server Edition,I64,U64,512,1,4,8,1000000000,128,Yes,,,,,,,,,,
pfp_bloom_filter_contains_unique_size_u64,0,NVIDIA RTX PRO 6000 Blackwell Server Edition,I64,U64,512,1,4,8,1000000000,256,Yes,,,,,,,,,,
pfp_bloom_filter_contains_unique_size_u64,0,NVIDIA RTX PRO 6000 Blackwell Server Edition,I64,U64,512,1,4,8,1000000000,512,Yes,,,,,,,,,,
pfp_bloom_filter_contains_unique_size_u64,0,NVIDIA RTX PRO 6000 Blackwell Server Edition,I64,U64,512,1,4,8,1000000000,1024,Yes,,,,,,,,,,
pfp_bloom_filter_contains_unique_size_u64,0,NVIDIA RTX PRO 6000 Blackwell Server Edition,I64,U64,512,1,4,8,1000000000,2048,Yes,,,,,,,,,,
pfp_bloom_filter_contains_unique_size_u64,0,NVIDIA RTX PRO 6000 Blackwell Server Edition,I64,U64,512,1,8,1,1000000000,1,No,0.000909097,8,32,0.0160525305625,0.023478484571719253,0.016041997909545896,0.023506063306059255,62336375159.664085,33,0.016274942051280626
pfp_bloom_filter_contains_unique_size_u64,0,NVIDIA RTX PRO 6000 Blackwell Server Edition,I64,U64,512,1,8,1,1000000000,2,No,0.00090606,8,32,0.015932558125000003,0.029189607722283028,0.015921491980552673,0.029211152908103902,62808184133.839424,33,0.016345488345984257
pfp_bloom_filter_contains_unique_size_u64,0,NVIDIA RTX PRO 6000 Blackwell Server Edition,I64,U64,512,1,8,1,1000000000,4,No,0.000911853,8,33,0.015523984636363636,0.026369035596590713,0.015513344013329707,0.02641874288984302,64460634608.5511,34,0.016368153628181007
pfp_bloom_filter_contains_unique_size_u64,0,NVIDIA RTX PRO 6000 Blackwell Server Edition,I64,U64,512,1,8,1,1000000000,8,No,0.000909486,8,33,0.015585602909090916,0.02572032115045821,0.015575163089867788,0.025730837366714398,64204785158.91345,34,0.01643823797562543
pfp_bloom_filter_contains_unique_size_u64,0,NVIDIA RTX PRO 6000 Blackwell Server Edition,I64,U64,512,1,8,1,1000000000,16,No,0.000908256,8,33,0.01559988075757576,0.02587183446417289,0.015589056997588186,0.02589189682224958,64147561982.40291,34,0.01643067904079662
pfp_bloom_filter_contains_unique_size_u64,0,NVIDIA RTX PRO 6000 Blackwell Server Edition,I64,U64,512,1,8,1,1000000000,32,No,0.000907721,8,33,0.015600795212121217,0.02449000971911191,0.015589789101571749,0.024534723231366348,64144549582.083885,34,0.01644703180649701
pfp_bloom_filter_contains_unique_size_u64,0,NVIDIA RTX PRO 6000 Blackwell Server Edition,I64,U64,512,1,8,1,1000000000,64,No,0.00090916,8,33,0.015631887000000004,0.02478139450076422,0.015621578678940278,0.024816063639897926,64014016800.24295,34,0.016445526179145364
pfp_bloom_filter_contains_unique_size_u64,0,NVIDIA RTX PRO 6000 Blackwell Server Edition,I64,U64,512,1,8,1,1000000000,128,No,0.000909604,8,22,0.02279753618181818,0.00459513402443309,0.02278661372444846,0.0046012970980949044,43885415011.31733,23,0.0227835985266644
pfp_bloom_filter_contains_unique_size_u64,0,NVIDIA RTX PRO 6000 Blackwell Server Edition,I64,U64,512,1,8,1,1000000000,256,No,0.000908593,8,11,0.04879862190909092,5.4497187611694724e-05,0.048787714524702604,5.7535145603516085e-05,20496963420.856117,12,0.04870638847351075
pfp_bloom_filter_contains_unique_size_u64,0,NVIDIA RTX PRO 6000 Blackwell Server Edition,I64,U64,512,1,8,1,1000000000,512,No,0.000910264,8,11,0.060346792454545446,4.594144503713053e-05,0.06033576722578569,4.459024915183661e-05,16573917030.968493,12,0.060267688751220704
pfp_bloom_filter_contains_unique_size_u64,0,NVIDIA RTX PRO 6000 Blackwell Server Edition,I64,U64,512,1,8,1,1000000000,1024,No,0.000907731,8,11,0.06544757727272728,8.487290251108888e-05,0.06543651442094282,7.943431450740741e-05,15281987569.923988,12,0.0653724988301595
pfp_bloom_filter_contains_unique_size_u64,0,NVIDIA RTX PRO 6000 Blackwell Server Edition,I64,U64,512,1,8,1,1000000000,2048,No,0.000909066,8,11,0.06784911754545454,7.627997321297048e-05,0.06783779005570845,7.023409535005915e-05,14741046239.54877,12,0.06777480125427247
pfp_bloom_filter_contains_unique_size_u64,0,NVIDIA RTX PRO 6000 Blackwell Server Edition,I64,U64,512,1,8,2,1000000000,1,Yes,,,,,,,,,,
pfp_bloom_filter_contains_unique_size_u64,0,NVIDIA RTX PRO 6000 Blackwell Server Edition,I64,U64,512,1,8,2,1000000000,2,Yes,,,,,,,,,,
pfp_bloom_filter_contains_unique_size_u64,0,NVIDIA RTX PRO 6000 Blackwell Server Edition,I64,U64,512,1,8,2,1000000000,4,Yes,,,,,,,,,,
pfp_bloom_filter_contains_unique_size_u64,0,NVIDIA RTX PRO 6000 Blackwell Server Edition,I64,U64,512,1,8,2,1000000000,8,Yes,,,,,,,,,,
pfp_bloom_filter_contains_unique_size_u64,0,NVIDIA RTX PRO 6000 Blackwell Server Edition,I64,U64,512,1,8,2,1000000000,16,Yes,,,,,,,,,,
pfp_bloom_filter_contains_unique_size_u64,0,NVIDIA RTX PRO 6000 Blackwell Server Edition,I64,U64,512,1,8,2,1000000000,32,Yes,,,,,,,,,,
pfp_bloom_filter_contains_unique_size_u64,0,NVIDIA RTX PRO 6000 Blackwell Server Edition,I64,U64,512,1,8,2,1000000000,64,Yes,,,,,,,,,,
pfp_bloom_filter_contains_unique_size_u64,0,NVIDIA RTX PRO 6000 Blackwell Server Edition,I64,U64,512,1,8,2,1000000000,128,Yes,,,,,,,,,,
pfp_bloom_filter_contains_unique_size_u64,0,NVIDIA RTX PRO 6000 Blackwell Server Edition,I64,U64,512,1,8,2,1000000000,256,Yes,,,,,,,,,,
pfp_bloom_filter_contains_unique_size_u64,0,NVIDIA RTX PRO 6000 Blackwell Server Edition,I64,U64,512,1,8,2,1000000000,512,Yes,,,,,,,,,,
pfp_bloom_filter_contains_unique_size_u64,0,NVIDIA RTX PRO 6000 Blackwell Server Edition,I64,U64,512,1,8,2,1000000000,1024,Yes,,,,,,,,,,
pfp_bloom_filter_contains_unique_size_u64,0,NVIDIA RTX PRO 6000 Blackwell Server Edition,I64,U64,512,1,8,2,1000000000,2048,Yes,,,,,,,,,,
pfp_bloom_filter_contains_unique_size_u64,0,NVIDIA RTX PRO 6000 Blackwell Server Edition,I64,U64,512,1,8,4,1000000000,1,Yes,,,,,,,,,,
pfp_bloom_filter_contains_unique_size_u64,0,NVIDIA RTX PRO 6000 Blackwell Server Edition,I64,U64,512,1,8,4,1000000000,2,Yes,,,,,,,,,,
pfp_bloom_filter_contains_unique_size_u64,0,NVIDIA RTX PRO 6000 Blackwell Server Edition,I64,U64,512,1,8,4,1000000000,4,Yes,,,,,,,,,,
pfp_bloom_filter_contains_unique_size_u64,0,NVIDIA RTX PRO 6000 Blackwell Server Edition,I64,U64,512,1,8,4,1000000000,8,Yes,,,,,,,,,,
pfp_bloom_filter_contains_unique_size_u64,0,NVIDIA RTX PRO 6000 Blackwell Server Edition,I64,U64,512,1,8,4,1000000000,16,Yes,,,,,,,,,,
pfp_bloom_filter_contains_unique_size_u64,0,NVIDIA RTX PRO 6000 Blackwell Server Edition,I64,U64,512,1,8,4,1000000000,32,Yes,,,,,,,,,,
pfp_bloom_filter_contains_unique_size_u64,0,NVIDIA RTX PRO 6000 Blackwell Server Edition,I64,U64,512,1,8,4,1000000000,64,Yes,,,,,,,,,,
pfp_bloom_filter_contains_unique_size_u64,0,NVIDIA RTX PRO 6000 Blackwell Server Edition,I64,U64,512,1,8,4,1000000000,128,Yes,,,,,,,,,,
pfp_bloom_filter_contains_unique_size_u64,0,NVIDIA RTX PRO 6000 Blackwell Server Edition,I64,U64,512,1,8,4,1000000000,256,Yes,,,,,,,,,,
pfp_bloom_filter_contains_unique_size_u64,0,NVIDIA RTX PRO 6000 Blackwell Server Edition,I64,U64,512,1,8,4,1000000000,512,Yes,,,,,,,,,,
pfp_bloom_filter_contains_unique_size_u64,0,NVIDIA RTX PRO 6000 Blackwell Server Edition,I64,U64,512,1,8,4,1000000000,1024,Yes,,,,,,,,,,
pfp_bloom_filter_contains_unique_size_u64,0,NVIDIA RTX PRO 6000 Blackwell Server Edition,I64,U64,512,1,8,4,1000000000,2048,Yes,,,,,,,,,,
pfp_bloom_filter_contains_unique_size_u64,0,NVIDIA RTX PRO 6000 Blackwell Server Edition,I64,U64,512,1,8,8,1000000000,1,Yes,,,,,,,,,,
pfp_bloom_filter_contains_unique_size_u64,0,NVIDIA RTX PRO 6000 Blackwell Server Edition,I64,U64,512,1,8,8,1000000000,2,Yes,,,,,,,,,,
pfp_bloom_filter_contains_unique_size_u64,0,NVIDIA RTX PRO 6000 Blackwell Server Edition,I64,U64,512,1,8,8,1000000000,4,Yes,,,,,,,,,,
pfp_bloom_filter_contains_unique_size_u64,0,NVIDIA RTX PRO 6000 Blackwell Server Edition,I64,U64,512,1,8,8,1000000000,8,Yes,,,,,,,,,,
pfp_bloom_filter_contains_unique_size_u64,0,NVIDIA RTX PRO 6000 Blackwell Server Edition,I64,U64,512,1,8,8,1000000000,16,Yes,,,,,,,,,,
pfp_bloom_filter_contains_unique_size_u64,0,NVIDIA RTX PRO 6000 Blackwell Server Edition,I64,U64,512,1,8,8,1000000000,32,Yes,,,,,,,,,,
pfp_bloom_filter_contains_unique_size_u64,0,NVIDIA RTX PRO 6000 Blackwell Server Edition,I64,U64,512,1,8,8,1000000000,64,Yes,,,,,,,,,,
pfp_bloom_filter_contains_unique_size_u64,0,NVIDIA RTX PRO 6000 Blackwell Server Edition,I64,U64,512,1,8,8,1000000000,128,Yes,,,,,,,,,,
pfp_bloom_filter_contains_unique_size_u64,0,NVIDIA RTX PRO 6000 Blackwell Server Edition,I64,U64,512,1,8,8,1000000000,256,Yes,,,,,,,,,,
pfp_bloom_filter_contains_unique_size_u64,0,NVIDIA RTX PRO 6000 Blackwell Server Edition,I64,U64,512,1,8,8,1000000000,512,Yes,,,,,,,,,,
pfp_bloom_filter_contains_unique_size_u64,0,NVIDIA RTX PRO 6000 Blackwell Server Edition,I64,U64,512,1,8,8,1000000000,1024,Yes,,,,,,,,,,
pfp_bloom_filter_contains_unique_size_u64,0,NVIDIA RTX PRO 6000 Blackwell Server Edition,I64,U64,512,1,8,8,1000000000,2048,Yes,,,,,,,,,,
pfp_bloom_filter_contains_unique_size_u64,0,NVIDIA RTX PRO 6000 Blackwell Server Edition,I64,U64,512,20,1,1,1000000000,1,Yes,,,,,,,,,,
pfp_bloom_filter_contains_unique_size_u64,0,NVIDIA RTX PRO 6000 Blackwell Server Edition,I64,U64,512,20,1,1,1000000000,2,Yes,,,,,,,,,,
pfp_bloom_filter_contains_unique_size_u64,0,NVIDIA RTX PRO 6000 Blackwell Server Edition,I64,U64,512,20,1,1,1000000000,4,Yes,,,,,,,,,,
pfp_bloom_filter_contains_unique_size_u64,0,NVIDIA RTX PRO 6000 Blackwell Server Edition,I64,U64,512,20,1,1,1000000000,8,Yes,,,,,,,,,,
pfp_bloom_filter_contains_unique_size_u64,0,NVIDIA RTX PRO 6000 Blackwell Server Edition,I64,U64,512,20,1,1,1000000000,16,Yes,,,,,,,,,,
pfp_bloom_filter_contains_unique_size_u64,0,NVIDIA RTX PRO 6000 Blackwell Server Edition,I64,U64,512,20,1,1,1000000000,32,Yes,,,,,,,,,,
pfp_bloom_filter_contains_unique_size_u64,0,NVIDIA RTX PRO 6000 Blackwell Server Edition,I64,U64,512,20,1,1,1000000000,64,Yes,,,,,,,,,,
pfp_bloom_filter_contains_unique_size_u64,0,NVIDIA RTX PRO 6000 Blackwell Server Edition,I64,U64,512,20,1,1,1000000000,128,Yes,,,,,,,,,,
pfp_bloom_filter_contains_unique_size_u64,0,NVIDIA RTX PRO 6000 Blackwell Server Edition,I64,U64,512,20,1,1,1000000000,256,Yes,,,,,,,,,,
pfp_bloom_filter_contains_unique_size_u64,0,NVIDIA RTX PRO 6000 Blackwell Server Edition,I64,U64,512,20,1,1,1000000000,512,Yes,,,,,,,,,,
pfp_bloom_filter_contains_unique_size_u64,0,NVIDIA RTX PRO 6000 Blackwell Server Edition,I64,U64,512,20,1,1,1000000000,1024,Yes,,,,,,,,,,
pfp_bloom_filter_contains_unique_size_u64,0,NVIDIA RTX PRO 6000 Blackwell Server Edition,I64,U64,512,20,1,1,1000000000,2048,Yes,,,,,,,,,,
pfp_bloom_filter_contains_unique_size_u64,0,NVIDIA RTX PRO 6000 Blackwell Server Edition,I64,U64,512,20,1,2,1000000000,1,Yes,,,,,,,,,,
pfp_bloom_filter_contains_unique_size_u64,0,NVIDIA RTX PRO 6000 Blackwell Server Edition,I64,U64,512,20,1,2,1000000000,2,Yes,,,,,,,,,,
pfp_bloom_filter_contains_unique_size_u64,0,NVIDIA RTX PRO 6000 Blackwell Server Edition,I64,U64,512,20,1,2,1000000000,4,Yes,,,,,,,,,,
pfp_bloom_filter_contains_unique_size_u64,0,NVIDIA RTX PRO 6000 Blackwell Server Edition,I64,U64,512,20,1,2,1000000000,8,Yes,,,,,,,,,,
pfp_bloom_filter_contains_unique_size_u64,0,NVIDIA RTX PRO 6000 Blackwell Server Edition,I64,U64,512,20,1,2,1000000000,16,Yes,,,,,,,,,,
pfp_bloom_filter_contains_unique_size_u64,0,NVIDIA RTX PRO 6000 Blackwell Server Edition,I64,U64,512,20,1,2,1000000000,32,Yes,,,,,,,,,,
pfp_bloom_filter_contains_unique_size_u64,0,NVIDIA RTX PRO 6000 Blackwell Server Edition,I64,U64,512,20,1,2,1000000000,64,Yes,,,,,,,,,,
pfp_bloom_filter_contains_unique_size_u64,0,NVIDIA RTX PRO 6000 Blackwell Server Edition,I64,U64,512,20,1,2,1000000000,128,Yes,,,,,,,,,,
pfp_bloom_filter_contains_unique_size_u64,0,NVIDIA RTX PRO 6000 Blackwell Server Edition,I64,U64,512,20,1,2,1000000000,256,Yes,,,,,,,,,,
pfp_bloom_filter_contains_unique_size_u64,0,NVIDIA RTX PRO 6000 Blackwell Server Edition,I64,U64,512,20,1,2,1000000000,512,Yes,,,,,,,,,,
pfp_bloom_filter_contains_unique_size_u64,0,NVIDIA RTX PRO 6000 Blackwell Server Edition,I64,U64,512,20,1,2,1000000000,1024,Yes,,,,,,,,,,
pfp_bloom_filter_contains_unique_size_u64,0,NVIDIA RTX PRO 6000 Blackwell Server Edition,I64,U64,512,20,1,2,1000000000,2048,Yes,,,,,,,,,,
pfp_bloom_filter_contains_unique_size_u64,0,NVIDIA RTX PRO 6000 Blackwell Server Edition,I64,U64,512,20,1,4,1000000000,1,Yes,,,,,,,,,,
pfp_bloom_filter_contains_unique_size_u64,0,NVIDIA RTX PRO 6000 Blackwell Server Edition,I64,U64,512,20,1,4,1000000000,2,Yes,,,,,,,,,,
pfp_bloom_filter_contains_unique_size_u64,0,NVIDIA RTX PRO 6000 Blackwell Server Edition,I64,U64,512,20,1,4,1000000000,4,Yes,,,,,,,,,,
pfp_bloom_filter_contains_unique_size_u64,0,NVIDIA RTX PRO 6000 Blackwell Server Edition,I64,U64,512,20,1,4,1000000000,8,Yes,,,,,,,,,,
pfp_bloom_filter_contains_unique_size_u64,0,NVIDIA RTX PRO 6000 Blackwell Server Edition,I64,U64,512,20,1,4,1000000000,16,Yes,,,,,,,,,,
pfp_bloom_filter_contains_unique_size_u64,0,NVIDIA RTX PRO 6000 Blackwell Server Edition,I64,U64,512,20,1,4,1000000000,32,Yes,,,,,,,,,,
pfp_bloom_filter_contains_unique_size_u64,0,NVIDIA RTX PRO 6000 Blackwell Server Edition,I64,U64,512,20,1,4,1000000000,64,Yes,,,,,,,,,,
pfp_bloom_filter_contains_unique_size_u64,0,NVIDIA RTX PRO 6000 Blackwell Server Edition,I64,U64,512,20,1,4,1000000000,128,Yes,,,,,,,,,,
pfp_bloom_filter_contains_unique_size_u64,0,NVIDIA RTX PRO 6000 Blackwell Server Edition,I64,U64,512,20,1,4,1000000000,256,Yes,,,,,,,,,,
pfp_bloom_filter_contains_unique_size_u64,0,NVIDIA RTX PRO 6000 Blackwell Server Edition,I64,U64,512,20,1,4,1000000000,512,Yes,,,,,,,,,,
pfp_bloom_filter_contains_unique_size_u64,0,NVIDIA RTX PRO 6000 Blackwell Server Edition,I64,U64,512,20,1,4,1000000000,1024,Yes,,,,,,,,,,
pfp_bloom_filter_contains_unique_size_u64,0,NVIDIA RTX PRO 6000 Blackwell Server Edition,I64,U64,512,20,1,4,1000000000,2048,Yes,,,,,,,,,,
pfp_bloom_filter_contains_unique_size_u64,0,NVIDIA RTX PRO 6000 Blackwell Server Edition,I64,U64,512,20,1,8,1000000000,1,Yes,,,,,,,,,,
pfp_bloom_filter_contains_unique_size_u64,0,NVIDIA RTX PRO 6000 Blackwell Server Edition,I64,U64,512,20,1,8,1000000000,2,Yes,,,,,,,,,,
pfp_bloom_filter_contains_unique_size_u64,0,NVIDIA RTX PRO 6000 Blackwell Server Edition,I64,U64,512,20,1,8,1000000000,4,Yes,,,,,,,,,,
pfp_bloom_filter_contains_unique_size_u64,0,NVIDIA RTX PRO 6000 Blackwell Server Edition,I64,U64,512,20,1,8,1000000000,8,Yes,,,,,,,,,,
pfp_bloom_filter_contains_unique_size_u64,0,NVIDIA RTX PRO 6000 Blackwell Server Edition,I64,U64,512,20,1,8,1000000000,16,Yes,,,,,,,,,,
pfp_bloom_filter_contains_unique_size_u64,0,NVIDIA RTX PRO 6000 Blackwell Server Edition,I64,U64,512,20,1,8,1000000000,32,Yes,,,,,,,,,,
pfp_bloom_filter_contains_unique_size_u64,0,NVIDIA RTX PRO 6000 Blackwell Server Edition,I64,U64,512,20,1,8,1000000000,64,Yes,,,,,,,,,,
pfp_bloom_filter_contains_unique_size_u64,0,NVIDIA RTX PRO 6000 Blackwell Server Edition,I64,U64,512,20,1,8,1000000000,128,Yes,,,,,,,,,,
pfp_bloom_filter_contains_unique_size_u64,0,NVIDIA RTX PRO 6000 Blackwell Server Edition,I64,U64,512,20,1,8,1000000000,256,Yes,,,,,,,,,,
pfp_bloom_filter_contains_unique_size_u64,0,NVIDIA RTX PRO 6000 Blackwell Server Edition,I64,U64,512,20,1,8,1000000000,512,Yes,,,,,,,,,,
pfp_bloom_filter_contains_unique_size_u64,0,NVIDIA RTX PRO 6000 Blackwell Server Edition,I64,U64,512,20,1,8,1000000000,1024,Yes,,,,,,,,,,
pfp_bloom_filter_contains_unique_size_u64,0,NVIDIA RTX PRO 6000 Blackwell Server Edition,I64,U64,512,20,1,8,1000000000,2048,Yes,,,,,,,,,,
pfp_bloom_filter_contains_unique_size_u64,0,NVIDIA RTX PRO 6000 Blackwell Server Edition,I64,U64,512,20,2,1,1000000000,1,Yes,,,,,,,,,,
pfp_bloom_filter_contains_unique_size_u64,0,NVIDIA RTX PRO 6000 Blackwell Server Edition,I64,U64,512,20,2,1,1000000000,2,Yes,,,,,,,,,,
pfp_bloom_filter_contains_unique_size_u64,0,NVIDIA RTX PRO 6000 Blackwell Server Edition,I64,U64,512,20,2,1,1000000000,4,Yes,,,,,,,,,,
pfp_bloom_filter_contains_unique_size_u64,0,NVIDIA RTX PRO 6000 Blackwell Server Edition,I64,U64,512,20,2,1,1000000000,8,Yes,,,,,,,,,,
pfp_bloom_filter_contains_unique_size_u64,0,NVIDIA RTX PRO 6000 Blackwell Server Edition,I64,U64,512,20,2,1,1000000000,16,Yes,,,,,,,,,,
pfp_bloom_filter_contains_unique_size_u64,0,NVIDIA RTX PRO 6000 Blackwell Server Edition,I64,U64,512,20,2,1,1000000000,32,Yes,,,,,,,,,,
pfp_bloom_filter_contains_unique_size_u64,0,NVIDIA RTX PRO 6000 Blackwell Server Edition,I64,U64,512,20,2,1,1000000000,64,Yes,,,,,,,,,,
pfp_bloom_filter_contains_unique_size_u64,0,NVIDIA RTX PRO 6000 Blackwell Server Edition,I64,U64,512,20,2,1,1000000000,128,Yes,,,,,,,,,,
pfp_bloom_filter_contains_unique_size_u64,0,NVIDIA RTX PRO 6000 Blackwell Server Edition,I64,U64,512,20,2,1,1000000000,256,Yes,,,,,,,,,,
pfp_bloom_filter_contains_unique_size_u64,0,NVIDIA RTX PRO 6000 Blackwell Server Edition,I64,U64,512,20,2,1,1000000000,512,Yes,,,,,,,,,,
pfp_bloom_filter_contains_unique_size_u64,0,NVIDIA RTX PRO 6000 Blackwell Server Edition,I64,U64,512,20,2,1,1000000000,1024,Yes,,,,,,,,,,
pfp_bloom_filter_contains_unique_size_u64,0,NVIDIA RTX PRO 6000 Blackwell Server Edition,I64,U64,512,20,2,1,1000000000,2048,Yes,,,,,,,,,,
pfp_bloom_filter_contains_unique_size_u64,0,NVIDIA RTX PRO 6000 Blackwell Server Edition,I64,U64,512,20,2,2,1000000000,1,Yes,,,,,,,,,,
pfp_bloom_filter_contains_unique_size_u64,0,NVIDIA RTX PRO 6000 Blackwell Server Edition,I64,U64,512,20,2,2,1000000000,2,Yes,,,,,,,,,,
pfp_bloom_filter_contains_unique_size_u64,0,NVIDIA RTX PRO 6000 Blackwell Server Edition,I64,U64,512,20,2,2,1000000000,4,Yes,,,,,,,,,,
pfp_bloom_filter_contains_unique_size_u64,0,NVIDIA RTX PRO 6000 Blackwell Server Edition,I64,U64,512,20,2,2,1000000000,8,Yes,,,,,,,,,,
pfp_bloom_filter_contains_unique_size_u64,0,NVIDIA RTX PRO 6000 Blackwell Server Edition,I64,U64,512,20,2,2,1000000000,16,Yes,,,,,,,,,,
pfp_bloom_filter_contains_unique_size_u64,0,NVIDIA RTX PRO 6000 Blackwell Server Edition,I64,U64,512,20,2,2,1000000000,32,Yes,,,,,,,,,,
pfp_bloom_filter_contains_unique_size_u64,0,NVIDIA RTX PRO 6000 Blackwell Server Edition,I64,U64,512,20,2,2,1000000000,64,Yes,,,,,,,,,,
pfp_bloom_filter_contains_unique_size_u64,0,NVIDIA RTX PRO 6000 Blackwell Server Edition,I64,U64,512,20,2,2,1000000000,128,Yes,,,,,,,,,,
pfp_bloom_filter_contains_unique_size_u64,0,NVIDIA RTX PRO 6000 Blackwell Server Edition,I64,U64,512,20,2,2,1000000000,256,Yes,,,,,,,,,,
pfp_bloom_filter_contains_unique_size_u64,0,NVIDIA RTX PRO 6000 Blackwell Server Edition,I64,U64,512,20,2,2,1000000000,512,Yes,,,,,,,,,,
pfp_bloom_filter_contains_unique_size_u64,0,NVIDIA RTX PRO 6000 Blackwell Server Edition,I64,U64,512,20,2,2,1000000000,1024,Yes,,,,,,,,,,
pfp_bloom_filter_contains_unique_size_u64,0,NVIDIA RTX PRO 6000 Blackwell Server Edition,I64,U64,512,20,2,2,1000000000,2048,Yes,,,,,,,,,,
pfp_bloom_filter_contains_unique_size_u64,0,NVIDIA RTX PRO 6000 Blackwell Server Edition,I64,U64,512,20,2,4,1000000000,1,Yes,,,,,,,,,,
pfp_bloom_filter_contains_unique_size_u64,0,NVIDIA RTX PRO 6000 Blackwell Server Edition,I64,U64,512,20,2,4,1000000000,2,Yes,,,,,,,,,,
pfp_bloom_filter_contains_unique_size_u64,0,NVIDIA RTX PRO 6000 Blackwell Server Edition,I64,U64,512,20,2,4,1000000000,4,Yes,,,,,,,,,,
pfp_bloom_filter_contains_unique_size_u64,0,NVIDIA RTX PRO 6000 Blackwell Server Edition,I64,U64,512,20,2,4,1000000000,8,Yes,,,,,,,,,,
pfp_bloom_filter_contains_unique_size_u64,0,NVIDIA RTX PRO 6000 Blackwell Server Edition,I64,U64,512,20,2,4,1000000000,16,Yes,,,,,,,,,,
pfp_bloom_filter_contains_unique_size_u64,0,NVIDIA RTX PRO 6000 Blackwell Server Edition,I64,U64,512,20,2,4,1000000000,32,Yes,,,,,,,,,,
pfp_bloom_filter_contains_unique_size_u64,0,NVIDIA RTX PRO 6000 Blackwell Server Edition,I64,U64,512,20,2,4,1000000000,64,Yes,,,,,,,,,,
pfp_bloom_filter_contains_unique_size_u64,0,NVIDIA RTX PRO 6000 Blackwell Server Edition,I64,U64,512,20,2,4,1000000000,128,Yes,,,,,,,,,,
pfp_bloom_filter_contains_unique_size_u64,0,NVIDIA RTX PRO 6000 Blackwell Server Edition,I64,U64,512,20,2,4,1000000000,256,Yes,,,,,,,,,,
pfp_bloom_filter_contains_unique_size_u64,0,NVIDIA RTX PRO 6000 Blackwell Server Edition,I64,U64,512,20,2,4,1000000000,512,Yes,,,,,,,,,,
pfp_bloom_filter_contains_unique_size_u64,0,NVIDIA RTX PRO 6000 Blackwell Server Edition,I64,U64,512,20,2,4,1000000000,1024,Yes,,,,,,,,,,
pfp_bloom_filter_contains_unique_size_u64,0,NVIDIA RTX PRO 6000 Blackwell Server Edition,I64,U64,512,20,2,4,1000000000,2048,Yes,,,,,,,,,,
pfp_bloom_filter_contains_unique_size_u64,0,NVIDIA RTX PRO 6000 Blackwell Server Edition,I64,U64,512,20,2,8,1000000000,1,Yes,,,,,,,,,,
pfp_bloom_filter_contains_unique_size_u64,0,NVIDIA RTX PRO 6000 Blackwell Server Edition,I64,U64,512,20,2,8,1000000000,2,Yes,,,,,,,,,,
pfp_bloom_filter_contains_unique_size_u64,0,NVIDIA RTX PRO 6000 Blackwell Server Edition,I64,U64,512,20,2,8,1000000000,4,Yes,,,,,,,,,,
pfp_bloom_filter_contains_unique_size_u64,0,NVIDIA RTX PRO 6000 Blackwell Server Edition,I64,U64,512,20,2,8,1000000000,8,Yes,,,,,,,,,,
pfp_bloom_filter_contains_unique_size_u64,0,NVIDIA RTX PRO 6000 Blackwell Server Edition,I64,U64,512,20,2,8,1000000000,16,Yes,,,,,,,,,,
pfp_bloom_filter_contains_unique_size_u64,0,NVIDIA RTX PRO 6000 Blackwell Server Edition,I64,U64,512,20,2,8,1000000000,32,Yes,,,,,,,,,,
pfp_bloom_filter_contains_unique_size_u64,0,NVIDIA RTX PRO 6000 Blackwell Server Edition,I64,U64,512,20,2,8,1000000000,64,Yes,,,,,,,,,,
pfp_bloom_filter_contains_unique_size_u64,0,NVIDIA RTX PRO 6000 Blackwell Server Edition,I64,U64,512,20,2,8,1000000000,128,Yes,,,,,,,,,,
pfp_bloom_filter_contains_unique_size_u64,0,NVIDIA RTX PRO 6000 Blackwell Server Edition,I64,U64,512,20,2,8,1000000000,256,Yes,,,,,,,,,,
pfp_bloom_filter_contains_unique_size_u64,0,NVIDIA RTX PRO 6000 Blackwell Server Edition,I64,U64,512,20,2,8,1000000000,512,Yes,,,,,,,,,,
pfp_bloom_filter_contains_unique_size_u64,0,NVIDIA RTX PRO 6000 Blackwell Server Edition,I64,U64,512,20,2,8,1000000000,1024,Yes,,,,,,,,,,
pfp_bloom_filter_contains_unique_size_u64,0,NVIDIA RTX PRO 6000 Blackwell Server Edition,I64,U64,512,20,2,8,1000000000,2048,Yes,,,,,,,,,,
pfp_bloom_filter_contains_unique_size_u64,0,NVIDIA RTX PRO 6000 Blackwell Server Edition,I64,U64,512,20,4,1,1000000000,1,Yes,,,,,,,,,,
pfp_bloom_filter_contains_unique_size_u64,0,NVIDIA RTX PRO 6000 Blackwell Server Edition,I64,U64,512,20,4,1,1000000000,2,Yes,,,,,,,,,,
pfp_bloom_filter_contains_unique_size_u64,0,NVIDIA RTX PRO 6000 Blackwell Server Edition,I64,U64,512,20,4,1,1000000000,4,Yes,,,,,,,,,,
pfp_bloom_filter_contains_unique_size_u64,0,NVIDIA RTX PRO 6000 Blackwell Server Edition,I64,U64,512,20,4,1,1000000000,8,Yes,,,,,,,,,,
pfp_bloom_filter_contains_unique_size_u64,0,NVIDIA RTX PRO 6000 Blackwell Server Edition,I64,U64,512,20,4,1,1000000000,16,Yes,,,,,,,,,,
pfp_bloom_filter_contains_unique_size_u64,0,NVIDIA RTX PRO 6000 Blackwell Server Edition,I64,U64,512,20,4,1,1000000000,32,Yes,,,,,,,,,,
pfp_bloom_filter_contains_unique_size_u64,0,NVIDIA RTX PRO 6000 Blackwell Server Edition,I64,U64,512,20,4,1,1000000000,64,Yes,,,,,,,,,,
pfp_bloom_filter_contains_unique_size_u64,0,NVIDIA RTX PRO 6000 Blackwell Server Edition,I64,U64,512,20,4,1,1000000000,128,Yes,,,,,,,,,,
pfp_bloom_filter_contains_unique_size_u64,0,NVIDIA RTX PRO 6000 Blackwell Server Edition,I64,U64,512,20,4,1,1000000000,256,Yes,,,,,,,,,,
pfp_bloom_filter_contains_unique_size_u64,0,NVIDIA RTX PRO 6000 Blackwell Server Edition,I64,U64,512,20,4,1,1000000000,512,Yes,,,,,,,,,,
pfp_bloom_filter_contains_unique_size_u64,0,NVIDIA RTX PRO 6000 Blackwell Server Edition,I64,U64,512,20,4,1,1000000000,1024,Yes,,,,,,,,,,
pfp_bloom_filter_contains_unique_size_u64,0,NVIDIA RTX PRO 6000 Blackwell Server Edition,I64,U64,512,20,4,1,1000000000,2048,Yes,,,,,,,,,,
pfp_bloom_filter_contains_unique_size_u64,0,NVIDIA RTX PRO 6000 Blackwell Server Edition,I64,U64,512,20,4,2,1000000000,1,Yes,,,,,,,,,,
pfp_bloom_filter_contains_unique_size_u64,0,NVIDIA RTX PRO 6000 Blackwell Server Edition,I64,U64,512,20,4,2,1000000000,2,Yes,,,,,,,,,,
pfp_bloom_filter_contains_unique_size_u64,0,NVIDIA RTX PRO 6000 Blackwell Server Edition,I64,U64,512,20,4,2,1000000000,4,Yes,,,,,,,,,,
pfp_bloom_filter_contains_unique_size_u64,0,NVIDIA RTX PRO 6000 Blackwell Server Edition,I64,U64,512,20,4,2,1000000000,8,Yes,,,,,,,,,,
pfp_bloom_filter_contains_unique_size_u64,0,NVIDIA RTX PRO 6000 Blackwell Server Edition,I64,U64,512,20,4,2,1000000000,16,Yes,,,,,,,,,,
pfp_bloom_filter_contains_unique_size_u64,0,NVIDIA RTX PRO 6000 Blackwell Server Edition,I64,U64,512,20,4,2,1000000000,32,Yes,,,,,,,,,,
pfp_bloom_filter_contains_unique_size_u64,0,NVIDIA RTX PRO 6000 Blackwell Server Edition,I64,U64,512,20,4,2,1000000000,64,Yes,,,,,,,,,,
pfp_bloom_filter_contains_unique_size_u64,0,NVIDIA RTX PRO 6000 Blackwell Server Edition,I64,U64,512,20,4,2,1000000000,128,Yes,,,,,,,,,,
pfp_bloom_filter_contains_unique_size_u64,0,NVIDIA RTX PRO 6000 Blackwell Server Edition,I64,U64,512,20,4,2,1000000000,256,Yes,,,,,,,,,,
pfp_bloom_filter_contains_unique_size_u64,0,NVIDIA RTX PRO 6000 Blackwell Server Edition,I64,U64,512,20,4,2,1000000000,512,Yes,,,,,,,,,,
pfp_bloom_filter_contains_unique_size_u64,0,NVIDIA RTX PRO 6000 Blackwell Server Edition,I64,U64,512,20,4,2,1000000000,1024,Yes,,,,,,,,,,
pfp_bloom_filter_contains_unique_size_u64,0,NVIDIA RTX PRO 6000 Blackwell Server Edition,I64,U64,512,20,4,2,1000000000,2048,Yes,,,,,,,,,,
pfp_bloom_filter_contains_unique_size_u64,0,NVIDIA RTX PRO 6000 Blackwell Server Edition,I64,U64,512,20,4,4,1000000000,1,Yes,,,,,,,,,,
pfp_bloom_filter_contains_unique_size_u64,0,NVIDIA RTX PRO 6000 Blackwell Server Edition,I64,U64,512,20,4,4,1000000000,2,Yes,,,,,,,,,,
pfp_bloom_filter_contains_unique_size_u64,0,NVIDIA RTX PRO 6000 Blackwell Server Edition,I64,U64,512,20,4,4,1000000000,4,Yes,,,,,,,,,,
pfp_bloom_filter_contains_unique_size_u64,0,NVIDIA RTX PRO 6000 Blackwell Server Edition,I64,U64,512,20,4,4,1000000000,8,Yes,,,,,,,,,,
pfp_bloom_filter_contains_unique_size_u64,0,NVIDIA RTX PRO 6000 Blackwell Server Edition,I64,U64,512,20,4,4,1000000000,16,Yes,,,,,,,,,,
pfp_bloom_filter_contains_unique_size_u64,0,NVIDIA RTX PRO 6000 Blackwell Server Edition,I64,U64,512,20,4,4,1000000000,32,Yes,,,,,,,,,,
pfp_bloom_filter_contains_unique_size_u64,0,NVIDIA RTX PRO 6000 Blackwell Server Edition,I64,U64,512,20,4,4,1000000000,64,Yes,,,,,,,,,,
pfp_bloom_filter_contains_unique_size_u64,0,NVIDIA RTX PRO 6000 Blackwell Server Edition,I64,U64,512,20,4,4,1000000000,128,Yes,,,,,,,,,,
pfp_bloom_filter_contains_unique_size_u64,0,NVIDIA RTX PRO 6000 Blackwell Server Edition,I64,U64,512,20,4,4,1000000000,256,Yes,,,,,,,,,,
pfp_bloom_filter_contains_unique_size_u64,0,NVIDIA RTX PRO 6000 Blackwell Server Edition,I64,U64,512,20,4,4,1000000000,512,Yes,,,,,,,,,,
pfp_bloom_filter_contains_unique_size_u64,0,NVIDIA RTX PRO 6000 Blackwell Server Edition,I64,U64,512,20,4,4,1000000000,1024,Yes,,,,,,,,,,
pfp_bloom_filter_contains_unique_size_u64,0,NVIDIA RTX PRO 6000 Blackwell Server Edition,I64,U64,512,20,4,4,1000000000,2048,Yes,,,,,,,,,,
pfp_bloom_filter_contains_unique_size_u64,0,NVIDIA RTX PRO 6000 Blackwell Server Edition,I64,U64,512,20,4,8,1000000000,1,Yes,,,,,,,,,,
pfp_bloom_filter_contains_unique_size_u64,0,NVIDIA RTX PRO 6000 Blackwell Server Edition,I64,U64,512,20,4,8,1000000000,2,Yes,,,,,,,,,,
pfp_bloom_filter_contains_unique_size_u64,0,NVIDIA RTX PRO 6000 Blackwell Server Edition,I64,U64,512,20,4,8,1000000000,4,Yes,,,,,,,,,,
pfp_bloom_filter_contains_unique_size_u64,0,NVIDIA RTX PRO 6000 Blackwell Server Edition,I64,U64,512,20,4,8,1000000000,8,Yes,,,,,,,,,,
pfp_bloom_filter_contains_unique_size_u64,0,NVIDIA RTX PRO 6000 Blackwell Server Edition,I64,U64,512,20,4,8,1000000000,16,Yes,,,,,,,,,,
pfp_bloom_filter_contains_unique_size_u64,0,NVIDIA RTX PRO 6000 Blackwell Server Edition,I64,U64,512,20,4,8,1000000000,32,Yes,,,,,,,,,,
pfp_bloom_filter_contains_unique_size_u64,0,NVIDIA RTX PRO 6000 Blackwell Server Edition,I64,U64,512,20,4,8,1000000000,64,Yes,,,,,,,,,,
pfp_bloom_filter_contains_unique_size_u64,0,NVIDIA RTX PRO 6000 Blackwell Server Edition,I64,U64,512,20,4,8,1000000000,128,Yes,,,,,,,,,,
pfp_bloom_filter_contains_unique_size_u64,0,NVIDIA RTX PRO 6000 Blackwell Server Edition,I64,U64,512,20,4,8,1000000000,256,Yes,,,,,,,,,,
pfp_bloom_filter_contains_unique_size_u64,0,NVIDIA RTX PRO 6000 Blackwell Server Edition,I64,U64,512,20,4,8,1000000000,512,Yes,,,,,,,,,,
pfp_bloom_filter_contains_unique_size_u64,0,NVIDIA RTX PRO 6000 Blackwell Server Edition,I64,U64,512,20,4,8,1000000000,1024,Yes,,,,,,,,,,
pfp_bloom_filter_contains_unique_size_u64,0,NVIDIA RTX PRO 6000 Blackwell Server Edition,I64,U64,512,20,4,8,1000000000,2048,Yes,,,,,,,,,,
pfp_bloom_filter_contains_unique_size_u64,0,NVIDIA RTX PRO 6000 Blackwell Server Edition,I64,U64,512,20,8,1,1000000000,1,Yes,,,,,,,,,,
pfp_bloom_filter_contains_unique_size_u64,0,NVIDIA RTX PRO 6000 Blackwell Server Edition,I64,U64,512,20,8,1,1000000000,2,Yes,,,,,,,,,,
pfp_bloom_filter_contains_unique_size_u64,0,NVIDIA RTX PRO 6000 Blackwell Server Edition,I64,U64,512,20,8,1,1000000000,4,Yes,,,,,,,,,,
pfp_bloom_filter_contains_unique_size_u64,0,NVIDIA RTX PRO 6000 Blackwell Server Edition,I64,U64,512,20,8,1,1000000000,8,Yes,,,,,,,,,,
pfp_bloom_filter_contains_unique_size_u64,0,NVIDIA RTX PRO 6000 Blackwell Server Edition,I64,U64,512,20,8,1,1000000000,16,Yes,,,,,,,,,,
pfp_bloom_filter_contains_unique_size_u64,0,NVIDIA RTX PRO 6000 Blackwell Server Edition,I64,U64,512,20,8,1,1000000000,32,Yes,,,,,,,,,,
pfp_bloom_filter_contains_unique_size_u64,0,NVIDIA RTX PRO 6000 Blackwell Server Edition,I64,U64,512,20,8,1,1000000000,64,Yes,,,,,,,,,,
pfp_bloom_filter_contains_unique_size_u64,0,NVIDIA RTX PRO 6000 Blackwell Server Edition,I64,U64,512,20,8,1,1000000000,128,Yes,,,,,,,,,,
pfp_bloom_filter_contains_unique_size_u64,0,NVIDIA RTX PRO 6000 Blackwell Server Edition,I64,U64,512,20,8,1,1000000000,256,Yes,,,,,,,,,,
pfp_bloom_filter_contains_unique_size_u64,0,NVIDIA RTX PRO 6000 Blackwell Server Edition,I64,U64,512,20,8,1,1000000000,512,Yes,,,,,,,,,,
pfp_bloom_filter_contains_unique_size_u64,0,NVIDIA RTX PRO 6000 Blackwell Server Edition,I64,U64,512,20,8,1,1000000000,1024,Yes,,,,,,,,,,
pfp_bloom_filter_contains_unique_size_u64,0,NVIDIA RTX PRO 6000 Blackwell Server Edition,I64,U64,512,20,8,1,1000000000,2048,Yes,,,,,,,,,,
pfp_bloom_filter_contains_unique_size_u64,0,NVIDIA RTX PRO 6000 Blackwell Server Edition,I64,U64,512,20,8,2,1000000000,1,Yes,,,,,,,,,,
pfp_bloom_filter_contains_unique_size_u64,0,NVIDIA RTX PRO 6000 Blackwell Server Edition,I64,U64,512,20,8,2,1000000000,2,Yes,,,,,,,,,,
pfp_bloom_filter_contains_unique_size_u64,0,NVIDIA RTX PRO 6000 Blackwell Server Edition,I64,U64,512,20,8,2,1000000000,4,Yes,,,,,,,,,,
pfp_bloom_filter_contains_unique_size_u64,0,NVIDIA RTX PRO 6000 Blackwell Server Edition,I64,U64,512,20,8,2,1000000000,8,Yes,,,,,,,,,,
pfp_bloom_filter_contains_unique_size_u64,0,NVIDIA RTX PRO 6000 Blackwell Server Edition,I64,U64,512,20,8,2,1000000000,16,Yes,,,,,,,,,,
pfp_bloom_filter_contains_unique_size_u64,0,NVIDIA RTX PRO 6000 Blackwell Server Edition,I64,U64,512,20,8,2,1000000000,32,Yes,,,,,,,,,,
pfp_bloom_filter_contains_unique_size_u64,0,NVIDIA RTX PRO 6000 Blackwell Server Edition,I64,U64,512,20,8,2,1000000000,64,Yes,,,,,,,,,,
pfp_bloom_filter_contains_unique_size_u64,0,NVIDIA RTX PRO 6000 Blackwell Server Edition,I64,U64,512,20,8,2,1000000000,128,Yes,,,,,,,,,,
pfp_bloom_filter_contains_unique_size_u64,0,NVIDIA RTX PRO 6000 Blackwell Server Edition,I64,U64,512,20,8,2,1000000000,256,Yes,,,,,,,,,,
pfp_bloom_filter_contains_unique_size_u64,0,NVIDIA RTX PRO 6000 Blackwell Server Edition,I64,U64,512,20,8,2,1000000000,512,Yes,,,,,,,,,,
pfp_bloom_filter_contains_unique_size_u64,0,NVIDIA RTX PRO 6000 Blackwell Server Edition,I64,U64,512,20,8,2,1000000000,1024,Yes,,,,,,,,,,
pfp_bloom_filter_contains_unique_size_u64,0,NVIDIA RTX PRO 6000 Blackwell Server Edition,I64,U64,512,20,8,2,1000000000,2048,Yes,,,,,,,,,,
pfp_bloom_filter_contains_unique_size_u64,0,NVIDIA RTX PRO 6000 Blackwell Server Edition,I64,U64,512,20,8,4,1000000000,1,Yes,,,,,,,,,,
pfp_bloom_filter_contains_unique_size_u64,0,NVIDIA RTX PRO 6000 Blackwell Server Edition,I64,U64,512,20,8,4,1000000000,2,Yes,,,,,,,,,,
pfp_bloom_filter_contains_unique_size_u64,0,NVIDIA RTX PRO 6000 Blackwell Server Edition,I64,U64,512,20,8,4,1000000000,4,Yes,,,,,,,,,,
pfp_bloom_filter_contains_unique_size_u64,0,NVIDIA RTX PRO 6000 Blackwell Server Edition,I64,U64,512,20,8,4,1000000000,8,Yes,,,,,,,,,,
pfp_bloom_filter_contains_unique_size_u64,0,NVIDIA RTX PRO 6000 Blackwell Server Edition,I64,U64,512,20,8,4,1000000000,16,Yes,,,,,,,,,,
pfp_bloom_filter_contains_unique_size_u64,0,NVIDIA RTX PRO 6000 Blackwell Server Edition,I64,U64,512,20,8,4,1000000000,32,Yes,,,,,,,,,,
pfp_bloom_filter_contains_unique_size_u64,0,NVIDIA RTX PRO 6000 Blackwell Server Edition,I64,U64,512,20,8,4,1000000000,64,Yes,,,,,,,,,,
pfp_bloom_filter_contains_unique_size_u64,0,NVIDIA RTX PRO 6000 Blackwell Server Edition,I64,U64,512,20,8,4,1000000000,128,Yes,,,,,,,,,,
pfp_bloom_filter_contains_unique_size_u64,0,NVIDIA RTX PRO 6000 Blackwell Server Edition,I64,U64,512,20,8,4,1000000000,256,Yes,,,,,,,,,,
pfp_bloom_filter_contains_unique_size_u64,0,NVIDIA RTX PRO 6000 Blackwell Server Edition,I64,U64,512,20,8,4,1000000000,512,Yes,,,,,,,,,,
pfp_bloom_filter_contains_unique_size_u64,0,NVIDIA RTX PRO 6000 Blackwell Server Edition,I64,U64,512,20,8,4,1000000000,1024,Yes,,,,,,,,,,
pfp_bloom_filter_contains_unique_size_u64,0,NVIDIA RTX PRO 6000 Blackwell Server Edition,I64,U64,512,20,8,4,1000000000,2048,Yes,,,,,,,,,,
pfp_bloom_filter_contains_unique_size_u64,0,NVIDIA RTX PRO 6000 Blackwell Server Edition,I64,U64,512,20,8,8,1000000000,1,Yes,,,,,,,,,,
pfp_bloom_filter_contains_unique_size_u64,0,NVIDIA RTX PRO 6000 Blackwell Server Edition,I64,U64,512,20,8,8,1000000000,2,Yes,,,,,,,,,,
pfp_bloom_filter_contains_unique_size_u64,0,NVIDIA RTX PRO 6000 Blackwell Server Edition,I64,U64,512,20,8,8,1000000000,4,Yes,,,,,,,,,,
pfp_bloom_filter_contains_unique_size_u64,0,NVIDIA RTX PRO 6000 Blackwell Server Edition,I64,U64,512,20,8,8,1000000000,8,Yes,,,,,,,,,,
pfp_bloom_filter_contains_unique_size_u64,0,NVIDIA RTX PRO 6000 Blackwell Server Edition,I64,U64,512,20,8,8,1000000000,16,Yes,,,,,,,,,,
pfp_bloom_filter_contains_unique_size_u64,0,NVIDIA RTX PRO 6000 Blackwell Server Edition,I64,U64,512,20,8,8,1000000000,32,Yes,,,,,,,,,,
pfp_bloom_filter_contains_unique_size_u64,0,NVIDIA RTX PRO 6000 Blackwell Server Edition,I64,U64,512,20,8,8,1000000000,64,Yes,,,,,,,,,,
pfp_bloom_filter_contains_unique_size_u64,0,NVIDIA RTX PRO 6000 Blackwell Server Edition,I64,U64,512,20,8,8,1000000000,128,Yes,,,,,,,,,,
pfp_bloom_filter_contains_unique_size_u64,0,NVIDIA RTX PRO 6000 Blackwell Server Edition,I64,U64,512,20,8,8,1000000000,256,Yes,,,,,,,,,,
pfp_bloom_filter_contains_unique_size_u64,0,NVIDIA RTX PRO 6000 Blackwell Server Edition,I64,U64,512,20,8,8,1000000000,512,Yes,,,,,,,,,,
pfp_bloom_filter_contains_unique_size_u64,0,NVIDIA RTX PRO 6000 Blackwell Server Edition,I64,U64,512,20,8,8,1000000000,1024,Yes,,,,,,,,,,
pfp_bloom_filter_contains_unique_size_u64,0,NVIDIA RTX PRO 6000 Blackwell Server Edition,I64,U64,512,20,8,8,1000000000,2048,Yes,,,,,,,,,,
