Benchmark,Device,Device Name,Key,Word,BlockBits,PatternBitsPerWord,HorizontalLayout,VerticalLayout,NumInputs,FilterSizeMB,Skipped,FalsePositiveRate,PatternBits,Samples,CPU Time (sec),Noise,GPU Time (sec),Noise,Elem/s (elem/sec),Samples,Batch GPU (sec)
pfp_bloom_filter_contains_unique_size_u32,0,NVIDIA B200,I64,U32,32,1,1,1,1000000000,1,No,0.393433766,1,90,0.005582216033333332,0.00037685967021632423,0.005567804490195376,0.00034538777730671797,179604007604.96347,93,0.005563931372857863
pfp_bloom_filter_contains_unique_size_u32,0,NVIDIA B200,I64,U32,32,1,1,1,1000000000,2,No,0.393446641,1,89,0.005634064640449439,0.0002580535009429067,0.005619556351993862,0.0001396612655466416,177949990597.60156,92,0.005616968569548233
pfp_bloom_filter_contains_unique_size_u32,0,NVIDIA B200,I64,U32,32,1,1,1,1000000000,4,No,0.393453315,1,89,0.005663188617977529,0.00021806534700661678,0.005649041599102235,0.00013910635918442058,177021178275.43054,92,0.0056459682298743204
pfp_bloom_filter_contains_unique_size_u32,0,NVIDIA B200,I64,U32,32,1,1,1,1000000000,8,No,0.393441574,1,89,0.005678024943820223,0.00018045844050864764,0.0056635912080829015,0.00011703719396424017,176566415770.40924,92,0.005659964519998302
pfp_bloom_filter_contains_unique_size_u32,0,NVIDIA B200,I64,U32,32,1,1,1,1000000000,16,No,0.393442645,1,89,0.005685104629213484,0.00021539720160328806,0.005670903693424185,0.00014988602075758324,176338737891.0298,92,0.0056661144754161005
pfp_bloom_filter_contains_unique_size_u32,0,NVIDIA B200,I64,U32,32,1,1,1,1000000000,32,No,0.393462448,1,88,0.00571469340909091,0.00016461717271175878,0.0057003100676970035,0.0001246955494241684,175429053529.36572,91,0.00569251695570055
pfp_bloom_filter_contains_unique_size_u32,0,NVIDIA B200,I64,U32,32,1,1,1,1000000000,64,No,0.393450627,1,69,0.007298754869565218,0.03354512050282303,0.007284070042596343,0.03359646146326619,137285884697.99484,70,0.007392416817801339
pfp_bloom_filter_contains_unique_size_u32,0,NVIDIA B200,I64,U32,32,1,1,1,1000000000,128,No,0.393470351,1,39,0.01313877407692308,0.37930616507994924,0.013122914460989144,0.3797349571193841,76202584644.80037,41,0.01278086443645198
pfp_bloom_filter_contains_unique_size_u32,0,NVIDIA B200,I64,U32,32,1,1,1,1000000000,256,No,0.393477503,1,30,0.016781744866666667,0.042907208304455734,0.01676585391362508,0.04294004130207166,59645038370.95536,31,0.017094391668996504
pfp_bloom_filter_contains_unique_size_u32,0,NVIDIA B200,I64,U32,32,1,1,1,1000000000,512,No,0.393462029,1,26,0.019639687038461542,0.027581302685645192,0.019623731466440055,0.02759145861525594,50958707914.963646,27,0.020007739102398905
pfp_bloom_filter_contains_unique_size_u32,0,NVIDIA B200,I64,U32,32,1,1,1,1000000000,1024,No,0.393468507,1,24,0.02117756579166667,0.025503186712955418,0.021161663850148518,0.02551632464680917,47255263436.81061,25,0.02153922515869141
pfp_bloom_filter_contains_unique_size_u32,0,NVIDIA B200,I64,U32,32,1,1,1,1000000000,2048,No,0.393467879,1,23,0.022107507043478265,0.02249158832465586,0.022091492113859756,0.022508760676533325,45266295044.53528,24,0.022406562169392904
pfp_bloom_filter_contains_unique_size_u32,0,NVIDIA B200,I64,U32,32,1,1,2,1000000000,1,Yes,,,,,,,,,,
pfp_bloom_filter_contains_unique_size_u32,0,NVIDIA B200,I64,U32,32,1,1,2,1000000000,2,Yes,,,,,,,,,,
pfp_bloom_filter_contains_unique_size_u32,0,NVIDIA B200,I64,U32,32,1,1,2,1000000000,4,Yes,,,,,,,,,,
pfp_bloom_filter_contains_unique_size_u32,0,NVIDIA B200,I64,U32,32,1,1,2,1000000000,8,Yes,,,,,,,,,,
pfp_bloom_filter_contains_unique_size_u32,0,NVIDIA B200,I64,U32,32,1,1,2,1000000000,16,Yes,,,,,,,,,,
pfp_bloom_filter_contains_unique_size_u32,0,NVIDIA B200,I64,U32,32,1,1,2,1000000000,32,Yes,,,,,,,,,,
pfp_bloom_filter_contains_unique_size_u32,0,NVIDIA B200,I64,U32,32,1,1,2,1000000000,64,Yes,,,,,,,,,,
pfp_bloom_filter_contains_unique_size_u32,0,NVIDIA B200,I64,U32,32,1,1,2,1000000000,128,Yes,,,,,,,,,,
pfp_bloom_filter_contains_unique_size_u32,0,NVIDIA B200,I64,U32,32,1,1,2,1000000000,256,Yes,,,,,,,,,,
pfp_bloom_filter_contains_unique_size_u32,0,NVIDIA B200,I64,U32,32,1,1,2,1000000000,512,Yes,,,,,,,,,,
pfp_bloom_filter_contains_unique_size_u32,0,NVIDIA B200,I64,U32,32,1,1,2,1000000000,1024,Yes,,,,,,,,,,
pfp_bloom_filter_contains_unique_size_u32,0,NVIDIA B200,I64,U32,32,1,1,2,1000000000,2048,Yes,,,,,,,,,,
pfp_bloom_filter_contains_unique_size_u32,0,NVIDIA B200,I64,U32,32,1,1,4,1000000000,1,Yes,,,,,,,,,,
pfp_bloom_filter_contains_unique_size_u32,0,NVIDIA B200,I64,U32,32,1,1,4,1000000000,2,Yes,,,,,,,,,,
pfp_bloom_filter_contains_unique_size_u32,0,NVIDIA B200,I64,U32,32,1,1,4,1000000000,4,Yes,,,,,,,,,,
pfp_bloom_filter_contains_unique_size_u32,0,NVIDIA B200,I64,U32,32,1,1,4,1000000000,8,Yes,,,,,,,,,,
pfp_bloom_filter_contains_unique_size_u32,0,NVIDIA B200,I64,U32,32,1,1,4,1000000000,16,Yes,,,,,,,,,,
pfp_bloom_filter_contains_unique_size_u32,0,NVIDIA B200,I64,U32,32,1,1,4,1000000000,32,Yes,,,,,,,,,,
pfp_bloom_filter_contains_unique_size_u32,0,NVIDIA B200,I64,U32,32,1,1,4,1000000000,64,Yes,,,,,,,,,,
pfp_bloom_filter_contains_unique_size_u32,0,NVIDIA B200,I64,U32,32,1,1,4,1000000000,128,Yes,,,,,,,,,,
pfp_bloom_filter_contains_unique_size_u32,0,NVIDIA B200,I64,U32,32,1,1,4,1000000000,256,Yes,,,,,,,,,,
pfp_bloom_filter_contains_unique_size_u32,0,NVIDIA B200,I64,U32,32,1,1,4,1000000000,512,Yes,,,,,,,,,,
pfp_bloom_filter_contains_unique_size_u32,0,NVIDIA B200,I64,U32,32,1,1,4,1000000000,1024,Yes,,,,,,,,,,
pfp_bloom_filter_contains_unique_size_u32,0,NVIDIA B200,I64,U32,32,1,1,4,1000000000,2048,Yes,,,,,,,,,,
pfp_bloom_filter_contains_unique_size_u32,0,NVIDIA B200,I64,U32,32,1,1,8,1000000000,1,Yes,,,,,,,,,,
pfp_bloom_filter_contains_unique_size_u32,0,NVIDIA B200,I64,U32,32,1,1,8,1000000000,2,Yes,,,,,,,,,,
pfp_bloom_filter_contains_unique_size_u32,0,NVIDIA B200,I64,U32,32,1,1,8,1000000000,4,Yes,,,,,,,,,,
pfp_bloom_filter_contains_unique_size_u32,0,NVIDIA B200,I64,U32,32,1,1,8,1000000000,8,Yes,,,,,,,,,,
pfp_bloom_filter_contains_unique_size_u32,0,NVIDIA B200,I64,U32,32,1,1,8,1000000000,16,Yes,,,,,,,,,,
pfp_bloom_filter_contains_unique_size_u32,0,NVIDIA B200,I64,U32,32,1,1,8,1000000000,32,Yes,,,,,,,,,,
pfp_bloom_filter_contains_unique_size_u32,0,NVIDIA B200,I64,U32,32,1,1,8,1000000000,64,Yes,,,,,,,,,,
pfp_bloom_filter_contains_unique_size_u32,0,NVIDIA B200,I64,U32,32,1,1,8,1000000000,128,Yes,,,,,,,,,,
pfp_bloom_filter_contains_unique_size_u32,0,NVIDIA B200,I64,U32,32,1,1,8,1000000000,256,Yes,,,,,,,,,,
pfp_bloom_filter_contains_unique_size_u32,0,NVIDIA B200,I64,U32,32,1,1,8,1000000000,512,Yes,,,,,,,,,,
pfp_bloom_filter_contains_unique_size_u32,0,NVIDIA B200,I64,U32,32,1,1,8,1000000000,1024,Yes,,,,,,,,,,
pfp_bloom_filter_contains_unique_size_u32,0,NVIDIA B200,I64,U32,32,1,1,8,1000000000,2048,Yes,,,,,,,,,,
pfp_bloom_filter_contains_unique_size_u32,0,NVIDIA B200,I64,U32,32,1,2,1,1000000000,1,Yes,,,,,,,,,,
pfp_bloom_filter_contains_unique_size_u32,0,NVIDIA B200,I64,U32,32,1,2,1,1000000000,2,Yes,,,,,,,,,,
pfp_bloom_filter_contains_unique_size_u32,0,NVIDIA B200,I64,U32,32,1,2,1,1000000000,4,Yes,,,,,,,,,,
pfp_bloom_filter_contains_unique_size_u32,0,NVIDIA B200,I64,U32,32,1,2,1,1000000000,8,Yes,,,,,,,,,,
pfp_bloom_filter_contains_unique_size_u32,0,NVIDIA B200,I64,U32,32,1,2,1,1000000000,16,Yes,,,,,,,,,,
pfp_bloom_filter_contains_unique_size_u32,0,NVIDIA B200,I64,U32,32,1,2,1,1000000000,32,Yes,,,,,,,,,,
pfp_bloom_filter_contains_unique_size_u32,0,NVIDIA B200,I64,U32,32,1,2,1,1000000000,64,Yes,,,,,,,,,,
pfp_bloom_filter_contains_unique_size_u32,0,NVIDIA B200,I64,U32,32,1,2,1,1000000000,128,Yes,,,,,,,,,,
pfp_bloom_filter_contains_unique_size_u32,0,NVIDIA B200,I64,U32,32,1,2,1,1000000000,256,Yes,,,,,,,,,,
pfp_bloom_filter_contains_unique_size_u32,0,NVIDIA B200,I64,U32,32,1,2,1,1000000000,512,Yes,,,,,,,,,,
pfp_bloom_filter_contains_unique_size_u32,0,NVIDIA B200,I64,U32,32,1,2,1,1000000000,1024,Yes,,,,,,,,,,
pfp_bloom_filter_contains_unique_size_u32,0,NVIDIA B200,I64,U32,32,1,2,1,1000000000,2048,Yes,,,,,,,,,,
pfp_bloom_filter_contains_unique_size_u32,0,NVIDIA B200,I64,U32,32,1,2,2,1000000000,1,Yes,,,,,,,,,,
pfp_bloom_filter_contains_unique_size_u32,0,NVIDIA B200,I64,U32,32,1,2,2,1000000000,2,Yes,,,,,,,,,,
pfp_bloom_filter_contains_unique_size_u32,0,NVIDIA B200,I64,U32,32,1,2,2,1000000000,4,Yes,,,,,,,,,,
pfp_bloom_filter_contains_unique_size_u32,0,NVIDIA B200,I64,U32,32,1,2,2,1000000000,8,Yes,,,,,,,,,,
pfp_bloom_filter_contains_unique_size_u32,0,NVIDIA B200,I64,U32,32,1,2,2,1000000000,16,Yes,,,,,,,,,,
pfp_bloom_filter_contains_unique_size_u32,0,NVIDIA B200,I64,U32,32,1,2,2,1000000000,32,Yes,,,,,,,,,,
pfp_bloom_filter_contains_unique_size_u32,0,NVIDIA B200,I64,U32,32,1,2,2,1000000000,64,Yes,,,,,,,,,,
pfp_bloom_filter_contains_unique_size_u32,0,NVIDIA B200,I64,U32,32,1,2,2,1000000000,128,Yes,,,,,,,,,,
pfp_bloom_filter_contains_unique_size_u32,0,NVIDIA B200,I64,U32,32,1,2,2,1000000000,256,Yes,,,,,,,,,,
pfp_bloom_filter_contains_unique_size_u32,0,NVIDIA B200,I64,U32,32,1,2,2,1000000000,512,Yes,,,,,,,,,,
pfp_bloom_filter_contains_unique_size_u32,0,NVIDIA B200,I64,U32,32,1,2,2,1000000000,1024,Yes,,,,,,,,,,
pfp_bloom_filter_contains_unique_size_u32,0,NVIDIA B200,I64,U32,32,1,2,2,1000000000,2048,Yes,,,,,,,,,,
pfp_bloom_filter_contains_unique_size_u32,0,NVIDIA B200,I64,U32,32,1,2,4,1000000000,1,Yes,,,,,,,,,,
pfp_bloom_filter_contains_unique_size_u32,0,NVIDIA B200,I64,U32,32,1,2,4,1000000000,2,Yes,,,,,,,,,,
pfp_bloom_filter_contains_unique_size_u32,0,NVIDIA B200,I64,U32,32,1,2,4,1000000000,4,Yes,,,,,,,,,,
pfp_bloom_filter_contains_unique_size_u32,0,NVIDIA B200,I64,U32,32,1,2,4,1000000000,8,Yes,,,,,,,,,,
pfp_bloom_filter_contains_unique_size_u32,0,NVIDIA B200,I64,U32,32,1,2,4,1000000000,16,Yes,,,,,,,,,,
pfp_bloom_filter_contains_unique_size_u32,0,NVIDIA B200,I64,U32,32,1,2,4,1000000000,32,Yes,,,,,,,,,,
pfp_bloom_filter_contains_unique_size_u32,0,NVIDIA B200,I64,U32,32,1,2,4,1000000000,64,Yes,,,,,,,,,,
pfp_bloom_filter_contains_unique_size_u32,0,NVIDIA B200,I64,U32,32,1,2,4,1000000000,128,Yes,,,,,,,,,,
pfp_bloom_filter_contains_unique_size_u32,0,NVIDIA B200,I64,U32,32,1,2,4,1000000000,256,Yes,,,,,,,,,,
pfp_bloom_filter_contains_unique_size_u32,0,NVIDIA B200,I64,U32,32,1,2,4,1000000000,512,Yes,,,,,,,,,,
pfp_bloom_filter_contains_unique_size_u32,0,NVIDIA B200,I64,U32,32,1,2,4,1000000000,1024,Yes,,,,,,,,,,
pfp_bloom_filter_contains_unique_size_u32,0,NVIDIA B200,I64,U32,32,1,2,4,1000000000,2048,Yes,,,,,,,,,,
pfp_bloom_filter_contains_unique_size_u32,0,NVIDIA B200,I64,U32,32,1,2,8,1000000000,1,Yes,,,,,,,,,,
pfp_bloom_filter_contains_unique_size_u32,0,NVIDIA B200,I64,U32,32,1,2,8,1000000000,2,Yes,,,,,,,,,,
pfp_bloom_filter_contains_unique_size_u32,0,NVIDIA B200,I64,U32,32,1,2,8,1000000000,4,Yes,,,,,,,,,,
pfp_bloom_filter_contains_unique_size_u32,0,NVIDIA B200,I64,U32,32,1,2,8,1000000000,8,Yes,,,,,,,,,,
pfp_bloom_filter_contains_unique_size_u32,0,NVIDIA B200,I64,U32,32,1,2,8,1000000000,16,Yes,,,,,,,,,,
pfp_bloom_filter_contains_unique_size_u32,0,NVIDIA B200,I64,U32,32,1,2,8,1000000000,32,Yes,,,,,,,,,,
pfp_bloom_filter_contains_unique_size_u32,0,NVIDIA B200,I64,U32,32,1,2,8,1000000000,64,Yes,,,,,,,,,,
pfp_bloom_filter_contains_unique_size_u32,0,NVIDIA B200,I64,U32,32,1,2,8,1000000000,128,Yes,,,,,,,,,,
pfp_bloom_filter_contains_unique_size_u32,0,NVIDIA B200,I64,U32,32,1,2,8,1000000000,256,Yes,,,,,,,,,,
pfp_bloom_filter_contains_unique_size_u32,0,NVIDIA B200,I64,U32,32,1,2,8,1000000000,512,Yes,,,,,,,,,,
pfp_bloom_filter_contains_unique_size_u32,0,NVIDIA B200,I64,U32,32,1,2,8,1000000000,1024,Yes,,,,,,,,,,
pfp_bloom_filter_contains_unique_size_u32,0,NVIDIA B200,I64,U32,32,1,2,8,1000000000,2048,Yes,,,,,,,,,,
pfp_bloom_filter_contains_unique_size_u32,0,NVIDIA B200,I64,U32,32,1,4,1,1000000000,1,Yes,,,,,,,,,,
pfp_bloom_filter_contains_unique_size_u32,0,NVIDIA B200,I64,U32,32,1,4,1,1000000000,2,Yes,,,,,,,,,,
pfp_bloom_filter_contains_unique_size_u32,0,NVIDIA B200,I64,U32,32,1,4,1,1000000000,4,Yes,,,,,,,,,,
pfp_bloom_filter_contains_unique_size_u32,0,NVIDIA B200,I64,U32,32,1,4,1,1000000000,8,Yes,,,,,,,,,,
pfp_bloom_filter_contains_unique_size_u32,0,NVIDIA B200,I64,U32,32,1,4,1,1000000000,16,Yes,,,,,,,,,,
pfp_bloom_filter_contains_unique_size_u32,0,NVIDIA B200,I64,U32,32,1,4,1,1000000000,32,Yes,,,,,,,,,,
pfp_bloom_filter_contains_unique_size_u32,0,NVIDIA B200,I64,U32,32,1,4,1,1000000000,64,Yes,,,,,,,,,,
pfp_bloom_filter_contains_unique_size_u32,0,NVIDIA B200,I64,U32,32,1,4,1,1000000000,128,Yes,,,,,,,,,,
pfp_bloom_filter_contains_unique_size_u32,0,NVIDIA B200,I64,U32,32,1,4,1,1000000000,256,Yes,,,,,,,,,,
pfp_bloom_filter_contains_unique_size_u32,0,NVIDIA B200,I64,U32,32,1,4,1,1000000000,512,Yes,,,,,,,,,,
pfp_bloom_filter_contains_unique_size_u32,0,NVIDIA B200,I64,U32,32,1,4,1,1000000000,1024,Yes,,,,,,,,,,
pfp_bloom_filter_contains_unique_size_u32,0,NVIDIA B200,I64,U32,32,1,4,1,1000000000,2048,Yes,,,,,,,,,,
pfp_bloom_filter_contains_unique_size_u32,0,NVIDIA B200,I64,U32,32,1,4,2,1000000000,1,Yes,,,,,,,,,,
pfp_bloom_filter_contains_unique_size_u32,0,NVIDIA B200,I64,U32,32,1,4,2,1000000000,2,Yes,,,,,,,,,,
pfp_bloom_filter_contains_unique_size_u32,0,NVIDIA B200,I64,U32,32,1,4,2,1000000000,4,Yes,,,,,,,,,,
pfp_bloom_filter_contains_unique_size_u32,0,NVIDIA B200,I64,U32,32,1,4,2,1000000000,8,Yes,,,,,,,,,,
pfp_bloom_filter_contains_unique_size_u32,0,NVIDIA B200,I64,U32,32,1,4,2,1000000000,16,Yes,,,,,,,,,,
pfp_bloom_filter_contains_unique_size_u32,0,NVIDIA B200,I64,U32,32,1,4,2,1000000000,32,Yes,,,,,,,,,,
pfp_bloom_filter_contains_unique_size_u32,0,NVIDIA B200,I64,U32,32,1,4,2,1000000000,64,Yes,,,,,,,,,,
pfp_bloom_filter_contains_unique_size_u32,0,NVIDIA B200,I64,U32,32,1,4,2,1000000000,128,Yes,,,,,,,,,,
pfp_bloom_filter_contains_unique_size_u32,0,NVIDIA B200,I64,U32,32,1,4,2,1000000000,256,Yes,,,,,,,,,,
pfp_bloom_filter_contains_unique_size_u32,0,NVIDIA B200,I64,U32,32,1,4,2,1000000000,512,Yes,,,,,,,,,,
pfp_bloom_filter_contains_unique_size_u32,0,NVIDIA B200,I64,U32,32,1,4,2,1000000000,1024,Yes,,,,,,,,,,
pfp_bloom_filter_contains_unique_size_u32,0,NVIDIA B200,I64,U32,32,1,4,2,1000000000,2048,Yes,,,,,,,,,,
pfp_bloom_filter_contains_unique_size_u32,0,NVIDIA B200,I64,U32,32,1,4,4,1000000000,1,Yes,,,,,,,,,,
pfp_bloom_filter_contains_unique_size_u32,0,NVIDIA B200,I64,U32,32,1,4,4,1000000000,2,Yes,,,,,,,,,,
pfp_bloom_filter_contains_unique_size_u32,0,NVIDIA B200,I64,U32,32,1,4,4,1000000000,4,Yes,,,,,,,,,,
pfp_bloom_filter_contains_unique_size_u32,0,NVIDIA B200,I64,U32,32,1,4,4,1000000000,8,Yes,,,,,,,,,,
pfp_bloom_filter_contains_unique_size_u32,0,NVIDIA B200,I64,U32,32,1,4,4,1000000000,16,Yes,,,,,,,,,,
pfp_bloom_filter_contains_unique_size_u32,0,NVIDIA B200,I64,U32,32,1,4,4,1000000000,32,Yes,,,,,,,,,,
pfp_bloom_filter_contains_unique_size_u32,0,NVIDIA B200,I64,U32,32,1,4,4,1000000000,64,Yes,,,,,,,,,,
pfp_bloom_filter_contains_unique_size_u32,0,NVIDIA B200,I64,U32,32,1,4,4,1000000000,128,Yes,,,,,,,,,,
pfp_bloom_filter_contains_unique_size_u32,0,NVIDIA B200,I64,U32,32,1,4,4,1000000000,256,Yes,,,,,,,,,,
pfp_bloom_filter_contains_unique_size_u32,0,NVIDIA B200,I64,U32,32,1,4,4,1000000000,512,Yes,,,,,,,,,,
pfp_bloom_filter_contains_unique_size_u32,0,NVIDIA B200,I64,U32,32,1,4,4,1000000000,1024,Yes,,,,,,,,,,
pfp_bloom_filter_contains_unique_size_u32,0,NVIDIA B200,I64,U32,32,1,4,4,1000000000,2048,Yes,,,,,,,,,,
pfp_bloom_filter_contains_unique_size_u32,0,NVIDIA B200,I64,U32,32,1,4,8,1000000000,1,Yes,,,,,,,,,,
pfp_bloom_filter_contains_unique_size_u32,0,NVIDIA B200,I64,U32,32,1,4,8,1000000000,2,Yes,,,,,,,,,,
pfp_bloom_filter_contains_unique_size_u32,0,NVIDIA B200,I64,U32,32,1,4,8,1000000000,4,Yes,,,,,,,,,,
pfp_bloom_filter_contains_unique_size_u32,0,NVIDIA B200,I64,U32,32,1,4,8,1000000000,8,Yes,,,,,,,,,,
pfp_bloom_filter_contains_unique_size_u32,0,NVIDIA B200,I64,U32,32,1,4,8,1000000000,16,Yes,,,,,,,,,,
pfp_bloom_filter_contains_unique_size_u32,0,NVIDIA B200,I64,U32,32,1,4,8,1000000000,32,Yes,,,,,,,,,,
pfp_bloom_filter_contains_unique_size_u32,0,NVIDIA B200,I64,U32,32,1,4,8,1000000000,64,Yes,,,,,,,,,,
pfp_bloom_filter_contains_unique_size_u32,0,NVIDIA B200,I64,U32,32,1,4,8,1000000000,128,Yes,,,,,,,,,,
pfp_bloom_filter_contains_unique_size_u32,0,NVIDIA B200,I64,U32,32,1,4,8,1000000000,256,Yes,,,,,,,,,,
pfp_bloom_filter_contains_unique_size_u32,0,NVIDIA B200,I64,U32,32,1,4,8,1000000000,512,Yes,,,,,,,,,,
pfp_bloom_filter_contains_unique_size_u32,0,NVIDIA B200,I64,U32,32,1,4,8,1000000000,1024,Yes,,,,,,,,,,
pfp_bloom_filter_contains_unique_size_u32,0,NVIDIA B200,I64,U32,32,1,4,8,1000000000,2048,Yes,,,,,,,,,,
pfp_bloom_filter_contains_unique_size_u32,0,NVIDIA B200,I64,U32,32,1,8,1,1000000000,1,Yes,,,,,,,,,,
pfp_bloom_filter_contains_unique_size_u32,0,NVIDIA B200,I64,U32,32,1,8,1,1000000000,2,Yes,,,,,,,,,,
pfp_bloom_filter_contains_unique_size_u32,0,NVIDIA B200,I64,U32,32,1,8,1,1000000000,4,Yes,,,,,,,,,,
pfp_bloom_filter_contains_unique_size_u32,0,NVIDIA B200,I64,U32,32,1,8,1,1000000000,8,Yes,,,,,,,,,,
pfp_bloom_filter_contains_unique_size_u32,0,NVIDIA B200,I64,U32,32,1,8,1,1000000000,16,Yes,,,,,,,,,,
pfp_bloom_filter_contains_unique_size_u32,0,NVIDIA B200,I64,U32,32,1,8,1,1000000000,32,Yes,,,,,,,,,,
pfp_bloom_filter_contains_unique_size_u32,0,NVIDIA B200,I64,U32,32,1,8,1,1000000000,64,Yes,,,,,,,,,,
pfp_bloom_filter_contains_unique_size_u32,0,NVIDIA B200,I64,U32,32,1,8,1,1000000000,128,Yes,,,,,,,,,,
pfp_bloom_filter_contains_unique_size_u32,0,NVIDIA B200,I64,U32,32,1,8,1,1000000000,256,Yes,,,,,,,,,,
pfp_bloom_filter_contains_unique_size_u32,0,NVIDIA B200,I64,U32,32,1,8,1,1000000000,512,Yes,,,,,,,,,,
pfp_bloom_filter_contains_unique_size_u32,0,NVIDIA B200,I64,U32,32,1,8,1,1000000000,1024,Yes,,,,,,,,,,
pfp_bloom_filter_contains_unique_size_u32,0,NVIDIA B200,I64,U32,32,1,8,1,1000000000,2048,Yes,,,,,,,,,,
pfp_bloom_filter_contains_unique_size_u32,0,NVIDIA B200,I64,U32,32,1,8,2,1000000000,1,Yes,,,,,,,,,,
pfp_bloom_filter_contains_unique_size_u32,0,NVIDIA B200,I64,U32,32,1,8,2,1000000000,2,Yes,,,,,,,,,,
pfp_bloom_filter_contains_unique_size_u32,0,NVIDIA B200,I64,U32,32,1,8,2,1000000000,4,Yes,,,,,,,,,,
pfp_bloom_filter_contains_unique_size_u32,0,NVIDIA B200,I64,U32,32,1,8,2,1000000000,8,Yes,,,,,,,,,,
pfp_bloom_filter_contains_unique_size_u32,0,NVIDIA B200,I64,U32,32,1,8,2,1000000000,16,Yes,,,,,,,,,,
pfp_bloom_filter_contains_unique_size_u32,0,NVIDIA B200,I64,U32,32,1,8,2,1000000000,32,Yes,,,,,,,,,,
pfp_bloom_filter_contains_unique_size_u32,0,NVIDIA B200,I64,U32,32,1,8,2,1000000000,64,Yes,,,,,,,,,,
pfp_bloom_filter_contains_unique_size_u32,0,NVIDIA B200,I64,U32,32,1,8,2,1000000000,128,Yes,,,,,,,,,,
pfp_bloom_filter_contains_unique_size_u32,0,NVIDIA B200,I64,U32,32,1,8,2,1000000000,256,Yes,,,,,,,,,,
pfp_bloom_filter_contains_unique_size_u32,0,NVIDIA B200,I64,U32,32,1,8,2,1000000000,512,Yes,,,,,,,,,,
pfp_bloom_filter_contains_unique_size_u32,0,NVIDIA B200,I64,U32,32,1,8,2,1000000000,1024,Yes,,,,,,,,,,
pfp_bloom_filter_contains_unique_size_u32,0,NVIDIA B200,I64,U32,32,1,8,2,1000000000,2048,Yes,,,,,,,,,,
pfp_bloom_filter_contains_unique_size_u32,0,NVIDIA B200,I64,U32,32,1,8,4,1000000000,1,Yes,,,,,,,,,,
pfp_bloom_filter_contains_unique_size_u32,0,NVIDIA B200,I64,U32,32,1,8,4,1000000000,2,Yes,,,,,,,,,,
pfp_bloom_filter_contains_unique_size_u32,0,NVIDIA B200,I64,U32,32,1,8,4,1000000000,4,Yes,,,,,,,,,,
pfp_bloom_filter_contains_unique_size_u32,0,NVIDIA B200,I64,U32,32,1,8,4,1000000000,8,Yes,,,,,,,,,,
pfp_bloom_filter_contains_unique_size_u32,0,NVIDIA B200,I64,U32,32,1,8,4,1000000000,16,Yes,,,,,,,,,,
pfp_bloom_filter_contains_unique_size_u32,0,NVIDIA B200,I64,U32,32,1,8,4,1000000000,32,Yes,,,,,,,,,,
pfp_bloom_filter_contains_unique_size_u32,0,NVIDIA B200,I64,U32,32,1,8,4,1000000000,64,Yes,,,,,,,,,,
pfp_bloom_filter_contains_unique_size_u32,0,NVIDIA B200,I64,U32,32,1,8,4,1000000000,128,Yes,,,,,,,,,,
pfp_bloom_filter_contains_unique_size_u32,0,NVIDIA B200,I64,U32,32,1,8,4,1000000000,256,Yes,,,,,,,,,,
pfp_bloom_filter_contains_unique_size_u32,0,NVIDIA B200,I64,U32,32,1,8,4,1000000000,512,Yes,,,,,,,,,,
pfp_bloom_filter_contains_unique_size_u32,0,NVIDIA B200,I64,U32,32,1,8,4,1000000000,1024,Yes,,,,,,,,,,
pfp_bloom_filter_contains_unique_size_u32,0,NVIDIA B200,I64,U32,32,1,8,4,1000000000,2048,Yes,,,,,,,,,,
pfp_bloom_filter_contains_unique_size_u32,0,NVIDIA B200,I64,U32,32,1,8,8,1000000000,1,Yes,,,,,,,,,,
pfp_bloom_filter_contains_unique_size_u32,0,NVIDIA B200,I64,U32,32,1,8,8,1000000000,2,Yes,,,,,,,,,,
pfp_bloom_filter_contains_unique_size_u32,0,NVIDIA B200,I64,U32,32,1,8,8,1000000000,4,Yes,,,,,,,,,,
pfp_bloom_filter_contains_unique_size_u32,0,NVIDIA B200,I64,U32,32,1,8,8,1000000000,8,Yes,,,,,,,,,,
pfp_bloom_filter_contains_unique_size_u32,0,NVIDIA B200,I64,U32,32,1,8,8,1000000000,16,Yes,,,,,,,,,,
pfp_bloom_filter_contains_unique_size_u32,0,NVIDIA B200,I64,U32,32,1,8,8,1000000000,32,Yes,,,,,,,,,,
pfp_bloom_filter_contains_unique_size_u32,0,NVIDIA B200,I64,U32,32,1,8,8,1000000000,64,Yes,,,,,,,,,,
pfp_bloom_filter_contains_unique_size_u32,0,NVIDIA B200,I64,U32,32,1,8,8,1000000000,128,Yes,,,,,,,,,,
pfp_bloom_filter_contains_unique_size_u32,0,NVIDIA B200,I64,U32,32,1,8,8,1000000000,256,Yes,,,,,,,,,,
pfp_bloom_filter_contains_unique_size_u32,0,NVIDIA B200,I64,U32,32,1,8,8,1000000000,512,Yes,,,,,,,,,,
pfp_bloom_filter_contains_unique_size_u32,0,NVIDIA B200,I64,U32,32,1,8,8,1000000000,1024,Yes,,,,,,,,,,
pfp_bloom_filter_contains_unique_size_u32,0,NVIDIA B200,I64,U32,32,1,8,8,1000000000,2048,Yes,,,,,,,,,,
pfp_bloom_filter_contains_unique_size_u32,0,NVIDIA B200,I64,U32,32,20,1,1,1000000000,1,No,0.006238889,20,76,0.006605164039473686,0.005004136730810978,0.0065906231340609085,0.004998521708473596,151730721004.50012,79,0.0065812741050237334
pfp_bloom_filter_contains_unique_size_u32,0,NVIDIA B200,I64,U32,32,20,1,1,1000000000,2,No,0.006205391,20,76,0.006601930381578948,0.00015646149698488997,0.0065874273714266315,0.00013191647343908805,151804330221.16663,79,0.006585032789013055
pfp_bloom_filter_contains_unique_size_u32,0,NVIDIA B200,I64,U32,32,20,1,1,1000000000,4,No,0.006247937,20,76,0.006604751763157897,0.00016947008520836463,0.006590319175469244,0.00012430151063831863,151737719126.29678,79,0.006587456425534019
pfp_bloom_filter_contains_unique_size_u32,0,NVIDIA B200,I64,U32,32,20,1,1,1000000000,8,No,0.006263251,20,76,0.006606265657894736,0.00015870412429569927,0.006591689680752,0.00013061000342997776,151706170713.71555,79,0.006588377361056171
pfp_bloom_filter_contains_unique_size_u32,0,NVIDIA B200,I64,U32,32,20,1,1,1000000000,16,No,0.006235924,20,76,0.006607188907894737,0.0001647280184040475,0.0065928627942737775,0.00011678163875537194,151679176589.04547,79,0.006588856371143196
pfp_bloom_filter_contains_unique_size_u32,0,NVIDIA B200,I64,U32,32,20,1,1,1000000000,32,No,0.006282138,20,76,0.006611380355263157,0.00018445791459948058,0.006596825323606792,0.00015850321544146919,151588067130.03177,79,0.0065904896410205705
pfp_bloom_filter_contains_unique_size_u32,0,NVIDIA B200,I64,U32,32,20,1,1,1000000000,64,No,0.006265665,20,69,0.007352410101449277,0.03449063415927606,0.007337687678959056,0.03454519101078396,136282715175.72449,70,0.007498372166497366
pfp_bloom_filter_contains_unique_size_u32,0,NVIDIA B200,I64,U32,32,20,1,1,1000000000,128,No,0.006252552,20,40,0.012719468850000004,0.2844591554726764,0.012703334307670594,0.28468551225869815,78719490157.49155,41,0.012468324242568598
pfp_bloom_filter_contains_unique_size_u32,0,NVIDIA B200,I64,U32,32,20,1,1,1000000000,256,No,0.006266325,20,31,0.01621679348387097,0.03143811967799392,0.016200686454772947,0.03149593953167726,61725779508.891495,32,0.016467580795288084
pfp_bloom_filter_contains_unique_size_u32,0,NVIDIA B200,I64,U32,32,20,1,1,1000000000,512,No,0.006253099,20,27,0.019037070259259263,0.020422966830060594,0.019021107002540866,0.02042471041800733,52573175676.18008,28,0.019288759572165352
pfp_bloom_filter_contains_unique_size_u32,0,NVIDIA B200,I64,U32,32,20,1,1,1000000000,1024,No,0.006254759,20,25,0.020711043319999997,0.011344469003342692,0.02069535621643067,0.01135012269577144,48320018729.905685,26,0.0208448600769043
pfp_bloom_filter_contains_unique_size_u32,0,NVIDIA B200,I64,U32,32,20,1,1,1000000000,2048,No,0.006255643,20,23,0.021757191869565217,0.0033854650634860236,0.021741131243498434,0.0033809781951418243,45995766678.38039,24,0.021834317525227864
pfp_bloom_filter_contains_unique_size_u32,0,NVIDIA B200,I64,U32,32,20,1,2,1000000000,1,Yes,,,,,,,,,,
pfp_bloom_filter_contains_unique_size_u32,0,NVIDIA B200,I64,U32,32,20,1,2,1000000000,2,Yes,,,,,,,,,,
pfp_bloom_filter_contains_unique_size_u32,0,NVIDIA B200,I64,U32,32,20,1,2,1000000000,4,Yes,,,,,,,,,,
pfp_bloom_filter_contains_unique_size_u32,0,NVIDIA B200,I64,U32,32,20,1,2,1000000000,8,Yes,,,,,,,,,,
pfp_bloom_filter_contains_unique_size_u32,0,NVIDIA B200,I64,U32,32,20,1,2,1000000000,16,Yes,,,,,,,,,,
pfp_bloom_filter_contains_unique_size_u32,0,NVIDIA B200,I64,U32,32,20,1,2,1000000000,32,Yes,,,,,,,,,,
pfp_bloom_filter_contains_unique_size_u32,0,NVIDIA B200,I64,U32,32,20,1,2,1000000000,64,Yes,,,,,,,,,,
pfp_bloom_filter_contains_unique_size_u32,0,NVIDIA B200,I64,U32,32,20,1,2,1000000000,128,Yes,,,,,,,,,,
pfp_bloom_filter_contains_unique_size_u32,0,NVIDIA B200,I64,U32,32,20,1,2,1000000000,256,Yes,,,,,,,,,,
pfp_bloom_filter_contains_unique_size_u32,0,NVIDIA B200,I64,U32,32,20,1,2,1000000000,512,Yes,,,,,,,,,,
pfp_bloom_filter_contains_unique_size_u32,0,NVIDIA B200,I64,U32,32,20,1,2,1000000000,1024,Yes,,,,,,,,,,
pfp_bloom_filter_contains_unique_size_u32,0,NVIDIA B200,I64,U32,32,20,1,2,1000000000,2048,Yes,,,,,,,,,,
pfp_bloom_filter_contains_unique_size_u32,0,NVIDIA B200,I64,U32,32,20,1,4,1000000000,1,Yes,,,,,,,,,,
pfp_bloom_filter_contains_unique_size_u32,0,NVIDIA B200,I64,U32,32,20,1,4,1000000000,2,Yes,,,,,,,,,,
pfp_bloom_filter_contains_unique_size_u32,0,NVIDIA B200,I64,U32,32,20,1,4,1000000000,4,Yes,,,,,,,,,,
pfp_bloom_filter_contains_unique_size_u32,0,NVIDIA B200,I64,U32,32,20,1,4,1000000000,8,Yes,,,,,,,,,,
pfp_bloom_filter_contains_unique_size_u32,0,NVIDIA B200,I64,U32,32,20,1,4,1000000000,16,Yes,,,,,,,,,,
pfp_bloom_filter_contains_unique_size_u32,0,NVIDIA B200,I64,U32,32,20,1,4,1000000000,32,Yes,,,,,,,,,,
pfp_bloom_filter_contains_unique_size_u32,0,NVIDIA B200,I64,U32,32,20,1,4,1000000000,64,Yes,,,,,,,,,,
pfp_bloom_filter_contains_unique_size_u32,0,NVIDIA B200,I64,U32,32,20,1,4,1000000000,128,Yes,,,,,,,,,,
pfp_bloom_filter_contains_unique_size_u32,0,NVIDIA B200,I64,U32,32,20,1,4,1000000000,256,Yes,,,,,,,,,,
pfp_bloom_filter_contains_unique_size_u32,0,NVIDIA B200,I64,U32,32,20,1,4,1000000000,512,Yes,,,,,,,,,,
pfp_bloom_filter_contains_unique_size_u32,0,NVIDIA B200,I64,U32,32,20,1,4,1000000000,1024,Yes,,,,,,,,,,
pfp_bloom_filter_contains_unique_size_u32,0,NVIDIA B200,I64,U32,32,20,1,4,1000000000,2048,Yes,,,,,,,,,,
pfp_bloom_filter_contains_unique_size_u32,0,NVIDIA B200,I64,U32,32,20,1,8,1000000000,1,Yes,,,,,,,,,,
pfp_bloom_filter_contains_unique_size_u32,0,NVIDIA B200,I64,U32,32,20,1,8,1000000000,2,Yes,,,,,,,,,,
pfp_bloom_filter_contains_unique_size_u32,0,NVIDIA B200,I64,U32,32,20,1,8,1000000000,4,Yes,,,,,,,,,,
pfp_bloom_filter_contains_unique_size_u32,0,NVIDIA B200,I64,U32,32,20,1,8,1000000000,8,Yes,,,,,,,,,,
pfp_bloom_filter_contains_unique_size_u32,0,NVIDIA B200,I64,U32,32,20,1,8,1000000000,16,Yes,,,,,,,,,,
pfp_bloom_filter_contains_unique_size_u32,0,NVIDIA B200,I64,U32,32,20,1,8,1000000000,32,Yes,,,,,,,,,,
pfp_bloom_filter_contains_unique_size_u32,0,NVIDIA B200,I64,U32,32,20,1,8,1000000000,64,Yes,,,,,,,,,,
pfp_bloom_filter_contains_unique_size_u32,0,NVIDIA B200,I64,U32,32,20,1,8,1000000000,128,Yes,,,,,,,,,,
pfp_bloom_filter_contains_unique_size_u32,0,NVIDIA B200,I64,U32,32,20,1,8,1000000000,256,Yes,,,,,,,,,,
pfp_bloom_filter_contains_unique_size_u32,0,NVIDIA B200,I64,U32,32,20,1,8,1000000000,512,Yes,,,,,,,,,,
pfp_bloom_filter_contains_unique_size_u32,0,NVIDIA B200,I64,U32,32,20,1,8,1000000000,1024,Yes,,,,,,,,,,
pfp_bloom_filter_contains_unique_size_u32,0,NVIDIA B200,I64,U32,32,20,1,8,1000000000,2048,Yes,,,,,,,,,,
pfp_bloom_filter_contains_unique_size_u32,0,NVIDIA B200,I64,U32,32,20,2,1,1000000000,1,Yes,,,,,,,,,,
pfp_bloom_filter_contains_unique_size_u32,0,NVIDIA B200,I64,U32,32,20,2,1,1000000000,2,Yes,,,,,,,,,,
pfp_bloom_filter_contains_unique_size_u32,0,NVIDIA B200,I64,U32,32,20,2,1,1000000000,4,Yes,,,,,,,,,,
pfp_bloom_filter_contains_unique_size_u32,0,NVIDIA B200,I64,U32,32,20,2,1,1000000000,8,Yes,,,,,,,,,,
pfp_bloom_filter_contains_unique_size_u32,0,NVIDIA B200,I64,U32,32,20,2,1,1000000000,16,Yes,,,,,,,,,,
pfp_bloom_filter_contains_unique_size_u32,0,NVIDIA B200,I64,U32,32,20,2,1,1000000000,32,Yes,,,,,,,,,,
pfp_bloom_filter_contains_unique_size_u32,0,NVIDIA B200,I64,U32,32,20,2,1,1000000000,64,Yes,,,,,,,,,,
pfp_bloom_filter_contains_unique_size_u32,0,NVIDIA B200,I64,U32,32,20,2,1,1000000000,128,Yes,,,,,,,,,,
pfp_bloom_filter_contains_unique_size_u32,0,NVIDIA B200,I64,U32,32,20,2,1,1000000000,256,Yes,,,,,,,,,,
pfp_bloom_filter_contains_unique_size_u32,0,NVIDIA B200,I64,U32,32,20,2,1,1000000000,512,Yes,,,,,,,,,,
pfp_bloom_filter_contains_unique_size_u32,0,NVIDIA B200,I64,U32,32,20,2,1,1000000000,1024,Yes,,,,,,,,,,
pfp_bloom_filter_contains_unique_size_u32,0,NVIDIA B200,I64,U32,32,20,2,1,1000000000,2048,Yes,,,,,,,,,,
pfp_bloom_filter_contains_unique_size_u32,0,NVIDIA B200,I64,U32,32,20,2,2,1000000000,1,Yes,,,,,,,,,,
pfp_bloom_filter_contains_unique_size_u32,0,NVIDIA B200,I64,U32,32,20,2,2,1000000000,2,Yes,,,,,,,,,,
pfp_bloom_filter_contains_unique_size_u32,0,NVIDIA B200,I64,U32,32,20,2,2,1000000000,4,Yes,,,,,,,,,,
pfp_bloom_filter_contains_unique_size_u32,0,NVIDIA B200,I64,U32,32,20,2,2,1000000000,8,Yes,,,,,,,,,,
pfp_bloom_filter_contains_unique_size_u32,0,NVIDIA B200,I64,U32,32,20,2,2,1000000000,16,Yes,,,,,,,,,,
pfp_bloom_filter_contains_unique_size_u32,0,NVIDIA B200,I64,U32,32,20,2,2,1000000000,32,Yes,,,,,,,,,,
pfp_bloom_filter_contains_unique_size_u32,0,NVIDIA B200,I64,U32,32,20,2,2,1000000000,64,Yes,,,,,,,,,,
pfp_bloom_filter_contains_unique_size_u32,0,NVIDIA B200,I64,U32,32,20,2,2,1000000000,128,Yes,,,,,,,,,,
pfp_bloom_filter_contains_unique_size_u32,0,NVIDIA B200,I64,U32,32,20,2,2,1000000000,256,Yes,,,,,,,,,,
pfp_bloom_filter_contains_unique_size_u32,0,NVIDIA B200,I64,U32,32,20,2,2,1000000000,512,Yes,,,,,,,,,,
pfp_bloom_filter_contains_unique_size_u32,0,NVIDIA B200,I64,U32,32,20,2,2,1000000000,1024,Yes,,,,,,,,,,
pfp_bloom_filter_contains_unique_size_u32,0,NVIDIA B200,I64,U32,32,20,2,2,1000000000,2048,Yes,,,,,,,,,,
pfp_bloom_filter_contains_unique_size_u32,0,NVIDIA B200,I64,U32,32,20,2,4,1000000000,1,Yes,,,,,,,,,,
pfp_bloom_filter_contains_unique_size_u32,0,NVIDIA B200,I64,U32,32,20,2,4,1000000000,2,Yes,,,,,,,,,,
pfp_bloom_filter_contains_unique_size_u32,0,NVIDIA B200,I64,U32,32,20,2,4,1000000000,4,Yes,,,,,,,,,,
pfp_bloom_filter_contains_unique_size_u32,0,NVIDIA B200,I64,U32,32,20,2,4,1000000000,8,Yes,,,,,,,,,,
pfp_bloom_filter_contains_unique_size_u32,0,NVIDIA B200,I64,U32,32,20,2,4,1000000000,16,Yes,,,,,,,,,,
pfp_bloom_filter_contains_unique_size_u32,0,NVIDIA B200,I64,U32,32,20,2,4,1000000000,32,Yes,,,,,,,,,,
pfp_bloom_filter_contains_unique_size_u32,0,NVIDIA B200,I64,U32,32,20,2,4,1000000000,64,Yes,,,,,,,,,,
pfp_bloom_filter_contains_unique_size_u32,0,NVIDIA B200,I64,U32,32,20,2,4,1000000000,128,Yes,,,,,,,,,,
pfp_bloom_filter_contains_unique_size_u32,0,NVIDIA B200,I64,U32,32,20,2,4,1000000000,256,Yes,,,,,,,,,,
pfp_bloom_filter_contains_unique_size_u32,0,NVIDIA B200,I64,U32,32,20,2,4,1000000000,512,Yes,,,,,,,,,,
pfp_bloom_filter_contains_unique_size_u32,0,NVIDIA B200,I64,U32,32,20,2,4,1000000000,1024,Yes,,,,,,,,,,
pfp_bloom_filter_contains_unique_size_u32,0,NVIDIA B200,I64,U32,32,20,2,4,1000000000,2048,Yes,,,,,,,,,,
pfp_bloom_filter_contains_unique_size_u32,0,NVIDIA B200,I64,U32,32,20,2,8,1000000000,1,Yes,,,,,,,,,,
pfp_bloom_filter_contains_unique_size_u32,0,NVIDIA B200,I64,U32,32,20,2,8,1000000000,2,Yes,,,,,,,,,,
pfp_bloom_filter_contains_unique_size_u32,0,NVIDIA B200,I64,U32,32,20,2,8,1000000000,4,Yes,,,,,,,,,,
pfp_bloom_filter_contains_unique_size_u32,0,NVIDIA B200,I64,U32,32,20,2,8,1000000000,8,Yes,,,,,,,,,,
pfp_bloom_filter_contains_unique_size_u32,0,NVIDIA B200,I64,U32,32,20,2,8,1000000000,16,Yes,,,,,,,,,,
pfp_bloom_filter_contains_unique_size_u32,0,NVIDIA B200,I64,U32,32,20,2,8,1000000000,32,Yes,,,,,,,,,,
pfp_bloom_filter_contains_unique_size_u32,0,NVIDIA B200,I64,U32,32,20,2,8,1000000000,64,Yes,,,,,,,,,,
pfp_bloom_filter_contains_unique_size_u32,0,NVIDIA B200,I64,U32,32,20,2,8,1000000000,128,Yes,,,,,,,,,,
pfp_bloom_filter_contains_unique_size_u32,0,NVIDIA B200,I64,U32,32,20,2,8,1000000000,256,Yes,,,,,,,,,,
pfp_bloom_filter_contains_unique_size_u32,0,NVIDIA B200,I64,U32,32,20,2,8,1000000000,512,Yes,,,,,,,,,,
pfp_bloom_filter_contains_unique_size_u32,0,NVIDIA B200,I64,U32,32,20,2,8,1000000000,1024,Yes,,,,,,,,,,
pfp_bloom_filter_contains_unique_size_u32,0,NVIDIA B200,I64,U32,32,20,2,8,1000000000,2048,Yes,,,,,,,,,,
pfp_bloom_filter_contains_unique_size_u32,0,NVIDIA B200,I64,U32,32,20,4,1,1000000000,1,Yes,,,,,,,,,,
pfp_bloom_filter_contains_unique_size_u32,0,NVIDIA B200,I64,U32,32,20,4,1,1000000000,2,Yes,,,,,,,,,,
pfp_bloom_filter_contains_unique_size_u32,0,NVIDIA B200,I64,U32,32,20,4,1,1000000000,4,Yes,,,,,,,,,,
pfp_bloom_filter_contains_unique_size_u32,0,NVIDIA B200,I64,U32,32,20,4,1,1000000000,8,Yes,,,,,,,,,,
pfp_bloom_filter_contains_unique_size_u32,0,NVIDIA B200,I64,U32,32,20,4,1,1000000000,16,Yes,,,,,,,,,,
pfp_bloom_filter_contains_unique_size_u32,0,NVIDIA B200,I64,U32,32,20,4,1,1000000000,32,Yes,,,,,,,,,,
pfp_bloom_filter_contains_unique_size_u32,0,NVIDIA B200,I64,U32,32,20,4,1,1000000000,64,Yes,,,,,,,,,,
pfp_bloom_filter_contains_unique_size_u32,0,NVIDIA B200,I64,U32,32,20,4,1,1000000000,128,Yes,,,,,,,,,,
pfp_bloom_filter_contains_unique_size_u32,0,NVIDIA B200,I64,U32,32,20,4,1,1000000000,256,Yes,,,,,,,,,,
pfp_bloom_filter_contains_unique_size_u32,0,NVIDIA B200,I64,U32,32,20,4,1,1000000000,512,Yes,,,,,,,,,,
pfp_bloom_filter_contains_unique_size_u32,0,NVIDIA B200,I64,U32,32,20,4,1,1000000000,1024,Yes,,,,,,,,,,
pfp_bloom_filter_contains_unique_size_u32,0,NVIDIA B200,I64,U32,32,20,4,1,1000000000,2048,Yes,,,,,,,,,,
pfp_bloom_filter_contains_unique_size_u32,0,NVIDIA B200,I64,U32,32,20,4,2,1000000000,1,Yes,,,,,,,,,,
pfp_bloom_filter_contains_unique_size_u32,0,NVIDIA B200,I64,U32,32,20,4,2,1000000000,2,Yes,,,,,,,,,,
pfp_bloom_filter_contains_unique_size_u32,0,NVIDIA B200,I64,U32,32,20,4,2,1000000000,4,Yes,,,,,,,,,,
pfp_bloom_filter_contains_unique_size_u32,0,NVIDIA B200,I64,U32,32,20,4,2,1000000000,8,Yes,,,,,,,,,,
pfp_bloom_filter_contains_unique_size_u32,0,NVIDIA B200,I64,U32,32,20,4,2,1000000000,16,Yes,,,,,,,,,,
pfp_bloom_filter_contains_unique_size_u32,0,NVIDIA B200,I64,U32,32,20,4,2,1000000000,32,Yes,,,,,,,,,,
pfp_bloom_filter_contains_unique_size_u32,0,NVIDIA B200,I64,U32,32,20,4,2,1000000000,64,Yes,,,,,,,,,,
pfp_bloom_filter_contains_unique_size_u32,0,NVIDIA B200,I64,U32,32,20,4,2,1000000000,128,Yes,,,,,,,,,,
pfp_bloom_filter_contains_unique_size_u32,0,NVIDIA B200,I64,U32,32,20,4,2,1000000000,256,Yes,,,,,,,,,,
pfp_bloom_filter_contains_unique_size_u32,0,NVIDIA B200,I64,U32,32,20,4,2,1000000000,512,Yes,,,,,,,,,,
pfp_bloom_filter_contains_unique_size_u32,0,NVIDIA B200,I64,U32,32,20,4,2,1000000000,1024,Yes,,,,,,,,,,
pfp_bloom_filter_contains_unique_size_u32,0,NVIDIA B200,I64,U32,32,20,4,2,1000000000,2048,Yes,,,,,,,,,,
pfp_bloom_filter_contains_unique_size_u32,0,NVIDIA B200,I64,U32,32,20,4,4,1000000000,1,Yes,,,,,,,,,,
pfp_bloom_filter_contains_unique_size_u32,0,NVIDIA B200,I64,U32,32,20,4,4,1000000000,2,Yes,,,,,,,,,,
pfp_bloom_filter_contains_unique_size_u32,0,NVIDIA B200,I64,U32,32,20,4,4,1000000000,4,Yes,,,,,,,,,,
pfp_bloom_filter_contains_unique_size_u32,0,NVIDIA B200,I64,U32,32,20,4,4,1000000000,8,Yes,,,,,,,,,,
pfp_bloom_filter_contains_unique_size_u32,0,NVIDIA B200,I64,U32,32,20,4,4,1000000000,16,Yes,,,,,,,,,,
pfp_bloom_filter_contains_unique_size_u32,0,NVIDIA B200,I64,U32,32,20,4,4,1000000000,32,Yes,,,,,,,,,,
pfp_bloom_filter_contains_unique_size_u32,0,NVIDIA B200,I64,U32,32,20,4,4,1000000000,64,Yes,,,,,,,,,,
pfp_bloom_filter_contains_unique_size_u32,0,NVIDIA B200,I64,U32,32,20,4,4,1000000000,128,Yes,,,,,,,,,,
pfp_bloom_filter_contains_unique_size_u32,0,NVIDIA B200,I64,U32,32,20,4,4,1000000000,256,Yes,,,,,,,,,,
pfp_bloom_filter_contains_unique_size_u32,0,NVIDIA B200,I64,U32,32,20,4,4,1000000000,512,Yes,,,,,,,,,,
pfp_bloom_filter_contains_unique_size_u32,0,NVIDIA B200,I64,U32,32,20,4,4,1000000000,1024,Yes,,,,,,,,,,
pfp_bloom_filter_contains_unique_size_u32,0,NVIDIA B200,I64,U32,32,20,4,4,1000000000,2048,Yes,,,,,,,,,,
pfp_bloom_filter_contains_unique_size_u32,0,NVIDIA B200,I64,U32,32,20,4,8,1000000000,1,Yes,,,,,,,,,,
pfp_bloom_filter_contains_unique_size_u32,0,NVIDIA B200,I64,U32,32,20,4,8,1000000000,2,Yes,,,,,,,,,,
pfp_bloom_filter_contains_unique_size_u32,0,NVIDIA B200,I64,U32,32,20,4,8,1000000000,4,Yes,,,,,,,,,,
pfp_bloom_filter_contains_unique_size_u32,0,NVIDIA B200,I64,U32,32,20,4,8,1000000000,8,Yes,,,,,,,,,,
pfp_bloom_filter_contains_unique_size_u32,0,NVIDIA B200,I64,U32,32,20,4,8,1000000000,16,Yes,,,,,,,,,,
pfp_bloom_filter_contains_unique_size_u32,0,NVIDIA B200,I64,U32,32,20,4,8,1000000000,32,Yes,,,,,,,,,,
pfp_bloom_filter_contains_unique_size_u32,0,NVIDIA B200,I64,U32,32,20,4,8,1000000000,64,Yes,,,,,,,,,,
pfp_bloom_filter_contains_unique_size_u32,0,NVIDIA B200,I64,U32,32,20,4,8,1000000000,128,Yes,,,,,,,,,,
pfp_bloom_filter_contains_unique_size_u32,0,NVIDIA B200,I64,U32,32,20,4,8,1000000000,256,Yes,,,,,,,,,,
pfp_bloom_filter_contains_unique_size_u32,0,NVIDIA B200,I64,U32,32,20,4,8,1000000000,512,Yes,,,,,,,,,,
pfp_bloom_filter_contains_unique_size_u32,0,NVIDIA B200,I64,U32,32,20,4,8,1000000000,1024,Yes,,,,,,,,,,
pfp_bloom_filter_contains_unique_size_u32,0,NVIDIA B200,I64,U32,32,20,4,8,1000000000,2048,Yes,,,,,,,,,,
pfp_bloom_filter_contains_unique_size_u32,0,NVIDIA B200,I64,U32,32,20,8,1,1000000000,1,Yes,,,,,,,,,,
pfp_bloom_filter_contains_unique_size_u32,0,NVIDIA B200,I64,U32,32,20,8,1,1000000000,2,Yes,,,,,,,,,,
pfp_bloom_filter_contains_unique_size_u32,0,NVIDIA B200,I64,U32,32,20,8,1,1000000000,4,Yes,,,,,,,,,,
pfp_bloom_filter_contains_unique_size_u32,0,NVIDIA B200,I64,U32,32,20,8,1,1000000000,8,Yes,,,,,,,,,,
pfp_bloom_filter_contains_unique_size_u32,0,NVIDIA B200,I64,U32,32,20,8,1,1000000000,16,Yes,,,,,,,,,,
pfp_bloom_filter_contains_unique_size_u32,0,NVIDIA B200,I64,U32,32,20,8,1,1000000000,32,Yes,,,,,,,,,,
pfp_bloom_filter_contains_unique_size_u32,0,NVIDIA B200,I64,U32,32,20,8,1,1000000000,64,Yes,,,,,,,,,,
pfp_bloom_filter_contains_unique_size_u32,0,NVIDIA B200,I64,U32,32,20,8,1,1000000000,128,Yes,,,,,,,,,,
pfp_bloom_filter_contains_unique_size_u32,0,NVIDIA B200,I64,U32,32,20,8,1,1000000000,256,Yes,,,,,,,,,,
pfp_bloom_filter_contains_unique_size_u32,0,NVIDIA B200,I64,U32,32,20,8,1,1000000000,512,Yes,,,,,,,,,,
pfp_bloom_filter_contains_unique_size_u32,0,NVIDIA B200,I64,U32,32,20,8,1,1000000000,1024,Yes,,,,,,,,,,
pfp_bloom_filter_contains_unique_size_u32,0,NVIDIA B200,I64,U32,32,20,8,1,1000000000,2048,Yes,,,,,,,,,,
pfp_bloom_filter_contains_unique_size_u32,0,NVIDIA B200,I64,U32,32,20,8,2,1000000000,1,Yes,,,,,,,,,,
pfp_bloom_filter_contains_unique_size_u32,0,NVIDIA B200,I64,U32,32,20,8,2,1000000000,2,Yes,,,,,,,,,,
pfp_bloom_filter_contains_unique_size_u32,0,NVIDIA B200,I64,U32,32,20,8,2,1000000000,4,Yes,,,,,,,,,,
pfp_bloom_filter_contains_unique_size_u32,0,NVIDIA B200,I64,U32,32,20,8,2,1000000000,8,Yes,,,,,,,,,,
pfp_bloom_filter_contains_unique_size_u32,0,NVIDIA B200,I64,U32,32,20,8,2,1000000000,16,Yes,,,,,,,,,,
pfp_bloom_filter_contains_unique_size_u32,0,NVIDIA B200,I64,U32,32,20,8,2,1000000000,32,Yes,,,,,,,,,,
pfp_bloom_filter_contains_unique_size_u32,0,NVIDIA B200,I64,U32,32,20,8,2,1000000000,64,Yes,,,,,,,,,,
pfp_bloom_filter_contains_unique_size_u32,0,NVIDIA B200,I64,U32,32,20,8,2,1000000000,128,Yes,,,,,,,,,,
pfp_bloom_filter_contains_unique_size_u32,0,NVIDIA B200,I64,U32,32,20,8,2,1000000000,256,Yes,,,,,,,,,,
pfp_bloom_filter_contains_unique_size_u32,0,NVIDIA B200,I64,U32,32,20,8,2,1000000000,512,Yes,,,,,,,,,,
pfp_bloom_filter_contains_unique_size_u32,0,NVIDIA B200,I64,U32,32,20,8,2,1000000000,1024,Yes,,,,,,,,,,
pfp_bloom_filter_contains_unique_size_u32,0,NVIDIA B200,I64,U32,32,20,8,2,1000000000,2048,Yes,,,,,,,,,,
pfp_bloom_filter_contains_unique_size_u32,0,NVIDIA B200,I64,U32,32,20,8,4,1000000000,1,Yes,,,,,,,,,,
pfp_bloom_filter_contains_unique_size_u32,0,NVIDIA B200,I64,U32,32,20,8,4,1000000000,2,Yes,,,,,,,,,,
pfp_bloom_filter_contains_unique_size_u32,0,NVIDIA B200,I64,U32,32,20,8,4,1000000000,4,Yes,,,,,,,,,,
pfp_bloom_filter_contains_unique_size_u32,0,NVIDIA B200,I64,U32,32,20,8,4,1000000000,8,Yes,,,,,,,,,,
pfp_bloom_filter_contains_unique_size_u32,0,NVIDIA B200,I64,U32,32,20,8,4,1000000000,16,Yes,,,,,,,,,,
pfp_bloom_filter_contains_unique_size_u32,0,NVIDIA B200,I64,U32,32,20,8,4,1000000000,32,Yes,,,,,,,,,,
pfp_bloom_filter_contains_unique_size_u32,0,NVIDIA B200,I64,U32,32,20,8,4,1000000000,64,Yes,,,,,,,,,,
pfp_bloom_filter_contains_unique_size_u32,0,NVIDIA B200,I64,U32,32,20,8,4,1000000000,128,Yes,,,,,,,,,,
pfp_bloom_filter_contains_unique_size_u32,0,NVIDIA B200,I64,U32,32,20,8,4,1000000000,256,Yes,,,,,,,,,,
pfp_bloom_filter_contains_unique_size_u32,0,NVIDIA B200,I64,U32,32,20,8,4,1000000000,512,Yes,,,,,,,,,,
pfp_bloom_filter_contains_unique_size_u32,0,NVIDIA B200,I64,U32,32,20,8,4,1000000000,1024,Yes,,,,,,,,,,
pfp_bloom_filter_contains_unique_size_u32,0,NVIDIA B200,I64,U32,32,20,8,4,1000000000,2048,Yes,,,,,,,,,,
pfp_bloom_filter_contains_unique_size_u32,0,NVIDIA B200,I64,U32,32,20,8,8,1000000000,1,Yes,,,,,,,,,,
pfp_bloom_filter_contains_unique_size_u32,0,NVIDIA B200,I64,U32,32,20,8,8,1000000000,2,Yes,,,,,,,,,,
pfp_bloom_filter_contains_unique_size_u32,0,NVIDIA B200,I64,U32,32,20,8,8,1000000000,4,Yes,,,,,,,,,,
pfp_bloom_filter_contains_unique_size_u32,0,NVIDIA B200,I64,U32,32,20,8,8,1000000000,8,Yes,,,,,,,,,,
pfp_bloom_filter_contains_unique_size_u32,0,NVIDIA B200,I64,U32,32,20,8,8,1000000000,16,Yes,,,,,,,,,,
pfp_bloom_filter_contains_unique_size_u32,0,NVIDIA B200,I64,U32,32,20,8,8,1000000000,32,Yes,,,,,,,,,,
pfp_bloom_filter_contains_unique_size_u32,0,NVIDIA B200,I64,U32,32,20,8,8,1000000000,64,Yes,,,,,,,,,,
pfp_bloom_filter_contains_unique_size_u32,0,NVIDIA B200,I64,U32,32,20,8,8,1000000000,128,Yes,,,,,,,,,,
pfp_bloom_filter_contains_unique_size_u32,0,NVIDIA B200,I64,U32,32,20,8,8,1000000000,256,Yes,,,,,,,,,,
pfp_bloom_filter_contains_unique_size_u32,0,NVIDIA B200,I64,U32,32,20,8,8,1000000000,512,Yes,,,,,,,,,,
pfp_bloom_filter_contains_unique_size_u32,0,NVIDIA B200,I64,U32,32,20,8,8,1000000000,1024,Yes,,,,,,,,,,
pfp_bloom_filter_contains_unique_size_u32,0,NVIDIA B200,I64,U32,32,20,8,8,1000000000,2048,Yes,,,,,,,,,,
pfp_bloom_filter_contains_unique_size_u32,0,NVIDIA B200,I64,U32,64,1,1,1,1000000000,1,No,0.160706252,2,86,0.005835443523255812,0.0007177433686394591,0.005821225720782612,0.0007171694190831581,171785127044.6113,89,0.005818517792090941
pfp_bloom_filter_contains_unique_size_u32,0,NVIDIA B200,I64,U32,64,1,1,1,1000000000,2,No,0.160622666,2,85,0.005910676270588237,0.00020313157150431333,0.0058961354648365705,0.00015227357737840992,169602616148.12103,88,0.005894132440740412
pfp_bloom_filter_contains_unique_size_u32,0,NVIDIA B200,I64,U32,64,1,1,1,1000000000,4,No,0.160622517,2,85,0.005943546752941177,0.00020677084679421054,0.0059290654126335635,0.00015692695857342224,168660645549.5018,88,0.005926283402876421
pfp_bloom_filter_contains_unique_size_u32,0,NVIDIA B200,I64,U32,64,1,1,1,1000000000,8,No,0.16060779,2,85,0.005959139411764708,0.00018920041112431847,0.005944648709016693,0.00014022086449815441,168218518696.18893,87,0.005941012678475216
pfp_bloom_filter_contains_unique_size_u32,0,NVIDIA B200,I64,U32,64,1,1,1,1000000000,16,No,0.160592939,2,85,0.005965649105882352,0.00022370571214099034,0.005951408453548659,0.00016370012157201729,168027452292.19278,87,0.00594739190463362
pfp_bloom_filter_contains_unique_size_u32,0,NVIDIA B200,I64,U32,64,1,1,1,1000000000,32,No,0.160594232,2,84,0.006000791571428571,0.0002614157001619948,0.005986423600287667,0.0001485045303452554,167044644143.11523,87,0.00597937081874102
pfp_bloom_filter_contains_unique_size_u32,0,NVIDIA B200,I64,U32,64,1,1,1,1000000000,64,No,0.160613244,2,67,0.007568934373134328,0.030361316191428376,0.007554341721890578,0.030445802895524735,132374207682.74913,68,0.007684322076685287
pfp_bloom_filter_contains_unique_size_u32,0,NVIDIA B200,I64,U32,64,1,1,1,1000000000,128,No,0.160594055,2,38,0.013376392447368421,0.1183737224798145,0.013360585287997594,0.11849551591966406,74847020429.43765,39,0.014267419643891163
pfp_bloom_filter_contains_unique_size_u32,0,NVIDIA B200,I64,U32,64,1,1,1,1000000000,256,No,0.160611554,2,30,0.017194495733333332,0.03723932508260941,0.017178698730468747,0.037247446109023225,58211626834.47988,32,0.01757113456726074
pfp_bloom_filter_contains_unique_size_u32,0,NVIDIA B200,I64,U32,64,1,1,1,1000000000,512,No,0.160621582,2,25,0.020094430640000004,0.03184059068808843,0.020078425674438474,0.0318533989165259,49804701634.20652,26,0.02045916513296274
pfp_bloom_filter_contains_unique_size_u32,0,NVIDIA B200,I64,U32,64,1,1,1,1000000000,1024,No,0.160605115,2,24,0.021695051500000003,0.03153800041202183,0.02167929339408874,0.031564475007062866,46126964648.79563,25,0.022038527374267577
pfp_bloom_filter_contains_unique_size_u32,0,NVIDIA B200,I64,U32,64,1,1,1,1000000000,2048,No,0.160616467,2,23,0.022157012826086963,0.007983692338301653,0.022141420530236287,0.007989259630556838,45164220544.675606,24,0.022381866772969567
pfp_bloom_filter_contains_unique_size_u32,0,NVIDIA B200,I64,U32,64,1,1,2,1000000000,1,No,0.160706252,2,92,0.005497116989130435,0.0006842235624070682,0.005482916479525357,0.0006698200795276745,182384685912.0071,95,0.005479951557360197
pfp_bloom_filter_contains_unique_size_u32,0,NVIDIA B200,I64,U32,64,1,1,2,1000000000,2,No,0.160622666,2,91,0.005558999274725273,0.00019994042520095443,0.005544622725182833,0.0001420049064974244,180354922158.7525,94,0.005541800640999003
pfp_bloom_filter_contains_unique_size_u32,0,NVIDIA B200,I64,U32,64,1,1,2,1000000000,4,No,0.160622517,2,90,0.005590927766666667,0.00022121786816317393,0.005576735199822316,0.00016562014610493135,179316385693.16714,93,0.00557368649718582
pfp_bloom_filter_contains_unique_size_u32,0,NVIDIA B200,I64,U32,64,1,1,2,1000000000,8,No,0.16060779,2,90,0.005606377211111107,0.00021000432396135638,0.005591842481825093,0.00015479698985297488,178831932989.93198,93,0.005588320496261761
pfp_bloom_filter_contains_unique_size_u32,0,NVIDIA B200,I64,U32,64,1,1,2,1000000000,16,No,0.160592939,2,90,0.005613835700000002,0.00019173156513664408,0.005599449258380463,0.00014229352682447122,178588992212.64334,93,0.005595103274109542
pfp_bloom_filter_contains_unique_size_u32,0,NVIDIA B200,I64,U32,64,1,1,2,1000000000,32,No,0.160594232,2,89,0.005644500213483147,0.0004370645542283093,0.0056299387899677415,0.00015469009664352955,177621824553.7497,92,0.0056221605383831525
pfp_bloom_filter_contains_unique_size_u32,0,NVIDIA B200,I64,U32,64,1,1,2,1000000000,64,No,0.160613244,2,69,0.007272169550724641,0.030632250364614286,0.007257751623789471,0.03070293925316036,137783717580.27628,70,0.00739722900390625
pfp_bloom_filter_contains_unique_size_u32,0,NVIDIA B200,I64,U32,64,1,1,2,1000000000,128,No,0.160594055,2,39,0.013140162871794873,0.3882959671313473,0.013124352748577409,0.388740390704341,76194233662.94336,40,0.012835659861564635
pfp_bloom_filter_contains_unique_size_u32,0,NVIDIA B200,I64,U32,64,1,1,2,1000000000,256,No,0.160611554,2,30,0.01691079256666667,0.054611570074051784,0.016894942919413243,0.054642190843923064,59189309177.89272,31,0.017154509821245747
pfp_bloom_filter_contains_unique_size_u32,0,NVIDIA B200,I64,U32,64,1,1,2,1000000000,512,No,0.160621582,2,26,0.019680083692307695,0.03173994949472337,0.019664189412043644,0.031773913773614264,50853863286.50466,27,0.020032852737991897
pfp_bloom_filter_contains_unique_size_u32,0,NVIDIA B200,I64,U32,64,1,1,2,1000000000,1024,No,0.160605115,2,24,0.021241419916666667,0.03033220952269089,0.021225581089655558,0.03035728824590835,47112962221.20191,25,0.021567652587890628
pfp_bloom_filter_contains_unique_size_u32,0,NVIDIA B200,I64,U32,64,1,1,2,1000000000,2048,No,0.160616467,2,23,0.021887093434782616,0.011464194433649117,0.021871213912963868,0.01146202540021085,45722199233.17852,24,0.022154917001724242
pfp_bloom_filter_contains_unique_size_u32,0,NVIDIA B200,I64,U32,64,1,1,4,1000000000,1,Yes,,,,,,,,,,
pfp_bloom_filter_contains_unique_size_u32,0,NVIDIA B200,I64,U32,64,1,1,4,1000000000,2,Yes,,,,,,,,,,
pfp_bloom_filter_contains_unique_size_u32,0,NVIDIA B200,I64,U32,64,1,1,4,1000000000,4,Yes,,,,,,,,,,
pfp_bloom_filter_contains_unique_size_u32,0,NVIDIA B200,I64,U32,64,1,1,4,1000000000,8,Yes,,,,,,,,,,
pfp_bloom_filter_contains_unique_size_u32,0,NVIDIA B200,I64,U32,64,1,1,4,1000000000,16,Yes,,,,,,,,,,
pfp_bloom_filter_contains_unique_size_u32,0,NVIDIA B200,I64,U32,64,1,1,4,1000000000,32,Yes,,,,,,,,,,
pfp_bloom_filter_contains_unique_size_u32,0,NVIDIA B200,I64,U32,64,1,1,4,1000000000,64,Yes,,,,,,,,,,
pfp_bloom_filter_contains_unique_size_u32,0,NVIDIA B200,I64,U32,64,1,1,4,1000000000,128,Yes,,,,,,,,,,
pfp_bloom_filter_contains_unique_size_u32,0,NVIDIA B200,I64,U32,64,1,1,4,1000000000,256,Yes,,,,,,,,,,
pfp_bloom_filter_contains_unique_size_u32,0,NVIDIA B200,I64,U32,64,1,1,4,1000000000,512,Yes,,,,,,,,,,
pfp_bloom_filter_contains_unique_size_u32,0,NVIDIA B200,I64,U32,64,1,1,4,1000000000,1024,Yes,,,,,,,,,,
pfp_bloom_filter_contains_unique_size_u32,0,NVIDIA B200,I64,U32,64,1,1,4,1000000000,2048,Yes,,,,,,,,,,
pfp_bloom_filter_contains_unique_size_u32,0,NVIDIA B200,I64,U32,64,1,1,8,1000000000,1,Yes,,,,,,,,,,
pfp_bloom_filter_contains_unique_size_u32,0,NVIDIA B200,I64,U32,64,1,1,8,1000000000,2,Yes,,,,,,,,,,
pfp_bloom_filter_contains_unique_size_u32,0,NVIDIA B200,I64,U32,64,1,1,8,1000000000,4,Yes,,,,,,,,,,
pfp_bloom_filter_contains_unique_size_u32,0,NVIDIA B200,I64,U32,64,1,1,8,1000000000,8,Yes,,,,,,,,,,
pfp_bloom_filter_contains_unique_size_u32,0,NVIDIA B200,I64,U32,64,1,1,8,1000000000,16,Yes,,,,,,,,,,
pfp_bloom_filter_contains_unique_size_u32,0,NVIDIA B200,I64,U32,64,1,1,8,1000000000,32,Yes,,,,,,,,,,
pfp_bloom_filter_contains_unique_size_u32,0,NVIDIA B200,I64,U32,64,1,1,8,1000000000,64,Yes,,,,,,,,,,
pfp_bloom_filter_contains_unique_size_u32,0,NVIDIA B200,I64,U32,64,1,1,8,1000000000,128,Yes,,,,,,,,,,
pfp_bloom_filter_contains_unique_size_u32,0,NVIDIA B200,I64,U32,64,1,1,8,1000000000,256,Yes,,,,,,,,,,
pfp_bloom_filter_contains_unique_size_u32,0,NVIDIA B200,I64,U32,64,1,1,8,1000000000,512,Yes,,,,,,,,,,
pfp_bloom_filter_contains_unique_size_u32,0,NVIDIA B200,I64,U32,64,1,1,8,1000000000,1024,Yes,,,,,,,,,,
pfp_bloom_filter_contains_unique_size_u32,0,NVIDIA B200,I64,U32,64,1,1,8,1000000000,2048,Yes,,,,,,,,,,
pfp_bloom_filter_contains_unique_size_u32,0,NVIDIA B200,I64,U32,64,1,2,1,1000000000,1,No,0.160706252,2,28,0.017922395464285708,0.0004341483329735902,0.01790729522705078,0.0004202257930791756,55843162650.7949,29,0.017904675713900864
pfp_bloom_filter_contains_unique_size_u32,0,NVIDIA B200,I64,U32,64,1,2,1,1000000000,2,No,0.160622666,2,28,0.017921957964285713,5.322927357522705e-05,0.01790661430358886,3.84512018730785e-05,55845286163.313354,29,0.01790538077518858
pfp_bloom_filter_contains_unique_size_u32,0,NVIDIA B200,I64,U32,64,1,2,1,1000000000,4,No,0.160622517,2,28,0.017921681571428573,8.218650040500244e-05,0.01790621655327933,4.766218981179424e-05,55846526653.161736,29,0.017905239762931038
pfp_bloom_filter_contains_unique_size_u32,0,NVIDIA B200,I64,U32,64,1,2,1,1000000000,8,No,0.16060779,2,28,0.01792200657142857,6.087569060883485e-05,0.017906950405665808,4.0579138838498145e-05,55844237982.788925,29,0.017905239762931038
pfp_bloom_filter_contains_unique_size_u32,0,NVIDIA B200,I64,U32,64,1,2,1,1000000000,16,No,0.160592939,2,28,0.01792278342857143,7.684364004202583e-05,0.017907336439405157,5.191527775476271e-05,55843034132.06089,29,0.01790509875067349
pfp_bloom_filter_contains_unique_size_u32,0,NVIDIA B200,I64,U32,64,1,2,1,1000000000,32,No,0.160594232,2,28,0.01792779982142857,7.164839847390309e-05,0.017912392139434817,4.752227555024405e-05,55827272662.173454,29,0.017908697720231678
pfp_bloom_filter_contains_unique_size_u32,0,NVIDIA B200,I64,U32,64,1,2,1,1000000000,64,No,0.160613244,2,28,0.018313720892857148,6.069631305716008e-05,0.018298006534576416,6.0043450278305663e-05,54650761989.31138,29,0.018293970042261583
pfp_bloom_filter_contains_unique_size_u32,0,NVIDIA B200,I64,U32,64,1,2,1,1000000000,128,No,0.160594055,2,27,0.018871519444444446,9.910773210615686e-05,0.018856145858764647,8.444210093269296e-05,53033106950.38899,28,0.01884975501469204
pfp_bloom_filter_contains_unique_size_u32,0,NVIDIA B200,I64,U32,64,1,2,1,1000000000,256,No,0.160611554,2,26,0.019782165423076925,0.01738727636927583,0.01976658821105957,0.017404397847523786,50590420022.02948,27,0.01999674676965784
pfp_bloom_filter_contains_unique_size_u32,0,NVIDIA B200,I64,U32,64,1,2,1,1000000000,512,No,0.160621582,2,24,0.021686822458333335,0.022255464579708367,0.021671003977457682,0.02225678193169793,46144608761.09877,25,0.02192990463256836
pfp_bloom_filter_contains_unique_size_u32,0,NVIDIA B200,I64,U32,64,1,2,1,1000000000,1024,No,0.160605115,2,22,0.02277184536363637,0.027809408891952922,0.022756306648254395,0.027824219369423083,43943862044.79753,23,0.023207440251889432
pfp_bloom_filter_contains_unique_size_u32,0,NVIDIA B200,I64,U32,64,1,2,1,1000000000,2048,No,0.160616467,2,22,0.023308543590909094,0.029065663473108523,0.02329265915263783,0.029070530807068413,42931980992.24977,23,0.02389531077509341
pfp_bloom_filter_contains_unique_size_u32,0,NVIDIA B200,I64,U32,64,1,2,2,1000000000,1,Yes,,,,,,,,,,
pfp_bloom_filter_contains_unique_size_u32,0,NVIDIA B200,I64,U32,64,1,2,2,1000000000,2,Yes,,,,,,,,,,
pfp_bloom_filter_contains_unique_size_u32,0,NVIDIA B200,I64,U32,64,1,2,2,1000000000,4,Yes,,,,,,,,,,
pfp_bloom_filter_contains_unique_size_u32,0,NVIDIA B200,I64,U32,64,1,2,2,1000000000,8,Yes,,,,,,,,,,
pfp_bloom_filter_contains_unique_size_u32,0,NVIDIA B200,I64,U32,64,1,2,2,1000000000,16,Yes,,,,,,,,,,
pfp_bloom_filter_contains_unique_size_u32,0,NVIDIA B200,I64,U32,64,1,2,2,1000000000,32,Yes,,,,,,,,,,
pfp_bloom_filter_contains_unique_size_u32,0,NVIDIA B200,I64,U32,64,1,2,2,1000000000,64,Yes,,,,,,,,,,
pfp_bloom_filter_contains_unique_size_u32,0,NVIDIA B200,I64,U32,64,1,2,2,1000000000,128,Yes,,,,,,,,,,
pfp_bloom_filter_contains_unique_size_u32,0,NVIDIA B200,I64,U32,64,1,2,2,1000000000,256,Yes,,,,,,,,,,
pfp_bloom_filter_contains_unique_size_u32,0,NVIDIA B200,I64,U32,64,1,2,2,1000000000,512,Yes,,,,,,,,,,
pfp_bloom_filter_contains_unique_size_u32,0,NVIDIA B200,I64,U32,64,1,2,2,1000000000,1024,Yes,,,,,,,,,,
pfp_bloom_filter_contains_unique_size_u32,0,NVIDIA B200,I64,U32,64,1,2,2,1000000000,2048,Yes,,,,,,,,,,
pfp_bloom_filter_contains_unique_size_u32,0,NVIDIA B200,I64,U32,64,1,2,4,1000000000,1,Yes,,,,,,,,,,
pfp_bloom_filter_contains_unique_size_u32,0,NVIDIA B200,I64,U32,64,1,2,4,1000000000,2,Yes,,,,,,,,,,
pfp_bloom_filter_contains_unique_size_u32,0,NVIDIA B200,I64,U32,64,1,2,4,1000000000,4,Yes,,,,,,,,,,
pfp_bloom_filter_contains_unique_size_u32,0,NVIDIA B200,I64,U32,64,1,2,4,1000000000,8,Yes,,,,,,,,,,
pfp_bloom_filter_contains_unique_size_u32,0,NVIDIA B200,I64,U32,64,1,2,4,1000000000,16,Yes,,,,,,,,,,
pfp_bloom_filter_contains_unique_size_u32,0,NVIDIA B200,I64,U32,64,1,2,4,1000000000,32,Yes,,,,,,,,,,
pfp_bloom_filter_contains_unique_size_u32,0,NVIDIA B200,I64,U32,64,1,2,4,1000000000,64,Yes,,,,,,,,,,
pfp_bloom_filter_contains_unique_size_u32,0,NVIDIA B200,I64,U32,64,1,2,4,1000000000,128,Yes,,,,,,,,,,
pfp_bloom_filter_contains_unique_size_u32,0,NVIDIA B200,I64,U32,64,1,2,4,1000000000,256,Yes,,,,,,,,,,
pfp_bloom_filter_contains_unique_size_u32,0,NVIDIA B200,I64,U32,64,1,2,4,1000000000,512,Yes,,,,,,,,,,
pfp_bloom_filter_contains_unique_size_u32,0,NVIDIA B200,I64,U32,64,1,2,4,1000000000,1024,Yes,,,,,,,,,,
pfp_bloom_filter_contains_unique_size_u32,0,NVIDIA B200,I64,U32,64,1,2,4,1000000000,2048,Yes,,,,,,,,,,
pfp_bloom_filter_contains_unique_size_u32,0,NVIDIA B200,I64,U32,64,1,2,8,1000000000,1,Yes,,,,,,,,,,
pfp_bloom_filter_contains_unique_size_u32,0,NVIDIA B200,I64,U32,64,1,2,8,1000000000,2,Yes,,,,,,,,,,
pfp_bloom_filter_contains_unique_size_u32,0,NVIDIA B200,I64,U32,64,1,2,8,1000000000,4,Yes,,,,,,,,,,
pfp_bloom_filter_contains_unique_size_u32,0,NVIDIA B200,I64,U32,64,1,2,8,1000000000,8,Yes,,,,,,,,,,
pfp_bloom_filter_contains_unique_size_u32,0,NVIDIA B200,I64,U32,64,1,2,8,1000000000,16,Yes,,,,,,,,,,
pfp_bloom_filter_contains_unique_size_u32,0,NVIDIA B200,I64,U32,64,1,2,8,1000000000,32,Yes,,,,,,,,,,
pfp_bloom_filter_contains_unique_size_u32,0,NVIDIA B200,I64,U32,64,1,2,8,1000000000,64,Yes,,,,,,,,,,
pfp_bloom_filter_contains_unique_size_u32,0,NVIDIA B200,I64,U32,64,1,2,8,1000000000,128,Yes,,,,,,,,,,
pfp_bloom_filter_contains_unique_size_u32,0,NVIDIA B200,I64,U32,64,1,2,8,1000000000,256,Yes,,,,,,,,,,
pfp_bloom_filter_contains_unique_size_u32,0,NVIDIA B200,I64,U32,64,1,2,8,1000000000,512,Yes,,,,,,,,,,
pfp_bloom_filter_contains_unique_size_u32,0,NVIDIA B200,I64,U32,64,1,2,8,1000000000,1024,Yes,,,,,,,,,,
pfp_bloom_filter_contains_unique_size_u32,0,NVIDIA B200,I64,U32,64,1,2,8,1000000000,2048,Yes,,,,,,,,,,
pfp_bloom_filter_contains_unique_size_u32,0,NVIDIA B200,I64,U32,64,1,4,1,1000000000,1,Yes,,,,,,,,,,
pfp_bloom_filter_contains_unique_size_u32,0,NVIDIA B200,I64,U32,64,1,4,1,1000000000,2,Yes,,,,,,,,,,
pfp_bloom_filter_contains_unique_size_u32,0,NVIDIA B200,I64,U32,64,1,4,1,1000000000,4,Yes,,,,,,,,,,
pfp_bloom_filter_contains_unique_size_u32,0,NVIDIA B200,I64,U32,64,1,4,1,1000000000,8,Yes,,,,,,,,,,
pfp_bloom_filter_contains_unique_size_u32,0,NVIDIA B200,I64,U32,64,1,4,1,1000000000,16,Yes,,,,,,,,,,
pfp_bloom_filter_contains_unique_size_u32,0,NVIDIA B200,I64,U32,64,1,4,1,1000000000,32,Yes,,,,,,,,,,
pfp_bloom_filter_contains_unique_size_u32,0,NVIDIA B200,I64,U32,64,1,4,1,1000000000,64,Yes,,,,,,,,,,
pfp_bloom_filter_contains_unique_size_u32,0,NVIDIA B200,I64,U32,64,1,4,1,1000000000,128,Yes,,,,,,,,,,
pfp_bloom_filter_contains_unique_size_u32,0,NVIDIA B200,I64,U32,64,1,4,1,1000000000,256,Yes,,,,,,,,,,
pfp_bloom_filter_contains_unique_size_u32,0,NVIDIA B200,I64,U32,64,1,4,1,1000000000,512,Yes,,,,,,,,,,
pfp_bloom_filter_contains_unique_size_u32,0,NVIDIA B200,I64,U32,64,1,4,1,1000000000,1024,Yes,,,,,,,,,,
pfp_bloom_filter_contains_unique_size_u32,0,NVIDIA B200,I64,U32,64,1,4,1,1000000000,2048,Yes,,,,,,,,,,
pfp_bloom_filter_contains_unique_size_u32,0,NVIDIA B200,I64,U32,64,1,4,2,1000000000,1,Yes,,,,,,,,,,
pfp_bloom_filter_contains_unique_size_u32,0,NVIDIA B200,I64,U32,64,1,4,2,1000000000,2,Yes,,,,,,,,,,
pfp_bloom_filter_contains_unique_size_u32,0,NVIDIA B200,I64,U32,64,1,4,2,1000000000,4,Yes,,,,,,,,,,
pfp_bloom_filter_contains_unique_size_u32,0,NVIDIA B200,I64,U32,64,1,4,2,1000000000,8,Yes,,,,,,,,,,
pfp_bloom_filter_contains_unique_size_u32,0,NVIDIA B200,I64,U32,64,1,4,2,1000000000,16,Yes,,,,,,,,,,
pfp_bloom_filter_contains_unique_size_u32,0,NVIDIA B200,I64,U32,64,1,4,2,1000000000,32,Yes,,,,,,,,,,
pfp_bloom_filter_contains_unique_size_u32,0,NVIDIA B200,I64,U32,64,1,4,2,1000000000,64,Yes,,,,,,,,,,
pfp_bloom_filter_contains_unique_size_u32,0,NVIDIA B200,I64,U32,64,1,4,2,1000000000,128,Yes,,,,,,,,,,
pfp_bloom_filter_contains_unique_size_u32,0,NVIDIA B200,I64,U32,64,1,4,2,1000000000,256,Yes,,,,,,,,,,
pfp_bloom_filter_contains_unique_size_u32,0,NVIDIA B200,I64,U32,64,1,4,2,1000000000,512,Yes,,,,,,,,,,
pfp_bloom_filter_contains_unique_size_u32,0,NVIDIA B200,I64,U32,64,1,4,2,1000000000,1024,Yes,,,,,,,,,,
pfp_bloom_filter_contains_unique_size_u32,0,NVIDIA B200,I64,U32,64,1,4,2,1000000000,2048,Yes,,,,,,,,,,
pfp_bloom_filter_contains_unique_size_u32,0,NVIDIA B200,I64,U32,64,1,4,4,1000000000,1,Yes,,,,,,,,,,
pfp_bloom_filter_contains_unique_size_u32,0,NVIDIA B200,I64,U32,64,1,4,4,1000000000,2,Yes,,,,,,,,,,
pfp_bloom_filter_contains_unique_size_u32,0,NVIDIA B200,I64,U32,64,1,4,4,1000000000,4,Yes,,,,,,,,,,
pfp_bloom_filter_contains_unique_size_u32,0,NVIDIA B200,I64,U32,64,1,4,4,1000000000,8,Yes,,,,,,,,,,
pfp_bloom_filter_contains_unique_size_u32,0,NVIDIA B200,I64,U32,64,1,4,4,1000000000,16,Yes,,,,,,,,,,
pfp_bloom_filter_contains_unique_size_u32,0,NVIDIA B200,I64,U32,64,1,4,4,1000000000,32,Yes,,,,,,,,,,
pfp_bloom_filter_contains_unique_size_u32,0,NVIDIA B200,I64,U32,64,1,4,4,1000000000,64,Yes,,,,,,,,,,
pfp_bloom_filter_contains_unique_size_u32,0,NVIDIA B200,I64,U32,64,1,4,4,1000000000,128,Yes,,,,,,,,,,
pfp_bloom_filter_contains_unique_size_u32,0,NVIDIA B200,I64,U32,64,1,4,4,1000000000,256,Yes,,,,,,,,,,
pfp_bloom_filter_contains_unique_size_u32,0,NVIDIA B200,I64,U32,64,1,4,4,1000000000,512,Yes,,,,,,,,,,
pfp_bloom_filter_contains_unique_size_u32,0,NVIDIA B200,I64,U32,64,1,4,4,1000000000,1024,Yes,,,,,,,,,,
pfp_bloom_filter_contains_unique_size_u32,0,NVIDIA B200,I64,U32,64,1,4,4,1000000000,2048,Yes,,,,,,,,,,
pfp_bloom_filter_contains_unique_size_u32,0,NVIDIA B200,I64,U32,64,1,4,8,1000000000,1,Yes,,,,,,,,,,
pfp_bloom_filter_contains_unique_size_u32,0,NVIDIA B200,I64,U32,64,1,4,8,1000000000,2,Yes,,,,,,,,,,
pfp_bloom_filter_contains_unique_size_u32,0,NVIDIA B200,I64,U32,64,1,4,8,1000000000,4,Yes,,,,,,,,,,
pfp_bloom_filter_contains_unique_size_u32,0,NVIDIA B200,I64,U32,64,1,4,8,1000000000,8,Yes,,,,,,,,,,
pfp_bloom_filter_contains_unique_size_u32,0,NVIDIA B200,I64,U32,64,1,4,8,1000000000,16,Yes,,,,,,,,,,
pfp_bloom_filter_contains_unique_size_u32,0,NVIDIA B200,I64,U32,64,1,4,8,1000000000,32,Yes,,,,,,,,,,
pfp_bloom_filter_contains_unique_size_u32,0,NVIDIA B200,I64,U32,64,1,4,8,1000000000,64,Yes,,,,,,,,,,
pfp_bloom_filter_contains_unique_size_u32,0,NVIDIA B200,I64,U32,64,1,4,8,1000000000,128,Yes,,,,,,,,,,
pfp_bloom_filter_contains_unique_size_u32,0,NVIDIA B200,I64,U32,64,1,4,8,1000000000,256,Yes,,,,,,,,,,
pfp_bloom_filter_contains_unique_size_u32,0,NVIDIA B200,I64,U32,64,1,4,8,1000000000,512,Yes,,,,,,,,,,
pfp_bloom_filter_contains_unique_size_u32,0,NVIDIA B200,I64,U32,64,1,4,8,1000000000,1024,Yes,,,,,,,,,,
pfp_bloom_filter_contains_unique_size_u32,0,NVIDIA B200,I64,U32,64,1,4,8,1000000000,2048,Yes,,,,,,,,,,
pfp_bloom_filter_contains_unique_size_u32,0,NVIDIA B200,I64,U32,64,1,8,1,1000000000,1,Yes,,,,,,,,,,
pfp_bloom_filter_contains_unique_size_u32,0,NVIDIA B200,I64,U32,64,1,8,1,1000000000,2,Yes,,,,,,,,,,
pfp_bloom_filter_contains_unique_size_u32,0,NVIDIA B200,I64,U32,64,1,8,1,1000000000,4,Yes,,,,,,,,,,
pfp_bloom_filter_contains_unique_size_u32,0,NVIDIA B200,I64,U32,64,1,8,1,1000000000,8,Yes,,,,,,,,,,
pfp_bloom_filter_contains_unique_size_u32,0,NVIDIA B200,I64,U32,64,1,8,1,1000000000,16,Yes,,,,,,,,,,
pfp_bloom_filter_contains_unique_size_u32,0,NVIDIA B200,I64,U32,64,1,8,1,1000000000,32,Yes,,,,,,,,,,
pfp_bloom_filter_contains_unique_size_u32,0,NVIDIA B200,I64,U32,64,1,8,1,1000000000,64,Yes,,,,,,,,,,
pfp_bloom_filter_contains_unique_size_u32,0,NVIDIA B200,I64,U32,64,1,8,1,1000000000,128,Yes,,,,,,,,,,
pfp_bloom_filter_contains_unique_size_u32,0,NVIDIA B200,I64,U32,64,1,8,1,1000000000,256,Yes,,,,,,,,,,
pfp_bloom_filter_contains_unique_size_u32,0,NVIDIA B200,I64,U32,64,1,8,1,1000000000,512,Yes,,,,,,,,,,
pfp_bloom_filter_contains_unique_size_u32,0,NVIDIA B200,I64,U32,64,1,8,1,1000000000,1024,Yes,,,,,,,,,,
pfp_bloom_filter_contains_unique_size_u32,0,NVIDIA B200,I64,U32,64,1,8,1,1000000000,2048,Yes,,,,,,,,,,
pfp_bloom_filter_contains_unique_size_u32,0,NVIDIA B200,I64,U32,64,1,8,2,1000000000,1,Yes,,,,,,,,,,
pfp_bloom_filter_contains_unique_size_u32,0,NVIDIA B200,I64,U32,64,1,8,2,1000000000,2,Yes,,,,,,,,,,
pfp_bloom_filter_contains_unique_size_u32,0,NVIDIA B200,I64,U32,64,1,8,2,1000000000,4,Yes,,,,,,,,,,
pfp_bloom_filter_contains_unique_size_u32,0,NVIDIA B200,I64,U32,64,1,8,2,1000000000,8,Yes,,,,,,,,,,
pfp_bloom_filter_contains_unique_size_u32,0,NVIDIA B200,I64,U32,64,1,8,2,1000000000,16,Yes,,,,,,,,,,
pfp_bloom_filter_contains_unique_size_u32,0,NVIDIA B200,I64,U32,64,1,8,2,1000000000,32,Yes,,,,,,,,,,
pfp_bloom_filter_contains_unique_size_u32,0,NVIDIA B200,I64,U32,64,1,8,2,1000000000,64,Yes,,,,,,,,,,
pfp_bloom_filter_contains_unique_size_u32,0,NVIDIA B200,I64,U32,64,1,8,2,1000000000,128,Yes,,,,,,,,,,
pfp_bloom_filter_contains_unique_size_u32,0,NVIDIA B200,I64,U32,64,1,8,2,1000000000,256,Yes,,,,,,,,,,
pfp_bloom_filter_contains_unique_size_u32,0,NVIDIA B200,I64,U32,64,1,8,2,1000000000,512,Yes,,,,,,,,,,
pfp_bloom_filter_contains_unique_size_u32,0,NVIDIA B200,I64,U32,64,1,8,2,1000000000,1024,Yes,,,,,,,,,,
pfp_bloom_filter_contains_unique_size_u32,0,NVIDIA B200,I64,U32,64,1,8,2,1000000000,2048,Yes,,,,,,,,,,
pfp_bloom_filter_contains_unique_size_u32,0,NVIDIA B200,I64,U32,64,1,8,4,1000000000,1,Yes,,,,,,,,,,
pfp_bloom_filter_contains_unique_size_u32,0,NVIDIA B200,I64,U32,64,1,8,4,1000000000,2,Yes,,,,,,,,,,
pfp_bloom_filter_contains_unique_size_u32,0,NVIDIA B200,I64,U32,64,1,8,4,1000000000,4,Yes,,,,,,,,,,
pfp_bloom_filter_contains_unique_size_u32,0,NVIDIA B200,I64,U32,64,1,8,4,1000000000,8,Yes,,,,,,,,,,
pfp_bloom_filter_contains_unique_size_u32,0,NVIDIA B200,I64,U32,64,1,8,4,1000000000,16,Yes,,,,,,,,,,
pfp_bloom_filter_contains_unique_size_u32,0,NVIDIA B200,I64,U32,64,1,8,4,1000000000,32,Yes,,,,,,,,,,
pfp_bloom_filter_contains_unique_size_u32,0,NVIDIA B200,I64,U32,64,1,8,4,1000000000,64,Yes,,,,,,,,,,
pfp_bloom_filter_contains_unique_size_u32,0,NVIDIA B200,I64,U32,64,1,8,4,1000000000,128,Yes,,,,,,,,,,
pfp_bloom_filter_contains_unique_size_u32,0,NVIDIA B200,I64,U32,64,1,8,4,1000000000,256,Yes,,,,,,,,,,
pfp_bloom_filter_contains_unique_size_u32,0,NVIDIA B200,I64,U32,64,1,8,4,1000000000,512,Yes,,,,,,,,,,
pfp_bloom_filter_contains_unique_size_u32,0,NVIDIA B200,I64,U32,64,1,8,4,1000000000,1024,Yes,,,,,,,,,,
pfp_bloom_filter_contains_unique_size_u32,0,NVIDIA B200,I64,U32,64,1,8,4,1000000000,2048,Yes,,,,,,,,,,
pfp_bloom_filter_contains_unique_size_u32,0,NVIDIA B200,I64,U32,64,1,8,8,1000000000,1,Yes,,,,,,,,,,
pfp_bloom_filter_contains_unique_size_u32,0,NVIDIA B200,I64,U32,64,1,8,8,1000000000,2,Yes,,,,,,,,,,
pfp_bloom_filter_contains_unique_size_u32,0,NVIDIA B200,I64,U32,64,1,8,8,1000000000,4,Yes,,,,,,,,,,
pfp_bloom_filter_contains_unique_size_u32,0,NVIDIA B200,I64,U32,64,1,8,8,1000000000,8,Yes,,,,,,,,,,
pfp_bloom_filter_contains_unique_size_u32,0,NVIDIA B200,I64,U32,64,1,8,8,1000000000,16,Yes,,,,,,,,,,
pfp_bloom_filter_contains_unique_size_u32,0,NVIDIA B200,I64,U32,64,1,8,8,1000000000,32,Yes,,,,,,,,,,
pfp_bloom_filter_contains_unique_size_u32,0,NVIDIA B200,I64,U32,64,1,8,8,1000000000,64,Yes,,,,,,,,,,
pfp_bloom_filter_contains_unique_size_u32,0,NVIDIA B200,I64,U32,64,1,8,8,1000000000,128,Yes,,,,,,,,,,
pfp_bloom_filter_contains_unique_size_u32,0,NVIDIA B200,I64,U32,64,1,8,8,1000000000,256,Yes,,,,,,,,,,
pfp_bloom_filter_contains_unique_size_u32,0,NVIDIA B200,I64,U32,64,1,8,8,1000000000,512,Yes,,,,,,,,,,
pfp_bloom_filter_contains_unique_size_u32,0,NVIDIA B200,I64,U32,64,1,8,8,1000000000,1024,Yes,,,,,,,,,,
pfp_bloom_filter_contains_unique_size_u32,0,NVIDIA B200,I64,U32,64,1,8,8,1000000000,2048,Yes,,,,,,,,,,
pfp_bloom_filter_contains_unique_size_u32,0,NVIDIA B200,I64,U32,64,20,1,1,1000000000,1,No,0.001143903,40,53,0.009482531452830189,0.003373640074691429,0.009467889335920226,0.0033741890237689197,105620161423.52869,55,0.009456435324928977
pfp_bloom_filter_contains_unique_size_u32,0,NVIDIA B200,I64,U32,64,20,1,1,1000000000,2,No,0.001210902,40,53,0.009475886811320755,0.00010562883241909596,0.009461063295040492,6.347965252060823e-05,105696365071.79927,55,0.009459302867542613
pfp_bloom_filter_contains_unique_size_u32,0,NVIDIA B200,I64,U32,64,20,1,1,1000000000,4,No,0.001202528,40,53,0.009477370943396226,0.00011821018444002198,0.009462718693715216,6.626872846833425e-05,105677874653.94725,55,0.00946095858487216
pfp_bloom_filter_contains_unique_size_u32,0,NVIDIA B200,I64,U32,64,20,1,1,1000000000,8,No,0.0012102,40,53,0.009478960358490567,0.00011826613872256795,0.009464253065721044,8.070430211996876e-05,105660741852.08972,55,0.009462058327414773
pfp_bloom_filter_contains_unique_size_u32,0,NVIDIA B200,I64,U32,64,20,1,1,1000000000,16,No,0.001232106,40,53,0.009480366584905659,0.00017742483561289835,0.009465524529511075,8.693916254349502e-05,105646548892.48416,55,0.009462839577414773
pfp_bloom_filter_contains_unique_size_u32,0,NVIDIA B200,I64,U32,64,20,1,1,1000000000,32,No,0.001209954,40,53,0.009482492245283022,0.0001345106114273689,0.009467563485199547,9.656765367574252e-05,105623796614.96646,55,0.009463695179332385
pfp_bloom_filter_contains_unique_size_u32,0,NVIDIA B200,I64,U32,64,20,1,1,1000000000,64,No,0.001222983,40,53,0.009520937339622643,0.00010062843447428378,0.00950615771311634,6.483487948249709e-05,105194972582.90034,55,0.009499104447798296
pfp_bloom_filter_contains_unique_size_u32,0,NVIDIA B200,I64,U32,64,20,1,1,1000000000,128,No,0.001218145,40,38,0.013416876631578948,0.20544435116574936,0.013401449278781282,0.20563781057851946,74618795265.92062,40,0.013266712951660157
pfp_bloom_filter_contains_unique_size_u32,0,NVIDIA B200,I64,U32,64,20,1,1,1000000000,256,No,0.001208729,40,30,0.0168280846,0.027219215006030868,0.016812255064646404,0.027233929524693768,59480420452.509476,32,0.016948064804077147
pfp_bloom_filter_contains_unique_size_u32,0,NVIDIA B200,I64,U32,64,20,1,1,1000000000,512,No,0.001215917,40,26,0.019552069653846156,0.02043575243375023,0.0195357906634991,0.020453091319882453,51188099689.68452,27,0.019765589325516312
pfp_bloom_filter_contains_unique_size_u32,0,NVIDIA B200,I64,U32,64,20,1,1,1000000000,1024,No,0.001208374,40,24,0.02114113075,0.013218836748660624,0.02112544004122416,0.013236322973839509,47336292074.79708,25,0.021350031509399413
pfp_bloom_filter_contains_unique_size_u32,0,NVIDIA B200,I64,U32,64,20,1,1,1000000000,2048,No,0.001208513,40,23,0.02222702578260869,0.008472894612783893,0.022210661680802053,0.008466673569934717,45023422281.217186,24,0.02237124355634053
pfp_bloom_filter_contains_unique_size_u32,0,NVIDIA B200,I64,U32,64,20,1,2,1000000000,1,No,0.001143903,40,53,0.00944946841509434,0.00044299740873297535,0.009434657672666148,0.000446924666759912,105992186965.84772,55,0.009431971324573863
pfp_bloom_filter_contains_unique_size_u32,0,NVIDIA B200,I64,U32,64,20,1,2,1000000000,2,No,0.001210902,40,53,0.009450597981132076,0.00011775446497522779,0.009435797151529566,6.684540860639975e-05,105979387214.56062,55,0.009433977716619319
pfp_bloom_filter_contains_unique_size_u32,0,NVIDIA B200,I64,U32,64,20,1,2,1000000000,4,No,0.001202528,40,53,0.009451633018867926,0.00012149033759275096,0.009436982982563522,8.724141336800117e-05,105966070072.14859,55,0.009435265003551137
pfp_bloom_filter_contains_unique_size_u32,0,NVIDIA B200,I64,U32,64,20,1,2,1000000000,8,No,0.0012102,40,53,0.009452640792452829,0.00010088544652054234,0.009437623509820903,7.129881183177583e-05,105958878202.69458,55,0.00943580655184659
pfp_bloom_filter_contains_unique_size_u32,0,NVIDIA B200,I64,U32,64,20,1,2,1000000000,16,No,0.001232106,40,53,0.009453602716981134,0.00012055847535360344,0.009438822440381314,7.10640735189627e-05,105945419178.75102,55,0.009436420232599432
pfp_bloom_filter_contains_unique_size_u32,0,NVIDIA B200,I64,U32,64,20,1,2,1000000000,32,No,0.001209954,40,53,0.009456962490566038,0.00010739091982363389,0.00944219042220206,7.197127161145916e-05,105907628980.73233,55,0.009438263494318182
pfp_bloom_filter_contains_unique_size_u32,0,NVIDIA B200,I64,U32,64,20,1,2,1000000000,64,No,0.001222983,40,53,0.009509383547169811,0.00013670131430337798,0.009494559252037191,9.879652215751052e-05,105323477736.51904,55,0.009487006170099432
pfp_bloom_filter_contains_unique_size_u32,0,NVIDIA B200,I64,U32,64,20,1,2,1000000000,128,No,0.001218145,40,38,0.013253536473684213,0.06348686874712833,0.013238071516940467,0.06355638992716803,75539703703.84555,39,0.013309689252804487
pfp_bloom_filter_contains_unique_size_u32,0,NVIDIA B200,I64,U32,64,20,1,2,1000000000,256,No,0.001208729,40,30,0.016914743333333333,0.03531769905832451,0.016898901398976644,0.03534905234863856,59175444390.75534,31,0.017018155005670364
pfp_bloom_filter_contains_unique_size_u32,0,NVIDIA B200,I64,U32,64,20,1,2,1000000000,512,No,0.001215917,40,26,0.019603280115384612,0.01798994256993203,0.019587702164283165,0.01799427942053913,51052440537.07492,27,0.01983995451750579
pfp_bloom_filter_contains_unique_size_u32,0,NVIDIA B200,I64,U32,64,20,1,2,1000000000,1024,No,0.001208374,40,24,0.02117178416666667,0.015105806813243567,0.021155929327011113,0.015112652484022897,47268072441.669426,25,0.021390664520263673
pfp_bloom_filter_contains_unique_size_u32,0,NVIDIA B200,I64,U32,64,20,1,2,1000000000,2048,No,0.001208513,40,23,0.022099684782608698,0.011901801771928653,0.022083430995111883,0.01191350546571671,45282818608.27458,24,0.02231155260403951
pfp_bloom_filter_contains_unique_size_u32,0,NVIDIA B200,I64,U32,64,20,1,4,1000000000,1,Yes,,,,,,,,,,
pfp_bloom_filter_contains_unique_size_u32,0,NVIDIA B200,I64,U32,64,20,1,4,1000000000,2,Yes,,,,,,,,,,
pfp_bloom_filter_contains_unique_size_u32,0,NVIDIA B200,I64,U32,64,20,1,4,1000000000,4,Yes,,,,,,,,,,
pfp_bloom_filter_contains_unique_size_u32,0,NVIDIA B200,I64,U32,64,20,1,4,1000000000,8,Yes,,,,,,,,,,
pfp_bloom_filter_contains_unique_size_u32,0,NVIDIA B200,I64,U32,64,20,1,4,1000000000,16,Yes,,,,,,,,,,
pfp_bloom_filter_contains_unique_size_u32,0,NVIDIA B200,I64,U32,64,20,1,4,1000000000,32,Yes,,,,,,,,,,
pfp_bloom_filter_contains_unique_size_u32,0,NVIDIA B200,I64,U32,64,20,1,4,1000000000,64,Yes,,,,,,,,,,
pfp_bloom_filter_contains_unique_size_u32,0,NVIDIA B200,I64,U32,64,20,1,4,1000000000,128,Yes,,,,,,,,,,
pfp_bloom_filter_contains_unique_size_u32,0,NVIDIA B200,I64,U32,64,20,1,4,1000000000,256,Yes,,,,,,,,,,
pfp_bloom_filter_contains_unique_size_u32,0,NVIDIA B200,I64,U32,64,20,1,4,1000000000,512,Yes,,,,,,,,,,
pfp_bloom_filter_contains_unique_size_u32,0,NVIDIA B200,I64,U32,64,20,1,4,1000000000,1024,Yes,,,,,,,,,,
pfp_bloom_filter_contains_unique_size_u32,0,NVIDIA B200,I64,U32,64,20,1,4,1000000000,2048,Yes,,,,,,,,,,
pfp_bloom_filter_contains_unique_size_u32,0,NVIDIA B200,I64,U32,64,20,1,8,1000000000,1,Yes,,,,,,,,,,
pfp_bloom_filter_contains_unique_size_u32,0,NVIDIA B200,I64,U32,64,20,1,8,1000000000,2,Yes,,,,,,,,,,
pfp_bloom_filter_contains_unique_size_u32,0,NVIDIA B200,I64,U32,64,20,1,8,1000000000,4,Yes,,,,,,,,,,
pfp_bloom_filter_contains_unique_size_u32,0,NVIDIA B200,I64,U32,64,20,1,8,1000000000,8,Yes,,,,,,,,,,
pfp_bloom_filter_contains_unique_size_u32,0,NVIDIA B200,I64,U32,64,20,1,8,1000000000,16,Yes,,,,,,,,,,
pfp_bloom_filter_contains_unique_size_u32,0,NVIDIA B200,I64,U32,64,20,1,8,1000000000,32,Yes,,,,,,,,,,
pfp_bloom_filter_contains_unique_size_u32,0,NVIDIA B200,I64,U32,64,20,1,8,1000000000,64,Yes,,,,,,,,,,
pfp_bloom_filter_contains_unique_size_u32,0,NVIDIA B200,I64,U32,64,20,1,8,1000000000,128,Yes,,,,,,,,,,
pfp_bloom_filter_contains_unique_size_u32,0,NVIDIA B200,I64,U32,64,20,1,8,1000000000,256,Yes,,,,,,,,,,
pfp_bloom_filter_contains_unique_size_u32,0,NVIDIA B200,I64,U32,64,20,1,8,1000000000,512,Yes,,,,,,,,,,
pfp_bloom_filter_contains_unique_size_u32,0,NVIDIA B200,I64,U32,64,20,1,8,1000000000,1024,Yes,,,,,,,,,,
pfp_bloom_filter_contains_unique_size_u32,0,NVIDIA B200,I64,U32,64,20,1,8,1000000000,2048,Yes,,,,,,,,,,
pfp_bloom_filter_contains_unique_size_u32,0,NVIDIA B200,I64,U32,64,20,2,1,1000000000,1,No,0.001143903,40,23,0.02227091295652174,0.000266165429279708,0.022254777493684187,0.00025102224482060774,44934172012.44972,24,0.02225275739034017
pfp_bloom_filter_contains_unique_size_u32,0,NVIDIA B200,I64,U32,64,20,2,1,1000000000,2,No,0.001210902,40,23,0.02227009860869565,4.9002533777942144e-05,0.02225420844036599,2.981226171276568e-05,44935321005.89753,24,0.02225296902656555
pfp_bloom_filter_contains_unique_size_u32,0,NVIDIA B200,I64,U32,64,20,2,1,1000000000,4,No,0.001202528,40,23,0.022270355217391305,4.946805730181594e-05,0.022254482518071713,2.9116372215130202e-05,44934767599.64883,24,0.022253141403198243
pfp_bloom_filter_contains_unique_size_u32,0,NVIDIA B200,I64,U32,64,20,2,1,1000000000,8,No,0.0012102,40,23,0.02227049956521739,6.574242736655787e-05,0.02225451013316279,3.885792397105046e-05,44934711841.166954,24,0.022253098169962567
pfp_bloom_filter_contains_unique_size_u32,0,NVIDIA B200,I64,U32,64,20,2,1,1000000000,16,No,0.001232106,40,23,0.022270824304347826,5.129636879859434e-05,0.02225477343020232,2.555339418073786e-05,44934180216.945435,24,0.02225335510571798
pfp_bloom_filter_contains_unique_size_u32,0,NVIDIA B200,I64,U32,64,20,2,1,1000000000,32,No,0.001209954,40,23,0.022270990869565216,4.301848362230568e-05,0.022255266604216208,2.656855924822887e-05,44933184480.95123,24,0.022254118998845423
pfp_bloom_filter_contains_unique_size_u32,0,NVIDIA B200,I64,U32,64,20,2,1,1000000000,64,No,0.001222983,40,23,0.022300793304347828,4.4988044671875184e-05,0.022284863015879758,2.3135803809334937e-05,44873508950.33187,24,0.022282496134440107
pfp_bloom_filter_contains_unique_size_u32,0,NVIDIA B200,I64,U32,64,20,2,1,1000000000,128,No,0.001218145,40,23,0.022371361391304346,6.070380539640063e-05,0.022354704898336665,4.8571657448190384e-05,44733312497.20082,24,0.02235042134920756
pfp_bloom_filter_contains_unique_size_u32,0,NVIDIA B200,I64,U32,64,20,2,1,1000000000,256,No,0.001208729,40,23,0.022479171043478262,0.0011651471702396362,0.022463401545648985,0.0011601945580570789,44516855471.23621,24,0.02251246786117554
pfp_bloom_filter_contains_unique_size_u32,0,NVIDIA B200,I64,U32,64,20,2,1,1000000000,512,No,0.001215917,40,22,0.023809517636363634,0.01228149662206361,0.02379320725527677,0.012290061861557318,42028802139.662094,23,0.023928153908771014
pfp_bloom_filter_contains_unique_size_u32,0,NVIDIA B200,I64,U32,64,20,2,1,1000000000,1024,No,0.001208374,40,21,0.024827669571428575,0.012197905721038906,0.02481157348269508,0.012209586368636118,40303771975.50384,22,0.024971171552484683
pfp_bloom_filter_contains_unique_size_u32,0,NVIDIA B200,I64,U32,64,20,2,1,1000000000,2048,No,0.001208513,40,20,0.0253162409,0.014755185053794551,0.02529991998672485,0.014766579904124392,39525816703.163925,21,0.0255205561319987
pfp_bloom_filter_contains_unique_size_u32,0,NVIDIA B200,I64,U32,64,20,2,2,1000000000,1,Yes,,,,,,,,,,
pfp_bloom_filter_contains_unique_size_u32,0,NVIDIA B200,I64,U32,64,20,2,2,1000000000,2,Yes,,,,,,,,,,
pfp_bloom_filter_contains_unique_size_u32,0,NVIDIA B200,I64,U32,64,20,2,2,1000000000,4,Yes,,,,,,,,,,
pfp_bloom_filter_contains_unique_size_u32,0,NVIDIA B200,I64,U32,64,20,2,2,1000000000,8,Yes,,,,,,,,,,
pfp_bloom_filter_contains_unique_size_u32,0,NVIDIA B200,I64,U32,64,20,2,2,1000000000,16,Yes,,,,,,,,,,
pfp_bloom_filter_contains_unique_size_u32,0,NVIDIA B200,I64,U32,64,20,2,2,1000000000,32,Yes,,,,,,,,,,
pfp_bloom_filter_contains_unique_size_u32,0,NVIDIA B200,I64,U32,64,20,2,2,1000000000,64,Yes,,,,,,,,,,
pfp_bloom_filter_contains_unique_size_u32,0,NVIDIA B200,I64,U32,64,20,2,2,1000000000,128,Yes,,,,,,,,,,
pfp_bloom_filter_contains_unique_size_u32,0,NVIDIA B200,I64,U32,64,20,2,2,1000000000,256,Yes,,,,,,,,,,
pfp_bloom_filter_contains_unique_size_u32,0,NVIDIA B200,I64,U32,64,20,2,2,1000000000,512,Yes,,,,,,,,,,
pfp_bloom_filter_contains_unique_size_u32,0,NVIDIA B200,I64,U32,64,20,2,2,1000000000,1024,Yes,,,,,,,,,,
pfp_bloom_filter_contains_unique_size_u32,0,NVIDIA B200,I64,U32,64,20,2,2,1000000000,2048,Yes,,,,,,,,,,
pfp_bloom_filter_contains_unique_size_u32,0,NVIDIA B200,I64,U32,64,20,2,4,1000000000,1,Yes,,,,,,,,,,
pfp_bloom_filter_contains_unique_size_u32,0,NVIDIA B200,I64,U32,64,20,2,4,1000000000,2,Yes,,,,,,,,,,
pfp_bloom_filter_contains_unique_size_u32,0,NVIDIA B200,I64,U32,64,20,2,4,1000000000,4,Yes,,,,,,,,,,
pfp_bloom_filter_contains_unique_size_u32,0,NVIDIA B200,I64,U32,64,20,2,4,1000000000,8,Yes,,,,,,,,,,
pfp_bloom_filter_contains_unique_size_u32,0,NVIDIA B200,I64,U32,64,20,2,4,1000000000,16,Yes,,,,,,,,,,
pfp_bloom_filter_contains_unique_size_u32,0,NVIDIA B200,I64,U32,64,20,2,4,1000000000,32,Yes,,,,,,,,,,
pfp_bloom_filter_contains_unique_size_u32,0,NVIDIA B200,I64,U32,64,20,2,4,1000000000,64,Yes,,,,,,,,,,
pfp_bloom_filter_contains_unique_size_u32,0,NVIDIA B200,I64,U32,64,20,2,4,1000000000,128,Yes,,,,,,,,,,
pfp_bloom_filter_contains_unique_size_u32,0,NVIDIA B200,I64,U32,64,20,2,4,1000000000,256,Yes,,,,,,,,,,
pfp_bloom_filter_contains_unique_size_u32,0,NVIDIA B200,I64,U32,64,20,2,4,1000000000,512,Yes,,,,,,,,,,
pfp_bloom_filter_contains_unique_size_u32,0,NVIDIA B200,I64,U32,64,20,2,4,1000000000,1024,Yes,,,,,,,,,,
pfp_bloom_filter_contains_unique_size_u32,0,NVIDIA B200,I64,U32,64,20,2,4,1000000000,2048,Yes,,,,,,,,,,
pfp_bloom_filter_contains_unique_size_u32,0,NVIDIA B200,I64,U32,64,20,2,8,1000000000,1,Yes,,,,,,,,,,
pfp_bloom_filter_contains_unique_size_u32,0,NVIDIA B200,I64,U32,64,20,2,8,1000000000,2,Yes,,,,,,,,,,
pfp_bloom_filter_contains_unique_size_u32,0,NVIDIA B200,I64,U32,64,20,2,8,1000000000,4,Yes,,,,,,,,,,
pfp_bloom_filter_contains_unique_size_u32,0,NVIDIA B200,I64,U32,64,20,2,8,1000000000,8,Yes,,,,,,,,,,
pfp_bloom_filter_contains_unique_size_u32,0,NVIDIA B200,I64,U32,64,20,2,8,1000000000,16,Yes,,,,,,,,,,
pfp_bloom_filter_contains_unique_size_u32,0,NVIDIA B200,I64,U32,64,20,2,8,1000000000,32,Yes,,,,,,,,,,
pfp_bloom_filter_contains_unique_size_u32,0,NVIDIA B200,I64,U32,64,20,2,8,1000000000,64,Yes,,,,,,,,,,
pfp_bloom_filter_contains_unique_size_u32,0,NVIDIA B200,I64,U32,64,20,2,8,1000000000,128,Yes,,,,,,,,,,
pfp_bloom_filter_contains_unique_size_u32,0,NVIDIA B200,I64,U32,64,20,2,8,1000000000,256,Yes,,,,,,,,,,
pfp_bloom_filter_contains_unique_size_u32,0,NVIDIA B200,I64,U32,64,20,2,8,1000000000,512,Yes,,,,,,,,,,
pfp_bloom_filter_contains_unique_size_u32,0,NVIDIA B200,I64,U32,64,20,2,8,1000000000,1024,Yes,,,,,,,,,,
pfp_bloom_filter_contains_unique_size_u32,0,NVIDIA B200,I64,U32,64,20,2,8,1000000000,2048,Yes,,,,,,,,,,
pfp_bloom_filter_contains_unique_size_u32,0,NVIDIA B200,I64,U32,64,20,4,1,1000000000,1,Yes,,,,,,,,,,
pfp_bloom_filter_contains_unique_size_u32,0,NVIDIA B200,I64,U32,64,20,4,1,1000000000,2,Yes,,,,,,,,,,
pfp_bloom_filter_contains_unique_size_u32,0,NVIDIA B200,I64,U32,64,20,4,1,1000000000,4,Yes,,,,,,,,,,
pfp_bloom_filter_contains_unique_size_u32,0,NVIDIA B200,I64,U32,64,20,4,1,1000000000,8,Yes,,,,,,,,,,
pfp_bloom_filter_contains_unique_size_u32,0,NVIDIA B200,I64,U32,64,20,4,1,1000000000,16,Yes,,,,,,,,,,
pfp_bloom_filter_contains_unique_size_u32,0,NVIDIA B200,I64,U32,64,20,4,1,1000000000,32,Yes,,,,,,,,,,
pfp_bloom_filter_contains_unique_size_u32,0,NVIDIA B200,I64,U32,64,20,4,1,1000000000,64,Yes,,,,,,,,,,
pfp_bloom_filter_contains_unique_size_u32,0,NVIDIA B200,I64,U32,64,20,4,1,1000000000,128,Yes,,,,,,,,,,
pfp_bloom_filter_contains_unique_size_u32,0,NVIDIA B200,I64,U32,64,20,4,1,1000000000,256,Yes,,,,,,,,,,
pfp_bloom_filter_contains_unique_size_u32,0,NVIDIA B200,I64,U32,64,20,4,1,1000000000,512,Yes,,,,,,,,,,
pfp_bloom_filter_contains_unique_size_u32,0,NVIDIA B200,I64,U32,64,20,4,1,1000000000,1024,Yes,,,,,,,,,,
pfp_bloom_filter_contains_unique_size_u32,0,NVIDIA B200,I64,U32,64,20,4,1,1000000000,2048,Yes,,,,,,,,,,
pfp_bloom_filter_contains_unique_size_u32,0,NVIDIA B200,I64,U32,64,20,4,2,1000000000,1,Yes,,,,,,,,,,
pfp_bloom_filter_contains_unique_size_u32,0,NVIDIA B200,I64,U32,64,20,4,2,1000000000,2,Yes,,,,,,,,,,
pfp_bloom_filter_contains_unique_size_u32,0,NVIDIA B200,I64,U32,64,20,4,2,1000000000,4,Yes,,,,,,,,,,
pfp_bloom_filter_contains_unique_size_u32,0,NVIDIA B200,I64,U32,64,20,4,2,1000000000,8,Yes,,,,,,,,,,
pfp_bloom_filter_contains_unique_size_u32,0,NVIDIA B200,I64,U32,64,20,4,2,1000000000,16,Yes,,,,,,,,,,
pfp_bloom_filter_contains_unique_size_u32,0,NVIDIA B200,I64,U32,64,20,4,2,1000000000,32,Yes,,,,,,,,,,
pfp_bloom_filter_contains_unique_size_u32,0,NVIDIA B200,I64,U32,64,20,4,2,1000000000,64,Yes,,,,,,,,,,
pfp_bloom_filter_contains_unique_size_u32,0,NVIDIA B200,I64,U32,64,20,4,2,1000000000,128,Yes,,,,,,,,,,
pfp_bloom_filter_contains_unique_size_u32,0,NVIDIA B200,I64,U32,64,20,4,2,1000000000,256,Yes,,,,,,,,,,
pfp_bloom_filter_contains_unique_size_u32,0,NVIDIA B200,I64,U32,64,20,4,2,1000000000,512,Yes,,,,,,,,,,
pfp_bloom_filter_contains_unique_size_u32,0,NVIDIA B200,I64,U32,64,20,4,2,1000000000,1024,Yes,,,,,,,,,,
pfp_bloom_filter_contains_unique_size_u32,0,NVIDIA B200,I64,U32,64,20,4,2,1000000000,2048,Yes,,,,,,,,,,
pfp_bloom_filter_contains_unique_size_u32,0,NVIDIA B200,I64,U32,64,20,4,4,1000000000,1,Yes,,,,,,,,,,
pfp_bloom_filter_contains_unique_size_u32,0,NVIDIA B200,I64,U32,64,20,4,4,1000000000,2,Yes,,,,,,,,,,
pfp_bloom_filter_contains_unique_size_u32,0,NVIDIA B200,I64,U32,64,20,4,4,1000000000,4,Yes,,,,,,,,,,
pfp_bloom_filter_contains_unique_size_u32,0,NVIDIA B200,I64,U32,64,20,4,4,1000000000,8,Yes,,,,,,,,,,
pfp_bloom_filter_contains_unique_size_u32,0,NVIDIA B200,I64,U32,64,20,4,4,1000000000,16,Yes,,,,,,,,,,
pfp_bloom_filter_contains_unique_size_u32,0,NVIDIA B200,I64,U32,64,20,4,4,1000000000,32,Yes,,,,,,,,,,
pfp_bloom_filter_contains_unique_size_u32,0,NVIDIA B200,I64,U32,64,20,4,4,1000000000,64,Yes,,,,,,,,,,
pfp_bloom_filter_contains_unique_size_u32,0,NVIDIA B200,I64,U32,64,20,4,4,1000000000,128,Yes,,,,,,,,,,
pfp_bloom_filter_contains_unique_size_u32,0,NVIDIA B200,I64,U32,64,20,4,4,1000000000,256,Yes,,,,,,,,,,
pfp_bloom_filter_contains_unique_size_u32,0,NVIDIA B200,I64,U32,64,20,4,4,1000000000,512,Yes,,,,,,,,,,
pfp_bloom_filter_contains_unique_size_u32,0,NVIDIA B200,I64,U32,64,20,4,4,1000000000,1024,Yes,,,,,,,,,,
pfp_bloom_filter_contains_unique_size_u32,0,NVIDIA B200,I64,U32,64,20,4,4,1000000000,2048,Yes,,,,,,,,,,
pfp_bloom_filter_contains_unique_size_u32,0,NVIDIA B200,I64,U32,64,20,4,8,1000000000,1,Yes,,,,,,,,,,
pfp_bloom_filter_contains_unique_size_u32,0,NVIDIA B200,I64,U32,64,20,4,8,1000000000,2,Yes,,,,,,,,,,
pfp_bloom_filter_contains_unique_size_u32,0,NVIDIA B200,I64,U32,64,20,4,8,1000000000,4,Yes,,,,,,,,,,
pfp_bloom_filter_contains_unique_size_u32,0,NVIDIA B200,I64,U32,64,20,4,8,1000000000,8,Yes,,,,,,,,,,
pfp_bloom_filter_contains_unique_size_u32,0,NVIDIA B200,I64,U32,64,20,4,8,1000000000,16,Yes,,,,,,,,,,
pfp_bloom_filter_contains_unique_size_u32,0,NVIDIA B200,I64,U32,64,20,4,8,1000000000,32,Yes,,,,,,,,,,
pfp_bloom_filter_contains_unique_size_u32,0,NVIDIA B200,I64,U32,64,20,4,8,1000000000,64,Yes,,,,,,,,,,
pfp_bloom_filter_contains_unique_size_u32,0,NVIDIA B200,I64,U32,64,20,4,8,1000000000,128,Yes,,,,,,,,,,
pfp_bloom_filter_contains_unique_size_u32,0,NVIDIA B200,I64,U32,64,20,4,8,1000000000,256,Yes,,,,,,,,,,
pfp_bloom_filter_contains_unique_size_u32,0,NVIDIA B200,I64,U32,64,20,4,8,1000000000,512,Yes,,,,,,,,,,
pfp_bloom_filter_contains_unique_size_u32,0,NVIDIA B200,I64,U32,64,20,4,8,1000000000,1024,Yes,,,,,,,,,,
pfp_bloom_filter_contains_unique_size_u32,0,NVIDIA B200,I64,U32,64,20,4,8,1000000000,2048,Yes,,,,,,,,,,
pfp_bloom_filter_contains_unique_size_u32,0,NVIDIA B200,I64,U32,64,20,8,1,1000000000,1,Yes,,,,,,,,,,
pfp_bloom_filter_contains_unique_size_u32,0,NVIDIA B200,I64,U32,64,20,8,1,1000000000,2,Yes,,,,,,,,,,
pfp_bloom_filter_contains_unique_size_u32,0,NVIDIA B200,I64,U32,64,20,8,1,1000000000,4,Yes,,,,,,,,,,
pfp_bloom_filter_contains_unique_size_u32,0,NVIDIA B200,I64,U32,64,20,8,1,1000000000,8,Yes,,,,,,,,,,
pfp_bloom_filter_contains_unique_size_u32,0,NVIDIA B200,I64,U32,64,20,8,1,1000000000,16,Yes,,,,,,,,,,
pfp_bloom_filter_contains_unique_size_u32,0,NVIDIA B200,I64,U32,64,20,8,1,1000000000,32,Yes,,,,,,,,,,
pfp_bloom_filter_contains_unique_size_u32,0,NVIDIA B200,I64,U32,64,20,8,1,1000000000,64,Yes,,,,,,,,,,
pfp_bloom_filter_contains_unique_size_u32,0,NVIDIA B200,I64,U32,64,20,8,1,1000000000,128,Yes,,,,,,,,,,
pfp_bloom_filter_contains_unique_size_u32,0,NVIDIA B200,I64,U32,64,20,8,1,1000000000,256,Yes,,,,,,,,,,
pfp_bloom_filter_contains_unique_size_u32,0,NVIDIA B200,I64,U32,64,20,8,1,1000000000,512,Yes,,,,,,,,,,
pfp_bloom_filter_contains_unique_size_u32,0,NVIDIA B200,I64,U32,64,20,8,1,1000000000,1024,Yes,,,,,,,,,,
pfp_bloom_filter_contains_unique_size_u32,0,NVIDIA B200,I64,U32,64,20,8,1,1000000000,2048,Yes,,,,,,,,,,
pfp_bloom_filter_contains_unique_size_u32,0,NVIDIA B200,I64,U32,64,20,8,2,1000000000,1,Yes,,,,,,,,,,
pfp_bloom_filter_contains_unique_size_u32,0,NVIDIA B200,I64,U32,64,20,8,2,1000000000,2,Yes,,,,,,,,,,
pfp_bloom_filter_contains_unique_size_u32,0,NVIDIA B200,I64,U32,64,20,8,2,1000000000,4,Yes,,,,,,,,,,
pfp_bloom_filter_contains_unique_size_u32,0,NVIDIA B200,I64,U32,64,20,8,2,1000000000,8,Yes,,,,,,,,,,
pfp_bloom_filter_contains_unique_size_u32,0,NVIDIA B200,I64,U32,64,20,8,2,1000000000,16,Yes,,,,,,,,,,
pfp_bloom_filter_contains_unique_size_u32,0,NVIDIA B200,I64,U32,64,20,8,2,1000000000,32,Yes,,,,,,,,,,
pfp_bloom_filter_contains_unique_size_u32,0,NVIDIA B200,I64,U32,64,20,8,2,1000000000,64,Yes,,,,,,,,,,
pfp_bloom_filter_contains_unique_size_u32,0,NVIDIA B200,I64,U32,64,20,8,2,1000000000,128,Yes,,,,,,,,,,
pfp_bloom_filter_contains_unique_size_u32,0,NVIDIA B200,I64,U32,64,20,8,2,1000000000,256,Yes,,,,,,,,,,
pfp_bloom_filter_contains_unique_size_u32,0,NVIDIA B200,I64,U32,64,20,8,2,1000000000,512,Yes,,,,,,,,,,
pfp_bloom_filter_contains_unique_size_u32,0,NVIDIA B200,I64,U32,64,20,8,2,1000000000,1024,Yes,,,,,,,,,,
pfp_bloom_filter_contains_unique_size_u32,0,NVIDIA B200,I64,U32,64,20,8,2,1000000000,2048,Yes,,,,,,,,,,
pfp_bloom_filter_contains_unique_size_u32,0,NVIDIA B200,I64,U32,64,20,8,4,1000000000,1,Yes,,,,,,,,,,
pfp_bloom_filter_contains_unique_size_u32,0,NVIDIA B200,I64,U32,64,20,8,4,1000000000,2,Yes,,,,,,,,,,
pfp_bloom_filter_contains_unique_size_u32,0,NVIDIA B200,I64,U32,64,20,8,4,1000000000,4,Yes,,,,,,,,,,
pfp_bloom_filter_contains_unique_size_u32,0,NVIDIA B200,I64,U32,64,20,8,4,1000000000,8,Yes,,,,,,,,,,
pfp_bloom_filter_contains_unique_size_u32,0,NVIDIA B200,I64,U32,64,20,8,4,1000000000,16,Yes,,,,,,,,,,
pfp_bloom_filter_contains_unique_size_u32,0,NVIDIA B200,I64,U32,64,20,8,4,1000000000,32,Yes,,,,,,,,,,
pfp_bloom_filter_contains_unique_size_u32,0,NVIDIA B200,I64,U32,64,20,8,4,1000000000,64,Yes,,,,,,,,,,
pfp_bloom_filter_contains_unique_size_u32,0,NVIDIA B200,I64,U32,64,20,8,4,1000000000,128,Yes,,,,,,,,,,
pfp_bloom_filter_contains_unique_size_u32,0,NVIDIA B200,I64,U32,64,20,8,4,1000000000,256,Yes,,,,,,,,,,
pfp_bloom_filter_contains_unique_size_u32,0,NVIDIA B200,I64,U32,64,20,8,4,1000000000,512,Yes,,,,,,,,,,
pfp_bloom_filter_contains_unique_size_u32,0,NVIDIA B200,I64,U32,64,20,8,4,1000000000,1024,Yes,,,,,,,,,,
pfp_bloom_filter_contains_unique_size_u32,0,NVIDIA B200,I64,U32,64,20,8,4,1000000000,2048,Yes,,,,,,,,,,
pfp_bloom_filter_contains_unique_size_u32,0,NVIDIA B200,I64,U32,64,20,8,8,1000000000,1,Yes,,,,,,,,,,
pfp_bloom_filter_contains_unique_size_u32,0,NVIDIA B200,I64,U32,64,20,8,8,1000000000,2,Yes,,,,,,,,,,
pfp_bloom_filter_contains_unique_size_u32,0,NVIDIA B200,I64,U32,64,20,8,8,1000000000,4,Yes,,,,,,,,,,
pfp_bloom_filter_contains_unique_size_u32,0,NVIDIA B200,I64,U32,64,20,8,8,1000000000,8,Yes,,,,,,,,,,
pfp_bloom_filter_contains_unique_size_u32,0,NVIDIA B200,I64,U32,64,20,8,8,1000000000,16,Yes,,,,,,,,,,
pfp_bloom_filter_contains_unique_size_u32,0,NVIDIA B200,I64,U32,64,20,8,8,1000000000,32,Yes,,,,,,,,,,
pfp_bloom_filter_contains_unique_size_u32,0,NVIDIA B200,I64,U32,64,20,8,8,1000000000,64,Yes,,,,,,,,,,
pfp_bloom_filter_contains_unique_size_u32,0,NVIDIA B200,I64,U32,64,20,8,8,1000000000,128,Yes,,,,,,,,,,
pfp_bloom_filter_contains_unique_size_u32,0,NVIDIA B200,I64,U32,64,20,8,8,1000000000,256,Yes,,,,,,,,,,
pfp_bloom_filter_contains_unique_size_u32,0,NVIDIA B200,I64,U32,64,20,8,8,1000000000,512,Yes,,,,,,,,,,
pfp_bloom_filter_contains_unique_size_u32,0,NVIDIA B200,I64,U32,64,20,8,8,1000000000,1024,Yes,,,,,,,,,,
pfp_bloom_filter_contains_unique_size_u32,0,NVIDIA B200,I64,U32,64,20,8,8,1000000000,2048,Yes,,,,,,,,,,
pfp_bloom_filter_contains_unique_size_u32,0,NVIDIA B200,I64,U32,128,1,1,1,1000000000,1,No,0.029323355,4,60,0.0083496589,0.0054490663688499105,0.008334916845957439,0.005409733227341322,119977201750.3708,63,0.00831925261966766
pfp_bloom_filter_contains_unique_size_u32,0,NVIDIA B200,I64,U32,128,1,1,1,1000000000,2,No,0.029382335,4,61,0.008313938278688525,0.00016499218175960876,0.00829923192008597,0.00010568352934944435,120493078110.00916,63,0.00829693603515625
pfp_bloom_filter_contains_unique_size_u32,0,NVIDIA B200,I64,U32,128,1,1,1,1000000000,4,No,0.029359103,4,61,0.008274376393442626,0.00017221048409764712,0.008259505475153693,0.00012300812560348863,121072623900.81436,63,0.008256642175099208
pfp_bloom_filter_contains_unique_size_u32,0,NVIDIA B200,I64,U32,128,1,1,1,1000000000,8,No,0.029367667,4,61,0.008247849098360658,0.0001433823324170366,0.008233180343127642,0.00010797606570428594,121459746820.03836,63,0.008229286799355159
pfp_bloom_filter_contains_unique_size_u32,0,NVIDIA B200,I64,U32,128,1,1,1,1000000000,16,No,0.02935102,4,61,0.008233981,0.00013528638520040462,0.008219443571372108,9.869574593701256e-05,121662736816.26671,63,0.00821468970889137
pfp_bloom_filter_contains_unique_size_u32,0,NVIDIA B200,I64,U32,128,1,1,1,1000000000,32,No,0.029358275,4,61,0.00823510573770492,0.00013802836912294873,0.008220422244462811,0.00010713441271557551,121648252396.47385,63,0.00821260966951885
pfp_bloom_filter_contains_unique_size_u32,0,NVIDIA B200,I64,U32,128,1,1,1,1000000000,64,No,0.029353728,4,58,0.00867400901724138,0.00016531209578417752,0.008659264663170128,0.00011715446201198613,115483247007.4778,60,0.008646553548177083
pfp_bloom_filter_contains_unique_size_u32,0,NVIDIA B200,I64,U32,128,1,1,1,1000000000,128,No,0.02936676,4,37,0.013650642918918923,0.08258355164255103,0.013634994197536159,0.08268649788206828,73340698610.68953,38,0.013650297466077304
pfp_bloom_filter_contains_unique_size_u32,0,NVIDIA B200,I64,U32,128,1,1,1,1000000000,256,No,0.029370944,4,29,0.01748782772413793,0.038496001294529736,0.017471824448684163,0.038531951815020414,57235007307.74066,30,0.017690214029947915
pfp_bloom_filter_contains_unique_size_u32,0,NVIDIA B200,I64,U32,128,1,1,1,1000000000,512,No,0.029372957,4,25,0.020412310439999998,0.02581116036007452,0.020396447906494145,0.025816086066092564,49028144733.06424,26,0.02070697410290058
pfp_bloom_filter_contains_unique_size_u32,0,NVIDIA B200,I64,U32,128,1,1,1,1000000000,1024,No,0.0293621,4,23,0.021928347217391304,0.0275759589864682,0.021912532889324685,0.027587448206372236,45635983984.63459,24,0.02233860190709432
pfp_bloom_filter_contains_unique_size_u32,0,NVIDIA B200,I64,U32,128,1,1,1,1000000000,2048,No,0.029358964,4,22,0.022814481363636365,0.024444576044165417,0.02279807697642933,0.02446421508567646,43863348695.32586,23,0.023193334579467772
pfp_bloom_filter_contains_unique_size_u32,0,NVIDIA B200,I64,U32,128,1,1,2,1000000000,1,No,0.029323355,4,83,0.006106639831325301,0.005215743942922918,0.006092231652822838,0.005249408487345446,164143462853.49304,85,0.006081560202205883
pfp_bloom_filter_contains_unique_size_u32,0,NVIDIA B200,I64,U32,128,1,1,2,1000000000,2,No,0.029382335,4,83,0.006108527409638555,0.00018107174796724743,0.006093983242310675,0.00014072936503619582,164096283208.81744,85,0.006091920381433824
pfp_bloom_filter_contains_unique_size_u32,0,NVIDIA B200,I64,U32,128,1,1,2,1000000000,4,No,0.029359103,4,83,0.0061079731686747,0.0001591574309185513,0.0060934307603951,0.00014337236539708025,164111161564.2876,85,0.006091052964154412
pfp_bloom_filter_contains_unique_size_u32,0,NVIDIA B200,I64,U32,128,1,1,2,1000000000,8,No,0.029367667,4,83,0.006107954602409638,0.00023739272341115827,0.006093188262847539,0.00016004204208552346,164117692882.94867,85,0.006089703728170955
pfp_bloom_filter_contains_unique_size_u32,0,NVIDIA B200,I64,U32,128,1,1,2,1000000000,16,No,0.02935102,4,83,0.006107172156626505,0.00020039951215630942,0.0060926257213914274,0.00016386002194373206,164132846120.67407,85,0.0060881139418658085
pfp_bloom_filter_contains_unique_size_u32,0,NVIDIA B200,I64,U32,128,1,1,2,1000000000,32,No,0.029358275,4,82,0.006146101048780485,0.00023402465991893245,0.006131489625791223,0.0001562193883170853,163092504600.12927,85,0.0061241943359375
pfp_bloom_filter_contains_unique_size_u32,0,NVIDIA B200,I64,U32,128,1,1,2,1000000000,64,No,0.029353728,4,65,0.007786414215384615,0.03328112839480901,0.007771725280468283,0.03335212535401598,128671557976.08755,66,0.007883838075580019
pfp_bloom_filter_contains_unique_size_u32,0,NVIDIA B200,I64,U32,128,1,1,2,1000000000,128,No,0.02936676,4,37,0.013596740216216215,0.3408496895988417,0.013581047341630266,0.3412180472372943,73632023719.89966,41,0.013315895638814785
pfp_bloom_filter_contains_unique_size_u32,0,NVIDIA B200,I64,U32,128,1,1,2,1000000000,256,No,0.029370944,4,29,0.017603316172413796,0.11422351581159557,0.017587181321505843,0.11431814823012272,56859594594.45537,30,0.0176465576171875
pfp_bloom_filter_contains_unique_size_u32,0,NVIDIA B200,I64,U32,128,1,1,2,1000000000,512,No,0.029372957,4,25,0.020247860319999998,0.030543465475673916,0.02023202941894531,0.030566493119408483,49426578979.94148,26,0.020643604645362267
pfp_bloom_filter_contains_unique_size_u32,0,NVIDIA B200,I64,U32,128,1,1,2,1000000000,1024,No,0.0293621,4,23,0.02191704956521739,0.024983440177818655,0.021901249512382176,0.025005680939521876,45659495337.6809,24,0.022263374646504724
pfp_bloom_filter_contains_unique_size_u32,0,NVIDIA B200,I64,U32,128,1,1,2,1000000000,2048,No,0.029358964,4,23,0.02276194052173913,0.02515616071647141,0.022745615420134174,0.02516657260945583,43964517184.03762,24,0.02310766832033793
pfp_bloom_filter_contains_unique_size_u32,0,NVIDIA B200,I64,U32,128,1,1,4,1000000000,1,No,0.029323355,4,89,0.005673194955056179,0.004517584680708078,0.005658648083718973,0.004503607827202619,176720655747.65,92,0.005649449887483017
pfp_bloom_filter_contains_unique_size_u32,0,NVIDIA B200,I64,U32,128,1,1,4,1000000000,2,No,0.029382335,4,88,0.005704188409090909,0.0001973966432626061,0.005689636810259385,0.00013899621674198868,175758142979.67657,91,0.0056865080110319365
pfp_bloom_filter_contains_unique_size_u32,0,NVIDIA B200,I64,U32,128,1,1,4,1000000000,4,No,0.029359103,4,88,0.005724480761363635,0.00018399658877952532,0.005710082503882313,0.00013398181157910682,175128818072.25992,91,0.005706673087654533
pfp_bloom_filter_contains_unique_size_u32,0,NVIDIA B200,I64,U32,128,1,1,4,1000000000,8,No,0.029367667,4,88,0.005734636284090908,0.00019485135580419322,0.0057199989828196456,0.0001350200062031506,174825205914.11975,91,0.005715934334220468
pfp_bloom_filter_contains_unique_size_u32,0,NVIDIA B200,I64,U32,128,1,1,4,1000000000,16,No,0.02935102,4,88,0.005739748704545456,0.0001887453134242574,0.005725384024056524,0.00010541365330701068,174660773111.16055,91,0.00572061526120364
pfp_bloom_filter_contains_unique_size_u32,0,NVIDIA B200,I64,U32,128,1,1,4,1000000000,32,No,0.029358275,4,87,0.00576450859770115,0.00017008634824634058,0.005749946188652656,0.00012506751413033276,173914671057.8735,90,0.005742000325520834
pfp_bloom_filter_contains_unique_size_u32,0,NVIDIA B200,I64,U32,128,1,1,4,1000000000,64,No,0.029353728,4,66,0.0076173971363636345,0.03133105519671124,0.007602784033977628,0.03137847826977436,131530764984.36581,67,0.00771042917735541
pfp_bloom_filter_contains_unique_size_u32,0,NVIDIA B200,I64,U32,128,1,1,4,1000000000,128,No,0.02936676,4,36,0.014091749361111112,0.3608824029779615,0.014075344006220502,0.36119763483218115,71046220934.85295,43,0.01322079112917878
pfp_bloom_filter_contains_unique_size_u32,0,NVIDIA B200,I64,U32,128,1,1,4,1000000000,256,No,0.029370944,4,29,0.017429949793103448,0.055754781728764594,0.017414152803092168,0.05580498321642282,57424556411.52027,30,0.01755593465169271
pfp_bloom_filter_contains_unique_size_u32,0,NVIDIA B200,I64,U32,128,1,1,4,1000000000,512,No,0.029372957,4,25,0.020257914600000003,0.035735182085213694,0.020241907272338863,0.03577235421165038,49402459291.30049,26,0.02052182476337139
pfp_bloom_filter_contains_unique_size_u32,0,NVIDIA B200,I64,U32,128,1,1,4,1000000000,1024,No,0.0293621,4,23,0.021802750913043477,0.026005481128093647,0.021786937050197436,0.02602532250742831,45899063172.39476,24,0.02211511484781901
pfp_bloom_filter_contains_unique_size_u32,0,NVIDIA B200,I64,U32,128,1,1,4,1000000000,2048,No,0.029358964,4,23,0.022539417739130437,0.021838704499809902,0.022523239052813983,0.021855859685072542,44398587505.78164,24,0.022938367843627933
pfp_bloom_filter_contains_unique_size_u32,0,NVIDIA B200,I64,U32,128,1,1,8,1000000000,1,Yes,,,,,,,,,,
pfp_bloom_filter_contains_unique_size_u32,0,NVIDIA B200,I64,U32,128,1,1,8,1000000000,2,Yes,,,,,,,,,,
pfp_bloom_filter_contains_unique_size_u32,0,NVIDIA B200,I64,U32,128,1,1,8,1000000000,4,Yes,,,,,,,,,,
pfp_bloom_filter_contains_unique_size_u32,0,NVIDIA B200,I64,U32,128,1,1,8,1000000000,8,Yes,,,,,,,,,,
pfp_bloom_filter_contains_unique_size_u32,0,NVIDIA B200,I64,U32,128,1,1,8,1000000000,16,Yes,,,,,,,,,,
pfp_bloom_filter_contains_unique_size_u32,0,NVIDIA B200,I64,U32,128,1,1,8,1000000000,32,Yes,,,,,,,,,,
pfp_bloom_filter_contains_unique_size_u32,0,NVIDIA B200,I64,U32,128,1,1,8,1000000000,64,Yes,,,,,,,,,,
pfp_bloom_filter_contains_unique_size_u32,0,NVIDIA B200,I64,U32,128,1,1,8,1000000000,128,Yes,,,,,,,,,,
pfp_bloom_filter_contains_unique_size_u32,0,NVIDIA B200,I64,U32,128,1,1,8,1000000000,256,Yes,,,,,,,,,,
pfp_bloom_filter_contains_unique_size_u32,0,NVIDIA B200,I64,U32,128,1,1,8,1000000000,512,Yes,,,,,,,,,,
pfp_bloom_filter_contains_unique_size_u32,0,NVIDIA B200,I64,U32,128,1,1,8,1000000000,1024,Yes,,,,,,,,,,
pfp_bloom_filter_contains_unique_size_u32,0,NVIDIA B200,I64,U32,128,1,1,8,1000000000,2048,Yes,,,,,,,,,,
pfp_bloom_filter_contains_unique_size_u32,0,NVIDIA B200,I64,U32,128,1,2,1,1000000000,1,No,0.029323355,4,28,0.018036610392857148,0.00042738889864555967,0.018020828383309505,0.0004151006167641631,55491344722.320206,29,0.0180178433122306
pfp_bloom_filter_contains_unique_size_u32,0,NVIDIA B200,I64,U32,128,1,2,1,1000000000,2,No,0.029382335,4,28,0.018035584,6.588973101279163e-05,0.01802000291006906,4.626963202462191e-05,55493886709.70907,29,0.01801876304889547
pfp_bloom_filter_contains_unique_size_u32,0,NVIDIA B200,I64,U32,128,1,2,1,1000000000,4,No,0.029359103,4,28,0.01803599364285714,6.875246063450428e-05,0.018020775522504532,5.283134275125095e-05,55491507496.51088,29,0.018019293423356682
pfp_bloom_filter_contains_unique_size_u32,0,NVIDIA B200,I64,U32,128,1,2,1,1000000000,8,No,0.029367667,4,28,0.018036935857142857,7.031735048116929e-05,0.018021111624581473,5.146769562300915e-05,55490472554.19929,29,0.01801922186489763
pfp_bloom_filter_contains_unique_size_u32,0,NVIDIA B200,I64,U32,128,1,2,1,1000000000,16,No,0.02935102,4,28,0.018037164999999997,5.812741537619111e-05,0.018021449974605024,4.454421088471871e-05,55489430728.88989,29,0.018018798828124998
pfp_bloom_filter_contains_unique_size_u32,0,NVIDIA B200,I64,U32,128,1,2,1,1000000000,32,No,0.029358275,4,28,0.018041497607142857,7.824837089406095e-05,0.018025770868573866,4.922184552318143e-05,55476129553.127754,29,0.018022151552397628
pfp_bloom_filter_contains_unique_size_u32,0,NVIDIA B200,I64,U32,128,1,2,1,1000000000,64,No,0.029353728,4,27,0.01853577425925926,8.149568456412829e-05,0.01852021528173376,6.631869478013724e-05,53995052691.76253,28,0.01851611328125
pfp_bloom_filter_contains_unique_size_u32,0,NVIDIA B200,I64,U32,128,1,2,1,1000000000,128,No,0.02936676,4,27,0.019083767444444448,0.00010332955978398578,0.019068002206307867,9.680103949696826e-05,52443878974.861404,28,0.019061395032065255
pfp_bloom_filter_contains_unique_size_u32,0,NVIDIA B200,I64,U32,128,1,2,1,1000000000,256,No,0.029370944,4,25,0.02031823332,0.020772472093194303,0.020302297592163086,0.020791946874540782,49255508912.74548,26,0.020657625711881195
pfp_bloom_filter_contains_unique_size_u32,0,NVIDIA B200,I64,U32,128,1,2,1,1000000000,512,No,0.029372957,4,23,0.022457298869565222,0.0253573466448988,0.022440836450327996,0.025368878045774493,44561618824.3903,24,0.02265634004275004
pfp_bloom_filter_contains_unique_size_u32,0,NVIDIA B200,I64,U32,128,1,2,1,1000000000,1024,No,0.0293621,4,22,0.023687549272727274,0.028935227621421724,0.023671442812139332,0.028963254575597508,42244995707.95803,23,0.02395483348680579
pfp_bloom_filter_contains_unique_size_u32,0,NVIDIA B200,I64,U32,128,1,2,1,1000000000,2048,No,0.029358964,4,21,0.024389316857142858,0.029391107381954756,0.024373074304489862,0.02941917778813345,41028882426.0379,22,0.024793319962241434
pfp_bloom_filter_contains_unique_size_u32,0,NVIDIA B200,I64,U32,128,1,2,2,1000000000,1,No,0.029323355,4,28,0.0180360875,0.0015621941840276697,0.018020574501582547,0.0015682724710977263,55492126508.6294,29,0.018011630354256465
pfp_bloom_filter_contains_unique_size_u32,0,NVIDIA B200,I64,U32,128,1,2,2,1000000000,2,No,0.029382335,4,28,0.018028871500000005,7.395762938596699e-05,0.018013336862836564,4.849091484328304e-05,55514422875.37001,29,0.01801233541554418
pfp_bloom_filter_contains_unique_size_u32,0,NVIDIA B200,I64,U32,128,1,2,2,1000000000,4,No,0.029359103,4,28,0.018030015071428568,5.0741856130251816e-05,0.01801448099953788,4.4473772247233485e-05,55510897040.311775,29,0.018012899464574354
pfp_bloom_filter_contains_unique_size_u32,0,NVIDIA B200,I64,U32,128,1,2,2,1000000000,8,No,0.029367667,4,28,0.018029811464285717,5.527679498366174e-05,0.018014390741075793,3.807358228704725e-05,55511175169.517914,29,0.018012901569234914
pfp_bloom_filter_contains_unique_size_u32,0,NVIDIA B200,I64,U32,128,1,2,2,1000000000,16,No,0.02935102,4,28,0.018029934071428576,7.053812125497926e-05,0.018014646802629746,4.217874731386124e-05,55510386129.47004,29,0.018012867894665947
pfp_bloom_filter_contains_unique_size_u32,0,NVIDIA B200,I64,U32,128,1,2,2,1000000000,32,No,0.029358275,4,28,0.018034952607142857,5.383015267288252e-05,0.018019531999315542,3.7664354751094945e-05,55495336950.92548,29,0.018016319537984913
pfp_bloom_filter_contains_unique_size_u32,0,NVIDIA B200,I64,U32,128,1,2,2,1000000000,64,No,0.029353728,4,28,0.018526931642857142,9.813894883195852e-05,0.018511580194745744,8.74448361264486e-05,54020239735.3326,29,0.018507067844785494
pfp_bloom_filter_contains_unique_size_u32,0,NVIDIA B200,I64,U32,128,1,2,2,1000000000,128,No,0.02936676,4,27,0.019066678703703707,0.00011709777218899383,0.01905106000547056,0.00010650289607011967,52490517572.92494,28,0.01904471867425101
pfp_bloom_filter_contains_unique_size_u32,0,NVIDIA B200,I64,U32,128,1,2,2,1000000000,256,No,0.029370944,4,25,0.020199737880000006,0.020148788481275784,0.02018442756652832,0.020143496001459454,49543143926.374825,26,0.020460504458500787
pfp_bloom_filter_contains_unique_size_u32,0,NVIDIA B200,I64,U32,128,1,2,2,1000000000,512,No,0.029372957,4,23,0.022223657739130435,0.019612123485816136,0.02220771217346192,0.01962140967604913,45029402046.87063,24,0.0224572590192159
pfp_bloom_filter_contains_unique_size_u32,0,NVIDIA B200,I64,U32,128,1,2,2,1000000000,1024,No,0.0293621,4,22,0.023490228999999998,0.034439124676392124,0.023474146756258876,0.034456553790198165,42600057432.68907,23,0.023791034615558128
pfp_bloom_filter_contains_unique_size_u32,0,NVIDIA B200,I64,U32,128,1,2,2,1000000000,2048,No,0.029358964,4,21,0.024152830428571425,0.03276940299543944,0.02413674372718447,0.03278476275674209,41430609335.82896,22,0.024594990296797316
pfp_bloom_filter_contains_unique_size_u32,0,NVIDIA B200,I64,U32,128,1,2,4,1000000000,1,Yes,,,,,,,,,,
pfp_bloom_filter_contains_unique_size_u32,0,NVIDIA B200,I64,U32,128,1,2,4,1000000000,2,Yes,,,,,,,,,,
pfp_bloom_filter_contains_unique_size_u32,0,NVIDIA B200,I64,U32,128,1,2,4,1000000000,4,Yes,,,,,,,,,,
pfp_bloom_filter_contains_unique_size_u32,0,NVIDIA B200,I64,U32,128,1,2,4,1000000000,8,Yes,,,,,,,,,,
pfp_bloom_filter_contains_unique_size_u32,0,NVIDIA B200,I64,U32,128,1,2,4,1000000000,16,Yes,,,,,,,,,,
pfp_bloom_filter_contains_unique_size_u32,0,NVIDIA B200,I64,U32,128,1,2,4,1000000000,32,Yes,,,,,,,,,,
pfp_bloom_filter_contains_unique_size_u32,0,NVIDIA B200,I64,U32,128,1,2,4,1000000000,64,Yes,,,,,,,,,,
pfp_bloom_filter_contains_unique_size_u32,0,NVIDIA B200,I64,U32,128,1,2,4,1000000000,128,Yes,,,,,,,,,,
pfp_bloom_filter_contains_unique_size_u32,0,NVIDIA B200,I64,U32,128,1,2,4,1000000000,256,Yes,,,,,,,,,,
pfp_bloom_filter_contains_unique_size_u32,0,NVIDIA B200,I64,U32,128,1,2,4,1000000000,512,Yes,,,,,,,,,,
pfp_bloom_filter_contains_unique_size_u32,0,NVIDIA B200,I64,U32,128,1,2,4,1000000000,1024,Yes,,,,,,,,,,
pfp_bloom_filter_contains_unique_size_u32,0,NVIDIA B200,I64,U32,128,1,2,4,1000000000,2048,Yes,,,,,,,,,,
pfp_bloom_filter_contains_unique_size_u32,0,NVIDIA B200,I64,U32,128,1,2,8,1000000000,1,Yes,,,,,,,,,,
pfp_bloom_filter_contains_unique_size_u32,0,NVIDIA B200,I64,U32,128,1,2,8,1000000000,2,Yes,,,,,,,,,,
pfp_bloom_filter_contains_unique_size_u32,0,NVIDIA B200,I64,U32,128,1,2,8,1000000000,4,Yes,,,,,,,,,,
pfp_bloom_filter_contains_unique_size_u32,0,NVIDIA B200,I64,U32,128,1,2,8,1000000000,8,Yes,,,,,,,,,,
pfp_bloom_filter_contains_unique_size_u32,0,NVIDIA B200,I64,U32,128,1,2,8,1000000000,16,Yes,,,,,,,,,,
pfp_bloom_filter_contains_unique_size_u32,0,NVIDIA B200,I64,U32,128,1,2,8,1000000000,32,Yes,,,,,,,,,,
pfp_bloom_filter_contains_unique_size_u32,0,NVIDIA B200,I64,U32,128,1,2,8,1000000000,64,Yes,,,,,,,,,,
pfp_bloom_filter_contains_unique_size_u32,0,NVIDIA B200,I64,U32,128,1,2,8,1000000000,128,Yes,,,,,,,,,,
pfp_bloom_filter_contains_unique_size_u32,0,NVIDIA B200,I64,U32,128,1,2,8,1000000000,256,Yes,,,,,,,,,,
pfp_bloom_filter_contains_unique_size_u32,0,NVIDIA B200,I64,U32,128,1,2,8,1000000000,512,Yes,,,,,,,,,,
pfp_bloom_filter_contains_unique_size_u32,0,NVIDIA B200,I64,U32,128,1,2,8,1000000000,1024,Yes,,,,,,,,,,
pfp_bloom_filter_contains_unique_size_u32,0,NVIDIA B200,I64,U32,128,1,2,8,1000000000,2048,Yes,,,,,,,,,,
pfp_bloom_filter_contains_unique_size_u32,0,NVIDIA B200,I64,U32,128,1,4,1,1000000000,1,No,0.029323355,4,27,0.018770442666666668,0.0021926384963934877,0.018755302005343966,0.002202418553498715,53318256337.06506,28,0.018744319370814732
pfp_bloom_filter_contains_unique_size_u32,0,NVIDIA B200,I64,U32,128,1,4,1,1000000000,2,No,0.029382335,4,27,0.01876194725925926,4.5816696755189396e-05,0.018746201267948855,2.2818769128315772e-05,53344140805.1956,28,0.018744356427873886
pfp_bloom_filter_contains_unique_size_u32,0,NVIDIA B200,I64,U32,128,1,4,1,1000000000,4,No,0.029359103,4,27,0.018761332444444445,6.0962346611837515e-05,0.018746158529210973,3.886003020408656e-05,53344262422.71249,28,0.01874450247628348
pfp_bloom_filter_contains_unique_size_u32,0,NVIDIA B200,I64,U32,128,1,4,1,1000000000,8,No,0.029367667,4,27,0.018762932370370366,5.511069499956629e-05,0.018747146041304976,3.8933822094738036e-05,53341452496.11501,28,0.01874450247628348
pfp_bloom_filter_contains_unique_size_u32,0,NVIDIA B200,I64,U32,128,1,4,1,1000000000,16,No,0.02935102,4,27,0.018763628037037034,7.118986449597787e-05,0.018747887929280598,3.825932327605509e-05,53339341677.96001,28,0.01874446541922433
pfp_bloom_filter_contains_unique_size_u32,0,NVIDIA B200,I64,U32,128,1,4,1,1000000000,32,No,0.029358275,4,27,0.018767334259259263,6.52975477647398e-05,0.01875205435576262,3.1787985592764905e-05,53327490472.6742,28,0.01874731881277902
pfp_bloom_filter_contains_unique_size_u32,0,NVIDIA B200,I64,U32,128,1,4,1,1000000000,64,No,0.029353728,4,26,0.019321064961538462,7.552406603265587e-05,0.019305469072782078,4.751544321775561e-05,51798793193.264366,27,0.019299137821903935
pfp_bloom_filter_contains_unique_size_u32,0,NVIDIA B200,I64,U32,128,1,4,1,1000000000,128,No,0.02936676,4,25,0.02051954596,0.00011954764184056152,0.020503430099487307,8.416172846368518e-05,48772327125.15772,26,0.02049504199394813
pfp_bloom_filter_contains_unique_size_u32,0,NVIDIA B200,I64,U32,128,1,4,1,1000000000,256,No,0.029370944,4,24,0.021739131708333335,0.004490143078100496,0.021723481416702273,0.0044840449307610615,46033137176.2144,25,0.02186121421813965
pfp_bloom_filter_contains_unique_size_u32,0,NVIDIA B200,I64,U32,128,1,4,1,1000000000,512,No,0.029372957,4,22,0.02344874336363636,0.013134740918278506,0.023432747494090685,0.0131369733625391,42675320094.33302,23,0.02360578172103218
pfp_bloom_filter_contains_unique_size_u32,0,NVIDIA B200,I64,U32,128,1,4,1,1000000000,1024,No,0.0293621,4,21,0.024526822428571432,0.021831944271424684,0.024510968617030553,0.021847961535928915,40798061293.47277,22,0.024839628826488148
pfp_bloom_filter_contains_unique_size_u32,0,NVIDIA B200,I64,U32,128,1,4,1,1000000000,2048,No,0.029358964,4,20,0.025112592650000005,0.024215122027083813,0.025096436786651615,0.024227533366069774,39846294057.64422,21,0.025510028203328445
pfp_bloom_filter_contains_unique_size_u32,0,NVIDIA B200,I64,U32,128,1,4,2,1000000000,1,Yes,,,,,,,,,,
pfp_bloom_filter_contains_unique_size_u32,0,NVIDIA B200,I64,U32,128,1,4,2,1000000000,2,Yes,,,,,,,,,,
pfp_bloom_filter_contains_unique_size_u32,0,NVIDIA B200,I64,U32,128,1,4,2,1000000000,4,Yes,,,,,,,,,,
pfp_bloom_filter_contains_unique_size_u32,0,NVIDIA B200,I64,U32,128,1,4,2,1000000000,8,Yes,,,,,,,,,,
pfp_bloom_filter_contains_unique_size_u32,0,NVIDIA B200,I64,U32,128,1,4,2,1000000000,16,Yes,,,,,,,,,,
pfp_bloom_filter_contains_unique_size_u32,0,NVIDIA B200,I64,U32,128,1,4,2,1000000000,32,Yes,,,,,,,,,,
pfp_bloom_filter_contains_unique_size_u32,0,NVIDIA B200,I64,U32,128,1,4,2,1000000000,64,Yes,,,,,,,,,,
pfp_bloom_filter_contains_unique_size_u32,0,NVIDIA B200,I64,U32,128,1,4,2,1000000000,128,Yes,,,,,,,,,,
pfp_bloom_filter_contains_unique_size_u32,0,NVIDIA B200,I64,U32,128,1,4,2,1000000000,256,Yes,,,,,,,,,,
pfp_bloom_filter_contains_unique_size_u32,0,NVIDIA B200,I64,U32,128,1,4,2,1000000000,512,Yes,,,,,,,,,,
pfp_bloom_filter_contains_unique_size_u32,0,NVIDIA B200,I64,U32,128,1,4,2,1000000000,1024,Yes,,,,,,,,,,
pfp_bloom_filter_contains_unique_size_u32,0,NVIDIA B200,I64,U32,128,1,4,2,1000000000,2048,Yes,,,,,,,,,,
pfp_bloom_filter_contains_unique_size_u32,0,NVIDIA B200,I64,U32,128,1,4,4,1000000000,1,Yes,,,,,,,,,,
pfp_bloom_filter_contains_unique_size_u32,0,NVIDIA B200,I64,U32,128,1,4,4,1000000000,2,Yes,,,,,,,,,,
pfp_bloom_filter_contains_unique_size_u32,0,NVIDIA B200,I64,U32,128,1,4,4,1000000000,4,Yes,,,,,,,,,,
pfp_bloom_filter_contains_unique_size_u32,0,NVIDIA B200,I64,U32,128,1,4,4,1000000000,8,Yes,,,,,,,,,,
pfp_bloom_filter_contains_unique_size_u32,0,NVIDIA B200,I64,U32,128,1,4,4,1000000000,16,Yes,,,,,,,,,,
pfp_bloom_filter_contains_unique_size_u32,0,NVIDIA B200,I64,U32,128,1,4,4,1000000000,32,Yes,,,,,,,,,,
pfp_bloom_filter_contains_unique_size_u32,0,NVIDIA B200,I64,U32,128,1,4,4,1000000000,64,Yes,,,,,,,,,,
pfp_bloom_filter_contains_unique_size_u32,0,NVIDIA B200,I64,U32,128,1,4,4,1000000000,128,Yes,,,,,,,,,,
pfp_bloom_filter_contains_unique_size_u32,0,NVIDIA B200,I64,U32,128,1,4,4,1000000000,256,Yes,,,,,,,,,,
pfp_bloom_filter_contains_unique_size_u32,0,NVIDIA B200,I64,U32,128,1,4,4,1000000000,512,Yes,,,,,,,,,,
pfp_bloom_filter_contains_unique_size_u32,0,NVIDIA B200,I64,U32,128,1,4,4,1000000000,1024,Yes,,,,,,,,,,
pfp_bloom_filter_contains_unique_size_u32,0,NVIDIA B200,I64,U32,128,1,4,4,1000000000,2048,Yes,,,,,,,,,,
pfp_bloom_filter_contains_unique_size_u32,0,NVIDIA B200,I64,U32,128,1,4,8,1000000000,1,Yes,,,,,,,,,,
pfp_bloom_filter_contains_unique_size_u32,0,NVIDIA B200,I64,U32,128,1,4,8,1000000000,2,Yes,,,,,,,,,,
pfp_bloom_filter_contains_unique_size_u32,0,NVIDIA B200,I64,U32,128,1,4,8,1000000000,4,Yes,,,,,,,,,,
pfp_bloom_filter_contains_unique_size_u32,0,NVIDIA B200,I64,U32,128,1,4,8,1000000000,8,Yes,,,,,,,,,,
pfp_bloom_filter_contains_unique_size_u32,0,NVIDIA B200,I64,U32,128,1,4,8,1000000000,16,Yes,,,,,,,,,,
pfp_bloom_filter_contains_unique_size_u32,0,NVIDIA B200,I64,U32,128,1,4,8,1000000000,32,Yes,,,,,,,,,,
pfp_bloom_filter_contains_unique_size_u32,0,NVIDIA B200,I64,U32,128,1,4,8,1000000000,64,Yes,,,,,,,,,,
pfp_bloom_filter_contains_unique_size_u32,0,NVIDIA B200,I64,U32,128,1,4,8,1000000000,128,Yes,,,,,,,,,,
pfp_bloom_filter_contains_unique_size_u32,0,NVIDIA B200,I64,U32,128,1,4,8,1000000000,256,Yes,,,,,,,,,,
pfp_bloom_filter_contains_unique_size_u32,0,NVIDIA B200,I64,U32,128,1,4,8,1000000000,512,Yes,,,,,,,,,,
pfp_bloom_filter_contains_unique_size_u32,0,NVIDIA B200,I64,U32,128,1,4,8,1000000000,1024,Yes,,,,,,,,,,
pfp_bloom_filter_contains_unique_size_u32,0,NVIDIA B200,I64,U32,128,1,4,8,1000000000,2048,Yes,,,,,,,,,,
pfp_bloom_filter_contains_unique_size_u32,0,NVIDIA B200,I64,U32,128,1,8,1,1000000000,1,Yes,,,,,,,,,,
pfp_bloom_filter_contains_unique_size_u32,0,NVIDIA B200,I64,U32,128,1,8,1,1000000000,2,Yes,,,,,,,,,,
pfp_bloom_filter_contains_unique_size_u32,0,NVIDIA B200,I64,U32,128,1,8,1,1000000000,4,Yes,,,,,,,,,,
pfp_bloom_filter_contains_unique_size_u32,0,NVIDIA B200,I64,U32,128,1,8,1,1000000000,8,Yes,,,,,,,,,,
pfp_bloom_filter_contains_unique_size_u32,0,NVIDIA B200,I64,U32,128,1,8,1,1000000000,16,Yes,,,,,,,,,,
pfp_bloom_filter_contains_unique_size_u32,0,NVIDIA B200,I64,U32,128,1,8,1,1000000000,32,Yes,,,,,,,,,,
pfp_bloom_filter_contains_unique_size_u32,0,NVIDIA B200,I64,U32,128,1,8,1,1000000000,64,Yes,,,,,,,,,,
pfp_bloom_filter_contains_unique_size_u32,0,NVIDIA B200,I64,U32,128,1,8,1,1000000000,128,Yes,,,,,,,,,,
pfp_bloom_filter_contains_unique_size_u32,0,NVIDIA B200,I64,U32,128,1,8,1,1000000000,256,Yes,,,,,,,,,,
pfp_bloom_filter_contains_unique_size_u32,0,NVIDIA B200,I64,U32,128,1,8,1,1000000000,512,Yes,,,,,,,,,,
pfp_bloom_filter_contains_unique_size_u32,0,NVIDIA B200,I64,U32,128,1,8,1,1000000000,1024,Yes,,,,,,,,,,
pfp_bloom_filter_contains_unique_size_u32,0,NVIDIA B200,I64,U32,128,1,8,1,1000000000,2048,Yes,,,,,,,,,,
pfp_bloom_filter_contains_unique_size_u32,0,NVIDIA B200,I64,U32,128,1,8,2,1000000000,1,Yes,,,,,,,,,,
pfp_bloom_filter_contains_unique_size_u32,0,NVIDIA B200,I64,U32,128,1,8,2,1000000000,2,Yes,,,,,,,,,,
pfp_bloom_filter_contains_unique_size_u32,0,NVIDIA B200,I64,U32,128,1,8,2,1000000000,4,Yes,,,,,,,,,,
pfp_bloom_filter_contains_unique_size_u32,0,NVIDIA B200,I64,U32,128,1,8,2,1000000000,8,Yes,,,,,,,,,,
pfp_bloom_filter_contains_unique_size_u32,0,NVIDIA B200,I64,U32,128,1,8,2,1000000000,16,Yes,,,,,,,,,,
pfp_bloom_filter_contains_unique_size_u32,0,NVIDIA B200,I64,U32,128,1,8,2,1000000000,32,Yes,,,,,,,,,,
pfp_bloom_filter_contains_unique_size_u32,0,NVIDIA B200,I64,U32,128,1,8,2,1000000000,64,Yes,,,,,,,,,,
pfp_bloom_filter_contains_unique_size_u32,0,NVIDIA B200,I64,U32,128,1,8,2,1000000000,128,Yes,,,,,,,,,,
pfp_bloom_filter_contains_unique_size_u32,0,NVIDIA B200,I64,U32,128,1,8,2,1000000000,256,Yes,,,,,,,,,,
pfp_bloom_filter_contains_unique_size_u32,0,NVIDIA B200,I64,U32,128,1,8,2,1000000000,512,Yes,,,,,,,,,,
pfp_bloom_filter_contains_unique_size_u32,0,NVIDIA B200,I64,U32,128,1,8,2,1000000000,1024,Yes,,,,,,,,,,
pfp_bloom_filter_contains_unique_size_u32,0,NVIDIA B200,I64,U32,128,1,8,2,1000000000,2048,Yes,,,,,,,,,,
pfp_bloom_filter_contains_unique_size_u32,0,NVIDIA B200,I64,U32,128,1,8,4,1000000000,1,Yes,,,,,,,,,,
pfp_bloom_filter_contains_unique_size_u32,0,NVIDIA B200,I64,U32,128,1,8,4,1000000000,2,Yes,,,,,,,,,,
pfp_bloom_filter_contains_unique_size_u32,0,NVIDIA B200,I64,U32,128,1,8,4,1000000000,4,Yes,,,,,,,,,,
pfp_bloom_filter_contains_unique_size_u32,0,NVIDIA B200,I64,U32,128,1,8,4,1000000000,8,Yes,,,,,,,,,,
pfp_bloom_filter_contains_unique_size_u32,0,NVIDIA B200,I64,U32,128,1,8,4,1000000000,16,Yes,,,,,,,,,,
pfp_bloom_filter_contains_unique_size_u32,0,NVIDIA B200,I64,U32,128,1,8,4,1000000000,32,Yes,,,,,,,,,,
pfp_bloom_filter_contains_unique_size_u32,0,NVIDIA B200,I64,U32,128,1,8,4,1000000000,64,Yes,,,,,,,,,,
pfp_bloom_filter_contains_unique_size_u32,0,NVIDIA B200,I64,U32,128,1,8,4,1000000000,128,Yes,,,,,,,,,,
pfp_bloom_filter_contains_unique_size_u32,0,NVIDIA B200,I64,U32,128,1,8,4,1000000000,256,Yes,,,,,,,,,,
pfp_bloom_filter_contains_unique_size_u32,0,NVIDIA B200,I64,U32,128,1,8,4,1000000000,512,Yes,,,,,,,,,,
pfp_bloom_filter_contains_unique_size_u32,0,NVIDIA B200,I64,U32,128,1,8,4,1000000000,1024,Yes,,,,,,,,,,
pfp_bloom_filter_contains_unique_size_u32,0,NVIDIA B200,I64,U32,128,1,8,4,1000000000,2048,Yes,,,,,,,,,,
pfp_bloom_filter_contains_unique_size_u32,0,NVIDIA B200,I64,U32,128,1,8,8,1000000000,1,Yes,,,,,,,,,,
pfp_bloom_filter_contains_unique_size_u32,0,NVIDIA B200,I64,U32,128,1,8,8,1000000000,2,Yes,,,,,,,,,,
pfp_bloom_filter_contains_unique_size_u32,0,NVIDIA B200,I64,U32,128,1,8,8,1000000000,4,Yes,,,,,,,,,,
pfp_bloom_filter_contains_unique_size_u32,0,NVIDIA B200,I64,U32,128,1,8,8,1000000000,8,Yes,,,,,,,,,,
pfp_bloom_filter_contains_unique_size_u32,0,NVIDIA B200,I64,U32,128,1,8,8,1000000000,16,Yes,,,,,,,,,,
pfp_bloom_filter_contains_unique_size_u32,0,NVIDIA B200,I64,U32,128,1,8,8,1000000000,32,Yes,,,,,,,,,,
pfp_bloom_filter_contains_unique_size_u32,0,NVIDIA B200,I64,U32,128,1,8,8,1000000000,64,Yes,,,,,,,,,,
pfp_bloom_filter_contains_unique_size_u32,0,NVIDIA B200,I64,U32,128,1,8,8,1000000000,128,Yes,,,,,,,,,,
pfp_bloom_filter_contains_unique_size_u32,0,NVIDIA B200,I64,U32,128,1,8,8,1000000000,256,Yes,,,,,,,,,,
pfp_bloom_filter_contains_unique_size_u32,0,NVIDIA B200,I64,U32,128,1,8,8,1000000000,512,Yes,,,,,,,,,,
pfp_bloom_filter_contains_unique_size_u32,0,NVIDIA B200,I64,U32,128,1,8,8,1000000000,1024,Yes,,,,,,,,,,
pfp_bloom_filter_contains_unique_size_u32,0,NVIDIA B200,I64,U32,128,1,8,8,1000000000,2048,Yes,,,,,,,,,,
pfp_bloom_filter_contains_unique_size_u32,0,NVIDIA B200,I64,U32,128,20,1,1,1000000000,1,Yes,,,,,,,,,,
pfp_bloom_filter_contains_unique_size_u32,0,NVIDIA B200,I64,U32,128,20,1,1,1000000000,2,Yes,,,,,,,,,,
pfp_bloom_filter_contains_unique_size_u32,0,NVIDIA B200,I64,U32,128,20,1,1,1000000000,4,Yes,,,,,,,,,,
pfp_bloom_filter_contains_unique_size_u32,0,NVIDIA B200,I64,U32,128,20,1,1,1000000000,8,Yes,,,,,,,,,,
pfp_bloom_filter_contains_unique_size_u32,0,NVIDIA B200,I64,U32,128,20,1,1,1000000000,16,Yes,,,,,,,,,,
pfp_bloom_filter_contains_unique_size_u32,0,NVIDIA B200,I64,U32,128,20,1,1,1000000000,32,Yes,,,,,,,,,,
pfp_bloom_filter_contains_unique_size_u32,0,NVIDIA B200,I64,U32,128,20,1,1,1000000000,64,Yes,,,,,,,,,,
pfp_bloom_filter_contains_unique_size_u32,0,NVIDIA B200,I64,U32,128,20,1,1,1000000000,128,Yes,,,,,,,,,,
pfp_bloom_filter_contains_unique_size_u32,0,NVIDIA B200,I64,U32,128,20,1,1,1000000000,256,Yes,,,,,,,,,,
pfp_bloom_filter_contains_unique_size_u32,0,NVIDIA B200,I64,U32,128,20,1,1,1000000000,512,Yes,,,,,,,,,,
pfp_bloom_filter_contains_unique_size_u32,0,NVIDIA B200,I64,U32,128,20,1,1,1000000000,1024,Yes,,,,,,,,,,
pfp_bloom_filter_contains_unique_size_u32,0,NVIDIA B200,I64,U32,128,20,1,1,1000000000,2048,Yes,,,,,,,,,,
pfp_bloom_filter_contains_unique_size_u32,0,NVIDIA B200,I64,U32,128,20,1,2,1000000000,1,Yes,,,,,,,,,,
pfp_bloom_filter_contains_unique_size_u32,0,NVIDIA B200,I64,U32,128,20,1,2,1000000000,2,Yes,,,,,,,,,,
pfp_bloom_filter_contains_unique_size_u32,0,NVIDIA B200,I64,U32,128,20,1,2,1000000000,4,Yes,,,,,,,,,,
pfp_bloom_filter_contains_unique_size_u32,0,NVIDIA B200,I64,U32,128,20,1,2,1000000000,8,Yes,,,,,,,,,,
pfp_bloom_filter_contains_unique_size_u32,0,NVIDIA B200,I64,U32,128,20,1,2,1000000000,16,Yes,,,,,,,,,,
pfp_bloom_filter_contains_unique_size_u32,0,NVIDIA B200,I64,U32,128,20,1,2,1000000000,32,Yes,,,,,,,,,,
pfp_bloom_filter_contains_unique_size_u32,0,NVIDIA B200,I64,U32,128,20,1,2,1000000000,64,Yes,,,,,,,,,,
pfp_bloom_filter_contains_unique_size_u32,0,NVIDIA B200,I64,U32,128,20,1,2,1000000000,128,Yes,,,,,,,,,,
pfp_bloom_filter_contains_unique_size_u32,0,NVIDIA B200,I64,U32,128,20,1,2,1000000000,256,Yes,,,,,,,,,,
pfp_bloom_filter_contains_unique_size_u32,0,NVIDIA B200,I64,U32,128,20,1,2,1000000000,512,Yes,,,,,,,,,,
pfp_bloom_filter_contains_unique_size_u32,0,NVIDIA B200,I64,U32,128,20,1,2,1000000000,1024,Yes,,,,,,,,,,
pfp_bloom_filter_contains_unique_size_u32,0,NVIDIA B200,I64,U32,128,20,1,2,1000000000,2048,Yes,,,,,,,,,,
pfp_bloom_filter_contains_unique_size_u32,0,NVIDIA B200,I64,U32,128,20,1,4,1000000000,1,Yes,,,,,,,,,,
pfp_bloom_filter_contains_unique_size_u32,0,NVIDIA B200,I64,U32,128,20,1,4,1000000000,2,Yes,,,,,,,,,,
pfp_bloom_filter_contains_unique_size_u32,0,NVIDIA B200,I64,U32,128,20,1,4,1000000000,4,Yes,,,,,,,,,,
pfp_bloom_filter_contains_unique_size_u32,0,NVIDIA B200,I64,U32,128,20,1,4,1000000000,8,Yes,,,,,,,,,,
pfp_bloom_filter_contains_unique_size_u32,0,NVIDIA B200,I64,U32,128,20,1,4,1000000000,16,Yes,,,,,,,,,,
pfp_bloom_filter_contains_unique_size_u32,0,NVIDIA B200,I64,U32,128,20,1,4,1000000000,32,Yes,,,,,,,,,,
pfp_bloom_filter_contains_unique_size_u32,0,NVIDIA B200,I64,U32,128,20,1,4,1000000000,64,Yes,,,,,,,,,,
pfp_bloom_filter_contains_unique_size_u32,0,NVIDIA B200,I64,U32,128,20,1,4,1000000000,128,Yes,,,,,,,,,,
pfp_bloom_filter_contains_unique_size_u32,0,NVIDIA B200,I64,U32,128,20,1,4,1000000000,256,Yes,,,,,,,,,,
pfp_bloom_filter_contains_unique_size_u32,0,NVIDIA B200,I64,U32,128,20,1,4,1000000000,512,Yes,,,,,,,,,,
pfp_bloom_filter_contains_unique_size_u32,0,NVIDIA B200,I64,U32,128,20,1,4,1000000000,1024,Yes,,,,,,,,,,
pfp_bloom_filter_contains_unique_size_u32,0,NVIDIA B200,I64,U32,128,20,1,4,1000000000,2048,Yes,,,,,,,,,,
pfp_bloom_filter_contains_unique_size_u32,0,NVIDIA B200,I64,U32,128,20,1,8,1000000000,1,Yes,,,,,,,,,,
pfp_bloom_filter_contains_unique_size_u32,0,NVIDIA B200,I64,U32,128,20,1,8,1000000000,2,Yes,,,,,,,,,,
pfp_bloom_filter_contains_unique_size_u32,0,NVIDIA B200,I64,U32,128,20,1,8,1000000000,4,Yes,,,,,,,,,,
pfp_bloom_filter_contains_unique_size_u32,0,NVIDIA B200,I64,U32,128,20,1,8,1000000000,8,Yes,,,,,,,,,,
pfp_bloom_filter_contains_unique_size_u32,0,NVIDIA B200,I64,U32,128,20,1,8,1000000000,16,Yes,,,,,,,,,,
pfp_bloom_filter_contains_unique_size_u32,0,NVIDIA B200,I64,U32,128,20,1,8,1000000000,32,Yes,,,,,,,,,,
pfp_bloom_filter_contains_unique_size_u32,0,NVIDIA B200,I64,U32,128,20,1,8,1000000000,64,Yes,,,,,,,,,,
pfp_bloom_filter_contains_unique_size_u32,0,NVIDIA B200,I64,U32,128,20,1,8,1000000000,128,Yes,,,,,,,,,,
pfp_bloom_filter_contains_unique_size_u32,0,NVIDIA B200,I64,U32,128,20,1,8,1000000000,256,Yes,,,,,,,,,,
pfp_bloom_filter_contains_unique_size_u32,0,NVIDIA B200,I64,U32,128,20,1,8,1000000000,512,Yes,,,,,,,,,,
pfp_bloom_filter_contains_unique_size_u32,0,NVIDIA B200,I64,U32,128,20,1,8,1000000000,1024,Yes,,,,,,,,,,
pfp_bloom_filter_contains_unique_size_u32,0,NVIDIA B200,I64,U32,128,20,1,8,1000000000,2048,Yes,,,,,,,,,,
pfp_bloom_filter_contains_unique_size_u32,0,NVIDIA B200,I64,U32,128,20,2,1,1000000000,1,Yes,,,,,,,,,,
pfp_bloom_filter_contains_unique_size_u32,0,NVIDIA B200,I64,U32,128,20,2,1,1000000000,2,Yes,,,,,,,,,,
pfp_bloom_filter_contains_unique_size_u32,0,NVIDIA B200,I64,U32,128,20,2,1,1000000000,4,Yes,,,,,,,,,,
pfp_bloom_filter_contains_unique_size_u32,0,NVIDIA B200,I64,U32,128,20,2,1,1000000000,8,Yes,,,,,,,,,,
pfp_bloom_filter_contains_unique_size_u32,0,NVIDIA B200,I64,U32,128,20,2,1,1000000000,16,Yes,,,,,,,,,,
pfp_bloom_filter_contains_unique_size_u32,0,NVIDIA B200,I64,U32,128,20,2,1,1000000000,32,Yes,,,,,,,,,,
pfp_bloom_filter_contains_unique_size_u32,0,NVIDIA B200,I64,U32,128,20,2,1,1000000000,64,Yes,,,,,,,,,,
pfp_bloom_filter_contains_unique_size_u32,0,NVIDIA B200,I64,U32,128,20,2,1,1000000000,128,Yes,,,,,,,,,,
pfp_bloom_filter_contains_unique_size_u32,0,NVIDIA B200,I64,U32,128,20,2,1,1000000000,256,Yes,,,,,,,,,,
pfp_bloom_filter_contains_unique_size_u32,0,NVIDIA B200,I64,U32,128,20,2,1,1000000000,512,Yes,,,,,,,,,,
pfp_bloom_filter_contains_unique_size_u32,0,NVIDIA B200,I64,U32,128,20,2,1,1000000000,1024,Yes,,,,,,,,,,
pfp_bloom_filter_contains_unique_size_u32,0,NVIDIA B200,I64,U32,128,20,2,1,1000000000,2048,Yes,,,,,,,,,,
pfp_bloom_filter_contains_unique_size_u32,0,NVIDIA B200,I64,U32,128,20,2,2,1000000000,1,Yes,,,,,,,,,,
pfp_bloom_filter_contains_unique_size_u32,0,NVIDIA B200,I64,U32,128,20,2,2,1000000000,2,Yes,,,,,,,,,,
pfp_bloom_filter_contains_unique_size_u32,0,NVIDIA B200,I64,U32,128,20,2,2,1000000000,4,Yes,,,,,,,,,,
pfp_bloom_filter_contains_unique_size_u32,0,NVIDIA B200,I64,U32,128,20,2,2,1000000000,8,Yes,,,,,,,,,,
pfp_bloom_filter_contains_unique_size_u32,0,NVIDIA B200,I64,U32,128,20,2,2,1000000000,16,Yes,,,,,,,,,,
pfp_bloom_filter_contains_unique_size_u32,0,NVIDIA B200,I64,U32,128,20,2,2,1000000000,32,Yes,,,,,,,,,,
pfp_bloom_filter_contains_unique_size_u32,0,NVIDIA B200,I64,U32,128,20,2,2,1000000000,64,Yes,,,,,,,,,,
pfp_bloom_filter_contains_unique_size_u32,0,NVIDIA B200,I64,U32,128,20,2,2,1000000000,128,Yes,,,,,,,,,,
pfp_bloom_filter_contains_unique_size_u32,0,NVIDIA B200,I64,U32,128,20,2,2,1000000000,256,Yes,,,,,,,,,,
pfp_bloom_filter_contains_unique_size_u32,0,NVIDIA B200,I64,U32,128,20,2,2,1000000000,512,Yes,,,,,,,,,,
pfp_bloom_filter_contains_unique_size_u32,0,NVIDIA B200,I64,U32,128,20,2,2,1000000000,1024,Yes,,,,,,,,,,
pfp_bloom_filter_contains_unique_size_u32,0,NVIDIA B200,I64,U32,128,20,2,2,1000000000,2048,Yes,,,,,,,,,,
pfp_bloom_filter_contains_unique_size_u32,0,NVIDIA B200,I64,U32,128,20,2,4,1000000000,1,Yes,,,,,,,,,,
pfp_bloom_filter_contains_unique_size_u32,0,NVIDIA B200,I64,U32,128,20,2,4,1000000000,2,Yes,,,,,,,,,,
pfp_bloom_filter_contains_unique_size_u32,0,NVIDIA B200,I64,U32,128,20,2,4,1000000000,4,Yes,,,,,,,,,,
pfp_bloom_filter_contains_unique_size_u32,0,NVIDIA B200,I64,U32,128,20,2,4,1000000000,8,Yes,,,,,,,,,,
pfp_bloom_filter_contains_unique_size_u32,0,NVIDIA B200,I64,U32,128,20,2,4,1000000000,16,Yes,,,,,,,,,,
pfp_bloom_filter_contains_unique_size_u32,0,NVIDIA B200,I64,U32,128,20,2,4,1000000000,32,Yes,,,,,,,,,,
pfp_bloom_filter_contains_unique_size_u32,0,NVIDIA B200,I64,U32,128,20,2,4,1000000000,64,Yes,,,,,,,,,,
pfp_bloom_filter_contains_unique_size_u32,0,NVIDIA B200,I64,U32,128,20,2,4,1000000000,128,Yes,,,,,,,,,,
pfp_bloom_filter_contains_unique_size_u32,0,NVIDIA B200,I64,U32,128,20,2,4,1000000000,256,Yes,,,,,,,,,,
pfp_bloom_filter_contains_unique_size_u32,0,NVIDIA B200,I64,U32,128,20,2,4,1000000000,512,Yes,,,,,,,,,,
pfp_bloom_filter_contains_unique_size_u32,0,NVIDIA B200,I64,U32,128,20,2,4,1000000000,1024,Yes,,,,,,,,,,
pfp_bloom_filter_contains_unique_size_u32,0,NVIDIA B200,I64,U32,128,20,2,4,1000000000,2048,Yes,,,,,,,,,,
pfp_bloom_filter_contains_unique_size_u32,0,NVIDIA B200,I64,U32,128,20,2,8,1000000000,1,Yes,,,,,,,,,,
pfp_bloom_filter_contains_unique_size_u32,0,NVIDIA B200,I64,U32,128,20,2,8,1000000000,2,Yes,,,,,,,,,,
pfp_bloom_filter_contains_unique_size_u32,0,NVIDIA B200,I64,U32,128,20,2,8,1000000000,4,Yes,,,,,,,,,,
pfp_bloom_filter_contains_unique_size_u32,0,NVIDIA B200,I64,U32,128,20,2,8,1000000000,8,Yes,,,,,,,,,,
pfp_bloom_filter_contains_unique_size_u32,0,NVIDIA B200,I64,U32,128,20,2,8,1000000000,16,Yes,,,,,,,,,,
pfp_bloom_filter_contains_unique_size_u32,0,NVIDIA B200,I64,U32,128,20,2,8,1000000000,32,Yes,,,,,,,,,,
pfp_bloom_filter_contains_unique_size_u32,0,NVIDIA B200,I64,U32,128,20,2,8,1000000000,64,Yes,,,,,,,,,,
pfp_bloom_filter_contains_unique_size_u32,0,NVIDIA B200,I64,U32,128,20,2,8,1000000000,128,Yes,,,,,,,,,,
pfp_bloom_filter_contains_unique_size_u32,0,NVIDIA B200,I64,U32,128,20,2,8,1000000000,256,Yes,,,,,,,,,,
pfp_bloom_filter_contains_unique_size_u32,0,NVIDIA B200,I64,U32,128,20,2,8,1000000000,512,Yes,,,,,,,,,,
pfp_bloom_filter_contains_unique_size_u32,0,NVIDIA B200,I64,U32,128,20,2,8,1000000000,1024,Yes,,,,,,,,,,
pfp_bloom_filter_contains_unique_size_u32,0,NVIDIA B200,I64,U32,128,20,2,8,1000000000,2048,Yes,,,,,,,,,,
pfp_bloom_filter_contains_unique_size_u32,0,NVIDIA B200,I64,U32,128,20,4,1,1000000000,1,Yes,,,,,,,,,,
pfp_bloom_filter_contains_unique_size_u32,0,NVIDIA B200,I64,U32,128,20,4,1,1000000000,2,Yes,,,,,,,,,,
pfp_bloom_filter_contains_unique_size_u32,0,NVIDIA B200,I64,U32,128,20,4,1,1000000000,4,Yes,,,,,,,,,,
pfp_bloom_filter_contains_unique_size_u32,0,NVIDIA B200,I64,U32,128,20,4,1,1000000000,8,Yes,,,,,,,,,,
pfp_bloom_filter_contains_unique_size_u32,0,NVIDIA B200,I64,U32,128,20,4,1,1000000000,16,Yes,,,,,,,,,,
pfp_bloom_filter_contains_unique_size_u32,0,NVIDIA B200,I64,U32,128,20,4,1,1000000000,32,Yes,,,,,,,,,,
pfp_bloom_filter_contains_unique_size_u32,0,NVIDIA B200,I64,U32,128,20,4,1,1000000000,64,Yes,,,,,,,,,,
pfp_bloom_filter_contains_unique_size_u32,0,NVIDIA B200,I64,U32,128,20,4,1,1000000000,128,Yes,,,,,,,,,,
pfp_bloom_filter_contains_unique_size_u32,0,NVIDIA B200,I64,U32,128,20,4,1,1000000000,256,Yes,,,,,,,,,,
pfp_bloom_filter_contains_unique_size_u32,0,NVIDIA B200,I64,U32,128,20,4,1,1000000000,512,Yes,,,,,,,,,,
pfp_bloom_filter_contains_unique_size_u32,0,NVIDIA B200,I64,U32,128,20,4,1,1000000000,1024,Yes,,,,,,,,,,
pfp_bloom_filter_contains_unique_size_u32,0,NVIDIA B200,I64,U32,128,20,4,1,1000000000,2048,Yes,,,,,,,,,,
pfp_bloom_filter_contains_unique_size_u32,0,NVIDIA B200,I64,U32,128,20,4,2,1000000000,1,Yes,,,,,,,,,,
pfp_bloom_filter_contains_unique_size_u32,0,NVIDIA B200,I64,U32,128,20,4,2,1000000000,2,Yes,,,,,,,,,,
pfp_bloom_filter_contains_unique_size_u32,0,NVIDIA B200,I64,U32,128,20,4,2,1000000000,4,Yes,,,,,,,,,,
pfp_bloom_filter_contains_unique_size_u32,0,NVIDIA B200,I64,U32,128,20,4,2,1000000000,8,Yes,,,,,,,,,,
pfp_bloom_filter_contains_unique_size_u32,0,NVIDIA B200,I64,U32,128,20,4,2,1000000000,16,Yes,,,,,,,,,,
pfp_bloom_filter_contains_unique_size_u32,0,NVIDIA B200,I64,U32,128,20,4,2,1000000000,32,Yes,,,,,,,,,,
pfp_bloom_filter_contains_unique_size_u32,0,NVIDIA B200,I64,U32,128,20,4,2,1000000000,64,Yes,,,,,,,,,,
pfp_bloom_filter_contains_unique_size_u32,0,NVIDIA B200,I64,U32,128,20,4,2,1000000000,128,Yes,,,,,,,,,,
pfp_bloom_filter_contains_unique_size_u32,0,NVIDIA B200,I64,U32,128,20,4,2,1000000000,256,Yes,,,,,,,,,,
pfp_bloom_filter_contains_unique_size_u32,0,NVIDIA B200,I64,U32,128,20,4,2,1000000000,512,Yes,,,,,,,,,,
pfp_bloom_filter_contains_unique_size_u32,0,NVIDIA B200,I64,U32,128,20,4,2,1000000000,1024,Yes,,,,,,,,,,
pfp_bloom_filter_contains_unique_size_u32,0,NVIDIA B200,I64,U32,128,20,4,2,1000000000,2048,Yes,,,,,,,,,,
pfp_bloom_filter_contains_unique_size_u32,0,NVIDIA B200,I64,U32,128,20,4,4,1000000000,1,Yes,,,,,,,,,,
pfp_bloom_filter_contains_unique_size_u32,0,NVIDIA B200,I64,U32,128,20,4,4,1000000000,2,Yes,,,,,,,,,,
pfp_bloom_filter_contains_unique_size_u32,0,NVIDIA B200,I64,U32,128,20,4,4,1000000000,4,Yes,,,,,,,,,,
pfp_bloom_filter_contains_unique_size_u32,0,NVIDIA B200,I64,U32,128,20,4,4,1000000000,8,Yes,,,,,,,,,,
pfp_bloom_filter_contains_unique_size_u32,0,NVIDIA B200,I64,U32,128,20,4,4,1000000000,16,Yes,,,,,,,,,,
pfp_bloom_filter_contains_unique_size_u32,0,NVIDIA B200,I64,U32,128,20,4,4,1000000000,32,Yes,,,,,,,,,,
pfp_bloom_filter_contains_unique_size_u32,0,NVIDIA B200,I64,U32,128,20,4,4,1000000000,64,Yes,,,,,,,,,,
pfp_bloom_filter_contains_unique_size_u32,0,NVIDIA B200,I64,U32,128,20,4,4,1000000000,128,Yes,,,,,,,,,,
pfp_bloom_filter_contains_unique_size_u32,0,NVIDIA B200,I64,U32,128,20,4,4,1000000000,256,Yes,,,,,,,,,,
pfp_bloom_filter_contains_unique_size_u32,0,NVIDIA B200,I64,U32,128,20,4,4,1000000000,512,Yes,,,,,,,,,,
pfp_bloom_filter_contains_unique_size_u32,0,NVIDIA B200,I64,U32,128,20,4,4,1000000000,1024,Yes,,,,,,,,,,
pfp_bloom_filter_contains_unique_size_u32,0,NVIDIA B200,I64,U32,128,20,4,4,1000000000,2048,Yes,,,,,,,,,,
pfp_bloom_filter_contains_unique_size_u32,0,NVIDIA B200,I64,U32,128,20,4,8,1000000000,1,Yes,,,,,,,,,,
pfp_bloom_filter_contains_unique_size_u32,0,NVIDIA B200,I64,U32,128,20,4,8,1000000000,2,Yes,,,,,,,,,,
pfp_bloom_filter_contains_unique_size_u32,0,NVIDIA B200,I64,U32,128,20,4,8,1000000000,4,Yes,,,,,,,,,,
pfp_bloom_filter_contains_unique_size_u32,0,NVIDIA B200,I64,U32,128,20,4,8,1000000000,8,Yes,,,,,,,,,,
pfp_bloom_filter_contains_unique_size_u32,0,NVIDIA B200,I64,U32,128,20,4,8,1000000000,16,Yes,,,,,,,,,,
pfp_bloom_filter_contains_unique_size_u32,0,NVIDIA B200,I64,U32,128,20,4,8,1000000000,32,Yes,,,,,,,,,,
pfp_bloom_filter_contains_unique_size_u32,0,NVIDIA B200,I64,U32,128,20,4,8,1000000000,64,Yes,,,,,,,,,,
pfp_bloom_filter_contains_unique_size_u32,0,NVIDIA B200,I64,U32,128,20,4,8,1000000000,128,Yes,,,,,,,,,,
pfp_bloom_filter_contains_unique_size_u32,0,NVIDIA B200,I64,U32,128,20,4,8,1000000000,256,Yes,,,,,,,,,,
pfp_bloom_filter_contains_unique_size_u32,0,NVIDIA B200,I64,U32,128,20,4,8,1000000000,512,Yes,,,,,,,,,,
pfp_bloom_filter_contains_unique_size_u32,0,NVIDIA B200,I64,U32,128,20,4,8,1000000000,1024,Yes,,,,,,,,,,
pfp_bloom_filter_contains_unique_size_u32,0,NVIDIA B200,I64,U32,128,20,4,8,1000000000,2048,Yes,,,,,,,,,,
pfp_bloom_filter_contains_unique_size_u32,0,NVIDIA B200,I64,U32,128,20,8,1,1000000000,1,Yes,,,,,,,,,,
pfp_bloom_filter_contains_unique_size_u32,0,NVIDIA B200,I64,U32,128,20,8,1,1000000000,2,Yes,,,,,,,,,,
pfp_bloom_filter_contains_unique_size_u32,0,NVIDIA B200,I64,U32,128,20,8,1,1000000000,4,Yes,,,,,,,,,,
pfp_bloom_filter_contains_unique_size_u32,0,NVIDIA B200,I64,U32,128,20,8,1,1000000000,8,Yes,,,,,,,,,,
pfp_bloom_filter_contains_unique_size_u32,0,NVIDIA B200,I64,U32,128,20,8,1,1000000000,16,Yes,,,,,,,,,,
pfp_bloom_filter_contains_unique_size_u32,0,NVIDIA B200,I64,U32,128,20,8,1,1000000000,32,Yes,,,,,,,,,,
pfp_bloom_filter_contains_unique_size_u32,0,NVIDIA B200,I64,U32,128,20,8,1,1000000000,64,Yes,,,,,,,,,,
pfp_bloom_filter_contains_unique_size_u32,0,NVIDIA B200,I64,U32,128,20,8,1,1000000000,128,Yes,,,,,,,,,,
pfp_bloom_filter_contains_unique_size_u32,0,NVIDIA B200,I64,U32,128,20,8,1,1000000000,256,Yes,,,,,,,,,,
pfp_bloom_filter_contains_unique_size_u32,0,NVIDIA B200,I64,U32,128,20,8,1,1000000000,512,Yes,,,,,,,,,,
pfp_bloom_filter_contains_unique_size_u32,0,NVIDIA B200,I64,U32,128,20,8,1,1000000000,1024,Yes,,,,,,,,,,
pfp_bloom_filter_contains_unique_size_u32,0,NVIDIA B200,I64,U32,128,20,8,1,1000000000,2048,Yes,,,,,,,,,,
pfp_bloom_filter_contains_unique_size_u32,0,NVIDIA B200,I64,U32,128,20,8,2,1000000000,1,Yes,,,,,,,,,,
pfp_bloom_filter_contains_unique_size_u32,0,NVIDIA B200,I64,U32,128,20,8,2,1000000000,2,Yes,,,,,,,,,,
pfp_bloom_filter_contains_unique_size_u32,0,NVIDIA B200,I64,U32,128,20,8,2,1000000000,4,Yes,,,,,,,,,,
pfp_bloom_filter_contains_unique_size_u32,0,NVIDIA B200,I64,U32,128,20,8,2,1000000000,8,Yes,,,,,,,,,,
pfp_bloom_filter_contains_unique_size_u32,0,NVIDIA B200,I64,U32,128,20,8,2,1000000000,16,Yes,,,,,,,,,,
pfp_bloom_filter_contains_unique_size_u32,0,NVIDIA B200,I64,U32,128,20,8,2,1000000000,32,Yes,,,,,,,,,,
pfp_bloom_filter_contains_unique_size_u32,0,NVIDIA B200,I64,U32,128,20,8,2,1000000000,64,Yes,,,,,,,,,,
pfp_bloom_filter_contains_unique_size_u32,0,NVIDIA B200,I64,U32,128,20,8,2,1000000000,128,Yes,,,,,,,,,,
pfp_bloom_filter_contains_unique_size_u32,0,NVIDIA B200,I64,U32,128,20,8,2,1000000000,256,Yes,,,,,,,,,,
pfp_bloom_filter_contains_unique_size_u32,0,NVIDIA B200,I64,U32,128,20,8,2,1000000000,512,Yes,,,,,,,,,,
pfp_bloom_filter_contains_unique_size_u32,0,NVIDIA B200,I64,U32,128,20,8,2,1000000000,1024,Yes,,,,,,,,,,
pfp_bloom_filter_contains_unique_size_u32,0,NVIDIA B200,I64,U32,128,20,8,2,1000000000,2048,Yes,,,,,,,,,,
pfp_bloom_filter_contains_unique_size_u32,0,NVIDIA B200,I64,U32,128,20,8,4,1000000000,1,Yes,,,,,,,,,,
pfp_bloom_filter_contains_unique_size_u32,0,NVIDIA B200,I64,U32,128,20,8,4,1000000000,2,Yes,,,,,,,,,,
pfp_bloom_filter_contains_unique_size_u32,0,NVIDIA B200,I64,U32,128,20,8,4,1000000000,4,Yes,,,,,,,,,,
pfp_bloom_filter_contains_unique_size_u32,0,NVIDIA B200,I64,U32,128,20,8,4,1000000000,8,Yes,,,,,,,,,,
pfp_bloom_filter_contains_unique_size_u32,0,NVIDIA B200,I64,U32,128,20,8,4,1000000000,16,Yes,,,,,,,,,,
pfp_bloom_filter_contains_unique_size_u32,0,NVIDIA B200,I64,U32,128,20,8,4,1000000000,32,Yes,,,,,,,,,,
pfp_bloom_filter_contains_unique_size_u32,0,NVIDIA B200,I64,U32,128,20,8,4,1000000000,64,Yes,,,,,,,,,,
pfp_bloom_filter_contains_unique_size_u32,0,NVIDIA B200,I64,U32,128,20,8,4,1000000000,128,Yes,,,,,,,,,,
pfp_bloom_filter_contains_unique_size_u32,0,NVIDIA B200,I64,U32,128,20,8,4,1000000000,256,Yes,,,,,,,,,,
pfp_bloom_filter_contains_unique_size_u32,0,NVIDIA B200,I64,U32,128,20,8,4,1000000000,512,Yes,,,,,,,,,,
pfp_bloom_filter_contains_unique_size_u32,0,NVIDIA B200,I64,U32,128,20,8,4,1000000000,1024,Yes,,,,,,,,,,
pfp_bloom_filter_contains_unique_size_u32,0,NVIDIA B200,I64,U32,128,20,8,4,1000000000,2048,Yes,,,,,,,,,,
pfp_bloom_filter_contains_unique_size_u32,0,NVIDIA B200,I64,U32,128,20,8,8,1000000000,1,Yes,,,,,,,,,,
pfp_bloom_filter_contains_unique_size_u32,0,NVIDIA B200,I64,U32,128,20,8,8,1000000000,2,Yes,,,,,,,,,,
pfp_bloom_filter_contains_unique_size_u32,0,NVIDIA B200,I64,U32,128,20,8,8,1000000000,4,Yes,,,,,,,,,,
pfp_bloom_filter_contains_unique_size_u32,0,NVIDIA B200,I64,U32,128,20,8,8,1000000000,8,Yes,,,,,,,,,,
pfp_bloom_filter_contains_unique_size_u32,0,NVIDIA B200,I64,U32,128,20,8,8,1000000000,16,Yes,,,,,,,,,,
pfp_bloom_filter_contains_unique_size_u32,0,NVIDIA B200,I64,U32,128,20,8,8,1000000000,32,Yes,,,,,,,,,,
pfp_bloom_filter_contains_unique_size_u32,0,NVIDIA B200,I64,U32,128,20,8,8,1000000000,64,Yes,,,,,,,,,,
pfp_bloom_filter_contains_unique_size_u32,0,NVIDIA B200,I64,U32,128,20,8,8,1000000000,128,Yes,,,,,,,,,,
pfp_bloom_filter_contains_unique_size_u32,0,NVIDIA B200,I64,U32,128,20,8,8,1000000000,256,Yes,,,,,,,,,,
pfp_bloom_filter_contains_unique_size_u32,0,NVIDIA B200,I64,U32,128,20,8,8,1000000000,512,Yes,,,,,,,,,,
pfp_bloom_filter_contains_unique_size_u32,0,NVIDIA B200,I64,U32,128,20,8,8,1000000000,1024,Yes,,,,,,,,,,
pfp_bloom_filter_contains_unique_size_u32,0,NVIDIA B200,I64,U32,128,20,8,8,1000000000,2048,Yes,,,,,,,,,,
pfp_bloom_filter_contains_unique_size_u32,0,NVIDIA B200,I64,U32,256,1,1,1,1000000000,1,No,0.001307703,8,31,0.01630097525806452,0.004028296914849318,0.016285799826345138,0.004029412419692017,61403186252.00861,32,0.016265695571899413
pfp_bloom_filter_contains_unique_size_u32,0,NVIDIA B200,I64,U32,256,1,1,1,1000000000,2,No,0.001313231,8,31,0.01624022990322581,6.908605161813238e-05,0.016225079074982673,5.238638698663695e-05,61632981594.640884,32,0.0162227840423584
pfp_bloom_filter_contains_unique_size_u32,0,NVIDIA B200,I64,U32,256,1,1,1,1000000000,4,No,0.001314625,8,31,0.016174969032258065,7.909490493147418e-05,0.016159809297130952,4.892910832721376e-05,61881918382.38723,32,0.016157407760620118
pfp_bloom_filter_contains_unique_size_u32,0,NVIDIA B200,I64,U32,256,1,1,1,1000000000,8,No,0.001315207,8,32,0.016127016875000004,9.91993616634966e-05,0.016111745178699493,5.452219451577244e-05,62066522832.17888,33,0.016109011967976886
pfp_bloom_filter_contains_unique_size_u32,0,NVIDIA B200,I64,U32,256,1,1,1,1000000000,16,No,0.001312756,8,32,0.016098387406250005,9.347923143898454e-05,0.016083077132701868,5.288641615075786e-05,62177156258.654686,33,0.016079531409523704
pfp_bloom_filter_contains_unique_size_u32,0,NVIDIA B200,I64,U32,256,1,1,1,1000000000,32,No,0.0013149,8,32,0.016087702,7.178425039021434e-05,0.016072578310966493,4.463065132350545e-05,62217771203.372475,33,0.016067273400046607
pfp_bloom_filter_contains_unique_size_u32,0,NVIDIA B200,I64,U32,256,1,1,1,1000000000,64,No,0.001315008,8,30,0.016877254999999997,6.041242671172919e-05,0.01686180203755697,3.7932492780417615e-05,59305642289.754074,31,0.016853255733366934
pfp_bloom_filter_contains_unique_size_u32,0,NVIDIA B200,I64,U32,256,1,1,1,1000000000,128,No,0.001316179,8,28,0.01791493996428572,7.030793807653444e-05,0.017899213177817213,4.238951543427481e-05,55868377568.64734,29,0.017887373299434267
pfp_bloom_filter_contains_unique_size_u32,0,NVIDIA B200,I64,U32,256,1,1,1,1000000000,256,No,0.001315938,8,26,0.019357914076923086,0.009701832675840433,0.01934228559640738,0.009701840633877247,51700198252.97891,27,0.019484366876107675
pfp_bloom_filter_contains_unique_size_u32,0,NVIDIA B200,I64,U32,256,1,1,1,1000000000,512,No,0.001314859,8,24,0.021570735249999997,0.007764406422703189,0.021555157343546554,0.007769223560613282,46392609622.93055,25,0.021655346145629882
pfp_bloom_filter_contains_unique_size_u32,0,NVIDIA B200,I64,U32,256,1,1,1,1000000000,1024,No,0.00131359,8,22,0.023041308090909093,0.0077694306212823215,0.023025429899042302,0.007775739665916309,43430242318.367874,23,0.02312391679183296
pfp_bloom_filter_contains_unique_size_u32,0,NVIDIA B200,I64,U32,256,1,1,1,1000000000,2048,No,0.001316432,8,21,0.023891992952380953,0.0054416551074355935,0.02387583096822103,0.005443252163888598,41883359005.6409,22,0.02397430740703236
pfp_bloom_filter_contains_unique_size_u32,0,NVIDIA B200,I64,U32,256,1,1,2,1000000000,1,No,0.001307703,8,48,0.010622584208333332,0.0032911989222129848,0.010607960601647695,0.0032985891189863245,94268826737.9758,49,0.010599570760921556
pfp_bloom_filter_contains_unique_size_u32,0,NVIDIA B200,I64,U32,256,1,1,2,1000000000,2,No,0.001313231,8,48,0.010505838604166666,0.00010563045368873377,0.010490872005621592,7.262462071804156e-05,95320960875.716,50,0.010488873291015626
pfp_bloom_filter_contains_unique_size_u32,0,NVIDIA B200,I64,U32,256,1,1,2,1000000000,4,No,0.001314625,8,49,0.010415558102040817,0.000109477863955422,0.010400946286259866,7.029477121024825e-05,96145098001.42383,50,0.010398760986328127
pfp_bloom_filter_contains_unique_size_u32,0,NVIDIA B200,I64,U32,256,1,1,2,1000000000,8,No,0.001315207,8,49,0.010360961714285718,6.819198344605208e-05,0.010346073384187662,5.321810590001879e-05,96655026778.40483,50,0.010343485107421875
pfp_bloom_filter_contains_unique_size_u32,0,NVIDIA B200,I64,U32,256,1,1,2,1000000000,16,No,0.001312756,8,49,0.010330923,0.00010482575557389818,0.010316316682465226,6.39597634023339e-05,96933821515.94016,51,0.01031286501416973
pfp_bloom_filter_contains_unique_size_u32,0,NVIDIA B200,I64,U32,256,1,1,2,1000000000,32,No,0.0013149,8,49,0.01031704744897959,8.999278976158633e-05,0.010302363220526252,6.191072474877186e-05,97065108130.49352,51,0.01029672061695772
pfp_bloom_filter_contains_unique_size_u32,0,NVIDIA B200,I64,U32,256,1,1,2,1000000000,64,No,0.001315008,8,49,0.010423921959183671,0.00010540453428385256,0.010409159251621792,7.061402031285334e-05,96069238237.87167,50,0.010399068603515624
pfp_bloom_filter_contains_unique_size_u32,0,NVIDIA B200,I64,U32,256,1,1,2,1000000000,128,No,0.001316179,8,37,0.01380380054054054,0.056089691521235406,0.013788488645811335,0.05612981170932232,72524264673.7632,38,0.014013575277830426
pfp_bloom_filter_contains_unique_size_u32,0,NVIDIA B200,I64,U32,256,1,1,2,1000000000,256,No,0.001315938,8,29,0.01781015751724138,0.06321465454983322,0.01779463268148488,0.06326848490763694,56196720544.86907,30,0.017840471331278484
pfp_bloom_filter_contains_unique_size_u32,0,NVIDIA B200,I64,U32,256,1,1,2,1000000000,512,No,0.001314859,8,25,0.02054219292,0.021431953269230575,0.02052569839477539,0.021447502071169775,48719414110.38856,26,0.020746832113999587
pfp_bloom_filter_contains_unique_size_u32,0,NVIDIA B200,I64,U32,256,1,1,2,1000000000,1024,No,0.00131359,8,23,0.02208041508695652,0.02660915241687777,0.02206493493785029,0.02663380428894259,45320777188.63315,24,0.0223941535949707
pfp_bloom_filter_contains_unique_size_u32,0,NVIDIA B200,I64,U32,256,1,1,2,1000000000,2048,No,0.001316432,8,22,0.022998901863636366,0.01989695444181776,0.02298310548608953,0.019919615869684153,43510221044.98662,23,0.02326109554456628
pfp_bloom_filter_contains_unique_size_u32,0,NVIDIA B200,I64,U32,256,1,1,4,1000000000,1,No,0.001307703,8,77,0.006528624181818181,0.004587383516656277,0.006514311103077677,0.004591936065191384,153508173646.71936,80,0.00650535659790039
pfp_bloom_filter_contains_unique_size_u32,0,NVIDIA B200,I64,U32,256,1,1,4,1000000000,2,No,0.001313231,8,78,0.006455644179487179,0.00023072331250439013,0.006441055597403113,9.321395772120459e-05,155254055003.52725,81,0.006439619653018904
pfp_bloom_filter_contains_unique_size_u32,0,NVIDIA B200,I64,U32,256,1,1,4,1000000000,4,No,0.001314625,8,79,0.006404303620253163,0.0001689289170896793,0.006390003777757472,0.00010680924714780275,156494430172.4565,82,0.00638741172232279
pfp_bloom_filter_contains_unique_size_u32,0,NVIDIA B200,I64,U32,256,1,1,4,1000000000,8,No,0.001315207,8,79,0.006374528810126581,0.00017028872158489014,0.006359851275818249,0.00010629420504644943,157236381266.06058,82,0.006356155023342225
pfp_bloom_filter_contains_unique_size_u32,0,NVIDIA B200,I64,U32,256,1,1,4,1000000000,16,No,0.001312756,8,79,0.006358383443037972,0.00015446787367388694,0.0063441223977487304,0.00011563691768987993,157626214833.88452,82,0.0063396465022389475
pfp_bloom_filter_contains_unique_size_u32,0,NVIDIA B200,I64,U32,256,1,1,4,1000000000,32,No,0.0013149,8,79,0.006352901670886078,0.00015435939618227437,0.00633847132211999,9.985924100138804e-05,157766746772.23846,82,0.006331528826457699
pfp_bloom_filter_contains_unique_size_u32,0,NVIDIA B200,I64,U32,256,1,1,4,1000000000,64,No,0.001315008,8,66,0.007673932893939395,0.03692240944994108,0.007659515648177174,0.036987510292634994,130556558134.0619,67,0.007801655676827502
pfp_bloom_filter_contains_unique_size_u32,0,NVIDIA B200,I64,U32,256,1,1,4,1000000000,128,No,0.001316179,8,38,0.013305538473684214,0.06380714204101426,0.013290221465261359,0.06388476327576173,75243290912.33353,40,0.01325614013671875
pfp_bloom_filter_contains_unique_size_u32,0,NVIDIA B200,I64,U32,256,1,1,4,1000000000,256,No,0.001315938,8,29,0.017467095034482762,0.12525331150097327,0.017451842143617825,0.12536784795258796,57300541213.39288,30,0.01760078328450521
pfp_bloom_filter_contains_unique_size_u32,0,NVIDIA B200,I64,U32,256,1,1,4,1000000000,512,No,0.001314859,8,25,0.020448989920000004,0.030977636380335707,0.0204332275390625,0.030992589930185818,48939894497.24892,26,0.020637695826016936
pfp_bloom_filter_contains_unique_size_u32,0,NVIDIA B200,I64,U32,256,1,1,4,1000000000,1024,No,0.00131359,8,23,0.021986649739130427,0.022954079811954325,0.021971282129702365,0.022984669078463613,45513957451.21892,24,0.022286890665690104
pfp_bloom_filter_contains_unique_size_u32,0,NVIDIA B200,I64,U32,256,1,1,4,1000000000,2048,No,0.001316432,8,22,0.02279054031818182,0.022858545028359715,0.022775187058882283,0.022881203668711,43907433006.571144,23,0.023122988825259004
pfp_bloom_filter_contains_unique_size_u32,0,NVIDIA B200,I64,U32,256,1,1,8,1000000000,1,No,0.001307703,8,94,0.005364015776595746,0.012092340274337544,0.005349732363477668,0.01211132050837167,186925238882.4057,97,0.005358402212870489
pfp_bloom_filter_contains_unique_size_u32,0,NVIDIA B200,I64,U32,256,1,1,8,1000000000,2,No,0.001313231,8,94,0.005381212361702128,0.004871782600063144,0.005366768679720289,0.0048938767863287306,186331861810.76825,96,0.00540685780843099
pfp_bloom_filter_contains_unique_size_u32,0,NVIDIA B200,I64,U32,256,1,1,8,1000000000,4,No,0.001314625,8,93,0.0054142990215053765,0.004123096331429723,0.00539977740215999,0.004159441795244881,185192819170.6542,96,0.00542301877339681
pfp_bloom_filter_contains_unique_size_u32,0,NVIDIA B200,I64,U32,256,1,1,8,1000000000,8,No,0.001315207,8,93,0.005418259387096775,0.004845333699688153,0.005403795975510794,0.0048620404895196615,185055099143.61172,96,0.005435455958048503
pfp_bloom_filter_contains_unique_size_u32,0,NVIDIA B200,I64,U32,256,1,1,8,1000000000,16,No,0.001312756,8,93,0.00542325494623656,0.0062093002869983765,0.005409018870322936,0.006252108094701408,184876411780.81094,95,0.005448704127261513
pfp_bloom_filter_contains_unique_size_u32,0,NVIDIA B200,I64,U32,256,1,1,8,1000000000,32,No,0.0013149,8,92,0.005460134913043479,0.00642632447034137,0.005445682784785394,0.006453559549273014,183631702308.08963,95,0.005472471859580592
pfp_bloom_filter_contains_unique_size_u32,0,NVIDIA B200,I64,U32,256,1,1,8,1000000000,64,No,0.001315008,8,67,0.0075560991641791045,0.047760741028067655,0.007541732773851992,0.0478465758531445,132595522804.4023,69,0.007596165753793025
pfp_bloom_filter_contains_unique_size_u32,0,NVIDIA B200,I64,U32,256,1,1,8,1000000000,128,No,0.001316179,8,38,0.01345214952631579,0.2748402827821763,0.013436356193140934,0.2750700554438169,74424939740.02309,39,0.013172735752203525
pfp_bloom_filter_contains_unique_size_u32,0,NVIDIA B200,I64,U32,256,1,1,8,1000000000,256,No,0.001315938,8,29,0.017638307896551728,0.190587445977441,0.01762252583997003,0.19075881700911643,56745554472.780426,30,0.01754791259765625
pfp_bloom_filter_contains_unique_size_u32,0,NVIDIA B200,I64,U32,256,1,1,8,1000000000,512,No,0.001314859,8,25,0.02027028968,0.023927477930232824,0.02025443328857422,0.023939479988571637,49371907164.84339,26,0.02052801044170673
pfp_bloom_filter_contains_unique_size_u32,0,NVIDIA B200,I64,U32,256,1,1,8,1000000000,1024,No,0.00131359,8,23,0.02193416908695653,0.02647678608003668,0.021918458441029427,0.02649123180135063,45623646511.93206,24,0.02212518310546875
pfp_bloom_filter_contains_unique_size_u32,0,NVIDIA B200,I64,U32,256,1,1,8,1000000000,2048,No,0.001316432,8,23,0.02265608608695652,0.02237700730775947,0.022640251988949985,0.022407939252043443,44169119693.90047,24,0.022983638286590575
pfp_bloom_filter_contains_unique_size_u32,0,NVIDIA B200,I64,U32,256,1,2,1,1000000000,1,No,0.001307703,8,28,0.01823300085714286,0.0007200817717614267,0.01821763781138829,0.0007143382981747556,54891858667.586174,29,0.0182139238160232
pfp_bloom_filter_contains_unique_size_u32,0,NVIDIA B200,I64,U32,256,1,2,1,1000000000,2,No,0.001313231,8,28,0.01823219132142857,6.195267961025974e-05,0.018216599328177315,4.3206837311299044e-05,54894987916.49914,29,0.018215582354315394
pfp_bloom_filter_contains_unique_size_u32,0,NVIDIA B200,I64,U32,256,1,2,1,1000000000,4,No,0.001314625,8,28,0.018233581285714295,5.8693557245540146e-05,0.018217898096357075,3.854827743295727e-05,54891074409.94875,29,0.018216147389905207
pfp_bloom_filter_contains_unique_size_u32,0,NVIDIA B200,I64,U32,256,1,2,1,1000000000,8,No,0.001315207,8,28,0.018234902464285718,7.278031186319368e-05,0.018219140189034606,4.0028633763979824e-05,54887332202.52958,29,0.018216748336265826
pfp_bloom_filter_contains_unique_size_u32,0,NVIDIA B200,I64,U32,256,1,2,1,1000000000,16,No,0.001312756,8,28,0.01823469771428571,6.791963119674788e-05,0.018219373294285367,3.4938275247443446e-05,54886629954.151985,29,0.01821684725531216
pfp_bloom_filter_contains_unique_size_u32,0,NVIDIA B200,I64,U32,256,1,2,1,1000000000,32,No,0.0013149,8,28,0.01823938842857143,5.65646138725367e-05,0.018223706722259526,4.493623338958289e-05,54873578424.00636,29,0.01821932457233297
pfp_bloom_filter_contains_unique_size_u32,0,NVIDIA B200,I64,U32,256,1,2,1,1000000000,64,No,0.001315008,8,27,0.01874767155555556,6.452406618551633e-05,0.018731918546888566,4.87158849842463e-05,53384814667.90829,28,0.018727715628487723
pfp_bloom_filter_contains_unique_size_u32,0,NVIDIA B200,I64,U32,256,1,2,1,1000000000,128,No,0.001316179,8,26,0.019259397653846152,8.618160090012895e-05,0.01924375614753136,9.036866291181053e-05,51964907076.017105,27,0.019236750849971066
pfp_bloom_filter_contains_unique_size_u32,0,NVIDIA B200,I64,U32,256,1,2,1,1000000000,256,No,0.001315938,8,24,0.020989228541666665,0.02151949323023384,0.020973525206247966,0.021536128403802354,47679156945.06626,25,0.021203025741577147
pfp_bloom_filter_contains_unique_size_u32,0,NVIDIA B200,I64,U32,256,1,2,1,1000000000,512,No,0.001314859,8,22,0.023155466090909085,0.022971100118497383,0.023139656760475854,0.022987847432850494,43215852782.573235,23,0.023280547100564708
pfp_bloom_filter_contains_unique_size_u32,0,NVIDIA B200,I64,U32,256,1,2,1,1000000000,1024,No,0.00131359,8,21,0.02436356585714286,0.026742379245549872,0.024347504842849005,0.02676241273832551,41071970473.134766,22,0.02456939142400568
pfp_bloom_filter_contains_unique_size_u32,0,NVIDIA B200,I64,U32,256,1,2,1,1000000000,2048,No,0.001316432,8,20,0.0251456047,0.022354729953410202,0.02512932004928589,0.022360306188696007,39794152728.31536,21,0.02544507998511905
pfp_bloom_filter_contains_unique_size_u32,0,NVIDIA B200,I64,U32,256,1,2,2,1000000000,1,No,0.001307703,8,25,0.02039415828,0.002096218653059387,0.020378341293334965,0.00210363244222516,49071707338.96113,26,0.020362279231731707
pfp_bloom_filter_contains_unique_size_u32,0,NVIDIA B200,I64,U32,256,1,2,2,1000000000,2,No,0.001313231,8,25,0.02038204248,0.00012307368742979087,0.020366074905395503,8.73037332899223e-05,49101262989.81027,26,0.020363815967853253
pfp_bloom_filter_contains_unique_size_u32,0,NVIDIA B200,I64,U32,256,1,2,2,1000000000,4,No,0.001314625,8,25,0.0203820924,0.00010229441313373708,0.020366136550903313,8.72653398986403e-05,49101114367.00774,26,0.02036365802471454
pfp_bloom_filter_contains_unique_size_u32,0,NVIDIA B200,I64,U32,256,1,2,2,1000000000,8,No,0.001315207,8,25,0.020383035000000004,0.00015543725067774142,0.020366896438598632,0.00010292967744944733,49099282407.34975,26,0.020362909903893108
pfp_bloom_filter_contains_unique_size_u32,0,NVIDIA B200,I64,U32,256,1,2,2,1000000000,16,No,0.001312756,8,25,0.020380215960000007,0.0001323569646201293,0.020364778366088868,0.0001136336974649684,49104389059.55321,26,0.02036216134291429
pfp_bloom_filter_contains_unique_size_u32,0,NVIDIA B200,I64,U32,256,1,2,2,1000000000,32,No,0.0013149,8,25,0.02040626656,8.877360457317661e-05,0.020390398559570314,7.365651592977055e-05,49042690219.05146,26,0.020386494709895207
pfp_bloom_filter_contains_unique_size_u32,0,NVIDIA B200,I64,U32,256,1,2,2,1000000000,64,No,0.001315008,8,24,0.02086843566666667,0.00011917501862603117,0.020852654616038,0.00012071820347575929,47955525011.71191,25,0.02084917236328125
pfp_bloom_filter_contains_unique_size_u32,0,NVIDIA B200,I64,U32,256,1,2,2,1000000000,128,No,0.001316179,8,24,0.021380870625000003,0.00012318334109661828,0.02136475610733032,0.00011049586733112399,46806057367.39005,25,0.021357158584594728
pfp_bloom_filter_contains_unique_size_u32,0,NVIDIA B200,I64,U32,256,1,2,2,1000000000,256,No,0.001315938,8,23,0.022156550826086956,7.91583455538104e-05,0.022140883570132042,7.499054168651509e-05,45165315866.11998,24,0.022131883064905804
pfp_bloom_filter_contains_unique_size_u32,0,NVIDIA B200,I64,U32,256,1,2,2,1000000000,512,No,0.001314859,8,22,0.023377455818181816,0.010936168535655608,0.023361397916620428,0.010954603228530398,42805657588.17676,23,0.02352781511389691
pfp_bloom_filter_contains_unique_size_u32,0,NVIDIA B200,I64,U32,256,1,2,2,1000000000,1024,No,0.00131359,8,21,0.024526502952380954,0.011241420843167933,0.024510637919108073,0.011250334441786547,40798611741.57435,22,0.02470548673109575
pfp_bloom_filter_contains_unique_size_u32,0,NVIDIA B200,I64,U32,256,1,2,2,1000000000,2048,No,0.001316432,8,20,0.0250688278,0.01621877210969975,0.02505242395401001,0.016247707360141462,39916297194.86426,21,0.02537540290469215
pfp_bloom_filter_contains_unique_size_u32,0,NVIDIA B200,I64,U32,256,1,2,4,1000000000,1,No,0.001307703,8,25,0.020315360560000002,0.0023086386511914406,0.020300209960937496,0.0023084103021897527,49260574246.48521,26,0.02028543127500094
pfp_bloom_filter_contains_unique_size_u32,0,NVIDIA B200,I64,U32,256,1,2,4,1000000000,2,No,0.001313231,8,25,0.020305009960000002,6.974392428012057e-05,0.02028934761047363,6.0675763841447786e-05,49286946983.14434,26,0.020287527304429273
pfp_bloom_filter_contains_unique_size_u32,0,NVIDIA B200,I64,U32,256,1,2,4,1000000000,4,No,0.001314625,8,25,0.02030584244,0.00011678308766915527,0.020290133514404295,7.256832810855367e-05,49285037936.792465,26,0.020287522389338567
pfp_bloom_filter_contains_unique_size_u32,0,NVIDIA B200,I64,U32,256,1,2,4,1000000000,8,No,0.001315207,8,25,0.020304371640000003,8.650668555176755e-05,0.02028902648925781,8.127238536206979e-05,49287727064.15747,26,0.02028709462972788
pfp_bloom_filter_contains_unique_size_u32,0,NVIDIA B200,I64,U32,256,1,2,4,1000000000,16,No,0.001312756,8,25,0.020304478480000002,8.727940641193482e-05,0.020288616943359372,7.91968072069172e-05,49288721985.91674,26,0.0202855193064763
pfp_bloom_filter_contains_unique_size_u32,0,NVIDIA B200,I64,U32,256,1,2,4,1000000000,32,No,0.0013149,8,25,0.020329589920000002,8.432176665980916e-05,0.020313767395019527,7.458319986288555e-05,49227697676.8562,26,0.020311157666719877
pfp_bloom_filter_contains_unique_size_u32,0,NVIDIA B200,I64,U32,256,1,2,4,1000000000,64,No,0.001315008,8,25,0.020797746080000002,0.00010831567956901035,0.02078188018798828,9.505740883375026e-05,48118841555.9238,26,0.020778493367708647
pfp_bloom_filter_contains_unique_size_u32,0,NVIDIA B200,I64,U32,256,1,2,4,1000000000,128,No,0.001316179,8,24,0.021327398625000004,0.00014568331083228192,0.021310934702555337,0.00010311049339988565,46924267469.136055,25,0.021304442749023437
pfp_bloom_filter_contains_unique_size_u32,0,NVIDIA B200,I64,U32,256,1,2,4,1000000000,256,No,0.001315938,8,23,0.022119117086956522,8.423649155932582e-05,0.022103221312813143,6.160212122800068e-05,45242274229.96956,24,0.02209420577685038
pfp_bloom_filter_contains_unique_size_u32,0,NVIDIA B200,I64,U32,256,1,2,4,1000000000,512,No,0.001314859,8,22,0.02320743209090909,0.010221965861201002,0.02319141535325484,0.010217643127207281,43119403657.25256,23,0.023374716800192125
pfp_bloom_filter_contains_unique_size_u32,0,NVIDIA B200,I64,U32,256,1,2,4,1000000000,1024,No,0.00131359,8,21,0.024319229571428565,0.014260807539664109,0.02430324581691197,0.014261597939256217,41146767289.17119,22,0.024526757673783737
pfp_bloom_filter_contains_unique_size_u32,0,NVIDIA B200,I64,U32,256,1,2,4,1000000000,2048,No,0.001316432,8,21,0.024979321619047617,0.016536659250426033,0.024963414782569523,0.016547231365273408,40058622136.032486,22,0.025204220511696553
pfp_bloom_filter_contains_unique_size_u32,0,NVIDIA B200,I64,U32,256,1,2,8,1000000000,1,Yes,,,,,,,,,,
pfp_bloom_filter_contains_unique_size_u32,0,NVIDIA B200,I64,U32,256,1,2,8,1000000000,2,Yes,,,,,,,,,,
pfp_bloom_filter_contains_unique_size_u32,0,NVIDIA B200,I64,U32,256,1,2,8,1000000000,4,Yes,,,,,,,,,,
pfp_bloom_filter_contains_unique_size_u32,0,NVIDIA B200,I64,U32,256,1,2,8,1000000000,8,Yes,,,,,,,,,,
pfp_bloom_filter_contains_unique_size_u32,0,NVIDIA B200,I64,U32,256,1,2,8,1000000000,16,Yes,,,,,,,,,,
pfp_bloom_filter_contains_unique_size_u32,0,NVIDIA B200,I64,U32,256,1,2,8,1000000000,32,Yes,,,,,,,,,,
pfp_bloom_filter_contains_unique_size_u32,0,NVIDIA B200,I64,U32,256,1,2,8,1000000000,64,Yes,,,,,,,,,,
pfp_bloom_filter_contains_unique_size_u32,0,NVIDIA B200,I64,U32,256,1,2,8,1000000000,128,Yes,,,,,,,,,,
pfp_bloom_filter_contains_unique_size_u32,0,NVIDIA B200,I64,U32,256,1,2,8,1000000000,256,Yes,,,,,,,,,,
pfp_bloom_filter_contains_unique_size_u32,0,NVIDIA B200,I64,U32,256,1,2,8,1000000000,512,Yes,,,,,,,,,,
pfp_bloom_filter_contains_unique_size_u32,0,NVIDIA B200,I64,U32,256,1,2,8,1000000000,1024,Yes,,,,,,,,,,
pfp_bloom_filter_contains_unique_size_u32,0,NVIDIA B200,I64,U32,256,1,2,8,1000000000,2048,Yes,,,,,,,,,,
pfp_bloom_filter_contains_unique_size_u32,0,NVIDIA B200,I64,U32,256,1,4,1,1000000000,1,No,0.001307703,8,27,0.018818071592592592,0.0005921162073740777,0.01880246141221788,0.0005898937360684619,53184526114.76696,28,0.018797787053244454
pfp_bloom_filter_contains_unique_size_u32,0,NVIDIA B200,I64,U32,256,1,4,1,1000000000,2,No,0.001313231,8,27,0.018817393481481485,5.047201703947925e-05,0.018801628748575848,3.201024255868101e-05,53186881486.30454,28,0.018799761499677384
pfp_bloom_filter_contains_unique_size_u32,0,NVIDIA B200,I64,U32,256,1,4,1,1000000000,4,No,0.001314625,8,27,0.018817757518518524,4.837788894930336e-05,0.018802136173954716,3.103049693606157e-05,53185446097.62108,28,0.018799837861742295
pfp_bloom_filter_contains_unique_size_u32,0,NVIDIA B200,I64,U32,256,1,4,1,1000000000,8,No,0.001315207,8,27,0.01881859014814815,4.4229509473885435e-05,0.01880309147304959,3.520293653077297e-05,53182743988.31154,28,0.018800384453364783
pfp_bloom_filter_contains_unique_size_u32,0,NVIDIA B200,I64,U32,256,1,4,1,1000000000,16,No,0.001312756,8,27,0.01881950874074074,6.0516532776656446e-05,0.018803834420663332,3.429160930633795e-05,53180642715.14275,28,0.018800819328853063
pfp_bloom_filter_contains_unique_size_u32,0,NVIDIA B200,I64,U32,256,1,4,1,1000000000,32,No,0.0013149,8,27,0.018824548962962966,5.559241315472705e-05,0.018809002840960473,4.0632102533222906e-05,53166029504.88658,28,0.01880393014635359
pfp_bloom_filter_contains_unique_size_u32,0,NVIDIA B200,I64,U32,256,1,4,1,1000000000,64,No,0.001315008,8,26,0.01942742557692307,7.972565788645923e-05,0.019411729372464694,5.474748405611337e-05,51515245283.52884,27,0.019405329951533566
pfp_bloom_filter_contains_unique_size_u32,0,NVIDIA B200,I64,U32,256,1,4,1,1000000000,128,No,0.001316179,8,25,0.02064670564,0.00011966309743981653,0.020630663452148434,5.626284897492708e-05,48471538606.57167,26,0.020623162196232725
pfp_bloom_filter_contains_unique_size_u32,0,NVIDIA B200,I64,U32,256,1,4,1,1000000000,256,No,0.001315938,8,23,0.022031355130434783,0.010911475132697362,0.022015632795250935,0.010917520860087074,45422269225.698265,24,0.02217723846435547
pfp_bloom_filter_contains_unique_size_u32,0,NVIDIA B200,I64,U32,256,1,4,1,1000000000,512,No,0.001314859,8,21,0.02384940561904762,0.011164568495402994,0.02383350535801479,0.011170665361526643,41957739114.68367,22,0.02403700117631392
pfp_bloom_filter_contains_unique_size_u32,0,NVIDIA B200,I64,U32,256,1,4,1,1000000000,1024,No,0.00131359,8,21,0.024982984238095238,0.017371407617876245,0.024966929027012415,0.017397520115266154,40052983645.60864,22,0.025230055115439676
pfp_bloom_filter_contains_unique_size_u32,0,NVIDIA B200,I64,U32,256,1,4,1,1000000000,2048,No,0.001316432,8,20,0.025585152350000008,0.02310028114183598,0.025569520092010495,0.023115095612165612,39109064088.86658,21,0.025934213638305666
pfp_bloom_filter_contains_unique_size_u32,0,NVIDIA B200,I64,U32,256,1,4,2,1000000000,1,No,0.001307703,8,27,0.01882231292592593,0.002358335515875268,0.018806708300555197,0.0023565367665570455,53172516105.35581,28,0.01879160635811942
pfp_bloom_filter_contains_unique_size_u32,0,NVIDIA B200,I64,U32,256,1,4,2,1000000000,2,No,0.001313231,8,27,0.018810742925925928,5.851832601972451e-05,0.018795246830693,2.8554990713485423e-05,53204941068.76962,28,0.018793690272739954
pfp_bloom_filter_contains_unique_size_u32,0,NVIDIA B200,I64,U32,256,1,4,2,1000000000,4,No,0.001314625,8,27,0.01881188711111111,5.365937008670514e-05,0.018796427620781795,3.7806146698288015e-05,53201598738.60155,28,0.018794313294546946
pfp_bloom_filter_contains_unique_size_u32,0,NVIDIA B200,I64,U32,256,1,4,2,1000000000,8,No,0.001315207,8,27,0.018813023814814814,7.045135331429746e-05,0.018797497502079714,4.4273869089030717e-05,53198570708.11485,28,0.018795373235430037
pfp_bloom_filter_contains_unique_size_u32,0,NVIDIA B200,I64,U32,256,1,4,2,1000000000,16,No,0.001312756,8,27,0.01881333788888889,5.724992126230647e-05,0.018798054730450663,3.4230077230597517e-05,53196993749.577515,28,0.01879541083744594
pfp_bloom_filter_contains_unique_size_u32,0,NVIDIA B200,I64,U32,256,1,4,2,1000000000,32,No,0.0013149,8,27,0.018819164814814823,6.122448966193725e-05,0.01880375148631908,3.523696278911437e-05,53180877269.49398,28,0.018799103668757845
pfp_bloom_filter_contains_unique_size_u32,0,NVIDIA B200,I64,U32,256,1,4,2,1000000000,64,No,0.001315008,8,26,0.019444382846153845,6.575990930064835e-05,0.019428924707266,4.8262153789737875e-05,51469652338.81531,27,0.01942251247829861
pfp_bloom_filter_contains_unique_size_u32,0,NVIDIA B200,I64,U32,256,1,4,2,1000000000,128,No,0.001316179,8,25,0.02068313216,5.80314330102893e-05,0.02066770179748535,4.030445409034207e-05,48384673332.26525,26,0.02065915988041804
pfp_bloom_filter_contains_unique_size_u32,0,NVIDIA B200,I64,U32,256,1,4,2,1000000000,256,No,0.001315938,8,23,0.02196501204347826,0.008458996354189811,0.021948929579361624,0.008392851666133804,45560308368.763954,24,0.02210043621063232
pfp_bloom_filter_contains_unique_size_u32,0,NVIDIA B200,I64,U32,256,1,4,2,1000000000,512,No,0.001314859,8,22,0.023747017636363634,0.011381435936913549,0.023731412367387253,0.01139738017753073,42138242112.14011,23,0.023898054205853007
pfp_bloom_filter_contains_unique_size_u32,0,NVIDIA B200,I64,U32,256,1,4,2,1000000000,1024,No,0.00131359,8,21,0.024890746809523807,0.014550391745647517,0.02487450063796271,0.014544347220708551,40201812070.70466,22,0.025103033759377214
pfp_bloom_filter_contains_unique_size_u32,0,NVIDIA B200,I64,U32,256,1,4,2,1000000000,2048,No,0.001316432,8,20,0.025449831949999994,0.020653590583460966,0.025433406543731683,0.020667854999816097,39318366506.686455,21,0.025775153659638905
pfp_bloom_filter_contains_unique_size_u32,0,NVIDIA B200,I64,U32,256,1,4,4,1000000000,1,Yes,,,,,,,,,,
pfp_bloom_filter_contains_unique_size_u32,0,NVIDIA B200,I64,U32,256,1,4,4,1000000000,2,Yes,,,,,,,,,,
pfp_bloom_filter_contains_unique_size_u32,0,NVIDIA B200,I64,U32,256,1,4,4,1000000000,4,Yes,,,,,,,,,,
pfp_bloom_filter_contains_unique_size_u32,0,NVIDIA B200,I64,U32,256,1,4,4,1000000000,8,Yes,,,,,,,,,,
pfp_bloom_filter_contains_unique_size_u32,0,NVIDIA B200,I64,U32,256,1,4,4,1000000000,16,Yes,,,,,,,,,,
pfp_bloom_filter_contains_unique_size_u32,0,NVIDIA B200,I64,U32,256,1,4,4,1000000000,32,Yes,,,,,,,,,,
pfp_bloom_filter_contains_unique_size_u32,0,NVIDIA B200,I64,U32,256,1,4,4,1000000000,64,Yes,,,,,,,,,,
pfp_bloom_filter_contains_unique_size_u32,0,NVIDIA B200,I64,U32,256,1,4,4,1000000000,128,Yes,,,,,,,,,,
pfp_bloom_filter_contains_unique_size_u32,0,NVIDIA B200,I64,U32,256,1,4,4,1000000000,256,Yes,,,,,,,,,,
pfp_bloom_filter_contains_unique_size_u32,0,NVIDIA B200,I64,U32,256,1,4,4,1000000000,512,Yes,,,,,,,,,,
pfp_bloom_filter_contains_unique_size_u32,0,NVIDIA B200,I64,U32,256,1,4,4,1000000000,1024,Yes,,,,,,,,,,
pfp_bloom_filter_contains_unique_size_u32,0,NVIDIA B200,I64,U32,256,1,4,4,1000000000,2048,Yes,,,,,,,,,,
pfp_bloom_filter_contains_unique_size_u32,0,NVIDIA B200,I64,U32,256,1,4,8,1000000000,1,Yes,,,,,,,,,,
pfp_bloom_filter_contains_unique_size_u32,0,NVIDIA B200,I64,U32,256,1,4,8,1000000000,2,Yes,,,,,,,,,,
pfp_bloom_filter_contains_unique_size_u32,0,NVIDIA B200,I64,U32,256,1,4,8,1000000000,4,Yes,,,,,,,,,,
pfp_bloom_filter_contains_unique_size_u32,0,NVIDIA B200,I64,U32,256,1,4,8,1000000000,8,Yes,,,,,,,,,,
pfp_bloom_filter_contains_unique_size_u32,0,NVIDIA B200,I64,U32,256,1,4,8,1000000000,16,Yes,,,,,,,,,,
pfp_bloom_filter_contains_unique_size_u32,0,NVIDIA B200,I64,U32,256,1,4,8,1000000000,32,Yes,,,,,,,,,,
pfp_bloom_filter_contains_unique_size_u32,0,NVIDIA B200,I64,U32,256,1,4,8,1000000000,64,Yes,,,,,,,,,,
pfp_bloom_filter_contains_unique_size_u32,0,NVIDIA B200,I64,U32,256,1,4,8,1000000000,128,Yes,,,,,,,,,,
pfp_bloom_filter_contains_unique_size_u32,0,NVIDIA B200,I64,U32,256,1,4,8,1000000000,256,Yes,,,,,,,,,,
pfp_bloom_filter_contains_unique_size_u32,0,NVIDIA B200,I64,U32,256,1,4,8,1000000000,512,Yes,,,,,,,,,,
pfp_bloom_filter_contains_unique_size_u32,0,NVIDIA B200,I64,U32,256,1,4,8,1000000000,1024,Yes,,,,,,,,,,
pfp_bloom_filter_contains_unique_size_u32,0,NVIDIA B200,I64,U32,256,1,4,8,1000000000,2048,Yes,,,,,,,,,,
pfp_bloom_filter_contains_unique_size_u32,0,NVIDIA B200,I64,U32,256,1,8,1,1000000000,1,No,0.001307703,8,24,0.021342092458333337,0.0025646390018994065,0.02132663456598917,0.002573446341160005,46889723594.49336,25,0.0213093985748291
pfp_bloom_filter_contains_unique_size_u32,0,NVIDIA B200,I64,U32,256,1,8,1,1000000000,2,No,0.001313231,8,24,0.021330178833333335,6.390007546891976e-05,0.021314377228418984,3.238574334073409e-05,46916688640.88017,25,0.021311857147216794
pfp_bloom_filter_contains_unique_size_u32,0,NVIDIA B200,I64,U32,256,1,8,1,1000000000,4,No,0.001314625,8,24,0.021332092541666667,4.445680177849405e-05,0.021316136280695595,2.447109788493191e-05,46912816977.325485,25,0.021313659057617187
pfp_bloom_filter_contains_unique_size_u32,0,NVIDIA B200,I64,U32,256,1,8,1,1000000000,8,No,0.001315207,8,24,0.021333061416666674,3.986424490826683e-05,0.021317311286926263,2.1989396537380977e-05,46910231151.58486,25,0.021313902130126957
pfp_bloom_filter_contains_unique_size_u32,0,NVIDIA B200,I64,U32,256,1,8,1,1000000000,16,No,0.001312756,8,24,0.021333797666666664,6.598346591227126e-05,0.021318405707677207,3.79242387488206e-05,46907822925.983574,25,0.021313945388793946
pfp_bloom_filter_contains_unique_size_u32,0,NVIDIA B200,I64,U32,256,1,8,1,1000000000,32,No,0.0013149,8,24,0.021348319541666674,5.1576635434964645e-05,0.02133224439620972,3.660657263130395e-05,46877392806.24773,25,0.02132557876586914
pfp_bloom_filter_contains_unique_size_u32,0,NVIDIA B200,I64,U32,256,1,8,1,1000000000,64,No,0.001315008,8,22,0.02313360636363637,3.2147392864062736e-05,0.02311772563240744,2.7448220189719145e-05,43256850431.60804,23,0.02310949773373811
pfp_bloom_filter_contains_unique_size_u32,0,NVIDIA B200,I64,U32,256,1,8,1,1000000000,128,No,0.001316179,8,19,0.026715289736842108,3.741274649184201e-05,0.026699287213777245,2.589240758809855e-05,37454183401.7196,20,0.026689174938201908
pfp_bloom_filter_contains_unique_size_u32,0,NVIDIA B200,I64,U32,256,1,8,1,1000000000,256,No,0.001315938,8,18,0.028601553777777775,4.8143213050306424e-05,0.02858541711171468,3.929814983058128e-05,34982872423.79216,19,0.028575529399671052
pfp_bloom_filter_contains_unique_size_u32,0,NVIDIA B200,I64,U32,256,1,8,1,1000000000,512,No,0.001314859,8,17,0.02970818294117647,4.627793094152888e-05,0.029691512388341564,3.5185822196819426e-05,33679658581.23994,18,0.02968263149261475
pfp_bloom_filter_contains_unique_size_u32,0,NVIDIA B200,I64,U32,256,1,8,1,1000000000,1024,No,0.00131359,8,17,0.03033349317647059,2.5206031985687938e-05,0.030317298552569216,2.3826403381561005e-05,32984469188.969208,18,0.03030772654215495
pfp_bloom_filter_contains_unique_size_u32,0,NVIDIA B200,I64,U32,256,1,8,1,1000000000,2048,No,0.001316432,8,17,0.030684311294117653,4.890012939127524e-05,0.030667836357565485,3.8327651437374e-05,32607451935.65991,18,0.030658618185255265
pfp_bloom_filter_contains_unique_size_u32,0,NVIDIA B200,I64,U32,256,1,8,2,1000000000,1,Yes,,,,,,,,,,
pfp_bloom_filter_contains_unique_size_u32,0,NVIDIA B200,I64,U32,256,1,8,2,1000000000,2,Yes,,,,,,,,,,
pfp_bloom_filter_contains_unique_size_u32,0,NVIDIA B200,I64,U32,256,1,8,2,1000000000,4,Yes,,,,,,,,,,
pfp_bloom_filter_contains_unique_size_u32,0,NVIDIA B200,I64,U32,256,1,8,2,1000000000,8,Yes,,,,,,,,,,
pfp_bloom_filter_contains_unique_size_u32,0,NVIDIA B200,I64,U32,256,1,8,2,1000000000,16,Yes,,,,,,,,,,
pfp_bloom_filter_contains_unique_size_u32,0,NVIDIA B200,I64,U32,256,1,8,2,1000000000,32,Yes,,,,,,,,,,
pfp_bloom_filter_contains_unique_size_u32,0,NVIDIA B200,I64,U32,256,1,8,2,1000000000,64,Yes,,,,,,,,,,
pfp_bloom_filter_contains_unique_size_u32,0,NVIDIA B200,I64,U32,256,1,8,2,1000000000,128,Yes,,,,,,,,,,
pfp_bloom_filter_contains_unique_size_u32,0,NVIDIA B200,I64,U32,256,1,8,2,1000000000,256,Yes,,,,,,,,,,
pfp_bloom_filter_contains_unique_size_u32,0,NVIDIA B200,I64,U32,256,1,8,2,1000000000,512,Yes,,,,,,,,,,
pfp_bloom_filter_contains_unique_size_u32,0,NVIDIA B200,I64,U32,256,1,8,2,1000000000,1024,Yes,,,,,,,,,,
pfp_bloom_filter_contains_unique_size_u32,0,NVIDIA B200,I64,U32,256,1,8,2,1000000000,2048,Yes,,,,,,,,,,
pfp_bloom_filter_contains_unique_size_u32,0,NVIDIA B200,I64,U32,256,1,8,4,1000000000,1,Yes,,,,,,,,,,
pfp_bloom_filter_contains_unique_size_u32,0,NVIDIA B200,I64,U32,256,1,8,4,1000000000,2,Yes,,,,,,,,,,
pfp_bloom_filter_contains_unique_size_u32,0,NVIDIA B200,I64,U32,256,1,8,4,1000000000,4,Yes,,,,,,,,,,
pfp_bloom_filter_contains_unique_size_u32,0,NVIDIA B200,I64,U32,256,1,8,4,1000000000,8,Yes,,,,,,,,,,
pfp_bloom_filter_contains_unique_size_u32,0,NVIDIA B200,I64,U32,256,1,8,4,1000000000,16,Yes,,,,,,,,,,
pfp_bloom_filter_contains_unique_size_u32,0,NVIDIA B200,I64,U32,256,1,8,4,1000000000,32,Yes,,,,,,,,,,
pfp_bloom_filter_contains_unique_size_u32,0,NVIDIA B200,I64,U32,256,1,8,4,1000000000,64,Yes,,,,,,,,,,
pfp_bloom_filter_contains_unique_size_u32,0,NVIDIA B200,I64,U32,256,1,8,4,1000000000,128,Yes,,,,,,,,,,
pfp_bloom_filter_contains_unique_size_u32,0,NVIDIA B200,I64,U32,256,1,8,4,1000000000,256,Yes,,,,,,,,,,
pfp_bloom_filter_contains_unique_size_u32,0,NVIDIA B200,I64,U32,256,1,8,4,1000000000,512,Yes,,,,,,,,,,
pfp_bloom_filter_contains_unique_size_u32,0,NVIDIA B200,I64,U32,256,1,8,4,1000000000,1024,Yes,,,,,,,,,,
pfp_bloom_filter_contains_unique_size_u32,0,NVIDIA B200,I64,U32,256,1,8,4,1000000000,2048,Yes,,,,,,,,,,
pfp_bloom_filter_contains_unique_size_u32,0,NVIDIA B200,I64,U32,256,1,8,8,1000000000,1,Yes,,,,,,,,,,
pfp_bloom_filter_contains_unique_size_u32,0,NVIDIA B200,I64,U32,256,1,8,8,1000000000,2,Yes,,,,,,,,,,
pfp_bloom_filter_contains_unique_size_u32,0,NVIDIA B200,I64,U32,256,1,8,8,1000000000,4,Yes,,,,,,,,,,
pfp_bloom_filter_contains_unique_size_u32,0,NVIDIA B200,I64,U32,256,1,8,8,1000000000,8,Yes,,,,,,,,,,
pfp_bloom_filter_contains_unique_size_u32,0,NVIDIA B200,I64,U32,256,1,8,8,1000000000,16,Yes,,,,,,,,,,
pfp_bloom_filter_contains_unique_size_u32,0,NVIDIA B200,I64,U32,256,1,8,8,1000000000,32,Yes,,,,,,,,,,
pfp_bloom_filter_contains_unique_size_u32,0,NVIDIA B200,I64,U32,256,1,8,8,1000000000,64,Yes,,,,,,,,,,
pfp_bloom_filter_contains_unique_size_u32,0,NVIDIA B200,I64,U32,256,1,8,8,1000000000,128,Yes,,,,,,,,,,
pfp_bloom_filter_contains_unique_size_u32,0,NVIDIA B200,I64,U32,256,1,8,8,1000000000,256,Yes,,,,,,,,,,
pfp_bloom_filter_contains_unique_size_u32,0,NVIDIA B200,I64,U32,256,1,8,8,1000000000,512,Yes,,,,,,,,,,
pfp_bloom_filter_contains_unique_size_u32,0,NVIDIA B200,I64,U32,256,1,8,8,1000000000,1024,Yes,,,,,,,,,,
pfp_bloom_filter_contains_unique_size_u32,0,NVIDIA B200,I64,U32,256,1,8,8,1000000000,2048,Yes,,,,,,,,,,
pfp_bloom_filter_contains_unique_size_u32,0,NVIDIA B200,I64,U32,256,20,1,1,1000000000,1,Yes,,,,,,,,,,
pfp_bloom_filter_contains_unique_size_u32,0,NVIDIA B200,I64,U32,256,20,1,1,1000000000,2,Yes,,,,,,,,,,
pfp_bloom_filter_contains_unique_size_u32,0,NVIDIA B200,I64,U32,256,20,1,1,1000000000,4,Yes,,,,,,,,,,
pfp_bloom_filter_contains_unique_size_u32,0,NVIDIA B200,I64,U32,256,20,1,1,1000000000,8,Yes,,,,,,,,,,
pfp_bloom_filter_contains_unique_size_u32,0,NVIDIA B200,I64,U32,256,20,1,1,1000000000,16,Yes,,,,,,,,,,
pfp_bloom_filter_contains_unique_size_u32,0,NVIDIA B200,I64,U32,256,20,1,1,1000000000,32,Yes,,,,,,,,,,
pfp_bloom_filter_contains_unique_size_u32,0,NVIDIA B200,I64,U32,256,20,1,1,1000000000,64,Yes,,,,,,,,,,
pfp_bloom_filter_contains_unique_size_u32,0,NVIDIA B200,I64,U32,256,20,1,1,1000000000,128,Yes,,,,,,,,,,
pfp_bloom_filter_contains_unique_size_u32,0,NVIDIA B200,I64,U32,256,20,1,1,1000000000,256,Yes,,,,,,,,,,
pfp_bloom_filter_contains_unique_size_u32,0,NVIDIA B200,I64,U32,256,20,1,1,1000000000,512,Yes,,,,,,,,,,
pfp_bloom_filter_contains_unique_size_u32,0,NVIDIA B200,I64,U32,256,20,1,1,1000000000,1024,Yes,,,,,,,,,,
pfp_bloom_filter_contains_unique_size_u32,0,NVIDIA B200,I64,U32,256,20,1,1,1000000000,2048,Yes,,,,,,,,,,
pfp_bloom_filter_contains_unique_size_u32,0,NVIDIA B200,I64,U32,256,20,1,2,1000000000,1,Yes,,,,,,,,,,
pfp_bloom_filter_contains_unique_size_u32,0,NVIDIA B200,I64,U32,256,20,1,2,1000000000,2,Yes,,,,,,,,,,
pfp_bloom_filter_contains_unique_size_u32,0,NVIDIA B200,I64,U32,256,20,1,2,1000000000,4,Yes,,,,,,,,,,
pfp_bloom_filter_contains_unique_size_u32,0,NVIDIA B200,I64,U32,256,20,1,2,1000000000,8,Yes,,,,,,,,,,
pfp_bloom_filter_contains_unique_size_u32,0,NVIDIA B200,I64,U32,256,20,1,2,1000000000,16,Yes,,,,,,,,,,
pfp_bloom_filter_contains_unique_size_u32,0,NVIDIA B200,I64,U32,256,20,1,2,1000000000,32,Yes,,,,,,,,,,
pfp_bloom_filter_contains_unique_size_u32,0,NVIDIA B200,I64,U32,256,20,1,2,1000000000,64,Yes,,,,,,,,,,
pfp_bloom_filter_contains_unique_size_u32,0,NVIDIA B200,I64,U32,256,20,1,2,1000000000,128,Yes,,,,,,,,,,
pfp_bloom_filter_contains_unique_size_u32,0,NVIDIA B200,I64,U32,256,20,1,2,1000000000,256,Yes,,,,,,,,,,
pfp_bloom_filter_contains_unique_size_u32,0,NVIDIA B200,I64,U32,256,20,1,2,1000000000,512,Yes,,,,,,,,,,
pfp_bloom_filter_contains_unique_size_u32,0,NVIDIA B200,I64,U32,256,20,1,2,1000000000,1024,Yes,,,,,,,,,,
pfp_bloom_filter_contains_unique_size_u32,0,NVIDIA B200,I64,U32,256,20,1,2,1000000000,2048,Yes,,,,,,,,,,
pfp_bloom_filter_contains_unique_size_u32,0,NVIDIA B200,I64,U32,256,20,1,4,1000000000,1,Yes,,,,,,,,,,
pfp_bloom_filter_contains_unique_size_u32,0,NVIDIA B200,I64,U32,256,20,1,4,1000000000,2,Yes,,,,,,,,,,
pfp_bloom_filter_contains_unique_size_u32,0,NVIDIA B200,I64,U32,256,20,1,4,1000000000,4,Yes,,,,,,,,,,
pfp_bloom_filter_contains_unique_size_u32,0,NVIDIA B200,I64,U32,256,20,1,4,1000000000,8,Yes,,,,,,,,,,
pfp_bloom_filter_contains_unique_size_u32,0,NVIDIA B200,I64,U32,256,20,1,4,1000000000,16,Yes,,,,,,,,,,
pfp_bloom_filter_contains_unique_size_u32,0,NVIDIA B200,I64,U32,256,20,1,4,1000000000,32,Yes,,,,,,,,,,
pfp_bloom_filter_contains_unique_size_u32,0,NVIDIA B200,I64,U32,256,20,1,4,1000000000,64,Yes,,,,,,,,,,
pfp_bloom_filter_contains_unique_size_u32,0,NVIDIA B200,I64,U32,256,20,1,4,1000000000,128,Yes,,,,,,,,,,
pfp_bloom_filter_contains_unique_size_u32,0,NVIDIA B200,I64,U32,256,20,1,4,1000000000,256,Yes,,,,,,,,,,
pfp_bloom_filter_contains_unique_size_u32,0,NVIDIA B200,I64,U32,256,20,1,4,1000000000,512,Yes,,,,,,,,,,
pfp_bloom_filter_contains_unique_size_u32,0,NVIDIA B200,I64,U32,256,20,1,4,1000000000,1024,Yes,,,,,,,,,,
pfp_bloom_filter_contains_unique_size_u32,0,NVIDIA B200,I64,U32,256,20,1,4,1000000000,2048,Yes,,,,,,,,,,
pfp_bloom_filter_contains_unique_size_u32,0,NVIDIA B200,I64,U32,256,20,1,8,1000000000,1,Yes,,,,,,,,,,
pfp_bloom_filter_contains_unique_size_u32,0,NVIDIA B200,I64,U32,256,20,1,8,1000000000,2,Yes,,,,,,,,,,
pfp_bloom_filter_contains_unique_size_u32,0,NVIDIA B200,I64,U32,256,20,1,8,1000000000,4,Yes,,,,,,,,,,
pfp_bloom_filter_contains_unique_size_u32,0,NVIDIA B200,I64,U32,256,20,1,8,1000000000,8,Yes,,,,,,,,,,
pfp_bloom_filter_contains_unique_size_u32,0,NVIDIA B200,I64,U32,256,20,1,8,1000000000,16,Yes,,,,,,,,,,
pfp_bloom_filter_contains_unique_size_u32,0,NVIDIA B200,I64,U32,256,20,1,8,1000000000,32,Yes,,,,,,,,,,
pfp_bloom_filter_contains_unique_size_u32,0,NVIDIA B200,I64,U32,256,20,1,8,1000000000,64,Yes,,,,,,,,,,
pfp_bloom_filter_contains_unique_size_u32,0,NVIDIA B200,I64,U32,256,20,1,8,1000000000,128,Yes,,,,,,,,,,
pfp_bloom_filter_contains_unique_size_u32,0,NVIDIA B200,I64,U32,256,20,1,8,1000000000,256,Yes,,,,,,,,,,
pfp_bloom_filter_contains_unique_size_u32,0,NVIDIA B200,I64,U32,256,20,1,8,1000000000,512,Yes,,,,,,,,,,
pfp_bloom_filter_contains_unique_size_u32,0,NVIDIA B200,I64,U32,256,20,1,8,1000000000,1024,Yes,,,,,,,,,,
pfp_bloom_filter_contains_unique_size_u32,0,NVIDIA B200,I64,U32,256,20,1,8,1000000000,2048,Yes,,,,,,,,,,
pfp_bloom_filter_contains_unique_size_u32,0,NVIDIA B200,I64,U32,256,20,2,1,1000000000,1,Yes,,,,,,,,,,
pfp_bloom_filter_contains_unique_size_u32,0,NVIDIA B200,I64,U32,256,20,2,1,1000000000,2,Yes,,,,,,,,,,
pfp_bloom_filter_contains_unique_size_u32,0,NVIDIA B200,I64,U32,256,20,2,1,1000000000,4,Yes,,,,,,,,,,
pfp_bloom_filter_contains_unique_size_u32,0,NVIDIA B200,I64,U32,256,20,2,1,1000000000,8,Yes,,,,,,,,,,
pfp_bloom_filter_contains_unique_size_u32,0,NVIDIA B200,I64,U32,256,20,2,1,1000000000,16,Yes,,,,,,,,,,
pfp_bloom_filter_contains_unique_size_u32,0,NVIDIA B200,I64,U32,256,20,2,1,1000000000,32,Yes,,,,,,,,,,
pfp_bloom_filter_contains_unique_size_u32,0,NVIDIA B200,I64,U32,256,20,2,1,1000000000,64,Yes,,,,,,,,,,
pfp_bloom_filter_contains_unique_size_u32,0,NVIDIA B200,I64,U32,256,20,2,1,1000000000,128,Yes,,,,,,,,,,
pfp_bloom_filter_contains_unique_size_u32,0,NVIDIA B200,I64,U32,256,20,2,1,1000000000,256,Yes,,,,,,,,,,
pfp_bloom_filter_contains_unique_size_u32,0,NVIDIA B200,I64,U32,256,20,2,1,1000000000,512,Yes,,,,,,,,,,
pfp_bloom_filter_contains_unique_size_u32,0,NVIDIA B200,I64,U32,256,20,2,1,1000000000,1024,Yes,,,,,,,,,,
pfp_bloom_filter_contains_unique_size_u32,0,NVIDIA B200,I64,U32,256,20,2,1,1000000000,2048,Yes,,,,,,,,,,
pfp_bloom_filter_contains_unique_size_u32,0,NVIDIA B200,I64,U32,256,20,2,2,1000000000,1,Yes,,,,,,,,,,
pfp_bloom_filter_contains_unique_size_u32,0,NVIDIA B200,I64,U32,256,20,2,2,1000000000,2,Yes,,,,,,,,,,
pfp_bloom_filter_contains_unique_size_u32,0,NVIDIA B200,I64,U32,256,20,2,2,1000000000,4,Yes,,,,,,,,,,
pfp_bloom_filter_contains_unique_size_u32,0,NVIDIA B200,I64,U32,256,20,2,2,1000000000,8,Yes,,,,,,,,,,
pfp_bloom_filter_contains_unique_size_u32,0,NVIDIA B200,I64,U32,256,20,2,2,1000000000,16,Yes,,,,,,,,,,
pfp_bloom_filter_contains_unique_size_u32,0,NVIDIA B200,I64,U32,256,20,2,2,1000000000,32,Yes,,,,,,,,,,
pfp_bloom_filter_contains_unique_size_u32,0,NVIDIA B200,I64,U32,256,20,2,2,1000000000,64,Yes,,,,,,,,,,
pfp_bloom_filter_contains_unique_size_u32,0,NVIDIA B200,I64,U32,256,20,2,2,1000000000,128,Yes,,,,,,,,,,
pfp_bloom_filter_contains_unique_size_u32,0,NVIDIA B200,I64,U32,256,20,2,2,1000000000,256,Yes,,,,,,,,,,
pfp_bloom_filter_contains_unique_size_u32,0,NVIDIA B200,I64,U32,256,20,2,2,1000000000,512,Yes,,,,,,,,,,
pfp_bloom_filter_contains_unique_size_u32,0,NVIDIA B200,I64,U32,256,20,2,2,1000000000,1024,Yes,,,,,,,,,,
pfp_bloom_filter_contains_unique_size_u32,0,NVIDIA B200,I64,U32,256,20,2,2,1000000000,2048,Yes,,,,,,,,,,
pfp_bloom_filter_contains_unique_size_u32,0,NVIDIA B200,I64,U32,256,20,2,4,1000000000,1,Yes,,,,,,,,,,
pfp_bloom_filter_contains_unique_size_u32,0,NVIDIA B200,I64,U32,256,20,2,4,1000000000,2,Yes,,,,,,,,,,
pfp_bloom_filter_contains_unique_size_u32,0,NVIDIA B200,I64,U32,256,20,2,4,1000000000,4,Yes,,,,,,,,,,
pfp_bloom_filter_contains_unique_size_u32,0,NVIDIA B200,I64,U32,256,20,2,4,1000000000,8,Yes,,,,,,,,,,
pfp_bloom_filter_contains_unique_size_u32,0,NVIDIA B200,I64,U32,256,20,2,4,1000000000,16,Yes,,,,,,,,,,
pfp_bloom_filter_contains_unique_size_u32,0,NVIDIA B200,I64,U32,256,20,2,4,1000000000,32,Yes,,,,,,,,,,
pfp_bloom_filter_contains_unique_size_u32,0,NVIDIA B200,I64,U32,256,20,2,4,1000000000,64,Yes,,,,,,,,,,
pfp_bloom_filter_contains_unique_size_u32,0,NVIDIA B200,I64,U32,256,20,2,4,1000000000,128,Yes,,,,,,,,,,
pfp_bloom_filter_contains_unique_size_u32,0,NVIDIA B200,I64,U32,256,20,2,4,1000000000,256,Yes,,,,,,,,,,
pfp_bloom_filter_contains_unique_size_u32,0,NVIDIA B200,I64,U32,256,20,2,4,1000000000,512,Yes,,,,,,,,,,
pfp_bloom_filter_contains_unique_size_u32,0,NVIDIA B200,I64,U32,256,20,2,4,1000000000,1024,Yes,,,,,,,,,,
pfp_bloom_filter_contains_unique_size_u32,0,NVIDIA B200,I64,U32,256,20,2,4,1000000000,2048,Yes,,,,,,,,,,
pfp_bloom_filter_contains_unique_size_u32,0,NVIDIA B200,I64,U32,256,20,2,8,1000000000,1,Yes,,,,,,,,,,
pfp_bloom_filter_contains_unique_size_u32,0,NVIDIA B200,I64,U32,256,20,2,8,1000000000,2,Yes,,,,,,,,,,
pfp_bloom_filter_contains_unique_size_u32,0,NVIDIA B200,I64,U32,256,20,2,8,1000000000,4,Yes,,,,,,,,,,
pfp_bloom_filter_contains_unique_size_u32,0,NVIDIA B200,I64,U32,256,20,2,8,1000000000,8,Yes,,,,,,,,,,
pfp_bloom_filter_contains_unique_size_u32,0,NVIDIA B200,I64,U32,256,20,2,8,1000000000,16,Yes,,,,,,,,,,
pfp_bloom_filter_contains_unique_size_u32,0,NVIDIA B200,I64,U32,256,20,2,8,1000000000,32,Yes,,,,,,,,,,
pfp_bloom_filter_contains_unique_size_u32,0,NVIDIA B200,I64,U32,256,20,2,8,1000000000,64,Yes,,,,,,,,,,
pfp_bloom_filter_contains_unique_size_u32,0,NVIDIA B200,I64,U32,256,20,2,8,1000000000,128,Yes,,,,,,,,,,
pfp_bloom_filter_contains_unique_size_u32,0,NVIDIA B200,I64,U32,256,20,2,8,1000000000,256,Yes,,,,,,,,,,
pfp_bloom_filter_contains_unique_size_u32,0,NVIDIA B200,I64,U32,256,20,2,8,1000000000,512,Yes,,,,,,,,,,
pfp_bloom_filter_contains_unique_size_u32,0,NVIDIA B200,I64,U32,256,20,2,8,1000000000,1024,Yes,,,,,,,,,,
pfp_bloom_filter_contains_unique_size_u32,0,NVIDIA B200,I64,U32,256,20,2,8,1000000000,2048,Yes,,,,,,,,,,
pfp_bloom_filter_contains_unique_size_u32,0,NVIDIA B200,I64,U32,256,20,4,1,1000000000,1,Yes,,,,,,,,,,
pfp_bloom_filter_contains_unique_size_u32,0,NVIDIA B200,I64,U32,256,20,4,1,1000000000,2,Yes,,,,,,,,,,
pfp_bloom_filter_contains_unique_size_u32,0,NVIDIA B200,I64,U32,256,20,4,1,1000000000,4,Yes,,,,,,,,,,
pfp_bloom_filter_contains_unique_size_u32,0,NVIDIA B200,I64,U32,256,20,4,1,1000000000,8,Yes,,,,,,,,,,
pfp_bloom_filter_contains_unique_size_u32,0,NVIDIA B200,I64,U32,256,20,4,1,1000000000,16,Yes,,,,,,,,,,
pfp_bloom_filter_contains_unique_size_u32,0,NVIDIA B200,I64,U32,256,20,4,1,1000000000,32,Yes,,,,,,,,,,
pfp_bloom_filter_contains_unique_size_u32,0,NVIDIA B200,I64,U32,256,20,4,1,1000000000,64,Yes,,,,,,,,,,
pfp_bloom_filter_contains_unique_size_u32,0,NVIDIA B200,I64,U32,256,20,4,1,1000000000,128,Yes,,,,,,,,,,
pfp_bloom_filter_contains_unique_size_u32,0,NVIDIA B200,I64,U32,256,20,4,1,1000000000,256,Yes,,,,,,,,,,
pfp_bloom_filter_contains_unique_size_u32,0,NVIDIA B200,I64,U32,256,20,4,1,1000000000,512,Yes,,,,,,,,,,
pfp_bloom_filter_contains_unique_size_u32,0,NVIDIA B200,I64,U32,256,20,4,1,1000000000,1024,Yes,,,,,,,,,,
pfp_bloom_filter_contains_unique_size_u32,0,NVIDIA B200,I64,U32,256,20,4,1,1000000000,2048,Yes,,,,,,,,,,
pfp_bloom_filter_contains_unique_size_u32,0,NVIDIA B200,I64,U32,256,20,4,2,1000000000,1,Yes,,,,,,,,,,
pfp_bloom_filter_contains_unique_size_u32,0,NVIDIA B200,I64,U32,256,20,4,2,1000000000,2,Yes,,,,,,,,,,
pfp_bloom_filter_contains_unique_size_u32,0,NVIDIA B200,I64,U32,256,20,4,2,1000000000,4,Yes,,,,,,,,,,
pfp_bloom_filter_contains_unique_size_u32,0,NVIDIA B200,I64,U32,256,20,4,2,1000000000,8,Yes,,,,,,,,,,
pfp_bloom_filter_contains_unique_size_u32,0,NVIDIA B200,I64,U32,256,20,4,2,1000000000,16,Yes,,,,,,,,,,
pfp_bloom_filter_contains_unique_size_u32,0,NVIDIA B200,I64,U32,256,20,4,2,1000000000,32,Yes,,,,,,,,,,
pfp_bloom_filter_contains_unique_size_u32,0,NVIDIA B200,I64,U32,256,20,4,2,1000000000,64,Yes,,,,,,,,,,
pfp_bloom_filter_contains_unique_size_u32,0,NVIDIA B200,I64,U32,256,20,4,2,1000000000,128,Yes,,,,,,,,,,
pfp_bloom_filter_contains_unique_size_u32,0,NVIDIA B200,I64,U32,256,20,4,2,1000000000,256,Yes,,,,,,,,,,
pfp_bloom_filter_contains_unique_size_u32,0,NVIDIA B200,I64,U32,256,20,4,2,1000000000,512,Yes,,,,,,,,,,
pfp_bloom_filter_contains_unique_size_u32,0,NVIDIA B200,I64,U32,256,20,4,2,1000000000,1024,Yes,,,,,,,,,,
pfp_bloom_filter_contains_unique_size_u32,0,NVIDIA B200,I64,U32,256,20,4,2,1000000000,2048,Yes,,,,,,,,,,
pfp_bloom_filter_contains_unique_size_u32,0,NVIDIA B200,I64,U32,256,20,4,4,1000000000,1,Yes,,,,,,,,,,
pfp_bloom_filter_contains_unique_size_u32,0,NVIDIA B200,I64,U32,256,20,4,4,1000000000,2,Yes,,,,,,,,,,
pfp_bloom_filter_contains_unique_size_u32,0,NVIDIA B200,I64,U32,256,20,4,4,1000000000,4,Yes,,,,,,,,,,
pfp_bloom_filter_contains_unique_size_u32,0,NVIDIA B200,I64,U32,256,20,4,4,1000000000,8,Yes,,,,,,,,,,
pfp_bloom_filter_contains_unique_size_u32,0,NVIDIA B200,I64,U32,256,20,4,4,1000000000,16,Yes,,,,,,,,,,
pfp_bloom_filter_contains_unique_size_u32,0,NVIDIA B200,I64,U32,256,20,4,4,1000000000,32,Yes,,,,,,,,,,
pfp_bloom_filter_contains_unique_size_u32,0,NVIDIA B200,I64,U32,256,20,4,4,1000000000,64,Yes,,,,,,,,,,
pfp_bloom_filter_contains_unique_size_u32,0,NVIDIA B200,I64,U32,256,20,4,4,1000000000,128,Yes,,,,,,,,,,
pfp_bloom_filter_contains_unique_size_u32,0,NVIDIA B200,I64,U32,256,20,4,4,1000000000,256,Yes,,,,,,,,,,
pfp_bloom_filter_contains_unique_size_u32,0,NVIDIA B200,I64,U32,256,20,4,4,1000000000,512,Yes,,,,,,,,,,
pfp_bloom_filter_contains_unique_size_u32,0,NVIDIA B200,I64,U32,256,20,4,4,1000000000,1024,Yes,,,,,,,,,,
pfp_bloom_filter_contains_unique_size_u32,0,NVIDIA B200,I64,U32,256,20,4,4,1000000000,2048,Yes,,,,,,,,,,
pfp_bloom_filter_contains_unique_size_u32,0,NVIDIA B200,I64,U32,256,20,4,8,1000000000,1,Yes,,,,,,,,,,
pfp_bloom_filter_contains_unique_size_u32,0,NVIDIA B200,I64,U32,256,20,4,8,1000000000,2,Yes,,,,,,,,,,
pfp_bloom_filter_contains_unique_size_u32,0,NVIDIA B200,I64,U32,256,20,4,8,1000000000,4,Yes,,,,,,,,,,
pfp_bloom_filter_contains_unique_size_u32,0,NVIDIA B200,I64,U32,256,20,4,8,1000000000,8,Yes,,,,,,,,,,
pfp_bloom_filter_contains_unique_size_u32,0,NVIDIA B200,I64,U32,256,20,4,8,1000000000,16,Yes,,,,,,,,,,
pfp_bloom_filter_contains_unique_size_u32,0,NVIDIA B200,I64,U32,256,20,4,8,1000000000,32,Yes,,,,,,,,,,
pfp_bloom_filter_contains_unique_size_u32,0,NVIDIA B200,I64,U32,256,20,4,8,1000000000,64,Yes,,,,,,,,,,
pfp_bloom_filter_contains_unique_size_u32,0,NVIDIA B200,I64,U32,256,20,4,8,1000000000,128,Yes,,,,,,,,,,
pfp_bloom_filter_contains_unique_size_u32,0,NVIDIA B200,I64,U32,256,20,4,8,1000000000,256,Yes,,,,,,,,,,
pfp_bloom_filter_contains_unique_size_u32,0,NVIDIA B200,I64,U32,256,20,4,8,1000000000,512,Yes,,,,,,,,,,
pfp_bloom_filter_contains_unique_size_u32,0,NVIDIA B200,I64,U32,256,20,4,8,1000000000,1024,Yes,,,,,,,,,,
pfp_bloom_filter_contains_unique_size_u32,0,NVIDIA B200,I64,U32,256,20,4,8,1000000000,2048,Yes,,,,,,,,,,
pfp_bloom_filter_contains_unique_size_u32,0,NVIDIA B200,I64,U32,256,20,8,1,1000000000,1,Yes,,,,,,,,,,
pfp_bloom_filter_contains_unique_size_u32,0,NVIDIA B200,I64,U32,256,20,8,1,1000000000,2,Yes,,,,,,,,,,
pfp_bloom_filter_contains_unique_size_u32,0,NVIDIA B200,I64,U32,256,20,8,1,1000000000,4,Yes,,,,,,,,,,
pfp_bloom_filter_contains_unique_size_u32,0,NVIDIA B200,I64,U32,256,20,8,1,1000000000,8,Yes,,,,,,,,,,
pfp_bloom_filter_contains_unique_size_u32,0,NVIDIA B200,I64,U32,256,20,8,1,1000000000,16,Yes,,,,,,,,,,
pfp_bloom_filter_contains_unique_size_u32,0,NVIDIA B200,I64,U32,256,20,8,1,1000000000,32,Yes,,,,,,,,,,
pfp_bloom_filter_contains_unique_size_u32,0,NVIDIA B200,I64,U32,256,20,8,1,1000000000,64,Yes,,,,,,,,,,
pfp_bloom_filter_contains_unique_size_u32,0,NVIDIA B200,I64,U32,256,20,8,1,1000000000,128,Yes,,,,,,,,,,
pfp_bloom_filter_contains_unique_size_u32,0,NVIDIA B200,I64,U32,256,20,8,1,1000000000,256,Yes,,,,,,,,,,
pfp_bloom_filter_contains_unique_size_u32,0,NVIDIA B200,I64,U32,256,20,8,1,1000000000,512,Yes,,,,,,,,,,
pfp_bloom_filter_contains_unique_size_u32,0,NVIDIA B200,I64,U32,256,20,8,1,1000000000,1024,Yes,,,,,,,,,,
pfp_bloom_filter_contains_unique_size_u32,0,NVIDIA B200,I64,U32,256,20,8,1,1000000000,2048,Yes,,,,,,,,,,
pfp_bloom_filter_contains_unique_size_u32,0,NVIDIA B200,I64,U32,256,20,8,2,1000000000,1,Yes,,,,,,,,,,
pfp_bloom_filter_contains_unique_size_u32,0,NVIDIA B200,I64,U32,256,20,8,2,1000000000,2,Yes,,,,,,,,,,
pfp_bloom_filter_contains_unique_size_u32,0,NVIDIA B200,I64,U32,256,20,8,2,1000000000,4,Yes,,,,,,,,,,
pfp_bloom_filter_contains_unique_size_u32,0,NVIDIA B200,I64,U32,256,20,8,2,1000000000,8,Yes,,,,,,,,,,
pfp_bloom_filter_contains_unique_size_u32,0,NVIDIA B200,I64,U32,256,20,8,2,1000000000,16,Yes,,,,,,,,,,
pfp_bloom_filter_contains_unique_size_u32,0,NVIDIA B200,I64,U32,256,20,8,2,1000000000,32,Yes,,,,,,,,,,
pfp_bloom_filter_contains_unique_size_u32,0,NVIDIA B200,I64,U32,256,20,8,2,1000000000,64,Yes,,,,,,,,,,
pfp_bloom_filter_contains_unique_size_u32,0,NVIDIA B200,I64,U32,256,20,8,2,1000000000,128,Yes,,,,,,,,,,
pfp_bloom_filter_contains_unique_size_u32,0,NVIDIA B200,I64,U32,256,20,8,2,1000000000,256,Yes,,,,,,,,,,
pfp_bloom_filter_contains_unique_size_u32,0,NVIDIA B200,I64,U32,256,20,8,2,1000000000,512,Yes,,,,,,,,,,
pfp_bloom_filter_contains_unique_size_u32,0,NVIDIA B200,I64,U32,256,20,8,2,1000000000,1024,Yes,,,,,,,,,,
pfp_bloom_filter_contains_unique_size_u32,0,NVIDIA B200,I64,U32,256,20,8,2,1000000000,2048,Yes,,,,,,,,,,
pfp_bloom_filter_contains_unique_size_u32,0,NVIDIA B200,I64,U32,256,20,8,4,1000000000,1,Yes,,,,,,,,,,
pfp_bloom_filter_contains_unique_size_u32,0,NVIDIA B200,I64,U32,256,20,8,4,1000000000,2,Yes,,,,,,,,,,
pfp_bloom_filter_contains_unique_size_u32,0,NVIDIA B200,I64,U32,256,20,8,4,1000000000,4,Yes,,,,,,,,,,
pfp_bloom_filter_contains_unique_size_u32,0,NVIDIA B200,I64,U32,256,20,8,4,1000000000,8,Yes,,,,,,,,,,
pfp_bloom_filter_contains_unique_size_u32,0,NVIDIA B200,I64,U32,256,20,8,4,1000000000,16,Yes,,,,,,,,,,
pfp_bloom_filter_contains_unique_size_u32,0,NVIDIA B200,I64,U32,256,20,8,4,1000000000,32,Yes,,,,,,,,,,
pfp_bloom_filter_contains_unique_size_u32,0,NVIDIA B200,I64,U32,256,20,8,4,1000000000,64,Yes,,,,,,,,,,
pfp_bloom_filter_contains_unique_size_u32,0,NVIDIA B200,I64,U32,256,20,8,4,1000000000,128,Yes,,,,,,,,,,
pfp_bloom_filter_contains_unique_size_u32,0,NVIDIA B200,I64,U32,256,20,8,4,1000000000,256,Yes,,,,,,,,,,
pfp_bloom_filter_contains_unique_size_u32,0,NVIDIA B200,I64,U32,256,20,8,4,1000000000,512,Yes,,,,,,,,,,
pfp_bloom_filter_contains_unique_size_u32,0,NVIDIA B200,I64,U32,256,20,8,4,1000000000,1024,Yes,,,,,,,,,,
pfp_bloom_filter_contains_unique_size_u32,0,NVIDIA B200,I64,U32,256,20,8,4,1000000000,2048,Yes,,,,,,,,,,
pfp_bloom_filter_contains_unique_size_u32,0,NVIDIA B200,I64,U32,256,20,8,8,1000000000,1,Yes,,,,,,,,,,
pfp_bloom_filter_contains_unique_size_u32,0,NVIDIA B200,I64,U32,256,20,8,8,1000000000,2,Yes,,,,,,,,,,
pfp_bloom_filter_contains_unique_size_u32,0,NVIDIA B200,I64,U32,256,20,8,8,1000000000,4,Yes,,,,,,,,,,
pfp_bloom_filter_contains_unique_size_u32,0,NVIDIA B200,I64,U32,256,20,8,8,1000000000,8,Yes,,,,,,,,,,
pfp_bloom_filter_contains_unique_size_u32,0,NVIDIA B200,I64,U32,256,20,8,8,1000000000,16,Yes,,,,,,,,,,
pfp_bloom_filter_contains_unique_size_u32,0,NVIDIA B200,I64,U32,256,20,8,8,1000000000,32,Yes,,,,,,,,,,
pfp_bloom_filter_contains_unique_size_u32,0,NVIDIA B200,I64,U32,256,20,8,8,1000000000,64,Yes,,,,,,,,,,
pfp_bloom_filter_contains_unique_size_u32,0,NVIDIA B200,I64,U32,256,20,8,8,1000000000,128,Yes,,,,,,,,,,
pfp_bloom_filter_contains_unique_size_u32,0,NVIDIA B200,I64,U32,256,20,8,8,1000000000,256,Yes,,,,,,,,,,
pfp_bloom_filter_contains_unique_size_u32,0,NVIDIA B200,I64,U32,256,20,8,8,1000000000,512,Yes,,,,,,,,,,
pfp_bloom_filter_contains_unique_size_u32,0,NVIDIA B200,I64,U32,256,20,8,8,1000000000,1024,Yes,,,,,,,,,,
pfp_bloom_filter_contains_unique_size_u32,0,NVIDIA B200,I64,U32,256,20,8,8,1000000000,2048,Yes,,,,,,,,,,
pfp_bloom_filter_contains_unique_size_u32,0,NVIDIA B200,I64,U32,512,1,1,1,1000000000,1,No,6.046e-06,16,13,0.04004207784615385,3.741707762277364e-05,0.04002563946063701,3.711624588772848e-05,24983985602.114975,14,0.04002633394513812
pfp_bloom_filter_contains_unique_size_u32,0,NVIDIA B200,I64,U32,512,1,1,1,1000000000,2,No,5.766e-06,16,13,0.040444853076923075,1.6318012137640362e-05,0.04042791924109826,2.205935048954828e-05,24735381359.50907,14,0.04042664228166853
pfp_bloom_filter_contains_unique_size_u32,0,NVIDIA B200,I64,U32,512,1,1,1,1000000000,4,No,5.934e-06,16,13,0.04055779615384615,2.7873206987818974e-05,0.04054102648221529,2.0226241437277613e-05,24666371001.69835,14,0.04053943143572126
pfp_bloom_filter_contains_unique_size_u32,0,NVIDIA B200,I64,U32,512,1,1,1,1000000000,8,No,6.054e-06,16,13,0.040581491538461544,1.969456963134824e-05,0.04056465706458458,1.2455860115556064e-05,24652001825.329395,14,0.040561883108956476
pfp_bloom_filter_contains_unique_size_u32,0,NVIDIA B200,I64,U32,512,1,1,1,1000000000,16,No,5.852e-06,16,13,0.040581635384615386,3.2379491500281436e-05,0.04056489651019756,2.2677275941347635e-05,24651856310.014526,14,0.04056086049761091
pfp_bloom_filter_contains_unique_size_u32,0,NVIDIA B200,I64,U32,512,1,1,1,1000000000,32,No,5.859e-06,16,13,0.04057598923076923,2.8188861245635544e-05,0.040559222881610575,1.9356947015255778e-05,24655304735.96418,14,0.04055632536751884
pfp_bloom_filter_contains_unique_size_u32,0,NVIDIA B200,I64,U32,512,1,1,1,1000000000,64,No,5.927e-06,16,13,0.04056630500000001,3.0346856621304483e-05,0.04054953355055589,3.064960100195579e-05,24661196133.199196,14,0.040543671199253624
pfp_bloom_filter_contains_unique_size_u32,0,NVIDIA B200,I64,U32,512,1,1,1,1000000000,128,No,6.011e-06,16,13,0.04063936661538462,3.116654939240571e-05,0.04062236639169546,2.0805728409399822e-05,24616980467.303173,14,0.04061725234985352
pfp_bloom_filter_contains_unique_size_u32,0,NVIDIA B200,I64,U32,512,1,1,1,1000000000,256,No,6.043e-06,16,13,0.04067249338461539,2.853587780338227e-05,0.04065650147658128,1.9341190446006374e-05,24596312119.379337,14,0.0406517813546317
pfp_bloom_filter_contains_unique_size_u32,0,NVIDIA B200,I64,U32,512,1,1,1,1000000000,512,No,6.005e-06,16,12,0.04244373391666667,4.2974843716404216e-05,0.04242697079976399,3.313848981304033e-05,23569912750.06517,13,0.04242227319570688
pfp_bloom_filter_contains_unique_size_u32,0,NVIDIA B200,I64,U32,512,1,1,1,1000000000,1024,No,5.955e-06,16,11,0.04736158009090909,3.89376198023451e-05,0.04734454692493786,3.5492219777025367e-05,21121756674.225742,12,0.04734285418192546
pfp_bloom_filter_contains_unique_size_u32,0,NVIDIA B200,I64,U32,512,1,1,1,1000000000,2048,No,6.073e-06,16,11,0.0507543630909091,4.5546120853059155e-05,0.05073725093494763,3.762595222987197e-05,19709384753.268208,12,0.050735188484191895
pfp_bloom_filter_contains_unique_size_u32,0,NVIDIA B200,I64,U32,512,1,1,2,1000000000,1,No,6.046e-06,16,22,0.02313945922727273,5.9060860003576545e-05,0.023123713493347173,3.733795445619853e-05,43245649116.337036,23,0.023121385740197224
pfp_bloom_filter_contains_unique_size_u32,0,NVIDIA B200,I64,U32,512,1,1,2,1000000000,2,No,5.766e-06,16,22,0.023060032545454547,6.639746533719074e-05,0.0230444218895652,2.5241240624202795e-05,43394449415.66585,23,0.023041736602783202
pfp_bloom_filter_contains_unique_size_u32,0,NVIDIA B200,I64,U32,512,1,1,2,1000000000,4,No,5.934e-06,16,22,0.022916921181818182,3.9317543926534825e-05,0.022900683489712807,2.584369223308874e-05,43666818959.757645,23,0.022897931637971297
pfp_bloom_filter_contains_unique_size_u32,0,NVIDIA B200,I64,U32,512,1,1,2,1000000000,8,No,6.054e-06,16,22,0.022795427227272732,9.384441991819283e-05,0.022779289765791466,3.257285759643325e-05,43899524975.60913,23,0.02277718718155571
pfp_bloom_filter_contains_unique_size_u32,0,NVIDIA B200,I64,U32,512,1,1,2,1000000000,16,No,5.852e-06,16,23,0.022716493304347832,5.520875808603501e-05,0.022700967954552696,3.3001357873598544e-05,44050985050.59337,24,0.022698794285456337
pfp_bloom_filter_contains_unique_size_u32,0,NVIDIA B200,I64,U32,512,1,1,2,1000000000,32,No,5.859e-06,16,23,0.02267427882608696,4.6511399970881043e-05,0.022658585589864978,3.3189290314457645e-05,44133381407.85331,24,0.02265564846992493
pfp_bloom_filter_contains_unique_size_u32,0,NVIDIA B200,I64,U32,512,1,1,2,1000000000,64,No,5.927e-06,16,22,0.022985344272727273,4.639385585737228e-05,0.022969717199152164,2.586170085244389e-05,43535581710.902,23,0.02296555801059889
pfp_bloom_filter_contains_unique_size_u32,0,NVIDIA B200,I64,U32,512,1,1,2,1000000000,128,No,6.011e-06,16,22,0.02360637422727273,5.8857158858557963e-05,0.02359063399921764,3.577694859906641e-05,42389704322.19685,23,0.023584099562271782
pfp_bloom_filter_contains_unique_size_u32,0,NVIDIA B200,I64,U32,512,1,1,2,1000000000,256,No,6.043e-06,16,21,0.02390820042857143,6.47941276015043e-05,0.023892562230428054,4.787517422647231e-05,41854029314.88291,22,0.023884560324928975
pfp_bloom_filter_contains_unique_size_u32,0,NVIDIA B200,I64,U32,512,1,1,2,1000000000,512,No,6.005e-06,16,16,0.0332482488125,3.3980832734261284e-05,0.033231927394866946,3.1024748291601554e-05,30091543837.28166,17,0.03323060652788948
pfp_bloom_filter_contains_unique_size_u32,0,NVIDIA B200,I64,U32,512,1,1,2,1000000000,1024,No,5.955e-06,16,13,0.04012503653846154,4.028223275467574e-05,0.040108431009145885,2.2215767952235298e-05,24932413830.19872,14,0.04010729871477399
pfp_bloom_filter_contains_unique_size_u32,0,NVIDIA B200,I64,U32,512,1,1,2,1000000000,2048,No,6.073e-06,16,12,0.0437472405,2.397988743467108e-05,0.043730429649353024,1.2188006397085524e-05,22867371942.566647,13,0.04372857666015625
pfp_bloom_filter_contains_unique_size_u32,0,NVIDIA B200,I64,U32,512,1,1,4,1000000000,1,No,6.046e-06,16,38,0.013495815289473686,0.00012117302605608057,0.013480495051333778,3.6924925404844924e-05,74181251963.81854,39,0.013478360689603366
pfp_bloom_filter_contains_unique_size_u32,0,NVIDIA B200,I64,U32,512,1,1,4,1000000000,2,No,5.766e-06,16,38,0.013432943789473684,6.792490172440582e-05,0.013417998339000503,4.7361505721472474e-05,74526764330.6691,39,0.01341623785556891
pfp_bloom_filter_contains_unique_size_u32,0,NVIDIA B200,I64,U32,512,1,1,4,1000000000,4,No,5.934e-06,16,38,0.013334420736842104,7.236613881742539e-05,0.013319534427241268,4.4780576074632016e-05,75077699259.12637,39,0.01331756591796875
pfp_bloom_filter_contains_unique_size_u32,0,NVIDIA B200,I64,U32,512,1,1,4,1000000000,8,No,6.054e-06,16,38,0.013254978052631582,7.04088559592717e-05,0.013240173666100748,5.3053815683139713e-05,75527710226.36455,39,0.013237458057892627
pfp_bloom_filter_contains_unique_size_u32,0,NVIDIA B200,I64,U32,512,1,1,4,1000000000,16,No,5.852e-06,16,38,0.013205366947368423,7.520858918693274e-05,0.01319054550873606,5.768951362595888e-05,75811875963.56064,39,0.013187360714643428
pfp_bloom_filter_contains_unique_size_u32,0,NVIDIA B200,I64,U32,512,1,1,4,1000000000,32,No,5.859e-06,16,38,0.013179440368421053,9.009959823062585e-05,0.013164318385877108,6.0553097609529706e-05,75962915107.919,39,0.013160264235276444
pfp_bloom_filter_contains_unique_size_u32,0,NVIDIA B200,I64,U32,512,1,1,4,1000000000,64,No,5.927e-06,16,38,0.013239080842105263,8.152299295136165e-05,0.013224205594313776,5.586361258938008e-05,75618909042.82266,39,0.013217030060596954
pfp_bloom_filter_contains_unique_size_u32,0,NVIDIA B200,I64,U32,512,1,1,4,1000000000,128,No,6.011e-06,16,31,0.016611790161290323,0.031799045565647006,0.016596559493772447,0.03182765198423125,60253451950.40162,32,0.016765790939331053
pfp_bloom_filter_contains_unique_size_u32,0,NVIDIA B200,I64,U32,512,1,1,4,1000000000,256,No,6.043e-06,16,24,0.02124245770833334,0.23869788551199655,0.021226123889287313,0.2388667947472461,47111757437.00872,25,0.02080702392578125
pfp_bloom_filter_contains_unique_size_u32,0,NVIDIA B200,I64,U32,512,1,1,4,1000000000,512,No,6.005e-06,16,16,0.0330773996875,0.0011908702291468416,0.03306099343299866,0.0011911994974240713,30247124969.99214,17,0.033048504324520334
pfp_bloom_filter_contains_unique_size_u32,0,NVIDIA B200,I64,U32,512,1,1,4,1000000000,1024,No,5.955e-06,16,13,0.040076744384615386,2.4540871157172406e-05,0.0400604500403771,2.2358223385740012e-05,24962275735.59697,14,0.040059536525181356
pfp_bloom_filter_contains_unique_size_u32,0,NVIDIA B200,I64,U32,512,1,1,4,1000000000,2048,No,6.073e-06,16,12,0.04370751975000001,2.9407969621857216e-05,0.04368986352284749,1.9193232741642166e-05,22888604343.59226,13,0.043689497727614185
pfp_bloom_filter_contains_unique_size_u32,0,NVIDIA B200,I64,U32,512,1,1,8,1000000000,1,No,6.046e-06,16,53,0.009452129679245283,0.0001262483716556768,0.00943753238893905,7.366820386630253e-05,105959901252.57924,55,0.009434987571022728
pfp_bloom_filter_contains_unique_size_u32,0,NVIDIA B200,I64,U32,512,1,1,8,1000000000,2,No,5.766e-06,16,54,0.009376367000000004,0.00010061693968174923,0.00936185176284225,8.077973963330147e-05,106816474489.4872,56,0.00935884748186384
pfp_bloom_filter_contains_unique_size_u32,0,NVIDIA B200,I64,U32,512,1,1,8,1000000000,4,No,5.934e-06,16,54,0.009389956925925922,0.00012316831212923763,0.009375223036165593,9.833187307392699e-05,106664129071.10887,56,0.009371648515973772
pfp_bloom_filter_contains_unique_size_u32,0,NVIDIA B200,I64,U32,512,1,1,8,1000000000,8,No,6.054e-06,16,54,0.009412453925925926,0.000164445638075825,0.009397409138856115,0.00011117519995916392,106412308459.06572,55,0.009393673428622159
pfp_bloom_filter_contains_unique_size_u32,0,NVIDIA B200,I64,U32,512,1,1,8,1000000000,16,No,5.852e-06,16,54,0.00942290440740741,0.0001394637468891017,0.00940811319704409,0.00010648755948839703,106291238110.76033,55,0.009404471102627841
pfp_bloom_filter_contains_unique_size_u32,0,NVIDIA B200,I64,U32,512,1,1,8,1000000000,32,No,5.859e-06,16,54,0.009420349111111111,0.00013125776212313508,0.009405768853646737,0.00011718423704990992,106317730699.1004,55,0.009401174094460226
pfp_bloom_filter_contains_unique_size_u32,0,NVIDIA B200,I64,U32,512,1,1,8,1000000000,64,No,5.927e-06,16,49,0.010335003979591837,0.027368812724193278,0.010320097942741548,0.0273904157890359,96898305185.49794,50,0.010494627990722656
pfp_bloom_filter_contains_unique_size_u32,0,NVIDIA B200,I64,U32,512,1,1,8,1000000000,128,No,6.011e-06,16,31,0.016178553677419355,0.1179029851458441,0.01616272523326258,0.11800903966959975,61870754193.23588,32,0.01601081496477127
pfp_bloom_filter_contains_unique_size_u32,0,NVIDIA B200,I64,U32,512,1,1,8,1000000000,256,No,6.043e-06,16,24,0.021069313875,0.24306134885003283,0.021053401072820027,0.24323478006867327,47498263892.9062,26,0.020515012300931487
pfp_bloom_filter_contains_unique_size_u32,0,NVIDIA B200,I64,U32,512,1,1,8,1000000000,512,No,6.005e-06,16,16,0.032306947937500004,0.001808791439617056,0.03229063200950622,0.0018025903234852416,30968734204.570675,17,0.03227280470904182
pfp_bloom_filter_contains_unique_size_u32,0,NVIDIA B200,I64,U32,512,1,1,8,1000000000,1024,No,5.955e-06,16,13,0.03935896953846153,3.001937346991072e-05,0.03934207505446215,2.6110997277720795e-05,25418079717.8511,14,0.03934171840122768
pfp_bloom_filter_contains_unique_size_u32,0,NVIDIA B200,I64,U32,512,1,1,8,1000000000,2048,No,6.073e-06,16,12,0.04302947258333333,4.877793097394571e-05,0.043012436548868806,3.7088554358575084e-05,23249089803.686073,13,0.04301130999051607
pfp_bloom_filter_contains_unique_size_u32,0,NVIDIA B200,I64,U32,512,1,2,1,1000000000,1,No,6.046e-06,16,21,0.024874934952380953,4.847126134514231e-05,0.024858999978928337,2.8161394762442777e-05,40226879635.047554,22,0.024858299255371096
pfp_bloom_filter_contains_unique_size_u32,0,NVIDIA B200,I64,U32,512,1,2,1,1000000000,2,No,5.766e-06,16,21,0.024742153619047618,3.627781402286809e-05,0.024726160866873605,3.10193079587026e-05,40442994987.53689,22,0.024724527359008788
pfp_bloom_filter_contains_unique_size_u32,0,NVIDIA B200,I64,U32,512,1,2,1,1000000000,4,No,5.934e-06,16,21,0.024597239809523812,6.53045937630255e-05,0.024581022080920993,2.9273718879125396e-05,40681790883.55192,22,0.02457873552495783
pfp_bloom_filter_contains_unique_size_u32,0,NVIDIA B200,I64,U32,512,1,2,1,1000000000,8,No,6.054e-06,16,21,0.024496652476190477,8.17196320971725e-05,0.024480307896931966,2.932561620230486e-05,40849159422.759,22,0.0244777419350364
pfp_bloom_filter_contains_unique_size_u32,0,NVIDIA B200,I64,U32,512,1,2,1,1000000000,16,No,5.852e-06,16,21,0.02443832404761905,4.488825168654248e-05,0.02442235074724469,2.4726843868719236e-05,40946099347.656746,22,0.024418626265092332
pfp_bloom_filter_contains_unique_size_u32,0,NVIDIA B200,I64,U32,512,1,2,1,1000000000,32,No,5.859e-06,16,21,0.024410133857142857,4.619671894739625e-05,0.024394020898001537,3.2908355811225106e-05,40993651853.51318,22,0.024389119321649725
pfp_bloom_filter_contains_unique_size_u32,0,NVIDIA B200,I64,U32,512,1,2,1,1000000000,64,No,5.927e-06,16,20,0.02533159965,6.790360919932752e-05,0.025315566730499263,5.110978179621958e-05,39501387057.44386,21,0.02530874470302037
pfp_bloom_filter_contains_unique_size_u32,0,NVIDIA B200,I64,U32,512,1,2,1,1000000000,128,No,6.011e-06,16,19,0.02664908884210527,5.601137557110849e-05,0.026633168873034026,4.854800421561875e-05,37547165520.07808,20,0.026626714229583744
pfp_bloom_filter_contains_unique_size_u32,0,NVIDIA B200,I64,U32,512,1,2,1,1000000000,256,No,6.043e-06,16,19,0.02748675768421053,7.527274517693147e-05,0.027471031690898696,6.348004211758631e-05,36401981958.73748,20,0.027461991500854495
pfp_bloom_filter_contains_unique_size_u32,0,NVIDIA B200,I64,U32,512,1,2,1,1000000000,512,No,6.005e-06,16,18,0.028163453444444448,8.408813366351e-05,0.02814689784579807,5.670562277370477e-05,35527893890.06454,19,0.028138008117675778
pfp_bloom_filter_contains_unique_size_u32,0,NVIDIA B200,I64,U32,512,1,2,1,1000000000,1024,No,5.955e-06,16,18,0.02882456388888889,0.0032372523741505963,0.02880865404340956,0.0032379071186700477,34711791758.58672,19,0.028863647460937496
pfp_bloom_filter_contains_unique_size_u32,0,NVIDIA B200,I64,U32,512,1,2,1,1000000000,2048,No,6.073e-06,16,17,0.029552850705882355,0.0031966430286443194,0.02953662109375,0.003195431253441576,33856276140.25227,18,0.029613341967264815
pfp_bloom_filter_contains_unique_size_u32,0,NVIDIA B200,I64,U32,512,1,2,2,1000000000,1,No,6.046e-06,16,24,0.021715091958333335,0.00011283469896529243,0.021699537197748822,0.00010946745072865352,46083932154.26471,25,0.021698394622802732
pfp_bloom_filter_contains_unique_size_u32,0,NVIDIA B200,I64,U32,512,1,2,2,1000000000,2,No,5.766e-06,16,24,0.021717172499999996,8.488417828733681e-05,0.02170129172007243,7.727173330462147e-05,46080206325.92383,25,0.021700607299804688
pfp_bloom_filter_contains_unique_size_u32,0,NVIDIA B200,I64,U32,512,1,2,2,1000000000,4,No,5.934e-06,16,24,0.02171741241666667,0.00010296901602587068,0.02170159713427226,9.356673694075539e-05,46079557822.9931,25,0.02170048500061035
pfp_bloom_filter_contains_unique_size_u32,0,NVIDIA B200,I64,U32,512,1,2,2,1000000000,8,No,6.054e-06,16,24,0.02171804916666667,0.0001086542365116674,0.02170218912760417,0.00010055421513718387,46078300862.65568,25,0.021699706954956058
pfp_bloom_filter_contains_unique_size_u32,0,NVIDIA B200,I64,U32,512,1,2,2,1000000000,16,No,5.852e-06,16,24,0.02171730466666667,0.00011245652217077095,0.02170142245292664,0.00011525598065529634,46079928731.36022,25,0.02169884628295898
pfp_bloom_filter_contains_unique_size_u32,0,NVIDIA B200,I64,U32,512,1,2,2,1000000000,32,No,5.859e-06,16,24,0.021723176625000003,9.065495114372189e-05,0.0217072521050771,7.507251599425916e-05,46067553606.4793,25,0.021703966522216796
pfp_bloom_filter_contains_unique_size_u32,0,NVIDIA B200,I64,U32,512,1,2,2,1000000000,64,No,5.927e-06,16,22,0.023110734272727276,4.783741310372752e-05,0.023094879150390622,3.5186886908927144e-05,43299642032.68352,23,0.023087993953538978
pfp_bloom_filter_contains_unique_size_u32,0,NVIDIA B200,I64,U32,512,1,2,2,1000000000,128,No,6.011e-06,16,21,0.024699168285714286,5.086966693177072e-05,0.02468303199041457,4.8402584267368267e-05,40513661384.40127,22,0.024675327214327726
pfp_bloom_filter_contains_unique_size_u32,0,NVIDIA B200,I64,U32,512,1,2,2,1000000000,256,No,6.043e-06,16,20,0.02571456515,6.564204234623044e-05,0.025698302268981933,5.473810778848746e-05,38913076417.775986,21,0.02568928300766718
pfp_bloom_filter_contains_unique_size_u32,0,NVIDIA B200,I64,U32,512,1,2,2,1000000000,512,No,6.005e-06,16,19,0.026610827315789478,0.0021464656727314176,0.02659489701923571,0.0021251201559430942,37601198428.28172,20,0.026678990554809573
pfp_bloom_filter_contains_unique_size_u32,0,NVIDIA B200,I64,U32,512,1,2,2,1000000000,1024,No,5.955e-06,16,19,0.027671339736842104,0.0060304695812082795,0.027654797403435957,0.006036455828014421,36160091336.47659,20,0.027745115280151368
pfp_bloom_filter_contains_unique_size_u32,0,NVIDIA B200,I64,U32,512,1,2,2,1000000000,2048,No,6.073e-06,16,18,0.028474599333333333,0.006073179245841801,0.02845848168267144,0.006084681514935233,35138909065.86582,19,0.028584205326281097
pfp_bloom_filter_contains_unique_size_u32,0,NVIDIA B200,I64,U32,512,1,2,4,1000000000,1,No,6.046e-06,16,24,0.021459611874999996,0.0001851520640690659,0.02144396956761678,0.00019140085614732674,46633157020.9898,25,0.02144206901550293
pfp_bloom_filter_contains_unique_size_u32,0,NVIDIA B200,I64,U32,512,1,2,4,1000000000,2,No,5.766e-06,16,24,0.021464202791666664,0.00012071718887311333,0.02144836688041687,0.00011824190168902544,46623596359.35899,25,0.021446040649414067
pfp_bloom_filter_contains_unique_size_u32,0,NVIDIA B200,I64,U32,512,1,2,4,1000000000,4,No,5.934e-06,16,24,0.021465189416666666,0.00010558408424080487,0.02144960006078084,9.986814459186711e-05,46620915875.64996,25,0.021448088150024414
pfp_bloom_filter_contains_unique_size_u32,0,NVIDIA B200,I64,U32,512,1,2,4,1000000000,8,No,6.054e-06,16,24,0.02146703354166667,0.00011176390506115872,0.021451204140981037,9.973389614084851e-05,46617429652.33217,25,0.021447925643920902
pfp_bloom_filter_contains_unique_size_u32,0,NVIDIA B200,I64,U32,512,1,2,4,1000000000,16,No,5.852e-06,16,24,0.02146559625,8.723265864832691e-05,0.021449886719385778,8.591056663943021e-05,46620292828.69029,25,0.021447513885498048
pfp_bloom_filter_contains_unique_size_u32,0,NVIDIA B200,I64,U32,512,1,2,4,1000000000,32,No,5.859e-06,16,24,0.021489733875,7.84321739767246e-05,0.02147411346435547,7.690080522843562e-05,46567696573.82521,25,0.021469509277343746
pfp_bloom_filter_contains_unique_size_u32,0,NVIDIA B200,I64,U32,512,1,2,4,1000000000,64,No,5.927e-06,16,22,0.02279446781818182,5.385399530418674e-05,0.02277855985814875,3.5520580158724405e-05,43900931675.54938,23,0.022771980617357336
pfp_bloom_filter_contains_unique_size_u32,0,NVIDIA B200,I64,U32,512,1,2,4,1000000000,128,No,6.011e-06,16,21,0.024352679619047617,5.255007368384706e-05,0.024336844126383456,3.37492901491677e-05,41089961985.494446,22,0.024329438469626687
pfp_bloom_filter_contains_unique_size_u32,0,NVIDIA B200,I64,U32,512,1,2,4,1000000000,256,No,6.043e-06,16,20,0.025369163700000003,5.028880647461727e-05,0.025352835273742675,4.497797368492038e-05,39443320212.61843,21,0.02534273220243908
pfp_bloom_filter_contains_unique_size_u32,0,NVIDIA B200,I64,U32,512,1,2,4,1000000000,512,No,6.005e-06,16,20,0.026292276300000007,0.0005435600000429109,0.026276177787780762,0.0005471315095907512,38057285503.10811,21,0.02631250962756929
pfp_bloom_filter_contains_unique_size_u32,0,NVIDIA B200,I64,U32,512,1,2,4,1000000000,1024,No,5.955e-06,16,19,0.02729986636842106,0.006520240272619514,0.02728381297462865,0.006537077229562001,36651768612.03032,20,0.027405874824523925
pfp_bloom_filter_contains_unique_size_u32,0,NVIDIA B200,I64,U32,512,1,2,4,1000000000,2048,No,6.073e-06,16,18,0.027994127055555557,0.00648725920419207,0.027977500279744463,0.006489002426686087,35743007416.71313,19,0.028124753450092518
pfp_bloom_filter_contains_unique_size_u32,0,NVIDIA B200,I64,U32,512,1,2,8,1000000000,1,No,6.046e-06,16,24,0.02144544275,0.0001113780236481042,0.021429886579513547,8.888361219552291e-05,46663802735.94055,25,0.021427486724853517
pfp_bloom_filter_contains_unique_size_u32,0,NVIDIA B200,I64,U32,512,1,2,8,1000000000,2,No,5.766e-06,16,24,0.02144618820833333,0.00012176511436346648,0.021430426756540933,0.00011361600212428856,46662626524.44767,25,0.021429698104858397
pfp_bloom_filter_contains_unique_size_u32,0,NVIDIA B200,I64,U32,512,1,2,8,1000000000,4,No,5.934e-06,16,24,0.021446166958333335,7.226186883954261e-05,0.02143035713831584,7.575460257720862e-05,46662778111.71315,25,0.02142797981262207
pfp_bloom_filter_contains_unique_size_u32,0,NVIDIA B200,I64,U32,512,1,2,8,1000000000,8,No,6.054e-06,16,24,0.02144438041666667,0.00011561202743820392,0.02142869607607523,0.00011332629487776112,46666395213.68185,25,0.02142703536987305
pfp_bloom_filter_contains_unique_size_u32,0,NVIDIA B200,I64,U32,512,1,2,8,1000000000,16,No,5.852e-06,16,24,0.021443309499999997,0.00010801049703017836,0.021428061564763384,9.624656100671632e-05,46667777063.1579,25,0.021425807342529298
pfp_bloom_filter_contains_unique_size_u32,0,NVIDIA B200,I64,U32,512,1,2,8,1000000000,32,No,5.859e-06,16,24,0.021464464000000003,8.718894819716538e-05,0.021448427915573123,7.997771294203856e-05,46623463683.97131,25,0.021444647674560547
pfp_bloom_filter_contains_unique_size_u32,0,NVIDIA B200,I64,U32,512,1,2,8,1000000000,64,No,5.927e-06,16,22,0.022747918454545456,5.153293767561457e-05,0.022731914086775343,3.7539278254003376e-05,43991016162.68056,23,0.022725766389266305
pfp_bloom_filter_contains_unique_size_u32,0,NVIDIA B200,I64,U32,512,1,2,8,1000000000,128,No,6.011e-06,16,21,0.024310460333333336,5.669307954511002e-05,0.024294401532127738,5.172078054789552e-05,41161746613.82649,22,0.024287231618707827
pfp_bloom_filter_contains_unique_size_u32,0,NVIDIA B200,I64,U32,512,1,2,8,1000000000,256,No,6.043e-06,16,20,0.025320265750000005,6.535685947138851e-05,0.025304375934600824,6.584223239836132e-05,39518856445.402985,21,0.025296064195178804
pfp_bloom_filter_contains_unique_size_u32,0,NVIDIA B200,I64,U32,512,1,2,8,1000000000,512,No,6.005e-06,16,20,0.026150592849999998,6.860105619271143e-05,0.026134510231018072,5.716613988676828e-05,38263582946.855354,21,0.02612555767240978
pfp_bloom_filter_contains_unique_size_u32,0,NVIDIA B200,I64,U32,512,1,2,8,1000000000,1024,No,5.955e-06,16,19,0.02688018310526316,0.004715770167177739,0.026864269457365336,0.004713576056210659,37224165041.48902,20,0.026945219421386717
pfp_bloom_filter_contains_unique_size_u32,0,NVIDIA B200,I64,U32,512,1,2,8,1000000000,2048,No,6.073e-06,16,19,0.027396815315789472,0.00718358910733621,0.027380570963809362,0.007180905221773956,36522247885.98322,20,0.027517851066589362
pfp_bloom_filter_contains_unique_size_u32,0,NVIDIA B200,I64,U32,512,1,4,1,1000000000,1,No,6.046e-06,16,26,0.01962012788461539,0.0002763300983222129,0.019604406576890207,0.000258501241177675,51008940060.38449,27,0.019602280298868815
pfp_bloom_filter_contains_unique_size_u32,0,NVIDIA B200,I64,U32,512,1,4,1,1000000000,2,No,5.766e-06,16,26,0.01962912934615385,5.399294368974689e-05,0.01961353918222281,2.8257764290044783e-05,50985188889.640755,27,0.019611413531833224
pfp_bloom_filter_contains_unique_size_u32,0,NVIDIA B200,I64,U32,512,1,4,1,1000000000,4,No,5.934e-06,16,26,0.019634357384615383,6.528457495075348e-05,0.019619013346158547,3.371685904185247e-05,50970962828.55644,27,0.01961711049962927
pfp_bloom_filter_contains_unique_size_u32,0,NVIDIA B200,I64,U32,512,1,4,1,1000000000,8,No,6.054e-06,16,26,0.0196383065,4.514948168363499e-05,0.019622842641977164,2.5452883506888854e-05,50961016109.908615,27,0.019620181613498263
pfp_bloom_filter_contains_unique_size_u32,0,NVIDIA B200,I64,U32,512,1,4,1,1000000000,16,No,5.852e-06,16,26,0.019640727307692306,5.823508611857081e-05,0.019625459744380073,2.7581746799918118e-05,50954220335.46802,27,0.019621508704291447
pfp_bloom_filter_contains_unique_size_u32,0,NVIDIA B200,I64,U32,512,1,4,1,1000000000,32,No,5.859e-06,16,26,0.019647136461538466,5.8751922473262606e-05,0.019631381768446702,3.4539788281664664e-05,50938849429.70692,27,0.019626569253427012
pfp_bloom_filter_contains_unique_size_u32,0,NVIDIA B200,I64,U32,512,1,4,1,1000000000,64,No,5.927e-06,16,25,0.02030842884,5.6960975933430034e-05,0.020292896347045897,4.4936255995922646e-05,49278327888.64431,26,0.020286700248718263
pfp_bloom_filter_contains_unique_size_u32,0,NVIDIA B200,I64,U32,512,1,4,1,1000000000,128,No,6.011e-06,16,24,0.021549296,0.003378667280265644,0.021533457438151035,0.0033919143973958573,46439360835.21313,25,0.021643428802490233
pfp_bloom_filter_contains_unique_size_u32,0,NVIDIA B200,I64,U32,512,1,4,1,1000000000,256,No,6.043e-06,16,21,0.024526944952380947,0.019921157082575695,0.02451124890645345,0.019939509945112604,40797594762.16305,22,0.024675549680536445
pfp_bloom_filter_contains_unique_size_u32,0,NVIDIA B200,I64,U32,512,1,4,1,1000000000,512,No,6.005e-06,16,19,0.026548933052631576,0.016218827846780137,0.026532813523945053,0.01622496523948277,37689180572.4836,20,0.02658241834640503
pfp_bloom_filter_contains_unique_size_u32,0,NVIDIA B200,I64,U32,512,1,4,1,1000000000,1024,No,5.955e-06,16,18,0.027888863222222227,0.020513177550274327,0.027872547361585828,0.02052078991777508,35877596224.95819,19,0.028102818539268094
pfp_bloom_filter_contains_unique_size_u32,0,NVIDIA B200,I64,U32,512,1,4,1,1000000000,2048,No,6.073e-06,16,18,0.02857389994444445,0.021929683282743005,0.028557349522908528,0.021940100677018615,35017255337.29264,19,0.028840312455829818
pfp_bloom_filter_contains_unique_size_u32,0,NVIDIA B200,I64,U32,512,1,4,2,1000000000,1,No,6.046e-06,16,25,0.020740822960000002,0.004960005571937599,0.020725432662963873,0.004966183483773196,48249897421.296745,26,0.020697481302114632
pfp_bloom_filter_contains_unique_size_u32,0,NVIDIA B200,I64,U32,512,1,4,2,1000000000,2,No,5.766e-06,16,25,0.0207238176,6.17642859802474e-05,0.020708039703369138,3.748622308837532e-05,48290423155.66465,26,0.020706225175123952
pfp_bloom_filter_contains_unique_size_u32,0,NVIDIA B200,I64,U32,512,1,4,2,1000000000,4,No,5.934e-06,16,25,0.02072852708,6.814891922459737e-05,0.020712814331054694,4.022026860403269e-05,48279291457.78618,26,0.020710437407860386
pfp_bloom_filter_contains_unique_size_u32,0,NVIDIA B200,I64,U32,512,1,4,2,1000000000,8,No,6.054e-06,16,25,0.020731331200000005,4.9930945828319336e-05,0.020715517730712892,3.792412618482219e-05,48272990952.93172,26,0.020712802813603326
pfp_bloom_filter_contains_unique_size_u32,0,NVIDIA B200,I64,U32,512,1,4,2,1000000000,16,No,5.852e-06,16,25,0.02073288952,5.456649963569836e-05,0.0207176033782959,4.1295824933169765e-05,48268131295.90155,26,0.020713550494267388
pfp_bloom_filter_contains_unique_size_u32,0,NVIDIA B200,I64,U32,512,1,4,2,1000000000,32,No,5.859e-06,16,25,0.0207635492,6.4015676251749e-05,0.020747503662109375,3.828703167150728e-05,48198569634.48928,26,0.020740369356595553
pfp_bloom_filter_contains_unique_size_u32,0,NVIDIA B200,I64,U32,512,1,4,2,1000000000,64,No,5.927e-06,16,22,0.023041118136363635,7.914225186203304e-05,0.023024895494634448,3.931427547186175e-05,43431250327.84764,23,0.023016892225846
pfp_bloom_filter_contains_unique_size_u32,0,NVIDIA B200,I64,U32,512,1,4,2,1000000000,128,No,6.011e-06,16,20,0.025629325,3.9164155133231415e-05,0.025613258934020992,3.3011137519794454e-05,39042278945.290436,21,0.025604730061122353
pfp_bloom_filter_contains_unique_size_u32,0,NVIDIA B200,I64,U32,512,1,4,2,1000000000,256,No,6.043e-06,16,19,0.02700118768421053,4.200137853641181e-05,0.026985342025756837,3.4672428415031406e-05,37057154919.34566,20,0.026975591278076173
pfp_bloom_filter_contains_unique_size_u32,0,NVIDIA B200,I64,U32,512,1,4,2,1000000000,512,No,6.005e-06,16,18,0.027938109222222222,4.7695615454457366e-05,0.027921839820014102,3.183368642197973e-05,35814258890.03237,19,0.02791294589795565
pfp_bloom_filter_contains_unique_size_u32,0,NVIDIA B200,I64,U32,512,1,4,2,1000000000,1024,No,5.955e-06,16,18,0.028568265277777775,0.002000527621072546,0.028551912625630695,0.002003710763539752,35023923374.65731,19,0.028602476220381888
pfp_bloom_filter_contains_unique_size_u32,0,NVIDIA B200,I64,U32,512,1,4,2,1000000000,2048,No,6.073e-06,16,18,0.02901068033333334,0.003894729266910477,0.028994510014851885,0.003894503676464759,34489287781.98939,19,0.02910105494449013
pfp_bloom_filter_contains_unique_size_u32,0,NVIDIA B200,I64,U32,512,1,4,4,1000000000,1,No,6.046e-06,16,25,0.02064716792,0.00023871443641180587,0.02063171936035156,0.00022899639212535386,48469057887.716446,26,0.02062926490490253
pfp_bloom_filter_contains_unique_size_u32,0,NVIDIA B200,I64,U32,512,1,4,4,1000000000,2,No,5.766e-06,16,25,0.020654313159999996,7.585343166663617e-05,0.02063849426269531,4.506970660521185e-05,48453147175.9318,26,0.020636317326472357
pfp_bloom_filter_contains_unique_size_u32,0,NVIDIA B200,I64,U32,512,1,4,4,1000000000,4,No,5.934e-06,16,25,0.020657781919999996,4.890024759249867e-05,0.020641997146606444,4.051417734950241e-05,48444924824.74742,26,0.020640254387488732
pfp_bloom_filter_contains_unique_size_u32,0,NVIDIA B200,I64,U32,512,1,4,4,1000000000,8,No,6.054e-06,16,25,0.020660403240000003,6.04069700960688e-05,0.02064478050231933,4.4871180843568884e-05,48438393418.01941,26,0.020641713509192836
pfp_bloom_filter_contains_unique_size_u32,0,NVIDIA B200,I64,U32,512,1,4,4,1000000000,16,No,5.852e-06,16,25,0.020661052,6.202871246994659e-05,0.020645911712646486,4.0808971889396794e-05,48435739429.58683,26,0.020641945912287782
pfp_bloom_filter_contains_unique_size_u32,0,NVIDIA B200,I64,U32,512,1,4,4,1000000000,32,No,5.859e-06,16,25,0.02069218356,5.013732465336075e-05,0.020676524505615235,4.2601922327792965e-05,48364027509.96303,26,0.020669468512901894
pfp_bloom_filter_contains_unique_size_u32,0,NVIDIA B200,I64,U32,512,1,4,4,1000000000,64,No,5.927e-06,16,22,0.022953821454545453,5.723398353510489e-05,0.02293797779083252,3.5378773753217516e-05,43595822139.11044,23,0.022930165083512016
pfp_bloom_filter_contains_unique_size_u32,0,NVIDIA B200,I64,U32,512,1,4,4,1000000000,128,No,6.011e-06,16,20,0.025557505900000006,5.3298196475907535e-05,0.025541942214965824,4.1245548577520916e-05,39151290515.960396,21,0.02553285689581008
pfp_bloom_filter_contains_unique_size_u32,0,NVIDIA B200,I64,U32,512,1,4,4,1000000000,256,No,6.043e-06,16,19,0.026940572105263155,4.6806203379734974e-05,0.02692440946478592,4.607717279398773e-05,37141018870.17751,20,0.02691630153656006
pfp_bloom_filter_contains_unique_size_u32,0,NVIDIA B200,I64,U32,512,1,4,4,1000000000,512,No,6.005e-06,16,18,0.027888646333333336,5.6967872829938424e-05,0.027872940063476563,4.3615315718231433e-05,35877090745.455826,19,0.027864118375276265
pfp_bloom_filter_contains_unique_size_u32,0,NVIDIA B200,I64,U32,512,1,4,4,1000000000,1024,No,5.955e-06,16,18,0.028482894166666668,4.329776499428869e-05,0.028466632419162325,3.7369498371705586e-05,35128847883.20973,19,0.028456850854974042
pfp_bloom_filter_contains_unique_size_u32,0,NVIDIA B200,I64,U32,512,1,4,4,1000000000,2048,No,6.073e-06,16,18,0.028868142500000003,0.0004064416523387098,0.02885191504160563,0.0004117974936707373,34659744372.52985,19,0.028883592103656968
pfp_bloom_filter_contains_unique_size_u32,0,NVIDIA B200,I64,U32,512,1,4,8,1000000000,1,Yes,,,,,,,,,,
pfp_bloom_filter_contains_unique_size_u32,0,NVIDIA B200,I64,U32,512,1,4,8,1000000000,2,Yes,,,,,,,,,,
pfp_bloom_filter_contains_unique_size_u32,0,NVIDIA B200,I64,U32,512,1,4,8,1000000000,4,Yes,,,,,,,,,,
pfp_bloom_filter_contains_unique_size_u32,0,NVIDIA B200,I64,U32,512,1,4,8,1000000000,8,Yes,,,,,,,,,,
pfp_bloom_filter_contains_unique_size_u32,0,NVIDIA B200,I64,U32,512,1,4,8,1000000000,16,Yes,,,,,,,,,,
pfp_bloom_filter_contains_unique_size_u32,0,NVIDIA B200,I64,U32,512,1,4,8,1000000000,32,Yes,,,,,,,,,,
pfp_bloom_filter_contains_unique_size_u32,0,NVIDIA B200,I64,U32,512,1,4,8,1000000000,64,Yes,,,,,,,,,,
pfp_bloom_filter_contains_unique_size_u32,0,NVIDIA B200,I64,U32,512,1,4,8,1000000000,128,Yes,,,,,,,,,,
pfp_bloom_filter_contains_unique_size_u32,0,NVIDIA B200,I64,U32,512,1,4,8,1000000000,256,Yes,,,,,,,,,,
pfp_bloom_filter_contains_unique_size_u32,0,NVIDIA B200,I64,U32,512,1,4,8,1000000000,512,Yes,,,,,,,,,,
pfp_bloom_filter_contains_unique_size_u32,0,NVIDIA B200,I64,U32,512,1,4,8,1000000000,1024,Yes,,,,,,,,,,
pfp_bloom_filter_contains_unique_size_u32,0,NVIDIA B200,I64,U32,512,1,4,8,1000000000,2048,Yes,,,,,,,,,,
pfp_bloom_filter_contains_unique_size_u32,0,NVIDIA B200,I64,U32,512,1,8,1,1000000000,1,No,6.046e-06,16,23,0.02204678230434783,4.61048700437756e-05,0.022031026591425355,2.38845358685441e-05,45390531206.07678,24,0.022029090404510496
pfp_bloom_filter_contains_unique_size_u32,0,NVIDIA B200,I64,U32,512,1,8,1,1000000000,2,No,5.766e-06,16,23,0.022055469347826085,4.372160331183003e-05,0.022039775350819468,2.7871326582166137e-05,45372513289.37972,24,0.02203763262430827
pfp_bloom_filter_contains_unique_size_u32,0,NVIDIA B200,I64,U32,512,1,8,1,1000000000,4,No,5.934e-06,16,23,0.022059405695652172,5.06979903624027e-05,0.022043760465539023,2.8024602805658256e-05,45364310756.47453,24,0.02204172547658284
pfp_bloom_filter_contains_unique_size_u32,0,NVIDIA B200,I64,U32,512,1,8,1,1000000000,8,No,6.054e-06,16,23,0.022062551,5.9341834607916476e-05,0.022046613361524504,3.3001691312791725e-05,45358440482.52728,24,0.02204360500971476
pfp_bloom_filter_contains_unique_size_u32,0,NVIDIA B200,I64,U32,512,1,8,1,1000000000,16,No,5.852e-06,16,23,0.022064354826086954,5.306961456245013e-05,0.022048649497654126,3.2567746017220995e-05,45354251747.09206,24,0.02204437303543091
pfp_bloom_filter_contains_unique_size_u32,0,NVIDIA B200,I64,U32,512,1,8,1,1000000000,32,No,5.859e-06,16,23,0.022078593521739135,5.068878504476059e-05,0.022062926499739934,3.327765120731432e-05,45324902841.505974,24,0.022056447347005206
pfp_bloom_filter_contains_unique_size_u32,0,NVIDIA B200,I64,U32,512,1,8,1,1000000000,64,No,5.927e-06,16,22,0.023818534045454545,8.878785017999378e-05,0.02380223638361151,2.0936608856632254e-05,42012858955.07395,23,0.023794197248375934
pfp_bloom_filter_contains_unique_size_u32,0,NVIDIA B200,I64,U32,512,1,8,1,1000000000,128,No,6.011e-06,16,19,0.027217780421052634,5.800942678172723e-05,0.02720167250382273,3.9722871728711416e-05,36762445392.26282,20,0.02719282627105713
pfp_bloom_filter_contains_unique_size_u32,0,NVIDIA B200,I64,U32,512,1,8,1,1000000000,256,No,6.043e-06,16,18,0.029017568666666674,4.806492770021428e-05,0.029001215934753417,3.261727697760761e-05,34481312861.149956,19,0.028992134596172132
pfp_bloom_filter_contains_unique_size_u32,0,NVIDIA B200,I64,U32,512,1,8,1,1000000000,512,No,6.005e-06,16,17,0.030076534352941182,5.41022388060712e-05,0.030060236986945658,3.738835723894786e-05,33266537467.228645,18,0.030050129890441892
pfp_bloom_filter_contains_unique_size_u32,0,NVIDIA B200,I64,U32,512,1,8,1,1000000000,1024,No,5.955e-06,16,17,0.030722253294117655,0.0023800474540960413,0.030706031238331516,0.0023684612774567976,32566891899.453995,18,0.0307875853644477
pfp_bloom_filter_contains_unique_size_u32,0,NVIDIA B200,I64,U32,512,1,8,1,1000000000,2048,No,6.073e-06,16,17,0.031143709882352946,0.0058690250415963695,0.031127282984116503,0.005867216165452849,32126157638.30964,18,0.031230864524841306
pfp_bloom_filter_contains_unique_size_u32,0,NVIDIA B200,I64,U32,512,1,8,2,1000000000,1,No,6.046e-06,16,23,0.02185263165217391,6.926824138542341e-05,0.02183633630172066,3.219397444122657e-05,45795228017.31177,24,0.021835350036621095
pfp_bloom_filter_contains_unique_size_u32,0,NVIDIA B200,I64,U32,512,1,8,2,1000000000,2,No,5.766e-06,16,23,0.02185888817391305,4.5519160912489485e-05,0.02184307836449664,2.543689521757659e-05,45781092907.9201,24,0.021840682983398436
pfp_bloom_filter_contains_unique_size_u32,0,NVIDIA B200,I64,U32,512,1,8,2,1000000000,4,No,5.934e-06,16,23,0.021861497652173913,5.216925662988714e-05,0.02184561372839886,3.0954051407723634e-05,45775779633.96927,24,0.021843541463216144
pfp_bloom_filter_contains_unique_size_u32,0,NVIDIA B200,I64,U32,512,1,8,2,1000000000,8,No,6.054e-06,16,23,0.02186343982608696,4.623892020053708e-05,0.02184760101981786,2.5025269333038506e-05,45771615798.59063,24,0.021844566345214842
pfp_bloom_filter_contains_unique_size_u32,0,NVIDIA B200,I64,U32,512,1,8,2,1000000000,16,No,5.852e-06,16,23,0.021864783304347827,4.6745366811980625e-05,0.021849330736243205,2.8219328303298506e-05,45767992258.967514,24,0.021845418294270835
pfp_bloom_filter_contains_unique_size_u32,0,NVIDIA B200,I64,U32,512,1,8,2,1000000000,32,No,5.859e-06,16,23,0.02187955717391304,5.546855667602858e-05,0.02186340622279955,3.148667983663145e-05,45738527190.570244,24,0.02185680643717448
pfp_bloom_filter_contains_unique_size_u32,0,NVIDIA B200,I64,U32,512,1,8,2,1000000000,64,No,5.927e-06,16,22,0.023621783272727282,5.250182390367724e-05,0.023605764042247422,3.467767276085666e-05,42362534769.48647,23,0.02359785718503206
pfp_bloom_filter_contains_unique_size_u32,0,NVIDIA B200,I64,U32,512,1,8,2,1000000000,128,No,6.011e-06,16,19,0.02703904652631579,4.280920611506354e-05,0.027022818916722348,2.625374661802632e-05,37005761800.11985,20,0.027013121795654293
pfp_bloom_filter_contains_unique_size_u32,0,NVIDIA B200,I64,U32,512,1,8,2,1000000000,256,No,6.043e-06,16,18,0.028855531222222223,4.405290683774716e-05,0.028839683002895782,3.67527965522846e-05,34674444927.13704,19,0.028830613086098123
pfp_bloom_filter_contains_unique_size_u32,0,NVIDIA B200,I64,U32,512,1,8,2,1000000000,512,No,6.005e-06,16,17,0.029929949235294122,3.981326754427975e-05,0.029913328843958233,3.093368494520355e-05,33429913642.057785,18,0.029903752962748206
pfp_bloom_filter_contains_unique_size_u32,0,NVIDIA B200,I64,U32,512,1,8,2,1000000000,1024,No,5.955e-06,16,17,0.030538269235294117,0.00037876619353941306,0.03052194830950568,0.0003817679522961199,32763308221.990612,18,0.030534427324930828
pfp_bloom_filter_contains_unique_size_u32,0,NVIDIA B200,I64,U32,512,1,8,2,1000000000,2048,No,6.073e-06,16,17,0.030934259941176476,0.0028361822567516334,0.03091804998061237,0.0028389227492208085,32343566318.932312,18,0.030995969030592176
pfp_bloom_filter_contains_unique_size_u32,0,NVIDIA B200,I64,U32,512,1,8,4,1000000000,1,Yes,,,,,,,,,,
pfp_bloom_filter_contains_unique_size_u32,0,NVIDIA B200,I64,U32,512,1,8,4,1000000000,2,Yes,,,,,,,,,,
pfp_bloom_filter_contains_unique_size_u32,0,NVIDIA B200,I64,U32,512,1,8,4,1000000000,4,Yes,,,,,,,,,,
pfp_bloom_filter_contains_unique_size_u32,0,NVIDIA B200,I64,U32,512,1,8,4,1000000000,8,Yes,,,,,,,,,,
pfp_bloom_filter_contains_unique_size_u32,0,NVIDIA B200,I64,U32,512,1,8,4,1000000000,16,Yes,,,,,,,,,,
pfp_bloom_filter_contains_unique_size_u32,0,NVIDIA B200,I64,U32,512,1,8,4,1000000000,32,Yes,,,,,,,,,,
pfp_bloom_filter_contains_unique_size_u32,0,NVIDIA B200,I64,U32,512,1,8,4,1000000000,64,Yes,,,,,,,,,,
pfp_bloom_filter_contains_unique_size_u32,0,NVIDIA B200,I64,U32,512,1,8,4,1000000000,128,Yes,,,,,,,,,,
pfp_bloom_filter_contains_unique_size_u32,0,NVIDIA B200,I64,U32,512,1,8,4,1000000000,256,Yes,,,,,,,,,,
pfp_bloom_filter_contains_unique_size_u32,0,NVIDIA B200,I64,U32,512,1,8,4,1000000000,512,Yes,,,,,,,,,,
pfp_bloom_filter_contains_unique_size_u32,0,NVIDIA B200,I64,U32,512,1,8,4,1000000000,1024,Yes,,,,,,,,,,
pfp_bloom_filter_contains_unique_size_u32,0,NVIDIA B200,I64,U32,512,1,8,4,1000000000,2048,Yes,,,,,,,,,,
pfp_bloom_filter_contains_unique_size_u32,0,NVIDIA B200,I64,U32,512,1,8,8,1000000000,1,Yes,,,,,,,,,,
pfp_bloom_filter_contains_unique_size_u32,0,NVIDIA B200,I64,U32,512,1,8,8,1000000000,2,Yes,,,,,,,,,,
pfp_bloom_filter_contains_unique_size_u32,0,NVIDIA B200,I64,U32,512,1,8,8,1000000000,4,Yes,,,,,,,,,,
pfp_bloom_filter_contains_unique_size_u32,0,NVIDIA B200,I64,U32,512,1,8,8,1000000000,8,Yes,,,,,,,,,,
pfp_bloom_filter_contains_unique_size_u32,0,NVIDIA B200,I64,U32,512,1,8,8,1000000000,16,Yes,,,,,,,,,,
pfp_bloom_filter_contains_unique_size_u32,0,NVIDIA B200,I64,U32,512,1,8,8,1000000000,32,Yes,,,,,,,,,,
pfp_bloom_filter_contains_unique_size_u32,0,NVIDIA B200,I64,U32,512,1,8,8,1000000000,64,Yes,,,,,,,,,,
pfp_bloom_filter_contains_unique_size_u32,0,NVIDIA B200,I64,U32,512,1,8,8,1000000000,128,Yes,,,,,,,,,,
pfp_bloom_filter_contains_unique_size_u32,0,NVIDIA B200,I64,U32,512,1,8,8,1000000000,256,Yes,,,,,,,,,,
pfp_bloom_filter_contains_unique_size_u32,0,NVIDIA B200,I64,U32,512,1,8,8,1000000000,512,Yes,,,,,,,,,,
pfp_bloom_filter_contains_unique_size_u32,0,NVIDIA B200,I64,U32,512,1,8,8,1000000000,1024,Yes,,,,,,,,,,
pfp_bloom_filter_contains_unique_size_u32,0,NVIDIA B200,I64,U32,512,1,8,8,1000000000,2048,Yes,,,,,,,,,,
pfp_bloom_filter_contains_unique_size_u32,0,NVIDIA B200,I64,U32,512,20,1,1,1000000000,1,Yes,,,,,,,,,,
pfp_bloom_filter_contains_unique_size_u32,0,NVIDIA B200,I64,U32,512,20,1,1,1000000000,2,Yes,,,,,,,,,,
pfp_bloom_filter_contains_unique_size_u32,0,NVIDIA B200,I64,U32,512,20,1,1,1000000000,4,Yes,,,,,,,,,,
pfp_bloom_filter_contains_unique_size_u32,0,NVIDIA B200,I64,U32,512,20,1,1,1000000000,8,Yes,,,,,,,,,,
pfp_bloom_filter_contains_unique_size_u32,0,NVIDIA B200,I64,U32,512,20,1,1,1000000000,16,Yes,,,,,,,,,,
pfp_bloom_filter_contains_unique_size_u32,0,NVIDIA B200,I64,U32,512,20,1,1,1000000000,32,Yes,,,,,,,,,,
pfp_bloom_filter_contains_unique_size_u32,0,NVIDIA B200,I64,U32,512,20,1,1,1000000000,64,Yes,,,,,,,,,,
pfp_bloom_filter_contains_unique_size_u32,0,NVIDIA B200,I64,U32,512,20,1,1,1000000000,128,Yes,,,,,,,,,,
pfp_bloom_filter_contains_unique_size_u32,0,NVIDIA B200,I64,U32,512,20,1,1,1000000000,256,Yes,,,,,,,,,,
pfp_bloom_filter_contains_unique_size_u32,0,NVIDIA B200,I64,U32,512,20,1,1,1000000000,512,Yes,,,,,,,,,,
pfp_bloom_filter_contains_unique_size_u32,0,NVIDIA B200,I64,U32,512,20,1,1,1000000000,1024,Yes,,,,,,,,,,
pfp_bloom_filter_contains_unique_size_u32,0,NVIDIA B200,I64,U32,512,20,1,1,1000000000,2048,Yes,,,,,,,,,,
pfp_bloom_filter_contains_unique_size_u32,0,NVIDIA B200,I64,U32,512,20,1,2,1000000000,1,Yes,,,,,,,,,,
pfp_bloom_filter_contains_unique_size_u32,0,NVIDIA B200,I64,U32,512,20,1,2,1000000000,2,Yes,,,,,,,,,,
pfp_bloom_filter_contains_unique_size_u32,0,NVIDIA B200,I64,U32,512,20,1,2,1000000000,4,Yes,,,,,,,,,,
pfp_bloom_filter_contains_unique_size_u32,0,NVIDIA B200,I64,U32,512,20,1,2,1000000000,8,Yes,,,,,,,,,,
pfp_bloom_filter_contains_unique_size_u32,0,NVIDIA B200,I64,U32,512,20,1,2,1000000000,16,Yes,,,,,,,,,,
pfp_bloom_filter_contains_unique_size_u32,0,NVIDIA B200,I64,U32,512,20,1,2,1000000000,32,Yes,,,,,,,,,,
pfp_bloom_filter_contains_unique_size_u32,0,NVIDIA B200,I64,U32,512,20,1,2,1000000000,64,Yes,,,,,,,,,,
pfp_bloom_filter_contains_unique_size_u32,0,NVIDIA B200,I64,U32,512,20,1,2,1000000000,128,Yes,,,,,,,,,,
pfp_bloom_filter_contains_unique_size_u32,0,NVIDIA B200,I64,U32,512,20,1,2,1000000000,256,Yes,,,,,,,,,,
pfp_bloom_filter_contains_unique_size_u32,0,NVIDIA B200,I64,U32,512,20,1,2,1000000000,512,Yes,,,,,,,,,,
pfp_bloom_filter_contains_unique_size_u32,0,NVIDIA B200,I64,U32,512,20,1,2,1000000000,1024,Yes,,,,,,,,,,
pfp_bloom_filter_contains_unique_size_u32,0,NVIDIA B200,I64,U32,512,20,1,2,1000000000,2048,Yes,,,,,,,,,,
pfp_bloom_filter_contains_unique_size_u32,0,NVIDIA B200,I64,U32,512,20,1,4,1000000000,1,Yes,,,,,,,,,,
pfp_bloom_filter_contains_unique_size_u32,0,NVIDIA B200,I64,U32,512,20,1,4,1000000000,2,Yes,,,,,,,,,,
pfp_bloom_filter_contains_unique_size_u32,0,NVIDIA B200,I64,U32,512,20,1,4,1000000000,4,Yes,,,,,,,,,,
pfp_bloom_filter_contains_unique_size_u32,0,NVIDIA B200,I64,U32,512,20,1,4,1000000000,8,Yes,,,,,,,,,,
pfp_bloom_filter_contains_unique_size_u32,0,NVIDIA B200,I64,U32,512,20,1,4,1000000000,16,Yes,,,,,,,,,,
pfp_bloom_filter_contains_unique_size_u32,0,NVIDIA B200,I64,U32,512,20,1,4,1000000000,32,Yes,,,,,,,,,,
pfp_bloom_filter_contains_unique_size_u32,0,NVIDIA B200,I64,U32,512,20,1,4,1000000000,64,Yes,,,,,,,,,,
pfp_bloom_filter_contains_unique_size_u32,0,NVIDIA B200,I64,U32,512,20,1,4,1000000000,128,Yes,,,,,,,,,,
pfp_bloom_filter_contains_unique_size_u32,0,NVIDIA B200,I64,U32,512,20,1,4,1000000000,256,Yes,,,,,,,,,,
pfp_bloom_filter_contains_unique_size_u32,0,NVIDIA B200,I64,U32,512,20,1,4,1000000000,512,Yes,,,,,,,,,,
pfp_bloom_filter_contains_unique_size_u32,0,NVIDIA B200,I64,U32,512,20,1,4,1000000000,1024,Yes,,,,,,,,,,
pfp_bloom_filter_contains_unique_size_u32,0,NVIDIA B200,I64,U32,512,20,1,4,1000000000,2048,Yes,,,,,,,,,,
pfp_bloom_filter_contains_unique_size_u32,0,NVIDIA B200,I64,U32,512,20,1,8,1000000000,1,Yes,,,,,,,,,,
pfp_bloom_filter_contains_unique_size_u32,0,NVIDIA B200,I64,U32,512,20,1,8,1000000000,2,Yes,,,,,,,,,,
pfp_bloom_filter_contains_unique_size_u32,0,NVIDIA B200,I64,U32,512,20,1,8,1000000000,4,Yes,,,,,,,,,,
pfp_bloom_filter_contains_unique_size_u32,0,NVIDIA B200,I64,U32,512,20,1,8,1000000000,8,Yes,,,,,,,,,,
pfp_bloom_filter_contains_unique_size_u32,0,NVIDIA B200,I64,U32,512,20,1,8,1000000000,16,Yes,,,,,,,,,,
pfp_bloom_filter_contains_unique_size_u32,0,NVIDIA B200,I64,U32,512,20,1,8,1000000000,32,Yes,,,,,,,,,,
pfp_bloom_filter_contains_unique_size_u32,0,NVIDIA B200,I64,U32,512,20,1,8,1000000000,64,Yes,,,,,,,,,,
pfp_bloom_filter_contains_unique_size_u32,0,NVIDIA B200,I64,U32,512,20,1,8,1000000000,128,Yes,,,,,,,,,,
pfp_bloom_filter_contains_unique_size_u32,0,NVIDIA B200,I64,U32,512,20,1,8,1000000000,256,Yes,,,,,,,,,,
pfp_bloom_filter_contains_unique_size_u32,0,NVIDIA B200,I64,U32,512,20,1,8,1000000000,512,Yes,,,,,,,,,,
pfp_bloom_filter_contains_unique_size_u32,0,NVIDIA B200,I64,U32,512,20,1,8,1000000000,1024,Yes,,,,,,,,,,
pfp_bloom_filter_contains_unique_size_u32,0,NVIDIA B200,I64,U32,512,20,1,8,1000000000,2048,Yes,,,,,,,,,,
pfp_bloom_filter_contains_unique_size_u32,0,NVIDIA B200,I64,U32,512,20,2,1,1000000000,1,Yes,,,,,,,,,,
pfp_bloom_filter_contains_unique_size_u32,0,NVIDIA B200,I64,U32,512,20,2,1,1000000000,2,Yes,,,,,,,,,,
pfp_bloom_filter_contains_unique_size_u32,0,NVIDIA B200,I64,U32,512,20,2,1,1000000000,4,Yes,,,,,,,,,,
pfp_bloom_filter_contains_unique_size_u32,0,NVIDIA B200,I64,U32,512,20,2,1,1000000000,8,Yes,,,,,,,,,,
pfp_bloom_filter_contains_unique_size_u32,0,NVIDIA B200,I64,U32,512,20,2,1,1000000000,16,Yes,,,,,,,,,,
pfp_bloom_filter_contains_unique_size_u32,0,NVIDIA B200,I64,U32,512,20,2,1,1000000000,32,Yes,,,,,,,,,,
pfp_bloom_filter_contains_unique_size_u32,0,NVIDIA B200,I64,U32,512,20,2,1,1000000000,64,Yes,,,,,,,,,,
pfp_bloom_filter_contains_unique_size_u32,0,NVIDIA B200,I64,U32,512,20,2,1,1000000000,128,Yes,,,,,,,,,,
pfp_bloom_filter_contains_unique_size_u32,0,NVIDIA B200,I64,U32,512,20,2,1,1000000000,256,Yes,,,,,,,,,,
pfp_bloom_filter_contains_unique_size_u32,0,NVIDIA B200,I64,U32,512,20,2,1,1000000000,512,Yes,,,,,,,,,,
pfp_bloom_filter_contains_unique_size_u32,0,NVIDIA B200,I64,U32,512,20,2,1,1000000000,1024,Yes,,,,,,,,,,
pfp_bloom_filter_contains_unique_size_u32,0,NVIDIA B200,I64,U32,512,20,2,1,1000000000,2048,Yes,,,,,,,,,,
pfp_bloom_filter_contains_unique_size_u32,0,NVIDIA B200,I64,U32,512,20,2,2,1000000000,1,Yes,,,,,,,,,,
pfp_bloom_filter_contains_unique_size_u32,0,NVIDIA B200,I64,U32,512,20,2,2,1000000000,2,Yes,,,,,,,,,,
pfp_bloom_filter_contains_unique_size_u32,0,NVIDIA B200,I64,U32,512,20,2,2,1000000000,4,Yes,,,,,,,,,,
pfp_bloom_filter_contains_unique_size_u32,0,NVIDIA B200,I64,U32,512,20,2,2,1000000000,8,Yes,,,,,,,,,,
pfp_bloom_filter_contains_unique_size_u32,0,NVIDIA B200,I64,U32,512,20,2,2,1000000000,16,Yes,,,,,,,,,,
pfp_bloom_filter_contains_unique_size_u32,0,NVIDIA B200,I64,U32,512,20,2,2,1000000000,32,Yes,,,,,,,,,,
pfp_bloom_filter_contains_unique_size_u32,0,NVIDIA B200,I64,U32,512,20,2,2,1000000000,64,Yes,,,,,,,,,,
pfp_bloom_filter_contains_unique_size_u32,0,NVIDIA B200,I64,U32,512,20,2,2,1000000000,128,Yes,,,,,,,,,,
pfp_bloom_filter_contains_unique_size_u32,0,NVIDIA B200,I64,U32,512,20,2,2,1000000000,256,Yes,,,,,,,,,,
pfp_bloom_filter_contains_unique_size_u32,0,NVIDIA B200,I64,U32,512,20,2,2,1000000000,512,Yes,,,,,,,,,,
pfp_bloom_filter_contains_unique_size_u32,0,NVIDIA B200,I64,U32,512,20,2,2,1000000000,1024,Yes,,,,,,,,,,
pfp_bloom_filter_contains_unique_size_u32,0,NVIDIA B200,I64,U32,512,20,2,2,1000000000,2048,Yes,,,,,,,,,,
pfp_bloom_filter_contains_unique_size_u32,0,NVIDIA B200,I64,U32,512,20,2,4,1000000000,1,Yes,,,,,,,,,,
pfp_bloom_filter_contains_unique_size_u32,0,NVIDIA B200,I64,U32,512,20,2,4,1000000000,2,Yes,,,,,,,,,,
pfp_bloom_filter_contains_unique_size_u32,0,NVIDIA B200,I64,U32,512,20,2,4,1000000000,4,Yes,,,,,,,,,,
pfp_bloom_filter_contains_unique_size_u32,0,NVIDIA B200,I64,U32,512,20,2,4,1000000000,8,Yes,,,,,,,,,,
pfp_bloom_filter_contains_unique_size_u32,0,NVIDIA B200,I64,U32,512,20,2,4,1000000000,16,Yes,,,,,,,,,,
pfp_bloom_filter_contains_unique_size_u32,0,NVIDIA B200,I64,U32,512,20,2,4,1000000000,32,Yes,,,,,,,,,,
pfp_bloom_filter_contains_unique_size_u32,0,NVIDIA B200,I64,U32,512,20,2,4,1000000000,64,Yes,,,,,,,,,,
pfp_bloom_filter_contains_unique_size_u32,0,NVIDIA B200,I64,U32,512,20,2,4,1000000000,128,Yes,,,,,,,,,,
pfp_bloom_filter_contains_unique_size_u32,0,NVIDIA B200,I64,U32,512,20,2,4,1000000000,256,Yes,,,,,,,,,,
pfp_bloom_filter_contains_unique_size_u32,0,NVIDIA B200,I64,U32,512,20,2,4,1000000000,512,Yes,,,,,,,,,,
pfp_bloom_filter_contains_unique_size_u32,0,NVIDIA B200,I64,U32,512,20,2,4,1000000000,1024,Yes,,,,,,,,,,
pfp_bloom_filter_contains_unique_size_u32,0,NVIDIA B200,I64,U32,512,20,2,4,1000000000,2048,Yes,,,,,,,,,,
pfp_bloom_filter_contains_unique_size_u32,0,NVIDIA B200,I64,U32,512,20,2,8,1000000000,1,Yes,,,,,,,,,,
pfp_bloom_filter_contains_unique_size_u32,0,NVIDIA B200,I64,U32,512,20,2,8,1000000000,2,Yes,,,,,,,,,,
pfp_bloom_filter_contains_unique_size_u32,0,NVIDIA B200,I64,U32,512,20,2,8,1000000000,4,Yes,,,,,,,,,,
pfp_bloom_filter_contains_unique_size_u32,0,NVIDIA B200,I64,U32,512,20,2,8,1000000000,8,Yes,,,,,,,,,,
pfp_bloom_filter_contains_unique_size_u32,0,NVIDIA B200,I64,U32,512,20,2,8,1000000000,16,Yes,,,,,,,,,,
pfp_bloom_filter_contains_unique_size_u32,0,NVIDIA B200,I64,U32,512,20,2,8,1000000000,32,Yes,,,,,,,,,,
pfp_bloom_filter_contains_unique_size_u32,0,NVIDIA B200,I64,U32,512,20,2,8,1000000000,64,Yes,,,,,,,,,,
pfp_bloom_filter_contains_unique_size_u32,0,NVIDIA B200,I64,U32,512,20,2,8,1000000000,128,Yes,,,,,,,,,,
pfp_bloom_filter_contains_unique_size_u32,0,NVIDIA B200,I64,U32,512,20,2,8,1000000000,256,Yes,,,,,,,,,,
pfp_bloom_filter_contains_unique_size_u32,0,NVIDIA B200,I64,U32,512,20,2,8,1000000000,512,Yes,,,,,,,,,,
pfp_bloom_filter_contains_unique_size_u32,0,NVIDIA B200,I64,U32,512,20,2,8,1000000000,1024,Yes,,,,,,,,,,
pfp_bloom_filter_contains_unique_size_u32,0,NVIDIA B200,I64,U32,512,20,2,8,1000000000,2048,Yes,,,,,,,,,,
pfp_bloom_filter_contains_unique_size_u32,0,NVIDIA B200,I64,U32,512,20,4,1,1000000000,1,Yes,,,,,,,,,,
pfp_bloom_filter_contains_unique_size_u32,0,NVIDIA B200,I64,U32,512,20,4,1,1000000000,2,Yes,,,,,,,,,,
pfp_bloom_filter_contains_unique_size_u32,0,NVIDIA B200,I64,U32,512,20,4,1,1000000000,4,Yes,,,,,,,,,,
pfp_bloom_filter_contains_unique_size_u32,0,NVIDIA B200,I64,U32,512,20,4,1,1000000000,8,Yes,,,,,,,,,,
pfp_bloom_filter_contains_unique_size_u32,0,NVIDIA B200,I64,U32,512,20,4,1,1000000000,16,Yes,,,,,,,,,,
pfp_bloom_filter_contains_unique_size_u32,0,NVIDIA B200,I64,U32,512,20,4,1,1000000000,32,Yes,,,,,,,,,,
pfp_bloom_filter_contains_unique_size_u32,0,NVIDIA B200,I64,U32,512,20,4,1,1000000000,64,Yes,,,,,,,,,,
pfp_bloom_filter_contains_unique_size_u32,0,NVIDIA B200,I64,U32,512,20,4,1,1000000000,128,Yes,,,,,,,,,,
pfp_bloom_filter_contains_unique_size_u32,0,NVIDIA B200,I64,U32,512,20,4,1,1000000000,256,Yes,,,,,,,,,,
pfp_bloom_filter_contains_unique_size_u32,0,NVIDIA B200,I64,U32,512,20,4,1,1000000000,512,Yes,,,,,,,,,,
pfp_bloom_filter_contains_unique_size_u32,0,NVIDIA B200,I64,U32,512,20,4,1,1000000000,1024,Yes,,,,,,,,,,
pfp_bloom_filter_contains_unique_size_u32,0,NVIDIA B200,I64,U32,512,20,4,1,1000000000,2048,Yes,,,,,,,,,,
pfp_bloom_filter_contains_unique_size_u32,0,NVIDIA B200,I64,U32,512,20,4,2,1000000000,1,Yes,,,,,,,,,,
pfp_bloom_filter_contains_unique_size_u32,0,NVIDIA B200,I64,U32,512,20,4,2,1000000000,2,Yes,,,,,,,,,,
pfp_bloom_filter_contains_unique_size_u32,0,NVIDIA B200,I64,U32,512,20,4,2,1000000000,4,Yes,,,,,,,,,,
pfp_bloom_filter_contains_unique_size_u32,0,NVIDIA B200,I64,U32,512,20,4,2,1000000000,8,Yes,,,,,,,,,,
pfp_bloom_filter_contains_unique_size_u32,0,NVIDIA B200,I64,U32,512,20,4,2,1000000000,16,Yes,,,,,,,,,,
pfp_bloom_filter_contains_unique_size_u32,0,NVIDIA B200,I64,U32,512,20,4,2,1000000000,32,Yes,,,,,,,,,,
pfp_bloom_filter_contains_unique_size_u32,0,NVIDIA B200,I64,U32,512,20,4,2,1000000000,64,Yes,,,,,,,,,,
pfp_bloom_filter_contains_unique_size_u32,0,NVIDIA B200,I64,U32,512,20,4,2,1000000000,128,Yes,,,,,,,,,,
pfp_bloom_filter_contains_unique_size_u32,0,NVIDIA B200,I64,U32,512,20,4,2,1000000000,256,Yes,,,,,,,,,,
pfp_bloom_filter_contains_unique_size_u32,0,NVIDIA B200,I64,U32,512,20,4,2,1000000000,512,Yes,,,,,,,,,,
pfp_bloom_filter_contains_unique_size_u32,0,NVIDIA B200,I64,U32,512,20,4,2,1000000000,1024,Yes,,,,,,,,,,
pfp_bloom_filter_contains_unique_size_u32,0,NVIDIA B200,I64,U32,512,20,4,2,1000000000,2048,Yes,,,,,,,,,,
pfp_bloom_filter_contains_unique_size_u32,0,NVIDIA B200,I64,U32,512,20,4,4,1000000000,1,Yes,,,,,,,,,,
pfp_bloom_filter_contains_unique_size_u32,0,NVIDIA B200,I64,U32,512,20,4,4,1000000000,2,Yes,,,,,,,,,,
pfp_bloom_filter_contains_unique_size_u32,0,NVIDIA B200,I64,U32,512,20,4,4,1000000000,4,Yes,,,,,,,,,,
pfp_bloom_filter_contains_unique_size_u32,0,NVIDIA B200,I64,U32,512,20,4,4,1000000000,8,Yes,,,,,,,,,,
pfp_bloom_filter_contains_unique_size_u32,0,NVIDIA B200,I64,U32,512,20,4,4,1000000000,16,Yes,,,,,,,,,,
pfp_bloom_filter_contains_unique_size_u32,0,NVIDIA B200,I64,U32,512,20,4,4,1000000000,32,Yes,,,,,,,,,,
pfp_bloom_filter_contains_unique_size_u32,0,NVIDIA B200,I64,U32,512,20,4,4,1000000000,64,Yes,,,,,,,,,,
pfp_bloom_filter_contains_unique_size_u32,0,NVIDIA B200,I64,U32,512,20,4,4,1000000000,128,Yes,,,,,,,,,,
pfp_bloom_filter_contains_unique_size_u32,0,NVIDIA B200,I64,U32,512,20,4,4,1000000000,256,Yes,,,,,,,,,,
pfp_bloom_filter_contains_unique_size_u32,0,NVIDIA B200,I64,U32,512,20,4,4,1000000000,512,Yes,,,,,,,,,,
pfp_bloom_filter_contains_unique_size_u32,0,NVIDIA B200,I64,U32,512,20,4,4,1000000000,1024,Yes,,,,,,,,,,
pfp_bloom_filter_contains_unique_size_u32,0,NVIDIA B200,I64,U32,512,20,4,4,1000000000,2048,Yes,,,,,,,,,,
pfp_bloom_filter_contains_unique_size_u32,0,NVIDIA B200,I64,U32,512,20,4,8,1000000000,1,Yes,,,,,,,,,,
pfp_bloom_filter_contains_unique_size_u32,0,NVIDIA B200,I64,U32,512,20,4,8,1000000000,2,Yes,,,,,,,,,,
pfp_bloom_filter_contains_unique_size_u32,0,NVIDIA B200,I64,U32,512,20,4,8,1000000000,4,Yes,,,,,,,,,,
pfp_bloom_filter_contains_unique_size_u32,0,NVIDIA B200,I64,U32,512,20,4,8,1000000000,8,Yes,,,,,,,,,,
pfp_bloom_filter_contains_unique_size_u32,0,NVIDIA B200,I64,U32,512,20,4,8,1000000000,16,Yes,,,,,,,,,,
pfp_bloom_filter_contains_unique_size_u32,0,NVIDIA B200,I64,U32,512,20,4,8,1000000000,32,Yes,,,,,,,,,,
pfp_bloom_filter_contains_unique_size_u32,0,NVIDIA B200,I64,U32,512,20,4,8,1000000000,64,Yes,,,,,,,,,,
pfp_bloom_filter_contains_unique_size_u32,0,NVIDIA B200,I64,U32,512,20,4,8,1000000000,128,Yes,,,,,,,,,,
pfp_bloom_filter_contains_unique_size_u32,0,NVIDIA B200,I64,U32,512,20,4,8,1000000000,256,Yes,,,,,,,,,,
pfp_bloom_filter_contains_unique_size_u32,0,NVIDIA B200,I64,U32,512,20,4,8,1000000000,512,Yes,,,,,,,,,,
pfp_bloom_filter_contains_unique_size_u32,0,NVIDIA B200,I64,U32,512,20,4,8,1000000000,1024,Yes,,,,,,,,,,
pfp_bloom_filter_contains_unique_size_u32,0,NVIDIA B200,I64,U32,512,20,4,8,1000000000,2048,Yes,,,,,,,,,,
pfp_bloom_filter_contains_unique_size_u32,0,NVIDIA B200,I64,U32,512,20,8,1,1000000000,1,Yes,,,,,,,,,,
pfp_bloom_filter_contains_unique_size_u32,0,NVIDIA B200,I64,U32,512,20,8,1,1000000000,2,Yes,,,,,,,,,,
pfp_bloom_filter_contains_unique_size_u32,0,NVIDIA B200,I64,U32,512,20,8,1,1000000000,4,Yes,,,,,,,,,,
pfp_bloom_filter_contains_unique_size_u32,0,NVIDIA B200,I64,U32,512,20,8,1,1000000000,8,Yes,,,,,,,,,,
pfp_bloom_filter_contains_unique_size_u32,0,NVIDIA B200,I64,U32,512,20,8,1,1000000000,16,Yes,,,,,,,,,,
pfp_bloom_filter_contains_unique_size_u32,0,NVIDIA B200,I64,U32,512,20,8,1,1000000000,32,Yes,,,,,,,,,,
pfp_bloom_filter_contains_unique_size_u32,0,NVIDIA B200,I64,U32,512,20,8,1,1000000000,64,Yes,,,,,,,,,,
pfp_bloom_filter_contains_unique_size_u32,0,NVIDIA B200,I64,U32,512,20,8,1,1000000000,128,Yes,,,,,,,,,,
pfp_bloom_filter_contains_unique_size_u32,0,NVIDIA B200,I64,U32,512,20,8,1,1000000000,256,Yes,,,,,,,,,,
pfp_bloom_filter_contains_unique_size_u32,0,NVIDIA B200,I64,U32,512,20,8,1,1000000000,512,Yes,,,,,,,,,,
pfp_bloom_filter_contains_unique_size_u32,0,NVIDIA B200,I64,U32,512,20,8,1,1000000000,1024,Yes,,,,,,,,,,
pfp_bloom_filter_contains_unique_size_u32,0,NVIDIA B200,I64,U32,512,20,8,1,1000000000,2048,Yes,,,,,,,,,,
pfp_bloom_filter_contains_unique_size_u32,0,NVIDIA B200,I64,U32,512,20,8,2,1000000000,1,Yes,,,,,,,,,,
pfp_bloom_filter_contains_unique_size_u32,0,NVIDIA B200,I64,U32,512,20,8,2,1000000000,2,Yes,,,,,,,,,,
pfp_bloom_filter_contains_unique_size_u32,0,NVIDIA B200,I64,U32,512,20,8,2,1000000000,4,Yes,,,,,,,,,,
pfp_bloom_filter_contains_unique_size_u32,0,NVIDIA B200,I64,U32,512,20,8,2,1000000000,8,Yes,,,,,,,,,,
pfp_bloom_filter_contains_unique_size_u32,0,NVIDIA B200,I64,U32,512,20,8,2,1000000000,16,Yes,,,,,,,,,,
pfp_bloom_filter_contains_unique_size_u32,0,NVIDIA B200,I64,U32,512,20,8,2,1000000000,32,Yes,,,,,,,,,,
pfp_bloom_filter_contains_unique_size_u32,0,NVIDIA B200,I64,U32,512,20,8,2,1000000000,64,Yes,,,,,,,,,,
pfp_bloom_filter_contains_unique_size_u32,0,NVIDIA B200,I64,U32,512,20,8,2,1000000000,128,Yes,,,,,,,,,,
pfp_bloom_filter_contains_unique_size_u32,0,NVIDIA B200,I64,U32,512,20,8,2,1000000000,256,Yes,,,,,,,,,,
pfp_bloom_filter_contains_unique_size_u32,0,NVIDIA B200,I64,U32,512,20,8,2,1000000000,512,Yes,,,,,,,,,,
pfp_bloom_filter_contains_unique_size_u32,0,NVIDIA B200,I64,U32,512,20,8,2,1000000000,1024,Yes,,,,,,,,,,
pfp_bloom_filter_contains_unique_size_u32,0,NVIDIA B200,I64,U32,512,20,8,2,1000000000,2048,Yes,,,,,,,,,,
pfp_bloom_filter_contains_unique_size_u32,0,NVIDIA B200,I64,U32,512,20,8,4,1000000000,1,Yes,,,,,,,,,,
pfp_bloom_filter_contains_unique_size_u32,0,NVIDIA B200,I64,U32,512,20,8,4,1000000000,2,Yes,,,,,,,,,,
pfp_bloom_filter_contains_unique_size_u32,0,NVIDIA B200,I64,U32,512,20,8,4,1000000000,4,Yes,,,,,,,,,,
pfp_bloom_filter_contains_unique_size_u32,0,NVIDIA B200,I64,U32,512,20,8,4,1000000000,8,Yes,,,,,,,,,,
pfp_bloom_filter_contains_unique_size_u32,0,NVIDIA B200,I64,U32,512,20,8,4,1000000000,16,Yes,,,,,,,,,,
pfp_bloom_filter_contains_unique_size_u32,0,NVIDIA B200,I64,U32,512,20,8,4,1000000000,32,Yes,,,,,,,,,,
pfp_bloom_filter_contains_unique_size_u32,0,NVIDIA B200,I64,U32,512,20,8,4,1000000000,64,Yes,,,,,,,,,,
pfp_bloom_filter_contains_unique_size_u32,0,NVIDIA B200,I64,U32,512,20,8,4,1000000000,128,Yes,,,,,,,,,,
pfp_bloom_filter_contains_unique_size_u32,0,NVIDIA B200,I64,U32,512,20,8,4,1000000000,256,Yes,,,,,,,,,,
pfp_bloom_filter_contains_unique_size_u32,0,NVIDIA B200,I64,U32,512,20,8,4,1000000000,512,Yes,,,,,,,,,,
pfp_bloom_filter_contains_unique_size_u32,0,NVIDIA B200,I64,U32,512,20,8,4,1000000000,1024,Yes,,,,,,,,,,
pfp_bloom_filter_contains_unique_size_u32,0,NVIDIA B200,I64,U32,512,20,8,4,1000000000,2048,Yes,,,,,,,,,,
pfp_bloom_filter_contains_unique_size_u32,0,NVIDIA B200,I64,U32,512,20,8,8,1000000000,1,Yes,,,,,,,,,,
pfp_bloom_filter_contains_unique_size_u32,0,NVIDIA B200,I64,U32,512,20,8,8,1000000000,2,Yes,,,,,,,,,,
pfp_bloom_filter_contains_unique_size_u32,0,NVIDIA B200,I64,U32,512,20,8,8,1000000000,4,Yes,,,,,,,,,,
pfp_bloom_filter_contains_unique_size_u32,0,NVIDIA B200,I64,U32,512,20,8,8,1000000000,8,Yes,,,,,,,,,,
pfp_bloom_filter_contains_unique_size_u32,0,NVIDIA B200,I64,U32,512,20,8,8,1000000000,16,Yes,,,,,,,,,,
pfp_bloom_filter_contains_unique_size_u32,0,NVIDIA B200,I64,U32,512,20,8,8,1000000000,32,Yes,,,,,,,,,,
pfp_bloom_filter_contains_unique_size_u32,0,NVIDIA B200,I64,U32,512,20,8,8,1000000000,64,Yes,,,,,,,,,,
pfp_bloom_filter_contains_unique_size_u32,0,NVIDIA B200,I64,U32,512,20,8,8,1000000000,128,Yes,,,,,,,,,,
pfp_bloom_filter_contains_unique_size_u32,0,NVIDIA B200,I64,U32,512,20,8,8,1000000000,256,Yes,,,,,,,,,,
pfp_bloom_filter_contains_unique_size_u32,0,NVIDIA B200,I64,U32,512,20,8,8,1000000000,512,Yes,,,,,,,,,,
pfp_bloom_filter_contains_unique_size_u32,0,NVIDIA B200,I64,U32,512,20,8,8,1000000000,1024,Yes,,,,,,,,,,
pfp_bloom_filter_contains_unique_size_u32,0,NVIDIA B200,I64,U32,512,20,8,8,1000000000,2048,Yes,,,,,,,,,,
