Benchmark,Device,Device Name,Key,Word,BlockBits,PatternBitsPerWord,HorizontalLayout,VerticalLayout,NumInputs,FilterSizeMB,Skipped,FalsePositiveRate,PatternBits,Samples,CPU Time (sec),Noise,GPU Time (sec),Noise,Elem/s (elem/sec),Samples,Batch GPU (sec)
pfp_bloom_filter_contains_unique_size_u32,0,NVIDIA RTX PRO 6000 Blackwell Server Edition,I64,U32,32,1,1,1,1000000000,1,No,0.393433766,1,65,0.007734729984615386,0.00017118816392364643,0.007724842819800746,0.00015198527651183002,129452472150.8565,68,0.007712390675264247
pfp_bloom_filter_contains_unique_size_u32,0,NVIDIA RTX PRO 6000 Blackwell Server Edition,I64,U32,32,1,1,1,1000000000,2,No,0.393446641,1,65,0.00781542743076923,0.00017611570855327147,0.007805429671360897,0.000130818584043395,128115945195.06412,67,0.0077913171568913244
pfp_bloom_filter_contains_unique_size_u32,0,NVIDIA RTX PRO 6000 Blackwell Server Edition,I64,U32,32,1,1,1,1000000000,4,No,0.393453315,1,64,0.007853944906250002,0.00022655557663230498,0.007844340011477473,0.0001678246834324461,127480450686.33517,67,0.007841730374008862
pfp_bloom_filter_contains_unique_size_u32,0,NVIDIA RTX PRO 6000 Blackwell Server Edition,I64,U32,32,1,1,1,1000000000,8,No,0.393441574,1,64,0.007866487390625,0.00025014390021120574,0.007857683889567849,0.00024351572076733517,127263964045.1351,66,0.007882581306226325
pfp_bloom_filter_contains_unique_size_u32,0,NVIDIA RTX PRO 6000 Blackwell Server Edition,I64,U32,32,1,1,1,1000000000,16,No,0.393442645,1,64,0.007893871718750002,0.0015073435558253213,0.007884652510285379,0.0015022924073776393,126828671104.46771,66,0.007916859944661458
pfp_bloom_filter_contains_unique_size_u32,0,NVIDIA RTX PRO 6000 Blackwell Server Edition,I64,U32,32,1,1,1,1000000000,32,No,0.393462448,1,64,0.007933241734375002,0.002413393294593515,0.007923012003302574,0.0024236040503424743,126214626405.1054,66,0.007951297644412878
pfp_bloom_filter_contains_unique_size_u32,0,NVIDIA RTX PRO 6000 Blackwell Server Edition,I64,U32,32,1,1,1,1000000000,64,No,0.393450627,1,63,0.008012054666666666,0.0022831529858941403,0.008002015953972227,0.00229653982966829,124968508654.82175,66,0.007968705610795455
pfp_bloom_filter_contains_unique_size_u32,0,NVIDIA RTX PRO 6000 Blackwell Server Edition,I64,U32,32,1,1,1,1000000000,128,No,0.393470351,1,19,0.02735429163157895,0.0001298987163680148,0.027344286065352587,0.00012512104519059566,36570711614.48536,20,0.02720286626815796
pfp_bloom_filter_contains_unique_size_u32,0,NVIDIA RTX PRO 6000 Blackwell Server Edition,I64,U32,32,1,1,1,1000000000,256,No,0.393477503,1,11,0.056300075000000005,0.00011288548502966507,0.05628986428000711,0.00011370487517292712,17765187619.313152,12,0.05621604665120442
pfp_bloom_filter_contains_unique_size_u32,0,NVIDIA RTX PRO 6000 Blackwell Server Edition,I64,U32,32,1,1,1,1000000000,512,No,0.393462029,1,11,0.06444897900000002,6.198989906134977e-05,0.06443942399458452,6.0841475227203654e-05,15518450321.406347,12,0.06436736106872559
pfp_bloom_filter_contains_unique_size_u32,0,NVIDIA RTX PRO 6000 Blackwell Server Edition,I64,U32,32,1,1,1,1000000000,1024,No,0.393468507,1,11,0.06773518409090909,7.11151302442898e-05,0.06772536121715199,7.405997704382893e-05,14765517407.779318,12,0.067660769144694
pfp_bloom_filter_contains_unique_size_u32,0,NVIDIA RTX PRO 6000 Blackwell Server Edition,I64,U32,32,1,1,1,1000000000,2048,No,0.393467879,1,11,0.06921953072727273,6.445158333000214e-05,0.06920930966463955,6.105713568079654e-05,14448923198.997322,12,0.06913526980082195
pfp_bloom_filter_contains_unique_size_u32,0,NVIDIA RTX PRO 6000 Blackwell Server Edition,I64,U32,32,1,1,2,1000000000,1,Yes,,,,,,,,,,
pfp_bloom_filter_contains_unique_size_u32,0,NVIDIA RTX PRO 6000 Blackwell Server Edition,I64,U32,32,1,1,2,1000000000,2,Yes,,,,,,,,,,
pfp_bloom_filter_contains_unique_size_u32,0,NVIDIA RTX PRO 6000 Blackwell Server Edition,I64,U32,32,1,1,2,1000000000,4,Yes,,,,,,,,,,
pfp_bloom_filter_contains_unique_size_u32,0,NVIDIA RTX PRO 6000 Blackwell Server Edition,I64,U32,32,1,1,2,1000000000,8,Yes,,,,,,,,,,
pfp_bloom_filter_contains_unique_size_u32,0,NVIDIA RTX PRO 6000 Blackwell Server Edition,I64,U32,32,1,1,2,1000000000,16,Yes,,,,,,,,,,
pfp_bloom_filter_contains_unique_size_u32,0,NVIDIA RTX PRO 6000 Blackwell Server Edition,I64,U32,32,1,1,2,1000000000,32,Yes,,,,,,,,,,
pfp_bloom_filter_contains_unique_size_u32,0,NVIDIA RTX PRO 6000 Blackwell Server Edition,I64,U32,32,1,1,2,1000000000,64,Yes,,,,,,,,,,
pfp_bloom_filter_contains_unique_size_u32,0,NVIDIA RTX PRO 6000 Blackwell Server Edition,I64,U32,32,1,1,2,1000000000,128,Yes,,,,,,,,,,
pfp_bloom_filter_contains_unique_size_u32,0,NVIDIA RTX PRO 6000 Blackwell Server Edition,I64,U32,32,1,1,2,1000000000,256,Yes,,,,,,,,,,
pfp_bloom_filter_contains_unique_size_u32,0,NVIDIA RTX PRO 6000 Blackwell Server Edition,I64,U32,32,1,1,2,1000000000,512,Yes,,,,,,,,,,
pfp_bloom_filter_contains_unique_size_u32,0,NVIDIA RTX PRO 6000 Blackwell Server Edition,I64,U32,32,1,1,2,1000000000,1024,Yes,,,,,,,,,,
pfp_bloom_filter_contains_unique_size_u32,0,NVIDIA RTX PRO 6000 Blackwell Server Edition,I64,U32,32,1,1,2,1000000000,2048,Yes,,,,,,,,,,
pfp_bloom_filter_contains_unique_size_u32,0,NVIDIA RTX PRO 6000 Blackwell Server Edition,I64,U32,32,1,1,4,1000000000,1,Yes,,,,,,,,,,
pfp_bloom_filter_contains_unique_size_u32,0,NVIDIA RTX PRO 6000 Blackwell Server Edition,I64,U32,32,1,1,4,1000000000,2,Yes,,,,,,,,,,
pfp_bloom_filter_contains_unique_size_u32,0,NVIDIA RTX PRO 6000 Blackwell Server Edition,I64,U32,32,1,1,4,1000000000,4,Yes,,,,,,,,,,
pfp_bloom_filter_contains_unique_size_u32,0,NVIDIA RTX PRO 6000 Blackwell Server Edition,I64,U32,32,1,1,4,1000000000,8,Yes,,,,,,,,,,
pfp_bloom_filter_contains_unique_size_u32,0,NVIDIA RTX PRO 6000 Blackwell Server Edition,I64,U32,32,1,1,4,1000000000,16,Yes,,,,,,,,,,
pfp_bloom_filter_contains_unique_size_u32,0,NVIDIA RTX PRO 6000 Blackwell Server Edition,I64,U32,32,1,1,4,1000000000,32,Yes,,,,,,,,,,
pfp_bloom_filter_contains_unique_size_u32,0,NVIDIA RTX PRO 6000 Blackwell Server Edition,I64,U32,32,1,1,4,1000000000,64,Yes,,,,,,,,,,
pfp_bloom_filter_contains_unique_size_u32,0,NVIDIA RTX PRO 6000 Blackwell Server Edition,I64,U32,32,1,1,4,1000000000,128,Yes,,,,,,,,,,
pfp_bloom_filter_contains_unique_size_u32,0,NVIDIA RTX PRO 6000 Blackwell Server Edition,I64,U32,32,1,1,4,1000000000,256,Yes,,,,,,,,,,
pfp_bloom_filter_contains_unique_size_u32,0,NVIDIA RTX PRO 6000 Blackwell Server Edition,I64,U32,32,1,1,4,1000000000,512,Yes,,,,,,,,,,
pfp_bloom_filter_contains_unique_size_u32,0,NVIDIA RTX PRO 6000 Blackwell Server Edition,I64,U32,32,1,1,4,1000000000,1024,Yes,,,,,,,,,,
pfp_bloom_filter_contains_unique_size_u32,0,NVIDIA RTX PRO 6000 Blackwell Server Edition,I64,U32,32,1,1,4,1000000000,2048,Yes,,,,,,,,,,
pfp_bloom_filter_contains_unique_size_u32,0,NVIDIA RTX PRO 6000 Blackwell Server Edition,I64,U32,32,1,1,8,1000000000,1,Yes,,,,,,,,,,
pfp_bloom_filter_contains_unique_size_u32,0,NVIDIA RTX PRO 6000 Blackwell Server Edition,I64,U32,32,1,1,8,1000000000,2,Yes,,,,,,,,,,
pfp_bloom_filter_contains_unique_size_u32,0,NVIDIA RTX PRO 6000 Blackwell Server Edition,I64,U32,32,1,1,8,1000000000,4,Yes,,,,,,,,,,
pfp_bloom_filter_contains_unique_size_u32,0,NVIDIA RTX PRO 6000 Blackwell Server Edition,I64,U32,32,1,1,8,1000000000,8,Yes,,,,,,,,,,
pfp_bloom_filter_contains_unique_size_u32,0,NVIDIA RTX PRO 6000 Blackwell Server Edition,I64,U32,32,1,1,8,1000000000,16,Yes,,,,,,,,,,
pfp_bloom_filter_contains_unique_size_u32,0,NVIDIA RTX PRO 6000 Blackwell Server Edition,I64,U32,32,1,1,8,1000000000,32,Yes,,,,,,,,,,
pfp_bloom_filter_contains_unique_size_u32,0,NVIDIA RTX PRO 6000 Blackwell Server Edition,I64,U32,32,1,1,8,1000000000,64,Yes,,,,,,,,,,
pfp_bloom_filter_contains_unique_size_u32,0,NVIDIA RTX PRO 6000 Blackwell Server Edition,I64,U32,32,1,1,8,1000000000,128,Yes,,,,,,,,,,
pfp_bloom_filter_contains_unique_size_u32,0,NVIDIA RTX PRO 6000 Blackwell Server Edition,I64,U32,32,1,1,8,1000000000,256,Yes,,,,,,,,,,
pfp_bloom_filter_contains_unique_size_u32,0,NVIDIA RTX PRO 6000 Blackwell Server Edition,I64,U32,32,1,1,8,1000000000,512,Yes,,,,,,,,,,
pfp_bloom_filter_contains_unique_size_u32,0,NVIDIA RTX PRO 6000 Blackwell Server Edition,I64,U32,32,1,1,8,1000000000,1024,Yes,,,,,,,,,,
pfp_bloom_filter_contains_unique_size_u32,0,NVIDIA RTX PRO 6000 Blackwell Server Edition,I64,U32,32,1,1,8,1000000000,2048,Yes,,,,,,,,,,
pfp_bloom_filter_contains_unique_size_u32,0,NVIDIA RTX PRO 6000 Blackwell Server Edition,I64,U32,32,1,2,1,1000000000,1,Yes,,,,,,,,,,
pfp_bloom_filter_contains_unique_size_u32,0,NVIDIA RTX PRO 6000 Blackwell Server Edition,I64,U32,32,1,2,1,1000000000,2,Yes,,,,,,,,,,
pfp_bloom_filter_contains_unique_size_u32,0,NVIDIA RTX PRO 6000 Blackwell Server Edition,I64,U32,32,1,2,1,1000000000,4,Yes,,,,,,,,,,
pfp_bloom_filter_contains_unique_size_u32,0,NVIDIA RTX PRO 6000 Blackwell Server Edition,I64,U32,32,1,2,1,1000000000,8,Yes,,,,,,,,,,
pfp_bloom_filter_contains_unique_size_u32,0,NVIDIA RTX PRO 6000 Blackwell Server Edition,I64,U32,32,1,2,1,1000000000,16,Yes,,,,,,,,,,
pfp_bloom_filter_contains_unique_size_u32,0,NVIDIA RTX PRO 6000 Blackwell Server Edition,I64,U32,32,1,2,1,1000000000,32,Yes,,,,,,,,,,
pfp_bloom_filter_contains_unique_size_u32,0,NVIDIA RTX PRO 6000 Blackwell Server Edition,I64,U32,32,1,2,1,1000000000,64,Yes,,,,,,,,,,
pfp_bloom_filter_contains_unique_size_u32,0,NVIDIA RTX PRO 6000 Blackwell Server Edition,I64,U32,32,1,2,1,1000000000,128,Yes,,,,,,,,,,
pfp_bloom_filter_contains_unique_size_u32,0,NVIDIA RTX PRO 6000 Blackwell Server Edition,I64,U32,32,1,2,1,1000000000,256,Yes,,,,,,,,,,
pfp_bloom_filter_contains_unique_size_u32,0,NVIDIA RTX PRO 6000 Blackwell Server Edition,I64,U32,32,1,2,1,1000000000,512,Yes,,,,,,,,,,
pfp_bloom_filter_contains_unique_size_u32,0,NVIDIA RTX PRO 6000 Blackwell Server Edition,I64,U32,32,1,2,1,1000000000,1024,Yes,,,,,,,,,,
pfp_bloom_filter_contains_unique_size_u32,0,NVIDIA RTX PRO 6000 Blackwell Server Edition,I64,U32,32,1,2,1,1000000000,2048,Yes,,,,,,,,,,
pfp_bloom_filter_contains_unique_size_u32,0,NVIDIA RTX PRO 6000 Blackwell Server Edition,I64,U32,32,1,2,2,1000000000,1,Yes,,,,,,,,,,
pfp_bloom_filter_contains_unique_size_u32,0,NVIDIA RTX PRO 6000 Blackwell Server Edition,I64,U32,32,1,2,2,1000000000,2,Yes,,,,,,,,,,
pfp_bloom_filter_contains_unique_size_u32,0,NVIDIA RTX PRO 6000 Blackwell Server Edition,I64,U32,32,1,2,2,1000000000,4,Yes,,,,,,,,,,
pfp_bloom_filter_contains_unique_size_u32,0,NVIDIA RTX PRO 6000 Blackwell Server Edition,I64,U32,32,1,2,2,1000000000,8,Yes,,,,,,,,,,
pfp_bloom_filter_contains_unique_size_u32,0,NVIDIA RTX PRO 6000 Blackwell Server Edition,I64,U32,32,1,2,2,1000000000,16,Yes,,,,,,,,,,
pfp_bloom_filter_contains_unique_size_u32,0,NVIDIA RTX PRO 6000 Blackwell Server Edition,I64,U32,32,1,2,2,1000000000,32,Yes,,,,,,,,,,
pfp_bloom_filter_contains_unique_size_u32,0,NVIDIA RTX PRO 6000 Blackwell Server Edition,I64,U32,32,1,2,2,1000000000,64,Yes,,,,,,,,,,
pfp_bloom_filter_contains_unique_size_u32,0,NVIDIA RTX PRO 6000 Blackwell Server Edition,I64,U32,32,1,2,2,1000000000,128,Yes,,,,,,,,,,
pfp_bloom_filter_contains_unique_size_u32,0,NVIDIA RTX PRO 6000 Blackwell Server Edition,I64,U32,32,1,2,2,1000000000,256,Yes,,,,,,,,,,
pfp_bloom_filter_contains_unique_size_u32,0,NVIDIA RTX PRO 6000 Blackwell Server Edition,I64,U32,32,1,2,2,1000000000,512,Yes,,,,,,,,,,
pfp_bloom_filter_contains_unique_size_u32,0,NVIDIA RTX PRO 6000 Blackwell Server Edition,I64,U32,32,1,2,2,1000000000,1024,Yes,,,,,,,,,,
pfp_bloom_filter_contains_unique_size_u32,0,NVIDIA RTX PRO 6000 Blackwell Server Edition,I64,U32,32,1,2,2,1000000000,2048,Yes,,,,,,,,,,
pfp_bloom_filter_contains_unique_size_u32,0,NVIDIA RTX PRO 6000 Blackwell Server Edition,I64,U32,32,1,2,4,1000000000,1,Yes,,,,,,,,,,
pfp_bloom_filter_contains_unique_size_u32,0,NVIDIA RTX PRO 6000 Blackwell Server Edition,I64,U32,32,1,2,4,1000000000,2,Yes,,,,,,,,,,
pfp_bloom_filter_contains_unique_size_u32,0,NVIDIA RTX PRO 6000 Blackwell Server Edition,I64,U32,32,1,2,4,1000000000,4,Yes,,,,,,,,,,
pfp_bloom_filter_contains_unique_size_u32,0,NVIDIA RTX PRO 6000 Blackwell Server Edition,I64,U32,32,1,2,4,1000000000,8,Yes,,,,,,,,,,
pfp_bloom_filter_contains_unique_size_u32,0,NVIDIA RTX PRO 6000 Blackwell Server Edition,I64,U32,32,1,2,4,1000000000,16,Yes,,,,,,,,,,
pfp_bloom_filter_contains_unique_size_u32,0,NVIDIA RTX PRO 6000 Blackwell Server Edition,I64,U32,32,1,2,4,1000000000,32,Yes,,,,,,,,,,
pfp_bloom_filter_contains_unique_size_u32,0,NVIDIA RTX PRO 6000 Blackwell Server Edition,I64,U32,32,1,2,4,1000000000,64,Yes,,,,,,,,,,
pfp_bloom_filter_contains_unique_size_u32,0,NVIDIA RTX PRO 6000 Blackwell Server Edition,I64,U32,32,1,2,4,1000000000,128,Yes,,,,,,,,,,
pfp_bloom_filter_contains_unique_size_u32,0,NVIDIA RTX PRO 6000 Blackwell Server Edition,I64,U32,32,1,2,4,1000000000,256,Yes,,,,,,,,,,
pfp_bloom_filter_contains_unique_size_u32,0,NVIDIA RTX PRO 6000 Blackwell Server Edition,I64,U32,32,1,2,4,1000000000,512,Yes,,,,,,,,,,
pfp_bloom_filter_contains_unique_size_u32,0,NVIDIA RTX PRO 6000 Blackwell Server Edition,I64,U32,32,1,2,4,1000000000,1024,Yes,,,,,,,,,,
pfp_bloom_filter_contains_unique_size_u32,0,NVIDIA RTX PRO 6000 Blackwell Server Edition,I64,U32,32,1,2,4,1000000000,2048,Yes,,,,,,,,,,
pfp_bloom_filter_contains_unique_size_u32,0,NVIDIA RTX PRO 6000 Blackwell Server Edition,I64,U32,32,1,2,8,1000000000,1,Yes,,,,,,,,,,
pfp_bloom_filter_contains_unique_size_u32,0,NVIDIA RTX PRO 6000 Blackwell Server Edition,I64,U32,32,1,2,8,1000000000,2,Yes,,,,,,,,,,
pfp_bloom_filter_contains_unique_size_u32,0,NVIDIA RTX PRO 6000 Blackwell Server Edition,I64,U32,32,1,2,8,1000000000,4,Yes,,,,,,,,,,
pfp_bloom_filter_contains_unique_size_u32,0,NVIDIA RTX PRO 6000 Blackwell Server Edition,I64,U32,32,1,2,8,1000000000,8,Yes,,,,,,,,,,
pfp_bloom_filter_contains_unique_size_u32,0,NVIDIA RTX PRO 6000 Blackwell Server Edition,I64,U32,32,1,2,8,1000000000,16,Yes,,,,,,,,,,
pfp_bloom_filter_contains_unique_size_u32,0,NVIDIA RTX PRO 6000 Blackwell Server Edition,I64,U32,32,1,2,8,1000000000,32,Yes,,,,,,,,,,
pfp_bloom_filter_contains_unique_size_u32,0,NVIDIA RTX PRO 6000 Blackwell Server Edition,I64,U32,32,1,2,8,1000000000,64,Yes,,,,,,,,,,
pfp_bloom_filter_contains_unique_size_u32,0,NVIDIA RTX PRO 6000 Blackwell Server Edition,I64,U32,32,1,2,8,1000000000,128,Yes,,,,,,,,,,
pfp_bloom_filter_contains_unique_size_u32,0,NVIDIA RTX PRO 6000 Blackwell Server Edition,I64,U32,32,1,2,8,1000000000,256,Yes,,,,,,,,,,
pfp_bloom_filter_contains_unique_size_u32,0,NVIDIA RTX PRO 6000 Blackwell Server Edition,I64,U32,32,1,2,8,1000000000,512,Yes,,,,,,,,,,
pfp_bloom_filter_contains_unique_size_u32,0,NVIDIA RTX PRO 6000 Blackwell Server Edition,I64,U32,32,1,2,8,1000000000,1024,Yes,,,,,,,,,,
pfp_bloom_filter_contains_unique_size_u32,0,NVIDIA RTX PRO 6000 Blackwell Server Edition,I64,U32,32,1,2,8,1000000000,2048,Yes,,,,,,,,,,
pfp_bloom_filter_contains_unique_size_u32,0,NVIDIA RTX PRO 6000 Blackwell Server Edition,I64,U32,32,1,4,1,1000000000,1,Yes,,,,,,,,,,
pfp_bloom_filter_contains_unique_size_u32,0,NVIDIA RTX PRO 6000 Blackwell Server Edition,I64,U32,32,1,4,1,1000000000,2,Yes,,,,,,,,,,
pfp_bloom_filter_contains_unique_size_u32,0,NVIDIA RTX PRO 6000 Blackwell Server Edition,I64,U32,32,1,4,1,1000000000,4,Yes,,,,,,,,,,
pfp_bloom_filter_contains_unique_size_u32,0,NVIDIA RTX PRO 6000 Blackwell Server Edition,I64,U32,32,1,4,1,1000000000,8,Yes,,,,,,,,,,
pfp_bloom_filter_contains_unique_size_u32,0,NVIDIA RTX PRO 6000 Blackwell Server Edition,I64,U32,32,1,4,1,1000000000,16,Yes,,,,,,,,,,
pfp_bloom_filter_contains_unique_size_u32,0,NVIDIA RTX PRO 6000 Blackwell Server Edition,I64,U32,32,1,4,1,1000000000,32,Yes,,,,,,,,,,
pfp_bloom_filter_contains_unique_size_u32,0,NVIDIA RTX PRO 6000 Blackwell Server Edition,I64,U32,32,1,4,1,1000000000,64,Yes,,,,,,,,,,
pfp_bloom_filter_contains_unique_size_u32,0,NVIDIA RTX PRO 6000 Blackwell Server Edition,I64,U32,32,1,4,1,1000000000,128,Yes,,,,,,,,,,
pfp_bloom_filter_contains_unique_size_u32,0,NVIDIA RTX PRO 6000 Blackwell Server Edition,I64,U32,32,1,4,1,1000000000,256,Yes,,,,,,,,,,
pfp_bloom_filter_contains_unique_size_u32,0,NVIDIA RTX PRO 6000 Blackwell Server Edition,I64,U32,32,1,4,1,1000000000,512,Yes,,,,,,,,,,
pfp_bloom_filter_contains_unique_size_u32,0,NVIDIA RTX PRO 6000 Blackwell Server Edition,I64,U32,32,1,4,1,1000000000,1024,Yes,,,,,,,,,,
pfp_bloom_filter_contains_unique_size_u32,0,NVIDIA RTX PRO 6000 Blackwell Server Edition,I64,U32,32,1,4,1,1000000000,2048,Yes,,,,,,,,,,
pfp_bloom_filter_contains_unique_size_u32,0,NVIDIA RTX PRO 6000 Blackwell Server Edition,I64,U32,32,1,4,2,1000000000,1,Yes,,,,,,,,,,
pfp_bloom_filter_contains_unique_size_u32,0,NVIDIA RTX PRO 6000 Blackwell Server Edition,I64,U32,32,1,4,2,1000000000,2,Yes,,,,,,,,,,
pfp_bloom_filter_contains_unique_size_u32,0,NVIDIA RTX PRO 6000 Blackwell Server Edition,I64,U32,32,1,4,2,1000000000,4,Yes,,,,,,,,,,
pfp_bloom_filter_contains_unique_size_u32,0,NVIDIA RTX PRO 6000 Blackwell Server Edition,I64,U32,32,1,4,2,1000000000,8,Yes,,,,,,,,,,
pfp_bloom_filter_contains_unique_size_u32,0,NVIDIA RTX PRO 6000 Blackwell Server Edition,I64,U32,32,1,4,2,1000000000,16,Yes,,,,,,,,,,
pfp_bloom_filter_contains_unique_size_u32,0,NVIDIA RTX PRO 6000 Blackwell Server Edition,I64,U32,32,1,4,2,1000000000,32,Yes,,,,,,,,,,
pfp_bloom_filter_contains_unique_size_u32,0,NVIDIA RTX PRO 6000 Blackwell Server Edition,I64,U32,32,1,4,2,1000000000,64,Yes,,,,,,,,,,
pfp_bloom_filter_contains_unique_size_u32,0,NVIDIA RTX PRO 6000 Blackwell Server Edition,I64,U32,32,1,4,2,1000000000,128,Yes,,,,,,,,,,
pfp_bloom_filter_contains_unique_size_u32,0,NVIDIA RTX PRO 6000 Blackwell Server Edition,I64,U32,32,1,4,2,1000000000,256,Yes,,,,,,,,,,
pfp_bloom_filter_contains_unique_size_u32,0,NVIDIA RTX PRO 6000 Blackwell Server Edition,I64,U32,32,1,4,2,1000000000,512,Yes,,,,,,,,,,
pfp_bloom_filter_contains_unique_size_u32,0,NVIDIA RTX PRO 6000 Blackwell Server Edition,I64,U32,32,1,4,2,1000000000,1024,Yes,,,,,,,,,,
pfp_bloom_filter_contains_unique_size_u32,0,NVIDIA RTX PRO 6000 Blackwell Server Edition,I64,U32,32,1,4,2,1000000000,2048,Yes,,,,,,,,,,
pfp_bloom_filter_contains_unique_size_u32,0,NVIDIA RTX PRO 6000 Blackwell Server Edition,I64,U32,32,1,4,4,1000000000,1,Yes,,,,,,,,,,
pfp_bloom_filter_contains_unique_size_u32,0,NVIDIA RTX PRO 6000 Blackwell Server Edition,I64,U32,32,1,4,4,1000000000,2,Yes,,,,,,,,,,
pfp_bloom_filter_contains_unique_size_u32,0,NVIDIA RTX PRO 6000 Blackwell Server Edition,I64,U32,32,1,4,4,1000000000,4,Yes,,,,,,,,,,
pfp_bloom_filter_contains_unique_size_u32,0,NVIDIA RTX PRO 6000 Blackwell Server Edition,I64,U32,32,1,4,4,1000000000,8,Yes,,,,,,,,,,
pfp_bloom_filter_contains_unique_size_u32,0,NVIDIA RTX PRO 6000 Blackwell Server Edition,I64,U32,32,1,4,4,1000000000,16,Yes,,,,,,,,,,
pfp_bloom_filter_contains_unique_size_u32,0,NVIDIA RTX PRO 6000 Blackwell Server Edition,I64,U32,32,1,4,4,1000000000,32,Yes,,,,,,,,,,
pfp_bloom_filter_contains_unique_size_u32,0,NVIDIA RTX PRO 6000 Blackwell Server Edition,I64,U32,32,1,4,4,1000000000,64,Yes,,,,,,,,,,
pfp_bloom_filter_contains_unique_size_u32,0,NVIDIA RTX PRO 6000 Blackwell Server Edition,I64,U32,32,1,4,4,1000000000,128,Yes,,,,,,,,,,
pfp_bloom_filter_contains_unique_size_u32,0,NVIDIA RTX PRO 6000 Blackwell Server Edition,I64,U32,32,1,4,4,1000000000,256,Yes,,,,,,,,,,
pfp_bloom_filter_contains_unique_size_u32,0,NVIDIA RTX PRO 6000 Blackwell Server Edition,I64,U32,32,1,4,4,1000000000,512,Yes,,,,,,,,,,
pfp_bloom_filter_contains_unique_size_u32,0,NVIDIA RTX PRO 6000 Blackwell Server Edition,I64,U32,32,1,4,4,1000000000,1024,Yes,,,,,,,,,,
pfp_bloom_filter_contains_unique_size_u32,0,NVIDIA RTX PRO 6000 Blackwell Server Edition,I64,U32,32,1,4,4,1000000000,2048,Yes,,,,,,,,,,
pfp_bloom_filter_contains_unique_size_u32,0,NVIDIA RTX PRO 6000 Blackwell Server Edition,I64,U32,32,1,4,8,1000000000,1,Yes,,,,,,,,,,
pfp_bloom_filter_contains_unique_size_u32,0,NVIDIA RTX PRO 6000 Blackwell Server Edition,I64,U32,32,1,4,8,1000000000,2,Yes,,,,,,,,,,
pfp_bloom_filter_contains_unique_size_u32,0,NVIDIA RTX PRO 6000 Blackwell Server Edition,I64,U32,32,1,4,8,1000000000,4,Yes,,,,,,,,,,
pfp_bloom_filter_contains_unique_size_u32,0,NVIDIA RTX PRO 6000 Blackwell Server Edition,I64,U32,32,1,4,8,1000000000,8,Yes,,,,,,,,,,
pfp_bloom_filter_contains_unique_size_u32,0,NVIDIA RTX PRO 6000 Blackwell Server Edition,I64,U32,32,1,4,8,1000000000,16,Yes,,,,,,,,,,
pfp_bloom_filter_contains_unique_size_u32,0,NVIDIA RTX PRO 6000 Blackwell Server Edition,I64,U32,32,1,4,8,1000000000,32,Yes,,,,,,,,,,
pfp_bloom_filter_contains_unique_size_u32,0,NVIDIA RTX PRO 6000 Blackwell Server Edition,I64,U32,32,1,4,8,1000000000,64,Yes,,,,,,,,,,
pfp_bloom_filter_contains_unique_size_u32,0,NVIDIA RTX PRO 6000 Blackwell Server Edition,I64,U32,32,1,4,8,1000000000,128,Yes,,,,,,,,,,
pfp_bloom_filter_contains_unique_size_u32,0,NVIDIA RTX PRO 6000 Blackwell Server Edition,I64,U32,32,1,4,8,1000000000,256,Yes,,,,,,,,,,
pfp_bloom_filter_contains_unique_size_u32,0,NVIDIA RTX PRO 6000 Blackwell Server Edition,I64,U32,32,1,4,8,1000000000,512,Yes,,,,,,,,,,
pfp_bloom_filter_contains_unique_size_u32,0,NVIDIA RTX PRO 6000 Blackwell Server Edition,I64,U32,32,1,4,8,1000000000,1024,Yes,,,,,,,,,,
pfp_bloom_filter_contains_unique_size_u32,0,NVIDIA RTX PRO 6000 Blackwell Server Edition,I64,U32,32,1,4,8,1000000000,2048,Yes,,,,,,,,,,
pfp_bloom_filter_contains_unique_size_u32,0,NVIDIA RTX PRO 6000 Blackwell Server Edition,I64,U32,32,1,8,1,1000000000,1,Yes,,,,,,,,,,
pfp_bloom_filter_contains_unique_size_u32,0,NVIDIA RTX PRO 6000 Blackwell Server Edition,I64,U32,32,1,8,1,1000000000,2,Yes,,,,,,,,,,
pfp_bloom_filter_contains_unique_size_u32,0,NVIDIA RTX PRO 6000 Blackwell Server Edition,I64,U32,32,1,8,1,1000000000,4,Yes,,,,,,,,,,
pfp_bloom_filter_contains_unique_size_u32,0,NVIDIA RTX PRO 6000 Blackwell Server Edition,I64,U32,32,1,8,1,1000000000,8,Yes,,,,,,,,,,
pfp_bloom_filter_contains_unique_size_u32,0,NVIDIA RTX PRO 6000 Blackwell Server Edition,I64,U32,32,1,8,1,1000000000,16,Yes,,,,,,,,,,
pfp_bloom_filter_contains_unique_size_u32,0,NVIDIA RTX PRO 6000 Blackwell Server Edition,I64,U32,32,1,8,1,1000000000,32,Yes,,,,,,,,,,
pfp_bloom_filter_contains_unique_size_u32,0,NVIDIA RTX PRO 6000 Blackwell Server Edition,I64,U32,32,1,8,1,1000000000,64,Yes,,,,,,,,,,
pfp_bloom_filter_contains_unique_size_u32,0,NVIDIA RTX PRO 6000 Blackwell Server Edition,I64,U32,32,1,8,1,1000000000,128,Yes,,,,,,,,,,
pfp_bloom_filter_contains_unique_size_u32,0,NVIDIA RTX PRO 6000 Blackwell Server Edition,I64,U32,32,1,8,1,1000000000,256,Yes,,,,,,,,,,
pfp_bloom_filter_contains_unique_size_u32,0,NVIDIA RTX PRO 6000 Blackwell Server Edition,I64,U32,32,1,8,1,1000000000,512,Yes,,,,,,,,,,
pfp_bloom_filter_contains_unique_size_u32,0,NVIDIA RTX PRO 6000 Blackwell Server Edition,I64,U32,32,1,8,1,1000000000,1024,Yes,,,,,,,,,,
pfp_bloom_filter_contains_unique_size_u32,0,NVIDIA RTX PRO 6000 Blackwell Server Edition,I64,U32,32,1,8,1,1000000000,2048,Yes,,,,,,,,,,
pfp_bloom_filter_contains_unique_size_u32,0,NVIDIA RTX PRO 6000 Blackwell Server Edition,I64,U32,32,1,8,2,1000000000,1,Yes,,,,,,,,,,
pfp_bloom_filter_contains_unique_size_u32,0,NVIDIA RTX PRO 6000 Blackwell Server Edition,I64,U32,32,1,8,2,1000000000,2,Yes,,,,,,,,,,
pfp_bloom_filter_contains_unique_size_u32,0,NVIDIA RTX PRO 6000 Blackwell Server Edition,I64,U32,32,1,8,2,1000000000,4,Yes,,,,,,,,,,
pfp_bloom_filter_contains_unique_size_u32,0,NVIDIA RTX PRO 6000 Blackwell Server Edition,I64,U32,32,1,8,2,1000000000,8,Yes,,,,,,,,,,
pfp_bloom_filter_contains_unique_size_u32,0,NVIDIA RTX PRO 6000 Blackwell Server Edition,I64,U32,32,1,8,2,1000000000,16,Yes,,,,,,,,,,
pfp_bloom_filter_contains_unique_size_u32,0,NVIDIA RTX PRO 6000 Blackwell Server Edition,I64,U32,32,1,8,2,1000000000,32,Yes,,,,,,,,,,
pfp_bloom_filter_contains_unique_size_u32,0,NVIDIA RTX PRO 6000 Blackwell Server Edition,I64,U32,32,1,8,2,1000000000,64,Yes,,,,,,,,,,
pfp_bloom_filter_contains_unique_size_u32,0,NVIDIA RTX PRO 6000 Blackwell Server Edition,I64,U32,32,1,8,2,1000000000,128,Yes,,,,,,,,,,
pfp_bloom_filter_contains_unique_size_u32,0,NVIDIA RTX PRO 6000 Blackwell Server Edition,I64,U32,32,1,8,2,1000000000,256,Yes,,,,,,,,,,
pfp_bloom_filter_contains_unique_size_u32,0,NVIDIA RTX PRO 6000 Blackwell Server Edition,I64,U32,32,1,8,2,1000000000,512,Yes,,,,,,,,,,
pfp_bloom_filter_contains_unique_size_u32,0,NVIDIA RTX PRO 6000 Blackwell Server Edition,I64,U32,32,1,8,2,1000000000,1024,Yes,,,,,,,,,,
pfp_bloom_filter_contains_unique_size_u32,0,NVIDIA RTX PRO 6000 Blackwell Server Edition,I64,U32,32,1,8,2,1000000000,2048,Yes,,,,,,,,,,
pfp_bloom_filter_contains_unique_size_u32,0,NVIDIA RTX PRO 6000 Blackwell Server Edition,I64,U32,32,1,8,4,1000000000,1,Yes,,,,,,,,,,
pfp_bloom_filter_contains_unique_size_u32,0,NVIDIA RTX PRO 6000 Blackwell Server Edition,I64,U32,32,1,8,4,1000000000,2,Yes,,,,,,,,,,
pfp_bloom_filter_contains_unique_size_u32,0,NVIDIA RTX PRO 6000 Blackwell Server Edition,I64,U32,32,1,8,4,1000000000,4,Yes,,,,,,,,,,
pfp_bloom_filter_contains_unique_size_u32,0,NVIDIA RTX PRO 6000 Blackwell Server Edition,I64,U32,32,1,8,4,1000000000,8,Yes,,,,,,,,,,
pfp_bloom_filter_contains_unique_size_u32,0,NVIDIA RTX PRO 6000 Blackwell Server Edition,I64,U32,32,1,8,4,1000000000,16,Yes,,,,,,,,,,
pfp_bloom_filter_contains_unique_size_u32,0,NVIDIA RTX PRO 6000 Blackwell Server Edition,I64,U32,32,1,8,4,1000000000,32,Yes,,,,,,,,,,
pfp_bloom_filter_contains_unique_size_u32,0,NVIDIA RTX PRO 6000 Blackwell Server Edition,I64,U32,32,1,8,4,1000000000,64,Yes,,,,,,,,,,
pfp_bloom_filter_contains_unique_size_u32,0,NVIDIA RTX PRO 6000 Blackwell Server Edition,I64,U32,32,1,8,4,1000000000,128,Yes,,,,,,,,,,
pfp_bloom_filter_contains_unique_size_u32,0,NVIDIA RTX PRO 6000 Blackwell Server Edition,I64,U32,32,1,8,4,1000000000,256,Yes,,,,,,,,,,
pfp_bloom_filter_contains_unique_size_u32,0,NVIDIA RTX PRO 6000 Blackwell Server Edition,I64,U32,32,1,8,4,1000000000,512,Yes,,,,,,,,,,
pfp_bloom_filter_contains_unique_size_u32,0,NVIDIA RTX PRO 6000 Blackwell Server Edition,I64,U32,32,1,8,4,1000000000,1024,Yes,,,,,,,,,,
pfp_bloom_filter_contains_unique_size_u32,0,NVIDIA RTX PRO 6000 Blackwell Server Edition,I64,U32,32,1,8,4,1000000000,2048,Yes,,,,,,,,,,
pfp_bloom_filter_contains_unique_size_u32,0,NVIDIA RTX PRO 6000 Blackwell Server Edition,I64,U32,32,1,8,8,1000000000,1,Yes,,,,,,,,,,
pfp_bloom_filter_contains_unique_size_u32,0,NVIDIA RTX PRO 6000 Blackwell Server Edition,I64,U32,32,1,8,8,1000000000,2,Yes,,,,,,,,,,
pfp_bloom_filter_contains_unique_size_u32,0,NVIDIA RTX PRO 6000 Blackwell Server Edition,I64,U32,32,1,8,8,1000000000,4,Yes,,,,,,,,,,
pfp_bloom_filter_contains_unique_size_u32,0,NVIDIA RTX PRO 6000 Blackwell Server Edition,I64,U32,32,1,8,8,1000000000,8,Yes,,,,,,,,,,
pfp_bloom_filter_contains_unique_size_u32,0,NVIDIA RTX PRO 6000 Blackwell Server Edition,I64,U32,32,1,8,8,1000000000,16,Yes,,,,,,,,,,
pfp_bloom_filter_contains_unique_size_u32,0,NVIDIA RTX PRO 6000 Blackwell Server Edition,I64,U32,32,1,8,8,1000000000,32,Yes,,,,,,,,,,
pfp_bloom_filter_contains_unique_size_u32,0,NVIDIA RTX PRO 6000 Blackwell Server Edition,I64,U32,32,1,8,8,1000000000,64,Yes,,,,,,,,,,
pfp_bloom_filter_contains_unique_size_u32,0,NVIDIA RTX PRO 6000 Blackwell Server Edition,I64,U32,32,1,8,8,1000000000,128,Yes,,,,,,,,,,
pfp_bloom_filter_contains_unique_size_u32,0,NVIDIA RTX PRO 6000 Blackwell Server Edition,I64,U32,32,1,8,8,1000000000,256,Yes,,,,,,,,,,
pfp_bloom_filter_contains_unique_size_u32,0,NVIDIA RTX PRO 6000 Blackwell Server Edition,I64,U32,32,1,8,8,1000000000,512,Yes,,,,,,,,,,
pfp_bloom_filter_contains_unique_size_u32,0,NVIDIA RTX PRO 6000 Blackwell Server Edition,I64,U32,32,1,8,8,1000000000,1024,Yes,,,,,,,,,,
pfp_bloom_filter_contains_unique_size_u32,0,NVIDIA RTX PRO 6000 Blackwell Server Edition,I64,U32,32,1,8,8,1000000000,2048,Yes,,,,,,,,,,
pfp_bloom_filter_contains_unique_size_u32,0,NVIDIA RTX PRO 6000 Blackwell Server Edition,I64,U32,32,20,1,1,1000000000,1,No,0.006238889,20,65,0.007775870830769234,0.006039356440450679,0.007765861415863038,0.006033032931694198,128768715593.78293,67,0.007856983697236475
pfp_bloom_filter_contains_unique_size_u32,0,NVIDIA RTX PRO 6000 Blackwell Server Edition,I64,U32,32,20,1,1,1000000000,2,No,0.006205391,20,64,0.00789347703125,0.007064225823120518,0.007884320989251138,0.007073768365255841,126834004014.21013,66,0.00794707697088068
pfp_bloom_filter_contains_unique_size_u32,0,NVIDIA RTX PRO 6000 Blackwell Server Edition,I64,U32,32,20,1,1,1000000000,4,No,0.006247937,20,63,0.007954699761904764,0.008319172439519955,0.007944893466101752,0.008336654843402331,125867011844.35904,65,0.008010137469951923
pfp_bloom_filter_contains_unique_size_u32,0,NVIDIA RTX PRO 6000 Blackwell Server Edition,I64,U32,32,20,1,1,1000000000,8,No,0.006263251,20,63,0.00800306726984127,0.008458836413193394,0.007992835559542213,0.008464040604413641,125112044724.37247,65,0.008039675668569713
pfp_bloom_filter_contains_unique_size_u32,0,NVIDIA RTX PRO 6000 Blackwell Server Edition,I64,U32,32,20,1,1,1000000000,16,No,0.006235924,20,63,0.008010164365079366,0.008981912089365274,0.007999979707929823,0.008995051116336167,125000317064.40074,65,0.008058485764723558
pfp_bloom_filter_contains_unique_size_u32,0,NVIDIA RTX PRO 6000 Blackwell Server Edition,I64,U32,32,20,1,1,1000000000,32,No,0.006282138,20,63,0.008058588333333332,0.009515370685729385,0.008049677720145572,0.009530817379104424,124228575946.25737,65,0.00807655498798077
pfp_bloom_filter_contains_unique_size_u32,0,NVIDIA RTX PRO 6000 Blackwell Server Edition,I64,U32,32,20,1,1,1000000000,64,No,0.006265665,20,62,0.008142232677419358,0.00938142211246488,0.008132509385385825,0.009392944359730034,122963276476.13992,65,0.008087440842848558
pfp_bloom_filter_contains_unique_size_u32,0,NVIDIA RTX PRO 6000 Blackwell Server Edition,I64,U32,32,20,1,1,1000000000,128,No,0.006252552,20,19,0.027439222736842107,0.00015688534284067574,0.027429128345690282,0.00016390874069488693,36457593088.52124,20,0.027287551403045656
pfp_bloom_filter_contains_unique_size_u32,0,NVIDIA RTX PRO 6000 Blackwell Server Edition,I64,U32,32,20,1,1,1000000000,256,No,0.006266325,20,11,0.056288892,7.64081112688183e-05,0.05627849821610884,7.901573302599791e-05,17768775495.03916,12,0.05620224126180012
pfp_bloom_filter_contains_unique_size_u32,0,NVIDIA RTX PRO 6000 Blackwell Server Edition,I64,U32,32,20,1,1,1000000000,512,No,0.006253099,20,11,0.06445289181818183,8.147299027205024e-05,0.0644421913840554,8.253813632214914e-05,15517783900.927753,12,0.06437082227071127
pfp_bloom_filter_contains_unique_size_u32,0,NVIDIA RTX PRO 6000 Blackwell Server Edition,I64,U32,32,20,1,1,1000000000,1024,No,0.006254759,20,11,0.06774322599999999,0.00010181307349403393,0.06773309395530007,0.00010338318527696683,14763831704.778498,12,0.0676658306121826
pfp_bloom_filter_contains_unique_size_u32,0,NVIDIA RTX PRO 6000 Blackwell Server Edition,I64,U32,32,20,1,1,1000000000,2048,No,0.006255643,20,11,0.06923097081818182,7.161600392968011e-05,0.06922046592018821,7.5912291145248e-05,14446594467.494751,12,0.069150634765625
pfp_bloom_filter_contains_unique_size_u32,0,NVIDIA RTX PRO 6000 Blackwell Server Edition,I64,U32,32,20,1,2,1000000000,1,Yes,,,,,,,,,,
pfp_bloom_filter_contains_unique_size_u32,0,NVIDIA RTX PRO 6000 Blackwell Server Edition,I64,U32,32,20,1,2,1000000000,2,Yes,,,,,,,,,,
pfp_bloom_filter_contains_unique_size_u32,0,NVIDIA RTX PRO 6000 Blackwell Server Edition,I64,U32,32,20,1,2,1000000000,4,Yes,,,,,,,,,,
pfp_bloom_filter_contains_unique_size_u32,0,NVIDIA RTX PRO 6000 Blackwell Server Edition,I64,U32,32,20,1,2,1000000000,8,Yes,,,,,,,,,,
pfp_bloom_filter_contains_unique_size_u32,0,NVIDIA RTX PRO 6000 Blackwell Server Edition,I64,U32,32,20,1,2,1000000000,16,Yes,,,,,,,,,,
pfp_bloom_filter_contains_unique_size_u32,0,NVIDIA RTX PRO 6000 Blackwell Server Edition,I64,U32,32,20,1,2,1000000000,32,Yes,,,,,,,,,,
pfp_bloom_filter_contains_unique_size_u32,0,NVIDIA RTX PRO 6000 Blackwell Server Edition,I64,U32,32,20,1,2,1000000000,64,Yes,,,,,,,,,,
pfp_bloom_filter_contains_unique_size_u32,0,NVIDIA RTX PRO 6000 Blackwell Server Edition,I64,U32,32,20,1,2,1000000000,128,Yes,,,,,,,,,,
pfp_bloom_filter_contains_unique_size_u32,0,NVIDIA RTX PRO 6000 Blackwell Server Edition,I64,U32,32,20,1,2,1000000000,256,Yes,,,,,,,,,,
pfp_bloom_filter_contains_unique_size_u32,0,NVIDIA RTX PRO 6000 Blackwell Server Edition,I64,U32,32,20,1,2,1000000000,512,Yes,,,,,,,,,,
pfp_bloom_filter_contains_unique_size_u32,0,NVIDIA RTX PRO 6000 Blackwell Server Edition,I64,U32,32,20,1,2,1000000000,1024,Yes,,,,,,,,,,
pfp_bloom_filter_contains_unique_size_u32,0,NVIDIA RTX PRO 6000 Blackwell Server Edition,I64,U32,32,20,1,2,1000000000,2048,Yes,,,,,,,,,,
pfp_bloom_filter_contains_unique_size_u32,0,NVIDIA RTX PRO 6000 Blackwell Server Edition,I64,U32,32,20,1,4,1000000000,1,Yes,,,,,,,,,,
pfp_bloom_filter_contains_unique_size_u32,0,NVIDIA RTX PRO 6000 Blackwell Server Edition,I64,U32,32,20,1,4,1000000000,2,Yes,,,,,,,,,,
pfp_bloom_filter_contains_unique_size_u32,0,NVIDIA RTX PRO 6000 Blackwell Server Edition,I64,U32,32,20,1,4,1000000000,4,Yes,,,,,,,,,,
pfp_bloom_filter_contains_unique_size_u32,0,NVIDIA RTX PRO 6000 Blackwell Server Edition,I64,U32,32,20,1,4,1000000000,8,Yes,,,,,,,,,,
pfp_bloom_filter_contains_unique_size_u32,0,NVIDIA RTX PRO 6000 Blackwell Server Edition,I64,U32,32,20,1,4,1000000000,16,Yes,,,,,,,,,,
pfp_bloom_filter_contains_unique_size_u32,0,NVIDIA RTX PRO 6000 Blackwell Server Edition,I64,U32,32,20,1,4,1000000000,32,Yes,,,,,,,,,,
pfp_bloom_filter_contains_unique_size_u32,0,NVIDIA RTX PRO 6000 Blackwell Server Edition,I64,U32,32,20,1,4,1000000000,64,Yes,,,,,,,,,,
pfp_bloom_filter_contains_unique_size_u32,0,NVIDIA RTX PRO 6000 Blackwell Server Edition,I64,U32,32,20,1,4,1000000000,128,Yes,,,,,,,,,,
pfp_bloom_filter_contains_unique_size_u32,0,NVIDIA RTX PRO 6000 Blackwell Server Edition,I64,U32,32,20,1,4,1000000000,256,Yes,,,,,,,,,,
pfp_bloom_filter_contains_unique_size_u32,0,NVIDIA RTX PRO 6000 Blackwell Server Edition,I64,U32,32,20,1,4,1000000000,512,Yes,,,,,,,,,,
pfp_bloom_filter_contains_unique_size_u32,0,NVIDIA RTX PRO 6000 Blackwell Server Edition,I64,U32,32,20,1,4,1000000000,1024,Yes,,,,,,,,,,
pfp_bloom_filter_contains_unique_size_u32,0,NVIDIA RTX PRO 6000 Blackwell Server Edition,I64,U32,32,20,1,4,1000000000,2048,Yes,,,,,,,,,,
pfp_bloom_filter_contains_unique_size_u32,0,NVIDIA RTX PRO 6000 Blackwell Server Edition,I64,U32,32,20,1,8,1000000000,1,Yes,,,,,,,,,,
pfp_bloom_filter_contains_unique_size_u32,0,NVIDIA RTX PRO 6000 Blackwell Server Edition,I64,U32,32,20,1,8,1000000000,2,Yes,,,,,,,,,,
pfp_bloom_filter_contains_unique_size_u32,0,NVIDIA RTX PRO 6000 Blackwell Server Edition,I64,U32,32,20,1,8,1000000000,4,Yes,,,,,,,,,,
pfp_bloom_filter_contains_unique_size_u32,0,NVIDIA RTX PRO 6000 Blackwell Server Edition,I64,U32,32,20,1,8,1000000000,8,Yes,,,,,,,,,,
pfp_bloom_filter_contains_unique_size_u32,0,NVIDIA RTX PRO 6000 Blackwell Server Edition,I64,U32,32,20,1,8,1000000000,16,Yes,,,,,,,,,,
pfp_bloom_filter_contains_unique_size_u32,0,NVIDIA RTX PRO 6000 Blackwell Server Edition,I64,U32,32,20,1,8,1000000000,32,Yes,,,,,,,,,,
pfp_bloom_filter_contains_unique_size_u32,0,NVIDIA RTX PRO 6000 Blackwell Server Edition,I64,U32,32,20,1,8,1000000000,64,Yes,,,,,,,,,,
pfp_bloom_filter_contains_unique_size_u32,0,NVIDIA RTX PRO 6000 Blackwell Server Edition,I64,U32,32,20,1,8,1000000000,128,Yes,,,,,,,,,,
pfp_bloom_filter_contains_unique_size_u32,0,NVIDIA RTX PRO 6000 Blackwell Server Edition,I64,U32,32,20,1,8,1000000000,256,Yes,,,,,,,,,,
pfp_bloom_filter_contains_unique_size_u32,0,NVIDIA RTX PRO 6000 Blackwell Server Edition,I64,U32,32,20,1,8,1000000000,512,Yes,,,,,,,,,,
pfp_bloom_filter_contains_unique_size_u32,0,NVIDIA RTX PRO 6000 Blackwell Server Edition,I64,U32,32,20,1,8,1000000000,1024,Yes,,,,,,,,,,
pfp_bloom_filter_contains_unique_size_u32,0,NVIDIA RTX PRO 6000 Blackwell Server Edition,I64,U32,32,20,1,8,1000000000,2048,Yes,,,,,,,,,,
pfp_bloom_filter_contains_unique_size_u32,0,NVIDIA RTX PRO 6000 Blackwell Server Edition,I64,U32,32,20,2,1,1000000000,1,Yes,,,,,,,,,,
pfp_bloom_filter_contains_unique_size_u32,0,NVIDIA RTX PRO 6000 Blackwell Server Edition,I64,U32,32,20,2,1,1000000000,2,Yes,,,,,,,,,,
pfp_bloom_filter_contains_unique_size_u32,0,NVIDIA RTX PRO 6000 Blackwell Server Edition,I64,U32,32,20,2,1,1000000000,4,Yes,,,,,,,,,,
pfp_bloom_filter_contains_unique_size_u32,0,NVIDIA RTX PRO 6000 Blackwell Server Edition,I64,U32,32,20,2,1,1000000000,8,Yes,,,,,,,,,,
pfp_bloom_filter_contains_unique_size_u32,0,NVIDIA RTX PRO 6000 Blackwell Server Edition,I64,U32,32,20,2,1,1000000000,16,Yes,,,,,,,,,,
pfp_bloom_filter_contains_unique_size_u32,0,NVIDIA RTX PRO 6000 Blackwell Server Edition,I64,U32,32,20,2,1,1000000000,32,Yes,,,,,,,,,,
pfp_bloom_filter_contains_unique_size_u32,0,NVIDIA RTX PRO 6000 Blackwell Server Edition,I64,U32,32,20,2,1,1000000000,64,Yes,,,,,,,,,,
pfp_bloom_filter_contains_unique_size_u32,0,NVIDIA RTX PRO 6000 Blackwell Server Edition,I64,U32,32,20,2,1,1000000000,128,Yes,,,,,,,,,,
pfp_bloom_filter_contains_unique_size_u32,0,NVIDIA RTX PRO 6000 Blackwell Server Edition,I64,U32,32,20,2,1,1000000000,256,Yes,,,,,,,,,,
pfp_bloom_filter_contains_unique_size_u32,0,NVIDIA RTX PRO 6000 Blackwell Server Edition,I64,U32,32,20,2,1,1000000000,512,Yes,,,,,,,,,,
pfp_bloom_filter_contains_unique_size_u32,0,NVIDIA RTX PRO 6000 Blackwell Server Edition,I64,U32,32,20,2,1,1000000000,1024,Yes,,,,,,,,,,
pfp_bloom_filter_contains_unique_size_u32,0,NVIDIA RTX PRO 6000 Blackwell Server Edition,I64,U32,32,20,2,1,1000000000,2048,Yes,,,,,,,,,,
pfp_bloom_filter_contains_unique_size_u32,0,NVIDIA RTX PRO 6000 Blackwell Server Edition,I64,U32,32,20,2,2,1000000000,1,Yes,,,,,,,,,,
pfp_bloom_filter_contains_unique_size_u32,0,NVIDIA RTX PRO 6000 Blackwell Server Edition,I64,U32,32,20,2,2,1000000000,2,Yes,,,,,,,,,,
pfp_bloom_filter_contains_unique_size_u32,0,NVIDIA RTX PRO 6000 Blackwell Server Edition,I64,U32,32,20,2,2,1000000000,4,Yes,,,,,,,,,,
pfp_bloom_filter_contains_unique_size_u32,0,NVIDIA RTX PRO 6000 Blackwell Server Edition,I64,U32,32,20,2,2,1000000000,8,Yes,,,,,,,,,,
pfp_bloom_filter_contains_unique_size_u32,0,NVIDIA RTX PRO 6000 Blackwell Server Edition,I64,U32,32,20,2,2,1000000000,16,Yes,,,,,,,,,,
pfp_bloom_filter_contains_unique_size_u32,0,NVIDIA RTX PRO 6000 Blackwell Server Edition,I64,U32,32,20,2,2,1000000000,32,Yes,,,,,,,,,,
pfp_bloom_filter_contains_unique_size_u32,0,NVIDIA RTX PRO 6000 Blackwell Server Edition,I64,U32,32,20,2,2,1000000000,64,Yes,,,,,,,,,,
pfp_bloom_filter_contains_unique_size_u32,0,NVIDIA RTX PRO 6000 Blackwell Server Edition,I64,U32,32,20,2,2,1000000000,128,Yes,,,,,,,,,,
pfp_bloom_filter_contains_unique_size_u32,0,NVIDIA RTX PRO 6000 Blackwell Server Edition,I64,U32,32,20,2,2,1000000000,256,Yes,,,,,,,,,,
pfp_bloom_filter_contains_unique_size_u32,0,NVIDIA RTX PRO 6000 Blackwell Server Edition,I64,U32,32,20,2,2,1000000000,512,Yes,,,,,,,,,,
pfp_bloom_filter_contains_unique_size_u32,0,NVIDIA RTX PRO 6000 Blackwell Server Edition,I64,U32,32,20,2,2,1000000000,1024,Yes,,,,,,,,,,
pfp_bloom_filter_contains_unique_size_u32,0,NVIDIA RTX PRO 6000 Blackwell Server Edition,I64,U32,32,20,2,2,1000000000,2048,Yes,,,,,,,,,,
pfp_bloom_filter_contains_unique_size_u32,0,NVIDIA RTX PRO 6000 Blackwell Server Edition,I64,U32,32,20,2,4,1000000000,1,Yes,,,,,,,,,,
pfp_bloom_filter_contains_unique_size_u32,0,NVIDIA RTX PRO 6000 Blackwell Server Edition,I64,U32,32,20,2,4,1000000000,2,Yes,,,,,,,,,,
pfp_bloom_filter_contains_unique_size_u32,0,NVIDIA RTX PRO 6000 Blackwell Server Edition,I64,U32,32,20,2,4,1000000000,4,Yes,,,,,,,,,,
pfp_bloom_filter_contains_unique_size_u32,0,NVIDIA RTX PRO 6000 Blackwell Server Edition,I64,U32,32,20,2,4,1000000000,8,Yes,,,,,,,,,,
pfp_bloom_filter_contains_unique_size_u32,0,NVIDIA RTX PRO 6000 Blackwell Server Edition,I64,U32,32,20,2,4,1000000000,16,Yes,,,,,,,,,,
pfp_bloom_filter_contains_unique_size_u32,0,NVIDIA RTX PRO 6000 Blackwell Server Edition,I64,U32,32,20,2,4,1000000000,32,Yes,,,,,,,,,,
pfp_bloom_filter_contains_unique_size_u32,0,NVIDIA RTX PRO 6000 Blackwell Server Edition,I64,U32,32,20,2,4,1000000000,64,Yes,,,,,,,,,,
pfp_bloom_filter_contains_unique_size_u32,0,NVIDIA RTX PRO 6000 Blackwell Server Edition,I64,U32,32,20,2,4,1000000000,128,Yes,,,,,,,,,,
pfp_bloom_filter_contains_unique_size_u32,0,NVIDIA RTX PRO 6000 Blackwell Server Edition,I64,U32,32,20,2,4,1000000000,256,Yes,,,,,,,,,,
pfp_bloom_filter_contains_unique_size_u32,0,NVIDIA RTX PRO 6000 Blackwell Server Edition,I64,U32,32,20,2,4,1000000000,512,Yes,,,,,,,,,,
pfp_bloom_filter_contains_unique_size_u32,0,NVIDIA RTX PRO 6000 Blackwell Server Edition,I64,U32,32,20,2,4,1000000000,1024,Yes,,,,,,,,,,
pfp_bloom_filter_contains_unique_size_u32,0,NVIDIA RTX PRO 6000 Blackwell Server Edition,I64,U32,32,20,2,4,1000000000,2048,Yes,,,,,,,,,,
pfp_bloom_filter_contains_unique_size_u32,0,NVIDIA RTX PRO 6000 Blackwell Server Edition,I64,U32,32,20,2,8,1000000000,1,Yes,,,,,,,,,,
pfp_bloom_filter_contains_unique_size_u32,0,NVIDIA RTX PRO 6000 Blackwell Server Edition,I64,U32,32,20,2,8,1000000000,2,Yes,,,,,,,,,,
pfp_bloom_filter_contains_unique_size_u32,0,NVIDIA RTX PRO 6000 Blackwell Server Edition,I64,U32,32,20,2,8,1000000000,4,Yes,,,,,,,,,,
pfp_bloom_filter_contains_unique_size_u32,0,NVIDIA RTX PRO 6000 Blackwell Server Edition,I64,U32,32,20,2,8,1000000000,8,Yes,,,,,,,,,,
pfp_bloom_filter_contains_unique_size_u32,0,NVIDIA RTX PRO 6000 Blackwell Server Edition,I64,U32,32,20,2,8,1000000000,16,Yes,,,,,,,,,,
pfp_bloom_filter_contains_unique_size_u32,0,NVIDIA RTX PRO 6000 Blackwell Server Edition,I64,U32,32,20,2,8,1000000000,32,Yes,,,,,,,,,,
pfp_bloom_filter_contains_unique_size_u32,0,NVIDIA RTX PRO 6000 Blackwell Server Edition,I64,U32,32,20,2,8,1000000000,64,Yes,,,,,,,,,,
pfp_bloom_filter_contains_unique_size_u32,0,NVIDIA RTX PRO 6000 Blackwell Server Edition,I64,U32,32,20,2,8,1000000000,128,Yes,,,,,,,,,,
pfp_bloom_filter_contains_unique_size_u32,0,NVIDIA RTX PRO 6000 Blackwell Server Edition,I64,U32,32,20,2,8,1000000000,256,Yes,,,,,,,,,,
pfp_bloom_filter_contains_unique_size_u32,0,NVIDIA RTX PRO 6000 Blackwell Server Edition,I64,U32,32,20,2,8,1000000000,512,Yes,,,,,,,,,,
pfp_bloom_filter_contains_unique_size_u32,0,NVIDIA RTX PRO 6000 Blackwell Server Edition,I64,U32,32,20,2,8,1000000000,1024,Yes,,,,,,,,,,
pfp_bloom_filter_contains_unique_size_u32,0,NVIDIA RTX PRO 6000 Blackwell Server Edition,I64,U32,32,20,2,8,1000000000,2048,Yes,,,,,,,,,,
pfp_bloom_filter_contains_unique_size_u32,0,NVIDIA RTX PRO 6000 Blackwell Server Edition,I64,U32,32,20,4,1,1000000000,1,Yes,,,,,,,,,,
pfp_bloom_filter_contains_unique_size_u32,0,NVIDIA RTX PRO 6000 Blackwell Server Edition,I64,U32,32,20,4,1,1000000000,2,Yes,,,,,,,,,,
pfp_bloom_filter_contains_unique_size_u32,0,NVIDIA RTX PRO 6000 Blackwell Server Edition,I64,U32,32,20,4,1,1000000000,4,Yes,,,,,,,,,,
pfp_bloom_filter_contains_unique_size_u32,0,NVIDIA RTX PRO 6000 Blackwell Server Edition,I64,U32,32,20,4,1,1000000000,8,Yes,,,,,,,,,,
pfp_bloom_filter_contains_unique_size_u32,0,NVIDIA RTX PRO 6000 Blackwell Server Edition,I64,U32,32,20,4,1,1000000000,16,Yes,,,,,,,,,,
pfp_bloom_filter_contains_unique_size_u32,0,NVIDIA RTX PRO 6000 Blackwell Server Edition,I64,U32,32,20,4,1,1000000000,32,Yes,,,,,,,,,,
pfp_bloom_filter_contains_unique_size_u32,0,NVIDIA RTX PRO 6000 Blackwell Server Edition,I64,U32,32,20,4,1,1000000000,64,Yes,,,,,,,,,,
pfp_bloom_filter_contains_unique_size_u32,0,NVIDIA RTX PRO 6000 Blackwell Server Edition,I64,U32,32,20,4,1,1000000000,128,Yes,,,,,,,,,,
pfp_bloom_filter_contains_unique_size_u32,0,NVIDIA RTX PRO 6000 Blackwell Server Edition,I64,U32,32,20,4,1,1000000000,256,Yes,,,,,,,,,,
pfp_bloom_filter_contains_unique_size_u32,0,NVIDIA RTX PRO 6000 Blackwell Server Edition,I64,U32,32,20,4,1,1000000000,512,Yes,,,,,,,,,,
pfp_bloom_filter_contains_unique_size_u32,0,NVIDIA RTX PRO 6000 Blackwell Server Edition,I64,U32,32,20,4,1,1000000000,1024,Yes,,,,,,,,,,
pfp_bloom_filter_contains_unique_size_u32,0,NVIDIA RTX PRO 6000 Blackwell Server Edition,I64,U32,32,20,4,1,1000000000,2048,Yes,,,,,,,,,,
pfp_bloom_filter_contains_unique_size_u32,0,NVIDIA RTX PRO 6000 Blackwell Server Edition,I64,U32,32,20,4,2,1000000000,1,Yes,,,,,,,,,,
pfp_bloom_filter_contains_unique_size_u32,0,NVIDIA RTX PRO 6000 Blackwell Server Edition,I64,U32,32,20,4,2,1000000000,2,Yes,,,,,,,,,,
pfp_bloom_filter_contains_unique_size_u32,0,NVIDIA RTX PRO 6000 Blackwell Server Edition,I64,U32,32,20,4,2,1000000000,4,Yes,,,,,,,,,,
pfp_bloom_filter_contains_unique_size_u32,0,NVIDIA RTX PRO 6000 Blackwell Server Edition,I64,U32,32,20,4,2,1000000000,8,Yes,,,,,,,,,,
pfp_bloom_filter_contains_unique_size_u32,0,NVIDIA RTX PRO 6000 Blackwell Server Edition,I64,U32,32,20,4,2,1000000000,16,Yes,,,,,,,,,,
pfp_bloom_filter_contains_unique_size_u32,0,NVIDIA RTX PRO 6000 Blackwell Server Edition,I64,U32,32,20,4,2,1000000000,32,Yes,,,,,,,,,,
pfp_bloom_filter_contains_unique_size_u32,0,NVIDIA RTX PRO 6000 Blackwell Server Edition,I64,U32,32,20,4,2,1000000000,64,Yes,,,,,,,,,,
pfp_bloom_filter_contains_unique_size_u32,0,NVIDIA RTX PRO 6000 Blackwell Server Edition,I64,U32,32,20,4,2,1000000000,128,Yes,,,,,,,,,,
pfp_bloom_filter_contains_unique_size_u32,0,NVIDIA RTX PRO 6000 Blackwell Server Edition,I64,U32,32,20,4,2,1000000000,256,Yes,,,,,,,,,,
pfp_bloom_filter_contains_unique_size_u32,0,NVIDIA RTX PRO 6000 Blackwell Server Edition,I64,U32,32,20,4,2,1000000000,512,Yes,,,,,,,,,,
pfp_bloom_filter_contains_unique_size_u32,0,NVIDIA RTX PRO 6000 Blackwell Server Edition,I64,U32,32,20,4,2,1000000000,1024,Yes,,,,,,,,,,
pfp_bloom_filter_contains_unique_size_u32,0,NVIDIA RTX PRO 6000 Blackwell Server Edition,I64,U32,32,20,4,2,1000000000,2048,Yes,,,,,,,,,,
pfp_bloom_filter_contains_unique_size_u32,0,NVIDIA RTX PRO 6000 Blackwell Server Edition,I64,U32,32,20,4,4,1000000000,1,Yes,,,,,,,,,,
pfp_bloom_filter_contains_unique_size_u32,0,NVIDIA RTX PRO 6000 Blackwell Server Edition,I64,U32,32,20,4,4,1000000000,2,Yes,,,,,,,,,,
pfp_bloom_filter_contains_unique_size_u32,0,NVIDIA RTX PRO 6000 Blackwell Server Edition,I64,U32,32,20,4,4,1000000000,4,Yes,,,,,,,,,,
pfp_bloom_filter_contains_unique_size_u32,0,NVIDIA RTX PRO 6000 Blackwell Server Edition,I64,U32,32,20,4,4,1000000000,8,Yes,,,,,,,,,,
pfp_bloom_filter_contains_unique_size_u32,0,NVIDIA RTX PRO 6000 Blackwell Server Edition,I64,U32,32,20,4,4,1000000000,16,Yes,,,,,,,,,,
pfp_bloom_filter_contains_unique_size_u32,0,NVIDIA RTX PRO 6000 Blackwell Server Edition,I64,U32,32,20,4,4,1000000000,32,Yes,,,,,,,,,,
pfp_bloom_filter_contains_unique_size_u32,0,NVIDIA RTX PRO 6000 Blackwell Server Edition,I64,U32,32,20,4,4,1000000000,64,Yes,,,,,,,,,,
pfp_bloom_filter_contains_unique_size_u32,0,NVIDIA RTX PRO 6000 Blackwell Server Edition,I64,U32,32,20,4,4,1000000000,128,Yes,,,,,,,,,,
pfp_bloom_filter_contains_unique_size_u32,0,NVIDIA RTX PRO 6000 Blackwell Server Edition,I64,U32,32,20,4,4,1000000000,256,Yes,,,,,,,,,,
pfp_bloom_filter_contains_unique_size_u32,0,NVIDIA RTX PRO 6000 Blackwell Server Edition,I64,U32,32,20,4,4,1000000000,512,Yes,,,,,,,,,,
pfp_bloom_filter_contains_unique_size_u32,0,NVIDIA RTX PRO 6000 Blackwell Server Edition,I64,U32,32,20,4,4,1000000000,1024,Yes,,,,,,,,,,
pfp_bloom_filter_contains_unique_size_u32,0,NVIDIA RTX PRO 6000 Blackwell Server Edition,I64,U32,32,20,4,4,1000000000,2048,Yes,,,,,,,,,,
pfp_bloom_filter_contains_unique_size_u32,0,NVIDIA RTX PRO 6000 Blackwell Server Edition,I64,U32,32,20,4,8,1000000000,1,Yes,,,,,,,,,,
pfp_bloom_filter_contains_unique_size_u32,0,NVIDIA RTX PRO 6000 Blackwell Server Edition,I64,U32,32,20,4,8,1000000000,2,Yes,,,,,,,,,,
pfp_bloom_filter_contains_unique_size_u32,0,NVIDIA RTX PRO 6000 Blackwell Server Edition,I64,U32,32,20,4,8,1000000000,4,Yes,,,,,,,,,,
pfp_bloom_filter_contains_unique_size_u32,0,NVIDIA RTX PRO 6000 Blackwell Server Edition,I64,U32,32,20,4,8,1000000000,8,Yes,,,,,,,,,,
pfp_bloom_filter_contains_unique_size_u32,0,NVIDIA RTX PRO 6000 Blackwell Server Edition,I64,U32,32,20,4,8,1000000000,16,Yes,,,,,,,,,,
pfp_bloom_filter_contains_unique_size_u32,0,NVIDIA RTX PRO 6000 Blackwell Server Edition,I64,U32,32,20,4,8,1000000000,32,Yes,,,,,,,,,,
pfp_bloom_filter_contains_unique_size_u32,0,NVIDIA RTX PRO 6000 Blackwell Server Edition,I64,U32,32,20,4,8,1000000000,64,Yes,,,,,,,,,,
pfp_bloom_filter_contains_unique_size_u32,0,NVIDIA RTX PRO 6000 Blackwell Server Edition,I64,U32,32,20,4,8,1000000000,128,Yes,,,,,,,,,,
pfp_bloom_filter_contains_unique_size_u32,0,NVIDIA RTX PRO 6000 Blackwell Server Edition,I64,U32,32,20,4,8,1000000000,256,Yes,,,,,,,,,,
pfp_bloom_filter_contains_unique_size_u32,0,NVIDIA RTX PRO 6000 Blackwell Server Edition,I64,U32,32,20,4,8,1000000000,512,Yes,,,,,,,,,,
pfp_bloom_filter_contains_unique_size_u32,0,NVIDIA RTX PRO 6000 Blackwell Server Edition,I64,U32,32,20,4,8,1000000000,1024,Yes,,,,,,,,,,
pfp_bloom_filter_contains_unique_size_u32,0,NVIDIA RTX PRO 6000 Blackwell Server Edition,I64,U32,32,20,4,8,1000000000,2048,Yes,,,,,,,,,,
pfp_bloom_filter_contains_unique_size_u32,0,NVIDIA RTX PRO 6000 Blackwell Server Edition,I64,U32,32,20,8,1,1000000000,1,Yes,,,,,,,,,,
pfp_bloom_filter_contains_unique_size_u32,0,NVIDIA RTX PRO 6000 Blackwell Server Edition,I64,U32,32,20,8,1,1000000000,2,Yes,,,,,,,,,,
pfp_bloom_filter_contains_unique_size_u32,0,NVIDIA RTX PRO 6000 Blackwell Server Edition,I64,U32,32,20,8,1,1000000000,4,Yes,,,,,,,,,,
pfp_bloom_filter_contains_unique_size_u32,0,NVIDIA RTX PRO 6000 Blackwell Server Edition,I64,U32,32,20,8,1,1000000000,8,Yes,,,,,,,,,,
pfp_bloom_filter_contains_unique_size_u32,0,NVIDIA RTX PRO 6000 Blackwell Server Edition,I64,U32,32,20,8,1,1000000000,16,Yes,,,,,,,,,,
pfp_bloom_filter_contains_unique_size_u32,0,NVIDIA RTX PRO 6000 Blackwell Server Edition,I64,U32,32,20,8,1,1000000000,32,Yes,,,,,,,,,,
pfp_bloom_filter_contains_unique_size_u32,0,NVIDIA RTX PRO 6000 Blackwell Server Edition,I64,U32,32,20,8,1,1000000000,64,Yes,,,,,,,,,,
pfp_bloom_filter_contains_unique_size_u32,0,NVIDIA RTX PRO 6000 Blackwell Server Edition,I64,U32,32,20,8,1,1000000000,128,Yes,,,,,,,,,,
pfp_bloom_filter_contains_unique_size_u32,0,NVIDIA RTX PRO 6000 Blackwell Server Edition,I64,U32,32,20,8,1,1000000000,256,Yes,,,,,,,,,,
pfp_bloom_filter_contains_unique_size_u32,0,NVIDIA RTX PRO 6000 Blackwell Server Edition,I64,U32,32,20,8,1,1000000000,512,Yes,,,,,,,,,,
pfp_bloom_filter_contains_unique_size_u32,0,NVIDIA RTX PRO 6000 Blackwell Server Edition,I64,U32,32,20,8,1,1000000000,1024,Yes,,,,,,,,,,
pfp_bloom_filter_contains_unique_size_u32,0,NVIDIA RTX PRO 6000 Blackwell Server Edition,I64,U32,32,20,8,1,1000000000,2048,Yes,,,,,,,,,,
pfp_bloom_filter_contains_unique_size_u32,0,NVIDIA RTX PRO 6000 Blackwell Server Edition,I64,U32,32,20,8,2,1000000000,1,Yes,,,,,,,,,,
pfp_bloom_filter_contains_unique_size_u32,0,NVIDIA RTX PRO 6000 Blackwell Server Edition,I64,U32,32,20,8,2,1000000000,2,Yes,,,,,,,,,,
pfp_bloom_filter_contains_unique_size_u32,0,NVIDIA RTX PRO 6000 Blackwell Server Edition,I64,U32,32,20,8,2,1000000000,4,Yes,,,,,,,,,,
pfp_bloom_filter_contains_unique_size_u32,0,NVIDIA RTX PRO 6000 Blackwell Server Edition,I64,U32,32,20,8,2,1000000000,8,Yes,,,,,,,,,,
pfp_bloom_filter_contains_unique_size_u32,0,NVIDIA RTX PRO 6000 Blackwell Server Edition,I64,U32,32,20,8,2,1000000000,16,Yes,,,,,,,,,,
pfp_bloom_filter_contains_unique_size_u32,0,NVIDIA RTX PRO 6000 Blackwell Server Edition,I64,U32,32,20,8,2,1000000000,32,Yes,,,,,,,,,,
pfp_bloom_filter_contains_unique_size_u32,0,NVIDIA RTX PRO 6000 Blackwell Server Edition,I64,U32,32,20,8,2,1000000000,64,Yes,,,,,,,,,,
pfp_bloom_filter_contains_unique_size_u32,0,NVIDIA RTX PRO 6000 Blackwell Server Edition,I64,U32,32,20,8,2,1000000000,128,Yes,,,,,,,,,,
pfp_bloom_filter_contains_unique_size_u32,0,NVIDIA RTX PRO 6000 Blackwell Server Edition,I64,U32,32,20,8,2,1000000000,256,Yes,,,,,,,,,,
pfp_bloom_filter_contains_unique_size_u32,0,NVIDIA RTX PRO 6000 Blackwell Server Edition,I64,U32,32,20,8,2,1000000000,512,Yes,,,,,,,,,,
pfp_bloom_filter_contains_unique_size_u32,0,NVIDIA RTX PRO 6000 Blackwell Server Edition,I64,U32,32,20,8,2,1000000000,1024,Yes,,,,,,,,,,
pfp_bloom_filter_contains_unique_size_u32,0,NVIDIA RTX PRO 6000 Blackwell Server Edition,I64,U32,32,20,8,2,1000000000,2048,Yes,,,,,,,,,,
pfp_bloom_filter_contains_unique_size_u32,0,NVIDIA RTX PRO 6000 Blackwell Server Edition,I64,U32,32,20,8,4,1000000000,1,Yes,,,,,,,,,,
pfp_bloom_filter_contains_unique_size_u32,0,NVIDIA RTX PRO 6000 Blackwell Server Edition,I64,U32,32,20,8,4,1000000000,2,Yes,,,,,,,,,,
pfp_bloom_filter_contains_unique_size_u32,0,NVIDIA RTX PRO 6000 Blackwell Server Edition,I64,U32,32,20,8,4,1000000000,4,Yes,,,,,,,,,,
pfp_bloom_filter_contains_unique_size_u32,0,NVIDIA RTX PRO 6000 Blackwell Server Edition,I64,U32,32,20,8,4,1000000000,8,Yes,,,,,,,,,,
pfp_bloom_filter_contains_unique_size_u32,0,NVIDIA RTX PRO 6000 Blackwell Server Edition,I64,U32,32,20,8,4,1000000000,16,Yes,,,,,,,,,,
pfp_bloom_filter_contains_unique_size_u32,0,NVIDIA RTX PRO 6000 Blackwell Server Edition,I64,U32,32,20,8,4,1000000000,32,Yes,,,,,,,,,,
pfp_bloom_filter_contains_unique_size_u32,0,NVIDIA RTX PRO 6000 Blackwell Server Edition,I64,U32,32,20,8,4,1000000000,64,Yes,,,,,,,,,,
pfp_bloom_filter_contains_unique_size_u32,0,NVIDIA RTX PRO 6000 Blackwell Server Edition,I64,U32,32,20,8,4,1000000000,128,Yes,,,,,,,,,,
pfp_bloom_filter_contains_unique_size_u32,0,NVIDIA RTX PRO 6000 Blackwell Server Edition,I64,U32,32,20,8,4,1000000000,256,Yes,,,,,,,,,,
pfp_bloom_filter_contains_unique_size_u32,0,NVIDIA RTX PRO 6000 Blackwell Server Edition,I64,U32,32,20,8,4,1000000000,512,Yes,,,,,,,,,,
pfp_bloom_filter_contains_unique_size_u32,0,NVIDIA RTX PRO 6000 Blackwell Server Edition,I64,U32,32,20,8,4,1000000000,1024,Yes,,,,,,,,,,
pfp_bloom_filter_contains_unique_size_u32,0,NVIDIA RTX PRO 6000 Blackwell Server Edition,I64,U32,32,20,8,4,1000000000,2048,Yes,,,,,,,,,,
pfp_bloom_filter_contains_unique_size_u32,0,NVIDIA RTX PRO 6000 Blackwell Server Edition,I64,U32,32,20,8,8,1000000000,1,Yes,,,,,,,,,,
pfp_bloom_filter_contains_unique_size_u32,0,NVIDIA RTX PRO 6000 Blackwell Server Edition,I64,U32,32,20,8,8,1000000000,2,Yes,,,,,,,,,,
pfp_bloom_filter_contains_unique_size_u32,0,NVIDIA RTX PRO 6000 Blackwell Server Edition,I64,U32,32,20,8,8,1000000000,4,Yes,,,,,,,,,,
pfp_bloom_filter_contains_unique_size_u32,0,NVIDIA RTX PRO 6000 Blackwell Server Edition,I64,U32,32,20,8,8,1000000000,8,Yes,,,,,,,,,,
pfp_bloom_filter_contains_unique_size_u32,0,NVIDIA RTX PRO 6000 Blackwell Server Edition,I64,U32,32,20,8,8,1000000000,16,Yes,,,,,,,,,,
pfp_bloom_filter_contains_unique_size_u32,0,NVIDIA RTX PRO 6000 Blackwell Server Edition,I64,U32,32,20,8,8,1000000000,32,Yes,,,,,,,,,,
pfp_bloom_filter_contains_unique_size_u32,0,NVIDIA RTX PRO 6000 Blackwell Server Edition,I64,U32,32,20,8,8,1000000000,64,Yes,,,,,,,,,,
pfp_bloom_filter_contains_unique_size_u32,0,NVIDIA RTX PRO 6000 Blackwell Server Edition,I64,U32,32,20,8,8,1000000000,128,Yes,,,,,,,,,,
pfp_bloom_filter_contains_unique_size_u32,0,NVIDIA RTX PRO 6000 Blackwell Server Edition,I64,U32,32,20,8,8,1000000000,256,Yes,,,,,,,,,,
pfp_bloom_filter_contains_unique_size_u32,0,NVIDIA RTX PRO 6000 Blackwell Server Edition,I64,U32,32,20,8,8,1000000000,512,Yes,,,,,,,,,,
pfp_bloom_filter_contains_unique_size_u32,0,NVIDIA RTX PRO 6000 Blackwell Server Edition,I64,U32,32,20,8,8,1000000000,1024,Yes,,,,,,,,,,
pfp_bloom_filter_contains_unique_size_u32,0,NVIDIA RTX PRO 6000 Blackwell Server Edition,I64,U32,32,20,8,8,1000000000,2048,Yes,,,,,,,,,,
pfp_bloom_filter_contains_unique_size_u32,0,NVIDIA RTX PRO 6000 Blackwell Server Edition,I64,U32,64,1,1,1,1000000000,1,No,0.160706252,2,64,0.007918045468750001,0.009282529539750761,0.00790786248445511,0.009302663994466658,126456422575.0955,65,0.008010413536658654
pfp_bloom_filter_contains_unique_size_u32,0,NVIDIA RTX PRO 6000 Blackwell Server Edition,I64,U32,64,1,1,1,1000000000,2,No,0.160622666,2,63,0.008045033444444443,0.009400244063912192,0.008034813956608848,0.009411575005797904,124458388881.2352,64,0.008106568336486816
pfp_bloom_filter_contains_unique_size_u32,0,NVIDIA RTX PRO 6000 Blackwell Server Edition,I64,U32,64,1,1,1,1000000000,4,No,0.160622517,2,62,0.008089330774193552,0.010036411204018832,0.008079303272308842,0.010048594120005135,123773049023.59825,64,0.008160351753234863
pfp_bloom_filter_contains_unique_size_u32,0,NVIDIA RTX PRO 6000 Blackwell Server Edition,I64,U32,64,1,1,1,1000000000,8,No,0.16060779,2,62,0.008155288500000002,0.011260773578501934,0.00814512619664592,0.01128943952796029,122772806198.1151,64,0.008207615852355956
pfp_bloom_filter_contains_unique_size_u32,0,NVIDIA RTX PRO 6000 Blackwell Server Edition,I64,U32,64,1,1,1,1000000000,16,No,0.160592939,2,62,0.008147217758064517,0.011600215870020265,0.008137279002897197,0.011610482352577067,122891202285.67313,64,0.008215007781982421
pfp_bloom_filter_contains_unique_size_u32,0,NVIDIA RTX PRO 6000 Blackwell Server Edition,I64,U32,64,1,1,1,1000000000,32,No,0.160594232,2,62,0.008203143209677419,0.01169808875834701,0.008193043601128363,0.011716037312302061,122054763612.17923,63,0.008238664899553572
pfp_bloom_filter_contains_unique_size_u32,0,NVIDIA RTX PRO 6000 Blackwell Server Edition,I64,U32,64,1,1,1,1000000000,64,No,0.160613244,2,61,0.00828844167213115,0.011817121872393307,0.008278574177476229,0.011829454612845475,120793747638.41953,63,0.008256088983444942
pfp_bloom_filter_contains_unique_size_u32,0,NVIDIA RTX PRO 6000 Blackwell Server Edition,I64,U32,64,1,1,1,1000000000,128,No,0.160594055,2,19,0.02728220163157895,0.00015616053603208961,0.02727222753825941,0.00014438520298748397,36667338544.206894,20,0.027129110050201417
pfp_bloom_filter_contains_unique_size_u32,0,NVIDIA RTX PRO 6000 Blackwell Server Edition,I64,U32,64,1,1,1,1000000000,256,No,0.160611554,2,11,0.05629833690909091,6.678100404322318e-05,0.056287650715221065,7.1416588009173e-05,17765886252.01912,12,0.05621737829844156
pfp_bloom_filter_contains_unique_size_u32,0,NVIDIA RTX PRO 6000 Blackwell Server Edition,I64,U32,64,1,1,1,1000000000,512,No,0.160621582,2,11,0.06445673563636363,0.00010787801879988449,0.06444684739546341,0.00010425037050031295,15516662806.851164,12,0.06437585385640462
pfp_bloom_filter_contains_unique_size_u32,0,NVIDIA RTX PRO 6000 Blackwell Server Edition,I64,U32,64,1,1,1,1000000000,1024,No,0.160605115,2,11,0.06773543145454547,9.041267951671121e-05,0.06772523221102628,8.856020358285474e-05,14765545533.813482,12,0.06766075897216797
pfp_bloom_filter_contains_unique_size_u32,0,NVIDIA RTX PRO 6000 Blackwell Server Edition,I64,U32,64,1,1,1,1000000000,2048,No,0.160616467,2,11,0.06922839609090911,6.924302610350628e-05,0.06921762639825994,6.388987446747305e-05,14447187111.650782,12,0.06914782269795736
pfp_bloom_filter_contains_unique_size_u32,0,NVIDIA RTX PRO 6000 Blackwell Server Edition,I64,U32,64,1,1,2,1000000000,1,No,0.160706252,2,65,0.007756759015384616,0.003793618687887265,0.007746777123671311,0.0038115824021062623,129085939099.03082,67,0.007828296262826493
pfp_bloom_filter_contains_unique_size_u32,0,NVIDIA RTX PRO 6000 Blackwell Server Edition,I64,U32,64,1,1,2,1000000000,2,No,0.160622666,2,64,0.007859895812500002,0.005553641471191743,0.007849808514118196,0.005552530036244259,127391642509.6816,66,0.007917970599550189
pfp_bloom_filter_contains_unique_size_u32,0,NVIDIA RTX PRO 6000 Blackwell Server Edition,I64,U32,64,1,1,2,1000000000,4,No,0.160622517,2,64,0.007931871765625,0.006288738181018003,0.007921897515654563,0.006287687901700878,126232382838.06212,66,0.007972956801905776
pfp_bloom_filter_contains_unique_size_u32,0,NVIDIA RTX PRO 6000 Blackwell Server Edition,I64,U32,64,1,1,2,1000000000,8,No,0.16060779,2,64,0.007940999906249998,0.007715445469621202,0.007931023970246314,0.007697808645133411,126087123649.04666,65,0.008007796536959134
pfp_bloom_filter_contains_unique_size_u32,0,NVIDIA RTX PRO 6000 Blackwell Server Edition,I64,U32,64,1,1,2,1000000000,16,No,0.160592939,2,63,0.007967270746031745,0.008322023176241809,0.007957295205858018,0.008312370838000465,125670843437.33006,65,0.008027309006911058
pfp_bloom_filter_contains_unique_size_u32,0,NVIDIA RTX PRO 6000 Blackwell Server Edition,I64,U32,64,1,1,2,1000000000,32,No,0.160594232,2,63,0.008032693984126987,0.008247351179549832,0.008022611837538465,0.008270619637747077,124647685847.25952,65,0.008049947415865384
pfp_bloom_filter_contains_unique_size_u32,0,NVIDIA RTX PRO 6000 Blackwell Server Edition,I64,U32,64,1,1,2,1000000000,64,No,0.160613244,2,62,0.008079433983870968,0.0072127576499230244,0.008069501930667506,0.007206101086406372,123923385680.04784,65,0.00806074500450721
pfp_bloom_filter_contains_unique_size_u32,0,NVIDIA RTX PRO 6000 Blackwell Server Edition,I64,U32,64,1,1,2,1000000000,128,No,0.160594055,2,19,0.02735571421052632,0.0001439047302594298,0.027345830816971627,0.00014256587197717662,36568645754.19557,20,0.02720279130935669
pfp_bloom_filter_contains_unique_size_u32,0,NVIDIA RTX PRO 6000 Blackwell Server Edition,I64,U32,64,1,1,2,1000000000,256,No,0.160611554,2,11,0.05629955490909091,5.4856961076892194e-05,0.05628910272771663,5.3646368596968595e-05,17765427969.90797,12,0.05621269543965657
pfp_bloom_filter_contains_unique_size_u32,0,NVIDIA RTX PRO 6000 Blackwell Server Edition,I64,U32,64,1,1,2,1000000000,512,No,0.160621582,2,11,0.06445107736363637,9.533190842796587e-05,0.06444129319624468,9.140419736015034e-05,15518000189.019716,12,0.06436783281962076
pfp_bloom_filter_contains_unique_size_u32,0,NVIDIA RTX PRO 6000 Blackwell Server Edition,I64,U32,64,1,1,2,1000000000,1024,No,0.160605115,2,11,0.06774350336363637,9.247054090078988e-05,0.06773307384144175,9.539474864364949e-05,14763836089.012112,12,0.06765700340270996
pfp_bloom_filter_contains_unique_size_u32,0,NVIDIA RTX PRO 6000 Blackwell Server Edition,I64,U32,64,1,1,2,1000000000,2048,No,0.160616467,2,11,0.0692204180909091,9.722396659911095e-05,0.06920974245938388,9.477603764231175e-05,14448832844.405619,12,0.06913925615946452
pfp_bloom_filter_contains_unique_size_u32,0,NVIDIA RTX PRO 6000 Blackwell Server Edition,I64,U32,64,1,1,4,1000000000,1,Yes,,,,,,,,,,
pfp_bloom_filter_contains_unique_size_u32,0,NVIDIA RTX PRO 6000 Blackwell Server Edition,I64,U32,64,1,1,4,1000000000,2,Yes,,,,,,,,,,
pfp_bloom_filter_contains_unique_size_u32,0,NVIDIA RTX PRO 6000 Blackwell Server Edition,I64,U32,64,1,1,4,1000000000,4,Yes,,,,,,,,,,
pfp_bloom_filter_contains_unique_size_u32,0,NVIDIA RTX PRO 6000 Blackwell Server Edition,I64,U32,64,1,1,4,1000000000,8,Yes,,,,,,,,,,
pfp_bloom_filter_contains_unique_size_u32,0,NVIDIA RTX PRO 6000 Blackwell Server Edition,I64,U32,64,1,1,4,1000000000,16,Yes,,,,,,,,,,
pfp_bloom_filter_contains_unique_size_u32,0,NVIDIA RTX PRO 6000 Blackwell Server Edition,I64,U32,64,1,1,4,1000000000,32,Yes,,,,,,,,,,
pfp_bloom_filter_contains_unique_size_u32,0,NVIDIA RTX PRO 6000 Blackwell Server Edition,I64,U32,64,1,1,4,1000000000,64,Yes,,,,,,,,,,
pfp_bloom_filter_contains_unique_size_u32,0,NVIDIA RTX PRO 6000 Blackwell Server Edition,I64,U32,64,1,1,4,1000000000,128,Yes,,,,,,,,,,
pfp_bloom_filter_contains_unique_size_u32,0,NVIDIA RTX PRO 6000 Blackwell Server Edition,I64,U32,64,1,1,4,1000000000,256,Yes,,,,,,,,,,
pfp_bloom_filter_contains_unique_size_u32,0,NVIDIA RTX PRO 6000 Blackwell Server Edition,I64,U32,64,1,1,4,1000000000,512,Yes,,,,,,,,,,
pfp_bloom_filter_contains_unique_size_u32,0,NVIDIA RTX PRO 6000 Blackwell Server Edition,I64,U32,64,1,1,4,1000000000,1024,Yes,,,,,,,,,,
pfp_bloom_filter_contains_unique_size_u32,0,NVIDIA RTX PRO 6000 Blackwell Server Edition,I64,U32,64,1,1,4,1000000000,2048,Yes,,,,,,,,,,
pfp_bloom_filter_contains_unique_size_u32,0,NVIDIA RTX PRO 6000 Blackwell Server Edition,I64,U32,64,1,1,8,1000000000,1,Yes,,,,,,,,,,
pfp_bloom_filter_contains_unique_size_u32,0,NVIDIA RTX PRO 6000 Blackwell Server Edition,I64,U32,64,1,1,8,1000000000,2,Yes,,,,,,,,,,
pfp_bloom_filter_contains_unique_size_u32,0,NVIDIA RTX PRO 6000 Blackwell Server Edition,I64,U32,64,1,1,8,1000000000,4,Yes,,,,,,,,,,
pfp_bloom_filter_contains_unique_size_u32,0,NVIDIA RTX PRO 6000 Blackwell Server Edition,I64,U32,64,1,1,8,1000000000,8,Yes,,,,,,,,,,
pfp_bloom_filter_contains_unique_size_u32,0,NVIDIA RTX PRO 6000 Blackwell Server Edition,I64,U32,64,1,1,8,1000000000,16,Yes,,,,,,,,,,
pfp_bloom_filter_contains_unique_size_u32,0,NVIDIA RTX PRO 6000 Blackwell Server Edition,I64,U32,64,1,1,8,1000000000,32,Yes,,,,,,,,,,
pfp_bloom_filter_contains_unique_size_u32,0,NVIDIA RTX PRO 6000 Blackwell Server Edition,I64,U32,64,1,1,8,1000000000,64,Yes,,,,,,,,,,
pfp_bloom_filter_contains_unique_size_u32,0,NVIDIA RTX PRO 6000 Blackwell Server Edition,I64,U32,64,1,1,8,1000000000,128,Yes,,,,,,,,,,
pfp_bloom_filter_contains_unique_size_u32,0,NVIDIA RTX PRO 6000 Blackwell Server Edition,I64,U32,64,1,1,8,1000000000,256,Yes,,,,,,,,,,
pfp_bloom_filter_contains_unique_size_u32,0,NVIDIA RTX PRO 6000 Blackwell Server Edition,I64,U32,64,1,1,8,1000000000,512,Yes,,,,,,,,,,
pfp_bloom_filter_contains_unique_size_u32,0,NVIDIA RTX PRO 6000 Blackwell Server Edition,I64,U32,64,1,1,8,1000000000,1024,Yes,,,,,,,,,,
pfp_bloom_filter_contains_unique_size_u32,0,NVIDIA RTX PRO 6000 Blackwell Server Edition,I64,U32,64,1,1,8,1000000000,2048,Yes,,,,,,,,,,
pfp_bloom_filter_contains_unique_size_u32,0,NVIDIA RTX PRO 6000 Blackwell Server Edition,I64,U32,64,1,2,1,1000000000,1,No,0.160706252,2,40,0.012602478150000002,0.00018652741989329938,0.012592300128936765,0.00018673934691515231,79413609091.32297,41,0.012580813524199694
pfp_bloom_filter_contains_unique_size_u32,0,NVIDIA RTX PRO 6000 Blackwell Server Edition,I64,U32,64,1,2,1,1000000000,2,No,0.160622666,2,40,0.012603215775,0.00015520341814096705,0.012593364048004149,0.00014606544022937462,79406900029.89983,41,0.012580478575171495
pfp_bloom_filter_contains_unique_size_u32,0,NVIDIA RTX PRO 6000 Blackwell Server Edition,I64,U32,64,1,2,1,1000000000,4,No,0.160622517,2,40,0.012616692074999996,0.00019344943646381526,0.012606644725799563,0.00018609605404321957,79323247521.48325,41,0.012590853063071646
pfp_bloom_filter_contains_unique_size_u32,0,NVIDIA RTX PRO 6000 Blackwell Server Edition,I64,U32,64,1,2,1,1000000000,8,No,0.16060779,2,40,0.012679389424999998,0.00012633353394238362,0.012669224739074711,0.00011500061232018852,78931427975.68167,41,0.012653202708174542
pfp_bloom_filter_contains_unique_size_u32,0,NVIDIA RTX PRO 6000 Blackwell Server Edition,I64,U32,64,1,2,1,1000000000,16,No,0.160592939,2,40,0.012690594925000001,0.0001499703601458826,0.012680160784721376,0.0001279131113950606,78863353310.54504,41,0.01265451570836509
pfp_bloom_filter_contains_unique_size_u32,0,NVIDIA RTX PRO 6000 Blackwell Server Edition,I64,U32,64,1,2,1,1000000000,32,No,0.160594232,2,40,0.0127227203,0.0001094118033351602,0.012713571023941042,0.00011934193154481577,78656106778.88147,41,0.012668628227419971
pfp_bloom_filter_contains_unique_size_u32,0,NVIDIA RTX PRO 6000 Blackwell Server Edition,I64,U32,64,1,2,1,1000000000,64,No,0.160613244,2,40,0.012783370999999998,0.00017754473094499205,0.012773145604133609,0.00016586878537298784,78289250822.94394,41,0.012663243735708842
pfp_bloom_filter_contains_unique_size_u32,0,NVIDIA RTX PRO 6000 Blackwell Server Edition,I64,U32,64,1,2,1,1000000000,128,No,0.160594055,2,19,0.027402643368421048,0.00021151854277445142,0.02739168157075581,0.00021017126591902382,36507433741.03875,20,0.027252735900878906
pfp_bloom_filter_contains_unique_size_u32,0,NVIDIA RTX PRO 6000 Blackwell Server Edition,I64,U32,64,1,2,1,1000000000,256,No,0.160611554,2,11,0.05629014636363638,8.064894744745269e-05,0.05627954933860085,8.629877144404594e-05,17768443630.98201,12,0.05620543638865153
pfp_bloom_filter_contains_unique_size_u32,0,NVIDIA RTX PRO 6000 Blackwell Server Edition,I64,U32,64,1,2,1,1000000000,512,No,0.160621582,2,11,0.06450075227272727,9.412802398491477e-05,0.06449038210782138,9.336517694161438e-05,15506188168.153532,12,0.0644180145263672
pfp_bloom_filter_contains_unique_size_u32,0,NVIDIA RTX PRO 6000 Blackwell Server Edition,I64,U32,64,1,2,1,1000000000,1024,No,0.160605115,2,11,0.06780023227272729,7.66824034827076e-05,0.06778943634033202,7.77330850571227e-05,14751560921.373817,12,0.06771827379862466
pfp_bloom_filter_contains_unique_size_u32,0,NVIDIA RTX PRO 6000 Blackwell Server Edition,I64,U32,64,1,2,1,1000000000,2048,No,0.160616467,2,11,0.06929446572727273,6.960569549740665e-05,0.0692834736217152,8.094043876443084e-05,14433456461.203968,12,0.06921275965372721
pfp_bloom_filter_contains_unique_size_u32,0,NVIDIA RTX PRO 6000 Blackwell Server Edition,I64,U32,64,1,2,2,1000000000,1,Yes,,,,,,,,,,
pfp_bloom_filter_contains_unique_size_u32,0,NVIDIA RTX PRO 6000 Blackwell Server Edition,I64,U32,64,1,2,2,1000000000,2,Yes,,,,,,,,,,
pfp_bloom_filter_contains_unique_size_u32,0,NVIDIA RTX PRO 6000 Blackwell Server Edition,I64,U32,64,1,2,2,1000000000,4,Yes,,,,,,,,,,
pfp_bloom_filter_contains_unique_size_u32,0,NVIDIA RTX PRO 6000 Blackwell Server Edition,I64,U32,64,1,2,2,1000000000,8,Yes,,,,,,,,,,
pfp_bloom_filter_contains_unique_size_u32,0,NVIDIA RTX PRO 6000 Blackwell Server Edition,I64,U32,64,1,2,2,1000000000,16,Yes,,,,,,,,,,
pfp_bloom_filter_contains_unique_size_u32,0,NVIDIA RTX PRO 6000 Blackwell Server Edition,I64,U32,64,1,2,2,1000000000,32,Yes,,,,,,,,,,
pfp_bloom_filter_contains_unique_size_u32,0,NVIDIA RTX PRO 6000 Blackwell Server Edition,I64,U32,64,1,2,2,1000000000,64,Yes,,,,,,,,,,
pfp_bloom_filter_contains_unique_size_u32,0,NVIDIA RTX PRO 6000 Blackwell Server Edition,I64,U32,64,1,2,2,1000000000,128,Yes,,,,,,,,,,
pfp_bloom_filter_contains_unique_size_u32,0,NVIDIA RTX PRO 6000 Blackwell Server Edition,I64,U32,64,1,2,2,1000000000,256,Yes,,,,,,,,,,
pfp_bloom_filter_contains_unique_size_u32,0,NVIDIA RTX PRO 6000 Blackwell Server Edition,I64,U32,64,1,2,2,1000000000,512,Yes,,,,,,,,,,
pfp_bloom_filter_contains_unique_size_u32,0,NVIDIA RTX PRO 6000 Blackwell Server Edition,I64,U32,64,1,2,2,1000000000,1024,Yes,,,,,,,,,,
pfp_bloom_filter_contains_unique_size_u32,0,NVIDIA RTX PRO 6000 Blackwell Server Edition,I64,U32,64,1,2,2,1000000000,2048,Yes,,,,,,,,,,
pfp_bloom_filter_contains_unique_size_u32,0,NVIDIA RTX PRO 6000 Blackwell Server Edition,I64,U32,64,1,2,4,1000000000,1,Yes,,,,,,,,,,
pfp_bloom_filter_contains_unique_size_u32,0,NVIDIA RTX PRO 6000 Blackwell Server Edition,I64,U32,64,1,2,4,1000000000,2,Yes,,,,,,,,,,
pfp_bloom_filter_contains_unique_size_u32,0,NVIDIA RTX PRO 6000 Blackwell Server Edition,I64,U32,64,1,2,4,1000000000,4,Yes,,,,,,,,,,
pfp_bloom_filter_contains_unique_size_u32,0,NVIDIA RTX PRO 6000 Blackwell Server Edition,I64,U32,64,1,2,4,1000000000,8,Yes,,,,,,,,,,
pfp_bloom_filter_contains_unique_size_u32,0,NVIDIA RTX PRO 6000 Blackwell Server Edition,I64,U32,64,1,2,4,1000000000,16,Yes,,,,,,,,,,
pfp_bloom_filter_contains_unique_size_u32,0,NVIDIA RTX PRO 6000 Blackwell Server Edition,I64,U32,64,1,2,4,1000000000,32,Yes,,,,,,,,,,
pfp_bloom_filter_contains_unique_size_u32,0,NVIDIA RTX PRO 6000 Blackwell Server Edition,I64,U32,64,1,2,4,1000000000,64,Yes,,,,,,,,,,
pfp_bloom_filter_contains_unique_size_u32,0,NVIDIA RTX PRO 6000 Blackwell Server Edition,I64,U32,64,1,2,4,1000000000,128,Yes,,,,,,,,,,
pfp_bloom_filter_contains_unique_size_u32,0,NVIDIA RTX PRO 6000 Blackwell Server Edition,I64,U32,64,1,2,4,1000000000,256,Yes,,,,,,,,,,
pfp_bloom_filter_contains_unique_size_u32,0,NVIDIA RTX PRO 6000 Blackwell Server Edition,I64,U32,64,1,2,4,1000000000,512,Yes,,,,,,,,,,
pfp_bloom_filter_contains_unique_size_u32,0,NVIDIA RTX PRO 6000 Blackwell Server Edition,I64,U32,64,1,2,4,1000000000,1024,Yes,,,,,,,,,,
pfp_bloom_filter_contains_unique_size_u32,0,NVIDIA RTX PRO 6000 Blackwell Server Edition,I64,U32,64,1,2,4,1000000000,2048,Yes,,,,,,,,,,
pfp_bloom_filter_contains_unique_size_u32,0,NVIDIA RTX PRO 6000 Blackwell Server Edition,I64,U32,64,1,2,8,1000000000,1,Yes,,,,,,,,,,
pfp_bloom_filter_contains_unique_size_u32,0,NVIDIA RTX PRO 6000 Blackwell Server Edition,I64,U32,64,1,2,8,1000000000,2,Yes,,,,,,,,,,
pfp_bloom_filter_contains_unique_size_u32,0,NVIDIA RTX PRO 6000 Blackwell Server Edition,I64,U32,64,1,2,8,1000000000,4,Yes,,,,,,,,,,
pfp_bloom_filter_contains_unique_size_u32,0,NVIDIA RTX PRO 6000 Blackwell Server Edition,I64,U32,64,1,2,8,1000000000,8,Yes,,,,,,,,,,
pfp_bloom_filter_contains_unique_size_u32,0,NVIDIA RTX PRO 6000 Blackwell Server Edition,I64,U32,64,1,2,8,1000000000,16,Yes,,,,,,,,,,
pfp_bloom_filter_contains_unique_size_u32,0,NVIDIA RTX PRO 6000 Blackwell Server Edition,I64,U32,64,1,2,8,1000000000,32,Yes,,,,,,,,,,
pfp_bloom_filter_contains_unique_size_u32,0,NVIDIA RTX PRO 6000 Blackwell Server Edition,I64,U32,64,1,2,8,1000000000,64,Yes,,,,,,,,,,
pfp_bloom_filter_contains_unique_size_u32,0,NVIDIA RTX PRO 6000 Blackwell Server Edition,I64,U32,64,1,2,8,1000000000,128,Yes,,,,,,,,,,
pfp_bloom_filter_contains_unique_size_u32,0,NVIDIA RTX PRO 6000 Blackwell Server Edition,I64,U32,64,1,2,8,1000000000,256,Yes,,,,,,,,,,
pfp_bloom_filter_contains_unique_size_u32,0,NVIDIA RTX PRO 6000 Blackwell Server Edition,I64,U32,64,1,2,8,1000000000,512,Yes,,,,,,,,,,
pfp_bloom_filter_contains_unique_size_u32,0,NVIDIA RTX PRO 6000 Blackwell Server Edition,I64,U32,64,1,2,8,1000000000,1024,Yes,,,,,,,,,,
pfp_bloom_filter_contains_unique_size_u32,0,NVIDIA RTX PRO 6000 Blackwell Server Edition,I64,U32,64,1,2,8,1000000000,2048,Yes,,,,,,,,,,
pfp_bloom_filter_contains_unique_size_u32,0,NVIDIA RTX PRO 6000 Blackwell Server Edition,I64,U32,64,1,4,1,1000000000,1,Yes,,,,,,,,,,
pfp_bloom_filter_contains_unique_size_u32,0,NVIDIA RTX PRO 6000 Blackwell Server Edition,I64,U32,64,1,4,1,1000000000,2,Yes,,,,,,,,,,
pfp_bloom_filter_contains_unique_size_u32,0,NVIDIA RTX PRO 6000 Blackwell Server Edition,I64,U32,64,1,4,1,1000000000,4,Yes,,,,,,,,,,
pfp_bloom_filter_contains_unique_size_u32,0,NVIDIA RTX PRO 6000 Blackwell Server Edition,I64,U32,64,1,4,1,1000000000,8,Yes,,,,,,,,,,
pfp_bloom_filter_contains_unique_size_u32,0,NVIDIA RTX PRO 6000 Blackwell Server Edition,I64,U32,64,1,4,1,1000000000,16,Yes,,,,,,,,,,
pfp_bloom_filter_contains_unique_size_u32,0,NVIDIA RTX PRO 6000 Blackwell Server Edition,I64,U32,64,1,4,1,1000000000,32,Yes,,,,,,,,,,
pfp_bloom_filter_contains_unique_size_u32,0,NVIDIA RTX PRO 6000 Blackwell Server Edition,I64,U32,64,1,4,1,1000000000,64,Yes,,,,,,,,,,
pfp_bloom_filter_contains_unique_size_u32,0,NVIDIA RTX PRO 6000 Blackwell Server Edition,I64,U32,64,1,4,1,1000000000,128,Yes,,,,,,,,,,
pfp_bloom_filter_contains_unique_size_u32,0,NVIDIA RTX PRO 6000 Blackwell Server Edition,I64,U32,64,1,4,1,1000000000,256,Yes,,,,,,,,,,
pfp_bloom_filter_contains_unique_size_u32,0,NVIDIA RTX PRO 6000 Blackwell Server Edition,I64,U32,64,1,4,1,1000000000,512,Yes,,,,,,,,,,
pfp_bloom_filter_contains_unique_size_u32,0,NVIDIA RTX PRO 6000 Blackwell Server Edition,I64,U32,64,1,4,1,1000000000,1024,Yes,,,,,,,,,,
pfp_bloom_filter_contains_unique_size_u32,0,NVIDIA RTX PRO 6000 Blackwell Server Edition,I64,U32,64,1,4,1,1000000000,2048,Yes,,,,,,,,,,
pfp_bloom_filter_contains_unique_size_u32,0,NVIDIA RTX PRO 6000 Blackwell Server Edition,I64,U32,64,1,4,2,1000000000,1,Yes,,,,,,,,,,
pfp_bloom_filter_contains_unique_size_u32,0,NVIDIA RTX PRO 6000 Blackwell Server Edition,I64,U32,64,1,4,2,1000000000,2,Yes,,,,,,,,,,
pfp_bloom_filter_contains_unique_size_u32,0,NVIDIA RTX PRO 6000 Blackwell Server Edition,I64,U32,64,1,4,2,1000000000,4,Yes,,,,,,,,,,
pfp_bloom_filter_contains_unique_size_u32,0,NVIDIA RTX PRO 6000 Blackwell Server Edition,I64,U32,64,1,4,2,1000000000,8,Yes,,,,,,,,,,
pfp_bloom_filter_contains_unique_size_u32,0,NVIDIA RTX PRO 6000 Blackwell Server Edition,I64,U32,64,1,4,2,1000000000,16,Yes,,,,,,,,,,
pfp_bloom_filter_contains_unique_size_u32,0,NVIDIA RTX PRO 6000 Blackwell Server Edition,I64,U32,64,1,4,2,1000000000,32,Yes,,,,,,,,,,
pfp_bloom_filter_contains_unique_size_u32,0,NVIDIA RTX PRO 6000 Blackwell Server Edition,I64,U32,64,1,4,2,1000000000,64,Yes,,,,,,,,,,
pfp_bloom_filter_contains_unique_size_u32,0,NVIDIA RTX PRO 6000 Blackwell Server Edition,I64,U32,64,1,4,2,1000000000,128,Yes,,,,,,,,,,
pfp_bloom_filter_contains_unique_size_u32,0,NVIDIA RTX PRO 6000 Blackwell Server Edition,I64,U32,64,1,4,2,1000000000,256,Yes,,,,,,,,,,
pfp_bloom_filter_contains_unique_size_u32,0,NVIDIA RTX PRO 6000 Blackwell Server Edition,I64,U32,64,1,4,2,1000000000,512,Yes,,,,,,,,,,
pfp_bloom_filter_contains_unique_size_u32,0,NVIDIA RTX PRO 6000 Blackwell Server Edition,I64,U32,64,1,4,2,1000000000,1024,Yes,,,,,,,,,,
pfp_bloom_filter_contains_unique_size_u32,0,NVIDIA RTX PRO 6000 Blackwell Server Edition,I64,U32,64,1,4,2,1000000000,2048,Yes,,,,,,,,,,
pfp_bloom_filter_contains_unique_size_u32,0,NVIDIA RTX PRO 6000 Blackwell Server Edition,I64,U32,64,1,4,4,1000000000,1,Yes,,,,,,,,,,
pfp_bloom_filter_contains_unique_size_u32,0,NVIDIA RTX PRO 6000 Blackwell Server Edition,I64,U32,64,1,4,4,1000000000,2,Yes,,,,,,,,,,
pfp_bloom_filter_contains_unique_size_u32,0,NVIDIA RTX PRO 6000 Blackwell Server Edition,I64,U32,64,1,4,4,1000000000,4,Yes,,,,,,,,,,
pfp_bloom_filter_contains_unique_size_u32,0,NVIDIA RTX PRO 6000 Blackwell Server Edition,I64,U32,64,1,4,4,1000000000,8,Yes,,,,,,,,,,
pfp_bloom_filter_contains_unique_size_u32,0,NVIDIA RTX PRO 6000 Blackwell Server Edition,I64,U32,64,1,4,4,1000000000,16,Yes,,,,,,,,,,
pfp_bloom_filter_contains_unique_size_u32,0,NVIDIA RTX PRO 6000 Blackwell Server Edition,I64,U32,64,1,4,4,1000000000,32,Yes,,,,,,,,,,
pfp_bloom_filter_contains_unique_size_u32,0,NVIDIA RTX PRO 6000 Blackwell Server Edition,I64,U32,64,1,4,4,1000000000,64,Yes,,,,,,,,,,
pfp_bloom_filter_contains_unique_size_u32,0,NVIDIA RTX PRO 6000 Blackwell Server Edition,I64,U32,64,1,4,4,1000000000,128,Yes,,,,,,,,,,
pfp_bloom_filter_contains_unique_size_u32,0,NVIDIA RTX PRO 6000 Blackwell Server Edition,I64,U32,64,1,4,4,1000000000,256,Yes,,,,,,,,,,
pfp_bloom_filter_contains_unique_size_u32,0,NVIDIA RTX PRO 6000 Blackwell Server Edition,I64,U32,64,1,4,4,1000000000,512,Yes,,,,,,,,,,
pfp_bloom_filter_contains_unique_size_u32,0,NVIDIA RTX PRO 6000 Blackwell Server Edition,I64,U32,64,1,4,4,1000000000,1024,Yes,,,,,,,,,,
pfp_bloom_filter_contains_unique_size_u32,0,NVIDIA RTX PRO 6000 Blackwell Server Edition,I64,U32,64,1,4,4,1000000000,2048,Yes,,,,,,,,,,
pfp_bloom_filter_contains_unique_size_u32,0,NVIDIA RTX PRO 6000 Blackwell Server Edition,I64,U32,64,1,4,8,1000000000,1,Yes,,,,,,,,,,
pfp_bloom_filter_contains_unique_size_u32,0,NVIDIA RTX PRO 6000 Blackwell Server Edition,I64,U32,64,1,4,8,1000000000,2,Yes,,,,,,,,,,
pfp_bloom_filter_contains_unique_size_u32,0,NVIDIA RTX PRO 6000 Blackwell Server Edition,I64,U32,64,1,4,8,1000000000,4,Yes,,,,,,,,,,
pfp_bloom_filter_contains_unique_size_u32,0,NVIDIA RTX PRO 6000 Blackwell Server Edition,I64,U32,64,1,4,8,1000000000,8,Yes,,,,,,,,,,
pfp_bloom_filter_contains_unique_size_u32,0,NVIDIA RTX PRO 6000 Blackwell Server Edition,I64,U32,64,1,4,8,1000000000,16,Yes,,,,,,,,,,
pfp_bloom_filter_contains_unique_size_u32,0,NVIDIA RTX PRO 6000 Blackwell Server Edition,I64,U32,64,1,4,8,1000000000,32,Yes,,,,,,,,,,
pfp_bloom_filter_contains_unique_size_u32,0,NVIDIA RTX PRO 6000 Blackwell Server Edition,I64,U32,64,1,4,8,1000000000,64,Yes,,,,,,,,,,
pfp_bloom_filter_contains_unique_size_u32,0,NVIDIA RTX PRO 6000 Blackwell Server Edition,I64,U32,64,1,4,8,1000000000,128,Yes,,,,,,,,,,
pfp_bloom_filter_contains_unique_size_u32,0,NVIDIA RTX PRO 6000 Blackwell Server Edition,I64,U32,64,1,4,8,1000000000,256,Yes,,,,,,,,,,
pfp_bloom_filter_contains_unique_size_u32,0,NVIDIA RTX PRO 6000 Blackwell Server Edition,I64,U32,64,1,4,8,1000000000,512,Yes,,,,,,,,,,
pfp_bloom_filter_contains_unique_size_u32,0,NVIDIA RTX PRO 6000 Blackwell Server Edition,I64,U32,64,1,4,8,1000000000,1024,Yes,,,,,,,,,,
pfp_bloom_filter_contains_unique_size_u32,0,NVIDIA RTX PRO 6000 Blackwell Server Edition,I64,U32,64,1,4,8,1000000000,2048,Yes,,,,,,,,,,
pfp_bloom_filter_contains_unique_size_u32,0,NVIDIA RTX PRO 6000 Blackwell Server Edition,I64,U32,64,1,8,1,1000000000,1,Yes,,,,,,,,,,
pfp_bloom_filter_contains_unique_size_u32,0,NVIDIA RTX PRO 6000 Blackwell Server Edition,I64,U32,64,1,8,1,1000000000,2,Yes,,,,,,,,,,
pfp_bloom_filter_contains_unique_size_u32,0,NVIDIA RTX PRO 6000 Blackwell Server Edition,I64,U32,64,1,8,1,1000000000,4,Yes,,,,,,,,,,
pfp_bloom_filter_contains_unique_size_u32,0,NVIDIA RTX PRO 6000 Blackwell Server Edition,I64,U32,64,1,8,1,1000000000,8,Yes,,,,,,,,,,
pfp_bloom_filter_contains_unique_size_u32,0,NVIDIA RTX PRO 6000 Blackwell Server Edition,I64,U32,64,1,8,1,1000000000,16,Yes,,,,,,,,,,
pfp_bloom_filter_contains_unique_size_u32,0,NVIDIA RTX PRO 6000 Blackwell Server Edition,I64,U32,64,1,8,1,1000000000,32,Yes,,,,,,,,,,
pfp_bloom_filter_contains_unique_size_u32,0,NVIDIA RTX PRO 6000 Blackwell Server Edition,I64,U32,64,1,8,1,1000000000,64,Yes,,,,,,,,,,
pfp_bloom_filter_contains_unique_size_u32,0,NVIDIA RTX PRO 6000 Blackwell Server Edition,I64,U32,64,1,8,1,1000000000,128,Yes,,,,,,,,,,
pfp_bloom_filter_contains_unique_size_u32,0,NVIDIA RTX PRO 6000 Blackwell Server Edition,I64,U32,64,1,8,1,1000000000,256,Yes,,,,,,,,,,
pfp_bloom_filter_contains_unique_size_u32,0,NVIDIA RTX PRO 6000 Blackwell Server Edition,I64,U32,64,1,8,1,1000000000,512,Yes,,,,,,,,,,
pfp_bloom_filter_contains_unique_size_u32,0,NVIDIA RTX PRO 6000 Blackwell Server Edition,I64,U32,64,1,8,1,1000000000,1024,Yes,,,,,,,,,,
pfp_bloom_filter_contains_unique_size_u32,0,NVIDIA RTX PRO 6000 Blackwell Server Edition,I64,U32,64,1,8,1,1000000000,2048,Yes,,,,,,,,,,
pfp_bloom_filter_contains_unique_size_u32,0,NVIDIA RTX PRO 6000 Blackwell Server Edition,I64,U32,64,1,8,2,1000000000,1,Yes,,,,,,,,,,
pfp_bloom_filter_contains_unique_size_u32,0,NVIDIA RTX PRO 6000 Blackwell Server Edition,I64,U32,64,1,8,2,1000000000,2,Yes,,,,,,,,,,
pfp_bloom_filter_contains_unique_size_u32,0,NVIDIA RTX PRO 6000 Blackwell Server Edition,I64,U32,64,1,8,2,1000000000,4,Yes,,,,,,,,,,
pfp_bloom_filter_contains_unique_size_u32,0,NVIDIA RTX PRO 6000 Blackwell Server Edition,I64,U32,64,1,8,2,1000000000,8,Yes,,,,,,,,,,
pfp_bloom_filter_contains_unique_size_u32,0,NVIDIA RTX PRO 6000 Blackwell Server Edition,I64,U32,64,1,8,2,1000000000,16,Yes,,,,,,,,,,
pfp_bloom_filter_contains_unique_size_u32,0,NVIDIA RTX PRO 6000 Blackwell Server Edition,I64,U32,64,1,8,2,1000000000,32,Yes,,,,,,,,,,
pfp_bloom_filter_contains_unique_size_u32,0,NVIDIA RTX PRO 6000 Blackwell Server Edition,I64,U32,64,1,8,2,1000000000,64,Yes,,,,,,,,,,
pfp_bloom_filter_contains_unique_size_u32,0,NVIDIA RTX PRO 6000 Blackwell Server Edition,I64,U32,64,1,8,2,1000000000,128,Yes,,,,,,,,,,
pfp_bloom_filter_contains_unique_size_u32,0,NVIDIA RTX PRO 6000 Blackwell Server Edition,I64,U32,64,1,8,2,1000000000,256,Yes,,,,,,,,,,
pfp_bloom_filter_contains_unique_size_u32,0,NVIDIA RTX PRO 6000 Blackwell Server Edition,I64,U32,64,1,8,2,1000000000,512,Yes,,,,,,,,,,
pfp_bloom_filter_contains_unique_size_u32,0,NVIDIA RTX PRO 6000 Blackwell Server Edition,I64,U32,64,1,8,2,1000000000,1024,Yes,,,,,,,,,,
pfp_bloom_filter_contains_unique_size_u32,0,NVIDIA RTX PRO 6000 Blackwell Server Edition,I64,U32,64,1,8,2,1000000000,2048,Yes,,,,,,,,,,
pfp_bloom_filter_contains_unique_size_u32,0,NVIDIA RTX PRO 6000 Blackwell Server Edition,I64,U32,64,1,8,4,1000000000,1,Yes,,,,,,,,,,
pfp_bloom_filter_contains_unique_size_u32,0,NVIDIA RTX PRO 6000 Blackwell Server Edition,I64,U32,64,1,8,4,1000000000,2,Yes,,,,,,,,,,
pfp_bloom_filter_contains_unique_size_u32,0,NVIDIA RTX PRO 6000 Blackwell Server Edition,I64,U32,64,1,8,4,1000000000,4,Yes,,,,,,,,,,
pfp_bloom_filter_contains_unique_size_u32,0,NVIDIA RTX PRO 6000 Blackwell Server Edition,I64,U32,64,1,8,4,1000000000,8,Yes,,,,,,,,,,
pfp_bloom_filter_contains_unique_size_u32,0,NVIDIA RTX PRO 6000 Blackwell Server Edition,I64,U32,64,1,8,4,1000000000,16,Yes,,,,,,,,,,
pfp_bloom_filter_contains_unique_size_u32,0,NVIDIA RTX PRO 6000 Blackwell Server Edition,I64,U32,64,1,8,4,1000000000,32,Yes,,,,,,,,,,
pfp_bloom_filter_contains_unique_size_u32,0,NVIDIA RTX PRO 6000 Blackwell Server Edition,I64,U32,64,1,8,4,1000000000,64,Yes,,,,,,,,,,
pfp_bloom_filter_contains_unique_size_u32,0,NVIDIA RTX PRO 6000 Blackwell Server Edition,I64,U32,64,1,8,4,1000000000,128,Yes,,,,,,,,,,
pfp_bloom_filter_contains_unique_size_u32,0,NVIDIA RTX PRO 6000 Blackwell Server Edition,I64,U32,64,1,8,4,1000000000,256,Yes,,,,,,,,,,
pfp_bloom_filter_contains_unique_size_u32,0,NVIDIA RTX PRO 6000 Blackwell Server Edition,I64,U32,64,1,8,4,1000000000,512,Yes,,,,,,,,,,
pfp_bloom_filter_contains_unique_size_u32,0,NVIDIA RTX PRO 6000 Blackwell Server Edition,I64,U32,64,1,8,4,1000000000,1024,Yes,,,,,,,,,,
pfp_bloom_filter_contains_unique_size_u32,0,NVIDIA RTX PRO 6000 Blackwell Server Edition,I64,U32,64,1,8,4,1000000000,2048,Yes,,,,,,,,,,
pfp_bloom_filter_contains_unique_size_u32,0,NVIDIA RTX PRO 6000 Blackwell Server Edition,I64,U32,64,1,8,8,1000000000,1,Yes,,,,,,,,,,
pfp_bloom_filter_contains_unique_size_u32,0,NVIDIA RTX PRO 6000 Blackwell Server Edition,I64,U32,64,1,8,8,1000000000,2,Yes,,,,,,,,,,
pfp_bloom_filter_contains_unique_size_u32,0,NVIDIA RTX PRO 6000 Blackwell Server Edition,I64,U32,64,1,8,8,1000000000,4,Yes,,,,,,,,,,
pfp_bloom_filter_contains_unique_size_u32,0,NVIDIA RTX PRO 6000 Blackwell Server Edition,I64,U32,64,1,8,8,1000000000,8,Yes,,,,,,,,,,
pfp_bloom_filter_contains_unique_size_u32,0,NVIDIA RTX PRO 6000 Blackwell Server Edition,I64,U32,64,1,8,8,1000000000,16,Yes,,,,,,,,,,
pfp_bloom_filter_contains_unique_size_u32,0,NVIDIA RTX PRO 6000 Blackwell Server Edition,I64,U32,64,1,8,8,1000000000,32,Yes,,,,,,,,,,
pfp_bloom_filter_contains_unique_size_u32,0,NVIDIA RTX PRO 6000 Blackwell Server Edition,I64,U32,64,1,8,8,1000000000,64,Yes,,,,,,,,,,
pfp_bloom_filter_contains_unique_size_u32,0,NVIDIA RTX PRO 6000 Blackwell Server Edition,I64,U32,64,1,8,8,1000000000,128,Yes,,,,,,,,,,
pfp_bloom_filter_contains_unique_size_u32,0,NVIDIA RTX PRO 6000 Blackwell Server Edition,I64,U32,64,1,8,8,1000000000,256,Yes,,,,,,,,,,
pfp_bloom_filter_contains_unique_size_u32,0,NVIDIA RTX PRO 6000 Blackwell Server Edition,I64,U32,64,1,8,8,1000000000,512,Yes,,,,,,,,,,
pfp_bloom_filter_contains_unique_size_u32,0,NVIDIA RTX PRO 6000 Blackwell Server Edition,I64,U32,64,1,8,8,1000000000,1024,Yes,,,,,,,,,,
pfp_bloom_filter_contains_unique_size_u32,0,NVIDIA RTX PRO 6000 Blackwell Server Edition,I64,U32,64,1,8,8,1000000000,2048,Yes,,,,,,,,,,
pfp_bloom_filter_contains_unique_size_u32,0,NVIDIA RTX PRO 6000 Blackwell Server Edition,I64,U32,64,20,1,1,1000000000,1,No,0.001143903,40,62,0.008206780532258066,0.023753635773523258,0.008196629185830393,0.023769552781376383,122001371213.51195,63,0.008341893756200397
pfp_bloom_filter_contains_unique_size_u32,0,NVIDIA RTX PRO 6000 Blackwell Server Edition,I64,U32,64,20,1,1,1000000000,2,No,0.001210902,40,60,0.008358788466666666,0.015876842171545162,0.00834916206995646,0.015894723652320638,119772498320.32726,62,0.008431566792149696
pfp_bloom_filter_contains_unique_size_u32,0,NVIDIA RTX PRO 6000 Blackwell Server Edition,I64,U32,64,20,1,1,1000000000,4,No,0.001202528,40,60,0.008412541383333331,0.019309553141341064,0.008401990397771198,0.019355161469197198,119019417144.92685,62,0.008491586008379536
pfp_bloom_filter_contains_unique_size_u32,0,NVIDIA RTX PRO 6000 Blackwell Server Edition,I64,U32,64,20,1,1,1000000000,8,No,0.0012102,40,60,0.008450210966666667,0.01776032256226996,0.008439735444386798,0.017775492550673518,118487126354.7831,61,0.008525789854956455
pfp_bloom_filter_contains_unique_size_u32,0,NVIDIA RTX PRO 6000 Blackwell Server Edition,I64,U32,64,20,1,1,1000000000,16,No,0.001232106,40,60,0.0084788395,0.018263375415732502,0.008468651199340819,0.018281537711479334,118082558421.79895,61,0.00854576636142418
pfp_bloom_filter_contains_unique_size_u32,0,NVIDIA RTX PRO 6000 Blackwell Server Edition,I64,U32,64,20,1,1,1000000000,32,No,0.001209954,40,59,0.00854098642372881,0.014903035199353983,0.008531352932170288,0.014934193330677656,117214702984.46677,61,0.008569099801485656
pfp_bloom_filter_contains_unique_size_u32,0,NVIDIA RTX PRO 6000 Blackwell Server Edition,I64,U32,64,20,1,1,1000000000,64,No,0.001222983,40,59,0.008624959033898306,0.013338499490389715,0.008614869214720646,0.013363438710560277,116078372761.74214,61,0.0085816650390625
pfp_bloom_filter_contains_unique_size_u32,0,NVIDIA RTX PRO 6000 Blackwell Server Edition,I64,U32,64,20,1,1,1000000000,128,No,0.001218145,40,19,0.027436730315789474,0.0001660255095175068,0.02742642693770559,0.00016196775278506963,36461184035.0669,20,0.027287753868103025
pfp_bloom_filter_contains_unique_size_u32,0,NVIDIA RTX PRO 6000 Blackwell Server Edition,I64,U32,64,20,1,1,1000000000,256,No,0.001208729,40,11,0.056291391,0.00010648774487492751,0.05628036082874644,9.9093679358392e-05,17768187432.963787,12,0.05620347054799397
pfp_bloom_filter_contains_unique_size_u32,0,NVIDIA RTX PRO 6000 Blackwell Server Edition,I64,U32,64,20,1,1,1000000000,512,No,0.001215917,40,11,0.06445715754545454,0.00011656723381027519,0.06444593741677024,0.00011302818433324938,15516881902.625225,12,0.06437072245279948
pfp_bloom_filter_contains_unique_size_u32,0,NVIDIA RTX PRO 6000 Blackwell Server Edition,I64,U32,64,20,1,1,1000000000,1024,No,0.001208374,40,11,0.06774859727272728,5.7768003313465116e-05,0.06773783180930398,6.039315875056563e-05,14762799063.530806,12,0.0676702683766683
pfp_bloom_filter_contains_unique_size_u32,0,NVIDIA RTX PRO 6000 Blackwell Server Edition,I64,U32,64,20,1,1,1000000000,2048,No,0.001208513,40,11,0.06923249827272727,8.831445004567863e-05,0.06922116713090376,9.003639227693833e-05,14446448123.431747,12,0.06915125592549642
pfp_bloom_filter_contains_unique_size_u32,0,NVIDIA RTX PRO 6000 Blackwell Server Edition,I64,U32,64,20,1,2,1000000000,1,No,0.001143903,40,62,0.00818176516129032,0.02419451908905448,0.00817160572544221,0.02422126068895705,122374969326.59273,63,0.008311644539000495
pfp_bloom_filter_contains_unique_size_u32,0,NVIDIA RTX PRO 6000 Blackwell Server Edition,I64,U32,64,20,1,2,1000000000,2,No,0.001210902,40,61,0.008323661229508197,0.015064664989843834,0.00831376733936247,0.015036677616356938,120282413397.03928,62,0.008389334401776713
pfp_bloom_filter_contains_unique_size_u32,0,NVIDIA RTX PRO 6000 Blackwell Server Edition,I64,U32,64,20,1,2,1000000000,4,No,0.001202528,40,60,0.008377689100000002,0.016261148460831563,0.008367305072148643,0.016260891629131757,119512793112.87375,62,0.008447982295866937
pfp_bloom_filter_contains_unique_size_u32,0,NVIDIA RTX PRO 6000 Blackwell Server Edition,I64,U32,64,20,1,2,1000000000,8,No,0.0012102,40,60,0.00840105593333333,0.017739856151361075,0.008390885893503825,0.017771575829170945,119176927524.9225,62,0.008472344183152722
pfp_bloom_filter_contains_unique_size_u32,0,NVIDIA RTX PRO 6000 Blackwell Server Edition,I64,U32,64,20,1,2,1000000000,16,No,0.001232106,40,60,0.008419713616666668,0.0178208878578242,0.008409535948435467,0.017849353344987225,118912625634.95467,62,0.008487225932459676
pfp_bloom_filter_contains_unique_size_u32,0,NVIDIA RTX PRO 6000 Blackwell Server Edition,I64,U32,64,20,1,2,1000000000,32,No,0.001209954,40,60,0.008481481333333336,0.01409025003771547,0.008470880031585696,0.014106712420885438,118051488897.40636,62,0.008503526256930445
pfp_bloom_filter_contains_unique_size_u32,0,NVIDIA RTX PRO 6000 Blackwell Server Edition,I64,U32,64,20,1,2,1000000000,64,No,0.001222983,40,59,0.00851699018644068,0.021541858154097888,0.008506759595062773,0.021576698220176358,117553574757.23056,62,0.008512891215662802
pfp_bloom_filter_contains_unique_size_u32,0,NVIDIA RTX PRO 6000 Blackwell Server Edition,I64,U32,64,20,1,2,1000000000,128,No,0.001218145,40,19,0.027440301421052634,0.00010453923793726082,0.027430164136384654,0.00011070467874245134,36456216412.99452,20,0.027289188098907468
pfp_bloom_filter_contains_unique_size_u32,0,NVIDIA RTX PRO 6000 Blackwell Server Edition,I64,U32,64,20,1,2,1000000000,256,No,0.001208729,40,11,0.056287751090909104,0.00012654021556697127,0.05627674518931995,0.0001282310075410521,17769328994.345917,12,0.056202373186747236
pfp_bloom_filter_contains_unique_size_u32,0,NVIDIA RTX PRO 6000 Blackwell Server Edition,I64,U32,64,20,1,2,1000000000,512,No,0.001215917,40,11,0.06445282954545456,5.372080152401075e-05,0.06444173639470882,5.560050697577826e-05,15517893463.871777,12,0.06437077331542969
pfp_bloom_filter_contains_unique_size_u32,0,NVIDIA RTX PRO 6000 Blackwell Server Edition,I64,U32,64,20,1,2,1000000000,1024,No,0.001208374,40,11,0.06774457554545456,7.052561566883547e-05,0.0677336952903054,8.323777718422312e-05,14763700632.514112,12,0.06766424306233723
pfp_bloom_filter_contains_unique_size_u32,0,NVIDIA RTX PRO 6000 Blackwell Server Edition,I64,U32,64,20,1,2,1000000000,2048,No,0.001208513,40,11,0.06922608636363638,8.934383885559027e-05,0.06921510661732068,8.483377632531715e-05,14447713062.53765,12,0.06914670880635579
pfp_bloom_filter_contains_unique_size_u32,0,NVIDIA RTX PRO 6000 Blackwell Server Edition,I64,U32,64,20,1,4,1000000000,1,Yes,,,,,,,,,,
pfp_bloom_filter_contains_unique_size_u32,0,NVIDIA RTX PRO 6000 Blackwell Server Edition,I64,U32,64,20,1,4,1000000000,2,Yes,,,,,,,,,,
pfp_bloom_filter_contains_unique_size_u32,0,NVIDIA RTX PRO 6000 Blackwell Server Edition,I64,U32,64,20,1,4,1000000000,4,Yes,,,,,,,,,,
pfp_bloom_filter_contains_unique_size_u32,0,NVIDIA RTX PRO 6000 Blackwell Server Edition,I64,U32,64,20,1,4,1000000000,8,Yes,,,,,,,,,,
pfp_bloom_filter_contains_unique_size_u32,0,NVIDIA RTX PRO 6000 Blackwell Server Edition,I64,U32,64,20,1,4,1000000000,16,Yes,,,,,,,,,,
pfp_bloom_filter_contains_unique_size_u32,0,NVIDIA RTX PRO 6000 Blackwell Server Edition,I64,U32,64,20,1,4,1000000000,32,Yes,,,,,,,,,,
pfp_bloom_filter_contains_unique_size_u32,0,NVIDIA RTX PRO 6000 Blackwell Server Edition,I64,U32,64,20,1,4,1000000000,64,Yes,,,,,,,,,,
pfp_bloom_filter_contains_unique_size_u32,0,NVIDIA RTX PRO 6000 Blackwell Server Edition,I64,U32,64,20,1,4,1000000000,128,Yes,,,,,,,,,,
pfp_bloom_filter_contains_unique_size_u32,0,NVIDIA RTX PRO 6000 Blackwell Server Edition,I64,U32,64,20,1,4,1000000000,256,Yes,,,,,,,,,,
pfp_bloom_filter_contains_unique_size_u32,0,NVIDIA RTX PRO 6000 Blackwell Server Edition,I64,U32,64,20,1,4,1000000000,512,Yes,,,,,,,,,,
pfp_bloom_filter_contains_unique_size_u32,0,NVIDIA RTX PRO 6000 Blackwell Server Edition,I64,U32,64,20,1,4,1000000000,1024,Yes,,,,,,,,,,
pfp_bloom_filter_contains_unique_size_u32,0,NVIDIA RTX PRO 6000 Blackwell Server Edition,I64,U32,64,20,1,4,1000000000,2048,Yes,,,,,,,,,,
pfp_bloom_filter_contains_unique_size_u32,0,NVIDIA RTX PRO 6000 Blackwell Server Edition,I64,U32,64,20,1,8,1000000000,1,Yes,,,,,,,,,,
pfp_bloom_filter_contains_unique_size_u32,0,NVIDIA RTX PRO 6000 Blackwell Server Edition,I64,U32,64,20,1,8,1000000000,2,Yes,,,,,,,,,,
pfp_bloom_filter_contains_unique_size_u32,0,NVIDIA RTX PRO 6000 Blackwell Server Edition,I64,U32,64,20,1,8,1000000000,4,Yes,,,,,,,,,,
pfp_bloom_filter_contains_unique_size_u32,0,NVIDIA RTX PRO 6000 Blackwell Server Edition,I64,U32,64,20,1,8,1000000000,8,Yes,,,,,,,,,,
pfp_bloom_filter_contains_unique_size_u32,0,NVIDIA RTX PRO 6000 Blackwell Server Edition,I64,U32,64,20,1,8,1000000000,16,Yes,,,,,,,,,,
pfp_bloom_filter_contains_unique_size_u32,0,NVIDIA RTX PRO 6000 Blackwell Server Edition,I64,U32,64,20,1,8,1000000000,32,Yes,,,,,,,,,,
pfp_bloom_filter_contains_unique_size_u32,0,NVIDIA RTX PRO 6000 Blackwell Server Edition,I64,U32,64,20,1,8,1000000000,64,Yes,,,,,,,,,,
pfp_bloom_filter_contains_unique_size_u32,0,NVIDIA RTX PRO 6000 Blackwell Server Edition,I64,U32,64,20,1,8,1000000000,128,Yes,,,,,,,,,,
pfp_bloom_filter_contains_unique_size_u32,0,NVIDIA RTX PRO 6000 Blackwell Server Edition,I64,U32,64,20,1,8,1000000000,256,Yes,,,,,,,,,,
pfp_bloom_filter_contains_unique_size_u32,0,NVIDIA RTX PRO 6000 Blackwell Server Edition,I64,U32,64,20,1,8,1000000000,512,Yes,,,,,,,,,,
pfp_bloom_filter_contains_unique_size_u32,0,NVIDIA RTX PRO 6000 Blackwell Server Edition,I64,U32,64,20,1,8,1000000000,1024,Yes,,,,,,,,,,
pfp_bloom_filter_contains_unique_size_u32,0,NVIDIA RTX PRO 6000 Blackwell Server Edition,I64,U32,64,20,1,8,1000000000,2048,Yes,,,,,,,,,,
pfp_bloom_filter_contains_unique_size_u32,0,NVIDIA RTX PRO 6000 Blackwell Server Edition,I64,U32,64,20,2,1,1000000000,1,No,0.001143903,40,37,0.01380882464864865,0.025425332041516886,0.013798630997941302,0.025450441446087553,72470957455.79369,38,0.014016752067365143
pfp_bloom_filter_contains_unique_size_u32,0,NVIDIA RTX PRO 6000 Blackwell Server Edition,I64,U32,64,20,2,1,1000000000,2,No,0.001210902,40,36,0.013920534888888888,0.019631880449810794,0.01391020356284247,0.01964488263607065,71889674042.67488,37,0.014040146286423142
pfp_bloom_filter_contains_unique_size_u32,0,NVIDIA RTX PRO 6000 Blackwell Server Edition,I64,U32,64,20,2,1,1000000000,4,No,0.001202528,40,36,0.013995466083333333,0.01322132008079314,0.013985152032640245,0.013232041186878351,71504406792.72408,37,0.014078489561338683
pfp_bloom_filter_contains_unique_size_u32,0,NVIDIA RTX PRO 6000 Blackwell Server Edition,I64,U32,64,20,2,1,1000000000,8,No,0.0012102,40,36,0.013990773666666666,0.019825169556118825,0.013980415953530204,0.019835643584260723,71528630000.99002,37,0.01411183785103463
pfp_bloom_filter_contains_unique_size_u32,0,NVIDIA RTX PRO 6000 Blackwell Server Edition,I64,U32,64,20,2,1,1000000000,16,No,0.001232106,40,36,0.014040832777777783,0.015160985135364458,0.0140305307176378,0.015154118704140457,71273141417.44464,37,0.014130948453336149
pfp_bloom_filter_contains_unique_size_u32,0,NVIDIA RTX PRO 6000 Blackwell Server Edition,I64,U32,64,20,2,1,1000000000,32,No,0.001209954,40,36,0.014081073166666668,0.014997280450227163,0.01407181779543559,0.01501088614146964,71064024174.9268,37,0.014150045858847127
pfp_bloom_filter_contains_unique_size_u32,0,NVIDIA RTX PRO 6000 Blackwell Server Edition,I64,U32,64,20,2,1,1000000000,64,No,0.001222983,40,36,0.01414461911111111,0.014827321957582027,0.014134496026568941,0.014836648748361181,70748896750.21144,37,0.014161751412056589
pfp_bloom_filter_contains_unique_size_u32,0,NVIDIA RTX PRO 6000 Blackwell Server Edition,I64,U32,64,20,2,1,1000000000,128,No,0.001218145,40,19,0.02739889278947369,0.00013335289832273873,0.02738853565015291,0.0001225285471256755,36511627082.71397,20,0.0272521203994751
pfp_bloom_filter_contains_unique_size_u32,0,NVIDIA RTX PRO 6000 Blackwell Server Edition,I64,U32,64,20,2,1,1000000000,256,No,0.001208729,40,11,0.056276327818181815,5.722305324282254e-05,0.05626548905806108,7.038171412844716e-05,17772883818.144497,12,0.05618892860412598
pfp_bloom_filter_contains_unique_size_u32,0,NVIDIA RTX PRO 6000 Blackwell Server Edition,I64,U32,64,20,2,1,1000000000,512,No,0.001215917,40,11,0.06448553190909091,0.00011681988255785606,0.06447438881613993,0.00010201456994758429,15510034579.02759,12,0.06440190505981445
pfp_bloom_filter_contains_unique_size_u32,0,NVIDIA RTX PRO 6000 Blackwell Server Edition,I64,U32,64,20,2,1,1000000000,1024,No,0.001208374,40,11,0.06779842918181819,8.540026900323076e-05,0.06778777868097478,8.178924258695332e-05,14751921651.043251,12,0.06771985054016112
pfp_bloom_filter_contains_unique_size_u32,0,NVIDIA RTX PRO 6000 Blackwell Server Edition,I64,U32,64,20,2,1,1000000000,2048,No,0.001208513,40,11,0.06928978400000001,8.372273515395072e-05,0.06927875796231354,7.920084984837871e-05,14434438916.240139,12,0.06921130434672038
pfp_bloom_filter_contains_unique_size_u32,0,NVIDIA RTX PRO 6000 Blackwell Server Edition,I64,U32,64,20,2,2,1000000000,1,Yes,,,,,,,,,,
pfp_bloom_filter_contains_unique_size_u32,0,NVIDIA RTX PRO 6000 Blackwell Server Edition,I64,U32,64,20,2,2,1000000000,2,Yes,,,,,,,,,,
pfp_bloom_filter_contains_unique_size_u32,0,NVIDIA RTX PRO 6000 Blackwell Server Edition,I64,U32,64,20,2,2,1000000000,4,Yes,,,,,,,,,,
pfp_bloom_filter_contains_unique_size_u32,0,NVIDIA RTX PRO 6000 Blackwell Server Edition,I64,U32,64,20,2,2,1000000000,8,Yes,,,,,,,,,,
pfp_bloom_filter_contains_unique_size_u32,0,NVIDIA RTX PRO 6000 Blackwell Server Edition,I64,U32,64,20,2,2,1000000000,16,Yes,,,,,,,,,,
pfp_bloom_filter_contains_unique_size_u32,0,NVIDIA RTX PRO 6000 Blackwell Server Edition,I64,U32,64,20,2,2,1000000000,32,Yes,,,,,,,,,,
pfp_bloom_filter_contains_unique_size_u32,0,NVIDIA RTX PRO 6000 Blackwell Server Edition,I64,U32,64,20,2,2,1000000000,64,Yes,,,,,,,,,,
pfp_bloom_filter_contains_unique_size_u32,0,NVIDIA RTX PRO 6000 Blackwell Server Edition,I64,U32,64,20,2,2,1000000000,128,Yes,,,,,,,,,,
pfp_bloom_filter_contains_unique_size_u32,0,NVIDIA RTX PRO 6000 Blackwell Server Edition,I64,U32,64,20,2,2,1000000000,256,Yes,,,,,,,,,,
pfp_bloom_filter_contains_unique_size_u32,0,NVIDIA RTX PRO 6000 Blackwell Server Edition,I64,U32,64,20,2,2,1000000000,512,Yes,,,,,,,,,,
pfp_bloom_filter_contains_unique_size_u32,0,NVIDIA RTX PRO 6000 Blackwell Server Edition,I64,U32,64,20,2,2,1000000000,1024,Yes,,,,,,,,,,
pfp_bloom_filter_contains_unique_size_u32,0,NVIDIA RTX PRO 6000 Blackwell Server Edition,I64,U32,64,20,2,2,1000000000,2048,Yes,,,,,,,,,,
pfp_bloom_filter_contains_unique_size_u32,0,NVIDIA RTX PRO 6000 Blackwell Server Edition,I64,U32,64,20,2,4,1000000000,1,Yes,,,,,,,,,,
pfp_bloom_filter_contains_unique_size_u32,0,NVIDIA RTX PRO 6000 Blackwell Server Edition,I64,U32,64,20,2,4,1000000000,2,Yes,,,,,,,,,,
pfp_bloom_filter_contains_unique_size_u32,0,NVIDIA RTX PRO 6000 Blackwell Server Edition,I64,U32,64,20,2,4,1000000000,4,Yes,,,,,,,,,,
pfp_bloom_filter_contains_unique_size_u32,0,NVIDIA RTX PRO 6000 Blackwell Server Edition,I64,U32,64,20,2,4,1000000000,8,Yes,,,,,,,,,,
pfp_bloom_filter_contains_unique_size_u32,0,NVIDIA RTX PRO 6000 Blackwell Server Edition,I64,U32,64,20,2,4,1000000000,16,Yes,,,,,,,,,,
pfp_bloom_filter_contains_unique_size_u32,0,NVIDIA RTX PRO 6000 Blackwell Server Edition,I64,U32,64,20,2,4,1000000000,32,Yes,,,,,,,,,,
pfp_bloom_filter_contains_unique_size_u32,0,NVIDIA RTX PRO 6000 Blackwell Server Edition,I64,U32,64,20,2,4,1000000000,64,Yes,,,,,,,,,,
pfp_bloom_filter_contains_unique_size_u32,0,NVIDIA RTX PRO 6000 Blackwell Server Edition,I64,U32,64,20,2,4,1000000000,128,Yes,,,,,,,,,,
pfp_bloom_filter_contains_unique_size_u32,0,NVIDIA RTX PRO 6000 Blackwell Server Edition,I64,U32,64,20,2,4,1000000000,256,Yes,,,,,,,,,,
pfp_bloom_filter_contains_unique_size_u32,0,NVIDIA RTX PRO 6000 Blackwell Server Edition,I64,U32,64,20,2,4,1000000000,512,Yes,,,,,,,,,,
pfp_bloom_filter_contains_unique_size_u32,0,NVIDIA RTX PRO 6000 Blackwell Server Edition,I64,U32,64,20,2,4,1000000000,1024,Yes,,,,,,,,,,
pfp_bloom_filter_contains_unique_size_u32,0,NVIDIA RTX PRO 6000 Blackwell Server Edition,I64,U32,64,20,2,4,1000000000,2048,Yes,,,,,,,,,,
pfp_bloom_filter_contains_unique_size_u32,0,NVIDIA RTX PRO 6000 Blackwell Server Edition,I64,U32,64,20,2,8,1000000000,1,Yes,,,,,,,,,,
pfp_bloom_filter_contains_unique_size_u32,0,NVIDIA RTX PRO 6000 Blackwell Server Edition,I64,U32,64,20,2,8,1000000000,2,Yes,,,,,,,,,,
pfp_bloom_filter_contains_unique_size_u32,0,NVIDIA RTX PRO 6000 Blackwell Server Edition,I64,U32,64,20,2,8,1000000000,4,Yes,,,,,,,,,,
pfp_bloom_filter_contains_unique_size_u32,0,NVIDIA RTX PRO 6000 Blackwell Server Edition,I64,U32,64,20,2,8,1000000000,8,Yes,,,,,,,,,,
pfp_bloom_filter_contains_unique_size_u32,0,NVIDIA RTX PRO 6000 Blackwell Server Edition,I64,U32,64,20,2,8,1000000000,16,Yes,,,,,,,,,,
pfp_bloom_filter_contains_unique_size_u32,0,NVIDIA RTX PRO 6000 Blackwell Server Edition,I64,U32,64,20,2,8,1000000000,32,Yes,,,,,,,,,,
pfp_bloom_filter_contains_unique_size_u32,0,NVIDIA RTX PRO 6000 Blackwell Server Edition,I64,U32,64,20,2,8,1000000000,64,Yes,,,,,,,,,,
pfp_bloom_filter_contains_unique_size_u32,0,NVIDIA RTX PRO 6000 Blackwell Server Edition,I64,U32,64,20,2,8,1000000000,128,Yes,,,,,,,,,,
pfp_bloom_filter_contains_unique_size_u32,0,NVIDIA RTX PRO 6000 Blackwell Server Edition,I64,U32,64,20,2,8,1000000000,256,Yes,,,,,,,,,,
pfp_bloom_filter_contains_unique_size_u32,0,NVIDIA RTX PRO 6000 Blackwell Server Edition,I64,U32,64,20,2,8,1000000000,512,Yes,,,,,,,,,,
pfp_bloom_filter_contains_unique_size_u32,0,NVIDIA RTX PRO 6000 Blackwell Server Edition,I64,U32,64,20,2,8,1000000000,1024,Yes,,,,,,,,,,
pfp_bloom_filter_contains_unique_size_u32,0,NVIDIA RTX PRO 6000 Blackwell Server Edition,I64,U32,64,20,2,8,1000000000,2048,Yes,,,,,,,,,,
pfp_bloom_filter_contains_unique_size_u32,0,NVIDIA RTX PRO 6000 Blackwell Server Edition,I64,U32,64,20,4,1,1000000000,1,Yes,,,,,,,,,,
pfp_bloom_filter_contains_unique_size_u32,0,NVIDIA RTX PRO 6000 Blackwell Server Edition,I64,U32,64,20,4,1,1000000000,2,Yes,,,,,,,,,,
pfp_bloom_filter_contains_unique_size_u32,0,NVIDIA RTX PRO 6000 Blackwell Server Edition,I64,U32,64,20,4,1,1000000000,4,Yes,,,,,,,,,,
pfp_bloom_filter_contains_unique_size_u32,0,NVIDIA RTX PRO 6000 Blackwell Server Edition,I64,U32,64,20,4,1,1000000000,8,Yes,,,,,,,,,,
pfp_bloom_filter_contains_unique_size_u32,0,NVIDIA RTX PRO 6000 Blackwell Server Edition,I64,U32,64,20,4,1,1000000000,16,Yes,,,,,,,,,,
pfp_bloom_filter_contains_unique_size_u32,0,NVIDIA RTX PRO 6000 Blackwell Server Edition,I64,U32,64,20,4,1,1000000000,32,Yes,,,,,,,,,,
pfp_bloom_filter_contains_unique_size_u32,0,NVIDIA RTX PRO 6000 Blackwell Server Edition,I64,U32,64,20,4,1,1000000000,64,Yes,,,,,,,,,,
pfp_bloom_filter_contains_unique_size_u32,0,NVIDIA RTX PRO 6000 Blackwell Server Edition,I64,U32,64,20,4,1,1000000000,128,Yes,,,,,,,,,,
pfp_bloom_filter_contains_unique_size_u32,0,NVIDIA RTX PRO 6000 Blackwell Server Edition,I64,U32,64,20,4,1,1000000000,256,Yes,,,,,,,,,,
pfp_bloom_filter_contains_unique_size_u32,0,NVIDIA RTX PRO 6000 Blackwell Server Edition,I64,U32,64,20,4,1,1000000000,512,Yes,,,,,,,,,,
pfp_bloom_filter_contains_unique_size_u32,0,NVIDIA RTX PRO 6000 Blackwell Server Edition,I64,U32,64,20,4,1,1000000000,1024,Yes,,,,,,,,,,
pfp_bloom_filter_contains_unique_size_u32,0,NVIDIA RTX PRO 6000 Blackwell Server Edition,I64,U32,64,20,4,1,1000000000,2048,Yes,,,,,,,,,,
pfp_bloom_filter_contains_unique_size_u32,0,NVIDIA RTX PRO 6000 Blackwell Server Edition,I64,U32,64,20,4,2,1000000000,1,Yes,,,,,,,,,,
pfp_bloom_filter_contains_unique_size_u32,0,NVIDIA RTX PRO 6000 Blackwell Server Edition,I64,U32,64,20,4,2,1000000000,2,Yes,,,,,,,,,,
pfp_bloom_filter_contains_unique_size_u32,0,NVIDIA RTX PRO 6000 Blackwell Server Edition,I64,U32,64,20,4,2,1000000000,4,Yes,,,,,,,,,,
pfp_bloom_filter_contains_unique_size_u32,0,NVIDIA RTX PRO 6000 Blackwell Server Edition,I64,U32,64,20,4,2,1000000000,8,Yes,,,,,,,,,,
pfp_bloom_filter_contains_unique_size_u32,0,NVIDIA RTX PRO 6000 Blackwell Server Edition,I64,U32,64,20,4,2,1000000000,16,Yes,,,,,,,,,,
pfp_bloom_filter_contains_unique_size_u32,0,NVIDIA RTX PRO 6000 Blackwell Server Edition,I64,U32,64,20,4,2,1000000000,32,Yes,,,,,,,,,,
pfp_bloom_filter_contains_unique_size_u32,0,NVIDIA RTX PRO 6000 Blackwell Server Edition,I64,U32,64,20,4,2,1000000000,64,Yes,,,,,,,,,,
pfp_bloom_filter_contains_unique_size_u32,0,NVIDIA RTX PRO 6000 Blackwell Server Edition,I64,U32,64,20,4,2,1000000000,128,Yes,,,,,,,,,,
pfp_bloom_filter_contains_unique_size_u32,0,NVIDIA RTX PRO 6000 Blackwell Server Edition,I64,U32,64,20,4,2,1000000000,256,Yes,,,,,,,,,,
pfp_bloom_filter_contains_unique_size_u32,0,NVIDIA RTX PRO 6000 Blackwell Server Edition,I64,U32,64,20,4,2,1000000000,512,Yes,,,,,,,,,,
pfp_bloom_filter_contains_unique_size_u32,0,NVIDIA RTX PRO 6000 Blackwell Server Edition,I64,U32,64,20,4,2,1000000000,1024,Yes,,,,,,,,,,
pfp_bloom_filter_contains_unique_size_u32,0,NVIDIA RTX PRO 6000 Blackwell Server Edition,I64,U32,64,20,4,2,1000000000,2048,Yes,,,,,,,,,,
pfp_bloom_filter_contains_unique_size_u32,0,NVIDIA RTX PRO 6000 Blackwell Server Edition,I64,U32,64,20,4,4,1000000000,1,Yes,,,,,,,,,,
pfp_bloom_filter_contains_unique_size_u32,0,NVIDIA RTX PRO 6000 Blackwell Server Edition,I64,U32,64,20,4,4,1000000000,2,Yes,,,,,,,,,,
pfp_bloom_filter_contains_unique_size_u32,0,NVIDIA RTX PRO 6000 Blackwell Server Edition,I64,U32,64,20,4,4,1000000000,4,Yes,,,,,,,,,,
pfp_bloom_filter_contains_unique_size_u32,0,NVIDIA RTX PRO 6000 Blackwell Server Edition,I64,U32,64,20,4,4,1000000000,8,Yes,,,,,,,,,,
pfp_bloom_filter_contains_unique_size_u32,0,NVIDIA RTX PRO 6000 Blackwell Server Edition,I64,U32,64,20,4,4,1000000000,16,Yes,,,,,,,,,,
pfp_bloom_filter_contains_unique_size_u32,0,NVIDIA RTX PRO 6000 Blackwell Server Edition,I64,U32,64,20,4,4,1000000000,32,Yes,,,,,,,,,,
pfp_bloom_filter_contains_unique_size_u32,0,NVIDIA RTX PRO 6000 Blackwell Server Edition,I64,U32,64,20,4,4,1000000000,64,Yes,,,,,,,,,,
pfp_bloom_filter_contains_unique_size_u32,0,NVIDIA RTX PRO 6000 Blackwell Server Edition,I64,U32,64,20,4,4,1000000000,128,Yes,,,,,,,,,,
pfp_bloom_filter_contains_unique_size_u32,0,NVIDIA RTX PRO 6000 Blackwell Server Edition,I64,U32,64,20,4,4,1000000000,256,Yes,,,,,,,,,,
pfp_bloom_filter_contains_unique_size_u32,0,NVIDIA RTX PRO 6000 Blackwell Server Edition,I64,U32,64,20,4,4,1000000000,512,Yes,,,,,,,,,,
pfp_bloom_filter_contains_unique_size_u32,0,NVIDIA RTX PRO 6000 Blackwell Server Edition,I64,U32,64,20,4,4,1000000000,1024,Yes,,,,,,,,,,
pfp_bloom_filter_contains_unique_size_u32,0,NVIDIA RTX PRO 6000 Blackwell Server Edition,I64,U32,64,20,4,4,1000000000,2048,Yes,,,,,,,,,,
pfp_bloom_filter_contains_unique_size_u32,0,NVIDIA RTX PRO 6000 Blackwell Server Edition,I64,U32,64,20,4,8,1000000000,1,Yes,,,,,,,,,,
pfp_bloom_filter_contains_unique_size_u32,0,NVIDIA RTX PRO 6000 Blackwell Server Edition,I64,U32,64,20,4,8,1000000000,2,Yes,,,,,,,,,,
pfp_bloom_filter_contains_unique_size_u32,0,NVIDIA RTX PRO 6000 Blackwell Server Edition,I64,U32,64,20,4,8,1000000000,4,Yes,,,,,,,,,,
pfp_bloom_filter_contains_unique_size_u32,0,NVIDIA RTX PRO 6000 Blackwell Server Edition,I64,U32,64,20,4,8,1000000000,8,Yes,,,,,,,,,,
pfp_bloom_filter_contains_unique_size_u32,0,NVIDIA RTX PRO 6000 Blackwell Server Edition,I64,U32,64,20,4,8,1000000000,16,Yes,,,,,,,,,,
pfp_bloom_filter_contains_unique_size_u32,0,NVIDIA RTX PRO 6000 Blackwell Server Edition,I64,U32,64,20,4,8,1000000000,32,Yes,,,,,,,,,,
pfp_bloom_filter_contains_unique_size_u32,0,NVIDIA RTX PRO 6000 Blackwell Server Edition,I64,U32,64,20,4,8,1000000000,64,Yes,,,,,,,,,,
pfp_bloom_filter_contains_unique_size_u32,0,NVIDIA RTX PRO 6000 Blackwell Server Edition,I64,U32,64,20,4,8,1000000000,128,Yes,,,,,,,,,,
pfp_bloom_filter_contains_unique_size_u32,0,NVIDIA RTX PRO 6000 Blackwell Server Edition,I64,U32,64,20,4,8,1000000000,256,Yes,,,,,,,,,,
pfp_bloom_filter_contains_unique_size_u32,0,NVIDIA RTX PRO 6000 Blackwell Server Edition,I64,U32,64,20,4,8,1000000000,512,Yes,,,,,,,,,,
pfp_bloom_filter_contains_unique_size_u32,0,NVIDIA RTX PRO 6000 Blackwell Server Edition,I64,U32,64,20,4,8,1000000000,1024,Yes,,,,,,,,,,
pfp_bloom_filter_contains_unique_size_u32,0,NVIDIA RTX PRO 6000 Blackwell Server Edition,I64,U32,64,20,4,8,1000000000,2048,Yes,,,,,,,,,,
pfp_bloom_filter_contains_unique_size_u32,0,NVIDIA RTX PRO 6000 Blackwell Server Edition,I64,U32,64,20,8,1,1000000000,1,Yes,,,,,,,,,,
pfp_bloom_filter_contains_unique_size_u32,0,NVIDIA RTX PRO 6000 Blackwell Server Edition,I64,U32,64,20,8,1,1000000000,2,Yes,,,,,,,,,,
pfp_bloom_filter_contains_unique_size_u32,0,NVIDIA RTX PRO 6000 Blackwell Server Edition,I64,U32,64,20,8,1,1000000000,4,Yes,,,,,,,,,,
pfp_bloom_filter_contains_unique_size_u32,0,NVIDIA RTX PRO 6000 Blackwell Server Edition,I64,U32,64,20,8,1,1000000000,8,Yes,,,,,,,,,,
pfp_bloom_filter_contains_unique_size_u32,0,NVIDIA RTX PRO 6000 Blackwell Server Edition,I64,U32,64,20,8,1,1000000000,16,Yes,,,,,,,,,,
pfp_bloom_filter_contains_unique_size_u32,0,NVIDIA RTX PRO 6000 Blackwell Server Edition,I64,U32,64,20,8,1,1000000000,32,Yes,,,,,,,,,,
pfp_bloom_filter_contains_unique_size_u32,0,NVIDIA RTX PRO 6000 Blackwell Server Edition,I64,U32,64,20,8,1,1000000000,64,Yes,,,,,,,,,,
pfp_bloom_filter_contains_unique_size_u32,0,NVIDIA RTX PRO 6000 Blackwell Server Edition,I64,U32,64,20,8,1,1000000000,128,Yes,,,,,,,,,,
pfp_bloom_filter_contains_unique_size_u32,0,NVIDIA RTX PRO 6000 Blackwell Server Edition,I64,U32,64,20,8,1,1000000000,256,Yes,,,,,,,,,,
pfp_bloom_filter_contains_unique_size_u32,0,NVIDIA RTX PRO 6000 Blackwell Server Edition,I64,U32,64,20,8,1,1000000000,512,Yes,,,,,,,,,,
pfp_bloom_filter_contains_unique_size_u32,0,NVIDIA RTX PRO 6000 Blackwell Server Edition,I64,U32,64,20,8,1,1000000000,1024,Yes,,,,,,,,,,
pfp_bloom_filter_contains_unique_size_u32,0,NVIDIA RTX PRO 6000 Blackwell Server Edition,I64,U32,64,20,8,1,1000000000,2048,Yes,,,,,,,,,,
pfp_bloom_filter_contains_unique_size_u32,0,NVIDIA RTX PRO 6000 Blackwell Server Edition,I64,U32,64,20,8,2,1000000000,1,Yes,,,,,,,,,,
pfp_bloom_filter_contains_unique_size_u32,0,NVIDIA RTX PRO 6000 Blackwell Server Edition,I64,U32,64,20,8,2,1000000000,2,Yes,,,,,,,,,,
pfp_bloom_filter_contains_unique_size_u32,0,NVIDIA RTX PRO 6000 Blackwell Server Edition,I64,U32,64,20,8,2,1000000000,4,Yes,,,,,,,,,,
pfp_bloom_filter_contains_unique_size_u32,0,NVIDIA RTX PRO 6000 Blackwell Server Edition,I64,U32,64,20,8,2,1000000000,8,Yes,,,,,,,,,,
pfp_bloom_filter_contains_unique_size_u32,0,NVIDIA RTX PRO 6000 Blackwell Server Edition,I64,U32,64,20,8,2,1000000000,16,Yes,,,,,,,,,,
pfp_bloom_filter_contains_unique_size_u32,0,NVIDIA RTX PRO 6000 Blackwell Server Edition,I64,U32,64,20,8,2,1000000000,32,Yes,,,,,,,,,,
pfp_bloom_filter_contains_unique_size_u32,0,NVIDIA RTX PRO 6000 Blackwell Server Edition,I64,U32,64,20,8,2,1000000000,64,Yes,,,,,,,,,,
pfp_bloom_filter_contains_unique_size_u32,0,NVIDIA RTX PRO 6000 Blackwell Server Edition,I64,U32,64,20,8,2,1000000000,128,Yes,,,,,,,,,,
pfp_bloom_filter_contains_unique_size_u32,0,NVIDIA RTX PRO 6000 Blackwell Server Edition,I64,U32,64,20,8,2,1000000000,256,Yes,,,,,,,,,,
pfp_bloom_filter_contains_unique_size_u32,0,NVIDIA RTX PRO 6000 Blackwell Server Edition,I64,U32,64,20,8,2,1000000000,512,Yes,,,,,,,,,,
pfp_bloom_filter_contains_unique_size_u32,0,NVIDIA RTX PRO 6000 Blackwell Server Edition,I64,U32,64,20,8,2,1000000000,1024,Yes,,,,,,,,,,
pfp_bloom_filter_contains_unique_size_u32,0,NVIDIA RTX PRO 6000 Blackwell Server Edition,I64,U32,64,20,8,2,1000000000,2048,Yes,,,,,,,,,,
pfp_bloom_filter_contains_unique_size_u32,0,NVIDIA RTX PRO 6000 Blackwell Server Edition,I64,U32,64,20,8,4,1000000000,1,Yes,,,,,,,,,,
pfp_bloom_filter_contains_unique_size_u32,0,NVIDIA RTX PRO 6000 Blackwell Server Edition,I64,U32,64,20,8,4,1000000000,2,Yes,,,,,,,,,,
pfp_bloom_filter_contains_unique_size_u32,0,NVIDIA RTX PRO 6000 Blackwell Server Edition,I64,U32,64,20,8,4,1000000000,4,Yes,,,,,,,,,,
pfp_bloom_filter_contains_unique_size_u32,0,NVIDIA RTX PRO 6000 Blackwell Server Edition,I64,U32,64,20,8,4,1000000000,8,Yes,,,,,,,,,,
pfp_bloom_filter_contains_unique_size_u32,0,NVIDIA RTX PRO 6000 Blackwell Server Edition,I64,U32,64,20,8,4,1000000000,16,Yes,,,,,,,,,,
pfp_bloom_filter_contains_unique_size_u32,0,NVIDIA RTX PRO 6000 Blackwell Server Edition,I64,U32,64,20,8,4,1000000000,32,Yes,,,,,,,,,,
pfp_bloom_filter_contains_unique_size_u32,0,NVIDIA RTX PRO 6000 Blackwell Server Edition,I64,U32,64,20,8,4,1000000000,64,Yes,,,,,,,,,,
pfp_bloom_filter_contains_unique_size_u32,0,NVIDIA RTX PRO 6000 Blackwell Server Edition,I64,U32,64,20,8,4,1000000000,128,Yes,,,,,,,,,,
pfp_bloom_filter_contains_unique_size_u32,0,NVIDIA RTX PRO 6000 Blackwell Server Edition,I64,U32,64,20,8,4,1000000000,256,Yes,,,,,,,,,,
pfp_bloom_filter_contains_unique_size_u32,0,NVIDIA RTX PRO 6000 Blackwell Server Edition,I64,U32,64,20,8,4,1000000000,512,Yes,,,,,,,,,,
pfp_bloom_filter_contains_unique_size_u32,0,NVIDIA RTX PRO 6000 Blackwell Server Edition,I64,U32,64,20,8,4,1000000000,1024,Yes,,,,,,,,,,
pfp_bloom_filter_contains_unique_size_u32,0,NVIDIA RTX PRO 6000 Blackwell Server Edition,I64,U32,64,20,8,4,1000000000,2048,Yes,,,,,,,,,,
pfp_bloom_filter_contains_unique_size_u32,0,NVIDIA RTX PRO 6000 Blackwell Server Edition,I64,U32,64,20,8,8,1000000000,1,Yes,,,,,,,,,,
pfp_bloom_filter_contains_unique_size_u32,0,NVIDIA RTX PRO 6000 Blackwell Server Edition,I64,U32,64,20,8,8,1000000000,2,Yes,,,,,,,,,,
pfp_bloom_filter_contains_unique_size_u32,0,NVIDIA RTX PRO 6000 Blackwell Server Edition,I64,U32,64,20,8,8,1000000000,4,Yes,,,,,,,,,,
pfp_bloom_filter_contains_unique_size_u32,0,NVIDIA RTX PRO 6000 Blackwell Server Edition,I64,U32,64,20,8,8,1000000000,8,Yes,,,,,,,,,,
pfp_bloom_filter_contains_unique_size_u32,0,NVIDIA RTX PRO 6000 Blackwell Server Edition,I64,U32,64,20,8,8,1000000000,16,Yes,,,,,,,,,,
pfp_bloom_filter_contains_unique_size_u32,0,NVIDIA RTX PRO 6000 Blackwell Server Edition,I64,U32,64,20,8,8,1000000000,32,Yes,,,,,,,,,,
pfp_bloom_filter_contains_unique_size_u32,0,NVIDIA RTX PRO 6000 Blackwell Server Edition,I64,U32,64,20,8,8,1000000000,64,Yes,,,,,,,,,,
pfp_bloom_filter_contains_unique_size_u32,0,NVIDIA RTX PRO 6000 Blackwell Server Edition,I64,U32,64,20,8,8,1000000000,128,Yes,,,,,,,,,,
pfp_bloom_filter_contains_unique_size_u32,0,NVIDIA RTX PRO 6000 Blackwell Server Edition,I64,U32,64,20,8,8,1000000000,256,Yes,,,,,,,,,,
pfp_bloom_filter_contains_unique_size_u32,0,NVIDIA RTX PRO 6000 Blackwell Server Edition,I64,U32,64,20,8,8,1000000000,512,Yes,,,,,,,,,,
pfp_bloom_filter_contains_unique_size_u32,0,NVIDIA RTX PRO 6000 Blackwell Server Edition,I64,U32,64,20,8,8,1000000000,1024,Yes,,,,,,,,,,
pfp_bloom_filter_contains_unique_size_u32,0,NVIDIA RTX PRO 6000 Blackwell Server Edition,I64,U32,64,20,8,8,1000000000,2048,Yes,,,,,,,,,,
pfp_bloom_filter_contains_unique_size_u32,0,NVIDIA RTX PRO 6000 Blackwell Server Edition,I64,U32,128,1,1,1,1000000000,1,No,0.029323355,4,62,0.008192891822580642,0.018044138085585963,0.008182695750267274,0.01803143986835946,122209114272.31505,63,0.008300723121279762
pfp_bloom_filter_contains_unique_size_u32,0,NVIDIA RTX PRO 6000 Blackwell Server Edition,I64,U32,128,1,1,1,1000000000,2,No,0.029382335,4,61,0.008332000049180327,0.015903133177208345,0.00832182820116887,0.015909628164715493,120165902951.41417,62,0.00838675812752016
pfp_bloom_filter_contains_unique_size_u32,0,NVIDIA RTX PRO 6000 Blackwell Server Edition,I64,U32,128,1,1,1,1000000000,4,No,0.029359103,4,60,0.008381384566666669,0.01671318892703487,0.008371116272608442,0.016735266151857893,119458381347.796,62,0.008437231248424899
pfp_bloom_filter_contains_unique_size_u32,0,NVIDIA RTX PRO 6000 Blackwell Server Edition,I64,U32,128,1,1,1,1000000000,8,No,0.029367667,4,60,0.008392217333333335,0.018099358359057908,0.008382196807861331,0.018113410574857772,119300467755.91566,62,0.008449221703314013
pfp_bloom_filter_contains_unique_size_u32,0,NVIDIA RTX PRO 6000 Blackwell Server Edition,I64,U32,128,1,1,1,1000000000,16,No,0.02935102,4,60,0.00840882911666667,0.018387681766105703,0.008398704481124876,0.018403543948495478,119065982408.047,62,0.008463186940839213
pfp_bloom_filter_contains_unique_size_u32,0,NVIDIA RTX PRO 6000 Blackwell Server Edition,I64,U32,128,1,1,1,1000000000,32,No,0.029358275,4,60,0.008460625750000002,0.018491076214168827,0.008450726397832235,0.018517063715174593,118333022857.83601,62,0.00849168445217994
pfp_bloom_filter_contains_unique_size_u32,0,NVIDIA RTX PRO 6000 Blackwell Server Edition,I64,U32,128,1,1,1,1000000000,64,No,0.029353728,4,59,0.008542515644067798,0.013143449659166929,0.008532480013572567,0.013176464765096351,117199219735.56407,62,0.008487498621786793
pfp_bloom_filter_contains_unique_size_u32,0,NVIDIA RTX PRO 6000 Blackwell Server Edition,I64,U32,128,1,1,1,1000000000,128,No,0.02936676,4,19,0.027466969421052635,0.0001643827997006405,0.02745633014879729,0.00016302695465294145,36421473466.43136,20,0.027316070556640627
pfp_bloom_filter_contains_unique_size_u32,0,NVIDIA RTX PRO 6000 Blackwell Server Edition,I64,U32,128,1,1,1,1000000000,256,No,0.029370944,4,11,0.05630200572727273,7.15930255395589e-05,0.05629143246737392,7.281210336678687e-05,17764692710.202255,12,0.0562176005045573
pfp_bloom_filter_contains_unique_size_u32,0,NVIDIA RTX PRO 6000 Blackwell Server Edition,I64,U32,128,1,1,1,1000000000,512,No,0.029372957,4,11,0.06443773709090911,8.487535108341264e-05,0.06442735429243608,9.022140324280689e-05,15521357519.369724,12,0.06435732142130535
pfp_bloom_filter_contains_unique_size_u32,0,NVIDIA RTX PRO 6000 Blackwell Server Edition,I64,U32,128,1,1,1,1000000000,1024,No,0.0293621,4,11,0.06772252100000001,4.5740403491031364e-05,0.06771159501509233,4.750708902497209e-05,14768519332.2814,12,0.06764263661702473
pfp_bloom_filter_contains_unique_size_u32,0,NVIDIA RTX PRO 6000 Blackwell Server Edition,I64,U32,128,1,1,1,1000000000,2048,No,0.029358964,4,11,0.06920937772727274,0.00012252744649464712,0.06919864377108488,0.00011985628678894344,14451150275.547115,12,0.06913408025105795
pfp_bloom_filter_contains_unique_size_u32,0,NVIDIA RTX PRO 6000 Blackwell Server Edition,I64,U32,128,1,1,2,1000000000,1,No,0.029323355,4,63,0.00803624273015873,0.015375560493590078,0.008026071858784508,0.01539617415242886,124593950514.59743,64,0.008145695686340331
pfp_bloom_filter_contains_unique_size_u32,0,NVIDIA RTX PRO 6000 Blackwell Server Edition,I64,U32,128,1,1,2,1000000000,2,No,0.029382335,4,62,0.008173979145161292,0.014526931533396386,0.008163920025671685,0.014540967888936586,122490175902.68777,63,0.008238696870349702
pfp_bloom_filter_contains_unique_size_u32,0,NVIDIA RTX PRO 6000 Blackwell Server Edition,I64,U32,128,1,1,2,1000000000,4,No,0.029359103,4,61,0.00825740975409836,0.012517230988436944,0.00824720995543433,0.012531331509166372,121253127470.22652,63,0.008302510579427083
pfp_bloom_filter_contains_unique_size_u32,0,NVIDIA RTX PRO 6000 Blackwell Server Edition,I64,U32,128,1,1,2,1000000000,8,No,0.029367667,4,61,0.00828887580327869,0.011418167964062049,0.008278425638792945,0.011422383394389456,120795915024.46683,63,0.008329280792720734
pfp_bloom_filter_contains_unique_size_u32,0,NVIDIA RTX PRO 6000 Blackwell Server Edition,I64,U32,128,1,1,2,1000000000,16,No,0.02935102,4,61,0.008295828098360653,0.014257714894637397,0.008285626192561915,0.014293765836955453,120690938350.2854,63,0.0083412107437376
pfp_bloom_filter_contains_unique_size_u32,0,NVIDIA RTX PRO 6000 Blackwell Server Edition,I64,U32,128,1,1,2,1000000000,32,No,0.029358275,4,61,0.008322781409836067,0.016605192659729935,0.008312505722045902,0.016638740805650788,120300669068.75784,62,0.008360579952116936
pfp_bloom_filter_contains_unique_size_u32,0,NVIDIA RTX PRO 6000 Blackwell Server Edition,I64,U32,128,1,1,2,1000000000,64,No,0.029353728,4,60,0.008396194899999999,0.016104150066686286,0.008385935497283937,0.016101658175987826,119247280201.93849,63,0.008363608708457341
pfp_bloom_filter_contains_unique_size_u32,0,NVIDIA RTX PRO 6000 Blackwell Server Edition,I64,U32,128,1,1,2,1000000000,128,No,0.02936676,4,19,0.027434911263157898,0.0001678367285983072,0.02742455924184699,0.0001725711152982043,36463667152.54644,20,0.02728271427154541
pfp_bloom_filter_contains_unique_size_u32,0,NVIDIA RTX PRO 6000 Blackwell Server Edition,I64,U32,128,1,1,2,1000000000,256,No,0.029370944,4,11,0.05628717181818182,8.295383273393955e-05,0.05627682876586915,8.625411506401796e-05,17769302605.16885,12,0.05620198408762614
pfp_bloom_filter_contains_unique_size_u32,0,NVIDIA RTX PRO 6000 Blackwell Server Edition,I64,U32,128,1,1,2,1000000000,512,No,0.029372957,4,11,0.06444571500000001,0.00010915983093195653,0.06443543520840732,0.00011202419242565463,15519410969.533165,12,0.06436158561706543
pfp_bloom_filter_contains_unique_size_u32,0,NVIDIA RTX PRO 6000 Blackwell Server Edition,I64,U32,128,1,1,2,1000000000,1024,No,0.0293621,4,11,0.06773301072727272,6.216724653551953e-05,0.0677225535999645,6.391276434406087e-05,14766129551.271442,12,0.06765312512715657
pfp_bloom_filter_contains_unique_size_u32,0,NVIDIA RTX PRO 6000 Blackwell Server Edition,I64,U32,128,1,1,2,1000000000,2048,No,0.029358964,4,11,0.06922297772727275,0.00010209765612002933,0.06921204376220703,0.00010098075228680956,14448352420.219183,12,0.06914666684468586
pfp_bloom_filter_contains_unique_size_u32,0,NVIDIA RTX PRO 6000 Blackwell Server Edition,I64,U32,128,1,1,4,1000000000,1,No,0.029323355,4,64,0.0078945140625,0.01307187945594503,0.007884190492331983,0.013089942236723282,126836103335.22273,65,0.007998802771935097
pfp_bloom_filter_contains_unique_size_u32,0,NVIDIA RTX PRO 6000 Blackwell Server Edition,I64,U32,128,1,1,4,1000000000,2,No,0.029382335,4,63,0.00801607546031746,0.012732973842988137,0.008007059839036728,0.01271843797839828,124889787275.56293,65,0.008082683856670674
pfp_bloom_filter_contains_unique_size_u32,0,NVIDIA RTX PRO 6000 Blackwell Server Edition,I64,U32,128,1,1,4,1000000000,4,No,0.029359103,4,62,0.008087871677419355,0.013581220401626863,0.008078109418192217,0.013598190054649868,123791341294.28366,64,0.008146678924560547
pfp_bloom_filter_contains_unique_size_u32,0,NVIDIA RTX PRO 6000 Blackwell Server Edition,I64,U32,128,1,1,4,1000000000,8,No,0.029367667,4,62,0.008123435387096775,0.013593108469121075,0.008113387907704996,0.013613612349633415,123253073977.92918,64,0.008170511245727539
pfp_bloom_filter_contains_unique_size_u32,0,NVIDIA RTX PRO 6000 Blackwell Server Edition,I64,U32,128,1,1,4,1000000000,16,No,0.02935102,4,62,0.008143332935483872,0.013576419077136196,0.00813326605673759,0.01358630442930897,122951836694.38686,64,0.00818091106414795
pfp_bloom_filter_contains_unique_size_u32,0,NVIDIA RTX PRO 6000 Blackwell Server Edition,I64,U32,128,1,1,4,1000000000,32,No,0.029358275,4,62,0.008183860580645162,0.014107777218611514,0.008173768228100195,0.014115822873047362,122342593048.10593,64,0.00819715118408203
pfp_bloom_filter_contains_unique_size_u32,0,NVIDIA RTX PRO 6000 Blackwell Server Edition,I64,U32,128,1,1,4,1000000000,64,No,0.029353728,4,61,0.008227006278688526,0.013969669626300148,0.00821694635172359,0.0139796007985041,121699711449.40474,64,0.008202383041381836
pfp_bloom_filter_contains_unique_size_u32,0,NVIDIA RTX PRO 6000 Blackwell Server Edition,I64,U32,128,1,1,4,1000000000,128,No,0.02936676,4,19,0.027435919052631583,0.0001284344402235473,0.027425478583888004,0.00012642740282673806,36462444837.2428,20,0.027284890842437744
pfp_bloom_filter_contains_unique_size_u32,0,NVIDIA RTX PRO 6000 Blackwell Server Edition,I64,U32,128,1,1,4,1000000000,256,No,0.029370944,4,11,0.05628935709090909,0.00010261439354827135,0.05627892684936524,9.54687467109824e-05,17768640163.956482,12,0.05620440832773844
pfp_bloom_filter_contains_unique_size_u32,0,NVIDIA RTX PRO 6000 Blackwell Server Edition,I64,U32,128,1,1,4,1000000000,512,No,0.029372957,4,11,0.06443977836363636,7.997390056577866e-05,0.06442968749999999,8.629453365361212e-05,15520795440.766342,12,0.06435980097452801
pfp_bloom_filter_contains_unique_size_u32,0,NVIDIA RTX PRO 6000 Blackwell Server Edition,I64,U32,128,1,1,4,1000000000,1024,No,0.0293621,4,11,0.06772892090909091,7.539915965211775e-05,0.06771789758855645,6.794814617382632e-05,14767144811.196686,12,0.06764844830830892
pfp_bloom_filter_contains_unique_size_u32,0,NVIDIA RTX PRO 6000 Blackwell Server Edition,I64,U32,128,1,1,4,1000000000,2048,No,0.029358964,4,11,0.06922054681818182,9.80752701295106e-05,0.0692092944058505,0.00010129033114594373,14448926384.596497,12,0.0691417662302653
pfp_bloom_filter_contains_unique_size_u32,0,NVIDIA RTX PRO 6000 Blackwell Server Edition,I64,U32,128,1,1,8,1000000000,1,Yes,,,,,,,,,,
pfp_bloom_filter_contains_unique_size_u32,0,NVIDIA RTX PRO 6000 Blackwell Server Edition,I64,U32,128,1,1,8,1000000000,2,Yes,,,,,,,,,,
pfp_bloom_filter_contains_unique_size_u32,0,NVIDIA RTX PRO 6000 Blackwell Server Edition,I64,U32,128,1,1,8,1000000000,4,Yes,,,,,,,,,,
pfp_bloom_filter_contains_unique_size_u32,0,NVIDIA RTX PRO 6000 Blackwell Server Edition,I64,U32,128,1,1,8,1000000000,8,Yes,,,,,,,,,,
pfp_bloom_filter_contains_unique_size_u32,0,NVIDIA RTX PRO 6000 Blackwell Server Edition,I64,U32,128,1,1,8,1000000000,16,Yes,,,,,,,,,,
pfp_bloom_filter_contains_unique_size_u32,0,NVIDIA RTX PRO 6000 Blackwell Server Edition,I64,U32,128,1,1,8,1000000000,32,Yes,,,,,,,,,,
pfp_bloom_filter_contains_unique_size_u32,0,NVIDIA RTX PRO 6000 Blackwell Server Edition,I64,U32,128,1,1,8,1000000000,64,Yes,,,,,,,,,,
pfp_bloom_filter_contains_unique_size_u32,0,NVIDIA RTX PRO 6000 Blackwell Server Edition,I64,U32,128,1,1,8,1000000000,128,Yes,,,,,,,,,,
pfp_bloom_filter_contains_unique_size_u32,0,NVIDIA RTX PRO 6000 Blackwell Server Edition,I64,U32,128,1,1,8,1000000000,256,Yes,,,,,,,,,,
pfp_bloom_filter_contains_unique_size_u32,0,NVIDIA RTX PRO 6000 Blackwell Server Edition,I64,U32,128,1,1,8,1000000000,512,Yes,,,,,,,,,,
pfp_bloom_filter_contains_unique_size_u32,0,NVIDIA RTX PRO 6000 Blackwell Server Edition,I64,U32,128,1,1,8,1000000000,1024,Yes,,,,,,,,,,
pfp_bloom_filter_contains_unique_size_u32,0,NVIDIA RTX PRO 6000 Blackwell Server Edition,I64,U32,128,1,1,8,1000000000,2048,Yes,,,,,,,,,,
pfp_bloom_filter_contains_unique_size_u32,0,NVIDIA RTX PRO 6000 Blackwell Server Edition,I64,U32,128,1,2,1,1000000000,1,No,0.029323355,4,40,0.012577029174999999,0.00020466387388565817,0.012566867947578431,0.00018800835380440153,79574322271.18251,41,0.012555488400342988
pfp_bloom_filter_contains_unique_size_u32,0,NVIDIA RTX PRO 6000 Blackwell Server Edition,I64,U32,128,1,2,1,1000000000,2,No,0.029382335,4,40,0.012580360975000001,0.000153429616216718,0.012569912767410277,0.00014910250866103172,79555046920.66574,41,0.012555038824314026
pfp_bloom_filter_contains_unique_size_u32,0,NVIDIA RTX PRO 6000 Blackwell Server Edition,I64,U32,128,1,2,1,1000000000,4,No,0.029359103,4,40,0.0125943617,0.00016323111543599234,0.012584049582481388,0.00015708643369900048,79465675452.52908,41,0.012567251810213415
pfp_bloom_filter_contains_unique_size_u32,0,NVIDIA RTX PRO 6000 Blackwell Server Edition,I64,U32,128,1,2,1,1000000000,8,No,0.029367667,4,40,0.012658924200000001,0.00014052639946361505,0.01264865596294403,0.0001165129225550989,79059783342.16986,41,0.012631465260575458
pfp_bloom_filter_contains_unique_size_u32,0,NVIDIA RTX PRO 6000 Blackwell Server Edition,I64,U32,128,1,2,1,1000000000,16,No,0.02935102,4,40,0.01266999265,0.00012735750754378609,0.012659871196746827,9.660985936282841e-05,78989745192.42876,41,0.012633711652057927
pfp_bloom_filter_contains_unique_size_u32,0,NVIDIA RTX PRO 6000 Blackwell Server Edition,I64,U32,128,1,2,1,1000000000,32,No,0.029358275,4,40,0.012704053225000001,0.00013862410330624545,0.012694979262351988,0.00013423148055480437,78771298427.05476,41,0.012655117127953506
pfp_bloom_filter_contains_unique_size_u32,0,NVIDIA RTX PRO 6000 Blackwell Server Edition,I64,U32,128,1,2,1,1000000000,64,No,0.029353728,4,40,0.012760083675,0.00015192483563645787,0.012749811220169069,0.0001383765701127364,78432533841.60612,41,0.012689881859756098
pfp_bloom_filter_contains_unique_size_u32,0,NVIDIA RTX PRO 6000 Blackwell Server Edition,I64,U32,128,1,2,1,1000000000,128,No,0.02936676,4,19,0.027396961578947374,0.00018000134157526734,0.02738670469585218,0.00017919452211786447,36514068089.08462,20,0.027247076511383063
pfp_bloom_filter_contains_unique_size_u32,0,NVIDIA RTX PRO 6000 Blackwell Server Edition,I64,U32,128,1,2,1,1000000000,256,No,0.029370944,4,11,0.056284398090909106,5.321537529633711e-05,0.05627411443536932,5.693926024932456e-05,17770159691.24663,12,0.056195538520812986
pfp_bloom_filter_contains_unique_size_u32,0,NVIDIA RTX PRO 6000 Blackwell Server Edition,I64,U32,128,1,2,1,1000000000,512,No,0.029372957,4,11,0.06449070090909091,7.683195810299669e-05,0.06448093622381038,7.849258106413876e-05,15508459686.891731,12,0.06440882682800293
pfp_bloom_filter_contains_unique_size_u32,0,NVIDIA RTX PRO 6000 Blackwell Server Edition,I64,U32,128,1,2,1,1000000000,1024,No,0.0293621,4,11,0.06779907863636364,3.266516201451273e-05,0.06778827043013137,3.5093172268674455e-05,14751814637.765232,12,0.06771972783406574
pfp_bloom_filter_contains_unique_size_u32,0,NVIDIA RTX PRO 6000 Blackwell Server Edition,I64,U32,128,1,2,1,1000000000,2048,No,0.029358964,4,11,0.06929737000000001,5.1118490385870976e-05,0.06928616679798473,5.494629227977924e-05,14432895427.967104,12,0.069220521291097
pfp_bloom_filter_contains_unique_size_u32,0,NVIDIA RTX PRO 6000 Blackwell Server Edition,I64,U32,128,1,2,2,1000000000,1,No,0.029323355,4,40,0.0125144959,0.0002175615923757234,0.012504369616508481,0.00019577674199391153,79972044226.82635,42,0.012491287958054315
pfp_bloom_filter_contains_unique_size_u32,0,NVIDIA RTX PRO 6000 Blackwell Server Edition,I64,U32,128,1,2,2,1000000000,2,No,0.029382335,4,40,0.012514879350000003,0.00014951361047673578,0.012504756808280944,0.0001553922217727716,79969568007.73418,42,0.012489776611328126
pfp_bloom_filter_contains_unique_size_u32,0,NVIDIA RTX PRO 6000 Blackwell Server Edition,I64,U32,128,1,2,2,1000000000,4,No,0.029359103,4,40,0.012527711850000001,0.0001601952947433647,0.012517460799217223,0.00014872777915565485,79888406765.5746,42,0.012499918619791666
pfp_bloom_filter_contains_unique_size_u32,0,NVIDIA RTX PRO 6000 Blackwell Server Edition,I64,U32,128,1,2,2,1000000000,8,No,0.029367667,4,40,0.012595714224999999,0.00011192319204594461,0.01258524887561798,8.779055508162443e-05,79458102885.62105,41,0.01256742598370808
pfp_bloom_filter_contains_unique_size_u32,0,NVIDIA RTX PRO 6000 Blackwell Server Edition,I64,U32,128,1,2,2,1000000000,16,No,0.02935102,4,40,0.012606061549999997,0.0001435032279024703,0.012595743894577025,0.00010981196172906953,79391896847.83447,41,0.012568750893197408
pfp_bloom_filter_contains_unique_size_u32,0,NVIDIA RTX PRO 6000 Blackwell Server Edition,I64,U32,128,1,2,2,1000000000,32,No,0.029358275,4,40,0.012639905625000003,0.00014108468815992453,0.012631105542182924,0.0001300038477986252,79169633779.11723,41,0.012580439869950456
pfp_bloom_filter_contains_unique_size_u32,0,NVIDIA RTX PRO 6000 Blackwell Server Edition,I64,U32,128,1,2,2,1000000000,64,No,0.029353728,4,40,0.012695415400000002,0.00012636019661294134,0.012685046410560608,0.00012163498912647016,78832979213.02643,41,0.012573246653487044
pfp_bloom_filter_contains_unique_size_u32,0,NVIDIA RTX PRO 6000 Blackwell Server Edition,I64,U32,128,1,2,2,1000000000,128,No,0.02936676,4,19,0.02739980110526316,0.00018066215250629606,0.027389327099448753,0.00017390316612610746,36510572033.00648,20,0.027246460533142093
pfp_bloom_filter_contains_unique_size_u32,0,NVIDIA RTX PRO 6000 Blackwell Server Edition,I64,U32,128,1,2,2,1000000000,256,No,0.029370944,4,11,0.05628199527272728,7.333879035030261e-05,0.056271700078790836,5.8188103524069504e-05,17770922126.038742,12,0.05619788837432862
pfp_bloom_filter_contains_unique_size_u32,0,NVIDIA RTX PRO 6000 Blackwell Server Edition,I64,U32,128,1,2,2,1000000000,512,No,0.029372957,4,11,0.06448625527272728,5.9814777794206334e-05,0.06447615467418324,5.725020725794442e-05,15509609793.780209,12,0.06440585772196453
pfp_bloom_filter_contains_unique_size_u32,0,NVIDIA RTX PRO 6000 Blackwell Server Edition,I64,U32,128,1,2,2,1000000000,1024,No,0.0293621,4,11,0.06779724945454545,6.766641035931219e-05,0.06778613766756926,7.31213900189124e-05,14752278775.700586,12,0.0677151133219401
pfp_bloom_filter_contains_unique_size_u32,0,NVIDIA RTX PRO 6000 Blackwell Server Edition,I64,U32,128,1,2,2,1000000000,2048,No,0.029358964,4,11,0.069296094,6.831059607131765e-05,0.06928451954234731,6.990942602958072e-05,14433238573.42752,12,0.06921596018473307
pfp_bloom_filter_contains_unique_size_u32,0,NVIDIA RTX PRO 6000 Blackwell Server Edition,I64,U32,128,1,2,4,1000000000,1,Yes,,,,,,,,,,
pfp_bloom_filter_contains_unique_size_u32,0,NVIDIA RTX PRO 6000 Blackwell Server Edition,I64,U32,128,1,2,4,1000000000,2,Yes,,,,,,,,,,
pfp_bloom_filter_contains_unique_size_u32,0,NVIDIA RTX PRO 6000 Blackwell Server Edition,I64,U32,128,1,2,4,1000000000,4,Yes,,,,,,,,,,
pfp_bloom_filter_contains_unique_size_u32,0,NVIDIA RTX PRO 6000 Blackwell Server Edition,I64,U32,128,1,2,4,1000000000,8,Yes,,,,,,,,,,
pfp_bloom_filter_contains_unique_size_u32,0,NVIDIA RTX PRO 6000 Blackwell Server Edition,I64,U32,128,1,2,4,1000000000,16,Yes,,,,,,,,,,
pfp_bloom_filter_contains_unique_size_u32,0,NVIDIA RTX PRO 6000 Blackwell Server Edition,I64,U32,128,1,2,4,1000000000,32,Yes,,,,,,,,,,
pfp_bloom_filter_contains_unique_size_u32,0,NVIDIA RTX PRO 6000 Blackwell Server Edition,I64,U32,128,1,2,4,1000000000,64,Yes,,,,,,,,,,
pfp_bloom_filter_contains_unique_size_u32,0,NVIDIA RTX PRO 6000 Blackwell Server Edition,I64,U32,128,1,2,4,1000000000,128,Yes,,,,,,,,,,
pfp_bloom_filter_contains_unique_size_u32,0,NVIDIA RTX PRO 6000 Blackwell Server Edition,I64,U32,128,1,2,4,1000000000,256,Yes,,,,,,,,,,
pfp_bloom_filter_contains_unique_size_u32,0,NVIDIA RTX PRO 6000 Blackwell Server Edition,I64,U32,128,1,2,4,1000000000,512,Yes,,,,,,,,,,
pfp_bloom_filter_contains_unique_size_u32,0,NVIDIA RTX PRO 6000 Blackwell Server Edition,I64,U32,128,1,2,4,1000000000,1024,Yes,,,,,,,,,,
pfp_bloom_filter_contains_unique_size_u32,0,NVIDIA RTX PRO 6000 Blackwell Server Edition,I64,U32,128,1,2,4,1000000000,2048,Yes,,,,,,,,,,
pfp_bloom_filter_contains_unique_size_u32,0,NVIDIA RTX PRO 6000 Blackwell Server Edition,I64,U32,128,1,2,8,1000000000,1,Yes,,,,,,,,,,
pfp_bloom_filter_contains_unique_size_u32,0,NVIDIA RTX PRO 6000 Blackwell Server Edition,I64,U32,128,1,2,8,1000000000,2,Yes,,,,,,,,,,
pfp_bloom_filter_contains_unique_size_u32,0,NVIDIA RTX PRO 6000 Blackwell Server Edition,I64,U32,128,1,2,8,1000000000,4,Yes,,,,,,,,,,
pfp_bloom_filter_contains_unique_size_u32,0,NVIDIA RTX PRO 6000 Blackwell Server Edition,I64,U32,128,1,2,8,1000000000,8,Yes,,,,,,,,,,
pfp_bloom_filter_contains_unique_size_u32,0,NVIDIA RTX PRO 6000 Blackwell Server Edition,I64,U32,128,1,2,8,1000000000,16,Yes,,,,,,,,,,
pfp_bloom_filter_contains_unique_size_u32,0,NVIDIA RTX PRO 6000 Blackwell Server Edition,I64,U32,128,1,2,8,1000000000,32,Yes,,,,,,,,,,
pfp_bloom_filter_contains_unique_size_u32,0,NVIDIA RTX PRO 6000 Blackwell Server Edition,I64,U32,128,1,2,8,1000000000,64,Yes,,,,,,,,,,
pfp_bloom_filter_contains_unique_size_u32,0,NVIDIA RTX PRO 6000 Blackwell Server Edition,I64,U32,128,1,2,8,1000000000,128,Yes,,,,,,,,,,
pfp_bloom_filter_contains_unique_size_u32,0,NVIDIA RTX PRO 6000 Blackwell Server Edition,I64,U32,128,1,2,8,1000000000,256,Yes,,,,,,,,,,
pfp_bloom_filter_contains_unique_size_u32,0,NVIDIA RTX PRO 6000 Blackwell Server Edition,I64,U32,128,1,2,8,1000000000,512,Yes,,,,,,,,,,
pfp_bloom_filter_contains_unique_size_u32,0,NVIDIA RTX PRO 6000 Blackwell Server Edition,I64,U32,128,1,2,8,1000000000,1024,Yes,,,,,,,,,,
pfp_bloom_filter_contains_unique_size_u32,0,NVIDIA RTX PRO 6000 Blackwell Server Edition,I64,U32,128,1,2,8,1000000000,2048,Yes,,,,,,,,,,
pfp_bloom_filter_contains_unique_size_u32,0,NVIDIA RTX PRO 6000 Blackwell Server Edition,I64,U32,128,1,4,1,1000000000,1,No,0.029323355,4,41,0.01250339751219512,0.01383040479381156,0.012492763333204317,0.013821986396428107,80046341496.12967,42,0.012692625704265778
pfp_bloom_filter_contains_unique_size_u32,0,NVIDIA RTX PRO 6000 Blackwell Server Edition,I64,U32,128,1,4,1,1000000000,2,No,0.029382335,4,40,0.012658242650000002,0.012720276941953945,0.012647784852981566,0.01271684746453098,79065228545.87155,41,0.01273211669921875
pfp_bloom_filter_contains_unique_size_u32,0,NVIDIA RTX PRO 6000 Blackwell Server Edition,I64,U32,128,1,4,1,1000000000,4,No,0.029359103,4,40,0.012656013749999995,0.015556327427340763,0.012645963287353516,0.0155719515585015,79076617358.208,41,0.012778746069931403
pfp_bloom_filter_contains_unique_size_u32,0,NVIDIA RTX PRO 6000 Blackwell Server Edition,I64,U32,128,1,4,1,1000000000,8,No,0.029367667,4,40,0.012745112375000003,0.015272911002608785,0.012735267972946168,0.015282372522006354,78522101154.39453,41,0.012830905821265245
pfp_bloom_filter_contains_unique_size_u32,0,NVIDIA RTX PRO 6000 Blackwell Server Edition,I64,U32,128,1,4,1,1000000000,16,No,0.02935102,4,40,0.012766966825,0.01544311504644541,0.012756400036811829,0.01544585087613164,78392022601.53697,41,0.012837650950362042
pfp_bloom_filter_contains_unique_size_u32,0,NVIDIA RTX PRO 6000 Blackwell Server Edition,I64,U32,128,1,4,1,1000000000,32,No,0.029358275,4,40,0.012791357049999999,0.015865139682270185,0.012780895256996157,0.015866550962490913,78241780398.95978,41,0.01284538008527058
pfp_bloom_filter_contains_unique_size_u32,0,NVIDIA RTX PRO 6000 Blackwell Server Edition,I64,U32,128,1,4,1,1000000000,64,No,0.029353728,4,40,0.012831411349999999,0.016413635145187507,0.012821055173873903,0.016433370014345368,77996700461.7334,41,0.01284404331300317
pfp_bloom_filter_contains_unique_size_u32,0,NVIDIA RTX PRO 6000 Blackwell Server Edition,I64,U32,128,1,4,1,1000000000,128,No,0.02936676,4,19,0.027466331263157895,9.873497651707988e-05,0.02745601704246119,9.305930079044147e-05,36421888814.15259,20,0.027315581893920898
pfp_bloom_filter_contains_unique_size_u32,0,NVIDIA RTX PRO 6000 Blackwell Server Edition,I64,U32,128,1,4,1,1000000000,256,No,0.029370944,4,11,0.05634927345454546,7.272111975025994e-05,0.056338732285933064,7.226146438567209e-05,17749778161.935764,12,0.05625783761342367
pfp_bloom_filter_contains_unique_size_u32,0,NVIDIA RTX PRO 6000 Blackwell Server Edition,I64,U32,128,1,4,1,1000000000,512,No,0.029372957,4,11,0.06458626845454546,5.084589886992832e-05,0.06457638480446555,4.719803661028185e-05,15485537058.600538,12,0.06450030835469564
pfp_bloom_filter_contains_unique_size_u32,0,NVIDIA RTX PRO 6000 Blackwell Server Edition,I64,U32,128,1,4,1,1000000000,1024,No,0.0293621,4,11,0.067901576,5.408934586954314e-05,0.06789033647017045,4.772094946765041e-05,14729636823.04592,12,0.06781926027933756
pfp_bloom_filter_contains_unique_size_u32,0,NVIDIA RTX PRO 6000 Blackwell Server Edition,I64,U32,128,1,4,1,1000000000,2048,No,0.029358964,4,11,0.06940068772727273,5.1305248462271744e-05,0.06938920870694246,5.4215909899569354e-05,14411462799.977844,12,0.06931814320882161
pfp_bloom_filter_contains_unique_size_u32,0,NVIDIA RTX PRO 6000 Blackwell Server Edition,I64,U32,128,1,4,2,1000000000,1,Yes,,,,,,,,,,
pfp_bloom_filter_contains_unique_size_u32,0,NVIDIA RTX PRO 6000 Blackwell Server Edition,I64,U32,128,1,4,2,1000000000,2,Yes,,,,,,,,,,
pfp_bloom_filter_contains_unique_size_u32,0,NVIDIA RTX PRO 6000 Blackwell Server Edition,I64,U32,128,1,4,2,1000000000,4,Yes,,,,,,,,,,
pfp_bloom_filter_contains_unique_size_u32,0,NVIDIA RTX PRO 6000 Blackwell Server Edition,I64,U32,128,1,4,2,1000000000,8,Yes,,,,,,,,,,
pfp_bloom_filter_contains_unique_size_u32,0,NVIDIA RTX PRO 6000 Blackwell Server Edition,I64,U32,128,1,4,2,1000000000,16,Yes,,,,,,,,,,
pfp_bloom_filter_contains_unique_size_u32,0,NVIDIA RTX PRO 6000 Blackwell Server Edition,I64,U32,128,1,4,2,1000000000,32,Yes,,,,,,,,,,
pfp_bloom_filter_contains_unique_size_u32,0,NVIDIA RTX PRO 6000 Blackwell Server Edition,I64,U32,128,1,4,2,1000000000,64,Yes,,,,,,,,,,
pfp_bloom_filter_contains_unique_size_u32,0,NVIDIA RTX PRO 6000 Blackwell Server Edition,I64,U32,128,1,4,2,1000000000,128,Yes,,,,,,,,,,
pfp_bloom_filter_contains_unique_size_u32,0,NVIDIA RTX PRO 6000 Blackwell Server Edition,I64,U32,128,1,4,2,1000000000,256,Yes,,,,,,,,,,
pfp_bloom_filter_contains_unique_size_u32,0,NVIDIA RTX PRO 6000 Blackwell Server Edition,I64,U32,128,1,4,2,1000000000,512,Yes,,,,,,,,,,
pfp_bloom_filter_contains_unique_size_u32,0,NVIDIA RTX PRO 6000 Blackwell Server Edition,I64,U32,128,1,4,2,1000000000,1024,Yes,,,,,,,,,,
pfp_bloom_filter_contains_unique_size_u32,0,NVIDIA RTX PRO 6000 Blackwell Server Edition,I64,U32,128,1,4,2,1000000000,2048,Yes,,,,,,,,,,
pfp_bloom_filter_contains_unique_size_u32,0,NVIDIA RTX PRO 6000 Blackwell Server Edition,I64,U32,128,1,4,4,1000000000,1,Yes,,,,,,,,,,
pfp_bloom_filter_contains_unique_size_u32,0,NVIDIA RTX PRO 6000 Blackwell Server Edition,I64,U32,128,1,4,4,1000000000,2,Yes,,,,,,,,,,
pfp_bloom_filter_contains_unique_size_u32,0,NVIDIA RTX PRO 6000 Blackwell Server Edition,I64,U32,128,1,4,4,1000000000,4,Yes,,,,,,,,,,
pfp_bloom_filter_contains_unique_size_u32,0,NVIDIA RTX PRO 6000 Blackwell Server Edition,I64,U32,128,1,4,4,1000000000,8,Yes,,,,,,,,,,
pfp_bloom_filter_contains_unique_size_u32,0,NVIDIA RTX PRO 6000 Blackwell Server Edition,I64,U32,128,1,4,4,1000000000,16,Yes,,,,,,,,,,
pfp_bloom_filter_contains_unique_size_u32,0,NVIDIA RTX PRO 6000 Blackwell Server Edition,I64,U32,128,1,4,4,1000000000,32,Yes,,,,,,,,,,
pfp_bloom_filter_contains_unique_size_u32,0,NVIDIA RTX PRO 6000 Blackwell Server Edition,I64,U32,128,1,4,4,1000000000,64,Yes,,,,,,,,,,
pfp_bloom_filter_contains_unique_size_u32,0,NVIDIA RTX PRO 6000 Blackwell Server Edition,I64,U32,128,1,4,4,1000000000,128,Yes,,,,,,,,,,
pfp_bloom_filter_contains_unique_size_u32,0,NVIDIA RTX PRO 6000 Blackwell Server Edition,I64,U32,128,1,4,4,1000000000,256,Yes,,,,,,,,,,
pfp_bloom_filter_contains_unique_size_u32,0,NVIDIA RTX PRO 6000 Blackwell Server Edition,I64,U32,128,1,4,4,1000000000,512,Yes,,,,,,,,,,
pfp_bloom_filter_contains_unique_size_u32,0,NVIDIA RTX PRO 6000 Blackwell Server Edition,I64,U32,128,1,4,4,1000000000,1024,Yes,,,,,,,,,,
pfp_bloom_filter_contains_unique_size_u32,0,NVIDIA RTX PRO 6000 Blackwell Server Edition,I64,U32,128,1,4,4,1000000000,2048,Yes,,,,,,,,,,
pfp_bloom_filter_contains_unique_size_u32,0,NVIDIA RTX PRO 6000 Blackwell Server Edition,I64,U32,128,1,4,8,1000000000,1,Yes,,,,,,,,,,
pfp_bloom_filter_contains_unique_size_u32,0,NVIDIA RTX PRO 6000 Blackwell Server Edition,I64,U32,128,1,4,8,1000000000,2,Yes,,,,,,,,,,
pfp_bloom_filter_contains_unique_size_u32,0,NVIDIA RTX PRO 6000 Blackwell Server Edition,I64,U32,128,1,4,8,1000000000,4,Yes,,,,,,,,,,
pfp_bloom_filter_contains_unique_size_u32,0,NVIDIA RTX PRO 6000 Blackwell Server Edition,I64,U32,128,1,4,8,1000000000,8,Yes,,,,,,,,,,
pfp_bloom_filter_contains_unique_size_u32,0,NVIDIA RTX PRO 6000 Blackwell Server Edition,I64,U32,128,1,4,8,1000000000,16,Yes,,,,,,,,,,
pfp_bloom_filter_contains_unique_size_u32,0,NVIDIA RTX PRO 6000 Blackwell Server Edition,I64,U32,128,1,4,8,1000000000,32,Yes,,,,,,,,,,
pfp_bloom_filter_contains_unique_size_u32,0,NVIDIA RTX PRO 6000 Blackwell Server Edition,I64,U32,128,1,4,8,1000000000,64,Yes,,,,,,,,,,
pfp_bloom_filter_contains_unique_size_u32,0,NVIDIA RTX PRO 6000 Blackwell Server Edition,I64,U32,128,1,4,8,1000000000,128,Yes,,,,,,,,,,
pfp_bloom_filter_contains_unique_size_u32,0,NVIDIA RTX PRO 6000 Blackwell Server Edition,I64,U32,128,1,4,8,1000000000,256,Yes,,,,,,,,,,
pfp_bloom_filter_contains_unique_size_u32,0,NVIDIA RTX PRO 6000 Blackwell Server Edition,I64,U32,128,1,4,8,1000000000,512,Yes,,,,,,,,,,
pfp_bloom_filter_contains_unique_size_u32,0,NVIDIA RTX PRO 6000 Blackwell Server Edition,I64,U32,128,1,4,8,1000000000,1024,Yes,,,,,,,,,,
pfp_bloom_filter_contains_unique_size_u32,0,NVIDIA RTX PRO 6000 Blackwell Server Edition,I64,U32,128,1,4,8,1000000000,2048,Yes,,,,,,,,,,
pfp_bloom_filter_contains_unique_size_u32,0,NVIDIA RTX PRO 6000 Blackwell Server Edition,I64,U32,128,1,8,1,1000000000,1,Yes,,,,,,,,,,
pfp_bloom_filter_contains_unique_size_u32,0,NVIDIA RTX PRO 6000 Blackwell Server Edition,I64,U32,128,1,8,1,1000000000,2,Yes,,,,,,,,,,
pfp_bloom_filter_contains_unique_size_u32,0,NVIDIA RTX PRO 6000 Blackwell Server Edition,I64,U32,128,1,8,1,1000000000,4,Yes,,,,,,,,,,
pfp_bloom_filter_contains_unique_size_u32,0,NVIDIA RTX PRO 6000 Blackwell Server Edition,I64,U32,128,1,8,1,1000000000,8,Yes,,,,,,,,,,
pfp_bloom_filter_contains_unique_size_u32,0,NVIDIA RTX PRO 6000 Blackwell Server Edition,I64,U32,128,1,8,1,1000000000,16,Yes,,,,,,,,,,
pfp_bloom_filter_contains_unique_size_u32,0,NVIDIA RTX PRO 6000 Blackwell Server Edition,I64,U32,128,1,8,1,1000000000,32,Yes,,,,,,,,,,
pfp_bloom_filter_contains_unique_size_u32,0,NVIDIA RTX PRO 6000 Blackwell Server Edition,I64,U32,128,1,8,1,1000000000,64,Yes,,,,,,,,,,
pfp_bloom_filter_contains_unique_size_u32,0,NVIDIA RTX PRO 6000 Blackwell Server Edition,I64,U32,128,1,8,1,1000000000,128,Yes,,,,,,,,,,
pfp_bloom_filter_contains_unique_size_u32,0,NVIDIA RTX PRO 6000 Blackwell Server Edition,I64,U32,128,1,8,1,1000000000,256,Yes,,,,,,,,,,
pfp_bloom_filter_contains_unique_size_u32,0,NVIDIA RTX PRO 6000 Blackwell Server Edition,I64,U32,128,1,8,1,1000000000,512,Yes,,,,,,,,,,
pfp_bloom_filter_contains_unique_size_u32,0,NVIDIA RTX PRO 6000 Blackwell Server Edition,I64,U32,128,1,8,1,1000000000,1024,Yes,,,,,,,,,,
pfp_bloom_filter_contains_unique_size_u32,0,NVIDIA RTX PRO 6000 Blackwell Server Edition,I64,U32,128,1,8,1,1000000000,2048,Yes,,,,,,,,,,
pfp_bloom_filter_contains_unique_size_u32,0,NVIDIA RTX PRO 6000 Blackwell Server Edition,I64,U32,128,1,8,2,1000000000,1,Yes,,,,,,,,,,
pfp_bloom_filter_contains_unique_size_u32,0,NVIDIA RTX PRO 6000 Blackwell Server Edition,I64,U32,128,1,8,2,1000000000,2,Yes,,,,,,,,,,
pfp_bloom_filter_contains_unique_size_u32,0,NVIDIA RTX PRO 6000 Blackwell Server Edition,I64,U32,128,1,8,2,1000000000,4,Yes,,,,,,,,,,
pfp_bloom_filter_contains_unique_size_u32,0,NVIDIA RTX PRO 6000 Blackwell Server Edition,I64,U32,128,1,8,2,1000000000,8,Yes,,,,,,,,,,
pfp_bloom_filter_contains_unique_size_u32,0,NVIDIA RTX PRO 6000 Blackwell Server Edition,I64,U32,128,1,8,2,1000000000,16,Yes,,,,,,,,,,
pfp_bloom_filter_contains_unique_size_u32,0,NVIDIA RTX PRO 6000 Blackwell Server Edition,I64,U32,128,1,8,2,1000000000,32,Yes,,,,,,,,,,
pfp_bloom_filter_contains_unique_size_u32,0,NVIDIA RTX PRO 6000 Blackwell Server Edition,I64,U32,128,1,8,2,1000000000,64,Yes,,,,,,,,,,
pfp_bloom_filter_contains_unique_size_u32,0,NVIDIA RTX PRO 6000 Blackwell Server Edition,I64,U32,128,1,8,2,1000000000,128,Yes,,,,,,,,,,
pfp_bloom_filter_contains_unique_size_u32,0,NVIDIA RTX PRO 6000 Blackwell Server Edition,I64,U32,128,1,8,2,1000000000,256,Yes,,,,,,,,,,
pfp_bloom_filter_contains_unique_size_u32,0,NVIDIA RTX PRO 6000 Blackwell Server Edition,I64,U32,128,1,8,2,1000000000,512,Yes,,,,,,,,,,
pfp_bloom_filter_contains_unique_size_u32,0,NVIDIA RTX PRO 6000 Blackwell Server Edition,I64,U32,128,1,8,2,1000000000,1024,Yes,,,,,,,,,,
pfp_bloom_filter_contains_unique_size_u32,0,NVIDIA RTX PRO 6000 Blackwell Server Edition,I64,U32,128,1,8,2,1000000000,2048,Yes,,,,,,,,,,
pfp_bloom_filter_contains_unique_size_u32,0,NVIDIA RTX PRO 6000 Blackwell Server Edition,I64,U32,128,1,8,4,1000000000,1,Yes,,,,,,,,,,
pfp_bloom_filter_contains_unique_size_u32,0,NVIDIA RTX PRO 6000 Blackwell Server Edition,I64,U32,128,1,8,4,1000000000,2,Yes,,,,,,,,,,
pfp_bloom_filter_contains_unique_size_u32,0,NVIDIA RTX PRO 6000 Blackwell Server Edition,I64,U32,128,1,8,4,1000000000,4,Yes,,,,,,,,,,
pfp_bloom_filter_contains_unique_size_u32,0,NVIDIA RTX PRO 6000 Blackwell Server Edition,I64,U32,128,1,8,4,1000000000,8,Yes,,,,,,,,,,
pfp_bloom_filter_contains_unique_size_u32,0,NVIDIA RTX PRO 6000 Blackwell Server Edition,I64,U32,128,1,8,4,1000000000,16,Yes,,,,,,,,,,
pfp_bloom_filter_contains_unique_size_u32,0,NVIDIA RTX PRO 6000 Blackwell Server Edition,I64,U32,128,1,8,4,1000000000,32,Yes,,,,,,,,,,
pfp_bloom_filter_contains_unique_size_u32,0,NVIDIA RTX PRO 6000 Blackwell Server Edition,I64,U32,128,1,8,4,1000000000,64,Yes,,,,,,,,,,
pfp_bloom_filter_contains_unique_size_u32,0,NVIDIA RTX PRO 6000 Blackwell Server Edition,I64,U32,128,1,8,4,1000000000,128,Yes,,,,,,,,,,
pfp_bloom_filter_contains_unique_size_u32,0,NVIDIA RTX PRO 6000 Blackwell Server Edition,I64,U32,128,1,8,4,1000000000,256,Yes,,,,,,,,,,
pfp_bloom_filter_contains_unique_size_u32,0,NVIDIA RTX PRO 6000 Blackwell Server Edition,I64,U32,128,1,8,4,1000000000,512,Yes,,,,,,,,,,
pfp_bloom_filter_contains_unique_size_u32,0,NVIDIA RTX PRO 6000 Blackwell Server Edition,I64,U32,128,1,8,4,1000000000,1024,Yes,,,,,,,,,,
pfp_bloom_filter_contains_unique_size_u32,0,NVIDIA RTX PRO 6000 Blackwell Server Edition,I64,U32,128,1,8,4,1000000000,2048,Yes,,,,,,,,,,
pfp_bloom_filter_contains_unique_size_u32,0,NVIDIA RTX PRO 6000 Blackwell Server Edition,I64,U32,128,1,8,8,1000000000,1,Yes,,,,,,,,,,
pfp_bloom_filter_contains_unique_size_u32,0,NVIDIA RTX PRO 6000 Blackwell Server Edition,I64,U32,128,1,8,8,1000000000,2,Yes,,,,,,,,,,
pfp_bloom_filter_contains_unique_size_u32,0,NVIDIA RTX PRO 6000 Blackwell Server Edition,I64,U32,128,1,8,8,1000000000,4,Yes,,,,,,,,,,
pfp_bloom_filter_contains_unique_size_u32,0,NVIDIA RTX PRO 6000 Blackwell Server Edition,I64,U32,128,1,8,8,1000000000,8,Yes,,,,,,,,,,
pfp_bloom_filter_contains_unique_size_u32,0,NVIDIA RTX PRO 6000 Blackwell Server Edition,I64,U32,128,1,8,8,1000000000,16,Yes,,,,,,,,,,
pfp_bloom_filter_contains_unique_size_u32,0,NVIDIA RTX PRO 6000 Blackwell Server Edition,I64,U32,128,1,8,8,1000000000,32,Yes,,,,,,,,,,
pfp_bloom_filter_contains_unique_size_u32,0,NVIDIA RTX PRO 6000 Blackwell Server Edition,I64,U32,128,1,8,8,1000000000,64,Yes,,,,,,,,,,
pfp_bloom_filter_contains_unique_size_u32,0,NVIDIA RTX PRO 6000 Blackwell Server Edition,I64,U32,128,1,8,8,1000000000,128,Yes,,,,,,,,,,
pfp_bloom_filter_contains_unique_size_u32,0,NVIDIA RTX PRO 6000 Blackwell Server Edition,I64,U32,128,1,8,8,1000000000,256,Yes,,,,,,,,,,
pfp_bloom_filter_contains_unique_size_u32,0,NVIDIA RTX PRO 6000 Blackwell Server Edition,I64,U32,128,1,8,8,1000000000,512,Yes,,,,,,,,,,
pfp_bloom_filter_contains_unique_size_u32,0,NVIDIA RTX PRO 6000 Blackwell Server Edition,I64,U32,128,1,8,8,1000000000,1024,Yes,,,,,,,,,,
pfp_bloom_filter_contains_unique_size_u32,0,NVIDIA RTX PRO 6000 Blackwell Server Edition,I64,U32,128,1,8,8,1000000000,2048,Yes,,,,,,,,,,
pfp_bloom_filter_contains_unique_size_u32,0,NVIDIA RTX PRO 6000 Blackwell Server Edition,I64,U32,128,20,1,1,1000000000,1,Yes,,,,,,,,,,
pfp_bloom_filter_contains_unique_size_u32,0,NVIDIA RTX PRO 6000 Blackwell Server Edition,I64,U32,128,20,1,1,1000000000,2,Yes,,,,,,,,,,
pfp_bloom_filter_contains_unique_size_u32,0,NVIDIA RTX PRO 6000 Blackwell Server Edition,I64,U32,128,20,1,1,1000000000,4,Yes,,,,,,,,,,
pfp_bloom_filter_contains_unique_size_u32,0,NVIDIA RTX PRO 6000 Blackwell Server Edition,I64,U32,128,20,1,1,1000000000,8,Yes,,,,,,,,,,
pfp_bloom_filter_contains_unique_size_u32,0,NVIDIA RTX PRO 6000 Blackwell Server Edition,I64,U32,128,20,1,1,1000000000,16,Yes,,,,,,,,,,
pfp_bloom_filter_contains_unique_size_u32,0,NVIDIA RTX PRO 6000 Blackwell Server Edition,I64,U32,128,20,1,1,1000000000,32,Yes,,,,,,,,,,
pfp_bloom_filter_contains_unique_size_u32,0,NVIDIA RTX PRO 6000 Blackwell Server Edition,I64,U32,128,20,1,1,1000000000,64,Yes,,,,,,,,,,
pfp_bloom_filter_contains_unique_size_u32,0,NVIDIA RTX PRO 6000 Blackwell Server Edition,I64,U32,128,20,1,1,1000000000,128,Yes,,,,,,,,,,
pfp_bloom_filter_contains_unique_size_u32,0,NVIDIA RTX PRO 6000 Blackwell Server Edition,I64,U32,128,20,1,1,1000000000,256,Yes,,,,,,,,,,
pfp_bloom_filter_contains_unique_size_u32,0,NVIDIA RTX PRO 6000 Blackwell Server Edition,I64,U32,128,20,1,1,1000000000,512,Yes,,,,,,,,,,
pfp_bloom_filter_contains_unique_size_u32,0,NVIDIA RTX PRO 6000 Blackwell Server Edition,I64,U32,128,20,1,1,1000000000,1024,Yes,,,,,,,,,,
pfp_bloom_filter_contains_unique_size_u32,0,NVIDIA RTX PRO 6000 Blackwell Server Edition,I64,U32,128,20,1,1,1000000000,2048,Yes,,,,,,,,,,
pfp_bloom_filter_contains_unique_size_u32,0,NVIDIA RTX PRO 6000 Blackwell Server Edition,I64,U32,128,20,1,2,1000000000,1,Yes,,,,,,,,,,
pfp_bloom_filter_contains_unique_size_u32,0,NVIDIA RTX PRO 6000 Blackwell Server Edition,I64,U32,128,20,1,2,1000000000,2,Yes,,,,,,,,,,
pfp_bloom_filter_contains_unique_size_u32,0,NVIDIA RTX PRO 6000 Blackwell Server Edition,I64,U32,128,20,1,2,1000000000,4,Yes,,,,,,,,,,
pfp_bloom_filter_contains_unique_size_u32,0,NVIDIA RTX PRO 6000 Blackwell Server Edition,I64,U32,128,20,1,2,1000000000,8,Yes,,,,,,,,,,
pfp_bloom_filter_contains_unique_size_u32,0,NVIDIA RTX PRO 6000 Blackwell Server Edition,I64,U32,128,20,1,2,1000000000,16,Yes,,,,,,,,,,
pfp_bloom_filter_contains_unique_size_u32,0,NVIDIA RTX PRO 6000 Blackwell Server Edition,I64,U32,128,20,1,2,1000000000,32,Yes,,,,,,,,,,
pfp_bloom_filter_contains_unique_size_u32,0,NVIDIA RTX PRO 6000 Blackwell Server Edition,I64,U32,128,20,1,2,1000000000,64,Yes,,,,,,,,,,
pfp_bloom_filter_contains_unique_size_u32,0,NVIDIA RTX PRO 6000 Blackwell Server Edition,I64,U32,128,20,1,2,1000000000,128,Yes,,,,,,,,,,
pfp_bloom_filter_contains_unique_size_u32,0,NVIDIA RTX PRO 6000 Blackwell Server Edition,I64,U32,128,20,1,2,1000000000,256,Yes,,,,,,,,,,
pfp_bloom_filter_contains_unique_size_u32,0,NVIDIA RTX PRO 6000 Blackwell Server Edition,I64,U32,128,20,1,2,1000000000,512,Yes,,,,,,,,,,
pfp_bloom_filter_contains_unique_size_u32,0,NVIDIA RTX PRO 6000 Blackwell Server Edition,I64,U32,128,20,1,2,1000000000,1024,Yes,,,,,,,,,,
pfp_bloom_filter_contains_unique_size_u32,0,NVIDIA RTX PRO 6000 Blackwell Server Edition,I64,U32,128,20,1,2,1000000000,2048,Yes,,,,,,,,,,
pfp_bloom_filter_contains_unique_size_u32,0,NVIDIA RTX PRO 6000 Blackwell Server Edition,I64,U32,128,20,1,4,1000000000,1,Yes,,,,,,,,,,
pfp_bloom_filter_contains_unique_size_u32,0,NVIDIA RTX PRO 6000 Blackwell Server Edition,I64,U32,128,20,1,4,1000000000,2,Yes,,,,,,,,,,
pfp_bloom_filter_contains_unique_size_u32,0,NVIDIA RTX PRO 6000 Blackwell Server Edition,I64,U32,128,20,1,4,1000000000,4,Yes,,,,,,,,,,
pfp_bloom_filter_contains_unique_size_u32,0,NVIDIA RTX PRO 6000 Blackwell Server Edition,I64,U32,128,20,1,4,1000000000,8,Yes,,,,,,,,,,
pfp_bloom_filter_contains_unique_size_u32,0,NVIDIA RTX PRO 6000 Blackwell Server Edition,I64,U32,128,20,1,4,1000000000,16,Yes,,,,,,,,,,
pfp_bloom_filter_contains_unique_size_u32,0,NVIDIA RTX PRO 6000 Blackwell Server Edition,I64,U32,128,20,1,4,1000000000,32,Yes,,,,,,,,,,
pfp_bloom_filter_contains_unique_size_u32,0,NVIDIA RTX PRO 6000 Blackwell Server Edition,I64,U32,128,20,1,4,1000000000,64,Yes,,,,,,,,,,
pfp_bloom_filter_contains_unique_size_u32,0,NVIDIA RTX PRO 6000 Blackwell Server Edition,I64,U32,128,20,1,4,1000000000,128,Yes,,,,,,,,,,
pfp_bloom_filter_contains_unique_size_u32,0,NVIDIA RTX PRO 6000 Blackwell Server Edition,I64,U32,128,20,1,4,1000000000,256,Yes,,,,,,,,,,
pfp_bloom_filter_contains_unique_size_u32,0,NVIDIA RTX PRO 6000 Blackwell Server Edition,I64,U32,128,20,1,4,1000000000,512,Yes,,,,,,,,,,
pfp_bloom_filter_contains_unique_size_u32,0,NVIDIA RTX PRO 6000 Blackwell Server Edition,I64,U32,128,20,1,4,1000000000,1024,Yes,,,,,,,,,,
pfp_bloom_filter_contains_unique_size_u32,0,NVIDIA RTX PRO 6000 Blackwell Server Edition,I64,U32,128,20,1,4,1000000000,2048,Yes,,,,,,,,,,
pfp_bloom_filter_contains_unique_size_u32,0,NVIDIA RTX PRO 6000 Blackwell Server Edition,I64,U32,128,20,1,8,1000000000,1,Yes,,,,,,,,,,
pfp_bloom_filter_contains_unique_size_u32,0,NVIDIA RTX PRO 6000 Blackwell Server Edition,I64,U32,128,20,1,8,1000000000,2,Yes,,,,,,,,,,
pfp_bloom_filter_contains_unique_size_u32,0,NVIDIA RTX PRO 6000 Blackwell Server Edition,I64,U32,128,20,1,8,1000000000,4,Yes,,,,,,,,,,
pfp_bloom_filter_contains_unique_size_u32,0,NVIDIA RTX PRO 6000 Blackwell Server Edition,I64,U32,128,20,1,8,1000000000,8,Yes,,,,,,,,,,
pfp_bloom_filter_contains_unique_size_u32,0,NVIDIA RTX PRO 6000 Blackwell Server Edition,I64,U32,128,20,1,8,1000000000,16,Yes,,,,,,,,,,
pfp_bloom_filter_contains_unique_size_u32,0,NVIDIA RTX PRO 6000 Blackwell Server Edition,I64,U32,128,20,1,8,1000000000,32,Yes,,,,,,,,,,
pfp_bloom_filter_contains_unique_size_u32,0,NVIDIA RTX PRO 6000 Blackwell Server Edition,I64,U32,128,20,1,8,1000000000,64,Yes,,,,,,,,,,
pfp_bloom_filter_contains_unique_size_u32,0,NVIDIA RTX PRO 6000 Blackwell Server Edition,I64,U32,128,20,1,8,1000000000,128,Yes,,,,,,,,,,
pfp_bloom_filter_contains_unique_size_u32,0,NVIDIA RTX PRO 6000 Blackwell Server Edition,I64,U32,128,20,1,8,1000000000,256,Yes,,,,,,,,,,
pfp_bloom_filter_contains_unique_size_u32,0,NVIDIA RTX PRO 6000 Blackwell Server Edition,I64,U32,128,20,1,8,1000000000,512,Yes,,,,,,,,,,
pfp_bloom_filter_contains_unique_size_u32,0,NVIDIA RTX PRO 6000 Blackwell Server Edition,I64,U32,128,20,1,8,1000000000,1024,Yes,,,,,,,,,,
pfp_bloom_filter_contains_unique_size_u32,0,NVIDIA RTX PRO 6000 Blackwell Server Edition,I64,U32,128,20,1,8,1000000000,2048,Yes,,,,,,,,,,
pfp_bloom_filter_contains_unique_size_u32,0,NVIDIA RTX PRO 6000 Blackwell Server Edition,I64,U32,128,20,2,1,1000000000,1,Yes,,,,,,,,,,
pfp_bloom_filter_contains_unique_size_u32,0,NVIDIA RTX PRO 6000 Blackwell Server Edition,I64,U32,128,20,2,1,1000000000,2,Yes,,,,,,,,,,
pfp_bloom_filter_contains_unique_size_u32,0,NVIDIA RTX PRO 6000 Blackwell Server Edition,I64,U32,128,20,2,1,1000000000,4,Yes,,,,,,,,,,
pfp_bloom_filter_contains_unique_size_u32,0,NVIDIA RTX PRO 6000 Blackwell Server Edition,I64,U32,128,20,2,1,1000000000,8,Yes,,,,,,,,,,
pfp_bloom_filter_contains_unique_size_u32,0,NVIDIA RTX PRO 6000 Blackwell Server Edition,I64,U32,128,20,2,1,1000000000,16,Yes,,,,,,,,,,
pfp_bloom_filter_contains_unique_size_u32,0,NVIDIA RTX PRO 6000 Blackwell Server Edition,I64,U32,128,20,2,1,1000000000,32,Yes,,,,,,,,,,
pfp_bloom_filter_contains_unique_size_u32,0,NVIDIA RTX PRO 6000 Blackwell Server Edition,I64,U32,128,20,2,1,1000000000,64,Yes,,,,,,,,,,
pfp_bloom_filter_contains_unique_size_u32,0,NVIDIA RTX PRO 6000 Blackwell Server Edition,I64,U32,128,20,2,1,1000000000,128,Yes,,,,,,,,,,
pfp_bloom_filter_contains_unique_size_u32,0,NVIDIA RTX PRO 6000 Blackwell Server Edition,I64,U32,128,20,2,1,1000000000,256,Yes,,,,,,,,,,
pfp_bloom_filter_contains_unique_size_u32,0,NVIDIA RTX PRO 6000 Blackwell Server Edition,I64,U32,128,20,2,1,1000000000,512,Yes,,,,,,,,,,
pfp_bloom_filter_contains_unique_size_u32,0,NVIDIA RTX PRO 6000 Blackwell Server Edition,I64,U32,128,20,2,1,1000000000,1024,Yes,,,,,,,,,,
pfp_bloom_filter_contains_unique_size_u32,0,NVIDIA RTX PRO 6000 Blackwell Server Edition,I64,U32,128,20,2,1,1000000000,2048,Yes,,,,,,,,,,
pfp_bloom_filter_contains_unique_size_u32,0,NVIDIA RTX PRO 6000 Blackwell Server Edition,I64,U32,128,20,2,2,1000000000,1,Yes,,,,,,,,,,
pfp_bloom_filter_contains_unique_size_u32,0,NVIDIA RTX PRO 6000 Blackwell Server Edition,I64,U32,128,20,2,2,1000000000,2,Yes,,,,,,,,,,
pfp_bloom_filter_contains_unique_size_u32,0,NVIDIA RTX PRO 6000 Blackwell Server Edition,I64,U32,128,20,2,2,1000000000,4,Yes,,,,,,,,,,
pfp_bloom_filter_contains_unique_size_u32,0,NVIDIA RTX PRO 6000 Blackwell Server Edition,I64,U32,128,20,2,2,1000000000,8,Yes,,,,,,,,,,
pfp_bloom_filter_contains_unique_size_u32,0,NVIDIA RTX PRO 6000 Blackwell Server Edition,I64,U32,128,20,2,2,1000000000,16,Yes,,,,,,,,,,
pfp_bloom_filter_contains_unique_size_u32,0,NVIDIA RTX PRO 6000 Blackwell Server Edition,I64,U32,128,20,2,2,1000000000,32,Yes,,,,,,,,,,
pfp_bloom_filter_contains_unique_size_u32,0,NVIDIA RTX PRO 6000 Blackwell Server Edition,I64,U32,128,20,2,2,1000000000,64,Yes,,,,,,,,,,
pfp_bloom_filter_contains_unique_size_u32,0,NVIDIA RTX PRO 6000 Blackwell Server Edition,I64,U32,128,20,2,2,1000000000,128,Yes,,,,,,,,,,
pfp_bloom_filter_contains_unique_size_u32,0,NVIDIA RTX PRO 6000 Blackwell Server Edition,I64,U32,128,20,2,2,1000000000,256,Yes,,,,,,,,,,
pfp_bloom_filter_contains_unique_size_u32,0,NVIDIA RTX PRO 6000 Blackwell Server Edition,I64,U32,128,20,2,2,1000000000,512,Yes,,,,,,,,,,
pfp_bloom_filter_contains_unique_size_u32,0,NVIDIA RTX PRO 6000 Blackwell Server Edition,I64,U32,128,20,2,2,1000000000,1024,Yes,,,,,,,,,,
pfp_bloom_filter_contains_unique_size_u32,0,NVIDIA RTX PRO 6000 Blackwell Server Edition,I64,U32,128,20,2,2,1000000000,2048,Yes,,,,,,,,,,
pfp_bloom_filter_contains_unique_size_u32,0,NVIDIA RTX PRO 6000 Blackwell Server Edition,I64,U32,128,20,2,4,1000000000,1,Yes,,,,,,,,,,
pfp_bloom_filter_contains_unique_size_u32,0,NVIDIA RTX PRO 6000 Blackwell Server Edition,I64,U32,128,20,2,4,1000000000,2,Yes,,,,,,,,,,
pfp_bloom_filter_contains_unique_size_u32,0,NVIDIA RTX PRO 6000 Blackwell Server Edition,I64,U32,128,20,2,4,1000000000,4,Yes,,,,,,,,,,
pfp_bloom_filter_contains_unique_size_u32,0,NVIDIA RTX PRO 6000 Blackwell Server Edition,I64,U32,128,20,2,4,1000000000,8,Yes,,,,,,,,,,
pfp_bloom_filter_contains_unique_size_u32,0,NVIDIA RTX PRO 6000 Blackwell Server Edition,I64,U32,128,20,2,4,1000000000,16,Yes,,,,,,,,,,
pfp_bloom_filter_contains_unique_size_u32,0,NVIDIA RTX PRO 6000 Blackwell Server Edition,I64,U32,128,20,2,4,1000000000,32,Yes,,,,,,,,,,
pfp_bloom_filter_contains_unique_size_u32,0,NVIDIA RTX PRO 6000 Blackwell Server Edition,I64,U32,128,20,2,4,1000000000,64,Yes,,,,,,,,,,
pfp_bloom_filter_contains_unique_size_u32,0,NVIDIA RTX PRO 6000 Blackwell Server Edition,I64,U32,128,20,2,4,1000000000,128,Yes,,,,,,,,,,
pfp_bloom_filter_contains_unique_size_u32,0,NVIDIA RTX PRO 6000 Blackwell Server Edition,I64,U32,128,20,2,4,1000000000,256,Yes,,,,,,,,,,
pfp_bloom_filter_contains_unique_size_u32,0,NVIDIA RTX PRO 6000 Blackwell Server Edition,I64,U32,128,20,2,4,1000000000,512,Yes,,,,,,,,,,
pfp_bloom_filter_contains_unique_size_u32,0,NVIDIA RTX PRO 6000 Blackwell Server Edition,I64,U32,128,20,2,4,1000000000,1024,Yes,,,,,,,,,,
pfp_bloom_filter_contains_unique_size_u32,0,NVIDIA RTX PRO 6000 Blackwell Server Edition,I64,U32,128,20,2,4,1000000000,2048,Yes,,,,,,,,,,
pfp_bloom_filter_contains_unique_size_u32,0,NVIDIA RTX PRO 6000 Blackwell Server Edition,I64,U32,128,20,2,8,1000000000,1,Yes,,,,,,,,,,
pfp_bloom_filter_contains_unique_size_u32,0,NVIDIA RTX PRO 6000 Blackwell Server Edition,I64,U32,128,20,2,8,1000000000,2,Yes,,,,,,,,,,
pfp_bloom_filter_contains_unique_size_u32,0,NVIDIA RTX PRO 6000 Blackwell Server Edition,I64,U32,128,20,2,8,1000000000,4,Yes,,,,,,,,,,
pfp_bloom_filter_contains_unique_size_u32,0,NVIDIA RTX PRO 6000 Blackwell Server Edition,I64,U32,128,20,2,8,1000000000,8,Yes,,,,,,,,,,
pfp_bloom_filter_contains_unique_size_u32,0,NVIDIA RTX PRO 6000 Blackwell Server Edition,I64,U32,128,20,2,8,1000000000,16,Yes,,,,,,,,,,
pfp_bloom_filter_contains_unique_size_u32,0,NVIDIA RTX PRO 6000 Blackwell Server Edition,I64,U32,128,20,2,8,1000000000,32,Yes,,,,,,,,,,
pfp_bloom_filter_contains_unique_size_u32,0,NVIDIA RTX PRO 6000 Blackwell Server Edition,I64,U32,128,20,2,8,1000000000,64,Yes,,,,,,,,,,
pfp_bloom_filter_contains_unique_size_u32,0,NVIDIA RTX PRO 6000 Blackwell Server Edition,I64,U32,128,20,2,8,1000000000,128,Yes,,,,,,,,,,
pfp_bloom_filter_contains_unique_size_u32,0,NVIDIA RTX PRO 6000 Blackwell Server Edition,I64,U32,128,20,2,8,1000000000,256,Yes,,,,,,,,,,
pfp_bloom_filter_contains_unique_size_u32,0,NVIDIA RTX PRO 6000 Blackwell Server Edition,I64,U32,128,20,2,8,1000000000,512,Yes,,,,,,,,,,
pfp_bloom_filter_contains_unique_size_u32,0,NVIDIA RTX PRO 6000 Blackwell Server Edition,I64,U32,128,20,2,8,1000000000,1024,Yes,,,,,,,,,,
pfp_bloom_filter_contains_unique_size_u32,0,NVIDIA RTX PRO 6000 Blackwell Server Edition,I64,U32,128,20,2,8,1000000000,2048,Yes,,,,,,,,,,
pfp_bloom_filter_contains_unique_size_u32,0,NVIDIA RTX PRO 6000 Blackwell Server Edition,I64,U32,128,20,4,1,1000000000,1,Yes,,,,,,,,,,
pfp_bloom_filter_contains_unique_size_u32,0,NVIDIA RTX PRO 6000 Blackwell Server Edition,I64,U32,128,20,4,1,1000000000,2,Yes,,,,,,,,,,
pfp_bloom_filter_contains_unique_size_u32,0,NVIDIA RTX PRO 6000 Blackwell Server Edition,I64,U32,128,20,4,1,1000000000,4,Yes,,,,,,,,,,
pfp_bloom_filter_contains_unique_size_u32,0,NVIDIA RTX PRO 6000 Blackwell Server Edition,I64,U32,128,20,4,1,1000000000,8,Yes,,,,,,,,,,
pfp_bloom_filter_contains_unique_size_u32,0,NVIDIA RTX PRO 6000 Blackwell Server Edition,I64,U32,128,20,4,1,1000000000,16,Yes,,,,,,,,,,
pfp_bloom_filter_contains_unique_size_u32,0,NVIDIA RTX PRO 6000 Blackwell Server Edition,I64,U32,128,20,4,1,1000000000,32,Yes,,,,,,,,,,
pfp_bloom_filter_contains_unique_size_u32,0,NVIDIA RTX PRO 6000 Blackwell Server Edition,I64,U32,128,20,4,1,1000000000,64,Yes,,,,,,,,,,
pfp_bloom_filter_contains_unique_size_u32,0,NVIDIA RTX PRO 6000 Blackwell Server Edition,I64,U32,128,20,4,1,1000000000,128,Yes,,,,,,,,,,
pfp_bloom_filter_contains_unique_size_u32,0,NVIDIA RTX PRO 6000 Blackwell Server Edition,I64,U32,128,20,4,1,1000000000,256,Yes,,,,,,,,,,
pfp_bloom_filter_contains_unique_size_u32,0,NVIDIA RTX PRO 6000 Blackwell Server Edition,I64,U32,128,20,4,1,1000000000,512,Yes,,,,,,,,,,
pfp_bloom_filter_contains_unique_size_u32,0,NVIDIA RTX PRO 6000 Blackwell Server Edition,I64,U32,128,20,4,1,1000000000,1024,Yes,,,,,,,,,,
pfp_bloom_filter_contains_unique_size_u32,0,NVIDIA RTX PRO 6000 Blackwell Server Edition,I64,U32,128,20,4,1,1000000000,2048,Yes,,,,,,,,,,
pfp_bloom_filter_contains_unique_size_u32,0,NVIDIA RTX PRO 6000 Blackwell Server Edition,I64,U32,128,20,4,2,1000000000,1,Yes,,,,,,,,,,
pfp_bloom_filter_contains_unique_size_u32,0,NVIDIA RTX PRO 6000 Blackwell Server Edition,I64,U32,128,20,4,2,1000000000,2,Yes,,,,,,,,,,
pfp_bloom_filter_contains_unique_size_u32,0,NVIDIA RTX PRO 6000 Blackwell Server Edition,I64,U32,128,20,4,2,1000000000,4,Yes,,,,,,,,,,
pfp_bloom_filter_contains_unique_size_u32,0,NVIDIA RTX PRO 6000 Blackwell Server Edition,I64,U32,128,20,4,2,1000000000,8,Yes,,,,,,,,,,
pfp_bloom_filter_contains_unique_size_u32,0,NVIDIA RTX PRO 6000 Blackwell Server Edition,I64,U32,128,20,4,2,1000000000,16,Yes,,,,,,,,,,
pfp_bloom_filter_contains_unique_size_u32,0,NVIDIA RTX PRO 6000 Blackwell Server Edition,I64,U32,128,20,4,2,1000000000,32,Yes,,,,,,,,,,
pfp_bloom_filter_contains_unique_size_u32,0,NVIDIA RTX PRO 6000 Blackwell Server Edition,I64,U32,128,20,4,2,1000000000,64,Yes,,,,,,,,,,
pfp_bloom_filter_contains_unique_size_u32,0,NVIDIA RTX PRO 6000 Blackwell Server Edition,I64,U32,128,20,4,2,1000000000,128,Yes,,,,,,,,,,
pfp_bloom_filter_contains_unique_size_u32,0,NVIDIA RTX PRO 6000 Blackwell Server Edition,I64,U32,128,20,4,2,1000000000,256,Yes,,,,,,,,,,
pfp_bloom_filter_contains_unique_size_u32,0,NVIDIA RTX PRO 6000 Blackwell Server Edition,I64,U32,128,20,4,2,1000000000,512,Yes,,,,,,,,,,
pfp_bloom_filter_contains_unique_size_u32,0,NVIDIA RTX PRO 6000 Blackwell Server Edition,I64,U32,128,20,4,2,1000000000,1024,Yes,,,,,,,,,,
pfp_bloom_filter_contains_unique_size_u32,0,NVIDIA RTX PRO 6000 Blackwell Server Edition,I64,U32,128,20,4,2,1000000000,2048,Yes,,,,,,,,,,
pfp_bloom_filter_contains_unique_size_u32,0,NVIDIA RTX PRO 6000 Blackwell Server Edition,I64,U32,128,20,4,4,1000000000,1,Yes,,,,,,,,,,
pfp_bloom_filter_contains_unique_size_u32,0,NVIDIA RTX PRO 6000 Blackwell Server Edition,I64,U32,128,20,4,4,1000000000,2,Yes,,,,,,,,,,
pfp_bloom_filter_contains_unique_size_u32,0,NVIDIA RTX PRO 6000 Blackwell Server Edition,I64,U32,128,20,4,4,1000000000,4,Yes,,,,,,,,,,
pfp_bloom_filter_contains_unique_size_u32,0,NVIDIA RTX PRO 6000 Blackwell Server Edition,I64,U32,128,20,4,4,1000000000,8,Yes,,,,,,,,,,
pfp_bloom_filter_contains_unique_size_u32,0,NVIDIA RTX PRO 6000 Blackwell Server Edition,I64,U32,128,20,4,4,1000000000,16,Yes,,,,,,,,,,
pfp_bloom_filter_contains_unique_size_u32,0,NVIDIA RTX PRO 6000 Blackwell Server Edition,I64,U32,128,20,4,4,1000000000,32,Yes,,,,,,,,,,
pfp_bloom_filter_contains_unique_size_u32,0,NVIDIA RTX PRO 6000 Blackwell Server Edition,I64,U32,128,20,4,4,1000000000,64,Yes,,,,,,,,,,
pfp_bloom_filter_contains_unique_size_u32,0,NVIDIA RTX PRO 6000 Blackwell Server Edition,I64,U32,128,20,4,4,1000000000,128,Yes,,,,,,,,,,
pfp_bloom_filter_contains_unique_size_u32,0,NVIDIA RTX PRO 6000 Blackwell Server Edition,I64,U32,128,20,4,4,1000000000,256,Yes,,,,,,,,,,
pfp_bloom_filter_contains_unique_size_u32,0,NVIDIA RTX PRO 6000 Blackwell Server Edition,I64,U32,128,20,4,4,1000000000,512,Yes,,,,,,,,,,
pfp_bloom_filter_contains_unique_size_u32,0,NVIDIA RTX PRO 6000 Blackwell Server Edition,I64,U32,128,20,4,4,1000000000,1024,Yes,,,,,,,,,,
pfp_bloom_filter_contains_unique_size_u32,0,NVIDIA RTX PRO 6000 Blackwell Server Edition,I64,U32,128,20,4,4,1000000000,2048,Yes,,,,,,,,,,
pfp_bloom_filter_contains_unique_size_u32,0,NVIDIA RTX PRO 6000 Blackwell Server Edition,I64,U32,128,20,4,8,1000000000,1,Yes,,,,,,,,,,
pfp_bloom_filter_contains_unique_size_u32,0,NVIDIA RTX PRO 6000 Blackwell Server Edition,I64,U32,128,20,4,8,1000000000,2,Yes,,,,,,,,,,
pfp_bloom_filter_contains_unique_size_u32,0,NVIDIA RTX PRO 6000 Blackwell Server Edition,I64,U32,128,20,4,8,1000000000,4,Yes,,,,,,,,,,
pfp_bloom_filter_contains_unique_size_u32,0,NVIDIA RTX PRO 6000 Blackwell Server Edition,I64,U32,128,20,4,8,1000000000,8,Yes,,,,,,,,,,
pfp_bloom_filter_contains_unique_size_u32,0,NVIDIA RTX PRO 6000 Blackwell Server Edition,I64,U32,128,20,4,8,1000000000,16,Yes,,,,,,,,,,
pfp_bloom_filter_contains_unique_size_u32,0,NVIDIA RTX PRO 6000 Blackwell Server Edition,I64,U32,128,20,4,8,1000000000,32,Yes,,,,,,,,,,
pfp_bloom_filter_contains_unique_size_u32,0,NVIDIA RTX PRO 6000 Blackwell Server Edition,I64,U32,128,20,4,8,1000000000,64,Yes,,,,,,,,,,
pfp_bloom_filter_contains_unique_size_u32,0,NVIDIA RTX PRO 6000 Blackwell Server Edition,I64,U32,128,20,4,8,1000000000,128,Yes,,,,,,,,,,
pfp_bloom_filter_contains_unique_size_u32,0,NVIDIA RTX PRO 6000 Blackwell Server Edition,I64,U32,128,20,4,8,1000000000,256,Yes,,,,,,,,,,
pfp_bloom_filter_contains_unique_size_u32,0,NVIDIA RTX PRO 6000 Blackwell Server Edition,I64,U32,128,20,4,8,1000000000,512,Yes,,,,,,,,,,
pfp_bloom_filter_contains_unique_size_u32,0,NVIDIA RTX PRO 6000 Blackwell Server Edition,I64,U32,128,20,4,8,1000000000,1024,Yes,,,,,,,,,,
pfp_bloom_filter_contains_unique_size_u32,0,NVIDIA RTX PRO 6000 Blackwell Server Edition,I64,U32,128,20,4,8,1000000000,2048,Yes,,,,,,,,,,
pfp_bloom_filter_contains_unique_size_u32,0,NVIDIA RTX PRO 6000 Blackwell Server Edition,I64,U32,128,20,8,1,1000000000,1,Yes,,,,,,,,,,
pfp_bloom_filter_contains_unique_size_u32,0,NVIDIA RTX PRO 6000 Blackwell Server Edition,I64,U32,128,20,8,1,1000000000,2,Yes,,,,,,,,,,
pfp_bloom_filter_contains_unique_size_u32,0,NVIDIA RTX PRO 6000 Blackwell Server Edition,I64,U32,128,20,8,1,1000000000,4,Yes,,,,,,,,,,
pfp_bloom_filter_contains_unique_size_u32,0,NVIDIA RTX PRO 6000 Blackwell Server Edition,I64,U32,128,20,8,1,1000000000,8,Yes,,,,,,,,,,
pfp_bloom_filter_contains_unique_size_u32,0,NVIDIA RTX PRO 6000 Blackwell Server Edition,I64,U32,128,20,8,1,1000000000,16,Yes,,,,,,,,,,
pfp_bloom_filter_contains_unique_size_u32,0,NVIDIA RTX PRO 6000 Blackwell Server Edition,I64,U32,128,20,8,1,1000000000,32,Yes,,,,,,,,,,
pfp_bloom_filter_contains_unique_size_u32,0,NVIDIA RTX PRO 6000 Blackwell Server Edition,I64,U32,128,20,8,1,1000000000,64,Yes,,,,,,,,,,
pfp_bloom_filter_contains_unique_size_u32,0,NVIDIA RTX PRO 6000 Blackwell Server Edition,I64,U32,128,20,8,1,1000000000,128,Yes,,,,,,,,,,
pfp_bloom_filter_contains_unique_size_u32,0,NVIDIA RTX PRO 6000 Blackwell Server Edition,I64,U32,128,20,8,1,1000000000,256,Yes,,,,,,,,,,
pfp_bloom_filter_contains_unique_size_u32,0,NVIDIA RTX PRO 6000 Blackwell Server Edition,I64,U32,128,20,8,1,1000000000,512,Yes,,,,,,,,,,
pfp_bloom_filter_contains_unique_size_u32,0,NVIDIA RTX PRO 6000 Blackwell Server Edition,I64,U32,128,20,8,1,1000000000,1024,Yes,,,,,,,,,,
pfp_bloom_filter_contains_unique_size_u32,0,NVIDIA RTX PRO 6000 Blackwell Server Edition,I64,U32,128,20,8,1,1000000000,2048,Yes,,,,,,,,,,
pfp_bloom_filter_contains_unique_size_u32,0,NVIDIA RTX PRO 6000 Blackwell Server Edition,I64,U32,128,20,8,2,1000000000,1,Yes,,,,,,,,,,
pfp_bloom_filter_contains_unique_size_u32,0,NVIDIA RTX PRO 6000 Blackwell Server Edition,I64,U32,128,20,8,2,1000000000,2,Yes,,,,,,,,,,
pfp_bloom_filter_contains_unique_size_u32,0,NVIDIA RTX PRO 6000 Blackwell Server Edition,I64,U32,128,20,8,2,1000000000,4,Yes,,,,,,,,,,
pfp_bloom_filter_contains_unique_size_u32,0,NVIDIA RTX PRO 6000 Blackwell Server Edition,I64,U32,128,20,8,2,1000000000,8,Yes,,,,,,,,,,
pfp_bloom_filter_contains_unique_size_u32,0,NVIDIA RTX PRO 6000 Blackwell Server Edition,I64,U32,128,20,8,2,1000000000,16,Yes,,,,,,,,,,
pfp_bloom_filter_contains_unique_size_u32,0,NVIDIA RTX PRO 6000 Blackwell Server Edition,I64,U32,128,20,8,2,1000000000,32,Yes,,,,,,,,,,
pfp_bloom_filter_contains_unique_size_u32,0,NVIDIA RTX PRO 6000 Blackwell Server Edition,I64,U32,128,20,8,2,1000000000,64,Yes,,,,,,,,,,
pfp_bloom_filter_contains_unique_size_u32,0,NVIDIA RTX PRO 6000 Blackwell Server Edition,I64,U32,128,20,8,2,1000000000,128,Yes,,,,,,,,,,
pfp_bloom_filter_contains_unique_size_u32,0,NVIDIA RTX PRO 6000 Blackwell Server Edition,I64,U32,128,20,8,2,1000000000,256,Yes,,,,,,,,,,
pfp_bloom_filter_contains_unique_size_u32,0,NVIDIA RTX PRO 6000 Blackwell Server Edition,I64,U32,128,20,8,2,1000000000,512,Yes,,,,,,,,,,
pfp_bloom_filter_contains_unique_size_u32,0,NVIDIA RTX PRO 6000 Blackwell Server Edition,I64,U32,128,20,8,2,1000000000,1024,Yes,,,,,,,,,,
pfp_bloom_filter_contains_unique_size_u32,0,NVIDIA RTX PRO 6000 Blackwell Server Edition,I64,U32,128,20,8,2,1000000000,2048,Yes,,,,,,,,,,
pfp_bloom_filter_contains_unique_size_u32,0,NVIDIA RTX PRO 6000 Blackwell Server Edition,I64,U32,128,20,8,4,1000000000,1,Yes,,,,,,,,,,
pfp_bloom_filter_contains_unique_size_u32,0,NVIDIA RTX PRO 6000 Blackwell Server Edition,I64,U32,128,20,8,4,1000000000,2,Yes,,,,,,,,,,
pfp_bloom_filter_contains_unique_size_u32,0,NVIDIA RTX PRO 6000 Blackwell Server Edition,I64,U32,128,20,8,4,1000000000,4,Yes,,,,,,,,,,
pfp_bloom_filter_contains_unique_size_u32,0,NVIDIA RTX PRO 6000 Blackwell Server Edition,I64,U32,128,20,8,4,1000000000,8,Yes,,,,,,,,,,
pfp_bloom_filter_contains_unique_size_u32,0,NVIDIA RTX PRO 6000 Blackwell Server Edition,I64,U32,128,20,8,4,1000000000,16,Yes,,,,,,,,,,
pfp_bloom_filter_contains_unique_size_u32,0,NVIDIA RTX PRO 6000 Blackwell Server Edition,I64,U32,128,20,8,4,1000000000,32,Yes,,,,,,,,,,
pfp_bloom_filter_contains_unique_size_u32,0,NVIDIA RTX PRO 6000 Blackwell Server Edition,I64,U32,128,20,8,4,1000000000,64,Yes,,,,,,,,,,
pfp_bloom_filter_contains_unique_size_u32,0,NVIDIA RTX PRO 6000 Blackwell Server Edition,I64,U32,128,20,8,4,1000000000,128,Yes,,,,,,,,,,
pfp_bloom_filter_contains_unique_size_u32,0,NVIDIA RTX PRO 6000 Blackwell Server Edition,I64,U32,128,20,8,4,1000000000,256,Yes,,,,,,,,,,
pfp_bloom_filter_contains_unique_size_u32,0,NVIDIA RTX PRO 6000 Blackwell Server Edition,I64,U32,128,20,8,4,1000000000,512,Yes,,,,,,,,,,
pfp_bloom_filter_contains_unique_size_u32,0,NVIDIA RTX PRO 6000 Blackwell Server Edition,I64,U32,128,20,8,4,1000000000,1024,Yes,,,,,,,,,,
pfp_bloom_filter_contains_unique_size_u32,0,NVIDIA RTX PRO 6000 Blackwell Server Edition,I64,U32,128,20,8,4,1000000000,2048,Yes,,,,,,,,,,
pfp_bloom_filter_contains_unique_size_u32,0,NVIDIA RTX PRO 6000 Blackwell Server Edition,I64,U32,128,20,8,8,1000000000,1,Yes,,,,,,,,,,
pfp_bloom_filter_contains_unique_size_u32,0,NVIDIA RTX PRO 6000 Blackwell Server Edition,I64,U32,128,20,8,8,1000000000,2,Yes,,,,,,,,,,
pfp_bloom_filter_contains_unique_size_u32,0,NVIDIA RTX PRO 6000 Blackwell Server Edition,I64,U32,128,20,8,8,1000000000,4,Yes,,,,,,,,,,
pfp_bloom_filter_contains_unique_size_u32,0,NVIDIA RTX PRO 6000 Blackwell Server Edition,I64,U32,128,20,8,8,1000000000,8,Yes,,,,,,,,,,
pfp_bloom_filter_contains_unique_size_u32,0,NVIDIA RTX PRO 6000 Blackwell Server Edition,I64,U32,128,20,8,8,1000000000,16,Yes,,,,,,,,,,
pfp_bloom_filter_contains_unique_size_u32,0,NVIDIA RTX PRO 6000 Blackwell Server Edition,I64,U32,128,20,8,8,1000000000,32,Yes,,,,,,,,,,
pfp_bloom_filter_contains_unique_size_u32,0,NVIDIA RTX PRO 6000 Blackwell Server Edition,I64,U32,128,20,8,8,1000000000,64,Yes,,,,,,,,,,
pfp_bloom_filter_contains_unique_size_u32,0,NVIDIA RTX PRO 6000 Blackwell Server Edition,I64,U32,128,20,8,8,1000000000,128,Yes,,,,,,,,,,
pfp_bloom_filter_contains_unique_size_u32,0,NVIDIA RTX PRO 6000 Blackwell Server Edition,I64,U32,128,20,8,8,1000000000,256,Yes,,,,,,,,,,
pfp_bloom_filter_contains_unique_size_u32,0,NVIDIA RTX PRO 6000 Blackwell Server Edition,I64,U32,128,20,8,8,1000000000,512,Yes,,,,,,,,,,
pfp_bloom_filter_contains_unique_size_u32,0,NVIDIA RTX PRO 6000 Blackwell Server Edition,I64,U32,128,20,8,8,1000000000,1024,Yes,,,,,,,,,,
pfp_bloom_filter_contains_unique_size_u32,0,NVIDIA RTX PRO 6000 Blackwell Server Edition,I64,U32,128,20,8,8,1000000000,2048,Yes,,,,,,,,,,
pfp_bloom_filter_contains_unique_size_u32,0,NVIDIA RTX PRO 6000 Blackwell Server Edition,I64,U32,256,1,1,1,1000000000,1,No,0.001307703,8,50,0.010068384800000003,0.0016506509930404253,0.010058102340698243,0.001658505850352868,99422332973.65504,51,0.010156272738587623
pfp_bloom_filter_contains_unique_size_u32,0,NVIDIA RTX PRO 6000 Blackwell Server Edition,I64,U32,256,1,1,1,1000000000,2,No,0.001313231,8,50,0.01011127252,0.006155859608014375,0.010101935405731201,0.00616397566730055,98990931919.11156,51,0.010179041245404412
pfp_bloom_filter_contains_unique_size_u32,0,NVIDIA RTX PRO 6000 Blackwell Server Edition,I64,U32,256,1,1,1,1000000000,4,No,0.001314625,8,50,0.010148844840000002,0.007646445323249736,0.010138547763824462,0.007648070716656772,98633455529.80658,51,0.010207101859298406
pfp_bloom_filter_contains_unique_size_u32,0,NVIDIA RTX PRO 6000 Blackwell Server Edition,I64,U32,256,1,1,1,1000000000,8,No,0.001315207,8,50,0.01018018474,0.0079582277721682,0.010169895629882813,0.00797542781207026,98329426022.98102,51,0.010215985466452207
pfp_bloom_filter_contains_unique_size_u32,0,NVIDIA RTX PRO 6000 Blackwell Server Edition,I64,U32,256,1,1,1,1000000000,16,No,0.001312756,8,50,0.010157444159999997,0.009084591434378179,0.010147276744842528,0.009094827342377522,98548608177.88,51,0.01022378719554228
pfp_bloom_filter_contains_unique_size_u32,0,NVIDIA RTX PRO 6000 Blackwell Server Edition,I64,U32,256,1,1,1,1000000000,32,No,0.0013149,8,50,0.010185010860000005,0.009530998766929222,0.010174853725433346,0.009504653964918026,98281511163.18973,51,0.01023825252757353
pfp_bloom_filter_contains_unique_size_u32,0,NVIDIA RTX PRO 6000 Blackwell Server Edition,I64,U32,256,1,1,1,1000000000,64,No,0.001315008,8,49,0.01027663397959184,0.008828590159328768,0.01026637248603665,0.008815394450468684,97405388452.45538,51,0.010247850605085785
pfp_bloom_filter_contains_unique_size_u32,0,NVIDIA RTX PRO 6000 Blackwell Server Edition,I64,U32,256,1,1,1,1000000000,128,No,0.001316179,8,19,0.027617474421052633,0.0001612518905955395,0.027606042962325248,0.0001602918693350473,36223952899.179665,20,0.027464345073699954
pfp_bloom_filter_contains_unique_size_u32,0,NVIDIA RTX PRO 6000 Blackwell Server Edition,I64,U32,256,1,1,1,1000000000,256,No,0.001315938,8,11,0.05639005581818182,7.003969343052734e-05,0.05637898427789862,6.737995645470083e-05,17737105639.76965,12,0.056303737322489424
pfp_bloom_filter_contains_unique_size_u32,0,NVIDIA RTX PRO 6000 Blackwell Server Edition,I64,U32,256,1,1,1,1000000000,512,No,0.001314859,8,11,0.06446676245454547,6.326075841869465e-05,0.064455322265625,5.8915542641569876e-05,15514622607.56262,12,0.06438463973999024
pfp_bloom_filter_contains_unique_size_u32,0,NVIDIA RTX PRO 6000 Blackwell Server Edition,I64,U32,256,1,1,1,1000000000,1024,No,0.00131359,8,11,0.06772839690909091,7.38167296306415e-05,0.0677171235518022,6.721926114760252e-05,14767313606.210999,12,0.0676430466969808
pfp_bloom_filter_contains_unique_size_u32,0,NVIDIA RTX PRO 6000 Blackwell Server Edition,I64,U32,256,1,1,1,1000000000,2048,No,0.001316432,8,11,0.06920288636363635,9.95994613649626e-05,0.06919186332009056,9.23791178113961e-05,14452566414.837969,12,0.0691195723215739
pfp_bloom_filter_contains_unique_size_u32,0,NVIDIA RTX PRO 6000 Blackwell Server Edition,I64,U32,256,1,1,2,1000000000,1,No,0.001307703,8,62,0.00819572627419355,0.01768788450674065,0.008185122536074733,0.017691803509715803,122172880808.15479,63,0.008301275344122025
pfp_bloom_filter_contains_unique_size_u32,0,NVIDIA RTX PRO 6000 Blackwell Server Edition,I64,U32,256,1,1,2,1000000000,2,No,0.001313231,8,60,0.008346248300000001,0.012425239354949871,0.008336081107457479,0.012427834686104389,119960445095.16557,62,0.008390094387915827
pfp_bloom_filter_contains_unique_size_u32,0,NVIDIA RTX PRO 6000 Blackwell Server Edition,I64,U32,256,1,1,2,1000000000,4,No,0.001314625,8,60,0.008395286133333336,0.016348214643452617,0.008384964768091837,0.016355354184835393,119261085485.46349,62,0.008452755835748489
pfp_bloom_filter_contains_unique_size_u32,0,NVIDIA RTX PRO 6000 Blackwell Server Edition,I64,U32,256,1,1,2,1000000000,8,No,0.001315207,8,60,0.008412697866666664,0.017904094507407518,0.008402428833643593,0.01790812925908002,119013206752.31049,62,0.008473070698399698
pfp_bloom_filter_contains_unique_size_u32,0,NVIDIA RTX PRO 6000 Blackwell Server Edition,I64,U32,256,1,1,2,1000000000,16,No,0.001312756,8,60,0.008441740833333333,0.017144686845602847,0.00843152845700582,0.01715412844296475,118602458035.83722,62,0.008486300560735887
pfp_bloom_filter_contains_unique_size_u32,0,NVIDIA RTX PRO 6000 Blackwell Server Edition,I64,U32,256,1,1,2,1000000000,32,No,0.0013149,8,59,0.008492962186440682,0.013594996354963055,0.008482447187779315,0.01357620227279536,117890507050.92543,61,0.008504219430391907
pfp_bloom_filter_contains_unique_size_u32,0,NVIDIA RTX PRO 6000 Blackwell Server Edition,I64,U32,256,1,1,2,1000000000,64,No,0.001315008,8,59,0.008546553440677965,0.016906436506234284,0.00853629231857041,0.016912848135117314,117146878607.30055,61,0.008512679303278689
pfp_bloom_filter_contains_unique_size_u32,0,NVIDIA RTX PRO 6000 Blackwell Server Edition,I64,U32,256,1,1,2,1000000000,128,No,0.001316179,8,19,0.027474251263157893,0.00015606136586657058,0.027464138231779393,0.00013400160337701723,36411118803.75248,20,0.027322726154327393
pfp_bloom_filter_contains_unique_size_u32,0,NVIDIA RTX PRO 6000 Blackwell Server Edition,I64,U32,256,1,1,2,1000000000,256,No,0.001315938,8,11,0.05630089709090909,7.268461446218805e-05,0.05628989132967861,6.618261791309535e-05,17765179082.389774,12,0.056213925997416175
pfp_bloom_filter_contains_unique_size_u32,0,NVIDIA RTX PRO 6000 Blackwell Server Edition,I64,U32,256,1,1,2,1000000000,512,No,0.001314859,8,11,0.06443791445454546,8.105885174793039e-05,0.06442652823708274,8.422467649842415e-05,15521556529.014055,12,0.06435575103759765
pfp_bloom_filter_contains_unique_size_u32,0,NVIDIA RTX PRO 6000 Blackwell Server Edition,I64,U32,256,1,1,2,1000000000,1024,No,0.00131359,8,11,0.06771420463636363,8.550795935820431e-05,0.06770372702858664,8.551938491623012e-05,14770235611.66387,12,0.06763568178812664
pfp_bloom_filter_contains_unique_size_u32,0,NVIDIA RTX PRO 6000 Blackwell Server Edition,I64,U32,256,1,1,2,1000000000,2048,No,0.001316432,8,11,0.06920254727272727,9.21585652482487e-05,0.06919110662286933,9.234722719700131e-05,14452724472.966818,12,0.06912434959411622
pfp_bloom_filter_contains_unique_size_u32,0,NVIDIA RTX PRO 6000 Blackwell Server Edition,I64,U32,256,1,1,4,1000000000,1,No,0.001307703,8,63,0.008032506619047622,0.014359680435222634,0.008022122678302584,0.014363533045636097,124655286400.03195,64,0.00814236831665039
pfp_bloom_filter_contains_unique_size_u32,0,NVIDIA RTX PRO 6000 Blackwell Server Edition,I64,U32,256,1,1,4,1000000000,2,No,0.001313231,8,62,0.008162762612903227,0.01413120667267268,0.008152643665190666,0.014167727410400432,122659598661.19244,63,0.008238948761470733
pfp_bloom_filter_contains_unique_size_u32,0,NVIDIA RTX PRO 6000 Blackwell Server Edition,I64,U32,256,1,1,4,1000000000,4,No,0.001314625,8,61,0.008243107704918031,0.014873883954036281,0.008232845658161599,0.01487459366667715,121464684450.71042,63,0.008303225562686012
pfp_bloom_filter_contains_unique_size_u32,0,NVIDIA RTX PRO 6000 Blackwell Server Edition,I64,U32,256,1,1,4,1000000000,8,No,0.001315207,8,61,0.008281980081967212,0.013930122323662452,0.008271780232914158,0.013962920963479827,120892960383.65599,63,0.008332547626798116
pfp_bloom_filter_contains_unique_size_u32,0,NVIDIA RTX PRO 6000 Blackwell Server Edition,I64,U32,256,1,1,4,1000000000,16,No,0.001312756,8,61,0.008294717065573769,0.015518655626281536,0.008284502545341117,0.015533457538721655,120707307955.66733,63,0.008348655095176093
pfp_bloom_filter_contains_unique_size_u32,0,NVIDIA RTX PRO 6000 Blackwell Server Edition,I64,U32,256,1,1,4,1000000000,32,No,0.0013149,8,61,0.008331486049180327,0.016049403542467335,0.008320723377290321,0.016088447185540176,120181858554.42467,62,0.008368656281502017
pfp_bloom_filter_contains_unique_size_u32,0,NVIDIA RTX PRO 6000 Blackwell Server Edition,I64,U32,256,1,1,4,1000000000,64,No,0.001315008,8,60,0.008399198033333333,0.015401613997736822,0.008389126396179197,0.015427104395882177,119201923153.21974,62,0.008373428836945565
pfp_bloom_filter_contains_unique_size_u32,0,NVIDIA RTX PRO 6000 Blackwell Server Edition,I64,U32,256,1,1,4,1000000000,128,No,0.001316179,8,19,0.02743561847368421,0.0001493187880661652,0.027425406205026724,0.00014945928016290243,36462541065.90818,20,0.027283148670196534
pfp_bloom_filter_contains_unique_size_u32,0,NVIDIA RTX PRO 6000 Blackwell Server Edition,I64,U32,256,1,1,4,1000000000,256,No,0.001315938,8,11,0.0562881759090909,0.00010779247670052053,0.056277766141024504,0.0001031513278730447,17769006635.660248,12,0.05620445982615153
pfp_bloom_filter_contains_unique_size_u32,0,NVIDIA RTX PRO 6000 Blackwell Server Edition,I64,U32,256,1,1,4,1000000000,512,No,0.001314859,8,11,0.064455769,7.36138818705223e-05,0.06444483809037642,6.930999068650021e-05,15517146595.940172,12,0.06437461598714192
pfp_bloom_filter_contains_unique_size_u32,0,NVIDIA RTX PRO 6000 Blackwell Server Edition,I64,U32,256,1,1,4,1000000000,1024,No,0.00131359,8,11,0.06774612181818182,0.00011518946866930006,0.06773521353981711,0.00011102262095107118,14763369711.858446,12,0.06766438484191895
pfp_bloom_filter_contains_unique_size_u32,0,NVIDIA RTX PRO 6000 Blackwell Server Edition,I64,U32,256,1,1,4,1000000000,2048,No,0.001316432,8,11,0.0692352669090909,8.567082053020292e-05,0.06922376320578837,8.12260990639363e-05,14445906343.276955,12,0.06915353012084961
pfp_bloom_filter_contains_unique_size_u32,0,NVIDIA RTX PRO 6000 Blackwell Server Edition,I64,U32,256,1,1,8,1000000000,1,No,0.001307703,8,64,0.007878162921875001,0.012586929209537339,0.007868219494819641,0.012626186374431468,127093556637.3549,66,0.00797938028971354
pfp_bloom_filter_contains_unique_size_u32,0,NVIDIA RTX PRO 6000 Blackwell Server Edition,I64,U32,256,1,1,8,1000000000,2,No,0.001313231,8,63,0.007997480682539682,0.01162458469330492,0.007986972437964545,0.011646869907131914,125203887676.72359,65,0.008061589167668269
pfp_bloom_filter_contains_unique_size_u32,0,NVIDIA RTX PRO 6000 Blackwell Server Edition,I64,U32,256,1,1,8,1000000000,4,No,0.001314625,8,63,0.008052473238095239,0.012529770415516712,0.0080418320837475,0.012548857360228895,124349773731.41061,64,0.008121423721313477
pfp_bloom_filter_contains_unique_size_u32,0,NVIDIA RTX PRO 6000 Blackwell Server Edition,I64,U32,256,1,1,8,1000000000,8,No,0.001315207,8,62,0.008080969112903225,0.013425001762623864,0.008070646678247759,0.013522975682773233,123905808278.68837,64,0.008143887519836426
pfp_bloom_filter_contains_unique_size_u32,0,NVIDIA RTX PRO 6000 Blackwell Server Edition,I64,U32,256,1,1,8,1000000000,16,No,0.001312756,8,62,0.008125963564516132,0.012376047227009144,0.008115547872358752,0.012392462227472943,123220269996.30698,64,0.00815833568572998
pfp_bloom_filter_contains_unique_size_u32,0,NVIDIA RTX PRO 6000 Blackwell Server Edition,I64,U32,256,1,1,8,1000000000,32,No,0.0013149,8,62,0.0081699090483871,0.01188674220947174,0.008159868401865807,0.011896238571202174,122550996015.00233,64,0.00817316722869873
pfp_bloom_filter_contains_unique_size_u32,0,NVIDIA RTX PRO 6000 Blackwell Server Edition,I64,U32,256,1,1,8,1000000000,64,No,0.001315008,8,61,0.008231791852459015,0.01268691718997677,0.008221586352489036,0.012694791891334717,121631028018.973,64,0.008180079460144042
pfp_bloom_filter_contains_unique_size_u32,0,NVIDIA RTX PRO 6000 Blackwell Server Edition,I64,U32,256,1,1,8,1000000000,128,No,0.001316179,8,19,0.02743646294736842,0.00012968442263342655,0.027426101985730623,0.00013001607880942765,36461616037.17088,20,0.027285863304138187
pfp_bloom_filter_contains_unique_size_u32,0,NVIDIA RTX PRO 6000 Blackwell Server Edition,I64,U32,256,1,1,8,1000000000,256,No,0.001315938,8,11,0.05629084681818183,8.713393143089644e-05,0.056279950228604395,8.635623053791249e-05,17768317063.85817,12,0.05620282649993896
pfp_bloom_filter_contains_unique_size_u32,0,NVIDIA RTX PRO 6000 Blackwell Server Edition,I64,U32,256,1,1,8,1000000000,512,No,0.001314859,8,11,0.06444653581818181,0.00010842780963604558,0.06443589227849787,0.00011060922143867867,15519300884.015196,12,0.06437191327412924
pfp_bloom_filter_contains_unique_size_u32,0,NVIDIA RTX PRO 6000 Blackwell Server Edition,I64,U32,256,1,1,8,1000000000,1024,No,0.00131359,8,11,0.06773491354545454,6.435760725449524e-05,0.06772379302978516,6.395420663670394e-05,14765859312.696743,12,0.06765802574157714
pfp_bloom_filter_contains_unique_size_u32,0,NVIDIA RTX PRO 6000 Blackwell Server Edition,I64,U32,256,1,1,8,1000000000,2048,No,0.001316432,8,11,0.06922792900000001,8.824844532106877e-05,0.06921723729913885,8.941904203657391e-05,14447268325.348797,12,0.0691489283243815
pfp_bloom_filter_contains_unique_size_u32,0,NVIDIA RTX PRO 6000 Blackwell Server Edition,I64,U32,256,1,2,1,1000000000,1,No,0.001307703,8,40,0.012604855725,0.011037788640210015,0.0125944224357605,0.011054265365463424,79400226973.53777,41,0.01277408506812119
pfp_bloom_filter_contains_unique_size_u32,0,NVIDIA RTX PRO 6000 Blackwell Server Edition,I64,U32,256,1,2,1,1000000000,2,No,0.001313231,8,40,0.012696364575000002,0.011329375525433666,0.012686037659645075,0.011326461236613175,78826819439.5363,41,0.012814910144340701
pfp_bloom_filter_contains_unique_size_u32,0,NVIDIA RTX PRO 6000 Blackwell Server Edition,I64,U32,256,1,2,1,1000000000,4,No,0.001314625,8,40,0.012755179575000001,0.012139485343508456,0.012744766473770139,0.01214105919947402,78463579702.15373,41,0.012875200201825397
pfp_bloom_filter_contains_unique_size_u32,0,NVIDIA RTX PRO 6000 Blackwell Server Edition,I64,U32,256,1,2,1,1000000000,8,No,0.001315207,8,40,0.012827359024999999,0.012398521497084194,0.012817024064064025,0.012411058802723711,78021231371.77911,41,0.012946804349015397
pfp_bloom_filter_contains_unique_size_u32,0,NVIDIA RTX PRO 6000 Blackwell Server Edition,I64,U32,256,1,2,1,1000000000,16,No,0.001312756,8,39,0.012858499641025641,0.012438649386830645,0.01284808124640049,0.012445364245941492,77832633591.11769,40,0.012958282470703126
pfp_bloom_filter_contains_unique_size_u32,0,NVIDIA RTX PRO 6000 Blackwell Server Edition,I64,U32,256,1,2,1,1000000000,32,No,0.0013149,8,39,0.012934845179487179,0.012403567232668953,0.012924221552335299,0.012397224300198594,77374099163.38895,40,0.012980557250976563
pfp_bloom_filter_contains_unique_size_u32,0,NVIDIA RTX PRO 6000 Blackwell Server Edition,I64,U32,256,1,2,1,1000000000,64,No,0.001315008,8,39,0.012946740615384617,0.012389146579550972,0.012936491526090185,0.012404628282107952,77300711555.61847,40,0.012983731079101562
pfp_bloom_filter_contains_unique_size_u32,0,NVIDIA RTX PRO 6000 Blackwell Server Edition,I64,U32,256,1,2,1,1000000000,128,No,0.001316179,8,19,0.027408344736842106,0.0001408865443283134,0.027396956795140315,0.00014223964380656183,36500404314.15289,20,0.02725642099380493
pfp_bloom_filter_contains_unique_size_u32,0,NVIDIA RTX PRO 6000 Blackwell Server Edition,I64,U32,256,1,2,1,1000000000,256,No,0.001315938,8,11,0.05630956781818181,8.771029612579385e-05,0.05629861762306907,8.254706749410519e-05,17762425477.21522,12,0.056222975413004556
pfp_bloom_filter_contains_unique_size_u32,0,NVIDIA RTX PRO 6000 Blackwell Server Edition,I64,U32,256,1,2,1,1000000000,512,No,0.001314859,8,11,0.06451877009090909,8.878954396501518e-05,0.06450872455943715,8.083899976324622e-05,15501779128.784641,12,0.06443417739868164
pfp_bloom_filter_contains_unique_size_u32,0,NVIDIA RTX PRO 6000 Blackwell Server Edition,I64,U32,256,1,2,1,1000000000,1024,No,0.00131359,8,11,0.06782694263636364,8.281615618586699e-05,0.06781595126065341,8.449379465229033e-05,14745793303.944946,12,0.06774323209126791
pfp_bloom_filter_contains_unique_size_u32,0,NVIDIA RTX PRO 6000 Blackwell Server Edition,I64,U32,256,1,2,1,1000000000,2048,No,0.001316432,8,11,0.06932108009090909,6.888057386404445e-05,0.06930929218639027,6.883747022134121e-05,14428079820.96753,12,0.06924173418680826
pfp_bloom_filter_contains_unique_size_u32,0,NVIDIA RTX PRO 6000 Blackwell Server Edition,I64,U32,256,1,2,2,1000000000,1,No,0.001307703,8,41,0.012502411073170735,0.005477998346898382,0.012491839269312415,0.005472239307944909,80052262796.60919,42,0.012638793059757777
pfp_bloom_filter_contains_unique_size_u32,0,NVIDIA RTX PRO 6000 Blackwell Server Edition,I64,U32,256,1,2,2,1000000000,2,No,0.001313231,8,40,0.012561876674999996,0.007393543310084584,0.012551043200492856,0.007407068408389042,79674652060.85275,41,0.012674097572884908
pfp_bloom_filter_contains_unique_size_u32,0,NVIDIA RTX PRO 6000 Blackwell Server Edition,I64,U32,256,1,2,2,1000000000,4,No,0.001314625,8,40,0.012628415600000002,0.008110735574327638,0.012618080854415894,0.008116703474939932,79251354586.94057,41,0.012727620938929115
pfp_bloom_filter_contains_unique_size_u32,0,NVIDIA RTX PRO 6000 Blackwell Server Edition,I64,U32,256,1,2,2,1000000000,8,No,0.001315207,8,40,0.012710084675,0.008417909592449119,0.012699710297584533,0.008421278936863497,78741953679.85666,41,0.012800075624047256
pfp_bloom_filter_contains_unique_size_u32,0,NVIDIA RTX PRO 6000 Blackwell Server Edition,I64,U32,256,1,2,2,1000000000,16,No,0.001312756,8,40,0.012747859,0.008283075173255543,0.012737562370300293,0.008283954725770048,78507957090.09938,41,0.012809141577743903
pfp_bloom_filter_contains_unique_size_u32,0,NVIDIA RTX PRO 6000 Blackwell Server Edition,I64,U32,256,1,2,2,1000000000,32,No,0.0013149,8,40,0.012779964299999998,0.008635069089221176,0.012770231199264528,0.008679381020654601,78307117889.73662,41,0.012832930402057926
pfp_bloom_filter_contains_unique_size_u32,0,NVIDIA RTX PRO 6000 Blackwell Server Edition,I64,U32,256,1,2,2,1000000000,64,No,0.001315008,8,39,0.012839049794871795,0.008736574506429997,0.01282905192252917,0.008755108189636417,77948082682.85939,41,0.012835364364996188
pfp_bloom_filter_contains_unique_size_u32,0,NVIDIA RTX PRO 6000 Blackwell Server Edition,I64,U32,256,1,2,2,1000000000,128,No,0.001316179,8,19,0.027396215315789466,0.00014411439908489608,0.02738554111279939,0.00014393609215566821,36515619533.71892,20,0.027246692180633546
pfp_bloom_filter_contains_unique_size_u32,0,NVIDIA RTX PRO 6000 Blackwell Server Edition,I64,U32,256,1,2,2,1000000000,256,No,0.001315938,8,11,0.05628292818181819,5.8198342569463133e-05,0.05627186341719193,6.087887521496914e-05,17770870542.99475,12,0.05619400533040365
pfp_bloom_filter_contains_unique_size_u32,0,NVIDIA RTX PRO 6000 Blackwell Server Edition,I64,U32,256,1,2,2,1000000000,512,No,0.001314859,8,11,0.06449355754545455,6.342990259907058e-05,0.06448397133567117,7.306196384322802e-05,15507729739.449547,12,0.06441573588053386
pfp_bloom_filter_contains_unique_size_u32,0,NVIDIA RTX PRO 6000 Blackwell Server Edition,I64,U32,256,1,2,2,1000000000,1024,No,0.00131359,8,11,0.06780860272727272,6.26053376519666e-05,0.06779758592085404,6.274779535971541e-05,14749787716.149452,12,0.06772710291544597
pfp_bloom_filter_contains_unique_size_u32,0,NVIDIA RTX PRO 6000 Blackwell Server Edition,I64,U32,256,1,2,2,1000000000,2048,No,0.001316432,8,11,0.06930191572727273,7.525389342037988e-05,0.06929081587357953,7.329459014399324e-05,14431927051.118736,12,0.06922095171610515
pfp_bloom_filter_contains_unique_size_u32,0,NVIDIA RTX PRO 6000 Blackwell Server Edition,I64,U32,256,1,2,4,1000000000,1,No,0.001307703,8,41,0.01248291651219512,0.00022782853451081656,0.012472195043796446,0.00019487884622622202,80178348437.34189,42,0.01254560779389881
pfp_bloom_filter_contains_unique_size_u32,0,NVIDIA RTX PRO 6000 Blackwell Server Edition,I64,U32,256,1,2,4,1000000000,2,No,0.001313231,8,40,0.0125458822,0.004688767902603883,0.012535149478912353,0.004707364261398898,79775674129.95602,41,0.012617802317549545
pfp_bloom_filter_contains_unique_size_u32,0,NVIDIA RTX PRO 6000 Blackwell Server Edition,I64,U32,256,1,2,4,1000000000,4,No,0.001314625,8,40,0.012598779599999999,0.005951489993839267,0.012588139986991879,0.005959001012366442,79439853785.65564,41,0.01265451570836509
pfp_bloom_filter_contains_unique_size_u32,0,NVIDIA RTX PRO 6000 Blackwell Server Edition,I64,U32,256,1,2,4,1000000000,8,No,0.001315207,8,40,0.012638742500000003,0.0062633176038387126,0.01262783770561218,0.006248613801865882,79190121326.59662,41,0.012726820038586129
pfp_bloom_filter_contains_unique_size_u32,0,NVIDIA RTX PRO 6000 Blackwell Server Edition,I64,U32,256,1,2,4,1000000000,16,No,0.001312756,8,40,0.012669350650000003,0.006449866500788256,0.012658572816848757,0.006432921341768998,78997847108.71864,41,0.012735836866425305
pfp_bloom_filter_contains_unique_size_u32,0,NVIDIA RTX PRO 6000 Blackwell Server Edition,I64,U32,256,1,2,4,1000000000,32,No,0.0013149,8,40,0.012675217999999999,0.006199966774377713,0.012664693546295163,0.006202555846302561,78959668178.66925,41,0.012760562059355945
pfp_bloom_filter_contains_unique_size_u32,0,NVIDIA RTX PRO 6000 Blackwell Server Edition,I64,U32,256,1,2,4,1000000000,64,No,0.001315008,8,40,0.01275695305,0.006617480308192611,0.012746678328514102,0.006617071747731607,78451811070.10577,41,0.012763435177686739
pfp_bloom_filter_contains_unique_size_u32,0,NVIDIA RTX PRO 6000 Blackwell Server Edition,I64,U32,256,1,2,4,1000000000,128,No,0.001316179,8,19,0.02739563068421053,0.00017462216097585524,0.02738503757276033,0.0001794568654450008,36516290961.553825,20,0.027246357727050786
pfp_bloom_filter_contains_unique_size_u32,0,NVIDIA RTX PRO 6000 Blackwell Server Edition,I64,U32,256,1,2,4,1000000000,256,No,0.001315938,8,11,0.056284176181818184,7.28799280297632e-05,0.05627343992753462,6.568221548584061e-05,17770372688.922817,12,0.05619256750742593
pfp_bloom_filter_contains_unique_size_u32,0,NVIDIA RTX PRO 6000 Blackwell Server Edition,I64,U32,256,1,2,4,1000000000,512,No,0.001314859,8,11,0.06449508527272728,7.379990051220821e-05,0.06448399214311079,7.286681497890382e-05,15507724735.476631,12,0.06441261672973632
pfp_bloom_filter_contains_unique_size_u32,0,NVIDIA RTX PRO 6000 Blackwell Server Edition,I64,U32,256,1,2,4,1000000000,1024,No,0.00131359,8,11,0.06780251590909091,6.115321588109244e-05,0.06779147893732243,6.260357492688558e-05,14751116448.197924,12,0.06772099494934082
pfp_bloom_filter_contains_unique_size_u32,0,NVIDIA RTX PRO 6000 Blackwell Server Edition,I64,U32,256,1,2,4,1000000000,2048,No,0.001316432,8,11,0.06929498245454546,6.780644181301553e-05,0.06928399103338069,7.426022158996179e-05,14433348672.396843,12,0.0692184181213379
pfp_bloom_filter_contains_unique_size_u32,0,NVIDIA RTX PRO 6000 Blackwell Server Edition,I64,U32,256,1,2,8,1000000000,1,Yes,,,,,,,,,,
pfp_bloom_filter_contains_unique_size_u32,0,NVIDIA RTX PRO 6000 Blackwell Server Edition,I64,U32,256,1,2,8,1000000000,2,Yes,,,,,,,,,,
pfp_bloom_filter_contains_unique_size_u32,0,NVIDIA RTX PRO 6000 Blackwell Server Edition,I64,U32,256,1,2,8,1000000000,4,Yes,,,,,,,,,,
pfp_bloom_filter_contains_unique_size_u32,0,NVIDIA RTX PRO 6000 Blackwell Server Edition,I64,U32,256,1,2,8,1000000000,8,Yes,,,,,,,,,,
pfp_bloom_filter_contains_unique_size_u32,0,NVIDIA RTX PRO 6000 Blackwell Server Edition,I64,U32,256,1,2,8,1000000000,16,Yes,,,,,,,,,,
pfp_bloom_filter_contains_unique_size_u32,0,NVIDIA RTX PRO 6000 Blackwell Server Edition,I64,U32,256,1,2,8,1000000000,32,Yes,,,,,,,,,,
pfp_bloom_filter_contains_unique_size_u32,0,NVIDIA RTX PRO 6000 Blackwell Server Edition,I64,U32,256,1,2,8,1000000000,64,Yes,,,,,,,,,,
pfp_bloom_filter_contains_unique_size_u32,0,NVIDIA RTX PRO 6000 Blackwell Server Edition,I64,U32,256,1,2,8,1000000000,128,Yes,,,,,,,,,,
pfp_bloom_filter_contains_unique_size_u32,0,NVIDIA RTX PRO 6000 Blackwell Server Edition,I64,U32,256,1,2,8,1000000000,256,Yes,,,,,,,,,,
pfp_bloom_filter_contains_unique_size_u32,0,NVIDIA RTX PRO 6000 Blackwell Server Edition,I64,U32,256,1,2,8,1000000000,512,Yes,,,,,,,,,,
pfp_bloom_filter_contains_unique_size_u32,0,NVIDIA RTX PRO 6000 Blackwell Server Edition,I64,U32,256,1,2,8,1000000000,1024,Yes,,,,,,,,,,
pfp_bloom_filter_contains_unique_size_u32,0,NVIDIA RTX PRO 6000 Blackwell Server Edition,I64,U32,256,1,2,8,1000000000,2048,Yes,,,,,,,,,,
pfp_bloom_filter_contains_unique_size_u32,0,NVIDIA RTX PRO 6000 Blackwell Server Edition,I64,U32,256,1,4,1,1000000000,1,No,0.001307703,8,40,0.01270615515,0.019885639619822728,0.01269566400051117,0.019919032971086877,78767049912.45331,41,0.012879697125132492
pfp_bloom_filter_contains_unique_size_u32,0,NVIDIA RTX PRO 6000 Blackwell Server Edition,I64,U32,256,1,4,1,1000000000,2,No,0.001313231,8,40,0.012804775675,0.017668625131293636,0.012795264792442324,0.017683706462498023,78153912109.00629,41,0.012901324109333317
pfp_bloom_filter_contains_unique_size_u32,0,NVIDIA RTX PRO 6000 Blackwell Server Edition,I64,U32,256,1,4,1,1000000000,4,No,0.001314625,8,39,0.012831113974358975,0.018673263622203153,0.012821282484592534,0.018657698281056092,77995317644.8386,40,0.012938931274414062
pfp_bloom_filter_contains_unique_size_u32,0,NVIDIA RTX PRO 6000 Blackwell Server Edition,I64,U32,256,1,4,1,1000000000,8,No,0.001315207,8,39,0.012872901897435899,0.017882399711955755,0.012862467227837978,0.017901846052988488,77745581954.58179,40,0.012966793823242187
pfp_bloom_filter_contains_unique_size_u32,0,NVIDIA RTX PRO 6000 Blackwell Server Edition,I64,U32,256,1,4,1,1000000000,16,No,0.001312756,8,39,0.012907674923076925,0.015530199361193035,0.012897344075716462,0.01553516734332302,77535343255.89037,40,0.01297205810546875
pfp_bloom_filter_contains_unique_size_u32,0,NVIDIA RTX PRO 6000 Blackwell Server Edition,I64,U32,256,1,4,1,1000000000,32,No,0.0013149,8,39,0.012950387512820512,0.015185318521638175,0.012941216053106847,0.015186169241924466,77272490923.2874,40,0.012991897583007814
pfp_bloom_filter_contains_unique_size_u32,0,NVIDIA RTX PRO 6000 Blackwell Server Edition,I64,U32,256,1,4,1,1000000000,64,No,0.001315008,8,39,0.01299368202564103,0.017452814310552286,0.012983490405938568,0.017477183681889257,77020891049.65227,40,0.013001214599609377
pfp_bloom_filter_contains_unique_size_u32,0,NVIDIA RTX PRO 6000 Blackwell Server Edition,I64,U32,256,1,4,1,1000000000,128,No,0.001316179,8,19,0.02746561578947369,9.280934419011345e-05,0.027455341339111327,8.381901260941947e-05,36422785193.18412,20,0.02731438035964966
pfp_bloom_filter_contains_unique_size_u32,0,NVIDIA RTX PRO 6000 Blackwell Server Edition,I64,U32,256,1,4,1,1000000000,256,No,0.001315938,8,11,0.056348116000000004,4.723458156645612e-05,0.05633745748346502,4.44091882726563e-05,17750179803.437153,12,0.056259355545043944
pfp_bloom_filter_contains_unique_size_u32,0,NVIDIA RTX PRO 6000 Blackwell Server Edition,I64,U32,256,1,4,1,1000000000,512,No,0.001314859,8,11,0.06459248736363637,4.6945844498587195e-05,0.0645817711570046,4.6302376612635986e-05,15484245508.982748,12,0.06450828615824382
pfp_bloom_filter_contains_unique_size_u32,0,NVIDIA RTX PRO 6000 Blackwell Server Edition,I64,U32,256,1,4,1,1000000000,1024,No,0.00131359,8,11,0.06790154999999999,6.202143562277889e-05,0.06789062222567471,6.07947622346832e-05,14729574825.163738,12,0.06781755447387695
pfp_bloom_filter_contains_unique_size_u32,0,NVIDIA RTX PRO 6000 Blackwell Server Edition,I64,U32,256,1,4,1,1000000000,2048,No,0.001316432,8,11,0.06939433272727275,3.2383173506768236e-05,0.06938278683749112,3.6241164024109935e-05,14412796683.163036,12,0.06931325149536131
pfp_bloom_filter_contains_unique_size_u32,0,NVIDIA RTX PRO 6000 Blackwell Server Edition,I64,U32,256,1,4,2,1000000000,1,No,0.001307703,8,40,0.012630853075,0.018239787952586215,0.012620622396469116,0.018237092906009715,79235394942.15205,41,0.012796577267530487
pfp_bloom_filter_contains_unique_size_u32,0,NVIDIA RTX PRO 6000 Blackwell Server Edition,I64,U32,256,1,4,2,1000000000,2,No,0.001313231,8,40,0.012736508199999996,0.015390725708347087,0.012726796054840086,0.015403977639133003,78574371404.3169,41,0.01281928085699314
pfp_bloom_filter_contains_unique_size_u32,0,NVIDIA RTX PRO 6000 Blackwell Server Edition,I64,U32,256,1,4,2,1000000000,4,No,0.001314625,8,40,0.012771688625,0.016872726504416145,0.012761373567581178,0.016898258362079265,78361470628.86604,41,0.012858866342684119
pfp_bloom_filter_contains_unique_size_u32,0,NVIDIA RTX PRO 6000 Blackwell Server Edition,I64,U32,256,1,4,2,1000000000,8,No,0.001315207,8,40,0.012817318125000001,0.015054850019104903,0.01280686559677124,0.015053811562746216,78083118187.17857,41,0.012886713725764578
pfp_bloom_filter_contains_unique_size_u32,0,NVIDIA RTX PRO 6000 Blackwell Server Edition,I64,U32,256,1,4,2,1000000000,16,No,0.001312756,8,39,0.012843179538461542,0.013556951318262522,0.012832815585992278,0.013572600664464763,77925221733.22235,40,0.012896229553222657
pfp_bloom_filter_contains_unique_size_u32,0,NVIDIA RTX PRO 6000 Blackwell Server Edition,I64,U32,256,1,4,2,1000000000,32,No,0.0013149,8,39,0.012876762999999998,0.013682778174875685,0.012866289285513073,0.013697202353355859,77722486865.42125,40,0.012911154174804687
pfp_bloom_filter_contains_unique_size_u32,0,NVIDIA RTX PRO 6000 Blackwell Server Edition,I64,U32,256,1,4,2,1000000000,64,No,0.001315008,8,39,0.012923185564102563,0.015485346822024723,0.012912969833765277,0.01550481138180829,77441519098.50867,40,0.012911614990234374
pfp_bloom_filter_contains_unique_size_u32,0,NVIDIA RTX PRO 6000 Blackwell Server Edition,I64,U32,256,1,4,2,1000000000,128,No,0.001316179,8,19,0.02746560963157895,0.0001297741156396416,0.027455302890978365,0.00011967013389417115,36422836199.29007,20,0.02731540441513062
pfp_bloom_filter_contains_unique_size_u32,0,NVIDIA RTX PRO 6000 Blackwell Server Edition,I64,U32,256,1,4,2,1000000000,256,No,0.001315938,8,11,0.05634936254545455,7.78786020867487e-05,0.056338318564675076,7.154337277705884e-05,17749908507.68866,12,0.05625870418548584
pfp_bloom_filter_contains_unique_size_u32,0,NVIDIA RTX PRO 6000 Blackwell Server Edition,I64,U32,256,1,4,2,1000000000,512,No,0.001314859,8,11,0.0645918809090909,6.586183905657866e-05,0.06458029313520951,6.475462479112099e-05,15484599890.346346,12,0.06450684229532877
pfp_bloom_filter_contains_unique_size_u32,0,NVIDIA RTX PRO 6000 Blackwell Server Edition,I64,U32,256,1,4,2,1000000000,1024,No,0.00131359,8,11,0.0679025030909091,4.1673030907855254e-05,0.0678916480324485,4.217730283551984e-05,14729352269.104656,12,0.06781923294067381
pfp_bloom_filter_contains_unique_size_u32,0,NVIDIA RTX PRO 6000 Blackwell Server Edition,I64,U32,256,1,4,2,1000000000,2048,No,0.001316432,8,11,0.06939553036363637,5.621078943310467e-05,0.06938500282981179,5.669125576767544e-05,14412336372.642511,12,0.06931297938028971
pfp_bloom_filter_contains_unique_size_u32,0,NVIDIA RTX PRO 6000 Blackwell Server Edition,I64,U32,256,1,4,4,1000000000,1,Yes,,,,,,,,,,
pfp_bloom_filter_contains_unique_size_u32,0,NVIDIA RTX PRO 6000 Blackwell Server Edition,I64,U32,256,1,4,4,1000000000,2,Yes,,,,,,,,,,
pfp_bloom_filter_contains_unique_size_u32,0,NVIDIA RTX PRO 6000 Blackwell Server Edition,I64,U32,256,1,4,4,1000000000,4,Yes,,,,,,,,,,
pfp_bloom_filter_contains_unique_size_u32,0,NVIDIA RTX PRO 6000 Blackwell Server Edition,I64,U32,256,1,4,4,1000000000,8,Yes,,,,,,,,,,
pfp_bloom_filter_contains_unique_size_u32,0,NVIDIA RTX PRO 6000 Blackwell Server Edition,I64,U32,256,1,4,4,1000000000,16,Yes,,,,,,,,,,
pfp_bloom_filter_contains_unique_size_u32,0,NVIDIA RTX PRO 6000 Blackwell Server Edition,I64,U32,256,1,4,4,1000000000,32,Yes,,,,,,,,,,
pfp_bloom_filter_contains_unique_size_u32,0,NVIDIA RTX PRO 6000 Blackwell Server Edition,I64,U32,256,1,4,4,1000000000,64,Yes,,,,,,,,,,
pfp_bloom_filter_contains_unique_size_u32,0,NVIDIA RTX PRO 6000 Blackwell Server Edition,I64,U32,256,1,4,4,1000000000,128,Yes,,,,,,,,,,
pfp_bloom_filter_contains_unique_size_u32,0,NVIDIA RTX PRO 6000 Blackwell Server Edition,I64,U32,256,1,4,4,1000000000,256,Yes,,,,,,,,,,
pfp_bloom_filter_contains_unique_size_u32,0,NVIDIA RTX PRO 6000 Blackwell Server Edition,I64,U32,256,1,4,4,1000000000,512,Yes,,,,,,,,,,
pfp_bloom_filter_contains_unique_size_u32,0,NVIDIA RTX PRO 6000 Blackwell Server Edition,I64,U32,256,1,4,4,1000000000,1024,Yes,,,,,,,,,,
pfp_bloom_filter_contains_unique_size_u32,0,NVIDIA RTX PRO 6000 Blackwell Server Edition,I64,U32,256,1,4,4,1000000000,2048,Yes,,,,,,,,,,
pfp_bloom_filter_contains_unique_size_u32,0,NVIDIA RTX PRO 6000 Blackwell Server Edition,I64,U32,256,1,4,8,1000000000,1,Yes,,,,,,,,,,
pfp_bloom_filter_contains_unique_size_u32,0,NVIDIA RTX PRO 6000 Blackwell Server Edition,I64,U32,256,1,4,8,1000000000,2,Yes,,,,,,,,,,
pfp_bloom_filter_contains_unique_size_u32,0,NVIDIA RTX PRO 6000 Blackwell Server Edition,I64,U32,256,1,4,8,1000000000,4,Yes,,,,,,,,,,
pfp_bloom_filter_contains_unique_size_u32,0,NVIDIA RTX PRO 6000 Blackwell Server Edition,I64,U32,256,1,4,8,1000000000,8,Yes,,,,,,,,,,
pfp_bloom_filter_contains_unique_size_u32,0,NVIDIA RTX PRO 6000 Blackwell Server Edition,I64,U32,256,1,4,8,1000000000,16,Yes,,,,,,,,,,
pfp_bloom_filter_contains_unique_size_u32,0,NVIDIA RTX PRO 6000 Blackwell Server Edition,I64,U32,256,1,4,8,1000000000,32,Yes,,,,,,,,,,
pfp_bloom_filter_contains_unique_size_u32,0,NVIDIA RTX PRO 6000 Blackwell Server Edition,I64,U32,256,1,4,8,1000000000,64,Yes,,,,,,,,,,
pfp_bloom_filter_contains_unique_size_u32,0,NVIDIA RTX PRO 6000 Blackwell Server Edition,I64,U32,256,1,4,8,1000000000,128,Yes,,,,,,,,,,
pfp_bloom_filter_contains_unique_size_u32,0,NVIDIA RTX PRO 6000 Blackwell Server Edition,I64,U32,256,1,4,8,1000000000,256,Yes,,,,,,,,,,
pfp_bloom_filter_contains_unique_size_u32,0,NVIDIA RTX PRO 6000 Blackwell Server Edition,I64,U32,256,1,4,8,1000000000,512,Yes,,,,,,,,,,
pfp_bloom_filter_contains_unique_size_u32,0,NVIDIA RTX PRO 6000 Blackwell Server Edition,I64,U32,256,1,4,8,1000000000,1024,Yes,,,,,,,,,,
pfp_bloom_filter_contains_unique_size_u32,0,NVIDIA RTX PRO 6000 Blackwell Server Edition,I64,U32,256,1,4,8,1000000000,2048,Yes,,,,,,,,,,
pfp_bloom_filter_contains_unique_size_u32,0,NVIDIA RTX PRO 6000 Blackwell Server Edition,I64,U32,256,1,8,1,1000000000,1,No,0.001307703,8,33,0.015311238303030302,0.019946865175268252,0.015300934820464162,0.019950865846551175,65355483944.84726,34,0.01552519495346967
pfp_bloom_filter_contains_unique_size_u32,0,NVIDIA RTX PRO 6000 Blackwell Server Edition,I64,U32,256,1,8,1,1000000000,2,No,0.001313231,8,33,0.01548097451515152,0.013674376148751917,0.01547061134107185,0.013687884577283753,64638686730.18561,34,0.0155791953311247
pfp_bloom_filter_contains_unique_size_u32,0,NVIDIA RTX PRO 6000 Blackwell Server Edition,I64,U32,256,1,8,1,1000000000,4,No,0.001314625,8,33,0.015499940151515153,0.017874225243592386,0.01548974155657219,0.01788304350964877,64558856346.81277,34,0.015615319728851319
pfp_bloom_filter_contains_unique_size_u32,0,NVIDIA RTX PRO 6000 Blackwell Server Edition,I64,U32,256,1,8,1,1000000000,8,No,0.001315207,8,33,0.015584414878787882,0.016446910285299748,0.0155740848310066,0.016453010647683737,64209230324.02457,34,0.01568662606968599
pfp_bloom_filter_contains_unique_size_u32,0,NVIDIA RTX PRO 6000 Blackwell Server Edition,I64,U32,256,1,8,1,1000000000,16,No,0.001312756,8,33,0.015613528363636366,0.01541573048033649,0.01560314380761349,0.015428476305238177,64089648363.815895,34,0.015700842240277457
pfp_bloom_filter_contains_unique_size_u32,0,NVIDIA RTX PRO 6000 Blackwell Server Edition,I64,U32,256,1,8,1,1000000000,32,No,0.0013149,8,33,0.015638663333333334,0.01823722792257215,0.015628894025629222,0.01823748123694417,63984054045.03597,34,0.015720478394452262
pfp_bloom_filter_contains_unique_size_u32,0,NVIDIA RTX PRO 6000 Blackwell Server Edition,I64,U32,256,1,8,1,1000000000,64,No,0.001315008,8,32,0.01570901025,0.017362296963488583,0.015699163973331452,0.017374281495873587,63697659423.057434,33,0.01573785585345644
pfp_bloom_filter_contains_unique_size_u32,0,NVIDIA RTX PRO 6000 Blackwell Server Edition,I64,U32,256,1,8,1,1000000000,128,No,0.001316179,8,18,0.028992687000000003,5.7472394982668224e-05,0.02898244423336452,6.809579725490828e-05,34503646136.53953,19,0.028845864346152855
pfp_bloom_filter_contains_unique_size_u32,0,NVIDIA RTX PRO 6000 Blackwell Server Edition,I64,U32,256,1,8,1,1000000000,256,No,0.001315938,8,11,0.05657671327272728,4.218741459478397e-05,0.05656623424183239,3.6359276691626976e-05,17678390888.189453,12,0.05648759174346924
pfp_bloom_filter_contains_unique_size_u32,0,NVIDIA RTX PRO 6000 Blackwell Server Edition,I64,U32,256,1,8,1,1000000000,512,No,0.001314859,8,11,0.06484067936363637,5.203609463920934e-05,0.06483027163418857,4.238084263647113e-05,15424892951.900652,12,0.06475442949930828
pfp_bloom_filter_contains_unique_size_u32,0,NVIDIA RTX PRO 6000 Blackwell Server Edition,I64,U32,256,1,8,1,1000000000,1024,No,0.00131359,8,11,0.06815512681818182,3.3520027780469376e-05,0.06814360185102981,2.5939342224402056e-05,14674892034.414639,12,0.06807040214538575
pfp_bloom_filter_contains_unique_size_u32,0,NVIDIA RTX PRO 6000 Blackwell Server Edition,I64,U32,256,1,8,1,1000000000,2048,No,0.001316432,8,11,0.06965354990909091,4.748803807768605e-05,0.06964195251464843,4.939489384779845e-05,14359160877.77207,12,0.0695686804453532
pfp_bloom_filter_contains_unique_size_u32,0,NVIDIA RTX PRO 6000 Blackwell Server Edition,I64,U32,256,1,8,2,1000000000,1,Yes,,,,,,,,,,
pfp_bloom_filter_contains_unique_size_u32,0,NVIDIA RTX PRO 6000 Blackwell Server Edition,I64,U32,256,1,8,2,1000000000,2,Yes,,,,,,,,,,
pfp_bloom_filter_contains_unique_size_u32,0,NVIDIA RTX PRO 6000 Blackwell Server Edition,I64,U32,256,1,8,2,1000000000,4,Yes,,,,,,,,,,
pfp_bloom_filter_contains_unique_size_u32,0,NVIDIA RTX PRO 6000 Blackwell Server Edition,I64,U32,256,1,8,2,1000000000,8,Yes,,,,,,,,,,
pfp_bloom_filter_contains_unique_size_u32,0,NVIDIA RTX PRO 6000 Blackwell Server Edition,I64,U32,256,1,8,2,1000000000,16,Yes,,,,,,,,,,
pfp_bloom_filter_contains_unique_size_u32,0,NVIDIA RTX PRO 6000 Blackwell Server Edition,I64,U32,256,1,8,2,1000000000,32,Yes,,,,,,,,,,
pfp_bloom_filter_contains_unique_size_u32,0,NVIDIA RTX PRO 6000 Blackwell Server Edition,I64,U32,256,1,8,2,1000000000,64,Yes,,,,,,,,,,
pfp_bloom_filter_contains_unique_size_u32,0,NVIDIA RTX PRO 6000 Blackwell Server Edition,I64,U32,256,1,8,2,1000000000,128,Yes,,,,,,,,,,
pfp_bloom_filter_contains_unique_size_u32,0,NVIDIA RTX PRO 6000 Blackwell Server Edition,I64,U32,256,1,8,2,1000000000,256,Yes,,,,,,,,,,
pfp_bloom_filter_contains_unique_size_u32,0,NVIDIA RTX PRO 6000 Blackwell Server Edition,I64,U32,256,1,8,2,1000000000,512,Yes,,,,,,,,,,
pfp_bloom_filter_contains_unique_size_u32,0,NVIDIA RTX PRO 6000 Blackwell Server Edition,I64,U32,256,1,8,2,1000000000,1024,Yes,,,,,,,,,,
pfp_bloom_filter_contains_unique_size_u32,0,NVIDIA RTX PRO 6000 Blackwell Server Edition,I64,U32,256,1,8,2,1000000000,2048,Yes,,,,,,,,,,
pfp_bloom_filter_contains_unique_size_u32,0,NVIDIA RTX PRO 6000 Blackwell Server Edition,I64,U32,256,1,8,4,1000000000,1,Yes,,,,,,,,,,
pfp_bloom_filter_contains_unique_size_u32,0,NVIDIA RTX PRO 6000 Blackwell Server Edition,I64,U32,256,1,8,4,1000000000,2,Yes,,,,,,,,,,
pfp_bloom_filter_contains_unique_size_u32,0,NVIDIA RTX PRO 6000 Blackwell Server Edition,I64,U32,256,1,8,4,1000000000,4,Yes,,,,,,,,,,
pfp_bloom_filter_contains_unique_size_u32,0,NVIDIA RTX PRO 6000 Blackwell Server Edition,I64,U32,256,1,8,4,1000000000,8,Yes,,,,,,,,,,
pfp_bloom_filter_contains_unique_size_u32,0,NVIDIA RTX PRO 6000 Blackwell Server Edition,I64,U32,256,1,8,4,1000000000,16,Yes,,,,,,,,,,
pfp_bloom_filter_contains_unique_size_u32,0,NVIDIA RTX PRO 6000 Blackwell Server Edition,I64,U32,256,1,8,4,1000000000,32,Yes,,,,,,,,,,
pfp_bloom_filter_contains_unique_size_u32,0,NVIDIA RTX PRO 6000 Blackwell Server Edition,I64,U32,256,1,8,4,1000000000,64,Yes,,,,,,,,,,
pfp_bloom_filter_contains_unique_size_u32,0,NVIDIA RTX PRO 6000 Blackwell Server Edition,I64,U32,256,1,8,4,1000000000,128,Yes,,,,,,,,,,
pfp_bloom_filter_contains_unique_size_u32,0,NVIDIA RTX PRO 6000 Blackwell Server Edition,I64,U32,256,1,8,4,1000000000,256,Yes,,,,,,,,,,
pfp_bloom_filter_contains_unique_size_u32,0,NVIDIA RTX PRO 6000 Blackwell Server Edition,I64,U32,256,1,8,4,1000000000,512,Yes,,,,,,,,,,
pfp_bloom_filter_contains_unique_size_u32,0,NVIDIA RTX PRO 6000 Blackwell Server Edition,I64,U32,256,1,8,4,1000000000,1024,Yes,,,,,,,,,,
pfp_bloom_filter_contains_unique_size_u32,0,NVIDIA RTX PRO 6000 Blackwell Server Edition,I64,U32,256,1,8,4,1000000000,2048,Yes,,,,,,,,,,
pfp_bloom_filter_contains_unique_size_u32,0,NVIDIA RTX PRO 6000 Blackwell Server Edition,I64,U32,256,1,8,8,1000000000,1,Yes,,,,,,,,,,
pfp_bloom_filter_contains_unique_size_u32,0,NVIDIA RTX PRO 6000 Blackwell Server Edition,I64,U32,256,1,8,8,1000000000,2,Yes,,,,,,,,,,
pfp_bloom_filter_contains_unique_size_u32,0,NVIDIA RTX PRO 6000 Blackwell Server Edition,I64,U32,256,1,8,8,1000000000,4,Yes,,,,,,,,,,
pfp_bloom_filter_contains_unique_size_u32,0,NVIDIA RTX PRO 6000 Blackwell Server Edition,I64,U32,256,1,8,8,1000000000,8,Yes,,,,,,,,,,
pfp_bloom_filter_contains_unique_size_u32,0,NVIDIA RTX PRO 6000 Blackwell Server Edition,I64,U32,256,1,8,8,1000000000,16,Yes,,,,,,,,,,
pfp_bloom_filter_contains_unique_size_u32,0,NVIDIA RTX PRO 6000 Blackwell Server Edition,I64,U32,256,1,8,8,1000000000,32,Yes,,,,,,,,,,
pfp_bloom_filter_contains_unique_size_u32,0,NVIDIA RTX PRO 6000 Blackwell Server Edition,I64,U32,256,1,8,8,1000000000,64,Yes,,,,,,,,,,
pfp_bloom_filter_contains_unique_size_u32,0,NVIDIA RTX PRO 6000 Blackwell Server Edition,I64,U32,256,1,8,8,1000000000,128,Yes,,,,,,,,,,
pfp_bloom_filter_contains_unique_size_u32,0,NVIDIA RTX PRO 6000 Blackwell Server Edition,I64,U32,256,1,8,8,1000000000,256,Yes,,,,,,,,,,
pfp_bloom_filter_contains_unique_size_u32,0,NVIDIA RTX PRO 6000 Blackwell Server Edition,I64,U32,256,1,8,8,1000000000,512,Yes,,,,,,,,,,
pfp_bloom_filter_contains_unique_size_u32,0,NVIDIA RTX PRO 6000 Blackwell Server Edition,I64,U32,256,1,8,8,1000000000,1024,Yes,,,,,,,,,,
pfp_bloom_filter_contains_unique_size_u32,0,NVIDIA RTX PRO 6000 Blackwell Server Edition,I64,U32,256,1,8,8,1000000000,2048,Yes,,,,,,,,,,
pfp_bloom_filter_contains_unique_size_u32,0,NVIDIA RTX PRO 6000 Blackwell Server Edition,I64,U32,256,20,1,1,1000000000,1,Yes,,,,,,,,,,
pfp_bloom_filter_contains_unique_size_u32,0,NVIDIA RTX PRO 6000 Blackwell Server Edition,I64,U32,256,20,1,1,1000000000,2,Yes,,,,,,,,,,
pfp_bloom_filter_contains_unique_size_u32,0,NVIDIA RTX PRO 6000 Blackwell Server Edition,I64,U32,256,20,1,1,1000000000,4,Yes,,,,,,,,,,
pfp_bloom_filter_contains_unique_size_u32,0,NVIDIA RTX PRO 6000 Blackwell Server Edition,I64,U32,256,20,1,1,1000000000,8,Yes,,,,,,,,,,
pfp_bloom_filter_contains_unique_size_u32,0,NVIDIA RTX PRO 6000 Blackwell Server Edition,I64,U32,256,20,1,1,1000000000,16,Yes,,,,,,,,,,
pfp_bloom_filter_contains_unique_size_u32,0,NVIDIA RTX PRO 6000 Blackwell Server Edition,I64,U32,256,20,1,1,1000000000,32,Yes,,,,,,,,,,
pfp_bloom_filter_contains_unique_size_u32,0,NVIDIA RTX PRO 6000 Blackwell Server Edition,I64,U32,256,20,1,1,1000000000,64,Yes,,,,,,,,,,
pfp_bloom_filter_contains_unique_size_u32,0,NVIDIA RTX PRO 6000 Blackwell Server Edition,I64,U32,256,20,1,1,1000000000,128,Yes,,,,,,,,,,
pfp_bloom_filter_contains_unique_size_u32,0,NVIDIA RTX PRO 6000 Blackwell Server Edition,I64,U32,256,20,1,1,1000000000,256,Yes,,,,,,,,,,
pfp_bloom_filter_contains_unique_size_u32,0,NVIDIA RTX PRO 6000 Blackwell Server Edition,I64,U32,256,20,1,1,1000000000,512,Yes,,,,,,,,,,
pfp_bloom_filter_contains_unique_size_u32,0,NVIDIA RTX PRO 6000 Blackwell Server Edition,I64,U32,256,20,1,1,1000000000,1024,Yes,,,,,,,,,,
pfp_bloom_filter_contains_unique_size_u32,0,NVIDIA RTX PRO 6000 Blackwell Server Edition,I64,U32,256,20,1,1,1000000000,2048,Yes,,,,,,,,,,
pfp_bloom_filter_contains_unique_size_u32,0,NVIDIA RTX PRO 6000 Blackwell Server Edition,I64,U32,256,20,1,2,1000000000,1,Yes,,,,,,,,,,
pfp_bloom_filter_contains_unique_size_u32,0,NVIDIA RTX PRO 6000 Blackwell Server Edition,I64,U32,256,20,1,2,1000000000,2,Yes,,,,,,,,,,
pfp_bloom_filter_contains_unique_size_u32,0,NVIDIA RTX PRO 6000 Blackwell Server Edition,I64,U32,256,20,1,2,1000000000,4,Yes,,,,,,,,,,
pfp_bloom_filter_contains_unique_size_u32,0,NVIDIA RTX PRO 6000 Blackwell Server Edition,I64,U32,256,20,1,2,1000000000,8,Yes,,,,,,,,,,
pfp_bloom_filter_contains_unique_size_u32,0,NVIDIA RTX PRO 6000 Blackwell Server Edition,I64,U32,256,20,1,2,1000000000,16,Yes,,,,,,,,,,
pfp_bloom_filter_contains_unique_size_u32,0,NVIDIA RTX PRO 6000 Blackwell Server Edition,I64,U32,256,20,1,2,1000000000,32,Yes,,,,,,,,,,
pfp_bloom_filter_contains_unique_size_u32,0,NVIDIA RTX PRO 6000 Blackwell Server Edition,I64,U32,256,20,1,2,1000000000,64,Yes,,,,,,,,,,
pfp_bloom_filter_contains_unique_size_u32,0,NVIDIA RTX PRO 6000 Blackwell Server Edition,I64,U32,256,20,1,2,1000000000,128,Yes,,,,,,,,,,
pfp_bloom_filter_contains_unique_size_u32,0,NVIDIA RTX PRO 6000 Blackwell Server Edition,I64,U32,256,20,1,2,1000000000,256,Yes,,,,,,,,,,
pfp_bloom_filter_contains_unique_size_u32,0,NVIDIA RTX PRO 6000 Blackwell Server Edition,I64,U32,256,20,1,2,1000000000,512,Yes,,,,,,,,,,
pfp_bloom_filter_contains_unique_size_u32,0,NVIDIA RTX PRO 6000 Blackwell Server Edition,I64,U32,256,20,1,2,1000000000,1024,Yes,,,,,,,,,,
pfp_bloom_filter_contains_unique_size_u32,0,NVIDIA RTX PRO 6000 Blackwell Server Edition,I64,U32,256,20,1,2,1000000000,2048,Yes,,,,,,,,,,
pfp_bloom_filter_contains_unique_size_u32,0,NVIDIA RTX PRO 6000 Blackwell Server Edition,I64,U32,256,20,1,4,1000000000,1,Yes,,,,,,,,,,
pfp_bloom_filter_contains_unique_size_u32,0,NVIDIA RTX PRO 6000 Blackwell Server Edition,I64,U32,256,20,1,4,1000000000,2,Yes,,,,,,,,,,
pfp_bloom_filter_contains_unique_size_u32,0,NVIDIA RTX PRO 6000 Blackwell Server Edition,I64,U32,256,20,1,4,1000000000,4,Yes,,,,,,,,,,
pfp_bloom_filter_contains_unique_size_u32,0,NVIDIA RTX PRO 6000 Blackwell Server Edition,I64,U32,256,20,1,4,1000000000,8,Yes,,,,,,,,,,
pfp_bloom_filter_contains_unique_size_u32,0,NVIDIA RTX PRO 6000 Blackwell Server Edition,I64,U32,256,20,1,4,1000000000,16,Yes,,,,,,,,,,
pfp_bloom_filter_contains_unique_size_u32,0,NVIDIA RTX PRO 6000 Blackwell Server Edition,I64,U32,256,20,1,4,1000000000,32,Yes,,,,,,,,,,
pfp_bloom_filter_contains_unique_size_u32,0,NVIDIA RTX PRO 6000 Blackwell Server Edition,I64,U32,256,20,1,4,1000000000,64,Yes,,,,,,,,,,
pfp_bloom_filter_contains_unique_size_u32,0,NVIDIA RTX PRO 6000 Blackwell Server Edition,I64,U32,256,20,1,4,1000000000,128,Yes,,,,,,,,,,
pfp_bloom_filter_contains_unique_size_u32,0,NVIDIA RTX PRO 6000 Blackwell Server Edition,I64,U32,256,20,1,4,1000000000,256,Yes,,,,,,,,,,
pfp_bloom_filter_contains_unique_size_u32,0,NVIDIA RTX PRO 6000 Blackwell Server Edition,I64,U32,256,20,1,4,1000000000,512,Yes,,,,,,,,,,
pfp_bloom_filter_contains_unique_size_u32,0,NVIDIA RTX PRO 6000 Blackwell Server Edition,I64,U32,256,20,1,4,1000000000,1024,Yes,,,,,,,,,,
pfp_bloom_filter_contains_unique_size_u32,0,NVIDIA RTX PRO 6000 Blackwell Server Edition,I64,U32,256,20,1,4,1000000000,2048,Yes,,,,,,,,,,
pfp_bloom_filter_contains_unique_size_u32,0,NVIDIA RTX PRO 6000 Blackwell Server Edition,I64,U32,256,20,1,8,1000000000,1,Yes,,,,,,,,,,
pfp_bloom_filter_contains_unique_size_u32,0,NVIDIA RTX PRO 6000 Blackwell Server Edition,I64,U32,256,20,1,8,1000000000,2,Yes,,,,,,,,,,
pfp_bloom_filter_contains_unique_size_u32,0,NVIDIA RTX PRO 6000 Blackwell Server Edition,I64,U32,256,20,1,8,1000000000,4,Yes,,,,,,,,,,
pfp_bloom_filter_contains_unique_size_u32,0,NVIDIA RTX PRO 6000 Blackwell Server Edition,I64,U32,256,20,1,8,1000000000,8,Yes,,,,,,,,,,
pfp_bloom_filter_contains_unique_size_u32,0,NVIDIA RTX PRO 6000 Blackwell Server Edition,I64,U32,256,20,1,8,1000000000,16,Yes,,,,,,,,,,
pfp_bloom_filter_contains_unique_size_u32,0,NVIDIA RTX PRO 6000 Blackwell Server Edition,I64,U32,256,20,1,8,1000000000,32,Yes,,,,,,,,,,
pfp_bloom_filter_contains_unique_size_u32,0,NVIDIA RTX PRO 6000 Blackwell Server Edition,I64,U32,256,20,1,8,1000000000,64,Yes,,,,,,,,,,
pfp_bloom_filter_contains_unique_size_u32,0,NVIDIA RTX PRO 6000 Blackwell Server Edition,I64,U32,256,20,1,8,1000000000,128,Yes,,,,,,,,,,
pfp_bloom_filter_contains_unique_size_u32,0,NVIDIA RTX PRO 6000 Blackwell Server Edition,I64,U32,256,20,1,8,1000000000,256,Yes,,,,,,,,,,
pfp_bloom_filter_contains_unique_size_u32,0,NVIDIA RTX PRO 6000 Blackwell Server Edition,I64,U32,256,20,1,8,1000000000,512,Yes,,,,,,,,,,
pfp_bloom_filter_contains_unique_size_u32,0,NVIDIA RTX PRO 6000 Blackwell Server Edition,I64,U32,256,20,1,8,1000000000,1024,Yes,,,,,,,,,,
pfp_bloom_filter_contains_unique_size_u32,0,NVIDIA RTX PRO 6000 Blackwell Server Edition,I64,U32,256,20,1,8,1000000000,2048,Yes,,,,,,,,,,
pfp_bloom_filter_contains_unique_size_u32,0,NVIDIA RTX PRO 6000 Blackwell Server Edition,I64,U32,256,20,2,1,1000000000,1,Yes,,,,,,,,,,
pfp_bloom_filter_contains_unique_size_u32,0,NVIDIA RTX PRO 6000 Blackwell Server Edition,I64,U32,256,20,2,1,1000000000,2,Yes,,,,,,,,,,
pfp_bloom_filter_contains_unique_size_u32,0,NVIDIA RTX PRO 6000 Blackwell Server Edition,I64,U32,256,20,2,1,1000000000,4,Yes,,,,,,,,,,
pfp_bloom_filter_contains_unique_size_u32,0,NVIDIA RTX PRO 6000 Blackwell Server Edition,I64,U32,256,20,2,1,1000000000,8,Yes,,,,,,,,,,
pfp_bloom_filter_contains_unique_size_u32,0,NVIDIA RTX PRO 6000 Blackwell Server Edition,I64,U32,256,20,2,1,1000000000,16,Yes,,,,,,,,,,
pfp_bloom_filter_contains_unique_size_u32,0,NVIDIA RTX PRO 6000 Blackwell Server Edition,I64,U32,256,20,2,1,1000000000,32,Yes,,,,,,,,,,
pfp_bloom_filter_contains_unique_size_u32,0,NVIDIA RTX PRO 6000 Blackwell Server Edition,I64,U32,256,20,2,1,1000000000,64,Yes,,,,,,,,,,
pfp_bloom_filter_contains_unique_size_u32,0,NVIDIA RTX PRO 6000 Blackwell Server Edition,I64,U32,256,20,2,1,1000000000,128,Yes,,,,,,,,,,
pfp_bloom_filter_contains_unique_size_u32,0,NVIDIA RTX PRO 6000 Blackwell Server Edition,I64,U32,256,20,2,1,1000000000,256,Yes,,,,,,,,,,
pfp_bloom_filter_contains_unique_size_u32,0,NVIDIA RTX PRO 6000 Blackwell Server Edition,I64,U32,256,20,2,1,1000000000,512,Yes,,,,,,,,,,
pfp_bloom_filter_contains_unique_size_u32,0,NVIDIA RTX PRO 6000 Blackwell Server Edition,I64,U32,256,20,2,1,1000000000,1024,Yes,,,,,,,,,,
pfp_bloom_filter_contains_unique_size_u32,0,NVIDIA RTX PRO 6000 Blackwell Server Edition,I64,U32,256,20,2,1,1000000000,2048,Yes,,,,,,,,,,
pfp_bloom_filter_contains_unique_size_u32,0,NVIDIA RTX PRO 6000 Blackwell Server Edition,I64,U32,256,20,2,2,1000000000,1,Yes,,,,,,,,,,
pfp_bloom_filter_contains_unique_size_u32,0,NVIDIA RTX PRO 6000 Blackwell Server Edition,I64,U32,256,20,2,2,1000000000,2,Yes,,,,,,,,,,
pfp_bloom_filter_contains_unique_size_u32,0,NVIDIA RTX PRO 6000 Blackwell Server Edition,I64,U32,256,20,2,2,1000000000,4,Yes,,,,,,,,,,
pfp_bloom_filter_contains_unique_size_u32,0,NVIDIA RTX PRO 6000 Blackwell Server Edition,I64,U32,256,20,2,2,1000000000,8,Yes,,,,,,,,,,
pfp_bloom_filter_contains_unique_size_u32,0,NVIDIA RTX PRO 6000 Blackwell Server Edition,I64,U32,256,20,2,2,1000000000,16,Yes,,,,,,,,,,
pfp_bloom_filter_contains_unique_size_u32,0,NVIDIA RTX PRO 6000 Blackwell Server Edition,I64,U32,256,20,2,2,1000000000,32,Yes,,,,,,,,,,
pfp_bloom_filter_contains_unique_size_u32,0,NVIDIA RTX PRO 6000 Blackwell Server Edition,I64,U32,256,20,2,2,1000000000,64,Yes,,,,,,,,,,
pfp_bloom_filter_contains_unique_size_u32,0,NVIDIA RTX PRO 6000 Blackwell Server Edition,I64,U32,256,20,2,2,1000000000,128,Yes,,,,,,,,,,
pfp_bloom_filter_contains_unique_size_u32,0,NVIDIA RTX PRO 6000 Blackwell Server Edition,I64,U32,256,20,2,2,1000000000,256,Yes,,,,,,,,,,
pfp_bloom_filter_contains_unique_size_u32,0,NVIDIA RTX PRO 6000 Blackwell Server Edition,I64,U32,256,20,2,2,1000000000,512,Yes,,,,,,,,,,
pfp_bloom_filter_contains_unique_size_u32,0,NVIDIA RTX PRO 6000 Blackwell Server Edition,I64,U32,256,20,2,2,1000000000,1024,Yes,,,,,,,,,,
pfp_bloom_filter_contains_unique_size_u32,0,NVIDIA RTX PRO 6000 Blackwell Server Edition,I64,U32,256,20,2,2,1000000000,2048,Yes,,,,,,,,,,
pfp_bloom_filter_contains_unique_size_u32,0,NVIDIA RTX PRO 6000 Blackwell Server Edition,I64,U32,256,20,2,4,1000000000,1,Yes,,,,,,,,,,
pfp_bloom_filter_contains_unique_size_u32,0,NVIDIA RTX PRO 6000 Blackwell Server Edition,I64,U32,256,20,2,4,1000000000,2,Yes,,,,,,,,,,
pfp_bloom_filter_contains_unique_size_u32,0,NVIDIA RTX PRO 6000 Blackwell Server Edition,I64,U32,256,20,2,4,1000000000,4,Yes,,,,,,,,,,
pfp_bloom_filter_contains_unique_size_u32,0,NVIDIA RTX PRO 6000 Blackwell Server Edition,I64,U32,256,20,2,4,1000000000,8,Yes,,,,,,,,,,
pfp_bloom_filter_contains_unique_size_u32,0,NVIDIA RTX PRO 6000 Blackwell Server Edition,I64,U32,256,20,2,4,1000000000,16,Yes,,,,,,,,,,
pfp_bloom_filter_contains_unique_size_u32,0,NVIDIA RTX PRO 6000 Blackwell Server Edition,I64,U32,256,20,2,4,1000000000,32,Yes,,,,,,,,,,
pfp_bloom_filter_contains_unique_size_u32,0,NVIDIA RTX PRO 6000 Blackwell Server Edition,I64,U32,256,20,2,4,1000000000,64,Yes,,,,,,,,,,
pfp_bloom_filter_contains_unique_size_u32,0,NVIDIA RTX PRO 6000 Blackwell Server Edition,I64,U32,256,20,2,4,1000000000,128,Yes,,,,,,,,,,
pfp_bloom_filter_contains_unique_size_u32,0,NVIDIA RTX PRO 6000 Blackwell Server Edition,I64,U32,256,20,2,4,1000000000,256,Yes,,,,,,,,,,
pfp_bloom_filter_contains_unique_size_u32,0,NVIDIA RTX PRO 6000 Blackwell Server Edition,I64,U32,256,20,2,4,1000000000,512,Yes,,,,,,,,,,
pfp_bloom_filter_contains_unique_size_u32,0,NVIDIA RTX PRO 6000 Blackwell Server Edition,I64,U32,256,20,2,4,1000000000,1024,Yes,,,,,,,,,,
pfp_bloom_filter_contains_unique_size_u32,0,NVIDIA RTX PRO 6000 Blackwell Server Edition,I64,U32,256,20,2,4,1000000000,2048,Yes,,,,,,,,,,
pfp_bloom_filter_contains_unique_size_u32,0,NVIDIA RTX PRO 6000 Blackwell Server Edition,I64,U32,256,20,2,8,1000000000,1,Yes,,,,,,,,,,
pfp_bloom_filter_contains_unique_size_u32,0,NVIDIA RTX PRO 6000 Blackwell Server Edition,I64,U32,256,20,2,8,1000000000,2,Yes,,,,,,,,,,
pfp_bloom_filter_contains_unique_size_u32,0,NVIDIA RTX PRO 6000 Blackwell Server Edition,I64,U32,256,20,2,8,1000000000,4,Yes,,,,,,,,,,
pfp_bloom_filter_contains_unique_size_u32,0,NVIDIA RTX PRO 6000 Blackwell Server Edition,I64,U32,256,20,2,8,1000000000,8,Yes,,,,,,,,,,
pfp_bloom_filter_contains_unique_size_u32,0,NVIDIA RTX PRO 6000 Blackwell Server Edition,I64,U32,256,20,2,8,1000000000,16,Yes,,,,,,,,,,
pfp_bloom_filter_contains_unique_size_u32,0,NVIDIA RTX PRO 6000 Blackwell Server Edition,I64,U32,256,20,2,8,1000000000,32,Yes,,,,,,,,,,
pfp_bloom_filter_contains_unique_size_u32,0,NVIDIA RTX PRO 6000 Blackwell Server Edition,I64,U32,256,20,2,8,1000000000,64,Yes,,,,,,,,,,
pfp_bloom_filter_contains_unique_size_u32,0,NVIDIA RTX PRO 6000 Blackwell Server Edition,I64,U32,256,20,2,8,1000000000,128,Yes,,,,,,,,,,
pfp_bloom_filter_contains_unique_size_u32,0,NVIDIA RTX PRO 6000 Blackwell Server Edition,I64,U32,256,20,2,8,1000000000,256,Yes,,,,,,,,,,
pfp_bloom_filter_contains_unique_size_u32,0,NVIDIA RTX PRO 6000 Blackwell Server Edition,I64,U32,256,20,2,8,1000000000,512,Yes,,,,,,,,,,
pfp_bloom_filter_contains_unique_size_u32,0,NVIDIA RTX PRO 6000 Blackwell Server Edition,I64,U32,256,20,2,8,1000000000,1024,Yes,,,,,,,,,,
pfp_bloom_filter_contains_unique_size_u32,0,NVIDIA RTX PRO 6000 Blackwell Server Edition,I64,U32,256,20,2,8,1000000000,2048,Yes,,,,,,,,,,
pfp_bloom_filter_contains_unique_size_u32,0,NVIDIA RTX PRO 6000 Blackwell Server Edition,I64,U32,256,20,4,1,1000000000,1,Yes,,,,,,,,,,
pfp_bloom_filter_contains_unique_size_u32,0,NVIDIA RTX PRO 6000 Blackwell Server Edition,I64,U32,256,20,4,1,1000000000,2,Yes,,,,,,,,,,
pfp_bloom_filter_contains_unique_size_u32,0,NVIDIA RTX PRO 6000 Blackwell Server Edition,I64,U32,256,20,4,1,1000000000,4,Yes,,,,,,,,,,
pfp_bloom_filter_contains_unique_size_u32,0,NVIDIA RTX PRO 6000 Blackwell Server Edition,I64,U32,256,20,4,1,1000000000,8,Yes,,,,,,,,,,
pfp_bloom_filter_contains_unique_size_u32,0,NVIDIA RTX PRO 6000 Blackwell Server Edition,I64,U32,256,20,4,1,1000000000,16,Yes,,,,,,,,,,
pfp_bloom_filter_contains_unique_size_u32,0,NVIDIA RTX PRO 6000 Blackwell Server Edition,I64,U32,256,20,4,1,1000000000,32,Yes,,,,,,,,,,
pfp_bloom_filter_contains_unique_size_u32,0,NVIDIA RTX PRO 6000 Blackwell Server Edition,I64,U32,256,20,4,1,1000000000,64,Yes,,,,,,,,,,
pfp_bloom_filter_contains_unique_size_u32,0,NVIDIA RTX PRO 6000 Blackwell Server Edition,I64,U32,256,20,4,1,1000000000,128,Yes,,,,,,,,,,
pfp_bloom_filter_contains_unique_size_u32,0,NVIDIA RTX PRO 6000 Blackwell Server Edition,I64,U32,256,20,4,1,1000000000,256,Yes,,,,,,,,,,
pfp_bloom_filter_contains_unique_size_u32,0,NVIDIA RTX PRO 6000 Blackwell Server Edition,I64,U32,256,20,4,1,1000000000,512,Yes,,,,,,,,,,
pfp_bloom_filter_contains_unique_size_u32,0,NVIDIA RTX PRO 6000 Blackwell Server Edition,I64,U32,256,20,4,1,1000000000,1024,Yes,,,,,,,,,,
pfp_bloom_filter_contains_unique_size_u32,0,NVIDIA RTX PRO 6000 Blackwell Server Edition,I64,U32,256,20,4,1,1000000000,2048,Yes,,,,,,,,,,
pfp_bloom_filter_contains_unique_size_u32,0,NVIDIA RTX PRO 6000 Blackwell Server Edition,I64,U32,256,20,4,2,1000000000,1,Yes,,,,,,,,,,
pfp_bloom_filter_contains_unique_size_u32,0,NVIDIA RTX PRO 6000 Blackwell Server Edition,I64,U32,256,20,4,2,1000000000,2,Yes,,,,,,,,,,
pfp_bloom_filter_contains_unique_size_u32,0,NVIDIA RTX PRO 6000 Blackwell Server Edition,I64,U32,256,20,4,2,1000000000,4,Yes,,,,,,,,,,
pfp_bloom_filter_contains_unique_size_u32,0,NVIDIA RTX PRO 6000 Blackwell Server Edition,I64,U32,256,20,4,2,1000000000,8,Yes,,,,,,,,,,
pfp_bloom_filter_contains_unique_size_u32,0,NVIDIA RTX PRO 6000 Blackwell Server Edition,I64,U32,256,20,4,2,1000000000,16,Yes,,,,,,,,,,
pfp_bloom_filter_contains_unique_size_u32,0,NVIDIA RTX PRO 6000 Blackwell Server Edition,I64,U32,256,20,4,2,1000000000,32,Yes,,,,,,,,,,
pfp_bloom_filter_contains_unique_size_u32,0,NVIDIA RTX PRO 6000 Blackwell Server Edition,I64,U32,256,20,4,2,1000000000,64,Yes,,,,,,,,,,
pfp_bloom_filter_contains_unique_size_u32,0,NVIDIA RTX PRO 6000 Blackwell Server Edition,I64,U32,256,20,4,2,1000000000,128,Yes,,,,,,,,,,
pfp_bloom_filter_contains_unique_size_u32,0,NVIDIA RTX PRO 6000 Blackwell Server Edition,I64,U32,256,20,4,2,1000000000,256,Yes,,,,,,,,,,
pfp_bloom_filter_contains_unique_size_u32,0,NVIDIA RTX PRO 6000 Blackwell Server Edition,I64,U32,256,20,4,2,1000000000,512,Yes,,,,,,,,,,
pfp_bloom_filter_contains_unique_size_u32,0,NVIDIA RTX PRO 6000 Blackwell Server Edition,I64,U32,256,20,4,2,1000000000,1024,Yes,,,,,,,,,,
pfp_bloom_filter_contains_unique_size_u32,0,NVIDIA RTX PRO 6000 Blackwell Server Edition,I64,U32,256,20,4,2,1000000000,2048,Yes,,,,,,,,,,
pfp_bloom_filter_contains_unique_size_u32,0,NVIDIA RTX PRO 6000 Blackwell Server Edition,I64,U32,256,20,4,4,1000000000,1,Yes,,,,,,,,,,
pfp_bloom_filter_contains_unique_size_u32,0,NVIDIA RTX PRO 6000 Blackwell Server Edition,I64,U32,256,20,4,4,1000000000,2,Yes,,,,,,,,,,
pfp_bloom_filter_contains_unique_size_u32,0,NVIDIA RTX PRO 6000 Blackwell Server Edition,I64,U32,256,20,4,4,1000000000,4,Yes,,,,,,,,,,
pfp_bloom_filter_contains_unique_size_u32,0,NVIDIA RTX PRO 6000 Blackwell Server Edition,I64,U32,256,20,4,4,1000000000,8,Yes,,,,,,,,,,
pfp_bloom_filter_contains_unique_size_u32,0,NVIDIA RTX PRO 6000 Blackwell Server Edition,I64,U32,256,20,4,4,1000000000,16,Yes,,,,,,,,,,
pfp_bloom_filter_contains_unique_size_u32,0,NVIDIA RTX PRO 6000 Blackwell Server Edition,I64,U32,256,20,4,4,1000000000,32,Yes,,,,,,,,,,
pfp_bloom_filter_contains_unique_size_u32,0,NVIDIA RTX PRO 6000 Blackwell Server Edition,I64,U32,256,20,4,4,1000000000,64,Yes,,,,,,,,,,
pfp_bloom_filter_contains_unique_size_u32,0,NVIDIA RTX PRO 6000 Blackwell Server Edition,I64,U32,256,20,4,4,1000000000,128,Yes,,,,,,,,,,
pfp_bloom_filter_contains_unique_size_u32,0,NVIDIA RTX PRO 6000 Blackwell Server Edition,I64,U32,256,20,4,4,1000000000,256,Yes,,,,,,,,,,
pfp_bloom_filter_contains_unique_size_u32,0,NVIDIA RTX PRO 6000 Blackwell Server Edition,I64,U32,256,20,4,4,1000000000,512,Yes,,,,,,,,,,
pfp_bloom_filter_contains_unique_size_u32,0,NVIDIA RTX PRO 6000 Blackwell Server Edition,I64,U32,256,20,4,4,1000000000,1024,Yes,,,,,,,,,,
pfp_bloom_filter_contains_unique_size_u32,0,NVIDIA RTX PRO 6000 Blackwell Server Edition,I64,U32,256,20,4,4,1000000000,2048,Yes,,,,,,,,,,
pfp_bloom_filter_contains_unique_size_u32,0,NVIDIA RTX PRO 6000 Blackwell Server Edition,I64,U32,256,20,4,8,1000000000,1,Yes,,,,,,,,,,
pfp_bloom_filter_contains_unique_size_u32,0,NVIDIA RTX PRO 6000 Blackwell Server Edition,I64,U32,256,20,4,8,1000000000,2,Yes,,,,,,,,,,
pfp_bloom_filter_contains_unique_size_u32,0,NVIDIA RTX PRO 6000 Blackwell Server Edition,I64,U32,256,20,4,8,1000000000,4,Yes,,,,,,,,,,
pfp_bloom_filter_contains_unique_size_u32,0,NVIDIA RTX PRO 6000 Blackwell Server Edition,I64,U32,256,20,4,8,1000000000,8,Yes,,,,,,,,,,
pfp_bloom_filter_contains_unique_size_u32,0,NVIDIA RTX PRO 6000 Blackwell Server Edition,I64,U32,256,20,4,8,1000000000,16,Yes,,,,,,,,,,
pfp_bloom_filter_contains_unique_size_u32,0,NVIDIA RTX PRO 6000 Blackwell Server Edition,I64,U32,256,20,4,8,1000000000,32,Yes,,,,,,,,,,
pfp_bloom_filter_contains_unique_size_u32,0,NVIDIA RTX PRO 6000 Blackwell Server Edition,I64,U32,256,20,4,8,1000000000,64,Yes,,,,,,,,,,
pfp_bloom_filter_contains_unique_size_u32,0,NVIDIA RTX PRO 6000 Blackwell Server Edition,I64,U32,256,20,4,8,1000000000,128,Yes,,,,,,,,,,
pfp_bloom_filter_contains_unique_size_u32,0,NVIDIA RTX PRO 6000 Blackwell Server Edition,I64,U32,256,20,4,8,1000000000,256,Yes,,,,,,,,,,
pfp_bloom_filter_contains_unique_size_u32,0,NVIDIA RTX PRO 6000 Blackwell Server Edition,I64,U32,256,20,4,8,1000000000,512,Yes,,,,,,,,,,
pfp_bloom_filter_contains_unique_size_u32,0,NVIDIA RTX PRO 6000 Blackwell Server Edition,I64,U32,256,20,4,8,1000000000,1024,Yes,,,,,,,,,,
pfp_bloom_filter_contains_unique_size_u32,0,NVIDIA RTX PRO 6000 Blackwell Server Edition,I64,U32,256,20,4,8,1000000000,2048,Yes,,,,,,,,,,
pfp_bloom_filter_contains_unique_size_u32,0,NVIDIA RTX PRO 6000 Blackwell Server Edition,I64,U32,256,20,8,1,1000000000,1,Yes,,,,,,,,,,
pfp_bloom_filter_contains_unique_size_u32,0,NVIDIA RTX PRO 6000 Blackwell Server Edition,I64,U32,256,20,8,1,1000000000,2,Yes,,,,,,,,,,
pfp_bloom_filter_contains_unique_size_u32,0,NVIDIA RTX PRO 6000 Blackwell Server Edition,I64,U32,256,20,8,1,1000000000,4,Yes,,,,,,,,,,
pfp_bloom_filter_contains_unique_size_u32,0,NVIDIA RTX PRO 6000 Blackwell Server Edition,I64,U32,256,20,8,1,1000000000,8,Yes,,,,,,,,,,
pfp_bloom_filter_contains_unique_size_u32,0,NVIDIA RTX PRO 6000 Blackwell Server Edition,I64,U32,256,20,8,1,1000000000,16,Yes,,,,,,,,,,
pfp_bloom_filter_contains_unique_size_u32,0,NVIDIA RTX PRO 6000 Blackwell Server Edition,I64,U32,256,20,8,1,1000000000,32,Yes,,,,,,,,,,
pfp_bloom_filter_contains_unique_size_u32,0,NVIDIA RTX PRO 6000 Blackwell Server Edition,I64,U32,256,20,8,1,1000000000,64,Yes,,,,,,,,,,
pfp_bloom_filter_contains_unique_size_u32,0,NVIDIA RTX PRO 6000 Blackwell Server Edition,I64,U32,256,20,8,1,1000000000,128,Yes,,,,,,,,,,
pfp_bloom_filter_contains_unique_size_u32,0,NVIDIA RTX PRO 6000 Blackwell Server Edition,I64,U32,256,20,8,1,1000000000,256,Yes,,,,,,,,,,
pfp_bloom_filter_contains_unique_size_u32,0,NVIDIA RTX PRO 6000 Blackwell Server Edition,I64,U32,256,20,8,1,1000000000,512,Yes,,,,,,,,,,
pfp_bloom_filter_contains_unique_size_u32,0,NVIDIA RTX PRO 6000 Blackwell Server Edition,I64,U32,256,20,8,1,1000000000,1024,Yes,,,,,,,,,,
pfp_bloom_filter_contains_unique_size_u32,0,NVIDIA RTX PRO 6000 Blackwell Server Edition,I64,U32,256,20,8,1,1000000000,2048,Yes,,,,,,,,,,
pfp_bloom_filter_contains_unique_size_u32,0,NVIDIA RTX PRO 6000 Blackwell Server Edition,I64,U32,256,20,8,2,1000000000,1,Yes,,,,,,,,,,
pfp_bloom_filter_contains_unique_size_u32,0,NVIDIA RTX PRO 6000 Blackwell Server Edition,I64,U32,256,20,8,2,1000000000,2,Yes,,,,,,,,,,
pfp_bloom_filter_contains_unique_size_u32,0,NVIDIA RTX PRO 6000 Blackwell Server Edition,I64,U32,256,20,8,2,1000000000,4,Yes,,,,,,,,,,
pfp_bloom_filter_contains_unique_size_u32,0,NVIDIA RTX PRO 6000 Blackwell Server Edition,I64,U32,256,20,8,2,1000000000,8,Yes,,,,,,,,,,
pfp_bloom_filter_contains_unique_size_u32,0,NVIDIA RTX PRO 6000 Blackwell Server Edition,I64,U32,256,20,8,2,1000000000,16,Yes,,,,,,,,,,
pfp_bloom_filter_contains_unique_size_u32,0,NVIDIA RTX PRO 6000 Blackwell Server Edition,I64,U32,256,20,8,2,1000000000,32,Yes,,,,,,,,,,
pfp_bloom_filter_contains_unique_size_u32,0,NVIDIA RTX PRO 6000 Blackwell Server Edition,I64,U32,256,20,8,2,1000000000,64,Yes,,,,,,,,,,
pfp_bloom_filter_contains_unique_size_u32,0,NVIDIA RTX PRO 6000 Blackwell Server Edition,I64,U32,256,20,8,2,1000000000,128,Yes,,,,,,,,,,
pfp_bloom_filter_contains_unique_size_u32,0,NVIDIA RTX PRO 6000 Blackwell Server Edition,I64,U32,256,20,8,2,1000000000,256,Yes,,,,,,,,,,
pfp_bloom_filter_contains_unique_size_u32,0,NVIDIA RTX PRO 6000 Blackwell Server Edition,I64,U32,256,20,8,2,1000000000,512,Yes,,,,,,,,,,
pfp_bloom_filter_contains_unique_size_u32,0,NVIDIA RTX PRO 6000 Blackwell Server Edition,I64,U32,256,20,8,2,1000000000,1024,Yes,,,,,,,,,,
pfp_bloom_filter_contains_unique_size_u32,0,NVIDIA RTX PRO 6000 Blackwell Server Edition,I64,U32,256,20,8,2,1000000000,2048,Yes,,,,,,,,,,
pfp_bloom_filter_contains_unique_size_u32,0,NVIDIA RTX PRO 6000 Blackwell Server Edition,I64,U32,256,20,8,4,1000000000,1,Yes,,,,,,,,,,
pfp_bloom_filter_contains_unique_size_u32,0,NVIDIA RTX PRO 6000 Blackwell Server Edition,I64,U32,256,20,8,4,1000000000,2,Yes,,,,,,,,,,
pfp_bloom_filter_contains_unique_size_u32,0,NVIDIA RTX PRO 6000 Blackwell Server Edition,I64,U32,256,20,8,4,1000000000,4,Yes,,,,,,,,,,
pfp_bloom_filter_contains_unique_size_u32,0,NVIDIA RTX PRO 6000 Blackwell Server Edition,I64,U32,256,20,8,4,1000000000,8,Yes,,,,,,,,,,
pfp_bloom_filter_contains_unique_size_u32,0,NVIDIA RTX PRO 6000 Blackwell Server Edition,I64,U32,256,20,8,4,1000000000,16,Yes,,,,,,,,,,
pfp_bloom_filter_contains_unique_size_u32,0,NVIDIA RTX PRO 6000 Blackwell Server Edition,I64,U32,256,20,8,4,1000000000,32,Yes,,,,,,,,,,
pfp_bloom_filter_contains_unique_size_u32,0,NVIDIA RTX PRO 6000 Blackwell Server Edition,I64,U32,256,20,8,4,1000000000,64,Yes,,,,,,,,,,
pfp_bloom_filter_contains_unique_size_u32,0,NVIDIA RTX PRO 6000 Blackwell Server Edition,I64,U32,256,20,8,4,1000000000,128,Yes,,,,,,,,,,
pfp_bloom_filter_contains_unique_size_u32,0,NVIDIA RTX PRO 6000 Blackwell Server Edition,I64,U32,256,20,8,4,1000000000,256,Yes,,,,,,,,,,
pfp_bloom_filter_contains_unique_size_u32,0,NVIDIA RTX PRO 6000 Blackwell Server Edition,I64,U32,256,20,8,4,1000000000,512,Yes,,,,,,,,,,
pfp_bloom_filter_contains_unique_size_u32,0,NVIDIA RTX PRO 6000 Blackwell Server Edition,I64,U32,256,20,8,4,1000000000,1024,Yes,,,,,,,,,,
pfp_bloom_filter_contains_unique_size_u32,0,NVIDIA RTX PRO 6000 Blackwell Server Edition,I64,U32,256,20,8,4,1000000000,2048,Yes,,,,,,,,,,
pfp_bloom_filter_contains_unique_size_u32,0,NVIDIA RTX PRO 6000 Blackwell Server Edition,I64,U32,256,20,8,8,1000000000,1,Yes,,,,,,,,,,
pfp_bloom_filter_contains_unique_size_u32,0,NVIDIA RTX PRO 6000 Blackwell Server Edition,I64,U32,256,20,8,8,1000000000,2,Yes,,,,,,,,,,
pfp_bloom_filter_contains_unique_size_u32,0,NVIDIA RTX PRO 6000 Blackwell Server Edition,I64,U32,256,20,8,8,1000000000,4,Yes,,,,,,,,,,
pfp_bloom_filter_contains_unique_size_u32,0,NVIDIA RTX PRO 6000 Blackwell Server Edition,I64,U32,256,20,8,8,1000000000,8,Yes,,,,,,,,,,
pfp_bloom_filter_contains_unique_size_u32,0,NVIDIA RTX PRO 6000 Blackwell Server Edition,I64,U32,256,20,8,8,1000000000,16,Yes,,,,,,,,,,
pfp_bloom_filter_contains_unique_size_u32,0,NVIDIA RTX PRO 6000 Blackwell Server Edition,I64,U32,256,20,8,8,1000000000,32,Yes,,,,,,,,,,
pfp_bloom_filter_contains_unique_size_u32,0,NVIDIA RTX PRO 6000 Blackwell Server Edition,I64,U32,256,20,8,8,1000000000,64,Yes,,,,,,,,,,
pfp_bloom_filter_contains_unique_size_u32,0,NVIDIA RTX PRO 6000 Blackwell Server Edition,I64,U32,256,20,8,8,1000000000,128,Yes,,,,,,,,,,
pfp_bloom_filter_contains_unique_size_u32,0,NVIDIA RTX PRO 6000 Blackwell Server Edition,I64,U32,256,20,8,8,1000000000,256,Yes,,,,,,,,,,
pfp_bloom_filter_contains_unique_size_u32,0,NVIDIA RTX PRO 6000 Blackwell Server Edition,I64,U32,256,20,8,8,1000000000,512,Yes,,,,,,,,,,
pfp_bloom_filter_contains_unique_size_u32,0,NVIDIA RTX PRO 6000 Blackwell Server Edition,I64,U32,256,20,8,8,1000000000,1024,Yes,,,,,,,,,,
pfp_bloom_filter_contains_unique_size_u32,0,NVIDIA RTX PRO 6000 Blackwell Server Edition,I64,U32,256,20,8,8,1000000000,2048,Yes,,,,,,,,,,
pfp_bloom_filter_contains_unique_size_u32,0,NVIDIA RTX PRO 6000 Blackwell Server Edition,I64,U32,512,1,1,1,1000000000,1,No,6.046e-06,16,22,0.023319570681818183,6.095717717166897e-05,0.02330934827977961,5.321845311631695e-05,42901242368.388306,23,0.023304146476413892
pfp_bloom_filter_contains_unique_size_u32,0,NVIDIA RTX PRO 6000 Blackwell Server Edition,I64,U32,512,1,1,1,1000000000,2,No,5.766e-06,16,22,0.023271644500000008,8.28668617990017e-05,0.023261275464838197,7.720873404090164e-05,42989904036.5006,23,0.023253103670866592
pfp_bloom_filter_contains_unique_size_u32,0,NVIDIA RTX PRO 6000 Blackwell Server Edition,I64,U32,512,1,1,1,1000000000,4,No,5.934e-06,16,22,0.023255668545454546,9.305463105918331e-05,0.02324513157931241,8.098212342480832e-05,43019760786.81246,23,0.02323293727377186
pfp_bloom_filter_contains_unique_size_u32,0,NVIDIA RTX PRO 6000 Blackwell Server Edition,I64,U32,512,1,1,1,1000000000,8,No,6.054e-06,16,22,0.023236433863636365,6.29241266668488e-05,0.023226162650368434,5.041296398787797e-05,43054895251.245346,23,0.023211429844731873
pfp_bloom_filter_contains_unique_size_u32,0,NVIDIA RTX PRO 6000 Blackwell Server Edition,I64,U32,512,1,1,1,1000000000,16,No,5.852e-06,16,22,0.02323105636363637,6.272761097395914e-05,0.02322074040499601,6.296864155374567e-05,43064948944.73077,23,0.023197826965995455
pfp_bloom_filter_contains_unique_size_u32,0,NVIDIA RTX PRO 6000 Blackwell Server Edition,I64,U32,512,1,1,1,1000000000,32,No,5.859e-06,16,22,0.023236474636363635,6.389745774314649e-05,0.023226357893510297,5.219372128247554e-05,43054533327.38885,23,0.023189903508061948
pfp_bloom_filter_contains_unique_size_u32,0,NVIDIA RTX PRO 6000 Blackwell Server Edition,I64,U32,512,1,1,1,1000000000,64,No,5.927e-06,16,22,0.023260781272727273,7.764899718600616e-05,0.023250478571111507,7.768872567037438e-05,43009867385.8047,23,0.023185095082158626
pfp_bloom_filter_contains_unique_size_u32,0,NVIDIA RTX PRO 6000 Blackwell Server Edition,I64,U32,512,1,1,1,1000000000,128,No,6.011e-06,16,21,0.02466482423809524,8.339641710701551e-05,0.024654445920671734,8.004761188532236e-05,40560635725.40243,22,0.024509021498940207
pfp_bloom_filter_contains_unique_size_u32,0,NVIDIA RTX PRO 6000 Blackwell Server Edition,I64,U32,512,1,1,1,1000000000,256,No,6.043e-06,16,11,0.06420671890909091,0.0004938118782477747,0.06419537076083096,0.0004943258000440596,15577447223.190643,12,0.0640971844991048
pfp_bloom_filter_contains_unique_size_u32,0,NVIDIA RTX PRO 6000 Blackwell Server Edition,I64,U32,512,1,1,1,1000000000,512,No,6.005e-06,16,11,0.08477041763636364,0.00028469533982755223,0.08476005554199219,0.00027834594074841075,11798010201.92319,12,0.0846687094370524
pfp_bloom_filter_contains_unique_size_u32,0,NVIDIA RTX PRO 6000 Blackwell Server Edition,I64,U32,512,1,1,1,1000000000,1024,No,5.955e-06,16,11,0.09342224772727273,0.0005006878200331299,0.0934114359075373,0.0005025168354725479,10705327354.028082,12,0.09332172711690268
pfp_bloom_filter_contains_unique_size_u32,0,NVIDIA RTX PRO 6000 Blackwell Server Edition,I64,U32,512,1,1,1,1000000000,2048,No,6.073e-06,16,11,0.0975838230909091,0.00028044554043742934,0.09757311248779298,0.0002857854033874476,10248725027.861609,12,0.09751210085550945
pfp_bloom_filter_contains_unique_size_u32,0,NVIDIA RTX PRO 6000 Blackwell Server Edition,I64,U32,512,1,1,2,1000000000,1,No,6.046e-06,16,34,0.014738022823529415,0.0012153053264910552,0.014727724215563606,0.001227043511762829,67899153009.88895,35,0.014851539829799108
pfp_bloom_filter_contains_unique_size_u32,0,NVIDIA RTX PRO 6000 Blackwell Server Edition,I64,U32,512,1,1,2,1000000000,2,No,5.766e-06,16,34,0.015071225941176469,0.0031950298439416833,0.015060700220220227,0.003205473760024855,66397975218.802765,35,0.01515063465663365
pfp_bloom_filter_contains_unique_size_u32,0,NVIDIA RTX PRO 6000 Blackwell Server Edition,I64,U32,512,1,1,2,1000000000,4,No,5.934e-06,16,33,0.015215970545454548,0.0032481943932941497,0.015205795894969593,0.003246699796279206,65764397135.62259,34,0.015301118738511029
pfp_bloom_filter_contains_unique_size_u32,0,NVIDIA RTX PRO 6000 Blackwell Server Edition,I64,U32,512,1,1,2,1000000000,8,No,6.054e-06,16,33,0.015345511242424243,0.004812801908073234,0.015335084655068137,0.004801330453435102,65209943244.06987,34,0.015412071676815258
pfp_bloom_filter_contains_unique_size_u32,0,NVIDIA RTX PRO 6000 Blackwell Server Edition,I64,U32,512,1,1,2,1000000000,16,No,5.852e-06,16,33,0.015374114909090911,0.004821249681279947,0.015364136811458701,0.004813254768430842,65086637295.11909,34,0.015448967428768383
pfp_bloom_filter_contains_unique_size_u32,0,NVIDIA RTX PRO 6000 Blackwell Server Edition,I64,U32,512,1,1,2,1000000000,32,No,5.859e-06,16,33,0.015410094909090911,0.004881089642105812,0.015399957194472806,0.004888117325551896,64935245427.75416,34,0.01548003432329963
pfp_bloom_filter_contains_unique_size_u32,0,NVIDIA RTX PRO 6000 Blackwell Server Edition,I64,U32,512,1,1,2,1000000000,64,No,5.927e-06,16,33,0.015485423303030302,0.0053495367928371165,0.015475243597319633,0.0053463459995726215,64619338216.634186,34,0.015511986704433666
pfp_bloom_filter_contains_unique_size_u32,0,NVIDIA RTX PRO 6000 Blackwell Server Edition,I64,U32,512,1,1,2,1000000000,128,No,6.011e-06,16,23,0.021821852913043484,0.00019830053957773064,0.02181155329165251,0.00018875415986944268,45847262073.843666,24,0.02164211018880208
pfp_bloom_filter_contains_unique_size_u32,0,NVIDIA RTX PRO 6000 Blackwell Server Edition,I64,U32,512,1,1,2,1000000000,256,No,6.043e-06,16,11,0.06787487372727273,0.0018517954285654377,0.06786370294744316,0.0018542133953157632,14735417558.550364,12,0.0677062765757243
pfp_bloom_filter_contains_unique_size_u32,0,NVIDIA RTX PRO 6000 Blackwell Server Edition,I64,U32,512,1,1,2,1000000000,512,No,6.005e-06,16,11,0.09179629345454546,0.002851046774861183,0.0917855821089311,0.0028511541983245285,10894957323.615383,12,0.09166699028015136
pfp_bloom_filter_contains_unique_size_u32,0,NVIDIA RTX PRO 6000 Blackwell Server Edition,I64,U32,512,1,1,2,1000000000,1024,No,5.955e-06,16,11,0.10346801654545455,0.0022109717585464634,0.10345694039084696,0.002209267106251945,9665857082.397074,12,0.10341268920898437
pfp_bloom_filter_contains_unique_size_u32,0,NVIDIA RTX PRO 6000 Blackwell Server Edition,I64,U32,512,1,1,2,1000000000,2048,No,6.073e-06,16,11,0.10893495654545454,0.0019479929045383485,0.10892418254505504,0.0019476303843294718,9180697771.923727,12,0.10885209592183433
pfp_bloom_filter_contains_unique_size_u32,0,NVIDIA RTX PRO 6000 Blackwell Server Edition,I64,U32,512,1,1,4,1000000000,1,No,6.046e-06,16,35,0.014644433342857144,9.172210242300626e-05,0.014634188815525603,8.88178202504944e-05,68333135003.63525,36,0.014627781073252358
pfp_bloom_filter_contains_unique_size_u32,0,NVIDIA RTX PRO 6000 Blackwell Server Edition,I64,U32,512,1,1,4,1000000000,2,No,5.766e-06,16,34,0.014944627705882355,8.085629028306126e-05,0.014935192500843719,7.333827783264237e-05,66955949844.20241,35,0.014926116071428571
pfp_bloom_filter_contains_unique_size_u32,0,NVIDIA RTX PRO 6000 Blackwell Server Edition,I64,U32,512,1,1,4,1000000000,4,No,5.934e-06,16,34,0.015090929294117643,5.909187279749055e-05,0.01508076701444738,4.759655231595896e-05,66309624639.250755,35,0.015069458689008438
pfp_bloom_filter_contains_unique_size_u32,0,NVIDIA RTX PRO 6000 Blackwell Server Edition,I64,U32,512,1,1,4,1000000000,8,No,6.054e-06,16,33,0.015163367151515153,8.0227887942013e-05,0.015153104493112276,4.1670455324568894e-05,65993077554.143585,34,0.015140712962431066
pfp_bloom_filter_contains_unique_size_u32,0,NVIDIA RTX PRO 6000 Blackwell Server Edition,I64,U32,512,1,1,4,1000000000,16,No,5.852e-06,16,33,0.015202966909090914,6.577226933011841e-05,0.015193246090050901,5.1455028680405925e-05,65818719322.583534,34,0.015174985997817095
pfp_bloom_filter_contains_unique_size_u32,0,NVIDIA RTX PRO 6000 Blackwell Server Edition,I64,U32,512,1,1,4,1000000000,32,No,5.859e-06,16,33,0.015245738151515151,0.00011876749686999377,0.015235366734591397,9.542492890312563e-05,65636752788.46639,34,0.01519337194106158
pfp_bloom_filter_contains_unique_size_u32,0,NVIDIA RTX PRO 6000 Blackwell Server Edition,I64,U32,512,1,1,4,1000000000,64,No,5.927e-06,16,33,0.015301421060606061,0.0001371943442313558,0.015291210694746536,0.00011153678320915055,65397045398.345146,34,0.015204471363740809
pfp_bloom_filter_contains_unique_size_u32,0,NVIDIA RTX PRO 6000 Blackwell Server Edition,I64,U32,512,1,1,4,1000000000,128,No,6.011e-06,16,23,0.021752413043478264,0.0003568206921549096,0.0217421523384426,0.00036241516091040717,45993606540.5947,24,0.021562367757161457
pfp_bloom_filter_contains_unique_size_u32,0,NVIDIA RTX PRO 6000 Blackwell Server Edition,I64,U32,512,1,1,4,1000000000,256,No,6.043e-06,16,11,0.08266667245454545,0.0008274525467207346,0.08265565560080787,0.0008307513062581538,12098385678.889057,12,0.08263620440165202
pfp_bloom_filter_contains_unique_size_u32,0,NVIDIA RTX PRO 6000 Blackwell Server Edition,I64,U32,512,1,1,4,1000000000,512,No,6.005e-06,16,11,0.10895391763636365,0.000596373956881458,0.10894312355735086,0.0005974912467134402,9179101602.255516,12,0.1088285338083903
pfp_bloom_filter_contains_unique_size_u32,0,NVIDIA RTX PRO 6000 Blackwell Server Edition,I64,U32,512,1,1,4,1000000000,1024,No,5.955e-06,16,11,0.1203313101818182,0.0007288786673116188,0.12032034371115946,0.0007289545998633752,8311146470.796294,12,0.12025032742818194
pfp_bloom_filter_contains_unique_size_u32,0,NVIDIA RTX PRO 6000 Blackwell Server Edition,I64,U32,512,1,1,4,1000000000,2048,No,6.073e-06,16,11,0.12582103500000003,0.0008917115632322318,0.1258095106645064,0.0008914061204907979,7948524676.0610895,12,0.12574355697631837
pfp_bloom_filter_contains_unique_size_u32,0,NVIDIA RTX PRO 6000 Blackwell Server Edition,I64,U32,512,1,1,8,1000000000,1,No,6.046e-06,16,35,0.014505964285714287,0.00014024417277751057,0.0144958281653268,0.00012775532010642887,68985365209.55342,36,0.014488888210720486
pfp_bloom_filter_contains_unique_size_u32,0,NVIDIA RTX PRO 6000 Blackwell Server Edition,I64,U32,512,1,1,8,1000000000,2,No,5.766e-06,16,34,0.014792647117647061,8.841967336256549e-05,0.014782242803012621,6.685885527126271e-05,67648733235.27063,35,0.014774944196428571
pfp_bloom_filter_contains_unique_size_u32,0,NVIDIA RTX PRO 6000 Blackwell Server Edition,I64,U32,512,1,1,8,1000000000,4,No,5.934e-06,16,34,0.014928504617647057,9.963583250203109e-05,0.014918087538550884,7.050501766790531e-05,67032721011.71342,35,0.014907859584263394
pfp_bloom_filter_contains_unique_size_u32,0,NVIDIA RTX PRO 6000 Blackwell Server Edition,I64,U32,512,1,1,8,1000000000,8,No,6.054e-06,16,34,0.014995118323529413,9.148002752171887e-05,0.014984749176922966,4.9588189419126773e-05,66734517087.5489,35,0.014973805454799106
pfp_bloom_filter_contains_unique_size_u32,0,NVIDIA RTX PRO 6000 Blackwell Server Edition,I64,U32,512,1,1,8,1000000000,16,No,5.852e-06,16,34,0.015033163235294118,8.752299630229391e-05,0.015023007056292366,4.7177805951118254e-05,66564569679.88651,35,0.015005665806361607
pfp_bloom_filter_contains_unique_size_u32,0,NVIDIA RTX PRO 6000 Blackwell Server Edition,I64,U32,512,1,1,8,1000000000,32,No,5.859e-06,16,34,0.015074973911764704,0.00010981191152106565,0.01506543529734892,0.00010005043595543304,66377106287.52765,35,0.015021902901785714
pfp_bloom_filter_contains_unique_size_u32,0,NVIDIA RTX PRO 6000 Blackwell Server Edition,I64,U32,512,1,1,8,1000000000,64,No,5.927e-06,16,34,0.015132766088235298,9.643686964637584e-05,0.015122527066399065,8.711379991140945e-05,66126514147.35522,35,0.015031615938459123
pfp_bloom_filter_contains_unique_size_u32,0,NVIDIA RTX PRO 6000 Blackwell Server Edition,I64,U32,512,1,1,8,1000000000,128,No,6.011e-06,16,23,0.022423833173913044,0.0008231689084953331,0.022413837764574136,0.0008308507799295108,44615295716.13726,24,0.022220473289489746
pfp_bloom_filter_contains_unique_size_u32,0,NVIDIA RTX PRO 6000 Blackwell Server Edition,I64,U32,512,1,1,8,1000000000,256,No,6.043e-06,16,11,0.08557160909090909,0.00044091619051576903,0.08556102405894886,0.00044032675823886807,11687564647.55531,12,0.0854884688059489
pfp_bloom_filter_contains_unique_size_u32,0,NVIDIA RTX PRO 6000 Blackwell Server Edition,I64,U32,512,1,1,8,1000000000,512,No,6.005e-06,16,11,0.11094243481818183,0.0004625024947492546,0.1109308943314986,0.0004645271787785198,9014621274.139067,12,0.1108695971171061
pfp_bloom_filter_contains_unique_size_u32,0,NVIDIA RTX PRO 6000 Blackwell Server Edition,I64,U32,512,1,1,8,1000000000,1024,No,5.955e-06,16,11,0.12210744518181817,0.0004774680920227587,0.1220962933627042,0.00047894565399204876,8190256824.827266,12,0.12203801790873209
pfp_bloom_filter_contains_unique_size_u32,0,NVIDIA RTX PRO 6000 Blackwell Server Edition,I64,U32,512,1,1,8,1000000000,2048,No,6.073e-06,16,11,0.12745566081818183,0.0006208201036207122,0.127444037697532,0.0006230846567972243,7846581276.507731,12,0.12735891723632814
pfp_bloom_filter_contains_unique_size_u32,0,NVIDIA RTX PRO 6000 Blackwell Server Edition,I64,U32,512,1,2,1,1000000000,1,No,6.046e-06,16,33,0.015500512333333336,0.023823205273978146,0.015490457159100156,0.023820231005083535,64555873963.50865,34,0.015704335016362807
pfp_bloom_filter_contains_unique_size_u32,0,NVIDIA RTX PRO 6000 Blackwell Server Edition,I64,U32,512,1,2,1,1000000000,2,No,5.766e-06,16,33,0.015566681848484847,0.018907453790198682,0.015556087291601933,0.018922746673014666,64283516880.22844,34,0.015691262329325956
pfp_bloom_filter_contains_unique_size_u32,0,NVIDIA RTX PRO 6000 Blackwell Server Edition,I64,U32,512,1,2,1,1000000000,4,No,5.934e-06,16,33,0.015575478242424248,0.01828274725000494,0.015565159739870013,0.01828588309632215,64246048014.432465,34,0.01569142709058874
pfp_bloom_filter_contains_unique_size_u32,0,NVIDIA RTX PRO 6000 Blackwell Server Edition,I64,U32,512,1,2,1,1000000000,8,No,6.054e-06,16,33,0.01562960778787879,0.0172479655829553,0.015619398839545974,0.017266115382041168,64022950580.41223,34,0.01573862221661736
pfp_bloom_filter_contains_unique_size_u32,0,NVIDIA RTX PRO 6000 Blackwell Server Edition,I64,U32,512,1,2,1,1000000000,16,No,5.852e-06,16,33,0.015621329333333331,0.01936778337326291,0.015611361012314307,0.019382299133631292,64055914100.71139,34,0.01574707177106072
pfp_bloom_filter_contains_unique_size_u32,0,NVIDIA RTX PRO 6000 Blackwell Server Edition,I64,U32,512,1,2,1,1000000000,32,No,5.859e-06,16,32,0.0156583094375,0.01890713813968267,0.015648506999015807,0.018906842974440164,63903859969.7015,33,0.015762306906960226
pfp_bloom_filter_contains_unique_size_u32,0,NVIDIA RTX PRO 6000 Blackwell Server Edition,I64,U32,512,1,2,1,1000000000,64,No,5.927e-06,16,32,0.01570057084375,0.01888359378243859,0.015690410047769547,0.018882485925304955,63733197345.09768,33,0.015784214828953598
pfp_bloom_filter_contains_unique_size_u32,0,NVIDIA RTX PRO 6000 Blackwell Server Edition,I64,U32,512,1,2,1,1000000000,128,No,6.011e-06,16,25,0.020604727240000002,0.004013445710334809,0.020594262847900387,0.004014861316068828,48557212626.911354,26,0.02051721756274883
pfp_bloom_filter_contains_unique_size_u32,0,NVIDIA RTX PRO 6000 Blackwell Server Edition,I64,U32,512,1,2,1,1000000000,256,No,6.043e-06,16,11,0.052305623363636373,0.00038881834348849695,0.052295343225652526,0.0004066948458918835,19122161521.82109,12,0.05221669546763102
pfp_bloom_filter_contains_unique_size_u32,0,NVIDIA RTX PRO 6000 Blackwell Server Edition,I64,U32,512,1,2,1,1000000000,512,No,6.005e-06,16,11,0.06603242327272728,0.0003371072783839463,0.06602225425026632,0.000338894906393694,15146408000.692678,12,0.06596163686116537
pfp_bloom_filter_contains_unique_size_u32,0,NVIDIA RTX PRO 6000 Blackwell Server Edition,I64,U32,512,1,2,1,1000000000,1024,No,5.955e-06,16,11,0.07217949936363638,0.00023844218286883605,0.0721689515547319,0.00024145663692642322,13856374222.668516,12,0.07208588981628418
pfp_bloom_filter_contains_unique_size_u32,0,NVIDIA RTX PRO 6000 Blackwell Server Edition,I64,U32,512,1,2,1,1000000000,2048,No,6.073e-06,16,11,0.07510837227272728,0.00039457925839115157,0.07509669494628907,0.0003900307845025449,13316165254.87871,12,0.0750418758392334
pfp_bloom_filter_contains_unique_size_u32,0,NVIDIA RTX PRO 6000 Blackwell Server Edition,I64,U32,512,1,2,2,1000000000,1,No,6.046e-06,16,36,0.014038035805555552,0.02415750322453129,0.014027609719170466,0.024166334135395928,71287982772.5301,37,0.014234318733215333
pfp_bloom_filter_contains_unique_size_u32,0,NVIDIA RTX PRO 6000 Blackwell Server Edition,I64,U32,512,1,2,2,1000000000,2,No,5.766e-06,16,36,0.013921053777777779,0.028553969949163108,0.013910533322228327,0.02859350128544428,71887969845.27191,37,0.014276106860186604
pfp_bloom_filter_contains_unique_size_u32,0,NVIDIA RTX PRO 6000 Blackwell Server Edition,I64,U32,512,1,2,2,1000000000,4,No,5.934e-06,16,37,0.013543897675675678,0.026655364113903637,0.01353354206600705,0.026674298452753303,73890485958.71701,38,0.014264091090152139
pfp_bloom_filter_contains_unique_size_u32,0,NVIDIA RTX PRO 6000 Blackwell Server Edition,I64,U32,512,1,2,2,1000000000,8,No,6.054e-06,16,37,0.013648118216216218,0.028753536165966178,0.013637644973961085,0.028770360519334844,73326443231.90265,38,0.014336241069592928
pfp_bloom_filter_contains_unique_size_u32,0,NVIDIA RTX PRO 6000 Blackwell Server Edition,I64,U32,512,1,2,2,1000000000,16,No,5.852e-06,16,37,0.01363849137837838,0.027932243309627545,0.01362874629046466,0.027933535865418992,73374320622.55418,38,0.014333751477693257
pfp_bloom_filter_contains_unique_size_u32,0,NVIDIA RTX PRO 6000 Blackwell Server Edition,I64,U32,512,1,2,2,1000000000,32,No,5.859e-06,16,37,0.01367215843243243,0.027981298759600717,0.013662179457174763,0.02801512765116893,73194763919.9575,38,0.014356694271689965
pfp_bloom_filter_contains_unique_size_u32,0,NVIDIA RTX PRO 6000 Blackwell Server Edition,I64,U32,512,1,2,2,1000000000,64,No,5.927e-06,16,37,0.01366354237837838,0.0256133901182914,0.013653629457628404,0.025605905211090237,73240598999.94511,38,0.014379798964450236
pfp_bloom_filter_contains_unique_size_u32,0,NVIDIA RTX PRO 6000 Blackwell Server Edition,I64,U32,512,1,2,2,1000000000,128,No,6.011e-06,16,26,0.01983989207692308,0.002212473555000346,0.0198294153213501,0.0022131834092508416,50430130379.250854,27,0.019724818759494358
pfp_bloom_filter_contains_unique_size_u32,0,NVIDIA RTX PRO 6000 Blackwell Server Edition,I64,U32,512,1,2,2,1000000000,256,No,6.043e-06,16,11,0.05286818190909092,0.0019212474161940498,0.052857515161687685,0.0019175844313795605,18918785662.569748,12,0.052751275698343904
pfp_bloom_filter_contains_unique_size_u32,0,NVIDIA RTX PRO 6000 Blackwell Server Edition,I64,U32,512,1,2,2,1000000000,512,No,6.005e-06,16,11,0.068565757,0.0014204712785618277,0.06855530825528232,0.0014171652070785502,14586762505.337404,12,0.06847223472595215
pfp_bloom_filter_contains_unique_size_u32,0,NVIDIA RTX PRO 6000 Blackwell Server Edition,I64,U32,512,1,2,2,1000000000,1024,No,5.955e-06,16,11,0.07566981345454545,0.0016556648289755868,0.0756584701538086,0.001649438884666321,13217290780.094643,12,0.07559014320373535
pfp_bloom_filter_contains_unique_size_u32,0,NVIDIA RTX PRO 6000 Blackwell Server Edition,I64,U32,512,1,2,2,1000000000,2048,No,6.073e-06,16,11,0.07910409363636364,0.0009223136811520577,0.07909293434836646,0.000923003086368675,12643354406.292215,12,0.07898597717285157
pfp_bloom_filter_contains_unique_size_u32,0,NVIDIA RTX PRO 6000 Blackwell Server Edition,I64,U32,512,1,2,4,1000000000,1,No,6.046e-06,16,37,0.013828154162162161,0.023049472691768623,0.013817874160972804,0.02307120507555359,72370032347.26218,38,0.014031117037722939
pfp_bloom_filter_contains_unique_size_u32,0,NVIDIA RTX PRO 6000 Blackwell Server Edition,I64,U32,512,1,2,4,1000000000,2,No,5.766e-06,16,36,0.014003808277777776,0.012737101755685104,0.01399356706937154,0.012742259111775015,71461407591.26048,37,0.01408398602459882
pfp_bloom_filter_contains_unique_size_u32,0,NVIDIA RTX PRO 6000 Blackwell Server Edition,I64,U32,512,1,2,4,1000000000,4,No,5.934e-06,16,36,0.014007334750000001,0.019417128095478714,0.013996820396847196,0.019447567091202704,71444797578.83093,37,0.014126882192250844
pfp_bloom_filter_contains_unique_size_u32,0,NVIDIA RTX PRO 6000 Blackwell Server Edition,I64,U32,512,1,2,4,1000000000,8,No,6.054e-06,16,36,0.01414269363888889,0.0138727198315594,0.014132150120205347,0.013881529936576034,70760640914.0996,37,0.014219484071473817
pfp_bloom_filter_contains_unique_size_u32,0,NVIDIA RTX PRO 6000 Blackwell Server Edition,I64,U32,512,1,2,4,1000000000,16,No,5.852e-06,16,36,0.014138434250000005,0.016254756727247837,0.014128409756554494,0.01627506013658497,70779374128.50565,37,0.014222336227829391
pfp_bloom_filter_contains_unique_size_u32,0,NVIDIA RTX PRO 6000 Blackwell Server Edition,I64,U32,512,1,2,4,1000000000,32,No,5.859e-06,16,36,0.014153596638888889,0.01949289988299265,0.014143896924124825,0.019520697522874157,70701872713.33473,37,0.014245263176995355
pfp_bloom_filter_contains_unique_size_u32,0,NVIDIA RTX PRO 6000 Blackwell Server Edition,I64,U32,512,1,2,4,1000000000,64,No,5.927e-06,16,36,0.014193785194444447,0.019041580170446958,0.014183765358395047,0.019060952692484538,70503140367.316,37,0.01426053645159747
pfp_bloom_filter_contains_unique_size_u32,0,NVIDIA RTX PRO 6000 Blackwell Server Edition,I64,U32,512,1,2,4,1000000000,128,No,6.011e-06,16,26,0.019730469923076924,0.0013015331169661999,0.01972036303006686,0.0012898714720461651,50709005634.19342,27,0.019623347035160773
pfp_bloom_filter_contains_unique_size_u32,0,NVIDIA RTX PRO 6000 Blackwell Server Edition,I64,U32,512,1,2,4,1000000000,256,No,6.043e-06,16,11,0.049136159909090905,0.00040724233597804924,0.04912531488591975,0.00040439220015582816,20356103616.276646,12,0.04903321615854899
pfp_bloom_filter_contains_unique_size_u32,0,NVIDIA RTX PRO 6000 Blackwell Server Edition,I64,U32,512,1,2,4,1000000000,512,No,6.005e-06,16,11,0.061174643,0.000915549867151493,0.061164308027787634,0.0009067706635914867,16349404288.94722,12,0.06107460085550944
pfp_bloom_filter_contains_unique_size_u32,0,NVIDIA RTX PRO 6000 Blackwell Server Edition,I64,U32,512,1,2,4,1000000000,1024,No,5.955e-06,16,11,0.0665162660909091,0.0009806033838539439,0.06650537594881925,0.000974349353963188,15036378424.0476,12,0.06651733652750651
pfp_bloom_filter_contains_unique_size_u32,0,NVIDIA RTX PRO 6000 Blackwell Server Edition,I64,U32,512,1,2,4,1000000000,2048,No,6.073e-06,16,11,0.06906204272727273,0.0006600304689734546,0.06905123832009057,0.0006598020070598123,14481999517.002846,12,0.0689913501739502
pfp_bloom_filter_contains_unique_size_u32,0,NVIDIA RTX PRO 6000 Blackwell Server Edition,I64,U32,512,1,2,8,1000000000,1,No,6.046e-06,16,37,0.013622795486486487,0.01939876141063521,0.013612833744770772,0.019413463086692187,73460090584.30905,38,0.01379810212787829
pfp_bloom_filter_contains_unique_size_u32,0,NVIDIA RTX PRO 6000 Blackwell Server Edition,I64,U32,512,1,2,8,1000000000,2,No,5.766e-06,16,37,0.01375715894594595,0.018215576168868146,0.013746870427518279,0.018230953526402485,72743829606.3528,38,0.013859920125258595
pfp_bloom_filter_contains_unique_size_u32,0,NVIDIA RTX PRO 6000 Blackwell Server Edition,I64,U32,512,1,2,8,1000000000,4,No,5.934e-06,16,37,0.013797353918918918,0.018620480267306432,0.013787073676650588,0.018627112930594932,72531707848.459,38,0.01390729424827977
pfp_bloom_filter_contains_unique_size_u32,0,NVIDIA RTX PRO 6000 Blackwell Server Edition,I64,U32,512,1,2,8,1000000000,8,No,6.054e-06,16,36,0.013922245250000001,0.014156799358393136,0.013912256002426147,0.014163157484035578,71879068342.73398,37,0.014007903227934965
pfp_bloom_filter_contains_unique_size_u32,0,NVIDIA RTX PRO 6000 Blackwell Server Edition,I64,U32,512,1,2,8,1000000000,16,No,5.852e-06,16,36,0.01392157911111111,0.015575578444811824,0.013911559131410381,0.015585401520145538,71882668977.20601,37,0.014015431996938344
pfp_bloom_filter_contains_unique_size_u32,0,NVIDIA RTX PRO 6000 Blackwell Server Edition,I64,U32,512,1,2,8,1000000000,32,No,5.859e-06,16,36,0.01392065625,0.020962781975861988,0.013910193734698824,0.020979696539398164,71889724835.78795,37,0.014040423419024492
pfp_bloom_filter_contains_unique_size_u32,0,NVIDIA RTX PRO 6000 Blackwell Server Edition,I64,U32,512,1,2,8,1000000000,64,No,5.927e-06,16,36,0.013993037444444446,0.015745200144708073,0.013982694307963053,0.015741582963123432,71516975053.26328,37,0.014044049237225506
pfp_bloom_filter_contains_unique_size_u32,0,NVIDIA RTX PRO 6000 Blackwell Server Edition,I64,U32,512,1,2,8,1000000000,128,No,6.011e-06,16,26,0.019698415807692306,0.0008585033433926953,0.0196878745005681,0.0008578289248535231,50792684602.45136,27,0.01958018281724718
pfp_bloom_filter_contains_unique_size_u32,0,NVIDIA RTX PRO 6000 Blackwell Server Edition,I64,U32,512,1,2,8,1000000000,256,No,6.043e-06,16,11,0.04865958363636364,6.167690971144185e-05,0.04864874475652521,6.439993476364148e-05,20555514947.09164,12,0.04856675370534261
pfp_bloom_filter_contains_unique_size_u32,0,NVIDIA RTX PRO 6000 Blackwell Server Edition,I64,U32,512,1,2,8,1000000000,512,No,6.005e-06,16,11,0.06023875390909092,6.690285139086562e-05,0.06022845597700639,6.112259865456197e-05,16603447386.759726,12,0.06016307290395101
pfp_bloom_filter_contains_unique_size_u32,0,NVIDIA RTX PRO 6000 Blackwell Server Edition,I64,U32,512,1,2,8,1000000000,1024,No,5.955e-06,16,11,0.06536563354545456,0.0001123311459387578,0.06535402956875887,7.48210055434557e-05,15301275324.544474,12,0.06529288291931151
pfp_bloom_filter_contains_unique_size_u32,0,NVIDIA RTX PRO 6000 Blackwell Server Edition,I64,U32,512,1,2,8,1000000000,2048,No,6.073e-06,16,11,0.06776132163636363,9.466043289292403e-05,0.06775065127286045,8.723645021543696e-05,14760005715.25989,12,0.06768845303853353
pfp_bloom_filter_contains_unique_size_u32,0,NVIDIA RTX PRO 6000 Blackwell Server Edition,I64,U32,512,1,4,1,1000000000,1,No,6.046e-06,16,37,0.013642819594594596,0.01095262046230493,0.013632727339461045,0.010951846072446222,73352893746.02382,38,0.014673970824793766
pfp_bloom_filter_contains_unique_size_u32,0,NVIDIA RTX PRO 6000 Blackwell Server Edition,I64,U32,512,1,4,1,1000000000,2,No,5.766e-06,16,37,0.013692280108108109,0.010262021702508662,0.013682002119115882,0.01025449605577923,73088718397.64186,38,0.014691057707134046
pfp_bloom_filter_contains_unique_size_u32,0,NVIDIA RTX PRO 6000 Blackwell Server Edition,I64,U32,512,1,4,1,1000000000,4,No,5.934e-06,16,37,0.013758238297297304,0.01216825140531314,0.013747974112227156,0.012183238976438778,72737989745.74889,38,0.014626276919716283
pfp_bloom_filter_contains_unique_size_u32,0,NVIDIA RTX PRO 6000 Blackwell Server Edition,I64,U32,512,1,4,1,1000000000,8,No,6.054e-06,16,37,0.013777885027027028,0.0096386490955463,0.013767369476524563,0.009669331952841437,72635517024.8863,38,0.014718436793277138
pfp_bloom_filter_contains_unique_size_u32,0,NVIDIA RTX PRO 6000 Blackwell Server Edition,I64,U32,512,1,4,1,1000000000,16,No,5.852e-06,16,37,0.013740657270270271,0.006909589491559244,0.013730769337834537,0.006915709280982943,72829131084.77786,38,0.014842150336817692
pfp_bloom_filter_contains_unique_size_u32,0,NVIDIA RTX PRO 6000 Blackwell Server Edition,I64,U32,512,1,4,1,1000000000,32,No,5.859e-06,16,37,0.013807860486486493,0.011069967638056646,0.013797475453969596,0.011075363710170335,72477026926.85678,38,0.014724472848992599
pfp_bloom_filter_contains_unique_size_u32,0,NVIDIA RTX PRO 6000 Blackwell Server Edition,I64,U32,512,1,4,1,1000000000,64,No,5.927e-06,16,37,0.013844043594594593,0.011389833621469113,0.0138336708996747,0.0114120586499853,72287392641.63896,38,0.014726628353721218
pfp_bloom_filter_contains_unique_size_u32,0,NVIDIA RTX PRO 6000 Blackwell Server Edition,I64,U32,512,1,4,1,1000000000,128,No,6.011e-06,16,25,0.02030465776,0.005310454505572238,0.020294301528930664,0.005320302014429592,49274915846.42339,26,0.02022326894906851
pfp_bloom_filter_contains_unique_size_u32,0,NVIDIA RTX PRO 6000 Blackwell Server Edition,I64,U32,512,1,4,1,1000000000,256,No,6.043e-06,16,11,0.051142319,0.0016160327964589748,0.05113176692615857,0.001627117336890409,19557313586.368725,12,0.05107609621683756
pfp_bloom_filter_contains_unique_size_u32,0,NVIDIA RTX PRO 6000 Blackwell Server Edition,I64,U32,512,1,4,1,1000000000,512,No,6.005e-06,16,11,0.06638560563636364,0.0016648755170692534,0.06637577334317293,0.001663078632956994,15065737838.25985,12,0.06622626241048177
pfp_bloom_filter_contains_unique_size_u32,0,NVIDIA RTX PRO 6000 Blackwell Server Edition,I64,U32,512,1,4,1,1000000000,1024,No,5.955e-06,16,11,0.07302643072727273,0.0019217830881158489,0.07301555633544922,0.0019228868679532659,13695711574.199123,12,0.07292049026489258
pfp_bloom_filter_contains_unique_size_u32,0,NVIDIA RTX PRO 6000 Blackwell Server Edition,I64,U32,512,1,4,1,1000000000,2048,No,6.073e-06,16,11,0.07622899472727274,0.001339677336075731,0.07621826588023793,0.001342192120124961,13120214537.17281,12,0.07615048535664876
pfp_bloom_filter_contains_unique_size_u32,0,NVIDIA RTX PRO 6000 Blackwell Server Edition,I64,U32,512,1,4,2,1000000000,1,No,6.046e-06,16,39,0.013029715974358974,0.01421075897903367,0.013019360786829238,0.014214081333221334,76808686415.05264,40,0.013858253479003907
pfp_bloom_filter_contains_unique_size_u32,0,NVIDIA RTX PRO 6000 Blackwell Server Edition,I64,U32,512,1,4,2,1000000000,2,No,5.766e-06,16,39,0.01311942535897436,0.016831515690675414,0.013109008446717873,0.016854828828333904,76283420219.3509,40,0.013896601867675782
pfp_bloom_filter_contains_unique_size_u32,0,NVIDIA RTX PRO 6000 Blackwell Server Edition,I64,U32,512,1,4,2,1000000000,4,No,5.934e-06,16,39,0.013113632230769235,0.015384283467768722,0.013103452706948309,0.01540692561902064,76315763666.6048,40,0.013947648620605468
pfp_bloom_filter_contains_unique_size_u32,0,NVIDIA RTX PRO 6000 Blackwell Server Edition,I64,U32,512,1,4,2,1000000000,8,No,6.054e-06,16,38,0.013171593447368422,0.01706509096947422,0.013161162075243494,0.017080587099258443,75981132538.51857,40,0.013980503845214844
pfp_bloom_filter_contains_unique_size_u32,0,NVIDIA RTX PRO 6000 Blackwell Server Edition,I64,U32,512,1,4,2,1000000000,16,No,5.852e-06,16,38,0.01316948260526316,0.016658272053211017,0.01315959245280216,0.01668987563517487,75990195257.68546,40,0.01397867431640625
pfp_bloom_filter_contains_unique_size_u32,0,NVIDIA RTX PRO 6000 Blackwell Server Edition,I64,U32,512,1,4,2,1000000000,32,No,5.859e-06,16,38,0.013176871473684208,0.015512363068960163,0.013166463977412174,0.01552265903984625,75950536280.32231,40,0.013990194702148438
pfp_bloom_filter_contains_unique_size_u32,0,NVIDIA RTX PRO 6000 Blackwell Server Edition,I64,U32,512,1,4,2,1000000000,64,No,5.927e-06,16,38,0.013213749500000004,0.015576020287878719,0.013203470330489311,0.015581916236535888,75737664036.00807,40,0.013994290161132813
pfp_bloom_filter_contains_unique_size_u32,0,NVIDIA RTX PRO 6000 Blackwell Server Edition,I64,U32,512,1,4,2,1000000000,128,No,6.011e-06,16,25,0.02008151308,0.003118331191349542,0.020071361083984378,0.003119354925569238,49822231577.405785,26,0.019996788611778844
pfp_bloom_filter_contains_unique_size_u32,0,NVIDIA RTX PRO 6000 Blackwell Server Edition,I64,U32,512,1,4,2,1000000000,256,No,6.043e-06,16,11,0.04870340981818182,0.0001064314850311679,0.04869279098510742,0.0001094445980267581,20536920964.457504,12,0.04860945002237956
pfp_bloom_filter_contains_unique_size_u32,0,NVIDIA RTX PRO 6000 Blackwell Server Edition,I64,U32,512,1,4,2,1000000000,512,No,6.005e-06,16,11,0.06028663990909091,0.0001185005408035219,0.06027665745128285,0.00012114746054183738,16590170097.076565,12,0.06020858955383301
pfp_bloom_filter_contains_unique_size_u32,0,NVIDIA RTX PRO 6000 Blackwell Server Edition,I64,U32,512,1,4,2,1000000000,1024,No,5.955e-06,16,11,0.0654045711818182,0.00010750270152035116,0.06539399857954546,0.00011286005507944307,15291923138.536894,12,0.06533285967508952
pfp_bloom_filter_contains_unique_size_u32,0,NVIDIA RTX PRO 6000 Blackwell Server Edition,I64,U32,512,1,4,2,1000000000,2048,No,6.073e-06,16,11,0.067810507,0.00015433784620020105,0.06779960216175426,0.00015782435966182467,14749349083.409515,12,0.0677392292022705
pfp_bloom_filter_contains_unique_size_u32,0,NVIDIA RTX PRO 6000 Blackwell Server Edition,I64,U32,512,1,4,4,1000000000,1,No,6.046e-06,16,39,0.01293917205128205,0.022618644559348627,0.012929033939655011,0.022634243766583594,77345299321.46526,40,0.013714030766487122
pfp_bloom_filter_contains_unique_size_u32,0,NVIDIA RTX PRO 6000 Blackwell Server Edition,I64,U32,512,1,4,4,1000000000,2,No,5.766e-06,16,39,0.013002469128205126,0.022777509060273166,0.012992407016265091,0.022778780267239323,76968032078.12901,41,0.013615902784394054
pfp_bloom_filter_contains_unique_size_u32,0,NVIDIA RTX PRO 6000 Blackwell Server Edition,I64,U32,512,1,4,4,1000000000,4,No,5.934e-06,16,39,0.013016882179487177,0.0213660594051044,0.013006678996941985,0.021378066557467726,76883576525.19226,41,0.013671947944455032
pfp_bloom_filter_contains_unique_size_u32,0,NVIDIA RTX PRO 6000 Blackwell Server Edition,I64,U32,512,1,4,4,1000000000,8,No,6.054e-06,16,39,0.01304924820512821,0.01996911072069317,0.013038554264948918,0.019986690145322776,76695619750.44,40,0.013727665710449219
pfp_bloom_filter_contains_unique_size_u32,0,NVIDIA RTX PRO 6000 Blackwell Server Edition,I64,U32,512,1,4,4,1000000000,16,No,5.852e-06,16,39,0.013069868256410256,0.020946941382163322,0.013059733317448542,0.020962658939595355,76571241976.58336,40,0.0137275634765625
pfp_bloom_filter_contains_unique_size_u32,0,NVIDIA RTX PRO 6000 Blackwell Server Edition,I64,U32,512,1,4,4,1000000000,32,No,5.859e-06,16,39,0.013072073410256414,0.01959549412940555,0.01306213249304356,0.019609730102876116,76557177821.65855,40,0.013739468383789064
pfp_bloom_filter_contains_unique_size_u32,0,NVIDIA RTX PRO 6000 Blackwell Server Edition,I64,U32,512,1,4,4,1000000000,64,No,5.927e-06,16,39,0.013094889589743591,0.019027983079375827,0.013084769591307027,0.019043329576635494,76424731289.44954,40,0.013747903442382811
pfp_bloom_filter_contains_unique_size_u32,0,NVIDIA RTX PRO 6000 Blackwell Server Edition,I64,U32,512,1,4,4,1000000000,128,No,6.011e-06,16,25,0.0200269848,0.002280114734669894,0.020016735916137698,0.0022751438457847503,49958195191.74401,26,0.019940152681790866
pfp_bloom_filter_contains_unique_size_u32,0,NVIDIA RTX PRO 6000 Blackwell Server Edition,I64,U32,512,1,4,4,1000000000,256,No,6.043e-06,16,11,0.048673993272727284,0.00013079192770561394,0.04866311784224076,0.00012440707019132358,20549443692.487286,12,0.04858300145467123
pfp_bloom_filter_contains_unique_size_u32,0,NVIDIA RTX PRO 6000 Blackwell Server Edition,I64,U32,512,1,4,4,1000000000,512,No,6.005e-06,16,11,0.060255156636363646,0.00011216736208974595,0.060244049419056284,0.0001068661205896958,16599149785.633133,12,0.06017416445414225
pfp_bloom_filter_contains_unique_size_u32,0,NVIDIA RTX PRO 6000 Blackwell Server Edition,I64,U32,512,1,4,4,1000000000,1024,No,5.955e-06,16,11,0.06536709581818181,9.121613809133794e-05,0.0653567622791637,8.548733364024717e-05,15300635544.469261,12,0.06529351743062338
pfp_bloom_filter_contains_unique_size_u32,0,NVIDIA RTX PRO 6000 Blackwell Server Edition,I64,U32,512,1,4,4,1000000000,2048,No,6.073e-06,16,11,0.06777602154545455,7.07405016437829e-05,0.06776520677046342,7.881072417711404e-05,14756835368.144503,12,0.06770534642537436
pfp_bloom_filter_contains_unique_size_u32,0,NVIDIA RTX PRO 6000 Blackwell Server Edition,I64,U32,512,1,4,8,1000000000,1,Yes,,,,,,,,,,
pfp_bloom_filter_contains_unique_size_u32,0,NVIDIA RTX PRO 6000 Blackwell Server Edition,I64,U32,512,1,4,8,1000000000,2,Yes,,,,,,,,,,
pfp_bloom_filter_contains_unique_size_u32,0,NVIDIA RTX PRO 6000 Blackwell Server Edition,I64,U32,512,1,4,8,1000000000,4,Yes,,,,,,,,,,
pfp_bloom_filter_contains_unique_size_u32,0,NVIDIA RTX PRO 6000 Blackwell Server Edition,I64,U32,512,1,4,8,1000000000,8,Yes,,,,,,,,,,
pfp_bloom_filter_contains_unique_size_u32,0,NVIDIA RTX PRO 6000 Blackwell Server Edition,I64,U32,512,1,4,8,1000000000,16,Yes,,,,,,,,,,
pfp_bloom_filter_contains_unique_size_u32,0,NVIDIA RTX PRO 6000 Blackwell Server Edition,I64,U32,512,1,4,8,1000000000,32,Yes,,,,,,,,,,
pfp_bloom_filter_contains_unique_size_u32,0,NVIDIA RTX PRO 6000 Blackwell Server Edition,I64,U32,512,1,4,8,1000000000,64,Yes,,,,,,,,,,
pfp_bloom_filter_contains_unique_size_u32,0,NVIDIA RTX PRO 6000 Blackwell Server Edition,I64,U32,512,1,4,8,1000000000,128,Yes,,,,,,,,,,
pfp_bloom_filter_contains_unique_size_u32,0,NVIDIA RTX PRO 6000 Blackwell Server Edition,I64,U32,512,1,4,8,1000000000,256,Yes,,,,,,,,,,
pfp_bloom_filter_contains_unique_size_u32,0,NVIDIA RTX PRO 6000 Blackwell Server Edition,I64,U32,512,1,4,8,1000000000,512,Yes,,,,,,,,,,
pfp_bloom_filter_contains_unique_size_u32,0,NVIDIA RTX PRO 6000 Blackwell Server Edition,I64,U32,512,1,4,8,1000000000,1024,Yes,,,,,,,,,,
pfp_bloom_filter_contains_unique_size_u32,0,NVIDIA RTX PRO 6000 Blackwell Server Edition,I64,U32,512,1,4,8,1000000000,2048,Yes,,,,,,,,,,
pfp_bloom_filter_contains_unique_size_u32,0,NVIDIA RTX PRO 6000 Blackwell Server Edition,I64,U32,512,1,8,1,1000000000,1,No,6.046e-06,16,32,0.015733308437500003,0.019795246524591737,0.01572286692261696,0.019833300378299695,63601632254.581024,33,0.016602794300426136
pfp_bloom_filter_contains_unique_size_u32,0,NVIDIA RTX PRO 6000 Blackwell Server Edition,I64,U32,512,1,8,1,1000000000,2,No,5.766e-06,16,32,0.015796385125000003,0.019164393185795915,0.015786119103431705,0.01917263729000942,63346791788.908554,33,0.01668536561908144
pfp_bloom_filter_contains_unique_size_u32,0,NVIDIA RTX PRO 6000 Blackwell Server Edition,I64,U32,512,1,8,1,1000000000,4,No,5.934e-06,16,32,0.01584332734375,0.01945549483325682,0.015832942038774486,0.019455462602329752,63159455617.9783,33,0.016725780140269885
pfp_bloom_filter_contains_unique_size_u32,0,NVIDIA RTX PRO 6000 Blackwell Server Edition,I64,U32,512,1,8,1,1000000000,8,No,6.054e-06,16,32,0.015909888781250003,0.020064331830361923,0.01589947512745857,0.020071449984229283,62895157983.73676,33,0.01679882442589962
pfp_bloom_filter_contains_unique_size_u32,0,NVIDIA RTX PRO 6000 Blackwell Server Edition,I64,U32,512,1,8,1,1000000000,16,No,5.852e-06,16,32,0.015838092156249997,0.015125129873119678,0.01582797998189926,0.01515856873357125,63179256048.06118,33,0.01686596124822443
pfp_bloom_filter_contains_unique_size_u32,0,NVIDIA RTX PRO 6000 Blackwell Server Edition,I64,U32,512,1,8,1,1000000000,32,No,5.859e-06,16,32,0.015881583,0.017191134323576975,0.01587155213952065,0.01721768635737947,63005810094.02158,33,0.016885932691169506
pfp_bloom_filter_contains_unique_size_u32,0,NVIDIA RTX PRO 6000 Blackwell Server Edition,I64,U32,512,1,8,1,1000000000,64,No,5.927e-06,16,32,0.01588723440625,0.013850385257386806,0.015877050101757047,0.013860046348838086,62983992214.60756,33,0.016915422323978305
pfp_bloom_filter_contains_unique_size_u32,0,NVIDIA RTX PRO 6000 Blackwell Server Edition,I64,U32,512,1,8,1,1000000000,128,No,6.011e-06,16,22,0.022985757136363638,0.005661187726603462,0.02297562469135631,0.005664153976836359,43524387842.92169,23,0.02295289197175399
pfp_bloom_filter_contains_unique_size_u32,0,NVIDIA RTX PRO 6000 Blackwell Server Edition,I64,U32,512,1,8,1,1000000000,256,No,6.043e-06,16,11,0.048815319,7.796149190506084e-05,0.04880446208607067,7.37295191563146e-05,20489929757.578682,12,0.04872470410664876
pfp_bloom_filter_contains_unique_size_u32,0,NVIDIA RTX PRO 6000 Blackwell Server Edition,I64,U32,512,1,8,1,1000000000,512,No,6.005e-06,16,11,0.06036760754545455,8.592490557344902e-05,0.060357292175292974,8.065504642311837e-05,16568006349.518545,12,0.060288299242655434
pfp_bloom_filter_contains_unique_size_u32,0,NVIDIA RTX PRO 6000 Blackwell Server Edition,I64,U32,512,1,8,1,1000000000,1024,No,5.955e-06,16,11,0.0654791678181818,4.916309169499948e-05,0.06546880964799359,5.130721118397347e-05,15274449090.745714,12,0.06540816815694174
pfp_bloom_filter_contains_unique_size_u32,0,NVIDIA RTX PRO 6000 Blackwell Server Edition,I64,U32,512,1,8,1,1000000000,2048,No,6.073e-06,16,11,0.06789059436363637,6.919687335937745e-05,0.0678798925226385,6.94718781504334e-05,14731903113.524994,12,0.06781627400716145
pfp_bloom_filter_contains_unique_size_u32,0,NVIDIA RTX PRO 6000 Blackwell Server Edition,I64,U32,512,1,8,2,1000000000,1,No,6.046e-06,16,32,0.0156616751875,0.028223775447110987,0.015651287972927093,0.028248381832157627,63892505315.20191,34,0.016484604779411764
pfp_bloom_filter_contains_unique_size_u32,0,NVIDIA RTX PRO 6000 Blackwell Server Edition,I64,U32,512,1,8,2,1000000000,2,No,5.766e-06,16,32,0.01572255725,0.0245587059001711,0.015712359070777893,0.024573180102617765,63644166703.12841,33,0.016582591085722954
pfp_bloom_filter_contains_unique_size_u32,0,NVIDIA RTX PRO 6000 Blackwell Server Edition,I64,U32,512,1,8,2,1000000000,4,No,5.934e-06,16,32,0.015727504781250002,0.02368175592289191,0.015717309981584552,0.02370171898789619,63624118960.02985,33,0.016632145274769174
pfp_bloom_filter_contains_unique_size_u32,0,NVIDIA RTX PRO 6000 Blackwell Server Edition,I64,U32,512,1,8,2,1000000000,8,No,6.054e-06,16,32,0.01575731975,0.022291441678829373,0.015747101962566377,0.02229576745220472,63503748332.68848,34,0.01652488977768842
pfp_bloom_filter_contains_unique_size_u32,0,NVIDIA RTX PRO 6000 Blackwell Server Edition,I64,U32,512,1,8,2,1000000000,16,No,5.852e-06,16,32,0.01580419171875,0.023973481463001517,0.01579426190257072,0.023999226232338355,63314133080.01668,33,0.016708558458270448
pfp_bloom_filter_contains_unique_size_u32,0,NVIDIA RTX PRO 6000 Blackwell Server Edition,I64,U32,512,1,8,2,1000000000,32,No,5.859e-06,16,32,0.015782641968750004,0.021989767472074494,0.015773062020540234,0.022008501467085717,63399230834.0489,33,0.01657263368548769
pfp_bloom_filter_contains_unique_size_u32,0,NVIDIA RTX PRO 6000 Blackwell Server Edition,I64,U32,512,1,8,2,1000000000,64,No,5.927e-06,16,32,0.015848891250000004,0.023702818978218472,0.015838659048080447,0.023719457035652758,63136658031.74127,33,0.016731752511226772
pfp_bloom_filter_contains_unique_size_u32,0,NVIDIA RTX PRO 6000 Blackwell Server Edition,I64,U32,512,1,8,2,1000000000,128,No,6.011e-06,16,22,0.02286804754545454,0.005072416747203792,0.02285773970864036,0.005069191111133272,43748857618.76071,23,0.02285799507472826
pfp_bloom_filter_contains_unique_size_u32,0,NVIDIA RTX PRO 6000 Blackwell Server Edition,I64,U32,512,1,8,2,1000000000,256,No,6.043e-06,16,11,0.04880286927272728,7.354228015235315e-05,0.048792128129438915,6.693511682243326e-05,20495109320.649742,12,0.04871107927958171
pfp_bloom_filter_contains_unique_size_u32,0,NVIDIA RTX PRO 6000 Blackwell Server Edition,I64,U32,512,1,8,2,1000000000,512,No,6.005e-06,16,11,0.06034051327272728,4.457441906901799e-05,0.06033095273104581,5.286492506878173e-05,16575239652.819345,12,0.06026312923431396
pfp_bloom_filter_contains_unique_size_u32,0,NVIDIA RTX PRO 6000 Blackwell Server Edition,I64,U32,512,1,8,2,1000000000,1024,No,5.955e-06,16,11,0.06545303536363636,5.273368696914911e-05,0.06544232801957564,4.254042843139297e-05,15280629987.687355,12,0.06538001632690431
pfp_bloom_filter_contains_unique_size_u32,0,NVIDIA RTX PRO 6000 Blackwell Server Edition,I64,U32,512,1,8,2,1000000000,2048,No,6.073e-06,16,11,0.06786061954545455,2.9252183592937623e-05,0.06784950325705788,3.7026196348769845e-05,14738501418.519632,12,0.06778674697875976
pfp_bloom_filter_contains_unique_size_u32,0,NVIDIA RTX PRO 6000 Blackwell Server Edition,I64,U32,512,1,8,4,1000000000,1,Yes,,,,,,,,,,
pfp_bloom_filter_contains_unique_size_u32,0,NVIDIA RTX PRO 6000 Blackwell Server Edition,I64,U32,512,1,8,4,1000000000,2,Yes,,,,,,,,,,
pfp_bloom_filter_contains_unique_size_u32,0,NVIDIA RTX PRO 6000 Blackwell Server Edition,I64,U32,512,1,8,4,1000000000,4,Yes,,,,,,,,,,
pfp_bloom_filter_contains_unique_size_u32,0,NVIDIA RTX PRO 6000 Blackwell Server Edition,I64,U32,512,1,8,4,1000000000,8,Yes,,,,,,,,,,
pfp_bloom_filter_contains_unique_size_u32,0,NVIDIA RTX PRO 6000 Blackwell Server Edition,I64,U32,512,1,8,4,1000000000,16,Yes,,,,,,,,,,
pfp_bloom_filter_contains_unique_size_u32,0,NVIDIA RTX PRO 6000 Blackwell Server Edition,I64,U32,512,1,8,4,1000000000,32,Yes,,,,,,,,,,
pfp_bloom_filter_contains_unique_size_u32,0,NVIDIA RTX PRO 6000 Blackwell Server Edition,I64,U32,512,1,8,4,1000000000,64,Yes,,,,,,,,,,
pfp_bloom_filter_contains_unique_size_u32,0,NVIDIA RTX PRO 6000 Blackwell Server Edition,I64,U32,512,1,8,4,1000000000,128,Yes,,,,,,,,,,
pfp_bloom_filter_contains_unique_size_u32,0,NVIDIA RTX PRO 6000 Blackwell Server Edition,I64,U32,512,1,8,4,1000000000,256,Yes,,,,,,,,,,
pfp_bloom_filter_contains_unique_size_u32,0,NVIDIA RTX PRO 6000 Blackwell Server Edition,I64,U32,512,1,8,4,1000000000,512,Yes,,,,,,,,,,
pfp_bloom_filter_contains_unique_size_u32,0,NVIDIA RTX PRO 6000 Blackwell Server Edition,I64,U32,512,1,8,4,1000000000,1024,Yes,,,,,,,,,,
pfp_bloom_filter_contains_unique_size_u32,0,NVIDIA RTX PRO 6000 Blackwell Server Edition,I64,U32,512,1,8,4,1000000000,2048,Yes,,,,,,,,,,
pfp_bloom_filter_contains_unique_size_u32,0,NVIDIA RTX PRO 6000 Blackwell Server Edition,I64,U32,512,1,8,8,1000000000,1,Yes,,,,,,,,,,
pfp_bloom_filter_contains_unique_size_u32,0,NVIDIA RTX PRO 6000 Blackwell Server Edition,I64,U32,512,1,8,8,1000000000,2,Yes,,,,,,,,,,
pfp_bloom_filter_contains_unique_size_u32,0,NVIDIA RTX PRO 6000 Blackwell Server Edition,I64,U32,512,1,8,8,1000000000,4,Yes,,,,,,,,,,
pfp_bloom_filter_contains_unique_size_u32,0,NVIDIA RTX PRO 6000 Blackwell Server Edition,I64,U32,512,1,8,8,1000000000,8,Yes,,,,,,,,,,
pfp_bloom_filter_contains_unique_size_u32,0,NVIDIA RTX PRO 6000 Blackwell Server Edition,I64,U32,512,1,8,8,1000000000,16,Yes,,,,,,,,,,
pfp_bloom_filter_contains_unique_size_u32,0,NVIDIA RTX PRO 6000 Blackwell Server Edition,I64,U32,512,1,8,8,1000000000,32,Yes,,,,,,,,,,
pfp_bloom_filter_contains_unique_size_u32,0,NVIDIA RTX PRO 6000 Blackwell Server Edition,I64,U32,512,1,8,8,1000000000,64,Yes,,,,,,,,,,
pfp_bloom_filter_contains_unique_size_u32,0,NVIDIA RTX PRO 6000 Blackwell Server Edition,I64,U32,512,1,8,8,1000000000,128,Yes,,,,,,,,,,
pfp_bloom_filter_contains_unique_size_u32,0,NVIDIA RTX PRO 6000 Blackwell Server Edition,I64,U32,512,1,8,8,1000000000,256,Yes,,,,,,,,,,
pfp_bloom_filter_contains_unique_size_u32,0,NVIDIA RTX PRO 6000 Blackwell Server Edition,I64,U32,512,1,8,8,1000000000,512,Yes,,,,,,,,,,
pfp_bloom_filter_contains_unique_size_u32,0,NVIDIA RTX PRO 6000 Blackwell Server Edition,I64,U32,512,1,8,8,1000000000,1024,Yes,,,,,,,,,,
pfp_bloom_filter_contains_unique_size_u32,0,NVIDIA RTX PRO 6000 Blackwell Server Edition,I64,U32,512,1,8,8,1000000000,2048,Yes,,,,,,,,,,
pfp_bloom_filter_contains_unique_size_u32,0,NVIDIA RTX PRO 6000 Blackwell Server Edition,I64,U32,512,20,1,1,1000000000,1,Yes,,,,,,,,,,
pfp_bloom_filter_contains_unique_size_u32,0,NVIDIA RTX PRO 6000 Blackwell Server Edition,I64,U32,512,20,1,1,1000000000,2,Yes,,,,,,,,,,
pfp_bloom_filter_contains_unique_size_u32,0,NVIDIA RTX PRO 6000 Blackwell Server Edition,I64,U32,512,20,1,1,1000000000,4,Yes,,,,,,,,,,
pfp_bloom_filter_contains_unique_size_u32,0,NVIDIA RTX PRO 6000 Blackwell Server Edition,I64,U32,512,20,1,1,1000000000,8,Yes,,,,,,,,,,
pfp_bloom_filter_contains_unique_size_u32,0,NVIDIA RTX PRO 6000 Blackwell Server Edition,I64,U32,512,20,1,1,1000000000,16,Yes,,,,,,,,,,
pfp_bloom_filter_contains_unique_size_u32,0,NVIDIA RTX PRO 6000 Blackwell Server Edition,I64,U32,512,20,1,1,1000000000,32,Yes,,,,,,,,,,
pfp_bloom_filter_contains_unique_size_u32,0,NVIDIA RTX PRO 6000 Blackwell Server Edition,I64,U32,512,20,1,1,1000000000,64,Yes,,,,,,,,,,
pfp_bloom_filter_contains_unique_size_u32,0,NVIDIA RTX PRO 6000 Blackwell Server Edition,I64,U32,512,20,1,1,1000000000,128,Yes,,,,,,,,,,
pfp_bloom_filter_contains_unique_size_u32,0,NVIDIA RTX PRO 6000 Blackwell Server Edition,I64,U32,512,20,1,1,1000000000,256,Yes,,,,,,,,,,
pfp_bloom_filter_contains_unique_size_u32,0,NVIDIA RTX PRO 6000 Blackwell Server Edition,I64,U32,512,20,1,1,1000000000,512,Yes,,,,,,,,,,
pfp_bloom_filter_contains_unique_size_u32,0,NVIDIA RTX PRO 6000 Blackwell Server Edition,I64,U32,512,20,1,1,1000000000,1024,Yes,,,,,,,,,,
pfp_bloom_filter_contains_unique_size_u32,0,NVIDIA RTX PRO 6000 Blackwell Server Edition,I64,U32,512,20,1,1,1000000000,2048,Yes,,,,,,,,,,
pfp_bloom_filter_contains_unique_size_u32,0,NVIDIA RTX PRO 6000 Blackwell Server Edition,I64,U32,512,20,1,2,1000000000,1,Yes,,,,,,,,,,
pfp_bloom_filter_contains_unique_size_u32,0,NVIDIA RTX PRO 6000 Blackwell Server Edition,I64,U32,512,20,1,2,1000000000,2,Yes,,,,,,,,,,
pfp_bloom_filter_contains_unique_size_u32,0,NVIDIA RTX PRO 6000 Blackwell Server Edition,I64,U32,512,20,1,2,1000000000,4,Yes,,,,,,,,,,
pfp_bloom_filter_contains_unique_size_u32,0,NVIDIA RTX PRO 6000 Blackwell Server Edition,I64,U32,512,20,1,2,1000000000,8,Yes,,,,,,,,,,
pfp_bloom_filter_contains_unique_size_u32,0,NVIDIA RTX PRO 6000 Blackwell Server Edition,I64,U32,512,20,1,2,1000000000,16,Yes,,,,,,,,,,
pfp_bloom_filter_contains_unique_size_u32,0,NVIDIA RTX PRO 6000 Blackwell Server Edition,I64,U32,512,20,1,2,1000000000,32,Yes,,,,,,,,,,
pfp_bloom_filter_contains_unique_size_u32,0,NVIDIA RTX PRO 6000 Blackwell Server Edition,I64,U32,512,20,1,2,1000000000,64,Yes,,,,,,,,,,
pfp_bloom_filter_contains_unique_size_u32,0,NVIDIA RTX PRO 6000 Blackwell Server Edition,I64,U32,512,20,1,2,1000000000,128,Yes,,,,,,,,,,
pfp_bloom_filter_contains_unique_size_u32,0,NVIDIA RTX PRO 6000 Blackwell Server Edition,I64,U32,512,20,1,2,1000000000,256,Yes,,,,,,,,,,
pfp_bloom_filter_contains_unique_size_u32,0,NVIDIA RTX PRO 6000 Blackwell Server Edition,I64,U32,512,20,1,2,1000000000,512,Yes,,,,,,,,,,
pfp_bloom_filter_contains_unique_size_u32,0,NVIDIA RTX PRO 6000 Blackwell Server Edition,I64,U32,512,20,1,2,1000000000,1024,Yes,,,,,,,,,,
pfp_bloom_filter_contains_unique_size_u32,0,NVIDIA RTX PRO 6000 Blackwell Server Edition,I64,U32,512,20,1,2,1000000000,2048,Yes,,,,,,,,,,
pfp_bloom_filter_contains_unique_size_u32,0,NVIDIA RTX PRO 6000 Blackwell Server Edition,I64,U32,512,20,1,4,1000000000,1,Yes,,,,,,,,,,
pfp_bloom_filter_contains_unique_size_u32,0,NVIDIA RTX PRO 6000 Blackwell Server Edition,I64,U32,512,20,1,4,1000000000,2,Yes,,,,,,,,,,
pfp_bloom_filter_contains_unique_size_u32,0,NVIDIA RTX PRO 6000 Blackwell Server Edition,I64,U32,512,20,1,4,1000000000,4,Yes,,,,,,,,,,
pfp_bloom_filter_contains_unique_size_u32,0,NVIDIA RTX PRO 6000 Blackwell Server Edition,I64,U32,512,20,1,4,1000000000,8,Yes,,,,,,,,,,
pfp_bloom_filter_contains_unique_size_u32,0,NVIDIA RTX PRO 6000 Blackwell Server Edition,I64,U32,512,20,1,4,1000000000,16,Yes,,,,,,,,,,
pfp_bloom_filter_contains_unique_size_u32,0,NVIDIA RTX PRO 6000 Blackwell Server Edition,I64,U32,512,20,1,4,1000000000,32,Yes,,,,,,,,,,
pfp_bloom_filter_contains_unique_size_u32,0,NVIDIA RTX PRO 6000 Blackwell Server Edition,I64,U32,512,20,1,4,1000000000,64,Yes,,,,,,,,,,
pfp_bloom_filter_contains_unique_size_u32,0,NVIDIA RTX PRO 6000 Blackwell Server Edition,I64,U32,512,20,1,4,1000000000,128,Yes,,,,,,,,,,
pfp_bloom_filter_contains_unique_size_u32,0,NVIDIA RTX PRO 6000 Blackwell Server Edition,I64,U32,512,20,1,4,1000000000,256,Yes,,,,,,,,,,
pfp_bloom_filter_contains_unique_size_u32,0,NVIDIA RTX PRO 6000 Blackwell Server Edition,I64,U32,512,20,1,4,1000000000,512,Yes,,,,,,,,,,
pfp_bloom_filter_contains_unique_size_u32,0,NVIDIA RTX PRO 6000 Blackwell Server Edition,I64,U32,512,20,1,4,1000000000,1024,Yes,,,,,,,,,,
pfp_bloom_filter_contains_unique_size_u32,0,NVIDIA RTX PRO 6000 Blackwell Server Edition,I64,U32,512,20,1,4,1000000000,2048,Yes,,,,,,,,,,
pfp_bloom_filter_contains_unique_size_u32,0,NVIDIA RTX PRO 6000 Blackwell Server Edition,I64,U32,512,20,1,8,1000000000,1,Yes,,,,,,,,,,
pfp_bloom_filter_contains_unique_size_u32,0,NVIDIA RTX PRO 6000 Blackwell Server Edition,I64,U32,512,20,1,8,1000000000,2,Yes,,,,,,,,,,
pfp_bloom_filter_contains_unique_size_u32,0,NVIDIA RTX PRO 6000 Blackwell Server Edition,I64,U32,512,20,1,8,1000000000,4,Yes,,,,,,,,,,
pfp_bloom_filter_contains_unique_size_u32,0,NVIDIA RTX PRO 6000 Blackwell Server Edition,I64,U32,512,20,1,8,1000000000,8,Yes,,,,,,,,,,
pfp_bloom_filter_contains_unique_size_u32,0,NVIDIA RTX PRO 6000 Blackwell Server Edition,I64,U32,512,20,1,8,1000000000,16,Yes,,,,,,,,,,
pfp_bloom_filter_contains_unique_size_u32,0,NVIDIA RTX PRO 6000 Blackwell Server Edition,I64,U32,512,20,1,8,1000000000,32,Yes,,,,,,,,,,
pfp_bloom_filter_contains_unique_size_u32,0,NVIDIA RTX PRO 6000 Blackwell Server Edition,I64,U32,512,20,1,8,1000000000,64,Yes,,,,,,,,,,
pfp_bloom_filter_contains_unique_size_u32,0,NVIDIA RTX PRO 6000 Blackwell Server Edition,I64,U32,512,20,1,8,1000000000,128,Yes,,,,,,,,,,
pfp_bloom_filter_contains_unique_size_u32,0,NVIDIA RTX PRO 6000 Blackwell Server Edition,I64,U32,512,20,1,8,1000000000,256,Yes,,,,,,,,,,
pfp_bloom_filter_contains_unique_size_u32,0,NVIDIA RTX PRO 6000 Blackwell Server Edition,I64,U32,512,20,1,8,1000000000,512,Yes,,,,,,,,,,
pfp_bloom_filter_contains_unique_size_u32,0,NVIDIA RTX PRO 6000 Blackwell Server Edition,I64,U32,512,20,1,8,1000000000,1024,Yes,,,,,,,,,,
pfp_bloom_filter_contains_unique_size_u32,0,NVIDIA RTX PRO 6000 Blackwell Server Edition,I64,U32,512,20,1,8,1000000000,2048,Yes,,,,,,,,,,
pfp_bloom_filter_contains_unique_size_u32,0,NVIDIA RTX PRO 6000 Blackwell Server Edition,I64,U32,512,20,2,1,1000000000,1,Yes,,,,,,,,,,
pfp_bloom_filter_contains_unique_size_u32,0,NVIDIA RTX PRO 6000 Blackwell Server Edition,I64,U32,512,20,2,1,1000000000,2,Yes,,,,,,,,,,
pfp_bloom_filter_contains_unique_size_u32,0,NVIDIA RTX PRO 6000 Blackwell Server Edition,I64,U32,512,20,2,1,1000000000,4,Yes,,,,,,,,,,
pfp_bloom_filter_contains_unique_size_u32,0,NVIDIA RTX PRO 6000 Blackwell Server Edition,I64,U32,512,20,2,1,1000000000,8,Yes,,,,,,,,,,
pfp_bloom_filter_contains_unique_size_u32,0,NVIDIA RTX PRO 6000 Blackwell Server Edition,I64,U32,512,20,2,1,1000000000,16,Yes,,,,,,,,,,
pfp_bloom_filter_contains_unique_size_u32,0,NVIDIA RTX PRO 6000 Blackwell Server Edition,I64,U32,512,20,2,1,1000000000,32,Yes,,,,,,,,,,
pfp_bloom_filter_contains_unique_size_u32,0,NVIDIA RTX PRO 6000 Blackwell Server Edition,I64,U32,512,20,2,1,1000000000,64,Yes,,,,,,,,,,
pfp_bloom_filter_contains_unique_size_u32,0,NVIDIA RTX PRO 6000 Blackwell Server Edition,I64,U32,512,20,2,1,1000000000,128,Yes,,,,,,,,,,
pfp_bloom_filter_contains_unique_size_u32,0,NVIDIA RTX PRO 6000 Blackwell Server Edition,I64,U32,512,20,2,1,1000000000,256,Yes,,,,,,,,,,
pfp_bloom_filter_contains_unique_size_u32,0,NVIDIA RTX PRO 6000 Blackwell Server Edition,I64,U32,512,20,2,1,1000000000,512,Yes,,,,,,,,,,
pfp_bloom_filter_contains_unique_size_u32,0,NVIDIA RTX PRO 6000 Blackwell Server Edition,I64,U32,512,20,2,1,1000000000,1024,Yes,,,,,,,,,,
pfp_bloom_filter_contains_unique_size_u32,0,NVIDIA RTX PRO 6000 Blackwell Server Edition,I64,U32,512,20,2,1,1000000000,2048,Yes,,,,,,,,,,
pfp_bloom_filter_contains_unique_size_u32,0,NVIDIA RTX PRO 6000 Blackwell Server Edition,I64,U32,512,20,2,2,1000000000,1,Yes,,,,,,,,,,
pfp_bloom_filter_contains_unique_size_u32,0,NVIDIA RTX PRO 6000 Blackwell Server Edition,I64,U32,512,20,2,2,1000000000,2,Yes,,,,,,,,,,
pfp_bloom_filter_contains_unique_size_u32,0,NVIDIA RTX PRO 6000 Blackwell Server Edition,I64,U32,512,20,2,2,1000000000,4,Yes,,,,,,,,,,
pfp_bloom_filter_contains_unique_size_u32,0,NVIDIA RTX PRO 6000 Blackwell Server Edition,I64,U32,512,20,2,2,1000000000,8,Yes,,,,,,,,,,
pfp_bloom_filter_contains_unique_size_u32,0,NVIDIA RTX PRO 6000 Blackwell Server Edition,I64,U32,512,20,2,2,1000000000,16,Yes,,,,,,,,,,
pfp_bloom_filter_contains_unique_size_u32,0,NVIDIA RTX PRO 6000 Blackwell Server Edition,I64,U32,512,20,2,2,1000000000,32,Yes,,,,,,,,,,
pfp_bloom_filter_contains_unique_size_u32,0,NVIDIA RTX PRO 6000 Blackwell Server Edition,I64,U32,512,20,2,2,1000000000,64,Yes,,,,,,,,,,
pfp_bloom_filter_contains_unique_size_u32,0,NVIDIA RTX PRO 6000 Blackwell Server Edition,I64,U32,512,20,2,2,1000000000,128,Yes,,,,,,,,,,
pfp_bloom_filter_contains_unique_size_u32,0,NVIDIA RTX PRO 6000 Blackwell Server Edition,I64,U32,512,20,2,2,1000000000,256,Yes,,,,,,,,,,
pfp_bloom_filter_contains_unique_size_u32,0,NVIDIA RTX PRO 6000 Blackwell Server Edition,I64,U32,512,20,2,2,1000000000,512,Yes,,,,,,,,,,
pfp_bloom_filter_contains_unique_size_u32,0,NVIDIA RTX PRO 6000 Blackwell Server Edition,I64,U32,512,20,2,2,1000000000,1024,Yes,,,,,,,,,,
pfp_bloom_filter_contains_unique_size_u32,0,NVIDIA RTX PRO 6000 Blackwell Server Edition,I64,U32,512,20,2,2,1000000000,2048,Yes,,,,,,,,,,
pfp_bloom_filter_contains_unique_size_u32,0,NVIDIA RTX PRO 6000 Blackwell Server Edition,I64,U32,512,20,2,4,1000000000,1,Yes,,,,,,,,,,
pfp_bloom_filter_contains_unique_size_u32,0,NVIDIA RTX PRO 6000 Blackwell Server Edition,I64,U32,512,20,2,4,1000000000,2,Yes,,,,,,,,,,
pfp_bloom_filter_contains_unique_size_u32,0,NVIDIA RTX PRO 6000 Blackwell Server Edition,I64,U32,512,20,2,4,1000000000,4,Yes,,,,,,,,,,
pfp_bloom_filter_contains_unique_size_u32,0,NVIDIA RTX PRO 6000 Blackwell Server Edition,I64,U32,512,20,2,4,1000000000,8,Yes,,,,,,,,,,
pfp_bloom_filter_contains_unique_size_u32,0,NVIDIA RTX PRO 6000 Blackwell Server Edition,I64,U32,512,20,2,4,1000000000,16,Yes,,,,,,,,,,
pfp_bloom_filter_contains_unique_size_u32,0,NVIDIA RTX PRO 6000 Blackwell Server Edition,I64,U32,512,20,2,4,1000000000,32,Yes,,,,,,,,,,
pfp_bloom_filter_contains_unique_size_u32,0,NVIDIA RTX PRO 6000 Blackwell Server Edition,I64,U32,512,20,2,4,1000000000,64,Yes,,,,,,,,,,
pfp_bloom_filter_contains_unique_size_u32,0,NVIDIA RTX PRO 6000 Blackwell Server Edition,I64,U32,512,20,2,4,1000000000,128,Yes,,,,,,,,,,
pfp_bloom_filter_contains_unique_size_u32,0,NVIDIA RTX PRO 6000 Blackwell Server Edition,I64,U32,512,20,2,4,1000000000,256,Yes,,,,,,,,,,
pfp_bloom_filter_contains_unique_size_u32,0,NVIDIA RTX PRO 6000 Blackwell Server Edition,I64,U32,512,20,2,4,1000000000,512,Yes,,,,,,,,,,
pfp_bloom_filter_contains_unique_size_u32,0,NVIDIA RTX PRO 6000 Blackwell Server Edition,I64,U32,512,20,2,4,1000000000,1024,Yes,,,,,,,,,,
pfp_bloom_filter_contains_unique_size_u32,0,NVIDIA RTX PRO 6000 Blackwell Server Edition,I64,U32,512,20,2,4,1000000000,2048,Yes,,,,,,,,,,
pfp_bloom_filter_contains_unique_size_u32,0,NVIDIA RTX PRO 6000 Blackwell Server Edition,I64,U32,512,20,2,8,1000000000,1,Yes,,,,,,,,,,
pfp_bloom_filter_contains_unique_size_u32,0,NVIDIA RTX PRO 6000 Blackwell Server Edition,I64,U32,512,20,2,8,1000000000,2,Yes,,,,,,,,,,
pfp_bloom_filter_contains_unique_size_u32,0,NVIDIA RTX PRO 6000 Blackwell Server Edition,I64,U32,512,20,2,8,1000000000,4,Yes,,,,,,,,,,
pfp_bloom_filter_contains_unique_size_u32,0,NVIDIA RTX PRO 6000 Blackwell Server Edition,I64,U32,512,20,2,8,1000000000,8,Yes,,,,,,,,,,
pfp_bloom_filter_contains_unique_size_u32,0,NVIDIA RTX PRO 6000 Blackwell Server Edition,I64,U32,512,20,2,8,1000000000,16,Yes,,,,,,,,,,
pfp_bloom_filter_contains_unique_size_u32,0,NVIDIA RTX PRO 6000 Blackwell Server Edition,I64,U32,512,20,2,8,1000000000,32,Yes,,,,,,,,,,
pfp_bloom_filter_contains_unique_size_u32,0,NVIDIA RTX PRO 6000 Blackwell Server Edition,I64,U32,512,20,2,8,1000000000,64,Yes,,,,,,,,,,
pfp_bloom_filter_contains_unique_size_u32,0,NVIDIA RTX PRO 6000 Blackwell Server Edition,I64,U32,512,20,2,8,1000000000,128,Yes,,,,,,,,,,
pfp_bloom_filter_contains_unique_size_u32,0,NVIDIA RTX PRO 6000 Blackwell Server Edition,I64,U32,512,20,2,8,1000000000,256,Yes,,,,,,,,,,
pfp_bloom_filter_contains_unique_size_u32,0,NVIDIA RTX PRO 6000 Blackwell Server Edition,I64,U32,512,20,2,8,1000000000,512,Yes,,,,,,,,,,
pfp_bloom_filter_contains_unique_size_u32,0,NVIDIA RTX PRO 6000 Blackwell Server Edition,I64,U32,512,20,2,8,1000000000,1024,Yes,,,,,,,,,,
pfp_bloom_filter_contains_unique_size_u32,0,NVIDIA RTX PRO 6000 Blackwell Server Edition,I64,U32,512,20,2,8,1000000000,2048,Yes,,,,,,,,,,
pfp_bloom_filter_contains_unique_size_u32,0,NVIDIA RTX PRO 6000 Blackwell Server Edition,I64,U32,512,20,4,1,1000000000,1,Yes,,,,,,,,,,
pfp_bloom_filter_contains_unique_size_u32,0,NVIDIA RTX PRO 6000 Blackwell Server Edition,I64,U32,512,20,4,1,1000000000,2,Yes,,,,,,,,,,
pfp_bloom_filter_contains_unique_size_u32,0,NVIDIA RTX PRO 6000 Blackwell Server Edition,I64,U32,512,20,4,1,1000000000,4,Yes,,,,,,,,,,
pfp_bloom_filter_contains_unique_size_u32,0,NVIDIA RTX PRO 6000 Blackwell Server Edition,I64,U32,512,20,4,1,1000000000,8,Yes,,,,,,,,,,
pfp_bloom_filter_contains_unique_size_u32,0,NVIDIA RTX PRO 6000 Blackwell Server Edition,I64,U32,512,20,4,1,1000000000,16,Yes,,,,,,,,,,
pfp_bloom_filter_contains_unique_size_u32,0,NVIDIA RTX PRO 6000 Blackwell Server Edition,I64,U32,512,20,4,1,1000000000,32,Yes,,,,,,,,,,
pfp_bloom_filter_contains_unique_size_u32,0,NVIDIA RTX PRO 6000 Blackwell Server Edition,I64,U32,512,20,4,1,1000000000,64,Yes,,,,,,,,,,
pfp_bloom_filter_contains_unique_size_u32,0,NVIDIA RTX PRO 6000 Blackwell Server Edition,I64,U32,512,20,4,1,1000000000,128,Yes,,,,,,,,,,
pfp_bloom_filter_contains_unique_size_u32,0,NVIDIA RTX PRO 6000 Blackwell Server Edition,I64,U32,512,20,4,1,1000000000,256,Yes,,,,,,,,,,
pfp_bloom_filter_contains_unique_size_u32,0,NVIDIA RTX PRO 6000 Blackwell Server Edition,I64,U32,512,20,4,1,1000000000,512,Yes,,,,,,,,,,
pfp_bloom_filter_contains_unique_size_u32,0,NVIDIA RTX PRO 6000 Blackwell Server Edition,I64,U32,512,20,4,1,1000000000,1024,Yes,,,,,,,,,,
pfp_bloom_filter_contains_unique_size_u32,0,NVIDIA RTX PRO 6000 Blackwell Server Edition,I64,U32,512,20,4,1,1000000000,2048,Yes,,,,,,,,,,
pfp_bloom_filter_contains_unique_size_u32,0,NVIDIA RTX PRO 6000 Blackwell Server Edition,I64,U32,512,20,4,2,1000000000,1,Yes,,,,,,,,,,
pfp_bloom_filter_contains_unique_size_u32,0,NVIDIA RTX PRO 6000 Blackwell Server Edition,I64,U32,512,20,4,2,1000000000,2,Yes,,,,,,,,,,
pfp_bloom_filter_contains_unique_size_u32,0,NVIDIA RTX PRO 6000 Blackwell Server Edition,I64,U32,512,20,4,2,1000000000,4,Yes,,,,,,,,,,
pfp_bloom_filter_contains_unique_size_u32,0,NVIDIA RTX PRO 6000 Blackwell Server Edition,I64,U32,512,20,4,2,1000000000,8,Yes,,,,,,,,,,
pfp_bloom_filter_contains_unique_size_u32,0,NVIDIA RTX PRO 6000 Blackwell Server Edition,I64,U32,512,20,4,2,1000000000,16,Yes,,,,,,,,,,
pfp_bloom_filter_contains_unique_size_u32,0,NVIDIA RTX PRO 6000 Blackwell Server Edition,I64,U32,512,20,4,2,1000000000,32,Yes,,,,,,,,,,
pfp_bloom_filter_contains_unique_size_u32,0,NVIDIA RTX PRO 6000 Blackwell Server Edition,I64,U32,512,20,4,2,1000000000,64,Yes,,,,,,,,,,
pfp_bloom_filter_contains_unique_size_u32,0,NVIDIA RTX PRO 6000 Blackwell Server Edition,I64,U32,512,20,4,2,1000000000,128,Yes,,,,,,,,,,
pfp_bloom_filter_contains_unique_size_u32,0,NVIDIA RTX PRO 6000 Blackwell Server Edition,I64,U32,512,20,4,2,1000000000,256,Yes,,,,,,,,,,
pfp_bloom_filter_contains_unique_size_u32,0,NVIDIA RTX PRO 6000 Blackwell Server Edition,I64,U32,512,20,4,2,1000000000,512,Yes,,,,,,,,,,
pfp_bloom_filter_contains_unique_size_u32,0,NVIDIA RTX PRO 6000 Blackwell Server Edition,I64,U32,512,20,4,2,1000000000,1024,Yes,,,,,,,,,,
pfp_bloom_filter_contains_unique_size_u32,0,NVIDIA RTX PRO 6000 Blackwell Server Edition,I64,U32,512,20,4,2,1000000000,2048,Yes,,,,,,,,,,
pfp_bloom_filter_contains_unique_size_u32,0,NVIDIA RTX PRO 6000 Blackwell Server Edition,I64,U32,512,20,4,4,1000000000,1,Yes,,,,,,,,,,
pfp_bloom_filter_contains_unique_size_u32,0,NVIDIA RTX PRO 6000 Blackwell Server Edition,I64,U32,512,20,4,4,1000000000,2,Yes,,,,,,,,,,
pfp_bloom_filter_contains_unique_size_u32,0,NVIDIA RTX PRO 6000 Blackwell Server Edition,I64,U32,512,20,4,4,1000000000,4,Yes,,,,,,,,,,
pfp_bloom_filter_contains_unique_size_u32,0,NVIDIA RTX PRO 6000 Blackwell Server Edition,I64,U32,512,20,4,4,1000000000,8,Yes,,,,,,,,,,
pfp_bloom_filter_contains_unique_size_u32,0,NVIDIA RTX PRO 6000 Blackwell Server Edition,I64,U32,512,20,4,4,1000000000,16,Yes,,,,,,,,,,
pfp_bloom_filter_contains_unique_size_u32,0,NVIDIA RTX PRO 6000 Blackwell Server Edition,I64,U32,512,20,4,4,1000000000,32,Yes,,,,,,,,,,
pfp_bloom_filter_contains_unique_size_u32,0,NVIDIA RTX PRO 6000 Blackwell Server Edition,I64,U32,512,20,4,4,1000000000,64,Yes,,,,,,,,,,
pfp_bloom_filter_contains_unique_size_u32,0,NVIDIA RTX PRO 6000 Blackwell Server Edition,I64,U32,512,20,4,4,1000000000,128,Yes,,,,,,,,,,
pfp_bloom_filter_contains_unique_size_u32,0,NVIDIA RTX PRO 6000 Blackwell Server Edition,I64,U32,512,20,4,4,1000000000,256,Yes,,,,,,,,,,
pfp_bloom_filter_contains_unique_size_u32,0,NVIDIA RTX PRO 6000 Blackwell Server Edition,I64,U32,512,20,4,4,1000000000,512,Yes,,,,,,,,,,
pfp_bloom_filter_contains_unique_size_u32,0,NVIDIA RTX PRO 6000 Blackwell Server Edition,I64,U32,512,20,4,4,1000000000,1024,Yes,,,,,,,,,,
pfp_bloom_filter_contains_unique_size_u32,0,NVIDIA RTX PRO 6000 Blackwell Server Edition,I64,U32,512,20,4,4,1000000000,2048,Yes,,,,,,,,,,
pfp_bloom_filter_contains_unique_size_u32,0,NVIDIA RTX PRO 6000 Blackwell Server Edition,I64,U32,512,20,4,8,1000000000,1,Yes,,,,,,,,,,
pfp_bloom_filter_contains_unique_size_u32,0,NVIDIA RTX PRO 6000 Blackwell Server Edition,I64,U32,512,20,4,8,1000000000,2,Yes,,,,,,,,,,
pfp_bloom_filter_contains_unique_size_u32,0,NVIDIA RTX PRO 6000 Blackwell Server Edition,I64,U32,512,20,4,8,1000000000,4,Yes,,,,,,,,,,
pfp_bloom_filter_contains_unique_size_u32,0,NVIDIA RTX PRO 6000 Blackwell Server Edition,I64,U32,512,20,4,8,1000000000,8,Yes,,,,,,,,,,
pfp_bloom_filter_contains_unique_size_u32,0,NVIDIA RTX PRO 6000 Blackwell Server Edition,I64,U32,512,20,4,8,1000000000,16,Yes,,,,,,,,,,
pfp_bloom_filter_contains_unique_size_u32,0,NVIDIA RTX PRO 6000 Blackwell Server Edition,I64,U32,512,20,4,8,1000000000,32,Yes,,,,,,,,,,
pfp_bloom_filter_contains_unique_size_u32,0,NVIDIA RTX PRO 6000 Blackwell Server Edition,I64,U32,512,20,4,8,1000000000,64,Yes,,,,,,,,,,
pfp_bloom_filter_contains_unique_size_u32,0,NVIDIA RTX PRO 6000 Blackwell Server Edition,I64,U32,512,20,4,8,1000000000,128,Yes,,,,,,,,,,
pfp_bloom_filter_contains_unique_size_u32,0,NVIDIA RTX PRO 6000 Blackwell Server Edition,I64,U32,512,20,4,8,1000000000,256,Yes,,,,,,,,,,
pfp_bloom_filter_contains_unique_size_u32,0,NVIDIA RTX PRO 6000 Blackwell Server Edition,I64,U32,512,20,4,8,1000000000,512,Yes,,,,,,,,,,
pfp_bloom_filter_contains_unique_size_u32,0,NVIDIA RTX PRO 6000 Blackwell Server Edition,I64,U32,512,20,4,8,1000000000,1024,Yes,,,,,,,,,,
pfp_bloom_filter_contains_unique_size_u32,0,NVIDIA RTX PRO 6000 Blackwell Server Edition,I64,U32,512,20,4,8,1000000000,2048,Yes,,,,,,,,,,
pfp_bloom_filter_contains_unique_size_u32,0,NVIDIA RTX PRO 6000 Blackwell Server Edition,I64,U32,512,20,8,1,1000000000,1,Yes,,,,,,,,,,
pfp_bloom_filter_contains_unique_size_u32,0,NVIDIA RTX PRO 6000 Blackwell Server Edition,I64,U32,512,20,8,1,1000000000,2,Yes,,,,,,,,,,
pfp_bloom_filter_contains_unique_size_u32,0,NVIDIA RTX PRO 6000 Blackwell Server Edition,I64,U32,512,20,8,1,1000000000,4,Yes,,,,,,,,,,
pfp_bloom_filter_contains_unique_size_u32,0,NVIDIA RTX PRO 6000 Blackwell Server Edition,I64,U32,512,20,8,1,1000000000,8,Yes,,,,,,,,,,
pfp_bloom_filter_contains_unique_size_u32,0,NVIDIA RTX PRO 6000 Blackwell Server Edition,I64,U32,512,20,8,1,1000000000,16,Yes,,,,,,,,,,
pfp_bloom_filter_contains_unique_size_u32,0,NVIDIA RTX PRO 6000 Blackwell Server Edition,I64,U32,512,20,8,1,1000000000,32,Yes,,,,,,,,,,
pfp_bloom_filter_contains_unique_size_u32,0,NVIDIA RTX PRO 6000 Blackwell Server Edition,I64,U32,512,20,8,1,1000000000,64,Yes,,,,,,,,,,
pfp_bloom_filter_contains_unique_size_u32,0,NVIDIA RTX PRO 6000 Blackwell Server Edition,I64,U32,512,20,8,1,1000000000,128,Yes,,,,,,,,,,
pfp_bloom_filter_contains_unique_size_u32,0,NVIDIA RTX PRO 6000 Blackwell Server Edition,I64,U32,512,20,8,1,1000000000,256,Yes,,,,,,,,,,
pfp_bloom_filter_contains_unique_size_u32,0,NVIDIA RTX PRO 6000 Blackwell Server Edition,I64,U32,512,20,8,1,1000000000,512,Yes,,,,,,,,,,
pfp_bloom_filter_contains_unique_size_u32,0,NVIDIA RTX PRO 6000 Blackwell Server Edition,I64,U32,512,20,8,1,1000000000,1024,Yes,,,,,,,,,,
pfp_bloom_filter_contains_unique_size_u32,0,NVIDIA RTX PRO 6000 Blackwell Server Edition,I64,U32,512,20,8,1,1000000000,2048,Yes,,,,,,,,,,
pfp_bloom_filter_contains_unique_size_u32,0,NVIDIA RTX PRO 6000 Blackwell Server Edition,I64,U32,512,20,8,2,1000000000,1,Yes,,,,,,,,,,
pfp_bloom_filter_contains_unique_size_u32,0,NVIDIA RTX PRO 6000 Blackwell Server Edition,I64,U32,512,20,8,2,1000000000,2,Yes,,,,,,,,,,
pfp_bloom_filter_contains_unique_size_u32,0,NVIDIA RTX PRO 6000 Blackwell Server Edition,I64,U32,512,20,8,2,1000000000,4,Yes,,,,,,,,,,
pfp_bloom_filter_contains_unique_size_u32,0,NVIDIA RTX PRO 6000 Blackwell Server Edition,I64,U32,512,20,8,2,1000000000,8,Yes,,,,,,,,,,
pfp_bloom_filter_contains_unique_size_u32,0,NVIDIA RTX PRO 6000 Blackwell Server Edition,I64,U32,512,20,8,2,1000000000,16,Yes,,,,,,,,,,
pfp_bloom_filter_contains_unique_size_u32,0,NVIDIA RTX PRO 6000 Blackwell Server Edition,I64,U32,512,20,8,2,1000000000,32,Yes,,,,,,,,,,
pfp_bloom_filter_contains_unique_size_u32,0,NVIDIA RTX PRO 6000 Blackwell Server Edition,I64,U32,512,20,8,2,1000000000,64,Yes,,,,,,,,,,
pfp_bloom_filter_contains_unique_size_u32,0,NVIDIA RTX PRO 6000 Blackwell Server Edition,I64,U32,512,20,8,2,1000000000,128,Yes,,,,,,,,,,
pfp_bloom_filter_contains_unique_size_u32,0,NVIDIA RTX PRO 6000 Blackwell Server Edition,I64,U32,512,20,8,2,1000000000,256,Yes,,,,,,,,,,
pfp_bloom_filter_contains_unique_size_u32,0,NVIDIA RTX PRO 6000 Blackwell Server Edition,I64,U32,512,20,8,2,1000000000,512,Yes,,,,,,,,,,
pfp_bloom_filter_contains_unique_size_u32,0,NVIDIA RTX PRO 6000 Blackwell Server Edition,I64,U32,512,20,8,2,1000000000,1024,Yes,,,,,,,,,,
pfp_bloom_filter_contains_unique_size_u32,0,NVIDIA RTX PRO 6000 Blackwell Server Edition,I64,U32,512,20,8,2,1000000000,2048,Yes,,,,,,,,,,
pfp_bloom_filter_contains_unique_size_u32,0,NVIDIA RTX PRO 6000 Blackwell Server Edition,I64,U32,512,20,8,4,1000000000,1,Yes,,,,,,,,,,
pfp_bloom_filter_contains_unique_size_u32,0,NVIDIA RTX PRO 6000 Blackwell Server Edition,I64,U32,512,20,8,4,1000000000,2,Yes,,,,,,,,,,
pfp_bloom_filter_contains_unique_size_u32,0,NVIDIA RTX PRO 6000 Blackwell Server Edition,I64,U32,512,20,8,4,1000000000,4,Yes,,,,,,,,,,
pfp_bloom_filter_contains_unique_size_u32,0,NVIDIA RTX PRO 6000 Blackwell Server Edition,I64,U32,512,20,8,4,1000000000,8,Yes,,,,,,,,,,
pfp_bloom_filter_contains_unique_size_u32,0,NVIDIA RTX PRO 6000 Blackwell Server Edition,I64,U32,512,20,8,4,1000000000,16,Yes,,,,,,,,,,
pfp_bloom_filter_contains_unique_size_u32,0,NVIDIA RTX PRO 6000 Blackwell Server Edition,I64,U32,512,20,8,4,1000000000,32,Yes,,,,,,,,,,
pfp_bloom_filter_contains_unique_size_u32,0,NVIDIA RTX PRO 6000 Blackwell Server Edition,I64,U32,512,20,8,4,1000000000,64,Yes,,,,,,,,,,
pfp_bloom_filter_contains_unique_size_u32,0,NVIDIA RTX PRO 6000 Blackwell Server Edition,I64,U32,512,20,8,4,1000000000,128,Yes,,,,,,,,,,
pfp_bloom_filter_contains_unique_size_u32,0,NVIDIA RTX PRO 6000 Blackwell Server Edition,I64,U32,512,20,8,4,1000000000,256,Yes,,,,,,,,,,
pfp_bloom_filter_contains_unique_size_u32,0,NVIDIA RTX PRO 6000 Blackwell Server Edition,I64,U32,512,20,8,4,1000000000,512,Yes,,,,,,,,,,
pfp_bloom_filter_contains_unique_size_u32,0,NVIDIA RTX PRO 6000 Blackwell Server Edition,I64,U32,512,20,8,4,1000000000,1024,Yes,,,,,,,,,,
pfp_bloom_filter_contains_unique_size_u32,0,NVIDIA RTX PRO 6000 Blackwell Server Edition,I64,U32,512,20,8,4,1000000000,2048,Yes,,,,,,,,,,
pfp_bloom_filter_contains_unique_size_u32,0,NVIDIA RTX PRO 6000 Blackwell Server Edition,I64,U32,512,20,8,8,1000000000,1,Yes,,,,,,,,,,
pfp_bloom_filter_contains_unique_size_u32,0,NVIDIA RTX PRO 6000 Blackwell Server Edition,I64,U32,512,20,8,8,1000000000,2,Yes,,,,,,,,,,
pfp_bloom_filter_contains_unique_size_u32,0,NVIDIA RTX PRO 6000 Blackwell Server Edition,I64,U32,512,20,8,8,1000000000,4,Yes,,,,,,,,,,
pfp_bloom_filter_contains_unique_size_u32,0,NVIDIA RTX PRO 6000 Blackwell Server Edition,I64,U32,512,20,8,8,1000000000,8,Yes,,,,,,,,,,
pfp_bloom_filter_contains_unique_size_u32,0,NVIDIA RTX PRO 6000 Blackwell Server Edition,I64,U32,512,20,8,8,1000000000,16,Yes,,,,,,,,,,
pfp_bloom_filter_contains_unique_size_u32,0,NVIDIA RTX PRO 6000 Blackwell Server Edition,I64,U32,512,20,8,8,1000000000,32,Yes,,,,,,,,,,
pfp_bloom_filter_contains_unique_size_u32,0,NVIDIA RTX PRO 6000 Blackwell Server Edition,I64,U32,512,20,8,8,1000000000,64,Yes,,,,,,,,,,
pfp_bloom_filter_contains_unique_size_u32,0,NVIDIA RTX PRO 6000 Blackwell Server Edition,I64,U32,512,20,8,8,1000000000,128,Yes,,,,,,,,,,
pfp_bloom_filter_contains_unique_size_u32,0,NVIDIA RTX PRO 6000 Blackwell Server Edition,I64,U32,512,20,8,8,1000000000,256,Yes,,,,,,,,,,
pfp_bloom_filter_contains_unique_size_u32,0,NVIDIA RTX PRO 6000 Blackwell Server Edition,I64,U32,512,20,8,8,1000000000,512,Yes,,,,,,,,,,
pfp_bloom_filter_contains_unique_size_u32,0,NVIDIA RTX PRO 6000 Blackwell Server Edition,I64,U32,512,20,8,8,1000000000,1024,Yes,,,,,,,,,,
pfp_bloom_filter_contains_unique_size_u32,0,NVIDIA RTX PRO 6000 Blackwell Server Edition,I64,U32,512,20,8,8,1000000000,2048,Yes,,,,,,,,,,
