Benchmark,Device,Device Name,Key,Word,BlockBits,PatternBitsPerWord,HorizontalLayout,VerticalLayout,NumInputs,FilterSizeMB,Skipped,Samples,CPU Time (sec),Noise,GPU Time (sec),Noise,Elem/s (elem/sec),Samples,Batch GPU (sec)
pfp_bloom_filter_add_unique_size_u64,0,NVIDIA B200,I64,U64,32,1,1,1,1000000000,1,Yes,,,,,,,,
pfp_bloom_filter_add_unique_size_u64,0,NVIDIA B200,I64,U64,32,1,1,1,1000000000,2,Yes,,,,,,,,
pfp_bloom_filter_add_unique_size_u64,0,NVIDIA B200,I64,U64,32,1,1,1,1000000000,4,Yes,,,,,,,,
pfp_bloom_filter_add_unique_size_u64,0,NVIDIA B200,I64,U64,32,1,1,1,1000000000,8,Yes,,,,,,,,
pfp_bloom_filter_add_unique_size_u64,0,NVIDIA B200,I64,U64,32,1,1,1,1000000000,16,Yes,,,,,,,,
pfp_bloom_filter_add_unique_size_u64,0,NVIDIA B200,I64,U64,32,1,1,1,1000000000,32,Yes,,,,,,,,
pfp_bloom_filter_add_unique_size_u64,0,NVIDIA B200,I64,U64,32,1,1,1,1000000000,64,Yes,,,,,,,,
pfp_bloom_filter_add_unique_size_u64,0,NVIDIA B200,I64,U64,32,1,1,1,1000000000,128,Yes,,,,,,,,
pfp_bloom_filter_add_unique_size_u64,0,NVIDIA B200,I64,U64,32,1,1,1,1000000000,256,Yes,,,,,,,,
pfp_bloom_filter_add_unique_size_u64,0,NVIDIA B200,I64,U64,32,1,1,1,1000000000,512,Yes,,,,,,,,
pfp_bloom_filter_add_unique_size_u64,0,NVIDIA B200,I64,U64,32,1,1,1,1000000000,1024,Yes,,,,,,,,
pfp_bloom_filter_add_unique_size_u64,0,NVIDIA B200,I64,U64,32,1,1,1,1000000000,2048,Yes,,,,,,,,
pfp_bloom_filter_add_unique_size_u64,0,NVIDIA B200,I64,U64,32,1,1,2,1000000000,1,Yes,,,,,,,,
pfp_bloom_filter_add_unique_size_u64,0,NVIDIA B200,I64,U64,32,1,1,2,1000000000,2,Yes,,,,,,,,
pfp_bloom_filter_add_unique_size_u64,0,NVIDIA B200,I64,U64,32,1,1,2,1000000000,4,Yes,,,,,,,,
pfp_bloom_filter_add_unique_size_u64,0,NVIDIA B200,I64,U64,32,1,1,2,1000000000,8,Yes,,,,,,,,
pfp_bloom_filter_add_unique_size_u64,0,NVIDIA B200,I64,U64,32,1,1,2,1000000000,16,Yes,,,,,,,,
pfp_bloom_filter_add_unique_size_u64,0,NVIDIA B200,I64,U64,32,1,1,2,1000000000,32,Yes,,,,,,,,
pfp_bloom_filter_add_unique_size_u64,0,NVIDIA B200,I64,U64,32,1,1,2,1000000000,64,Yes,,,,,,,,
pfp_bloom_filter_add_unique_size_u64,0,NVIDIA B200,I64,U64,32,1,1,2,1000000000,128,Yes,,,,,,,,
pfp_bloom_filter_add_unique_size_u64,0,NVIDIA B200,I64,U64,32,1,1,2,1000000000,256,Yes,,,,,,,,
pfp_bloom_filter_add_unique_size_u64,0,NVIDIA B200,I64,U64,32,1,1,2,1000000000,512,Yes,,,,,,,,
pfp_bloom_filter_add_unique_size_u64,0,NVIDIA B200,I64,U64,32,1,1,2,1000000000,1024,Yes,,,,,,,,
pfp_bloom_filter_add_unique_size_u64,0,NVIDIA B200,I64,U64,32,1,1,2,1000000000,2048,Yes,,,,,,,,
pfp_bloom_filter_add_unique_size_u64,0,NVIDIA B200,I64,U64,32,1,1,4,1000000000,1,Yes,,,,,,,,
pfp_bloom_filter_add_unique_size_u64,0,NVIDIA B200,I64,U64,32,1,1,4,1000000000,2,Yes,,,,,,,,
pfp_bloom_filter_add_unique_size_u64,0,NVIDIA B200,I64,U64,32,1,1,4,1000000000,4,Yes,,,,,,,,
pfp_bloom_filter_add_unique_size_u64,0,NVIDIA B200,I64,U64,32,1,1,4,1000000000,8,Yes,,,,,,,,
pfp_bloom_filter_add_unique_size_u64,0,NVIDIA B200,I64,U64,32,1,1,4,1000000000,16,Yes,,,,,,,,
pfp_bloom_filter_add_unique_size_u64,0,NVIDIA B200,I64,U64,32,1,1,4,1000000000,32,Yes,,,,,,,,
pfp_bloom_filter_add_unique_size_u64,0,NVIDIA B200,I64,U64,32,1,1,4,1000000000,64,Yes,,,,,,,,
pfp_bloom_filter_add_unique_size_u64,0,NVIDIA B200,I64,U64,32,1,1,4,1000000000,128,Yes,,,,,,,,
pfp_bloom_filter_add_unique_size_u64,0,NVIDIA B200,I64,U64,32,1,1,4,1000000000,256,Yes,,,,,,,,
pfp_bloom_filter_add_unique_size_u64,0,NVIDIA B200,I64,U64,32,1,1,4,1000000000,512,Yes,,,,,,,,
pfp_bloom_filter_add_unique_size_u64,0,NVIDIA B200,I64,U64,32,1,1,4,1000000000,1024,Yes,,,,,,,,
pfp_bloom_filter_add_unique_size_u64,0,NVIDIA B200,I64,U64,32,1,1,4,1000000000,2048,Yes,,,,,,,,
pfp_bloom_filter_add_unique_size_u64,0,NVIDIA B200,I64,U64,32,1,1,8,1000000000,1,Yes,,,,,,,,
pfp_bloom_filter_add_unique_size_u64,0,NVIDIA B200,I64,U64,32,1,1,8,1000000000,2,Yes,,,,,,,,
pfp_bloom_filter_add_unique_size_u64,0,NVIDIA B200,I64,U64,32,1,1,8,1000000000,4,Yes,,,,,,,,
pfp_bloom_filter_add_unique_size_u64,0,NVIDIA B200,I64,U64,32,1,1,8,1000000000,8,Yes,,,,,,,,
pfp_bloom_filter_add_unique_size_u64,0,NVIDIA B200,I64,U64,32,1,1,8,1000000000,16,Yes,,,,,,,,
pfp_bloom_filter_add_unique_size_u64,0,NVIDIA B200,I64,U64,32,1,1,8,1000000000,32,Yes,,,,,,,,
pfp_bloom_filter_add_unique_size_u64,0,NVIDIA B200,I64,U64,32,1,1,8,1000000000,64,Yes,,,,,,,,
pfp_bloom_filter_add_unique_size_u64,0,NVIDIA B200,I64,U64,32,1,1,8,1000000000,128,Yes,,,,,,,,
pfp_bloom_filter_add_unique_size_u64,0,NVIDIA B200,I64,U64,32,1,1,8,1000000000,256,Yes,,,,,,,,
pfp_bloom_filter_add_unique_size_u64,0,NVIDIA B200,I64,U64,32,1,1,8,1000000000,512,Yes,,,,,,,,
pfp_bloom_filter_add_unique_size_u64,0,NVIDIA B200,I64,U64,32,1,1,8,1000000000,1024,Yes,,,,,,,,
pfp_bloom_filter_add_unique_size_u64,0,NVIDIA B200,I64,U64,32,1,1,8,1000000000,2048,Yes,,,,,,,,
pfp_bloom_filter_add_unique_size_u64,0,NVIDIA B200,I64,U64,32,1,2,1,1000000000,1,Yes,,,,,,,,
pfp_bloom_filter_add_unique_size_u64,0,NVIDIA B200,I64,U64,32,1,2,1,1000000000,2,Yes,,,,,,,,
pfp_bloom_filter_add_unique_size_u64,0,NVIDIA B200,I64,U64,32,1,2,1,1000000000,4,Yes,,,,,,,,
pfp_bloom_filter_add_unique_size_u64,0,NVIDIA B200,I64,U64,32,1,2,1,1000000000,8,Yes,,,,,,,,
pfp_bloom_filter_add_unique_size_u64,0,NVIDIA B200,I64,U64,32,1,2,1,1000000000,16,Yes,,,,,,,,
pfp_bloom_filter_add_unique_size_u64,0,NVIDIA B200,I64,U64,32,1,2,1,1000000000,32,Yes,,,,,,,,
pfp_bloom_filter_add_unique_size_u64,0,NVIDIA B200,I64,U64,32,1,2,1,1000000000,64,Yes,,,,,,,,
pfp_bloom_filter_add_unique_size_u64,0,NVIDIA B200,I64,U64,32,1,2,1,1000000000,128,Yes,,,,,,,,
pfp_bloom_filter_add_unique_size_u64,0,NVIDIA B200,I64,U64,32,1,2,1,1000000000,256,Yes,,,,,,,,
pfp_bloom_filter_add_unique_size_u64,0,NVIDIA B200,I64,U64,32,1,2,1,1000000000,512,Yes,,,,,,,,
pfp_bloom_filter_add_unique_size_u64,0,NVIDIA B200,I64,U64,32,1,2,1,1000000000,1024,Yes,,,,,,,,
pfp_bloom_filter_add_unique_size_u64,0,NVIDIA B200,I64,U64,32,1,2,1,1000000000,2048,Yes,,,,,,,,
pfp_bloom_filter_add_unique_size_u64,0,NVIDIA B200,I64,U64,32,1,2,2,1000000000,1,Yes,,,,,,,,
pfp_bloom_filter_add_unique_size_u64,0,NVIDIA B200,I64,U64,32,1,2,2,1000000000,2,Yes,,,,,,,,
pfp_bloom_filter_add_unique_size_u64,0,NVIDIA B200,I64,U64,32,1,2,2,1000000000,4,Yes,,,,,,,,
pfp_bloom_filter_add_unique_size_u64,0,NVIDIA B200,I64,U64,32,1,2,2,1000000000,8,Yes,,,,,,,,
pfp_bloom_filter_add_unique_size_u64,0,NVIDIA B200,I64,U64,32,1,2,2,1000000000,16,Yes,,,,,,,,
pfp_bloom_filter_add_unique_size_u64,0,NVIDIA B200,I64,U64,32,1,2,2,1000000000,32,Yes,,,,,,,,
pfp_bloom_filter_add_unique_size_u64,0,NVIDIA B200,I64,U64,32,1,2,2,1000000000,64,Yes,,,,,,,,
pfp_bloom_filter_add_unique_size_u64,0,NVIDIA B200,I64,U64,32,1,2,2,1000000000,128,Yes,,,,,,,,
pfp_bloom_filter_add_unique_size_u64,0,NVIDIA B200,I64,U64,32,1,2,2,1000000000,256,Yes,,,,,,,,
pfp_bloom_filter_add_unique_size_u64,0,NVIDIA B200,I64,U64,32,1,2,2,1000000000,512,Yes,,,,,,,,
pfp_bloom_filter_add_unique_size_u64,0,NVIDIA B200,I64,U64,32,1,2,2,1000000000,1024,Yes,,,,,,,,
pfp_bloom_filter_add_unique_size_u64,0,NVIDIA B200,I64,U64,32,1,2,2,1000000000,2048,Yes,,,,,,,,
pfp_bloom_filter_add_unique_size_u64,0,NVIDIA B200,I64,U64,32,1,2,4,1000000000,1,Yes,,,,,,,,
pfp_bloom_filter_add_unique_size_u64,0,NVIDIA B200,I64,U64,32,1,2,4,1000000000,2,Yes,,,,,,,,
pfp_bloom_filter_add_unique_size_u64,0,NVIDIA B200,I64,U64,32,1,2,4,1000000000,4,Yes,,,,,,,,
pfp_bloom_filter_add_unique_size_u64,0,NVIDIA B200,I64,U64,32,1,2,4,1000000000,8,Yes,,,,,,,,
pfp_bloom_filter_add_unique_size_u64,0,NVIDIA B200,I64,U64,32,1,2,4,1000000000,16,Yes,,,,,,,,
pfp_bloom_filter_add_unique_size_u64,0,NVIDIA B200,I64,U64,32,1,2,4,1000000000,32,Yes,,,,,,,,
pfp_bloom_filter_add_unique_size_u64,0,NVIDIA B200,I64,U64,32,1,2,4,1000000000,64,Yes,,,,,,,,
pfp_bloom_filter_add_unique_size_u64,0,NVIDIA B200,I64,U64,32,1,2,4,1000000000,128,Yes,,,,,,,,
pfp_bloom_filter_add_unique_size_u64,0,NVIDIA B200,I64,U64,32,1,2,4,1000000000,256,Yes,,,,,,,,
pfp_bloom_filter_add_unique_size_u64,0,NVIDIA B200,I64,U64,32,1,2,4,1000000000,512,Yes,,,,,,,,
pfp_bloom_filter_add_unique_size_u64,0,NVIDIA B200,I64,U64,32,1,2,4,1000000000,1024,Yes,,,,,,,,
pfp_bloom_filter_add_unique_size_u64,0,NVIDIA B200,I64,U64,32,1,2,4,1000000000,2048,Yes,,,,,,,,
pfp_bloom_filter_add_unique_size_u64,0,NVIDIA B200,I64,U64,32,1,2,8,1000000000,1,Yes,,,,,,,,
pfp_bloom_filter_add_unique_size_u64,0,NVIDIA B200,I64,U64,32,1,2,8,1000000000,2,Yes,,,,,,,,
pfp_bloom_filter_add_unique_size_u64,0,NVIDIA B200,I64,U64,32,1,2,8,1000000000,4,Yes,,,,,,,,
pfp_bloom_filter_add_unique_size_u64,0,NVIDIA B200,I64,U64,32,1,2,8,1000000000,8,Yes,,,,,,,,
pfp_bloom_filter_add_unique_size_u64,0,NVIDIA B200,I64,U64,32,1,2,8,1000000000,16,Yes,,,,,,,,
pfp_bloom_filter_add_unique_size_u64,0,NVIDIA B200,I64,U64,32,1,2,8,1000000000,32,Yes,,,,,,,,
pfp_bloom_filter_add_unique_size_u64,0,NVIDIA B200,I64,U64,32,1,2,8,1000000000,64,Yes,,,,,,,,
pfp_bloom_filter_add_unique_size_u64,0,NVIDIA B200,I64,U64,32,1,2,8,1000000000,128,Yes,,,,,,,,
pfp_bloom_filter_add_unique_size_u64,0,NVIDIA B200,I64,U64,32,1,2,8,1000000000,256,Yes,,,,,,,,
pfp_bloom_filter_add_unique_size_u64,0,NVIDIA B200,I64,U64,32,1,2,8,1000000000,512,Yes,,,,,,,,
pfp_bloom_filter_add_unique_size_u64,0,NVIDIA B200,I64,U64,32,1,2,8,1000000000,1024,Yes,,,,,,,,
pfp_bloom_filter_add_unique_size_u64,0,NVIDIA B200,I64,U64,32,1,2,8,1000000000,2048,Yes,,,,,,,,
pfp_bloom_filter_add_unique_size_u64,0,NVIDIA B200,I64,U64,32,1,4,1,1000000000,1,Yes,,,,,,,,
pfp_bloom_filter_add_unique_size_u64,0,NVIDIA B200,I64,U64,32,1,4,1,1000000000,2,Yes,,,,,,,,
pfp_bloom_filter_add_unique_size_u64,0,NVIDIA B200,I64,U64,32,1,4,1,1000000000,4,Yes,,,,,,,,
pfp_bloom_filter_add_unique_size_u64,0,NVIDIA B200,I64,U64,32,1,4,1,1000000000,8,Yes,,,,,,,,
pfp_bloom_filter_add_unique_size_u64,0,NVIDIA B200,I64,U64,32,1,4,1,1000000000,16,Yes,,,,,,,,
pfp_bloom_filter_add_unique_size_u64,0,NVIDIA B200,I64,U64,32,1,4,1,1000000000,32,Yes,,,,,,,,
pfp_bloom_filter_add_unique_size_u64,0,NVIDIA B200,I64,U64,32,1,4,1,1000000000,64,Yes,,,,,,,,
pfp_bloom_filter_add_unique_size_u64,0,NVIDIA B200,I64,U64,32,1,4,1,1000000000,128,Yes,,,,,,,,
pfp_bloom_filter_add_unique_size_u64,0,NVIDIA B200,I64,U64,32,1,4,1,1000000000,256,Yes,,,,,,,,
pfp_bloom_filter_add_unique_size_u64,0,NVIDIA B200,I64,U64,32,1,4,1,1000000000,512,Yes,,,,,,,,
pfp_bloom_filter_add_unique_size_u64,0,NVIDIA B200,I64,U64,32,1,4,1,1000000000,1024,Yes,,,,,,,,
pfp_bloom_filter_add_unique_size_u64,0,NVIDIA B200,I64,U64,32,1,4,1,1000000000,2048,Yes,,,,,,,,
pfp_bloom_filter_add_unique_size_u64,0,NVIDIA B200,I64,U64,32,1,4,2,1000000000,1,Yes,,,,,,,,
pfp_bloom_filter_add_unique_size_u64,0,NVIDIA B200,I64,U64,32,1,4,2,1000000000,2,Yes,,,,,,,,
pfp_bloom_filter_add_unique_size_u64,0,NVIDIA B200,I64,U64,32,1,4,2,1000000000,4,Yes,,,,,,,,
pfp_bloom_filter_add_unique_size_u64,0,NVIDIA B200,I64,U64,32,1,4,2,1000000000,8,Yes,,,,,,,,
pfp_bloom_filter_add_unique_size_u64,0,NVIDIA B200,I64,U64,32,1,4,2,1000000000,16,Yes,,,,,,,,
pfp_bloom_filter_add_unique_size_u64,0,NVIDIA B200,I64,U64,32,1,4,2,1000000000,32,Yes,,,,,,,,
pfp_bloom_filter_add_unique_size_u64,0,NVIDIA B200,I64,U64,32,1,4,2,1000000000,64,Yes,,,,,,,,
pfp_bloom_filter_add_unique_size_u64,0,NVIDIA B200,I64,U64,32,1,4,2,1000000000,128,Yes,,,,,,,,
pfp_bloom_filter_add_unique_size_u64,0,NVIDIA B200,I64,U64,32,1,4,2,1000000000,256,Yes,,,,,,,,
pfp_bloom_filter_add_unique_size_u64,0,NVIDIA B200,I64,U64,32,1,4,2,1000000000,512,Yes,,,,,,,,
pfp_bloom_filter_add_unique_size_u64,0,NVIDIA B200,I64,U64,32,1,4,2,1000000000,1024,Yes,,,,,,,,
pfp_bloom_filter_add_unique_size_u64,0,NVIDIA B200,I64,U64,32,1,4,2,1000000000,2048,Yes,,,,,,,,
pfp_bloom_filter_add_unique_size_u64,0,NVIDIA B200,I64,U64,32,1,4,4,1000000000,1,Yes,,,,,,,,
pfp_bloom_filter_add_unique_size_u64,0,NVIDIA B200,I64,U64,32,1,4,4,1000000000,2,Yes,,,,,,,,
pfp_bloom_filter_add_unique_size_u64,0,NVIDIA B200,I64,U64,32,1,4,4,1000000000,4,Yes,,,,,,,,
pfp_bloom_filter_add_unique_size_u64,0,NVIDIA B200,I64,U64,32,1,4,4,1000000000,8,Yes,,,,,,,,
pfp_bloom_filter_add_unique_size_u64,0,NVIDIA B200,I64,U64,32,1,4,4,1000000000,16,Yes,,,,,,,,
pfp_bloom_filter_add_unique_size_u64,0,NVIDIA B200,I64,U64,32,1,4,4,1000000000,32,Yes,,,,,,,,
pfp_bloom_filter_add_unique_size_u64,0,NVIDIA B200,I64,U64,32,1,4,4,1000000000,64,Yes,,,,,,,,
pfp_bloom_filter_add_unique_size_u64,0,NVIDIA B200,I64,U64,32,1,4,4,1000000000,128,Yes,,,,,,,,
pfp_bloom_filter_add_unique_size_u64,0,NVIDIA B200,I64,U64,32,1,4,4,1000000000,256,Yes,,,,,,,,
pfp_bloom_filter_add_unique_size_u64,0,NVIDIA B200,I64,U64,32,1,4,4,1000000000,512,Yes,,,,,,,,
pfp_bloom_filter_add_unique_size_u64,0,NVIDIA B200,I64,U64,32,1,4,4,1000000000,1024,Yes,,,,,,,,
pfp_bloom_filter_add_unique_size_u64,0,NVIDIA B200,I64,U64,32,1,4,4,1000000000,2048,Yes,,,,,,,,
pfp_bloom_filter_add_unique_size_u64,0,NVIDIA B200,I64,U64,32,1,4,8,1000000000,1,Yes,,,,,,,,
pfp_bloom_filter_add_unique_size_u64,0,NVIDIA B200,I64,U64,32,1,4,8,1000000000,2,Yes,,,,,,,,
pfp_bloom_filter_add_unique_size_u64,0,NVIDIA B200,I64,U64,32,1,4,8,1000000000,4,Yes,,,,,,,,
pfp_bloom_filter_add_unique_size_u64,0,NVIDIA B200,I64,U64,32,1,4,8,1000000000,8,Yes,,,,,,,,
pfp_bloom_filter_add_unique_size_u64,0,NVIDIA B200,I64,U64,32,1,4,8,1000000000,16,Yes,,,,,,,,
pfp_bloom_filter_add_unique_size_u64,0,NVIDIA B200,I64,U64,32,1,4,8,1000000000,32,Yes,,,,,,,,
pfp_bloom_filter_add_unique_size_u64,0,NVIDIA B200,I64,U64,32,1,4,8,1000000000,64,Yes,,,,,,,,
pfp_bloom_filter_add_unique_size_u64,0,NVIDIA B200,I64,U64,32,1,4,8,1000000000,128,Yes,,,,,,,,
pfp_bloom_filter_add_unique_size_u64,0,NVIDIA B200,I64,U64,32,1,4,8,1000000000,256,Yes,,,,,,,,
pfp_bloom_filter_add_unique_size_u64,0,NVIDIA B200,I64,U64,32,1,4,8,1000000000,512,Yes,,,,,,,,
pfp_bloom_filter_add_unique_size_u64,0,NVIDIA B200,I64,U64,32,1,4,8,1000000000,1024,Yes,,,,,,,,
pfp_bloom_filter_add_unique_size_u64,0,NVIDIA B200,I64,U64,32,1,4,8,1000000000,2048,Yes,,,,,,,,
pfp_bloom_filter_add_unique_size_u64,0,NVIDIA B200,I64,U64,32,1,8,1,1000000000,1,Yes,,,,,,,,
pfp_bloom_filter_add_unique_size_u64,0,NVIDIA B200,I64,U64,32,1,8,1,1000000000,2,Yes,,,,,,,,
pfp_bloom_filter_add_unique_size_u64,0,NVIDIA B200,I64,U64,32,1,8,1,1000000000,4,Yes,,,,,,,,
pfp_bloom_filter_add_unique_size_u64,0,NVIDIA B200,I64,U64,32,1,8,1,1000000000,8,Yes,,,,,,,,
pfp_bloom_filter_add_unique_size_u64,0,NVIDIA B200,I64,U64,32,1,8,1,1000000000,16,Yes,,,,,,,,
pfp_bloom_filter_add_unique_size_u64,0,NVIDIA B200,I64,U64,32,1,8,1,1000000000,32,Yes,,,,,,,,
pfp_bloom_filter_add_unique_size_u64,0,NVIDIA B200,I64,U64,32,1,8,1,1000000000,64,Yes,,,,,,,,
pfp_bloom_filter_add_unique_size_u64,0,NVIDIA B200,I64,U64,32,1,8,1,1000000000,128,Yes,,,,,,,,
pfp_bloom_filter_add_unique_size_u64,0,NVIDIA B200,I64,U64,32,1,8,1,1000000000,256,Yes,,,,,,,,
pfp_bloom_filter_add_unique_size_u64,0,NVIDIA B200,I64,U64,32,1,8,1,1000000000,512,Yes,,,,,,,,
pfp_bloom_filter_add_unique_size_u64,0,NVIDIA B200,I64,U64,32,1,8,1,1000000000,1024,Yes,,,,,,,,
pfp_bloom_filter_add_unique_size_u64,0,NVIDIA B200,I64,U64,32,1,8,1,1000000000,2048,Yes,,,,,,,,
pfp_bloom_filter_add_unique_size_u64,0,NVIDIA B200,I64,U64,32,1,8,2,1000000000,1,Yes,,,,,,,,
pfp_bloom_filter_add_unique_size_u64,0,NVIDIA B200,I64,U64,32,1,8,2,1000000000,2,Yes,,,,,,,,
pfp_bloom_filter_add_unique_size_u64,0,NVIDIA B200,I64,U64,32,1,8,2,1000000000,4,Yes,,,,,,,,
pfp_bloom_filter_add_unique_size_u64,0,NVIDIA B200,I64,U64,32,1,8,2,1000000000,8,Yes,,,,,,,,
pfp_bloom_filter_add_unique_size_u64,0,NVIDIA B200,I64,U64,32,1,8,2,1000000000,16,Yes,,,,,,,,
pfp_bloom_filter_add_unique_size_u64,0,NVIDIA B200,I64,U64,32,1,8,2,1000000000,32,Yes,,,,,,,,
pfp_bloom_filter_add_unique_size_u64,0,NVIDIA B200,I64,U64,32,1,8,2,1000000000,64,Yes,,,,,,,,
pfp_bloom_filter_add_unique_size_u64,0,NVIDIA B200,I64,U64,32,1,8,2,1000000000,128,Yes,,,,,,,,
pfp_bloom_filter_add_unique_size_u64,0,NVIDIA B200,I64,U64,32,1,8,2,1000000000,256,Yes,,,,,,,,
pfp_bloom_filter_add_unique_size_u64,0,NVIDIA B200,I64,U64,32,1,8,2,1000000000,512,Yes,,,,,,,,
pfp_bloom_filter_add_unique_size_u64,0,NVIDIA B200,I64,U64,32,1,8,2,1000000000,1024,Yes,,,,,,,,
pfp_bloom_filter_add_unique_size_u64,0,NVIDIA B200,I64,U64,32,1,8,2,1000000000,2048,Yes,,,,,,,,
pfp_bloom_filter_add_unique_size_u64,0,NVIDIA B200,I64,U64,32,1,8,4,1000000000,1,Yes,,,,,,,,
pfp_bloom_filter_add_unique_size_u64,0,NVIDIA B200,I64,U64,32,1,8,4,1000000000,2,Yes,,,,,,,,
pfp_bloom_filter_add_unique_size_u64,0,NVIDIA B200,I64,U64,32,1,8,4,1000000000,4,Yes,,,,,,,,
pfp_bloom_filter_add_unique_size_u64,0,NVIDIA B200,I64,U64,32,1,8,4,1000000000,8,Yes,,,,,,,,
pfp_bloom_filter_add_unique_size_u64,0,NVIDIA B200,I64,U64,32,1,8,4,1000000000,16,Yes,,,,,,,,
pfp_bloom_filter_add_unique_size_u64,0,NVIDIA B200,I64,U64,32,1,8,4,1000000000,32,Yes,,,,,,,,
pfp_bloom_filter_add_unique_size_u64,0,NVIDIA B200,I64,U64,32,1,8,4,1000000000,64,Yes,,,,,,,,
pfp_bloom_filter_add_unique_size_u64,0,NVIDIA B200,I64,U64,32,1,8,4,1000000000,128,Yes,,,,,,,,
pfp_bloom_filter_add_unique_size_u64,0,NVIDIA B200,I64,U64,32,1,8,4,1000000000,256,Yes,,,,,,,,
pfp_bloom_filter_add_unique_size_u64,0,NVIDIA B200,I64,U64,32,1,8,4,1000000000,512,Yes,,,,,,,,
pfp_bloom_filter_add_unique_size_u64,0,NVIDIA B200,I64,U64,32,1,8,4,1000000000,1024,Yes,,,,,,,,
pfp_bloom_filter_add_unique_size_u64,0,NVIDIA B200,I64,U64,32,1,8,4,1000000000,2048,Yes,,,,,,,,
pfp_bloom_filter_add_unique_size_u64,0,NVIDIA B200,I64,U64,32,1,8,8,1000000000,1,Yes,,,,,,,,
pfp_bloom_filter_add_unique_size_u64,0,NVIDIA B200,I64,U64,32,1,8,8,1000000000,2,Yes,,,,,,,,
pfp_bloom_filter_add_unique_size_u64,0,NVIDIA B200,I64,U64,32,1,8,8,1000000000,4,Yes,,,,,,,,
pfp_bloom_filter_add_unique_size_u64,0,NVIDIA B200,I64,U64,32,1,8,8,1000000000,8,Yes,,,,,,,,
pfp_bloom_filter_add_unique_size_u64,0,NVIDIA B200,I64,U64,32,1,8,8,1000000000,16,Yes,,,,,,,,
pfp_bloom_filter_add_unique_size_u64,0,NVIDIA B200,I64,U64,32,1,8,8,1000000000,32,Yes,,,,,,,,
pfp_bloom_filter_add_unique_size_u64,0,NVIDIA B200,I64,U64,32,1,8,8,1000000000,64,Yes,,,,,,,,
pfp_bloom_filter_add_unique_size_u64,0,NVIDIA B200,I64,U64,32,1,8,8,1000000000,128,Yes,,,,,,,,
pfp_bloom_filter_add_unique_size_u64,0,NVIDIA B200,I64,U64,32,1,8,8,1000000000,256,Yes,,,,,,,,
pfp_bloom_filter_add_unique_size_u64,0,NVIDIA B200,I64,U64,32,1,8,8,1000000000,512,Yes,,,,,,,,
pfp_bloom_filter_add_unique_size_u64,0,NVIDIA B200,I64,U64,32,1,8,8,1000000000,1024,Yes,,,,,,,,
pfp_bloom_filter_add_unique_size_u64,0,NVIDIA B200,I64,U64,32,1,8,8,1000000000,2048,Yes,,,,,,,,
pfp_bloom_filter_add_unique_size_u64,0,NVIDIA B200,I64,U64,32,20,1,1,1000000000,1,Yes,,,,,,,,
pfp_bloom_filter_add_unique_size_u64,0,NVIDIA B200,I64,U64,32,20,1,1,1000000000,2,Yes,,,,,,,,
pfp_bloom_filter_add_unique_size_u64,0,NVIDIA B200,I64,U64,32,20,1,1,1000000000,4,Yes,,,,,,,,
pfp_bloom_filter_add_unique_size_u64,0,NVIDIA B200,I64,U64,32,20,1,1,1000000000,8,Yes,,,,,,,,
pfp_bloom_filter_add_unique_size_u64,0,NVIDIA B200,I64,U64,32,20,1,1,1000000000,16,Yes,,,,,,,,
pfp_bloom_filter_add_unique_size_u64,0,NVIDIA B200,I64,U64,32,20,1,1,1000000000,32,Yes,,,,,,,,
pfp_bloom_filter_add_unique_size_u64,0,NVIDIA B200,I64,U64,32,20,1,1,1000000000,64,Yes,,,,,,,,
pfp_bloom_filter_add_unique_size_u64,0,NVIDIA B200,I64,U64,32,20,1,1,1000000000,128,Yes,,,,,,,,
pfp_bloom_filter_add_unique_size_u64,0,NVIDIA B200,I64,U64,32,20,1,1,1000000000,256,Yes,,,,,,,,
pfp_bloom_filter_add_unique_size_u64,0,NVIDIA B200,I64,U64,32,20,1,1,1000000000,512,Yes,,,,,,,,
pfp_bloom_filter_add_unique_size_u64,0,NVIDIA B200,I64,U64,32,20,1,1,1000000000,1024,Yes,,,,,,,,
pfp_bloom_filter_add_unique_size_u64,0,NVIDIA B200,I64,U64,32,20,1,1,1000000000,2048,Yes,,,,,,,,
pfp_bloom_filter_add_unique_size_u64,0,NVIDIA B200,I64,U64,32,20,1,2,1000000000,1,Yes,,,,,,,,
pfp_bloom_filter_add_unique_size_u64,0,NVIDIA B200,I64,U64,32,20,1,2,1000000000,2,Yes,,,,,,,,
pfp_bloom_filter_add_unique_size_u64,0,NVIDIA B200,I64,U64,32,20,1,2,1000000000,4,Yes,,,,,,,,
pfp_bloom_filter_add_unique_size_u64,0,NVIDIA B200,I64,U64,32,20,1,2,1000000000,8,Yes,,,,,,,,
pfp_bloom_filter_add_unique_size_u64,0,NVIDIA B200,I64,U64,32,20,1,2,1000000000,16,Yes,,,,,,,,
pfp_bloom_filter_add_unique_size_u64,0,NVIDIA B200,I64,U64,32,20,1,2,1000000000,32,Yes,,,,,,,,
pfp_bloom_filter_add_unique_size_u64,0,NVIDIA B200,I64,U64,32,20,1,2,1000000000,64,Yes,,,,,,,,
pfp_bloom_filter_add_unique_size_u64,0,NVIDIA B200,I64,U64,32,20,1,2,1000000000,128,Yes,,,,,,,,
pfp_bloom_filter_add_unique_size_u64,0,NVIDIA B200,I64,U64,32,20,1,2,1000000000,256,Yes,,,,,,,,
pfp_bloom_filter_add_unique_size_u64,0,NVIDIA B200,I64,U64,32,20,1,2,1000000000,512,Yes,,,,,,,,
pfp_bloom_filter_add_unique_size_u64,0,NVIDIA B200,I64,U64,32,20,1,2,1000000000,1024,Yes,,,,,,,,
pfp_bloom_filter_add_unique_size_u64,0,NVIDIA B200,I64,U64,32,20,1,2,1000000000,2048,Yes,,,,,,,,
pfp_bloom_filter_add_unique_size_u64,0,NVIDIA B200,I64,U64,32,20,1,4,1000000000,1,Yes,,,,,,,,
pfp_bloom_filter_add_unique_size_u64,0,NVIDIA B200,I64,U64,32,20,1,4,1000000000,2,Yes,,,,,,,,
pfp_bloom_filter_add_unique_size_u64,0,NVIDIA B200,I64,U64,32,20,1,4,1000000000,4,Yes,,,,,,,,
pfp_bloom_filter_add_unique_size_u64,0,NVIDIA B200,I64,U64,32,20,1,4,1000000000,8,Yes,,,,,,,,
pfp_bloom_filter_add_unique_size_u64,0,NVIDIA B200,I64,U64,32,20,1,4,1000000000,16,Yes,,,,,,,,
pfp_bloom_filter_add_unique_size_u64,0,NVIDIA B200,I64,U64,32,20,1,4,1000000000,32,Yes,,,,,,,,
pfp_bloom_filter_add_unique_size_u64,0,NVIDIA B200,I64,U64,32,20,1,4,1000000000,64,Yes,,,,,,,,
pfp_bloom_filter_add_unique_size_u64,0,NVIDIA B200,I64,U64,32,20,1,4,1000000000,128,Yes,,,,,,,,
pfp_bloom_filter_add_unique_size_u64,0,NVIDIA B200,I64,U64,32,20,1,4,1000000000,256,Yes,,,,,,,,
pfp_bloom_filter_add_unique_size_u64,0,NVIDIA B200,I64,U64,32,20,1,4,1000000000,512,Yes,,,,,,,,
pfp_bloom_filter_add_unique_size_u64,0,NVIDIA B200,I64,U64,32,20,1,4,1000000000,1024,Yes,,,,,,,,
pfp_bloom_filter_add_unique_size_u64,0,NVIDIA B200,I64,U64,32,20,1,4,1000000000,2048,Yes,,,,,,,,
pfp_bloom_filter_add_unique_size_u64,0,NVIDIA B200,I64,U64,32,20,1,8,1000000000,1,Yes,,,,,,,,
pfp_bloom_filter_add_unique_size_u64,0,NVIDIA B200,I64,U64,32,20,1,8,1000000000,2,Yes,,,,,,,,
pfp_bloom_filter_add_unique_size_u64,0,NVIDIA B200,I64,U64,32,20,1,8,1000000000,4,Yes,,,,,,,,
pfp_bloom_filter_add_unique_size_u64,0,NVIDIA B200,I64,U64,32,20,1,8,1000000000,8,Yes,,,,,,,,
pfp_bloom_filter_add_unique_size_u64,0,NVIDIA B200,I64,U64,32,20,1,8,1000000000,16,Yes,,,,,,,,
pfp_bloom_filter_add_unique_size_u64,0,NVIDIA B200,I64,U64,32,20,1,8,1000000000,32,Yes,,,,,,,,
pfp_bloom_filter_add_unique_size_u64,0,NVIDIA B200,I64,U64,32,20,1,8,1000000000,64,Yes,,,,,,,,
pfp_bloom_filter_add_unique_size_u64,0,NVIDIA B200,I64,U64,32,20,1,8,1000000000,128,Yes,,,,,,,,
pfp_bloom_filter_add_unique_size_u64,0,NVIDIA B200,I64,U64,32,20,1,8,1000000000,256,Yes,,,,,,,,
pfp_bloom_filter_add_unique_size_u64,0,NVIDIA B200,I64,U64,32,20,1,8,1000000000,512,Yes,,,,,,,,
pfp_bloom_filter_add_unique_size_u64,0,NVIDIA B200,I64,U64,32,20,1,8,1000000000,1024,Yes,,,,,,,,
pfp_bloom_filter_add_unique_size_u64,0,NVIDIA B200,I64,U64,32,20,1,8,1000000000,2048,Yes,,,,,,,,
pfp_bloom_filter_add_unique_size_u64,0,NVIDIA B200,I64,U64,32,20,2,1,1000000000,1,Yes,,,,,,,,
pfp_bloom_filter_add_unique_size_u64,0,NVIDIA B200,I64,U64,32,20,2,1,1000000000,2,Yes,,,,,,,,
pfp_bloom_filter_add_unique_size_u64,0,NVIDIA B200,I64,U64,32,20,2,1,1000000000,4,Yes,,,,,,,,
pfp_bloom_filter_add_unique_size_u64,0,NVIDIA B200,I64,U64,32,20,2,1,1000000000,8,Yes,,,,,,,,
pfp_bloom_filter_add_unique_size_u64,0,NVIDIA B200,I64,U64,32,20,2,1,1000000000,16,Yes,,,,,,,,
pfp_bloom_filter_add_unique_size_u64,0,NVIDIA B200,I64,U64,32,20,2,1,1000000000,32,Yes,,,,,,,,
pfp_bloom_filter_add_unique_size_u64,0,NVIDIA B200,I64,U64,32,20,2,1,1000000000,64,Yes,,,,,,,,
pfp_bloom_filter_add_unique_size_u64,0,NVIDIA B200,I64,U64,32,20,2,1,1000000000,128,Yes,,,,,,,,
pfp_bloom_filter_add_unique_size_u64,0,NVIDIA B200,I64,U64,32,20,2,1,1000000000,256,Yes,,,,,,,,
pfp_bloom_filter_add_unique_size_u64,0,NVIDIA B200,I64,U64,32,20,2,1,1000000000,512,Yes,,,,,,,,
pfp_bloom_filter_add_unique_size_u64,0,NVIDIA B200,I64,U64,32,20,2,1,1000000000,1024,Yes,,,,,,,,
pfp_bloom_filter_add_unique_size_u64,0,NVIDIA B200,I64,U64,32,20,2,1,1000000000,2048,Yes,,,,,,,,
pfp_bloom_filter_add_unique_size_u64,0,NVIDIA B200,I64,U64,32,20,2,2,1000000000,1,Yes,,,,,,,,
pfp_bloom_filter_add_unique_size_u64,0,NVIDIA B200,I64,U64,32,20,2,2,1000000000,2,Yes,,,,,,,,
pfp_bloom_filter_add_unique_size_u64,0,NVIDIA B200,I64,U64,32,20,2,2,1000000000,4,Yes,,,,,,,,
pfp_bloom_filter_add_unique_size_u64,0,NVIDIA B200,I64,U64,32,20,2,2,1000000000,8,Yes,,,,,,,,
pfp_bloom_filter_add_unique_size_u64,0,NVIDIA B200,I64,U64,32,20,2,2,1000000000,16,Yes,,,,,,,,
pfp_bloom_filter_add_unique_size_u64,0,NVIDIA B200,I64,U64,32,20,2,2,1000000000,32,Yes,,,,,,,,
pfp_bloom_filter_add_unique_size_u64,0,NVIDIA B200,I64,U64,32,20,2,2,1000000000,64,Yes,,,,,,,,
pfp_bloom_filter_add_unique_size_u64,0,NVIDIA B200,I64,U64,32,20,2,2,1000000000,128,Yes,,,,,,,,
pfp_bloom_filter_add_unique_size_u64,0,NVIDIA B200,I64,U64,32,20,2,2,1000000000,256,Yes,,,,,,,,
pfp_bloom_filter_add_unique_size_u64,0,NVIDIA B200,I64,U64,32,20,2,2,1000000000,512,Yes,,,,,,,,
pfp_bloom_filter_add_unique_size_u64,0,NVIDIA B200,I64,U64,32,20,2,2,1000000000,1024,Yes,,,,,,,,
pfp_bloom_filter_add_unique_size_u64,0,NVIDIA B200,I64,U64,32,20,2,2,1000000000,2048,Yes,,,,,,,,
pfp_bloom_filter_add_unique_size_u64,0,NVIDIA B200,I64,U64,32,20,2,4,1000000000,1,Yes,,,,,,,,
pfp_bloom_filter_add_unique_size_u64,0,NVIDIA B200,I64,U64,32,20,2,4,1000000000,2,Yes,,,,,,,,
pfp_bloom_filter_add_unique_size_u64,0,NVIDIA B200,I64,U64,32,20,2,4,1000000000,4,Yes,,,,,,,,
pfp_bloom_filter_add_unique_size_u64,0,NVIDIA B200,I64,U64,32,20,2,4,1000000000,8,Yes,,,,,,,,
pfp_bloom_filter_add_unique_size_u64,0,NVIDIA B200,I64,U64,32,20,2,4,1000000000,16,Yes,,,,,,,,
pfp_bloom_filter_add_unique_size_u64,0,NVIDIA B200,I64,U64,32,20,2,4,1000000000,32,Yes,,,,,,,,
pfp_bloom_filter_add_unique_size_u64,0,NVIDIA B200,I64,U64,32,20,2,4,1000000000,64,Yes,,,,,,,,
pfp_bloom_filter_add_unique_size_u64,0,NVIDIA B200,I64,U64,32,20,2,4,1000000000,128,Yes,,,,,,,,
pfp_bloom_filter_add_unique_size_u64,0,NVIDIA B200,I64,U64,32,20,2,4,1000000000,256,Yes,,,,,,,,
pfp_bloom_filter_add_unique_size_u64,0,NVIDIA B200,I64,U64,32,20,2,4,1000000000,512,Yes,,,,,,,,
pfp_bloom_filter_add_unique_size_u64,0,NVIDIA B200,I64,U64,32,20,2,4,1000000000,1024,Yes,,,,,,,,
pfp_bloom_filter_add_unique_size_u64,0,NVIDIA B200,I64,U64,32,20,2,4,1000000000,2048,Yes,,,,,,,,
pfp_bloom_filter_add_unique_size_u64,0,NVIDIA B200,I64,U64,32,20,2,8,1000000000,1,Yes,,,,,,,,
pfp_bloom_filter_add_unique_size_u64,0,NVIDIA B200,I64,U64,32,20,2,8,1000000000,2,Yes,,,,,,,,
pfp_bloom_filter_add_unique_size_u64,0,NVIDIA B200,I64,U64,32,20,2,8,1000000000,4,Yes,,,,,,,,
pfp_bloom_filter_add_unique_size_u64,0,NVIDIA B200,I64,U64,32,20,2,8,1000000000,8,Yes,,,,,,,,
pfp_bloom_filter_add_unique_size_u64,0,NVIDIA B200,I64,U64,32,20,2,8,1000000000,16,Yes,,,,,,,,
pfp_bloom_filter_add_unique_size_u64,0,NVIDIA B200,I64,U64,32,20,2,8,1000000000,32,Yes,,,,,,,,
pfp_bloom_filter_add_unique_size_u64,0,NVIDIA B200,I64,U64,32,20,2,8,1000000000,64,Yes,,,,,,,,
pfp_bloom_filter_add_unique_size_u64,0,NVIDIA B200,I64,U64,32,20,2,8,1000000000,128,Yes,,,,,,,,
pfp_bloom_filter_add_unique_size_u64,0,NVIDIA B200,I64,U64,32,20,2,8,1000000000,256,Yes,,,,,,,,
pfp_bloom_filter_add_unique_size_u64,0,NVIDIA B200,I64,U64,32,20,2,8,1000000000,512,Yes,,,,,,,,
pfp_bloom_filter_add_unique_size_u64,0,NVIDIA B200,I64,U64,32,20,2,8,1000000000,1024,Yes,,,,,,,,
pfp_bloom_filter_add_unique_size_u64,0,NVIDIA B200,I64,U64,32,20,2,8,1000000000,2048,Yes,,,,,,,,
pfp_bloom_filter_add_unique_size_u64,0,NVIDIA B200,I64,U64,32,20,4,1,1000000000,1,Yes,,,,,,,,
pfp_bloom_filter_add_unique_size_u64,0,NVIDIA B200,I64,U64,32,20,4,1,1000000000,2,Yes,,,,,,,,
pfp_bloom_filter_add_unique_size_u64,0,NVIDIA B200,I64,U64,32,20,4,1,1000000000,4,Yes,,,,,,,,
pfp_bloom_filter_add_unique_size_u64,0,NVIDIA B200,I64,U64,32,20,4,1,1000000000,8,Yes,,,,,,,,
pfp_bloom_filter_add_unique_size_u64,0,NVIDIA B200,I64,U64,32,20,4,1,1000000000,16,Yes,,,,,,,,
pfp_bloom_filter_add_unique_size_u64,0,NVIDIA B200,I64,U64,32,20,4,1,1000000000,32,Yes,,,,,,,,
pfp_bloom_filter_add_unique_size_u64,0,NVIDIA B200,I64,U64,32,20,4,1,1000000000,64,Yes,,,,,,,,
pfp_bloom_filter_add_unique_size_u64,0,NVIDIA B200,I64,U64,32,20,4,1,1000000000,128,Yes,,,,,,,,
pfp_bloom_filter_add_unique_size_u64,0,NVIDIA B200,I64,U64,32,20,4,1,1000000000,256,Yes,,,,,,,,
pfp_bloom_filter_add_unique_size_u64,0,NVIDIA B200,I64,U64,32,20,4,1,1000000000,512,Yes,,,,,,,,
pfp_bloom_filter_add_unique_size_u64,0,NVIDIA B200,I64,U64,32,20,4,1,1000000000,1024,Yes,,,,,,,,
pfp_bloom_filter_add_unique_size_u64,0,NVIDIA B200,I64,U64,32,20,4,1,1000000000,2048,Yes,,,,,,,,
pfp_bloom_filter_add_unique_size_u64,0,NVIDIA B200,I64,U64,32,20,4,2,1000000000,1,Yes,,,,,,,,
pfp_bloom_filter_add_unique_size_u64,0,NVIDIA B200,I64,U64,32,20,4,2,1000000000,2,Yes,,,,,,,,
pfp_bloom_filter_add_unique_size_u64,0,NVIDIA B200,I64,U64,32,20,4,2,1000000000,4,Yes,,,,,,,,
pfp_bloom_filter_add_unique_size_u64,0,NVIDIA B200,I64,U64,32,20,4,2,1000000000,8,Yes,,,,,,,,
pfp_bloom_filter_add_unique_size_u64,0,NVIDIA B200,I64,U64,32,20,4,2,1000000000,16,Yes,,,,,,,,
pfp_bloom_filter_add_unique_size_u64,0,NVIDIA B200,I64,U64,32,20,4,2,1000000000,32,Yes,,,,,,,,
pfp_bloom_filter_add_unique_size_u64,0,NVIDIA B200,I64,U64,32,20,4,2,1000000000,64,Yes,,,,,,,,
pfp_bloom_filter_add_unique_size_u64,0,NVIDIA B200,I64,U64,32,20,4,2,1000000000,128,Yes,,,,,,,,
pfp_bloom_filter_add_unique_size_u64,0,NVIDIA B200,I64,U64,32,20,4,2,1000000000,256,Yes,,,,,,,,
pfp_bloom_filter_add_unique_size_u64,0,NVIDIA B200,I64,U64,32,20,4,2,1000000000,512,Yes,,,,,,,,
pfp_bloom_filter_add_unique_size_u64,0,NVIDIA B200,I64,U64,32,20,4,2,1000000000,1024,Yes,,,,,,,,
pfp_bloom_filter_add_unique_size_u64,0,NVIDIA B200,I64,U64,32,20,4,2,1000000000,2048,Yes,,,,,,,,
pfp_bloom_filter_add_unique_size_u64,0,NVIDIA B200,I64,U64,32,20,4,4,1000000000,1,Yes,,,,,,,,
pfp_bloom_filter_add_unique_size_u64,0,NVIDIA B200,I64,U64,32,20,4,4,1000000000,2,Yes,,,,,,,,
pfp_bloom_filter_add_unique_size_u64,0,NVIDIA B200,I64,U64,32,20,4,4,1000000000,4,Yes,,,,,,,,
pfp_bloom_filter_add_unique_size_u64,0,NVIDIA B200,I64,U64,32,20,4,4,1000000000,8,Yes,,,,,,,,
pfp_bloom_filter_add_unique_size_u64,0,NVIDIA B200,I64,U64,32,20,4,4,1000000000,16,Yes,,,,,,,,
pfp_bloom_filter_add_unique_size_u64,0,NVIDIA B200,I64,U64,32,20,4,4,1000000000,32,Yes,,,,,,,,
pfp_bloom_filter_add_unique_size_u64,0,NVIDIA B200,I64,U64,32,20,4,4,1000000000,64,Yes,,,,,,,,
pfp_bloom_filter_add_unique_size_u64,0,NVIDIA B200,I64,U64,32,20,4,4,1000000000,128,Yes,,,,,,,,
pfp_bloom_filter_add_unique_size_u64,0,NVIDIA B200,I64,U64,32,20,4,4,1000000000,256,Yes,,,,,,,,
pfp_bloom_filter_add_unique_size_u64,0,NVIDIA B200,I64,U64,32,20,4,4,1000000000,512,Yes,,,,,,,,
pfp_bloom_filter_add_unique_size_u64,0,NVIDIA B200,I64,U64,32,20,4,4,1000000000,1024,Yes,,,,,,,,
pfp_bloom_filter_add_unique_size_u64,0,NVIDIA B200,I64,U64,32,20,4,4,1000000000,2048,Yes,,,,,,,,
pfp_bloom_filter_add_unique_size_u64,0,NVIDIA B200,I64,U64,32,20,4,8,1000000000,1,Yes,,,,,,,,
pfp_bloom_filter_add_unique_size_u64,0,NVIDIA B200,I64,U64,32,20,4,8,1000000000,2,Yes,,,,,,,,
pfp_bloom_filter_add_unique_size_u64,0,NVIDIA B200,I64,U64,32,20,4,8,1000000000,4,Yes,,,,,,,,
pfp_bloom_filter_add_unique_size_u64,0,NVIDIA B200,I64,U64,32,20,4,8,1000000000,8,Yes,,,,,,,,
pfp_bloom_filter_add_unique_size_u64,0,NVIDIA B200,I64,U64,32,20,4,8,1000000000,16,Yes,,,,,,,,
pfp_bloom_filter_add_unique_size_u64,0,NVIDIA B200,I64,U64,32,20,4,8,1000000000,32,Yes,,,,,,,,
pfp_bloom_filter_add_unique_size_u64,0,NVIDIA B200,I64,U64,32,20,4,8,1000000000,64,Yes,,,,,,,,
pfp_bloom_filter_add_unique_size_u64,0,NVIDIA B200,I64,U64,32,20,4,8,1000000000,128,Yes,,,,,,,,
pfp_bloom_filter_add_unique_size_u64,0,NVIDIA B200,I64,U64,32,20,4,8,1000000000,256,Yes,,,,,,,,
pfp_bloom_filter_add_unique_size_u64,0,NVIDIA B200,I64,U64,32,20,4,8,1000000000,512,Yes,,,,,,,,
pfp_bloom_filter_add_unique_size_u64,0,NVIDIA B200,I64,U64,32,20,4,8,1000000000,1024,Yes,,,,,,,,
pfp_bloom_filter_add_unique_size_u64,0,NVIDIA B200,I64,U64,32,20,4,8,1000000000,2048,Yes,,,,,,,,
pfp_bloom_filter_add_unique_size_u64,0,NVIDIA B200,I64,U64,32,20,8,1,1000000000,1,Yes,,,,,,,,
pfp_bloom_filter_add_unique_size_u64,0,NVIDIA B200,I64,U64,32,20,8,1,1000000000,2,Yes,,,,,,,,
pfp_bloom_filter_add_unique_size_u64,0,NVIDIA B200,I64,U64,32,20,8,1,1000000000,4,Yes,,,,,,,,
pfp_bloom_filter_add_unique_size_u64,0,NVIDIA B200,I64,U64,32,20,8,1,1000000000,8,Yes,,,,,,,,
pfp_bloom_filter_add_unique_size_u64,0,NVIDIA B200,I64,U64,32,20,8,1,1000000000,16,Yes,,,,,,,,
pfp_bloom_filter_add_unique_size_u64,0,NVIDIA B200,I64,U64,32,20,8,1,1000000000,32,Yes,,,,,,,,
pfp_bloom_filter_add_unique_size_u64,0,NVIDIA B200,I64,U64,32,20,8,1,1000000000,64,Yes,,,,,,,,
pfp_bloom_filter_add_unique_size_u64,0,NVIDIA B200,I64,U64,32,20,8,1,1000000000,128,Yes,,,,,,,,
pfp_bloom_filter_add_unique_size_u64,0,NVIDIA B200,I64,U64,32,20,8,1,1000000000,256,Yes,,,,,,,,
pfp_bloom_filter_add_unique_size_u64,0,NVIDIA B200,I64,U64,32,20,8,1,1000000000,512,Yes,,,,,,,,
pfp_bloom_filter_add_unique_size_u64,0,NVIDIA B200,I64,U64,32,20,8,1,1000000000,1024,Yes,,,,,,,,
pfp_bloom_filter_add_unique_size_u64,0,NVIDIA B200,I64,U64,32,20,8,1,1000000000,2048,Yes,,,,,,,,
pfp_bloom_filter_add_unique_size_u64,0,NVIDIA B200,I64,U64,32,20,8,2,1000000000,1,Yes,,,,,,,,
pfp_bloom_filter_add_unique_size_u64,0,NVIDIA B200,I64,U64,32,20,8,2,1000000000,2,Yes,,,,,,,,
pfp_bloom_filter_add_unique_size_u64,0,NVIDIA B200,I64,U64,32,20,8,2,1000000000,4,Yes,,,,,,,,
pfp_bloom_filter_add_unique_size_u64,0,NVIDIA B200,I64,U64,32,20,8,2,1000000000,8,Yes,,,,,,,,
pfp_bloom_filter_add_unique_size_u64,0,NVIDIA B200,I64,U64,32,20,8,2,1000000000,16,Yes,,,,,,,,
pfp_bloom_filter_add_unique_size_u64,0,NVIDIA B200,I64,U64,32,20,8,2,1000000000,32,Yes,,,,,,,,
pfp_bloom_filter_add_unique_size_u64,0,NVIDIA B200,I64,U64,32,20,8,2,1000000000,64,Yes,,,,,,,,
pfp_bloom_filter_add_unique_size_u64,0,NVIDIA B200,I64,U64,32,20,8,2,1000000000,128,Yes,,,,,,,,
pfp_bloom_filter_add_unique_size_u64,0,NVIDIA B200,I64,U64,32,20,8,2,1000000000,256,Yes,,,,,,,,
pfp_bloom_filter_add_unique_size_u64,0,NVIDIA B200,I64,U64,32,20,8,2,1000000000,512,Yes,,,,,,,,
pfp_bloom_filter_add_unique_size_u64,0,NVIDIA B200,I64,U64,32,20,8,2,1000000000,1024,Yes,,,,,,,,
pfp_bloom_filter_add_unique_size_u64,0,NVIDIA B200,I64,U64,32,20,8,2,1000000000,2048,Yes,,,,,,,,
pfp_bloom_filter_add_unique_size_u64,0,NVIDIA B200,I64,U64,32,20,8,4,1000000000,1,Yes,,,,,,,,
pfp_bloom_filter_add_unique_size_u64,0,NVIDIA B200,I64,U64,32,20,8,4,1000000000,2,Yes,,,,,,,,
pfp_bloom_filter_add_unique_size_u64,0,NVIDIA B200,I64,U64,32,20,8,4,1000000000,4,Yes,,,,,,,,
pfp_bloom_filter_add_unique_size_u64,0,NVIDIA B200,I64,U64,32,20,8,4,1000000000,8,Yes,,,,,,,,
pfp_bloom_filter_add_unique_size_u64,0,NVIDIA B200,I64,U64,32,20,8,4,1000000000,16,Yes,,,,,,,,
pfp_bloom_filter_add_unique_size_u64,0,NVIDIA B200,I64,U64,32,20,8,4,1000000000,32,Yes,,,,,,,,
pfp_bloom_filter_add_unique_size_u64,0,NVIDIA B200,I64,U64,32,20,8,4,1000000000,64,Yes,,,,,,,,
pfp_bloom_filter_add_unique_size_u64,0,NVIDIA B200,I64,U64,32,20,8,4,1000000000,128,Yes,,,,,,,,
pfp_bloom_filter_add_unique_size_u64,0,NVIDIA B200,I64,U64,32,20,8,4,1000000000,256,Yes,,,,,,,,
pfp_bloom_filter_add_unique_size_u64,0,NVIDIA B200,I64,U64,32,20,8,4,1000000000,512,Yes,,,,,,,,
pfp_bloom_filter_add_unique_size_u64,0,NVIDIA B200,I64,U64,32,20,8,4,1000000000,1024,Yes,,,,,,,,
pfp_bloom_filter_add_unique_size_u64,0,NVIDIA B200,I64,U64,32,20,8,4,1000000000,2048,Yes,,,,,,,,
pfp_bloom_filter_add_unique_size_u64,0,NVIDIA B200,I64,U64,32,20,8,8,1000000000,1,Yes,,,,,,,,
pfp_bloom_filter_add_unique_size_u64,0,NVIDIA B200,I64,U64,32,20,8,8,1000000000,2,Yes,,,,,,,,
pfp_bloom_filter_add_unique_size_u64,0,NVIDIA B200,I64,U64,32,20,8,8,1000000000,4,Yes,,,,,,,,
pfp_bloom_filter_add_unique_size_u64,0,NVIDIA B200,I64,U64,32,20,8,8,1000000000,8,Yes,,,,,,,,
pfp_bloom_filter_add_unique_size_u64,0,NVIDIA B200,I64,U64,32,20,8,8,1000000000,16,Yes,,,,,,,,
pfp_bloom_filter_add_unique_size_u64,0,NVIDIA B200,I64,U64,32,20,8,8,1000000000,32,Yes,,,,,,,,
pfp_bloom_filter_add_unique_size_u64,0,NVIDIA B200,I64,U64,32,20,8,8,1000000000,64,Yes,,,,,,,,
pfp_bloom_filter_add_unique_size_u64,0,NVIDIA B200,I64,U64,32,20,8,8,1000000000,128,Yes,,,,,,,,
pfp_bloom_filter_add_unique_size_u64,0,NVIDIA B200,I64,U64,32,20,8,8,1000000000,256,Yes,,,,,,,,
pfp_bloom_filter_add_unique_size_u64,0,NVIDIA B200,I64,U64,32,20,8,8,1000000000,512,Yes,,,,,,,,
pfp_bloom_filter_add_unique_size_u64,0,NVIDIA B200,I64,U64,32,20,8,8,1000000000,1024,Yes,,,,,,,,
pfp_bloom_filter_add_unique_size_u64,0,NVIDIA B200,I64,U64,32,20,8,8,1000000000,2048,Yes,,,,,,,,
pfp_bloom_filter_add_unique_size_u64,0,NVIDIA B200,I64,U64,64,1,1,1,1000000000,1,No,63,0.008075080222222227,0.00015054141425380747,0.008060705987233966,0.00013759768229822082,124058612432.17857,65,0.008058959021935095
pfp_bloom_filter_add_unique_size_u64,0,NVIDIA B200,I64,U64,64,1,1,1,1000000000,2,No,60,0.008365622999999999,0.0001926984081928384,0.008351249074935915,0.000173197544611229,119742566773.78212,63,0.008349371047247024
pfp_bloom_filter_add_unique_size_u64,0,NVIDIA B200,I64,U64,64,1,1,1,1000000000,4,No,62,0.00813205691935484,0.00024711752370175626,0.008117759950699346,0.0002177835654211064,123186692643.43668,64,0.008115391731262207
pfp_bloom_filter_add_unique_size_u64,0,NVIDIA B200,I64,U64,64,1,1,1,1000000000,8,No,63,0.008025657650793648,0.0001782138021866492,0.008011147256881474,0.00016318130926641996,124826066471.44235,65,0.008007097919170673
pfp_bloom_filter_add_unique_size_u64,0,NVIDIA B200,I64,U64,64,1,1,1,1000000000,16,No,63,0.008026449333333333,0.00018250833962274899,0.00801215656219967,0.0001491422582607574,124810341914.41942,65,0.008005915715144231
pfp_bloom_filter_add_unique_size_u64,0,NVIDIA B200,I64,U64,64,1,1,1,1000000000,32,No,63,0.008003198444444448,0.00018309846782185802,0.007988670856233629,0.00013951761437911353,125177268909.46964,65,0.00797678692157452
pfp_bloom_filter_add_unique_size_u64,0,NVIDIA B200,I64,U64,64,1,1,1,1000000000,64,No,62,0.008122569516129035,0.0014399881953829211,0.008108176585166684,0.0014642194285370282,123332291729.98364,64,0.00808902359008789
pfp_bloom_filter_add_unique_size_u64,0,NVIDIA B200,I64,U64,64,1,1,1,1000000000,128,No,22,0.023123176454545456,9.029274516704856e-05,0.023107170971957122,7.988533996527728e-05,43276608859.371,23,0.02309311410655146
pfp_bloom_filter_add_unique_size_u64,0,NVIDIA B200,I64,U64,64,1,1,1,1000000000,256,No,16,0.032984,0.00015298753202745526,0.03296775603294372,0.0001485757937067465,30332668046.94651,17,0.032960693359374994
pfp_bloom_filter_add_unique_size_u64,0,NVIDIA B200,I64,U64,64,1,1,1,1000000000,512,No,13,0.040097218538461536,0.0001228155159516399,0.04008014737642728,0.00011853987803601171,24950008057.808178,14,0.04007738740103585
pfp_bloom_filter_add_unique_size_u64,0,NVIDIA B200,I64,U64,64,1,1,1,1000000000,1024,No,12,0.044053337666666664,0.00014794840564060592,0.04403592840830484,0.0001462654338143049,22708729806.441586,13,0.04403917371309721
pfp_bloom_filter_add_unique_size_u64,0,NVIDIA B200,I64,U64,64,1,1,1,1000000000,2048,No,11,0.046086413545454556,0.00015422838568176424,0.04606929397583008,0.0001585070069372396,21706432065.675735,12,0.04607266108194987
pfp_bloom_filter_add_unique_size_u64,0,NVIDIA B200,I64,U64,64,1,1,2,1000000000,1,Yes,,,,,,,,
pfp_bloom_filter_add_unique_size_u64,0,NVIDIA B200,I64,U64,64,1,1,2,1000000000,2,Yes,,,,,,,,
pfp_bloom_filter_add_unique_size_u64,0,NVIDIA B200,I64,U64,64,1,1,2,1000000000,4,Yes,,,,,,,,
pfp_bloom_filter_add_unique_size_u64,0,NVIDIA B200,I64,U64,64,1,1,2,1000000000,8,Yes,,,,,,,,
pfp_bloom_filter_add_unique_size_u64,0,NVIDIA B200,I64,U64,64,1,1,2,1000000000,16,Yes,,,,,,,,
pfp_bloom_filter_add_unique_size_u64,0,NVIDIA B200,I64,U64,64,1,1,2,1000000000,32,Yes,,,,,,,,
pfp_bloom_filter_add_unique_size_u64,0,NVIDIA B200,I64,U64,64,1,1,2,1000000000,64,Yes,,,,,,,,
pfp_bloom_filter_add_unique_size_u64,0,NVIDIA B200,I64,U64,64,1,1,2,1000000000,128,Yes,,,,,,,,
pfp_bloom_filter_add_unique_size_u64,0,NVIDIA B200,I64,U64,64,1,1,2,1000000000,256,Yes,,,,,,,,
pfp_bloom_filter_add_unique_size_u64,0,NVIDIA B200,I64,U64,64,1,1,2,1000000000,512,Yes,,,,,,,,
pfp_bloom_filter_add_unique_size_u64,0,NVIDIA B200,I64,U64,64,1,1,2,1000000000,1024,Yes,,,,,,,,
pfp_bloom_filter_add_unique_size_u64,0,NVIDIA B200,I64,U64,64,1,1,2,1000000000,2048,Yes,,,,,,,,
pfp_bloom_filter_add_unique_size_u64,0,NVIDIA B200,I64,U64,64,1,1,4,1000000000,1,Yes,,,,,,,,
pfp_bloom_filter_add_unique_size_u64,0,NVIDIA B200,I64,U64,64,1,1,4,1000000000,2,Yes,,,,,,,,
pfp_bloom_filter_add_unique_size_u64,0,NVIDIA B200,I64,U64,64,1,1,4,1000000000,4,Yes,,,,,,,,
pfp_bloom_filter_add_unique_size_u64,0,NVIDIA B200,I64,U64,64,1,1,4,1000000000,8,Yes,,,,,,,,
pfp_bloom_filter_add_unique_size_u64,0,NVIDIA B200,I64,U64,64,1,1,4,1000000000,16,Yes,,,,,,,,
pfp_bloom_filter_add_unique_size_u64,0,NVIDIA B200,I64,U64,64,1,1,4,1000000000,32,Yes,,,,,,,,
pfp_bloom_filter_add_unique_size_u64,0,NVIDIA B200,I64,U64,64,1,1,4,1000000000,64,Yes,,,,,,,,
pfp_bloom_filter_add_unique_size_u64,0,NVIDIA B200,I64,U64,64,1,1,4,1000000000,128,Yes,,,,,,,,
pfp_bloom_filter_add_unique_size_u64,0,NVIDIA B200,I64,U64,64,1,1,4,1000000000,256,Yes,,,,,,,,
pfp_bloom_filter_add_unique_size_u64,0,NVIDIA B200,I64,U64,64,1,1,4,1000000000,512,Yes,,,,,,,,
pfp_bloom_filter_add_unique_size_u64,0,NVIDIA B200,I64,U64,64,1,1,4,1000000000,1024,Yes,,,,,,,,
pfp_bloom_filter_add_unique_size_u64,0,NVIDIA B200,I64,U64,64,1,1,4,1000000000,2048,Yes,,,,,,,,
pfp_bloom_filter_add_unique_size_u64,0,NVIDIA B200,I64,U64,64,1,1,8,1000000000,1,Yes,,,,,,,,
pfp_bloom_filter_add_unique_size_u64,0,NVIDIA B200,I64,U64,64,1,1,8,1000000000,2,Yes,,,,,,,,
pfp_bloom_filter_add_unique_size_u64,0,NVIDIA B200,I64,U64,64,1,1,8,1000000000,4,Yes,,,,,,,,
pfp_bloom_filter_add_unique_size_u64,0,NVIDIA B200,I64,U64,64,1,1,8,1000000000,8,Yes,,,,,,,,
pfp_bloom_filter_add_unique_size_u64,0,NVIDIA B200,I64,U64,64,1,1,8,1000000000,16,Yes,,,,,,,,
pfp_bloom_filter_add_unique_size_u64,0,NVIDIA B200,I64,U64,64,1,1,8,1000000000,32,Yes,,,,,,,,
pfp_bloom_filter_add_unique_size_u64,0,NVIDIA B200,I64,U64,64,1,1,8,1000000000,64,Yes,,,,,,,,
pfp_bloom_filter_add_unique_size_u64,0,NVIDIA B200,I64,U64,64,1,1,8,1000000000,128,Yes,,,,,,,,
pfp_bloom_filter_add_unique_size_u64,0,NVIDIA B200,I64,U64,64,1,1,8,1000000000,256,Yes,,,,,,,,
pfp_bloom_filter_add_unique_size_u64,0,NVIDIA B200,I64,U64,64,1,1,8,1000000000,512,Yes,,,,,,,,
pfp_bloom_filter_add_unique_size_u64,0,NVIDIA B200,I64,U64,64,1,1,8,1000000000,1024,Yes,,,,,,,,
pfp_bloom_filter_add_unique_size_u64,0,NVIDIA B200,I64,U64,64,1,1,8,1000000000,2048,Yes,,,,,,,,
pfp_bloom_filter_add_unique_size_u64,0,NVIDIA B200,I64,U64,64,1,2,1,1000000000,1,Yes,,,,,,,,
pfp_bloom_filter_add_unique_size_u64,0,NVIDIA B200,I64,U64,64,1,2,1,1000000000,2,Yes,,,,,,,,
pfp_bloom_filter_add_unique_size_u64,0,NVIDIA B200,I64,U64,64,1,2,1,1000000000,4,Yes,,,,,,,,
pfp_bloom_filter_add_unique_size_u64,0,NVIDIA B200,I64,U64,64,1,2,1,1000000000,8,Yes,,,,,,,,
pfp_bloom_filter_add_unique_size_u64,0,NVIDIA B200,I64,U64,64,1,2,1,1000000000,16,Yes,,,,,,,,
pfp_bloom_filter_add_unique_size_u64,0,NVIDIA B200,I64,U64,64,1,2,1,1000000000,32,Yes,,,,,,,,
pfp_bloom_filter_add_unique_size_u64,0,NVIDIA B200,I64,U64,64,1,2,1,1000000000,64,Yes,,,,,,,,
pfp_bloom_filter_add_unique_size_u64,0,NVIDIA B200,I64,U64,64,1,2,1,1000000000,128,Yes,,,,,,,,
pfp_bloom_filter_add_unique_size_u64,0,NVIDIA B200,I64,U64,64,1,2,1,1000000000,256,Yes,,,,,,,,
pfp_bloom_filter_add_unique_size_u64,0,NVIDIA B200,I64,U64,64,1,2,1,1000000000,512,Yes,,,,,,,,
pfp_bloom_filter_add_unique_size_u64,0,NVIDIA B200,I64,U64,64,1,2,1,1000000000,1024,Yes,,,,,,,,
pfp_bloom_filter_add_unique_size_u64,0,NVIDIA B200,I64,U64,64,1,2,1,1000000000,2048,Yes,,,,,,,,
pfp_bloom_filter_add_unique_size_u64,0,NVIDIA B200,I64,U64,64,1,2,2,1000000000,1,Yes,,,,,,,,
pfp_bloom_filter_add_unique_size_u64,0,NVIDIA B200,I64,U64,64,1,2,2,1000000000,2,Yes,,,,,,,,
pfp_bloom_filter_add_unique_size_u64,0,NVIDIA B200,I64,U64,64,1,2,2,1000000000,4,Yes,,,,,,,,
pfp_bloom_filter_add_unique_size_u64,0,NVIDIA B200,I64,U64,64,1,2,2,1000000000,8,Yes,,,,,,,,
pfp_bloom_filter_add_unique_size_u64,0,NVIDIA B200,I64,U64,64,1,2,2,1000000000,16,Yes,,,,,,,,
pfp_bloom_filter_add_unique_size_u64,0,NVIDIA B200,I64,U64,64,1,2,2,1000000000,32,Yes,,,,,,,,
pfp_bloom_filter_add_unique_size_u64,0,NVIDIA B200,I64,U64,64,1,2,2,1000000000,64,Yes,,,,,,,,
pfp_bloom_filter_add_unique_size_u64,0,NVIDIA B200,I64,U64,64,1,2,2,1000000000,128,Yes,,,,,,,,
pfp_bloom_filter_add_unique_size_u64,0,NVIDIA B200,I64,U64,64,1,2,2,1000000000,256,Yes,,,,,,,,
pfp_bloom_filter_add_unique_size_u64,0,NVIDIA B200,I64,U64,64,1,2,2,1000000000,512,Yes,,,,,,,,
pfp_bloom_filter_add_unique_size_u64,0,NVIDIA B200,I64,U64,64,1,2,2,1000000000,1024,Yes,,,,,,,,
pfp_bloom_filter_add_unique_size_u64,0,NVIDIA B200,I64,U64,64,1,2,2,1000000000,2048,Yes,,,,,,,,
pfp_bloom_filter_add_unique_size_u64,0,NVIDIA B200,I64,U64,64,1,2,4,1000000000,1,Yes,,,,,,,,
pfp_bloom_filter_add_unique_size_u64,0,NVIDIA B200,I64,U64,64,1,2,4,1000000000,2,Yes,,,,,,,,
pfp_bloom_filter_add_unique_size_u64,0,NVIDIA B200,I64,U64,64,1,2,4,1000000000,4,Yes,,,,,,,,
pfp_bloom_filter_add_unique_size_u64,0,NVIDIA B200,I64,U64,64,1,2,4,1000000000,8,Yes,,,,,,,,
pfp_bloom_filter_add_unique_size_u64,0,NVIDIA B200,I64,U64,64,1,2,4,1000000000,16,Yes,,,,,,,,
pfp_bloom_filter_add_unique_size_u64,0,NVIDIA B200,I64,U64,64,1,2,4,1000000000,32,Yes,,,,,,,,
pfp_bloom_filter_add_unique_size_u64,0,NVIDIA B200,I64,U64,64,1,2,4,1000000000,64,Yes,,,,,,,,
pfp_bloom_filter_add_unique_size_u64,0,NVIDIA B200,I64,U64,64,1,2,4,1000000000,128,Yes,,,,,,,,
pfp_bloom_filter_add_unique_size_u64,0,NVIDIA B200,I64,U64,64,1,2,4,1000000000,256,Yes,,,,,,,,
pfp_bloom_filter_add_unique_size_u64,0,NVIDIA B200,I64,U64,64,1,2,4,1000000000,512,Yes,,,,,,,,
pfp_bloom_filter_add_unique_size_u64,0,NVIDIA B200,I64,U64,64,1,2,4,1000000000,1024,Yes,,,,,,,,
pfp_bloom_filter_add_unique_size_u64,0,NVIDIA B200,I64,U64,64,1,2,4,1000000000,2048,Yes,,,,,,,,
pfp_bloom_filter_add_unique_size_u64,0,NVIDIA B200,I64,U64,64,1,2,8,1000000000,1,Yes,,,,,,,,
pfp_bloom_filter_add_unique_size_u64,0,NVIDIA B200,I64,U64,64,1,2,8,1000000000,2,Yes,,,,,,,,
pfp_bloom_filter_add_unique_size_u64,0,NVIDIA B200,I64,U64,64,1,2,8,1000000000,4,Yes,,,,,,,,
pfp_bloom_filter_add_unique_size_u64,0,NVIDIA B200,I64,U64,64,1,2,8,1000000000,8,Yes,,,,,,,,
pfp_bloom_filter_add_unique_size_u64,0,NVIDIA B200,I64,U64,64,1,2,8,1000000000,16,Yes,,,,,,,,
pfp_bloom_filter_add_unique_size_u64,0,NVIDIA B200,I64,U64,64,1,2,8,1000000000,32,Yes,,,,,,,,
pfp_bloom_filter_add_unique_size_u64,0,NVIDIA B200,I64,U64,64,1,2,8,1000000000,64,Yes,,,,,,,,
pfp_bloom_filter_add_unique_size_u64,0,NVIDIA B200,I64,U64,64,1,2,8,1000000000,128,Yes,,,,,,,,
pfp_bloom_filter_add_unique_size_u64,0,NVIDIA B200,I64,U64,64,1,2,8,1000000000,256,Yes,,,,,,,,
pfp_bloom_filter_add_unique_size_u64,0,NVIDIA B200,I64,U64,64,1,2,8,1000000000,512,Yes,,,,,,,,
pfp_bloom_filter_add_unique_size_u64,0,NVIDIA B200,I64,U64,64,1,2,8,1000000000,1024,Yes,,,,,,,,
pfp_bloom_filter_add_unique_size_u64,0,NVIDIA B200,I64,U64,64,1,2,8,1000000000,2048,Yes,,,,,,,,
pfp_bloom_filter_add_unique_size_u64,0,NVIDIA B200,I64,U64,64,1,4,1,1000000000,1,Yes,,,,,,,,
pfp_bloom_filter_add_unique_size_u64,0,NVIDIA B200,I64,U64,64,1,4,1,1000000000,2,Yes,,,,,,,,
pfp_bloom_filter_add_unique_size_u64,0,NVIDIA B200,I64,U64,64,1,4,1,1000000000,4,Yes,,,,,,,,
pfp_bloom_filter_add_unique_size_u64,0,NVIDIA B200,I64,U64,64,1,4,1,1000000000,8,Yes,,,,,,,,
pfp_bloom_filter_add_unique_size_u64,0,NVIDIA B200,I64,U64,64,1,4,1,1000000000,16,Yes,,,,,,,,
pfp_bloom_filter_add_unique_size_u64,0,NVIDIA B200,I64,U64,64,1,4,1,1000000000,32,Yes,,,,,,,,
pfp_bloom_filter_add_unique_size_u64,0,NVIDIA B200,I64,U64,64,1,4,1,1000000000,64,Yes,,,,,,,,
pfp_bloom_filter_add_unique_size_u64,0,NVIDIA B200,I64,U64,64,1,4,1,1000000000,128,Yes,,,,,,,,
pfp_bloom_filter_add_unique_size_u64,0,NVIDIA B200,I64,U64,64,1,4,1,1000000000,256,Yes,,,,,,,,
pfp_bloom_filter_add_unique_size_u64,0,NVIDIA B200,I64,U64,64,1,4,1,1000000000,512,Yes,,,,,,,,
pfp_bloom_filter_add_unique_size_u64,0,NVIDIA B200,I64,U64,64,1,4,1,1000000000,1024,Yes,,,,,,,,
pfp_bloom_filter_add_unique_size_u64,0,NVIDIA B200,I64,U64,64,1,4,1,1000000000,2048,Yes,,,,,,,,
pfp_bloom_filter_add_unique_size_u64,0,NVIDIA B200,I64,U64,64,1,4,2,1000000000,1,Yes,,,,,,,,
pfp_bloom_filter_add_unique_size_u64,0,NVIDIA B200,I64,U64,64,1,4,2,1000000000,2,Yes,,,,,,,,
pfp_bloom_filter_add_unique_size_u64,0,NVIDIA B200,I64,U64,64,1,4,2,1000000000,4,Yes,,,,,,,,
pfp_bloom_filter_add_unique_size_u64,0,NVIDIA B200,I64,U64,64,1,4,2,1000000000,8,Yes,,,,,,,,
pfp_bloom_filter_add_unique_size_u64,0,NVIDIA B200,I64,U64,64,1,4,2,1000000000,16,Yes,,,,,,,,
pfp_bloom_filter_add_unique_size_u64,0,NVIDIA B200,I64,U64,64,1,4,2,1000000000,32,Yes,,,,,,,,
pfp_bloom_filter_add_unique_size_u64,0,NVIDIA B200,I64,U64,64,1,4,2,1000000000,64,Yes,,,,,,,,
pfp_bloom_filter_add_unique_size_u64,0,NVIDIA B200,I64,U64,64,1,4,2,1000000000,128,Yes,,,,,,,,
pfp_bloom_filter_add_unique_size_u64,0,NVIDIA B200,I64,U64,64,1,4,2,1000000000,256,Yes,,,,,,,,
pfp_bloom_filter_add_unique_size_u64,0,NVIDIA B200,I64,U64,64,1,4,2,1000000000,512,Yes,,,,,,,,
pfp_bloom_filter_add_unique_size_u64,0,NVIDIA B200,I64,U64,64,1,4,2,1000000000,1024,Yes,,,,,,,,
pfp_bloom_filter_add_unique_size_u64,0,NVIDIA B200,I64,U64,64,1,4,2,1000000000,2048,Yes,,,,,,,,
pfp_bloom_filter_add_unique_size_u64,0,NVIDIA B200,I64,U64,64,1,4,4,1000000000,1,Yes,,,,,,,,
pfp_bloom_filter_add_unique_size_u64,0,NVIDIA B200,I64,U64,64,1,4,4,1000000000,2,Yes,,,,,,,,
pfp_bloom_filter_add_unique_size_u64,0,NVIDIA B200,I64,U64,64,1,4,4,1000000000,4,Yes,,,,,,,,
pfp_bloom_filter_add_unique_size_u64,0,NVIDIA B200,I64,U64,64,1,4,4,1000000000,8,Yes,,,,,,,,
pfp_bloom_filter_add_unique_size_u64,0,NVIDIA B200,I64,U64,64,1,4,4,1000000000,16,Yes,,,,,,,,
pfp_bloom_filter_add_unique_size_u64,0,NVIDIA B200,I64,U64,64,1,4,4,1000000000,32,Yes,,,,,,,,
pfp_bloom_filter_add_unique_size_u64,0,NVIDIA B200,I64,U64,64,1,4,4,1000000000,64,Yes,,,,,,,,
pfp_bloom_filter_add_unique_size_u64,0,NVIDIA B200,I64,U64,64,1,4,4,1000000000,128,Yes,,,,,,,,
pfp_bloom_filter_add_unique_size_u64,0,NVIDIA B200,I64,U64,64,1,4,4,1000000000,256,Yes,,,,,,,,
pfp_bloom_filter_add_unique_size_u64,0,NVIDIA B200,I64,U64,64,1,4,4,1000000000,512,Yes,,,,,,,,
pfp_bloom_filter_add_unique_size_u64,0,NVIDIA B200,I64,U64,64,1,4,4,1000000000,1024,Yes,,,,,,,,
pfp_bloom_filter_add_unique_size_u64,0,NVIDIA B200,I64,U64,64,1,4,4,1000000000,2048,Yes,,,,,,,,
pfp_bloom_filter_add_unique_size_u64,0,NVIDIA B200,I64,U64,64,1,4,8,1000000000,1,Yes,,,,,,,,
pfp_bloom_filter_add_unique_size_u64,0,NVIDIA B200,I64,U64,64,1,4,8,1000000000,2,Yes,,,,,,,,
pfp_bloom_filter_add_unique_size_u64,0,NVIDIA B200,I64,U64,64,1,4,8,1000000000,4,Yes,,,,,,,,
pfp_bloom_filter_add_unique_size_u64,0,NVIDIA B200,I64,U64,64,1,4,8,1000000000,8,Yes,,,,,,,,
pfp_bloom_filter_add_unique_size_u64,0,NVIDIA B200,I64,U64,64,1,4,8,1000000000,16,Yes,,,,,,,,
pfp_bloom_filter_add_unique_size_u64,0,NVIDIA B200,I64,U64,64,1,4,8,1000000000,32,Yes,,,,,,,,
pfp_bloom_filter_add_unique_size_u64,0,NVIDIA B200,I64,U64,64,1,4,8,1000000000,64,Yes,,,,,,,,
pfp_bloom_filter_add_unique_size_u64,0,NVIDIA B200,I64,U64,64,1,4,8,1000000000,128,Yes,,,,,,,,
pfp_bloom_filter_add_unique_size_u64,0,NVIDIA B200,I64,U64,64,1,4,8,1000000000,256,Yes,,,,,,,,
pfp_bloom_filter_add_unique_size_u64,0,NVIDIA B200,I64,U64,64,1,4,8,1000000000,512,Yes,,,,,,,,
pfp_bloom_filter_add_unique_size_u64,0,NVIDIA B200,I64,U64,64,1,4,8,1000000000,1024,Yes,,,,,,,,
pfp_bloom_filter_add_unique_size_u64,0,NVIDIA B200,I64,U64,64,1,4,8,1000000000,2048,Yes,,,,,,,,
pfp_bloom_filter_add_unique_size_u64,0,NVIDIA B200,I64,U64,64,1,8,1,1000000000,1,Yes,,,,,,,,
pfp_bloom_filter_add_unique_size_u64,0,NVIDIA B200,I64,U64,64,1,8,1,1000000000,2,Yes,,,,,,,,
pfp_bloom_filter_add_unique_size_u64,0,NVIDIA B200,I64,U64,64,1,8,1,1000000000,4,Yes,,,,,,,,
pfp_bloom_filter_add_unique_size_u64,0,NVIDIA B200,I64,U64,64,1,8,1,1000000000,8,Yes,,,,,,,,
pfp_bloom_filter_add_unique_size_u64,0,NVIDIA B200,I64,U64,64,1,8,1,1000000000,16,Yes,,,,,,,,
pfp_bloom_filter_add_unique_size_u64,0,NVIDIA B200,I64,U64,64,1,8,1,1000000000,32,Yes,,,,,,,,
pfp_bloom_filter_add_unique_size_u64,0,NVIDIA B200,I64,U64,64,1,8,1,1000000000,64,Yes,,,,,,,,
pfp_bloom_filter_add_unique_size_u64,0,NVIDIA B200,I64,U64,64,1,8,1,1000000000,128,Yes,,,,,,,,
pfp_bloom_filter_add_unique_size_u64,0,NVIDIA B200,I64,U64,64,1,8,1,1000000000,256,Yes,,,,,,,,
pfp_bloom_filter_add_unique_size_u64,0,NVIDIA B200,I64,U64,64,1,8,1,1000000000,512,Yes,,,,,,,,
pfp_bloom_filter_add_unique_size_u64,0,NVIDIA B200,I64,U64,64,1,8,1,1000000000,1024,Yes,,,,,,,,
pfp_bloom_filter_add_unique_size_u64,0,NVIDIA B200,I64,U64,64,1,8,1,1000000000,2048,Yes,,,,,,,,
pfp_bloom_filter_add_unique_size_u64,0,NVIDIA B200,I64,U64,64,1,8,2,1000000000,1,Yes,,,,,,,,
pfp_bloom_filter_add_unique_size_u64,0,NVIDIA B200,I64,U64,64,1,8,2,1000000000,2,Yes,,,,,,,,
pfp_bloom_filter_add_unique_size_u64,0,NVIDIA B200,I64,U64,64,1,8,2,1000000000,4,Yes,,,,,,,,
pfp_bloom_filter_add_unique_size_u64,0,NVIDIA B200,I64,U64,64,1,8,2,1000000000,8,Yes,,,,,,,,
pfp_bloom_filter_add_unique_size_u64,0,NVIDIA B200,I64,U64,64,1,8,2,1000000000,16,Yes,,,,,,,,
pfp_bloom_filter_add_unique_size_u64,0,NVIDIA B200,I64,U64,64,1,8,2,1000000000,32,Yes,,,,,,,,
pfp_bloom_filter_add_unique_size_u64,0,NVIDIA B200,I64,U64,64,1,8,2,1000000000,64,Yes,,,,,,,,
pfp_bloom_filter_add_unique_size_u64,0,NVIDIA B200,I64,U64,64,1,8,2,1000000000,128,Yes,,,,,,,,
pfp_bloom_filter_add_unique_size_u64,0,NVIDIA B200,I64,U64,64,1,8,2,1000000000,256,Yes,,,,,,,,
pfp_bloom_filter_add_unique_size_u64,0,NVIDIA B200,I64,U64,64,1,8,2,1000000000,512,Yes,,,,,,,,
pfp_bloom_filter_add_unique_size_u64,0,NVIDIA B200,I64,U64,64,1,8,2,1000000000,1024,Yes,,,,,,,,
pfp_bloom_filter_add_unique_size_u64,0,NVIDIA B200,I64,U64,64,1,8,2,1000000000,2048,Yes,,,,,,,,
pfp_bloom_filter_add_unique_size_u64,0,NVIDIA B200,I64,U64,64,1,8,4,1000000000,1,Yes,,,,,,,,
pfp_bloom_filter_add_unique_size_u64,0,NVIDIA B200,I64,U64,64,1,8,4,1000000000,2,Yes,,,,,,,,
pfp_bloom_filter_add_unique_size_u64,0,NVIDIA B200,I64,U64,64,1,8,4,1000000000,4,Yes,,,,,,,,
pfp_bloom_filter_add_unique_size_u64,0,NVIDIA B200,I64,U64,64,1,8,4,1000000000,8,Yes,,,,,,,,
pfp_bloom_filter_add_unique_size_u64,0,NVIDIA B200,I64,U64,64,1,8,4,1000000000,16,Yes,,,,,,,,
pfp_bloom_filter_add_unique_size_u64,0,NVIDIA B200,I64,U64,64,1,8,4,1000000000,32,Yes,,,,,,,,
pfp_bloom_filter_add_unique_size_u64,0,NVIDIA B200,I64,U64,64,1,8,4,1000000000,64,Yes,,,,,,,,
pfp_bloom_filter_add_unique_size_u64,0,NVIDIA B200,I64,U64,64,1,8,4,1000000000,128,Yes,,,,,,,,
pfp_bloom_filter_add_unique_size_u64,0,NVIDIA B200,I64,U64,64,1,8,4,1000000000,256,Yes,,,,,,,,
pfp_bloom_filter_add_unique_size_u64,0,NVIDIA B200,I64,U64,64,1,8,4,1000000000,512,Yes,,,,,,,,
pfp_bloom_filter_add_unique_size_u64,0,NVIDIA B200,I64,U64,64,1,8,4,1000000000,1024,Yes,,,,,,,,
pfp_bloom_filter_add_unique_size_u64,0,NVIDIA B200,I64,U64,64,1,8,4,1000000000,2048,Yes,,,,,,,,
pfp_bloom_filter_add_unique_size_u64,0,NVIDIA B200,I64,U64,64,1,8,8,1000000000,1,Yes,,,,,,,,
pfp_bloom_filter_add_unique_size_u64,0,NVIDIA B200,I64,U64,64,1,8,8,1000000000,2,Yes,,,,,,,,
pfp_bloom_filter_add_unique_size_u64,0,NVIDIA B200,I64,U64,64,1,8,8,1000000000,4,Yes,,,,,,,,
pfp_bloom_filter_add_unique_size_u64,0,NVIDIA B200,I64,U64,64,1,8,8,1000000000,8,Yes,,,,,,,,
pfp_bloom_filter_add_unique_size_u64,0,NVIDIA B200,I64,U64,64,1,8,8,1000000000,16,Yes,,,,,,,,
pfp_bloom_filter_add_unique_size_u64,0,NVIDIA B200,I64,U64,64,1,8,8,1000000000,32,Yes,,,,,,,,
pfp_bloom_filter_add_unique_size_u64,0,NVIDIA B200,I64,U64,64,1,8,8,1000000000,64,Yes,,,,,,,,
pfp_bloom_filter_add_unique_size_u64,0,NVIDIA B200,I64,U64,64,1,8,8,1000000000,128,Yes,,,,,,,,
pfp_bloom_filter_add_unique_size_u64,0,NVIDIA B200,I64,U64,64,1,8,8,1000000000,256,Yes,,,,,,,,
pfp_bloom_filter_add_unique_size_u64,0,NVIDIA B200,I64,U64,64,1,8,8,1000000000,512,Yes,,,,,,,,
pfp_bloom_filter_add_unique_size_u64,0,NVIDIA B200,I64,U64,64,1,8,8,1000000000,1024,Yes,,,,,,,,
pfp_bloom_filter_add_unique_size_u64,0,NVIDIA B200,I64,U64,64,1,8,8,1000000000,2048,Yes,,,,,,,,
pfp_bloom_filter_add_unique_size_u64,0,NVIDIA B200,I64,U64,64,20,1,1,1000000000,1,No,62,0.008104289435483872,0.00013317806922864652,0.008089847087860109,0.00011926148443736506,123611730745.89172,65,0.008088134765625001
pfp_bloom_filter_add_unique_size_u64,0,NVIDIA B200,I64,U64,64,20,1,1,1000000000,2,No,60,0.008371526983333334,0.0001990936034095596,0.008356978114446006,0.0001628099264965241,119660478501.35973,62,0.00835471663936492
pfp_bloom_filter_add_unique_size_u64,0,NVIDIA B200,I64,U64,64,20,1,1,1000000000,4,No,62,0.008141676193548388,0.0002372537141237746,0.008127125155541206,0.00020388016462651254,123044739789.4671,64,0.008124734878540039
pfp_bloom_filter_add_unique_size_u64,0,NVIDIA B200,I64,U64,64,20,1,1,1000000000,8,No,63,0.008062267317460318,0.00014834808767398284,0.008047645992702909,0.00013033800154570838,124259938981.75145,65,0.008042747145432691
pfp_bloom_filter_add_unique_size_u64,0,NVIDIA B200,I64,U64,64,20,1,1,1000000000,16,No,63,0.008065012492063489,0.00015601920025957606,0.008050636579119965,0.00012502835076539997,124213779888.36163,65,0.008043661733774039
pfp_bloom_filter_add_unique_size_u64,0,NVIDIA B200,I64,U64,64,20,1,1,1000000000,32,No,63,0.008058333984126986,0.00015742505354636197,0.008043736927093027,0.00011699008129611718,124320326368.67897,65,0.00803154578575721
pfp_bloom_filter_add_unique_size_u64,0,NVIDIA B200,I64,U64,64,20,1,1,1000000000,64,No,60,0.00845036665,0.0021145622128067964,0.008435955635706583,0.0021137816527868284,118540215617.93591,62,0.008441344230405746
pfp_bloom_filter_add_unique_size_u64,0,NVIDIA B200,I64,U64,64,20,1,1,1000000000,128,No,22,0.02312181018181818,0.00012299573950369066,0.023106172995133834,0.00011240321760347644,43278478015.83587,23,0.023094137440557067
pfp_bloom_filter_add_unique_size_u64,0,NVIDIA B200,I64,U64,64,20,1,1,1000000000,256,No,16,0.0329847893125,0.0002213845357064323,0.03296838378906251,0.00022013452007538635,30332090477.90074,17,0.032961408502915325
pfp_bloom_filter_add_unique_size_u64,0,NVIDIA B200,I64,U64,64,20,1,1,1000000000,512,No,13,0.04009541776923077,0.00011960484440126408,0.04007873212374174,0.00011403227936441827,24950889087.82178,14,0.040075922557285856
pfp_bloom_filter_add_unique_size_u64,0,NVIDIA B200,I64,U64,64,20,1,1,1000000000,1024,No,12,0.044051957666666676,9.943451471723587e-05,0.04403513876597087,9.939291073180522e-05,22709137021.56361,13,0.04403633704552284
pfp_bloom_filter_add_unique_size_u64,0,NVIDIA B200,I64,U64,64,20,1,1,1000000000,2048,No,11,0.04609059790909091,0.00014504253734798112,0.04607320473410867,0.00014481022697437264,21704589593.25843,12,0.04606558227539063
pfp_bloom_filter_add_unique_size_u64,0,NVIDIA B200,I64,U64,64,20,1,2,1000000000,1,Yes,,,,,,,,
pfp_bloom_filter_add_unique_size_u64,0,NVIDIA B200,I64,U64,64,20,1,2,1000000000,2,Yes,,,,,,,,
pfp_bloom_filter_add_unique_size_u64,0,NVIDIA B200,I64,U64,64,20,1,2,1000000000,4,Yes,,,,,,,,
pfp_bloom_filter_add_unique_size_u64,0,NVIDIA B200,I64,U64,64,20,1,2,1000000000,8,Yes,,,,,,,,
pfp_bloom_filter_add_unique_size_u64,0,NVIDIA B200,I64,U64,64,20,1,2,1000000000,16,Yes,,,,,,,,
pfp_bloom_filter_add_unique_size_u64,0,NVIDIA B200,I64,U64,64,20,1,2,1000000000,32,Yes,,,,,,,,
pfp_bloom_filter_add_unique_size_u64,0,NVIDIA B200,I64,U64,64,20,1,2,1000000000,64,Yes,,,,,,,,
pfp_bloom_filter_add_unique_size_u64,0,NVIDIA B200,I64,U64,64,20,1,2,1000000000,128,Yes,,,,,,,,
pfp_bloom_filter_add_unique_size_u64,0,NVIDIA B200,I64,U64,64,20,1,2,1000000000,256,Yes,,,,,,,,
pfp_bloom_filter_add_unique_size_u64,0,NVIDIA B200,I64,U64,64,20,1,2,1000000000,512,Yes,,,,,,,,
pfp_bloom_filter_add_unique_size_u64,0,NVIDIA B200,I64,U64,64,20,1,2,1000000000,1024,Yes,,,,,,,,
pfp_bloom_filter_add_unique_size_u64,0,NVIDIA B200,I64,U64,64,20,1,2,1000000000,2048,Yes,,,,,,,,
pfp_bloom_filter_add_unique_size_u64,0,NVIDIA B200,I64,U64,64,20,1,4,1000000000,1,Yes,,,,,,,,
pfp_bloom_filter_add_unique_size_u64,0,NVIDIA B200,I64,U64,64,20,1,4,1000000000,2,Yes,,,,,,,,
pfp_bloom_filter_add_unique_size_u64,0,NVIDIA B200,I64,U64,64,20,1,4,1000000000,4,Yes,,,,,,,,
pfp_bloom_filter_add_unique_size_u64,0,NVIDIA B200,I64,U64,64,20,1,4,1000000000,8,Yes,,,,,,,,
pfp_bloom_filter_add_unique_size_u64,0,NVIDIA B200,I64,U64,64,20,1,4,1000000000,16,Yes,,,,,,,,
pfp_bloom_filter_add_unique_size_u64,0,NVIDIA B200,I64,U64,64,20,1,4,1000000000,32,Yes,,,,,,,,
pfp_bloom_filter_add_unique_size_u64,0,NVIDIA B200,I64,U64,64,20,1,4,1000000000,64,Yes,,,,,,,,
pfp_bloom_filter_add_unique_size_u64,0,NVIDIA B200,I64,U64,64,20,1,4,1000000000,128,Yes,,,,,,,,
pfp_bloom_filter_add_unique_size_u64,0,NVIDIA B200,I64,U64,64,20,1,4,1000000000,256,Yes,,,,,,,,
pfp_bloom_filter_add_unique_size_u64,0,NVIDIA B200,I64,U64,64,20,1,4,1000000000,512,Yes,,,,,,,,
pfp_bloom_filter_add_unique_size_u64,0,NVIDIA B200,I64,U64,64,20,1,4,1000000000,1024,Yes,,,,,,,,
pfp_bloom_filter_add_unique_size_u64,0,NVIDIA B200,I64,U64,64,20,1,4,1000000000,2048,Yes,,,,,,,,
pfp_bloom_filter_add_unique_size_u64,0,NVIDIA B200,I64,U64,64,20,1,8,1000000000,1,Yes,,,,,,,,
pfp_bloom_filter_add_unique_size_u64,0,NVIDIA B200,I64,U64,64,20,1,8,1000000000,2,Yes,,,,,,,,
pfp_bloom_filter_add_unique_size_u64,0,NVIDIA B200,I64,U64,64,20,1,8,1000000000,4,Yes,,,,,,,,
pfp_bloom_filter_add_unique_size_u64,0,NVIDIA B200,I64,U64,64,20,1,8,1000000000,8,Yes,,,,,,,,
pfp_bloom_filter_add_unique_size_u64,0,NVIDIA B200,I64,U64,64,20,1,8,1000000000,16,Yes,,,,,,,,
pfp_bloom_filter_add_unique_size_u64,0,NVIDIA B200,I64,U64,64,20,1,8,1000000000,32,Yes,,,,,,,,
pfp_bloom_filter_add_unique_size_u64,0,NVIDIA B200,I64,U64,64,20,1,8,1000000000,64,Yes,,,,,,,,
pfp_bloom_filter_add_unique_size_u64,0,NVIDIA B200,I64,U64,64,20,1,8,1000000000,128,Yes,,,,,,,,
pfp_bloom_filter_add_unique_size_u64,0,NVIDIA B200,I64,U64,64,20,1,8,1000000000,256,Yes,,,,,,,,
pfp_bloom_filter_add_unique_size_u64,0,NVIDIA B200,I64,U64,64,20,1,8,1000000000,512,Yes,,,,,,,,
pfp_bloom_filter_add_unique_size_u64,0,NVIDIA B200,I64,U64,64,20,1,8,1000000000,1024,Yes,,,,,,,,
pfp_bloom_filter_add_unique_size_u64,0,NVIDIA B200,I64,U64,64,20,1,8,1000000000,2048,Yes,,,,,,,,
pfp_bloom_filter_add_unique_size_u64,0,NVIDIA B200,I64,U64,64,20,2,1,1000000000,1,Yes,,,,,,,,
pfp_bloom_filter_add_unique_size_u64,0,NVIDIA B200,I64,U64,64,20,2,1,1000000000,2,Yes,,,,,,,,
pfp_bloom_filter_add_unique_size_u64,0,NVIDIA B200,I64,U64,64,20,2,1,1000000000,4,Yes,,,,,,,,
pfp_bloom_filter_add_unique_size_u64,0,NVIDIA B200,I64,U64,64,20,2,1,1000000000,8,Yes,,,,,,,,
pfp_bloom_filter_add_unique_size_u64,0,NVIDIA B200,I64,U64,64,20,2,1,1000000000,16,Yes,,,,,,,,
pfp_bloom_filter_add_unique_size_u64,0,NVIDIA B200,I64,U64,64,20,2,1,1000000000,32,Yes,,,,,,,,
pfp_bloom_filter_add_unique_size_u64,0,NVIDIA B200,I64,U64,64,20,2,1,1000000000,64,Yes,,,,,,,,
pfp_bloom_filter_add_unique_size_u64,0,NVIDIA B200,I64,U64,64,20,2,1,1000000000,128,Yes,,,,,,,,
pfp_bloom_filter_add_unique_size_u64,0,NVIDIA B200,I64,U64,64,20,2,1,1000000000,256,Yes,,,,,,,,
pfp_bloom_filter_add_unique_size_u64,0,NVIDIA B200,I64,U64,64,20,2,1,1000000000,512,Yes,,,,,,,,
pfp_bloom_filter_add_unique_size_u64,0,NVIDIA B200,I64,U64,64,20,2,1,1000000000,1024,Yes,,,,,,,,
pfp_bloom_filter_add_unique_size_u64,0,NVIDIA B200,I64,U64,64,20,2,1,1000000000,2048,Yes,,,,,,,,
pfp_bloom_filter_add_unique_size_u64,0,NVIDIA B200,I64,U64,64,20,2,2,1000000000,1,Yes,,,,,,,,
pfp_bloom_filter_add_unique_size_u64,0,NVIDIA B200,I64,U64,64,20,2,2,1000000000,2,Yes,,,,,,,,
pfp_bloom_filter_add_unique_size_u64,0,NVIDIA B200,I64,U64,64,20,2,2,1000000000,4,Yes,,,,,,,,
pfp_bloom_filter_add_unique_size_u64,0,NVIDIA B200,I64,U64,64,20,2,2,1000000000,8,Yes,,,,,,,,
pfp_bloom_filter_add_unique_size_u64,0,NVIDIA B200,I64,U64,64,20,2,2,1000000000,16,Yes,,,,,,,,
pfp_bloom_filter_add_unique_size_u64,0,NVIDIA B200,I64,U64,64,20,2,2,1000000000,32,Yes,,,,,,,,
pfp_bloom_filter_add_unique_size_u64,0,NVIDIA B200,I64,U64,64,20,2,2,1000000000,64,Yes,,,,,,,,
pfp_bloom_filter_add_unique_size_u64,0,NVIDIA B200,I64,U64,64,20,2,2,1000000000,128,Yes,,,,,,,,
pfp_bloom_filter_add_unique_size_u64,0,NVIDIA B200,I64,U64,64,20,2,2,1000000000,256,Yes,,,,,,,,
pfp_bloom_filter_add_unique_size_u64,0,NVIDIA B200,I64,U64,64,20,2,2,1000000000,512,Yes,,,,,,,,
pfp_bloom_filter_add_unique_size_u64,0,NVIDIA B200,I64,U64,64,20,2,2,1000000000,1024,Yes,,,,,,,,
pfp_bloom_filter_add_unique_size_u64,0,NVIDIA B200,I64,U64,64,20,2,2,1000000000,2048,Yes,,,,,,,,
pfp_bloom_filter_add_unique_size_u64,0,NVIDIA B200,I64,U64,64,20,2,4,1000000000,1,Yes,,,,,,,,
pfp_bloom_filter_add_unique_size_u64,0,NVIDIA B200,I64,U64,64,20,2,4,1000000000,2,Yes,,,,,,,,
pfp_bloom_filter_add_unique_size_u64,0,NVIDIA B200,I64,U64,64,20,2,4,1000000000,4,Yes,,,,,,,,
pfp_bloom_filter_add_unique_size_u64,0,NVIDIA B200,I64,U64,64,20,2,4,1000000000,8,Yes,,,,,,,,
pfp_bloom_filter_add_unique_size_u64,0,NVIDIA B200,I64,U64,64,20,2,4,1000000000,16,Yes,,,,,,,,
pfp_bloom_filter_add_unique_size_u64,0,NVIDIA B200,I64,U64,64,20,2,4,1000000000,32,Yes,,,,,,,,
pfp_bloom_filter_add_unique_size_u64,0,NVIDIA B200,I64,U64,64,20,2,4,1000000000,64,Yes,,,,,,,,
pfp_bloom_filter_add_unique_size_u64,0,NVIDIA B200,I64,U64,64,20,2,4,1000000000,128,Yes,,,,,,,,
pfp_bloom_filter_add_unique_size_u64,0,NVIDIA B200,I64,U64,64,20,2,4,1000000000,256,Yes,,,,,,,,
pfp_bloom_filter_add_unique_size_u64,0,NVIDIA B200,I64,U64,64,20,2,4,1000000000,512,Yes,,,,,,,,
pfp_bloom_filter_add_unique_size_u64,0,NVIDIA B200,I64,U64,64,20,2,4,1000000000,1024,Yes,,,,,,,,
pfp_bloom_filter_add_unique_size_u64,0,NVIDIA B200,I64,U64,64,20,2,4,1000000000,2048,Yes,,,,,,,,
pfp_bloom_filter_add_unique_size_u64,0,NVIDIA B200,I64,U64,64,20,2,8,1000000000,1,Yes,,,,,,,,
pfp_bloom_filter_add_unique_size_u64,0,NVIDIA B200,I64,U64,64,20,2,8,1000000000,2,Yes,,,,,,,,
pfp_bloom_filter_add_unique_size_u64,0,NVIDIA B200,I64,U64,64,20,2,8,1000000000,4,Yes,,,,,,,,
pfp_bloom_filter_add_unique_size_u64,0,NVIDIA B200,I64,U64,64,20,2,8,1000000000,8,Yes,,,,,,,,
pfp_bloom_filter_add_unique_size_u64,0,NVIDIA B200,I64,U64,64,20,2,8,1000000000,16,Yes,,,,,,,,
pfp_bloom_filter_add_unique_size_u64,0,NVIDIA B200,I64,U64,64,20,2,8,1000000000,32,Yes,,,,,,,,
pfp_bloom_filter_add_unique_size_u64,0,NVIDIA B200,I64,U64,64,20,2,8,1000000000,64,Yes,,,,,,,,
pfp_bloom_filter_add_unique_size_u64,0,NVIDIA B200,I64,U64,64,20,2,8,1000000000,128,Yes,,,,,,,,
pfp_bloom_filter_add_unique_size_u64,0,NVIDIA B200,I64,U64,64,20,2,8,1000000000,256,Yes,,,,,,,,
pfp_bloom_filter_add_unique_size_u64,0,NVIDIA B200,I64,U64,64,20,2,8,1000000000,512,Yes,,,,,,,,
pfp_bloom_filter_add_unique_size_u64,0,NVIDIA B200,I64,U64,64,20,2,8,1000000000,1024,Yes,,,,,,,,
pfp_bloom_filter_add_unique_size_u64,0,NVIDIA B200,I64,U64,64,20,2,8,1000000000,2048,Yes,,,,,,,,
pfp_bloom_filter_add_unique_size_u64,0,NVIDIA B200,I64,U64,64,20,4,1,1000000000,1,Yes,,,,,,,,
pfp_bloom_filter_add_unique_size_u64,0,NVIDIA B200,I64,U64,64,20,4,1,1000000000,2,Yes,,,,,,,,
pfp_bloom_filter_add_unique_size_u64,0,NVIDIA B200,I64,U64,64,20,4,1,1000000000,4,Yes,,,,,,,,
pfp_bloom_filter_add_unique_size_u64,0,NVIDIA B200,I64,U64,64,20,4,1,1000000000,8,Yes,,,,,,,,
pfp_bloom_filter_add_unique_size_u64,0,NVIDIA B200,I64,U64,64,20,4,1,1000000000,16,Yes,,,,,,,,
pfp_bloom_filter_add_unique_size_u64,0,NVIDIA B200,I64,U64,64,20,4,1,1000000000,32,Yes,,,,,,,,
pfp_bloom_filter_add_unique_size_u64,0,NVIDIA B200,I64,U64,64,20,4,1,1000000000,64,Yes,,,,,,,,
pfp_bloom_filter_add_unique_size_u64,0,NVIDIA B200,I64,U64,64,20,4,1,1000000000,128,Yes,,,,,,,,
pfp_bloom_filter_add_unique_size_u64,0,NVIDIA B200,I64,U64,64,20,4,1,1000000000,256,Yes,,,,,,,,
pfp_bloom_filter_add_unique_size_u64,0,NVIDIA B200,I64,U64,64,20,4,1,1000000000,512,Yes,,,,,,,,
pfp_bloom_filter_add_unique_size_u64,0,NVIDIA B200,I64,U64,64,20,4,1,1000000000,1024,Yes,,,,,,,,
pfp_bloom_filter_add_unique_size_u64,0,NVIDIA B200,I64,U64,64,20,4,1,1000000000,2048,Yes,,,,,,,,
pfp_bloom_filter_add_unique_size_u64,0,NVIDIA B200,I64,U64,64,20,4,2,1000000000,1,Yes,,,,,,,,
pfp_bloom_filter_add_unique_size_u64,0,NVIDIA B200,I64,U64,64,20,4,2,1000000000,2,Yes,,,,,,,,
pfp_bloom_filter_add_unique_size_u64,0,NVIDIA B200,I64,U64,64,20,4,2,1000000000,4,Yes,,,,,,,,
pfp_bloom_filter_add_unique_size_u64,0,NVIDIA B200,I64,U64,64,20,4,2,1000000000,8,Yes,,,,,,,,
pfp_bloom_filter_add_unique_size_u64,0,NVIDIA B200,I64,U64,64,20,4,2,1000000000,16,Yes,,,,,,,,
pfp_bloom_filter_add_unique_size_u64,0,NVIDIA B200,I64,U64,64,20,4,2,1000000000,32,Yes,,,,,,,,
pfp_bloom_filter_add_unique_size_u64,0,NVIDIA B200,I64,U64,64,20,4,2,1000000000,64,Yes,,,,,,,,
pfp_bloom_filter_add_unique_size_u64,0,NVIDIA B200,I64,U64,64,20,4,2,1000000000,128,Yes,,,,,,,,
pfp_bloom_filter_add_unique_size_u64,0,NVIDIA B200,I64,U64,64,20,4,2,1000000000,256,Yes,,,,,,,,
pfp_bloom_filter_add_unique_size_u64,0,NVIDIA B200,I64,U64,64,20,4,2,1000000000,512,Yes,,,,,,,,
pfp_bloom_filter_add_unique_size_u64,0,NVIDIA B200,I64,U64,64,20,4,2,1000000000,1024,Yes,,,,,,,,
pfp_bloom_filter_add_unique_size_u64,0,NVIDIA B200,I64,U64,64,20,4,2,1000000000,2048,Yes,,,,,,,,
pfp_bloom_filter_add_unique_size_u64,0,NVIDIA B200,I64,U64,64,20,4,4,1000000000,1,Yes,,,,,,,,
pfp_bloom_filter_add_unique_size_u64,0,NVIDIA B200,I64,U64,64,20,4,4,1000000000,2,Yes,,,,,,,,
pfp_bloom_filter_add_unique_size_u64,0,NVIDIA B200,I64,U64,64,20,4,4,1000000000,4,Yes,,,,,,,,
pfp_bloom_filter_add_unique_size_u64,0,NVIDIA B200,I64,U64,64,20,4,4,1000000000,8,Yes,,,,,,,,
pfp_bloom_filter_add_unique_size_u64,0,NVIDIA B200,I64,U64,64,20,4,4,1000000000,16,Yes,,,,,,,,
pfp_bloom_filter_add_unique_size_u64,0,NVIDIA B200,I64,U64,64,20,4,4,1000000000,32,Yes,,,,,,,,
pfp_bloom_filter_add_unique_size_u64,0,NVIDIA B200,I64,U64,64,20,4,4,1000000000,64,Yes,,,,,,,,
pfp_bloom_filter_add_unique_size_u64,0,NVIDIA B200,I64,U64,64,20,4,4,1000000000,128,Yes,,,,,,,,
pfp_bloom_filter_add_unique_size_u64,0,NVIDIA B200,I64,U64,64,20,4,4,1000000000,256,Yes,,,,,,,,
pfp_bloom_filter_add_unique_size_u64,0,NVIDIA B200,I64,U64,64,20,4,4,1000000000,512,Yes,,,,,,,,
pfp_bloom_filter_add_unique_size_u64,0,NVIDIA B200,I64,U64,64,20,4,4,1000000000,1024,Yes,,,,,,,,
pfp_bloom_filter_add_unique_size_u64,0,NVIDIA B200,I64,U64,64,20,4,4,1000000000,2048,Yes,,,,,,,,
pfp_bloom_filter_add_unique_size_u64,0,NVIDIA B200,I64,U64,64,20,4,8,1000000000,1,Yes,,,,,,,,
pfp_bloom_filter_add_unique_size_u64,0,NVIDIA B200,I64,U64,64,20,4,8,1000000000,2,Yes,,,,,,,,
pfp_bloom_filter_add_unique_size_u64,0,NVIDIA B200,I64,U64,64,20,4,8,1000000000,4,Yes,,,,,,,,
pfp_bloom_filter_add_unique_size_u64,0,NVIDIA B200,I64,U64,64,20,4,8,1000000000,8,Yes,,,,,,,,
pfp_bloom_filter_add_unique_size_u64,0,NVIDIA B200,I64,U64,64,20,4,8,1000000000,16,Yes,,,,,,,,
pfp_bloom_filter_add_unique_size_u64,0,NVIDIA B200,I64,U64,64,20,4,8,1000000000,32,Yes,,,,,,,,
pfp_bloom_filter_add_unique_size_u64,0,NVIDIA B200,I64,U64,64,20,4,8,1000000000,64,Yes,,,,,,,,
pfp_bloom_filter_add_unique_size_u64,0,NVIDIA B200,I64,U64,64,20,4,8,1000000000,128,Yes,,,,,,,,
pfp_bloom_filter_add_unique_size_u64,0,NVIDIA B200,I64,U64,64,20,4,8,1000000000,256,Yes,,,,,,,,
pfp_bloom_filter_add_unique_size_u64,0,NVIDIA B200,I64,U64,64,20,4,8,1000000000,512,Yes,,,,,,,,
pfp_bloom_filter_add_unique_size_u64,0,NVIDIA B200,I64,U64,64,20,4,8,1000000000,1024,Yes,,,,,,,,
pfp_bloom_filter_add_unique_size_u64,0,NVIDIA B200,I64,U64,64,20,4,8,1000000000,2048,Yes,,,,,,,,
pfp_bloom_filter_add_unique_size_u64,0,NVIDIA B200,I64,U64,64,20,8,1,1000000000,1,Yes,,,,,,,,
pfp_bloom_filter_add_unique_size_u64,0,NVIDIA B200,I64,U64,64,20,8,1,1000000000,2,Yes,,,,,,,,
pfp_bloom_filter_add_unique_size_u64,0,NVIDIA B200,I64,U64,64,20,8,1,1000000000,4,Yes,,,,,,,,
pfp_bloom_filter_add_unique_size_u64,0,NVIDIA B200,I64,U64,64,20,8,1,1000000000,8,Yes,,,,,,,,
pfp_bloom_filter_add_unique_size_u64,0,NVIDIA B200,I64,U64,64,20,8,1,1000000000,16,Yes,,,,,,,,
pfp_bloom_filter_add_unique_size_u64,0,NVIDIA B200,I64,U64,64,20,8,1,1000000000,32,Yes,,,,,,,,
pfp_bloom_filter_add_unique_size_u64,0,NVIDIA B200,I64,U64,64,20,8,1,1000000000,64,Yes,,,,,,,,
pfp_bloom_filter_add_unique_size_u64,0,NVIDIA B200,I64,U64,64,20,8,1,1000000000,128,Yes,,,,,,,,
pfp_bloom_filter_add_unique_size_u64,0,NVIDIA B200,I64,U64,64,20,8,1,1000000000,256,Yes,,,,,,,,
pfp_bloom_filter_add_unique_size_u64,0,NVIDIA B200,I64,U64,64,20,8,1,1000000000,512,Yes,,,,,,,,
pfp_bloom_filter_add_unique_size_u64,0,NVIDIA B200,I64,U64,64,20,8,1,1000000000,1024,Yes,,,,,,,,
pfp_bloom_filter_add_unique_size_u64,0,NVIDIA B200,I64,U64,64,20,8,1,1000000000,2048,Yes,,,,,,,,
pfp_bloom_filter_add_unique_size_u64,0,NVIDIA B200,I64,U64,64,20,8,2,1000000000,1,Yes,,,,,,,,
pfp_bloom_filter_add_unique_size_u64,0,NVIDIA B200,I64,U64,64,20,8,2,1000000000,2,Yes,,,,,,,,
pfp_bloom_filter_add_unique_size_u64,0,NVIDIA B200,I64,U64,64,20,8,2,1000000000,4,Yes,,,,,,,,
pfp_bloom_filter_add_unique_size_u64,0,NVIDIA B200,I64,U64,64,20,8,2,1000000000,8,Yes,,,,,,,,
pfp_bloom_filter_add_unique_size_u64,0,NVIDIA B200,I64,U64,64,20,8,2,1000000000,16,Yes,,,,,,,,
pfp_bloom_filter_add_unique_size_u64,0,NVIDIA B200,I64,U64,64,20,8,2,1000000000,32,Yes,,,,,,,,
pfp_bloom_filter_add_unique_size_u64,0,NVIDIA B200,I64,U64,64,20,8,2,1000000000,64,Yes,,,,,,,,
pfp_bloom_filter_add_unique_size_u64,0,NVIDIA B200,I64,U64,64,20,8,2,1000000000,128,Yes,,,,,,,,
pfp_bloom_filter_add_unique_size_u64,0,NVIDIA B200,I64,U64,64,20,8,2,1000000000,256,Yes,,,,,,,,
pfp_bloom_filter_add_unique_size_u64,0,NVIDIA B200,I64,U64,64,20,8,2,1000000000,512,Yes,,,,,,,,
pfp_bloom_filter_add_unique_size_u64,0,NVIDIA B200,I64,U64,64,20,8,2,1000000000,1024,Yes,,,,,,,,
pfp_bloom_filter_add_unique_size_u64,0,NVIDIA B200,I64,U64,64,20,8,2,1000000000,2048,Yes,,,,,,,,
pfp_bloom_filter_add_unique_size_u64,0,NVIDIA B200,I64,U64,64,20,8,4,1000000000,1,Yes,,,,,,,,
pfp_bloom_filter_add_unique_size_u64,0,NVIDIA B200,I64,U64,64,20,8,4,1000000000,2,Yes,,,,,,,,
pfp_bloom_filter_add_unique_size_u64,0,NVIDIA B200,I64,U64,64,20,8,4,1000000000,4,Yes,,,,,,,,
pfp_bloom_filter_add_unique_size_u64,0,NVIDIA B200,I64,U64,64,20,8,4,1000000000,8,Yes,,,,,,,,
pfp_bloom_filter_add_unique_size_u64,0,NVIDIA B200,I64,U64,64,20,8,4,1000000000,16,Yes,,,,,,,,
pfp_bloom_filter_add_unique_size_u64,0,NVIDIA B200,I64,U64,64,20,8,4,1000000000,32,Yes,,,,,,,,
pfp_bloom_filter_add_unique_size_u64,0,NVIDIA B200,I64,U64,64,20,8,4,1000000000,64,Yes,,,,,,,,
pfp_bloom_filter_add_unique_size_u64,0,NVIDIA B200,I64,U64,64,20,8,4,1000000000,128,Yes,,,,,,,,
pfp_bloom_filter_add_unique_size_u64,0,NVIDIA B200,I64,U64,64,20,8,4,1000000000,256,Yes,,,,,,,,
pfp_bloom_filter_add_unique_size_u64,0,NVIDIA B200,I64,U64,64,20,8,4,1000000000,512,Yes,,,,,,,,
pfp_bloom_filter_add_unique_size_u64,0,NVIDIA B200,I64,U64,64,20,8,4,1000000000,1024,Yes,,,,,,,,
pfp_bloom_filter_add_unique_size_u64,0,NVIDIA B200,I64,U64,64,20,8,4,1000000000,2048,Yes,,,,,,,,
pfp_bloom_filter_add_unique_size_u64,0,NVIDIA B200,I64,U64,64,20,8,8,1000000000,1,Yes,,,,,,,,
pfp_bloom_filter_add_unique_size_u64,0,NVIDIA B200,I64,U64,64,20,8,8,1000000000,2,Yes,,,,,,,,
pfp_bloom_filter_add_unique_size_u64,0,NVIDIA B200,I64,U64,64,20,8,8,1000000000,4,Yes,,,,,,,,
pfp_bloom_filter_add_unique_size_u64,0,NVIDIA B200,I64,U64,64,20,8,8,1000000000,8,Yes,,,,,,,,
pfp_bloom_filter_add_unique_size_u64,0,NVIDIA B200,I64,U64,64,20,8,8,1000000000,16,Yes,,,,,,,,
pfp_bloom_filter_add_unique_size_u64,0,NVIDIA B200,I64,U64,64,20,8,8,1000000000,32,Yes,,,,,,,,
pfp_bloom_filter_add_unique_size_u64,0,NVIDIA B200,I64,U64,64,20,8,8,1000000000,64,Yes,,,,,,,,
pfp_bloom_filter_add_unique_size_u64,0,NVIDIA B200,I64,U64,64,20,8,8,1000000000,128,Yes,,,,,,,,
pfp_bloom_filter_add_unique_size_u64,0,NVIDIA B200,I64,U64,64,20,8,8,1000000000,256,Yes,,,,,,,,
pfp_bloom_filter_add_unique_size_u64,0,NVIDIA B200,I64,U64,64,20,8,8,1000000000,512,Yes,,,,,,,,
pfp_bloom_filter_add_unique_size_u64,0,NVIDIA B200,I64,U64,64,20,8,8,1000000000,1024,Yes,,,,,,,,
pfp_bloom_filter_add_unique_size_u64,0,NVIDIA B200,I64,U64,64,20,8,8,1000000000,2048,Yes,,,,,,,,
pfp_bloom_filter_add_unique_size_u64,0,NVIDIA B200,I64,U64,128,1,1,1,1000000000,1,No,33,0.015295796727272727,0.00011924137673506175,0.01528071654926647,9.776107759933736e-05,65441957304.54823,34,0.015279043758616728
pfp_bloom_filter_add_unique_size_u64,0,NVIDIA B200,I64,U64,128,1,1,1,1000000000,2,No,32,0.01588686984375,0.0001499377323063912,0.015871507018804548,0.00012411264046012095,63005989211.68613,33,0.015869858250473486
pfp_bloom_filter_add_unique_size_u64,0,NVIDIA B200,I64,U64,128,1,1,1,1000000000,4,No,33,0.015420076696969697,0.0001668621224197907,0.015404892112269543,0.00016894796217905713,64914443587.92552,34,0.01540276740579044
pfp_bloom_filter_add_unique_size_u64,0,NVIDIA B200,I64,U64,128,1,1,1,1000000000,8,No,33,0.015200250030303036,0.00014982329732818707,0.015184926177516125,0.00011247968906269539,65854781795.42754,34,0.015181010526769304
pfp_bloom_filter_add_unique_size_u64,0,NVIDIA B200,I64,U64,128,1,1,1,1000000000,16,No,33,0.015197800121212123,0.00015371605644948398,0.015182761770306207,0.0001392677036534922,65864169847.92299,34,0.015177790024701288
pfp_bloom_filter_add_unique_size_u64,0,NVIDIA B200,I64,U64,128,1,1,1,1000000000,32,No,34,0.015143968558823532,0.0001274130920655954,0.015128264399135812,0.00010363609449500914,66101435935.84496,35,0.015117590985979354
pfp_bloom_filter_add_unique_size_u64,0,NVIDIA B200,I64,U64,128,1,1,1,1000000000,64,No,33,0.015167289636363638,0.00010563749036492939,0.015151706290967532,9.826148198428324e-05,65999167407.04876,34,0.015123515409581803
pfp_bloom_filter_add_unique_size_u64,0,NVIDIA B200,I64,U64,128,1,1,1,1000000000,128,No,18,0.028527495888888896,0.00011223498350820261,0.028511256853739415,0.0001091183433765781,35073865916.5369,19,0.028491559379979183
pfp_bloom_filter_add_unique_size_u64,0,NVIDIA B200,I64,U64,128,1,1,1,1000000000,256,No,13,0.03912660492307692,0.000268632934969318,0.0391097899216872,0.0002701734987936954,25569045551.059814,14,0.03909851046970913
pfp_bloom_filter_add_unique_size_u64,0,NVIDIA B200,I64,U64,128,1,1,1,1000000000,512,No,12,0.04504316533333333,0.00011127906305086308,0.04502621905008952,0.00010643281248200394,22209282082.680485,13,0.04502992747380184
pfp_bloom_filter_add_unique_size_u64,0,NVIDIA B200,I64,U64,128,1,1,1,1000000000,1024,No,11,0.04796143818181819,0.00022037496658145804,0.04794498339566317,0.00021635461417728592,20857239468.57085,12,0.04794436359405518
pfp_bloom_filter_add_unique_size_u64,0,NVIDIA B200,I64,U64,128,1,1,1,1000000000,2048,No,11,0.04945678609090909,0.00019500075425940975,0.04943937197598544,0.00019547011644560362,20226794152.760223,12,0.04942916138966879
pfp_bloom_filter_add_unique_size_u64,0,NVIDIA B200,I64,U64,128,1,1,2,1000000000,1,No,33,0.015296234212121215,0.0001254348157796252,0.01528065444483902,0.0001149895771205778,65442223277.14152,34,0.015279465619255514
pfp_bloom_filter_add_unique_size_u64,0,NVIDIA B200,I64,U64,128,1,1,2,1000000000,2,No,32,0.0158874654375,0.00013725427126331605,0.01587209701538086,0.00011969481285202507,63003647157.0801,33,0.015869982170336173
pfp_bloom_filter_add_unique_size_u64,0,NVIDIA B200,I64,U64,128,1,1,2,1000000000,4,No,33,0.015419940000000004,0.00019492571544621755,0.015404673980944082,0.00018473542656229284,64915362781.25858,34,0.015401984719669118
pfp_bloom_filter_add_unique_size_u64,0,NVIDIA B200,I64,U64,128,1,1,2,1000000000,8,No,33,0.01520043621212121,0.00012687442573211248,0.015184953284986086,0.00012162010063826427,65854664234.54436,34,0.015181252872242649
pfp_bloom_filter_add_unique_size_u64,0,NVIDIA B200,I64,U64,128,1,1,2,1000000000,16,No,33,0.015198701363636364,0.00012271237088236657,0.015183613199176207,0.0001124486026841371,65860476480.93771,34,0.015176885268267463
pfp_bloom_filter_add_unique_size_u64,0,NVIDIA B200,I64,U64,128,1,1,2,1000000000,32,No,34,0.015144120088235295,0.00010990094427255136,0.015128728417789228,9.315943128559451e-05,66099408515.00398,35,0.015117311777387349
pfp_bloom_filter_add_unique_size_u64,0,NVIDIA B200,I64,U64,128,1,1,2,1000000000,64,No,33,0.015167448696969699,0.0001183461367003192,0.01515236265009099,9.421123278618616e-05,65996308502.6872,34,0.015123757755055148
pfp_bloom_filter_add_unique_size_u64,0,NVIDIA B200,I64,U64,128,1,1,2,1000000000,128,No,18,0.028525248055555556,0.00011273392865346334,0.028508848190307617,0.00011231054239619325,35076829246.99771,19,0.02849161007529811
pfp_bloom_filter_add_unique_size_u64,0,NVIDIA B200,I64,U64,128,1,1,2,1000000000,256,No,13,0.03912303107692308,0.00019882899825096837,0.03910609524066632,0.00019046445790843605,25571461273.38489,14,0.039099903379167834
pfp_bloom_filter_add_unique_size_u64,0,NVIDIA B200,I64,U64,128,1,1,2,1000000000,512,No,12,0.04505203358333334,0.00015109984088315683,0.04503492514292399,0.00013342782644619716,22204988613.312325,13,0.04502819530780499
pfp_bloom_filter_add_unique_size_u64,0,NVIDIA B200,I64,U64,128,1,1,2,1000000000,1024,No,11,0.04796448536363637,0.00017486219219228853,0.04794712170687589,0.0001799630229854324,20856309292.42191,12,0.04794032986958822
pfp_bloom_filter_add_unique_size_u64,0,NVIDIA B200,I64,U64,128,1,1,2,1000000000,2048,No,11,0.04945512154545455,0.0001397612395706778,0.04943778610229493,0.0001470955345267972,20227442991.29486,12,0.04943795426686604
pfp_bloom_filter_add_unique_size_u64,0,NVIDIA B200,I64,U64,128,1,1,4,1000000000,1,Yes,,,,,,,,
pfp_bloom_filter_add_unique_size_u64,0,NVIDIA B200,I64,U64,128,1,1,4,1000000000,2,Yes,,,,,,,,
pfp_bloom_filter_add_unique_size_u64,0,NVIDIA B200,I64,U64,128,1,1,4,1000000000,4,Yes,,,,,,,,
pfp_bloom_filter_add_unique_size_u64,0,NVIDIA B200,I64,U64,128,1,1,4,1000000000,8,Yes,,,,,,,,
pfp_bloom_filter_add_unique_size_u64,0,NVIDIA B200,I64,U64,128,1,1,4,1000000000,16,Yes,,,,,,,,
pfp_bloom_filter_add_unique_size_u64,0,NVIDIA B200,I64,U64,128,1,1,4,1000000000,32,Yes,,,,,,,,
pfp_bloom_filter_add_unique_size_u64,0,NVIDIA B200,I64,U64,128,1,1,4,1000000000,64,Yes,,,,,,,,
pfp_bloom_filter_add_unique_size_u64,0,NVIDIA B200,I64,U64,128,1,1,4,1000000000,128,Yes,,,,,,,,
pfp_bloom_filter_add_unique_size_u64,0,NVIDIA B200,I64,U64,128,1,1,4,1000000000,256,Yes,,,,,,,,
pfp_bloom_filter_add_unique_size_u64,0,NVIDIA B200,I64,U64,128,1,1,4,1000000000,512,Yes,,,,,,,,
pfp_bloom_filter_add_unique_size_u64,0,NVIDIA B200,I64,U64,128,1,1,4,1000000000,1024,Yes,,,,,,,,
pfp_bloom_filter_add_unique_size_u64,0,NVIDIA B200,I64,U64,128,1,1,4,1000000000,2048,Yes,,,,,,,,
pfp_bloom_filter_add_unique_size_u64,0,NVIDIA B200,I64,U64,128,1,1,8,1000000000,1,Yes,,,,,,,,
pfp_bloom_filter_add_unique_size_u64,0,NVIDIA B200,I64,U64,128,1,1,8,1000000000,2,Yes,,,,,,,,
pfp_bloom_filter_add_unique_size_u64,0,NVIDIA B200,I64,U64,128,1,1,8,1000000000,4,Yes,,,,,,,,
pfp_bloom_filter_add_unique_size_u64,0,NVIDIA B200,I64,U64,128,1,1,8,1000000000,8,Yes,,,,,,,,
pfp_bloom_filter_add_unique_size_u64,0,NVIDIA B200,I64,U64,128,1,1,8,1000000000,16,Yes,,,,,,,,
pfp_bloom_filter_add_unique_size_u64,0,NVIDIA B200,I64,U64,128,1,1,8,1000000000,32,Yes,,,,,,,,
pfp_bloom_filter_add_unique_size_u64,0,NVIDIA B200,I64,U64,128,1,1,8,1000000000,64,Yes,,,,,,,,
pfp_bloom_filter_add_unique_size_u64,0,NVIDIA B200,I64,U64,128,1,1,8,1000000000,128,Yes,,,,,,,,
pfp_bloom_filter_add_unique_size_u64,0,NVIDIA B200,I64,U64,128,1,1,8,1000000000,256,Yes,,,,,,,,
pfp_bloom_filter_add_unique_size_u64,0,NVIDIA B200,I64,U64,128,1,1,8,1000000000,512,Yes,,,,,,,,
pfp_bloom_filter_add_unique_size_u64,0,NVIDIA B200,I64,U64,128,1,1,8,1000000000,1024,Yes,,,,,,,,
pfp_bloom_filter_add_unique_size_u64,0,NVIDIA B200,I64,U64,128,1,1,8,1000000000,2048,Yes,,,,,,,,
pfp_bloom_filter_add_unique_size_u64,0,NVIDIA B200,I64,U64,128,1,2,1,1000000000,1,No,42,0.012028702666666669,0.00012027655058048767,0.012014070919581824,6.757290181408461e-05,83235733057.81744,43,0.012012187159338663
pfp_bloom_filter_add_unique_size_u64,0,NVIDIA B200,I64,U64,128,1,2,1,1000000000,2,No,42,0.012028895333333331,9.387002158135528e-05,0.01201399778184437,6.50897719275204e-05,83236239772.84283,43,0.012012639955032704
pfp_bloom_filter_add_unique_size_u64,0,NVIDIA B200,I64,U64,128,1,2,1,1000000000,4,No,42,0.012029517642857143,0.00015207860898953186,0.012014590649377734,7.029807172706916e-05,83232132428.23154,43,0.012013115461482558
pfp_bloom_filter_add_unique_size_u64,0,NVIDIA B200,I64,U64,128,1,2,1,1000000000,8,No,42,0.012030829309523811,9.78942472607495e-05,0.012015826361519946,6.526039454879507e-05,83223572804.15166,43,0.012012591694676599
pfp_bloom_filter_add_unique_size_u64,0,NVIDIA B200,I64,U64,128,1,2,1,1000000000,16,No,42,0.01203121285714286,6.936928496425908e-05,0.012016572134835377,6.314354356452422e-05,83218407777.12767,43,0.012012925258902617
pfp_bloom_filter_add_unique_size_u64,0,NVIDIA B200,I64,U64,128,1,2,1,1000000000,32,No,42,0.012033927119047615,0.00010238194138038571,0.01201902952648344,5.081905639445792e-05,83201393073.92006,43,0.01201261582485465
pfp_bloom_filter_add_unique_size_u64,0,NVIDIA B200,I64,U64,128,1,2,1,1000000000,64,No,41,0.012227813439024389,8.997548621847483e-05,0.012212902999505764,7.983802818992005e-05,81880614301.15906,43,0.012205293877180232
pfp_bloom_filter_add_unique_size_u64,0,NVIDIA B200,I64,U64,128,1,2,1,1000000000,128,No,22,0.02313447872727273,0.00012126820335642882,0.02311821954900568,0.00012289165382010786,43255926256.78694,23,0.02310411138119905
pfp_bloom_filter_add_unique_size_u64,0,NVIDIA B200,I64,U64,128,1,2,1,1000000000,256,No,16,0.032992333624999995,0.00013395977151319725,0.03297535967826844,0.00014562878950221414,30325673768.43578,17,0.03296906482472139
pfp_bloom_filter_add_unique_size_u64,0,NVIDIA B200,I64,U64,128,1,2,1,1000000000,512,No,13,0.040110979923076925,0.00014582760792913188,0.04009409478994516,0.00014249060382431398,24941328772.70448,14,0.04009054892403739
pfp_bloom_filter_add_unique_size_u64,0,NVIDIA B200,I64,U64,128,1,2,1,1000000000,1024,No,12,0.04407714991666667,0.00010697305594109362,0.04406024297078451,0.00010729295937442299,22696198036.47203,13,0.044058295029860264
pfp_bloom_filter_add_unique_size_u64,0,NVIDIA B200,I64,U64,128,1,2,1,1000000000,2048,No,11,0.04611252318181818,0.0001351787419424867,0.046095075087113815,0.0001374446876014534,21694291594.278294,12,0.04609493637084961
pfp_bloom_filter_add_unique_size_u64,0,NVIDIA B200,I64,U64,128,1,2,2,1000000000,1,Yes,,,,,,,,
pfp_bloom_filter_add_unique_size_u64,0,NVIDIA B200,I64,U64,128,1,2,2,1000000000,2,Yes,,,,,,,,
pfp_bloom_filter_add_unique_size_u64,0,NVIDIA B200,I64,U64,128,1,2,2,1000000000,4,Yes,,,,,,,,
pfp_bloom_filter_add_unique_size_u64,0,NVIDIA B200,I64,U64,128,1,2,2,1000000000,8,Yes,,,,,,,,
pfp_bloom_filter_add_unique_size_u64,0,NVIDIA B200,I64,U64,128,1,2,2,1000000000,16,Yes,,,,,,,,
pfp_bloom_filter_add_unique_size_u64,0,NVIDIA B200,I64,U64,128,1,2,2,1000000000,32,Yes,,,,,,,,
pfp_bloom_filter_add_unique_size_u64,0,NVIDIA B200,I64,U64,128,1,2,2,1000000000,64,Yes,,,,,,,,
pfp_bloom_filter_add_unique_size_u64,0,NVIDIA B200,I64,U64,128,1,2,2,1000000000,128,Yes,,,,,,,,
pfp_bloom_filter_add_unique_size_u64,0,NVIDIA B200,I64,U64,128,1,2,2,1000000000,256,Yes,,,,,,,,
pfp_bloom_filter_add_unique_size_u64,0,NVIDIA B200,I64,U64,128,1,2,2,1000000000,512,Yes,,,,,,,,
pfp_bloom_filter_add_unique_size_u64,0,NVIDIA B200,I64,U64,128,1,2,2,1000000000,1024,Yes,,,,,,,,
pfp_bloom_filter_add_unique_size_u64,0,NVIDIA B200,I64,U64,128,1,2,2,1000000000,2048,Yes,,,,,,,,
pfp_bloom_filter_add_unique_size_u64,0,NVIDIA B200,I64,U64,128,1,2,4,1000000000,1,Yes,,,,,,,,
pfp_bloom_filter_add_unique_size_u64,0,NVIDIA B200,I64,U64,128,1,2,4,1000000000,2,Yes,,,,,,,,
pfp_bloom_filter_add_unique_size_u64,0,NVIDIA B200,I64,U64,128,1,2,4,1000000000,4,Yes,,,,,,,,
pfp_bloom_filter_add_unique_size_u64,0,NVIDIA B200,I64,U64,128,1,2,4,1000000000,8,Yes,,,,,,,,
pfp_bloom_filter_add_unique_size_u64,0,NVIDIA B200,I64,U64,128,1,2,4,1000000000,16,Yes,,,,,,,,
pfp_bloom_filter_add_unique_size_u64,0,NVIDIA B200,I64,U64,128,1,2,4,1000000000,32,Yes,,,,,,,,
pfp_bloom_filter_add_unique_size_u64,0,NVIDIA B200,I64,U64,128,1,2,4,1000000000,64,Yes,,,,,,,,
pfp_bloom_filter_add_unique_size_u64,0,NVIDIA B200,I64,U64,128,1,2,4,1000000000,128,Yes,,,,,,,,
pfp_bloom_filter_add_unique_size_u64,0,NVIDIA B200,I64,U64,128,1,2,4,1000000000,256,Yes,,,,,,,,
pfp_bloom_filter_add_unique_size_u64,0,NVIDIA B200,I64,U64,128,1,2,4,1000000000,512,Yes,,,,,,,,
pfp_bloom_filter_add_unique_size_u64,0,NVIDIA B200,I64,U64,128,1,2,4,1000000000,1024,Yes,,,,,,,,
pfp_bloom_filter_add_unique_size_u64,0,NVIDIA B200,I64,U64,128,1,2,4,1000000000,2048,Yes,,,,,,,,
pfp_bloom_filter_add_unique_size_u64,0,NVIDIA B200,I64,U64,128,1,2,8,1000000000,1,Yes,,,,,,,,
pfp_bloom_filter_add_unique_size_u64,0,NVIDIA B200,I64,U64,128,1,2,8,1000000000,2,Yes,,,,,,,,
pfp_bloom_filter_add_unique_size_u64,0,NVIDIA B200,I64,U64,128,1,2,8,1000000000,4,Yes,,,,,,,,
pfp_bloom_filter_add_unique_size_u64,0,NVIDIA B200,I64,U64,128,1,2,8,1000000000,8,Yes,,,,,,,,
pfp_bloom_filter_add_unique_size_u64,0,NVIDIA B200,I64,U64,128,1,2,8,1000000000,16,Yes,,,,,,,,
pfp_bloom_filter_add_unique_size_u64,0,NVIDIA B200,I64,U64,128,1,2,8,1000000000,32,Yes,,,,,,,,
pfp_bloom_filter_add_unique_size_u64,0,NVIDIA B200,I64,U64,128,1,2,8,1000000000,64,Yes,,,,,,,,
pfp_bloom_filter_add_unique_size_u64,0,NVIDIA B200,I64,U64,128,1,2,8,1000000000,128,Yes,,,,,,,,
pfp_bloom_filter_add_unique_size_u64,0,NVIDIA B200,I64,U64,128,1,2,8,1000000000,256,Yes,,,,,,,,
pfp_bloom_filter_add_unique_size_u64,0,NVIDIA B200,I64,U64,128,1,2,8,1000000000,512,Yes,,,,,,,,
pfp_bloom_filter_add_unique_size_u64,0,NVIDIA B200,I64,U64,128,1,2,8,1000000000,1024,Yes,,,,,,,,
pfp_bloom_filter_add_unique_size_u64,0,NVIDIA B200,I64,U64,128,1,2,8,1000000000,2048,Yes,,,,,,,,
pfp_bloom_filter_add_unique_size_u64,0,NVIDIA B200,I64,U64,128,1,4,1,1000000000,1,Yes,,,,,,,,
pfp_bloom_filter_add_unique_size_u64,0,NVIDIA B200,I64,U64,128,1,4,1,1000000000,2,Yes,,,,,,,,
pfp_bloom_filter_add_unique_size_u64,0,NVIDIA B200,I64,U64,128,1,4,1,1000000000,4,Yes,,,,,,,,
pfp_bloom_filter_add_unique_size_u64,0,NVIDIA B200,I64,U64,128,1,4,1,1000000000,8,Yes,,,,,,,,
pfp_bloom_filter_add_unique_size_u64,0,NVIDIA B200,I64,U64,128,1,4,1,1000000000,16,Yes,,,,,,,,
pfp_bloom_filter_add_unique_size_u64,0,NVIDIA B200,I64,U64,128,1,4,1,1000000000,32,Yes,,,,,,,,
pfp_bloom_filter_add_unique_size_u64,0,NVIDIA B200,I64,U64,128,1,4,1,1000000000,64,Yes,,,,,,,,
pfp_bloom_filter_add_unique_size_u64,0,NVIDIA B200,I64,U64,128,1,4,1,1000000000,128,Yes,,,,,,,,
pfp_bloom_filter_add_unique_size_u64,0,NVIDIA B200,I64,U64,128,1,4,1,1000000000,256,Yes,,,,,,,,
pfp_bloom_filter_add_unique_size_u64,0,NVIDIA B200,I64,U64,128,1,4,1,1000000000,512,Yes,,,,,,,,
pfp_bloom_filter_add_unique_size_u64,0,NVIDIA B200,I64,U64,128,1,4,1,1000000000,1024,Yes,,,,,,,,
pfp_bloom_filter_add_unique_size_u64,0,NVIDIA B200,I64,U64,128,1,4,1,1000000000,2048,Yes,,,,,,,,
pfp_bloom_filter_add_unique_size_u64,0,NVIDIA B200,I64,U64,128,1,4,2,1000000000,1,Yes,,,,,,,,
pfp_bloom_filter_add_unique_size_u64,0,NVIDIA B200,I64,U64,128,1,4,2,1000000000,2,Yes,,,,,,,,
pfp_bloom_filter_add_unique_size_u64,0,NVIDIA B200,I64,U64,128,1,4,2,1000000000,4,Yes,,,,,,,,
pfp_bloom_filter_add_unique_size_u64,0,NVIDIA B200,I64,U64,128,1,4,2,1000000000,8,Yes,,,,,,,,
pfp_bloom_filter_add_unique_size_u64,0,NVIDIA B200,I64,U64,128,1,4,2,1000000000,16,Yes,,,,,,,,
pfp_bloom_filter_add_unique_size_u64,0,NVIDIA B200,I64,U64,128,1,4,2,1000000000,32,Yes,,,,,,,,
pfp_bloom_filter_add_unique_size_u64,0,NVIDIA B200,I64,U64,128,1,4,2,1000000000,64,Yes,,,,,,,,
pfp_bloom_filter_add_unique_size_u64,0,NVIDIA B200,I64,U64,128,1,4,2,1000000000,128,Yes,,,,,,,,
pfp_bloom_filter_add_unique_size_u64,0,NVIDIA B200,I64,U64,128,1,4,2,1000000000,256,Yes,,,,,,,,
pfp_bloom_filter_add_unique_size_u64,0,NVIDIA B200,I64,U64,128,1,4,2,1000000000,512,Yes,,,,,,,,
pfp_bloom_filter_add_unique_size_u64,0,NVIDIA B200,I64,U64,128,1,4,2,1000000000,1024,Yes,,,,,,,,
pfp_bloom_filter_add_unique_size_u64,0,NVIDIA B200,I64,U64,128,1,4,2,1000000000,2048,Yes,,,,,,,,
pfp_bloom_filter_add_unique_size_u64,0,NVIDIA B200,I64,U64,128,1,4,4,1000000000,1,Yes,,,,,,,,
pfp_bloom_filter_add_unique_size_u64,0,NVIDIA B200,I64,U64,128,1,4,4,1000000000,2,Yes,,,,,,,,
pfp_bloom_filter_add_unique_size_u64,0,NVIDIA B200,I64,U64,128,1,4,4,1000000000,4,Yes,,,,,,,,
pfp_bloom_filter_add_unique_size_u64,0,NVIDIA B200,I64,U64,128,1,4,4,1000000000,8,Yes,,,,,,,,
pfp_bloom_filter_add_unique_size_u64,0,NVIDIA B200,I64,U64,128,1,4,4,1000000000,16,Yes,,,,,,,,
pfp_bloom_filter_add_unique_size_u64,0,NVIDIA B200,I64,U64,128,1,4,4,1000000000,32,Yes,,,,,,,,
pfp_bloom_filter_add_unique_size_u64,0,NVIDIA B200,I64,U64,128,1,4,4,1000000000,64,Yes,,,,,,,,
pfp_bloom_filter_add_unique_size_u64,0,NVIDIA B200,I64,U64,128,1,4,4,1000000000,128,Yes,,,,,,,,
pfp_bloom_filter_add_unique_size_u64,0,NVIDIA B200,I64,U64,128,1,4,4,1000000000,256,Yes,,,,,,,,
pfp_bloom_filter_add_unique_size_u64,0,NVIDIA B200,I64,U64,128,1,4,4,1000000000,512,Yes,,,,,,,,
pfp_bloom_filter_add_unique_size_u64,0,NVIDIA B200,I64,U64,128,1,4,4,1000000000,1024,Yes,,,,,,,,
pfp_bloom_filter_add_unique_size_u64,0,NVIDIA B200,I64,U64,128,1,4,4,1000000000,2048,Yes,,,,,,,,
pfp_bloom_filter_add_unique_size_u64,0,NVIDIA B200,I64,U64,128,1,4,8,1000000000,1,Yes,,,,,,,,
pfp_bloom_filter_add_unique_size_u64,0,NVIDIA B200,I64,U64,128,1,4,8,1000000000,2,Yes,,,,,,,,
pfp_bloom_filter_add_unique_size_u64,0,NVIDIA B200,I64,U64,128,1,4,8,1000000000,4,Yes,,,,,,,,
pfp_bloom_filter_add_unique_size_u64,0,NVIDIA B200,I64,U64,128,1,4,8,1000000000,8,Yes,,,,,,,,
pfp_bloom_filter_add_unique_size_u64,0,NVIDIA B200,I64,U64,128,1,4,8,1000000000,16,Yes,,,,,,,,
pfp_bloom_filter_add_unique_size_u64,0,NVIDIA B200,I64,U64,128,1,4,8,1000000000,32,Yes,,,,,,,,
pfp_bloom_filter_add_unique_size_u64,0,NVIDIA B200,I64,U64,128,1,4,8,1000000000,64,Yes,,,,,,,,
pfp_bloom_filter_add_unique_size_u64,0,NVIDIA B200,I64,U64,128,1,4,8,1000000000,128,Yes,,,,,,,,
pfp_bloom_filter_add_unique_size_u64,0,NVIDIA B200,I64,U64,128,1,4,8,1000000000,256,Yes,,,,,,,,
pfp_bloom_filter_add_unique_size_u64,0,NVIDIA B200,I64,U64,128,1,4,8,1000000000,512,Yes,,,,,,,,
pfp_bloom_filter_add_unique_size_u64,0,NVIDIA B200,I64,U64,128,1,4,8,1000000000,1024,Yes,,,,,,,,
pfp_bloom_filter_add_unique_size_u64,0,NVIDIA B200,I64,U64,128,1,4,8,1000000000,2048,Yes,,,,,,,,
pfp_bloom_filter_add_unique_size_u64,0,NVIDIA B200,I64,U64,128,1,8,1,1000000000,1,Yes,,,,,,,,
pfp_bloom_filter_add_unique_size_u64,0,NVIDIA B200,I64,U64,128,1,8,1,1000000000,2,Yes,,,,,,,,
pfp_bloom_filter_add_unique_size_u64,0,NVIDIA B200,I64,U64,128,1,8,1,1000000000,4,Yes,,,,,,,,
pfp_bloom_filter_add_unique_size_u64,0,NVIDIA B200,I64,U64,128,1,8,1,1000000000,8,Yes,,,,,,,,
pfp_bloom_filter_add_unique_size_u64,0,NVIDIA B200,I64,U64,128,1,8,1,1000000000,16,Yes,,,,,,,,
pfp_bloom_filter_add_unique_size_u64,0,NVIDIA B200,I64,U64,128,1,8,1,1000000000,32,Yes,,,,,,,,
pfp_bloom_filter_add_unique_size_u64,0,NVIDIA B200,I64,U64,128,1,8,1,1000000000,64,Yes,,,,,,,,
pfp_bloom_filter_add_unique_size_u64,0,NVIDIA B200,I64,U64,128,1,8,1,1000000000,128,Yes,,,,,,,,
pfp_bloom_filter_add_unique_size_u64,0,NVIDIA B200,I64,U64,128,1,8,1,1000000000,256,Yes,,,,,,,,
pfp_bloom_filter_add_unique_size_u64,0,NVIDIA B200,I64,U64,128,1,8,1,1000000000,512,Yes,,,,,,,,
pfp_bloom_filter_add_unique_size_u64,0,NVIDIA B200,I64,U64,128,1,8,1,1000000000,1024,Yes,,,,,,,,
pfp_bloom_filter_add_unique_size_u64,0,NVIDIA B200,I64,U64,128,1,8,1,1000000000,2048,Yes,,,,,,,,
pfp_bloom_filter_add_unique_size_u64,0,NVIDIA B200,I64,U64,128,1,8,2,1000000000,1,Yes,,,,,,,,
pfp_bloom_filter_add_unique_size_u64,0,NVIDIA B200,I64,U64,128,1,8,2,1000000000,2,Yes,,,,,,,,
pfp_bloom_filter_add_unique_size_u64,0,NVIDIA B200,I64,U64,128,1,8,2,1000000000,4,Yes,,,,,,,,
pfp_bloom_filter_add_unique_size_u64,0,NVIDIA B200,I64,U64,128,1,8,2,1000000000,8,Yes,,,,,,,,
pfp_bloom_filter_add_unique_size_u64,0,NVIDIA B200,I64,U64,128,1,8,2,1000000000,16,Yes,,,,,,,,
pfp_bloom_filter_add_unique_size_u64,0,NVIDIA B200,I64,U64,128,1,8,2,1000000000,32,Yes,,,,,,,,
pfp_bloom_filter_add_unique_size_u64,0,NVIDIA B200,I64,U64,128,1,8,2,1000000000,64,Yes,,,,,,,,
pfp_bloom_filter_add_unique_size_u64,0,NVIDIA B200,I64,U64,128,1,8,2,1000000000,128,Yes,,,,,,,,
pfp_bloom_filter_add_unique_size_u64,0,NVIDIA B200,I64,U64,128,1,8,2,1000000000,256,Yes,,,,,,,,
pfp_bloom_filter_add_unique_size_u64,0,NVIDIA B200,I64,U64,128,1,8,2,1000000000,512,Yes,,,,,,,,
pfp_bloom_filter_add_unique_size_u64,0,NVIDIA B200,I64,U64,128,1,8,2,1000000000,1024,Yes,,,,,,,,
pfp_bloom_filter_add_unique_size_u64,0,NVIDIA B200,I64,U64,128,1,8,2,1000000000,2048,Yes,,,,,,,,
pfp_bloom_filter_add_unique_size_u64,0,NVIDIA B200,I64,U64,128,1,8,4,1000000000,1,Yes,,,,,,,,
pfp_bloom_filter_add_unique_size_u64,0,NVIDIA B200,I64,U64,128,1,8,4,1000000000,2,Yes,,,,,,,,
pfp_bloom_filter_add_unique_size_u64,0,NVIDIA B200,I64,U64,128,1,8,4,1000000000,4,Yes,,,,,,,,
pfp_bloom_filter_add_unique_size_u64,0,NVIDIA B200,I64,U64,128,1,8,4,1000000000,8,Yes,,,,,,,,
pfp_bloom_filter_add_unique_size_u64,0,NVIDIA B200,I64,U64,128,1,8,4,1000000000,16,Yes,,,,,,,,
pfp_bloom_filter_add_unique_size_u64,0,NVIDIA B200,I64,U64,128,1,8,4,1000000000,32,Yes,,,,,,,,
pfp_bloom_filter_add_unique_size_u64,0,NVIDIA B200,I64,U64,128,1,8,4,1000000000,64,Yes,,,,,,,,
pfp_bloom_filter_add_unique_size_u64,0,NVIDIA B200,I64,U64,128,1,8,4,1000000000,128,Yes,,,,,,,,
pfp_bloom_filter_add_unique_size_u64,0,NVIDIA B200,I64,U64,128,1,8,4,1000000000,256,Yes,,,,,,,,
pfp_bloom_filter_add_unique_size_u64,0,NVIDIA B200,I64,U64,128,1,8,4,1000000000,512,Yes,,,,,,,,
pfp_bloom_filter_add_unique_size_u64,0,NVIDIA B200,I64,U64,128,1,8,4,1000000000,1024,Yes,,,,,,,,
pfp_bloom_filter_add_unique_size_u64,0,NVIDIA B200,I64,U64,128,1,8,4,1000000000,2048,Yes,,,,,,,,
pfp_bloom_filter_add_unique_size_u64,0,NVIDIA B200,I64,U64,128,1,8,8,1000000000,1,Yes,,,,,,,,
pfp_bloom_filter_add_unique_size_u64,0,NVIDIA B200,I64,U64,128,1,8,8,1000000000,2,Yes,,,,,,,,
pfp_bloom_filter_add_unique_size_u64,0,NVIDIA B200,I64,U64,128,1,8,8,1000000000,4,Yes,,,,,,,,
pfp_bloom_filter_add_unique_size_u64,0,NVIDIA B200,I64,U64,128,1,8,8,1000000000,8,Yes,,,,,,,,
pfp_bloom_filter_add_unique_size_u64,0,NVIDIA B200,I64,U64,128,1,8,8,1000000000,16,Yes,,,,,,,,
pfp_bloom_filter_add_unique_size_u64,0,NVIDIA B200,I64,U64,128,1,8,8,1000000000,32,Yes,,,,,,,,
pfp_bloom_filter_add_unique_size_u64,0,NVIDIA B200,I64,U64,128,1,8,8,1000000000,64,Yes,,,,,,,,
pfp_bloom_filter_add_unique_size_u64,0,NVIDIA B200,I64,U64,128,1,8,8,1000000000,128,Yes,,,,,,,,
pfp_bloom_filter_add_unique_size_u64,0,NVIDIA B200,I64,U64,128,1,8,8,1000000000,256,Yes,,,,,,,,
pfp_bloom_filter_add_unique_size_u64,0,NVIDIA B200,I64,U64,128,1,8,8,1000000000,512,Yes,,,,,,,,
pfp_bloom_filter_add_unique_size_u64,0,NVIDIA B200,I64,U64,128,1,8,8,1000000000,1024,Yes,,,,,,,,
pfp_bloom_filter_add_unique_size_u64,0,NVIDIA B200,I64,U64,128,1,8,8,1000000000,2048,Yes,,,,,,,,
pfp_bloom_filter_add_unique_size_u64,0,NVIDIA B200,I64,U64,128,20,1,1,1000000000,1,No,33,0.015296265151515151,0.00012283780837837557,0.015281215870019162,9.171664579578627e-05,65439818958.51237,34,0.015280128030215993
pfp_bloom_filter_add_unique_size_u64,0,NVIDIA B200,I64,U64,128,20,1,1,1000000000,2,No,32,0.01588838675,0.0001369344484499943,0.015873054057359694,0.00012845081084981785,62999848446.70395,33,0.015871317545572916
pfp_bloom_filter_add_unique_size_u64,0,NVIDIA B200,I64,U64,128,20,1,1,1000000000,4,No,33,0.01542136466666667,0.00015117635008247033,0.015406115792014381,0.00014033955162951085,64909287551.787766,34,0.015403489056755515
pfp_bloom_filter_add_unique_size_u64,0,NVIDIA B200,I64,U64,128,20,1,1,1000000000,8,No,33,0.01520064581818182,0.0001229685840405121,0.015185471043442235,0.00012220621027144972,65852418877.17699,34,0.015181462904986212
pfp_bloom_filter_add_unique_size_u64,0,NVIDIA B200,I64,U64,128,20,1,1,1000000000,16,No,33,0.015199676424242426,0.0001440280884712656,0.015184604240186281,0.00012971066243567313,65856178019.673706,34,0.015178420122931984
pfp_bloom_filter_add_unique_size_u64,0,NVIDIA B200,I64,U64,128,20,1,1,1000000000,32,No,34,0.01514494367647059,0.00013469938098552853,0.015129508691675519,0.00010614048932676259,66095999571.36843,35,0.015118305042811803
pfp_bloom_filter_add_unique_size_u64,0,NVIDIA B200,I64,U64,128,20,1,1,1000000000,64,No,33,0.01516871209090909,0.00010245090021296439,0.015153436169479832,9.325886628162745e-05,65991633106.56072,34,0.015126046573414523
pfp_bloom_filter_add_unique_size_u64,0,NVIDIA B200,I64,U64,128,20,1,1,1000000000,128,No,18,0.028522942388888892,0.0001325836994493101,0.028506167093912762,0.0001234880821116998,35080128335.23105,19,0.028487941340396273
pfp_bloom_filter_add_unique_size_u64,0,NVIDIA B200,I64,U64,128,20,1,1,1000000000,256,No,13,0.03912568423076923,0.0002473370120103675,0.03910884446364182,0.00023661598839943695,25569663683.867374,14,0.03910655621119908
pfp_bloom_filter_add_unique_size_u64,0,NVIDIA B200,I64,U64,128,20,1,1,1000000000,512,No,12,0.045053930250000006,0.00014154199857668092,0.045037055969238286,0.00013625762804370039,22203938034.5605,13,0.04503425803551307
pfp_bloom_filter_add_unique_size_u64,0,NVIDIA B200,I64,U64,128,20,1,1,1000000000,1024,No,11,0.04797049709090909,0.00018826351967874834,0.047952994606711645,0.00018638698679367948,20853754978.214375,12,0.04794035148620606
pfp_bloom_filter_add_unique_size_u64,0,NVIDIA B200,I64,U64,128,20,1,1,1000000000,2048,No,11,0.049458727818181815,0.000175489355068501,0.04944143121892755,0.00016477142067862724,20225951703.78426,12,0.04943308766682943
pfp_bloom_filter_add_unique_size_u64,0,NVIDIA B200,I64,U64,128,20,1,2,1000000000,1,No,33,0.015296795969696972,0.00011201522235952359,0.01528152624766032,0.00010011812798754018,65438489833.63852,34,0.015280309340533087
pfp_bloom_filter_add_unique_size_u64,0,NVIDIA B200,I64,U64,128,20,1,2,1000000000,2,No,32,0.015888104625,0.0001227526295875993,0.015872636049985882,0.00011360831756350868,63001507553.68006,33,0.015871652314157197
pfp_bloom_filter_add_unique_size_u64,0,NVIDIA B200,I64,U64,128,20,1,2,1000000000,4,No,33,0.015421149696969698,0.00017743042676053326,0.015405946095784502,0.00015924703047675136,64910002526.46788,34,0.015403460334329044
pfp_bloom_filter_add_unique_size_u64,0,NVIDIA B200,I64,U64,128,20,1,2,1000000000,8,No,33,0.015201079424242422,0.000160942965135615,0.015185917218526203,0.0001340852018773782,65850484077.44779,34,0.015182697969324447
pfp_bloom_filter_add_unique_size_u64,0,NVIDIA B200,I64,U64,128,20,1,2,1000000000,16,No,33,0.01520007793939394,0.00015320824777459926,0.015184990218191436,0.00013505769975672127,65854504061.64977,34,0.015179716222426469
pfp_bloom_filter_add_unique_size_u64,0,NVIDIA B200,I64,U64,128,20,1,2,1000000000,32,No,34,0.015145667352941176,0.00012602831917506258,0.015130396197823914,0.00010686854236455926,66092122567.40654,35,0.015119273022242953
pfp_bloom_filter_add_unique_size_u64,0,NVIDIA B200,I64,U64,128,20,1,2,1000000000,64,No,33,0.015169300212121215,0.00010049863791551887,0.01515388803771048,7.858473969430622e-05,65989665326.25146,34,0.01512649715647978
pfp_bloom_filter_add_unique_size_u64,0,NVIDIA B200,I64,U64,128,20,1,2,1000000000,128,No,18,0.02852138244444444,0.00016676280535776858,0.02850488895840115,0.00016011977918909578,35081701299.007286,19,0.0284865934472335
pfp_bloom_filter_add_unique_size_u64,0,NVIDIA B200,I64,U64,128,20,1,2,1000000000,256,No,13,0.039125104153846166,0.000210201848524918,0.03910829279972957,0.00021013581545015217,25570024371.06932,14,0.03909712437220982
pfp_bloom_filter_add_unique_size_u64,0,NVIDIA B200,I64,U64,128,20,1,2,1000000000,512,No,12,0.045051842,0.00018519727562779498,0.045034925460815424,0.0001894999609637428,22204988456.57229,13,0.04502740683922401
pfp_bloom_filter_add_unique_size_u64,0,NVIDIA B200,I64,U64,128,20,1,2,1000000000,1024,No,11,0.04796592354545455,0.00020729616032919297,0.0479487998268821,0.00020902160627818915,20855579359.868736,12,0.047938297589619955
pfp_bloom_filter_add_unique_size_u64,0,NVIDIA B200,I64,U64,128,20,1,2,1000000000,2048,No,11,0.04945443236363638,0.00022514440467123593,0.049436951377175076,0.0002286107846688886,20227784524.385086,12,0.04943275197347005
pfp_bloom_filter_add_unique_size_u64,0,NVIDIA B200,I64,U64,128,20,1,4,1000000000,1,Yes,,,,,,,,
pfp_bloom_filter_add_unique_size_u64,0,NVIDIA B200,I64,U64,128,20,1,4,1000000000,2,Yes,,,,,,,,
pfp_bloom_filter_add_unique_size_u64,0,NVIDIA B200,I64,U64,128,20,1,4,1000000000,4,Yes,,,,,,,,
pfp_bloom_filter_add_unique_size_u64,0,NVIDIA B200,I64,U64,128,20,1,4,1000000000,8,Yes,,,,,,,,
pfp_bloom_filter_add_unique_size_u64,0,NVIDIA B200,I64,U64,128,20,1,4,1000000000,16,Yes,,,,,,,,
pfp_bloom_filter_add_unique_size_u64,0,NVIDIA B200,I64,U64,128,20,1,4,1000000000,32,Yes,,,,,,,,
pfp_bloom_filter_add_unique_size_u64,0,NVIDIA B200,I64,U64,128,20,1,4,1000000000,64,Yes,,,,,,,,
pfp_bloom_filter_add_unique_size_u64,0,NVIDIA B200,I64,U64,128,20,1,4,1000000000,128,Yes,,,,,,,,
pfp_bloom_filter_add_unique_size_u64,0,NVIDIA B200,I64,U64,128,20,1,4,1000000000,256,Yes,,,,,,,,
pfp_bloom_filter_add_unique_size_u64,0,NVIDIA B200,I64,U64,128,20,1,4,1000000000,512,Yes,,,,,,,,
pfp_bloom_filter_add_unique_size_u64,0,NVIDIA B200,I64,U64,128,20,1,4,1000000000,1024,Yes,,,,,,,,
pfp_bloom_filter_add_unique_size_u64,0,NVIDIA B200,I64,U64,128,20,1,4,1000000000,2048,Yes,,,,,,,,
pfp_bloom_filter_add_unique_size_u64,0,NVIDIA B200,I64,U64,128,20,1,8,1000000000,1,Yes,,,,,,,,
pfp_bloom_filter_add_unique_size_u64,0,NVIDIA B200,I64,U64,128,20,1,8,1000000000,2,Yes,,,,,,,,
pfp_bloom_filter_add_unique_size_u64,0,NVIDIA B200,I64,U64,128,20,1,8,1000000000,4,Yes,,,,,,,,
pfp_bloom_filter_add_unique_size_u64,0,NVIDIA B200,I64,U64,128,20,1,8,1000000000,8,Yes,,,,,,,,
pfp_bloom_filter_add_unique_size_u64,0,NVIDIA B200,I64,U64,128,20,1,8,1000000000,16,Yes,,,,,,,,
pfp_bloom_filter_add_unique_size_u64,0,NVIDIA B200,I64,U64,128,20,1,8,1000000000,32,Yes,,,,,,,,
pfp_bloom_filter_add_unique_size_u64,0,NVIDIA B200,I64,U64,128,20,1,8,1000000000,64,Yes,,,,,,,,
pfp_bloom_filter_add_unique_size_u64,0,NVIDIA B200,I64,U64,128,20,1,8,1000000000,128,Yes,,,,,,,,
pfp_bloom_filter_add_unique_size_u64,0,NVIDIA B200,I64,U64,128,20,1,8,1000000000,256,Yes,,,,,,,,
pfp_bloom_filter_add_unique_size_u64,0,NVIDIA B200,I64,U64,128,20,1,8,1000000000,512,Yes,,,,,,,,
pfp_bloom_filter_add_unique_size_u64,0,NVIDIA B200,I64,U64,128,20,1,8,1000000000,1024,Yes,,,,,,,,
pfp_bloom_filter_add_unique_size_u64,0,NVIDIA B200,I64,U64,128,20,1,8,1000000000,2048,Yes,,,,,,,,
pfp_bloom_filter_add_unique_size_u64,0,NVIDIA B200,I64,U64,128,20,2,1,1000000000,1,No,20,0.025362700199999998,4.9049609052502046e-05,0.02534656524658203,2.0553026600423505e-05,39453077380.37009,21,0.025346095312209358
pfp_bloom_filter_add_unique_size_u64,0,NVIDIA B200,I64,U64,128,20,2,1,1000000000,2,No,20,0.02536287225000001,3.384527072479714e-05,0.025346635627746583,2.1581193714195627e-05,39452967829.20235,21,0.02534597033546085
pfp_bloom_filter_add_unique_size_u64,0,NVIDIA B200,I64,U64,128,20,2,1,1000000000,4,No,20,0.025362755800000004,3.503434046552877e-05,0.025346360206604007,1.8891946619825677e-05,39453396536.969025,21,0.025346048082624164
pfp_bloom_filter_add_unique_size_u64,0,NVIDIA B200,I64,U64,128,20,2,1,1000000000,8,No,20,0.025362610200000003,4.650193145950995e-05,0.025346643543243414,3.227101349203779e-05,39452955508.445114,21,0.02534613745553153
pfp_bloom_filter_add_unique_size_u64,0,NVIDIA B200,I64,U64,128,20,2,1,1000000000,16,No,20,0.025363851150000005,9.633688405154945e-05,0.025347152233123782,2.5024096089598897e-05,39452163730.37738,21,0.025346145357404436
pfp_bloom_filter_add_unique_size_u64,0,NVIDIA B200,I64,U64,128,20,2,1,1000000000,32,No,20,0.025363504200000005,3.757570201751208e-05,0.02534763889312744,2.4132941109566774e-05,39451406271.65602,21,0.02534618105207171
pfp_bloom_filter_add_unique_size_u64,0,NVIDIA B200,I64,U64,128,20,2,1,1000000000,64,No,20,0.025365497199999996,3.196707908761485e-05,0.025349402713775636,2.5754542677175933e-05,39448661228.47816,21,0.02534599939982097
pfp_bloom_filter_add_unique_size_u64,0,NVIDIA B200,I64,U64,128,20,2,1,1000000000,128,No,20,0.025479174249999997,4.4142513308023384e-05,0.025462988662719725,2.809585884248335e-05,39272687634.82178,21,0.025454397474016465
pfp_bloom_filter_add_unique_size_u64,0,NVIDIA B200,I64,U64,128,20,2,1,1000000000,256,No,16,0.03303240575,0.00015804124409106167,0.033015743970870974,0.00014733172477911902,30288579923.635124,17,0.033010688332950365
pfp_bloom_filter_add_unique_size_u64,0,NVIDIA B200,I64,U64,128,20,2,1,1000000000,512,No,13,0.04011745146153847,8.469001978988522e-05,0.04010062731229342,8.668511148749742e-05,24937265749.29255,14,0.040097642353602816
pfp_bloom_filter_add_unique_size_u64,0,NVIDIA B200,I64,U64,128,20,2,1,1000000000,1024,No,12,0.04407328900000001,0.00016415517903839967,0.044056671778361006,0.00015748279357928615,22698037768.96199,13,0.044057362776536206
pfp_bloom_filter_add_unique_size_u64,0,NVIDIA B200,I64,U64,128,20,2,1,1000000000,2048,No,11,0.04611150945454546,0.0001740951128506268,0.046094670382412994,0.00016690716989518293,21694482067.09687,12,0.04608921718597412
pfp_bloom_filter_add_unique_size_u64,0,NVIDIA B200,I64,U64,128,20,2,2,1000000000,1,Yes,,,,,,,,
pfp_bloom_filter_add_unique_size_u64,0,NVIDIA B200,I64,U64,128,20,2,2,1000000000,2,Yes,,,,,,,,
pfp_bloom_filter_add_unique_size_u64,0,NVIDIA B200,I64,U64,128,20,2,2,1000000000,4,Yes,,,,,,,,
pfp_bloom_filter_add_unique_size_u64,0,NVIDIA B200,I64,U64,128,20,2,2,1000000000,8,Yes,,,,,,,,
pfp_bloom_filter_add_unique_size_u64,0,NVIDIA B200,I64,U64,128,20,2,2,1000000000,16,Yes,,,,,,,,
pfp_bloom_filter_add_unique_size_u64,0,NVIDIA B200,I64,U64,128,20,2,2,1000000000,32,Yes,,,,,,,,
pfp_bloom_filter_add_unique_size_u64,0,NVIDIA B200,I64,U64,128,20,2,2,1000000000,64,Yes,,,,,,,,
pfp_bloom_filter_add_unique_size_u64,0,NVIDIA B200,I64,U64,128,20,2,2,1000000000,128,Yes,,,,,,,,
pfp_bloom_filter_add_unique_size_u64,0,NVIDIA B200,I64,U64,128,20,2,2,1000000000,256,Yes,,,,,,,,
pfp_bloom_filter_add_unique_size_u64,0,NVIDIA B200,I64,U64,128,20,2,2,1000000000,512,Yes,,,,,,,,
pfp_bloom_filter_add_unique_size_u64,0,NVIDIA B200,I64,U64,128,20,2,2,1000000000,1024,Yes,,,,,,,,
pfp_bloom_filter_add_unique_size_u64,0,NVIDIA B200,I64,U64,128,20,2,2,1000000000,2048,Yes,,,,,,,,
pfp_bloom_filter_add_unique_size_u64,0,NVIDIA B200,I64,U64,128,20,2,4,1000000000,1,Yes,,,,,,,,
pfp_bloom_filter_add_unique_size_u64,0,NVIDIA B200,I64,U64,128,20,2,4,1000000000,2,Yes,,,,,,,,
pfp_bloom_filter_add_unique_size_u64,0,NVIDIA B200,I64,U64,128,20,2,4,1000000000,4,Yes,,,,,,,,
pfp_bloom_filter_add_unique_size_u64,0,NVIDIA B200,I64,U64,128,20,2,4,1000000000,8,Yes,,,,,,,,
pfp_bloom_filter_add_unique_size_u64,0,NVIDIA B200,I64,U64,128,20,2,4,1000000000,16,Yes,,,,,,,,
pfp_bloom_filter_add_unique_size_u64,0,NVIDIA B200,I64,U64,128,20,2,4,1000000000,32,Yes,,,,,,,,
pfp_bloom_filter_add_unique_size_u64,0,NVIDIA B200,I64,U64,128,20,2,4,1000000000,64,Yes,,,,,,,,
pfp_bloom_filter_add_unique_size_u64,0,NVIDIA B200,I64,U64,128,20,2,4,1000000000,128,Yes,,,,,,,,
pfp_bloom_filter_add_unique_size_u64,0,NVIDIA B200,I64,U64,128,20,2,4,1000000000,256,Yes,,,,,,,,
pfp_bloom_filter_add_unique_size_u64,0,NVIDIA B200,I64,U64,128,20,2,4,1000000000,512,Yes,,,,,,,,
pfp_bloom_filter_add_unique_size_u64,0,NVIDIA B200,I64,U64,128,20,2,4,1000000000,1024,Yes,,,,,,,,
pfp_bloom_filter_add_unique_size_u64,0,NVIDIA B200,I64,U64,128,20,2,4,1000000000,2048,Yes,,,,,,,,
pfp_bloom_filter_add_unique_size_u64,0,NVIDIA B200,I64,U64,128,20,2,8,1000000000,1,Yes,,,,,,,,
pfp_bloom_filter_add_unique_size_u64,0,NVIDIA B200,I64,U64,128,20,2,8,1000000000,2,Yes,,,,,,,,
pfp_bloom_filter_add_unique_size_u64,0,NVIDIA B200,I64,U64,128,20,2,8,1000000000,4,Yes,,,,,,,,
pfp_bloom_filter_add_unique_size_u64,0,NVIDIA B200,I64,U64,128,20,2,8,1000000000,8,Yes,,,,,,,,
pfp_bloom_filter_add_unique_size_u64,0,NVIDIA B200,I64,U64,128,20,2,8,1000000000,16,Yes,,,,,,,,
pfp_bloom_filter_add_unique_size_u64,0,NVIDIA B200,I64,U64,128,20,2,8,1000000000,32,Yes,,,,,,,,
pfp_bloom_filter_add_unique_size_u64,0,NVIDIA B200,I64,U64,128,20,2,8,1000000000,64,Yes,,,,,,,,
pfp_bloom_filter_add_unique_size_u64,0,NVIDIA B200,I64,U64,128,20,2,8,1000000000,128,Yes,,,,,,,,
pfp_bloom_filter_add_unique_size_u64,0,NVIDIA B200,I64,U64,128,20,2,8,1000000000,256,Yes,,,,,,,,
pfp_bloom_filter_add_unique_size_u64,0,NVIDIA B200,I64,U64,128,20,2,8,1000000000,512,Yes,,,,,,,,
pfp_bloom_filter_add_unique_size_u64,0,NVIDIA B200,I64,U64,128,20,2,8,1000000000,1024,Yes,,,,,,,,
pfp_bloom_filter_add_unique_size_u64,0,NVIDIA B200,I64,U64,128,20,2,8,1000000000,2048,Yes,,,,,,,,
pfp_bloom_filter_add_unique_size_u64,0,NVIDIA B200,I64,U64,128,20,4,1,1000000000,1,Yes,,,,,,,,
pfp_bloom_filter_add_unique_size_u64,0,NVIDIA B200,I64,U64,128,20,4,1,1000000000,2,Yes,,,,,,,,
pfp_bloom_filter_add_unique_size_u64,0,NVIDIA B200,I64,U64,128,20,4,1,1000000000,4,Yes,,,,,,,,
pfp_bloom_filter_add_unique_size_u64,0,NVIDIA B200,I64,U64,128,20,4,1,1000000000,8,Yes,,,,,,,,
pfp_bloom_filter_add_unique_size_u64,0,NVIDIA B200,I64,U64,128,20,4,1,1000000000,16,Yes,,,,,,,,
pfp_bloom_filter_add_unique_size_u64,0,NVIDIA B200,I64,U64,128,20,4,1,1000000000,32,Yes,,,,,,,,
pfp_bloom_filter_add_unique_size_u64,0,NVIDIA B200,I64,U64,128,20,4,1,1000000000,64,Yes,,,,,,,,
pfp_bloom_filter_add_unique_size_u64,0,NVIDIA B200,I64,U64,128,20,4,1,1000000000,128,Yes,,,,,,,,
pfp_bloom_filter_add_unique_size_u64,0,NVIDIA B200,I64,U64,128,20,4,1,1000000000,256,Yes,,,,,,,,
pfp_bloom_filter_add_unique_size_u64,0,NVIDIA B200,I64,U64,128,20,4,1,1000000000,512,Yes,,,,,,,,
pfp_bloom_filter_add_unique_size_u64,0,NVIDIA B200,I64,U64,128,20,4,1,1000000000,1024,Yes,,,,,,,,
pfp_bloom_filter_add_unique_size_u64,0,NVIDIA B200,I64,U64,128,20,4,1,1000000000,2048,Yes,,,,,,,,
pfp_bloom_filter_add_unique_size_u64,0,NVIDIA B200,I64,U64,128,20,4,2,1000000000,1,Yes,,,,,,,,
pfp_bloom_filter_add_unique_size_u64,0,NVIDIA B200,I64,U64,128,20,4,2,1000000000,2,Yes,,,,,,,,
pfp_bloom_filter_add_unique_size_u64,0,NVIDIA B200,I64,U64,128,20,4,2,1000000000,4,Yes,,,,,,,,
pfp_bloom_filter_add_unique_size_u64,0,NVIDIA B200,I64,U64,128,20,4,2,1000000000,8,Yes,,,,,,,,
pfp_bloom_filter_add_unique_size_u64,0,NVIDIA B200,I64,U64,128,20,4,2,1000000000,16,Yes,,,,,,,,
pfp_bloom_filter_add_unique_size_u64,0,NVIDIA B200,I64,U64,128,20,4,2,1000000000,32,Yes,,,,,,,,
pfp_bloom_filter_add_unique_size_u64,0,NVIDIA B200,I64,U64,128,20,4,2,1000000000,64,Yes,,,,,,,,
pfp_bloom_filter_add_unique_size_u64,0,NVIDIA B200,I64,U64,128,20,4,2,1000000000,128,Yes,,,,,,,,
pfp_bloom_filter_add_unique_size_u64,0,NVIDIA B200,I64,U64,128,20,4,2,1000000000,256,Yes,,,,,,,,
pfp_bloom_filter_add_unique_size_u64,0,NVIDIA B200,I64,U64,128,20,4,2,1000000000,512,Yes,,,,,,,,
pfp_bloom_filter_add_unique_size_u64,0,NVIDIA B200,I64,U64,128,20,4,2,1000000000,1024,Yes,,,,,,,,
pfp_bloom_filter_add_unique_size_u64,0,NVIDIA B200,I64,U64,128,20,4,2,1000000000,2048,Yes,,,,,,,,
pfp_bloom_filter_add_unique_size_u64,0,NVIDIA B200,I64,U64,128,20,4,4,1000000000,1,Yes,,,,,,,,
pfp_bloom_filter_add_unique_size_u64,0,NVIDIA B200,I64,U64,128,20,4,4,1000000000,2,Yes,,,,,,,,
pfp_bloom_filter_add_unique_size_u64,0,NVIDIA B200,I64,U64,128,20,4,4,1000000000,4,Yes,,,,,,,,
pfp_bloom_filter_add_unique_size_u64,0,NVIDIA B200,I64,U64,128,20,4,4,1000000000,8,Yes,,,,,,,,
pfp_bloom_filter_add_unique_size_u64,0,NVIDIA B200,I64,U64,128,20,4,4,1000000000,16,Yes,,,,,,,,
pfp_bloom_filter_add_unique_size_u64,0,NVIDIA B200,I64,U64,128,20,4,4,1000000000,32,Yes,,,,,,,,
pfp_bloom_filter_add_unique_size_u64,0,NVIDIA B200,I64,U64,128,20,4,4,1000000000,64,Yes,,,,,,,,
pfp_bloom_filter_add_unique_size_u64,0,NVIDIA B200,I64,U64,128,20,4,4,1000000000,128,Yes,,,,,,,,
pfp_bloom_filter_add_unique_size_u64,0,NVIDIA B200,I64,U64,128,20,4,4,1000000000,256,Yes,,,,,,,,
pfp_bloom_filter_add_unique_size_u64,0,NVIDIA B200,I64,U64,128,20,4,4,1000000000,512,Yes,,,,,,,,
pfp_bloom_filter_add_unique_size_u64,0,NVIDIA B200,I64,U64,128,20,4,4,1000000000,1024,Yes,,,,,,,,
pfp_bloom_filter_add_unique_size_u64,0,NVIDIA B200,I64,U64,128,20,4,4,1000000000,2048,Yes,,,,,,,,
pfp_bloom_filter_add_unique_size_u64,0,NVIDIA B200,I64,U64,128,20,4,8,1000000000,1,Yes,,,,,,,,
pfp_bloom_filter_add_unique_size_u64,0,NVIDIA B200,I64,U64,128,20,4,8,1000000000,2,Yes,,,,,,,,
pfp_bloom_filter_add_unique_size_u64,0,NVIDIA B200,I64,U64,128,20,4,8,1000000000,4,Yes,,,,,,,,
pfp_bloom_filter_add_unique_size_u64,0,NVIDIA B200,I64,U64,128,20,4,8,1000000000,8,Yes,,,,,,,,
pfp_bloom_filter_add_unique_size_u64,0,NVIDIA B200,I64,U64,128,20,4,8,1000000000,16,Yes,,,,,,,,
pfp_bloom_filter_add_unique_size_u64,0,NVIDIA B200,I64,U64,128,20,4,8,1000000000,32,Yes,,,,,,,,
pfp_bloom_filter_add_unique_size_u64,0,NVIDIA B200,I64,U64,128,20,4,8,1000000000,64,Yes,,,,,,,,
pfp_bloom_filter_add_unique_size_u64,0,NVIDIA B200,I64,U64,128,20,4,8,1000000000,128,Yes,,,,,,,,
pfp_bloom_filter_add_unique_size_u64,0,NVIDIA B200,I64,U64,128,20,4,8,1000000000,256,Yes,,,,,,,,
pfp_bloom_filter_add_unique_size_u64,0,NVIDIA B200,I64,U64,128,20,4,8,1000000000,512,Yes,,,,,,,,
pfp_bloom_filter_add_unique_size_u64,0,NVIDIA B200,I64,U64,128,20,4,8,1000000000,1024,Yes,,,,,,,,
pfp_bloom_filter_add_unique_size_u64,0,NVIDIA B200,I64,U64,128,20,4,8,1000000000,2048,Yes,,,,,,,,
pfp_bloom_filter_add_unique_size_u64,0,NVIDIA B200,I64,U64,128,20,8,1,1000000000,1,Yes,,,,,,,,
pfp_bloom_filter_add_unique_size_u64,0,NVIDIA B200,I64,U64,128,20,8,1,1000000000,2,Yes,,,,,,,,
pfp_bloom_filter_add_unique_size_u64,0,NVIDIA B200,I64,U64,128,20,8,1,1000000000,4,Yes,,,,,,,,
pfp_bloom_filter_add_unique_size_u64,0,NVIDIA B200,I64,U64,128,20,8,1,1000000000,8,Yes,,,,,,,,
pfp_bloom_filter_add_unique_size_u64,0,NVIDIA B200,I64,U64,128,20,8,1,1000000000,16,Yes,,,,,,,,
pfp_bloom_filter_add_unique_size_u64,0,NVIDIA B200,I64,U64,128,20,8,1,1000000000,32,Yes,,,,,,,,
pfp_bloom_filter_add_unique_size_u64,0,NVIDIA B200,I64,U64,128,20,8,1,1000000000,64,Yes,,,,,,,,
pfp_bloom_filter_add_unique_size_u64,0,NVIDIA B200,I64,U64,128,20,8,1,1000000000,128,Yes,,,,,,,,
pfp_bloom_filter_add_unique_size_u64,0,NVIDIA B200,I64,U64,128,20,8,1,1000000000,256,Yes,,,,,,,,
pfp_bloom_filter_add_unique_size_u64,0,NVIDIA B200,I64,U64,128,20,8,1,1000000000,512,Yes,,,,,,,,
pfp_bloom_filter_add_unique_size_u64,0,NVIDIA B200,I64,U64,128,20,8,1,1000000000,1024,Yes,,,,,,,,
pfp_bloom_filter_add_unique_size_u64,0,NVIDIA B200,I64,U64,128,20,8,1,1000000000,2048,Yes,,,,,,,,
pfp_bloom_filter_add_unique_size_u64,0,NVIDIA B200,I64,U64,128,20,8,2,1000000000,1,Yes,,,,,,,,
pfp_bloom_filter_add_unique_size_u64,0,NVIDIA B200,I64,U64,128,20,8,2,1000000000,2,Yes,,,,,,,,
pfp_bloom_filter_add_unique_size_u64,0,NVIDIA B200,I64,U64,128,20,8,2,1000000000,4,Yes,,,,,,,,
pfp_bloom_filter_add_unique_size_u64,0,NVIDIA B200,I64,U64,128,20,8,2,1000000000,8,Yes,,,,,,,,
pfp_bloom_filter_add_unique_size_u64,0,NVIDIA B200,I64,U64,128,20,8,2,1000000000,16,Yes,,,,,,,,
pfp_bloom_filter_add_unique_size_u64,0,NVIDIA B200,I64,U64,128,20,8,2,1000000000,32,Yes,,,,,,,,
pfp_bloom_filter_add_unique_size_u64,0,NVIDIA B200,I64,U64,128,20,8,2,1000000000,64,Yes,,,,,,,,
pfp_bloom_filter_add_unique_size_u64,0,NVIDIA B200,I64,U64,128,20,8,2,1000000000,128,Yes,,,,,,,,
pfp_bloom_filter_add_unique_size_u64,0,NVIDIA B200,I64,U64,128,20,8,2,1000000000,256,Yes,,,,,,,,
pfp_bloom_filter_add_unique_size_u64,0,NVIDIA B200,I64,U64,128,20,8,2,1000000000,512,Yes,,,,,,,,
pfp_bloom_filter_add_unique_size_u64,0,NVIDIA B200,I64,U64,128,20,8,2,1000000000,1024,Yes,,,,,,,,
pfp_bloom_filter_add_unique_size_u64,0,NVIDIA B200,I64,U64,128,20,8,2,1000000000,2048,Yes,,,,,,,,
pfp_bloom_filter_add_unique_size_u64,0,NVIDIA B200,I64,U64,128,20,8,4,1000000000,1,Yes,,,,,,,,
pfp_bloom_filter_add_unique_size_u64,0,NVIDIA B200,I64,U64,128,20,8,4,1000000000,2,Yes,,,,,,,,
pfp_bloom_filter_add_unique_size_u64,0,NVIDIA B200,I64,U64,128,20,8,4,1000000000,4,Yes,,,,,,,,
pfp_bloom_filter_add_unique_size_u64,0,NVIDIA B200,I64,U64,128,20,8,4,1000000000,8,Yes,,,,,,,,
pfp_bloom_filter_add_unique_size_u64,0,NVIDIA B200,I64,U64,128,20,8,4,1000000000,16,Yes,,,,,,,,
pfp_bloom_filter_add_unique_size_u64,0,NVIDIA B200,I64,U64,128,20,8,4,1000000000,32,Yes,,,,,,,,
pfp_bloom_filter_add_unique_size_u64,0,NVIDIA B200,I64,U64,128,20,8,4,1000000000,64,Yes,,,,,,,,
pfp_bloom_filter_add_unique_size_u64,0,NVIDIA B200,I64,U64,128,20,8,4,1000000000,128,Yes,,,,,,,,
pfp_bloom_filter_add_unique_size_u64,0,NVIDIA B200,I64,U64,128,20,8,4,1000000000,256,Yes,,,,,,,,
pfp_bloom_filter_add_unique_size_u64,0,NVIDIA B200,I64,U64,128,20,8,4,1000000000,512,Yes,,,,,,,,
pfp_bloom_filter_add_unique_size_u64,0,NVIDIA B200,I64,U64,128,20,8,4,1000000000,1024,Yes,,,,,,,,
pfp_bloom_filter_add_unique_size_u64,0,NVIDIA B200,I64,U64,128,20,8,4,1000000000,2048,Yes,,,,,,,,
pfp_bloom_filter_add_unique_size_u64,0,NVIDIA B200,I64,U64,128,20,8,8,1000000000,1,Yes,,,,,,,,
pfp_bloom_filter_add_unique_size_u64,0,NVIDIA B200,I64,U64,128,20,8,8,1000000000,2,Yes,,,,,,,,
pfp_bloom_filter_add_unique_size_u64,0,NVIDIA B200,I64,U64,128,20,8,8,1000000000,4,Yes,,,,,,,,
pfp_bloom_filter_add_unique_size_u64,0,NVIDIA B200,I64,U64,128,20,8,8,1000000000,8,Yes,,,,,,,,
pfp_bloom_filter_add_unique_size_u64,0,NVIDIA B200,I64,U64,128,20,8,8,1000000000,16,Yes,,,,,,,,
pfp_bloom_filter_add_unique_size_u64,0,NVIDIA B200,I64,U64,128,20,8,8,1000000000,32,Yes,,,,,,,,
pfp_bloom_filter_add_unique_size_u64,0,NVIDIA B200,I64,U64,128,20,8,8,1000000000,64,Yes,,,,,,,,
pfp_bloom_filter_add_unique_size_u64,0,NVIDIA B200,I64,U64,128,20,8,8,1000000000,128,Yes,,,,,,,,
pfp_bloom_filter_add_unique_size_u64,0,NVIDIA B200,I64,U64,128,20,8,8,1000000000,256,Yes,,,,,,,,
pfp_bloom_filter_add_unique_size_u64,0,NVIDIA B200,I64,U64,128,20,8,8,1000000000,512,Yes,,,,,,,,
pfp_bloom_filter_add_unique_size_u64,0,NVIDIA B200,I64,U64,128,20,8,8,1000000000,1024,Yes,,,,,,,,
pfp_bloom_filter_add_unique_size_u64,0,NVIDIA B200,I64,U64,128,20,8,8,1000000000,2048,Yes,,,,,,,,
pfp_bloom_filter_add_unique_size_u64,0,NVIDIA B200,I64,U64,256,1,1,1,1000000000,1,No,17,0.029815904588235295,6.121843077564295e-05,0.029799425686106967,5.825642956167978e-05,33557693713.07777,18,0.02979765934414334
pfp_bloom_filter_add_unique_size_u64,0,NVIDIA B200,I64,U64,256,1,1,1,1000000000,2,No,17,0.03095554641176471,0.00012784869510355941,0.030938899208517636,0.00011819287079820138,32321770508.392715,18,0.03093549611833361
pfp_bloom_filter_add_unique_size_u64,0,NVIDIA B200,I64,U64,256,1,1,1,1000000000,4,No,17,0.03001861835294118,0.00012558112428528653,0.03000241874246036,0.00011485627468240624,33330646058.37158,18,0.029998818821377227
pfp_bloom_filter_add_unique_size_u64,0,NVIDIA B200,I64,U64,256,1,1,1,1000000000,8,No,17,0.029593367058823525,8.169911982713081e-05,0.029576673732084384,8.490179700557445e-05,33810428077.827198,18,0.02957248889075385
pfp_bloom_filter_add_unique_size_u64,0,NVIDIA B200,I64,U64,256,1,1,1,1000000000,16,No,17,0.02958176470588235,0.00012116982997404308,0.0295655039618997,0.00012093814978482313,33823201569.257004,18,0.02955849997202555
pfp_bloom_filter_add_unique_size_u64,0,NVIDIA B200,I64,U64,256,1,1,1,1000000000,32,No,17,0.029491003647058825,0.00011480088751023139,0.029474017760332892,8.437371246203488e-05,33928187467.737537,18,0.029463837941487634
pfp_bloom_filter_add_unique_size_u64,0,NVIDIA B200,I64,U64,256,1,1,1,1000000000,64,No,17,0.029507059411764708,9.416059014130866e-05,0.029490821726181924,8.994005479713127e-05,33908855076.499985,18,0.02946741718716091
pfp_bloom_filter_add_unique_size_u64,0,NVIDIA B200,I64,U64,256,1,1,1,1000000000,128,No,13,0.04009271153846154,8.930545364084257e-05,0.040075901618370637,8.373951006427794e-05,24952651334.52678,14,0.04005646215166365
pfp_bloom_filter_add_unique_size_u64,0,NVIDIA B200,I64,U64,256,1,1,1,1000000000,256,No,11,0.04897754163636365,7.686142162337968e-05,0.04896097738092597,7.502730555628332e-05,20424428871.584908,12,0.0489520632425944
pfp_bloom_filter_add_unique_size_u64,0,NVIDIA B200,I64,U64,256,1,1,1,1000000000,512,No,11,0.06399182845454546,2.7523731741431636e-05,0.06397384192726828,1.9437610949659157e-05,15631388859.479439,12,0.06396868419647218
pfp_bloom_filter_add_unique_size_u64,0,NVIDIA B200,I64,U64,256,1,1,1,1000000000,1024,No,11,0.07816299181818182,2.4406058967706616e-05,0.07814488913796164,1.7834263307809756e-05,12796742193.012014,12,0.07814186731974283
pfp_bloom_filter_add_unique_size_u64,0,NVIDIA B200,I64,U64,256,1,1,1,1000000000,2048,No,11,0.08552344636363639,1.82107105753838e-05,0.08550483981045809,1.5915132248465782e-05,11695244412.091045,12,0.0855029722849528
pfp_bloom_filter_add_unique_size_u64,0,NVIDIA B200,I64,U64,256,1,1,2,1000000000,1,No,17,0.029815357941176467,9.575143383688918e-05,0.02979907585592831,9.167666617821965e-05,33558087668.046165,18,0.02979868486192491
pfp_bloom_filter_add_unique_size_u64,0,NVIDIA B200,I64,U64,256,1,1,2,1000000000,2,No,17,0.030956295294117652,7.167359934279606e-05,0.030940223918241614,6.961894016884907e-05,32320386647.57122,18,0.0309373083114624
pfp_bloom_filter_add_unique_size_u64,0,NVIDIA B200,I64,U64,256,1,1,2,1000000000,4,No,17,0.030016915705882354,0.00013970429618891738,0.030000670376945943,0.00013975200146656047,33332588486.70433,18,0.02999984380933974
pfp_bloom_filter_add_unique_size_u64,0,NVIDIA B200,I64,U64,256,1,1,2,1000000000,8,No,17,0.02959378,0.00011531538670512204,0.02957712554931641,0.00010779747859188488,33809911593.086235,18,0.029572095341152613
pfp_bloom_filter_add_unique_size_u64,0,NVIDIA B200,I64,U64,256,1,1,2,1000000000,16,No,17,0.02958156111764706,0.00013657733722908356,0.02956550205455107,0.00013254011783123202,33823203751.281075,18,0.02955918057759603
pfp_bloom_filter_add_unique_size_u64,0,NVIDIA B200,I64,U64,256,1,1,2,1000000000,32,No,17,0.029490160235294122,9.123072563335541e-05,0.029473970749798947,7.98311403414535e-05,33928241582.67923,18,0.02946389187706842
pfp_bloom_filter_add_unique_size_u64,0,NVIDIA B200,I64,U64,256,1,1,2,1000000000,64,No,17,0.029507001764705887,7.523993268859402e-05,0.029490960738238172,7.079867038894443e-05,33908695239.738102,18,0.029467988755967883
pfp_bloom_filter_add_unique_size_u64,0,NVIDIA B200,I64,U64,256,1,1,2,1000000000,128,No,13,0.040092266923076915,0.00015164872955243693,0.04007526133610651,0.00015350743172879843,24953050002.92119,14,0.04005602427891323
pfp_bloom_filter_add_unique_size_u64,0,NVIDIA B200,I64,U64,256,1,1,2,1000000000,256,No,11,0.04897817518181819,8.31529770749236e-05,0.04896172228726474,9.528991790860533e-05,20424118133.199463,12,0.0489504410425822
pfp_bloom_filter_add_unique_size_u64,0,NVIDIA B200,I64,U64,256,1,1,2,1000000000,512,No,11,0.06399054372727274,1.7978675459593815e-05,0.06397253834117543,1.8688602645630726e-05,15631707384.610025,12,0.06396928119659424
pfp_bloom_filter_add_unique_size_u64,0,NVIDIA B200,I64,U64,256,1,1,2,1000000000,1024,No,11,0.07816228527272727,1.3893502287816516e-05,0.07814367537064985,1.5288005743831853e-05,12796940958.520515,12,0.07814167976379395
pfp_bloom_filter_add_unique_size_u64,0,NVIDIA B200,I64,U64,256,1,1,2,1000000000,2048,No,11,0.08552019990909093,2.044800193195811e-05,0.0855016791603782,1.077726858362462e-05,11695676737.813166,12,0.0855016098022461
pfp_bloom_filter_add_unique_size_u64,0,NVIDIA B200,I64,U64,256,1,1,4,1000000000,1,No,17,0.029816378117647056,0.00018303599553720084,0.029798646590288948,7.544950520227417e-05,33558571090.469894,18,0.029796805911593966
pfp_bloom_filter_add_unique_size_u64,0,NVIDIA B200,I64,U64,256,1,1,4,1000000000,2,No,17,0.030954466529411768,0.00017414116688100557,0.03093829480339499,0.00016224648051329046,32322401940.855053,18,0.03093822574615479
pfp_bloom_filter_add_unique_size_u64,0,NVIDIA B200,I64,U64,256,1,1,4,1000000000,4,No,17,0.03001861641176471,0.0001672441560099004,0.030002477084889137,0.00015860363862217752,33330581244.028477,18,0.030000298500061036
pfp_bloom_filter_add_unique_size_u64,0,NVIDIA B200,I64,U64,256,1,1,4,1000000000,8,No,17,0.029592967058823527,0.00013102355935779036,0.02957631066266228,0.00011074600460740701,33810843123.933636,18,0.029572607358296712
pfp_bloom_filter_add_unique_size_u64,0,NVIDIA B200,I64,U64,256,1,1,4,1000000000,16,No,17,0.02958136111764706,0.00010758333842731073,0.02956499739254222,0.00010134570211968473,33823781099.07259,18,0.02955918206108941
pfp_bloom_filter_add_unique_size_u64,0,NVIDIA B200,I64,U64,256,1,1,4,1000000000,32,No,17,0.029490027764705884,5.9624039768895334e-05,0.029473793815163997,6.262426745195636e-05,33928445257.88564,18,0.029462755944993764
pfp_bloom_filter_add_unique_size_u64,0,NVIDIA B200,I64,U64,256,1,1,4,1000000000,64,No,17,0.02950677941176471,7.8713458321192e-05,0.029490778418148268,7.671535193398545e-05,33908904872.60289,18,0.029468331019083655
pfp_bloom_filter_add_unique_size_u64,0,NVIDIA B200,I64,U64,256,1,1,4,1000000000,128,No,13,0.04009220776923077,0.00012225066001088459,0.04007526661799505,0.00011840881934612995,24953046714.128876,14,0.04005631692068917
pfp_bloom_filter_add_unique_size_u64,0,NVIDIA B200,I64,U64,256,1,1,4,1000000000,256,No,11,0.04897813163636364,9.427838641240688e-05,0.04896134983409534,9.296494482418115e-05,20424273501.21028,12,0.048951130867004394
pfp_bloom_filter_add_unique_size_u64,0,NVIDIA B200,I64,U64,256,1,1,4,1000000000,512,No,11,0.06399048554545454,2.5329310369091722e-05,0.06397253834117543,2.1260104390081574e-05,15631707384.610025,12,0.06396944967905682
pfp_bloom_filter_add_unique_size_u64,0,NVIDIA B200,I64,U64,256,1,1,4,1000000000,1024,No,11,0.07816291000000002,2.368590944868327e-05,0.07814432594992896,2.1789527050725557e-05,12796834419.440138,12,0.0781419563293457
pfp_bloom_filter_add_unique_size_u64,0,NVIDIA B200,I64,U64,256,1,1,4,1000000000,2048,No,11,0.08552299354545455,2.58110881111238e-05,0.08550474825772374,2.28077760823854e-05,11695256934.572273,12,0.08550237782796223
pfp_bloom_filter_add_unique_size_u64,0,NVIDIA B200,I64,U64,256,1,1,8,1000000000,1,Yes,,,,,,,,
pfp_bloom_filter_add_unique_size_u64,0,NVIDIA B200,I64,U64,256,1,1,8,1000000000,2,Yes,,,,,,,,
pfp_bloom_filter_add_unique_size_u64,0,NVIDIA B200,I64,U64,256,1,1,8,1000000000,4,Yes,,,,,,,,
pfp_bloom_filter_add_unique_size_u64,0,NVIDIA B200,I64,U64,256,1,1,8,1000000000,8,Yes,,,,,,,,
pfp_bloom_filter_add_unique_size_u64,0,NVIDIA B200,I64,U64,256,1,1,8,1000000000,16,Yes,,,,,,,,
pfp_bloom_filter_add_unique_size_u64,0,NVIDIA B200,I64,U64,256,1,1,8,1000000000,32,Yes,,,,,,,,
pfp_bloom_filter_add_unique_size_u64,0,NVIDIA B200,I64,U64,256,1,1,8,1000000000,64,Yes,,,,,,,,
pfp_bloom_filter_add_unique_size_u64,0,NVIDIA B200,I64,U64,256,1,1,8,1000000000,128,Yes,,,,,,,,
pfp_bloom_filter_add_unique_size_u64,0,NVIDIA B200,I64,U64,256,1,1,8,1000000000,256,Yes,,,,,,,,
pfp_bloom_filter_add_unique_size_u64,0,NVIDIA B200,I64,U64,256,1,1,8,1000000000,512,Yes,,,,,,,,
pfp_bloom_filter_add_unique_size_u64,0,NVIDIA B200,I64,U64,256,1,1,8,1000000000,1024,Yes,,,,,,,,
pfp_bloom_filter_add_unique_size_u64,0,NVIDIA B200,I64,U64,256,1,1,8,1000000000,2048,Yes,,,,,,,,
pfp_bloom_filter_add_unique_size_u64,0,NVIDIA B200,I64,U64,256,1,2,1,1000000000,1,No,33,0.015323682393939395,0.00014642768569645353,0.015308490782073053,0.00010653295852260386,65323225799.047806,34,0.015306480856502755
pfp_bloom_filter_add_unique_size_u64,0,NVIDIA B200,I64,U64,256,1,2,1,1000000000,2,No,32,0.015895101374999998,0.00012908115512551244,0.01587982493638992,0.00011010855549498163,62972986415.51255,33,0.01587950920336174
pfp_bloom_filter_add_unique_size_u64,0,NVIDIA B200,I64,U64,256,1,2,1,1000000000,4,No,33,0.015431985121212122,0.0001610664407947239,0.015417139371236161,0.0001460389258805103,64862876044.676956,34,0.015414841595818015
pfp_bloom_filter_add_unique_size_u64,0,NVIDIA B200,I64,U64,256,1,2,1,1000000000,8,No,33,0.015220614000000002,0.00015524305631505551,0.015205396334330244,0.00012880750034938466,65766125263.189156,34,0.01520161168715533
pfp_bloom_filter_add_unique_size_u64,0,NVIDIA B200,I64,U64,256,1,2,1,1000000000,16,No,33,0.015215039939393939,0.00013665992024360798,0.015200104684540722,0.00011548783882088322,65789020585.96023,34,0.015195134779986212
pfp_bloom_filter_add_unique_size_u64,0,NVIDIA B200,I64,U64,256,1,2,1,1000000000,32,No,33,0.015167467212121212,0.00011269599052563928,0.015152405420939126,9.58787997223151e-05,65996122214.23926,34,0.015141705681295956
pfp_bloom_filter_add_unique_size_u64,0,NVIDIA B200,I64,U64,256,1,2,1,1000000000,64,No,33,0.015191700454545456,9.688384880700148e-05,0.015176503210356742,9.538339405880439e-05,65891331233.5071,34,0.015148152070886949
pfp_bloom_filter_add_unique_size_u64,0,NVIDIA B200,I64,U64,256,1,2,1,1000000000,128,No,18,0.0285129295,0.00010700332177545295,0.028496668497721353,0.00010439323139917726,35091821350.273346,19,0.02847846262078536
pfp_bloom_filter_add_unique_size_u64,0,NVIDIA B200,I64,U64,256,1,2,1,1000000000,256,No,13,0.03907788046153847,0.00020922133827597808,0.03906158828735351,0.00020504686003594886,25600597513.945885,14,0.03904569625854492
pfp_bloom_filter_add_unique_size_u64,0,NVIDIA B200,I64,U64,256,1,2,1,1000000000,512,No,12,0.045004186416666675,0.00017820098390819246,0.044987392107645664,0.0001738927259796699,22228450086.797733,13,0.04496666981623723
pfp_bloom_filter_add_unique_size_u64,0,NVIDIA B200,I64,U64,256,1,2,1,1000000000,1024,No,11,0.04792738736363637,0.00019082150209593762,0.047910539800470525,0.0001905190784518689,20872234046.300163,12,0.04790255196889242
pfp_bloom_filter_add_unique_size_u64,0,NVIDIA B200,I64,U64,256,1,2,1,1000000000,2048,No,11,0.049430631363636374,0.000209977626055972,0.049413399436257104,0.0002060002702890942,20237425706.563503,12,0.049406208992004395
pfp_bloom_filter_add_unique_size_u64,0,NVIDIA B200,I64,U64,256,1,2,2,1000000000,1,No,32,0.0160018695625,0.00013439894105457794,0.015986729979515075,0.00011086322742572261,62551879044.76842,33,0.015985819498697918
pfp_bloom_filter_add_unique_size_u64,0,NVIDIA B200,I64,U64,256,1,2,2,1000000000,2,No,31,0.01660480706451613,0.00013343578084503473,0.01658926256241337,0.0001232836956851835,60279954955.063545,32,0.01658706909418106
pfp_bloom_filter_add_unique_size_u64,0,NVIDIA B200,I64,U64,256,1,2,2,1000000000,4,No,32,0.016121458187499996,0.00017574925497574313,0.016106417000293728,0.00016692857699061403,62087055114.85039,33,0.016103734970092775
pfp_bloom_filter_add_unique_size_u64,0,NVIDIA B200,I64,U64,256,1,2,2,1000000000,8,No,32,0.015890501,0.00014407923830106053,0.01587526795268059,0.00014510235895976136,62991062763.834915,33,0.015871378580729165
pfp_bloom_filter_add_unique_size_u64,0,NVIDIA B200,I64,U64,256,1,2,2,1000000000,16,No,32,0.01588228084375,0.00010250231647023252,0.015867329061031346,9.262179006133967e-05,63022579046.14237,33,0.01586166659268466
pfp_bloom_filter_add_unique_size_u64,0,NVIDIA B200,I64,U64,256,1,2,2,1000000000,32,No,32,0.015829298062499993,0.00014269305697220253,0.015814129978418353,0.00012789473413119817,63234588394.34775,33,0.015803453850023675
pfp_bloom_filter_add_unique_size_u64,0,NVIDIA B200,I64,U64,256,1,2,2,1000000000,64,No,32,0.01584987075,0.00010256894193335629,0.015834623992443085,8.653745140856573e-05,63152746820.96903,33,0.01580798524798769
pfp_bloom_filter_add_unique_size_u64,0,NVIDIA B200,I64,U64,256,1,2,2,1000000000,128,No,18,0.028596130000000004,0.00012311256591052808,0.028579902119106715,0.00011946196500483769,34989622981.649864,19,0.028562643151534235
pfp_bloom_filter_add_unique_size_u64,0,NVIDIA B200,I64,U64,256,1,2,2,1000000000,256,No,13,0.03909287653846154,0.000245090332628603,0.03907623379047101,0.0002521534553022704,25591002586.43289,14,0.03906479590279715
pfp_bloom_filter_add_unique_size_u64,0,NVIDIA B200,I64,U64,256,1,2,2,1000000000,512,No,12,0.0450154955,0.00017246192128177673,0.04499833138783773,0.00017525775558554653,22223046258.78378,13,0.04499204224806566
pfp_bloom_filter_add_unique_size_u64,0,NVIDIA B200,I64,U64,256,1,2,2,1000000000,1024,No,11,0.04794628990909091,0.00013952517707478373,0.04792915725708007,0.00013472383625781747,20864126498.954464,12,0.047915519714355474
pfp_bloom_filter_add_unique_size_u64,0,NVIDIA B200,I64,U64,256,1,2,2,1000000000,2048,No,11,0.04943319145454545,0.00016935164596122804,0.04941572640158913,0.0001699601933313764,20236472734.879025,12,0.04941600513458252
pfp_bloom_filter_add_unique_size_u64,0,NVIDIA B200,I64,U64,256,1,2,4,1000000000,1,Yes,,,,,,,,
pfp_bloom_filter_add_unique_size_u64,0,NVIDIA B200,I64,U64,256,1,2,4,1000000000,2,Yes,,,,,,,,
pfp_bloom_filter_add_unique_size_u64,0,NVIDIA B200,I64,U64,256,1,2,4,1000000000,4,Yes,,,,,,,,
pfp_bloom_filter_add_unique_size_u64,0,NVIDIA B200,I64,U64,256,1,2,4,1000000000,8,Yes,,,,,,,,
pfp_bloom_filter_add_unique_size_u64,0,NVIDIA B200,I64,U64,256,1,2,4,1000000000,16,Yes,,,,,,,,
pfp_bloom_filter_add_unique_size_u64,0,NVIDIA B200,I64,U64,256,1,2,4,1000000000,32,Yes,,,,,,,,
pfp_bloom_filter_add_unique_size_u64,0,NVIDIA B200,I64,U64,256,1,2,4,1000000000,64,Yes,,,,,,,,
pfp_bloom_filter_add_unique_size_u64,0,NVIDIA B200,I64,U64,256,1,2,4,1000000000,128,Yes,,,,,,,,
pfp_bloom_filter_add_unique_size_u64,0,NVIDIA B200,I64,U64,256,1,2,4,1000000000,256,Yes,,,,,,,,
pfp_bloom_filter_add_unique_size_u64,0,NVIDIA B200,I64,U64,256,1,2,4,1000000000,512,Yes,,,,,,,,
pfp_bloom_filter_add_unique_size_u64,0,NVIDIA B200,I64,U64,256,1,2,4,1000000000,1024,Yes,,,,,,,,
pfp_bloom_filter_add_unique_size_u64,0,NVIDIA B200,I64,U64,256,1,2,4,1000000000,2048,Yes,,,,,,,,
pfp_bloom_filter_add_unique_size_u64,0,NVIDIA B200,I64,U64,256,1,2,8,1000000000,1,Yes,,,,,,,,
pfp_bloom_filter_add_unique_size_u64,0,NVIDIA B200,I64,U64,256,1,2,8,1000000000,2,Yes,,,,,,,,
pfp_bloom_filter_add_unique_size_u64,0,NVIDIA B200,I64,U64,256,1,2,8,1000000000,4,Yes,,,,,,,,
pfp_bloom_filter_add_unique_size_u64,0,NVIDIA B200,I64,U64,256,1,2,8,1000000000,8,Yes,,,,,,,,
pfp_bloom_filter_add_unique_size_u64,0,NVIDIA B200,I64,U64,256,1,2,8,1000000000,16,Yes,,,,,,,,
pfp_bloom_filter_add_unique_size_u64,0,NVIDIA B200,I64,U64,256,1,2,8,1000000000,32,Yes,,,,,,,,
pfp_bloom_filter_add_unique_size_u64,0,NVIDIA B200,I64,U64,256,1,2,8,1000000000,64,Yes,,,,,,,,
pfp_bloom_filter_add_unique_size_u64,0,NVIDIA B200,I64,U64,256,1,2,8,1000000000,128,Yes,,,,,,,,
pfp_bloom_filter_add_unique_size_u64,0,NVIDIA B200,I64,U64,256,1,2,8,1000000000,256,Yes,,,,,,,,
pfp_bloom_filter_add_unique_size_u64,0,NVIDIA B200,I64,U64,256,1,2,8,1000000000,512,Yes,,,,,,,,
pfp_bloom_filter_add_unique_size_u64,0,NVIDIA B200,I64,U64,256,1,2,8,1000000000,1024,Yes,,,,,,,,
pfp_bloom_filter_add_unique_size_u64,0,NVIDIA B200,I64,U64,256,1,2,8,1000000000,2048,Yes,,,,,,,,
pfp_bloom_filter_add_unique_size_u64,0,NVIDIA B200,I64,U64,256,1,4,1,1000000000,1,No,41,0.012281053317073173,9.136455324637333e-05,0.012266246167624872,7.086087507008425e-05,81524533776.22302,42,0.012264033726283482
pfp_bloom_filter_add_unique_size_u64,0,NVIDIA B200,I64,U64,256,1,4,1,1000000000,2,No,41,0.012281620585365851,8.911573390907208e-05,0.012266495146402505,6.132514665714518e-05,81522879034.70766,42,0.012263911655970981
pfp_bloom_filter_add_unique_size_u64,0,NVIDIA B200,I64,U64,256,1,4,1,1000000000,4,No,41,0.01228096424390244,0.00012163208178749117,0.01226616117430897,8.714050734069384e-05,81525098666.92961,42,0.012263764880952382
pfp_bloom_filter_add_unique_size_u64,0,NVIDIA B200,I64,U64,256,1,4,1,1000000000,8,No,41,0.012282392268292685,9.457787368592711e-05,0.012267423978665981,7.942302231286237e-05,81516706501.6322,42,0.01226435052780878
pfp_bloom_filter_add_unique_size_u64,0,NVIDIA B200,I64,U64,256,1,4,1,1000000000,16,No,41,0.012283295951219513,9.7262398698404e-05,0.012268370814439728,7.334565338957585e-05,81510415288.63896,42,0.012264203752790179
pfp_bloom_filter_add_unique_size_u64,0,NVIDIA B200,I64,U64,256,1,4,1,1000000000,32,No,41,0.012285051780487806,9.755203986735069e-05,0.012270073076573814,7.552185107597514e-05,81499107116.90977,42,0.012264247349330357
pfp_bloom_filter_add_unique_size_u64,0,NVIDIA B200,I64,U64,256,1,4,1,1000000000,64,No,41,0.012482095,8.556580222147984e-05,0.012467339701768831,7.928799695434142e-05,80209573487.28717,42,0.0124581298828125
pfp_bloom_filter_add_unique_size_u64,0,NVIDIA B200,I64,U64,256,1,4,1,1000000000,128,No,22,0.023136468999999996,0.00012226279922314542,0.02312076074426824,0.00013255835445643408,43251172012.0587,23,0.0231078057496444
pfp_bloom_filter_add_unique_size_u64,0,NVIDIA B200,I64,U64,256,1,4,1,1000000000,256,No,16,0.032990498562500005,0.00012337229123866097,0.03297427868843079,0.00011626603137689727,30326667929.535503,17,0.03297533237232881
pfp_bloom_filter_add_unique_size_u64,0,NVIDIA B200,I64,U64,256,1,4,1,1000000000,512,No,13,0.04008350007692308,9.580352847367497e-05,0.04006691477848933,8.467388498324079e-05,24958248108.90777,14,0.0400631948198591
pfp_bloom_filter_add_unique_size_u64,0,NVIDIA B200,I64,U64,256,1,4,1,1000000000,1024,No,12,0.04402318175,0.0001169826166012074,0.04400641600290934,0.00010663537728818393,22723959159.36186,13,0.0440076537499061
pfp_bloom_filter_add_unique_size_u64,0,NVIDIA B200,I64,U64,256,1,4,1,1000000000,2048,No,11,0.04604799827272728,0.00012486978256817535,0.04603121705488725,0.00012476028180842983,21724387578.27342,12,0.04603399976094564
pfp_bloom_filter_add_unique_size_u64,0,NVIDIA B200,I64,U64,256,1,4,2,1000000000,1,Yes,,,,,,,,
pfp_bloom_filter_add_unique_size_u64,0,NVIDIA B200,I64,U64,256,1,4,2,1000000000,2,Yes,,,,,,,,
pfp_bloom_filter_add_unique_size_u64,0,NVIDIA B200,I64,U64,256,1,4,2,1000000000,4,Yes,,,,,,,,
pfp_bloom_filter_add_unique_size_u64,0,NVIDIA B200,I64,U64,256,1,4,2,1000000000,8,Yes,,,,,,,,
pfp_bloom_filter_add_unique_size_u64,0,NVIDIA B200,I64,U64,256,1,4,2,1000000000,16,Yes,,,,,,,,
pfp_bloom_filter_add_unique_size_u64,0,NVIDIA B200,I64,U64,256,1,4,2,1000000000,32,Yes,,,,,,,,
pfp_bloom_filter_add_unique_size_u64,0,NVIDIA B200,I64,U64,256,1,4,2,1000000000,64,Yes,,,,,,,,
pfp_bloom_filter_add_unique_size_u64,0,NVIDIA B200,I64,U64,256,1,4,2,1000000000,128,Yes,,,,,,,,
pfp_bloom_filter_add_unique_size_u64,0,NVIDIA B200,I64,U64,256,1,4,2,1000000000,256,Yes,,,,,,,,
pfp_bloom_filter_add_unique_size_u64,0,NVIDIA B200,I64,U64,256,1,4,2,1000000000,512,Yes,,,,,,,,
pfp_bloom_filter_add_unique_size_u64,0,NVIDIA B200,I64,U64,256,1,4,2,1000000000,1024,Yes,,,,,,,,
pfp_bloom_filter_add_unique_size_u64,0,NVIDIA B200,I64,U64,256,1,4,2,1000000000,2048,Yes,,,,,,,,
pfp_bloom_filter_add_unique_size_u64,0,NVIDIA B200,I64,U64,256,1,4,4,1000000000,1,Yes,,,,,,,,
pfp_bloom_filter_add_unique_size_u64,0,NVIDIA B200,I64,U64,256,1,4,4,1000000000,2,Yes,,,,,,,,
pfp_bloom_filter_add_unique_size_u64,0,NVIDIA B200,I64,U64,256,1,4,4,1000000000,4,Yes,,,,,,,,
pfp_bloom_filter_add_unique_size_u64,0,NVIDIA B200,I64,U64,256,1,4,4,1000000000,8,Yes,,,,,,,,
pfp_bloom_filter_add_unique_size_u64,0,NVIDIA B200,I64,U64,256,1,4,4,1000000000,16,Yes,,,,,,,,
pfp_bloom_filter_add_unique_size_u64,0,NVIDIA B200,I64,U64,256,1,4,4,1000000000,32,Yes,,,,,,,,
pfp_bloom_filter_add_unique_size_u64,0,NVIDIA B200,I64,U64,256,1,4,4,1000000000,64,Yes,,,,,,,,
pfp_bloom_filter_add_unique_size_u64,0,NVIDIA B200,I64,U64,256,1,4,4,1000000000,128,Yes,,,,,,,,
pfp_bloom_filter_add_unique_size_u64,0,NVIDIA B200,I64,U64,256,1,4,4,1000000000,256,Yes,,,,,,,,
pfp_bloom_filter_add_unique_size_u64,0,NVIDIA B200,I64,U64,256,1,4,4,1000000000,512,Yes,,,,,,,,
pfp_bloom_filter_add_unique_size_u64,0,NVIDIA B200,I64,U64,256,1,4,4,1000000000,1024,Yes,,,,,,,,
pfp_bloom_filter_add_unique_size_u64,0,NVIDIA B200,I64,U64,256,1,4,4,1000000000,2048,Yes,,,,,,,,
pfp_bloom_filter_add_unique_size_u64,0,NVIDIA B200,I64,U64,256,1,4,8,1000000000,1,Yes,,,,,,,,
pfp_bloom_filter_add_unique_size_u64,0,NVIDIA B200,I64,U64,256,1,4,8,1000000000,2,Yes,,,,,,,,
pfp_bloom_filter_add_unique_size_u64,0,NVIDIA B200,I64,U64,256,1,4,8,1000000000,4,Yes,,,,,,,,
pfp_bloom_filter_add_unique_size_u64,0,NVIDIA B200,I64,U64,256,1,4,8,1000000000,8,Yes,,,,,,,,
pfp_bloom_filter_add_unique_size_u64,0,NVIDIA B200,I64,U64,256,1,4,8,1000000000,16,Yes,,,,,,,,
pfp_bloom_filter_add_unique_size_u64,0,NVIDIA B200,I64,U64,256,1,4,8,1000000000,32,Yes,,,,,,,,
pfp_bloom_filter_add_unique_size_u64,0,NVIDIA B200,I64,U64,256,1,4,8,1000000000,64,Yes,,,,,,,,
pfp_bloom_filter_add_unique_size_u64,0,NVIDIA B200,I64,U64,256,1,4,8,1000000000,128,Yes,,,,,,,,
pfp_bloom_filter_add_unique_size_u64,0,NVIDIA B200,I64,U64,256,1,4,8,1000000000,256,Yes,,,,,,,,
pfp_bloom_filter_add_unique_size_u64,0,NVIDIA B200,I64,U64,256,1,4,8,1000000000,512,Yes,,,,,,,,
pfp_bloom_filter_add_unique_size_u64,0,NVIDIA B200,I64,U64,256,1,4,8,1000000000,1024,Yes,,,,,,,,
pfp_bloom_filter_add_unique_size_u64,0,NVIDIA B200,I64,U64,256,1,4,8,1000000000,2048,Yes,,,,,,,,
pfp_bloom_filter_add_unique_size_u64,0,NVIDIA B200,I64,U64,256,1,8,1,1000000000,1,Yes,,,,,,,,
pfp_bloom_filter_add_unique_size_u64,0,NVIDIA B200,I64,U64,256,1,8,1,1000000000,2,Yes,,,,,,,,
pfp_bloom_filter_add_unique_size_u64,0,NVIDIA B200,I64,U64,256,1,8,1,1000000000,4,Yes,,,,,,,,
pfp_bloom_filter_add_unique_size_u64,0,NVIDIA B200,I64,U64,256,1,8,1,1000000000,8,Yes,,,,,,,,
pfp_bloom_filter_add_unique_size_u64,0,NVIDIA B200,I64,U64,256,1,8,1,1000000000,16,Yes,,,,,,,,
pfp_bloom_filter_add_unique_size_u64,0,NVIDIA B200,I64,U64,256,1,8,1,1000000000,32,Yes,,,,,,,,
pfp_bloom_filter_add_unique_size_u64,0,NVIDIA B200,I64,U64,256,1,8,1,1000000000,64,Yes,,,,,,,,
pfp_bloom_filter_add_unique_size_u64,0,NVIDIA B200,I64,U64,256,1,8,1,1000000000,128,Yes,,,,,,,,
pfp_bloom_filter_add_unique_size_u64,0,NVIDIA B200,I64,U64,256,1,8,1,1000000000,256,Yes,,,,,,,,
pfp_bloom_filter_add_unique_size_u64,0,NVIDIA B200,I64,U64,256,1,8,1,1000000000,512,Yes,,,,,,,,
pfp_bloom_filter_add_unique_size_u64,0,NVIDIA B200,I64,U64,256,1,8,1,1000000000,1024,Yes,,,,,,,,
pfp_bloom_filter_add_unique_size_u64,0,NVIDIA B200,I64,U64,256,1,8,1,1000000000,2048,Yes,,,,,,,,
pfp_bloom_filter_add_unique_size_u64,0,NVIDIA B200,I64,U64,256,1,8,2,1000000000,1,Yes,,,,,,,,
pfp_bloom_filter_add_unique_size_u64,0,NVIDIA B200,I64,U64,256,1,8,2,1000000000,2,Yes,,,,,,,,
pfp_bloom_filter_add_unique_size_u64,0,NVIDIA B200,I64,U64,256,1,8,2,1000000000,4,Yes,,,,,,,,
pfp_bloom_filter_add_unique_size_u64,0,NVIDIA B200,I64,U64,256,1,8,2,1000000000,8,Yes,,,,,,,,
pfp_bloom_filter_add_unique_size_u64,0,NVIDIA B200,I64,U64,256,1,8,2,1000000000,16,Yes,,,,,,,,
pfp_bloom_filter_add_unique_size_u64,0,NVIDIA B200,I64,U64,256,1,8,2,1000000000,32,Yes,,,,,,,,
pfp_bloom_filter_add_unique_size_u64,0,NVIDIA B200,I64,U64,256,1,8,2,1000000000,64,Yes,,,,,,,,
pfp_bloom_filter_add_unique_size_u64,0,NVIDIA B200,I64,U64,256,1,8,2,1000000000,128,Yes,,,,,,,,
pfp_bloom_filter_add_unique_size_u64,0,NVIDIA B200,I64,U64,256,1,8,2,1000000000,256,Yes,,,,,,,,
pfp_bloom_filter_add_unique_size_u64,0,NVIDIA B200,I64,U64,256,1,8,2,1000000000,512,Yes,,,,,,,,
pfp_bloom_filter_add_unique_size_u64,0,NVIDIA B200,I64,U64,256,1,8,2,1000000000,1024,Yes,,,,,,,,
pfp_bloom_filter_add_unique_size_u64,0,NVIDIA B200,I64,U64,256,1,8,2,1000000000,2048,Yes,,,,,,,,
pfp_bloom_filter_add_unique_size_u64,0,NVIDIA B200,I64,U64,256,1,8,4,1000000000,1,Yes,,,,,,,,
pfp_bloom_filter_add_unique_size_u64,0,NVIDIA B200,I64,U64,256,1,8,4,1000000000,2,Yes,,,,,,,,
pfp_bloom_filter_add_unique_size_u64,0,NVIDIA B200,I64,U64,256,1,8,4,1000000000,4,Yes,,,,,,,,
pfp_bloom_filter_add_unique_size_u64,0,NVIDIA B200,I64,U64,256,1,8,4,1000000000,8,Yes,,,,,,,,
pfp_bloom_filter_add_unique_size_u64,0,NVIDIA B200,I64,U64,256,1,8,4,1000000000,16,Yes,,,,,,,,
pfp_bloom_filter_add_unique_size_u64,0,NVIDIA B200,I64,U64,256,1,8,4,1000000000,32,Yes,,,,,,,,
pfp_bloom_filter_add_unique_size_u64,0,NVIDIA B200,I64,U64,256,1,8,4,1000000000,64,Yes,,,,,,,,
pfp_bloom_filter_add_unique_size_u64,0,NVIDIA B200,I64,U64,256,1,8,4,1000000000,128,Yes,,,,,,,,
pfp_bloom_filter_add_unique_size_u64,0,NVIDIA B200,I64,U64,256,1,8,4,1000000000,256,Yes,,,,,,,,
pfp_bloom_filter_add_unique_size_u64,0,NVIDIA B200,I64,U64,256,1,8,4,1000000000,512,Yes,,,,,,,,
pfp_bloom_filter_add_unique_size_u64,0,NVIDIA B200,I64,U64,256,1,8,4,1000000000,1024,Yes,,,,,,,,
pfp_bloom_filter_add_unique_size_u64,0,NVIDIA B200,I64,U64,256,1,8,4,1000000000,2048,Yes,,,,,,,,
pfp_bloom_filter_add_unique_size_u64,0,NVIDIA B200,I64,U64,256,1,8,8,1000000000,1,Yes,,,,,,,,
pfp_bloom_filter_add_unique_size_u64,0,NVIDIA B200,I64,U64,256,1,8,8,1000000000,2,Yes,,,,,,,,
pfp_bloom_filter_add_unique_size_u64,0,NVIDIA B200,I64,U64,256,1,8,8,1000000000,4,Yes,,,,,,,,
pfp_bloom_filter_add_unique_size_u64,0,NVIDIA B200,I64,U64,256,1,8,8,1000000000,8,Yes,,,,,,,,
pfp_bloom_filter_add_unique_size_u64,0,NVIDIA B200,I64,U64,256,1,8,8,1000000000,16,Yes,,,,,,,,
pfp_bloom_filter_add_unique_size_u64,0,NVIDIA B200,I64,U64,256,1,8,8,1000000000,32,Yes,,,,,,,,
pfp_bloom_filter_add_unique_size_u64,0,NVIDIA B200,I64,U64,256,1,8,8,1000000000,64,Yes,,,,,,,,
pfp_bloom_filter_add_unique_size_u64,0,NVIDIA B200,I64,U64,256,1,8,8,1000000000,128,Yes,,,,,,,,
pfp_bloom_filter_add_unique_size_u64,0,NVIDIA B200,I64,U64,256,1,8,8,1000000000,256,Yes,,,,,,,,
pfp_bloom_filter_add_unique_size_u64,0,NVIDIA B200,I64,U64,256,1,8,8,1000000000,512,Yes,,,,,,,,
pfp_bloom_filter_add_unique_size_u64,0,NVIDIA B200,I64,U64,256,1,8,8,1000000000,1024,Yes,,,,,,,,
pfp_bloom_filter_add_unique_size_u64,0,NVIDIA B200,I64,U64,256,1,8,8,1000000000,2048,Yes,,,,,,,,
pfp_bloom_filter_add_unique_size_u64,0,NVIDIA B200,I64,U64,256,20,1,1,1000000000,1,Yes,,,,,,,,
pfp_bloom_filter_add_unique_size_u64,0,NVIDIA B200,I64,U64,256,20,1,1,1000000000,2,Yes,,,,,,,,
pfp_bloom_filter_add_unique_size_u64,0,NVIDIA B200,I64,U64,256,20,1,1,1000000000,4,Yes,,,,,,,,
pfp_bloom_filter_add_unique_size_u64,0,NVIDIA B200,I64,U64,256,20,1,1,1000000000,8,Yes,,,,,,,,
pfp_bloom_filter_add_unique_size_u64,0,NVIDIA B200,I64,U64,256,20,1,1,1000000000,16,Yes,,,,,,,,
pfp_bloom_filter_add_unique_size_u64,0,NVIDIA B200,I64,U64,256,20,1,1,1000000000,32,Yes,,,,,,,,
pfp_bloom_filter_add_unique_size_u64,0,NVIDIA B200,I64,U64,256,20,1,1,1000000000,64,Yes,,,,,,,,
pfp_bloom_filter_add_unique_size_u64,0,NVIDIA B200,I64,U64,256,20,1,1,1000000000,128,Yes,,,,,,,,
pfp_bloom_filter_add_unique_size_u64,0,NVIDIA B200,I64,U64,256,20,1,1,1000000000,256,Yes,,,,,,,,
pfp_bloom_filter_add_unique_size_u64,0,NVIDIA B200,I64,U64,256,20,1,1,1000000000,512,Yes,,,,,,,,
pfp_bloom_filter_add_unique_size_u64,0,NVIDIA B200,I64,U64,256,20,1,1,1000000000,1024,Yes,,,,,,,,
pfp_bloom_filter_add_unique_size_u64,0,NVIDIA B200,I64,U64,256,20,1,1,1000000000,2048,Yes,,,,,,,,
pfp_bloom_filter_add_unique_size_u64,0,NVIDIA B200,I64,U64,256,20,1,2,1000000000,1,Yes,,,,,,,,
pfp_bloom_filter_add_unique_size_u64,0,NVIDIA B200,I64,U64,256,20,1,2,1000000000,2,Yes,,,,,,,,
pfp_bloom_filter_add_unique_size_u64,0,NVIDIA B200,I64,U64,256,20,1,2,1000000000,4,Yes,,,,,,,,
pfp_bloom_filter_add_unique_size_u64,0,NVIDIA B200,I64,U64,256,20,1,2,1000000000,8,Yes,,,,,,,,
pfp_bloom_filter_add_unique_size_u64,0,NVIDIA B200,I64,U64,256,20,1,2,1000000000,16,Yes,,,,,,,,
pfp_bloom_filter_add_unique_size_u64,0,NVIDIA B200,I64,U64,256,20,1,2,1000000000,32,Yes,,,,,,,,
pfp_bloom_filter_add_unique_size_u64,0,NVIDIA B200,I64,U64,256,20,1,2,1000000000,64,Yes,,,,,,,,
pfp_bloom_filter_add_unique_size_u64,0,NVIDIA B200,I64,U64,256,20,1,2,1000000000,128,Yes,,,,,,,,
pfp_bloom_filter_add_unique_size_u64,0,NVIDIA B200,I64,U64,256,20,1,2,1000000000,256,Yes,,,,,,,,
pfp_bloom_filter_add_unique_size_u64,0,NVIDIA B200,I64,U64,256,20,1,2,1000000000,512,Yes,,,,,,,,
pfp_bloom_filter_add_unique_size_u64,0,NVIDIA B200,I64,U64,256,20,1,2,1000000000,1024,Yes,,,,,,,,
pfp_bloom_filter_add_unique_size_u64,0,NVIDIA B200,I64,U64,256,20,1,2,1000000000,2048,Yes,,,,,,,,
pfp_bloom_filter_add_unique_size_u64,0,NVIDIA B200,I64,U64,256,20,1,4,1000000000,1,Yes,,,,,,,,
pfp_bloom_filter_add_unique_size_u64,0,NVIDIA B200,I64,U64,256,20,1,4,1000000000,2,Yes,,,,,,,,
pfp_bloom_filter_add_unique_size_u64,0,NVIDIA B200,I64,U64,256,20,1,4,1000000000,4,Yes,,,,,,,,
pfp_bloom_filter_add_unique_size_u64,0,NVIDIA B200,I64,U64,256,20,1,4,1000000000,8,Yes,,,,,,,,
pfp_bloom_filter_add_unique_size_u64,0,NVIDIA B200,I64,U64,256,20,1,4,1000000000,16,Yes,,,,,,,,
pfp_bloom_filter_add_unique_size_u64,0,NVIDIA B200,I64,U64,256,20,1,4,1000000000,32,Yes,,,,,,,,
pfp_bloom_filter_add_unique_size_u64,0,NVIDIA B200,I64,U64,256,20,1,4,1000000000,64,Yes,,,,,,,,
pfp_bloom_filter_add_unique_size_u64,0,NVIDIA B200,I64,U64,256,20,1,4,1000000000,128,Yes,,,,,,,,
pfp_bloom_filter_add_unique_size_u64,0,NVIDIA B200,I64,U64,256,20,1,4,1000000000,256,Yes,,,,,,,,
pfp_bloom_filter_add_unique_size_u64,0,NVIDIA B200,I64,U64,256,20,1,4,1000000000,512,Yes,,,,,,,,
pfp_bloom_filter_add_unique_size_u64,0,NVIDIA B200,I64,U64,256,20,1,4,1000000000,1024,Yes,,,,,,,,
pfp_bloom_filter_add_unique_size_u64,0,NVIDIA B200,I64,U64,256,20,1,4,1000000000,2048,Yes,,,,,,,,
pfp_bloom_filter_add_unique_size_u64,0,NVIDIA B200,I64,U64,256,20,1,8,1000000000,1,Yes,,,,,,,,
pfp_bloom_filter_add_unique_size_u64,0,NVIDIA B200,I64,U64,256,20,1,8,1000000000,2,Yes,,,,,,,,
pfp_bloom_filter_add_unique_size_u64,0,NVIDIA B200,I64,U64,256,20,1,8,1000000000,4,Yes,,,,,,,,
pfp_bloom_filter_add_unique_size_u64,0,NVIDIA B200,I64,U64,256,20,1,8,1000000000,8,Yes,,,,,,,,
pfp_bloom_filter_add_unique_size_u64,0,NVIDIA B200,I64,U64,256,20,1,8,1000000000,16,Yes,,,,,,,,
pfp_bloom_filter_add_unique_size_u64,0,NVIDIA B200,I64,U64,256,20,1,8,1000000000,32,Yes,,,,,,,,
pfp_bloom_filter_add_unique_size_u64,0,NVIDIA B200,I64,U64,256,20,1,8,1000000000,64,Yes,,,,,,,,
pfp_bloom_filter_add_unique_size_u64,0,NVIDIA B200,I64,U64,256,20,1,8,1000000000,128,Yes,,,,,,,,
pfp_bloom_filter_add_unique_size_u64,0,NVIDIA B200,I64,U64,256,20,1,8,1000000000,256,Yes,,,,,,,,
pfp_bloom_filter_add_unique_size_u64,0,NVIDIA B200,I64,U64,256,20,1,8,1000000000,512,Yes,,,,,,,,
pfp_bloom_filter_add_unique_size_u64,0,NVIDIA B200,I64,U64,256,20,1,8,1000000000,1024,Yes,,,,,,,,
pfp_bloom_filter_add_unique_size_u64,0,NVIDIA B200,I64,U64,256,20,1,8,1000000000,2048,Yes,,,,,,,,
pfp_bloom_filter_add_unique_size_u64,0,NVIDIA B200,I64,U64,256,20,2,1,1000000000,1,Yes,,,,,,,,
pfp_bloom_filter_add_unique_size_u64,0,NVIDIA B200,I64,U64,256,20,2,1,1000000000,2,Yes,,,,,,,,
pfp_bloom_filter_add_unique_size_u64,0,NVIDIA B200,I64,U64,256,20,2,1,1000000000,4,Yes,,,,,,,,
pfp_bloom_filter_add_unique_size_u64,0,NVIDIA B200,I64,U64,256,20,2,1,1000000000,8,Yes,,,,,,,,
pfp_bloom_filter_add_unique_size_u64,0,NVIDIA B200,I64,U64,256,20,2,1,1000000000,16,Yes,,,,,,,,
pfp_bloom_filter_add_unique_size_u64,0,NVIDIA B200,I64,U64,256,20,2,1,1000000000,32,Yes,,,,,,,,
pfp_bloom_filter_add_unique_size_u64,0,NVIDIA B200,I64,U64,256,20,2,1,1000000000,64,Yes,,,,,,,,
pfp_bloom_filter_add_unique_size_u64,0,NVIDIA B200,I64,U64,256,20,2,1,1000000000,128,Yes,,,,,,,,
pfp_bloom_filter_add_unique_size_u64,0,NVIDIA B200,I64,U64,256,20,2,1,1000000000,256,Yes,,,,,,,,
pfp_bloom_filter_add_unique_size_u64,0,NVIDIA B200,I64,U64,256,20,2,1,1000000000,512,Yes,,,,,,,,
pfp_bloom_filter_add_unique_size_u64,0,NVIDIA B200,I64,U64,256,20,2,1,1000000000,1024,Yes,,,,,,,,
pfp_bloom_filter_add_unique_size_u64,0,NVIDIA B200,I64,U64,256,20,2,1,1000000000,2048,Yes,,,,,,,,
pfp_bloom_filter_add_unique_size_u64,0,NVIDIA B200,I64,U64,256,20,2,2,1000000000,1,Yes,,,,,,,,
pfp_bloom_filter_add_unique_size_u64,0,NVIDIA B200,I64,U64,256,20,2,2,1000000000,2,Yes,,,,,,,,
pfp_bloom_filter_add_unique_size_u64,0,NVIDIA B200,I64,U64,256,20,2,2,1000000000,4,Yes,,,,,,,,
pfp_bloom_filter_add_unique_size_u64,0,NVIDIA B200,I64,U64,256,20,2,2,1000000000,8,Yes,,,,,,,,
pfp_bloom_filter_add_unique_size_u64,0,NVIDIA B200,I64,U64,256,20,2,2,1000000000,16,Yes,,,,,,,,
pfp_bloom_filter_add_unique_size_u64,0,NVIDIA B200,I64,U64,256,20,2,2,1000000000,32,Yes,,,,,,,,
pfp_bloom_filter_add_unique_size_u64,0,NVIDIA B200,I64,U64,256,20,2,2,1000000000,64,Yes,,,,,,,,
pfp_bloom_filter_add_unique_size_u64,0,NVIDIA B200,I64,U64,256,20,2,2,1000000000,128,Yes,,,,,,,,
pfp_bloom_filter_add_unique_size_u64,0,NVIDIA B200,I64,U64,256,20,2,2,1000000000,256,Yes,,,,,,,,
pfp_bloom_filter_add_unique_size_u64,0,NVIDIA B200,I64,U64,256,20,2,2,1000000000,512,Yes,,,,,,,,
pfp_bloom_filter_add_unique_size_u64,0,NVIDIA B200,I64,U64,256,20,2,2,1000000000,1024,Yes,,,,,,,,
pfp_bloom_filter_add_unique_size_u64,0,NVIDIA B200,I64,U64,256,20,2,2,1000000000,2048,Yes,,,,,,,,
pfp_bloom_filter_add_unique_size_u64,0,NVIDIA B200,I64,U64,256,20,2,4,1000000000,1,Yes,,,,,,,,
pfp_bloom_filter_add_unique_size_u64,0,NVIDIA B200,I64,U64,256,20,2,4,1000000000,2,Yes,,,,,,,,
pfp_bloom_filter_add_unique_size_u64,0,NVIDIA B200,I64,U64,256,20,2,4,1000000000,4,Yes,,,,,,,,
pfp_bloom_filter_add_unique_size_u64,0,NVIDIA B200,I64,U64,256,20,2,4,1000000000,8,Yes,,,,,,,,
pfp_bloom_filter_add_unique_size_u64,0,NVIDIA B200,I64,U64,256,20,2,4,1000000000,16,Yes,,,,,,,,
pfp_bloom_filter_add_unique_size_u64,0,NVIDIA B200,I64,U64,256,20,2,4,1000000000,32,Yes,,,,,,,,
pfp_bloom_filter_add_unique_size_u64,0,NVIDIA B200,I64,U64,256,20,2,4,1000000000,64,Yes,,,,,,,,
pfp_bloom_filter_add_unique_size_u64,0,NVIDIA B200,I64,U64,256,20,2,4,1000000000,128,Yes,,,,,,,,
pfp_bloom_filter_add_unique_size_u64,0,NVIDIA B200,I64,U64,256,20,2,4,1000000000,256,Yes,,,,,,,,
pfp_bloom_filter_add_unique_size_u64,0,NVIDIA B200,I64,U64,256,20,2,4,1000000000,512,Yes,,,,,,,,
pfp_bloom_filter_add_unique_size_u64,0,NVIDIA B200,I64,U64,256,20,2,4,1000000000,1024,Yes,,,,,,,,
pfp_bloom_filter_add_unique_size_u64,0,NVIDIA B200,I64,U64,256,20,2,4,1000000000,2048,Yes,,,,,,,,
pfp_bloom_filter_add_unique_size_u64,0,NVIDIA B200,I64,U64,256,20,2,8,1000000000,1,Yes,,,,,,,,
pfp_bloom_filter_add_unique_size_u64,0,NVIDIA B200,I64,U64,256,20,2,8,1000000000,2,Yes,,,,,,,,
pfp_bloom_filter_add_unique_size_u64,0,NVIDIA B200,I64,U64,256,20,2,8,1000000000,4,Yes,,,,,,,,
pfp_bloom_filter_add_unique_size_u64,0,NVIDIA B200,I64,U64,256,20,2,8,1000000000,8,Yes,,,,,,,,
pfp_bloom_filter_add_unique_size_u64,0,NVIDIA B200,I64,U64,256,20,2,8,1000000000,16,Yes,,,,,,,,
pfp_bloom_filter_add_unique_size_u64,0,NVIDIA B200,I64,U64,256,20,2,8,1000000000,32,Yes,,,,,,,,
pfp_bloom_filter_add_unique_size_u64,0,NVIDIA B200,I64,U64,256,20,2,8,1000000000,64,Yes,,,,,,,,
pfp_bloom_filter_add_unique_size_u64,0,NVIDIA B200,I64,U64,256,20,2,8,1000000000,128,Yes,,,,,,,,
pfp_bloom_filter_add_unique_size_u64,0,NVIDIA B200,I64,U64,256,20,2,8,1000000000,256,Yes,,,,,,,,
pfp_bloom_filter_add_unique_size_u64,0,NVIDIA B200,I64,U64,256,20,2,8,1000000000,512,Yes,,,,,,,,
pfp_bloom_filter_add_unique_size_u64,0,NVIDIA B200,I64,U64,256,20,2,8,1000000000,1024,Yes,,,,,,,,
pfp_bloom_filter_add_unique_size_u64,0,NVIDIA B200,I64,U64,256,20,2,8,1000000000,2048,Yes,,,,,,,,
pfp_bloom_filter_add_unique_size_u64,0,NVIDIA B200,I64,U64,256,20,4,1,1000000000,1,Yes,,,,,,,,
pfp_bloom_filter_add_unique_size_u64,0,NVIDIA B200,I64,U64,256,20,4,1,1000000000,2,Yes,,,,,,,,
pfp_bloom_filter_add_unique_size_u64,0,NVIDIA B200,I64,U64,256,20,4,1,1000000000,4,Yes,,,,,,,,
pfp_bloom_filter_add_unique_size_u64,0,NVIDIA B200,I64,U64,256,20,4,1,1000000000,8,Yes,,,,,,,,
pfp_bloom_filter_add_unique_size_u64,0,NVIDIA B200,I64,U64,256,20,4,1,1000000000,16,Yes,,,,,,,,
pfp_bloom_filter_add_unique_size_u64,0,NVIDIA B200,I64,U64,256,20,4,1,1000000000,32,Yes,,,,,,,,
pfp_bloom_filter_add_unique_size_u64,0,NVIDIA B200,I64,U64,256,20,4,1,1000000000,64,Yes,,,,,,,,
pfp_bloom_filter_add_unique_size_u64,0,NVIDIA B200,I64,U64,256,20,4,1,1000000000,128,Yes,,,,,,,,
pfp_bloom_filter_add_unique_size_u64,0,NVIDIA B200,I64,U64,256,20,4,1,1000000000,256,Yes,,,,,,,,
pfp_bloom_filter_add_unique_size_u64,0,NVIDIA B200,I64,U64,256,20,4,1,1000000000,512,Yes,,,,,,,,
pfp_bloom_filter_add_unique_size_u64,0,NVIDIA B200,I64,U64,256,20,4,1,1000000000,1024,Yes,,,,,,,,
pfp_bloom_filter_add_unique_size_u64,0,NVIDIA B200,I64,U64,256,20,4,1,1000000000,2048,Yes,,,,,,,,
pfp_bloom_filter_add_unique_size_u64,0,NVIDIA B200,I64,U64,256,20,4,2,1000000000,1,Yes,,,,,,,,
pfp_bloom_filter_add_unique_size_u64,0,NVIDIA B200,I64,U64,256,20,4,2,1000000000,2,Yes,,,,,,,,
pfp_bloom_filter_add_unique_size_u64,0,NVIDIA B200,I64,U64,256,20,4,2,1000000000,4,Yes,,,,,,,,
pfp_bloom_filter_add_unique_size_u64,0,NVIDIA B200,I64,U64,256,20,4,2,1000000000,8,Yes,,,,,,,,
pfp_bloom_filter_add_unique_size_u64,0,NVIDIA B200,I64,U64,256,20,4,2,1000000000,16,Yes,,,,,,,,
pfp_bloom_filter_add_unique_size_u64,0,NVIDIA B200,I64,U64,256,20,4,2,1000000000,32,Yes,,,,,,,,
pfp_bloom_filter_add_unique_size_u64,0,NVIDIA B200,I64,U64,256,20,4,2,1000000000,64,Yes,,,,,,,,
pfp_bloom_filter_add_unique_size_u64,0,NVIDIA B200,I64,U64,256,20,4,2,1000000000,128,Yes,,,,,,,,
pfp_bloom_filter_add_unique_size_u64,0,NVIDIA B200,I64,U64,256,20,4,2,1000000000,256,Yes,,,,,,,,
pfp_bloom_filter_add_unique_size_u64,0,NVIDIA B200,I64,U64,256,20,4,2,1000000000,512,Yes,,,,,,,,
pfp_bloom_filter_add_unique_size_u64,0,NVIDIA B200,I64,U64,256,20,4,2,1000000000,1024,Yes,,,,,,,,
pfp_bloom_filter_add_unique_size_u64,0,NVIDIA B200,I64,U64,256,20,4,2,1000000000,2048,Yes,,,,,,,,
pfp_bloom_filter_add_unique_size_u64,0,NVIDIA B200,I64,U64,256,20,4,4,1000000000,1,Yes,,,,,,,,
pfp_bloom_filter_add_unique_size_u64,0,NVIDIA B200,I64,U64,256,20,4,4,1000000000,2,Yes,,,,,,,,
pfp_bloom_filter_add_unique_size_u64,0,NVIDIA B200,I64,U64,256,20,4,4,1000000000,4,Yes,,,,,,,,
pfp_bloom_filter_add_unique_size_u64,0,NVIDIA B200,I64,U64,256,20,4,4,1000000000,8,Yes,,,,,,,,
pfp_bloom_filter_add_unique_size_u64,0,NVIDIA B200,I64,U64,256,20,4,4,1000000000,16,Yes,,,,,,,,
pfp_bloom_filter_add_unique_size_u64,0,NVIDIA B200,I64,U64,256,20,4,4,1000000000,32,Yes,,,,,,,,
pfp_bloom_filter_add_unique_size_u64,0,NVIDIA B200,I64,U64,256,20,4,4,1000000000,64,Yes,,,,,,,,
pfp_bloom_filter_add_unique_size_u64,0,NVIDIA B200,I64,U64,256,20,4,4,1000000000,128,Yes,,,,,,,,
pfp_bloom_filter_add_unique_size_u64,0,NVIDIA B200,I64,U64,256,20,4,4,1000000000,256,Yes,,,,,,,,
pfp_bloom_filter_add_unique_size_u64,0,NVIDIA B200,I64,U64,256,20,4,4,1000000000,512,Yes,,,,,,,,
pfp_bloom_filter_add_unique_size_u64,0,NVIDIA B200,I64,U64,256,20,4,4,1000000000,1024,Yes,,,,,,,,
pfp_bloom_filter_add_unique_size_u64,0,NVIDIA B200,I64,U64,256,20,4,4,1000000000,2048,Yes,,,,,,,,
pfp_bloom_filter_add_unique_size_u64,0,NVIDIA B200,I64,U64,256,20,4,8,1000000000,1,Yes,,,,,,,,
pfp_bloom_filter_add_unique_size_u64,0,NVIDIA B200,I64,U64,256,20,4,8,1000000000,2,Yes,,,,,,,,
pfp_bloom_filter_add_unique_size_u64,0,NVIDIA B200,I64,U64,256,20,4,8,1000000000,4,Yes,,,,,,,,
pfp_bloom_filter_add_unique_size_u64,0,NVIDIA B200,I64,U64,256,20,4,8,1000000000,8,Yes,,,,,,,,
pfp_bloom_filter_add_unique_size_u64,0,NVIDIA B200,I64,U64,256,20,4,8,1000000000,16,Yes,,,,,,,,
pfp_bloom_filter_add_unique_size_u64,0,NVIDIA B200,I64,U64,256,20,4,8,1000000000,32,Yes,,,,,,,,
pfp_bloom_filter_add_unique_size_u64,0,NVIDIA B200,I64,U64,256,20,4,8,1000000000,64,Yes,,,,,,,,
pfp_bloom_filter_add_unique_size_u64,0,NVIDIA B200,I64,U64,256,20,4,8,1000000000,128,Yes,,,,,,,,
pfp_bloom_filter_add_unique_size_u64,0,NVIDIA B200,I64,U64,256,20,4,8,1000000000,256,Yes,,,,,,,,
pfp_bloom_filter_add_unique_size_u64,0,NVIDIA B200,I64,U64,256,20,4,8,1000000000,512,Yes,,,,,,,,
pfp_bloom_filter_add_unique_size_u64,0,NVIDIA B200,I64,U64,256,20,4,8,1000000000,1024,Yes,,,,,,,,
pfp_bloom_filter_add_unique_size_u64,0,NVIDIA B200,I64,U64,256,20,4,8,1000000000,2048,Yes,,,,,,,,
pfp_bloom_filter_add_unique_size_u64,0,NVIDIA B200,I64,U64,256,20,8,1,1000000000,1,Yes,,,,,,,,
pfp_bloom_filter_add_unique_size_u64,0,NVIDIA B200,I64,U64,256,20,8,1,1000000000,2,Yes,,,,,,,,
pfp_bloom_filter_add_unique_size_u64,0,NVIDIA B200,I64,U64,256,20,8,1,1000000000,4,Yes,,,,,,,,
pfp_bloom_filter_add_unique_size_u64,0,NVIDIA B200,I64,U64,256,20,8,1,1000000000,8,Yes,,,,,,,,
pfp_bloom_filter_add_unique_size_u64,0,NVIDIA B200,I64,U64,256,20,8,1,1000000000,16,Yes,,,,,,,,
pfp_bloom_filter_add_unique_size_u64,0,NVIDIA B200,I64,U64,256,20,8,1,1000000000,32,Yes,,,,,,,,
pfp_bloom_filter_add_unique_size_u64,0,NVIDIA B200,I64,U64,256,20,8,1,1000000000,64,Yes,,,,,,,,
pfp_bloom_filter_add_unique_size_u64,0,NVIDIA B200,I64,U64,256,20,8,1,1000000000,128,Yes,,,,,,,,
pfp_bloom_filter_add_unique_size_u64,0,NVIDIA B200,I64,U64,256,20,8,1,1000000000,256,Yes,,,,,,,,
pfp_bloom_filter_add_unique_size_u64,0,NVIDIA B200,I64,U64,256,20,8,1,1000000000,512,Yes,,,,,,,,
pfp_bloom_filter_add_unique_size_u64,0,NVIDIA B200,I64,U64,256,20,8,1,1000000000,1024,Yes,,,,,,,,
pfp_bloom_filter_add_unique_size_u64,0,NVIDIA B200,I64,U64,256,20,8,1,1000000000,2048,Yes,,,,,,,,
pfp_bloom_filter_add_unique_size_u64,0,NVIDIA B200,I64,U64,256,20,8,2,1000000000,1,Yes,,,,,,,,
pfp_bloom_filter_add_unique_size_u64,0,NVIDIA B200,I64,U64,256,20,8,2,1000000000,2,Yes,,,,,,,,
pfp_bloom_filter_add_unique_size_u64,0,NVIDIA B200,I64,U64,256,20,8,2,1000000000,4,Yes,,,,,,,,
pfp_bloom_filter_add_unique_size_u64,0,NVIDIA B200,I64,U64,256,20,8,2,1000000000,8,Yes,,,,,,,,
pfp_bloom_filter_add_unique_size_u64,0,NVIDIA B200,I64,U64,256,20,8,2,1000000000,16,Yes,,,,,,,,
pfp_bloom_filter_add_unique_size_u64,0,NVIDIA B200,I64,U64,256,20,8,2,1000000000,32,Yes,,,,,,,,
pfp_bloom_filter_add_unique_size_u64,0,NVIDIA B200,I64,U64,256,20,8,2,1000000000,64,Yes,,,,,,,,
pfp_bloom_filter_add_unique_size_u64,0,NVIDIA B200,I64,U64,256,20,8,2,1000000000,128,Yes,,,,,,,,
pfp_bloom_filter_add_unique_size_u64,0,NVIDIA B200,I64,U64,256,20,8,2,1000000000,256,Yes,,,,,,,,
pfp_bloom_filter_add_unique_size_u64,0,NVIDIA B200,I64,U64,256,20,8,2,1000000000,512,Yes,,,,,,,,
pfp_bloom_filter_add_unique_size_u64,0,NVIDIA B200,I64,U64,256,20,8,2,1000000000,1024,Yes,,,,,,,,
pfp_bloom_filter_add_unique_size_u64,0,NVIDIA B200,I64,U64,256,20,8,2,1000000000,2048,Yes,,,,,,,,
pfp_bloom_filter_add_unique_size_u64,0,NVIDIA B200,I64,U64,256,20,8,4,1000000000,1,Yes,,,,,,,,
pfp_bloom_filter_add_unique_size_u64,0,NVIDIA B200,I64,U64,256,20,8,4,1000000000,2,Yes,,,,,,,,
pfp_bloom_filter_add_unique_size_u64,0,NVIDIA B200,I64,U64,256,20,8,4,1000000000,4,Yes,,,,,,,,
pfp_bloom_filter_add_unique_size_u64,0,NVIDIA B200,I64,U64,256,20,8,4,1000000000,8,Yes,,,,,,,,
pfp_bloom_filter_add_unique_size_u64,0,NVIDIA B200,I64,U64,256,20,8,4,1000000000,16,Yes,,,,,,,,
pfp_bloom_filter_add_unique_size_u64,0,NVIDIA B200,I64,U64,256,20,8,4,1000000000,32,Yes,,,,,,,,
pfp_bloom_filter_add_unique_size_u64,0,NVIDIA B200,I64,U64,256,20,8,4,1000000000,64,Yes,,,,,,,,
pfp_bloom_filter_add_unique_size_u64,0,NVIDIA B200,I64,U64,256,20,8,4,1000000000,128,Yes,,,,,,,,
pfp_bloom_filter_add_unique_size_u64,0,NVIDIA B200,I64,U64,256,20,8,4,1000000000,256,Yes,,,,,,,,
pfp_bloom_filter_add_unique_size_u64,0,NVIDIA B200,I64,U64,256,20,8,4,1000000000,512,Yes,,,,,,,,
pfp_bloom_filter_add_unique_size_u64,0,NVIDIA B200,I64,U64,256,20,8,4,1000000000,1024,Yes,,,,,,,,
pfp_bloom_filter_add_unique_size_u64,0,NVIDIA B200,I64,U64,256,20,8,4,1000000000,2048,Yes,,,,,,,,
pfp_bloom_filter_add_unique_size_u64,0,NVIDIA B200,I64,U64,256,20,8,8,1000000000,1,Yes,,,,,,,,
pfp_bloom_filter_add_unique_size_u64,0,NVIDIA B200,I64,U64,256,20,8,8,1000000000,2,Yes,,,,,,,,
pfp_bloom_filter_add_unique_size_u64,0,NVIDIA B200,I64,U64,256,20,8,8,1000000000,4,Yes,,,,,,,,
pfp_bloom_filter_add_unique_size_u64,0,NVIDIA B200,I64,U64,256,20,8,8,1000000000,8,Yes,,,,,,,,
pfp_bloom_filter_add_unique_size_u64,0,NVIDIA B200,I64,U64,256,20,8,8,1000000000,16,Yes,,,,,,,,
pfp_bloom_filter_add_unique_size_u64,0,NVIDIA B200,I64,U64,256,20,8,8,1000000000,32,Yes,,,,,,,,
pfp_bloom_filter_add_unique_size_u64,0,NVIDIA B200,I64,U64,256,20,8,8,1000000000,64,Yes,,,,,,,,
pfp_bloom_filter_add_unique_size_u64,0,NVIDIA B200,I64,U64,256,20,8,8,1000000000,128,Yes,,,,,,,,
pfp_bloom_filter_add_unique_size_u64,0,NVIDIA B200,I64,U64,256,20,8,8,1000000000,256,Yes,,,,,,,,
pfp_bloom_filter_add_unique_size_u64,0,NVIDIA B200,I64,U64,256,20,8,8,1000000000,512,Yes,,,,,,,,
pfp_bloom_filter_add_unique_size_u64,0,NVIDIA B200,I64,U64,256,20,8,8,1000000000,1024,Yes,,,,,,,,
pfp_bloom_filter_add_unique_size_u64,0,NVIDIA B200,I64,U64,256,20,8,8,1000000000,2048,Yes,,,,,,,,
pfp_bloom_filter_add_unique_size_u64,0,NVIDIA B200,I64,U64,512,1,1,1,1000000000,1,No,11,0.05902809409090908,7.318259972105876e-05,0.05901042036576705,7.124234733152818e-05,16946159573.201702,12,0.05901269276936847
pfp_bloom_filter_add_unique_size_u64,0,NVIDIA B200,I64,U64,512,1,1,1,1000000000,2,No,11,0.06120222463636365,0.00010993433761269363,0.061184281782670456,0.00010690693783949402,16344066986.87824,12,0.061180421511332184
pfp_bloom_filter_add_unique_size_u64,0,NVIDIA B200,I64,U64,512,1,1,1,1000000000,4,No,11,0.05928164454545455,0.00012431819838942942,0.059264477122913696,0.00012722059340284798,16873514262.61661,12,0.05926170126597086
pfp_bloom_filter_add_unique_size_u64,0,NVIDIA B200,I64,U64,512,1,1,1,1000000000,8,No,11,0.058532982727272725,9.879972875305354e-05,0.05851592150601474,9.941762874591201e-05,17089366009.509256,12,0.05851229349772135
pfp_bloom_filter_add_unique_size_u64,0,NVIDIA B200,I64,U64,512,1,1,1,1000000000,16,No,11,0.05852759354545456,9.885416405865873e-05,0.058510443253950634,9.472304473194605e-05,17090966063.267344,12,0.05850453948974608
pfp_bloom_filter_add_unique_size_u64,0,NVIDIA B200,I64,U64,512,1,1,1,1000000000,32,No,11,0.05839542736363637,6.310641425263418e-05,0.05837758775190874,6.575511786448743e-05,17129861621.719776,12,0.058369704564412435
pfp_bloom_filter_add_unique_size_u64,0,NVIDIA B200,I64,U64,512,1,1,1,1000000000,64,No,11,0.058414660909090914,5.667631975630122e-05,0.05839676492864436,5.7859518341621025e-05,17124236269.284966,12,0.058376360575358076
pfp_bloom_filter_add_unique_size_u64,0,NVIDIA B200,I64,U64,512,1,1,1,1000000000,128,No,11,0.06836289936363636,7.194808387842939e-05,0.06834483406760476,6.996896295426113e-05,14631683778.920708,12,0.06832553927103678
pfp_bloom_filter_add_unique_size_u64,0,NVIDIA B200,I64,U64,512,1,1,1,1000000000,256,No,11,0.08252437536363638,0.00015335983119208016,0.0825060078014027,0.00015119844097220798,12120329496.575142,12,0.0825049597422282
pfp_bloom_filter_add_unique_size_u64,0,NVIDIA B200,I64,U64,512,1,1,1,1000000000,512,No,11,0.12703743763636363,2.4574577263207947e-05,0.1270182578346946,2.250859794423822e-05,7872883922.730466,12,0.12701840718587243
pfp_bloom_filter_add_unique_size_u64,0,NVIDIA B200,I64,U64,512,1,1,1,1000000000,1024,No,11,0.15547836472727272,1.927922641914041e-05,0.1554593103582209,1.6944693648597117e-05,6432551371.131943,12,0.15545676803588868
pfp_bloom_filter_add_unique_size_u64,0,NVIDIA B200,I64,U64,512,1,1,1,1000000000,2048,No,11,0.17024366600000002,2.663195594188787e-05,0.17022399070046162,2.7594413014852326e-05,5874612596.526843,12,0.1702219098409017
pfp_bloom_filter_add_unique_size_u64,0,NVIDIA B200,I64,U64,512,1,1,2,1000000000,1,No,11,0.05902715754545453,9.862531157503134e-05,0.05901013807816938,0.00010230890233718396,16946240638.775034,12,0.05901200993855794
pfp_bloom_filter_add_unique_size_u64,0,NVIDIA B200,I64,U64,512,1,1,2,1000000000,2,No,11,0.061199223545454554,7.286742618786089e-05,0.06118176581642843,7.093717573630752e-05,16344739100.869194,12,0.06118596235911051
pfp_bloom_filter_add_unique_size_u64,0,NVIDIA B200,I64,U64,512,1,1,2,1000000000,4,No,11,0.05927952445454545,0.00013808926719829155,0.0592618619745428,0.00013485992882309494,16874258868.70668,12,0.059264512062072755
pfp_bloom_filter_add_unique_size_u64,0,NVIDIA B200,I64,U64,512,1,1,2,1000000000,8,No,11,0.05852905990909092,9.432819971040123e-05,0.05851182521473279,9.629105551506011e-05,17090562400.50786,12,0.05851528453826905
pfp_bloom_filter_add_unique_size_u64,0,NVIDIA B200,I64,U64,512,1,1,2,1000000000,16,No,11,0.05852484536363636,0.00011013114631527414,0.058507453571666375,0.00010558930184043097,17091839397.438309,12,0.058503768920898445
pfp_bloom_filter_add_unique_size_u64,0,NVIDIA B200,I64,U64,512,1,1,2,1000000000,32,No,11,0.05839648372727273,7.622828541329417e-05,0.058379171198064635,7.862207669924222e-05,17129397000.297798,12,0.0583662052154541
pfp_bloom_filter_add_unique_size_u64,0,NVIDIA B200,I64,U64,512,1,1,2,1000000000,64,No,11,0.05841392809090909,7.414302530706791e-05,0.05839657870205967,7.033523102436287e-05,17124290878.443699,12,0.05837217903137207
pfp_bloom_filter_add_unique_size_u64,0,NVIDIA B200,I64,U64,512,1,1,2,1000000000,128,No,11,0.06838158681818182,8.054018081186988e-05,0.06836363636363636,7.644813719798997e-05,14627659574.468086,12,0.06833749580383301
pfp_bloom_filter_add_unique_size_u64,0,NVIDIA B200,I64,U64,512,1,1,2,1000000000,256,No,11,0.08260706727272728,9.576898844531186e-05,0.08258792738481001,9.296153108072629e-05,12108307251.017479,12,0.08257672373453775
pfp_bloom_filter_add_unique_size_u64,0,NVIDIA B200,I64,U64,512,1,1,2,1000000000,512,No,11,0.12703503754545456,1.687304428864804e-05,0.12701491824063388,1.3882795785512485e-05,7873090923.898149,12,0.12701541837056476
pfp_bloom_filter_add_unique_size_u64,0,NVIDIA B200,I64,U64,512,1,1,2,1000000000,1024,No,11,0.15547556290909093,1.2245035889741386e-05,0.15545511696555395,1.1151560773920711e-05,6432724888.828085,12,0.15545608647664386
pfp_bloom_filter_add_unique_size_u64,0,NVIDIA B200,I64,U64,512,1,1,2,1000000000,2048,No,11,0.17024277836363638,1.829890767844152e-05,0.17022212496670808,1.869977358545303e-05,5874676985.706642,12,0.17021865717569984
pfp_bloom_filter_add_unique_size_u64,0,NVIDIA B200,I64,U64,512,1,1,4,1000000000,1,No,11,0.059027777727272725,0.00011553097952050338,0.059009681354869496,0.00011370635274405427,16946371799.336613,12,0.059007051150004076
pfp_bloom_filter_add_unique_size_u64,0,NVIDIA B200,I64,U64,512,1,1,4,1000000000,2,No,11,0.06119940090909091,0.00011029480528279464,0.061180744864723906,0.00010077915706467747,16345011853.1752,12,0.06118118190765381
pfp_bloom_filter_add_unique_size_u64,0,NVIDIA B200,I64,U64,512,1,1,4,1000000000,4,No,11,0.05928535063636364,0.00018335620580004326,0.05926781428943981,0.00018483953367044774,16872564173.134651,12,0.0592652883529663
pfp_bloom_filter_add_unique_size_u64,0,NVIDIA B200,I64,U64,512,1,1,4,1000000000,8,No,11,0.05853297,7.424464123846428e-05,0.058515735279430055,7.632389639706941e-05,17089420396.491684,12,0.05851529121398926
pfp_bloom_filter_add_unique_size_u64,0,NVIDIA B200,I64,U64,512,1,1,4,1000000000,16,No,11,0.058526498,0.00015051370918521062,0.058509215615012426,0.00015159192598612414,17091324665.501373,12,0.05850718180338541
pfp_bloom_filter_add_unique_size_u64,0,NVIDIA B200,I64,U64,512,1,1,4,1000000000,32,No,11,0.05839524836363637,9.020903113991224e-05,0.058377782995050594,8.879237862445495e-05,17129804331.294704,12,0.058367828687032074
pfp_bloom_filter_add_unique_size_u64,0,NVIDIA B200,I64,U64,512,1,1,4,1000000000,64,No,11,0.05841387172727273,6.987133136709557e-05,0.05839657939564098,7.621475848008965e-05,17124290675.05699,12,0.05837388706207275
pfp_bloom_filter_add_unique_size_u64,0,NVIDIA B200,I64,U64,512,1,1,4,1000000000,128,No,11,0.068381456,6.929855974193686e-05,0.068363449790261,7.333501594345547e-05,14627699495.388237,12,0.06834295399983724
pfp_bloom_filter_add_unique_size_u64,0,NVIDIA B200,I64,U64,512,1,1,4,1000000000,256,No,11,0.08259759900000001,6.738323838439531e-05,0.08257917577570134,7.06164632665488e-05,12109590470.074017,12,0.08257595761617025
pfp_bloom_filter_add_unique_size_u64,0,NVIDIA B200,I64,U64,512,1,1,4,1000000000,512,No,11,0.12703782118181817,2.0230589964059794e-05,0.1270190069025213,2.0395048784631486e-05,7872837494.05657,12,0.12701636187235515
pfp_bloom_filter_add_unique_size_u64,0,NVIDIA B200,I64,U64,512,1,1,4,1000000000,1024,No,11,0.1554777783636364,1.749397132085671e-05,0.15545707147771662,1.5954976430179773e-05,6432644012.230354,12,0.1554560801188151
pfp_bloom_filter_add_unique_size_u64,0,NVIDIA B200,I64,U64,512,1,1,4,1000000000,2048,No,11,0.17024143900000002,1.4876578874767068e-05,0.17022091674804687,1.0872027148617344e-05,5874718683.839271,12,0.17022028477986653
pfp_bloom_filter_add_unique_size_u64,0,NVIDIA B200,I64,U64,512,1,1,8,1000000000,1,No,11,0.059027000181818196,8.534770987859572e-05,0.05900930300625888,9.085890855471271e-05,16946480454.004583,12,0.059010390281677254
pfp_bloom_filter_add_unique_size_u64,0,NVIDIA B200,I64,U64,512,1,1,8,1000000000,2,No,11,0.061200898090909096,0.00014178891313736418,0.06118251037597657,0.00013375577669019441,16344540193.837027,12,0.06118527921040853
pfp_bloom_filter_add_unique_size_u64,0,NVIDIA B200,I64,U64,512,1,1,8,1000000000,4,No,11,0.05928268736363637,0.00017213125516616417,0.059265300403941755,0.0001766962781372185,16873279865.016758,12,0.059267926216125484
pfp_bloom_filter_add_unique_size_u64,0,NVIDIA B200,I64,U64,512,1,1,8,1000000000,8,No,11,0.05853033063636364,9.94693761965975e-05,0.058512852061878555,0.0001026929713919074,17090262476.737234,12,0.05850820191701253
pfp_bloom_filter_add_unique_size_u64,0,NVIDIA B200,I64,U64,512,1,1,8,1000000000,16,No,11,0.058526419999999996,0.0001451501174761216,0.05850895136052912,0.00014413547371354524,17091401858.119999,12,0.05850570742289226
pfp_bloom_filter_add_unique_size_u64,0,NVIDIA B200,I64,U64,512,1,1,8,1000000000,32,No,11,0.05839482545454545,4.921892423661604e-05,0.05837712582674893,5.117684905798664e-05,17129997166.489326,12,0.05836798095703125
pfp_bloom_filter_add_unique_size_u64,0,NVIDIA B200,I64,U64,512,1,1,8,1000000000,64,No,11,0.058412570727272725,6.670780706019738e-05,0.05839564514160155,7.147389416414123e-05,17124564641.338152,12,0.05837499364217124
pfp_bloom_filter_add_unique_size_u64,0,NVIDIA B200,I64,U64,512,1,1,8,1000000000,128,No,11,0.06838077963636363,0.00012431592650202593,0.0683627111261541,0.00011808433147473048,14627857548.753967,12,0.06833996136983235
pfp_bloom_filter_add_unique_size_u64,0,NVIDIA B200,I64,U64,512,1,1,8,1000000000,256,No,11,0.08259208536363638,4.358981336857883e-05,0.08257358967174183,4.2629885849164484e-05,12110409683.95998,12,0.08257425244649251
pfp_bloom_filter_add_unique_size_u64,0,NVIDIA B200,I64,U64,512,1,1,8,1000000000,512,No,11,0.12703696663636366,1.977659581870891e-05,0.12701713353937324,1.687795541396217e-05,7872953609.75861,12,0.12701522572835286
pfp_bloom_filter_add_unique_size_u64,0,NVIDIA B200,I64,U64,512,1,1,8,1000000000,1024,No,11,0.15547162272727275,1.3862528683640039e-05,0.15545242448286578,1.5028292055246909e-05,6432836305.555476,12,0.15545301437377929
pfp_bloom_filter_add_unique_size_u64,0,NVIDIA B200,I64,U64,512,1,1,8,1000000000,2048,No,11,0.17024086145454545,1.3831509824031069e-05,0.17022026616876776,1.5485426243849527e-05,5874741136.925101,12,0.17022453308105467
pfp_bloom_filter_add_unique_size_u64,0,NVIDIA B200,I64,U64,512,1,2,1,1000000000,1,No,17,0.0309796675882353,6.182133358689883e-05,0.030963049944709324,1.629476683838458e-05,32296559989.590775,18,0.030961718559265137
pfp_bloom_filter_add_unique_size_u64,0,NVIDIA B200,I64,U64,512,1,2,1,1000000000,2,No,17,0.03107303705882353,0.00013966680778810647,0.031055932437672337,9.855438859682589e-05,32199967011.35761,18,0.031053475803799097
pfp_bloom_filter_add_unique_size_u64,0,NVIDIA B200,I64,U64,512,1,2,1,1000000000,4,No,17,0.030985273647058824,3.8686931306222646e-05,0.03096871151643641,2.5840171533592096e-05,32290655666.09891,18,0.03096667014227973
pfp_bloom_filter_add_unique_size_u64,0,NVIDIA B200,I64,U64,512,1,2,1,1000000000,8,No,17,0.030987408941176478,2.499977064031178e-05,0.030970944460700537,2.4546588011807494e-05,32288327573.24898,18,0.030967068778143994
pfp_bloom_filter_add_unique_size_u64,0,NVIDIA B200,I64,U64,512,1,2,1,1000000000,16,No,17,0.030990202529411766,3.298897703218731e-05,0.030973710340612078,2.196429694442362e-05,32285444301.09237,18,0.03096729596455892
pfp_bloom_filter_add_unique_size_u64,0,NVIDIA B200,I64,U64,512,1,2,1,1000000000,32,No,17,0.03099430529411765,3.5133038187466465e-05,0.03097781304752126,2.46847444047956e-05,32281168411.274166,18,0.030967402034335664
pfp_bloom_filter_add_unique_size_u64,0,NVIDIA B200,I64,U64,512,1,2,1,1000000000,64,No,17,0.031005891235294115,3.0872802994254117e-05,0.030989371916827033,2.156870441473797e-05,32269127708.813175,18,0.030967353608873156
pfp_bloom_filter_add_unique_size_u64,0,NVIDIA B200,I64,U64,512,1,2,1,1000000000,128,No,12,0.04397421625,0.00012095598484483148,0.043956639925638835,0.00011220308709794077,22749691552.668575,13,0.04393708273080678
pfp_bloom_filter_add_unique_size_u64,0,NVIDIA B200,I64,U64,512,1,2,1,1000000000,256,No,11,0.05865797763636364,8.971921569126356e-05,0.05863992482965644,9.439462230829526e-05,17053227863.182083,12,0.058631169954935704
pfp_bloom_filter_add_unique_size_u64,0,NVIDIA B200,I64,U64,512,1,2,1,1000000000,512,No,11,0.06667508163636364,7.053277394978105e-05,0.06665635403719815,6.529164285409656e-05,15002320700.6183,12,0.06665088399251302
pfp_bloom_filter_add_unique_size_u64,0,NVIDIA B200,I64,U64,512,1,2,1,1000000000,1024,No,11,0.07809482300000001,1.7644546673387655e-05,0.07807581398703835,1.8073374236563117e-05,12808063713.123934,12,0.07807487932840984
pfp_bloom_filter_add_unique_size_u64,0,NVIDIA B200,I64,U64,512,1,2,1,1000000000,2048,No,11,0.08546696472727273,2.1894437729160455e-05,0.08544684184681285,1.17616224631215e-05,11703182685.122257,12,0.08544605573018392
pfp_bloom_filter_add_unique_size_u64,0,NVIDIA B200,I64,U64,512,1,2,2,1000000000,1,No,16,0.031340016500000005,0.00010488190906256641,0.03132377600669861,0.00010801316339013067,31924631301.990837,17,0.03132132676068474
pfp_bloom_filter_add_unique_size_u64,0,NVIDIA B200,I64,U64,512,1,2,2,1000000000,2,No,16,0.032427491687500004,0.00010045500577687351,0.03241095232963562,9.331277185575421e-05,30853767881.594444,17,0.03241098089779124
pfp_bloom_filter_add_unique_size_u64,0,NVIDIA B200,I64,U64,512,1,2,2,1000000000,4,No,16,0.0314727608125,0.00012648613848764467,0.03145613431930542,0.00012050698537590197,31790301689.622265,17,0.031450352388269764
pfp_bloom_filter_add_unique_size_u64,0,NVIDIA B200,I64,U64,512,1,2,2,1000000000,8,No,17,0.031103613294117646,0.0001248646280502901,0.031087194442749027,0.00012205263955543542,32167585976.329437,18,0.031081639395819774
pfp_bloom_filter_add_unique_size_u64,0,NVIDIA B200,I64,U64,512,1,2,2,1000000000,16,No,17,0.031102405705882363,0.00011417763493614172,0.031085963529698984,0.00011337725881317739,32168859718.45838,18,0.031078285217285156
pfp_bloom_filter_add_unique_size_u64,0,NVIDIA B200,I64,U64,512,1,2,2,1000000000,32,No,17,0.031054705588235296,7.037848137558659e-05,0.031038405474494487,6.005772665273457e-05,32218149892.45309,18,0.031028106795416937
pfp_bloom_filter_add_unique_size_u64,0,NVIDIA B200,I64,U64,512,1,2,2,1000000000,64,No,17,0.03107020711764706,7.333970495506025e-05,0.03105387654024012,6.748804995382026e-05,32202098784.80658,18,0.031029074350992843
pfp_bloom_filter_add_unique_size_u64,0,NVIDIA B200,I64,U64,512,1,2,2,1000000000,128,No,12,0.04414891066666667,0.00014411484010980896,0.044132007280985514,0.0001399176039072086,22659291104.369385,13,0.04411296609731821
pfp_bloom_filter_add_unique_size_u64,0,NVIDIA B200,I64,U64,512,1,2,2,1000000000,256,No,11,0.05860405190909091,0.00010427395958542391,0.05858602489124645,0.00010226435690343288,17068917064.373377,12,0.05857724316914877
pfp_bloom_filter_add_unique_size_u64,0,NVIDIA B200,I64,U64,512,1,2,2,1000000000,512,No,11,0.06660101954545455,8.225952938020651e-05,0.06658262079412286,8.00457059586906e-05,15018934191.431953,12,0.06657885932922362
pfp_bloom_filter_add_unique_size_u64,0,NVIDIA B200,I64,U64,512,1,2,2,1000000000,1024,No,11,0.07808261581818184,1.1642898932836407e-05,0.07806352095170455,9.175870458826873e-06,12810080660.06488,12,0.0780634396870931
pfp_bloom_filter_add_unique_size_u64,0,NVIDIA B200,I64,U64,512,1,2,2,1000000000,2048,No,11,0.08546458563636362,1.468454492877704e-05,0.08544526048140093,1.230107082543297e-05,11703399280.02996,12,0.08544426600138345
pfp_bloom_filter_add_unique_size_u64,0,NVIDIA B200,I64,U64,512,1,2,4,1000000000,1,No,11,0.04893905636363637,9.390549816460317e-05,0.048921375968239526,9.134672174216533e-05,20440962262.574436,12,0.04891809781392415
pfp_bloom_filter_add_unique_size_u64,0,NVIDIA B200,I64,U64,512,1,2,4,1000000000,2,No,11,0.0508398160909091,7.926915265550123e-05,0.05082186473499644,8.063397807569899e-05,19676570413.430542,12,0.050819332122802735
pfp_bloom_filter_add_unique_size_u64,0,NVIDIA B200,I64,U64,512,1,2,4,1000000000,4,No,11,0.04927375072727273,0.00011422169424883452,0.049256180156360976,0.00011157752233811896,20302020920.533344,12,0.049257298469543465
pfp_bloom_filter_add_unique_size_u64,0,NVIDIA B200,I64,U64,512,1,2,4,1000000000,8,No,11,0.048556266727272736,0.00014715826622426596,0.04853843793002042,0.00014097395353695067,20602228721.116558,12,0.048534442901611324
pfp_bloom_filter_add_unique_size_u64,0,NVIDIA B200,I64,U64,512,1,2,4,1000000000,16,No,11,0.04854284490909091,8.792972622473893e-05,0.04852559176358309,8.70609864851447e-05,20607682743.406914,12,0.048523690541585285
pfp_bloom_filter_add_unique_size_u64,0,NVIDIA B200,I64,U64,512,1,2,4,1000000000,32,No,11,0.0483898760909091,0.000125364769308374,0.04837232069535689,0.00011773735576036853,20672979621.9181,12,0.04836642456054688
pfp_bloom_filter_add_unique_size_u64,0,NVIDIA B200,I64,U64,512,1,2,4,1000000000,64,No,11,0.048400444181818186,7.75593215743984e-05,0.04838334863836114,8.253523811506438e-05,20668267661.142033,12,0.04837401485443115
pfp_bloom_filter_add_unique_size_u64,0,NVIDIA B200,I64,U64,512,1,2,4,1000000000,128,No,11,0.04899204136363637,5.7856351006780265e-05,0.04897494160045277,5.798147714056422e-05,20418605256.50438,12,0.04896196333567301
pfp_bloom_filter_add_unique_size_u64,0,NVIDIA B200,I64,U64,512,1,2,4,1000000000,256,No,11,0.05744633490909091,8.153495696582772e-05,0.05742936741222035,8.926807780647921e-05,17412693976.274075,12,0.057423955599466954
pfp_bloom_filter_add_unique_size_u64,0,NVIDIA B200,I64,U64,512,1,2,4,1000000000,512,No,11,0.06384105736363638,3.246251645886569e-05,0.06382303445989436,2.762578557208406e-05,15668324272.929834,12,0.06381806945800782
pfp_bloom_filter_add_unique_size_u64,0,NVIDIA B200,I64,U64,512,1,2,4,1000000000,1024,No,11,0.07808287663636365,8.895826578981629e-06,0.07806463831121271,1.1746291689055665e-05,12809897306.04268,12,0.07806395785013835
pfp_bloom_filter_add_unique_size_u64,0,NVIDIA B200,I64,U64,512,1,2,4,1000000000,2048,No,11,0.08546146927272727,9.936477585462013e-06,0.08544274416836826,8.982954213800812e-06,11703743948.455833,12,0.08544068908691406
pfp_bloom_filter_add_unique_size_u64,0,NVIDIA B200,I64,U64,512,1,2,8,1000000000,1,Yes,,,,,,,,
pfp_bloom_filter_add_unique_size_u64,0,NVIDIA B200,I64,U64,512,1,2,8,1000000000,2,Yes,,,,,,,,
pfp_bloom_filter_add_unique_size_u64,0,NVIDIA B200,I64,U64,512,1,2,8,1000000000,4,Yes,,,,,,,,
pfp_bloom_filter_add_unique_size_u64,0,NVIDIA B200,I64,U64,512,1,2,8,1000000000,8,Yes,,,,,,,,
pfp_bloom_filter_add_unique_size_u64,0,NVIDIA B200,I64,U64,512,1,2,8,1000000000,16,Yes,,,,,,,,
pfp_bloom_filter_add_unique_size_u64,0,NVIDIA B200,I64,U64,512,1,2,8,1000000000,32,Yes,,,,,,,,
pfp_bloom_filter_add_unique_size_u64,0,NVIDIA B200,I64,U64,512,1,2,8,1000000000,64,Yes,,,,,,,,
pfp_bloom_filter_add_unique_size_u64,0,NVIDIA B200,I64,U64,512,1,2,8,1000000000,128,Yes,,,,,,,,
pfp_bloom_filter_add_unique_size_u64,0,NVIDIA B200,I64,U64,512,1,2,8,1000000000,256,Yes,,,,,,,,
pfp_bloom_filter_add_unique_size_u64,0,NVIDIA B200,I64,U64,512,1,2,8,1000000000,512,Yes,,,,,,,,
pfp_bloom_filter_add_unique_size_u64,0,NVIDIA B200,I64,U64,512,1,2,8,1000000000,1024,Yes,,,,,,,,
pfp_bloom_filter_add_unique_size_u64,0,NVIDIA B200,I64,U64,512,1,2,8,1000000000,2048,Yes,,,,,,,,
pfp_bloom_filter_add_unique_size_u64,0,NVIDIA B200,I64,U64,512,1,4,1,1000000000,1,No,27,0.01883689137037037,4.90505034203527e-05,0.018821499930487737,3.720027121937877e-05,53130728352.85377,28,0.018820159775870187
pfp_bloom_filter_add_unique_size_u64,0,NVIDIA B200,I64,U64,512,1,4,1,1000000000,2,No,27,0.018837353259259258,6.616411959825552e-05,0.018821861408374926,3.56246094392393e-05,53129707965.81483,28,0.018820241519383024
pfp_bloom_filter_add_unique_size_u64,0,NVIDIA B200,I64,U64,512,1,4,1,1000000000,4,No,27,0.018837705814814813,5.454704591446313e-05,0.018822622511121958,3.439990758306021e-05,53127559637.83035,28,0.018820533752441408
pfp_bloom_filter_add_unique_size_u64,0,NVIDIA B200,I64,U64,512,1,4,1,1000000000,8,No,27,0.018840009592592598,6.558185394718087e-05,0.018824742069950804,3.649378915032091e-05,53121577776.95455,28,0.018821185520717074
pfp_bloom_filter_add_unique_size_u64,0,NVIDIA B200,I64,U64,512,1,4,1,1000000000,16,No,27,0.018841257148148154,5.4476448109547466e-05,0.018826108932495117,4.1012167099072534e-05,53117720904.81924,28,0.018820898873465403
pfp_bloom_filter_add_unique_size_u64,0,NVIDIA B200,I64,U64,512,1,4,1,1000000000,32,No,27,0.018845063,7.577903171830654e-05,0.018829448911878797,5.180485887380406e-05,53108298850.37885,28,0.0188212297303336
pfp_bloom_filter_add_unique_size_u64,0,NVIDIA B200,I64,U64,512,1,4,1,1000000000,64,No,27,0.018843882148148153,5.98925680167763e-05,0.018828061492354786,4.588085222380177e-05,53112212343.58376,28,0.018810001373291012
pfp_bloom_filter_add_unique_size_u64,0,NVIDIA B200,I64,U64,512,1,4,1,1000000000,128,No,16,0.0329256874375,0.0002012928965080442,0.03290898609161377,0.0001995490248249253,30386837115.435497,17,0.0328904567045324
pfp_bloom_filter_add_unique_size_u64,0,NVIDIA B200,I64,U64,512,1,4,1,1000000000,256,No,11,0.04646571181818183,0.00017678091372814325,0.046448366338556465,0.00015708761277286366,21529282487.80855,12,0.046439933776855465
pfp_bloom_filter_add_unique_size_u64,0,NVIDIA B200,I64,U64,512,1,4,1,1000000000,512,No,11,0.05319721681818182,0.0001702745533481926,0.053179671200838954,0.0001667712680482424,18804177939.035927,12,0.053175466855367025
pfp_bloom_filter_add_unique_size_u64,0,NVIDIA B200,I64,U64,512,1,4,1,1000000000,1024,No,11,0.05628115081818183,0.0001955628808883242,0.05626377279108221,0.00019490970417162604,17773425961.1986,12,0.05626513195037841
pfp_bloom_filter_add_unique_size_u64,0,NVIDIA B200,I64,U64,512,1,4,1,1000000000,2048,No,11,0.057716831,0.00018068003496351856,0.05769923470237038,0.0001717827709555957,17331252401.497074,12,0.0577006820042928
pfp_bloom_filter_add_unique_size_u64,0,NVIDIA B200,I64,U64,512,1,4,2,1000000000,1,No,18,0.0284430535,6.562747853751579e-05,0.02842686557769776,5.113628290518197e-05,35177990245.41587,19,0.028425425780446906
pfp_bloom_filter_add_unique_size_u64,0,NVIDIA B200,I64,U64,512,1,4,2,1000000000,2,No,17,0.029570805235294116,0.00012651836681539972,0.029554492165060602,0.00011103090776161692,33835803857.33045,18,0.029552184528774686
pfp_bloom_filter_add_unique_size_u64,0,NVIDIA B200,I64,U64,512,1,4,2,1000000000,4,No,18,0.0286656685,0.00016035317004325407,0.028649525324503582,0.00016135390452120477,34904592263.68796,19,0.0286480702851948
pfp_bloom_filter_add_unique_size_u64,0,NVIDIA B200,I64,U64,512,1,4,2,1000000000,8,No,18,0.028243755111111116,0.00014317071844420823,0.028227306895785866,0.00013662271647918678,35426688195.65259,19,0.028224296569824222
pfp_bloom_filter_add_unique_size_u64,0,NVIDIA B200,I64,U64,512,1,4,2,1000000000,16,No,18,0.028241727388888884,0.00011574238387989233,0.028225423918830025,0.00011604296161502296,35429051583.982414,19,0.02822090078655042
pfp_bloom_filter_add_unique_size_u64,0,NVIDIA B200,I64,U64,512,1,4,2,1000000000,32,No,18,0.02813270311111112,7.55588541135955e-05,0.028116174379984538,8.336916193264249e-05,35566716384.85371,19,0.028111060293097245
pfp_bloom_filter_add_unique_size_u64,0,NVIDIA B200,I64,U64,512,1,4,2,1000000000,64,No,18,0.028139593555555557,0.00010936229485876276,0.02812328910827637,0.00011145397428230095,35557718592.229355,19,0.028113973717940485
pfp_bloom_filter_add_unique_size_u64,0,NVIDIA B200,I64,U64,512,1,4,2,1000000000,128,No,15,0.0338439502,0.00012716139317787796,0.03382729365030924,0.0001273295111048824,29561927428.706917,16,0.033810879945755004
pfp_bloom_filter_add_unique_size_u64,0,NVIDIA B200,I64,U64,512,1,4,2,1000000000,256,No,11,0.04584252054545455,0.00012017548670392615,0.045825137051669025,0.00012358742948609925,21822084217.063534,12,0.04581777095794678
pfp_bloom_filter_add_unique_size_u64,0,NVIDIA B200,I64,U64,512,1,4,2,1000000000,512,No,11,0.051973640272727266,8.673166154770005e-05,0.05195618334683506,8.830403072822091e-05,19246987280.11775,12,0.05195417817433675
pfp_bloom_filter_add_unique_size_u64,0,NVIDIA B200,I64,U64,512,1,4,2,1000000000,1024,No,11,0.05488786218181818,6.462596985158077e-05,0.05486964381824841,6.672971262413442e-05,18225013512.251423,12,0.05486711851755779
pfp_bloom_filter_add_unique_size_u64,0,NVIDIA B200,I64,U64,512,1,4,2,1000000000,2048,No,11,0.05629355745454546,5.6723582643041255e-05,0.056275874744762075,5.7901345552488174e-05,17769603840.64178,12,0.056273156483968086
pfp_bloom_filter_add_unique_size_u64,0,NVIDIA B200,I64,U64,512,1,4,4,1000000000,1,Yes,,,,,,,,
pfp_bloom_filter_add_unique_size_u64,0,NVIDIA B200,I64,U64,512,1,4,4,1000000000,2,Yes,,,,,,,,
pfp_bloom_filter_add_unique_size_u64,0,NVIDIA B200,I64,U64,512,1,4,4,1000000000,4,Yes,,,,,,,,
pfp_bloom_filter_add_unique_size_u64,0,NVIDIA B200,I64,U64,512,1,4,4,1000000000,8,Yes,,,,,,,,
pfp_bloom_filter_add_unique_size_u64,0,NVIDIA B200,I64,U64,512,1,4,4,1000000000,16,Yes,,,,,,,,
pfp_bloom_filter_add_unique_size_u64,0,NVIDIA B200,I64,U64,512,1,4,4,1000000000,32,Yes,,,,,,,,
pfp_bloom_filter_add_unique_size_u64,0,NVIDIA B200,I64,U64,512,1,4,4,1000000000,64,Yes,,,,,,,,
pfp_bloom_filter_add_unique_size_u64,0,NVIDIA B200,I64,U64,512,1,4,4,1000000000,128,Yes,,,,,,,,
pfp_bloom_filter_add_unique_size_u64,0,NVIDIA B200,I64,U64,512,1,4,4,1000000000,256,Yes,,,,,,,,
pfp_bloom_filter_add_unique_size_u64,0,NVIDIA B200,I64,U64,512,1,4,4,1000000000,512,Yes,,,,,,,,
pfp_bloom_filter_add_unique_size_u64,0,NVIDIA B200,I64,U64,512,1,4,4,1000000000,1024,Yes,,,,,,,,
pfp_bloom_filter_add_unique_size_u64,0,NVIDIA B200,I64,U64,512,1,4,4,1000000000,2048,Yes,,,,,,,,
pfp_bloom_filter_add_unique_size_u64,0,NVIDIA B200,I64,U64,512,1,4,8,1000000000,1,Yes,,,,,,,,
pfp_bloom_filter_add_unique_size_u64,0,NVIDIA B200,I64,U64,512,1,4,8,1000000000,2,Yes,,,,,,,,
pfp_bloom_filter_add_unique_size_u64,0,NVIDIA B200,I64,U64,512,1,4,8,1000000000,4,Yes,,,,,,,,
pfp_bloom_filter_add_unique_size_u64,0,NVIDIA B200,I64,U64,512,1,4,8,1000000000,8,Yes,,,,,,,,
pfp_bloom_filter_add_unique_size_u64,0,NVIDIA B200,I64,U64,512,1,4,8,1000000000,16,Yes,,,,,,,,
pfp_bloom_filter_add_unique_size_u64,0,NVIDIA B200,I64,U64,512,1,4,8,1000000000,32,Yes,,,,,,,,
pfp_bloom_filter_add_unique_size_u64,0,NVIDIA B200,I64,U64,512,1,4,8,1000000000,64,Yes,,,,,,,,
pfp_bloom_filter_add_unique_size_u64,0,NVIDIA B200,I64,U64,512,1,4,8,1000000000,128,Yes,,,,,,,,
pfp_bloom_filter_add_unique_size_u64,0,NVIDIA B200,I64,U64,512,1,4,8,1000000000,256,Yes,,,,,,,,
pfp_bloom_filter_add_unique_size_u64,0,NVIDIA B200,I64,U64,512,1,4,8,1000000000,512,Yes,,,,,,,,
pfp_bloom_filter_add_unique_size_u64,0,NVIDIA B200,I64,U64,512,1,4,8,1000000000,1024,Yes,,,,,,,,
pfp_bloom_filter_add_unique_size_u64,0,NVIDIA B200,I64,U64,512,1,4,8,1000000000,2048,Yes,,,,,,,,
pfp_bloom_filter_add_unique_size_u64,0,NVIDIA B200,I64,U64,512,1,8,1,1000000000,1,No,35,0.014401773685714285,0.00011580335281604785,0.014386646924700054,9.00291708835247e-05,69508899831.49072,36,0.014385408189561633
pfp_bloom_filter_add_unique_size_u64,0,NVIDIA B200,I64,U64,512,1,8,1,1000000000,2,No,35,0.014526272857142855,0.00015967033734457702,0.014511153357369556,0.00014654871297569178,68912509941.33733,36,0.01450953843858507
pfp_bloom_filter_add_unique_size_u64,0,NVIDIA B200,I64,U64,512,1,8,1,1000000000,4,No,35,0.01440280617142857,0.00012916143066407163,0.01438735904693603,0.00012855586688892382,69505459392.35197,36,0.014384611341688367
pfp_bloom_filter_add_unique_size_u64,0,NVIDIA B200,I64,U64,512,1,8,1,1000000000,8,No,35,0.014407696314285715,0.00013122846899626223,0.014392309951782227,7.646194603961497e-05,69481549754.71245,36,0.014387824164496528
pfp_bloom_filter_add_unique_size_u64,0,NVIDIA B200,I64,U64,512,1,8,1,1000000000,16,No,35,0.014407178114285712,9.645542151662268e-05,0.01439217365809849,7.80098508701124e-05,69482207744.0192,36,0.014388646443684896
pfp_bloom_filter_add_unique_size_u64,0,NVIDIA B200,I64,U64,512,1,8,1,1000000000,32,No,35,0.014409518828571435,0.00012066338950385496,0.014394219071524482,0.00010012202115938212,69472334346.93658,36,0.014387854682074652
pfp_bloom_filter_add_unique_size_u64,0,NVIDIA B200,I64,U64,512,1,8,1,1000000000,64,No,35,0.014544802714285713,0.008062173906350298,0.014529694175720215,0.008068704244768032,68824573174.50258,36,0.014609266493055557
pfp_bloom_filter_add_unique_size_u64,0,NVIDIA B200,I64,U64,512,1,8,1,1000000000,128,No,19,0.02680264168421053,0.000115832909929762,0.026786600213301814,0.00011925455471889748,37332098587.98786,20,0.02677637138366699
pfp_bloom_filter_add_unique_size_u64,0,NVIDIA B200,I64,U64,512,1,8,1,1000000000,256,No,15,0.035199827333333336,0.00042277794235280364,0.03518327916463217,0.000415203025405632,28422592314.966637,16,0.03519839835166931
pfp_bloom_filter_add_unique_size_u64,0,NVIDIA B200,I64,U64,512,1,8,1,1000000000,512,No,13,0.040973367999999996,0.0001358287279564728,0.04095676979651818,0.00012962405969173222,24415988003.16064,14,0.04095266996111189
pfp_bloom_filter_add_unique_size_u64,0,NVIDIA B200,I64,U64,512,1,8,1,1000000000,1024,No,12,0.04527456416666667,0.00016870304115626714,0.04525797875722249,0.0001614311265038818,22095551490.8057,13,0.04525802524273211
pfp_bloom_filter_add_unique_size_u64,0,NVIDIA B200,I64,U64,512,1,8,1,1000000000,2048,No,11,0.047495517090909094,0.00031163567142645105,0.04747702095725319,0.0002673999408900946,21062821125.62135,12,0.04747818406422933
pfp_bloom_filter_add_unique_size_u64,0,NVIDIA B200,I64,U64,512,1,8,2,1000000000,1,Yes,,,,,,,,
pfp_bloom_filter_add_unique_size_u64,0,NVIDIA B200,I64,U64,512,1,8,2,1000000000,2,Yes,,,,,,,,
pfp_bloom_filter_add_unique_size_u64,0,NVIDIA B200,I64,U64,512,1,8,2,1000000000,4,Yes,,,,,,,,
pfp_bloom_filter_add_unique_size_u64,0,NVIDIA B200,I64,U64,512,1,8,2,1000000000,8,Yes,,,,,,,,
pfp_bloom_filter_add_unique_size_u64,0,NVIDIA B200,I64,U64,512,1,8,2,1000000000,16,Yes,,,,,,,,
pfp_bloom_filter_add_unique_size_u64,0,NVIDIA B200,I64,U64,512,1,8,2,1000000000,32,Yes,,,,,,,,
pfp_bloom_filter_add_unique_size_u64,0,NVIDIA B200,I64,U64,512,1,8,2,1000000000,64,Yes,,,,,,,,
pfp_bloom_filter_add_unique_size_u64,0,NVIDIA B200,I64,U64,512,1,8,2,1000000000,128,Yes,,,,,,,,
pfp_bloom_filter_add_unique_size_u64,0,NVIDIA B200,I64,U64,512,1,8,2,1000000000,256,Yes,,,,,,,,
pfp_bloom_filter_add_unique_size_u64,0,NVIDIA B200,I64,U64,512,1,8,2,1000000000,512,Yes,,,,,,,,
pfp_bloom_filter_add_unique_size_u64,0,NVIDIA B200,I64,U64,512,1,8,2,1000000000,1024,Yes,,,,,,,,
pfp_bloom_filter_add_unique_size_u64,0,NVIDIA B200,I64,U64,512,1,8,2,1000000000,2048,Yes,,,,,,,,
pfp_bloom_filter_add_unique_size_u64,0,NVIDIA B200,I64,U64,512,1,8,4,1000000000,1,Yes,,,,,,,,
pfp_bloom_filter_add_unique_size_u64,0,NVIDIA B200,I64,U64,512,1,8,4,1000000000,2,Yes,,,,,,,,
pfp_bloom_filter_add_unique_size_u64,0,NVIDIA B200,I64,U64,512,1,8,4,1000000000,4,Yes,,,,,,,,
pfp_bloom_filter_add_unique_size_u64,0,NVIDIA B200,I64,U64,512,1,8,4,1000000000,8,Yes,,,,,,,,
pfp_bloom_filter_add_unique_size_u64,0,NVIDIA B200,I64,U64,512,1,8,4,1000000000,16,Yes,,,,,,,,
pfp_bloom_filter_add_unique_size_u64,0,NVIDIA B200,I64,U64,512,1,8,4,1000000000,32,Yes,,,,,,,,
pfp_bloom_filter_add_unique_size_u64,0,NVIDIA B200,I64,U64,512,1,8,4,1000000000,64,Yes,,,,,,,,
pfp_bloom_filter_add_unique_size_u64,0,NVIDIA B200,I64,U64,512,1,8,4,1000000000,128,Yes,,,,,,,,
pfp_bloom_filter_add_unique_size_u64,0,NVIDIA B200,I64,U64,512,1,8,4,1000000000,256,Yes,,,,,,,,
pfp_bloom_filter_add_unique_size_u64,0,NVIDIA B200,I64,U64,512,1,8,4,1000000000,512,Yes,,,,,,,,
pfp_bloom_filter_add_unique_size_u64,0,NVIDIA B200,I64,U64,512,1,8,4,1000000000,1024,Yes,,,,,,,,
pfp_bloom_filter_add_unique_size_u64,0,NVIDIA B200,I64,U64,512,1,8,4,1000000000,2048,Yes,,,,,,,,
pfp_bloom_filter_add_unique_size_u64,0,NVIDIA B200,I64,U64,512,1,8,8,1000000000,1,Yes,,,,,,,,
pfp_bloom_filter_add_unique_size_u64,0,NVIDIA B200,I64,U64,512,1,8,8,1000000000,2,Yes,,,,,,,,
pfp_bloom_filter_add_unique_size_u64,0,NVIDIA B200,I64,U64,512,1,8,8,1000000000,4,Yes,,,,,,,,
pfp_bloom_filter_add_unique_size_u64,0,NVIDIA B200,I64,U64,512,1,8,8,1000000000,8,Yes,,,,,,,,
pfp_bloom_filter_add_unique_size_u64,0,NVIDIA B200,I64,U64,512,1,8,8,1000000000,16,Yes,,,,,,,,
pfp_bloom_filter_add_unique_size_u64,0,NVIDIA B200,I64,U64,512,1,8,8,1000000000,32,Yes,,,,,,,,
pfp_bloom_filter_add_unique_size_u64,0,NVIDIA B200,I64,U64,512,1,8,8,1000000000,64,Yes,,,,,,,,
pfp_bloom_filter_add_unique_size_u64,0,NVIDIA B200,I64,U64,512,1,8,8,1000000000,128,Yes,,,,,,,,
pfp_bloom_filter_add_unique_size_u64,0,NVIDIA B200,I64,U64,512,1,8,8,1000000000,256,Yes,,,,,,,,
pfp_bloom_filter_add_unique_size_u64,0,NVIDIA B200,I64,U64,512,1,8,8,1000000000,512,Yes,,,,,,,,
pfp_bloom_filter_add_unique_size_u64,0,NVIDIA B200,I64,U64,512,1,8,8,1000000000,1024,Yes,,,,,,,,
pfp_bloom_filter_add_unique_size_u64,0,NVIDIA B200,I64,U64,512,1,8,8,1000000000,2048,Yes,,,,,,,,
pfp_bloom_filter_add_unique_size_u64,0,NVIDIA B200,I64,U64,512,20,1,1,1000000000,1,Yes,,,,,,,,
pfp_bloom_filter_add_unique_size_u64,0,NVIDIA B200,I64,U64,512,20,1,1,1000000000,2,Yes,,,,,,,,
pfp_bloom_filter_add_unique_size_u64,0,NVIDIA B200,I64,U64,512,20,1,1,1000000000,4,Yes,,,,,,,,
pfp_bloom_filter_add_unique_size_u64,0,NVIDIA B200,I64,U64,512,20,1,1,1000000000,8,Yes,,,,,,,,
pfp_bloom_filter_add_unique_size_u64,0,NVIDIA B200,I64,U64,512,20,1,1,1000000000,16,Yes,,,,,,,,
pfp_bloom_filter_add_unique_size_u64,0,NVIDIA B200,I64,U64,512,20,1,1,1000000000,32,Yes,,,,,,,,
pfp_bloom_filter_add_unique_size_u64,0,NVIDIA B200,I64,U64,512,20,1,1,1000000000,64,Yes,,,,,,,,
pfp_bloom_filter_add_unique_size_u64,0,NVIDIA B200,I64,U64,512,20,1,1,1000000000,128,Yes,,,,,,,,
pfp_bloom_filter_add_unique_size_u64,0,NVIDIA B200,I64,U64,512,20,1,1,1000000000,256,Yes,,,,,,,,
pfp_bloom_filter_add_unique_size_u64,0,NVIDIA B200,I64,U64,512,20,1,1,1000000000,512,Yes,,,,,,,,
pfp_bloom_filter_add_unique_size_u64,0,NVIDIA B200,I64,U64,512,20,1,1,1000000000,1024,Yes,,,,,,,,
pfp_bloom_filter_add_unique_size_u64,0,NVIDIA B200,I64,U64,512,20,1,1,1000000000,2048,Yes,,,,,,,,
pfp_bloom_filter_add_unique_size_u64,0,NVIDIA B200,I64,U64,512,20,1,2,1000000000,1,Yes,,,,,,,,
pfp_bloom_filter_add_unique_size_u64,0,NVIDIA B200,I64,U64,512,20,1,2,1000000000,2,Yes,,,,,,,,
pfp_bloom_filter_add_unique_size_u64,0,NVIDIA B200,I64,U64,512,20,1,2,1000000000,4,Yes,,,,,,,,
pfp_bloom_filter_add_unique_size_u64,0,NVIDIA B200,I64,U64,512,20,1,2,1000000000,8,Yes,,,,,,,,
pfp_bloom_filter_add_unique_size_u64,0,NVIDIA B200,I64,U64,512,20,1,2,1000000000,16,Yes,,,,,,,,
pfp_bloom_filter_add_unique_size_u64,0,NVIDIA B200,I64,U64,512,20,1,2,1000000000,32,Yes,,,,,,,,
pfp_bloom_filter_add_unique_size_u64,0,NVIDIA B200,I64,U64,512,20,1,2,1000000000,64,Yes,,,,,,,,
pfp_bloom_filter_add_unique_size_u64,0,NVIDIA B200,I64,U64,512,20,1,2,1000000000,128,Yes,,,,,,,,
pfp_bloom_filter_add_unique_size_u64,0,NVIDIA B200,I64,U64,512,20,1,2,1000000000,256,Yes,,,,,,,,
pfp_bloom_filter_add_unique_size_u64,0,NVIDIA B200,I64,U64,512,20,1,2,1000000000,512,Yes,,,,,,,,
pfp_bloom_filter_add_unique_size_u64,0,NVIDIA B200,I64,U64,512,20,1,2,1000000000,1024,Yes,,,,,,,,
pfp_bloom_filter_add_unique_size_u64,0,NVIDIA B200,I64,U64,512,20,1,2,1000000000,2048,Yes,,,,,,,,
pfp_bloom_filter_add_unique_size_u64,0,NVIDIA B200,I64,U64,512,20,1,4,1000000000,1,Yes,,,,,,,,
pfp_bloom_filter_add_unique_size_u64,0,NVIDIA B200,I64,U64,512,20,1,4,1000000000,2,Yes,,,,,,,,
pfp_bloom_filter_add_unique_size_u64,0,NVIDIA B200,I64,U64,512,20,1,4,1000000000,4,Yes,,,,,,,,
pfp_bloom_filter_add_unique_size_u64,0,NVIDIA B200,I64,U64,512,20,1,4,1000000000,8,Yes,,,,,,,,
pfp_bloom_filter_add_unique_size_u64,0,NVIDIA B200,I64,U64,512,20,1,4,1000000000,16,Yes,,,,,,,,
pfp_bloom_filter_add_unique_size_u64,0,NVIDIA B200,I64,U64,512,20,1,4,1000000000,32,Yes,,,,,,,,
pfp_bloom_filter_add_unique_size_u64,0,NVIDIA B200,I64,U64,512,20,1,4,1000000000,64,Yes,,,,,,,,
pfp_bloom_filter_add_unique_size_u64,0,NVIDIA B200,I64,U64,512,20,1,4,1000000000,128,Yes,,,,,,,,
pfp_bloom_filter_add_unique_size_u64,0,NVIDIA B200,I64,U64,512,20,1,4,1000000000,256,Yes,,,,,,,,
pfp_bloom_filter_add_unique_size_u64,0,NVIDIA B200,I64,U64,512,20,1,4,1000000000,512,Yes,,,,,,,,
pfp_bloom_filter_add_unique_size_u64,0,NVIDIA B200,I64,U64,512,20,1,4,1000000000,1024,Yes,,,,,,,,
pfp_bloom_filter_add_unique_size_u64,0,NVIDIA B200,I64,U64,512,20,1,4,1000000000,2048,Yes,,,,,,,,
pfp_bloom_filter_add_unique_size_u64,0,NVIDIA B200,I64,U64,512,20,1,8,1000000000,1,Yes,,,,,,,,
pfp_bloom_filter_add_unique_size_u64,0,NVIDIA B200,I64,U64,512,20,1,8,1000000000,2,Yes,,,,,,,,
pfp_bloom_filter_add_unique_size_u64,0,NVIDIA B200,I64,U64,512,20,1,8,1000000000,4,Yes,,,,,,,,
pfp_bloom_filter_add_unique_size_u64,0,NVIDIA B200,I64,U64,512,20,1,8,1000000000,8,Yes,,,,,,,,
pfp_bloom_filter_add_unique_size_u64,0,NVIDIA B200,I64,U64,512,20,1,8,1000000000,16,Yes,,,,,,,,
pfp_bloom_filter_add_unique_size_u64,0,NVIDIA B200,I64,U64,512,20,1,8,1000000000,32,Yes,,,,,,,,
pfp_bloom_filter_add_unique_size_u64,0,NVIDIA B200,I64,U64,512,20,1,8,1000000000,64,Yes,,,,,,,,
pfp_bloom_filter_add_unique_size_u64,0,NVIDIA B200,I64,U64,512,20,1,8,1000000000,128,Yes,,,,,,,,
pfp_bloom_filter_add_unique_size_u64,0,NVIDIA B200,I64,U64,512,20,1,8,1000000000,256,Yes,,,,,,,,
pfp_bloom_filter_add_unique_size_u64,0,NVIDIA B200,I64,U64,512,20,1,8,1000000000,512,Yes,,,,,,,,
pfp_bloom_filter_add_unique_size_u64,0,NVIDIA B200,I64,U64,512,20,1,8,1000000000,1024,Yes,,,,,,,,
pfp_bloom_filter_add_unique_size_u64,0,NVIDIA B200,I64,U64,512,20,1,8,1000000000,2048,Yes,,,,,,,,
pfp_bloom_filter_add_unique_size_u64,0,NVIDIA B200,I64,U64,512,20,2,1,1000000000,1,Yes,,,,,,,,
pfp_bloom_filter_add_unique_size_u64,0,NVIDIA B200,I64,U64,512,20,2,1,1000000000,2,Yes,,,,,,,,
pfp_bloom_filter_add_unique_size_u64,0,NVIDIA B200,I64,U64,512,20,2,1,1000000000,4,Yes,,,,,,,,
pfp_bloom_filter_add_unique_size_u64,0,NVIDIA B200,I64,U64,512,20,2,1,1000000000,8,Yes,,,,,,,,
pfp_bloom_filter_add_unique_size_u64,0,NVIDIA B200,I64,U64,512,20,2,1,1000000000,16,Yes,,,,,,,,
pfp_bloom_filter_add_unique_size_u64,0,NVIDIA B200,I64,U64,512,20,2,1,1000000000,32,Yes,,,,,,,,
pfp_bloom_filter_add_unique_size_u64,0,NVIDIA B200,I64,U64,512,20,2,1,1000000000,64,Yes,,,,,,,,
pfp_bloom_filter_add_unique_size_u64,0,NVIDIA B200,I64,U64,512,20,2,1,1000000000,128,Yes,,,,,,,,
pfp_bloom_filter_add_unique_size_u64,0,NVIDIA B200,I64,U64,512,20,2,1,1000000000,256,Yes,,,,,,,,
pfp_bloom_filter_add_unique_size_u64,0,NVIDIA B200,I64,U64,512,20,2,1,1000000000,512,Yes,,,,,,,,
pfp_bloom_filter_add_unique_size_u64,0,NVIDIA B200,I64,U64,512,20,2,1,1000000000,1024,Yes,,,,,,,,
pfp_bloom_filter_add_unique_size_u64,0,NVIDIA B200,I64,U64,512,20,2,1,1000000000,2048,Yes,,,,,,,,
pfp_bloom_filter_add_unique_size_u64,0,NVIDIA B200,I64,U64,512,20,2,2,1000000000,1,Yes,,,,,,,,
pfp_bloom_filter_add_unique_size_u64,0,NVIDIA B200,I64,U64,512,20,2,2,1000000000,2,Yes,,,,,,,,
pfp_bloom_filter_add_unique_size_u64,0,NVIDIA B200,I64,U64,512,20,2,2,1000000000,4,Yes,,,,,,,,
pfp_bloom_filter_add_unique_size_u64,0,NVIDIA B200,I64,U64,512,20,2,2,1000000000,8,Yes,,,,,,,,
pfp_bloom_filter_add_unique_size_u64,0,NVIDIA B200,I64,U64,512,20,2,2,1000000000,16,Yes,,,,,,,,
pfp_bloom_filter_add_unique_size_u64,0,NVIDIA B200,I64,U64,512,20,2,2,1000000000,32,Yes,,,,,,,,
pfp_bloom_filter_add_unique_size_u64,0,NVIDIA B200,I64,U64,512,20,2,2,1000000000,64,Yes,,,,,,,,
pfp_bloom_filter_add_unique_size_u64,0,NVIDIA B200,I64,U64,512,20,2,2,1000000000,128,Yes,,,,,,,,
pfp_bloom_filter_add_unique_size_u64,0,NVIDIA B200,I64,U64,512,20,2,2,1000000000,256,Yes,,,,,,,,
pfp_bloom_filter_add_unique_size_u64,0,NVIDIA B200,I64,U64,512,20,2,2,1000000000,512,Yes,,,,,,,,
pfp_bloom_filter_add_unique_size_u64,0,NVIDIA B200,I64,U64,512,20,2,2,1000000000,1024,Yes,,,,,,,,
pfp_bloom_filter_add_unique_size_u64,0,NVIDIA B200,I64,U64,512,20,2,2,1000000000,2048,Yes,,,,,,,,
pfp_bloom_filter_add_unique_size_u64,0,NVIDIA B200,I64,U64,512,20,2,4,1000000000,1,Yes,,,,,,,,
pfp_bloom_filter_add_unique_size_u64,0,NVIDIA B200,I64,U64,512,20,2,4,1000000000,2,Yes,,,,,,,,
pfp_bloom_filter_add_unique_size_u64,0,NVIDIA B200,I64,U64,512,20,2,4,1000000000,4,Yes,,,,,,,,
pfp_bloom_filter_add_unique_size_u64,0,NVIDIA B200,I64,U64,512,20,2,4,1000000000,8,Yes,,,,,,,,
pfp_bloom_filter_add_unique_size_u64,0,NVIDIA B200,I64,U64,512,20,2,4,1000000000,16,Yes,,,,,,,,
pfp_bloom_filter_add_unique_size_u64,0,NVIDIA B200,I64,U64,512,20,2,4,1000000000,32,Yes,,,,,,,,
pfp_bloom_filter_add_unique_size_u64,0,NVIDIA B200,I64,U64,512,20,2,4,1000000000,64,Yes,,,,,,,,
pfp_bloom_filter_add_unique_size_u64,0,NVIDIA B200,I64,U64,512,20,2,4,1000000000,128,Yes,,,,,,,,
pfp_bloom_filter_add_unique_size_u64,0,NVIDIA B200,I64,U64,512,20,2,4,1000000000,256,Yes,,,,,,,,
pfp_bloom_filter_add_unique_size_u64,0,NVIDIA B200,I64,U64,512,20,2,4,1000000000,512,Yes,,,,,,,,
pfp_bloom_filter_add_unique_size_u64,0,NVIDIA B200,I64,U64,512,20,2,4,1000000000,1024,Yes,,,,,,,,
pfp_bloom_filter_add_unique_size_u64,0,NVIDIA B200,I64,U64,512,20,2,4,1000000000,2048,Yes,,,,,,,,
pfp_bloom_filter_add_unique_size_u64,0,NVIDIA B200,I64,U64,512,20,2,8,1000000000,1,Yes,,,,,,,,
pfp_bloom_filter_add_unique_size_u64,0,NVIDIA B200,I64,U64,512,20,2,8,1000000000,2,Yes,,,,,,,,
pfp_bloom_filter_add_unique_size_u64,0,NVIDIA B200,I64,U64,512,20,2,8,1000000000,4,Yes,,,,,,,,
pfp_bloom_filter_add_unique_size_u64,0,NVIDIA B200,I64,U64,512,20,2,8,1000000000,8,Yes,,,,,,,,
pfp_bloom_filter_add_unique_size_u64,0,NVIDIA B200,I64,U64,512,20,2,8,1000000000,16,Yes,,,,,,,,
pfp_bloom_filter_add_unique_size_u64,0,NVIDIA B200,I64,U64,512,20,2,8,1000000000,32,Yes,,,,,,,,
pfp_bloom_filter_add_unique_size_u64,0,NVIDIA B200,I64,U64,512,20,2,8,1000000000,64,Yes,,,,,,,,
pfp_bloom_filter_add_unique_size_u64,0,NVIDIA B200,I64,U64,512,20,2,8,1000000000,128,Yes,,,,,,,,
pfp_bloom_filter_add_unique_size_u64,0,NVIDIA B200,I64,U64,512,20,2,8,1000000000,256,Yes,,,,,,,,
pfp_bloom_filter_add_unique_size_u64,0,NVIDIA B200,I64,U64,512,20,2,8,1000000000,512,Yes,,,,,,,,
pfp_bloom_filter_add_unique_size_u64,0,NVIDIA B200,I64,U64,512,20,2,8,1000000000,1024,Yes,,,,,,,,
pfp_bloom_filter_add_unique_size_u64,0,NVIDIA B200,I64,U64,512,20,2,8,1000000000,2048,Yes,,,,,,,,
pfp_bloom_filter_add_unique_size_u64,0,NVIDIA B200,I64,U64,512,20,4,1,1000000000,1,Yes,,,,,,,,
pfp_bloom_filter_add_unique_size_u64,0,NVIDIA B200,I64,U64,512,20,4,1,1000000000,2,Yes,,,,,,,,
pfp_bloom_filter_add_unique_size_u64,0,NVIDIA B200,I64,U64,512,20,4,1,1000000000,4,Yes,,,,,,,,
pfp_bloom_filter_add_unique_size_u64,0,NVIDIA B200,I64,U64,512,20,4,1,1000000000,8,Yes,,,,,,,,
pfp_bloom_filter_add_unique_size_u64,0,NVIDIA B200,I64,U64,512,20,4,1,1000000000,16,Yes,,,,,,,,
pfp_bloom_filter_add_unique_size_u64,0,NVIDIA B200,I64,U64,512,20,4,1,1000000000,32,Yes,,,,,,,,
pfp_bloom_filter_add_unique_size_u64,0,NVIDIA B200,I64,U64,512,20,4,1,1000000000,64,Yes,,,,,,,,
pfp_bloom_filter_add_unique_size_u64,0,NVIDIA B200,I64,U64,512,20,4,1,1000000000,128,Yes,,,,,,,,
pfp_bloom_filter_add_unique_size_u64,0,NVIDIA B200,I64,U64,512,20,4,1,1000000000,256,Yes,,,,,,,,
pfp_bloom_filter_add_unique_size_u64,0,NVIDIA B200,I64,U64,512,20,4,1,1000000000,512,Yes,,,,,,,,
pfp_bloom_filter_add_unique_size_u64,0,NVIDIA B200,I64,U64,512,20,4,1,1000000000,1024,Yes,,,,,,,,
pfp_bloom_filter_add_unique_size_u64,0,NVIDIA B200,I64,U64,512,20,4,1,1000000000,2048,Yes,,,,,,,,
pfp_bloom_filter_add_unique_size_u64,0,NVIDIA B200,I64,U64,512,20,4,2,1000000000,1,Yes,,,,,,,,
pfp_bloom_filter_add_unique_size_u64,0,NVIDIA B200,I64,U64,512,20,4,2,1000000000,2,Yes,,,,,,,,
pfp_bloom_filter_add_unique_size_u64,0,NVIDIA B200,I64,U64,512,20,4,2,1000000000,4,Yes,,,,,,,,
pfp_bloom_filter_add_unique_size_u64,0,NVIDIA B200,I64,U64,512,20,4,2,1000000000,8,Yes,,,,,,,,
pfp_bloom_filter_add_unique_size_u64,0,NVIDIA B200,I64,U64,512,20,4,2,1000000000,16,Yes,,,,,,,,
pfp_bloom_filter_add_unique_size_u64,0,NVIDIA B200,I64,U64,512,20,4,2,1000000000,32,Yes,,,,,,,,
pfp_bloom_filter_add_unique_size_u64,0,NVIDIA B200,I64,U64,512,20,4,2,1000000000,64,Yes,,,,,,,,
pfp_bloom_filter_add_unique_size_u64,0,NVIDIA B200,I64,U64,512,20,4,2,1000000000,128,Yes,,,,,,,,
pfp_bloom_filter_add_unique_size_u64,0,NVIDIA B200,I64,U64,512,20,4,2,1000000000,256,Yes,,,,,,,,
pfp_bloom_filter_add_unique_size_u64,0,NVIDIA B200,I64,U64,512,20,4,2,1000000000,512,Yes,,,,,,,,
pfp_bloom_filter_add_unique_size_u64,0,NVIDIA B200,I64,U64,512,20,4,2,1000000000,1024,Yes,,,,,,,,
pfp_bloom_filter_add_unique_size_u64,0,NVIDIA B200,I64,U64,512,20,4,2,1000000000,2048,Yes,,,,,,,,
pfp_bloom_filter_add_unique_size_u64,0,NVIDIA B200,I64,U64,512,20,4,4,1000000000,1,Yes,,,,,,,,
pfp_bloom_filter_add_unique_size_u64,0,NVIDIA B200,I64,U64,512,20,4,4,1000000000,2,Yes,,,,,,,,
pfp_bloom_filter_add_unique_size_u64,0,NVIDIA B200,I64,U64,512,20,4,4,1000000000,4,Yes,,,,,,,,
pfp_bloom_filter_add_unique_size_u64,0,NVIDIA B200,I64,U64,512,20,4,4,1000000000,8,Yes,,,,,,,,
pfp_bloom_filter_add_unique_size_u64,0,NVIDIA B200,I64,U64,512,20,4,4,1000000000,16,Yes,,,,,,,,
pfp_bloom_filter_add_unique_size_u64,0,NVIDIA B200,I64,U64,512,20,4,4,1000000000,32,Yes,,,,,,,,
pfp_bloom_filter_add_unique_size_u64,0,NVIDIA B200,I64,U64,512,20,4,4,1000000000,64,Yes,,,,,,,,
pfp_bloom_filter_add_unique_size_u64,0,NVIDIA B200,I64,U64,512,20,4,4,1000000000,128,Yes,,,,,,,,
pfp_bloom_filter_add_unique_size_u64,0,NVIDIA B200,I64,U64,512,20,4,4,1000000000,256,Yes,,,,,,,,
pfp_bloom_filter_add_unique_size_u64,0,NVIDIA B200,I64,U64,512,20,4,4,1000000000,512,Yes,,,,,,,,
pfp_bloom_filter_add_unique_size_u64,0,NVIDIA B200,I64,U64,512,20,4,4,1000000000,1024,Yes,,,,,,,,
pfp_bloom_filter_add_unique_size_u64,0,NVIDIA B200,I64,U64,512,20,4,4,1000000000,2048,Yes,,,,,,,,
pfp_bloom_filter_add_unique_size_u64,0,NVIDIA B200,I64,U64,512,20,4,8,1000000000,1,Yes,,,,,,,,
pfp_bloom_filter_add_unique_size_u64,0,NVIDIA B200,I64,U64,512,20,4,8,1000000000,2,Yes,,,,,,,,
pfp_bloom_filter_add_unique_size_u64,0,NVIDIA B200,I64,U64,512,20,4,8,1000000000,4,Yes,,,,,,,,
pfp_bloom_filter_add_unique_size_u64,0,NVIDIA B200,I64,U64,512,20,4,8,1000000000,8,Yes,,,,,,,,
pfp_bloom_filter_add_unique_size_u64,0,NVIDIA B200,I64,U64,512,20,4,8,1000000000,16,Yes,,,,,,,,
pfp_bloom_filter_add_unique_size_u64,0,NVIDIA B200,I64,U64,512,20,4,8,1000000000,32,Yes,,,,,,,,
pfp_bloom_filter_add_unique_size_u64,0,NVIDIA B200,I64,U64,512,20,4,8,1000000000,64,Yes,,,,,,,,
pfp_bloom_filter_add_unique_size_u64,0,NVIDIA B200,I64,U64,512,20,4,8,1000000000,128,Yes,,,,,,,,
pfp_bloom_filter_add_unique_size_u64,0,NVIDIA B200,I64,U64,512,20,4,8,1000000000,256,Yes,,,,,,,,
pfp_bloom_filter_add_unique_size_u64,0,NVIDIA B200,I64,U64,512,20,4,8,1000000000,512,Yes,,,,,,,,
pfp_bloom_filter_add_unique_size_u64,0,NVIDIA B200,I64,U64,512,20,4,8,1000000000,1024,Yes,,,,,,,,
pfp_bloom_filter_add_unique_size_u64,0,NVIDIA B200,I64,U64,512,20,4,8,1000000000,2048,Yes,,,,,,,,
pfp_bloom_filter_add_unique_size_u64,0,NVIDIA B200,I64,U64,512,20,8,1,1000000000,1,Yes,,,,,,,,
pfp_bloom_filter_add_unique_size_u64,0,NVIDIA B200,I64,U64,512,20,8,1,1000000000,2,Yes,,,,,,,,
pfp_bloom_filter_add_unique_size_u64,0,NVIDIA B200,I64,U64,512,20,8,1,1000000000,4,Yes,,,,,,,,
pfp_bloom_filter_add_unique_size_u64,0,NVIDIA B200,I64,U64,512,20,8,1,1000000000,8,Yes,,,,,,,,
pfp_bloom_filter_add_unique_size_u64,0,NVIDIA B200,I64,U64,512,20,8,1,1000000000,16,Yes,,,,,,,,
pfp_bloom_filter_add_unique_size_u64,0,NVIDIA B200,I64,U64,512,20,8,1,1000000000,32,Yes,,,,,,,,
pfp_bloom_filter_add_unique_size_u64,0,NVIDIA B200,I64,U64,512,20,8,1,1000000000,64,Yes,,,,,,,,
pfp_bloom_filter_add_unique_size_u64,0,NVIDIA B200,I64,U64,512,20,8,1,1000000000,128,Yes,,,,,,,,
pfp_bloom_filter_add_unique_size_u64,0,NVIDIA B200,I64,U64,512,20,8,1,1000000000,256,Yes,,,,,,,,
pfp_bloom_filter_add_unique_size_u64,0,NVIDIA B200,I64,U64,512,20,8,1,1000000000,512,Yes,,,,,,,,
pfp_bloom_filter_add_unique_size_u64,0,NVIDIA B200,I64,U64,512,20,8,1,1000000000,1024,Yes,,,,,,,,
pfp_bloom_filter_add_unique_size_u64,0,NVIDIA B200,I64,U64,512,20,8,1,1000000000,2048,Yes,,,,,,,,
pfp_bloom_filter_add_unique_size_u64,0,NVIDIA B200,I64,U64,512,20,8,2,1000000000,1,Yes,,,,,,,,
pfp_bloom_filter_add_unique_size_u64,0,NVIDIA B200,I64,U64,512,20,8,2,1000000000,2,Yes,,,,,,,,
pfp_bloom_filter_add_unique_size_u64,0,NVIDIA B200,I64,U64,512,20,8,2,1000000000,4,Yes,,,,,,,,
pfp_bloom_filter_add_unique_size_u64,0,NVIDIA B200,I64,U64,512,20,8,2,1000000000,8,Yes,,,,,,,,
pfp_bloom_filter_add_unique_size_u64,0,NVIDIA B200,I64,U64,512,20,8,2,1000000000,16,Yes,,,,,,,,
pfp_bloom_filter_add_unique_size_u64,0,NVIDIA B200,I64,U64,512,20,8,2,1000000000,32,Yes,,,,,,,,
pfp_bloom_filter_add_unique_size_u64,0,NVIDIA B200,I64,U64,512,20,8,2,1000000000,64,Yes,,,,,,,,
pfp_bloom_filter_add_unique_size_u64,0,NVIDIA B200,I64,U64,512,20,8,2,1000000000,128,Yes,,,,,,,,
pfp_bloom_filter_add_unique_size_u64,0,NVIDIA B200,I64,U64,512,20,8,2,1000000000,256,Yes,,,,,,,,
pfp_bloom_filter_add_unique_size_u64,0,NVIDIA B200,I64,U64,512,20,8,2,1000000000,512,Yes,,,,,,,,
pfp_bloom_filter_add_unique_size_u64,0,NVIDIA B200,I64,U64,512,20,8,2,1000000000,1024,Yes,,,,,,,,
pfp_bloom_filter_add_unique_size_u64,0,NVIDIA B200,I64,U64,512,20,8,2,1000000000,2048,Yes,,,,,,,,
pfp_bloom_filter_add_unique_size_u64,0,NVIDIA B200,I64,U64,512,20,8,4,1000000000,1,Yes,,,,,,,,
pfp_bloom_filter_add_unique_size_u64,0,NVIDIA B200,I64,U64,512,20,8,4,1000000000,2,Yes,,,,,,,,
pfp_bloom_filter_add_unique_size_u64,0,NVIDIA B200,I64,U64,512,20,8,4,1000000000,4,Yes,,,,,,,,
pfp_bloom_filter_add_unique_size_u64,0,NVIDIA B200,I64,U64,512,20,8,4,1000000000,8,Yes,,,,,,,,
pfp_bloom_filter_add_unique_size_u64,0,NVIDIA B200,I64,U64,512,20,8,4,1000000000,16,Yes,,,,,,,,
pfp_bloom_filter_add_unique_size_u64,0,NVIDIA B200,I64,U64,512,20,8,4,1000000000,32,Yes,,,,,,,,
pfp_bloom_filter_add_unique_size_u64,0,NVIDIA B200,I64,U64,512,20,8,4,1000000000,64,Yes,,,,,,,,
pfp_bloom_filter_add_unique_size_u64,0,NVIDIA B200,I64,U64,512,20,8,4,1000000000,128,Yes,,,,,,,,
pfp_bloom_filter_add_unique_size_u64,0,NVIDIA B200,I64,U64,512,20,8,4,1000000000,256,Yes,,,,,,,,
pfp_bloom_filter_add_unique_size_u64,0,NVIDIA B200,I64,U64,512,20,8,4,1000000000,512,Yes,,,,,,,,
pfp_bloom_filter_add_unique_size_u64,0,NVIDIA B200,I64,U64,512,20,8,4,1000000000,1024,Yes,,,,,,,,
pfp_bloom_filter_add_unique_size_u64,0,NVIDIA B200,I64,U64,512,20,8,4,1000000000,2048,Yes,,,,,,,,
pfp_bloom_filter_add_unique_size_u64,0,NVIDIA B200,I64,U64,512,20,8,8,1000000000,1,Yes,,,,,,,,
pfp_bloom_filter_add_unique_size_u64,0,NVIDIA B200,I64,U64,512,20,8,8,1000000000,2,Yes,,,,,,,,
pfp_bloom_filter_add_unique_size_u64,0,NVIDIA B200,I64,U64,512,20,8,8,1000000000,4,Yes,,,,,,,,
pfp_bloom_filter_add_unique_size_u64,0,NVIDIA B200,I64,U64,512,20,8,8,1000000000,8,Yes,,,,,,,,
pfp_bloom_filter_add_unique_size_u64,0,NVIDIA B200,I64,U64,512,20,8,8,1000000000,16,Yes,,,,,,,,
pfp_bloom_filter_add_unique_size_u64,0,NVIDIA B200,I64,U64,512,20,8,8,1000000000,32,Yes,,,,,,,,
pfp_bloom_filter_add_unique_size_u64,0,NVIDIA B200,I64,U64,512,20,8,8,1000000000,64,Yes,,,,,,,,
pfp_bloom_filter_add_unique_size_u64,0,NVIDIA B200,I64,U64,512,20,8,8,1000000000,128,Yes,,,,,,,,
pfp_bloom_filter_add_unique_size_u64,0,NVIDIA B200,I64,U64,512,20,8,8,1000000000,256,Yes,,,,,,,,
pfp_bloom_filter_add_unique_size_u64,0,NVIDIA B200,I64,U64,512,20,8,8,1000000000,512,Yes,,,,,,,,
pfp_bloom_filter_add_unique_size_u64,0,NVIDIA B200,I64,U64,512,20,8,8,1000000000,1024,Yes,,,,,,,,
pfp_bloom_filter_add_unique_size_u64,0,NVIDIA B200,I64,U64,512,20,8,8,1000000000,2048,Yes,,,,,,,,
