Benchmark,Device,Device Name,Key,Word,BlockBits,PatternBitsPerWord,HorizontalLayout,VerticalLayout,NumInputs,FilterSizeMB,Skipped,FalsePositiveRate,PatternBits,Samples,CPU Time (sec),Noise,GPU Time (sec),Noise,Elem/s (elem/sec),Samples,Batch GPU (sec)
pfp_bloom_filter_contains_unique_size_u64,0,NVIDIA B200,I64,U64,32,1,1,1,1000000000,1,Yes,,,,,,,,,,
pfp_bloom_filter_contains_unique_size_u64,0,NVIDIA B200,I64,U64,32,1,1,1,1000000000,2,Yes,,,,,,,,,,
pfp_bloom_filter_contains_unique_size_u64,0,NVIDIA B200,I64,U64,32,1,1,1,1000000000,4,Yes,,,,,,,,,,
pfp_bloom_filter_contains_unique_size_u64,0,NVIDIA B200,I64,U64,32,1,1,1,1000000000,8,Yes,,,,,,,,,,
pfp_bloom_filter_contains_unique_size_u64,0,NVIDIA B200,I64,U64,32,1,1,1,1000000000,16,Yes,,,,,,,,,,
pfp_bloom_filter_contains_unique_size_u64,0,NVIDIA B200,I64,U64,32,1,1,1,1000000000,32,Yes,,,,,,,,,,
pfp_bloom_filter_contains_unique_size_u64,0,NVIDIA B200,I64,U64,32,1,1,1,1000000000,64,Yes,,,,,,,,,,
pfp_bloom_filter_contains_unique_size_u64,0,NVIDIA B200,I64,U64,32,1,1,1,1000000000,128,Yes,,,,,,,,,,
pfp_bloom_filter_contains_unique_size_u64,0,NVIDIA B200,I64,U64,32,1,1,1,1000000000,256,Yes,,,,,,,,,,
pfp_bloom_filter_contains_unique_size_u64,0,NVIDIA B200,I64,U64,32,1,1,1,1000000000,512,Yes,,,,,,,,,,
pfp_bloom_filter_contains_unique_size_u64,0,NVIDIA B200,I64,U64,32,1,1,1,1000000000,1024,Yes,,,,,,,,,,
pfp_bloom_filter_contains_unique_size_u64,0,NVIDIA B200,I64,U64,32,1,1,1,1000000000,2048,Yes,,,,,,,,,,
pfp_bloom_filter_contains_unique_size_u64,0,NVIDIA B200,I64,U64,32,1,1,2,1000000000,1,Yes,,,,,,,,,,
pfp_bloom_filter_contains_unique_size_u64,0,NVIDIA B200,I64,U64,32,1,1,2,1000000000,2,Yes,,,,,,,,,,
pfp_bloom_filter_contains_unique_size_u64,0,NVIDIA B200,I64,U64,32,1,1,2,1000000000,4,Yes,,,,,,,,,,
pfp_bloom_filter_contains_unique_size_u64,0,NVIDIA B200,I64,U64,32,1,1,2,1000000000,8,Yes,,,,,,,,,,
pfp_bloom_filter_contains_unique_size_u64,0,NVIDIA B200,I64,U64,32,1,1,2,1000000000,16,Yes,,,,,,,,,,
pfp_bloom_filter_contains_unique_size_u64,0,NVIDIA B200,I64,U64,32,1,1,2,1000000000,32,Yes,,,,,,,,,,
pfp_bloom_filter_contains_unique_size_u64,0,NVIDIA B200,I64,U64,32,1,1,2,1000000000,64,Yes,,,,,,,,,,
pfp_bloom_filter_contains_unique_size_u64,0,NVIDIA B200,I64,U64,32,1,1,2,1000000000,128,Yes,,,,,,,,,,
pfp_bloom_filter_contains_unique_size_u64,0,NVIDIA B200,I64,U64,32,1,1,2,1000000000,256,Yes,,,,,,,,,,
pfp_bloom_filter_contains_unique_size_u64,0,NVIDIA B200,I64,U64,32,1,1,2,1000000000,512,Yes,,,,,,,,,,
pfp_bloom_filter_contains_unique_size_u64,0,NVIDIA B200,I64,U64,32,1,1,2,1000000000,1024,Yes,,,,,,,,,,
pfp_bloom_filter_contains_unique_size_u64,0,NVIDIA B200,I64,U64,32,1,1,2,1000000000,2048,Yes,,,,,,,,,,
pfp_bloom_filter_contains_unique_size_u64,0,NVIDIA B200,I64,U64,32,1,1,4,1000000000,1,Yes,,,,,,,,,,
pfp_bloom_filter_contains_unique_size_u64,0,NVIDIA B200,I64,U64,32,1,1,4,1000000000,2,Yes,,,,,,,,,,
pfp_bloom_filter_contains_unique_size_u64,0,NVIDIA B200,I64,U64,32,1,1,4,1000000000,4,Yes,,,,,,,,,,
pfp_bloom_filter_contains_unique_size_u64,0,NVIDIA B200,I64,U64,32,1,1,4,1000000000,8,Yes,,,,,,,,,,
pfp_bloom_filter_contains_unique_size_u64,0,NVIDIA B200,I64,U64,32,1,1,4,1000000000,16,Yes,,,,,,,,,,
pfp_bloom_filter_contains_unique_size_u64,0,NVIDIA B200,I64,U64,32,1,1,4,1000000000,32,Yes,,,,,,,,,,
pfp_bloom_filter_contains_unique_size_u64,0,NVIDIA B200,I64,U64,32,1,1,4,1000000000,64,Yes,,,,,,,,,,
pfp_bloom_filter_contains_unique_size_u64,0,NVIDIA B200,I64,U64,32,1,1,4,1000000000,128,Yes,,,,,,,,,,
pfp_bloom_filter_contains_unique_size_u64,0,NVIDIA B200,I64,U64,32,1,1,4,1000000000,256,Yes,,,,,,,,,,
pfp_bloom_filter_contains_unique_size_u64,0,NVIDIA B200,I64,U64,32,1,1,4,1000000000,512,Yes,,,,,,,,,,
pfp_bloom_filter_contains_unique_size_u64,0,NVIDIA B200,I64,U64,32,1,1,4,1000000000,1024,Yes,,,,,,,,,,
pfp_bloom_filter_contains_unique_size_u64,0,NVIDIA B200,I64,U64,32,1,1,4,1000000000,2048,Yes,,,,,,,,,,
pfp_bloom_filter_contains_unique_size_u64,0,NVIDIA B200,I64,U64,32,1,1,8,1000000000,1,Yes,,,,,,,,,,
pfp_bloom_filter_contains_unique_size_u64,0,NVIDIA B200,I64,U64,32,1,1,8,1000000000,2,Yes,,,,,,,,,,
pfp_bloom_filter_contains_unique_size_u64,0,NVIDIA B200,I64,U64,32,1,1,8,1000000000,4,Yes,,,,,,,,,,
pfp_bloom_filter_contains_unique_size_u64,0,NVIDIA B200,I64,U64,32,1,1,8,1000000000,8,Yes,,,,,,,,,,
pfp_bloom_filter_contains_unique_size_u64,0,NVIDIA B200,I64,U64,32,1,1,8,1000000000,16,Yes,,,,,,,,,,
pfp_bloom_filter_contains_unique_size_u64,0,NVIDIA B200,I64,U64,32,1,1,8,1000000000,32,Yes,,,,,,,,,,
pfp_bloom_filter_contains_unique_size_u64,0,NVIDIA B200,I64,U64,32,1,1,8,1000000000,64,Yes,,,,,,,,,,
pfp_bloom_filter_contains_unique_size_u64,0,NVIDIA B200,I64,U64,32,1,1,8,1000000000,128,Yes,,,,,,,,,,
pfp_bloom_filter_contains_unique_size_u64,0,NVIDIA B200,I64,U64,32,1,1,8,1000000000,256,Yes,,,,,,,,,,
pfp_bloom_filter_contains_unique_size_u64,0,NVIDIA B200,I64,U64,32,1,1,8,1000000000,512,Yes,,,,,,,,,,
pfp_bloom_filter_contains_unique_size_u64,0,NVIDIA B200,I64,U64,32,1,1,8,1000000000,1024,Yes,,,,,,,,,,
pfp_bloom_filter_contains_unique_size_u64,0,NVIDIA B200,I64,U64,32,1,1,8,1000000000,2048,Yes,,,,,,,,,,
pfp_bloom_filter_contains_unique_size_u64,0,NVIDIA B200,I64,U64,32,1,2,1,1000000000,1,Yes,,,,,,,,,,
pfp_bloom_filter_contains_unique_size_u64,0,NVIDIA B200,I64,U64,32,1,2,1,1000000000,2,Yes,,,,,,,,,,
pfp_bloom_filter_contains_unique_size_u64,0,NVIDIA B200,I64,U64,32,1,2,1,1000000000,4,Yes,,,,,,,,,,
pfp_bloom_filter_contains_unique_size_u64,0,NVIDIA B200,I64,U64,32,1,2,1,1000000000,8,Yes,,,,,,,,,,
pfp_bloom_filter_contains_unique_size_u64,0,NVIDIA B200,I64,U64,32,1,2,1,1000000000,16,Yes,,,,,,,,,,
pfp_bloom_filter_contains_unique_size_u64,0,NVIDIA B200,I64,U64,32,1,2,1,1000000000,32,Yes,,,,,,,,,,
pfp_bloom_filter_contains_unique_size_u64,0,NVIDIA B200,I64,U64,32,1,2,1,1000000000,64,Yes,,,,,,,,,,
pfp_bloom_filter_contains_unique_size_u64,0,NVIDIA B200,I64,U64,32,1,2,1,1000000000,128,Yes,,,,,,,,,,
pfp_bloom_filter_contains_unique_size_u64,0,NVIDIA B200,I64,U64,32,1,2,1,1000000000,256,Yes,,,,,,,,,,
pfp_bloom_filter_contains_unique_size_u64,0,NVIDIA B200,I64,U64,32,1,2,1,1000000000,512,Yes,,,,,,,,,,
pfp_bloom_filter_contains_unique_size_u64,0,NVIDIA B200,I64,U64,32,1,2,1,1000000000,1024,Yes,,,,,,,,,,
pfp_bloom_filter_contains_unique_size_u64,0,NVIDIA B200,I64,U64,32,1,2,1,1000000000,2048,Yes,,,,,,,,,,
pfp_bloom_filter_contains_unique_size_u64,0,NVIDIA B200,I64,U64,32,1,2,2,1000000000,1,Yes,,,,,,,,,,
pfp_bloom_filter_contains_unique_size_u64,0,NVIDIA B200,I64,U64,32,1,2,2,1000000000,2,Yes,,,,,,,,,,
pfp_bloom_filter_contains_unique_size_u64,0,NVIDIA B200,I64,U64,32,1,2,2,1000000000,4,Yes,,,,,,,,,,
pfp_bloom_filter_contains_unique_size_u64,0,NVIDIA B200,I64,U64,32,1,2,2,1000000000,8,Yes,,,,,,,,,,
pfp_bloom_filter_contains_unique_size_u64,0,NVIDIA B200,I64,U64,32,1,2,2,1000000000,16,Yes,,,,,,,,,,
pfp_bloom_filter_contains_unique_size_u64,0,NVIDIA B200,I64,U64,32,1,2,2,1000000000,32,Yes,,,,,,,,,,
pfp_bloom_filter_contains_unique_size_u64,0,NVIDIA B200,I64,U64,32,1,2,2,1000000000,64,Yes,,,,,,,,,,
pfp_bloom_filter_contains_unique_size_u64,0,NVIDIA B200,I64,U64,32,1,2,2,1000000000,128,Yes,,,,,,,,,,
pfp_bloom_filter_contains_unique_size_u64,0,NVIDIA B200,I64,U64,32,1,2,2,1000000000,256,Yes,,,,,,,,,,
pfp_bloom_filter_contains_unique_size_u64,0,NVIDIA B200,I64,U64,32,1,2,2,1000000000,512,Yes,,,,,,,,,,
pfp_bloom_filter_contains_unique_size_u64,0,NVIDIA B200,I64,U64,32,1,2,2,1000000000,1024,Yes,,,,,,,,,,
pfp_bloom_filter_contains_unique_size_u64,0,NVIDIA B200,I64,U64,32,1,2,2,1000000000,2048,Yes,,,,,,,,,,
pfp_bloom_filter_contains_unique_size_u64,0,NVIDIA B200,I64,U64,32,1,2,4,1000000000,1,Yes,,,,,,,,,,
pfp_bloom_filter_contains_unique_size_u64,0,NVIDIA B200,I64,U64,32,1,2,4,1000000000,2,Yes,,,,,,,,,,
pfp_bloom_filter_contains_unique_size_u64,0,NVIDIA B200,I64,U64,32,1,2,4,1000000000,4,Yes,,,,,,,,,,
pfp_bloom_filter_contains_unique_size_u64,0,NVIDIA B200,I64,U64,32,1,2,4,1000000000,8,Yes,,,,,,,,,,
pfp_bloom_filter_contains_unique_size_u64,0,NVIDIA B200,I64,U64,32,1,2,4,1000000000,16,Yes,,,,,,,,,,
pfp_bloom_filter_contains_unique_size_u64,0,NVIDIA B200,I64,U64,32,1,2,4,1000000000,32,Yes,,,,,,,,,,
pfp_bloom_filter_contains_unique_size_u64,0,NVIDIA B200,I64,U64,32,1,2,4,1000000000,64,Yes,,,,,,,,,,
pfp_bloom_filter_contains_unique_size_u64,0,NVIDIA B200,I64,U64,32,1,2,4,1000000000,128,Yes,,,,,,,,,,
pfp_bloom_filter_contains_unique_size_u64,0,NVIDIA B200,I64,U64,32,1,2,4,1000000000,256,Yes,,,,,,,,,,
pfp_bloom_filter_contains_unique_size_u64,0,NVIDIA B200,I64,U64,32,1,2,4,1000000000,512,Yes,,,,,,,,,,
pfp_bloom_filter_contains_unique_size_u64,0,NVIDIA B200,I64,U64,32,1,2,4,1000000000,1024,Yes,,,,,,,,,,
pfp_bloom_filter_contains_unique_size_u64,0,NVIDIA B200,I64,U64,32,1,2,4,1000000000,2048,Yes,,,,,,,,,,
pfp_bloom_filter_contains_unique_size_u64,0,NVIDIA B200,I64,U64,32,1,2,8,1000000000,1,Yes,,,,,,,,,,
pfp_bloom_filter_contains_unique_size_u64,0,NVIDIA B200,I64,U64,32,1,2,8,1000000000,2,Yes,,,,,,,,,,
pfp_bloom_filter_contains_unique_size_u64,0,NVIDIA B200,I64,U64,32,1,2,8,1000000000,4,Yes,,,,,,,,,,
pfp_bloom_filter_contains_unique_size_u64,0,NVIDIA B200,I64,U64,32,1,2,8,1000000000,8,Yes,,,,,,,,,,
pfp_bloom_filter_contains_unique_size_u64,0,NVIDIA B200,I64,U64,32,1,2,8,1000000000,16,Yes,,,,,,,,,,
pfp_bloom_filter_contains_unique_size_u64,0,NVIDIA B200,I64,U64,32,1,2,8,1000000000,32,Yes,,,,,,,,,,
pfp_bloom_filter_contains_unique_size_u64,0,NVIDIA B200,I64,U64,32,1,2,8,1000000000,64,Yes,,,,,,,,,,
pfp_bloom_filter_contains_unique_size_u64,0,NVIDIA B200,I64,U64,32,1,2,8,1000000000,128,Yes,,,,,,,,,,
pfp_bloom_filter_contains_unique_size_u64,0,NVIDIA B200,I64,U64,32,1,2,8,1000000000,256,Yes,,,,,,,,,,
pfp_bloom_filter_contains_unique_size_u64,0,NVIDIA B200,I64,U64,32,1,2,8,1000000000,512,Yes,,,,,,,,,,
pfp_bloom_filter_contains_unique_size_u64,0,NVIDIA B200,I64,U64,32,1,2,8,1000000000,1024,Yes,,,,,,,,,,
pfp_bloom_filter_contains_unique_size_u64,0,NVIDIA B200,I64,U64,32,1,2,8,1000000000,2048,Yes,,,,,,,,,,
pfp_bloom_filter_contains_unique_size_u64,0,NVIDIA B200,I64,U64,32,1,4,1,1000000000,1,Yes,,,,,,,,,,
pfp_bloom_filter_contains_unique_size_u64,0,NVIDIA B200,I64,U64,32,1,4,1,1000000000,2,Yes,,,,,,,,,,
pfp_bloom_filter_contains_unique_size_u64,0,NVIDIA B200,I64,U64,32,1,4,1,1000000000,4,Yes,,,,,,,,,,
pfp_bloom_filter_contains_unique_size_u64,0,NVIDIA B200,I64,U64,32,1,4,1,1000000000,8,Yes,,,,,,,,,,
pfp_bloom_filter_contains_unique_size_u64,0,NVIDIA B200,I64,U64,32,1,4,1,1000000000,16,Yes,,,,,,,,,,
pfp_bloom_filter_contains_unique_size_u64,0,NVIDIA B200,I64,U64,32,1,4,1,1000000000,32,Yes,,,,,,,,,,
pfp_bloom_filter_contains_unique_size_u64,0,NVIDIA B200,I64,U64,32,1,4,1,1000000000,64,Yes,,,,,,,,,,
pfp_bloom_filter_contains_unique_size_u64,0,NVIDIA B200,I64,U64,32,1,4,1,1000000000,128,Yes,,,,,,,,,,
pfp_bloom_filter_contains_unique_size_u64,0,NVIDIA B200,I64,U64,32,1,4,1,1000000000,256,Yes,,,,,,,,,,
pfp_bloom_filter_contains_unique_size_u64,0,NVIDIA B200,I64,U64,32,1,4,1,1000000000,512,Yes,,,,,,,,,,
pfp_bloom_filter_contains_unique_size_u64,0,NVIDIA B200,I64,U64,32,1,4,1,1000000000,1024,Yes,,,,,,,,,,
pfp_bloom_filter_contains_unique_size_u64,0,NVIDIA B200,I64,U64,32,1,4,1,1000000000,2048,Yes,,,,,,,,,,
pfp_bloom_filter_contains_unique_size_u64,0,NVIDIA B200,I64,U64,32,1,4,2,1000000000,1,Yes,,,,,,,,,,
pfp_bloom_filter_contains_unique_size_u64,0,NVIDIA B200,I64,U64,32,1,4,2,1000000000,2,Yes,,,,,,,,,,
pfp_bloom_filter_contains_unique_size_u64,0,NVIDIA B200,I64,U64,32,1,4,2,1000000000,4,Yes,,,,,,,,,,
pfp_bloom_filter_contains_unique_size_u64,0,NVIDIA B200,I64,U64,32,1,4,2,1000000000,8,Yes,,,,,,,,,,
pfp_bloom_filter_contains_unique_size_u64,0,NVIDIA B200,I64,U64,32,1,4,2,1000000000,16,Yes,,,,,,,,,,
pfp_bloom_filter_contains_unique_size_u64,0,NVIDIA B200,I64,U64,32,1,4,2,1000000000,32,Yes,,,,,,,,,,
pfp_bloom_filter_contains_unique_size_u64,0,NVIDIA B200,I64,U64,32,1,4,2,1000000000,64,Yes,,,,,,,,,,
pfp_bloom_filter_contains_unique_size_u64,0,NVIDIA B200,I64,U64,32,1,4,2,1000000000,128,Yes,,,,,,,,,,
pfp_bloom_filter_contains_unique_size_u64,0,NVIDIA B200,I64,U64,32,1,4,2,1000000000,256,Yes,,,,,,,,,,
pfp_bloom_filter_contains_unique_size_u64,0,NVIDIA B200,I64,U64,32,1,4,2,1000000000,512,Yes,,,,,,,,,,
pfp_bloom_filter_contains_unique_size_u64,0,NVIDIA B200,I64,U64,32,1,4,2,1000000000,1024,Yes,,,,,,,,,,
pfp_bloom_filter_contains_unique_size_u64,0,NVIDIA B200,I64,U64,32,1,4,2,1000000000,2048,Yes,,,,,,,,,,
pfp_bloom_filter_contains_unique_size_u64,0,NVIDIA B200,I64,U64,32,1,4,4,1000000000,1,Yes,,,,,,,,,,
pfp_bloom_filter_contains_unique_size_u64,0,NVIDIA B200,I64,U64,32,1,4,4,1000000000,2,Yes,,,,,,,,,,
pfp_bloom_filter_contains_unique_size_u64,0,NVIDIA B200,I64,U64,32,1,4,4,1000000000,4,Yes,,,,,,,,,,
pfp_bloom_filter_contains_unique_size_u64,0,NVIDIA B200,I64,U64,32,1,4,4,1000000000,8,Yes,,,,,,,,,,
pfp_bloom_filter_contains_unique_size_u64,0,NVIDIA B200,I64,U64,32,1,4,4,1000000000,16,Yes,,,,,,,,,,
pfp_bloom_filter_contains_unique_size_u64,0,NVIDIA B200,I64,U64,32,1,4,4,1000000000,32,Yes,,,,,,,,,,
pfp_bloom_filter_contains_unique_size_u64,0,NVIDIA B200,I64,U64,32,1,4,4,1000000000,64,Yes,,,,,,,,,,
pfp_bloom_filter_contains_unique_size_u64,0,NVIDIA B200,I64,U64,32,1,4,4,1000000000,128,Yes,,,,,,,,,,
pfp_bloom_filter_contains_unique_size_u64,0,NVIDIA B200,I64,U64,32,1,4,4,1000000000,256,Yes,,,,,,,,,,
pfp_bloom_filter_contains_unique_size_u64,0,NVIDIA B200,I64,U64,32,1,4,4,1000000000,512,Yes,,,,,,,,,,
pfp_bloom_filter_contains_unique_size_u64,0,NVIDIA B200,I64,U64,32,1,4,4,1000000000,1024,Yes,,,,,,,,,,
pfp_bloom_filter_contains_unique_size_u64,0,NVIDIA B200,I64,U64,32,1,4,4,1000000000,2048,Yes,,,,,,,,,,
pfp_bloom_filter_contains_unique_size_u64,0,NVIDIA B200,I64,U64,32,1,4,8,1000000000,1,Yes,,,,,,,,,,
pfp_bloom_filter_contains_unique_size_u64,0,NVIDIA B200,I64,U64,32,1,4,8,1000000000,2,Yes,,,,,,,,,,
pfp_bloom_filter_contains_unique_size_u64,0,NVIDIA B200,I64,U64,32,1,4,8,1000000000,4,Yes,,,,,,,,,,
pfp_bloom_filter_contains_unique_size_u64,0,NVIDIA B200,I64,U64,32,1,4,8,1000000000,8,Yes,,,,,,,,,,
pfp_bloom_filter_contains_unique_size_u64,0,NVIDIA B200,I64,U64,32,1,4,8,1000000000,16,Yes,,,,,,,,,,
pfp_bloom_filter_contains_unique_size_u64,0,NVIDIA B200,I64,U64,32,1,4,8,1000000000,32,Yes,,,,,,,,,,
pfp_bloom_filter_contains_unique_size_u64,0,NVIDIA B200,I64,U64,32,1,4,8,1000000000,64,Yes,,,,,,,,,,
pfp_bloom_filter_contains_unique_size_u64,0,NVIDIA B200,I64,U64,32,1,4,8,1000000000,128,Yes,,,,,,,,,,
pfp_bloom_filter_contains_unique_size_u64,0,NVIDIA B200,I64,U64,32,1,4,8,1000000000,256,Yes,,,,,,,,,,
pfp_bloom_filter_contains_unique_size_u64,0,NVIDIA B200,I64,U64,32,1,4,8,1000000000,512,Yes,,,,,,,,,,
pfp_bloom_filter_contains_unique_size_u64,0,NVIDIA B200,I64,U64,32,1,4,8,1000000000,1024,Yes,,,,,,,,,,
pfp_bloom_filter_contains_unique_size_u64,0,NVIDIA B200,I64,U64,32,1,4,8,1000000000,2048,Yes,,,,,,,,,,
pfp_bloom_filter_contains_unique_size_u64,0,NVIDIA B200,I64,U64,32,1,8,1,1000000000,1,Yes,,,,,,,,,,
pfp_bloom_filter_contains_unique_size_u64,0,NVIDIA B200,I64,U64,32,1,8,1,1000000000,2,Yes,,,,,,,,,,
pfp_bloom_filter_contains_unique_size_u64,0,NVIDIA B200,I64,U64,32,1,8,1,1000000000,4,Yes,,,,,,,,,,
pfp_bloom_filter_contains_unique_size_u64,0,NVIDIA B200,I64,U64,32,1,8,1,1000000000,8,Yes,,,,,,,,,,
pfp_bloom_filter_contains_unique_size_u64,0,NVIDIA B200,I64,U64,32,1,8,1,1000000000,16,Yes,,,,,,,,,,
pfp_bloom_filter_contains_unique_size_u64,0,NVIDIA B200,I64,U64,32,1,8,1,1000000000,32,Yes,,,,,,,,,,
pfp_bloom_filter_contains_unique_size_u64,0,NVIDIA B200,I64,U64,32,1,8,1,1000000000,64,Yes,,,,,,,,,,
pfp_bloom_filter_contains_unique_size_u64,0,NVIDIA B200,I64,U64,32,1,8,1,1000000000,128,Yes,,,,,,,,,,
pfp_bloom_filter_contains_unique_size_u64,0,NVIDIA B200,I64,U64,32,1,8,1,1000000000,256,Yes,,,,,,,,,,
pfp_bloom_filter_contains_unique_size_u64,0,NVIDIA B200,I64,U64,32,1,8,1,1000000000,512,Yes,,,,,,,,,,
pfp_bloom_filter_contains_unique_size_u64,0,NVIDIA B200,I64,U64,32,1,8,1,1000000000,1024,Yes,,,,,,,,,,
pfp_bloom_filter_contains_unique_size_u64,0,NVIDIA B200,I64,U64,32,1,8,1,1000000000,2048,Yes,,,,,,,,,,
pfp_bloom_filter_contains_unique_size_u64,0,NVIDIA B200,I64,U64,32,1,8,2,1000000000,1,Yes,,,,,,,,,,
pfp_bloom_filter_contains_unique_size_u64,0,NVIDIA B200,I64,U64,32,1,8,2,1000000000,2,Yes,,,,,,,,,,
pfp_bloom_filter_contains_unique_size_u64,0,NVIDIA B200,I64,U64,32,1,8,2,1000000000,4,Yes,,,,,,,,,,
pfp_bloom_filter_contains_unique_size_u64,0,NVIDIA B200,I64,U64,32,1,8,2,1000000000,8,Yes,,,,,,,,,,
pfp_bloom_filter_contains_unique_size_u64,0,NVIDIA B200,I64,U64,32,1,8,2,1000000000,16,Yes,,,,,,,,,,
pfp_bloom_filter_contains_unique_size_u64,0,NVIDIA B200,I64,U64,32,1,8,2,1000000000,32,Yes,,,,,,,,,,
pfp_bloom_filter_contains_unique_size_u64,0,NVIDIA B200,I64,U64,32,1,8,2,1000000000,64,Yes,,,,,,,,,,
pfp_bloom_filter_contains_unique_size_u64,0,NVIDIA B200,I64,U64,32,1,8,2,1000000000,128,Yes,,,,,,,,,,
pfp_bloom_filter_contains_unique_size_u64,0,NVIDIA B200,I64,U64,32,1,8,2,1000000000,256,Yes,,,,,,,,,,
pfp_bloom_filter_contains_unique_size_u64,0,NVIDIA B200,I64,U64,32,1,8,2,1000000000,512,Yes,,,,,,,,,,
pfp_bloom_filter_contains_unique_size_u64,0,NVIDIA B200,I64,U64,32,1,8,2,1000000000,1024,Yes,,,,,,,,,,
pfp_bloom_filter_contains_unique_size_u64,0,NVIDIA B200,I64,U64,32,1,8,2,1000000000,2048,Yes,,,,,,,,,,
pfp_bloom_filter_contains_unique_size_u64,0,NVIDIA B200,I64,U64,32,1,8,4,1000000000,1,Yes,,,,,,,,,,
pfp_bloom_filter_contains_unique_size_u64,0,NVIDIA B200,I64,U64,32,1,8,4,1000000000,2,Yes,,,,,,,,,,
pfp_bloom_filter_contains_unique_size_u64,0,NVIDIA B200,I64,U64,32,1,8,4,1000000000,4,Yes,,,,,,,,,,
pfp_bloom_filter_contains_unique_size_u64,0,NVIDIA B200,I64,U64,32,1,8,4,1000000000,8,Yes,,,,,,,,,,
pfp_bloom_filter_contains_unique_size_u64,0,NVIDIA B200,I64,U64,32,1,8,4,1000000000,16,Yes,,,,,,,,,,
pfp_bloom_filter_contains_unique_size_u64,0,NVIDIA B200,I64,U64,32,1,8,4,1000000000,32,Yes,,,,,,,,,,
pfp_bloom_filter_contains_unique_size_u64,0,NVIDIA B200,I64,U64,32,1,8,4,1000000000,64,Yes,,,,,,,,,,
pfp_bloom_filter_contains_unique_size_u64,0,NVIDIA B200,I64,U64,32,1,8,4,1000000000,128,Yes,,,,,,,,,,
pfp_bloom_filter_contains_unique_size_u64,0,NVIDIA B200,I64,U64,32,1,8,4,1000000000,256,Yes,,,,,,,,,,
pfp_bloom_filter_contains_unique_size_u64,0,NVIDIA B200,I64,U64,32,1,8,4,1000000000,512,Yes,,,,,,,,,,
pfp_bloom_filter_contains_unique_size_u64,0,NVIDIA B200,I64,U64,32,1,8,4,1000000000,1024,Yes,,,,,,,,,,
pfp_bloom_filter_contains_unique_size_u64,0,NVIDIA B200,I64,U64,32,1,8,4,1000000000,2048,Yes,,,,,,,,,,
pfp_bloom_filter_contains_unique_size_u64,0,NVIDIA B200,I64,U64,32,1,8,8,1000000000,1,Yes,,,,,,,,,,
pfp_bloom_filter_contains_unique_size_u64,0,NVIDIA B200,I64,U64,32,1,8,8,1000000000,2,Yes,,,,,,,,,,
pfp_bloom_filter_contains_unique_size_u64,0,NVIDIA B200,I64,U64,32,1,8,8,1000000000,4,Yes,,,,,,,,,,
pfp_bloom_filter_contains_unique_size_u64,0,NVIDIA B200,I64,U64,32,1,8,8,1000000000,8,Yes,,,,,,,,,,
pfp_bloom_filter_contains_unique_size_u64,0,NVIDIA B200,I64,U64,32,1,8,8,1000000000,16,Yes,,,,,,,,,,
pfp_bloom_filter_contains_unique_size_u64,0,NVIDIA B200,I64,U64,32,1,8,8,1000000000,32,Yes,,,,,,,,,,
pfp_bloom_filter_contains_unique_size_u64,0,NVIDIA B200,I64,U64,32,1,8,8,1000000000,64,Yes,,,,,,,,,,
pfp_bloom_filter_contains_unique_size_u64,0,NVIDIA B200,I64,U64,32,1,8,8,1000000000,128,Yes,,,,,,,,,,
pfp_bloom_filter_contains_unique_size_u64,0,NVIDIA B200,I64,U64,32,1,8,8,1000000000,256,Yes,,,,,,,,,,
pfp_bloom_filter_contains_unique_size_u64,0,NVIDIA B200,I64,U64,32,1,8,8,1000000000,512,Yes,,,,,,,,,,
pfp_bloom_filter_contains_unique_size_u64,0,NVIDIA B200,I64,U64,32,1,8,8,1000000000,1024,Yes,,,,,,,,,,
pfp_bloom_filter_contains_unique_size_u64,0,NVIDIA B200,I64,U64,32,1,8,8,1000000000,2048,Yes,,,,,,,,,,
pfp_bloom_filter_contains_unique_size_u64,0,NVIDIA B200,I64,U64,32,20,1,1,1000000000,1,Yes,,,,,,,,,,
pfp_bloom_filter_contains_unique_size_u64,0,NVIDIA B200,I64,U64,32,20,1,1,1000000000,2,Yes,,,,,,,,,,
pfp_bloom_filter_contains_unique_size_u64,0,NVIDIA B200,I64,U64,32,20,1,1,1000000000,4,Yes,,,,,,,,,,
pfp_bloom_filter_contains_unique_size_u64,0,NVIDIA B200,I64,U64,32,20,1,1,1000000000,8,Yes,,,,,,,,,,
pfp_bloom_filter_contains_unique_size_u64,0,NVIDIA B200,I64,U64,32,20,1,1,1000000000,16,Yes,,,,,,,,,,
pfp_bloom_filter_contains_unique_size_u64,0,NVIDIA B200,I64,U64,32,20,1,1,1000000000,32,Yes,,,,,,,,,,
pfp_bloom_filter_contains_unique_size_u64,0,NVIDIA B200,I64,U64,32,20,1,1,1000000000,64,Yes,,,,,,,,,,
pfp_bloom_filter_contains_unique_size_u64,0,NVIDIA B200,I64,U64,32,20,1,1,1000000000,128,Yes,,,,,,,,,,
pfp_bloom_filter_contains_unique_size_u64,0,NVIDIA B200,I64,U64,32,20,1,1,1000000000,256,Yes,,,,,,,,,,
pfp_bloom_filter_contains_unique_size_u64,0,NVIDIA B200,I64,U64,32,20,1,1,1000000000,512,Yes,,,,,,,,,,
pfp_bloom_filter_contains_unique_size_u64,0,NVIDIA B200,I64,U64,32,20,1,1,1000000000,1024,Yes,,,,,,,,,,
pfp_bloom_filter_contains_unique_size_u64,0,NVIDIA B200,I64,U64,32,20,1,1,1000000000,2048,Yes,,,,,,,,,,
pfp_bloom_filter_contains_unique_size_u64,0,NVIDIA B200,I64,U64,32,20,1,2,1000000000,1,Yes,,,,,,,,,,
pfp_bloom_filter_contains_unique_size_u64,0,NVIDIA B200,I64,U64,32,20,1,2,1000000000,2,Yes,,,,,,,,,,
pfp_bloom_filter_contains_unique_size_u64,0,NVIDIA B200,I64,U64,32,20,1,2,1000000000,4,Yes,,,,,,,,,,
pfp_bloom_filter_contains_unique_size_u64,0,NVIDIA B200,I64,U64,32,20,1,2,1000000000,8,Yes,,,,,,,,,,
pfp_bloom_filter_contains_unique_size_u64,0,NVIDIA B200,I64,U64,32,20,1,2,1000000000,16,Yes,,,,,,,,,,
pfp_bloom_filter_contains_unique_size_u64,0,NVIDIA B200,I64,U64,32,20,1,2,1000000000,32,Yes,,,,,,,,,,
pfp_bloom_filter_contains_unique_size_u64,0,NVIDIA B200,I64,U64,32,20,1,2,1000000000,64,Yes,,,,,,,,,,
pfp_bloom_filter_contains_unique_size_u64,0,NVIDIA B200,I64,U64,32,20,1,2,1000000000,128,Yes,,,,,,,,,,
pfp_bloom_filter_contains_unique_size_u64,0,NVIDIA B200,I64,U64,32,20,1,2,1000000000,256,Yes,,,,,,,,,,
pfp_bloom_filter_contains_unique_size_u64,0,NVIDIA B200,I64,U64,32,20,1,2,1000000000,512,Yes,,,,,,,,,,
pfp_bloom_filter_contains_unique_size_u64,0,NVIDIA B200,I64,U64,32,20,1,2,1000000000,1024,Yes,,,,,,,,,,
pfp_bloom_filter_contains_unique_size_u64,0,NVIDIA B200,I64,U64,32,20,1,2,1000000000,2048,Yes,,,,,,,,,,
pfp_bloom_filter_contains_unique_size_u64,0,NVIDIA B200,I64,U64,32,20,1,4,1000000000,1,Yes,,,,,,,,,,
pfp_bloom_filter_contains_unique_size_u64,0,NVIDIA B200,I64,U64,32,20,1,4,1000000000,2,Yes,,,,,,,,,,
pfp_bloom_filter_contains_unique_size_u64,0,NVIDIA B200,I64,U64,32,20,1,4,1000000000,4,Yes,,,,,,,,,,
pfp_bloom_filter_contains_unique_size_u64,0,NVIDIA B200,I64,U64,32,20,1,4,1000000000,8,Yes,,,,,,,,,,
pfp_bloom_filter_contains_unique_size_u64,0,NVIDIA B200,I64,U64,32,20,1,4,1000000000,16,Yes,,,,,,,,,,
pfp_bloom_filter_contains_unique_size_u64,0,NVIDIA B200,I64,U64,32,20,1,4,1000000000,32,Yes,,,,,,,,,,
pfp_bloom_filter_contains_unique_size_u64,0,NVIDIA B200,I64,U64,32,20,1,4,1000000000,64,Yes,,,,,,,,,,
pfp_bloom_filter_contains_unique_size_u64,0,NVIDIA B200,I64,U64,32,20,1,4,1000000000,128,Yes,,,,,,,,,,
pfp_bloom_filter_contains_unique_size_u64,0,NVIDIA B200,I64,U64,32,20,1,4,1000000000,256,Yes,,,,,,,,,,
pfp_bloom_filter_contains_unique_size_u64,0,NVIDIA B200,I64,U64,32,20,1,4,1000000000,512,Yes,,,,,,,,,,
pfp_bloom_filter_contains_unique_size_u64,0,NVIDIA B200,I64,U64,32,20,1,4,1000000000,1024,Yes,,,,,,,,,,
pfp_bloom_filter_contains_unique_size_u64,0,NVIDIA B200,I64,U64,32,20,1,4,1000000000,2048,Yes,,,,,,,,,,
pfp_bloom_filter_contains_unique_size_u64,0,NVIDIA B200,I64,U64,32,20,1,8,1000000000,1,Yes,,,,,,,,,,
pfp_bloom_filter_contains_unique_size_u64,0,NVIDIA B200,I64,U64,32,20,1,8,1000000000,2,Yes,,,,,,,,,,
pfp_bloom_filter_contains_unique_size_u64,0,NVIDIA B200,I64,U64,32,20,1,8,1000000000,4,Yes,,,,,,,,,,
pfp_bloom_filter_contains_unique_size_u64,0,NVIDIA B200,I64,U64,32,20,1,8,1000000000,8,Yes,,,,,,,,,,
pfp_bloom_filter_contains_unique_size_u64,0,NVIDIA B200,I64,U64,32,20,1,8,1000000000,16,Yes,,,,,,,,,,
pfp_bloom_filter_contains_unique_size_u64,0,NVIDIA B200,I64,U64,32,20,1,8,1000000000,32,Yes,,,,,,,,,,
pfp_bloom_filter_contains_unique_size_u64,0,NVIDIA B200,I64,U64,32,20,1,8,1000000000,64,Yes,,,,,,,,,,
pfp_bloom_filter_contains_unique_size_u64,0,NVIDIA B200,I64,U64,32,20,1,8,1000000000,128,Yes,,,,,,,,,,
pfp_bloom_filter_contains_unique_size_u64,0,NVIDIA B200,I64,U64,32,20,1,8,1000000000,256,Yes,,,,,,,,,,
pfp_bloom_filter_contains_unique_size_u64,0,NVIDIA B200,I64,U64,32,20,1,8,1000000000,512,Yes,,,,,,,,,,
pfp_bloom_filter_contains_unique_size_u64,0,NVIDIA B200,I64,U64,32,20,1,8,1000000000,1024,Yes,,,,,,,,,,
pfp_bloom_filter_contains_unique_size_u64,0,NVIDIA B200,I64,U64,32,20,1,8,1000000000,2048,Yes,,,,,,,,,,
pfp_bloom_filter_contains_unique_size_u64,0,NVIDIA B200,I64,U64,32,20,2,1,1000000000,1,Yes,,,,,,,,,,
pfp_bloom_filter_contains_unique_size_u64,0,NVIDIA B200,I64,U64,32,20,2,1,1000000000,2,Yes,,,,,,,,,,
pfp_bloom_filter_contains_unique_size_u64,0,NVIDIA B200,I64,U64,32,20,2,1,1000000000,4,Yes,,,,,,,,,,
pfp_bloom_filter_contains_unique_size_u64,0,NVIDIA B200,I64,U64,32,20,2,1,1000000000,8,Yes,,,,,,,,,,
pfp_bloom_filter_contains_unique_size_u64,0,NVIDIA B200,I64,U64,32,20,2,1,1000000000,16,Yes,,,,,,,,,,
pfp_bloom_filter_contains_unique_size_u64,0,NVIDIA B200,I64,U64,32,20,2,1,1000000000,32,Yes,,,,,,,,,,
pfp_bloom_filter_contains_unique_size_u64,0,NVIDIA B200,I64,U64,32,20,2,1,1000000000,64,Yes,,,,,,,,,,
pfp_bloom_filter_contains_unique_size_u64,0,NVIDIA B200,I64,U64,32,20,2,1,1000000000,128,Yes,,,,,,,,,,
pfp_bloom_filter_contains_unique_size_u64,0,NVIDIA B200,I64,U64,32,20,2,1,1000000000,256,Yes,,,,,,,,,,
pfp_bloom_filter_contains_unique_size_u64,0,NVIDIA B200,I64,U64,32,20,2,1,1000000000,512,Yes,,,,,,,,,,
pfp_bloom_filter_contains_unique_size_u64,0,NVIDIA B200,I64,U64,32,20,2,1,1000000000,1024,Yes,,,,,,,,,,
pfp_bloom_filter_contains_unique_size_u64,0,NVIDIA B200,I64,U64,32,20,2,1,1000000000,2048,Yes,,,,,,,,,,
pfp_bloom_filter_contains_unique_size_u64,0,NVIDIA B200,I64,U64,32,20,2,2,1000000000,1,Yes,,,,,,,,,,
pfp_bloom_filter_contains_unique_size_u64,0,NVIDIA B200,I64,U64,32,20,2,2,1000000000,2,Yes,,,,,,,,,,
pfp_bloom_filter_contains_unique_size_u64,0,NVIDIA B200,I64,U64,32,20,2,2,1000000000,4,Yes,,,,,,,,,,
pfp_bloom_filter_contains_unique_size_u64,0,NVIDIA B200,I64,U64,32,20,2,2,1000000000,8,Yes,,,,,,,,,,
pfp_bloom_filter_contains_unique_size_u64,0,NVIDIA B200,I64,U64,32,20,2,2,1000000000,16,Yes,,,,,,,,,,
pfp_bloom_filter_contains_unique_size_u64,0,NVIDIA B200,I64,U64,32,20,2,2,1000000000,32,Yes,,,,,,,,,,
pfp_bloom_filter_contains_unique_size_u64,0,NVIDIA B200,I64,U64,32,20,2,2,1000000000,64,Yes,,,,,,,,,,
pfp_bloom_filter_contains_unique_size_u64,0,NVIDIA B200,I64,U64,32,20,2,2,1000000000,128,Yes,,,,,,,,,,
pfp_bloom_filter_contains_unique_size_u64,0,NVIDIA B200,I64,U64,32,20,2,2,1000000000,256,Yes,,,,,,,,,,
pfp_bloom_filter_contains_unique_size_u64,0,NVIDIA B200,I64,U64,32,20,2,2,1000000000,512,Yes,,,,,,,,,,
pfp_bloom_filter_contains_unique_size_u64,0,NVIDIA B200,I64,U64,32,20,2,2,1000000000,1024,Yes,,,,,,,,,,
pfp_bloom_filter_contains_unique_size_u64,0,NVIDIA B200,I64,U64,32,20,2,2,1000000000,2048,Yes,,,,,,,,,,
pfp_bloom_filter_contains_unique_size_u64,0,NVIDIA B200,I64,U64,32,20,2,4,1000000000,1,Yes,,,,,,,,,,
pfp_bloom_filter_contains_unique_size_u64,0,NVIDIA B200,I64,U64,32,20,2,4,1000000000,2,Yes,,,,,,,,,,
pfp_bloom_filter_contains_unique_size_u64,0,NVIDIA B200,I64,U64,32,20,2,4,1000000000,4,Yes,,,,,,,,,,
pfp_bloom_filter_contains_unique_size_u64,0,NVIDIA B200,I64,U64,32,20,2,4,1000000000,8,Yes,,,,,,,,,,
pfp_bloom_filter_contains_unique_size_u64,0,NVIDIA B200,I64,U64,32,20,2,4,1000000000,16,Yes,,,,,,,,,,
pfp_bloom_filter_contains_unique_size_u64,0,NVIDIA B200,I64,U64,32,20,2,4,1000000000,32,Yes,,,,,,,,,,
pfp_bloom_filter_contains_unique_size_u64,0,NVIDIA B200,I64,U64,32,20,2,4,1000000000,64,Yes,,,,,,,,,,
pfp_bloom_filter_contains_unique_size_u64,0,NVIDIA B200,I64,U64,32,20,2,4,1000000000,128,Yes,,,,,,,,,,
pfp_bloom_filter_contains_unique_size_u64,0,NVIDIA B200,I64,U64,32,20,2,4,1000000000,256,Yes,,,,,,,,,,
pfp_bloom_filter_contains_unique_size_u64,0,NVIDIA B200,I64,U64,32,20,2,4,1000000000,512,Yes,,,,,,,,,,
pfp_bloom_filter_contains_unique_size_u64,0,NVIDIA B200,I64,U64,32,20,2,4,1000000000,1024,Yes,,,,,,,,,,
pfp_bloom_filter_contains_unique_size_u64,0,NVIDIA B200,I64,U64,32,20,2,4,1000000000,2048,Yes,,,,,,,,,,
pfp_bloom_filter_contains_unique_size_u64,0,NVIDIA B200,I64,U64,32,20,2,8,1000000000,1,Yes,,,,,,,,,,
pfp_bloom_filter_contains_unique_size_u64,0,NVIDIA B200,I64,U64,32,20,2,8,1000000000,2,Yes,,,,,,,,,,
pfp_bloom_filter_contains_unique_size_u64,0,NVIDIA B200,I64,U64,32,20,2,8,1000000000,4,Yes,,,,,,,,,,
pfp_bloom_filter_contains_unique_size_u64,0,NVIDIA B200,I64,U64,32,20,2,8,1000000000,8,Yes,,,,,,,,,,
pfp_bloom_filter_contains_unique_size_u64,0,NVIDIA B200,I64,U64,32,20,2,8,1000000000,16,Yes,,,,,,,,,,
pfp_bloom_filter_contains_unique_size_u64,0,NVIDIA B200,I64,U64,32,20,2,8,1000000000,32,Yes,,,,,,,,,,
pfp_bloom_filter_contains_unique_size_u64,0,NVIDIA B200,I64,U64,32,20,2,8,1000000000,64,Yes,,,,,,,,,,
pfp_bloom_filter_contains_unique_size_u64,0,NVIDIA B200,I64,U64,32,20,2,8,1000000000,128,Yes,,,,,,,,,,
pfp_bloom_filter_contains_unique_size_u64,0,NVIDIA B200,I64,U64,32,20,2,8,1000000000,256,Yes,,,,,,,,,,
pfp_bloom_filter_contains_unique_size_u64,0,NVIDIA B200,I64,U64,32,20,2,8,1000000000,512,Yes,,,,,,,,,,
pfp_bloom_filter_contains_unique_size_u64,0,NVIDIA B200,I64,U64,32,20,2,8,1000000000,1024,Yes,,,,,,,,,,
pfp_bloom_filter_contains_unique_size_u64,0,NVIDIA B200,I64,U64,32,20,2,8,1000000000,2048,Yes,,,,,,,,,,
pfp_bloom_filter_contains_unique_size_u64,0,NVIDIA B200,I64,U64,32,20,4,1,1000000000,1,Yes,,,,,,,,,,
pfp_bloom_filter_contains_unique_size_u64,0,NVIDIA B200,I64,U64,32,20,4,1,1000000000,2,Yes,,,,,,,,,,
pfp_bloom_filter_contains_unique_size_u64,0,NVIDIA B200,I64,U64,32,20,4,1,1000000000,4,Yes,,,,,,,,,,
pfp_bloom_filter_contains_unique_size_u64,0,NVIDIA B200,I64,U64,32,20,4,1,1000000000,8,Yes,,,,,,,,,,
pfp_bloom_filter_contains_unique_size_u64,0,NVIDIA B200,I64,U64,32,20,4,1,1000000000,16,Yes,,,,,,,,,,
pfp_bloom_filter_contains_unique_size_u64,0,NVIDIA B200,I64,U64,32,20,4,1,1000000000,32,Yes,,,,,,,,,,
pfp_bloom_filter_contains_unique_size_u64,0,NVIDIA B200,I64,U64,32,20,4,1,1000000000,64,Yes,,,,,,,,,,
pfp_bloom_filter_contains_unique_size_u64,0,NVIDIA B200,I64,U64,32,20,4,1,1000000000,128,Yes,,,,,,,,,,
pfp_bloom_filter_contains_unique_size_u64,0,NVIDIA B200,I64,U64,32,20,4,1,1000000000,256,Yes,,,,,,,,,,
pfp_bloom_filter_contains_unique_size_u64,0,NVIDIA B200,I64,U64,32,20,4,1,1000000000,512,Yes,,,,,,,,,,
pfp_bloom_filter_contains_unique_size_u64,0,NVIDIA B200,I64,U64,32,20,4,1,1000000000,1024,Yes,,,,,,,,,,
pfp_bloom_filter_contains_unique_size_u64,0,NVIDIA B200,I64,U64,32,20,4,1,1000000000,2048,Yes,,,,,,,,,,
pfp_bloom_filter_contains_unique_size_u64,0,NVIDIA B200,I64,U64,32,20,4,2,1000000000,1,Yes,,,,,,,,,,
pfp_bloom_filter_contains_unique_size_u64,0,NVIDIA B200,I64,U64,32,20,4,2,1000000000,2,Yes,,,,,,,,,,
pfp_bloom_filter_contains_unique_size_u64,0,NVIDIA B200,I64,U64,32,20,4,2,1000000000,4,Yes,,,,,,,,,,
pfp_bloom_filter_contains_unique_size_u64,0,NVIDIA B200,I64,U64,32,20,4,2,1000000000,8,Yes,,,,,,,,,,
pfp_bloom_filter_contains_unique_size_u64,0,NVIDIA B200,I64,U64,32,20,4,2,1000000000,16,Yes,,,,,,,,,,
pfp_bloom_filter_contains_unique_size_u64,0,NVIDIA B200,I64,U64,32,20,4,2,1000000000,32,Yes,,,,,,,,,,
pfp_bloom_filter_contains_unique_size_u64,0,NVIDIA B200,I64,U64,32,20,4,2,1000000000,64,Yes,,,,,,,,,,
pfp_bloom_filter_contains_unique_size_u64,0,NVIDIA B200,I64,U64,32,20,4,2,1000000000,128,Yes,,,,,,,,,,
pfp_bloom_filter_contains_unique_size_u64,0,NVIDIA B200,I64,U64,32,20,4,2,1000000000,256,Yes,,,,,,,,,,
pfp_bloom_filter_contains_unique_size_u64,0,NVIDIA B200,I64,U64,32,20,4,2,1000000000,512,Yes,,,,,,,,,,
pfp_bloom_filter_contains_unique_size_u64,0,NVIDIA B200,I64,U64,32,20,4,2,1000000000,1024,Yes,,,,,,,,,,
pfp_bloom_filter_contains_unique_size_u64,0,NVIDIA B200,I64,U64,32,20,4,2,1000000000,2048,Yes,,,,,,,,,,
pfp_bloom_filter_contains_unique_size_u64,0,NVIDIA B200,I64,U64,32,20,4,4,1000000000,1,Yes,,,,,,,,,,
pfp_bloom_filter_contains_unique_size_u64,0,NVIDIA B200,I64,U64,32,20,4,4,1000000000,2,Yes,,,,,,,,,,
pfp_bloom_filter_contains_unique_size_u64,0,NVIDIA B200,I64,U64,32,20,4,4,1000000000,4,Yes,,,,,,,,,,
pfp_bloom_filter_contains_unique_size_u64,0,NVIDIA B200,I64,U64,32,20,4,4,1000000000,8,Yes,,,,,,,,,,
pfp_bloom_filter_contains_unique_size_u64,0,NVIDIA B200,I64,U64,32,20,4,4,1000000000,16,Yes,,,,,,,,,,
pfp_bloom_filter_contains_unique_size_u64,0,NVIDIA B200,I64,U64,32,20,4,4,1000000000,32,Yes,,,,,,,,,,
pfp_bloom_filter_contains_unique_size_u64,0,NVIDIA B200,I64,U64,32,20,4,4,1000000000,64,Yes,,,,,,,,,,
pfp_bloom_filter_contains_unique_size_u64,0,NVIDIA B200,I64,U64,32,20,4,4,1000000000,128,Yes,,,,,,,,,,
pfp_bloom_filter_contains_unique_size_u64,0,NVIDIA B200,I64,U64,32,20,4,4,1000000000,256,Yes,,,,,,,,,,
pfp_bloom_filter_contains_unique_size_u64,0,NVIDIA B200,I64,U64,32,20,4,4,1000000000,512,Yes,,,,,,,,,,
pfp_bloom_filter_contains_unique_size_u64,0,NVIDIA B200,I64,U64,32,20,4,4,1000000000,1024,Yes,,,,,,,,,,
pfp_bloom_filter_contains_unique_size_u64,0,NVIDIA B200,I64,U64,32,20,4,4,1000000000,2048,Yes,,,,,,,,,,
pfp_bloom_filter_contains_unique_size_u64,0,NVIDIA B200,I64,U64,32,20,4,8,1000000000,1,Yes,,,,,,,,,,
pfp_bloom_filter_contains_unique_size_u64,0,NVIDIA B200,I64,U64,32,20,4,8,1000000000,2,Yes,,,,,,,,,,
pfp_bloom_filter_contains_unique_size_u64,0,NVIDIA B200,I64,U64,32,20,4,8,1000000000,4,Yes,,,,,,,,,,
pfp_bloom_filter_contains_unique_size_u64,0,NVIDIA B200,I64,U64,32,20,4,8,1000000000,8,Yes,,,,,,,,,,
pfp_bloom_filter_contains_unique_size_u64,0,NVIDIA B200,I64,U64,32,20,4,8,1000000000,16,Yes,,,,,,,,,,
pfp_bloom_filter_contains_unique_size_u64,0,NVIDIA B200,I64,U64,32,20,4,8,1000000000,32,Yes,,,,,,,,,,
pfp_bloom_filter_contains_unique_size_u64,0,NVIDIA B200,I64,U64,32,20,4,8,1000000000,64,Yes,,,,,,,,,,
pfp_bloom_filter_contains_unique_size_u64,0,NVIDIA B200,I64,U64,32,20,4,8,1000000000,128,Yes,,,,,,,,,,
pfp_bloom_filter_contains_unique_size_u64,0,NVIDIA B200,I64,U64,32,20,4,8,1000000000,256,Yes,,,,,,,,,,
pfp_bloom_filter_contains_unique_size_u64,0,NVIDIA B200,I64,U64,32,20,4,8,1000000000,512,Yes,,,,,,,,,,
pfp_bloom_filter_contains_unique_size_u64,0,NVIDIA B200,I64,U64,32,20,4,8,1000000000,1024,Yes,,,,,,,,,,
pfp_bloom_filter_contains_unique_size_u64,0,NVIDIA B200,I64,U64,32,20,4,8,1000000000,2048,Yes,,,,,,,,,,
pfp_bloom_filter_contains_unique_size_u64,0,NVIDIA B200,I64,U64,32,20,8,1,1000000000,1,Yes,,,,,,,,,,
pfp_bloom_filter_contains_unique_size_u64,0,NVIDIA B200,I64,U64,32,20,8,1,1000000000,2,Yes,,,,,,,,,,
pfp_bloom_filter_contains_unique_size_u64,0,NVIDIA B200,I64,U64,32,20,8,1,1000000000,4,Yes,,,,,,,,,,
pfp_bloom_filter_contains_unique_size_u64,0,NVIDIA B200,I64,U64,32,20,8,1,1000000000,8,Yes,,,,,,,,,,
pfp_bloom_filter_contains_unique_size_u64,0,NVIDIA B200,I64,U64,32,20,8,1,1000000000,16,Yes,,,,,,,,,,
pfp_bloom_filter_contains_unique_size_u64,0,NVIDIA B200,I64,U64,32,20,8,1,1000000000,32,Yes,,,,,,,,,,
pfp_bloom_filter_contains_unique_size_u64,0,NVIDIA B200,I64,U64,32,20,8,1,1000000000,64,Yes,,,,,,,,,,
pfp_bloom_filter_contains_unique_size_u64,0,NVIDIA B200,I64,U64,32,20,8,1,1000000000,128,Yes,,,,,,,,,,
pfp_bloom_filter_contains_unique_size_u64,0,NVIDIA B200,I64,U64,32,20,8,1,1000000000,256,Yes,,,,,,,,,,
pfp_bloom_filter_contains_unique_size_u64,0,NVIDIA B200,I64,U64,32,20,8,1,1000000000,512,Yes,,,,,,,,,,
pfp_bloom_filter_contains_unique_size_u64,0,NVIDIA B200,I64,U64,32,20,8,1,1000000000,1024,Yes,,,,,,,,,,
pfp_bloom_filter_contains_unique_size_u64,0,NVIDIA B200,I64,U64,32,20,8,1,1000000000,2048,Yes,,,,,,,,,,
pfp_bloom_filter_contains_unique_size_u64,0,NVIDIA B200,I64,U64,32,20,8,2,1000000000,1,Yes,,,,,,,,,,
pfp_bloom_filter_contains_unique_size_u64,0,NVIDIA B200,I64,U64,32,20,8,2,1000000000,2,Yes,,,,,,,,,,
pfp_bloom_filter_contains_unique_size_u64,0,NVIDIA B200,I64,U64,32,20,8,2,1000000000,4,Yes,,,,,,,,,,
pfp_bloom_filter_contains_unique_size_u64,0,NVIDIA B200,I64,U64,32,20,8,2,1000000000,8,Yes,,,,,,,,,,
pfp_bloom_filter_contains_unique_size_u64,0,NVIDIA B200,I64,U64,32,20,8,2,1000000000,16,Yes,,,,,,,,,,
pfp_bloom_filter_contains_unique_size_u64,0,NVIDIA B200,I64,U64,32,20,8,2,1000000000,32,Yes,,,,,,,,,,
pfp_bloom_filter_contains_unique_size_u64,0,NVIDIA B200,I64,U64,32,20,8,2,1000000000,64,Yes,,,,,,,,,,
pfp_bloom_filter_contains_unique_size_u64,0,NVIDIA B200,I64,U64,32,20,8,2,1000000000,128,Yes,,,,,,,,,,
pfp_bloom_filter_contains_unique_size_u64,0,NVIDIA B200,I64,U64,32,20,8,2,1000000000,256,Yes,,,,,,,,,,
pfp_bloom_filter_contains_unique_size_u64,0,NVIDIA B200,I64,U64,32,20,8,2,1000000000,512,Yes,,,,,,,,,,
pfp_bloom_filter_contains_unique_size_u64,0,NVIDIA B200,I64,U64,32,20,8,2,1000000000,1024,Yes,,,,,,,,,,
pfp_bloom_filter_contains_unique_size_u64,0,NVIDIA B200,I64,U64,32,20,8,2,1000000000,2048,Yes,,,,,,,,,,
pfp_bloom_filter_contains_unique_size_u64,0,NVIDIA B200,I64,U64,32,20,8,4,1000000000,1,Yes,,,,,,,,,,
pfp_bloom_filter_contains_unique_size_u64,0,NVIDIA B200,I64,U64,32,20,8,4,1000000000,2,Yes,,,,,,,,,,
pfp_bloom_filter_contains_unique_size_u64,0,NVIDIA B200,I64,U64,32,20,8,4,1000000000,4,Yes,,,,,,,,,,
pfp_bloom_filter_contains_unique_size_u64,0,NVIDIA B200,I64,U64,32,20,8,4,1000000000,8,Yes,,,,,,,,,,
pfp_bloom_filter_contains_unique_size_u64,0,NVIDIA B200,I64,U64,32,20,8,4,1000000000,16,Yes,,,,,,,,,,
pfp_bloom_filter_contains_unique_size_u64,0,NVIDIA B200,I64,U64,32,20,8,4,1000000000,32,Yes,,,,,,,,,,
pfp_bloom_filter_contains_unique_size_u64,0,NVIDIA B200,I64,U64,32,20,8,4,1000000000,64,Yes,,,,,,,,,,
pfp_bloom_filter_contains_unique_size_u64,0,NVIDIA B200,I64,U64,32,20,8,4,1000000000,128,Yes,,,,,,,,,,
pfp_bloom_filter_contains_unique_size_u64,0,NVIDIA B200,I64,U64,32,20,8,4,1000000000,256,Yes,,,,,,,,,,
pfp_bloom_filter_contains_unique_size_u64,0,NVIDIA B200,I64,U64,32,20,8,4,1000000000,512,Yes,,,,,,,,,,
pfp_bloom_filter_contains_unique_size_u64,0,NVIDIA B200,I64,U64,32,20,8,4,1000000000,1024,Yes,,,,,,,,,,
pfp_bloom_filter_contains_unique_size_u64,0,NVIDIA B200,I64,U64,32,20,8,4,1000000000,2048,Yes,,,,,,,,,,
pfp_bloom_filter_contains_unique_size_u64,0,NVIDIA B200,I64,U64,32,20,8,8,1000000000,1,Yes,,,,,,,,,,
pfp_bloom_filter_contains_unique_size_u64,0,NVIDIA B200,I64,U64,32,20,8,8,1000000000,2,Yes,,,,,,,,,,
pfp_bloom_filter_contains_unique_size_u64,0,NVIDIA B200,I64,U64,32,20,8,8,1000000000,4,Yes,,,,,,,,,,
pfp_bloom_filter_contains_unique_size_u64,0,NVIDIA B200,I64,U64,32,20,8,8,1000000000,8,Yes,,,,,,,,,,
pfp_bloom_filter_contains_unique_size_u64,0,NVIDIA B200,I64,U64,32,20,8,8,1000000000,16,Yes,,,,,,,,,,
pfp_bloom_filter_contains_unique_size_u64,0,NVIDIA B200,I64,U64,32,20,8,8,1000000000,32,Yes,,,,,,,,,,
pfp_bloom_filter_contains_unique_size_u64,0,NVIDIA B200,I64,U64,32,20,8,8,1000000000,64,Yes,,,,,,,,,,
pfp_bloom_filter_contains_unique_size_u64,0,NVIDIA B200,I64,U64,32,20,8,8,1000000000,128,Yes,,,,,,,,,,
pfp_bloom_filter_contains_unique_size_u64,0,NVIDIA B200,I64,U64,32,20,8,8,1000000000,256,Yes,,,,,,,,,,
pfp_bloom_filter_contains_unique_size_u64,0,NVIDIA B200,I64,U64,32,20,8,8,1000000000,512,Yes,,,,,,,,,,
pfp_bloom_filter_contains_unique_size_u64,0,NVIDIA B200,I64,U64,32,20,8,8,1000000000,1024,Yes,,,,,,,,,,
pfp_bloom_filter_contains_unique_size_u64,0,NVIDIA B200,I64,U64,32,20,8,8,1000000000,2048,Yes,,,,,,,,,,
pfp_bloom_filter_contains_unique_size_u64,0,NVIDIA B200,I64,U64,64,1,1,1,1000000000,1,No,0.393517069,1,93,0.0054063955591397836,0.0003975601261571123,0.00539200959154355,0.0003784799637091121,185459610748.5287,96,0.005387701034545898
pfp_bloom_filter_contains_unique_size_u64,0,NVIDIA B200,I64,U64,64,1,1,1,1000000000,2,No,0.393450218,1,92,0.005480313760869565,0.00019918268689990065,0.0054659388013508035,0.00015691445915435275,182951188504.50153,95,0.005463147615131579
pfp_bloom_filter_contains_unique_size_u64,0,NVIDIA B200,I64,U64,64,1,1,1,1000000000,4,No,0.39345492,1,91,0.005518204296703296,0.0002182410054695217,0.005503807691427377,0.00015119331002910454,181692394804.70593,94,0.005500938902509973
pfp_bloom_filter_contains_unique_size_u64,0,NVIDIA B200,I64,U64,64,1,1,1,1000000000,8,No,0.39345243,1,91,0.005535587989010992,0.00021789545511745922,0.005521261660607304,0.00017585985559448225,181118023645.70535,94,0.005517650198429189
pfp_bloom_filter_contains_unique_size_u64,0,NVIDIA B200,I64,U64,64,1,1,1,1000000000,16,No,0.393473962,1,91,0.005543536582417583,0.00022729061454045002,0.005529243076240623,0.000166145110026955,180856581309.84323,94,0.005524686772772607
pfp_bloom_filter_contains_unique_size_u64,0,NVIDIA B200,I64,U64,64,1,1,1,1000000000,32,No,0.393490367,1,90,0.005576301188888889,0.0002443409758940863,0.0055619556638929635,0.0001748614922832349,179792875101.7898,93,0.005554264191658266
pfp_bloom_filter_contains_unique_size_u64,0,NVIDIA B200,I64,U64,64,1,1,1,1000000000,64,No,0.393470699,1,70,0.007190352271428571,0.03381820638362055,0.0071760000297001435,0.033898468963667175,139353399646.20737,71,0.00731049443634463
pfp_bloom_filter_contains_unique_size_u64,0,NVIDIA B200,I64,U64,64,1,1,1,1000000000,128,No,0.393479853,1,38,0.01318984889473684,0.3684431023899392,0.013174296429282745,0.36884938062219486,75905381768.79655,45,0.01284551052517361
pfp_bloom_filter_contains_unique_size_u64,0,NVIDIA B200,I64,U64,64,1,1,1,1000000000,256,No,0.393454774,1,30,0.01690280696666667,0.0552526335658171,0.016887098598480223,0.0552986680401612,59216803536.043564,32,0.017084064483642577
pfp_bloom_filter_contains_unique_size_u64,0,NVIDIA B200,I64,U64,64,1,1,1,1000000000,512,No,0.393484353,1,26,0.01959092373076923,0.03098185072562967,0.019575438792888936,0.031003887094070825,51084423219.32853,27,0.019953740861680773
pfp_bloom_filter_contains_unique_size_u64,0,NVIDIA B200,I64,U64,64,1,1,1,1000000000,1024,No,0.393459312,1,24,0.021138265125000003,0.025309030203680177,0.02112256526947022,0.02532065035823211,47342734523.12931,25,0.021480613021850586
pfp_bloom_filter_contains_unique_size_u64,0,NVIDIA B200,I64,U64,64,1,1,1,1000000000,2048,No,0.393447439,1,23,0.022057179869565215,0.025202414674163138,0.022041381835937502,0.025217441740763687,45369206315.80113,24,0.02234248654047648
pfp_bloom_filter_contains_unique_size_u64,0,NVIDIA B200,I64,U64,64,1,1,2,1000000000,1,Yes,,,,,,,,,,
pfp_bloom_filter_contains_unique_size_u64,0,NVIDIA B200,I64,U64,64,1,1,2,1000000000,2,Yes,,,,,,,,,,
pfp_bloom_filter_contains_unique_size_u64,0,NVIDIA B200,I64,U64,64,1,1,2,1000000000,4,Yes,,,,,,,,,,
pfp_bloom_filter_contains_unique_size_u64,0,NVIDIA B200,I64,U64,64,1,1,2,1000000000,8,Yes,,,,,,,,,,
pfp_bloom_filter_contains_unique_size_u64,0,NVIDIA B200,I64,U64,64,1,1,2,1000000000,16,Yes,,,,,,,,,,
pfp_bloom_filter_contains_unique_size_u64,0,NVIDIA B200,I64,U64,64,1,1,2,1000000000,32,Yes,,,,,,,,,,
pfp_bloom_filter_contains_unique_size_u64,0,NVIDIA B200,I64,U64,64,1,1,2,1000000000,64,Yes,,,,,,,,,,
pfp_bloom_filter_contains_unique_size_u64,0,NVIDIA B200,I64,U64,64,1,1,2,1000000000,128,Yes,,,,,,,,,,
pfp_bloom_filter_contains_unique_size_u64,0,NVIDIA B200,I64,U64,64,1,1,2,1000000000,256,Yes,,,,,,,,,,
pfp_bloom_filter_contains_unique_size_u64,0,NVIDIA B200,I64,U64,64,1,1,2,1000000000,512,Yes,,,,,,,,,,
pfp_bloom_filter_contains_unique_size_u64,0,NVIDIA B200,I64,U64,64,1,1,2,1000000000,1024,Yes,,,,,,,,,,
pfp_bloom_filter_contains_unique_size_u64,0,NVIDIA B200,I64,U64,64,1,1,2,1000000000,2048,Yes,,,,,,,,,,
pfp_bloom_filter_contains_unique_size_u64,0,NVIDIA B200,I64,U64,64,1,1,4,1000000000,1,Yes,,,,,,,,,,
pfp_bloom_filter_contains_unique_size_u64,0,NVIDIA B200,I64,U64,64,1,1,4,1000000000,2,Yes,,,,,,,,,,
pfp_bloom_filter_contains_unique_size_u64,0,NVIDIA B200,I64,U64,64,1,1,4,1000000000,4,Yes,,,,,,,,,,
pfp_bloom_filter_contains_unique_size_u64,0,NVIDIA B200,I64,U64,64,1,1,4,1000000000,8,Yes,,,,,,,,,,
pfp_bloom_filter_contains_unique_size_u64,0,NVIDIA B200,I64,U64,64,1,1,4,1000000000,16,Yes,,,,,,,,,,
pfp_bloom_filter_contains_unique_size_u64,0,NVIDIA B200,I64,U64,64,1,1,4,1000000000,32,Yes,,,,,,,,,,
pfp_bloom_filter_contains_unique_size_u64,0,NVIDIA B200,I64,U64,64,1,1,4,1000000000,64,Yes,,,,,,,,,,
pfp_bloom_filter_contains_unique_size_u64,0,NVIDIA B200,I64,U64,64,1,1,4,1000000000,128,Yes,,,,,,,,,,
pfp_bloom_filter_contains_unique_size_u64,0,NVIDIA B200,I64,U64,64,1,1,4,1000000000,256,Yes,,,,,,,,,,
pfp_bloom_filter_contains_unique_size_u64,0,NVIDIA B200,I64,U64,64,1,1,4,1000000000,512,Yes,,,,,,,,,,
pfp_bloom_filter_contains_unique_size_u64,0,NVIDIA B200,I64,U64,64,1,1,4,1000000000,1024,Yes,,,,,,,,,,
pfp_bloom_filter_contains_unique_size_u64,0,NVIDIA B200,I64,U64,64,1,1,4,1000000000,2048,Yes,,,,,,,,,,
pfp_bloom_filter_contains_unique_size_u64,0,NVIDIA B200,I64,U64,64,1,1,8,1000000000,1,Yes,,,,,,,,,,
pfp_bloom_filter_contains_unique_size_u64,0,NVIDIA B200,I64,U64,64,1,1,8,1000000000,2,Yes,,,,,,,,,,
pfp_bloom_filter_contains_unique_size_u64,0,NVIDIA B200,I64,U64,64,1,1,8,1000000000,4,Yes,,,,,,,,,,
pfp_bloom_filter_contains_unique_size_u64,0,NVIDIA B200,I64,U64,64,1,1,8,1000000000,8,Yes,,,,,,,,,,
pfp_bloom_filter_contains_unique_size_u64,0,NVIDIA B200,I64,U64,64,1,1,8,1000000000,16,Yes,,,,,,,,,,
pfp_bloom_filter_contains_unique_size_u64,0,NVIDIA B200,I64,U64,64,1,1,8,1000000000,32,Yes,,,,,,,,,,
pfp_bloom_filter_contains_unique_size_u64,0,NVIDIA B200,I64,U64,64,1,1,8,1000000000,64,Yes,,,,,,,,,,
pfp_bloom_filter_contains_unique_size_u64,0,NVIDIA B200,I64,U64,64,1,1,8,1000000000,128,Yes,,,,,,,,,,
pfp_bloom_filter_contains_unique_size_u64,0,NVIDIA B200,I64,U64,64,1,1,8,1000000000,256,Yes,,,,,,,,,,
pfp_bloom_filter_contains_unique_size_u64,0,NVIDIA B200,I64,U64,64,1,1,8,1000000000,512,Yes,,,,,,,,,,
pfp_bloom_filter_contains_unique_size_u64,0,NVIDIA B200,I64,U64,64,1,1,8,1000000000,1024,Yes,,,,,,,,,,
pfp_bloom_filter_contains_unique_size_u64,0,NVIDIA B200,I64,U64,64,1,1,8,1000000000,2048,Yes,,,,,,,,,,
pfp_bloom_filter_contains_unique_size_u64,0,NVIDIA B200,I64,U64,64,1,2,1,1000000000,1,Yes,,,,,,,,,,
pfp_bloom_filter_contains_unique_size_u64,0,NVIDIA B200,I64,U64,64,1,2,1,1000000000,2,Yes,,,,,,,,,,
pfp_bloom_filter_contains_unique_size_u64,0,NVIDIA B200,I64,U64,64,1,2,1,1000000000,4,Yes,,,,,,,,,,
pfp_bloom_filter_contains_unique_size_u64,0,NVIDIA B200,I64,U64,64,1,2,1,1000000000,8,Yes,,,,,,,,,,
pfp_bloom_filter_contains_unique_size_u64,0,NVIDIA B200,I64,U64,64,1,2,1,1000000000,16,Yes,,,,,,,,,,
pfp_bloom_filter_contains_unique_size_u64,0,NVIDIA B200,I64,U64,64,1,2,1,1000000000,32,Yes,,,,,,,,,,
pfp_bloom_filter_contains_unique_size_u64,0,NVIDIA B200,I64,U64,64,1,2,1,1000000000,64,Yes,,,,,,,,,,
pfp_bloom_filter_contains_unique_size_u64,0,NVIDIA B200,I64,U64,64,1,2,1,1000000000,128,Yes,,,,,,,,,,
pfp_bloom_filter_contains_unique_size_u64,0,NVIDIA B200,I64,U64,64,1,2,1,1000000000,256,Yes,,,,,,,,,,
pfp_bloom_filter_contains_unique_size_u64,0,NVIDIA B200,I64,U64,64,1,2,1,1000000000,512,Yes,,,,,,,,,,
pfp_bloom_filter_contains_unique_size_u64,0,NVIDIA B200,I64,U64,64,1,2,1,1000000000,1024,Yes,,,,,,,,,,
pfp_bloom_filter_contains_unique_size_u64,0,NVIDIA B200,I64,U64,64,1,2,1,1000000000,2048,Yes,,,,,,,,,,
pfp_bloom_filter_contains_unique_size_u64,0,NVIDIA B200,I64,U64,64,1,2,2,1000000000,1,Yes,,,,,,,,,,
pfp_bloom_filter_contains_unique_size_u64,0,NVIDIA B200,I64,U64,64,1,2,2,1000000000,2,Yes,,,,,,,,,,
pfp_bloom_filter_contains_unique_size_u64,0,NVIDIA B200,I64,U64,64,1,2,2,1000000000,4,Yes,,,,,,,,,,
pfp_bloom_filter_contains_unique_size_u64,0,NVIDIA B200,I64,U64,64,1,2,2,1000000000,8,Yes,,,,,,,,,,
pfp_bloom_filter_contains_unique_size_u64,0,NVIDIA B200,I64,U64,64,1,2,2,1000000000,16,Yes,,,,,,,,,,
pfp_bloom_filter_contains_unique_size_u64,0,NVIDIA B200,I64,U64,64,1,2,2,1000000000,32,Yes,,,,,,,,,,
pfp_bloom_filter_contains_unique_size_u64,0,NVIDIA B200,I64,U64,64,1,2,2,1000000000,64,Yes,,,,,,,,,,
pfp_bloom_filter_contains_unique_size_u64,0,NVIDIA B200,I64,U64,64,1,2,2,1000000000,128,Yes,,,,,,,,,,
pfp_bloom_filter_contains_unique_size_u64,0,NVIDIA B200,I64,U64,64,1,2,2,1000000000,256,Yes,,,,,,,,,,
pfp_bloom_filter_contains_unique_size_u64,0,NVIDIA B200,I64,U64,64,1,2,2,1000000000,512,Yes,,,,,,,,,,
pfp_bloom_filter_contains_unique_size_u64,0,NVIDIA B200,I64,U64,64,1,2,2,1000000000,1024,Yes,,,,,,,,,,
pfp_bloom_filter_contains_unique_size_u64,0,NVIDIA B200,I64,U64,64,1,2,2,1000000000,2048,Yes,,,,,,,,,,
pfp_bloom_filter_contains_unique_size_u64,0,NVIDIA B200,I64,U64,64,1,2,4,1000000000,1,Yes,,,,,,,,,,
pfp_bloom_filter_contains_unique_size_u64,0,NVIDIA B200,I64,U64,64,1,2,4,1000000000,2,Yes,,,,,,,,,,
pfp_bloom_filter_contains_unique_size_u64,0,NVIDIA B200,I64,U64,64,1,2,4,1000000000,4,Yes,,,,,,,,,,
pfp_bloom_filter_contains_unique_size_u64,0,NVIDIA B200,I64,U64,64,1,2,4,1000000000,8,Yes,,,,,,,,,,
pfp_bloom_filter_contains_unique_size_u64,0,NVIDIA B200,I64,U64,64,1,2,4,1000000000,16,Yes,,,,,,,,,,
pfp_bloom_filter_contains_unique_size_u64,0,NVIDIA B200,I64,U64,64,1,2,4,1000000000,32,Yes,,,,,,,,,,
pfp_bloom_filter_contains_unique_size_u64,0,NVIDIA B200,I64,U64,64,1,2,4,1000000000,64,Yes,,,,,,,,,,
pfp_bloom_filter_contains_unique_size_u64,0,NVIDIA B200,I64,U64,64,1,2,4,1000000000,128,Yes,,,,,,,,,,
pfp_bloom_filter_contains_unique_size_u64,0,NVIDIA B200,I64,U64,64,1,2,4,1000000000,256,Yes,,,,,,,,,,
pfp_bloom_filter_contains_unique_size_u64,0,NVIDIA B200,I64,U64,64,1,2,4,1000000000,512,Yes,,,,,,,,,,
pfp_bloom_filter_contains_unique_size_u64,0,NVIDIA B200,I64,U64,64,1,2,4,1000000000,1024,Yes,,,,,,,,,,
pfp_bloom_filter_contains_unique_size_u64,0,NVIDIA B200,I64,U64,64,1,2,4,1000000000,2048,Yes,,,,,,,,,,
pfp_bloom_filter_contains_unique_size_u64,0,NVIDIA B200,I64,U64,64,1,2,8,1000000000,1,Yes,,,,,,,,,,
pfp_bloom_filter_contains_unique_size_u64,0,NVIDIA B200,I64,U64,64,1,2,8,1000000000,2,Yes,,,,,,,,,,
pfp_bloom_filter_contains_unique_size_u64,0,NVIDIA B200,I64,U64,64,1,2,8,1000000000,4,Yes,,,,,,,,,,
pfp_bloom_filter_contains_unique_size_u64,0,NVIDIA B200,I64,U64,64,1,2,8,1000000000,8,Yes,,,,,,,,,,
pfp_bloom_filter_contains_unique_size_u64,0,NVIDIA B200,I64,U64,64,1,2,8,1000000000,16,Yes,,,,,,,,,,
pfp_bloom_filter_contains_unique_size_u64,0,NVIDIA B200,I64,U64,64,1,2,8,1000000000,32,Yes,,,,,,,,,,
pfp_bloom_filter_contains_unique_size_u64,0,NVIDIA B200,I64,U64,64,1,2,8,1000000000,64,Yes,,,,,,,,,,
pfp_bloom_filter_contains_unique_size_u64,0,NVIDIA B200,I64,U64,64,1,2,8,1000000000,128,Yes,,,,,,,,,,
pfp_bloom_filter_contains_unique_size_u64,0,NVIDIA B200,I64,U64,64,1,2,8,1000000000,256,Yes,,,,,,,,,,
pfp_bloom_filter_contains_unique_size_u64,0,NVIDIA B200,I64,U64,64,1,2,8,1000000000,512,Yes,,,,,,,,,,
pfp_bloom_filter_contains_unique_size_u64,0,NVIDIA B200,I64,U64,64,1,2,8,1000000000,1024,Yes,,,,,,,,,,
pfp_bloom_filter_contains_unique_size_u64,0,NVIDIA B200,I64,U64,64,1,2,8,1000000000,2048,Yes,,,,,,,,,,
pfp_bloom_filter_contains_unique_size_u64,0,NVIDIA B200,I64,U64,64,1,4,1,1000000000,1,Yes,,,,,,,,,,
pfp_bloom_filter_contains_unique_size_u64,0,NVIDIA B200,I64,U64,64,1,4,1,1000000000,2,Yes,,,,,,,,,,
pfp_bloom_filter_contains_unique_size_u64,0,NVIDIA B200,I64,U64,64,1,4,1,1000000000,4,Yes,,,,,,,,,,
pfp_bloom_filter_contains_unique_size_u64,0,NVIDIA B200,I64,U64,64,1,4,1,1000000000,8,Yes,,,,,,,,,,
pfp_bloom_filter_contains_unique_size_u64,0,NVIDIA B200,I64,U64,64,1,4,1,1000000000,16,Yes,,,,,,,,,,
pfp_bloom_filter_contains_unique_size_u64,0,NVIDIA B200,I64,U64,64,1,4,1,1000000000,32,Yes,,,,,,,,,,
pfp_bloom_filter_contains_unique_size_u64,0,NVIDIA B200,I64,U64,64,1,4,1,1000000000,64,Yes,,,,,,,,,,
pfp_bloom_filter_contains_unique_size_u64,0,NVIDIA B200,I64,U64,64,1,4,1,1000000000,128,Yes,,,,,,,,,,
pfp_bloom_filter_contains_unique_size_u64,0,NVIDIA B200,I64,U64,64,1,4,1,1000000000,256,Yes,,,,,,,,,,
pfp_bloom_filter_contains_unique_size_u64,0,NVIDIA B200,I64,U64,64,1,4,1,1000000000,512,Yes,,,,,,,,,,
pfp_bloom_filter_contains_unique_size_u64,0,NVIDIA B200,I64,U64,64,1,4,1,1000000000,1024,Yes,,,,,,,,,,
pfp_bloom_filter_contains_unique_size_u64,0,NVIDIA B200,I64,U64,64,1,4,1,1000000000,2048,Yes,,,,,,,,,,
pfp_bloom_filter_contains_unique_size_u64,0,NVIDIA B200,I64,U64,64,1,4,2,1000000000,1,Yes,,,,,,,,,,
pfp_bloom_filter_contains_unique_size_u64,0,NVIDIA B200,I64,U64,64,1,4,2,1000000000,2,Yes,,,,,,,,,,
pfp_bloom_filter_contains_unique_size_u64,0,NVIDIA B200,I64,U64,64,1,4,2,1000000000,4,Yes,,,,,,,,,,
pfp_bloom_filter_contains_unique_size_u64,0,NVIDIA B200,I64,U64,64,1,4,2,1000000000,8,Yes,,,,,,,,,,
pfp_bloom_filter_contains_unique_size_u64,0,NVIDIA B200,I64,U64,64,1,4,2,1000000000,16,Yes,,,,,,,,,,
pfp_bloom_filter_contains_unique_size_u64,0,NVIDIA B200,I64,U64,64,1,4,2,1000000000,32,Yes,,,,,,,,,,
pfp_bloom_filter_contains_unique_size_u64,0,NVIDIA B200,I64,U64,64,1,4,2,1000000000,64,Yes,,,,,,,,,,
pfp_bloom_filter_contains_unique_size_u64,0,NVIDIA B200,I64,U64,64,1,4,2,1000000000,128,Yes,,,,,,,,,,
pfp_bloom_filter_contains_unique_size_u64,0,NVIDIA B200,I64,U64,64,1,4,2,1000000000,256,Yes,,,,,,,,,,
pfp_bloom_filter_contains_unique_size_u64,0,NVIDIA B200,I64,U64,64,1,4,2,1000000000,512,Yes,,,,,,,,,,
pfp_bloom_filter_contains_unique_size_u64,0,NVIDIA B200,I64,U64,64,1,4,2,1000000000,1024,Yes,,,,,,,,,,
pfp_bloom_filter_contains_unique_size_u64,0,NVIDIA B200,I64,U64,64,1,4,2,1000000000,2048,Yes,,,,,,,,,,
pfp_bloom_filter_contains_unique_size_u64,0,NVIDIA B200,I64,U64,64,1,4,4,1000000000,1,Yes,,,,,,,,,,
pfp_bloom_filter_contains_unique_size_u64,0,NVIDIA B200,I64,U64,64,1,4,4,1000000000,2,Yes,,,,,,,,,,
pfp_bloom_filter_contains_unique_size_u64,0,NVIDIA B200,I64,U64,64,1,4,4,1000000000,4,Yes,,,,,,,,,,
pfp_bloom_filter_contains_unique_size_u64,0,NVIDIA B200,I64,U64,64,1,4,4,1000000000,8,Yes,,,,,,,,,,
pfp_bloom_filter_contains_unique_size_u64,0,NVIDIA B200,I64,U64,64,1,4,4,1000000000,16,Yes,,,,,,,,,,
pfp_bloom_filter_contains_unique_size_u64,0,NVIDIA B200,I64,U64,64,1,4,4,1000000000,32,Yes,,,,,,,,,,
pfp_bloom_filter_contains_unique_size_u64,0,NVIDIA B200,I64,U64,64,1,4,4,1000000000,64,Yes,,,,,,,,,,
pfp_bloom_filter_contains_unique_size_u64,0,NVIDIA B200,I64,U64,64,1,4,4,1000000000,128,Yes,,,,,,,,,,
pfp_bloom_filter_contains_unique_size_u64,0,NVIDIA B200,I64,U64,64,1,4,4,1000000000,256,Yes,,,,,,,,,,
pfp_bloom_filter_contains_unique_size_u64,0,NVIDIA B200,I64,U64,64,1,4,4,1000000000,512,Yes,,,,,,,,,,
pfp_bloom_filter_contains_unique_size_u64,0,NVIDIA B200,I64,U64,64,1,4,4,1000000000,1024,Yes,,,,,,,,,,
pfp_bloom_filter_contains_unique_size_u64,0,NVIDIA B200,I64,U64,64,1,4,4,1000000000,2048,Yes,,,,,,,,,,
pfp_bloom_filter_contains_unique_size_u64,0,NVIDIA B200,I64,U64,64,1,4,8,1000000000,1,Yes,,,,,,,,,,
pfp_bloom_filter_contains_unique_size_u64,0,NVIDIA B200,I64,U64,64,1,4,8,1000000000,2,Yes,,,,,,,,,,
pfp_bloom_filter_contains_unique_size_u64,0,NVIDIA B200,I64,U64,64,1,4,8,1000000000,4,Yes,,,,,,,,,,
pfp_bloom_filter_contains_unique_size_u64,0,NVIDIA B200,I64,U64,64,1,4,8,1000000000,8,Yes,,,,,,,,,,
pfp_bloom_filter_contains_unique_size_u64,0,NVIDIA B200,I64,U64,64,1,4,8,1000000000,16,Yes,,,,,,,,,,
pfp_bloom_filter_contains_unique_size_u64,0,NVIDIA B200,I64,U64,64,1,4,8,1000000000,32,Yes,,,,,,,,,,
pfp_bloom_filter_contains_unique_size_u64,0,NVIDIA B200,I64,U64,64,1,4,8,1000000000,64,Yes,,,,,,,,,,
pfp_bloom_filter_contains_unique_size_u64,0,NVIDIA B200,I64,U64,64,1,4,8,1000000000,128,Yes,,,,,,,,,,
pfp_bloom_filter_contains_unique_size_u64,0,NVIDIA B200,I64,U64,64,1,4,8,1000000000,256,Yes,,,,,,,,,,
pfp_bloom_filter_contains_unique_size_u64,0,NVIDIA B200,I64,U64,64,1,4,8,1000000000,512,Yes,,,,,,,,,,
pfp_bloom_filter_contains_unique_size_u64,0,NVIDIA B200,I64,U64,64,1,4,8,1000000000,1024,Yes,,,,,,,,,,
pfp_bloom_filter_contains_unique_size_u64,0,NVIDIA B200,I64,U64,64,1,4,8,1000000000,2048,Yes,,,,,,,,,,
pfp_bloom_filter_contains_unique_size_u64,0,NVIDIA B200,I64,U64,64,1,8,1,1000000000,1,Yes,,,,,,,,,,
pfp_bloom_filter_contains_unique_size_u64,0,NVIDIA B200,I64,U64,64,1,8,1,1000000000,2,Yes,,,,,,,,,,
pfp_bloom_filter_contains_unique_size_u64,0,NVIDIA B200,I64,U64,64,1,8,1,1000000000,4,Yes,,,,,,,,,,
pfp_bloom_filter_contains_unique_size_u64,0,NVIDIA B200,I64,U64,64,1,8,1,1000000000,8,Yes,,,,,,,,,,
pfp_bloom_filter_contains_unique_size_u64,0,NVIDIA B200,I64,U64,64,1,8,1,1000000000,16,Yes,,,,,,,,,,
pfp_bloom_filter_contains_unique_size_u64,0,NVIDIA B200,I64,U64,64,1,8,1,1000000000,32,Yes,,,,,,,,,,
pfp_bloom_filter_contains_unique_size_u64,0,NVIDIA B200,I64,U64,64,1,8,1,1000000000,64,Yes,,,,,,,,,,
pfp_bloom_filter_contains_unique_size_u64,0,NVIDIA B200,I64,U64,64,1,8,1,1000000000,128,Yes,,,,,,,,,,
pfp_bloom_filter_contains_unique_size_u64,0,NVIDIA B200,I64,U64,64,1,8,1,1000000000,256,Yes,,,,,,,,,,
pfp_bloom_filter_contains_unique_size_u64,0,NVIDIA B200,I64,U64,64,1,8,1,1000000000,512,Yes,,,,,,,,,,
pfp_bloom_filter_contains_unique_size_u64,0,NVIDIA B200,I64,U64,64,1,8,1,1000000000,1024,Yes,,,,,,,,,,
pfp_bloom_filter_contains_unique_size_u64,0,NVIDIA B200,I64,U64,64,1,8,1,1000000000,2048,Yes,,,,,,,,,,
pfp_bloom_filter_contains_unique_size_u64,0,NVIDIA B200,I64,U64,64,1,8,2,1000000000,1,Yes,,,,,,,,,,
pfp_bloom_filter_contains_unique_size_u64,0,NVIDIA B200,I64,U64,64,1,8,2,1000000000,2,Yes,,,,,,,,,,
pfp_bloom_filter_contains_unique_size_u64,0,NVIDIA B200,I64,U64,64,1,8,2,1000000000,4,Yes,,,,,,,,,,
pfp_bloom_filter_contains_unique_size_u64,0,NVIDIA B200,I64,U64,64,1,8,2,1000000000,8,Yes,,,,,,,,,,
pfp_bloom_filter_contains_unique_size_u64,0,NVIDIA B200,I64,U64,64,1,8,2,1000000000,16,Yes,,,,,,,,,,
pfp_bloom_filter_contains_unique_size_u64,0,NVIDIA B200,I64,U64,64,1,8,2,1000000000,32,Yes,,,,,,,,,,
pfp_bloom_filter_contains_unique_size_u64,0,NVIDIA B200,I64,U64,64,1,8,2,1000000000,64,Yes,,,,,,,,,,
pfp_bloom_filter_contains_unique_size_u64,0,NVIDIA B200,I64,U64,64,1,8,2,1000000000,128,Yes,,,,,,,,,,
pfp_bloom_filter_contains_unique_size_u64,0,NVIDIA B200,I64,U64,64,1,8,2,1000000000,256,Yes,,,,,,,,,,
pfp_bloom_filter_contains_unique_size_u64,0,NVIDIA B200,I64,U64,64,1,8,2,1000000000,512,Yes,,,,,,,,,,
pfp_bloom_filter_contains_unique_size_u64,0,NVIDIA B200,I64,U64,64,1,8,2,1000000000,1024,Yes,,,,,,,,,,
pfp_bloom_filter_contains_unique_size_u64,0,NVIDIA B200,I64,U64,64,1,8,2,1000000000,2048,Yes,,,,,,,,,,
pfp_bloom_filter_contains_unique_size_u64,0,NVIDIA B200,I64,U64,64,1,8,4,1000000000,1,Yes,,,,,,,,,,
pfp_bloom_filter_contains_unique_size_u64,0,NVIDIA B200,I64,U64,64,1,8,4,1000000000,2,Yes,,,,,,,,,,
pfp_bloom_filter_contains_unique_size_u64,0,NVIDIA B200,I64,U64,64,1,8,4,1000000000,4,Yes,,,,,,,,,,
pfp_bloom_filter_contains_unique_size_u64,0,NVIDIA B200,I64,U64,64,1,8,4,1000000000,8,Yes,,,,,,,,,,
pfp_bloom_filter_contains_unique_size_u64,0,NVIDIA B200,I64,U64,64,1,8,4,1000000000,16,Yes,,,,,,,,,,
pfp_bloom_filter_contains_unique_size_u64,0,NVIDIA B200,I64,U64,64,1,8,4,1000000000,32,Yes,,,,,,,,,,
pfp_bloom_filter_contains_unique_size_u64,0,NVIDIA B200,I64,U64,64,1,8,4,1000000000,64,Yes,,,,,,,,,,
pfp_bloom_filter_contains_unique_size_u64,0,NVIDIA B200,I64,U64,64,1,8,4,1000000000,128,Yes,,,,,,,,,,
pfp_bloom_filter_contains_unique_size_u64,0,NVIDIA B200,I64,U64,64,1,8,4,1000000000,256,Yes,,,,,,,,,,
pfp_bloom_filter_contains_unique_size_u64,0,NVIDIA B200,I64,U64,64,1,8,4,1000000000,512,Yes,,,,,,,,,,
pfp_bloom_filter_contains_unique_size_u64,0,NVIDIA B200,I64,U64,64,1,8,4,1000000000,1024,Yes,,,,,,,,,,
pfp_bloom_filter_contains_unique_size_u64,0,NVIDIA B200,I64,U64,64,1,8,4,1000000000,2048,Yes,,,,,,,,,,
pfp_bloom_filter_contains_unique_size_u64,0,NVIDIA B200,I64,U64,64,1,8,8,1000000000,1,Yes,,,,,,,,,,
pfp_bloom_filter_contains_unique_size_u64,0,NVIDIA B200,I64,U64,64,1,8,8,1000000000,2,Yes,,,,,,,,,,
pfp_bloom_filter_contains_unique_size_u64,0,NVIDIA B200,I64,U64,64,1,8,8,1000000000,4,Yes,,,,,,,,,,
pfp_bloom_filter_contains_unique_size_u64,0,NVIDIA B200,I64,U64,64,1,8,8,1000000000,8,Yes,,,,,,,,,,
pfp_bloom_filter_contains_unique_size_u64,0,NVIDIA B200,I64,U64,64,1,8,8,1000000000,16,Yes,,,,,,,,,,
pfp_bloom_filter_contains_unique_size_u64,0,NVIDIA B200,I64,U64,64,1,8,8,1000000000,32,Yes,,,,,,,,,,
pfp_bloom_filter_contains_unique_size_u64,0,NVIDIA B200,I64,U64,64,1,8,8,1000000000,64,Yes,,,,,,,,,,
pfp_bloom_filter_contains_unique_size_u64,0,NVIDIA B200,I64,U64,64,1,8,8,1000000000,128,Yes,,,,,,,,,,
pfp_bloom_filter_contains_unique_size_u64,0,NVIDIA B200,I64,U64,64,1,8,8,1000000000,256,Yes,,,,,,,,,,
pfp_bloom_filter_contains_unique_size_u64,0,NVIDIA B200,I64,U64,64,1,8,8,1000000000,512,Yes,,,,,,,,,,
pfp_bloom_filter_contains_unique_size_u64,0,NVIDIA B200,I64,U64,64,1,8,8,1000000000,1024,Yes,,,,,,,,,,
pfp_bloom_filter_contains_unique_size_u64,0,NVIDIA B200,I64,U64,64,1,8,8,1000000000,2048,Yes,,,,,,,,,,
pfp_bloom_filter_contains_unique_size_u64,0,NVIDIA B200,I64,U64,64,20,1,1,1000000000,1,No,0.000828535,20,62,0.008193361483870969,0.0025033377007714045,0.008178938204242338,0.002506119117151246,122265259258.38507,64,0.008171744346618652
pfp_bloom_filter_contains_unique_size_u64,0,NVIDIA B200,I64,U64,64,20,1,1,1000000000,2,No,0.000850165,20,62,0.008194914403225808,0.0001218174690238605,0.008180228679410869,8.906244936149053e-05,122245971254.68367,64,0.0081778564453125
pfp_bloom_filter_contains_unique_size_u64,0,NVIDIA B200,I64,U64,64,20,1,1,1000000000,4,No,0.000822033,20,62,0.00819803535483871,0.0001234764224201073,0.008183604686490948,9.39089012974263e-05,122195540756.11032,64,0.008181632041931152
pfp_bloom_filter_contains_unique_size_u64,0,NVIDIA B200,I64,U64,64,20,1,1,1000000000,8,No,0.000858489,20,62,0.008200152467741938,0.00015671101869880078,0.008185569455546726,9.583080923494566e-05,122166210357.22537,64,0.008182864189147949
pfp_bloom_filter_contains_unique_size_u64,0,NVIDIA B200,I64,U64,64,20,1,1,1000000000,16,No,0.000846091,20,62,0.008201709000000003,0.00015216211638177925,0.008187238877819435,8.911070739838492e-05,122141300006.42378,64,0.00818391990661621
pfp_bloom_filter_contains_unique_size_u64,0,NVIDIA B200,I64,U64,64,20,1,1,1000000000,32,No,0.000850922,20,62,0.008203300080645163,0.0001453975903722609,0.008188607000535536,8.514297350453789e-05,122120893081.64378,64,0.00818380832672119
pfp_bloom_filter_contains_unique_size_u64,0,NVIDIA B200,I64,U64,64,20,1,1,1000000000,64,No,0.000842597,20,61,0.008241568672131149,0.01038559587200442,0.008227073012805374,0.010406392007554444,121549911911.98958,63,0.008332466246589782
pfp_bloom_filter_contains_unique_size_u64,0,NVIDIA B200,I64,U64,64,20,1,1,1000000000,128,No,0.000846029,20,38,0.013502678736842104,0.3344275057264851,0.013487013013739332,0.33467692936539023,74145401875.21815,39,0.01330953118739984
pfp_bloom_filter_contains_unique_size_u64,0,NVIDIA B200,I64,U64,64,20,1,1,1000000000,256,No,0.000845882,20,30,0.01707681356666667,0.04523009533964137,0.0170611190478007,0.04528563772295968,58612802430.96992,31,0.01724515096602901
pfp_bloom_filter_contains_unique_size_u64,0,NVIDIA B200,I64,U64,64,20,1,1,1000000000,512,No,0.000845317,20,26,0.019812422115384618,0.024987272920300948,0.019796542387742262,0.025003199942016024,50513871584.92818,27,0.020120006490636753
pfp_bloom_filter_contains_unique_size_u64,0,NVIDIA B200,I64,U64,64,20,1,1,1000000000,1024,No,0.000844199,20,24,0.021367659041666667,0.01937074266828328,0.021352276166280115,0.019390289743660534,46833414489.98386,25,0.02165944282531738
pfp_bloom_filter_contains_unique_size_u64,0,NVIDIA B200,I64,U64,64,20,1,1,1000000000,2048,No,0.000845456,20,23,0.022315995260869567,0.019247754418897353,0.022299911001454235,0.019243521621352726,44843228295.16169,24,0.022556374470392864
pfp_bloom_filter_contains_unique_size_u64,0,NVIDIA B200,I64,U64,64,20,1,2,1000000000,1,Yes,,,,,,,,,,
pfp_bloom_filter_contains_unique_size_u64,0,NVIDIA B200,I64,U64,64,20,1,2,1000000000,2,Yes,,,,,,,,,,
pfp_bloom_filter_contains_unique_size_u64,0,NVIDIA B200,I64,U64,64,20,1,2,1000000000,4,Yes,,,,,,,,,,
pfp_bloom_filter_contains_unique_size_u64,0,NVIDIA B200,I64,U64,64,20,1,2,1000000000,8,Yes,,,,,,,,,,
pfp_bloom_filter_contains_unique_size_u64,0,NVIDIA B200,I64,U64,64,20,1,2,1000000000,16,Yes,,,,,,,,,,
pfp_bloom_filter_contains_unique_size_u64,0,NVIDIA B200,I64,U64,64,20,1,2,1000000000,32,Yes,,,,,,,,,,
pfp_bloom_filter_contains_unique_size_u64,0,NVIDIA B200,I64,U64,64,20,1,2,1000000000,64,Yes,,,,,,,,,,
pfp_bloom_filter_contains_unique_size_u64,0,NVIDIA B200,I64,U64,64,20,1,2,1000000000,128,Yes,,,,,,,,,,
pfp_bloom_filter_contains_unique_size_u64,0,NVIDIA B200,I64,U64,64,20,1,2,1000000000,256,Yes,,,,,,,,,,
pfp_bloom_filter_contains_unique_size_u64,0,NVIDIA B200,I64,U64,64,20,1,2,1000000000,512,Yes,,,,,,,,,,
pfp_bloom_filter_contains_unique_size_u64,0,NVIDIA B200,I64,U64,64,20,1,2,1000000000,1024,Yes,,,,,,,,,,
pfp_bloom_filter_contains_unique_size_u64,0,NVIDIA B200,I64,U64,64,20,1,2,1000000000,2048,Yes,,,,,,,,,,
pfp_bloom_filter_contains_unique_size_u64,0,NVIDIA B200,I64,U64,64,20,1,4,1000000000,1,Yes,,,,,,,,,,
pfp_bloom_filter_contains_unique_size_u64,0,NVIDIA B200,I64,U64,64,20,1,4,1000000000,2,Yes,,,,,,,,,,
pfp_bloom_filter_contains_unique_size_u64,0,NVIDIA B200,I64,U64,64,20,1,4,1000000000,4,Yes,,,,,,,,,,
pfp_bloom_filter_contains_unique_size_u64,0,NVIDIA B200,I64,U64,64,20,1,4,1000000000,8,Yes,,,,,,,,,,
pfp_bloom_filter_contains_unique_size_u64,0,NVIDIA B200,I64,U64,64,20,1,4,1000000000,16,Yes,,,,,,,,,,
pfp_bloom_filter_contains_unique_size_u64,0,NVIDIA B200,I64,U64,64,20,1,4,1000000000,32,Yes,,,,,,,,,,
pfp_bloom_filter_contains_unique_size_u64,0,NVIDIA B200,I64,U64,64,20,1,4,1000000000,64,Yes,,,,,,,,,,
pfp_bloom_filter_contains_unique_size_u64,0,NVIDIA B200,I64,U64,64,20,1,4,1000000000,128,Yes,,,,,,,,,,
pfp_bloom_filter_contains_unique_size_u64,0,NVIDIA B200,I64,U64,64,20,1,4,1000000000,256,Yes,,,,,,,,,,
pfp_bloom_filter_contains_unique_size_u64,0,NVIDIA B200,I64,U64,64,20,1,4,1000000000,512,Yes,,,,,,,,,,
pfp_bloom_filter_contains_unique_size_u64,0,NVIDIA B200,I64,U64,64,20,1,4,1000000000,1024,Yes,,,,,,,,,,
pfp_bloom_filter_contains_unique_size_u64,0,NVIDIA B200,I64,U64,64,20,1,4,1000000000,2048,Yes,,,,,,,,,,
pfp_bloom_filter_contains_unique_size_u64,0,NVIDIA B200,I64,U64,64,20,1,8,1000000000,1,Yes,,,,,,,,,,
pfp_bloom_filter_contains_unique_size_u64,0,NVIDIA B200,I64,U64,64,20,1,8,1000000000,2,Yes,,,,,,,,,,
pfp_bloom_filter_contains_unique_size_u64,0,NVIDIA B200,I64,U64,64,20,1,8,1000000000,4,Yes,,,,,,,,,,
pfp_bloom_filter_contains_unique_size_u64,0,NVIDIA B200,I64,U64,64,20,1,8,1000000000,8,Yes,,,,,,,,,,
pfp_bloom_filter_contains_unique_size_u64,0,NVIDIA B200,I64,U64,64,20,1,8,1000000000,16,Yes,,,,,,,,,,
pfp_bloom_filter_contains_unique_size_u64,0,NVIDIA B200,I64,U64,64,20,1,8,1000000000,32,Yes,,,,,,,,,,
pfp_bloom_filter_contains_unique_size_u64,0,NVIDIA B200,I64,U64,64,20,1,8,1000000000,64,Yes,,,,,,,,,,
pfp_bloom_filter_contains_unique_size_u64,0,NVIDIA B200,I64,U64,64,20,1,8,1000000000,128,Yes,,,,,,,,,,
pfp_bloom_filter_contains_unique_size_u64,0,NVIDIA B200,I64,U64,64,20,1,8,1000000000,256,Yes,,,,,,,,,,
pfp_bloom_filter_contains_unique_size_u64,0,NVIDIA B200,I64,U64,64,20,1,8,1000000000,512,Yes,,,,,,,,,,
pfp_bloom_filter_contains_unique_size_u64,0,NVIDIA B200,I64,U64,64,20,1,8,1000000000,1024,Yes,,,,,,,,,,
pfp_bloom_filter_contains_unique_size_u64,0,NVIDIA B200,I64,U64,64,20,1,8,1000000000,2048,Yes,,,,,,,,,,
pfp_bloom_filter_contains_unique_size_u64,0,NVIDIA B200,I64,U64,64,20,2,1,1000000000,1,Yes,,,,,,,,,,
pfp_bloom_filter_contains_unique_size_u64,0,NVIDIA B200,I64,U64,64,20,2,1,1000000000,2,Yes,,,,,,,,,,
pfp_bloom_filter_contains_unique_size_u64,0,NVIDIA B200,I64,U64,64,20,2,1,1000000000,4,Yes,,,,,,,,,,
pfp_bloom_filter_contains_unique_size_u64,0,NVIDIA B200,I64,U64,64,20,2,1,1000000000,8,Yes,,,,,,,,,,
pfp_bloom_filter_contains_unique_size_u64,0,NVIDIA B200,I64,U64,64,20,2,1,1000000000,16,Yes,,,,,,,,,,
pfp_bloom_filter_contains_unique_size_u64,0,NVIDIA B200,I64,U64,64,20,2,1,1000000000,32,Yes,,,,,,,,,,
pfp_bloom_filter_contains_unique_size_u64,0,NVIDIA B200,I64,U64,64,20,2,1,1000000000,64,Yes,,,,,,,,,,
pfp_bloom_filter_contains_unique_size_u64,0,NVIDIA B200,I64,U64,64,20,2,1,1000000000,128,Yes,,,,,,,,,,
pfp_bloom_filter_contains_unique_size_u64,0,NVIDIA B200,I64,U64,64,20,2,1,1000000000,256,Yes,,,,,,,,,,
pfp_bloom_filter_contains_unique_size_u64,0,NVIDIA B200,I64,U64,64,20,2,1,1000000000,512,Yes,,,,,,,,,,
pfp_bloom_filter_contains_unique_size_u64,0,NVIDIA B200,I64,U64,64,20,2,1,1000000000,1024,Yes,,,,,,,,,,
pfp_bloom_filter_contains_unique_size_u64,0,NVIDIA B200,I64,U64,64,20,2,1,1000000000,2048,Yes,,,,,,,,,,
pfp_bloom_filter_contains_unique_size_u64,0,NVIDIA B200,I64,U64,64,20,2,2,1000000000,1,Yes,,,,,,,,,,
pfp_bloom_filter_contains_unique_size_u64,0,NVIDIA B200,I64,U64,64,20,2,2,1000000000,2,Yes,,,,,,,,,,
pfp_bloom_filter_contains_unique_size_u64,0,NVIDIA B200,I64,U64,64,20,2,2,1000000000,4,Yes,,,,,,,,,,
pfp_bloom_filter_contains_unique_size_u64,0,NVIDIA B200,I64,U64,64,20,2,2,1000000000,8,Yes,,,,,,,,,,
pfp_bloom_filter_contains_unique_size_u64,0,NVIDIA B200,I64,U64,64,20,2,2,1000000000,16,Yes,,,,,,,,,,
pfp_bloom_filter_contains_unique_size_u64,0,NVIDIA B200,I64,U64,64,20,2,2,1000000000,32,Yes,,,,,,,,,,
pfp_bloom_filter_contains_unique_size_u64,0,NVIDIA B200,I64,U64,64,20,2,2,1000000000,64,Yes,,,,,,,,,,
pfp_bloom_filter_contains_unique_size_u64,0,NVIDIA B200,I64,U64,64,20,2,2,1000000000,128,Yes,,,,,,,,,,
pfp_bloom_filter_contains_unique_size_u64,0,NVIDIA B200,I64,U64,64,20,2,2,1000000000,256,Yes,,,,,,,,,,
pfp_bloom_filter_contains_unique_size_u64,0,NVIDIA B200,I64,U64,64,20,2,2,1000000000,512,Yes,,,,,,,,,,
pfp_bloom_filter_contains_unique_size_u64,0,NVIDIA B200,I64,U64,64,20,2,2,1000000000,1024,Yes,,,,,,,,,,
pfp_bloom_filter_contains_unique_size_u64,0,NVIDIA B200,I64,U64,64,20,2,2,1000000000,2048,Yes,,,,,,,,,,
pfp_bloom_filter_contains_unique_size_u64,0,NVIDIA B200,I64,U64,64,20,2,4,1000000000,1,Yes,,,,,,,,,,
pfp_bloom_filter_contains_unique_size_u64,0,NVIDIA B200,I64,U64,64,20,2,4,1000000000,2,Yes,,,,,,,,,,
pfp_bloom_filter_contains_unique_size_u64,0,NVIDIA B200,I64,U64,64,20,2,4,1000000000,4,Yes,,,,,,,,,,
pfp_bloom_filter_contains_unique_size_u64,0,NVIDIA B200,I64,U64,64,20,2,4,1000000000,8,Yes,,,,,,,,,,
pfp_bloom_filter_contains_unique_size_u64,0,NVIDIA B200,I64,U64,64,20,2,4,1000000000,16,Yes,,,,,,,,,,
pfp_bloom_filter_contains_unique_size_u64,0,NVIDIA B200,I64,U64,64,20,2,4,1000000000,32,Yes,,,,,,,,,,
pfp_bloom_filter_contains_unique_size_u64,0,NVIDIA B200,I64,U64,64,20,2,4,1000000000,64,Yes,,,,,,,,,,
pfp_bloom_filter_contains_unique_size_u64,0,NVIDIA B200,I64,U64,64,20,2,4,1000000000,128,Yes,,,,,,,,,,
pfp_bloom_filter_contains_unique_size_u64,0,NVIDIA B200,I64,U64,64,20,2,4,1000000000,256,Yes,,,,,,,,,,
pfp_bloom_filter_contains_unique_size_u64,0,NVIDIA B200,I64,U64,64,20,2,4,1000000000,512,Yes,,,,,,,,,,
pfp_bloom_filter_contains_unique_size_u64,0,NVIDIA B200,I64,U64,64,20,2,4,1000000000,1024,Yes,,,,,,,,,,
pfp_bloom_filter_contains_unique_size_u64,0,NVIDIA B200,I64,U64,64,20,2,4,1000000000,2048,Yes,,,,,,,,,,
pfp_bloom_filter_contains_unique_size_u64,0,NVIDIA B200,I64,U64,64,20,2,8,1000000000,1,Yes,,,,,,,,,,
pfp_bloom_filter_contains_unique_size_u64,0,NVIDIA B200,I64,U64,64,20,2,8,1000000000,2,Yes,,,,,,,,,,
pfp_bloom_filter_contains_unique_size_u64,0,NVIDIA B200,I64,U64,64,20,2,8,1000000000,4,Yes,,,,,,,,,,
pfp_bloom_filter_contains_unique_size_u64,0,NVIDIA B200,I64,U64,64,20,2,8,1000000000,8,Yes,,,,,,,,,,
pfp_bloom_filter_contains_unique_size_u64,0,NVIDIA B200,I64,U64,64,20,2,8,1000000000,16,Yes,,,,,,,,,,
pfp_bloom_filter_contains_unique_size_u64,0,NVIDIA B200,I64,U64,64,20,2,8,1000000000,32,Yes,,,,,,,,,,
pfp_bloom_filter_contains_unique_size_u64,0,NVIDIA B200,I64,U64,64,20,2,8,1000000000,64,Yes,,,,,,,,,,
pfp_bloom_filter_contains_unique_size_u64,0,NVIDIA B200,I64,U64,64,20,2,8,1000000000,128,Yes,,,,,,,,,,
pfp_bloom_filter_contains_unique_size_u64,0,NVIDIA B200,I64,U64,64,20,2,8,1000000000,256,Yes,,,,,,,,,,
pfp_bloom_filter_contains_unique_size_u64,0,NVIDIA B200,I64,U64,64,20,2,8,1000000000,512,Yes,,,,,,,,,,
pfp_bloom_filter_contains_unique_size_u64,0,NVIDIA B200,I64,U64,64,20,2,8,1000000000,1024,Yes,,,,,,,,,,
pfp_bloom_filter_contains_unique_size_u64,0,NVIDIA B200,I64,U64,64,20,2,8,1000000000,2048,Yes,,,,,,,,,,
pfp_bloom_filter_contains_unique_size_u64,0,NVIDIA B200,I64,U64,64,20,4,1,1000000000,1,Yes,,,,,,,,,,
pfp_bloom_filter_contains_unique_size_u64,0,NVIDIA B200,I64,U64,64,20,4,1,1000000000,2,Yes,,,,,,,,,,
pfp_bloom_filter_contains_unique_size_u64,0,NVIDIA B200,I64,U64,64,20,4,1,1000000000,4,Yes,,,,,,,,,,
pfp_bloom_filter_contains_unique_size_u64,0,NVIDIA B200,I64,U64,64,20,4,1,1000000000,8,Yes,,,,,,,,,,
pfp_bloom_filter_contains_unique_size_u64,0,NVIDIA B200,I64,U64,64,20,4,1,1000000000,16,Yes,,,,,,,,,,
pfp_bloom_filter_contains_unique_size_u64,0,NVIDIA B200,I64,U64,64,20,4,1,1000000000,32,Yes,,,,,,,,,,
pfp_bloom_filter_contains_unique_size_u64,0,NVIDIA B200,I64,U64,64,20,4,1,1000000000,64,Yes,,,,,,,,,,
pfp_bloom_filter_contains_unique_size_u64,0,NVIDIA B200,I64,U64,64,20,4,1,1000000000,128,Yes,,,,,,,,,,
pfp_bloom_filter_contains_unique_size_u64,0,NVIDIA B200,I64,U64,64,20,4,1,1000000000,256,Yes,,,,,,,,,,
pfp_bloom_filter_contains_unique_size_u64,0,NVIDIA B200,I64,U64,64,20,4,1,1000000000,512,Yes,,,,,,,,,,
pfp_bloom_filter_contains_unique_size_u64,0,NVIDIA B200,I64,U64,64,20,4,1,1000000000,1024,Yes,,,,,,,,,,
pfp_bloom_filter_contains_unique_size_u64,0,NVIDIA B200,I64,U64,64,20,4,1,1000000000,2048,Yes,,,,,,,,,,
pfp_bloom_filter_contains_unique_size_u64,0,NVIDIA B200,I64,U64,64,20,4,2,1000000000,1,Yes,,,,,,,,,,
pfp_bloom_filter_contains_unique_size_u64,0,NVIDIA B200,I64,U64,64,20,4,2,1000000000,2,Yes,,,,,,,,,,
pfp_bloom_filter_contains_unique_size_u64,0,NVIDIA B200,I64,U64,64,20,4,2,1000000000,4,Yes,,,,,,,,,,
pfp_bloom_filter_contains_unique_size_u64,0,NVIDIA B200,I64,U64,64,20,4,2,1000000000,8,Yes,,,,,,,,,,
pfp_bloom_filter_contains_unique_size_u64,0,NVIDIA B200,I64,U64,64,20,4,2,1000000000,16,Yes,,,,,,,,,,
pfp_bloom_filter_contains_unique_size_u64,0,NVIDIA B200,I64,U64,64,20,4,2,1000000000,32,Yes,,,,,,,,,,
pfp_bloom_filter_contains_unique_size_u64,0,NVIDIA B200,I64,U64,64,20,4,2,1000000000,64,Yes,,,,,,,,,,
pfp_bloom_filter_contains_unique_size_u64,0,NVIDIA B200,I64,U64,64,20,4,2,1000000000,128,Yes,,,,,,,,,,
pfp_bloom_filter_contains_unique_size_u64,0,NVIDIA B200,I64,U64,64,20,4,2,1000000000,256,Yes,,,,,,,,,,
pfp_bloom_filter_contains_unique_size_u64,0,NVIDIA B200,I64,U64,64,20,4,2,1000000000,512,Yes,,,,,,,,,,
pfp_bloom_filter_contains_unique_size_u64,0,NVIDIA B200,I64,U64,64,20,4,2,1000000000,1024,Yes,,,,,,,,,,
pfp_bloom_filter_contains_unique_size_u64,0,NVIDIA B200,I64,U64,64,20,4,2,1000000000,2048,Yes,,,,,,,,,,
pfp_bloom_filter_contains_unique_size_u64,0,NVIDIA B200,I64,U64,64,20,4,4,1000000000,1,Yes,,,,,,,,,,
pfp_bloom_filter_contains_unique_size_u64,0,NVIDIA B200,I64,U64,64,20,4,4,1000000000,2,Yes,,,,,,,,,,
pfp_bloom_filter_contains_unique_size_u64,0,NVIDIA B200,I64,U64,64,20,4,4,1000000000,4,Yes,,,,,,,,,,
pfp_bloom_filter_contains_unique_size_u64,0,NVIDIA B200,I64,U64,64,20,4,4,1000000000,8,Yes,,,,,,,,,,
pfp_bloom_filter_contains_unique_size_u64,0,NVIDIA B200,I64,U64,64,20,4,4,1000000000,16,Yes,,,,,,,,,,
pfp_bloom_filter_contains_unique_size_u64,0,NVIDIA B200,I64,U64,64,20,4,4,1000000000,32,Yes,,,,,,,,,,
pfp_bloom_filter_contains_unique_size_u64,0,NVIDIA B200,I64,U64,64,20,4,4,1000000000,64,Yes,,,,,,,,,,
pfp_bloom_filter_contains_unique_size_u64,0,NVIDIA B200,I64,U64,64,20,4,4,1000000000,128,Yes,,,,,,,,,,
pfp_bloom_filter_contains_unique_size_u64,0,NVIDIA B200,I64,U64,64,20,4,4,1000000000,256,Yes,,,,,,,,,,
pfp_bloom_filter_contains_unique_size_u64,0,NVIDIA B200,I64,U64,64,20,4,4,1000000000,512,Yes,,,,,,,,,,
pfp_bloom_filter_contains_unique_size_u64,0,NVIDIA B200,I64,U64,64,20,4,4,1000000000,1024,Yes,,,,,,,,,,
pfp_bloom_filter_contains_unique_size_u64,0,NVIDIA B200,I64,U64,64,20,4,4,1000000000,2048,Yes,,,,,,,,,,
pfp_bloom_filter_contains_unique_size_u64,0,NVIDIA B200,I64,U64,64,20,4,8,1000000000,1,Yes,,,,,,,,,,
pfp_bloom_filter_contains_unique_size_u64,0,NVIDIA B200,I64,U64,64,20,4,8,1000000000,2,Yes,,,,,,,,,,
pfp_bloom_filter_contains_unique_size_u64,0,NVIDIA B200,I64,U64,64,20,4,8,1000000000,4,Yes,,,,,,,,,,
pfp_bloom_filter_contains_unique_size_u64,0,NVIDIA B200,I64,U64,64,20,4,8,1000000000,8,Yes,,,,,,,,,,
pfp_bloom_filter_contains_unique_size_u64,0,NVIDIA B200,I64,U64,64,20,4,8,1000000000,16,Yes,,,,,,,,,,
pfp_bloom_filter_contains_unique_size_u64,0,NVIDIA B200,I64,U64,64,20,4,8,1000000000,32,Yes,,,,,,,,,,
pfp_bloom_filter_contains_unique_size_u64,0,NVIDIA B200,I64,U64,64,20,4,8,1000000000,64,Yes,,,,,,,,,,
pfp_bloom_filter_contains_unique_size_u64,0,NVIDIA B200,I64,U64,64,20,4,8,1000000000,128,Yes,,,,,,,,,,
pfp_bloom_filter_contains_unique_size_u64,0,NVIDIA B200,I64,U64,64,20,4,8,1000000000,256,Yes,,,,,,,,,,
pfp_bloom_filter_contains_unique_size_u64,0,NVIDIA B200,I64,U64,64,20,4,8,1000000000,512,Yes,,,,,,,,,,
pfp_bloom_filter_contains_unique_size_u64,0,NVIDIA B200,I64,U64,64,20,4,8,1000000000,1024,Yes,,,,,,,,,,
pfp_bloom_filter_contains_unique_size_u64,0,NVIDIA B200,I64,U64,64,20,4,8,1000000000,2048,Yes,,,,,,,,,,
pfp_bloom_filter_contains_unique_size_u64,0,NVIDIA B200,I64,U64,64,20,8,1,1000000000,1,Yes,,,,,,,,,,
pfp_bloom_filter_contains_unique_size_u64,0,NVIDIA B200,I64,U64,64,20,8,1,1000000000,2,Yes,,,,,,,,,,
pfp_bloom_filter_contains_unique_size_u64,0,NVIDIA B200,I64,U64,64,20,8,1,1000000000,4,Yes,,,,,,,,,,
pfp_bloom_filter_contains_unique_size_u64,0,NVIDIA B200,I64,U64,64,20,8,1,1000000000,8,Yes,,,,,,,,,,
pfp_bloom_filter_contains_unique_size_u64,0,NVIDIA B200,I64,U64,64,20,8,1,1000000000,16,Yes,,,,,,,,,,
pfp_bloom_filter_contains_unique_size_u64,0,NVIDIA B200,I64,U64,64,20,8,1,1000000000,32,Yes,,,,,,,,,,
pfp_bloom_filter_contains_unique_size_u64,0,NVIDIA B200,I64,U64,64,20,8,1,1000000000,64,Yes,,,,,,,,,,
pfp_bloom_filter_contains_unique_size_u64,0,NVIDIA B200,I64,U64,64,20,8,1,1000000000,128,Yes,,,,,,,,,,
pfp_bloom_filter_contains_unique_size_u64,0,NVIDIA B200,I64,U64,64,20,8,1,1000000000,256,Yes,,,,,,,,,,
pfp_bloom_filter_contains_unique_size_u64,0,NVIDIA B200,I64,U64,64,20,8,1,1000000000,512,Yes,,,,,,,,,,
pfp_bloom_filter_contains_unique_size_u64,0,NVIDIA B200,I64,U64,64,20,8,1,1000000000,1024,Yes,,,,,,,,,,
pfp_bloom_filter_contains_unique_size_u64,0,NVIDIA B200,I64,U64,64,20,8,1,1000000000,2048,Yes,,,,,,,,,,
pfp_bloom_filter_contains_unique_size_u64,0,NVIDIA B200,I64,U64,64,20,8,2,1000000000,1,Yes,,,,,,,,,,
pfp_bloom_filter_contains_unique_size_u64,0,NVIDIA B200,I64,U64,64,20,8,2,1000000000,2,Yes,,,,,,,,,,
pfp_bloom_filter_contains_unique_size_u64,0,NVIDIA B200,I64,U64,64,20,8,2,1000000000,4,Yes,,,,,,,,,,
pfp_bloom_filter_contains_unique_size_u64,0,NVIDIA B200,I64,U64,64,20,8,2,1000000000,8,Yes,,,,,,,,,,
pfp_bloom_filter_contains_unique_size_u64,0,NVIDIA B200,I64,U64,64,20,8,2,1000000000,16,Yes,,,,,,,,,,
pfp_bloom_filter_contains_unique_size_u64,0,NVIDIA B200,I64,U64,64,20,8,2,1000000000,32,Yes,,,,,,,,,,
pfp_bloom_filter_contains_unique_size_u64,0,NVIDIA B200,I64,U64,64,20,8,2,1000000000,64,Yes,,,,,,,,,,
pfp_bloom_filter_contains_unique_size_u64,0,NVIDIA B200,I64,U64,64,20,8,2,1000000000,128,Yes,,,,,,,,,,
pfp_bloom_filter_contains_unique_size_u64,0,NVIDIA B200,I64,U64,64,20,8,2,1000000000,256,Yes,,,,,,,,,,
pfp_bloom_filter_contains_unique_size_u64,0,NVIDIA B200,I64,U64,64,20,8,2,1000000000,512,Yes,,,,,,,,,,
pfp_bloom_filter_contains_unique_size_u64,0,NVIDIA B200,I64,U64,64,20,8,2,1000000000,1024,Yes,,,,,,,,,,
pfp_bloom_filter_contains_unique_size_u64,0,NVIDIA B200,I64,U64,64,20,8,2,1000000000,2048,Yes,,,,,,,,,,
pfp_bloom_filter_contains_unique_size_u64,0,NVIDIA B200,I64,U64,64,20,8,4,1000000000,1,Yes,,,,,,,,,,
pfp_bloom_filter_contains_unique_size_u64,0,NVIDIA B200,I64,U64,64,20,8,4,1000000000,2,Yes,,,,,,,,,,
pfp_bloom_filter_contains_unique_size_u64,0,NVIDIA B200,I64,U64,64,20,8,4,1000000000,4,Yes,,,,,,,,,,
pfp_bloom_filter_contains_unique_size_u64,0,NVIDIA B200,I64,U64,64,20,8,4,1000000000,8,Yes,,,,,,,,,,
pfp_bloom_filter_contains_unique_size_u64,0,NVIDIA B200,I64,U64,64,20,8,4,1000000000,16,Yes,,,,,,,,,,
pfp_bloom_filter_contains_unique_size_u64,0,NVIDIA B200,I64,U64,64,20,8,4,1000000000,32,Yes,,,,,,,,,,
pfp_bloom_filter_contains_unique_size_u64,0,NVIDIA B200,I64,U64,64,20,8,4,1000000000,64,Yes,,,,,,,,,,
pfp_bloom_filter_contains_unique_size_u64,0,NVIDIA B200,I64,U64,64,20,8,4,1000000000,128,Yes,,,,,,,,,,
pfp_bloom_filter_contains_unique_size_u64,0,NVIDIA B200,I64,U64,64,20,8,4,1000000000,256,Yes,,,,,,,,,,
pfp_bloom_filter_contains_unique_size_u64,0,NVIDIA B200,I64,U64,64,20,8,4,1000000000,512,Yes,,,,,,,,,,
pfp_bloom_filter_contains_unique_size_u64,0,NVIDIA B200,I64,U64,64,20,8,4,1000000000,1024,Yes,,,,,,,,,,
pfp_bloom_filter_contains_unique_size_u64,0,NVIDIA B200,I64,U64,64,20,8,4,1000000000,2048,Yes,,,,,,,,,,
pfp_bloom_filter_contains_unique_size_u64,0,NVIDIA B200,I64,U64,64,20,8,8,1000000000,1,Yes,,,,,,,,,,
pfp_bloom_filter_contains_unique_size_u64,0,NVIDIA B200,I64,U64,64,20,8,8,1000000000,2,Yes,,,,,,,,,,
pfp_bloom_filter_contains_unique_size_u64,0,NVIDIA B200,I64,U64,64,20,8,8,1000000000,4,Yes,,,,,,,,,,
pfp_bloom_filter_contains_unique_size_u64,0,NVIDIA B200,I64,U64,64,20,8,8,1000000000,8,Yes,,,,,,,,,,
pfp_bloom_filter_contains_unique_size_u64,0,NVIDIA B200,I64,U64,64,20,8,8,1000000000,16,Yes,,,,,,,,,,
pfp_bloom_filter_contains_unique_size_u64,0,NVIDIA B200,I64,U64,64,20,8,8,1000000000,32,Yes,,,,,,,,,,
pfp_bloom_filter_contains_unique_size_u64,0,NVIDIA B200,I64,U64,64,20,8,8,1000000000,64,Yes,,,,,,,,,,
pfp_bloom_filter_contains_unique_size_u64,0,NVIDIA B200,I64,U64,64,20,8,8,1000000000,128,Yes,,,,,,,,,,
pfp_bloom_filter_contains_unique_size_u64,0,NVIDIA B200,I64,U64,64,20,8,8,1000000000,256,Yes,,,,,,,,,,
pfp_bloom_filter_contains_unique_size_u64,0,NVIDIA B200,I64,U64,64,20,8,8,1000000000,512,Yes,,,,,,,,,,
pfp_bloom_filter_contains_unique_size_u64,0,NVIDIA B200,I64,U64,64,20,8,8,1000000000,1024,Yes,,,,,,,,,,
pfp_bloom_filter_contains_unique_size_u64,0,NVIDIA B200,I64,U64,64,20,8,8,1000000000,2048,Yes,,,,,,,,,,
pfp_bloom_filter_contains_unique_size_u64,0,NVIDIA B200,I64,U64,128,1,1,1,1000000000,1,No,0.157791297,2,83,0.006090114325301204,0.003540805116762956,0.0060759098443640336,0.003540785353703125,164584403918.96075,86,0.0060683437613553775
pfp_bloom_filter_contains_unique_size_u64,0,NVIDIA B200,I64,U64,128,1,1,1,1000000000,2,No,0.157803621,2,83,0.0060937340240963846,0.00020379699311821065,0.0060793491099254155,0.00016325946826240662,164491293708.95242,86,0.006077546585437863
pfp_bloom_filter_contains_unique_size_u64,0,NVIDIA B200,I64,U64,128,1,1,1,1000000000,4,No,0.15772783,2,83,0.006092866144578315,0.00019537725019710508,0.006078502097761771,0.00015275541229944965,164514214837.2739,86,0.006076130002043968
pfp_bloom_filter_contains_unique_size_u64,0,NVIDIA B200,I64,U64,128,1,1,1,1000000000,8,No,0.157704478,2,83,0.0060926151445783155,0.00021132877345312096,0.006078095361410848,0.0001782996650585708,164525223863.5295,86,0.0060750107876090115
pfp_bloom_filter_contains_unique_size_u64,0,NVIDIA B200,I64,U64,128,1,1,1,1000000000,16,No,0.157711908,2,83,0.006091720819277109,0.00020747577205760756,0.00607751854931015,0.0001514996394333307,164540838812.1676,86,0.006073308190634084
pfp_bloom_filter_contains_unique_size_u64,0,NVIDIA B200,I64,U64,128,1,1,1,1000000000,32,No,0.157700864,2,82,0.006132575999999998,0.00020705314597099583,0.006118042550435881,0.00015116418982209415,163450971737.48077,85,0.006110966940487132
pfp_bloom_filter_contains_unique_size_u64,0,NVIDIA B200,I64,U64,128,1,1,1,1000000000,64,No,0.15773066,2,65,0.007723458107692308,0.03108101091856891,0.007709012684455283,0.031125116517371227,129718297391.88707,68,0.007814351698931526
pfp_bloom_filter_contains_unique_size_u64,0,NVIDIA B200,I64,U64,128,1,1,1,1000000000,128,No,0.157703754,2,35,0.01431535617142857,0.35689002550426663,0.014299526378086633,0.3572081464402273,69932386119.6168,43,0.013273064191951307
pfp_bloom_filter_contains_unique_size_u64,0,NVIDIA B200,I64,U64,128,1,1,1,1000000000,256,No,0.157719178,2,29,0.017367471034482763,0.05297312934075202,0.01735151899271998,0.05298129772909689,57631841939.576645,32,0.017581983566284178
pfp_bloom_filter_contains_unique_size_u64,0,NVIDIA B200,I64,U64,128,1,1,1,1000000000,512,No,0.157704516,2,25,0.020190079,0.03512538680495026,0.020174369277954098,0.03513344432247061,49567844536.91783,26,0.020544938014103818
pfp_bloom_filter_contains_unique_size_u64,0,NVIDIA B200,I64,U64,128,1,1,1,1000000000,1024,No,0.15769948,2,23,0.021801824608695654,0.03386047989709976,0.02178595750228218,0.033893529952535965,45901126902.28306,24,0.022163541158040364
pfp_bloom_filter_contains_unique_size_u64,0,NVIDIA B200,I64,U64,128,1,1,1,1000000000,2048,No,0.157707537,2,23,0.02221857308695652,0.011086289435066487,0.022202727110489553,0.011105761248412905,45039512264.57923,24,0.022477310816446938
pfp_bloom_filter_contains_unique_size_u64,0,NVIDIA B200,I64,U64,128,1,1,2,1000000000,1,No,0.157791297,2,91,0.005563967450549449,0.0019818806504009697,0.00554981342252794,0.00199902621419544,180186237602.2904,94,0.0055447205888464095
pfp_bloom_filter_contains_unique_size_u64,0,NVIDIA B200,I64,U64,128,1,1,2,1000000000,2,No,0.157803621,2,90,0.005613828577777778,0.00020332476491178797,0.005599501138263279,0.00016124515427518203,178587337569.5315,93,0.005596721033896169
pfp_bloom_filter_contains_unique_size_u64,0,NVIDIA B200,I64,U64,128,1,1,2,1000000000,4,No,0.15772783,2,89,0.005641456292134832,0.00020950859771461607,0.005627163742365459,0.00013844107776424066,177709419129.08255,92,0.005624242367951766
pfp_bloom_filter_contains_unique_size_u64,0,NVIDIA B200,I64,U64,128,1,1,2,1000000000,8,No,0.157704478,2,89,0.005654267629213483,0.00018019369668027373,0.005639844964059551,0.0001464166062981186,177309838545.66843,92,0.00563617407757303
pfp_bloom_filter_contains_unique_size_u64,0,NVIDIA B200,I64,U64,128,1,1,2,1000000000,16,No,0.157711908,2,89,0.005660614528089888,0.0002283639501968746,0.005646419712666714,0.00015795299804448356,177103377164.23776,92,0.005642072594684103
pfp_bloom_filter_contains_unique_size_u64,0,NVIDIA B200,I64,U64,128,1,1,2,1000000000,32,No,0.157700864,2,89,0.0056905725168539326,0.00017480645832396028,0.005676125478208732,0.00012008234672735232,176176514039.21735,92,0.005668017843495244
pfp_bloom_filter_contains_unique_size_u64,0,NVIDIA B200,I64,U64,128,1,1,2,1000000000,64,No,0.15773066,2,68,0.007383429029411766,0.03426042216151232,0.007369110570234414,0.03430095303908375,135701587114.08636,69,0.007478479357733242
pfp_bloom_filter_contains_unique_size_u64,0,NVIDIA B200,I64,U64,128,1,1,2,1000000000,128,No,0.157703754,2,37,0.013664037540540545,0.3601546733591369,0.013648339039570577,0.36051310795504377,73268988783.22878,41,0.012886141149009147
pfp_bloom_filter_contains_unique_size_u64,0,NVIDIA B200,I64,U64,128,1,1,2,1000000000,256,No,0.157719178,2,30,0.016931598000000003,0.04597198514408373,0.016915815512339272,0.04601737246107325,59116274900.8789,32,0.017207487106323242
pfp_bloom_filter_contains_unique_size_u64,0,NVIDIA B200,I64,U64,128,1,1,2,1000000000,512,No,0.157704516,2,26,0.019788502576923075,0.025348350994097164,0.019772519405071555,0.0253608801875668,50575244333.48159,27,0.020076883457325126
pfp_bloom_filter_contains_unique_size_u64,0,NVIDIA B200,I64,U64,128,1,1,2,1000000000,1024,No,0.15769948,2,24,0.02129806125,0.02912317233105456,0.021282345374425252,0.029154343194907638,46987302499.173256,25,0.021634006347656252
pfp_bloom_filter_contains_unique_size_u64,0,NVIDIA B200,I64,U64,128,1,1,2,1000000000,2048,No,0.157707537,2,23,0.021918169782608694,0.013275806819912176,0.02190212166827658,0.01329290900671444,45657677148.62153,24,0.022235769351323445
pfp_bloom_filter_contains_unique_size_u64,0,NVIDIA B200,I64,U64,128,1,1,4,1000000000,1,Yes,,,,,,,,,,
pfp_bloom_filter_contains_unique_size_u64,0,NVIDIA B200,I64,U64,128,1,1,4,1000000000,2,Yes,,,,,,,,,,
pfp_bloom_filter_contains_unique_size_u64,0,NVIDIA B200,I64,U64,128,1,1,4,1000000000,4,Yes,,,,,,,,,,
pfp_bloom_filter_contains_unique_size_u64,0,NVIDIA B200,I64,U64,128,1,1,4,1000000000,8,Yes,,,,,,,,,,
pfp_bloom_filter_contains_unique_size_u64,0,NVIDIA B200,I64,U64,128,1,1,4,1000000000,16,Yes,,,,,,,,,,
pfp_bloom_filter_contains_unique_size_u64,0,NVIDIA B200,I64,U64,128,1,1,4,1000000000,32,Yes,,,,,,,,,,
pfp_bloom_filter_contains_unique_size_u64,0,NVIDIA B200,I64,U64,128,1,1,4,1000000000,64,Yes,,,,,,,,,,
pfp_bloom_filter_contains_unique_size_u64,0,NVIDIA B200,I64,U64,128,1,1,4,1000000000,128,Yes,,,,,,,,,,
pfp_bloom_filter_contains_unique_size_u64,0,NVIDIA B200,I64,U64,128,1,1,4,1000000000,256,Yes,,,,,,,,,,
pfp_bloom_filter_contains_unique_size_u64,0,NVIDIA B200,I64,U64,128,1,1,4,1000000000,512,Yes,,,,,,,,,,
pfp_bloom_filter_contains_unique_size_u64,0,NVIDIA B200,I64,U64,128,1,1,4,1000000000,1024,Yes,,,,,,,,,,
pfp_bloom_filter_contains_unique_size_u64,0,NVIDIA B200,I64,U64,128,1,1,4,1000000000,2048,Yes,,,,,,,,,,
pfp_bloom_filter_contains_unique_size_u64,0,NVIDIA B200,I64,U64,128,1,1,8,1000000000,1,Yes,,,,,,,,,,
pfp_bloom_filter_contains_unique_size_u64,0,NVIDIA B200,I64,U64,128,1,1,8,1000000000,2,Yes,,,,,,,,,,
pfp_bloom_filter_contains_unique_size_u64,0,NVIDIA B200,I64,U64,128,1,1,8,1000000000,4,Yes,,,,,,,,,,
pfp_bloom_filter_contains_unique_size_u64,0,NVIDIA B200,I64,U64,128,1,1,8,1000000000,8,Yes,,,,,,,,,,
pfp_bloom_filter_contains_unique_size_u64,0,NVIDIA B200,I64,U64,128,1,1,8,1000000000,16,Yes,,,,,,,,,,
pfp_bloom_filter_contains_unique_size_u64,0,NVIDIA B200,I64,U64,128,1,1,8,1000000000,32,Yes,,,,,,,,,,
pfp_bloom_filter_contains_unique_size_u64,0,NVIDIA B200,I64,U64,128,1,1,8,1000000000,64,Yes,,,,,,,,,,
pfp_bloom_filter_contains_unique_size_u64,0,NVIDIA B200,I64,U64,128,1,1,8,1000000000,128,Yes,,,,,,,,,,
pfp_bloom_filter_contains_unique_size_u64,0,NVIDIA B200,I64,U64,128,1,1,8,1000000000,256,Yes,,,,,,,,,,
pfp_bloom_filter_contains_unique_size_u64,0,NVIDIA B200,I64,U64,128,1,1,8,1000000000,512,Yes,,,,,,,,,,
pfp_bloom_filter_contains_unique_size_u64,0,NVIDIA B200,I64,U64,128,1,1,8,1000000000,1024,Yes,,,,,,,,,,
pfp_bloom_filter_contains_unique_size_u64,0,NVIDIA B200,I64,U64,128,1,1,8,1000000000,2048,Yes,,,,,,,,,,
pfp_bloom_filter_contains_unique_size_u64,0,NVIDIA B200,I64,U64,128,1,2,1,1000000000,1,No,0.157791297,2,28,0.017939520999999996,0.0005256952543860122,0.01792376491001674,0.00046980277652219714,55791849816.170456,29,0.017920422784213363
pfp_bloom_filter_contains_unique_size_u64,0,NVIDIA B200,I64,U64,128,1,2,1,1000000000,2,No,0.157803621,2,28,0.017939014000000003,9.384279620219893e-05,0.01792307683399746,4.578409896756957e-05,55793991693.610664,29,0.017921483533135777
pfp_bloom_filter_contains_unique_size_u64,0,NVIDIA B200,I64,U64,128,1,2,1,1000000000,4,No,0.15772783,2,28,0.017938619035714285,5.720986205114554e-05,0.017923349857330333,3.821877639646902e-05,55793141793.24674,29,0.01792159087082435
pfp_bloom_filter_contains_unique_size_u64,0,NVIDIA B200,I64,U64,128,1,2,1,1000000000,8,No,0.157704478,2,28,0.01793905432142857,5.3406162967703056e-05,0.017923786095210486,4.069566039722377e-05,55791783872.449554,29,0.017922047582165947
pfp_bloom_filter_contains_unique_size_u64,0,NVIDIA B200,I64,U64,128,1,2,1,1000000000,16,No,0.157711908,2,28,0.017939283642857146,7.519061582477793e-05,0.017923870699746273,4.811569107320761e-05,55791520523.19569,29,0.01792219069908405
pfp_bloom_filter_contains_unique_size_u64,0,NVIDIA B200,I64,U64,128,1,2,1,1000000000,32,No,0.157700864,2,28,0.01794514539285715,6.376902884641117e-05,0.01792932496752058,4.213228986218429e-05,55774548222.61992,29,0.017925932785560345
pfp_bloom_filter_contains_unique_size_u64,0,NVIDIA B200,I64,U64,128,1,2,1,1000000000,64,No,0.15773066,2,28,0.018335480571428565,8.600814670503719e-05,0.018320252486637656,6.553446016821675e-05,54584400555.03468,29,0.018316392832788925
pfp_bloom_filter_contains_unique_size_u64,0,NVIDIA B200,I64,U64,128,1,2,1,1000000000,128,No,0.157703754,2,27,0.018886789518518517,0.00010435609560218013,0.018871360072383173,9.519435519411498e-05,52990351313.54552,28,0.018864493165697365
pfp_bloom_filter_contains_unique_size_u64,0,NVIDIA B200,I64,U64,128,1,2,1,1000000000,256,No,0.157719178,2,26,0.019832518269230773,0.018474385479593604,0.019816907222454366,0.018484398810961988,50461961030.2716,27,0.020030046604297778
pfp_bloom_filter_contains_unique_size_u64,0,NVIDIA B200,I64,U64,128,1,2,1,1000000000,512,No,0.157704516,2,24,0.021728647375000004,0.02413102476823078,0.02171282537778219,0.024143542628238823,46055728934.44155,25,0.02196500640869141
pfp_bloom_filter_contains_unique_size_u64,0,NVIDIA B200,I64,U64,128,1,2,1,1000000000,1024,No,0.15769948,2,22,0.02283235413636364,0.03222172844404591,0.02281657010858709,0.03223999188926807,43827796870.47033,23,0.023250810789025345
pfp_bloom_filter_contains_unique_size_u64,0,NVIDIA B200,I64,U64,128,1,2,1,1000000000,2048,No,0.157707537,2,22,0.023337341272727276,0.02819415253877792,0.023321406624533914,0.028210770948983343,42879060259.94199,23,0.023917212444802986
pfp_bloom_filter_contains_unique_size_u64,0,NVIDIA B200,I64,U64,128,1,2,2,1000000000,1,Yes,,,,,,,,,,
pfp_bloom_filter_contains_unique_size_u64,0,NVIDIA B200,I64,U64,128,1,2,2,1000000000,2,Yes,,,,,,,,,,
pfp_bloom_filter_contains_unique_size_u64,0,NVIDIA B200,I64,U64,128,1,2,2,1000000000,4,Yes,,,,,,,,,,
pfp_bloom_filter_contains_unique_size_u64,0,NVIDIA B200,I64,U64,128,1,2,2,1000000000,8,Yes,,,,,,,,,,
pfp_bloom_filter_contains_unique_size_u64,0,NVIDIA B200,I64,U64,128,1,2,2,1000000000,16,Yes,,,,,,,,,,
pfp_bloom_filter_contains_unique_size_u64,0,NVIDIA B200,I64,U64,128,1,2,2,1000000000,32,Yes,,,,,,,,,,
pfp_bloom_filter_contains_unique_size_u64,0,NVIDIA B200,I64,U64,128,1,2,2,1000000000,64,Yes,,,,,,,,,,
pfp_bloom_filter_contains_unique_size_u64,0,NVIDIA B200,I64,U64,128,1,2,2,1000000000,128,Yes,,,,,,,,,,
pfp_bloom_filter_contains_unique_size_u64,0,NVIDIA B200,I64,U64,128,1,2,2,1000000000,256,Yes,,,,,,,,,,
pfp_bloom_filter_contains_unique_size_u64,0,NVIDIA B200,I64,U64,128,1,2,2,1000000000,512,Yes,,,,,,,,,,
pfp_bloom_filter_contains_unique_size_u64,0,NVIDIA B200,I64,U64,128,1,2,2,1000000000,1024,Yes,,,,,,,,,,
pfp_bloom_filter_contains_unique_size_u64,0,NVIDIA B200,I64,U64,128,1,2,2,1000000000,2048,Yes,,,,,,,,,,
pfp_bloom_filter_contains_unique_size_u64,0,NVIDIA B200,I64,U64,128,1,2,4,1000000000,1,Yes,,,,,,,,,,
pfp_bloom_filter_contains_unique_size_u64,0,NVIDIA B200,I64,U64,128,1,2,4,1000000000,2,Yes,,,,,,,,,,
pfp_bloom_filter_contains_unique_size_u64,0,NVIDIA B200,I64,U64,128,1,2,4,1000000000,4,Yes,,,,,,,,,,
pfp_bloom_filter_contains_unique_size_u64,0,NVIDIA B200,I64,U64,128,1,2,4,1000000000,8,Yes,,,,,,,,,,
pfp_bloom_filter_contains_unique_size_u64,0,NVIDIA B200,I64,U64,128,1,2,4,1000000000,16,Yes,,,,,,,,,,
pfp_bloom_filter_contains_unique_size_u64,0,NVIDIA B200,I64,U64,128,1,2,4,1000000000,32,Yes,,,,,,,,,,
pfp_bloom_filter_contains_unique_size_u64,0,NVIDIA B200,I64,U64,128,1,2,4,1000000000,64,Yes,,,,,,,,,,
pfp_bloom_filter_contains_unique_size_u64,0,NVIDIA B200,I64,U64,128,1,2,4,1000000000,128,Yes,,,,,,,,,,
pfp_bloom_filter_contains_unique_size_u64,0,NVIDIA B200,I64,U64,128,1,2,4,1000000000,256,Yes,,,,,,,,,,
pfp_bloom_filter_contains_unique_size_u64,0,NVIDIA B200,I64,U64,128,1,2,4,1000000000,512,Yes,,,,,,,,,,
pfp_bloom_filter_contains_unique_size_u64,0,NVIDIA B200,I64,U64,128,1,2,4,1000000000,1024,Yes,,,,,,,,,,
pfp_bloom_filter_contains_unique_size_u64,0,NVIDIA B200,I64,U64,128,1,2,4,1000000000,2048,Yes,,,,,,,,,,
pfp_bloom_filter_contains_unique_size_u64,0,NVIDIA B200,I64,U64,128,1,2,8,1000000000,1,Yes,,,,,,,,,,
pfp_bloom_filter_contains_unique_size_u64,0,NVIDIA B200,I64,U64,128,1,2,8,1000000000,2,Yes,,,,,,,,,,
pfp_bloom_filter_contains_unique_size_u64,0,NVIDIA B200,I64,U64,128,1,2,8,1000000000,4,Yes,,,,,,,,,,
pfp_bloom_filter_contains_unique_size_u64,0,NVIDIA B200,I64,U64,128,1,2,8,1000000000,8,Yes,,,,,,,,,,
pfp_bloom_filter_contains_unique_size_u64,0,NVIDIA B200,I64,U64,128,1,2,8,1000000000,16,Yes,,,,,,,,,,
pfp_bloom_filter_contains_unique_size_u64,0,NVIDIA B200,I64,U64,128,1,2,8,1000000000,32,Yes,,,,,,,,,,
pfp_bloom_filter_contains_unique_size_u64,0,NVIDIA B200,I64,U64,128,1,2,8,1000000000,64,Yes,,,,,,,,,,
pfp_bloom_filter_contains_unique_size_u64,0,NVIDIA B200,I64,U64,128,1,2,8,1000000000,128,Yes,,,,,,,,,,
pfp_bloom_filter_contains_unique_size_u64,0,NVIDIA B200,I64,U64,128,1,2,8,1000000000,256,Yes,,,,,,,,,,
pfp_bloom_filter_contains_unique_size_u64,0,NVIDIA B200,I64,U64,128,1,2,8,1000000000,512,Yes,,,,,,,,,,
pfp_bloom_filter_contains_unique_size_u64,0,NVIDIA B200,I64,U64,128,1,2,8,1000000000,1024,Yes,,,,,,,,,,
pfp_bloom_filter_contains_unique_size_u64,0,NVIDIA B200,I64,U64,128,1,2,8,1000000000,2048,Yes,,,,,,,,,,
pfp_bloom_filter_contains_unique_size_u64,0,NVIDIA B200,I64,U64,128,1,4,1,1000000000,1,Yes,,,,,,,,,,
pfp_bloom_filter_contains_unique_size_u64,0,NVIDIA B200,I64,U64,128,1,4,1,1000000000,2,Yes,,,,,,,,,,
pfp_bloom_filter_contains_unique_size_u64,0,NVIDIA B200,I64,U64,128,1,4,1,1000000000,4,Yes,,,,,,,,,,
pfp_bloom_filter_contains_unique_size_u64,0,NVIDIA B200,I64,U64,128,1,4,1,1000000000,8,Yes,,,,,,,,,,
pfp_bloom_filter_contains_unique_size_u64,0,NVIDIA B200,I64,U64,128,1,4,1,1000000000,16,Yes,,,,,,,,,,
pfp_bloom_filter_contains_unique_size_u64,0,NVIDIA B200,I64,U64,128,1,4,1,1000000000,32,Yes,,,,,,,,,,
pfp_bloom_filter_contains_unique_size_u64,0,NVIDIA B200,I64,U64,128,1,4,1,1000000000,64,Yes,,,,,,,,,,
pfp_bloom_filter_contains_unique_size_u64,0,NVIDIA B200,I64,U64,128,1,4,1,1000000000,128,Yes,,,,,,,,,,
pfp_bloom_filter_contains_unique_size_u64,0,NVIDIA B200,I64,U64,128,1,4,1,1000000000,256,Yes,,,,,,,,,,
pfp_bloom_filter_contains_unique_size_u64,0,NVIDIA B200,I64,U64,128,1,4,1,1000000000,512,Yes,,,,,,,,,,
pfp_bloom_filter_contains_unique_size_u64,0,NVIDIA B200,I64,U64,128,1,4,1,1000000000,1024,Yes,,,,,,,,,,
pfp_bloom_filter_contains_unique_size_u64,0,NVIDIA B200,I64,U64,128,1,4,1,1000000000,2048,Yes,,,,,,,,,,
pfp_bloom_filter_contains_unique_size_u64,0,NVIDIA B200,I64,U64,128,1,4,2,1000000000,1,Yes,,,,,,,,,,
pfp_bloom_filter_contains_unique_size_u64,0,NVIDIA B200,I64,U64,128,1,4,2,1000000000,2,Yes,,,,,,,,,,
pfp_bloom_filter_contains_unique_size_u64,0,NVIDIA B200,I64,U64,128,1,4,2,1000000000,4,Yes,,,,,,,,,,
pfp_bloom_filter_contains_unique_size_u64,0,NVIDIA B200,I64,U64,128,1,4,2,1000000000,8,Yes,,,,,,,,,,
pfp_bloom_filter_contains_unique_size_u64,0,NVIDIA B200,I64,U64,128,1,4,2,1000000000,16,Yes,,,,,,,,,,
pfp_bloom_filter_contains_unique_size_u64,0,NVIDIA B200,I64,U64,128,1,4,2,1000000000,32,Yes,,,,,,,,,,
pfp_bloom_filter_contains_unique_size_u64,0,NVIDIA B200,I64,U64,128,1,4,2,1000000000,64,Yes,,,,,,,,,,
pfp_bloom_filter_contains_unique_size_u64,0,NVIDIA B200,I64,U64,128,1,4,2,1000000000,128,Yes,,,,,,,,,,
pfp_bloom_filter_contains_unique_size_u64,0,NVIDIA B200,I64,U64,128,1,4,2,1000000000,256,Yes,,,,,,,,,,
pfp_bloom_filter_contains_unique_size_u64,0,NVIDIA B200,I64,U64,128,1,4,2,1000000000,512,Yes,,,,,,,,,,
pfp_bloom_filter_contains_unique_size_u64,0,NVIDIA B200,I64,U64,128,1,4,2,1000000000,1024,Yes,,,,,,,,,,
pfp_bloom_filter_contains_unique_size_u64,0,NVIDIA B200,I64,U64,128,1,4,2,1000000000,2048,Yes,,,,,,,,,,
pfp_bloom_filter_contains_unique_size_u64,0,NVIDIA B200,I64,U64,128,1,4,4,1000000000,1,Yes,,,,,,,,,,
pfp_bloom_filter_contains_unique_size_u64,0,NVIDIA B200,I64,U64,128,1,4,4,1000000000,2,Yes,,,,,,,,,,
pfp_bloom_filter_contains_unique_size_u64,0,NVIDIA B200,I64,U64,128,1,4,4,1000000000,4,Yes,,,,,,,,,,
pfp_bloom_filter_contains_unique_size_u64,0,NVIDIA B200,I64,U64,128,1,4,4,1000000000,8,Yes,,,,,,,,,,
pfp_bloom_filter_contains_unique_size_u64,0,NVIDIA B200,I64,U64,128,1,4,4,1000000000,16,Yes,,,,,,,,,,
pfp_bloom_filter_contains_unique_size_u64,0,NVIDIA B200,I64,U64,128,1,4,4,1000000000,32,Yes,,,,,,,,,,
pfp_bloom_filter_contains_unique_size_u64,0,NVIDIA B200,I64,U64,128,1,4,4,1000000000,64,Yes,,,,,,,,,,
pfp_bloom_filter_contains_unique_size_u64,0,NVIDIA B200,I64,U64,128,1,4,4,1000000000,128,Yes,,,,,,,,,,
pfp_bloom_filter_contains_unique_size_u64,0,NVIDIA B200,I64,U64,128,1,4,4,1000000000,256,Yes,,,,,,,,,,
pfp_bloom_filter_contains_unique_size_u64,0,NVIDIA B200,I64,U64,128,1,4,4,1000000000,512,Yes,,,,,,,,,,
pfp_bloom_filter_contains_unique_size_u64,0,NVIDIA B200,I64,U64,128,1,4,4,1000000000,1024,Yes,,,,,,,,,,
pfp_bloom_filter_contains_unique_size_u64,0,NVIDIA B200,I64,U64,128,1,4,4,1000000000,2048,Yes,,,,,,,,,,
pfp_bloom_filter_contains_unique_size_u64,0,NVIDIA B200,I64,U64,128,1,4,8,1000000000,1,Yes,,,,,,,,,,
pfp_bloom_filter_contains_unique_size_u64,0,NVIDIA B200,I64,U64,128,1,4,8,1000000000,2,Yes,,,,,,,,,,
pfp_bloom_filter_contains_unique_size_u64,0,NVIDIA B200,I64,U64,128,1,4,8,1000000000,4,Yes,,,,,,,,,,
pfp_bloom_filter_contains_unique_size_u64,0,NVIDIA B200,I64,U64,128,1,4,8,1000000000,8,Yes,,,,,,,,,,
pfp_bloom_filter_contains_unique_size_u64,0,NVIDIA B200,I64,U64,128,1,4,8,1000000000,16,Yes,,,,,,,,,,
pfp_bloom_filter_contains_unique_size_u64,0,NVIDIA B200,I64,U64,128,1,4,8,1000000000,32,Yes,,,,,,,,,,
pfp_bloom_filter_contains_unique_size_u64,0,NVIDIA B200,I64,U64,128,1,4,8,1000000000,64,Yes,,,,,,,,,,
pfp_bloom_filter_contains_unique_size_u64,0,NVIDIA B200,I64,U64,128,1,4,8,1000000000,128,Yes,,,,,,,,,,
pfp_bloom_filter_contains_unique_size_u64,0,NVIDIA B200,I64,U64,128,1,4,8,1000000000,256,Yes,,,,,,,,,,
pfp_bloom_filter_contains_unique_size_u64,0,NVIDIA B200,I64,U64,128,1,4,8,1000000000,512,Yes,,,,,,,,,,
pfp_bloom_filter_contains_unique_size_u64,0,NVIDIA B200,I64,U64,128,1,4,8,1000000000,1024,Yes,,,,,,,,,,
pfp_bloom_filter_contains_unique_size_u64,0,NVIDIA B200,I64,U64,128,1,4,8,1000000000,2048,Yes,,,,,,,,,,
pfp_bloom_filter_contains_unique_size_u64,0,NVIDIA B200,I64,U64,128,1,8,1,1000000000,1,Yes,,,,,,,,,,
pfp_bloom_filter_contains_unique_size_u64,0,NVIDIA B200,I64,U64,128,1,8,1,1000000000,2,Yes,,,,,,,,,,
pfp_bloom_filter_contains_unique_size_u64,0,NVIDIA B200,I64,U64,128,1,8,1,1000000000,4,Yes,,,,,,,,,,
pfp_bloom_filter_contains_unique_size_u64,0,NVIDIA B200,I64,U64,128,1,8,1,1000000000,8,Yes,,,,,,,,,,
pfp_bloom_filter_contains_unique_size_u64,0,NVIDIA B200,I64,U64,128,1,8,1,1000000000,16,Yes,,,,,,,,,,
pfp_bloom_filter_contains_unique_size_u64,0,NVIDIA B200,I64,U64,128,1,8,1,1000000000,32,Yes,,,,,,,,,,
pfp_bloom_filter_contains_unique_size_u64,0,NVIDIA B200,I64,U64,128,1,8,1,1000000000,64,Yes,,,,,,,,,,
pfp_bloom_filter_contains_unique_size_u64,0,NVIDIA B200,I64,U64,128,1,8,1,1000000000,128,Yes,,,,,,,,,,
pfp_bloom_filter_contains_unique_size_u64,0,NVIDIA B200,I64,U64,128,1,8,1,1000000000,256,Yes,,,,,,,,,,
pfp_bloom_filter_contains_unique_size_u64,0,NVIDIA B200,I64,U64,128,1,8,1,1000000000,512,Yes,,,,,,,,,,
pfp_bloom_filter_contains_unique_size_u64,0,NVIDIA B200,I64,U64,128,1,8,1,1000000000,1024,Yes,,,,,,,,,,
pfp_bloom_filter_contains_unique_size_u64,0,NVIDIA B200,I64,U64,128,1,8,1,1000000000,2048,Yes,,,,,,,,,,
pfp_bloom_filter_contains_unique_size_u64,0,NVIDIA B200,I64,U64,128,1,8,2,1000000000,1,Yes,,,,,,,,,,
pfp_bloom_filter_contains_unique_size_u64,0,NVIDIA B200,I64,U64,128,1,8,2,1000000000,2,Yes,,,,,,,,,,
pfp_bloom_filter_contains_unique_size_u64,0,NVIDIA B200,I64,U64,128,1,8,2,1000000000,4,Yes,,,,,,,,,,
pfp_bloom_filter_contains_unique_size_u64,0,NVIDIA B200,I64,U64,128,1,8,2,1000000000,8,Yes,,,,,,,,,,
pfp_bloom_filter_contains_unique_size_u64,0,NVIDIA B200,I64,U64,128,1,8,2,1000000000,16,Yes,,,,,,,,,,
pfp_bloom_filter_contains_unique_size_u64,0,NVIDIA B200,I64,U64,128,1,8,2,1000000000,32,Yes,,,,,,,,,,
pfp_bloom_filter_contains_unique_size_u64,0,NVIDIA B200,I64,U64,128,1,8,2,1000000000,64,Yes,,,,,,,,,,
pfp_bloom_filter_contains_unique_size_u64,0,NVIDIA B200,I64,U64,128,1,8,2,1000000000,128,Yes,,,,,,,,,,
pfp_bloom_filter_contains_unique_size_u64,0,NVIDIA B200,I64,U64,128,1,8,2,1000000000,256,Yes,,,,,,,,,,
pfp_bloom_filter_contains_unique_size_u64,0,NVIDIA B200,I64,U64,128,1,8,2,1000000000,512,Yes,,,,,,,,,,
pfp_bloom_filter_contains_unique_size_u64,0,NVIDIA B200,I64,U64,128,1,8,2,1000000000,1024,Yes,,,,,,,,,,
pfp_bloom_filter_contains_unique_size_u64,0,NVIDIA B200,I64,U64,128,1,8,2,1000000000,2048,Yes,,,,,,,,,,
pfp_bloom_filter_contains_unique_size_u64,0,NVIDIA B200,I64,U64,128,1,8,4,1000000000,1,Yes,,,,,,,,,,
pfp_bloom_filter_contains_unique_size_u64,0,NVIDIA B200,I64,U64,128,1,8,4,1000000000,2,Yes,,,,,,,,,,
pfp_bloom_filter_contains_unique_size_u64,0,NVIDIA B200,I64,U64,128,1,8,4,1000000000,4,Yes,,,,,,,,,,
pfp_bloom_filter_contains_unique_size_u64,0,NVIDIA B200,I64,U64,128,1,8,4,1000000000,8,Yes,,,,,,,,,,
pfp_bloom_filter_contains_unique_size_u64,0,NVIDIA B200,I64,U64,128,1,8,4,1000000000,16,Yes,,,,,,,,,,
pfp_bloom_filter_contains_unique_size_u64,0,NVIDIA B200,I64,U64,128,1,8,4,1000000000,32,Yes,,,,,,,,,,
pfp_bloom_filter_contains_unique_size_u64,0,NVIDIA B200,I64,U64,128,1,8,4,1000000000,64,Yes,,,,,,,,,,
pfp_bloom_filter_contains_unique_size_u64,0,NVIDIA B200,I64,U64,128,1,8,4,1000000000,128,Yes,,,,,,,,,,
pfp_bloom_filter_contains_unique_size_u64,0,NVIDIA B200,I64,U64,128,1,8,4,1000000000,256,Yes,,,,,,,,,,
pfp_bloom_filter_contains_unique_size_u64,0,NVIDIA B200,I64,U64,128,1,8,4,1000000000,512,Yes,,,,,,,,,,
pfp_bloom_filter_contains_unique_size_u64,0,NVIDIA B200,I64,U64,128,1,8,4,1000000000,1024,Yes,,,,,,,,,,
pfp_bloom_filter_contains_unique_size_u64,0,NVIDIA B200,I64,U64,128,1,8,4,1000000000,2048,Yes,,,,,,,,,,
pfp_bloom_filter_contains_unique_size_u64,0,NVIDIA B200,I64,U64,128,1,8,8,1000000000,1,Yes,,,,,,,,,,
pfp_bloom_filter_contains_unique_size_u64,0,NVIDIA B200,I64,U64,128,1,8,8,1000000000,2,Yes,,,,,,,,,,
pfp_bloom_filter_contains_unique_size_u64,0,NVIDIA B200,I64,U64,128,1,8,8,1000000000,4,Yes,,,,,,,,,,
pfp_bloom_filter_contains_unique_size_u64,0,NVIDIA B200,I64,U64,128,1,8,8,1000000000,8,Yes,,,,,,,,,,
pfp_bloom_filter_contains_unique_size_u64,0,NVIDIA B200,I64,U64,128,1,8,8,1000000000,16,Yes,,,,,,,,,,
pfp_bloom_filter_contains_unique_size_u64,0,NVIDIA B200,I64,U64,128,1,8,8,1000000000,32,Yes,,,,,,,,,,
pfp_bloom_filter_contains_unique_size_u64,0,NVIDIA B200,I64,U64,128,1,8,8,1000000000,64,Yes,,,,,,,,,,
pfp_bloom_filter_contains_unique_size_u64,0,NVIDIA B200,I64,U64,128,1,8,8,1000000000,128,Yes,,,,,,,,,,
pfp_bloom_filter_contains_unique_size_u64,0,NVIDIA B200,I64,U64,128,1,8,8,1000000000,256,Yes,,,,,,,,,,
pfp_bloom_filter_contains_unique_size_u64,0,NVIDIA B200,I64,U64,128,1,8,8,1000000000,512,Yes,,,,,,,,,,
pfp_bloom_filter_contains_unique_size_u64,0,NVIDIA B200,I64,U64,128,1,8,8,1000000000,1024,Yes,,,,,,,,,,
pfp_bloom_filter_contains_unique_size_u64,0,NVIDIA B200,I64,U64,128,1,8,8,1000000000,2048,Yes,,,,,,,,,,
pfp_bloom_filter_contains_unique_size_u64,0,NVIDIA B200,I64,U64,128,20,1,1,1000000000,1,No,5.1022e-05,40,39,0.012937122435897433,0.0018101107900214684,0.012921993989210864,0.0017953011109860396,77387437328.55344,40,0.012913688659667969
pfp_bloom_filter_contains_unique_size_u64,0,NVIDIA B200,I64,U64,128,20,1,1,1000000000,2,No,4.3095e-05,40,39,0.012930140487179486,8.181860032067912e-05,0.01291541106884297,4.621895096984201e-05,77426881317.9622,40,0.01291435546875
pfp_bloom_filter_contains_unique_size_u64,0,NVIDIA B200,I64,U64,128,20,1,1,1000000000,4,No,5.2064e-05,40,39,0.01293051076923077,8.170963712070862e-05,0.012915649854219887,4.7186861179098524e-05,77425449844.7303,40,0.012914636230468752
pfp_bloom_filter_contains_unique_size_u64,0,NVIDIA B200,I64,U64,128,20,1,1,1000000000,8,No,4.5426e-05,40,39,0.012931274076923077,6.239279694459693e-05,0.012916381395780127,4.4101486216082035e-05,77421064720.70476,40,0.012914636230468752
pfp_bloom_filter_contains_unique_size_u64,0,NVIDIA B200,I64,U64,128,20,1,1,1000000000,16,No,5.475e-05,40,39,0.012930932769230769,7.677191300071655e-05,0.012916037804041162,4.499860751311987e-05,77423124271.68033,40,0.012914714050292968
pfp_bloom_filter_contains_unique_size_u64,0,NVIDIA B200,I64,U64,128,20,1,1,1000000000,32,No,5.1358e-05,40,39,0.012931285384615384,8.045630996173392e-05,0.012916279743879273,6.034625548635719e-05,77421674029.15509,40,0.012913894653320313
pfp_bloom_filter_contains_unique_size_u64,0,NVIDIA B200,I64,U64,128,20,1,1,1000000000,64,No,5.2688e-05,40,39,0.012923042666666667,7.934861742152584e-05,0.012908239486889959,4.796913726713774e-05,77469898278.19925,40,0.012904447937011718
pfp_bloom_filter_contains_unique_size_u64,0,NVIDIA B200,I64,U64,128,20,1,1,1000000000,128,No,4.9908e-05,40,35,0.014544577457142856,0.03817225693611861,0.014529329299926758,0.0382150279660581,68826301569.54602,36,0.014778823614120482
pfp_bloom_filter_contains_unique_size_u64,0,NVIDIA B200,I64,U64,128,20,1,1,1000000000,256,No,5.1445e-05,40,28,0.018016857678571422,0.03278333266459595,0.018001512016568872,0.03280354796525732,55550889229.72606,29,0.018091573780980606
pfp_bloom_filter_contains_unique_size_u64,0,NVIDIA B200,I64,U64,128,20,1,1,1000000000,512,No,5.0697e-05,40,25,0.020638329920000004,0.026612937670522807,0.02062228096008301,0.026630022941698472,48491241193.71783,26,0.020834106665391188
pfp_bloom_filter_contains_unique_size_u64,0,NVIDIA B200,I64,U64,128,20,1,1,1000000000,1024,No,5.1212e-05,40,23,0.022140719869565218,0.016053375489068464,0.022125148026839542,0.016072598995927223,45197437720.50345,24,0.022410113175710043
pfp_bloom_filter_contains_unique_size_u64,0,NVIDIA B200,I64,U64,128,20,1,1,1000000000,2048,No,5.0754e-05,40,22,0.023098303545454543,0.015207414609188386,0.023082189126448202,0.015211080395620686,43323447118.5479,23,0.02329898046410602
pfp_bloom_filter_contains_unique_size_u64,0,NVIDIA B200,I64,U64,128,20,1,2,1000000000,1,No,5.1022e-05,40,39,0.012959683282051283,0.0024177606275046603,0.012944832875178412,0.002397114991198465,77250900775.82153,40,0.012937088012695313
pfp_bloom_filter_contains_unique_size_u64,0,NVIDIA B200,I64,U64,128,20,1,2,1000000000,2,No,4.3095e-05,40,39,0.01295363415384616,7.954657267294654e-05,0.012938491112146625,3.817366092251249e-05,77288765075.64336,40,0.012937139892578126
pfp_bloom_filter_contains_unique_size_u64,0,NVIDIA B200,I64,U64,128,20,1,2,1000000000,4,No,5.2064e-05,40,39,0.01295351135897436,0.00011144984205726526,0.012938253133724898,4.011886198326491e-05,77290186678.55527,40,0.0129370361328125
pfp_bloom_filter_contains_unique_size_u64,0,NVIDIA B200,I64,U64,128,20,1,2,1000000000,8,No,4.5426e-05,40,39,0.012953751051282053,7.511581448253455e-05,0.01293894748198681,4.498290802640604e-05,77286039022.27504,40,0.012937135314941405
pfp_bloom_filter_contains_unique_size_u64,0,NVIDIA B200,I64,U64,128,20,1,2,1000000000,16,No,5.475e-05,40,39,0.012953062743589743,8.69886529016077e-05,0.012938283602396648,5.131980264001191e-05,77290004666.05656,40,0.012937242126464844
pfp_bloom_filter_contains_unique_size_u64,0,NVIDIA B200,I64,U64,128,20,1,2,1000000000,32,No,5.1358e-05,40,39,0.012952042923076923,9.13035491360325e-05,0.012937046760167829,5.2234654072223474e-05,77297393952.29852,40,0.012934985351562501
pfp_bloom_filter_contains_unique_size_u64,0,NVIDIA B200,I64,U64,128,20,1,2,1000000000,64,No,5.2688e-05,40,39,0.012929561051282054,7.992633355958174e-05,0.012914519041012498,5.6093869571352966e-05,77432229324.55408,40,0.012910643005371095
pfp_bloom_filter_contains_unique_size_u64,0,NVIDIA B200,I64,U64,128,20,1,2,1000000000,128,No,4.9908e-05,40,35,0.014527712285714284,0.04763619454998265,0.014512739617483958,0.04767787131627192,68904977720.07625,36,0.014770602835549247
pfp_bloom_filter_contains_unique_size_u64,0,NVIDIA B200,I64,U64,128,20,1,2,1000000000,256,No,5.1445e-05,40,28,0.018143142678571433,0.01813600635650571,0.018127508640289308,0.01814326193330133,55164778560.769745,29,0.01813874764278017
pfp_bloom_filter_contains_unique_size_u64,0,NVIDIA B200,I64,U64,128,20,1,2,1000000000,512,No,5.0697e-05,40,25,0.020735778800000007,0.047368354045171486,0.020719806747436523,0.047407952995467906,48262998404.834114,26,0.02084344012920673
pfp_bloom_filter_contains_unique_size_u64,0,NVIDIA B200,I64,U64,128,20,1,2,1000000000,1024,No,5.1212e-05,40,23,0.0221932317826087,0.019367352290403636,0.022177498693051544,0.019383952768986204,45090747781.81866,24,0.02244658064842224
pfp_bloom_filter_contains_unique_size_u64,0,NVIDIA B200,I64,U64,128,20,1,2,1000000000,2048,No,5.0754e-05,40,22,0.023055469681818187,0.017102207137357057,0.02303949841586026,0.01712274166678393,43403722683.11213,23,0.023305169146993886
pfp_bloom_filter_contains_unique_size_u64,0,NVIDIA B200,I64,U64,128,20,1,4,1000000000,1,Yes,,,,,,,,,,
pfp_bloom_filter_contains_unique_size_u64,0,NVIDIA B200,I64,U64,128,20,1,4,1000000000,2,Yes,,,,,,,,,,
pfp_bloom_filter_contains_unique_size_u64,0,NVIDIA B200,I64,U64,128,20,1,4,1000000000,4,Yes,,,,,,,,,,
pfp_bloom_filter_contains_unique_size_u64,0,NVIDIA B200,I64,U64,128,20,1,4,1000000000,8,Yes,,,,,,,,,,
pfp_bloom_filter_contains_unique_size_u64,0,NVIDIA B200,I64,U64,128,20,1,4,1000000000,16,Yes,,,,,,,,,,
pfp_bloom_filter_contains_unique_size_u64,0,NVIDIA B200,I64,U64,128,20,1,4,1000000000,32,Yes,,,,,,,,,,
pfp_bloom_filter_contains_unique_size_u64,0,NVIDIA B200,I64,U64,128,20,1,4,1000000000,64,Yes,,,,,,,,,,
pfp_bloom_filter_contains_unique_size_u64,0,NVIDIA B200,I64,U64,128,20,1,4,1000000000,128,Yes,,,,,,,,,,
pfp_bloom_filter_contains_unique_size_u64,0,NVIDIA B200,I64,U64,128,20,1,4,1000000000,256,Yes,,,,,,,,,,
pfp_bloom_filter_contains_unique_size_u64,0,NVIDIA B200,I64,U64,128,20,1,4,1000000000,512,Yes,,,,,,,,,,
pfp_bloom_filter_contains_unique_size_u64,0,NVIDIA B200,I64,U64,128,20,1,4,1000000000,1024,Yes,,,,,,,,,,
pfp_bloom_filter_contains_unique_size_u64,0,NVIDIA B200,I64,U64,128,20,1,4,1000000000,2048,Yes,,,,,,,,,,
pfp_bloom_filter_contains_unique_size_u64,0,NVIDIA B200,I64,U64,128,20,1,8,1000000000,1,Yes,,,,,,,,,,
pfp_bloom_filter_contains_unique_size_u64,0,NVIDIA B200,I64,U64,128,20,1,8,1000000000,2,Yes,,,,,,,,,,
pfp_bloom_filter_contains_unique_size_u64,0,NVIDIA B200,I64,U64,128,20,1,8,1000000000,4,Yes,,,,,,,,,,
pfp_bloom_filter_contains_unique_size_u64,0,NVIDIA B200,I64,U64,128,20,1,8,1000000000,8,Yes,,,,,,,,,,
pfp_bloom_filter_contains_unique_size_u64,0,NVIDIA B200,I64,U64,128,20,1,8,1000000000,16,Yes,,,,,,,,,,
pfp_bloom_filter_contains_unique_size_u64,0,NVIDIA B200,I64,U64,128,20,1,8,1000000000,32,Yes,,,,,,,,,,
pfp_bloom_filter_contains_unique_size_u64,0,NVIDIA B200,I64,U64,128,20,1,8,1000000000,64,Yes,,,,,,,,,,
pfp_bloom_filter_contains_unique_size_u64,0,NVIDIA B200,I64,U64,128,20,1,8,1000000000,128,Yes,,,,,,,,,,
pfp_bloom_filter_contains_unique_size_u64,0,NVIDIA B200,I64,U64,128,20,1,8,1000000000,256,Yes,,,,,,,,,,
pfp_bloom_filter_contains_unique_size_u64,0,NVIDIA B200,I64,U64,128,20,1,8,1000000000,512,Yes,,,,,,,,,,
pfp_bloom_filter_contains_unique_size_u64,0,NVIDIA B200,I64,U64,128,20,1,8,1000000000,1024,Yes,,,,,,,,,,
pfp_bloom_filter_contains_unique_size_u64,0,NVIDIA B200,I64,U64,128,20,1,8,1000000000,2048,Yes,,,,,,,,,,
pfp_bloom_filter_contains_unique_size_u64,0,NVIDIA B200,I64,U64,128,20,2,1,1000000000,1,No,5.1022e-05,40,17,0.029815165823529416,0.0004827521681815158,0.029798697415520162,0.0004945511138914174,33558513852.325855,18,0.02979453097449409
pfp_bloom_filter_contains_unique_size_u64,0,NVIDIA B200,I64,U64,128,20,2,1,1000000000,2,No,4.3095e-05,40,17,0.029812330588235292,3.661822325159771e-05,0.029795932545381435,3.1961812214202756e-05,33561627865.713722,18,0.029794872495863173
pfp_bloom_filter_contains_unique_size_u64,0,NVIDIA B200,I64,U64,128,20,2,1,1000000000,4,No,5.2064e-05,40,17,0.02981207370588236,3.930386941059709e-05,0.02979598886826459,2.0707053538929007e-05,33561564424.70315,18,0.029794758160909016
pfp_bloom_filter_contains_unique_size_u64,0,NVIDIA B200,I64,U64,128,20,2,1,1000000000,8,No,4.5426e-05,40,17,0.02981250294117647,3.540942382651685e-05,0.029796096352969897,2.2737045616145656e-05,33561443356.66729,18,0.029795953432718916
pfp_bloom_filter_contains_unique_size_u64,0,NVIDIA B200,I64,U64,128,20,2,1,1000000000,16,No,5.475e-05,40,17,0.02981270711764706,4.040143767757936e-05,0.02979650474997128,2.9456816654643836e-05,33560983356.645676,18,0.02979538451300727
pfp_bloom_filter_contains_unique_size_u64,0,NVIDIA B200,I64,U64,128,20,2,1,1000000000,32,No,5.1358e-05,40,17,0.029812555352941177,3.7801002618072784e-05,0.029796420041252582,1.4723561509744901e-05,33561078767.701584,18,0.029794875144958495
pfp_bloom_filter_contains_unique_size_u64,0,NVIDIA B200,I64,U64,128,20,2,1,1000000000,64,No,5.2688e-05,40,17,0.029815917058823537,3.0015056210440748e-05,0.02979960430369658,2.1845051132619387e-05,33557492569.65644,18,0.0297983365588718
pfp_bloom_filter_contains_unique_size_u64,0,NVIDIA B200,I64,U64,128,20,2,1,1000000000,128,No,4.9908e-05,40,17,0.029827865823529417,3.4999682386732246e-05,0.029811714060166302,2.93796229847096e-05,33543861248.024517,18,0.029810517417060003
pfp_bloom_filter_contains_unique_size_u64,0,NVIDIA B200,I64,U64,128,20,2,1,1000000000,256,No,5.1445e-05,40,17,0.02983688047058824,3.257191032884599e-05,0.02982068757449879,2.5844172060358842e-05,33533767372.122955,18,0.029818372196621368
pfp_bloom_filter_contains_unique_size_u64,0,NVIDIA B200,I64,U64,128,20,2,1,1000000000,512,No,5.0697e-05,40,17,0.029845455647058827,5.6011168060410765e-05,0.029829483705408433,4.192199933334562e-05,33523878920.46178,18,0.02982747067345513
pfp_bloom_filter_contains_unique_size_u64,0,NVIDIA B200,I64,U64,128,20,2,1,1000000000,1024,No,5.1212e-05,40,17,0.029850326176470595,6.087709880111944e-05,0.029834482866175033,4.47386276792231e-05,33518261552.766987,18,0.029833272404140892
pfp_bloom_filter_contains_unique_size_u64,0,NVIDIA B200,I64,U64,128,20,2,1,1000000000,2048,No,5.0754e-05,40,17,0.029857771000000005,5.666400742520224e-05,0.0298413532481474,4.4341515848410504e-05,33510544635.306767,18,0.02983810869852702
pfp_bloom_filter_contains_unique_size_u64,0,NVIDIA B200,I64,U64,128,20,2,2,1000000000,1,Yes,,,,,,,,,,
pfp_bloom_filter_contains_unique_size_u64,0,NVIDIA B200,I64,U64,128,20,2,2,1000000000,2,Yes,,,,,,,,,,
pfp_bloom_filter_contains_unique_size_u64,0,NVIDIA B200,I64,U64,128,20,2,2,1000000000,4,Yes,,,,,,,,,,
pfp_bloom_filter_contains_unique_size_u64,0,NVIDIA B200,I64,U64,128,20,2,2,1000000000,8,Yes,,,,,,,,,,
pfp_bloom_filter_contains_unique_size_u64,0,NVIDIA B200,I64,U64,128,20,2,2,1000000000,16,Yes,,,,,,,,,,
pfp_bloom_filter_contains_unique_size_u64,0,NVIDIA B200,I64,U64,128,20,2,2,1000000000,32,Yes,,,,,,,,,,
pfp_bloom_filter_contains_unique_size_u64,0,NVIDIA B200,I64,U64,128,20,2,2,1000000000,64,Yes,,,,,,,,,,
pfp_bloom_filter_contains_unique_size_u64,0,NVIDIA B200,I64,U64,128,20,2,2,1000000000,128,Yes,,,,,,,,,,
pfp_bloom_filter_contains_unique_size_u64,0,NVIDIA B200,I64,U64,128,20,2,2,1000000000,256,Yes,,,,,,,,,,
pfp_bloom_filter_contains_unique_size_u64,0,NVIDIA B200,I64,U64,128,20,2,2,1000000000,512,Yes,,,,,,,,,,
pfp_bloom_filter_contains_unique_size_u64,0,NVIDIA B200,I64,U64,128,20,2,2,1000000000,1024,Yes,,,,,,,,,,
pfp_bloom_filter_contains_unique_size_u64,0,NVIDIA B200,I64,U64,128,20,2,2,1000000000,2048,Yes,,,,,,,,,,
pfp_bloom_filter_contains_unique_size_u64,0,NVIDIA B200,I64,U64,128,20,2,4,1000000000,1,Yes,,,,,,,,,,
pfp_bloom_filter_contains_unique_size_u64,0,NVIDIA B200,I64,U64,128,20,2,4,1000000000,2,Yes,,,,,,,,,,
pfp_bloom_filter_contains_unique_size_u64,0,NVIDIA B200,I64,U64,128,20,2,4,1000000000,4,Yes,,,,,,,,,,
pfp_bloom_filter_contains_unique_size_u64,0,NVIDIA B200,I64,U64,128,20,2,4,1000000000,8,Yes,,,,,,,,,,
pfp_bloom_filter_contains_unique_size_u64,0,NVIDIA B200,I64,U64,128,20,2,4,1000000000,16,Yes,,,,,,,,,,
pfp_bloom_filter_contains_unique_size_u64,0,NVIDIA B200,I64,U64,128,20,2,4,1000000000,32,Yes,,,,,,,,,,
pfp_bloom_filter_contains_unique_size_u64,0,NVIDIA B200,I64,U64,128,20,2,4,1000000000,64,Yes,,,,,,,,,,
pfp_bloom_filter_contains_unique_size_u64,0,NVIDIA B200,I64,U64,128,20,2,4,1000000000,128,Yes,,,,,,,,,,
pfp_bloom_filter_contains_unique_size_u64,0,NVIDIA B200,I64,U64,128,20,2,4,1000000000,256,Yes,,,,,,,,,,
pfp_bloom_filter_contains_unique_size_u64,0,NVIDIA B200,I64,U64,128,20,2,4,1000000000,512,Yes,,,,,,,,,,
pfp_bloom_filter_contains_unique_size_u64,0,NVIDIA B200,I64,U64,128,20,2,4,1000000000,1024,Yes,,,,,,,,,,
pfp_bloom_filter_contains_unique_size_u64,0,NVIDIA B200,I64,U64,128,20,2,4,1000000000,2048,Yes,,,,,,,,,,
pfp_bloom_filter_contains_unique_size_u64,0,NVIDIA B200,I64,U64,128,20,2,8,1000000000,1,Yes,,,,,,,,,,
pfp_bloom_filter_contains_unique_size_u64,0,NVIDIA B200,I64,U64,128,20,2,8,1000000000,2,Yes,,,,,,,,,,
pfp_bloom_filter_contains_unique_size_u64,0,NVIDIA B200,I64,U64,128,20,2,8,1000000000,4,Yes,,,,,,,,,,
pfp_bloom_filter_contains_unique_size_u64,0,NVIDIA B200,I64,U64,128,20,2,8,1000000000,8,Yes,,,,,,,,,,
pfp_bloom_filter_contains_unique_size_u64,0,NVIDIA B200,I64,U64,128,20,2,8,1000000000,16,Yes,,,,,,,,,,
pfp_bloom_filter_contains_unique_size_u64,0,NVIDIA B200,I64,U64,128,20,2,8,1000000000,32,Yes,,,,,,,,,,
pfp_bloom_filter_contains_unique_size_u64,0,NVIDIA B200,I64,U64,128,20,2,8,1000000000,64,Yes,,,,,,,,,,
pfp_bloom_filter_contains_unique_size_u64,0,NVIDIA B200,I64,U64,128,20,2,8,1000000000,128,Yes,,,,,,,,,,
pfp_bloom_filter_contains_unique_size_u64,0,NVIDIA B200,I64,U64,128,20,2,8,1000000000,256,Yes,,,,,,,,,,
pfp_bloom_filter_contains_unique_size_u64,0,NVIDIA B200,I64,U64,128,20,2,8,1000000000,512,Yes,,,,,,,,,,
pfp_bloom_filter_contains_unique_size_u64,0,NVIDIA B200,I64,U64,128,20,2,8,1000000000,1024,Yes,,,,,,,,,,
pfp_bloom_filter_contains_unique_size_u64,0,NVIDIA B200,I64,U64,128,20,2,8,1000000000,2048,Yes,,,,,,,,,,
pfp_bloom_filter_contains_unique_size_u64,0,NVIDIA B200,I64,U64,128,20,4,1,1000000000,1,Yes,,,,,,,,,,
pfp_bloom_filter_contains_unique_size_u64,0,NVIDIA B200,I64,U64,128,20,4,1,1000000000,2,Yes,,,,,,,,,,
pfp_bloom_filter_contains_unique_size_u64,0,NVIDIA B200,I64,U64,128,20,4,1,1000000000,4,Yes,,,,,,,,,,
pfp_bloom_filter_contains_unique_size_u64,0,NVIDIA B200,I64,U64,128,20,4,1,1000000000,8,Yes,,,,,,,,,,
pfp_bloom_filter_contains_unique_size_u64,0,NVIDIA B200,I64,U64,128,20,4,1,1000000000,16,Yes,,,,,,,,,,
pfp_bloom_filter_contains_unique_size_u64,0,NVIDIA B200,I64,U64,128,20,4,1,1000000000,32,Yes,,,,,,,,,,
pfp_bloom_filter_contains_unique_size_u64,0,NVIDIA B200,I64,U64,128,20,4,1,1000000000,64,Yes,,,,,,,,,,
pfp_bloom_filter_contains_unique_size_u64,0,NVIDIA B200,I64,U64,128,20,4,1,1000000000,128,Yes,,,,,,,,,,
pfp_bloom_filter_contains_unique_size_u64,0,NVIDIA B200,I64,U64,128,20,4,1,1000000000,256,Yes,,,,,,,,,,
pfp_bloom_filter_contains_unique_size_u64,0,NVIDIA B200,I64,U64,128,20,4,1,1000000000,512,Yes,,,,,,,,,,
pfp_bloom_filter_contains_unique_size_u64,0,NVIDIA B200,I64,U64,128,20,4,1,1000000000,1024,Yes,,,,,,,,,,
pfp_bloom_filter_contains_unique_size_u64,0,NVIDIA B200,I64,U64,128,20,4,1,1000000000,2048,Yes,,,,,,,,,,
pfp_bloom_filter_contains_unique_size_u64,0,NVIDIA B200,I64,U64,128,20,4,2,1000000000,1,Yes,,,,,,,,,,
pfp_bloom_filter_contains_unique_size_u64,0,NVIDIA B200,I64,U64,128,20,4,2,1000000000,2,Yes,,,,,,,,,,
pfp_bloom_filter_contains_unique_size_u64,0,NVIDIA B200,I64,U64,128,20,4,2,1000000000,4,Yes,,,,,,,,,,
pfp_bloom_filter_contains_unique_size_u64,0,NVIDIA B200,I64,U64,128,20,4,2,1000000000,8,Yes,,,,,,,,,,
pfp_bloom_filter_contains_unique_size_u64,0,NVIDIA B200,I64,U64,128,20,4,2,1000000000,16,Yes,,,,,,,,,,
pfp_bloom_filter_contains_unique_size_u64,0,NVIDIA B200,I64,U64,128,20,4,2,1000000000,32,Yes,,,,,,,,,,
pfp_bloom_filter_contains_unique_size_u64,0,NVIDIA B200,I64,U64,128,20,4,2,1000000000,64,Yes,,,,,,,,,,
pfp_bloom_filter_contains_unique_size_u64,0,NVIDIA B200,I64,U64,128,20,4,2,1000000000,128,Yes,,,,,,,,,,
pfp_bloom_filter_contains_unique_size_u64,0,NVIDIA B200,I64,U64,128,20,4,2,1000000000,256,Yes,,,,,,,,,,
pfp_bloom_filter_contains_unique_size_u64,0,NVIDIA B200,I64,U64,128,20,4,2,1000000000,512,Yes,,,,,,,,,,
pfp_bloom_filter_contains_unique_size_u64,0,NVIDIA B200,I64,U64,128,20,4,2,1000000000,1024,Yes,,,,,,,,,,
pfp_bloom_filter_contains_unique_size_u64,0,NVIDIA B200,I64,U64,128,20,4,2,1000000000,2048,Yes,,,,,,,,,,
pfp_bloom_filter_contains_unique_size_u64,0,NVIDIA B200,I64,U64,128,20,4,4,1000000000,1,Yes,,,,,,,,,,
pfp_bloom_filter_contains_unique_size_u64,0,NVIDIA B200,I64,U64,128,20,4,4,1000000000,2,Yes,,,,,,,,,,
pfp_bloom_filter_contains_unique_size_u64,0,NVIDIA B200,I64,U64,128,20,4,4,1000000000,4,Yes,,,,,,,,,,
pfp_bloom_filter_contains_unique_size_u64,0,NVIDIA B200,I64,U64,128,20,4,4,1000000000,8,Yes,,,,,,,,,,
pfp_bloom_filter_contains_unique_size_u64,0,NVIDIA B200,I64,U64,128,20,4,4,1000000000,16,Yes,,,,,,,,,,
pfp_bloom_filter_contains_unique_size_u64,0,NVIDIA B200,I64,U64,128,20,4,4,1000000000,32,Yes,,,,,,,,,,
pfp_bloom_filter_contains_unique_size_u64,0,NVIDIA B200,I64,U64,128,20,4,4,1000000000,64,Yes,,,,,,,,,,
pfp_bloom_filter_contains_unique_size_u64,0,NVIDIA B200,I64,U64,128,20,4,4,1000000000,128,Yes,,,,,,,,,,
pfp_bloom_filter_contains_unique_size_u64,0,NVIDIA B200,I64,U64,128,20,4,4,1000000000,256,Yes,,,,,,,,,,
pfp_bloom_filter_contains_unique_size_u64,0,NVIDIA B200,I64,U64,128,20,4,4,1000000000,512,Yes,,,,,,,,,,
pfp_bloom_filter_contains_unique_size_u64,0,NVIDIA B200,I64,U64,128,20,4,4,1000000000,1024,Yes,,,,,,,,,,
pfp_bloom_filter_contains_unique_size_u64,0,NVIDIA B200,I64,U64,128,20,4,4,1000000000,2048,Yes,,,,,,,,,,
pfp_bloom_filter_contains_unique_size_u64,0,NVIDIA B200,I64,U64,128,20,4,8,1000000000,1,Yes,,,,,,,,,,
pfp_bloom_filter_contains_unique_size_u64,0,NVIDIA B200,I64,U64,128,20,4,8,1000000000,2,Yes,,,,,,,,,,
pfp_bloom_filter_contains_unique_size_u64,0,NVIDIA B200,I64,U64,128,20,4,8,1000000000,4,Yes,,,,,,,,,,
pfp_bloom_filter_contains_unique_size_u64,0,NVIDIA B200,I64,U64,128,20,4,8,1000000000,8,Yes,,,,,,,,,,
pfp_bloom_filter_contains_unique_size_u64,0,NVIDIA B200,I64,U64,128,20,4,8,1000000000,16,Yes,,,,,,,,,,
pfp_bloom_filter_contains_unique_size_u64,0,NVIDIA B200,I64,U64,128,20,4,8,1000000000,32,Yes,,,,,,,,,,
pfp_bloom_filter_contains_unique_size_u64,0,NVIDIA B200,I64,U64,128,20,4,8,1000000000,64,Yes,,,,,,,,,,
pfp_bloom_filter_contains_unique_size_u64,0,NVIDIA B200,I64,U64,128,20,4,8,1000000000,128,Yes,,,,,,,,,,
pfp_bloom_filter_contains_unique_size_u64,0,NVIDIA B200,I64,U64,128,20,4,8,1000000000,256,Yes,,,,,,,,,,
pfp_bloom_filter_contains_unique_size_u64,0,NVIDIA B200,I64,U64,128,20,4,8,1000000000,512,Yes,,,,,,,,,,
pfp_bloom_filter_contains_unique_size_u64,0,NVIDIA B200,I64,U64,128,20,4,8,1000000000,1024,Yes,,,,,,,,,,
pfp_bloom_filter_contains_unique_size_u64,0,NVIDIA B200,I64,U64,128,20,4,8,1000000000,2048,Yes,,,,,,,,,,
pfp_bloom_filter_contains_unique_size_u64,0,NVIDIA B200,I64,U64,128,20,8,1,1000000000,1,Yes,,,,,,,,,,
pfp_bloom_filter_contains_unique_size_u64,0,NVIDIA B200,I64,U64,128,20,8,1,1000000000,2,Yes,,,,,,,,,,
pfp_bloom_filter_contains_unique_size_u64,0,NVIDIA B200,I64,U64,128,20,8,1,1000000000,4,Yes,,,,,,,,,,
pfp_bloom_filter_contains_unique_size_u64,0,NVIDIA B200,I64,U64,128,20,8,1,1000000000,8,Yes,,,,,,,,,,
pfp_bloom_filter_contains_unique_size_u64,0,NVIDIA B200,I64,U64,128,20,8,1,1000000000,16,Yes,,,,,,,,,,
pfp_bloom_filter_contains_unique_size_u64,0,NVIDIA B200,I64,U64,128,20,8,1,1000000000,32,Yes,,,,,,,,,,
pfp_bloom_filter_contains_unique_size_u64,0,NVIDIA B200,I64,U64,128,20,8,1,1000000000,64,Yes,,,,,,,,,,
pfp_bloom_filter_contains_unique_size_u64,0,NVIDIA B200,I64,U64,128,20,8,1,1000000000,128,Yes,,,,,,,,,,
pfp_bloom_filter_contains_unique_size_u64,0,NVIDIA B200,I64,U64,128,20,8,1,1000000000,256,Yes,,,,,,,,,,
pfp_bloom_filter_contains_unique_size_u64,0,NVIDIA B200,I64,U64,128,20,8,1,1000000000,512,Yes,,,,,,,,,,
pfp_bloom_filter_contains_unique_size_u64,0,NVIDIA B200,I64,U64,128,20,8,1,1000000000,1024,Yes,,,,,,,,,,
pfp_bloom_filter_contains_unique_size_u64,0,NVIDIA B200,I64,U64,128,20,8,1,1000000000,2048,Yes,,,,,,,,,,
pfp_bloom_filter_contains_unique_size_u64,0,NVIDIA B200,I64,U64,128,20,8,2,1000000000,1,Yes,,,,,,,,,,
pfp_bloom_filter_contains_unique_size_u64,0,NVIDIA B200,I64,U64,128,20,8,2,1000000000,2,Yes,,,,,,,,,,
pfp_bloom_filter_contains_unique_size_u64,0,NVIDIA B200,I64,U64,128,20,8,2,1000000000,4,Yes,,,,,,,,,,
pfp_bloom_filter_contains_unique_size_u64,0,NVIDIA B200,I64,U64,128,20,8,2,1000000000,8,Yes,,,,,,,,,,
pfp_bloom_filter_contains_unique_size_u64,0,NVIDIA B200,I64,U64,128,20,8,2,1000000000,16,Yes,,,,,,,,,,
pfp_bloom_filter_contains_unique_size_u64,0,NVIDIA B200,I64,U64,128,20,8,2,1000000000,32,Yes,,,,,,,,,,
pfp_bloom_filter_contains_unique_size_u64,0,NVIDIA B200,I64,U64,128,20,8,2,1000000000,64,Yes,,,,,,,,,,
pfp_bloom_filter_contains_unique_size_u64,0,NVIDIA B200,I64,U64,128,20,8,2,1000000000,128,Yes,,,,,,,,,,
pfp_bloom_filter_contains_unique_size_u64,0,NVIDIA B200,I64,U64,128,20,8,2,1000000000,256,Yes,,,,,,,,,,
pfp_bloom_filter_contains_unique_size_u64,0,NVIDIA B200,I64,U64,128,20,8,2,1000000000,512,Yes,,,,,,,,,,
pfp_bloom_filter_contains_unique_size_u64,0,NVIDIA B200,I64,U64,128,20,8,2,1000000000,1024,Yes,,,,,,,,,,
pfp_bloom_filter_contains_unique_size_u64,0,NVIDIA B200,I64,U64,128,20,8,2,1000000000,2048,Yes,,,,,,,,,,
pfp_bloom_filter_contains_unique_size_u64,0,NVIDIA B200,I64,U64,128,20,8,4,1000000000,1,Yes,,,,,,,,,,
pfp_bloom_filter_contains_unique_size_u64,0,NVIDIA B200,I64,U64,128,20,8,4,1000000000,2,Yes,,,,,,,,,,
pfp_bloom_filter_contains_unique_size_u64,0,NVIDIA B200,I64,U64,128,20,8,4,1000000000,4,Yes,,,,,,,,,,
pfp_bloom_filter_contains_unique_size_u64,0,NVIDIA B200,I64,U64,128,20,8,4,1000000000,8,Yes,,,,,,,,,,
pfp_bloom_filter_contains_unique_size_u64,0,NVIDIA B200,I64,U64,128,20,8,4,1000000000,16,Yes,,,,,,,,,,
pfp_bloom_filter_contains_unique_size_u64,0,NVIDIA B200,I64,U64,128,20,8,4,1000000000,32,Yes,,,,,,,,,,
pfp_bloom_filter_contains_unique_size_u64,0,NVIDIA B200,I64,U64,128,20,8,4,1000000000,64,Yes,,,,,,,,,,
pfp_bloom_filter_contains_unique_size_u64,0,NVIDIA B200,I64,U64,128,20,8,4,1000000000,128,Yes,,,,,,,,,,
pfp_bloom_filter_contains_unique_size_u64,0,NVIDIA B200,I64,U64,128,20,8,4,1000000000,256,Yes,,,,,,,,,,
pfp_bloom_filter_contains_unique_size_u64,0,NVIDIA B200,I64,U64,128,20,8,4,1000000000,512,Yes,,,,,,,,,,
pfp_bloom_filter_contains_unique_size_u64,0,NVIDIA B200,I64,U64,128,20,8,4,1000000000,1024,Yes,,,,,,,,,,
pfp_bloom_filter_contains_unique_size_u64,0,NVIDIA B200,I64,U64,128,20,8,4,1000000000,2048,Yes,,,,,,,,,,
pfp_bloom_filter_contains_unique_size_u64,0,NVIDIA B200,I64,U64,128,20,8,8,1000000000,1,Yes,,,,,,,,,,
pfp_bloom_filter_contains_unique_size_u64,0,NVIDIA B200,I64,U64,128,20,8,8,1000000000,2,Yes,,,,,,,,,,
pfp_bloom_filter_contains_unique_size_u64,0,NVIDIA B200,I64,U64,128,20,8,8,1000000000,4,Yes,,,,,,,,,,
pfp_bloom_filter_contains_unique_size_u64,0,NVIDIA B200,I64,U64,128,20,8,8,1000000000,8,Yes,,,,,,,,,,
pfp_bloom_filter_contains_unique_size_u64,0,NVIDIA B200,I64,U64,128,20,8,8,1000000000,16,Yes,,,,,,,,,,
pfp_bloom_filter_contains_unique_size_u64,0,NVIDIA B200,I64,U64,128,20,8,8,1000000000,32,Yes,,,,,,,,,,
pfp_bloom_filter_contains_unique_size_u64,0,NVIDIA B200,I64,U64,128,20,8,8,1000000000,64,Yes,,,,,,,,,,
pfp_bloom_filter_contains_unique_size_u64,0,NVIDIA B200,I64,U64,128,20,8,8,1000000000,128,Yes,,,,,,,,,,
pfp_bloom_filter_contains_unique_size_u64,0,NVIDIA B200,I64,U64,128,20,8,8,1000000000,256,Yes,,,,,,,,,,
pfp_bloom_filter_contains_unique_size_u64,0,NVIDIA B200,I64,U64,128,20,8,8,1000000000,512,Yes,,,,,,,,,,
pfp_bloom_filter_contains_unique_size_u64,0,NVIDIA B200,I64,U64,128,20,8,8,1000000000,1024,Yes,,,,,,,,,,
pfp_bloom_filter_contains_unique_size_u64,0,NVIDIA B200,I64,U64,128,20,8,8,1000000000,2048,Yes,,,,,,,,,,
pfp_bloom_filter_contains_unique_size_u64,0,NVIDIA B200,I64,U64,256,1,1,1,1000000000,1,No,0.026616622,4,48,0.010615067333333334,0.0001221967981695188,0.010600421865781152,6.029941254384024e-05,94335868200.49725,49,0.010599361497528699
pfp_bloom_filter_contains_unique_size_u64,0,NVIDIA B200,I64,U64,256,1,1,1,1000000000,2,No,0.026679489,4,48,0.010504906145833335,0.00010717531145853137,0.01049000736077627,6.445766411296225e-05,95328817760.33368,50,0.010488280029296875
pfp_bloom_filter_contains_unique_size_u64,0,NVIDIA B200,I64,U64,256,1,1,1,1000000000,4,No,0.02665682,4,49,0.010415049775510207,0.00010115354127884596,0.010400170540323059,6.16609659048027e-05,96152269438.54875,50,0.010397901611328125
pfp_bloom_filter_contains_unique_size_u64,0,NVIDIA B200,I64,U64,256,1,1,1,1000000000,8,No,0.02664805,4,49,0.010360265571428572,0.0001072308158684638,0.010345468813059288,7.570624896063945e-05,96660675129.35522,50,0.010342584228515625
pfp_bloom_filter_contains_unique_size_u64,0,NVIDIA B200,I64,U64,256,1,1,1,1000000000,16,No,0.026662376,4,49,0.01033000555102041,0.00012141333523245013,0.010315536148694095,7.086340592296042e-05,96941156095.56522,51,0.010312663957184436
pfp_bloom_filter_contains_unique_size_u64,0,NVIDIA B200,I64,U64,256,1,1,1,1000000000,32,No,0.02665728,4,49,0.010316888265306126,0.00010130171837306325,0.010302212364819591,5.672069123623439e-05,97066529458.74425,51,0.010296440573299632
pfp_bloom_filter_contains_unique_size_u64,0,NVIDIA B200,I64,U64,256,1,1,1,1000000000,64,No,0.026644355,4,49,0.010425597693877554,0.00012411198489998431,0.010410707434829402,6.520214517457744e-05,96054951717.73471,50,0.010400788574218748
pfp_bloom_filter_contains_unique_size_u64,0,NVIDIA B200,I64,U64,256,1,1,1,1000000000,128,No,0.026657968,4,37,0.013648568243243243,0.062841227478073,0.013633284336811786,0.06286879322810834,73349896862.33267,38,0.013799828152907522
pfp_bloom_filter_contains_unique_size_u64,0,NVIDIA B200,I64,U64,256,1,1,1,1000000000,256,No,0.026663695,4,29,0.017538319896551732,0.04051717698430415,0.017522356954114193,0.04054044205588169,57069947988.08748,30,0.017614676920572916
pfp_bloom_filter_contains_unique_size_u64,0,NVIDIA B200,I64,U64,256,1,1,1,1000000000,512,No,0.026654862,4,25,0.020233532320000008,0.02867630913286656,0.0202179532623291,0.028688086908201748,49460990785.01878,26,0.020538485086881195
pfp_bloom_filter_contains_unique_size_u64,0,NVIDIA B200,I64,U64,256,1,1,1,1000000000,1024,No,0.026647871,4,23,0.02178604691304348,0.02771169233226067,0.021770155201787534,0.027738572476688778,45934445148.92069,24,0.02213823843002319
pfp_bloom_filter_contains_unique_size_u64,0,NVIDIA B200,I64,U64,256,1,1,1,1000000000,2048,No,0.026645098,4,23,0.022695219913043477,0.02210379540601767,0.022678753479667337,0.022105084000175117,44094134225.52307,24,0.023029590368270875
pfp_bloom_filter_contains_unique_size_u64,0,NVIDIA B200,I64,U64,256,1,1,2,1000000000,1,No,0.026616622,4,77,0.00652815925974026,0.003381281949179891,0.006513867229610291,0.0033764054786802446,153518634130.93048,80,0.006507404327392578
pfp_bloom_filter_contains_unique_size_u64,0,NVIDIA B200,I64,U64,256,1,1,2,1000000000,2,No,0.026679489,4,78,0.006457523602564104,0.0001417811891400264,0.006443175817147273,9.454182662447887e-05,155202966422.0387,81,0.00644080795476466
pfp_bloom_filter_contains_unique_size_u64,0,NVIDIA B200,I64,U64,256,1,1,2,1000000000,4,No,0.02665682,4,79,0.0064061864556962025,0.00019185258710344846,0.00639181039906755,9.854186854531837e-05,156450197606.9068,82,0.0063891229396913106
pfp_bloom_filter_contains_unique_size_u64,0,NVIDIA B200,I64,U64,256,1,1,2,1000000000,8,No,0.02664805,4,79,0.006376208,0.0001557794161683087,0.006361720646483987,9.960351995344063e-05,157190177873.1329,82,0.006358290509479802
pfp_bloom_filter_contains_unique_size_u64,0,NVIDIA B200,I64,U64,256,1,1,2,1000000000,16,No,0.026662376,4,79,0.006360086240506329,0.0001961110568836001,0.006345829740355289,0.000119950473917449,157583805572.44705,82,0.0063416941572980185
pfp_bloom_filter_contains_unique_size_u64,0,NVIDIA B200,I64,U64,256,1,1,2,1000000000,32,No,0.02665728,4,79,0.006354940088607595,0.00014692604232702627,0.006340459370914897,9.753179437425103e-05,157717279064.5459,82,0.006333502792730565
pfp_bloom_filter_contains_unique_size_u64,0,NVIDIA B200,I64,U64,256,1,1,2,1000000000,64,No,0.026644355,4,67,0.007537902223880596,0.03727124546925118,0.007523359519332202,0.03731614921460414,132919342406.85646,68,0.007675330631873186
pfp_bloom_filter_contains_unique_size_u64,0,NVIDIA B200,I64,U64,256,1,1,2,1000000000,128,No,0.026657968,4,38,0.013273840868421056,0.30398097271231067,0.013258136548494039,0.30431195327759847,75425380960.76463,40,0.01315460968017578
pfp_bloom_filter_contains_unique_size_u64,0,NVIDIA B200,I64,U64,256,1,1,2,1000000000,256,No,0.026663695,4,29,0.01726161013793103,0.07292193551844522,0.017245979670820564,0.07298525410118661,57984528515.47517,30,0.017417047119140622
pfp_bloom_filter_contains_unique_size_u64,0,NVIDIA B200,I64,U64,256,1,1,2,1000000000,512,No,0.026654862,4,25,0.020167687120000003,0.03038418761674016,0.020151997528076167,0.030404823481632114,49622872303.68999,26,0.02045447951096755
pfp_bloom_filter_contains_unique_size_u64,0,NVIDIA B200,I64,U64,256,1,1,2,1000000000,1024,No,0.026647871,4,24,0.021725706666666674,0.034118140608241025,0.021709702809651694,0.03413276243095635,46062353260.562386,25,0.022024932098388673
pfp_bloom_filter_contains_unique_size_u64,0,NVIDIA B200,I64,U64,256,1,1,2,1000000000,2048,No,0.026645098,4,23,0.02261619843478261,0.02216796082027789,0.022600151476652727,0.022192344645666055,44247491041.51175,24,0.0229381521542867
pfp_bloom_filter_contains_unique_size_u64,0,NVIDIA B200,I64,U64,256,1,1,4,1000000000,1,No,0.026616622,4,83,0.006054911156626505,0.0030367733969211335,0.006040722915925175,0.0030373415149703366,165543100373.5823,86,0.0060336573401162785
pfp_bloom_filter_contains_unique_size_u64,0,NVIDIA B200,I64,U64,256,1,1,4,1000000000,2,No,0.026679489,4,83,0.0060578235903614485,0.0001905473686431178,0.006043404665337988,0.0001451811579629306,165469640935.26794,86,0.006040589798328488
pfp_bloom_filter_contains_unique_size_u64,0,NVIDIA B200,I64,U64,256,1,1,4,1000000000,4,No,0.02665682,4,83,0.0060590751807228956,0.00019180713096665335,0.006044879740979302,0.00012779895335938654,165429262921.61353,86,0.006041778564453125
pfp_bloom_filter_contains_unique_size_u64,0,NVIDIA B200,I64,U64,256,1,1,4,1000000000,8,No,0.02664805,4,83,0.006058970240963855,0.00015737959554102855,0.006044542772224156,0.00011849748455290964,165438485206.0595,86,0.006040540118550145
pfp_bloom_filter_contains_unique_size_u64,0,NVIDIA B200,I64,U64,256,1,1,4,1000000000,16,No,0.026662376,4,83,0.006059419879518072,0.00015572996413647827,0.006045132671494086,0.00012550273265870561,165422341302.03876,86,0.006040325785792151
pfp_bloom_filter_contains_unique_size_u64,0,NVIDIA B200,I64,U64,256,1,1,4,1000000000,32,No,0.02665728,4,83,0.00607688956626506,0.00017105723529759956,0.006062459451606479,0.00014135721561677478,164949556856.00702,86,0.006054840797601744
pfp_bloom_filter_contains_unique_size_u64,0,NVIDIA B200,I64,U64,256,1,1,4,1000000000,64,No,0.026644355,4,65,0.007815206092307694,0.03353951948768744,0.0078007389508760894,0.03359958278846704,128192983549.0382,67,0.007902376545009328
pfp_bloom_filter_contains_unique_size_u64,0,NVIDIA B200,I64,U64,256,1,1,4,1000000000,128,No,0.026657968,4,37,0.013729003,0.24655515045213688,0.013712958155451593,0.24680094836071764,72923725768.2763,38,0.013337977359169409
pfp_bloom_filter_contains_unique_size_u64,0,NVIDIA B200,I64,U64,256,1,1,4,1000000000,256,No,0.026663695,4,29,0.01754462389655173,0.05206207906431036,0.01752885627746582,0.052103450798743185,57048787677.35392,30,0.017679427655537924
pfp_bloom_filter_contains_unique_size_u64,0,NVIDIA B200,I64,U64,256,1,1,4,1000000000,512,No,0.026654862,4,25,0.020327847680000004,0.029778503478527136,0.020311940994262697,0.029798587688064124,49232124112.730515,26,0.020635568985572228
pfp_bloom_filter_contains_unique_size_u64,0,NVIDIA B200,I64,U64,256,1,1,4,1000000000,1024,No,0.026647871,4,23,0.021860319086956525,0.021146808614689417,0.021844459119050398,0.021170826202106797,45778199155.68004,24,0.02222715759277344
pfp_bloom_filter_contains_unique_size_u64,0,NVIDIA B200,I64,U64,256,1,1,4,1000000000,2048,No,0.026645098,4,23,0.02268949773913044,0.026294521536518213,0.02267374751878822,0.026299375928526634,44103869427.46747,24,0.02306052263577779
pfp_bloom_filter_contains_unique_size_u64,0,NVIDIA B200,I64,U64,256,1,1,8,1000000000,1,Yes,,,,,,,,,,
pfp_bloom_filter_contains_unique_size_u64,0,NVIDIA B200,I64,U64,256,1,1,8,1000000000,2,Yes,,,,,,,,,,
pfp_bloom_filter_contains_unique_size_u64,0,NVIDIA B200,I64,U64,256,1,1,8,1000000000,4,Yes,,,,,,,,,,
pfp_bloom_filter_contains_unique_size_u64,0,NVIDIA B200,I64,U64,256,1,1,8,1000000000,8,Yes,,,,,,,,,,
pfp_bloom_filter_contains_unique_size_u64,0,NVIDIA B200,I64,U64,256,1,1,8,1000000000,16,Yes,,,,,,,,,,
pfp_bloom_filter_contains_unique_size_u64,0,NVIDIA B200,I64,U64,256,1,1,8,1000000000,32,Yes,,,,,,,,,,
pfp_bloom_filter_contains_unique_size_u64,0,NVIDIA B200,I64,U64,256,1,1,8,1000000000,64,Yes,,,,,,,,,,
pfp_bloom_filter_contains_unique_size_u64,0,NVIDIA B200,I64,U64,256,1,1,8,1000000000,128,Yes,,,,,,,,,,
pfp_bloom_filter_contains_unique_size_u64,0,NVIDIA B200,I64,U64,256,1,1,8,1000000000,256,Yes,,,,,,,,,,
pfp_bloom_filter_contains_unique_size_u64,0,NVIDIA B200,I64,U64,256,1,1,8,1000000000,512,Yes,,,,,,,,,,
pfp_bloom_filter_contains_unique_size_u64,0,NVIDIA B200,I64,U64,256,1,1,8,1000000000,1024,Yes,,,,,,,,,,
pfp_bloom_filter_contains_unique_size_u64,0,NVIDIA B200,I64,U64,256,1,1,8,1000000000,2048,Yes,,,,,,,,,,
pfp_bloom_filter_contains_unique_size_u64,0,NVIDIA B200,I64,U64,256,1,2,1,1000000000,1,No,0.026616622,4,28,0.01807436125,0.0027935545719204374,0.01805898972920009,0.002800689481361649,55374083212.58812,29,0.018046058391702587
pfp_bloom_filter_contains_unique_size_u64,0,NVIDIA B200,I64,U64,256,1,2,1,1000000000,2,No,0.026679489,4,28,0.01806462814285715,6.90106557142389e-05,0.01804913650240217,4.949448106458257e-05,55404312547.96646,29,0.018047434839709053
pfp_bloom_filter_contains_unique_size_u64,0,NVIDIA B200,I64,U64,256,1,2,1,1000000000,4,No,0.02665682,4,28,0.01806547914285714,6.712735284243155e-05,0.018049936362675257,4.955461424877111e-05,55401857375.40106,29,0.0180483187971444
pfp_bloom_filter_contains_unique_size_u64,0,NVIDIA B200,I64,U64,256,1,2,1,1000000000,8,No,0.02664805,4,28,0.01806623889285714,6.339174070094675e-05,0.018050577163696287,5.309496906630265e-05,55399890592.48597,29,0.018048600821659485
pfp_bloom_filter_contains_unique_size_u64,0,NVIDIA B200,I64,U64,256,1,2,1,1000000000,16,No,0.026662376,4,28,0.018066891999999998,7.41049210661226e-05,0.018051421301705495,4.747619218532791e-05,55397299929.259315,29,0.018049097521551725
pfp_bloom_filter_contains_unique_size_u64,0,NVIDIA B200,I64,U64,256,1,2,1,1000000000,32,No,0.02665728,4,28,0.018071541642857146,6.772643823827475e-05,0.018055826595851348,4.146835212623622e-05,55383783993.01686,29,0.018052483920393318
pfp_bloom_filter_contains_unique_size_u64,0,NVIDIA B200,I64,U64,256,1,2,1,1000000000,64,No,0.026644355,4,27,0.01859065933333334,7.688170340763617e-05,0.018574948487458404,6.663924661192607e-05,53835950106.41288,28,0.018570602416992186
pfp_bloom_filter_contains_unique_size_u64,0,NVIDIA B200,I64,U64,256,1,2,1,1000000000,128,No,0.026657968,4,27,0.019134539592592596,0.00011590091281225959,0.019118939364397965,0.00010973048698978676,52304156676.29212,28,0.01911135005950928
pfp_bloom_filter_contains_unique_size_u64,0,NVIDIA B200,I64,U64,256,1,2,1,1000000000,256,No,0.026663695,4,25,0.020480662240000003,0.021033280861463412,0.02046493179321289,0.0210466151839026,48864076856.17823,26,0.020769633513230544
pfp_bloom_filter_contains_unique_size_u64,0,NVIDIA B200,I64,U64,256,1,2,1,1000000000,512,No,0.026654862,4,23,0.022521246434782614,0.02218540243798905,0.022505154817000685,0.022202422743019777,44434264422.14861,24,0.022788394610087078
pfp_bloom_filter_contains_unique_size_u64,0,NVIDIA B200,I64,U64,256,1,2,1,1000000000,1024,No,0.026647871,4,22,0.023779244954545455,0.03360599356627569,0.023763320662758568,0.033620421696578105,42081660816.33453,23,0.024053580076798146
pfp_bloom_filter_contains_unique_size_u64,0,NVIDIA B200,I64,U64,256,1,2,1,1000000000,2048,No,0.026645098,4,21,0.024542285190476194,0.02546473248538189,0.024526433490571525,0.025486545718752186,40772336523.54799,22,0.02488645952398127
pfp_bloom_filter_contains_unique_size_u64,0,NVIDIA B200,I64,U64,256,1,2,2,1000000000,1,No,0.026616622,4,28,0.01824553621428571,0.004190858551023213,0.018229805333273754,0.004206914391087369,54855220981.14569,29,0.018210214088703023
pfp_bloom_filter_contains_unique_size_u64,0,NVIDIA B200,I64,U64,256,1,2,2,1000000000,2,No,0.026679489,4,28,0.018229284321428573,5.6961384696102704e-05,0.018213620662689212,4.053163950700642e-05,54903965472.85682,29,0.01821236880072232
pfp_bloom_filter_contains_unique_size_u64,0,NVIDIA B200,I64,U64,256,1,2,2,1000000000,4,No,0.02665682,4,28,0.018230461785714285,7.699634394402038e-05,0.018215038027082166,5.403116953767114e-05,54899693237.708176,29,0.018213180278909617
pfp_bloom_filter_contains_unique_size_u64,0,NVIDIA B200,I64,U64,256,1,2,2,1000000000,8,No,0.02664805,4,28,0.018231432785714284,6.776620919172536e-05,0.01821586445399693,4.8126211919376713e-05,54897202519.56419,29,0.018213886984463395
pfp_bloom_filter_contains_unique_size_u64,0,NVIDIA B200,I64,U64,256,1,2,2,1000000000,16,No,0.026662376,4,28,0.018231571392857145,7.755183846683262e-05,0.01821621867588588,5.3008177522050646e-05,54896135020.808235,29,0.018214204788208007
pfp_bloom_filter_contains_unique_size_u64,0,NVIDIA B200,I64,U64,256,1,2,2,1000000000,32,No,0.02665728,4,28,0.018235113142857143,6.0624766441847e-05,0.018219556195395337,4.712427921991268e-05,54886078962.380646,29,0.018216076949547074
pfp_bloom_filter_contains_unique_size_u64,0,NVIDIA B200,I64,U64,256,1,2,2,1000000000,64,No,0.026644355,4,27,0.018730130037037038,0.00010361384100555735,0.018714508127283164,7.573727081904342e-05,53434479452.98324,28,0.018710161481584824
pfp_bloom_filter_contains_unique_size_u64,0,NVIDIA B200,I64,U64,256,1,2,2,1000000000,128,No,0.026657968,4,26,0.01928834953846154,0.0001317670737976895,0.01927280088571402,0.00011030558491480018,51886594269.81632,27,0.01926708984375
pfp_bloom_filter_contains_unique_size_u64,0,NVIDIA B200,I64,U64,256,1,2,2,1000000000,256,No,0.026663695,4,25,0.02035370132,0.0195835044453891,0.02033783058166504,0.019590146531092072,49169452758.71852,26,0.02062005277780386
pfp_bloom_filter_contains_unique_size_u64,0,NVIDIA B200,I64,U64,256,1,2,2,1000000000,512,No,0.026654862,4,23,0.02242871891304348,0.020894252128058614,0.022413005828857423,0.020906906981009058,44616951766.12455,24,0.022615766207377114
pfp_bloom_filter_contains_unique_size_u64,0,NVIDIA B200,I64,U64,256,1,2,2,1000000000,1024,No,0.026647871,4,22,0.02358380463636364,0.02571119687678361,0.023567645072937016,0.02573107964644202,42431053119.8686,23,0.023894543855086617
pfp_bloom_filter_contains_unique_size_u64,0,NVIDIA B200,I64,U64,256,1,2,2,1000000000,2048,No,0.026645098,4,21,0.024321970428571427,0.03314736132491873,0.02430600538707915,0.03315975294670453,41142095711.522835,22,0.024678401513533156
pfp_bloom_filter_contains_unique_size_u64,0,NVIDIA B200,I64,U64,256,1,2,4,1000000000,1,Yes,,,,,,,,,,
pfp_bloom_filter_contains_unique_size_u64,0,NVIDIA B200,I64,U64,256,1,2,4,1000000000,2,Yes,,,,,,,,,,
pfp_bloom_filter_contains_unique_size_u64,0,NVIDIA B200,I64,U64,256,1,2,4,1000000000,4,Yes,,,,,,,,,,
pfp_bloom_filter_contains_unique_size_u64,0,NVIDIA B200,I64,U64,256,1,2,4,1000000000,8,Yes,,,,,,,,,,
pfp_bloom_filter_contains_unique_size_u64,0,NVIDIA B200,I64,U64,256,1,2,4,1000000000,16,Yes,,,,,,,,,,
pfp_bloom_filter_contains_unique_size_u64,0,NVIDIA B200,I64,U64,256,1,2,4,1000000000,32,Yes,,,,,,,,,,
pfp_bloom_filter_contains_unique_size_u64,0,NVIDIA B200,I64,U64,256,1,2,4,1000000000,64,Yes,,,,,,,,,,
pfp_bloom_filter_contains_unique_size_u64,0,NVIDIA B200,I64,U64,256,1,2,4,1000000000,128,Yes,,,,,,,,,,
pfp_bloom_filter_contains_unique_size_u64,0,NVIDIA B200,I64,U64,256,1,2,4,1000000000,256,Yes,,,,,,,,,,
pfp_bloom_filter_contains_unique_size_u64,0,NVIDIA B200,I64,U64,256,1,2,4,1000000000,512,Yes,,,,,,,,,,
pfp_bloom_filter_contains_unique_size_u64,0,NVIDIA B200,I64,U64,256,1,2,4,1000000000,1024,Yes,,,,,,,,,,
pfp_bloom_filter_contains_unique_size_u64,0,NVIDIA B200,I64,U64,256,1,2,4,1000000000,2048,Yes,,,,,,,,,,
pfp_bloom_filter_contains_unique_size_u64,0,NVIDIA B200,I64,U64,256,1,2,8,1000000000,1,Yes,,,,,,,,,,
pfp_bloom_filter_contains_unique_size_u64,0,NVIDIA B200,I64,U64,256,1,2,8,1000000000,2,Yes,,,,,,,,,,
pfp_bloom_filter_contains_unique_size_u64,0,NVIDIA B200,I64,U64,256,1,2,8,1000000000,4,Yes,,,,,,,,,,
pfp_bloom_filter_contains_unique_size_u64,0,NVIDIA B200,I64,U64,256,1,2,8,1000000000,8,Yes,,,,,,,,,,
pfp_bloom_filter_contains_unique_size_u64,0,NVIDIA B200,I64,U64,256,1,2,8,1000000000,16,Yes,,,,,,,,,,
pfp_bloom_filter_contains_unique_size_u64,0,NVIDIA B200,I64,U64,256,1,2,8,1000000000,32,Yes,,,,,,,,,,
pfp_bloom_filter_contains_unique_size_u64,0,NVIDIA B200,I64,U64,256,1,2,8,1000000000,64,Yes,,,,,,,,,,
pfp_bloom_filter_contains_unique_size_u64,0,NVIDIA B200,I64,U64,256,1,2,8,1000000000,128,Yes,,,,,,,,,,
pfp_bloom_filter_contains_unique_size_u64,0,NVIDIA B200,I64,U64,256,1,2,8,1000000000,256,Yes,,,,,,,,,,
pfp_bloom_filter_contains_unique_size_u64,0,NVIDIA B200,I64,U64,256,1,2,8,1000000000,512,Yes,,,,,,,,,,
pfp_bloom_filter_contains_unique_size_u64,0,NVIDIA B200,I64,U64,256,1,2,8,1000000000,1024,Yes,,,,,,,,,,
pfp_bloom_filter_contains_unique_size_u64,0,NVIDIA B200,I64,U64,256,1,2,8,1000000000,2048,Yes,,,,,,,,,,
pfp_bloom_filter_contains_unique_size_u64,0,NVIDIA B200,I64,U64,256,1,4,1,1000000000,1,No,0.026616622,4,27,0.018799282444444447,0.0028269627565829336,0.018784012123390488,0.0028319271722101937,53236762914.71118,28,0.018768567766462053
pfp_bloom_filter_contains_unique_size_u64,0,NVIDIA B200,I64,U64,256,1,4,1,1000000000,2,No,0.026679489,4,27,0.018787858518518517,6.408670704599109e-05,0.018772256003485782,4.1567571369451207e-05,53270102422.12295,28,0.018770823887416296
pfp_bloom_filter_contains_unique_size_u64,0,NVIDIA B200,I64,U64,256,1,4,1,1000000000,4,No,0.02665682,4,27,0.018788343740740746,5.7834636810437846e-05,0.018772947664614077,3.321791794521104e-05,53268139765.01635,28,0.01877105276925223
pfp_bloom_filter_contains_unique_size_u64,0,NVIDIA B200,I64,U64,256,1,4,1,1000000000,8,No,0.02664805,4,27,0.01878985840740741,7.053504787886663e-05,0.018774054562603986,3.842601272273218e-05,53264999133.00021,28,0.01877138410295759
pfp_bloom_filter_contains_unique_size_u64,0,NVIDIA B200,I64,U64,256,1,4,1,1000000000,16,No,0.026662376,4,27,0.018790177666666668,7.386201130126536e-05,0.01877492947048611,4.083819974626122e-05,53262516994.909836,28,0.01877141898018973
pfp_bloom_filter_contains_unique_size_u64,0,NVIDIA B200,I64,U64,256,1,4,1,1000000000,32,No,0.02665728,4,27,0.018794782518518516,4.999367415468386e-05,0.018779545466105146,3.607573982995676e-05,53249425115.473724,28,0.018775076729910713
pfp_bloom_filter_contains_unique_size_u64,0,NVIDIA B200,I64,U64,256,1,4,1,1000000000,64,No,0.026644355,4,26,0.019374063038461543,6.199008250545387e-05,0.019358365645775425,6.108556880124866e-05,51657253422.022736,27,0.019352534541377312
pfp_bloom_filter_contains_unique_size_u64,0,NVIDIA B200,I64,U64,256,1,4,1,1000000000,128,No,0.026657968,4,25,0.020582474360000002,7.678847575045308e-05,0.02056663009643554,5.919796943773497e-05,48622452745.59165,26,0.020558845299940842
pfp_bloom_filter_contains_unique_size_u64,0,NVIDIA B200,I64,U64,256,1,4,1,1000000000,256,No,0.026663695,4,23,0.021834005913043474,0.007130313532614281,0.02181834146250849,0.007129429285797364,45832997971.83705,24,0.021960695902506513
pfp_bloom_filter_contains_unique_size_u64,0,NVIDIA B200,I64,U64,256,1,4,1,1000000000,512,No,0.026654862,4,22,0.023510923863636367,0.012368249452440023,0.023495124296708546,0.012384296035755749,42562022118.780235,23,0.023682492795197855
pfp_bloom_filter_contains_unique_size_u64,0,NVIDIA B200,I64,U64,256,1,4,1,1000000000,1024,No,0.026647871,4,21,0.02461657052380953,0.021486669831445603,0.024600432623000372,0.021503658596887826,40649691626.35953,22,0.024947105060924183
pfp_bloom_filter_contains_unique_size_u64,0,NVIDIA B200,I64,U64,256,1,4,1,1000000000,2048,No,0.026645098,4,20,0.025225082700000002,0.022999990705608583,0.02520904483795166,0.023021522425286874,39668301850.71201,21,0.025593417758033393
pfp_bloom_filter_contains_unique_size_u64,0,NVIDIA B200,I64,U64,256,1,4,2,1000000000,1,Yes,,,,,,,,,,
pfp_bloom_filter_contains_unique_size_u64,0,NVIDIA B200,I64,U64,256,1,4,2,1000000000,2,Yes,,,,,,,,,,
pfp_bloom_filter_contains_unique_size_u64,0,NVIDIA B200,I64,U64,256,1,4,2,1000000000,4,Yes,,,,,,,,,,
pfp_bloom_filter_contains_unique_size_u64,0,NVIDIA B200,I64,U64,256,1,4,2,1000000000,8,Yes,,,,,,,,,,
pfp_bloom_filter_contains_unique_size_u64,0,NVIDIA B200,I64,U64,256,1,4,2,1000000000,16,Yes,,,,,,,,,,
pfp_bloom_filter_contains_unique_size_u64,0,NVIDIA B200,I64,U64,256,1,4,2,1000000000,32,Yes,,,,,,,,,,
pfp_bloom_filter_contains_unique_size_u64,0,NVIDIA B200,I64,U64,256,1,4,2,1000000000,64,Yes,,,,,,,,,,
pfp_bloom_filter_contains_unique_size_u64,0,NVIDIA B200,I64,U64,256,1,4,2,1000000000,128,Yes,,,,,,,,,,
pfp_bloom_filter_contains_unique_size_u64,0,NVIDIA B200,I64,U64,256,1,4,2,1000000000,256,Yes,,,,,,,,,,
pfp_bloom_filter_contains_unique_size_u64,0,NVIDIA B200,I64,U64,256,1,4,2,1000000000,512,Yes,,,,,,,,,,
pfp_bloom_filter_contains_unique_size_u64,0,NVIDIA B200,I64,U64,256,1,4,2,1000000000,1024,Yes,,,,,,,,,,
pfp_bloom_filter_contains_unique_size_u64,0,NVIDIA B200,I64,U64,256,1,4,2,1000000000,2048,Yes,,,,,,,,,,
pfp_bloom_filter_contains_unique_size_u64,0,NVIDIA B200,I64,U64,256,1,4,4,1000000000,1,Yes,,,,,,,,,,
pfp_bloom_filter_contains_unique_size_u64,0,NVIDIA B200,I64,U64,256,1,4,4,1000000000,2,Yes,,,,,,,,,,
pfp_bloom_filter_contains_unique_size_u64,0,NVIDIA B200,I64,U64,256,1,4,4,1000000000,4,Yes,,,,,,,,,,
pfp_bloom_filter_contains_unique_size_u64,0,NVIDIA B200,I64,U64,256,1,4,4,1000000000,8,Yes,,,,,,,,,,
pfp_bloom_filter_contains_unique_size_u64,0,NVIDIA B200,I64,U64,256,1,4,4,1000000000,16,Yes,,,,,,,,,,
pfp_bloom_filter_contains_unique_size_u64,0,NVIDIA B200,I64,U64,256,1,4,4,1000000000,32,Yes,,,,,,,,,,
pfp_bloom_filter_contains_unique_size_u64,0,NVIDIA B200,I64,U64,256,1,4,4,1000000000,64,Yes,,,,,,,,,,
pfp_bloom_filter_contains_unique_size_u64,0,NVIDIA B200,I64,U64,256,1,4,4,1000000000,128,Yes,,,,,,,,,,
pfp_bloom_filter_contains_unique_size_u64,0,NVIDIA B200,I64,U64,256,1,4,4,1000000000,256,Yes,,,,,,,,,,
pfp_bloom_filter_contains_unique_size_u64,0,NVIDIA B200,I64,U64,256,1,4,4,1000000000,512,Yes,,,,,,,,,,
pfp_bloom_filter_contains_unique_size_u64,0,NVIDIA B200,I64,U64,256,1,4,4,1000000000,1024,Yes,,,,,,,,,,
pfp_bloom_filter_contains_unique_size_u64,0,NVIDIA B200,I64,U64,256,1,4,4,1000000000,2048,Yes,,,,,,,,,,
pfp_bloom_filter_contains_unique_size_u64,0,NVIDIA B200,I64,U64,256,1,4,8,1000000000,1,Yes,,,,,,,,,,
pfp_bloom_filter_contains_unique_size_u64,0,NVIDIA B200,I64,U64,256,1,4,8,1000000000,2,Yes,,,,,,,,,,
pfp_bloom_filter_contains_unique_size_u64,0,NVIDIA B200,I64,U64,256,1,4,8,1000000000,4,Yes,,,,,,,,,,
pfp_bloom_filter_contains_unique_size_u64,0,NVIDIA B200,I64,U64,256,1,4,8,1000000000,8,Yes,,,,,,,,,,
pfp_bloom_filter_contains_unique_size_u64,0,NVIDIA B200,I64,U64,256,1,4,8,1000000000,16,Yes,,,,,,,,,,
pfp_bloom_filter_contains_unique_size_u64,0,NVIDIA B200,I64,U64,256,1,4,8,1000000000,32,Yes,,,,,,,,,,
pfp_bloom_filter_contains_unique_size_u64,0,NVIDIA B200,I64,U64,256,1,4,8,1000000000,64,Yes,,,,,,,,,,
pfp_bloom_filter_contains_unique_size_u64,0,NVIDIA B200,I64,U64,256,1,4,8,1000000000,128,Yes,,,,,,,,,,
pfp_bloom_filter_contains_unique_size_u64,0,NVIDIA B200,I64,U64,256,1,4,8,1000000000,256,Yes,,,,,,,,,,
pfp_bloom_filter_contains_unique_size_u64,0,NVIDIA B200,I64,U64,256,1,4,8,1000000000,512,Yes,,,,,,,,,,
pfp_bloom_filter_contains_unique_size_u64,0,NVIDIA B200,I64,U64,256,1,4,8,1000000000,1024,Yes,,,,,,,,,,
pfp_bloom_filter_contains_unique_size_u64,0,NVIDIA B200,I64,U64,256,1,4,8,1000000000,2048,Yes,,,,,,,,,,
pfp_bloom_filter_contains_unique_size_u64,0,NVIDIA B200,I64,U64,256,1,8,1,1000000000,1,Yes,,,,,,,,,,
pfp_bloom_filter_contains_unique_size_u64,0,NVIDIA B200,I64,U64,256,1,8,1,1000000000,2,Yes,,,,,,,,,,
pfp_bloom_filter_contains_unique_size_u64,0,NVIDIA B200,I64,U64,256,1,8,1,1000000000,4,Yes,,,,,,,,,,
pfp_bloom_filter_contains_unique_size_u64,0,NVIDIA B200,I64,U64,256,1,8,1,1000000000,8,Yes,,,,,,,,,,
pfp_bloom_filter_contains_unique_size_u64,0,NVIDIA B200,I64,U64,256,1,8,1,1000000000,16,Yes,,,,,,,,,,
pfp_bloom_filter_contains_unique_size_u64,0,NVIDIA B200,I64,U64,256,1,8,1,1000000000,32,Yes,,,,,,,,,,
pfp_bloom_filter_contains_unique_size_u64,0,NVIDIA B200,I64,U64,256,1,8,1,1000000000,64,Yes,,,,,,,,,,
pfp_bloom_filter_contains_unique_size_u64,0,NVIDIA B200,I64,U64,256,1,8,1,1000000000,128,Yes,,,,,,,,,,
pfp_bloom_filter_contains_unique_size_u64,0,NVIDIA B200,I64,U64,256,1,8,1,1000000000,256,Yes,,,,,,,,,,
pfp_bloom_filter_contains_unique_size_u64,0,NVIDIA B200,I64,U64,256,1,8,1,1000000000,512,Yes,,,,,,,,,,
pfp_bloom_filter_contains_unique_size_u64,0,NVIDIA B200,I64,U64,256,1,8,1,1000000000,1024,Yes,,,,,,,,,,
pfp_bloom_filter_contains_unique_size_u64,0,NVIDIA B200,I64,U64,256,1,8,1,1000000000,2048,Yes,,,,,,,,,,
pfp_bloom_filter_contains_unique_size_u64,0,NVIDIA B200,I64,U64,256,1,8,2,1000000000,1,Yes,,,,,,,,,,
pfp_bloom_filter_contains_unique_size_u64,0,NVIDIA B200,I64,U64,256,1,8,2,1000000000,2,Yes,,,,,,,,,,
pfp_bloom_filter_contains_unique_size_u64,0,NVIDIA B200,I64,U64,256,1,8,2,1000000000,4,Yes,,,,,,,,,,
pfp_bloom_filter_contains_unique_size_u64,0,NVIDIA B200,I64,U64,256,1,8,2,1000000000,8,Yes,,,,,,,,,,
pfp_bloom_filter_contains_unique_size_u64,0,NVIDIA B200,I64,U64,256,1,8,2,1000000000,16,Yes,,,,,,,,,,
pfp_bloom_filter_contains_unique_size_u64,0,NVIDIA B200,I64,U64,256,1,8,2,1000000000,32,Yes,,,,,,,,,,
pfp_bloom_filter_contains_unique_size_u64,0,NVIDIA B200,I64,U64,256,1,8,2,1000000000,64,Yes,,,,,,,,,,
pfp_bloom_filter_contains_unique_size_u64,0,NVIDIA B200,I64,U64,256,1,8,2,1000000000,128,Yes,,,,,,,,,,
pfp_bloom_filter_contains_unique_size_u64,0,NVIDIA B200,I64,U64,256,1,8,2,1000000000,256,Yes,,,,,,,,,,
pfp_bloom_filter_contains_unique_size_u64,0,NVIDIA B200,I64,U64,256,1,8,2,1000000000,512,Yes,,,,,,,,,,
pfp_bloom_filter_contains_unique_size_u64,0,NVIDIA B200,I64,U64,256,1,8,2,1000000000,1024,Yes,,,,,,,,,,
pfp_bloom_filter_contains_unique_size_u64,0,NVIDIA B200,I64,U64,256,1,8,2,1000000000,2048,Yes,,,,,,,,,,
pfp_bloom_filter_contains_unique_size_u64,0,NVIDIA B200,I64,U64,256,1,8,4,1000000000,1,Yes,,,,,,,,,,
pfp_bloom_filter_contains_unique_size_u64,0,NVIDIA B200,I64,U64,256,1,8,4,1000000000,2,Yes,,,,,,,,,,
pfp_bloom_filter_contains_unique_size_u64,0,NVIDIA B200,I64,U64,256,1,8,4,1000000000,4,Yes,,,,,,,,,,
pfp_bloom_filter_contains_unique_size_u64,0,NVIDIA B200,I64,U64,256,1,8,4,1000000000,8,Yes,,,,,,,,,,
pfp_bloom_filter_contains_unique_size_u64,0,NVIDIA B200,I64,U64,256,1,8,4,1000000000,16,Yes,,,,,,,,,,
pfp_bloom_filter_contains_unique_size_u64,0,NVIDIA B200,I64,U64,256,1,8,4,1000000000,32,Yes,,,,,,,,,,
pfp_bloom_filter_contains_unique_size_u64,0,NVIDIA B200,I64,U64,256,1,8,4,1000000000,64,Yes,,,,,,,,,,
pfp_bloom_filter_contains_unique_size_u64,0,NVIDIA B200,I64,U64,256,1,8,4,1000000000,128,Yes,,,,,,,,,,
pfp_bloom_filter_contains_unique_size_u64,0,NVIDIA B200,I64,U64,256,1,8,4,1000000000,256,Yes,,,,,,,,,,
pfp_bloom_filter_contains_unique_size_u64,0,NVIDIA B200,I64,U64,256,1,8,4,1000000000,512,Yes,,,,,,,,,,
pfp_bloom_filter_contains_unique_size_u64,0,NVIDIA B200,I64,U64,256,1,8,4,1000000000,1024,Yes,,,,,,,,,,
pfp_bloom_filter_contains_unique_size_u64,0,NVIDIA B200,I64,U64,256,1,8,4,1000000000,2048,Yes,,,,,,,,,,
pfp_bloom_filter_contains_unique_size_u64,0,NVIDIA B200,I64,U64,256,1,8,8,1000000000,1,Yes,,,,,,,,,,
pfp_bloom_filter_contains_unique_size_u64,0,NVIDIA B200,I64,U64,256,1,8,8,1000000000,2,Yes,,,,,,,,,,
pfp_bloom_filter_contains_unique_size_u64,0,NVIDIA B200,I64,U64,256,1,8,8,1000000000,4,Yes,,,,,,,,,,
pfp_bloom_filter_contains_unique_size_u64,0,NVIDIA B200,I64,U64,256,1,8,8,1000000000,8,Yes,,,,,,,,,,
pfp_bloom_filter_contains_unique_size_u64,0,NVIDIA B200,I64,U64,256,1,8,8,1000000000,16,Yes,,,,,,,,,,
pfp_bloom_filter_contains_unique_size_u64,0,NVIDIA B200,I64,U64,256,1,8,8,1000000000,32,Yes,,,,,,,,,,
pfp_bloom_filter_contains_unique_size_u64,0,NVIDIA B200,I64,U64,256,1,8,8,1000000000,64,Yes,,,,,,,,,,
pfp_bloom_filter_contains_unique_size_u64,0,NVIDIA B200,I64,U64,256,1,8,8,1000000000,128,Yes,,,,,,,,,,
pfp_bloom_filter_contains_unique_size_u64,0,NVIDIA B200,I64,U64,256,1,8,8,1000000000,256,Yes,,,,,,,,,,
pfp_bloom_filter_contains_unique_size_u64,0,NVIDIA B200,I64,U64,256,1,8,8,1000000000,512,Yes,,,,,,,,,,
pfp_bloom_filter_contains_unique_size_u64,0,NVIDIA B200,I64,U64,256,1,8,8,1000000000,1024,Yes,,,,,,,,,,
pfp_bloom_filter_contains_unique_size_u64,0,NVIDIA B200,I64,U64,256,1,8,8,1000000000,2048,Yes,,,,,,,,,,
pfp_bloom_filter_contains_unique_size_u64,0,NVIDIA B200,I64,U64,256,20,1,1,1000000000,1,Yes,,,,,,,,,,
pfp_bloom_filter_contains_unique_size_u64,0,NVIDIA B200,I64,U64,256,20,1,1,1000000000,2,Yes,,,,,,,,,,
pfp_bloom_filter_contains_unique_size_u64,0,NVIDIA B200,I64,U64,256,20,1,1,1000000000,4,Yes,,,,,,,,,,
pfp_bloom_filter_contains_unique_size_u64,0,NVIDIA B200,I64,U64,256,20,1,1,1000000000,8,Yes,,,,,,,,,,
pfp_bloom_filter_contains_unique_size_u64,0,NVIDIA B200,I64,U64,256,20,1,1,1000000000,16,Yes,,,,,,,,,,
pfp_bloom_filter_contains_unique_size_u64,0,NVIDIA B200,I64,U64,256,20,1,1,1000000000,32,Yes,,,,,,,,,,
pfp_bloom_filter_contains_unique_size_u64,0,NVIDIA B200,I64,U64,256,20,1,1,1000000000,64,Yes,,,,,,,,,,
pfp_bloom_filter_contains_unique_size_u64,0,NVIDIA B200,I64,U64,256,20,1,1,1000000000,128,Yes,,,,,,,,,,
pfp_bloom_filter_contains_unique_size_u64,0,NVIDIA B200,I64,U64,256,20,1,1,1000000000,256,Yes,,,,,,,,,,
pfp_bloom_filter_contains_unique_size_u64,0,NVIDIA B200,I64,U64,256,20,1,1,1000000000,512,Yes,,,,,,,,,,
pfp_bloom_filter_contains_unique_size_u64,0,NVIDIA B200,I64,U64,256,20,1,1,1000000000,1024,Yes,,,,,,,,,,
pfp_bloom_filter_contains_unique_size_u64,0,NVIDIA B200,I64,U64,256,20,1,1,1000000000,2048,Yes,,,,,,,,,,
pfp_bloom_filter_contains_unique_size_u64,0,NVIDIA B200,I64,U64,256,20,1,2,1000000000,1,Yes,,,,,,,,,,
pfp_bloom_filter_contains_unique_size_u64,0,NVIDIA B200,I64,U64,256,20,1,2,1000000000,2,Yes,,,,,,,,,,
pfp_bloom_filter_contains_unique_size_u64,0,NVIDIA B200,I64,U64,256,20,1,2,1000000000,4,Yes,,,,,,,,,,
pfp_bloom_filter_contains_unique_size_u64,0,NVIDIA B200,I64,U64,256,20,1,2,1000000000,8,Yes,,,,,,,,,,
pfp_bloom_filter_contains_unique_size_u64,0,NVIDIA B200,I64,U64,256,20,1,2,1000000000,16,Yes,,,,,,,,,,
pfp_bloom_filter_contains_unique_size_u64,0,NVIDIA B200,I64,U64,256,20,1,2,1000000000,32,Yes,,,,,,,,,,
pfp_bloom_filter_contains_unique_size_u64,0,NVIDIA B200,I64,U64,256,20,1,2,1000000000,64,Yes,,,,,,,,,,
pfp_bloom_filter_contains_unique_size_u64,0,NVIDIA B200,I64,U64,256,20,1,2,1000000000,128,Yes,,,,,,,,,,
pfp_bloom_filter_contains_unique_size_u64,0,NVIDIA B200,I64,U64,256,20,1,2,1000000000,256,Yes,,,,,,,,,,
pfp_bloom_filter_contains_unique_size_u64,0,NVIDIA B200,I64,U64,256,20,1,2,1000000000,512,Yes,,,,,,,,,,
pfp_bloom_filter_contains_unique_size_u64,0,NVIDIA B200,I64,U64,256,20,1,2,1000000000,1024,Yes,,,,,,,,,,
pfp_bloom_filter_contains_unique_size_u64,0,NVIDIA B200,I64,U64,256,20,1,2,1000000000,2048,Yes,,,,,,,,,,
pfp_bloom_filter_contains_unique_size_u64,0,NVIDIA B200,I64,U64,256,20,1,4,1000000000,1,Yes,,,,,,,,,,
pfp_bloom_filter_contains_unique_size_u64,0,NVIDIA B200,I64,U64,256,20,1,4,1000000000,2,Yes,,,,,,,,,,
pfp_bloom_filter_contains_unique_size_u64,0,NVIDIA B200,I64,U64,256,20,1,4,1000000000,4,Yes,,,,,,,,,,
pfp_bloom_filter_contains_unique_size_u64,0,NVIDIA B200,I64,U64,256,20,1,4,1000000000,8,Yes,,,,,,,,,,
pfp_bloom_filter_contains_unique_size_u64,0,NVIDIA B200,I64,U64,256,20,1,4,1000000000,16,Yes,,,,,,,,,,
pfp_bloom_filter_contains_unique_size_u64,0,NVIDIA B200,I64,U64,256,20,1,4,1000000000,32,Yes,,,,,,,,,,
pfp_bloom_filter_contains_unique_size_u64,0,NVIDIA B200,I64,U64,256,20,1,4,1000000000,64,Yes,,,,,,,,,,
pfp_bloom_filter_contains_unique_size_u64,0,NVIDIA B200,I64,U64,256,20,1,4,1000000000,128,Yes,,,,,,,,,,
pfp_bloom_filter_contains_unique_size_u64,0,NVIDIA B200,I64,U64,256,20,1,4,1000000000,256,Yes,,,,,,,,,,
pfp_bloom_filter_contains_unique_size_u64,0,NVIDIA B200,I64,U64,256,20,1,4,1000000000,512,Yes,,,,,,,,,,
pfp_bloom_filter_contains_unique_size_u64,0,NVIDIA B200,I64,U64,256,20,1,4,1000000000,1024,Yes,,,,,,,,,,
pfp_bloom_filter_contains_unique_size_u64,0,NVIDIA B200,I64,U64,256,20,1,4,1000000000,2048,Yes,,,,,,,,,,
pfp_bloom_filter_contains_unique_size_u64,0,NVIDIA B200,I64,U64,256,20,1,8,1000000000,1,Yes,,,,,,,,,,
pfp_bloom_filter_contains_unique_size_u64,0,NVIDIA B200,I64,U64,256,20,1,8,1000000000,2,Yes,,,,,,,,,,
pfp_bloom_filter_contains_unique_size_u64,0,NVIDIA B200,I64,U64,256,20,1,8,1000000000,4,Yes,,,,,,,,,,
pfp_bloom_filter_contains_unique_size_u64,0,NVIDIA B200,I64,U64,256,20,1,8,1000000000,8,Yes,,,,,,,,,,
pfp_bloom_filter_contains_unique_size_u64,0,NVIDIA B200,I64,U64,256,20,1,8,1000000000,16,Yes,,,,,,,,,,
pfp_bloom_filter_contains_unique_size_u64,0,NVIDIA B200,I64,U64,256,20,1,8,1000000000,32,Yes,,,,,,,,,,
pfp_bloom_filter_contains_unique_size_u64,0,NVIDIA B200,I64,U64,256,20,1,8,1000000000,64,Yes,,,,,,,,,,
pfp_bloom_filter_contains_unique_size_u64,0,NVIDIA B200,I64,U64,256,20,1,8,1000000000,128,Yes,,,,,,,,,,
pfp_bloom_filter_contains_unique_size_u64,0,NVIDIA B200,I64,U64,256,20,1,8,1000000000,256,Yes,,,,,,,,,,
pfp_bloom_filter_contains_unique_size_u64,0,NVIDIA B200,I64,U64,256,20,1,8,1000000000,512,Yes,,,,,,,,,,
pfp_bloom_filter_contains_unique_size_u64,0,NVIDIA B200,I64,U64,256,20,1,8,1000000000,1024,Yes,,,,,,,,,,
pfp_bloom_filter_contains_unique_size_u64,0,NVIDIA B200,I64,U64,256,20,1,8,1000000000,2048,Yes,,,,,,,,,,
pfp_bloom_filter_contains_unique_size_u64,0,NVIDIA B200,I64,U64,256,20,2,1,1000000000,1,Yes,,,,,,,,,,
pfp_bloom_filter_contains_unique_size_u64,0,NVIDIA B200,I64,U64,256,20,2,1,1000000000,2,Yes,,,,,,,,,,
pfp_bloom_filter_contains_unique_size_u64,0,NVIDIA B200,I64,U64,256,20,2,1,1000000000,4,Yes,,,,,,,,,,
pfp_bloom_filter_contains_unique_size_u64,0,NVIDIA B200,I64,U64,256,20,2,1,1000000000,8,Yes,,,,,,,,,,
pfp_bloom_filter_contains_unique_size_u64,0,NVIDIA B200,I64,U64,256,20,2,1,1000000000,16,Yes,,,,,,,,,,
pfp_bloom_filter_contains_unique_size_u64,0,NVIDIA B200,I64,U64,256,20,2,1,1000000000,32,Yes,,,,,,,,,,
pfp_bloom_filter_contains_unique_size_u64,0,NVIDIA B200,I64,U64,256,20,2,1,1000000000,64,Yes,,,,,,,,,,
pfp_bloom_filter_contains_unique_size_u64,0,NVIDIA B200,I64,U64,256,20,2,1,1000000000,128,Yes,,,,,,,,,,
pfp_bloom_filter_contains_unique_size_u64,0,NVIDIA B200,I64,U64,256,20,2,1,1000000000,256,Yes,,,,,,,,,,
pfp_bloom_filter_contains_unique_size_u64,0,NVIDIA B200,I64,U64,256,20,2,1,1000000000,512,Yes,,,,,,,,,,
pfp_bloom_filter_contains_unique_size_u64,0,NVIDIA B200,I64,U64,256,20,2,1,1000000000,1024,Yes,,,,,,,,,,
pfp_bloom_filter_contains_unique_size_u64,0,NVIDIA B200,I64,U64,256,20,2,1,1000000000,2048,Yes,,,,,,,,,,
pfp_bloom_filter_contains_unique_size_u64,0,NVIDIA B200,I64,U64,256,20,2,2,1000000000,1,Yes,,,,,,,,,,
pfp_bloom_filter_contains_unique_size_u64,0,NVIDIA B200,I64,U64,256,20,2,2,1000000000,2,Yes,,,,,,,,,,
pfp_bloom_filter_contains_unique_size_u64,0,NVIDIA B200,I64,U64,256,20,2,2,1000000000,4,Yes,,,,,,,,,,
pfp_bloom_filter_contains_unique_size_u64,0,NVIDIA B200,I64,U64,256,20,2,2,1000000000,8,Yes,,,,,,,,,,
pfp_bloom_filter_contains_unique_size_u64,0,NVIDIA B200,I64,U64,256,20,2,2,1000000000,16,Yes,,,,,,,,,,
pfp_bloom_filter_contains_unique_size_u64,0,NVIDIA B200,I64,U64,256,20,2,2,1000000000,32,Yes,,,,,,,,,,
pfp_bloom_filter_contains_unique_size_u64,0,NVIDIA B200,I64,U64,256,20,2,2,1000000000,64,Yes,,,,,,,,,,
pfp_bloom_filter_contains_unique_size_u64,0,NVIDIA B200,I64,U64,256,20,2,2,1000000000,128,Yes,,,,,,,,,,
pfp_bloom_filter_contains_unique_size_u64,0,NVIDIA B200,I64,U64,256,20,2,2,1000000000,256,Yes,,,,,,,,,,
pfp_bloom_filter_contains_unique_size_u64,0,NVIDIA B200,I64,U64,256,20,2,2,1000000000,512,Yes,,,,,,,,,,
pfp_bloom_filter_contains_unique_size_u64,0,NVIDIA B200,I64,U64,256,20,2,2,1000000000,1024,Yes,,,,,,,,,,
pfp_bloom_filter_contains_unique_size_u64,0,NVIDIA B200,I64,U64,256,20,2,2,1000000000,2048,Yes,,,,,,,,,,
pfp_bloom_filter_contains_unique_size_u64,0,NVIDIA B200,I64,U64,256,20,2,4,1000000000,1,Yes,,,,,,,,,,
pfp_bloom_filter_contains_unique_size_u64,0,NVIDIA B200,I64,U64,256,20,2,4,1000000000,2,Yes,,,,,,,,,,
pfp_bloom_filter_contains_unique_size_u64,0,NVIDIA B200,I64,U64,256,20,2,4,1000000000,4,Yes,,,,,,,,,,
pfp_bloom_filter_contains_unique_size_u64,0,NVIDIA B200,I64,U64,256,20,2,4,1000000000,8,Yes,,,,,,,,,,
pfp_bloom_filter_contains_unique_size_u64,0,NVIDIA B200,I64,U64,256,20,2,4,1000000000,16,Yes,,,,,,,,,,
pfp_bloom_filter_contains_unique_size_u64,0,NVIDIA B200,I64,U64,256,20,2,4,1000000000,32,Yes,,,,,,,,,,
pfp_bloom_filter_contains_unique_size_u64,0,NVIDIA B200,I64,U64,256,20,2,4,1000000000,64,Yes,,,,,,,,,,
pfp_bloom_filter_contains_unique_size_u64,0,NVIDIA B200,I64,U64,256,20,2,4,1000000000,128,Yes,,,,,,,,,,
pfp_bloom_filter_contains_unique_size_u64,0,NVIDIA B200,I64,U64,256,20,2,4,1000000000,256,Yes,,,,,,,,,,
pfp_bloom_filter_contains_unique_size_u64,0,NVIDIA B200,I64,U64,256,20,2,4,1000000000,512,Yes,,,,,,,,,,
pfp_bloom_filter_contains_unique_size_u64,0,NVIDIA B200,I64,U64,256,20,2,4,1000000000,1024,Yes,,,,,,,,,,
pfp_bloom_filter_contains_unique_size_u64,0,NVIDIA B200,I64,U64,256,20,2,4,1000000000,2048,Yes,,,,,,,,,,
pfp_bloom_filter_contains_unique_size_u64,0,NVIDIA B200,I64,U64,256,20,2,8,1000000000,1,Yes,,,,,,,,,,
pfp_bloom_filter_contains_unique_size_u64,0,NVIDIA B200,I64,U64,256,20,2,8,1000000000,2,Yes,,,,,,,,,,
pfp_bloom_filter_contains_unique_size_u64,0,NVIDIA B200,I64,U64,256,20,2,8,1000000000,4,Yes,,,,,,,,,,
pfp_bloom_filter_contains_unique_size_u64,0,NVIDIA B200,I64,U64,256,20,2,8,1000000000,8,Yes,,,,,,,,,,
pfp_bloom_filter_contains_unique_size_u64,0,NVIDIA B200,I64,U64,256,20,2,8,1000000000,16,Yes,,,,,,,,,,
pfp_bloom_filter_contains_unique_size_u64,0,NVIDIA B200,I64,U64,256,20,2,8,1000000000,32,Yes,,,,,,,,,,
pfp_bloom_filter_contains_unique_size_u64,0,NVIDIA B200,I64,U64,256,20,2,8,1000000000,64,Yes,,,,,,,,,,
pfp_bloom_filter_contains_unique_size_u64,0,NVIDIA B200,I64,U64,256,20,2,8,1000000000,128,Yes,,,,,,,,,,
pfp_bloom_filter_contains_unique_size_u64,0,NVIDIA B200,I64,U64,256,20,2,8,1000000000,256,Yes,,,,,,,,,,
pfp_bloom_filter_contains_unique_size_u64,0,NVIDIA B200,I64,U64,256,20,2,8,1000000000,512,Yes,,,,,,,,,,
pfp_bloom_filter_contains_unique_size_u64,0,NVIDIA B200,I64,U64,256,20,2,8,1000000000,1024,Yes,,,,,,,,,,
pfp_bloom_filter_contains_unique_size_u64,0,NVIDIA B200,I64,U64,256,20,2,8,1000000000,2048,Yes,,,,,,,,,,
pfp_bloom_filter_contains_unique_size_u64,0,NVIDIA B200,I64,U64,256,20,4,1,1000000000,1,Yes,,,,,,,,,,
pfp_bloom_filter_contains_unique_size_u64,0,NVIDIA B200,I64,U64,256,20,4,1,1000000000,2,Yes,,,,,,,,,,
pfp_bloom_filter_contains_unique_size_u64,0,NVIDIA B200,I64,U64,256,20,4,1,1000000000,4,Yes,,,,,,,,,,
pfp_bloom_filter_contains_unique_size_u64,0,NVIDIA B200,I64,U64,256,20,4,1,1000000000,8,Yes,,,,,,,,,,
pfp_bloom_filter_contains_unique_size_u64,0,NVIDIA B200,I64,U64,256,20,4,1,1000000000,16,Yes,,,,,,,,,,
pfp_bloom_filter_contains_unique_size_u64,0,NVIDIA B200,I64,U64,256,20,4,1,1000000000,32,Yes,,,,,,,,,,
pfp_bloom_filter_contains_unique_size_u64,0,NVIDIA B200,I64,U64,256,20,4,1,1000000000,64,Yes,,,,,,,,,,
pfp_bloom_filter_contains_unique_size_u64,0,NVIDIA B200,I64,U64,256,20,4,1,1000000000,128,Yes,,,,,,,,,,
pfp_bloom_filter_contains_unique_size_u64,0,NVIDIA B200,I64,U64,256,20,4,1,1000000000,256,Yes,,,,,,,,,,
pfp_bloom_filter_contains_unique_size_u64,0,NVIDIA B200,I64,U64,256,20,4,1,1000000000,512,Yes,,,,,,,,,,
pfp_bloom_filter_contains_unique_size_u64,0,NVIDIA B200,I64,U64,256,20,4,1,1000000000,1024,Yes,,,,,,,,,,
pfp_bloom_filter_contains_unique_size_u64,0,NVIDIA B200,I64,U64,256,20,4,1,1000000000,2048,Yes,,,,,,,,,,
pfp_bloom_filter_contains_unique_size_u64,0,NVIDIA B200,I64,U64,256,20,4,2,1000000000,1,Yes,,,,,,,,,,
pfp_bloom_filter_contains_unique_size_u64,0,NVIDIA B200,I64,U64,256,20,4,2,1000000000,2,Yes,,,,,,,,,,
pfp_bloom_filter_contains_unique_size_u64,0,NVIDIA B200,I64,U64,256,20,4,2,1000000000,4,Yes,,,,,,,,,,
pfp_bloom_filter_contains_unique_size_u64,0,NVIDIA B200,I64,U64,256,20,4,2,1000000000,8,Yes,,,,,,,,,,
pfp_bloom_filter_contains_unique_size_u64,0,NVIDIA B200,I64,U64,256,20,4,2,1000000000,16,Yes,,,,,,,,,,
pfp_bloom_filter_contains_unique_size_u64,0,NVIDIA B200,I64,U64,256,20,4,2,1000000000,32,Yes,,,,,,,,,,
pfp_bloom_filter_contains_unique_size_u64,0,NVIDIA B200,I64,U64,256,20,4,2,1000000000,64,Yes,,,,,,,,,,
pfp_bloom_filter_contains_unique_size_u64,0,NVIDIA B200,I64,U64,256,20,4,2,1000000000,128,Yes,,,,,,,,,,
pfp_bloom_filter_contains_unique_size_u64,0,NVIDIA B200,I64,U64,256,20,4,2,1000000000,256,Yes,,,,,,,,,,
pfp_bloom_filter_contains_unique_size_u64,0,NVIDIA B200,I64,U64,256,20,4,2,1000000000,512,Yes,,,,,,,,,,
pfp_bloom_filter_contains_unique_size_u64,0,NVIDIA B200,I64,U64,256,20,4,2,1000000000,1024,Yes,,,,,,,,,,
pfp_bloom_filter_contains_unique_size_u64,0,NVIDIA B200,I64,U64,256,20,4,2,1000000000,2048,Yes,,,,,,,,,,
pfp_bloom_filter_contains_unique_size_u64,0,NVIDIA B200,I64,U64,256,20,4,4,1000000000,1,Yes,,,,,,,,,,
pfp_bloom_filter_contains_unique_size_u64,0,NVIDIA B200,I64,U64,256,20,4,4,1000000000,2,Yes,,,,,,,,,,
pfp_bloom_filter_contains_unique_size_u64,0,NVIDIA B200,I64,U64,256,20,4,4,1000000000,4,Yes,,,,,,,,,,
pfp_bloom_filter_contains_unique_size_u64,0,NVIDIA B200,I64,U64,256,20,4,4,1000000000,8,Yes,,,,,,,,,,
pfp_bloom_filter_contains_unique_size_u64,0,NVIDIA B200,I64,U64,256,20,4,4,1000000000,16,Yes,,,,,,,,,,
pfp_bloom_filter_contains_unique_size_u64,0,NVIDIA B200,I64,U64,256,20,4,4,1000000000,32,Yes,,,,,,,,,,
pfp_bloom_filter_contains_unique_size_u64,0,NVIDIA B200,I64,U64,256,20,4,4,1000000000,64,Yes,,,,,,,,,,
pfp_bloom_filter_contains_unique_size_u64,0,NVIDIA B200,I64,U64,256,20,4,4,1000000000,128,Yes,,,,,,,,,,
pfp_bloom_filter_contains_unique_size_u64,0,NVIDIA B200,I64,U64,256,20,4,4,1000000000,256,Yes,,,,,,,,,,
pfp_bloom_filter_contains_unique_size_u64,0,NVIDIA B200,I64,U64,256,20,4,4,1000000000,512,Yes,,,,,,,,,,
pfp_bloom_filter_contains_unique_size_u64,0,NVIDIA B200,I64,U64,256,20,4,4,1000000000,1024,Yes,,,,,,,,,,
pfp_bloom_filter_contains_unique_size_u64,0,NVIDIA B200,I64,U64,256,20,4,4,1000000000,2048,Yes,,,,,,,,,,
pfp_bloom_filter_contains_unique_size_u64,0,NVIDIA B200,I64,U64,256,20,4,8,1000000000,1,Yes,,,,,,,,,,
pfp_bloom_filter_contains_unique_size_u64,0,NVIDIA B200,I64,U64,256,20,4,8,1000000000,2,Yes,,,,,,,,,,
pfp_bloom_filter_contains_unique_size_u64,0,NVIDIA B200,I64,U64,256,20,4,8,1000000000,4,Yes,,,,,,,,,,
pfp_bloom_filter_contains_unique_size_u64,0,NVIDIA B200,I64,U64,256,20,4,8,1000000000,8,Yes,,,,,,,,,,
pfp_bloom_filter_contains_unique_size_u64,0,NVIDIA B200,I64,U64,256,20,4,8,1000000000,16,Yes,,,,,,,,,,
pfp_bloom_filter_contains_unique_size_u64,0,NVIDIA B200,I64,U64,256,20,4,8,1000000000,32,Yes,,,,,,,,,,
pfp_bloom_filter_contains_unique_size_u64,0,NVIDIA B200,I64,U64,256,20,4,8,1000000000,64,Yes,,,,,,,,,,
pfp_bloom_filter_contains_unique_size_u64,0,NVIDIA B200,I64,U64,256,20,4,8,1000000000,128,Yes,,,,,,,,,,
pfp_bloom_filter_contains_unique_size_u64,0,NVIDIA B200,I64,U64,256,20,4,8,1000000000,256,Yes,,,,,,,,,,
pfp_bloom_filter_contains_unique_size_u64,0,NVIDIA B200,I64,U64,256,20,4,8,1000000000,512,Yes,,,,,,,,,,
pfp_bloom_filter_contains_unique_size_u64,0,NVIDIA B200,I64,U64,256,20,4,8,1000000000,1024,Yes,,,,,,,,,,
pfp_bloom_filter_contains_unique_size_u64,0,NVIDIA B200,I64,U64,256,20,4,8,1000000000,2048,Yes,,,,,,,,,,
pfp_bloom_filter_contains_unique_size_u64,0,NVIDIA B200,I64,U64,256,20,8,1,1000000000,1,Yes,,,,,,,,,,
pfp_bloom_filter_contains_unique_size_u64,0,NVIDIA B200,I64,U64,256,20,8,1,1000000000,2,Yes,,,,,,,,,,
pfp_bloom_filter_contains_unique_size_u64,0,NVIDIA B200,I64,U64,256,20,8,1,1000000000,4,Yes,,,,,,,,,,
pfp_bloom_filter_contains_unique_size_u64,0,NVIDIA B200,I64,U64,256,20,8,1,1000000000,8,Yes,,,,,,,,,,
pfp_bloom_filter_contains_unique_size_u64,0,NVIDIA B200,I64,U64,256,20,8,1,1000000000,16,Yes,,,,,,,,,,
pfp_bloom_filter_contains_unique_size_u64,0,NVIDIA B200,I64,U64,256,20,8,1,1000000000,32,Yes,,,,,,,,,,
pfp_bloom_filter_contains_unique_size_u64,0,NVIDIA B200,I64,U64,256,20,8,1,1000000000,64,Yes,,,,,,,,,,
pfp_bloom_filter_contains_unique_size_u64,0,NVIDIA B200,I64,U64,256,20,8,1,1000000000,128,Yes,,,,,,,,,,
pfp_bloom_filter_contains_unique_size_u64,0,NVIDIA B200,I64,U64,256,20,8,1,1000000000,256,Yes,,,,,,,,,,
pfp_bloom_filter_contains_unique_size_u64,0,NVIDIA B200,I64,U64,256,20,8,1,1000000000,512,Yes,,,,,,,,,,
pfp_bloom_filter_contains_unique_size_u64,0,NVIDIA B200,I64,U64,256,20,8,1,1000000000,1024,Yes,,,,,,,,,,
pfp_bloom_filter_contains_unique_size_u64,0,NVIDIA B200,I64,U64,256,20,8,1,1000000000,2048,Yes,,,,,,,,,,
pfp_bloom_filter_contains_unique_size_u64,0,NVIDIA B200,I64,U64,256,20,8,2,1000000000,1,Yes,,,,,,,,,,
pfp_bloom_filter_contains_unique_size_u64,0,NVIDIA B200,I64,U64,256,20,8,2,1000000000,2,Yes,,,,,,,,,,
pfp_bloom_filter_contains_unique_size_u64,0,NVIDIA B200,I64,U64,256,20,8,2,1000000000,4,Yes,,,,,,,,,,
pfp_bloom_filter_contains_unique_size_u64,0,NVIDIA B200,I64,U64,256,20,8,2,1000000000,8,Yes,,,,,,,,,,
pfp_bloom_filter_contains_unique_size_u64,0,NVIDIA B200,I64,U64,256,20,8,2,1000000000,16,Yes,,,,,,,,,,
pfp_bloom_filter_contains_unique_size_u64,0,NVIDIA B200,I64,U64,256,20,8,2,1000000000,32,Yes,,,,,,,,,,
pfp_bloom_filter_contains_unique_size_u64,0,NVIDIA B200,I64,U64,256,20,8,2,1000000000,64,Yes,,,,,,,,,,
pfp_bloom_filter_contains_unique_size_u64,0,NVIDIA B200,I64,U64,256,20,8,2,1000000000,128,Yes,,,,,,,,,,
pfp_bloom_filter_contains_unique_size_u64,0,NVIDIA B200,I64,U64,256,20,8,2,1000000000,256,Yes,,,,,,,,,,
pfp_bloom_filter_contains_unique_size_u64,0,NVIDIA B200,I64,U64,256,20,8,2,1000000000,512,Yes,,,,,,,,,,
pfp_bloom_filter_contains_unique_size_u64,0,NVIDIA B200,I64,U64,256,20,8,2,1000000000,1024,Yes,,,,,,,,,,
pfp_bloom_filter_contains_unique_size_u64,0,NVIDIA B200,I64,U64,256,20,8,2,1000000000,2048,Yes,,,,,,,,,,
pfp_bloom_filter_contains_unique_size_u64,0,NVIDIA B200,I64,U64,256,20,8,4,1000000000,1,Yes,,,,,,,,,,
pfp_bloom_filter_contains_unique_size_u64,0,NVIDIA B200,I64,U64,256,20,8,4,1000000000,2,Yes,,,,,,,,,,
pfp_bloom_filter_contains_unique_size_u64,0,NVIDIA B200,I64,U64,256,20,8,4,1000000000,4,Yes,,,,,,,,,,
pfp_bloom_filter_contains_unique_size_u64,0,NVIDIA B200,I64,U64,256,20,8,4,1000000000,8,Yes,,,,,,,,,,
pfp_bloom_filter_contains_unique_size_u64,0,NVIDIA B200,I64,U64,256,20,8,4,1000000000,16,Yes,,,,,,,,,,
pfp_bloom_filter_contains_unique_size_u64,0,NVIDIA B200,I64,U64,256,20,8,4,1000000000,32,Yes,,,,,,,,,,
pfp_bloom_filter_contains_unique_size_u64,0,NVIDIA B200,I64,U64,256,20,8,4,1000000000,64,Yes,,,,,,,,,,
pfp_bloom_filter_contains_unique_size_u64,0,NVIDIA B200,I64,U64,256,20,8,4,1000000000,128,Yes,,,,,,,,,,
pfp_bloom_filter_contains_unique_size_u64,0,NVIDIA B200,I64,U64,256,20,8,4,1000000000,256,Yes,,,,,,,,,,
pfp_bloom_filter_contains_unique_size_u64,0,NVIDIA B200,I64,U64,256,20,8,4,1000000000,512,Yes,,,,,,,,,,
pfp_bloom_filter_contains_unique_size_u64,0,NVIDIA B200,I64,U64,256,20,8,4,1000000000,1024,Yes,,,,,,,,,,
pfp_bloom_filter_contains_unique_size_u64,0,NVIDIA B200,I64,U64,256,20,8,4,1000000000,2048,Yes,,,,,,,,,,
pfp_bloom_filter_contains_unique_size_u64,0,NVIDIA B200,I64,U64,256,20,8,8,1000000000,1,Yes,,,,,,,,,,
pfp_bloom_filter_contains_unique_size_u64,0,NVIDIA B200,I64,U64,256,20,8,8,1000000000,2,Yes,,,,,,,,,,
pfp_bloom_filter_contains_unique_size_u64,0,NVIDIA B200,I64,U64,256,20,8,8,1000000000,4,Yes,,,,,,,,,,
pfp_bloom_filter_contains_unique_size_u64,0,NVIDIA B200,I64,U64,256,20,8,8,1000000000,8,Yes,,,,,,,,,,
pfp_bloom_filter_contains_unique_size_u64,0,NVIDIA B200,I64,U64,256,20,8,8,1000000000,16,Yes,,,,,,,,,,
pfp_bloom_filter_contains_unique_size_u64,0,NVIDIA B200,I64,U64,256,20,8,8,1000000000,32,Yes,,,,,,,,,,
pfp_bloom_filter_contains_unique_size_u64,0,NVIDIA B200,I64,U64,256,20,8,8,1000000000,64,Yes,,,,,,,,,,
pfp_bloom_filter_contains_unique_size_u64,0,NVIDIA B200,I64,U64,256,20,8,8,1000000000,128,Yes,,,,,,,,,,
pfp_bloom_filter_contains_unique_size_u64,0,NVIDIA B200,I64,U64,256,20,8,8,1000000000,256,Yes,,,,,,,,,,
pfp_bloom_filter_contains_unique_size_u64,0,NVIDIA B200,I64,U64,256,20,8,8,1000000000,512,Yes,,,,,,,,,,
pfp_bloom_filter_contains_unique_size_u64,0,NVIDIA B200,I64,U64,256,20,8,8,1000000000,1024,Yes,,,,,,,,,,
pfp_bloom_filter_contains_unique_size_u64,0,NVIDIA B200,I64,U64,256,20,8,8,1000000000,2048,Yes,,,,,,,,,,
pfp_bloom_filter_contains_unique_size_u64,0,NVIDIA B200,I64,U64,512,1,1,1,1000000000,1,No,0.000909097,8,23,0.022637433608695655,0.0025083700249414077,0.022621682042660917,0.0025056774404316573,44205377748.398994,24,0.022607485850652056
pfp_bloom_filter_contains_unique_size_u64,0,NVIDIA B200,I64,U64,512,1,1,1,1000000000,2,No,0.00090606,8,23,0.02260040008695652,5.776986847726339e-05,0.02258454414035963,3.0335002785069413e-05,44278068832.61166,24,0.022581974029541017
pfp_bloom_filter_contains_unique_size_u64,0,NVIDIA B200,I64,U64,512,1,1,1,1000000000,4,No,0.000911853,8,23,0.022504921739130435,5.606842314071649e-05,0.022489225802214245,3.4635693491823926e-05,44465737006.45319,24,0.022486952304840088
pfp_bloom_filter_contains_unique_size_u64,0,NVIDIA B200,I64,U64,512,1,1,1,1000000000,8,No,0.000909486,8,23,0.02241815034782608,6.063789090924671e-05,0.022402408599853516,3.2554604997313444e-05,44638057356.321,24,0.02239940539995829
pfp_bloom_filter_contains_unique_size_u64,0,NVIDIA B200,I64,U64,512,1,1,1,1000000000,16,No,0.000908256,8,23,0.022361330478260867,7.589491902161592e-05,0.022345730740091073,4.131653850239941e-05,44751277621.27167,24,0.022342528263727828
pfp_bloom_filter_contains_unique_size_u64,0,NVIDIA B200,I64,U64,512,1,1,1,1000000000,32,No,0.000907721,8,23,0.02233189086956522,4.331332619540248e-05,0.022315855689670726,2.9766024473049464e-05,44811187789.803955,24,0.022312020699183147
pfp_bloom_filter_contains_unique_size_u64,0,NVIDIA B200,I64,U64,512,1,1,1,1000000000,64,No,0.00090916,8,23,0.022630806869565215,6.098293062037643e-05,0.022615087177442466,2.8895082119114653e-05,44218268634.288315,24,0.02261094148953756
pfp_bloom_filter_contains_unique_size_u64,0,NVIDIA B200,I64,U64,512,1,1,1,1000000000,128,No,0.000909604,8,22,0.023245986590909092,4.944983282219129e-05,0.02323047013716264,3.296472776882692e-05,43046911840.16389,23,0.02322493719018024
pfp_bloom_filter_contains_unique_size_u64,0,NVIDIA B200,I64,U64,512,1,1,1,1000000000,256,No,0.000908593,8,22,0.023579925181818184,4.147709350283897e-05,0.02356403177434748,2.658386671584646e-05,42437559479.47033,23,0.023557430433190387
pfp_bloom_filter_contains_unique_size_u64,0,NVIDIA B200,I64,U64,512,1,1,1,1000000000,512,No,0.000910264,8,15,0.03380911553333333,4.349201498561803e-05,0.03379240926106771,2.984437559067978e-05,29592444630.815407,16,0.033790653705596925
pfp_bloom_filter_contains_unique_size_u64,0,NVIDIA B200,I64,U64,512,1,1,1,1000000000,1024,No,0.000907731,8,13,0.04076804584615386,3.0288042770630562e-05,0.04075133983905499,2.3291878901268165e-05,24539070468.589275,14,0.04074949482509068
pfp_bloom_filter_contains_unique_size_u64,0,NVIDIA B200,I64,U64,512,1,1,1,1000000000,2048,No,0.000909066,8,12,0.044407067,3.81054710679093e-05,0.04438971519470214,2.2659034655947126e-05,22527740842.981323,13,0.04438921590951772
pfp_bloom_filter_contains_unique_size_u64,0,NVIDIA B200,I64,U64,512,1,1,2,1000000000,1,No,0.000909097,8,37,0.013664355864864862,7.001754552988089e-05,0.013649543117832499,5.156778371219006e-05,73262525446.25806,38,0.013647709896689966
pfp_bloom_filter_contains_unique_size_u64,0,NVIDIA B200,I64,U64,512,1,1,2,1000000000,2,No,0.00090606,8,37,0.013594280864864867,8.529689624661028e-05,0.01357917221172436,4.2043939118032055e-05,73642191468.53387,38,0.013577378122430098
pfp_bloom_filter_contains_unique_size_u64,0,NVIDIA B200,I64,U64,512,1,1,2,1000000000,4,No,0.000911853,8,38,0.013482583131578948,8.859404460540429e-05,0.013467503873925457,6.205015130569084e-05,74252809530.36205,39,0.013465206830929487
pfp_bloom_filter_contains_unique_size_u64,0,NVIDIA B200,I64,U64,512,1,1,2,1000000000,8,No,0.000909486,8,38,0.01339242444736842,8.462822635707186e-05,0.013377485325461937,5.639496167320791e-05,74752464732.41556,39,0.013375093900240383
pfp_bloom_filter_contains_unique_size_u64,0,NVIDIA B200,I64,U64,512,1,1,2,1000000000,16,No,0.000908256,8,38,0.013336723315789478,8.11786032097275e-05,0.013321766577268903,4.7005815165824e-05,75065119494.46048,39,0.013318511180388622
pfp_bloom_filter_contains_unique_size_u64,0,NVIDIA B200,I64,U64,512,1,1,2,1000000000,32,No,0.000907721,8,38,0.013306278078947367,9.600885769239053e-05,0.013291189921529663,5.219102400205898e-05,75237808345.52333,39,0.013286924704527244
pfp_bloom_filter_contains_unique_size_u64,0,NVIDIA B200,I64,U64,512,1,1,2,1000000000,64,No,0.00090916,8,38,0.013316057000000001,8.892834660385082e-05,0.013300899530711929,4.917247842932567e-05,75182885013.97884,39,0.013293513371394231
pfp_bloom_filter_contains_unique_size_u64,0,NVIDIA B200,I64,U64,512,1,1,2,1000000000,128,No,0.000909604,8,31,0.01649340870967742,0.060572364137707946,0.016477785725747388,0.06063469609443319,60687765737.689415,32,0.016644896745681762
pfp_bloom_filter_contains_unique_size_u64,0,NVIDIA B200,I64,U64,512,1,1,2,1000000000,256,No,0.000908593,8,24,0.020972321625000002,0.038932914878686685,0.02095671733220418,0.0389717242114157,47717396963.85084,25,0.020897712402343747
pfp_bloom_filter_contains_unique_size_u64,0,NVIDIA B200,I64,U64,512,1,1,2,1000000000,512,No,0.000910264,8,16,0.03312450175,0.0005891305645107882,0.033107839822769165,0.000591243392438309,30204326387.741936,17,0.0331016419354607
pfp_bloom_filter_contains_unique_size_u64,0,NVIDIA B200,I64,U64,512,1,1,2,1000000000,1024,No,0.000907731,8,13,0.04011999853846153,3.768631634169477e-05,0.040102685781625604,2.418337555069407e-05,24935985720.392414,14,0.04010165977478027
pfp_bloom_filter_contains_unique_size_u64,0,NVIDIA B200,I64,U64,512,1,1,2,1000000000,2048,No,0.000909066,8,12,0.04374603108333334,2.4588988473878564e-05,0.04372916062672933,2.0375198315486947e-05,22868035554.946205,13,0.04372771395169772
pfp_bloom_filter_contains_unique_size_u64,0,NVIDIA B200,I64,U64,512,1,1,4,1000000000,1,No,0.000909097,8,53,0.009585345377358489,0.00011352966841763495,0.009570719377049864,7.682973865093486e-05,104485353775.80426,54,0.009568464491102432
pfp_bloom_filter_contains_unique_size_u64,0,NVIDIA B200,I64,U64,512,1,1,4,1000000000,2,No,0.00090606,8,53,0.009562056886792455,0.00012342281301543523,0.009547431298022,8.069599585098884e-05,104740214282.2621,55,0.00954442138671875
pfp_bloom_filter_contains_unique_size_u64,0,NVIDIA B200,I64,U64,512,1,1,4,1000000000,4,No,0.000911853,8,53,0.009576828905660374,0.00010205015946903116,0.00956207084655762,7.25375780232789e-05,104579856816.26733,54,0.009559395118995949
pfp_bloom_filter_contains_unique_size_u64,0,NVIDIA B200,I64,U64,512,1,1,4,1000000000,8,No,0.000909486,8,53,0.00957988624528302,0.0001315690041184764,0.009565109054997281,7.835057688042056e-05,104546638647.84177,54,0.009562320285373264
pfp_bloom_filter_contains_unique_size_u64,0,NVIDIA B200,I64,U64,512,1,1,4,1000000000,16,No,0.000908256,8,53,0.009575707283018868,0.00010048542724016084,0.009561223641881408,6.500203538796136e-05,104589123469.4752,54,0.009557541458695022
pfp_bloom_filter_contains_unique_size_u64,0,NVIDIA B200,I64,U64,512,1,1,4,1000000000,32,No,0.000907721,8,53,0.009576273018867926,9.620752104746655e-05,0.009561510463930528,7.199040065760045e-05,104585986050.25443,54,0.009556840684678821
pfp_bloom_filter_contains_unique_size_u64,0,NVIDIA B200,I64,U64,512,1,1,4,1000000000,64,No,0.00090916,8,49,0.010262327020408163,0.021525127339860384,0.010247754427851462,0.021560418633911345,97582353972.31892,50,0.010422333297729493
pfp_bloom_filter_contains_unique_size_u64,0,NVIDIA B200,I64,U64,512,1,1,4,1000000000,128,No,0.000909604,8,31,0.016193540645161292,0.23360259313672993,0.01617719841003418,0.23375739242208726,61815400581.33509,34,0.015914525649126838
pfp_bloom_filter_contains_unique_size_u64,0,NVIDIA B200,I64,U64,512,1,1,4,1000000000,256,No,0.000908593,8,25,0.020302882040000005,0.03693600267838029,0.020286762161254877,0.03695485805511633,49293228364.94195,26,0.020245621607853814
pfp_bloom_filter_contains_unique_size_u64,0,NVIDIA B200,I64,U64,512,1,1,4,1000000000,512,No,0.000910264,8,16,0.03230168093750001,0.002133737602769906,0.03228535389900208,0.0021446991978203637,30973797069.97449,17,0.03226388033698587
pfp_bloom_filter_contains_unique_size_u64,0,NVIDIA B200,I64,U64,512,1,1,4,1000000000,1024,No,0.000907731,8,13,0.03935024376923077,3.187410087973338e-05,0.03933358559241661,2.2158827543798177e-05,25423565762.913734,14,0.039333082744053435
pfp_bloom_filter_contains_unique_size_u64,0,NVIDIA B200,I64,U64,512,1,1,4,1000000000,2048,No,0.000909066,8,12,0.043024348999999996,2.737357158352502e-05,0.04300706132253012,3.1223913489982505e-05,23251995585.10941,13,0.04300508704552283
pfp_bloom_filter_contains_unique_size_u64,0,NVIDIA B200,I64,U64,512,1,1,8,1000000000,1,No,0.000909097,8,53,0.009529565169811318,0.00012611860026291155,0.009515045993732953,8.179172257740015e-05,105096706905.95148,55,0.009512754128196023
pfp_bloom_filter_contains_unique_size_u64,0,NVIDIA B200,I64,U64,512,1,1,8,1000000000,2,No,0.00090606,8,53,0.009489839641509437,0.00012668222550117462,0.009475105735490907,7.920658886172657e-05,105539719335.72198,55,0.00947200039950284
pfp_bloom_filter_contains_unique_size_u64,0,NVIDIA B200,I64,U64,512,1,1,8,1000000000,4,No,0.000911853,8,53,0.009492615886792451,0.00010844075201636435,0.009478109575667474,8.40182162749597e-05,105506271268.18982,55,0.009474885697798295
pfp_bloom_filter_contains_unique_size_u64,0,NVIDIA B200,I64,U64,512,1,1,8,1000000000,8,No,0.000909486,8,53,0.009493451735849059,0.00012953878594508444,0.00947873083150612,0.00010064340651798805,105499356166.55814,55,0.009476300603693182
pfp_bloom_filter_contains_unique_size_u64,0,NVIDIA B200,I64,U64,512,1,1,8,1000000000,16,No,0.000908256,8,53,0.009492151358490563,0.00011700943103243353,0.009477554195332081,9.356127142923391e-05,105512453887.36722,55,0.009473433061079546
pfp_bloom_filter_contains_unique_size_u64,0,NVIDIA B200,I64,U64,512,1,1,8,1000000000,32,No,0.000907721,8,53,0.009493256018867927,0.00012471813129932195,0.009478449551564346,0.00010513735380725909,105502486937.32379,55,0.009473433061079546
pfp_bloom_filter_contains_unique_size_u64,0,NVIDIA B200,I64,U64,512,1,1,8,1000000000,64,No,0.00090916,8,49,0.010249112897959186,0.026742010372463317,0.010234154428754534,0.0267958247487876,97712029553.73979,50,0.01039407081604004
pfp_bloom_filter_contains_unique_size_u64,0,NVIDIA B200,I64,U64,512,1,1,8,1000000000,128,No,0.000909604,8,29,0.017424985275862073,0.37133036420825477,0.017408716168896905,0.3715819090618093,57442489744.68544,33,0.015922535289417616
pfp_bloom_filter_contains_unique_size_u64,0,NVIDIA B200,I64,U64,512,1,1,8,1000000000,256,No,0.000908593,8,25,0.020191649519999997,0.022073230095993285,0.020175944900512697,0.022092412858592828,49563973579.972885,26,0.020313361094548153
pfp_bloom_filter_contains_unique_size_u64,0,NVIDIA B200,I64,U64,512,1,1,8,1000000000,512,No,0.000910264,8,16,0.032308683437500006,0.0027073742684301347,0.032292287826538084,0.0027067387247287494,30967146253.979294,17,0.032267142576329844
pfp_bloom_filter_contains_unique_size_u64,0,NVIDIA B200,I64,U64,512,1,1,8,1000000000,1024,No,0.000907731,8,13,0.03935416476923077,3.563824304648547e-05,0.03933721366295448,2.63946001545029e-05,25421220947.881786,14,0.03933688463483538
pfp_bloom_filter_contains_unique_size_u64,0,NVIDIA B200,I64,U64,512,1,1,8,1000000000,2048,No,0.000909066,8,12,0.043024984083333336,2.5638403229414828e-05,0.04300796254475912,2.2876798295943824e-05,23251508344.74623,13,0.043007054842435395
pfp_bloom_filter_contains_unique_size_u64,0,NVIDIA B200,I64,U64,512,1,2,1,1000000000,1,No,0.000909097,8,25,0.020218063240000004,0.00010690225074443731,0.02020196708679199,8.643012603928952e-05,49500130145.9301,26,0.020200329120342548
pfp_bloom_filter_contains_unique_size_u64,0,NVIDIA B200,I64,U64,512,1,2,1,1000000000,2,No,0.00090606,8,25,0.0202319416,7.020282930919807e-05,0.020216362533569336,6.025689933954228e-05,49464882633.53493,26,0.02021418644831731
pfp_bloom_filter_contains_unique_size_u64,0,NVIDIA B200,I64,U64,512,1,2,1,1000000000,4,No,0.000911853,8,25,0.02024019892,6.849697692739867e-05,0.020224243316650386,5.8822538386829165e-05,49445607647.36803,26,0.020221240703876202
pfp_bloom_filter_contains_unique_size_u64,0,NVIDIA B200,I64,U64,512,1,2,1,1000000000,8,No,0.000909486,8,25,0.020243982839999997,0.00010307884341560609,0.020228261184692384,7.962576163344836e-05,49435786441.038445,26,0.020225299541766828
pfp_bloom_filter_contains_unique_size_u64,0,NVIDIA B200,I64,U64,512,1,2,1,1000000000,16,No,0.000908256,8,25,0.02024417896,8.217564107557467e-05,0.020228466033935546,9.450807261806289e-05,49435285815.661285,26,0.02022612586388221
pfp_bloom_filter_contains_unique_size_u64,0,NVIDIA B200,I64,U64,512,1,2,1,1000000000,32,No,0.000907721,8,25,0.02025545388,8.35912920683227e-05,0.020239694137573247,8.856672136696705e-05,49407861265.23455,26,0.020236012678879957
pfp_bloom_filter_contains_unique_size_u64,0,NVIDIA B200,I64,U64,512,1,2,1,1000000000,64,No,0.00090916,8,25,0.020583946640000003,8.987473849555846e-05,0.020568111114501953,8.424916317857361e-05,48618951659.34466,26,0.020563139915466308
pfp_bloom_filter_contains_unique_size_u64,0,NVIDIA B200,I64,U64,512,1,2,1,1000000000,128,No,0.000909604,8,24,0.021572638249999998,4.5415413001687406e-05,0.021556862354278564,4.1756841384384255e-05,46388940262.52025,25,0.02154905639648437
pfp_bloom_filter_contains_unique_size_u64,0,NVIDIA B200,I64,U64,512,1,2,1,1000000000,256,No,0.000908593,8,22,0.023352572954545455,0.014906684544958991,0.02333659198067405,0.014919689238949324,42851158422.28117,23,0.023557113481604535
pfp_bloom_filter_contains_unique_size_u64,0,NVIDIA B200,I64,U64,512,1,2,1,1000000000,512,No,0.000910264,8,20,0.025509095050000003,0.01638796785892549,0.025492840099334724,0.016399303235048276,39226700363.84438,21,0.02575310498192197
pfp_bloom_filter_contains_unique_size_u64,0,NVIDIA B200,I64,U64,512,1,2,1,1000000000,1024,No,0.000907731,8,19,0.026984087947368424,0.021627022667951596,0.026968121277658564,0.021636429461146165,37080818114.9956,20,0.02737500438690186
pfp_bloom_filter_contains_unique_size_u64,0,NVIDIA B200,I64,U64,512,1,2,1,1000000000,2048,No,0.000909066,8,17,0.029997998823529413,0.00022937756985177014,0.029981701906989604,0.00024055117111758417,33353676956.106052,18,0.029984763145446777
pfp_bloom_filter_contains_unique_size_u64,0,NVIDIA B200,I64,U64,512,1,2,2,1000000000,1,No,0.000909097,8,25,0.020226756559999996,0.0001270834078451769,0.020211180877685544,0.00011928479956186978,49477564228.0291,26,0.02020836228590745
pfp_bloom_filter_contains_unique_size_u64,0,NVIDIA B200,I64,U64,512,1,2,2,1000000000,2,No,0.00090606,8,25,0.020232475640000004,0.0001225281070878768,0.02021703941345215,0.00010955119722414253,49463226516.47072,26,0.02021521465594952
pfp_bloom_filter_contains_unique_size_u64,0,NVIDIA B200,I64,U64,512,1,2,2,1000000000,4,No,0.000911853,8,25,0.02023521448,8.703446441215769e-05,0.020219660720825195,7.498838024908692e-05,49456814029.03325,26,0.020217254638671876
pfp_bloom_filter_contains_unique_size_u64,0,NVIDIA B200,I64,U64,512,1,2,2,1000000000,8,No,0.000909486,8,25,0.02023660236,0.00011126443839096105,0.020220892410278316,0.00010113158326220765,49453801529.14014,26,0.020217810997596154
pfp_bloom_filter_contains_unique_size_u64,0,NVIDIA B200,I64,U64,512,1,2,2,1000000000,16,No,0.000908256,8,25,0.020235408760000004,8.492065948566654e-05,0.020220061492919925,6.986983137219745e-05,49455833769.3558,26,0.020217613807091344
pfp_bloom_filter_contains_unique_size_u64,0,NVIDIA B200,I64,U64,512,1,2,2,1000000000,32,No,0.000907721,8,25,0.020256786720000003,8.199892355080943e-05,0.02024136817932129,6.739551724215971e-05,49403775038.36951,26,0.02023817773965689
pfp_bloom_filter_contains_unique_size_u64,0,NVIDIA B200,I64,U64,512,1,2,2,1000000000,64,No,0.00090916,8,25,0.020604751760000005,0.00011213860047231288,0.020589209594726564,9.634169052015273e-05,48569130126.10869,26,0.02058417378939115
pfp_bloom_filter_contains_unique_size_u64,0,NVIDIA B200,I64,U64,512,1,2,2,1000000000,128,No,0.000909604,8,24,0.02138060041666667,8.019276944413271e-05,0.021364981571833294,6.45054129190753e-05,46805563423.389915,25,0.021358956222534177
pfp_bloom_filter_contains_unique_size_u64,0,NVIDIA B200,I64,U64,512,1,2,2,1000000000,256,No,0.000908593,8,22,0.02295398763636364,0.017387838514423725,0.022938382322138007,0.01740300902850097,43595053302.2066,23,0.02323945501576299
pfp_bloom_filter_contains_unique_size_u64,0,NVIDIA B200,I64,U64,512,1,2,2,1000000000,512,No,0.000910264,8,20,0.025252763350000002,0.013913980769872495,0.025236305522918702,0.013924013262248961,39625451478.69747,21,0.02543308803013393
pfp_bloom_filter_contains_unique_size_u64,0,NVIDIA B200,I64,U64,512,1,2,2,1000000000,1024,No,0.000907731,8,19,0.026737647894736843,0.01480947410401221,0.026721562636526006,0.01482905124521962,37422961134.50674,20,0.026980966377258296
pfp_bloom_filter_contains_unique_size_u64,0,NVIDIA B200,I64,U64,512,1,2,2,1000000000,2048,No,0.000909066,8,18,0.028416648111111116,0.0012623523042879445,0.028400412453545465,0.0012580139501910009,35210756239.392624,19,0.028461264961644226
pfp_bloom_filter_contains_unique_size_u64,0,NVIDIA B200,I64,U64,512,1,2,4,1000000000,1,No,0.000909097,8,25,0.0205494894,9.547339373048487e-05,0.020533944549560548,8.590877977085378e-05,48699849051.72062,26,0.020532458745516267
pfp_bloom_filter_contains_unique_size_u64,0,NVIDIA B200,I64,U64,512,1,2,4,1000000000,2,No,0.00090606,8,25,0.02055171496000001,8.894444355162685e-05,0.02053587051391601,7.493143332007904e-05,48695281718.02388,26,0.020533445578355052
pfp_bloom_filter_contains_unique_size_u64,0,NVIDIA B200,I64,U64,512,1,2,4,1000000000,4,No,0.000911853,8,25,0.020550969759999996,9.165844322672573e-05,0.020535295791625975,7.883854844863477e-05,48696644555.165695,26,0.020533680328956014
pfp_bloom_filter_contains_unique_size_u64,0,NVIDIA B200,I64,U64,512,1,2,4,1000000000,8,No,0.000909486,8,25,0.020552030600000003,0.0001030696951457298,0.020536304473876953,8.346322132821522e-05,48694252720.68995,26,0.020534351202157828
pfp_bloom_filter_contains_unique_size_u64,0,NVIDIA B200,I64,U64,512,1,2,4,1000000000,16,No,0.000908256,8,25,0.020550572599999997,9.11669673848422e-05,0.020535137100219734,8.820199947697165e-05,48697020873.03326,26,0.02053202695112962
pfp_bloom_filter_contains_unique_size_u64,0,NVIDIA B200,I64,U64,512,1,2,4,1000000000,32,No,0.000907721,8,25,0.020577305560000002,8.636796234096895e-05,0.020561756210327145,7.555901534255587e-05,48633978040.15154,26,0.020557783200190617
pfp_bloom_filter_contains_unique_size_u64,0,NVIDIA B200,I64,U64,512,1,2,4,1000000000,64,No,0.00090916,8,24,0.021103259083333336,0.00011156626722954799,0.021087512095769242,9.471841825870604e-05,47421431008.953804,25,0.021083627243041993
pfp_bloom_filter_contains_unique_size_u64,0,NVIDIA B200,I64,U64,512,1,2,4,1000000000,128,No,0.000909604,8,24,0.02169204275,0.00011502918850109796,0.021676113287607823,0.00010376400187316986,46133731944.07954,25,0.021669768600463865
pfp_bloom_filter_contains_unique_size_u64,0,NVIDIA B200,I64,U64,512,1,2,4,1000000000,256,No,0.000908593,8,23,0.022601362478260868,0.008571885933428416,0.02258525906438413,0.008585328376553961,44276667234.557076,24,0.02274564321835836
pfp_bloom_filter_contains_unique_size_u64,0,NVIDIA B200,I64,U64,512,1,2,4,1000000000,512,No,0.000910264,8,21,0.024391856142857143,0.01022938228182177,0.024375612713041762,0.01022719927949932,41024609792.2686,22,0.024538483532992275
pfp_bloom_filter_contains_unique_size_u64,0,NVIDIA B200,I64,U64,512,1,2,4,1000000000,1024,No,0.000907731,8,20,0.0255223065,0.01395936827423275,0.025506563282012933,0.013970912344702636,39205595396.899025,21,0.025754524321783157
pfp_bloom_filter_contains_unique_size_u64,0,NVIDIA B200,I64,U64,512,1,2,4,1000000000,2048,No,0.000909066,8,20,0.0261377119,0.01915043620878828,0.026121716499328613,0.019163135638023195,38282323446.30577,21,0.026408175604684014
pfp_bloom_filter_contains_unique_size_u64,0,NVIDIA B200,I64,U64,512,1,2,8,1000000000,1,Yes,,,,,,,,,,
pfp_bloom_filter_contains_unique_size_u64,0,NVIDIA B200,I64,U64,512,1,2,8,1000000000,2,Yes,,,,,,,,,,
pfp_bloom_filter_contains_unique_size_u64,0,NVIDIA B200,I64,U64,512,1,2,8,1000000000,4,Yes,,,,,,,,,,
pfp_bloom_filter_contains_unique_size_u64,0,NVIDIA B200,I64,U64,512,1,2,8,1000000000,8,Yes,,,,,,,,,,
pfp_bloom_filter_contains_unique_size_u64,0,NVIDIA B200,I64,U64,512,1,2,8,1000000000,16,Yes,,,,,,,,,,
pfp_bloom_filter_contains_unique_size_u64,0,NVIDIA B200,I64,U64,512,1,2,8,1000000000,32,Yes,,,,,,,,,,
pfp_bloom_filter_contains_unique_size_u64,0,NVIDIA B200,I64,U64,512,1,2,8,1000000000,64,Yes,,,,,,,,,,
pfp_bloom_filter_contains_unique_size_u64,0,NVIDIA B200,I64,U64,512,1,2,8,1000000000,128,Yes,,,,,,,,,,
pfp_bloom_filter_contains_unique_size_u64,0,NVIDIA B200,I64,U64,512,1,2,8,1000000000,256,Yes,,,,,,,,,,
pfp_bloom_filter_contains_unique_size_u64,0,NVIDIA B200,I64,U64,512,1,2,8,1000000000,512,Yes,,,,,,,,,,
pfp_bloom_filter_contains_unique_size_u64,0,NVIDIA B200,I64,U64,512,1,2,8,1000000000,1024,Yes,,,,,,,,,,
pfp_bloom_filter_contains_unique_size_u64,0,NVIDIA B200,I64,U64,512,1,2,8,1000000000,2048,Yes,,,,,,,,,,
pfp_bloom_filter_contains_unique_size_u64,0,NVIDIA B200,I64,U64,512,1,4,1,1000000000,1,No,0.000909097,8,27,0.018901276481481478,0.0022551983484897877,0.018885750947175203,0.0022533003341031637,52949972855.041435,28,0.018873488153730116
pfp_bloom_filter_contains_unique_size_u64,0,NVIDIA B200,I64,U64,512,1,4,1,1000000000,2,No,0.00090606,8,27,0.018899216851851853,6.522140494779043e-05,0.0188833666200991,3.433888035328939e-05,52956658636.05163,28,0.018881606783185685
pfp_bloom_filter_contains_unique_size_u64,0,NVIDIA B200,I64,U64,512,1,4,1,1000000000,4,No,0.000911853,8,27,0.01890339807407407,7.122210454206431e-05,0.018887872130782517,3.663505095895481e-05,52944026361.24636,28,0.018885851110730854
pfp_bloom_filter_contains_unique_size_u64,0,NVIDIA B200,I64,U64,512,1,4,1,1000000000,8,No,0.000909486,8,27,0.018907271148148146,5.0540680836616774e-05,0.01889123068915473,3.411985472484985e-05,52934613760.98118,28,0.01888839524132865
pfp_bloom_filter_contains_unique_size_u64,0,NVIDIA B200,I64,U64,512,1,4,1,1000000000,16,No,0.000908256,8,27,0.018908146074074077,5.69167590255987e-05,0.018892759111192495,4.364534649946309e-05,52930331356.82006,28,0.01888961812428066
pfp_bloom_filter_contains_unique_size_u64,0,NVIDIA B200,I64,U64,512,1,4,1,1000000000,32,No,0.000907721,8,27,0.01891392159259259,5.491210903169357e-05,0.01889848956355342,2.8403776321252446e-05,52914281675.110405,28,0.01889389617102487
pfp_bloom_filter_contains_unique_size_u64,0,NVIDIA B200,I64,U64,512,1,4,1,1000000000,64,No,0.00090916,8,26,0.019547897,6.956529681955833e-05,0.0195321887089656,4.153067957667858e-05,51197539349.032776,27,0.019526275281552916
pfp_bloom_filter_contains_unique_size_u64,0,NVIDIA B200,I64,U64,512,1,4,1,1000000000,128,No,0.000909604,8,25,0.02080765972,7.836531111159142e-05,0.02079196434020996,7.34519053735528e-05,48095503803.17273,26,0.02078385323744554
pfp_bloom_filter_contains_unique_size_u64,0,NVIDIA B200,I64,U64,512,1,4,1,1000000000,256,No,0.000908593,8,22,0.023259083500000003,0.013923433514176414,0.02324315322529186,0.013947653721575368,43023422437.875496,23,0.023383884098218833
pfp_bloom_filter_contains_unique_size_u64,0,NVIDIA B200,I64,U64,512,1,4,1,1000000000,512,No,0.000910264,8,20,0.025205918750000007,0.01485517944551149,0.025189324569702142,0.014890697471896872,39699357449.338104,21,0.02538159488496326
pfp_bloom_filter_contains_unique_size_u64,0,NVIDIA B200,I64,U64,512,1,4,1,1000000000,1024,No,0.000907731,8,19,0.02635582468421053,0.016350556890403566,0.026339627918444183,0.016359541237440718,37965608439.73637,20,0.026631576538085937
pfp_bloom_filter_contains_unique_size_u64,0,NVIDIA B200,I64,U64,512,1,4,1,1000000000,2048,No,0.000909066,8,19,0.027120377052631584,0.0168669017631126,0.027104151575188886,0.016866476628513347,36894716930.20633,20,0.027368655490875242
pfp_bloom_filter_contains_unique_size_u64,0,NVIDIA B200,I64,U64,512,1,4,2,1000000000,1,No,0.000909097,8,26,0.019461974384615385,0.007309664602515728,0.019446663049551154,0.007309669042275488,51422704113.91125,27,0.019407719364872685
pfp_bloom_filter_contains_unique_size_u64,0,NVIDIA B200,I64,U64,512,1,4,2,1000000000,2,No,0.00090606,8,26,0.019431088423076927,3.7529143137605385e-05,0.019415572166442865,2.851701528322095e-05,51505049216.543915,27,0.019413404676649308
pfp_bloom_filter_contains_unique_size_u64,0,NVIDIA B200,I64,U64,512,1,4,2,1000000000,4,No,0.000911853,8,26,0.019434175307692307,5.7383442644860133e-05,0.01941847126300518,2.9386269991413307e-05,51497359728.06137,27,0.019416178385416667
pfp_bloom_filter_contains_unique_size_u64,0,NVIDIA B200,I64,U64,512,1,4,2,1000000000,8,No,0.000909486,8,26,0.019436394615384614,5.6820084434328325e-05,0.019420597149775586,3.335753836495561e-05,51491722540.13598,27,0.019417846679687503
pfp_bloom_filter_contains_unique_size_u64,0,NVIDIA B200,I64,U64,512,1,4,2,1000000000,16,No,0.000908256,8,26,0.019437046499999996,5.616408405887162e-05,0.019421782566950874,3.0893555544188286e-05,51488579719.847786,27,0.019418452510127318
pfp_bloom_filter_contains_unique_size_u64,0,NVIDIA B200,I64,U64,512,1,4,2,1000000000,32,No,0.000907721,8,26,0.019442221884615387,5.799379582072749e-05,0.019426381404583273,4.190809836169053e-05,51476390747.89655,27,0.019421712239583333
pfp_bloom_filter_contains_unique_size_u64,0,NVIDIA B200,I64,U64,512,1,4,2,1000000000,64,No,0.00090916,8,26,0.01999050257692308,9.293089478377863e-05,0.01997485432258019,4.045463178114096e-05,50062943331.184616,27,0.019968941158718532
pfp_bloom_filter_contains_unique_size_u64,0,NVIDIA B200,I64,U64,512,1,4,2,1000000000,128,No,0.000909604,8,24,0.021104942916666664,7.313470907570292e-05,0.021089621146519983,6.184071555684207e-05,47416688666.548706,25,0.021081333236694335
pfp_bloom_filter_contains_unique_size_u64,0,NVIDIA B200,I64,U64,512,1,4,2,1000000000,256,No,0.000908593,8,22,0.02306194959090909,0.013991828819685826,0.02304647853157737,0.01400002474936776,43390576943.45102,23,0.023256419803785244
pfp_bloom_filter_contains_unique_size_u64,0,NVIDIA B200,I64,U64,512,1,4,2,1000000000,512,No,0.000910264,8,20,0.02508110855,0.012559892411281545,0.02506516790390014,0.012571667163204346,39896002445.86433,21,0.025251156761532736
pfp_bloom_filter_contains_unique_size_u64,0,NVIDIA B200,I64,U64,512,1,4,2,1000000000,1024,No,0.000907731,8,20,0.02622007845,0.014795823190969802,0.026204262256622313,0.0148039220583172,38161730721.775276,21,0.02640847533089774
pfp_bloom_filter_contains_unique_size_u64,0,NVIDIA B200,I64,U64,512,1,4,2,1000000000,2048,No,0.000909066,8,19,0.0268897912631579,0.015139319950114053,0.026873692663092363,0.015147098674741621,37211112463.65388,20,0.027102619075775148
pfp_bloom_filter_contains_unique_size_u64,0,NVIDIA B200,I64,U64,512,1,4,4,1000000000,1,Yes,,,,,,,,,,
pfp_bloom_filter_contains_unique_size_u64,0,NVIDIA B200,I64,U64,512,1,4,4,1000000000,2,Yes,,,,,,,,,,
pfp_bloom_filter_contains_unique_size_u64,0,NVIDIA B200,I64,U64,512,1,4,4,1000000000,4,Yes,,,,,,,,,,
pfp_bloom_filter_contains_unique_size_u64,0,NVIDIA B200,I64,U64,512,1,4,4,1000000000,8,Yes,,,,,,,,,,
pfp_bloom_filter_contains_unique_size_u64,0,NVIDIA B200,I64,U64,512,1,4,4,1000000000,16,Yes,,,,,,,,,,
pfp_bloom_filter_contains_unique_size_u64,0,NVIDIA B200,I64,U64,512,1,4,4,1000000000,32,Yes,,,,,,,,,,
pfp_bloom_filter_contains_unique_size_u64,0,NVIDIA B200,I64,U64,512,1,4,4,1000000000,64,Yes,,,,,,,,,,
pfp_bloom_filter_contains_unique_size_u64,0,NVIDIA B200,I64,U64,512,1,4,4,1000000000,128,Yes,,,,,,,,,,
pfp_bloom_filter_contains_unique_size_u64,0,NVIDIA B200,I64,U64,512,1,4,4,1000000000,256,Yes,,,,,,,,,,
pfp_bloom_filter_contains_unique_size_u64,0,NVIDIA B200,I64,U64,512,1,4,4,1000000000,512,Yes,,,,,,,,,,
pfp_bloom_filter_contains_unique_size_u64,0,NVIDIA B200,I64,U64,512,1,4,4,1000000000,1024,Yes,,,,,,,,,,
pfp_bloom_filter_contains_unique_size_u64,0,NVIDIA B200,I64,U64,512,1,4,4,1000000000,2048,Yes,,,,,,,,,,
pfp_bloom_filter_contains_unique_size_u64,0,NVIDIA B200,I64,U64,512,1,4,8,1000000000,1,Yes,,,,,,,,,,
pfp_bloom_filter_contains_unique_size_u64,0,NVIDIA B200,I64,U64,512,1,4,8,1000000000,2,Yes,,,,,,,,,,
pfp_bloom_filter_contains_unique_size_u64,0,NVIDIA B200,I64,U64,512,1,4,8,1000000000,4,Yes,,,,,,,,,,
pfp_bloom_filter_contains_unique_size_u64,0,NVIDIA B200,I64,U64,512,1,4,8,1000000000,8,Yes,,,,,,,,,,
pfp_bloom_filter_contains_unique_size_u64,0,NVIDIA B200,I64,U64,512,1,4,8,1000000000,16,Yes,,,,,,,,,,
pfp_bloom_filter_contains_unique_size_u64,0,NVIDIA B200,I64,U64,512,1,4,8,1000000000,32,Yes,,,,,,,,,,
pfp_bloom_filter_contains_unique_size_u64,0,NVIDIA B200,I64,U64,512,1,4,8,1000000000,64,Yes,,,,,,,,,,
pfp_bloom_filter_contains_unique_size_u64,0,NVIDIA B200,I64,U64,512,1,4,8,1000000000,128,Yes,,,,,,,,,,
pfp_bloom_filter_contains_unique_size_u64,0,NVIDIA B200,I64,U64,512,1,4,8,1000000000,256,Yes,,,,,,,,,,
pfp_bloom_filter_contains_unique_size_u64,0,NVIDIA B200,I64,U64,512,1,4,8,1000000000,512,Yes,,,,,,,,,,
pfp_bloom_filter_contains_unique_size_u64,0,NVIDIA B200,I64,U64,512,1,4,8,1000000000,1024,Yes,,,,,,,,,,
pfp_bloom_filter_contains_unique_size_u64,0,NVIDIA B200,I64,U64,512,1,4,8,1000000000,2048,Yes,,,,,,,,,,
pfp_bloom_filter_contains_unique_size_u64,0,NVIDIA B200,I64,U64,512,1,8,1,1000000000,1,No,0.000909097,8,24,0.02151869225,0.005899197368117906,0.021503169695536294,0.005901725660549158,46504771815.45861,25,0.021467463684082033
pfp_bloom_filter_contains_unique_size_u64,0,NVIDIA B200,I64,U64,512,1,8,1,1000000000,2,No,0.00090606,8,24,0.021491552541666667,3.719615875235703e-05,0.021475776513417564,2.894905988476445e-05,46564090447.450096,25,0.021473361282348634
pfp_bloom_filter_contains_unique_size_u64,0,NVIDIA B200,I64,U64,512,1,8,1,1000000000,4,No,0.000911853,8,24,0.021494317125,6.009263490853153e-05,0.02147862100601197,3.752957437150164e-05,46557923794.08786,25,0.021476103744506835
pfp_bloom_filter_contains_unique_size_u64,0,NVIDIA B200,I64,U64,512,1,8,1,1000000000,8,No,0.000909486,8,24,0.02149703829166667,5.4773198552986124e-05,0.021481097300847376,2.6437749742071592e-05,46552556696.46599,25,0.021477538757324218
pfp_bloom_filter_contains_unique_size_u64,0,NVIDIA B200,I64,U64,512,1,8,1,1000000000,16,No,0.000908256,8,24,0.021497678750000002,4.9909313373190786e-05,0.021482096115748094,2.56623464138387e-05,46550392224.849976,25,0.02147798851013184
pfp_bloom_filter_contains_unique_size_u64,0,NVIDIA B200,I64,U64,512,1,8,1,1000000000,32,No,0.000907721,8,24,0.02151303825,4.755265237387801e-05,0.021497251987457267,2.36488833243832e-05,46517573529.09374,25,0.021490278320312504
pfp_bloom_filter_contains_unique_size_u64,0,NVIDIA B200,I64,U64,512,1,8,1,1000000000,64,No,0.00090916,8,22,0.023346241863636364,4.8932053987989194e-05,0.023330304145812993,3.771726293005456e-05,42862707393.35674,23,0.02332186723792035
pfp_bloom_filter_contains_unique_size_u64,0,NVIDIA B200,I64,U64,512,1,8,1,1000000000,128,No,0.000909604,8,19,0.026921190473684208,4.140810557277927e-05,0.026904998176976242,2.611981312137739e-05,37167815192.63371,20,0.02689525327682495
pfp_bloom_filter_contains_unique_size_u64,0,NVIDIA B200,I64,U64,512,1,8,1,1000000000,256,No,0.000908593,8,18,0.028789005166666666,3.8601258914439325e-05,0.02877292484707303,3.052772419277069e-05,34754895628.962326,19,0.028763188613088506
pfp_bloom_filter_contains_unique_size_u64,0,NVIDIA B200,I64,U64,512,1,8,1,1000000000,512,No,0.000910264,8,17,0.029883714000000006,3.3060207668933135e-05,0.029867494022144985,2.9846950208556632e-05,33481215372.758057,18,0.029858189582824712
pfp_bloom_filter_contains_unique_size_u64,0,NVIDIA B200,I64,U64,512,1,8,1,1000000000,1024,No,0.000907731,8,17,0.03049796535294118,4.659026362047507e-05,0.03048188961253447,2.6954248565564483e-05,32806365114.21489,18,0.030472761154174806
pfp_bloom_filter_contains_unique_size_u64,0,NVIDIA B200,I64,U64,512,1,8,1,1000000000,2048,No,0.000909066,8,17,0.030844016411764708,4.872006922981697e-05,0.03082758039586684,3.6148838174347135e-05,32438484861.88924,18,0.03082587665981716
pfp_bloom_filter_contains_unique_size_u64,0,NVIDIA B200,I64,U64,512,1,8,2,1000000000,1,Yes,,,,,,,,,,
pfp_bloom_filter_contains_unique_size_u64,0,NVIDIA B200,I64,U64,512,1,8,2,1000000000,2,Yes,,,,,,,,,,
pfp_bloom_filter_contains_unique_size_u64,0,NVIDIA B200,I64,U64,512,1,8,2,1000000000,4,Yes,,,,,,,,,,
pfp_bloom_filter_contains_unique_size_u64,0,NVIDIA B200,I64,U64,512,1,8,2,1000000000,8,Yes,,,,,,,,,,
pfp_bloom_filter_contains_unique_size_u64,0,NVIDIA B200,I64,U64,512,1,8,2,1000000000,16,Yes,,,,,,,,,,
pfp_bloom_filter_contains_unique_size_u64,0,NVIDIA B200,I64,U64,512,1,8,2,1000000000,32,Yes,,,,,,,,,,
pfp_bloom_filter_contains_unique_size_u64,0,NVIDIA B200,I64,U64,512,1,8,2,1000000000,64,Yes,,,,,,,,,,
pfp_bloom_filter_contains_unique_size_u64,0,NVIDIA B200,I64,U64,512,1,8,2,1000000000,128,Yes,,,,,,,,,,
pfp_bloom_filter_contains_unique_size_u64,0,NVIDIA B200,I64,U64,512,1,8,2,1000000000,256,Yes,,,,,,,,,,
pfp_bloom_filter_contains_unique_size_u64,0,NVIDIA B200,I64,U64,512,1,8,2,1000000000,512,Yes,,,,,,,,,,
pfp_bloom_filter_contains_unique_size_u64,0,NVIDIA B200,I64,U64,512,1,8,2,1000000000,1024,Yes,,,,,,,,,,
pfp_bloom_filter_contains_unique_size_u64,0,NVIDIA B200,I64,U64,512,1,8,2,1000000000,2048,Yes,,,,,,,,,,
pfp_bloom_filter_contains_unique_size_u64,0,NVIDIA B200,I64,U64,512,1,8,4,1000000000,1,Yes,,,,,,,,,,
pfp_bloom_filter_contains_unique_size_u64,0,NVIDIA B200,I64,U64,512,1,8,4,1000000000,2,Yes,,,,,,,,,,
pfp_bloom_filter_contains_unique_size_u64,0,NVIDIA B200,I64,U64,512,1,8,4,1000000000,4,Yes,,,,,,,,,,
pfp_bloom_filter_contains_unique_size_u64,0,NVIDIA B200,I64,U64,512,1,8,4,1000000000,8,Yes,,,,,,,,,,
pfp_bloom_filter_contains_unique_size_u64,0,NVIDIA B200,I64,U64,512,1,8,4,1000000000,16,Yes,,,,,,,,,,
pfp_bloom_filter_contains_unique_size_u64,0,NVIDIA B200,I64,U64,512,1,8,4,1000000000,32,Yes,,,,,,,,,,
pfp_bloom_filter_contains_unique_size_u64,0,NVIDIA B200,I64,U64,512,1,8,4,1000000000,64,Yes,,,,,,,,,,
pfp_bloom_filter_contains_unique_size_u64,0,NVIDIA B200,I64,U64,512,1,8,4,1000000000,128,Yes,,,,,,,,,,
pfp_bloom_filter_contains_unique_size_u64,0,NVIDIA B200,I64,U64,512,1,8,4,1000000000,256,Yes,,,,,,,,,,
pfp_bloom_filter_contains_unique_size_u64,0,NVIDIA B200,I64,U64,512,1,8,4,1000000000,512,Yes,,,,,,,,,,
pfp_bloom_filter_contains_unique_size_u64,0,NVIDIA B200,I64,U64,512,1,8,4,1000000000,1024,Yes,,,,,,,,,,
pfp_bloom_filter_contains_unique_size_u64,0,NVIDIA B200,I64,U64,512,1,8,4,1000000000,2048,Yes,,,,,,,,,,
pfp_bloom_filter_contains_unique_size_u64,0,NVIDIA B200,I64,U64,512,1,8,8,1000000000,1,Yes,,,,,,,,,,
pfp_bloom_filter_contains_unique_size_u64,0,NVIDIA B200,I64,U64,512,1,8,8,1000000000,2,Yes,,,,,,,,,,
pfp_bloom_filter_contains_unique_size_u64,0,NVIDIA B200,I64,U64,512,1,8,8,1000000000,4,Yes,,,,,,,,,,
pfp_bloom_filter_contains_unique_size_u64,0,NVIDIA B200,I64,U64,512,1,8,8,1000000000,8,Yes,,,,,,,,,,
pfp_bloom_filter_contains_unique_size_u64,0,NVIDIA B200,I64,U64,512,1,8,8,1000000000,16,Yes,,,,,,,,,,
pfp_bloom_filter_contains_unique_size_u64,0,NVIDIA B200,I64,U64,512,1,8,8,1000000000,32,Yes,,,,,,,,,,
pfp_bloom_filter_contains_unique_size_u64,0,NVIDIA B200,I64,U64,512,1,8,8,1000000000,64,Yes,,,,,,,,,,
pfp_bloom_filter_contains_unique_size_u64,0,NVIDIA B200,I64,U64,512,1,8,8,1000000000,128,Yes,,,,,,,,,,
pfp_bloom_filter_contains_unique_size_u64,0,NVIDIA B200,I64,U64,512,1,8,8,1000000000,256,Yes,,,,,,,,,,
pfp_bloom_filter_contains_unique_size_u64,0,NVIDIA B200,I64,U64,512,1,8,8,1000000000,512,Yes,,,,,,,,,,
pfp_bloom_filter_contains_unique_size_u64,0,NVIDIA B200,I64,U64,512,1,8,8,1000000000,1024,Yes,,,,,,,,,,
pfp_bloom_filter_contains_unique_size_u64,0,NVIDIA B200,I64,U64,512,1,8,8,1000000000,2048,Yes,,,,,,,,,,
pfp_bloom_filter_contains_unique_size_u64,0,NVIDIA B200,I64,U64,512,20,1,1,1000000000,1,Yes,,,,,,,,,,
pfp_bloom_filter_contains_unique_size_u64,0,NVIDIA B200,I64,U64,512,20,1,1,1000000000,2,Yes,,,,,,,,,,
pfp_bloom_filter_contains_unique_size_u64,0,NVIDIA B200,I64,U64,512,20,1,1,1000000000,4,Yes,,,,,,,,,,
pfp_bloom_filter_contains_unique_size_u64,0,NVIDIA B200,I64,U64,512,20,1,1,1000000000,8,Yes,,,,,,,,,,
pfp_bloom_filter_contains_unique_size_u64,0,NVIDIA B200,I64,U64,512,20,1,1,1000000000,16,Yes,,,,,,,,,,
pfp_bloom_filter_contains_unique_size_u64,0,NVIDIA B200,I64,U64,512,20,1,1,1000000000,32,Yes,,,,,,,,,,
pfp_bloom_filter_contains_unique_size_u64,0,NVIDIA B200,I64,U64,512,20,1,1,1000000000,64,Yes,,,,,,,,,,
pfp_bloom_filter_contains_unique_size_u64,0,NVIDIA B200,I64,U64,512,20,1,1,1000000000,128,Yes,,,,,,,,,,
pfp_bloom_filter_contains_unique_size_u64,0,NVIDIA B200,I64,U64,512,20,1,1,1000000000,256,Yes,,,,,,,,,,
pfp_bloom_filter_contains_unique_size_u64,0,NVIDIA B200,I64,U64,512,20,1,1,1000000000,512,Yes,,,,,,,,,,
pfp_bloom_filter_contains_unique_size_u64,0,NVIDIA B200,I64,U64,512,20,1,1,1000000000,1024,Yes,,,,,,,,,,
pfp_bloom_filter_contains_unique_size_u64,0,NVIDIA B200,I64,U64,512,20,1,1,1000000000,2048,Yes,,,,,,,,,,
pfp_bloom_filter_contains_unique_size_u64,0,NVIDIA B200,I64,U64,512,20,1,2,1000000000,1,Yes,,,,,,,,,,
pfp_bloom_filter_contains_unique_size_u64,0,NVIDIA B200,I64,U64,512,20,1,2,1000000000,2,Yes,,,,,,,,,,
pfp_bloom_filter_contains_unique_size_u64,0,NVIDIA B200,I64,U64,512,20,1,2,1000000000,4,Yes,,,,,,,,,,
pfp_bloom_filter_contains_unique_size_u64,0,NVIDIA B200,I64,U64,512,20,1,2,1000000000,8,Yes,,,,,,,,,,
pfp_bloom_filter_contains_unique_size_u64,0,NVIDIA B200,I64,U64,512,20,1,2,1000000000,16,Yes,,,,,,,,,,
pfp_bloom_filter_contains_unique_size_u64,0,NVIDIA B200,I64,U64,512,20,1,2,1000000000,32,Yes,,,,,,,,,,
pfp_bloom_filter_contains_unique_size_u64,0,NVIDIA B200,I64,U64,512,20,1,2,1000000000,64,Yes,,,,,,,,,,
pfp_bloom_filter_contains_unique_size_u64,0,NVIDIA B200,I64,U64,512,20,1,2,1000000000,128,Yes,,,,,,,,,,
pfp_bloom_filter_contains_unique_size_u64,0,NVIDIA B200,I64,U64,512,20,1,2,1000000000,256,Yes,,,,,,,,,,
pfp_bloom_filter_contains_unique_size_u64,0,NVIDIA B200,I64,U64,512,20,1,2,1000000000,512,Yes,,,,,,,,,,
pfp_bloom_filter_contains_unique_size_u64,0,NVIDIA B200,I64,U64,512,20,1,2,1000000000,1024,Yes,,,,,,,,,,
pfp_bloom_filter_contains_unique_size_u64,0,NVIDIA B200,I64,U64,512,20,1,2,1000000000,2048,Yes,,,,,,,,,,
pfp_bloom_filter_contains_unique_size_u64,0,NVIDIA B200,I64,U64,512,20,1,4,1000000000,1,Yes,,,,,,,,,,
pfp_bloom_filter_contains_unique_size_u64,0,NVIDIA B200,I64,U64,512,20,1,4,1000000000,2,Yes,,,,,,,,,,
pfp_bloom_filter_contains_unique_size_u64,0,NVIDIA B200,I64,U64,512,20,1,4,1000000000,4,Yes,,,,,,,,,,
pfp_bloom_filter_contains_unique_size_u64,0,NVIDIA B200,I64,U64,512,20,1,4,1000000000,8,Yes,,,,,,,,,,
pfp_bloom_filter_contains_unique_size_u64,0,NVIDIA B200,I64,U64,512,20,1,4,1000000000,16,Yes,,,,,,,,,,
pfp_bloom_filter_contains_unique_size_u64,0,NVIDIA B200,I64,U64,512,20,1,4,1000000000,32,Yes,,,,,,,,,,
pfp_bloom_filter_contains_unique_size_u64,0,NVIDIA B200,I64,U64,512,20,1,4,1000000000,64,Yes,,,,,,,,,,
pfp_bloom_filter_contains_unique_size_u64,0,NVIDIA B200,I64,U64,512,20,1,4,1000000000,128,Yes,,,,,,,,,,
pfp_bloom_filter_contains_unique_size_u64,0,NVIDIA B200,I64,U64,512,20,1,4,1000000000,256,Yes,,,,,,,,,,
pfp_bloom_filter_contains_unique_size_u64,0,NVIDIA B200,I64,U64,512,20,1,4,1000000000,512,Yes,,,,,,,,,,
pfp_bloom_filter_contains_unique_size_u64,0,NVIDIA B200,I64,U64,512,20,1,4,1000000000,1024,Yes,,,,,,,,,,
pfp_bloom_filter_contains_unique_size_u64,0,NVIDIA B200,I64,U64,512,20,1,4,1000000000,2048,Yes,,,,,,,,,,
pfp_bloom_filter_contains_unique_size_u64,0,NVIDIA B200,I64,U64,512,20,1,8,1000000000,1,Yes,,,,,,,,,,
pfp_bloom_filter_contains_unique_size_u64,0,NVIDIA B200,I64,U64,512,20,1,8,1000000000,2,Yes,,,,,,,,,,
pfp_bloom_filter_contains_unique_size_u64,0,NVIDIA B200,I64,U64,512,20,1,8,1000000000,4,Yes,,,,,,,,,,
pfp_bloom_filter_contains_unique_size_u64,0,NVIDIA B200,I64,U64,512,20,1,8,1000000000,8,Yes,,,,,,,,,,
pfp_bloom_filter_contains_unique_size_u64,0,NVIDIA B200,I64,U64,512,20,1,8,1000000000,16,Yes,,,,,,,,,,
pfp_bloom_filter_contains_unique_size_u64,0,NVIDIA B200,I64,U64,512,20,1,8,1000000000,32,Yes,,,,,,,,,,
pfp_bloom_filter_contains_unique_size_u64,0,NVIDIA B200,I64,U64,512,20,1,8,1000000000,64,Yes,,,,,,,,,,
pfp_bloom_filter_contains_unique_size_u64,0,NVIDIA B200,I64,U64,512,20,1,8,1000000000,128,Yes,,,,,,,,,,
pfp_bloom_filter_contains_unique_size_u64,0,NVIDIA B200,I64,U64,512,20,1,8,1000000000,256,Yes,,,,,,,,,,
pfp_bloom_filter_contains_unique_size_u64,0,NVIDIA B200,I64,U64,512,20,1,8,1000000000,512,Yes,,,,,,,,,,
pfp_bloom_filter_contains_unique_size_u64,0,NVIDIA B200,I64,U64,512,20,1,8,1000000000,1024,Yes,,,,,,,,,,
pfp_bloom_filter_contains_unique_size_u64,0,NVIDIA B200,I64,U64,512,20,1,8,1000000000,2048,Yes,,,,,,,,,,
pfp_bloom_filter_contains_unique_size_u64,0,NVIDIA B200,I64,U64,512,20,2,1,1000000000,1,Yes,,,,,,,,,,
pfp_bloom_filter_contains_unique_size_u64,0,NVIDIA B200,I64,U64,512,20,2,1,1000000000,2,Yes,,,,,,,,,,
pfp_bloom_filter_contains_unique_size_u64,0,NVIDIA B200,I64,U64,512,20,2,1,1000000000,4,Yes,,,,,,,,,,
pfp_bloom_filter_contains_unique_size_u64,0,NVIDIA B200,I64,U64,512,20,2,1,1000000000,8,Yes,,,,,,,,,,
pfp_bloom_filter_contains_unique_size_u64,0,NVIDIA B200,I64,U64,512,20,2,1,1000000000,16,Yes,,,,,,,,,,
pfp_bloom_filter_contains_unique_size_u64,0,NVIDIA B200,I64,U64,512,20,2,1,1000000000,32,Yes,,,,,,,,,,
pfp_bloom_filter_contains_unique_size_u64,0,NVIDIA B200,I64,U64,512,20,2,1,1000000000,64,Yes,,,,,,,,,,
pfp_bloom_filter_contains_unique_size_u64,0,NVIDIA B200,I64,U64,512,20,2,1,1000000000,128,Yes,,,,,,,,,,
pfp_bloom_filter_contains_unique_size_u64,0,NVIDIA B200,I64,U64,512,20,2,1,1000000000,256,Yes,,,,,,,,,,
pfp_bloom_filter_contains_unique_size_u64,0,NVIDIA B200,I64,U64,512,20,2,1,1000000000,512,Yes,,,,,,,,,,
pfp_bloom_filter_contains_unique_size_u64,0,NVIDIA B200,I64,U64,512,20,2,1,1000000000,1024,Yes,,,,,,,,,,
pfp_bloom_filter_contains_unique_size_u64,0,NVIDIA B200,I64,U64,512,20,2,1,1000000000,2048,Yes,,,,,,,,,,
pfp_bloom_filter_contains_unique_size_u64,0,NVIDIA B200,I64,U64,512,20,2,2,1000000000,1,Yes,,,,,,,,,,
pfp_bloom_filter_contains_unique_size_u64,0,NVIDIA B200,I64,U64,512,20,2,2,1000000000,2,Yes,,,,,,,,,,
pfp_bloom_filter_contains_unique_size_u64,0,NVIDIA B200,I64,U64,512,20,2,2,1000000000,4,Yes,,,,,,,,,,
pfp_bloom_filter_contains_unique_size_u64,0,NVIDIA B200,I64,U64,512,20,2,2,1000000000,8,Yes,,,,,,,,,,
pfp_bloom_filter_contains_unique_size_u64,0,NVIDIA B200,I64,U64,512,20,2,2,1000000000,16,Yes,,,,,,,,,,
pfp_bloom_filter_contains_unique_size_u64,0,NVIDIA B200,I64,U64,512,20,2,2,1000000000,32,Yes,,,,,,,,,,
pfp_bloom_filter_contains_unique_size_u64,0,NVIDIA B200,I64,U64,512,20,2,2,1000000000,64,Yes,,,,,,,,,,
pfp_bloom_filter_contains_unique_size_u64,0,NVIDIA B200,I64,U64,512,20,2,2,1000000000,128,Yes,,,,,,,,,,
pfp_bloom_filter_contains_unique_size_u64,0,NVIDIA B200,I64,U64,512,20,2,2,1000000000,256,Yes,,,,,,,,,,
pfp_bloom_filter_contains_unique_size_u64,0,NVIDIA B200,I64,U64,512,20,2,2,1000000000,512,Yes,,,,,,,,,,
pfp_bloom_filter_contains_unique_size_u64,0,NVIDIA B200,I64,U64,512,20,2,2,1000000000,1024,Yes,,,,,,,,,,
pfp_bloom_filter_contains_unique_size_u64,0,NVIDIA B200,I64,U64,512,20,2,2,1000000000,2048,Yes,,,,,,,,,,
pfp_bloom_filter_contains_unique_size_u64,0,NVIDIA B200,I64,U64,512,20,2,4,1000000000,1,Yes,,,,,,,,,,
pfp_bloom_filter_contains_unique_size_u64,0,NVIDIA B200,I64,U64,512,20,2,4,1000000000,2,Yes,,,,,,,,,,
pfp_bloom_filter_contains_unique_size_u64,0,NVIDIA B200,I64,U64,512,20,2,4,1000000000,4,Yes,,,,,,,,,,
pfp_bloom_filter_contains_unique_size_u64,0,NVIDIA B200,I64,U64,512,20,2,4,1000000000,8,Yes,,,,,,,,,,
pfp_bloom_filter_contains_unique_size_u64,0,NVIDIA B200,I64,U64,512,20,2,4,1000000000,16,Yes,,,,,,,,,,
pfp_bloom_filter_contains_unique_size_u64,0,NVIDIA B200,I64,U64,512,20,2,4,1000000000,32,Yes,,,,,,,,,,
pfp_bloom_filter_contains_unique_size_u64,0,NVIDIA B200,I64,U64,512,20,2,4,1000000000,64,Yes,,,,,,,,,,
pfp_bloom_filter_contains_unique_size_u64,0,NVIDIA B200,I64,U64,512,20,2,4,1000000000,128,Yes,,,,,,,,,,
pfp_bloom_filter_contains_unique_size_u64,0,NVIDIA B200,I64,U64,512,20,2,4,1000000000,256,Yes,,,,,,,,,,
pfp_bloom_filter_contains_unique_size_u64,0,NVIDIA B200,I64,U64,512,20,2,4,1000000000,512,Yes,,,,,,,,,,
pfp_bloom_filter_contains_unique_size_u64,0,NVIDIA B200,I64,U64,512,20,2,4,1000000000,1024,Yes,,,,,,,,,,
pfp_bloom_filter_contains_unique_size_u64,0,NVIDIA B200,I64,U64,512,20,2,4,1000000000,2048,Yes,,,,,,,,,,
pfp_bloom_filter_contains_unique_size_u64,0,NVIDIA B200,I64,U64,512,20,2,8,1000000000,1,Yes,,,,,,,,,,
pfp_bloom_filter_contains_unique_size_u64,0,NVIDIA B200,I64,U64,512,20,2,8,1000000000,2,Yes,,,,,,,,,,
pfp_bloom_filter_contains_unique_size_u64,0,NVIDIA B200,I64,U64,512,20,2,8,1000000000,4,Yes,,,,,,,,,,
pfp_bloom_filter_contains_unique_size_u64,0,NVIDIA B200,I64,U64,512,20,2,8,1000000000,8,Yes,,,,,,,,,,
pfp_bloom_filter_contains_unique_size_u64,0,NVIDIA B200,I64,U64,512,20,2,8,1000000000,16,Yes,,,,,,,,,,
pfp_bloom_filter_contains_unique_size_u64,0,NVIDIA B200,I64,U64,512,20,2,8,1000000000,32,Yes,,,,,,,,,,
pfp_bloom_filter_contains_unique_size_u64,0,NVIDIA B200,I64,U64,512,20,2,8,1000000000,64,Yes,,,,,,,,,,
pfp_bloom_filter_contains_unique_size_u64,0,NVIDIA B200,I64,U64,512,20,2,8,1000000000,128,Yes,,,,,,,,,,
pfp_bloom_filter_contains_unique_size_u64,0,NVIDIA B200,I64,U64,512,20,2,8,1000000000,256,Yes,,,,,,,,,,
pfp_bloom_filter_contains_unique_size_u64,0,NVIDIA B200,I64,U64,512,20,2,8,1000000000,512,Yes,,,,,,,,,,
pfp_bloom_filter_contains_unique_size_u64,0,NVIDIA B200,I64,U64,512,20,2,8,1000000000,1024,Yes,,,,,,,,,,
pfp_bloom_filter_contains_unique_size_u64,0,NVIDIA B200,I64,U64,512,20,2,8,1000000000,2048,Yes,,,,,,,,,,
pfp_bloom_filter_contains_unique_size_u64,0,NVIDIA B200,I64,U64,512,20,4,1,1000000000,1,Yes,,,,,,,,,,
pfp_bloom_filter_contains_unique_size_u64,0,NVIDIA B200,I64,U64,512,20,4,1,1000000000,2,Yes,,,,,,,,,,
pfp_bloom_filter_contains_unique_size_u64,0,NVIDIA B200,I64,U64,512,20,4,1,1000000000,4,Yes,,,,,,,,,,
pfp_bloom_filter_contains_unique_size_u64,0,NVIDIA B200,I64,U64,512,20,4,1,1000000000,8,Yes,,,,,,,,,,
pfp_bloom_filter_contains_unique_size_u64,0,NVIDIA B200,I64,U64,512,20,4,1,1000000000,16,Yes,,,,,,,,,,
pfp_bloom_filter_contains_unique_size_u64,0,NVIDIA B200,I64,U64,512,20,4,1,1000000000,32,Yes,,,,,,,,,,
pfp_bloom_filter_contains_unique_size_u64,0,NVIDIA B200,I64,U64,512,20,4,1,1000000000,64,Yes,,,,,,,,,,
pfp_bloom_filter_contains_unique_size_u64,0,NVIDIA B200,I64,U64,512,20,4,1,1000000000,128,Yes,,,,,,,,,,
pfp_bloom_filter_contains_unique_size_u64,0,NVIDIA B200,I64,U64,512,20,4,1,1000000000,256,Yes,,,,,,,,,,
pfp_bloom_filter_contains_unique_size_u64,0,NVIDIA B200,I64,U64,512,20,4,1,1000000000,512,Yes,,,,,,,,,,
pfp_bloom_filter_contains_unique_size_u64,0,NVIDIA B200,I64,U64,512,20,4,1,1000000000,1024,Yes,,,,,,,,,,
pfp_bloom_filter_contains_unique_size_u64,0,NVIDIA B200,I64,U64,512,20,4,1,1000000000,2048,Yes,,,,,,,,,,
pfp_bloom_filter_contains_unique_size_u64,0,NVIDIA B200,I64,U64,512,20,4,2,1000000000,1,Yes,,,,,,,,,,
pfp_bloom_filter_contains_unique_size_u64,0,NVIDIA B200,I64,U64,512,20,4,2,1000000000,2,Yes,,,,,,,,,,
pfp_bloom_filter_contains_unique_size_u64,0,NVIDIA B200,I64,U64,512,20,4,2,1000000000,4,Yes,,,,,,,,,,
pfp_bloom_filter_contains_unique_size_u64,0,NVIDIA B200,I64,U64,512,20,4,2,1000000000,8,Yes,,,,,,,,,,
pfp_bloom_filter_contains_unique_size_u64,0,NVIDIA B200,I64,U64,512,20,4,2,1000000000,16,Yes,,,,,,,,,,
pfp_bloom_filter_contains_unique_size_u64,0,NVIDIA B200,I64,U64,512,20,4,2,1000000000,32,Yes,,,,,,,,,,
pfp_bloom_filter_contains_unique_size_u64,0,NVIDIA B200,I64,U64,512,20,4,2,1000000000,64,Yes,,,,,,,,,,
pfp_bloom_filter_contains_unique_size_u64,0,NVIDIA B200,I64,U64,512,20,4,2,1000000000,128,Yes,,,,,,,,,,
pfp_bloom_filter_contains_unique_size_u64,0,NVIDIA B200,I64,U64,512,20,4,2,1000000000,256,Yes,,,,,,,,,,
pfp_bloom_filter_contains_unique_size_u64,0,NVIDIA B200,I64,U64,512,20,4,2,1000000000,512,Yes,,,,,,,,,,
pfp_bloom_filter_contains_unique_size_u64,0,NVIDIA B200,I64,U64,512,20,4,2,1000000000,1024,Yes,,,,,,,,,,
pfp_bloom_filter_contains_unique_size_u64,0,NVIDIA B200,I64,U64,512,20,4,2,1000000000,2048,Yes,,,,,,,,,,
pfp_bloom_filter_contains_unique_size_u64,0,NVIDIA B200,I64,U64,512,20,4,4,1000000000,1,Yes,,,,,,,,,,
pfp_bloom_filter_contains_unique_size_u64,0,NVIDIA B200,I64,U64,512,20,4,4,1000000000,2,Yes,,,,,,,,,,
pfp_bloom_filter_contains_unique_size_u64,0,NVIDIA B200,I64,U64,512,20,4,4,1000000000,4,Yes,,,,,,,,,,
pfp_bloom_filter_contains_unique_size_u64,0,NVIDIA B200,I64,U64,512,20,4,4,1000000000,8,Yes,,,,,,,,,,
pfp_bloom_filter_contains_unique_size_u64,0,NVIDIA B200,I64,U64,512,20,4,4,1000000000,16,Yes,,,,,,,,,,
pfp_bloom_filter_contains_unique_size_u64,0,NVIDIA B200,I64,U64,512,20,4,4,1000000000,32,Yes,,,,,,,,,,
pfp_bloom_filter_contains_unique_size_u64,0,NVIDIA B200,I64,U64,512,20,4,4,1000000000,64,Yes,,,,,,,,,,
pfp_bloom_filter_contains_unique_size_u64,0,NVIDIA B200,I64,U64,512,20,4,4,1000000000,128,Yes,,,,,,,,,,
pfp_bloom_filter_contains_unique_size_u64,0,NVIDIA B200,I64,U64,512,20,4,4,1000000000,256,Yes,,,,,,,,,,
pfp_bloom_filter_contains_unique_size_u64,0,NVIDIA B200,I64,U64,512,20,4,4,1000000000,512,Yes,,,,,,,,,,
pfp_bloom_filter_contains_unique_size_u64,0,NVIDIA B200,I64,U64,512,20,4,4,1000000000,1024,Yes,,,,,,,,,,
pfp_bloom_filter_contains_unique_size_u64,0,NVIDIA B200,I64,U64,512,20,4,4,1000000000,2048,Yes,,,,,,,,,,
pfp_bloom_filter_contains_unique_size_u64,0,NVIDIA B200,I64,U64,512,20,4,8,1000000000,1,Yes,,,,,,,,,,
pfp_bloom_filter_contains_unique_size_u64,0,NVIDIA B200,I64,U64,512,20,4,8,1000000000,2,Yes,,,,,,,,,,
pfp_bloom_filter_contains_unique_size_u64,0,NVIDIA B200,I64,U64,512,20,4,8,1000000000,4,Yes,,,,,,,,,,
pfp_bloom_filter_contains_unique_size_u64,0,NVIDIA B200,I64,U64,512,20,4,8,1000000000,8,Yes,,,,,,,,,,
pfp_bloom_filter_contains_unique_size_u64,0,NVIDIA B200,I64,U64,512,20,4,8,1000000000,16,Yes,,,,,,,,,,
pfp_bloom_filter_contains_unique_size_u64,0,NVIDIA B200,I64,U64,512,20,4,8,1000000000,32,Yes,,,,,,,,,,
pfp_bloom_filter_contains_unique_size_u64,0,NVIDIA B200,I64,U64,512,20,4,8,1000000000,64,Yes,,,,,,,,,,
pfp_bloom_filter_contains_unique_size_u64,0,NVIDIA B200,I64,U64,512,20,4,8,1000000000,128,Yes,,,,,,,,,,
pfp_bloom_filter_contains_unique_size_u64,0,NVIDIA B200,I64,U64,512,20,4,8,1000000000,256,Yes,,,,,,,,,,
pfp_bloom_filter_contains_unique_size_u64,0,NVIDIA B200,I64,U64,512,20,4,8,1000000000,512,Yes,,,,,,,,,,
pfp_bloom_filter_contains_unique_size_u64,0,NVIDIA B200,I64,U64,512,20,4,8,1000000000,1024,Yes,,,,,,,,,,
pfp_bloom_filter_contains_unique_size_u64,0,NVIDIA B200,I64,U64,512,20,4,8,1000000000,2048,Yes,,,,,,,,,,
pfp_bloom_filter_contains_unique_size_u64,0,NVIDIA B200,I64,U64,512,20,8,1,1000000000,1,Yes,,,,,,,,,,
pfp_bloom_filter_contains_unique_size_u64,0,NVIDIA B200,I64,U64,512,20,8,1,1000000000,2,Yes,,,,,,,,,,
pfp_bloom_filter_contains_unique_size_u64,0,NVIDIA B200,I64,U64,512,20,8,1,1000000000,4,Yes,,,,,,,,,,
pfp_bloom_filter_contains_unique_size_u64,0,NVIDIA B200,I64,U64,512,20,8,1,1000000000,8,Yes,,,,,,,,,,
pfp_bloom_filter_contains_unique_size_u64,0,NVIDIA B200,I64,U64,512,20,8,1,1000000000,16,Yes,,,,,,,,,,
pfp_bloom_filter_contains_unique_size_u64,0,NVIDIA B200,I64,U64,512,20,8,1,1000000000,32,Yes,,,,,,,,,,
pfp_bloom_filter_contains_unique_size_u64,0,NVIDIA B200,I64,U64,512,20,8,1,1000000000,64,Yes,,,,,,,,,,
pfp_bloom_filter_contains_unique_size_u64,0,NVIDIA B200,I64,U64,512,20,8,1,1000000000,128,Yes,,,,,,,,,,
pfp_bloom_filter_contains_unique_size_u64,0,NVIDIA B200,I64,U64,512,20,8,1,1000000000,256,Yes,,,,,,,,,,
pfp_bloom_filter_contains_unique_size_u64,0,NVIDIA B200,I64,U64,512,20,8,1,1000000000,512,Yes,,,,,,,,,,
pfp_bloom_filter_contains_unique_size_u64,0,NVIDIA B200,I64,U64,512,20,8,1,1000000000,1024,Yes,,,,,,,,,,
pfp_bloom_filter_contains_unique_size_u64,0,NVIDIA B200,I64,U64,512,20,8,1,1000000000,2048,Yes,,,,,,,,,,
pfp_bloom_filter_contains_unique_size_u64,0,NVIDIA B200,I64,U64,512,20,8,2,1000000000,1,Yes,,,,,,,,,,
pfp_bloom_filter_contains_unique_size_u64,0,NVIDIA B200,I64,U64,512,20,8,2,1000000000,2,Yes,,,,,,,,,,
pfp_bloom_filter_contains_unique_size_u64,0,NVIDIA B200,I64,U64,512,20,8,2,1000000000,4,Yes,,,,,,,,,,
pfp_bloom_filter_contains_unique_size_u64,0,NVIDIA B200,I64,U64,512,20,8,2,1000000000,8,Yes,,,,,,,,,,
pfp_bloom_filter_contains_unique_size_u64,0,NVIDIA B200,I64,U64,512,20,8,2,1000000000,16,Yes,,,,,,,,,,
pfp_bloom_filter_contains_unique_size_u64,0,NVIDIA B200,I64,U64,512,20,8,2,1000000000,32,Yes,,,,,,,,,,
pfp_bloom_filter_contains_unique_size_u64,0,NVIDIA B200,I64,U64,512,20,8,2,1000000000,64,Yes,,,,,,,,,,
pfp_bloom_filter_contains_unique_size_u64,0,NVIDIA B200,I64,U64,512,20,8,2,1000000000,128,Yes,,,,,,,,,,
pfp_bloom_filter_contains_unique_size_u64,0,NVIDIA B200,I64,U64,512,20,8,2,1000000000,256,Yes,,,,,,,,,,
pfp_bloom_filter_contains_unique_size_u64,0,NVIDIA B200,I64,U64,512,20,8,2,1000000000,512,Yes,,,,,,,,,,
pfp_bloom_filter_contains_unique_size_u64,0,NVIDIA B200,I64,U64,512,20,8,2,1000000000,1024,Yes,,,,,,,,,,
pfp_bloom_filter_contains_unique_size_u64,0,NVIDIA B200,I64,U64,512,20,8,2,1000000000,2048,Yes,,,,,,,,,,
pfp_bloom_filter_contains_unique_size_u64,0,NVIDIA B200,I64,U64,512,20,8,4,1000000000,1,Yes,,,,,,,,,,
pfp_bloom_filter_contains_unique_size_u64,0,NVIDIA B200,I64,U64,512,20,8,4,1000000000,2,Yes,,,,,,,,,,
pfp_bloom_filter_contains_unique_size_u64,0,NVIDIA B200,I64,U64,512,20,8,4,1000000000,4,Yes,,,,,,,,,,
pfp_bloom_filter_contains_unique_size_u64,0,NVIDIA B200,I64,U64,512,20,8,4,1000000000,8,Yes,,,,,,,,,,
pfp_bloom_filter_contains_unique_size_u64,0,NVIDIA B200,I64,U64,512,20,8,4,1000000000,16,Yes,,,,,,,,,,
pfp_bloom_filter_contains_unique_size_u64,0,NVIDIA B200,I64,U64,512,20,8,4,1000000000,32,Yes,,,,,,,,,,
pfp_bloom_filter_contains_unique_size_u64,0,NVIDIA B200,I64,U64,512,20,8,4,1000000000,64,Yes,,,,,,,,,,
pfp_bloom_filter_contains_unique_size_u64,0,NVIDIA B200,I64,U64,512,20,8,4,1000000000,128,Yes,,,,,,,,,,
pfp_bloom_filter_contains_unique_size_u64,0,NVIDIA B200,I64,U64,512,20,8,4,1000000000,256,Yes,,,,,,,,,,
pfp_bloom_filter_contains_unique_size_u64,0,NVIDIA B200,I64,U64,512,20,8,4,1000000000,512,Yes,,,,,,,,,,
pfp_bloom_filter_contains_unique_size_u64,0,NVIDIA B200,I64,U64,512,20,8,4,1000000000,1024,Yes,,,,,,,,,,
pfp_bloom_filter_contains_unique_size_u64,0,NVIDIA B200,I64,U64,512,20,8,4,1000000000,2048,Yes,,,,,,,,,,
pfp_bloom_filter_contains_unique_size_u64,0,NVIDIA B200,I64,U64,512,20,8,8,1000000000,1,Yes,,,,,,,,,,
pfp_bloom_filter_contains_unique_size_u64,0,NVIDIA B200,I64,U64,512,20,8,8,1000000000,2,Yes,,,,,,,,,,
pfp_bloom_filter_contains_unique_size_u64,0,NVIDIA B200,I64,U64,512,20,8,8,1000000000,4,Yes,,,,,,,,,,
pfp_bloom_filter_contains_unique_size_u64,0,NVIDIA B200,I64,U64,512,20,8,8,1000000000,8,Yes,,,,,,,,,,
pfp_bloom_filter_contains_unique_size_u64,0,NVIDIA B200,I64,U64,512,20,8,8,1000000000,16,Yes,,,,,,,,,,
pfp_bloom_filter_contains_unique_size_u64,0,NVIDIA B200,I64,U64,512,20,8,8,1000000000,32,Yes,,,,,,,,,,
pfp_bloom_filter_contains_unique_size_u64,0,NVIDIA B200,I64,U64,512,20,8,8,1000000000,64,Yes,,,,,,,,,,
pfp_bloom_filter_contains_unique_size_u64,0,NVIDIA B200,I64,U64,512,20,8,8,1000000000,128,Yes,,,,,,,,,,
pfp_bloom_filter_contains_unique_size_u64,0,NVIDIA B200,I64,U64,512,20,8,8,1000000000,256,Yes,,,,,,,,,,
pfp_bloom_filter_contains_unique_size_u64,0,NVIDIA B200,I64,U64,512,20,8,8,1000000000,512,Yes,,,,,,,,,,
pfp_bloom_filter_contains_unique_size_u64,0,NVIDIA B200,I64,U64,512,20,8,8,1000000000,1024,Yes,,,,,,,,,,
pfp_bloom_filter_contains_unique_size_u64,0,NVIDIA B200,I64,U64,512,20,8,8,1000000000,2048,Yes,,,,,,,,,,
