Benchmark,Device,Device Name,Key,Word,BlockBits,PatternBitsPerWord,HorizontalLayout,VerticalLayout,NumInputs,FilterSizeMB,Skipped,Samples,CPU Time (sec),Noise,GPU Time (sec),Noise,Elem/s (elem/sec),Samples,Batch GPU (sec)
pfp_bloom_filter_add_unique_size_u64,0,NVIDIA H200,I64,U64,32,1,1,1,1000000000,1,Yes,,,,,,,,
pfp_bloom_filter_add_unique_size_u64,0,NVIDIA H200,I64,U64,32,1,1,1,1000000000,2,Yes,,,,,,,,
pfp_bloom_filter_add_unique_size_u64,0,NVIDIA H200,I64,U64,32,1,1,1,1000000000,4,Yes,,,,,,,,
pfp_bloom_filter_add_unique_size_u64,0,NVIDIA H200,I64,U64,32,1,1,1,1000000000,8,Yes,,,,,,,,
pfp_bloom_filter_add_unique_size_u64,0,NVIDIA H200,I64,U64,32,1,1,1,1000000000,16,Yes,,,,,,,,
pfp_bloom_filter_add_unique_size_u64,0,NVIDIA H200,I64,U64,32,1,1,1,1000000000,32,Yes,,,,,,,,
pfp_bloom_filter_add_unique_size_u64,0,NVIDIA H200,I64,U64,32,1,1,1,1000000000,64,Yes,,,,,,,,
pfp_bloom_filter_add_unique_size_u64,0,NVIDIA H200,I64,U64,32,1,1,1,1000000000,128,Yes,,,,,,,,
pfp_bloom_filter_add_unique_size_u64,0,NVIDIA H200,I64,U64,32,1,1,1,1000000000,256,Yes,,,,,,,,
pfp_bloom_filter_add_unique_size_u64,0,NVIDIA H200,I64,U64,32,1,1,1,1000000000,512,Yes,,,,,,,,
pfp_bloom_filter_add_unique_size_u64,0,NVIDIA H200,I64,U64,32,1,1,1,1000000000,1024,Yes,,,,,,,,
pfp_bloom_filter_add_unique_size_u64,0,NVIDIA H200,I64,U64,32,1,1,1,1000000000,2048,Yes,,,,,,,,
pfp_bloom_filter_add_unique_size_u64,0,NVIDIA H200,I64,U64,32,1,1,2,1000000000,1,Yes,,,,,,,,
pfp_bloom_filter_add_unique_size_u64,0,NVIDIA H200,I64,U64,32,1,1,2,1000000000,2,Yes,,,,,,,,
pfp_bloom_filter_add_unique_size_u64,0,NVIDIA H200,I64,U64,32,1,1,2,1000000000,4,Yes,,,,,,,,
pfp_bloom_filter_add_unique_size_u64,0,NVIDIA H200,I64,U64,32,1,1,2,1000000000,8,Yes,,,,,,,,
pfp_bloom_filter_add_unique_size_u64,0,NVIDIA H200,I64,U64,32,1,1,2,1000000000,16,Yes,,,,,,,,
pfp_bloom_filter_add_unique_size_u64,0,NVIDIA H200,I64,U64,32,1,1,2,1000000000,32,Yes,,,,,,,,
pfp_bloom_filter_add_unique_size_u64,0,NVIDIA H200,I64,U64,32,1,1,2,1000000000,64,Yes,,,,,,,,
pfp_bloom_filter_add_unique_size_u64,0,NVIDIA H200,I64,U64,32,1,1,2,1000000000,128,Yes,,,,,,,,
pfp_bloom_filter_add_unique_size_u64,0,NVIDIA H200,I64,U64,32,1,1,2,1000000000,256,Yes,,,,,,,,
pfp_bloom_filter_add_unique_size_u64,0,NVIDIA H200,I64,U64,32,1,1,2,1000000000,512,Yes,,,,,,,,
pfp_bloom_filter_add_unique_size_u64,0,NVIDIA H200,I64,U64,32,1,1,2,1000000000,1024,Yes,,,,,,,,
pfp_bloom_filter_add_unique_size_u64,0,NVIDIA H200,I64,U64,32,1,1,2,1000000000,2048,Yes,,,,,,,,
pfp_bloom_filter_add_unique_size_u64,0,NVIDIA H200,I64,U64,32,1,1,4,1000000000,1,Yes,,,,,,,,
pfp_bloom_filter_add_unique_size_u64,0,NVIDIA H200,I64,U64,32,1,1,4,1000000000,2,Yes,,,,,,,,
pfp_bloom_filter_add_unique_size_u64,0,NVIDIA H200,I64,U64,32,1,1,4,1000000000,4,Yes,,,,,,,,
pfp_bloom_filter_add_unique_size_u64,0,NVIDIA H200,I64,U64,32,1,1,4,1000000000,8,Yes,,,,,,,,
pfp_bloom_filter_add_unique_size_u64,0,NVIDIA H200,I64,U64,32,1,1,4,1000000000,16,Yes,,,,,,,,
pfp_bloom_filter_add_unique_size_u64,0,NVIDIA H200,I64,U64,32,1,1,4,1000000000,32,Yes,,,,,,,,
pfp_bloom_filter_add_unique_size_u64,0,NVIDIA H200,I64,U64,32,1,1,4,1000000000,64,Yes,,,,,,,,
pfp_bloom_filter_add_unique_size_u64,0,NVIDIA H200,I64,U64,32,1,1,4,1000000000,128,Yes,,,,,,,,
pfp_bloom_filter_add_unique_size_u64,0,NVIDIA H200,I64,U64,32,1,1,4,1000000000,256,Yes,,,,,,,,
pfp_bloom_filter_add_unique_size_u64,0,NVIDIA H200,I64,U64,32,1,1,4,1000000000,512,Yes,,,,,,,,
pfp_bloom_filter_add_unique_size_u64,0,NVIDIA H200,I64,U64,32,1,1,4,1000000000,1024,Yes,,,,,,,,
pfp_bloom_filter_add_unique_size_u64,0,NVIDIA H200,I64,U64,32,1,1,4,1000000000,2048,Yes,,,,,,,,
pfp_bloom_filter_add_unique_size_u64,0,NVIDIA H200,I64,U64,32,1,1,8,1000000000,1,Yes,,,,,,,,
pfp_bloom_filter_add_unique_size_u64,0,NVIDIA H200,I64,U64,32,1,1,8,1000000000,2,Yes,,,,,,,,
pfp_bloom_filter_add_unique_size_u64,0,NVIDIA H200,I64,U64,32,1,1,8,1000000000,4,Yes,,,,,,,,
pfp_bloom_filter_add_unique_size_u64,0,NVIDIA H200,I64,U64,32,1,1,8,1000000000,8,Yes,,,,,,,,
pfp_bloom_filter_add_unique_size_u64,0,NVIDIA H200,I64,U64,32,1,1,8,1000000000,16,Yes,,,,,,,,
pfp_bloom_filter_add_unique_size_u64,0,NVIDIA H200,I64,U64,32,1,1,8,1000000000,32,Yes,,,,,,,,
pfp_bloom_filter_add_unique_size_u64,0,NVIDIA H200,I64,U64,32,1,1,8,1000000000,64,Yes,,,,,,,,
pfp_bloom_filter_add_unique_size_u64,0,NVIDIA H200,I64,U64,32,1,1,8,1000000000,128,Yes,,,,,,,,
pfp_bloom_filter_add_unique_size_u64,0,NVIDIA H200,I64,U64,32,1,1,8,1000000000,256,Yes,,,,,,,,
pfp_bloom_filter_add_unique_size_u64,0,NVIDIA H200,I64,U64,32,1,1,8,1000000000,512,Yes,,,,,,,,
pfp_bloom_filter_add_unique_size_u64,0,NVIDIA H200,I64,U64,32,1,1,8,1000000000,1024,Yes,,,,,,,,
pfp_bloom_filter_add_unique_size_u64,0,NVIDIA H200,I64,U64,32,1,1,8,1000000000,2048,Yes,,,,,,,,
pfp_bloom_filter_add_unique_size_u64,0,NVIDIA H200,I64,U64,32,1,2,1,1000000000,1,Yes,,,,,,,,
pfp_bloom_filter_add_unique_size_u64,0,NVIDIA H200,I64,U64,32,1,2,1,1000000000,2,Yes,,,,,,,,
pfp_bloom_filter_add_unique_size_u64,0,NVIDIA H200,I64,U64,32,1,2,1,1000000000,4,Yes,,,,,,,,
pfp_bloom_filter_add_unique_size_u64,0,NVIDIA H200,I64,U64,32,1,2,1,1000000000,8,Yes,,,,,,,,
pfp_bloom_filter_add_unique_size_u64,0,NVIDIA H200,I64,U64,32,1,2,1,1000000000,16,Yes,,,,,,,,
pfp_bloom_filter_add_unique_size_u64,0,NVIDIA H200,I64,U64,32,1,2,1,1000000000,32,Yes,,,,,,,,
pfp_bloom_filter_add_unique_size_u64,0,NVIDIA H200,I64,U64,32,1,2,1,1000000000,64,Yes,,,,,,,,
pfp_bloom_filter_add_unique_size_u64,0,NVIDIA H200,I64,U64,32,1,2,1,1000000000,128,Yes,,,,,,,,
pfp_bloom_filter_add_unique_size_u64,0,NVIDIA H200,I64,U64,32,1,2,1,1000000000,256,Yes,,,,,,,,
pfp_bloom_filter_add_unique_size_u64,0,NVIDIA H200,I64,U64,32,1,2,1,1000000000,512,Yes,,,,,,,,
pfp_bloom_filter_add_unique_size_u64,0,NVIDIA H200,I64,U64,32,1,2,1,1000000000,1024,Yes,,,,,,,,
pfp_bloom_filter_add_unique_size_u64,0,NVIDIA H200,I64,U64,32,1,2,1,1000000000,2048,Yes,,,,,,,,
pfp_bloom_filter_add_unique_size_u64,0,NVIDIA H200,I64,U64,32,1,2,2,1000000000,1,Yes,,,,,,,,
pfp_bloom_filter_add_unique_size_u64,0,NVIDIA H200,I64,U64,32,1,2,2,1000000000,2,Yes,,,,,,,,
pfp_bloom_filter_add_unique_size_u64,0,NVIDIA H200,I64,U64,32,1,2,2,1000000000,4,Yes,,,,,,,,
pfp_bloom_filter_add_unique_size_u64,0,NVIDIA H200,I64,U64,32,1,2,2,1000000000,8,Yes,,,,,,,,
pfp_bloom_filter_add_unique_size_u64,0,NVIDIA H200,I64,U64,32,1,2,2,1000000000,16,Yes,,,,,,,,
pfp_bloom_filter_add_unique_size_u64,0,NVIDIA H200,I64,U64,32,1,2,2,1000000000,32,Yes,,,,,,,,
pfp_bloom_filter_add_unique_size_u64,0,NVIDIA H200,I64,U64,32,1,2,2,1000000000,64,Yes,,,,,,,,
pfp_bloom_filter_add_unique_size_u64,0,NVIDIA H200,I64,U64,32,1,2,2,1000000000,128,Yes,,,,,,,,
pfp_bloom_filter_add_unique_size_u64,0,NVIDIA H200,I64,U64,32,1,2,2,1000000000,256,Yes,,,,,,,,
pfp_bloom_filter_add_unique_size_u64,0,NVIDIA H200,I64,U64,32,1,2,2,1000000000,512,Yes,,,,,,,,
pfp_bloom_filter_add_unique_size_u64,0,NVIDIA H200,I64,U64,32,1,2,2,1000000000,1024,Yes,,,,,,,,
pfp_bloom_filter_add_unique_size_u64,0,NVIDIA H200,I64,U64,32,1,2,2,1000000000,2048,Yes,,,,,,,,
pfp_bloom_filter_add_unique_size_u64,0,NVIDIA H200,I64,U64,32,1,2,4,1000000000,1,Yes,,,,,,,,
pfp_bloom_filter_add_unique_size_u64,0,NVIDIA H200,I64,U64,32,1,2,4,1000000000,2,Yes,,,,,,,,
pfp_bloom_filter_add_unique_size_u64,0,NVIDIA H200,I64,U64,32,1,2,4,1000000000,4,Yes,,,,,,,,
pfp_bloom_filter_add_unique_size_u64,0,NVIDIA H200,I64,U64,32,1,2,4,1000000000,8,Yes,,,,,,,,
pfp_bloom_filter_add_unique_size_u64,0,NVIDIA H200,I64,U64,32,1,2,4,1000000000,16,Yes,,,,,,,,
pfp_bloom_filter_add_unique_size_u64,0,NVIDIA H200,I64,U64,32,1,2,4,1000000000,32,Yes,,,,,,,,
pfp_bloom_filter_add_unique_size_u64,0,NVIDIA H200,I64,U64,32,1,2,4,1000000000,64,Yes,,,,,,,,
pfp_bloom_filter_add_unique_size_u64,0,NVIDIA H200,I64,U64,32,1,2,4,1000000000,128,Yes,,,,,,,,
pfp_bloom_filter_add_unique_size_u64,0,NVIDIA H200,I64,U64,32,1,2,4,1000000000,256,Yes,,,,,,,,
pfp_bloom_filter_add_unique_size_u64,0,NVIDIA H200,I64,U64,32,1,2,4,1000000000,512,Yes,,,,,,,,
pfp_bloom_filter_add_unique_size_u64,0,NVIDIA H200,I64,U64,32,1,2,4,1000000000,1024,Yes,,,,,,,,
pfp_bloom_filter_add_unique_size_u64,0,NVIDIA H200,I64,U64,32,1,2,4,1000000000,2048,Yes,,,,,,,,
pfp_bloom_filter_add_unique_size_u64,0,NVIDIA H200,I64,U64,32,1,2,8,1000000000,1,Yes,,,,,,,,
pfp_bloom_filter_add_unique_size_u64,0,NVIDIA H200,I64,U64,32,1,2,8,1000000000,2,Yes,,,,,,,,
pfp_bloom_filter_add_unique_size_u64,0,NVIDIA H200,I64,U64,32,1,2,8,1000000000,4,Yes,,,,,,,,
pfp_bloom_filter_add_unique_size_u64,0,NVIDIA H200,I64,U64,32,1,2,8,1000000000,8,Yes,,,,,,,,
pfp_bloom_filter_add_unique_size_u64,0,NVIDIA H200,I64,U64,32,1,2,8,1000000000,16,Yes,,,,,,,,
pfp_bloom_filter_add_unique_size_u64,0,NVIDIA H200,I64,U64,32,1,2,8,1000000000,32,Yes,,,,,,,,
pfp_bloom_filter_add_unique_size_u64,0,NVIDIA H200,I64,U64,32,1,2,8,1000000000,64,Yes,,,,,,,,
pfp_bloom_filter_add_unique_size_u64,0,NVIDIA H200,I64,U64,32,1,2,8,1000000000,128,Yes,,,,,,,,
pfp_bloom_filter_add_unique_size_u64,0,NVIDIA H200,I64,U64,32,1,2,8,1000000000,256,Yes,,,,,,,,
pfp_bloom_filter_add_unique_size_u64,0,NVIDIA H200,I64,U64,32,1,2,8,1000000000,512,Yes,,,,,,,,
pfp_bloom_filter_add_unique_size_u64,0,NVIDIA H200,I64,U64,32,1,2,8,1000000000,1024,Yes,,,,,,,,
pfp_bloom_filter_add_unique_size_u64,0,NVIDIA H200,I64,U64,32,1,2,8,1000000000,2048,Yes,,,,,,,,
pfp_bloom_filter_add_unique_size_u64,0,NVIDIA H200,I64,U64,32,1,4,1,1000000000,1,Yes,,,,,,,,
pfp_bloom_filter_add_unique_size_u64,0,NVIDIA H200,I64,U64,32,1,4,1,1000000000,2,Yes,,,,,,,,
pfp_bloom_filter_add_unique_size_u64,0,NVIDIA H200,I64,U64,32,1,4,1,1000000000,4,Yes,,,,,,,,
pfp_bloom_filter_add_unique_size_u64,0,NVIDIA H200,I64,U64,32,1,4,1,1000000000,8,Yes,,,,,,,,
pfp_bloom_filter_add_unique_size_u64,0,NVIDIA H200,I64,U64,32,1,4,1,1000000000,16,Yes,,,,,,,,
pfp_bloom_filter_add_unique_size_u64,0,NVIDIA H200,I64,U64,32,1,4,1,1000000000,32,Yes,,,,,,,,
pfp_bloom_filter_add_unique_size_u64,0,NVIDIA H200,I64,U64,32,1,4,1,1000000000,64,Yes,,,,,,,,
pfp_bloom_filter_add_unique_size_u64,0,NVIDIA H200,I64,U64,32,1,4,1,1000000000,128,Yes,,,,,,,,
pfp_bloom_filter_add_unique_size_u64,0,NVIDIA H200,I64,U64,32,1,4,1,1000000000,256,Yes,,,,,,,,
pfp_bloom_filter_add_unique_size_u64,0,NVIDIA H200,I64,U64,32,1,4,1,1000000000,512,Yes,,,,,,,,
pfp_bloom_filter_add_unique_size_u64,0,NVIDIA H200,I64,U64,32,1,4,1,1000000000,1024,Yes,,,,,,,,
pfp_bloom_filter_add_unique_size_u64,0,NVIDIA H200,I64,U64,32,1,4,1,1000000000,2048,Yes,,,,,,,,
pfp_bloom_filter_add_unique_size_u64,0,NVIDIA H200,I64,U64,32,1,4,2,1000000000,1,Yes,,,,,,,,
pfp_bloom_filter_add_unique_size_u64,0,NVIDIA H200,I64,U64,32,1,4,2,1000000000,2,Yes,,,,,,,,
pfp_bloom_filter_add_unique_size_u64,0,NVIDIA H200,I64,U64,32,1,4,2,1000000000,4,Yes,,,,,,,,
pfp_bloom_filter_add_unique_size_u64,0,NVIDIA H200,I64,U64,32,1,4,2,1000000000,8,Yes,,,,,,,,
pfp_bloom_filter_add_unique_size_u64,0,NVIDIA H200,I64,U64,32,1,4,2,1000000000,16,Yes,,,,,,,,
pfp_bloom_filter_add_unique_size_u64,0,NVIDIA H200,I64,U64,32,1,4,2,1000000000,32,Yes,,,,,,,,
pfp_bloom_filter_add_unique_size_u64,0,NVIDIA H200,I64,U64,32,1,4,2,1000000000,64,Yes,,,,,,,,
pfp_bloom_filter_add_unique_size_u64,0,NVIDIA H200,I64,U64,32,1,4,2,1000000000,128,Yes,,,,,,,,
pfp_bloom_filter_add_unique_size_u64,0,NVIDIA H200,I64,U64,32,1,4,2,1000000000,256,Yes,,,,,,,,
pfp_bloom_filter_add_unique_size_u64,0,NVIDIA H200,I64,U64,32,1,4,2,1000000000,512,Yes,,,,,,,,
pfp_bloom_filter_add_unique_size_u64,0,NVIDIA H200,I64,U64,32,1,4,2,1000000000,1024,Yes,,,,,,,,
pfp_bloom_filter_add_unique_size_u64,0,NVIDIA H200,I64,U64,32,1,4,2,1000000000,2048,Yes,,,,,,,,
pfp_bloom_filter_add_unique_size_u64,0,NVIDIA H200,I64,U64,32,1,4,4,1000000000,1,Yes,,,,,,,,
pfp_bloom_filter_add_unique_size_u64,0,NVIDIA H200,I64,U64,32,1,4,4,1000000000,2,Yes,,,,,,,,
pfp_bloom_filter_add_unique_size_u64,0,NVIDIA H200,I64,U64,32,1,4,4,1000000000,4,Yes,,,,,,,,
pfp_bloom_filter_add_unique_size_u64,0,NVIDIA H200,I64,U64,32,1,4,4,1000000000,8,Yes,,,,,,,,
pfp_bloom_filter_add_unique_size_u64,0,NVIDIA H200,I64,U64,32,1,4,4,1000000000,16,Yes,,,,,,,,
pfp_bloom_filter_add_unique_size_u64,0,NVIDIA H200,I64,U64,32,1,4,4,1000000000,32,Yes,,,,,,,,
pfp_bloom_filter_add_unique_size_u64,0,NVIDIA H200,I64,U64,32,1,4,4,1000000000,64,Yes,,,,,,,,
pfp_bloom_filter_add_unique_size_u64,0,NVIDIA H200,I64,U64,32,1,4,4,1000000000,128,Yes,,,,,,,,
pfp_bloom_filter_add_unique_size_u64,0,NVIDIA H200,I64,U64,32,1,4,4,1000000000,256,Yes,,,,,,,,
pfp_bloom_filter_add_unique_size_u64,0,NVIDIA H200,I64,U64,32,1,4,4,1000000000,512,Yes,,,,,,,,
pfp_bloom_filter_add_unique_size_u64,0,NVIDIA H200,I64,U64,32,1,4,4,1000000000,1024,Yes,,,,,,,,
pfp_bloom_filter_add_unique_size_u64,0,NVIDIA H200,I64,U64,32,1,4,4,1000000000,2048,Yes,,,,,,,,
pfp_bloom_filter_add_unique_size_u64,0,NVIDIA H200,I64,U64,32,1,4,8,1000000000,1,Yes,,,,,,,,
pfp_bloom_filter_add_unique_size_u64,0,NVIDIA H200,I64,U64,32,1,4,8,1000000000,2,Yes,,,,,,,,
pfp_bloom_filter_add_unique_size_u64,0,NVIDIA H200,I64,U64,32,1,4,8,1000000000,4,Yes,,,,,,,,
pfp_bloom_filter_add_unique_size_u64,0,NVIDIA H200,I64,U64,32,1,4,8,1000000000,8,Yes,,,,,,,,
pfp_bloom_filter_add_unique_size_u64,0,NVIDIA H200,I64,U64,32,1,4,8,1000000000,16,Yes,,,,,,,,
pfp_bloom_filter_add_unique_size_u64,0,NVIDIA H200,I64,U64,32,1,4,8,1000000000,32,Yes,,,,,,,,
pfp_bloom_filter_add_unique_size_u64,0,NVIDIA H200,I64,U64,32,1,4,8,1000000000,64,Yes,,,,,,,,
pfp_bloom_filter_add_unique_size_u64,0,NVIDIA H200,I64,U64,32,1,4,8,1000000000,128,Yes,,,,,,,,
pfp_bloom_filter_add_unique_size_u64,0,NVIDIA H200,I64,U64,32,1,4,8,1000000000,256,Yes,,,,,,,,
pfp_bloom_filter_add_unique_size_u64,0,NVIDIA H200,I64,U64,32,1,4,8,1000000000,512,Yes,,,,,,,,
pfp_bloom_filter_add_unique_size_u64,0,NVIDIA H200,I64,U64,32,1,4,8,1000000000,1024,Yes,,,,,,,,
pfp_bloom_filter_add_unique_size_u64,0,NVIDIA H200,I64,U64,32,1,4,8,1000000000,2048,Yes,,,,,,,,
pfp_bloom_filter_add_unique_size_u64,0,NVIDIA H200,I64,U64,32,1,8,1,1000000000,1,Yes,,,,,,,,
pfp_bloom_filter_add_unique_size_u64,0,NVIDIA H200,I64,U64,32,1,8,1,1000000000,2,Yes,,,,,,,,
pfp_bloom_filter_add_unique_size_u64,0,NVIDIA H200,I64,U64,32,1,8,1,1000000000,4,Yes,,,,,,,,
pfp_bloom_filter_add_unique_size_u64,0,NVIDIA H200,I64,U64,32,1,8,1,1000000000,8,Yes,,,,,,,,
pfp_bloom_filter_add_unique_size_u64,0,NVIDIA H200,I64,U64,32,1,8,1,1000000000,16,Yes,,,,,,,,
pfp_bloom_filter_add_unique_size_u64,0,NVIDIA H200,I64,U64,32,1,8,1,1000000000,32,Yes,,,,,,,,
pfp_bloom_filter_add_unique_size_u64,0,NVIDIA H200,I64,U64,32,1,8,1,1000000000,64,Yes,,,,,,,,
pfp_bloom_filter_add_unique_size_u64,0,NVIDIA H200,I64,U64,32,1,8,1,1000000000,128,Yes,,,,,,,,
pfp_bloom_filter_add_unique_size_u64,0,NVIDIA H200,I64,U64,32,1,8,1,1000000000,256,Yes,,,,,,,,
pfp_bloom_filter_add_unique_size_u64,0,NVIDIA H200,I64,U64,32,1,8,1,1000000000,512,Yes,,,,,,,,
pfp_bloom_filter_add_unique_size_u64,0,NVIDIA H200,I64,U64,32,1,8,1,1000000000,1024,Yes,,,,,,,,
pfp_bloom_filter_add_unique_size_u64,0,NVIDIA H200,I64,U64,32,1,8,1,1000000000,2048,Yes,,,,,,,,
pfp_bloom_filter_add_unique_size_u64,0,NVIDIA H200,I64,U64,32,1,8,2,1000000000,1,Yes,,,,,,,,
pfp_bloom_filter_add_unique_size_u64,0,NVIDIA H200,I64,U64,32,1,8,2,1000000000,2,Yes,,,,,,,,
pfp_bloom_filter_add_unique_size_u64,0,NVIDIA H200,I64,U64,32,1,8,2,1000000000,4,Yes,,,,,,,,
pfp_bloom_filter_add_unique_size_u64,0,NVIDIA H200,I64,U64,32,1,8,2,1000000000,8,Yes,,,,,,,,
pfp_bloom_filter_add_unique_size_u64,0,NVIDIA H200,I64,U64,32,1,8,2,1000000000,16,Yes,,,,,,,,
pfp_bloom_filter_add_unique_size_u64,0,NVIDIA H200,I64,U64,32,1,8,2,1000000000,32,Yes,,,,,,,,
pfp_bloom_filter_add_unique_size_u64,0,NVIDIA H200,I64,U64,32,1,8,2,1000000000,64,Yes,,,,,,,,
pfp_bloom_filter_add_unique_size_u64,0,NVIDIA H200,I64,U64,32,1,8,2,1000000000,128,Yes,,,,,,,,
pfp_bloom_filter_add_unique_size_u64,0,NVIDIA H200,I64,U64,32,1,8,2,1000000000,256,Yes,,,,,,,,
pfp_bloom_filter_add_unique_size_u64,0,NVIDIA H200,I64,U64,32,1,8,2,1000000000,512,Yes,,,,,,,,
pfp_bloom_filter_add_unique_size_u64,0,NVIDIA H200,I64,U64,32,1,8,2,1000000000,1024,Yes,,,,,,,,
pfp_bloom_filter_add_unique_size_u64,0,NVIDIA H200,I64,U64,32,1,8,2,1000000000,2048,Yes,,,,,,,,
pfp_bloom_filter_add_unique_size_u64,0,NVIDIA H200,I64,U64,32,1,8,4,1000000000,1,Yes,,,,,,,,
pfp_bloom_filter_add_unique_size_u64,0,NVIDIA H200,I64,U64,32,1,8,4,1000000000,2,Yes,,,,,,,,
pfp_bloom_filter_add_unique_size_u64,0,NVIDIA H200,I64,U64,32,1,8,4,1000000000,4,Yes,,,,,,,,
pfp_bloom_filter_add_unique_size_u64,0,NVIDIA H200,I64,U64,32,1,8,4,1000000000,8,Yes,,,,,,,,
pfp_bloom_filter_add_unique_size_u64,0,NVIDIA H200,I64,U64,32,1,8,4,1000000000,16,Yes,,,,,,,,
pfp_bloom_filter_add_unique_size_u64,0,NVIDIA H200,I64,U64,32,1,8,4,1000000000,32,Yes,,,,,,,,
pfp_bloom_filter_add_unique_size_u64,0,NVIDIA H200,I64,U64,32,1,8,4,1000000000,64,Yes,,,,,,,,
pfp_bloom_filter_add_unique_size_u64,0,NVIDIA H200,I64,U64,32,1,8,4,1000000000,128,Yes,,,,,,,,
pfp_bloom_filter_add_unique_size_u64,0,NVIDIA H200,I64,U64,32,1,8,4,1000000000,256,Yes,,,,,,,,
pfp_bloom_filter_add_unique_size_u64,0,NVIDIA H200,I64,U64,32,1,8,4,1000000000,512,Yes,,,,,,,,
pfp_bloom_filter_add_unique_size_u64,0,NVIDIA H200,I64,U64,32,1,8,4,1000000000,1024,Yes,,,,,,,,
pfp_bloom_filter_add_unique_size_u64,0,NVIDIA H200,I64,U64,32,1,8,4,1000000000,2048,Yes,,,,,,,,
pfp_bloom_filter_add_unique_size_u64,0,NVIDIA H200,I64,U64,32,1,8,8,1000000000,1,Yes,,,,,,,,
pfp_bloom_filter_add_unique_size_u64,0,NVIDIA H200,I64,U64,32,1,8,8,1000000000,2,Yes,,,,,,,,
pfp_bloom_filter_add_unique_size_u64,0,NVIDIA H200,I64,U64,32,1,8,8,1000000000,4,Yes,,,,,,,,
pfp_bloom_filter_add_unique_size_u64,0,NVIDIA H200,I64,U64,32,1,8,8,1000000000,8,Yes,,,,,,,,
pfp_bloom_filter_add_unique_size_u64,0,NVIDIA H200,I64,U64,32,1,8,8,1000000000,16,Yes,,,,,,,,
pfp_bloom_filter_add_unique_size_u64,0,NVIDIA H200,I64,U64,32,1,8,8,1000000000,32,Yes,,,,,,,,
pfp_bloom_filter_add_unique_size_u64,0,NVIDIA H200,I64,U64,32,1,8,8,1000000000,64,Yes,,,,,,,,
pfp_bloom_filter_add_unique_size_u64,0,NVIDIA H200,I64,U64,32,1,8,8,1000000000,128,Yes,,,,,,,,
pfp_bloom_filter_add_unique_size_u64,0,NVIDIA H200,I64,U64,32,1,8,8,1000000000,256,Yes,,,,,,,,
pfp_bloom_filter_add_unique_size_u64,0,NVIDIA H200,I64,U64,32,1,8,8,1000000000,512,Yes,,,,,,,,
pfp_bloom_filter_add_unique_size_u64,0,NVIDIA H200,I64,U64,32,1,8,8,1000000000,1024,Yes,,,,,,,,
pfp_bloom_filter_add_unique_size_u64,0,NVIDIA H200,I64,U64,32,1,8,8,1000000000,2048,Yes,,,,,,,,
pfp_bloom_filter_add_unique_size_u64,0,NVIDIA H200,I64,U64,32,20,1,1,1000000000,1,Yes,,,,,,,,
pfp_bloom_filter_add_unique_size_u64,0,NVIDIA H200,I64,U64,32,20,1,1,1000000000,2,Yes,,,,,,,,
pfp_bloom_filter_add_unique_size_u64,0,NVIDIA H200,I64,U64,32,20,1,1,1000000000,4,Yes,,,,,,,,
pfp_bloom_filter_add_unique_size_u64,0,NVIDIA H200,I64,U64,32,20,1,1,1000000000,8,Yes,,,,,,,,
pfp_bloom_filter_add_unique_size_u64,0,NVIDIA H200,I64,U64,32,20,1,1,1000000000,16,Yes,,,,,,,,
pfp_bloom_filter_add_unique_size_u64,0,NVIDIA H200,I64,U64,32,20,1,1,1000000000,32,Yes,,,,,,,,
pfp_bloom_filter_add_unique_size_u64,0,NVIDIA H200,I64,U64,32,20,1,1,1000000000,64,Yes,,,,,,,,
pfp_bloom_filter_add_unique_size_u64,0,NVIDIA H200,I64,U64,32,20,1,1,1000000000,128,Yes,,,,,,,,
pfp_bloom_filter_add_unique_size_u64,0,NVIDIA H200,I64,U64,32,20,1,1,1000000000,256,Yes,,,,,,,,
pfp_bloom_filter_add_unique_size_u64,0,NVIDIA H200,I64,U64,32,20,1,1,1000000000,512,Yes,,,,,,,,
pfp_bloom_filter_add_unique_size_u64,0,NVIDIA H200,I64,U64,32,20,1,1,1000000000,1024,Yes,,,,,,,,
pfp_bloom_filter_add_unique_size_u64,0,NVIDIA H200,I64,U64,32,20,1,1,1000000000,2048,Yes,,,,,,,,
pfp_bloom_filter_add_unique_size_u64,0,NVIDIA H200,I64,U64,32,20,1,2,1000000000,1,Yes,,,,,,,,
pfp_bloom_filter_add_unique_size_u64,0,NVIDIA H200,I64,U64,32,20,1,2,1000000000,2,Yes,,,,,,,,
pfp_bloom_filter_add_unique_size_u64,0,NVIDIA H200,I64,U64,32,20,1,2,1000000000,4,Yes,,,,,,,,
pfp_bloom_filter_add_unique_size_u64,0,NVIDIA H200,I64,U64,32,20,1,2,1000000000,8,Yes,,,,,,,,
pfp_bloom_filter_add_unique_size_u64,0,NVIDIA H200,I64,U64,32,20,1,2,1000000000,16,Yes,,,,,,,,
pfp_bloom_filter_add_unique_size_u64,0,NVIDIA H200,I64,U64,32,20,1,2,1000000000,32,Yes,,,,,,,,
pfp_bloom_filter_add_unique_size_u64,0,NVIDIA H200,I64,U64,32,20,1,2,1000000000,64,Yes,,,,,,,,
pfp_bloom_filter_add_unique_size_u64,0,NVIDIA H200,I64,U64,32,20,1,2,1000000000,128,Yes,,,,,,,,
pfp_bloom_filter_add_unique_size_u64,0,NVIDIA H200,I64,U64,32,20,1,2,1000000000,256,Yes,,,,,,,,
pfp_bloom_filter_add_unique_size_u64,0,NVIDIA H200,I64,U64,32,20,1,2,1000000000,512,Yes,,,,,,,,
pfp_bloom_filter_add_unique_size_u64,0,NVIDIA H200,I64,U64,32,20,1,2,1000000000,1024,Yes,,,,,,,,
pfp_bloom_filter_add_unique_size_u64,0,NVIDIA H200,I64,U64,32,20,1,2,1000000000,2048,Yes,,,,,,,,
pfp_bloom_filter_add_unique_size_u64,0,NVIDIA H200,I64,U64,32,20,1,4,1000000000,1,Yes,,,,,,,,
pfp_bloom_filter_add_unique_size_u64,0,NVIDIA H200,I64,U64,32,20,1,4,1000000000,2,Yes,,,,,,,,
pfp_bloom_filter_add_unique_size_u64,0,NVIDIA H200,I64,U64,32,20,1,4,1000000000,4,Yes,,,,,,,,
pfp_bloom_filter_add_unique_size_u64,0,NVIDIA H200,I64,U64,32,20,1,4,1000000000,8,Yes,,,,,,,,
pfp_bloom_filter_add_unique_size_u64,0,NVIDIA H200,I64,U64,32,20,1,4,1000000000,16,Yes,,,,,,,,
pfp_bloom_filter_add_unique_size_u64,0,NVIDIA H200,I64,U64,32,20,1,4,1000000000,32,Yes,,,,,,,,
pfp_bloom_filter_add_unique_size_u64,0,NVIDIA H200,I64,U64,32,20,1,4,1000000000,64,Yes,,,,,,,,
pfp_bloom_filter_add_unique_size_u64,0,NVIDIA H200,I64,U64,32,20,1,4,1000000000,128,Yes,,,,,,,,
pfp_bloom_filter_add_unique_size_u64,0,NVIDIA H200,I64,U64,32,20,1,4,1000000000,256,Yes,,,,,,,,
pfp_bloom_filter_add_unique_size_u64,0,NVIDIA H200,I64,U64,32,20,1,4,1000000000,512,Yes,,,,,,,,
pfp_bloom_filter_add_unique_size_u64,0,NVIDIA H200,I64,U64,32,20,1,4,1000000000,1024,Yes,,,,,,,,
pfp_bloom_filter_add_unique_size_u64,0,NVIDIA H200,I64,U64,32,20,1,4,1000000000,2048,Yes,,,,,,,,
pfp_bloom_filter_add_unique_size_u64,0,NVIDIA H200,I64,U64,32,20,1,8,1000000000,1,Yes,,,,,,,,
pfp_bloom_filter_add_unique_size_u64,0,NVIDIA H200,I64,U64,32,20,1,8,1000000000,2,Yes,,,,,,,,
pfp_bloom_filter_add_unique_size_u64,0,NVIDIA H200,I64,U64,32,20,1,8,1000000000,4,Yes,,,,,,,,
pfp_bloom_filter_add_unique_size_u64,0,NVIDIA H200,I64,U64,32,20,1,8,1000000000,8,Yes,,,,,,,,
pfp_bloom_filter_add_unique_size_u64,0,NVIDIA H200,I64,U64,32,20,1,8,1000000000,16,Yes,,,,,,,,
pfp_bloom_filter_add_unique_size_u64,0,NVIDIA H200,I64,U64,32,20,1,8,1000000000,32,Yes,,,,,,,,
pfp_bloom_filter_add_unique_size_u64,0,NVIDIA H200,I64,U64,32,20,1,8,1000000000,64,Yes,,,,,,,,
pfp_bloom_filter_add_unique_size_u64,0,NVIDIA H200,I64,U64,32,20,1,8,1000000000,128,Yes,,,,,,,,
pfp_bloom_filter_add_unique_size_u64,0,NVIDIA H200,I64,U64,32,20,1,8,1000000000,256,Yes,,,,,,,,
pfp_bloom_filter_add_unique_size_u64,0,NVIDIA H200,I64,U64,32,20,1,8,1000000000,512,Yes,,,,,,,,
pfp_bloom_filter_add_unique_size_u64,0,NVIDIA H200,I64,U64,32,20,1,8,1000000000,1024,Yes,,,,,,,,
pfp_bloom_filter_add_unique_size_u64,0,NVIDIA H200,I64,U64,32,20,1,8,1000000000,2048,Yes,,,,,,,,
pfp_bloom_filter_add_unique_size_u64,0,NVIDIA H200,I64,U64,32,20,2,1,1000000000,1,Yes,,,,,,,,
pfp_bloom_filter_add_unique_size_u64,0,NVIDIA H200,I64,U64,32,20,2,1,1000000000,2,Yes,,,,,,,,
pfp_bloom_filter_add_unique_size_u64,0,NVIDIA H200,I64,U64,32,20,2,1,1000000000,4,Yes,,,,,,,,
pfp_bloom_filter_add_unique_size_u64,0,NVIDIA H200,I64,U64,32,20,2,1,1000000000,8,Yes,,,,,,,,
pfp_bloom_filter_add_unique_size_u64,0,NVIDIA H200,I64,U64,32,20,2,1,1000000000,16,Yes,,,,,,,,
pfp_bloom_filter_add_unique_size_u64,0,NVIDIA H200,I64,U64,32,20,2,1,1000000000,32,Yes,,,,,,,,
pfp_bloom_filter_add_unique_size_u64,0,NVIDIA H200,I64,U64,32,20,2,1,1000000000,64,Yes,,,,,,,,
pfp_bloom_filter_add_unique_size_u64,0,NVIDIA H200,I64,U64,32,20,2,1,1000000000,128,Yes,,,,,,,,
pfp_bloom_filter_add_unique_size_u64,0,NVIDIA H200,I64,U64,32,20,2,1,1000000000,256,Yes,,,,,,,,
pfp_bloom_filter_add_unique_size_u64,0,NVIDIA H200,I64,U64,32,20,2,1,1000000000,512,Yes,,,,,,,,
pfp_bloom_filter_add_unique_size_u64,0,NVIDIA H200,I64,U64,32,20,2,1,1000000000,1024,Yes,,,,,,,,
pfp_bloom_filter_add_unique_size_u64,0,NVIDIA H200,I64,U64,32,20,2,1,1000000000,2048,Yes,,,,,,,,
pfp_bloom_filter_add_unique_size_u64,0,NVIDIA H200,I64,U64,32,20,2,2,1000000000,1,Yes,,,,,,,,
pfp_bloom_filter_add_unique_size_u64,0,NVIDIA H200,I64,U64,32,20,2,2,1000000000,2,Yes,,,,,,,,
pfp_bloom_filter_add_unique_size_u64,0,NVIDIA H200,I64,U64,32,20,2,2,1000000000,4,Yes,,,,,,,,
pfp_bloom_filter_add_unique_size_u64,0,NVIDIA H200,I64,U64,32,20,2,2,1000000000,8,Yes,,,,,,,,
pfp_bloom_filter_add_unique_size_u64,0,NVIDIA H200,I64,U64,32,20,2,2,1000000000,16,Yes,,,,,,,,
pfp_bloom_filter_add_unique_size_u64,0,NVIDIA H200,I64,U64,32,20,2,2,1000000000,32,Yes,,,,,,,,
pfp_bloom_filter_add_unique_size_u64,0,NVIDIA H200,I64,U64,32,20,2,2,1000000000,64,Yes,,,,,,,,
pfp_bloom_filter_add_unique_size_u64,0,NVIDIA H200,I64,U64,32,20,2,2,1000000000,128,Yes,,,,,,,,
pfp_bloom_filter_add_unique_size_u64,0,NVIDIA H200,I64,U64,32,20,2,2,1000000000,256,Yes,,,,,,,,
pfp_bloom_filter_add_unique_size_u64,0,NVIDIA H200,I64,U64,32,20,2,2,1000000000,512,Yes,,,,,,,,
pfp_bloom_filter_add_unique_size_u64,0,NVIDIA H200,I64,U64,32,20,2,2,1000000000,1024,Yes,,,,,,,,
pfp_bloom_filter_add_unique_size_u64,0,NVIDIA H200,I64,U64,32,20,2,2,1000000000,2048,Yes,,,,,,,,
pfp_bloom_filter_add_unique_size_u64,0,NVIDIA H200,I64,U64,32,20,2,4,1000000000,1,Yes,,,,,,,,
pfp_bloom_filter_add_unique_size_u64,0,NVIDIA H200,I64,U64,32,20,2,4,1000000000,2,Yes,,,,,,,,
pfp_bloom_filter_add_unique_size_u64,0,NVIDIA H200,I64,U64,32,20,2,4,1000000000,4,Yes,,,,,,,,
pfp_bloom_filter_add_unique_size_u64,0,NVIDIA H200,I64,U64,32,20,2,4,1000000000,8,Yes,,,,,,,,
pfp_bloom_filter_add_unique_size_u64,0,NVIDIA H200,I64,U64,32,20,2,4,1000000000,16,Yes,,,,,,,,
pfp_bloom_filter_add_unique_size_u64,0,NVIDIA H200,I64,U64,32,20,2,4,1000000000,32,Yes,,,,,,,,
pfp_bloom_filter_add_unique_size_u64,0,NVIDIA H200,I64,U64,32,20,2,4,1000000000,64,Yes,,,,,,,,
pfp_bloom_filter_add_unique_size_u64,0,NVIDIA H200,I64,U64,32,20,2,4,1000000000,128,Yes,,,,,,,,
pfp_bloom_filter_add_unique_size_u64,0,NVIDIA H200,I64,U64,32,20,2,4,1000000000,256,Yes,,,,,,,,
pfp_bloom_filter_add_unique_size_u64,0,NVIDIA H200,I64,U64,32,20,2,4,1000000000,512,Yes,,,,,,,,
pfp_bloom_filter_add_unique_size_u64,0,NVIDIA H200,I64,U64,32,20,2,4,1000000000,1024,Yes,,,,,,,,
pfp_bloom_filter_add_unique_size_u64,0,NVIDIA H200,I64,U64,32,20,2,4,1000000000,2048,Yes,,,,,,,,
pfp_bloom_filter_add_unique_size_u64,0,NVIDIA H200,I64,U64,32,20,2,8,1000000000,1,Yes,,,,,,,,
pfp_bloom_filter_add_unique_size_u64,0,NVIDIA H200,I64,U64,32,20,2,8,1000000000,2,Yes,,,,,,,,
pfp_bloom_filter_add_unique_size_u64,0,NVIDIA H200,I64,U64,32,20,2,8,1000000000,4,Yes,,,,,,,,
pfp_bloom_filter_add_unique_size_u64,0,NVIDIA H200,I64,U64,32,20,2,8,1000000000,8,Yes,,,,,,,,
pfp_bloom_filter_add_unique_size_u64,0,NVIDIA H200,I64,U64,32,20,2,8,1000000000,16,Yes,,,,,,,,
pfp_bloom_filter_add_unique_size_u64,0,NVIDIA H200,I64,U64,32,20,2,8,1000000000,32,Yes,,,,,,,,
pfp_bloom_filter_add_unique_size_u64,0,NVIDIA H200,I64,U64,32,20,2,8,1000000000,64,Yes,,,,,,,,
pfp_bloom_filter_add_unique_size_u64,0,NVIDIA H200,I64,U64,32,20,2,8,1000000000,128,Yes,,,,,,,,
pfp_bloom_filter_add_unique_size_u64,0,NVIDIA H200,I64,U64,32,20,2,8,1000000000,256,Yes,,,,,,,,
pfp_bloom_filter_add_unique_size_u64,0,NVIDIA H200,I64,U64,32,20,2,8,1000000000,512,Yes,,,,,,,,
pfp_bloom_filter_add_unique_size_u64,0,NVIDIA H200,I64,U64,32,20,2,8,1000000000,1024,Yes,,,,,,,,
pfp_bloom_filter_add_unique_size_u64,0,NVIDIA H200,I64,U64,32,20,2,8,1000000000,2048,Yes,,,,,,,,
pfp_bloom_filter_add_unique_size_u64,0,NVIDIA H200,I64,U64,32,20,4,1,1000000000,1,Yes,,,,,,,,
pfp_bloom_filter_add_unique_size_u64,0,NVIDIA H200,I64,U64,32,20,4,1,1000000000,2,Yes,,,,,,,,
pfp_bloom_filter_add_unique_size_u64,0,NVIDIA H200,I64,U64,32,20,4,1,1000000000,4,Yes,,,,,,,,
pfp_bloom_filter_add_unique_size_u64,0,NVIDIA H200,I64,U64,32,20,4,1,1000000000,8,Yes,,,,,,,,
pfp_bloom_filter_add_unique_size_u64,0,NVIDIA H200,I64,U64,32,20,4,1,1000000000,16,Yes,,,,,,,,
pfp_bloom_filter_add_unique_size_u64,0,NVIDIA H200,I64,U64,32,20,4,1,1000000000,32,Yes,,,,,,,,
pfp_bloom_filter_add_unique_size_u64,0,NVIDIA H200,I64,U64,32,20,4,1,1000000000,64,Yes,,,,,,,,
pfp_bloom_filter_add_unique_size_u64,0,NVIDIA H200,I64,U64,32,20,4,1,1000000000,128,Yes,,,,,,,,
pfp_bloom_filter_add_unique_size_u64,0,NVIDIA H200,I64,U64,32,20,4,1,1000000000,256,Yes,,,,,,,,
pfp_bloom_filter_add_unique_size_u64,0,NVIDIA H200,I64,U64,32,20,4,1,1000000000,512,Yes,,,,,,,,
pfp_bloom_filter_add_unique_size_u64,0,NVIDIA H200,I64,U64,32,20,4,1,1000000000,1024,Yes,,,,,,,,
pfp_bloom_filter_add_unique_size_u64,0,NVIDIA H200,I64,U64,32,20,4,1,1000000000,2048,Yes,,,,,,,,
pfp_bloom_filter_add_unique_size_u64,0,NVIDIA H200,I64,U64,32,20,4,2,1000000000,1,Yes,,,,,,,,
pfp_bloom_filter_add_unique_size_u64,0,NVIDIA H200,I64,U64,32,20,4,2,1000000000,2,Yes,,,,,,,,
pfp_bloom_filter_add_unique_size_u64,0,NVIDIA H200,I64,U64,32,20,4,2,1000000000,4,Yes,,,,,,,,
pfp_bloom_filter_add_unique_size_u64,0,NVIDIA H200,I64,U64,32,20,4,2,1000000000,8,Yes,,,,,,,,
pfp_bloom_filter_add_unique_size_u64,0,NVIDIA H200,I64,U64,32,20,4,2,1000000000,16,Yes,,,,,,,,
pfp_bloom_filter_add_unique_size_u64,0,NVIDIA H200,I64,U64,32,20,4,2,1000000000,32,Yes,,,,,,,,
pfp_bloom_filter_add_unique_size_u64,0,NVIDIA H200,I64,U64,32,20,4,2,1000000000,64,Yes,,,,,,,,
pfp_bloom_filter_add_unique_size_u64,0,NVIDIA H200,I64,U64,32,20,4,2,1000000000,128,Yes,,,,,,,,
pfp_bloom_filter_add_unique_size_u64,0,NVIDIA H200,I64,U64,32,20,4,2,1000000000,256,Yes,,,,,,,,
pfp_bloom_filter_add_unique_size_u64,0,NVIDIA H200,I64,U64,32,20,4,2,1000000000,512,Yes,,,,,,,,
pfp_bloom_filter_add_unique_size_u64,0,NVIDIA H200,I64,U64,32,20,4,2,1000000000,1024,Yes,,,,,,,,
pfp_bloom_filter_add_unique_size_u64,0,NVIDIA H200,I64,U64,32,20,4,2,1000000000,2048,Yes,,,,,,,,
pfp_bloom_filter_add_unique_size_u64,0,NVIDIA H200,I64,U64,32,20,4,4,1000000000,1,Yes,,,,,,,,
pfp_bloom_filter_add_unique_size_u64,0,NVIDIA H200,I64,U64,32,20,4,4,1000000000,2,Yes,,,,,,,,
pfp_bloom_filter_add_unique_size_u64,0,NVIDIA H200,I64,U64,32,20,4,4,1000000000,4,Yes,,,,,,,,
pfp_bloom_filter_add_unique_size_u64,0,NVIDIA H200,I64,U64,32,20,4,4,1000000000,8,Yes,,,,,,,,
pfp_bloom_filter_add_unique_size_u64,0,NVIDIA H200,I64,U64,32,20,4,4,1000000000,16,Yes,,,,,,,,
pfp_bloom_filter_add_unique_size_u64,0,NVIDIA H200,I64,U64,32,20,4,4,1000000000,32,Yes,,,,,,,,
pfp_bloom_filter_add_unique_size_u64,0,NVIDIA H200,I64,U64,32,20,4,4,1000000000,64,Yes,,,,,,,,
pfp_bloom_filter_add_unique_size_u64,0,NVIDIA H200,I64,U64,32,20,4,4,1000000000,128,Yes,,,,,,,,
pfp_bloom_filter_add_unique_size_u64,0,NVIDIA H200,I64,U64,32,20,4,4,1000000000,256,Yes,,,,,,,,
pfp_bloom_filter_add_unique_size_u64,0,NVIDIA H200,I64,U64,32,20,4,4,1000000000,512,Yes,,,,,,,,
pfp_bloom_filter_add_unique_size_u64,0,NVIDIA H200,I64,U64,32,20,4,4,1000000000,1024,Yes,,,,,,,,
pfp_bloom_filter_add_unique_size_u64,0,NVIDIA H200,I64,U64,32,20,4,4,1000000000,2048,Yes,,,,,,,,
pfp_bloom_filter_add_unique_size_u64,0,NVIDIA H200,I64,U64,32,20,4,8,1000000000,1,Yes,,,,,,,,
pfp_bloom_filter_add_unique_size_u64,0,NVIDIA H200,I64,U64,32,20,4,8,1000000000,2,Yes,,,,,,,,
pfp_bloom_filter_add_unique_size_u64,0,NVIDIA H200,I64,U64,32,20,4,8,1000000000,4,Yes,,,,,,,,
pfp_bloom_filter_add_unique_size_u64,0,NVIDIA H200,I64,U64,32,20,4,8,1000000000,8,Yes,,,,,,,,
pfp_bloom_filter_add_unique_size_u64,0,NVIDIA H200,I64,U64,32,20,4,8,1000000000,16,Yes,,,,,,,,
pfp_bloom_filter_add_unique_size_u64,0,NVIDIA H200,I64,U64,32,20,4,8,1000000000,32,Yes,,,,,,,,
pfp_bloom_filter_add_unique_size_u64,0,NVIDIA H200,I64,U64,32,20,4,8,1000000000,64,Yes,,,,,,,,
pfp_bloom_filter_add_unique_size_u64,0,NVIDIA H200,I64,U64,32,20,4,8,1000000000,128,Yes,,,,,,,,
pfp_bloom_filter_add_unique_size_u64,0,NVIDIA H200,I64,U64,32,20,4,8,1000000000,256,Yes,,,,,,,,
pfp_bloom_filter_add_unique_size_u64,0,NVIDIA H200,I64,U64,32,20,4,8,1000000000,512,Yes,,,,,,,,
pfp_bloom_filter_add_unique_size_u64,0,NVIDIA H200,I64,U64,32,20,4,8,1000000000,1024,Yes,,,,,,,,
pfp_bloom_filter_add_unique_size_u64,0,NVIDIA H200,I64,U64,32,20,4,8,1000000000,2048,Yes,,,,,,,,
pfp_bloom_filter_add_unique_size_u64,0,NVIDIA H200,I64,U64,32,20,8,1,1000000000,1,Yes,,,,,,,,
pfp_bloom_filter_add_unique_size_u64,0,NVIDIA H200,I64,U64,32,20,8,1,1000000000,2,Yes,,,,,,,,
pfp_bloom_filter_add_unique_size_u64,0,NVIDIA H200,I64,U64,32,20,8,1,1000000000,4,Yes,,,,,,,,
pfp_bloom_filter_add_unique_size_u64,0,NVIDIA H200,I64,U64,32,20,8,1,1000000000,8,Yes,,,,,,,,
pfp_bloom_filter_add_unique_size_u64,0,NVIDIA H200,I64,U64,32,20,8,1,1000000000,16,Yes,,,,,,,,
pfp_bloom_filter_add_unique_size_u64,0,NVIDIA H200,I64,U64,32,20,8,1,1000000000,32,Yes,,,,,,,,
pfp_bloom_filter_add_unique_size_u64,0,NVIDIA H200,I64,U64,32,20,8,1,1000000000,64,Yes,,,,,,,,
pfp_bloom_filter_add_unique_size_u64,0,NVIDIA H200,I64,U64,32,20,8,1,1000000000,128,Yes,,,,,,,,
pfp_bloom_filter_add_unique_size_u64,0,NVIDIA H200,I64,U64,32,20,8,1,1000000000,256,Yes,,,,,,,,
pfp_bloom_filter_add_unique_size_u64,0,NVIDIA H200,I64,U64,32,20,8,1,1000000000,512,Yes,,,,,,,,
pfp_bloom_filter_add_unique_size_u64,0,NVIDIA H200,I64,U64,32,20,8,1,1000000000,1024,Yes,,,,,,,,
pfp_bloom_filter_add_unique_size_u64,0,NVIDIA H200,I64,U64,32,20,8,1,1000000000,2048,Yes,,,,,,,,
pfp_bloom_filter_add_unique_size_u64,0,NVIDIA H200,I64,U64,32,20,8,2,1000000000,1,Yes,,,,,,,,
pfp_bloom_filter_add_unique_size_u64,0,NVIDIA H200,I64,U64,32,20,8,2,1000000000,2,Yes,,,,,,,,
pfp_bloom_filter_add_unique_size_u64,0,NVIDIA H200,I64,U64,32,20,8,2,1000000000,4,Yes,,,,,,,,
pfp_bloom_filter_add_unique_size_u64,0,NVIDIA H200,I64,U64,32,20,8,2,1000000000,8,Yes,,,,,,,,
pfp_bloom_filter_add_unique_size_u64,0,NVIDIA H200,I64,U64,32,20,8,2,1000000000,16,Yes,,,,,,,,
pfp_bloom_filter_add_unique_size_u64,0,NVIDIA H200,I64,U64,32,20,8,2,1000000000,32,Yes,,,,,,,,
pfp_bloom_filter_add_unique_size_u64,0,NVIDIA H200,I64,U64,32,20,8,2,1000000000,64,Yes,,,,,,,,
pfp_bloom_filter_add_unique_size_u64,0,NVIDIA H200,I64,U64,32,20,8,2,1000000000,128,Yes,,,,,,,,
pfp_bloom_filter_add_unique_size_u64,0,NVIDIA H200,I64,U64,32,20,8,2,1000000000,256,Yes,,,,,,,,
pfp_bloom_filter_add_unique_size_u64,0,NVIDIA H200,I64,U64,32,20,8,2,1000000000,512,Yes,,,,,,,,
pfp_bloom_filter_add_unique_size_u64,0,NVIDIA H200,I64,U64,32,20,8,2,1000000000,1024,Yes,,,,,,,,
pfp_bloom_filter_add_unique_size_u64,0,NVIDIA H200,I64,U64,32,20,8,2,1000000000,2048,Yes,,,,,,,,
pfp_bloom_filter_add_unique_size_u64,0,NVIDIA H200,I64,U64,32,20,8,4,1000000000,1,Yes,,,,,,,,
pfp_bloom_filter_add_unique_size_u64,0,NVIDIA H200,I64,U64,32,20,8,4,1000000000,2,Yes,,,,,,,,
pfp_bloom_filter_add_unique_size_u64,0,NVIDIA H200,I64,U64,32,20,8,4,1000000000,4,Yes,,,,,,,,
pfp_bloom_filter_add_unique_size_u64,0,NVIDIA H200,I64,U64,32,20,8,4,1000000000,8,Yes,,,,,,,,
pfp_bloom_filter_add_unique_size_u64,0,NVIDIA H200,I64,U64,32,20,8,4,1000000000,16,Yes,,,,,,,,
pfp_bloom_filter_add_unique_size_u64,0,NVIDIA H200,I64,U64,32,20,8,4,1000000000,32,Yes,,,,,,,,
pfp_bloom_filter_add_unique_size_u64,0,NVIDIA H200,I64,U64,32,20,8,4,1000000000,64,Yes,,,,,,,,
pfp_bloom_filter_add_unique_size_u64,0,NVIDIA H200,I64,U64,32,20,8,4,1000000000,128,Yes,,,,,,,,
pfp_bloom_filter_add_unique_size_u64,0,NVIDIA H200,I64,U64,32,20,8,4,1000000000,256,Yes,,,,,,,,
pfp_bloom_filter_add_unique_size_u64,0,NVIDIA H200,I64,U64,32,20,8,4,1000000000,512,Yes,,,,,,,,
pfp_bloom_filter_add_unique_size_u64,0,NVIDIA H200,I64,U64,32,20,8,4,1000000000,1024,Yes,,,,,,,,
pfp_bloom_filter_add_unique_size_u64,0,NVIDIA H200,I64,U64,32,20,8,4,1000000000,2048,Yes,,,,,,,,
pfp_bloom_filter_add_unique_size_u64,0,NVIDIA H200,I64,U64,32,20,8,8,1000000000,1,Yes,,,,,,,,
pfp_bloom_filter_add_unique_size_u64,0,NVIDIA H200,I64,U64,32,20,8,8,1000000000,2,Yes,,,,,,,,
pfp_bloom_filter_add_unique_size_u64,0,NVIDIA H200,I64,U64,32,20,8,8,1000000000,4,Yes,,,,,,,,
pfp_bloom_filter_add_unique_size_u64,0,NVIDIA H200,I64,U64,32,20,8,8,1000000000,8,Yes,,,,,,,,
pfp_bloom_filter_add_unique_size_u64,0,NVIDIA H200,I64,U64,32,20,8,8,1000000000,16,Yes,,,,,,,,
pfp_bloom_filter_add_unique_size_u64,0,NVIDIA H200,I64,U64,32,20,8,8,1000000000,32,Yes,,,,,,,,
pfp_bloom_filter_add_unique_size_u64,0,NVIDIA H200,I64,U64,32,20,8,8,1000000000,64,Yes,,,,,,,,
pfp_bloom_filter_add_unique_size_u64,0,NVIDIA H200,I64,U64,32,20,8,8,1000000000,128,Yes,,,,,,,,
pfp_bloom_filter_add_unique_size_u64,0,NVIDIA H200,I64,U64,32,20,8,8,1000000000,256,Yes,,,,,,,,
pfp_bloom_filter_add_unique_size_u64,0,NVIDIA H200,I64,U64,32,20,8,8,1000000000,512,Yes,,,,,,,,
pfp_bloom_filter_add_unique_size_u64,0,NVIDIA H200,I64,U64,32,20,8,8,1000000000,1024,Yes,,,,,,,,
pfp_bloom_filter_add_unique_size_u64,0,NVIDIA H200,I64,U64,32,20,8,8,1000000000,2048,Yes,,,,,,,,
pfp_bloom_filter_add_unique_size_u64,0,NVIDIA H200,I64,U64,64,1,1,1,1000000000,1,No,35,0.014399221628571435,0.0005269200603304499,0.014385881532941541,0.00048765592136478956,69512598008.68983,36,0.014389058430989584
pfp_bloom_filter_add_unique_size_u64,0,NVIDIA H200,I64,U64,64,1,1,1,1000000000,2,No,35,0.014402545142857145,0.00034383543883249103,0.01438930928366525,0.0003597769663449811,69496039058.33064,36,0.014386549207899304
pfp_bloom_filter_add_unique_size_u64,0,NVIDIA H200,I64,U64,64,1,1,1,1000000000,4,No,35,0.014404246885714286,0.0004438368988389075,0.014390868977137972,0.0004373594663297136,69488507024.04755,36,0.014386271158854167
pfp_bloom_filter_add_unique_size_u64,0,NVIDIA H200,I64,U64,64,1,1,1,1000000000,8,No,35,0.01439548808571429,0.00044271635874395946,0.014382384354727606,0.00044058248910151874,69529500487.26044,36,0.014375929090711805
pfp_bloom_filter_add_unique_size_u64,0,NVIDIA H200,I64,U64,64,1,1,1,1000000000,16,No,35,0.014333979799999999,0.00045847090624357535,0.014320696749005995,0.0004295013085045479,69829004658.54851,36,0.014310952080620658
pfp_bloom_filter_add_unique_size_u64,0,NVIDIA H200,I64,U64,64,1,1,1,1000000000,32,No,35,0.014384501314285715,0.0002216871420487112,0.014371227536882672,0.0002199293193307737,69583478337.78119,36,0.014343641493055555
pfp_bloom_filter_add_unique_size_u64,0,NVIDIA H200,I64,U64,64,1,1,1,1000000000,64,No,15,0.03458923653333334,0.00024669378720152616,0.034575607554117836,0.00024446086714798027,28922123738.09476,16,0.03456098675727844
pfp_bloom_filter_add_unique_size_u64,0,NVIDIA H200,I64,U64,64,1,1,1,1000000000,128,No,11,0.04809735318181818,0.00011118228780682807,0.048083601518110794,0.0001115355085920826,20797111040.51446,12,0.04807821146647135
pfp_bloom_filter_add_unique_size_u64,0,NVIDIA H200,I64,U64,64,1,1,1,1000000000,256,No,11,0.055622893636363635,4.224631917901402e-05,0.05560925709117542,3.851088989001902e-05,17982617504.85944,12,0.05560533142089844
pfp_bloom_filter_add_unique_size_u64,0,NVIDIA H200,I64,U64,64,1,1,1,1000000000,512,No,11,0.05995895781818183,8.929506401527713e-05,0.05994496293501421,8.365163473196683e-05,16681968776.660868,12,0.05994395287831624
pfp_bloom_filter_add_unique_size_u64,0,NVIDIA H200,I64,U64,64,1,1,1,1000000000,1024,No,11,0.06250402063636364,0.00012064073992561019,0.06249052533236417,0.00012141723100174527,16002425882.665684,12,0.06248722267150878
pfp_bloom_filter_add_unique_size_u64,0,NVIDIA H200,I64,U64,64,1,1,1,1000000000,2048,No,11,0.06411427845454545,0.00010086854141111632,0.06410084048184482,9.416741114302979e-05,15600419471.6172,12,0.06410294723510741
pfp_bloom_filter_add_unique_size_u64,0,NVIDIA H200,I64,U64,64,1,1,2,1000000000,1,Yes,,,,,,,,
pfp_bloom_filter_add_unique_size_u64,0,NVIDIA H200,I64,U64,64,1,1,2,1000000000,2,Yes,,,,,,,,
pfp_bloom_filter_add_unique_size_u64,0,NVIDIA H200,I64,U64,64,1,1,2,1000000000,4,Yes,,,,,,,,
pfp_bloom_filter_add_unique_size_u64,0,NVIDIA H200,I64,U64,64,1,1,2,1000000000,8,Yes,,,,,,,,
pfp_bloom_filter_add_unique_size_u64,0,NVIDIA H200,I64,U64,64,1,1,2,1000000000,16,Yes,,,,,,,,
pfp_bloom_filter_add_unique_size_u64,0,NVIDIA H200,I64,U64,64,1,1,2,1000000000,32,Yes,,,,,,,,
pfp_bloom_filter_add_unique_size_u64,0,NVIDIA H200,I64,U64,64,1,1,2,1000000000,64,Yes,,,,,,,,
pfp_bloom_filter_add_unique_size_u64,0,NVIDIA H200,I64,U64,64,1,1,2,1000000000,128,Yes,,,,,,,,
pfp_bloom_filter_add_unique_size_u64,0,NVIDIA H200,I64,U64,64,1,1,2,1000000000,256,Yes,,,,,,,,
pfp_bloom_filter_add_unique_size_u64,0,NVIDIA H200,I64,U64,64,1,1,2,1000000000,512,Yes,,,,,,,,
pfp_bloom_filter_add_unique_size_u64,0,NVIDIA H200,I64,U64,64,1,1,2,1000000000,1024,Yes,,,,,,,,
pfp_bloom_filter_add_unique_size_u64,0,NVIDIA H200,I64,U64,64,1,1,2,1000000000,2048,Yes,,,,,,,,
pfp_bloom_filter_add_unique_size_u64,0,NVIDIA H200,I64,U64,64,1,1,4,1000000000,1,Yes,,,,,,,,
pfp_bloom_filter_add_unique_size_u64,0,NVIDIA H200,I64,U64,64,1,1,4,1000000000,2,Yes,,,,,,,,
pfp_bloom_filter_add_unique_size_u64,0,NVIDIA H200,I64,U64,64,1,1,4,1000000000,4,Yes,,,,,,,,
pfp_bloom_filter_add_unique_size_u64,0,NVIDIA H200,I64,U64,64,1,1,4,1000000000,8,Yes,,,,,,,,
pfp_bloom_filter_add_unique_size_u64,0,NVIDIA H200,I64,U64,64,1,1,4,1000000000,16,Yes,,,,,,,,
pfp_bloom_filter_add_unique_size_u64,0,NVIDIA H200,I64,U64,64,1,1,4,1000000000,32,Yes,,,,,,,,
pfp_bloom_filter_add_unique_size_u64,0,NVIDIA H200,I64,U64,64,1,1,4,1000000000,64,Yes,,,,,,,,
pfp_bloom_filter_add_unique_size_u64,0,NVIDIA H200,I64,U64,64,1,1,4,1000000000,128,Yes,,,,,,,,
pfp_bloom_filter_add_unique_size_u64,0,NVIDIA H200,I64,U64,64,1,1,4,1000000000,256,Yes,,,,,,,,
pfp_bloom_filter_add_unique_size_u64,0,NVIDIA H200,I64,U64,64,1,1,4,1000000000,512,Yes,,,,,,,,
pfp_bloom_filter_add_unique_size_u64,0,NVIDIA H200,I64,U64,64,1,1,4,1000000000,1024,Yes,,,,,,,,
pfp_bloom_filter_add_unique_size_u64,0,NVIDIA H200,I64,U64,64,1,1,4,1000000000,2048,Yes,,,,,,,,
pfp_bloom_filter_add_unique_size_u64,0,NVIDIA H200,I64,U64,64,1,1,8,1000000000,1,Yes,,,,,,,,
pfp_bloom_filter_add_unique_size_u64,0,NVIDIA H200,I64,U64,64,1,1,8,1000000000,2,Yes,,,,,,,,
pfp_bloom_filter_add_unique_size_u64,0,NVIDIA H200,I64,U64,64,1,1,8,1000000000,4,Yes,,,,,,,,
pfp_bloom_filter_add_unique_size_u64,0,NVIDIA H200,I64,U64,64,1,1,8,1000000000,8,Yes,,,,,,,,
pfp_bloom_filter_add_unique_size_u64,0,NVIDIA H200,I64,U64,64,1,1,8,1000000000,16,Yes,,,,,,,,
pfp_bloom_filter_add_unique_size_u64,0,NVIDIA H200,I64,U64,64,1,1,8,1000000000,32,Yes,,,,,,,,
pfp_bloom_filter_add_unique_size_u64,0,NVIDIA H200,I64,U64,64,1,1,8,1000000000,64,Yes,,,,,,,,
pfp_bloom_filter_add_unique_size_u64,0,NVIDIA H200,I64,U64,64,1,1,8,1000000000,128,Yes,,,,,,,,
pfp_bloom_filter_add_unique_size_u64,0,NVIDIA H200,I64,U64,64,1,1,8,1000000000,256,Yes,,,,,,,,
pfp_bloom_filter_add_unique_size_u64,0,NVIDIA H200,I64,U64,64,1,1,8,1000000000,512,Yes,,,,,,,,
pfp_bloom_filter_add_unique_size_u64,0,NVIDIA H200,I64,U64,64,1,1,8,1000000000,1024,Yes,,,,,,,,
pfp_bloom_filter_add_unique_size_u64,0,NVIDIA H200,I64,U64,64,1,1,8,1000000000,2048,Yes,,,,,,,,
pfp_bloom_filter_add_unique_size_u64,0,NVIDIA H200,I64,U64,64,1,2,1,1000000000,1,Yes,,,,,,,,
pfp_bloom_filter_add_unique_size_u64,0,NVIDIA H200,I64,U64,64,1,2,1,1000000000,2,Yes,,,,,,,,
pfp_bloom_filter_add_unique_size_u64,0,NVIDIA H200,I64,U64,64,1,2,1,1000000000,4,Yes,,,,,,,,
pfp_bloom_filter_add_unique_size_u64,0,NVIDIA H200,I64,U64,64,1,2,1,1000000000,8,Yes,,,,,,,,
pfp_bloom_filter_add_unique_size_u64,0,NVIDIA H200,I64,U64,64,1,2,1,1000000000,16,Yes,,,,,,,,
pfp_bloom_filter_add_unique_size_u64,0,NVIDIA H200,I64,U64,64,1,2,1,1000000000,32,Yes,,,,,,,,
pfp_bloom_filter_add_unique_size_u64,0,NVIDIA H200,I64,U64,64,1,2,1,1000000000,64,Yes,,,,,,,,
pfp_bloom_filter_add_unique_size_u64,0,NVIDIA H200,I64,U64,64,1,2,1,1000000000,128,Yes,,,,,,,,
pfp_bloom_filter_add_unique_size_u64,0,NVIDIA H200,I64,U64,64,1,2,1,1000000000,256,Yes,,,,,,,,
pfp_bloom_filter_add_unique_size_u64,0,NVIDIA H200,I64,U64,64,1,2,1,1000000000,512,Yes,,,,,,,,
pfp_bloom_filter_add_unique_size_u64,0,NVIDIA H200,I64,U64,64,1,2,1,1000000000,1024,Yes,,,,,,,,
pfp_bloom_filter_add_unique_size_u64,0,NVIDIA H200,I64,U64,64,1,2,1,1000000000,2048,Yes,,,,,,,,
pfp_bloom_filter_add_unique_size_u64,0,NVIDIA H200,I64,U64,64,1,2,2,1000000000,1,Yes,,,,,,,,
pfp_bloom_filter_add_unique_size_u64,0,NVIDIA H200,I64,U64,64,1,2,2,1000000000,2,Yes,,,,,,,,
pfp_bloom_filter_add_unique_size_u64,0,NVIDIA H200,I64,U64,64,1,2,2,1000000000,4,Yes,,,,,,,,
pfp_bloom_filter_add_unique_size_u64,0,NVIDIA H200,I64,U64,64,1,2,2,1000000000,8,Yes,,,,,,,,
pfp_bloom_filter_add_unique_size_u64,0,NVIDIA H200,I64,U64,64,1,2,2,1000000000,16,Yes,,,,,,,,
pfp_bloom_filter_add_unique_size_u64,0,NVIDIA H200,I64,U64,64,1,2,2,1000000000,32,Yes,,,,,,,,
pfp_bloom_filter_add_unique_size_u64,0,NVIDIA H200,I64,U64,64,1,2,2,1000000000,64,Yes,,,,,,,,
pfp_bloom_filter_add_unique_size_u64,0,NVIDIA H200,I64,U64,64,1,2,2,1000000000,128,Yes,,,,,,,,
pfp_bloom_filter_add_unique_size_u64,0,NVIDIA H200,I64,U64,64,1,2,2,1000000000,256,Yes,,,,,,,,
pfp_bloom_filter_add_unique_size_u64,0,NVIDIA H200,I64,U64,64,1,2,2,1000000000,512,Yes,,,,,,,,
pfp_bloom_filter_add_unique_size_u64,0,NVIDIA H200,I64,U64,64,1,2,2,1000000000,1024,Yes,,,,,,,,
pfp_bloom_filter_add_unique_size_u64,0,NVIDIA H200,I64,U64,64,1,2,2,1000000000,2048,Yes,,,,,,,,
pfp_bloom_filter_add_unique_size_u64,0,NVIDIA H200,I64,U64,64,1,2,4,1000000000,1,Yes,,,,,,,,
pfp_bloom_filter_add_unique_size_u64,0,NVIDIA H200,I64,U64,64,1,2,4,1000000000,2,Yes,,,,,,,,
pfp_bloom_filter_add_unique_size_u64,0,NVIDIA H200,I64,U64,64,1,2,4,1000000000,4,Yes,,,,,,,,
pfp_bloom_filter_add_unique_size_u64,0,NVIDIA H200,I64,U64,64,1,2,4,1000000000,8,Yes,,,,,,,,
pfp_bloom_filter_add_unique_size_u64,0,NVIDIA H200,I64,U64,64,1,2,4,1000000000,16,Yes,,,,,,,,
pfp_bloom_filter_add_unique_size_u64,0,NVIDIA H200,I64,U64,64,1,2,4,1000000000,32,Yes,,,,,,,,
pfp_bloom_filter_add_unique_size_u64,0,NVIDIA H200,I64,U64,64,1,2,4,1000000000,64,Yes,,,,,,,,
pfp_bloom_filter_add_unique_size_u64,0,NVIDIA H200,I64,U64,64,1,2,4,1000000000,128,Yes,,,,,,,,
pfp_bloom_filter_add_unique_size_u64,0,NVIDIA H200,I64,U64,64,1,2,4,1000000000,256,Yes,,,,,,,,
pfp_bloom_filter_add_unique_size_u64,0,NVIDIA H200,I64,U64,64,1,2,4,1000000000,512,Yes,,,,,,,,
pfp_bloom_filter_add_unique_size_u64,0,NVIDIA H200,I64,U64,64,1,2,4,1000000000,1024,Yes,,,,,,,,
pfp_bloom_filter_add_unique_size_u64,0,NVIDIA H200,I64,U64,64,1,2,4,1000000000,2048,Yes,,,,,,,,
pfp_bloom_filter_add_unique_size_u64,0,NVIDIA H200,I64,U64,64,1,2,8,1000000000,1,Yes,,,,,,,,
pfp_bloom_filter_add_unique_size_u64,0,NVIDIA H200,I64,U64,64,1,2,8,1000000000,2,Yes,,,,,,,,
pfp_bloom_filter_add_unique_size_u64,0,NVIDIA H200,I64,U64,64,1,2,8,1000000000,4,Yes,,,,,,,,
pfp_bloom_filter_add_unique_size_u64,0,NVIDIA H200,I64,U64,64,1,2,8,1000000000,8,Yes,,,,,,,,
pfp_bloom_filter_add_unique_size_u64,0,NVIDIA H200,I64,U64,64,1,2,8,1000000000,16,Yes,,,,,,,,
pfp_bloom_filter_add_unique_size_u64,0,NVIDIA H200,I64,U64,64,1,2,8,1000000000,32,Yes,,,,,,,,
pfp_bloom_filter_add_unique_size_u64,0,NVIDIA H200,I64,U64,64,1,2,8,1000000000,64,Yes,,,,,,,,
pfp_bloom_filter_add_unique_size_u64,0,NVIDIA H200,I64,U64,64,1,2,8,1000000000,128,Yes,,,,,,,,
pfp_bloom_filter_add_unique_size_u64,0,NVIDIA H200,I64,U64,64,1,2,8,1000000000,256,Yes,,,,,,,,
pfp_bloom_filter_add_unique_size_u64,0,NVIDIA H200,I64,U64,64,1,2,8,1000000000,512,Yes,,,,,,,,
pfp_bloom_filter_add_unique_size_u64,0,NVIDIA H200,I64,U64,64,1,2,8,1000000000,1024,Yes,,,,,,,,
pfp_bloom_filter_add_unique_size_u64,0,NVIDIA H200,I64,U64,64,1,2,8,1000000000,2048,Yes,,,,,,,,
pfp_bloom_filter_add_unique_size_u64,0,NVIDIA H200,I64,U64,64,1,4,1,1000000000,1,Yes,,,,,,,,
pfp_bloom_filter_add_unique_size_u64,0,NVIDIA H200,I64,U64,64,1,4,1,1000000000,2,Yes,,,,,,,,
pfp_bloom_filter_add_unique_size_u64,0,NVIDIA H200,I64,U64,64,1,4,1,1000000000,4,Yes,,,,,,,,
pfp_bloom_filter_add_unique_size_u64,0,NVIDIA H200,I64,U64,64,1,4,1,1000000000,8,Yes,,,,,,,,
pfp_bloom_filter_add_unique_size_u64,0,NVIDIA H200,I64,U64,64,1,4,1,1000000000,16,Yes,,,,,,,,
pfp_bloom_filter_add_unique_size_u64,0,NVIDIA H200,I64,U64,64,1,4,1,1000000000,32,Yes,,,,,,,,
pfp_bloom_filter_add_unique_size_u64,0,NVIDIA H200,I64,U64,64,1,4,1,1000000000,64,Yes,,,,,,,,
pfp_bloom_filter_add_unique_size_u64,0,NVIDIA H200,I64,U64,64,1,4,1,1000000000,128,Yes,,,,,,,,
pfp_bloom_filter_add_unique_size_u64,0,NVIDIA H200,I64,U64,64,1,4,1,1000000000,256,Yes,,,,,,,,
pfp_bloom_filter_add_unique_size_u64,0,NVIDIA H200,I64,U64,64,1,4,1,1000000000,512,Yes,,,,,,,,
pfp_bloom_filter_add_unique_size_u64,0,NVIDIA H200,I64,U64,64,1,4,1,1000000000,1024,Yes,,,,,,,,
pfp_bloom_filter_add_unique_size_u64,0,NVIDIA H200,I64,U64,64,1,4,1,1000000000,2048,Yes,,,,,,,,
pfp_bloom_filter_add_unique_size_u64,0,NVIDIA H200,I64,U64,64,1,4,2,1000000000,1,Yes,,,,,,,,
pfp_bloom_filter_add_unique_size_u64,0,NVIDIA H200,I64,U64,64,1,4,2,1000000000,2,Yes,,,,,,,,
pfp_bloom_filter_add_unique_size_u64,0,NVIDIA H200,I64,U64,64,1,4,2,1000000000,4,Yes,,,,,,,,
pfp_bloom_filter_add_unique_size_u64,0,NVIDIA H200,I64,U64,64,1,4,2,1000000000,8,Yes,,,,,,,,
pfp_bloom_filter_add_unique_size_u64,0,NVIDIA H200,I64,U64,64,1,4,2,1000000000,16,Yes,,,,,,,,
pfp_bloom_filter_add_unique_size_u64,0,NVIDIA H200,I64,U64,64,1,4,2,1000000000,32,Yes,,,,,,,,
pfp_bloom_filter_add_unique_size_u64,0,NVIDIA H200,I64,U64,64,1,4,2,1000000000,64,Yes,,,,,,,,
pfp_bloom_filter_add_unique_size_u64,0,NVIDIA H200,I64,U64,64,1,4,2,1000000000,128,Yes,,,,,,,,
pfp_bloom_filter_add_unique_size_u64,0,NVIDIA H200,I64,U64,64,1,4,2,1000000000,256,Yes,,,,,,,,
pfp_bloom_filter_add_unique_size_u64,0,NVIDIA H200,I64,U64,64,1,4,2,1000000000,512,Yes,,,,,,,,
pfp_bloom_filter_add_unique_size_u64,0,NVIDIA H200,I64,U64,64,1,4,2,1000000000,1024,Yes,,,,,,,,
pfp_bloom_filter_add_unique_size_u64,0,NVIDIA H200,I64,U64,64,1,4,2,1000000000,2048,Yes,,,,,,,,
pfp_bloom_filter_add_unique_size_u64,0,NVIDIA H200,I64,U64,64,1,4,4,1000000000,1,Yes,,,,,,,,
pfp_bloom_filter_add_unique_size_u64,0,NVIDIA H200,I64,U64,64,1,4,4,1000000000,2,Yes,,,,,,,,
pfp_bloom_filter_add_unique_size_u64,0,NVIDIA H200,I64,U64,64,1,4,4,1000000000,4,Yes,,,,,,,,
pfp_bloom_filter_add_unique_size_u64,0,NVIDIA H200,I64,U64,64,1,4,4,1000000000,8,Yes,,,,,,,,
pfp_bloom_filter_add_unique_size_u64,0,NVIDIA H200,I64,U64,64,1,4,4,1000000000,16,Yes,,,,,,,,
pfp_bloom_filter_add_unique_size_u64,0,NVIDIA H200,I64,U64,64,1,4,4,1000000000,32,Yes,,,,,,,,
pfp_bloom_filter_add_unique_size_u64,0,NVIDIA H200,I64,U64,64,1,4,4,1000000000,64,Yes,,,,,,,,
pfp_bloom_filter_add_unique_size_u64,0,NVIDIA H200,I64,U64,64,1,4,4,1000000000,128,Yes,,,,,,,,
pfp_bloom_filter_add_unique_size_u64,0,NVIDIA H200,I64,U64,64,1,4,4,1000000000,256,Yes,,,,,,,,
pfp_bloom_filter_add_unique_size_u64,0,NVIDIA H200,I64,U64,64,1,4,4,1000000000,512,Yes,,,,,,,,
pfp_bloom_filter_add_unique_size_u64,0,NVIDIA H200,I64,U64,64,1,4,4,1000000000,1024,Yes,,,,,,,,
pfp_bloom_filter_add_unique_size_u64,0,NVIDIA H200,I64,U64,64,1,4,4,1000000000,2048,Yes,,,,,,,,
pfp_bloom_filter_add_unique_size_u64,0,NVIDIA H200,I64,U64,64,1,4,8,1000000000,1,Yes,,,,,,,,
pfp_bloom_filter_add_unique_size_u64,0,NVIDIA H200,I64,U64,64,1,4,8,1000000000,2,Yes,,,,,,,,
pfp_bloom_filter_add_unique_size_u64,0,NVIDIA H200,I64,U64,64,1,4,8,1000000000,4,Yes,,,,,,,,
pfp_bloom_filter_add_unique_size_u64,0,NVIDIA H200,I64,U64,64,1,4,8,1000000000,8,Yes,,,,,,,,
pfp_bloom_filter_add_unique_size_u64,0,NVIDIA H200,I64,U64,64,1,4,8,1000000000,16,Yes,,,,,,,,
pfp_bloom_filter_add_unique_size_u64,0,NVIDIA H200,I64,U64,64,1,4,8,1000000000,32,Yes,,,,,,,,
pfp_bloom_filter_add_unique_size_u64,0,NVIDIA H200,I64,U64,64,1,4,8,1000000000,64,Yes,,,,,,,,
pfp_bloom_filter_add_unique_size_u64,0,NVIDIA H200,I64,U64,64,1,4,8,1000000000,128,Yes,,,,,,,,
pfp_bloom_filter_add_unique_size_u64,0,NVIDIA H200,I64,U64,64,1,4,8,1000000000,256,Yes,,,,,,,,
pfp_bloom_filter_add_unique_size_u64,0,NVIDIA H200,I64,U64,64,1,4,8,1000000000,512,Yes,,,,,,,,
pfp_bloom_filter_add_unique_size_u64,0,NVIDIA H200,I64,U64,64,1,4,8,1000000000,1024,Yes,,,,,,,,
pfp_bloom_filter_add_unique_size_u64,0,NVIDIA H200,I64,U64,64,1,4,8,1000000000,2048,Yes,,,,,,,,
pfp_bloom_filter_add_unique_size_u64,0,NVIDIA H200,I64,U64,64,1,8,1,1000000000,1,Yes,,,,,,,,
pfp_bloom_filter_add_unique_size_u64,0,NVIDIA H200,I64,U64,64,1,8,1,1000000000,2,Yes,,,,,,,,
pfp_bloom_filter_add_unique_size_u64,0,NVIDIA H200,I64,U64,64,1,8,1,1000000000,4,Yes,,,,,,,,
pfp_bloom_filter_add_unique_size_u64,0,NVIDIA H200,I64,U64,64,1,8,1,1000000000,8,Yes,,,,,,,,
pfp_bloom_filter_add_unique_size_u64,0,NVIDIA H200,I64,U64,64,1,8,1,1000000000,16,Yes,,,,,,,,
pfp_bloom_filter_add_unique_size_u64,0,NVIDIA H200,I64,U64,64,1,8,1,1000000000,32,Yes,,,,,,,,
pfp_bloom_filter_add_unique_size_u64,0,NVIDIA H200,I64,U64,64,1,8,1,1000000000,64,Yes,,,,,,,,
pfp_bloom_filter_add_unique_size_u64,0,NVIDIA H200,I64,U64,64,1,8,1,1000000000,128,Yes,,,,,,,,
pfp_bloom_filter_add_unique_size_u64,0,NVIDIA H200,I64,U64,64,1,8,1,1000000000,256,Yes,,,,,,,,
pfp_bloom_filter_add_unique_size_u64,0,NVIDIA H200,I64,U64,64,1,8,1,1000000000,512,Yes,,,,,,,,
pfp_bloom_filter_add_unique_size_u64,0,NVIDIA H200,I64,U64,64,1,8,1,1000000000,1024,Yes,,,,,,,,
pfp_bloom_filter_add_unique_size_u64,0,NVIDIA H200,I64,U64,64,1,8,1,1000000000,2048,Yes,,,,,,,,
pfp_bloom_filter_add_unique_size_u64,0,NVIDIA H200,I64,U64,64,1,8,2,1000000000,1,Yes,,,,,,,,
pfp_bloom_filter_add_unique_size_u64,0,NVIDIA H200,I64,U64,64,1,8,2,1000000000,2,Yes,,,,,,,,
pfp_bloom_filter_add_unique_size_u64,0,NVIDIA H200,I64,U64,64,1,8,2,1000000000,4,Yes,,,,,,,,
pfp_bloom_filter_add_unique_size_u64,0,NVIDIA H200,I64,U64,64,1,8,2,1000000000,8,Yes,,,,,,,,
pfp_bloom_filter_add_unique_size_u64,0,NVIDIA H200,I64,U64,64,1,8,2,1000000000,16,Yes,,,,,,,,
pfp_bloom_filter_add_unique_size_u64,0,NVIDIA H200,I64,U64,64,1,8,2,1000000000,32,Yes,,,,,,,,
pfp_bloom_filter_add_unique_size_u64,0,NVIDIA H200,I64,U64,64,1,8,2,1000000000,64,Yes,,,,,,,,
pfp_bloom_filter_add_unique_size_u64,0,NVIDIA H200,I64,U64,64,1,8,2,1000000000,128,Yes,,,,,,,,
pfp_bloom_filter_add_unique_size_u64,0,NVIDIA H200,I64,U64,64,1,8,2,1000000000,256,Yes,,,,,,,,
pfp_bloom_filter_add_unique_size_u64,0,NVIDIA H200,I64,U64,64,1,8,2,1000000000,512,Yes,,,,,,,,
pfp_bloom_filter_add_unique_size_u64,0,NVIDIA H200,I64,U64,64,1,8,2,1000000000,1024,Yes,,,,,,,,
pfp_bloom_filter_add_unique_size_u64,0,NVIDIA H200,I64,U64,64,1,8,2,1000000000,2048,Yes,,,,,,,,
pfp_bloom_filter_add_unique_size_u64,0,NVIDIA H200,I64,U64,64,1,8,4,1000000000,1,Yes,,,,,,,,
pfp_bloom_filter_add_unique_size_u64,0,NVIDIA H200,I64,U64,64,1,8,4,1000000000,2,Yes,,,,,,,,
pfp_bloom_filter_add_unique_size_u64,0,NVIDIA H200,I64,U64,64,1,8,4,1000000000,4,Yes,,,,,,,,
pfp_bloom_filter_add_unique_size_u64,0,NVIDIA H200,I64,U64,64,1,8,4,1000000000,8,Yes,,,,,,,,
pfp_bloom_filter_add_unique_size_u64,0,NVIDIA H200,I64,U64,64,1,8,4,1000000000,16,Yes,,,,,,,,
pfp_bloom_filter_add_unique_size_u64,0,NVIDIA H200,I64,U64,64,1,8,4,1000000000,32,Yes,,,,,,,,
pfp_bloom_filter_add_unique_size_u64,0,NVIDIA H200,I64,U64,64,1,8,4,1000000000,64,Yes,,,,,,,,
pfp_bloom_filter_add_unique_size_u64,0,NVIDIA H200,I64,U64,64,1,8,4,1000000000,128,Yes,,,,,,,,
pfp_bloom_filter_add_unique_size_u64,0,NVIDIA H200,I64,U64,64,1,8,4,1000000000,256,Yes,,,,,,,,
pfp_bloom_filter_add_unique_size_u64,0,NVIDIA H200,I64,U64,64,1,8,4,1000000000,512,Yes,,,,,,,,
pfp_bloom_filter_add_unique_size_u64,0,NVIDIA H200,I64,U64,64,1,8,4,1000000000,1024,Yes,,,,,,,,
pfp_bloom_filter_add_unique_size_u64,0,NVIDIA H200,I64,U64,64,1,8,4,1000000000,2048,Yes,,,,,,,,
pfp_bloom_filter_add_unique_size_u64,0,NVIDIA H200,I64,U64,64,1,8,8,1000000000,1,Yes,,,,,,,,
pfp_bloom_filter_add_unique_size_u64,0,NVIDIA H200,I64,U64,64,1,8,8,1000000000,2,Yes,,,,,,,,
pfp_bloom_filter_add_unique_size_u64,0,NVIDIA H200,I64,U64,64,1,8,8,1000000000,4,Yes,,,,,,,,
pfp_bloom_filter_add_unique_size_u64,0,NVIDIA H200,I64,U64,64,1,8,8,1000000000,8,Yes,,,,,,,,
pfp_bloom_filter_add_unique_size_u64,0,NVIDIA H200,I64,U64,64,1,8,8,1000000000,16,Yes,,,,,,,,
pfp_bloom_filter_add_unique_size_u64,0,NVIDIA H200,I64,U64,64,1,8,8,1000000000,32,Yes,,,,,,,,
pfp_bloom_filter_add_unique_size_u64,0,NVIDIA H200,I64,U64,64,1,8,8,1000000000,64,Yes,,,,,,,,
pfp_bloom_filter_add_unique_size_u64,0,NVIDIA H200,I64,U64,64,1,8,8,1000000000,128,Yes,,,,,,,,
pfp_bloom_filter_add_unique_size_u64,0,NVIDIA H200,I64,U64,64,1,8,8,1000000000,256,Yes,,,,,,,,
pfp_bloom_filter_add_unique_size_u64,0,NVIDIA H200,I64,U64,64,1,8,8,1000000000,512,Yes,,,,,,,,
pfp_bloom_filter_add_unique_size_u64,0,NVIDIA H200,I64,U64,64,1,8,8,1000000000,1024,Yes,,,,,,,,
pfp_bloom_filter_add_unique_size_u64,0,NVIDIA H200,I64,U64,64,1,8,8,1000000000,2048,Yes,,,,,,,,
pfp_bloom_filter_add_unique_size_u64,0,NVIDIA H200,I64,U64,64,20,1,1,1000000000,1,No,35,0.014399137342857147,0.0004582796149622162,0.014385821260724747,0.00045855874486749177,69512889245.33884,36,0.01438606940375434
pfp_bloom_filter_add_unique_size_u64,0,NVIDIA H200,I64,U64,64,20,1,1,1000000000,2,No,35,0.01440227985714286,0.00047269495544769385,0.014388809176853723,0.0004613917524203489,69498454507.87064,36,0.014386342366536457
pfp_bloom_filter_add_unique_size_u64,0,NVIDIA H200,I64,U64,64,20,1,1,1000000000,4,No,35,0.014402022399999999,0.0005283616019240326,0.014388606180463517,0.0005094571400930716,69499435001.40927,36,0.014381747775607641
pfp_bloom_filter_add_unique_size_u64,0,NVIDIA H200,I64,U64,64,20,1,1,1000000000,8,No,35,0.014367765142857146,0.00047599651538432464,0.014354417337690079,0.0004704883261648885,69664966293.98686,36,0.014348370022243925
pfp_bloom_filter_add_unique_size_u64,0,NVIDIA H200,I64,U64,64,20,1,1,1000000000,16,No,35,0.014332174228571429,0.0004286476674940019,0.014318693542480464,0.00041231529172326627,69838773840.1703,36,0.01430619133843316
pfp_bloom_filter_add_unique_size_u64,0,NVIDIA H200,I64,U64,64,20,1,1,1000000000,32,No,35,0.014372818942857144,0.0003202812535431066,0.014359055573599675,0.0002964199548799301,69642463243.79324,36,0.014331565009223092
pfp_bloom_filter_add_unique_size_u64,0,NVIDIA H200,I64,U64,64,20,1,1,1000000000,64,No,15,0.03459194966666667,0.00023186891373306099,0.03457831013997396,0.00022546034141380361,28919863230.7933,16,0.03456473302841186
pfp_bloom_filter_add_unique_size_u64,0,NVIDIA H200,I64,U64,64,20,1,1,1000000000,128,No,11,0.04809669109090909,5.544445656745506e-05,0.04808292943781072,5.005192365290902e-05,20797401732.633106,12,0.048078335126241045
pfp_bloom_filter_add_unique_size_u64,0,NVIDIA H200,I64,U64,64,20,1,1,1000000000,256,No,11,0.055622471,8.728463141251563e-05,0.05560868107188832,8.99494013787211e-05,17982803776.75648,12,0.055605047225952144
pfp_bloom_filter_add_unique_size_u64,0,NVIDIA H200,I64,U64,64,20,1,1,1000000000,512,No,11,0.05996158281818183,0.00012323132646970396,0.05994734226573597,0.00011893335389956935,16681306663.557774,12,0.05994132200876873
pfp_bloom_filter_add_unique_size_u64,0,NVIDIA H200,I64,U64,64,20,1,1,1000000000,1024,No,11,0.06250090545454545,0.00010849832659298298,0.06248707753961736,0.0001128172735941341,16003308833.990374,12,0.0624851277669271
pfp_bloom_filter_add_unique_size_u64,0,NVIDIA H200,I64,U64,64,20,1,1,1000000000,2048,No,11,0.06412884518181818,8.914348661373247e-05,0.06411483140425249,9.085179254935473e-05,15597015200.661884,12,0.06411057472229004
pfp_bloom_filter_add_unique_size_u64,0,NVIDIA H200,I64,U64,64,20,1,2,1000000000,1,Yes,,,,,,,,
pfp_bloom_filter_add_unique_size_u64,0,NVIDIA H200,I64,U64,64,20,1,2,1000000000,2,Yes,,,,,,,,
pfp_bloom_filter_add_unique_size_u64,0,NVIDIA H200,I64,U64,64,20,1,2,1000000000,4,Yes,,,,,,,,
pfp_bloom_filter_add_unique_size_u64,0,NVIDIA H200,I64,U64,64,20,1,2,1000000000,8,Yes,,,,,,,,
pfp_bloom_filter_add_unique_size_u64,0,NVIDIA H200,I64,U64,64,20,1,2,1000000000,16,Yes,,,,,,,,
pfp_bloom_filter_add_unique_size_u64,0,NVIDIA H200,I64,U64,64,20,1,2,1000000000,32,Yes,,,,,,,,
pfp_bloom_filter_add_unique_size_u64,0,NVIDIA H200,I64,U64,64,20,1,2,1000000000,64,Yes,,,,,,,,
pfp_bloom_filter_add_unique_size_u64,0,NVIDIA H200,I64,U64,64,20,1,2,1000000000,128,Yes,,,,,,,,
pfp_bloom_filter_add_unique_size_u64,0,NVIDIA H200,I64,U64,64,20,1,2,1000000000,256,Yes,,,,,,,,
pfp_bloom_filter_add_unique_size_u64,0,NVIDIA H200,I64,U64,64,20,1,2,1000000000,512,Yes,,,,,,,,
pfp_bloom_filter_add_unique_size_u64,0,NVIDIA H200,I64,U64,64,20,1,2,1000000000,1024,Yes,,,,,,,,
pfp_bloom_filter_add_unique_size_u64,0,NVIDIA H200,I64,U64,64,20,1,2,1000000000,2048,Yes,,,,,,,,
pfp_bloom_filter_add_unique_size_u64,0,NVIDIA H200,I64,U64,64,20,1,4,1000000000,1,Yes,,,,,,,,
pfp_bloom_filter_add_unique_size_u64,0,NVIDIA H200,I64,U64,64,20,1,4,1000000000,2,Yes,,,,,,,,
pfp_bloom_filter_add_unique_size_u64,0,NVIDIA H200,I64,U64,64,20,1,4,1000000000,4,Yes,,,,,,,,
pfp_bloom_filter_add_unique_size_u64,0,NVIDIA H200,I64,U64,64,20,1,4,1000000000,8,Yes,,,,,,,,
pfp_bloom_filter_add_unique_size_u64,0,NVIDIA H200,I64,U64,64,20,1,4,1000000000,16,Yes,,,,,,,,
pfp_bloom_filter_add_unique_size_u64,0,NVIDIA H200,I64,U64,64,20,1,4,1000000000,32,Yes,,,,,,,,
pfp_bloom_filter_add_unique_size_u64,0,NVIDIA H200,I64,U64,64,20,1,4,1000000000,64,Yes,,,,,,,,
pfp_bloom_filter_add_unique_size_u64,0,NVIDIA H200,I64,U64,64,20,1,4,1000000000,128,Yes,,,,,,,,
pfp_bloom_filter_add_unique_size_u64,0,NVIDIA H200,I64,U64,64,20,1,4,1000000000,256,Yes,,,,,,,,
pfp_bloom_filter_add_unique_size_u64,0,NVIDIA H200,I64,U64,64,20,1,4,1000000000,512,Yes,,,,,,,,
pfp_bloom_filter_add_unique_size_u64,0,NVIDIA H200,I64,U64,64,20,1,4,1000000000,1024,Yes,,,,,,,,
pfp_bloom_filter_add_unique_size_u64,0,NVIDIA H200,I64,U64,64,20,1,4,1000000000,2048,Yes,,,,,,,,
pfp_bloom_filter_add_unique_size_u64,0,NVIDIA H200,I64,U64,64,20,1,8,1000000000,1,Yes,,,,,,,,
pfp_bloom_filter_add_unique_size_u64,0,NVIDIA H200,I64,U64,64,20,1,8,1000000000,2,Yes,,,,,,,,
pfp_bloom_filter_add_unique_size_u64,0,NVIDIA H200,I64,U64,64,20,1,8,1000000000,4,Yes,,,,,,,,
pfp_bloom_filter_add_unique_size_u64,0,NVIDIA H200,I64,U64,64,20,1,8,1000000000,8,Yes,,,,,,,,
pfp_bloom_filter_add_unique_size_u64,0,NVIDIA H200,I64,U64,64,20,1,8,1000000000,16,Yes,,,,,,,,
pfp_bloom_filter_add_unique_size_u64,0,NVIDIA H200,I64,U64,64,20,1,8,1000000000,32,Yes,,,,,,,,
pfp_bloom_filter_add_unique_size_u64,0,NVIDIA H200,I64,U64,64,20,1,8,1000000000,64,Yes,,,,,,,,
pfp_bloom_filter_add_unique_size_u64,0,NVIDIA H200,I64,U64,64,20,1,8,1000000000,128,Yes,,,,,,,,
pfp_bloom_filter_add_unique_size_u64,0,NVIDIA H200,I64,U64,64,20,1,8,1000000000,256,Yes,,,,,,,,
pfp_bloom_filter_add_unique_size_u64,0,NVIDIA H200,I64,U64,64,20,1,8,1000000000,512,Yes,,,,,,,,
pfp_bloom_filter_add_unique_size_u64,0,NVIDIA H200,I64,U64,64,20,1,8,1000000000,1024,Yes,,,,,,,,
pfp_bloom_filter_add_unique_size_u64,0,NVIDIA H200,I64,U64,64,20,1,8,1000000000,2048,Yes,,,,,,,,
pfp_bloom_filter_add_unique_size_u64,0,NVIDIA H200,I64,U64,64,20,2,1,1000000000,1,Yes,,,,,,,,
pfp_bloom_filter_add_unique_size_u64,0,NVIDIA H200,I64,U64,64,20,2,1,1000000000,2,Yes,,,,,,,,
pfp_bloom_filter_add_unique_size_u64,0,NVIDIA H200,I64,U64,64,20,2,1,1000000000,4,Yes,,,,,,,,
pfp_bloom_filter_add_unique_size_u64,0,NVIDIA H200,I64,U64,64,20,2,1,1000000000,8,Yes,,,,,,,,
pfp_bloom_filter_add_unique_size_u64,0,NVIDIA H200,I64,U64,64,20,2,1,1000000000,16,Yes,,,,,,,,
pfp_bloom_filter_add_unique_size_u64,0,NVIDIA H200,I64,U64,64,20,2,1,1000000000,32,Yes,,,,,,,,
pfp_bloom_filter_add_unique_size_u64,0,NVIDIA H200,I64,U64,64,20,2,1,1000000000,64,Yes,,,,,,,,
pfp_bloom_filter_add_unique_size_u64,0,NVIDIA H200,I64,U64,64,20,2,1,1000000000,128,Yes,,,,,,,,
pfp_bloom_filter_add_unique_size_u64,0,NVIDIA H200,I64,U64,64,20,2,1,1000000000,256,Yes,,,,,,,,
pfp_bloom_filter_add_unique_size_u64,0,NVIDIA H200,I64,U64,64,20,2,1,1000000000,512,Yes,,,,,,,,
pfp_bloom_filter_add_unique_size_u64,0,NVIDIA H200,I64,U64,64,20,2,1,1000000000,1024,Yes,,,,,,,,
pfp_bloom_filter_add_unique_size_u64,0,NVIDIA H200,I64,U64,64,20,2,1,1000000000,2048,Yes,,,,,,,,
pfp_bloom_filter_add_unique_size_u64,0,NVIDIA H200,I64,U64,64,20,2,2,1000000000,1,Yes,,,,,,,,
pfp_bloom_filter_add_unique_size_u64,0,NVIDIA H200,I64,U64,64,20,2,2,1000000000,2,Yes,,,,,,,,
pfp_bloom_filter_add_unique_size_u64,0,NVIDIA H200,I64,U64,64,20,2,2,1000000000,4,Yes,,,,,,,,
pfp_bloom_filter_add_unique_size_u64,0,NVIDIA H200,I64,U64,64,20,2,2,1000000000,8,Yes,,,,,,,,
pfp_bloom_filter_add_unique_size_u64,0,NVIDIA H200,I64,U64,64,20,2,2,1000000000,16,Yes,,,,,,,,
pfp_bloom_filter_add_unique_size_u64,0,NVIDIA H200,I64,U64,64,20,2,2,1000000000,32,Yes,,,,,,,,
pfp_bloom_filter_add_unique_size_u64,0,NVIDIA H200,I64,U64,64,20,2,2,1000000000,64,Yes,,,,,,,,
pfp_bloom_filter_add_unique_size_u64,0,NVIDIA H200,I64,U64,64,20,2,2,1000000000,128,Yes,,,,,,,,
pfp_bloom_filter_add_unique_size_u64,0,NVIDIA H200,I64,U64,64,20,2,2,1000000000,256,Yes,,,,,,,,
pfp_bloom_filter_add_unique_size_u64,0,NVIDIA H200,I64,U64,64,20,2,2,1000000000,512,Yes,,,,,,,,
pfp_bloom_filter_add_unique_size_u64,0,NVIDIA H200,I64,U64,64,20,2,2,1000000000,1024,Yes,,,,,,,,
pfp_bloom_filter_add_unique_size_u64,0,NVIDIA H200,I64,U64,64,20,2,2,1000000000,2048,Yes,,,,,,,,
pfp_bloom_filter_add_unique_size_u64,0,NVIDIA H200,I64,U64,64,20,2,4,1000000000,1,Yes,,,,,,,,
pfp_bloom_filter_add_unique_size_u64,0,NVIDIA H200,I64,U64,64,20,2,4,1000000000,2,Yes,,,,,,,,
pfp_bloom_filter_add_unique_size_u64,0,NVIDIA H200,I64,U64,64,20,2,4,1000000000,4,Yes,,,,,,,,
pfp_bloom_filter_add_unique_size_u64,0,NVIDIA H200,I64,U64,64,20,2,4,1000000000,8,Yes,,,,,,,,
pfp_bloom_filter_add_unique_size_u64,0,NVIDIA H200,I64,U64,64,20,2,4,1000000000,16,Yes,,,,,,,,
pfp_bloom_filter_add_unique_size_u64,0,NVIDIA H200,I64,U64,64,20,2,4,1000000000,32,Yes,,,,,,,,
pfp_bloom_filter_add_unique_size_u64,0,NVIDIA H200,I64,U64,64,20,2,4,1000000000,64,Yes,,,,,,,,
pfp_bloom_filter_add_unique_size_u64,0,NVIDIA H200,I64,U64,64,20,2,4,1000000000,128,Yes,,,,,,,,
pfp_bloom_filter_add_unique_size_u64,0,NVIDIA H200,I64,U64,64,20,2,4,1000000000,256,Yes,,,,,,,,
pfp_bloom_filter_add_unique_size_u64,0,NVIDIA H200,I64,U64,64,20,2,4,1000000000,512,Yes,,,,,,,,
pfp_bloom_filter_add_unique_size_u64,0,NVIDIA H200,I64,U64,64,20,2,4,1000000000,1024,Yes,,,,,,,,
pfp_bloom_filter_add_unique_size_u64,0,NVIDIA H200,I64,U64,64,20,2,4,1000000000,2048,Yes,,,,,,,,
pfp_bloom_filter_add_unique_size_u64,0,NVIDIA H200,I64,U64,64,20,2,8,1000000000,1,Yes,,,,,,,,
pfp_bloom_filter_add_unique_size_u64,0,NVIDIA H200,I64,U64,64,20,2,8,1000000000,2,Yes,,,,,,,,
pfp_bloom_filter_add_unique_size_u64,0,NVIDIA H200,I64,U64,64,20,2,8,1000000000,4,Yes,,,,,,,,
pfp_bloom_filter_add_unique_size_u64,0,NVIDIA H200,I64,U64,64,20,2,8,1000000000,8,Yes,,,,,,,,
pfp_bloom_filter_add_unique_size_u64,0,NVIDIA H200,I64,U64,64,20,2,8,1000000000,16,Yes,,,,,,,,
pfp_bloom_filter_add_unique_size_u64,0,NVIDIA H200,I64,U64,64,20,2,8,1000000000,32,Yes,,,,,,,,
pfp_bloom_filter_add_unique_size_u64,0,NVIDIA H200,I64,U64,64,20,2,8,1000000000,64,Yes,,,,,,,,
pfp_bloom_filter_add_unique_size_u64,0,NVIDIA H200,I64,U64,64,20,2,8,1000000000,128,Yes,,,,,,,,
pfp_bloom_filter_add_unique_size_u64,0,NVIDIA H200,I64,U64,64,20,2,8,1000000000,256,Yes,,,,,,,,
pfp_bloom_filter_add_unique_size_u64,0,NVIDIA H200,I64,U64,64,20,2,8,1000000000,512,Yes,,,,,,,,
pfp_bloom_filter_add_unique_size_u64,0,NVIDIA H200,I64,U64,64,20,2,8,1000000000,1024,Yes,,,,,,,,
pfp_bloom_filter_add_unique_size_u64,0,NVIDIA H200,I64,U64,64,20,2,8,1000000000,2048,Yes,,,,,,,,
pfp_bloom_filter_add_unique_size_u64,0,NVIDIA H200,I64,U64,64,20,4,1,1000000000,1,Yes,,,,,,,,
pfp_bloom_filter_add_unique_size_u64,0,NVIDIA H200,I64,U64,64,20,4,1,1000000000,2,Yes,,,,,,,,
pfp_bloom_filter_add_unique_size_u64,0,NVIDIA H200,I64,U64,64,20,4,1,1000000000,4,Yes,,,,,,,,
pfp_bloom_filter_add_unique_size_u64,0,NVIDIA H200,I64,U64,64,20,4,1,1000000000,8,Yes,,,,,,,,
pfp_bloom_filter_add_unique_size_u64,0,NVIDIA H200,I64,U64,64,20,4,1,1000000000,16,Yes,,,,,,,,
pfp_bloom_filter_add_unique_size_u64,0,NVIDIA H200,I64,U64,64,20,4,1,1000000000,32,Yes,,,,,,,,
pfp_bloom_filter_add_unique_size_u64,0,NVIDIA H200,I64,U64,64,20,4,1,1000000000,64,Yes,,,,,,,,
pfp_bloom_filter_add_unique_size_u64,0,NVIDIA H200,I64,U64,64,20,4,1,1000000000,128,Yes,,,,,,,,
pfp_bloom_filter_add_unique_size_u64,0,NVIDIA H200,I64,U64,64,20,4,1,1000000000,256,Yes,,,,,,,,
pfp_bloom_filter_add_unique_size_u64,0,NVIDIA H200,I64,U64,64,20,4,1,1000000000,512,Yes,,,,,,,,
pfp_bloom_filter_add_unique_size_u64,0,NVIDIA H200,I64,U64,64,20,4,1,1000000000,1024,Yes,,,,,,,,
pfp_bloom_filter_add_unique_size_u64,0,NVIDIA H200,I64,U64,64,20,4,1,1000000000,2048,Yes,,,,,,,,
pfp_bloom_filter_add_unique_size_u64,0,NVIDIA H200,I64,U64,64,20,4,2,1000000000,1,Yes,,,,,,,,
pfp_bloom_filter_add_unique_size_u64,0,NVIDIA H200,I64,U64,64,20,4,2,1000000000,2,Yes,,,,,,,,
pfp_bloom_filter_add_unique_size_u64,0,NVIDIA H200,I64,U64,64,20,4,2,1000000000,4,Yes,,,,,,,,
pfp_bloom_filter_add_unique_size_u64,0,NVIDIA H200,I64,U64,64,20,4,2,1000000000,8,Yes,,,,,,,,
pfp_bloom_filter_add_unique_size_u64,0,NVIDIA H200,I64,U64,64,20,4,2,1000000000,16,Yes,,,,,,,,
pfp_bloom_filter_add_unique_size_u64,0,NVIDIA H200,I64,U64,64,20,4,2,1000000000,32,Yes,,,,,,,,
pfp_bloom_filter_add_unique_size_u64,0,NVIDIA H200,I64,U64,64,20,4,2,1000000000,64,Yes,,,,,,,,
pfp_bloom_filter_add_unique_size_u64,0,NVIDIA H200,I64,U64,64,20,4,2,1000000000,128,Yes,,,,,,,,
pfp_bloom_filter_add_unique_size_u64,0,NVIDIA H200,I64,U64,64,20,4,2,1000000000,256,Yes,,,,,,,,
pfp_bloom_filter_add_unique_size_u64,0,NVIDIA H200,I64,U64,64,20,4,2,1000000000,512,Yes,,,,,,,,
pfp_bloom_filter_add_unique_size_u64,0,NVIDIA H200,I64,U64,64,20,4,2,1000000000,1024,Yes,,,,,,,,
pfp_bloom_filter_add_unique_size_u64,0,NVIDIA H200,I64,U64,64,20,4,2,1000000000,2048,Yes,,,,,,,,
pfp_bloom_filter_add_unique_size_u64,0,NVIDIA H200,I64,U64,64,20,4,4,1000000000,1,Yes,,,,,,,,
pfp_bloom_filter_add_unique_size_u64,0,NVIDIA H200,I64,U64,64,20,4,4,1000000000,2,Yes,,,,,,,,
pfp_bloom_filter_add_unique_size_u64,0,NVIDIA H200,I64,U64,64,20,4,4,1000000000,4,Yes,,,,,,,,
pfp_bloom_filter_add_unique_size_u64,0,NVIDIA H200,I64,U64,64,20,4,4,1000000000,8,Yes,,,,,,,,
pfp_bloom_filter_add_unique_size_u64,0,NVIDIA H200,I64,U64,64,20,4,4,1000000000,16,Yes,,,,,,,,
pfp_bloom_filter_add_unique_size_u64,0,NVIDIA H200,I64,U64,64,20,4,4,1000000000,32,Yes,,,,,,,,
pfp_bloom_filter_add_unique_size_u64,0,NVIDIA H200,I64,U64,64,20,4,4,1000000000,64,Yes,,,,,,,,
pfp_bloom_filter_add_unique_size_u64,0,NVIDIA H200,I64,U64,64,20,4,4,1000000000,128,Yes,,,,,,,,
pfp_bloom_filter_add_unique_size_u64,0,NVIDIA H200,I64,U64,64,20,4,4,1000000000,256,Yes,,,,,,,,
pfp_bloom_filter_add_unique_size_u64,0,NVIDIA H200,I64,U64,64,20,4,4,1000000000,512,Yes,,,,,,,,
pfp_bloom_filter_add_unique_size_u64,0,NVIDIA H200,I64,U64,64,20,4,4,1000000000,1024,Yes,,,,,,,,
pfp_bloom_filter_add_unique_size_u64,0,NVIDIA H200,I64,U64,64,20,4,4,1000000000,2048,Yes,,,,,,,,
pfp_bloom_filter_add_unique_size_u64,0,NVIDIA H200,I64,U64,64,20,4,8,1000000000,1,Yes,,,,,,,,
pfp_bloom_filter_add_unique_size_u64,0,NVIDIA H200,I64,U64,64,20,4,8,1000000000,2,Yes,,,,,,,,
pfp_bloom_filter_add_unique_size_u64,0,NVIDIA H200,I64,U64,64,20,4,8,1000000000,4,Yes,,,,,,,,
pfp_bloom_filter_add_unique_size_u64,0,NVIDIA H200,I64,U64,64,20,4,8,1000000000,8,Yes,,,,,,,,
pfp_bloom_filter_add_unique_size_u64,0,NVIDIA H200,I64,U64,64,20,4,8,1000000000,16,Yes,,,,,,,,
pfp_bloom_filter_add_unique_size_u64,0,NVIDIA H200,I64,U64,64,20,4,8,1000000000,32,Yes,,,,,,,,
pfp_bloom_filter_add_unique_size_u64,0,NVIDIA H200,I64,U64,64,20,4,8,1000000000,64,Yes,,,,,,,,
pfp_bloom_filter_add_unique_size_u64,0,NVIDIA H200,I64,U64,64,20,4,8,1000000000,128,Yes,,,,,,,,
pfp_bloom_filter_add_unique_size_u64,0,NVIDIA H200,I64,U64,64,20,4,8,1000000000,256,Yes,,,,,,,,
pfp_bloom_filter_add_unique_size_u64,0,NVIDIA H200,I64,U64,64,20,4,8,1000000000,512,Yes,,,,,,,,
pfp_bloom_filter_add_unique_size_u64,0,NVIDIA H200,I64,U64,64,20,4,8,1000000000,1024,Yes,,,,,,,,
pfp_bloom_filter_add_unique_size_u64,0,NVIDIA H200,I64,U64,64,20,4,8,1000000000,2048,Yes,,,,,,,,
pfp_bloom_filter_add_unique_size_u64,0,NVIDIA H200,I64,U64,64,20,8,1,1000000000,1,Yes,,,,,,,,
pfp_bloom_filter_add_unique_size_u64,0,NVIDIA H200,I64,U64,64,20,8,1,1000000000,2,Yes,,,,,,,,
pfp_bloom_filter_add_unique_size_u64,0,NVIDIA H200,I64,U64,64,20,8,1,1000000000,4,Yes,,,,,,,,
pfp_bloom_filter_add_unique_size_u64,0,NVIDIA H200,I64,U64,64,20,8,1,1000000000,8,Yes,,,,,,,,
pfp_bloom_filter_add_unique_size_u64,0,NVIDIA H200,I64,U64,64,20,8,1,1000000000,16,Yes,,,,,,,,
pfp_bloom_filter_add_unique_size_u64,0,NVIDIA H200,I64,U64,64,20,8,1,1000000000,32,Yes,,,,,,,,
pfp_bloom_filter_add_unique_size_u64,0,NVIDIA H200,I64,U64,64,20,8,1,1000000000,64,Yes,,,,,,,,
pfp_bloom_filter_add_unique_size_u64,0,NVIDIA H200,I64,U64,64,20,8,1,1000000000,128,Yes,,,,,,,,
pfp_bloom_filter_add_unique_size_u64,0,NVIDIA H200,I64,U64,64,20,8,1,1000000000,256,Yes,,,,,,,,
pfp_bloom_filter_add_unique_size_u64,0,NVIDIA H200,I64,U64,64,20,8,1,1000000000,512,Yes,,,,,,,,
pfp_bloom_filter_add_unique_size_u64,0,NVIDIA H200,I64,U64,64,20,8,1,1000000000,1024,Yes,,,,,,,,
pfp_bloom_filter_add_unique_size_u64,0,NVIDIA H200,I64,U64,64,20,8,1,1000000000,2048,Yes,,,,,,,,
pfp_bloom_filter_add_unique_size_u64,0,NVIDIA H200,I64,U64,64,20,8,2,1000000000,1,Yes,,,,,,,,
pfp_bloom_filter_add_unique_size_u64,0,NVIDIA H200,I64,U64,64,20,8,2,1000000000,2,Yes,,,,,,,,
pfp_bloom_filter_add_unique_size_u64,0,NVIDIA H200,I64,U64,64,20,8,2,1000000000,4,Yes,,,,,,,,
pfp_bloom_filter_add_unique_size_u64,0,NVIDIA H200,I64,U64,64,20,8,2,1000000000,8,Yes,,,,,,,,
pfp_bloom_filter_add_unique_size_u64,0,NVIDIA H200,I64,U64,64,20,8,2,1000000000,16,Yes,,,,,,,,
pfp_bloom_filter_add_unique_size_u64,0,NVIDIA H200,I64,U64,64,20,8,2,1000000000,32,Yes,,,,,,,,
pfp_bloom_filter_add_unique_size_u64,0,NVIDIA H200,I64,U64,64,20,8,2,1000000000,64,Yes,,,,,,,,
pfp_bloom_filter_add_unique_size_u64,0,NVIDIA H200,I64,U64,64,20,8,2,1000000000,128,Yes,,,,,,,,
pfp_bloom_filter_add_unique_size_u64,0,NVIDIA H200,I64,U64,64,20,8,2,1000000000,256,Yes,,,,,,,,
pfp_bloom_filter_add_unique_size_u64,0,NVIDIA H200,I64,U64,64,20,8,2,1000000000,512,Yes,,,,,,,,
pfp_bloom_filter_add_unique_size_u64,0,NVIDIA H200,I64,U64,64,20,8,2,1000000000,1024,Yes,,,,,,,,
pfp_bloom_filter_add_unique_size_u64,0,NVIDIA H200,I64,U64,64,20,8,2,1000000000,2048,Yes,,,,,,,,
pfp_bloom_filter_add_unique_size_u64,0,NVIDIA H200,I64,U64,64,20,8,4,1000000000,1,Yes,,,,,,,,
pfp_bloom_filter_add_unique_size_u64,0,NVIDIA H200,I64,U64,64,20,8,4,1000000000,2,Yes,,,,,,,,
pfp_bloom_filter_add_unique_size_u64,0,NVIDIA H200,I64,U64,64,20,8,4,1000000000,4,Yes,,,,,,,,
pfp_bloom_filter_add_unique_size_u64,0,NVIDIA H200,I64,U64,64,20,8,4,1000000000,8,Yes,,,,,,,,
pfp_bloom_filter_add_unique_size_u64,0,NVIDIA H200,I64,U64,64,20,8,4,1000000000,16,Yes,,,,,,,,
pfp_bloom_filter_add_unique_size_u64,0,NVIDIA H200,I64,U64,64,20,8,4,1000000000,32,Yes,,,,,,,,
pfp_bloom_filter_add_unique_size_u64,0,NVIDIA H200,I64,U64,64,20,8,4,1000000000,64,Yes,,,,,,,,
pfp_bloom_filter_add_unique_size_u64,0,NVIDIA H200,I64,U64,64,20,8,4,1000000000,128,Yes,,,,,,,,
pfp_bloom_filter_add_unique_size_u64,0,NVIDIA H200,I64,U64,64,20,8,4,1000000000,256,Yes,,,,,,,,
pfp_bloom_filter_add_unique_size_u64,0,NVIDIA H200,I64,U64,64,20,8,4,1000000000,512,Yes,,,,,,,,
pfp_bloom_filter_add_unique_size_u64,0,NVIDIA H200,I64,U64,64,20,8,4,1000000000,1024,Yes,,,,,,,,
pfp_bloom_filter_add_unique_size_u64,0,NVIDIA H200,I64,U64,64,20,8,4,1000000000,2048,Yes,,,,,,,,
pfp_bloom_filter_add_unique_size_u64,0,NVIDIA H200,I64,U64,64,20,8,8,1000000000,1,Yes,,,,,,,,
pfp_bloom_filter_add_unique_size_u64,0,NVIDIA H200,I64,U64,64,20,8,8,1000000000,2,Yes,,,,,,,,
pfp_bloom_filter_add_unique_size_u64,0,NVIDIA H200,I64,U64,64,20,8,8,1000000000,4,Yes,,,,,,,,
pfp_bloom_filter_add_unique_size_u64,0,NVIDIA H200,I64,U64,64,20,8,8,1000000000,8,Yes,,,,,,,,
pfp_bloom_filter_add_unique_size_u64,0,NVIDIA H200,I64,U64,64,20,8,8,1000000000,16,Yes,,,,,,,,
pfp_bloom_filter_add_unique_size_u64,0,NVIDIA H200,I64,U64,64,20,8,8,1000000000,32,Yes,,,,,,,,
pfp_bloom_filter_add_unique_size_u64,0,NVIDIA H200,I64,U64,64,20,8,8,1000000000,64,Yes,,,,,,,,
pfp_bloom_filter_add_unique_size_u64,0,NVIDIA H200,I64,U64,64,20,8,8,1000000000,128,Yes,,,,,,,,
pfp_bloom_filter_add_unique_size_u64,0,NVIDIA H200,I64,U64,64,20,8,8,1000000000,256,Yes,,,,,,,,
pfp_bloom_filter_add_unique_size_u64,0,NVIDIA H200,I64,U64,64,20,8,8,1000000000,512,Yes,,,,,,,,
pfp_bloom_filter_add_unique_size_u64,0,NVIDIA H200,I64,U64,64,20,8,8,1000000000,1024,Yes,,,,,,,,
pfp_bloom_filter_add_unique_size_u64,0,NVIDIA H200,I64,U64,64,20,8,8,1000000000,2048,Yes,,,,,,,,
pfp_bloom_filter_add_unique_size_u64,0,NVIDIA H200,I64,U64,128,1,1,1,1000000000,1,No,19,0.02701676515789474,0.000524519758032706,0.027003376910561008,0.0005226311566733203,37032405365.89705,20,0.027004384040832517
pfp_bloom_filter_add_unique_size_u64,0,NVIDIA H200,I64,U64,128,1,1,1,1000000000,2,No,19,0.027021227263157893,0.0004418925942379085,0.027007749055561265,0.0004379017180200081,37026410381.06381,20,0.027007835102081303
pfp_bloom_filter_add_unique_size_u64,0,NVIDIA H200,I64,U64,128,1,1,1,1000000000,4,No,19,0.027022529052631576,0.0003524684907656647,0.027009333961888368,0.00035377700343150687,37024237673.20787,20,0.0270038950920105
pfp_bloom_filter_add_unique_size_u64,0,NVIDIA H200,I64,U64,128,1,1,1,1000000000,8,No,19,0.026933368736842104,0.00042572045010392547,0.026920170231869347,0.00042614740115704084,37146867623.30179,20,0.026914550495147703
pfp_bloom_filter_add_unique_size_u64,0,NVIDIA H200,I64,U64,128,1,1,1,1000000000,16,No,19,0.026861813315789476,0.0004298609218876527,0.02684868200201737,0.0004310419391488111,37245776158.57871,20,0.026844732284545897
pfp_bloom_filter_add_unique_size_u64,0,NVIDIA H200,I64,U64,128,1,1,1,1000000000,32,No,19,0.02680667410526317,0.00013980434035091593,0.026793061005441765,0.00013320711712484543,37323096446.38574,20,0.0267726411819458
pfp_bloom_filter_add_unique_size_u64,0,NVIDIA H200,I64,U64,128,1,1,1,1000000000,64,No,12,0.0441902545,0.0001327922931751736,0.04417677307128907,0.00013037762572477558,22636329692.670788,13,0.04415891823401818
pfp_bloom_filter_add_unique_size_u64,0,NVIDIA H200,I64,U64,128,1,1,1,1000000000,128,No,11,0.05632903490909091,7.161502057372828e-05,0.05631562180952592,7.114725270274435e-05,17757062212.369064,12,0.05630722777048747
pfp_bloom_filter_add_unique_size_u64,0,NVIDIA H200,I64,U64,128,1,1,1,1000000000,256,No,11,0.06315681163636365,8.541873415188783e-05,0.0631431655883789,8.215725364236058e-05,15837026710.362516,12,0.06313827133178711
pfp_bloom_filter_add_unique_size_u64,0,NVIDIA H200,I64,U64,128,1,1,1,1000000000,512,No,11,0.067007242,8.345316276627735e-05,0.06699375360662287,8.472224905540852e-05,14926764752.902905,12,0.06698762321472168
pfp_bloom_filter_add_unique_size_u64,0,NVIDIA H200,I64,U64,128,1,1,1,1000000000,1024,No,11,0.06906627618181818,0.00012565176973712978,0.06905272397128019,0.0001194383227940998,14481687940.59321,12,0.06904689470926922
pfp_bloom_filter_add_unique_size_u64,0,NVIDIA H200,I64,U64,128,1,1,1,1000000000,2048,No,11,0.07013844563636364,8.697542139031042e-05,0.07012467054887252,8.894423930750598e-05,14260316550.122862,12,0.07012148030598958
pfp_bloom_filter_add_unique_size_u64,0,NVIDIA H200,I64,U64,128,1,1,2,1000000000,1,No,19,0.027018672684210526,0.00032422888775591845,0.027005537635401675,0.0003351252119320119,37029442386.997536,20,0.027001516914367675
pfp_bloom_filter_add_unique_size_u64,0,NVIDIA H200,I64,U64,128,1,1,2,1000000000,2,No,19,0.02701551752631579,0.0004415418409606092,0.027002160825227432,0.00043653020656987955,37034073179.27406,20,0.02699767265319824
pfp_bloom_filter_add_unique_size_u64,0,NVIDIA H200,I64,U64,128,1,1,2,1000000000,4,No,19,0.027012307263157894,0.00044267532942962183,0.026998976255718028,0.0004416283420636907,37038441403.42963,20,0.026990536308288578
pfp_bloom_filter_add_unique_size_u64,0,NVIDIA H200,I64,U64,128,1,1,2,1000000000,8,No,19,0.026987313105263155,0.00033428920858937866,0.026974027734053763,0.00032921222139466785,37072698592.117744,20,0.026972982025146485
pfp_bloom_filter_add_unique_size_u64,0,NVIDIA H200,I64,U64,128,1,1,2,1000000000,16,No,19,0.026864314631578946,0.0005039492021425582,0.026850986079165813,0.0004987020235012818,37242580106.80356,20,0.026844253158569337
pfp_bloom_filter_add_unique_size_u64,0,NVIDIA H200,I64,U64,128,1,1,2,1000000000,32,No,19,0.026809528052631582,0.00014756379577171897,0.026796218872070315,0.00014804307391705893,37318698013.856705,20,0.02677665510177612
pfp_bloom_filter_add_unique_size_u64,0,NVIDIA H200,I64,U64,128,1,1,2,1000000000,64,No,12,0.04415457583333334,0.00021365413472750077,0.04413847160339355,8.186765435184324e-05,22655972526.314568,13,0.04412438084528996
pfp_bloom_filter_add_unique_size_u64,0,NVIDIA H200,I64,U64,128,1,1,2,1000000000,128,No,11,0.05632367090909091,7.75016026154034e-05,0.05631010610407048,7.43444809459765e-05,17758801557.784904,12,0.0563037010828654
pfp_bloom_filter_add_unique_size_u64,0,NVIDIA H200,I64,U64,128,1,1,2,1000000000,256,No,11,0.06315096954545454,9.658149974319718e-05,0.06313723304054954,9.816951036102795e-05,15838514800.890238,12,0.06313053003946939
pfp_bloom_filter_add_unique_size_u64,0,NVIDIA H200,I64,U64,128,1,1,2,1000000000,512,No,11,0.06699976736363639,6.976653040677033e-05,0.06698612837357955,7.618951273843481e-05,14928463911.558393,12,0.06697676595052084
pfp_bloom_filter_add_unique_size_u64,0,NVIDIA H200,I64,U64,128,1,1,2,1000000000,1024,No,11,0.0690695200909091,0.0001038636968968657,0.06905616552179511,0.00010134312504570636,14480966217.048147,12,0.06905400594075521
pfp_bloom_filter_add_unique_size_u64,0,NVIDIA H200,I64,U64,128,1,1,2,1000000000,2048,No,11,0.0701338970909091,6.980393701604364e-05,0.07011997639049183,6.653679221093928e-05,14261271202.24756,12,0.07011116854349772
pfp_bloom_filter_add_unique_size_u64,0,NVIDIA H200,I64,U64,128,1,1,4,1000000000,1,Yes,,,,,,,,
pfp_bloom_filter_add_unique_size_u64,0,NVIDIA H200,I64,U64,128,1,1,4,1000000000,2,Yes,,,,,,,,
pfp_bloom_filter_add_unique_size_u64,0,NVIDIA H200,I64,U64,128,1,1,4,1000000000,4,Yes,,,,,,,,
pfp_bloom_filter_add_unique_size_u64,0,NVIDIA H200,I64,U64,128,1,1,4,1000000000,8,Yes,,,,,,,,
pfp_bloom_filter_add_unique_size_u64,0,NVIDIA H200,I64,U64,128,1,1,4,1000000000,16,Yes,,,,,,,,
pfp_bloom_filter_add_unique_size_u64,0,NVIDIA H200,I64,U64,128,1,1,4,1000000000,32,Yes,,,,,,,,
pfp_bloom_filter_add_unique_size_u64,0,NVIDIA H200,I64,U64,128,1,1,4,1000000000,64,Yes,,,,,,,,
pfp_bloom_filter_add_unique_size_u64,0,NVIDIA H200,I64,U64,128,1,1,4,1000000000,128,Yes,,,,,,,,
pfp_bloom_filter_add_unique_size_u64,0,NVIDIA H200,I64,U64,128,1,1,4,1000000000,256,Yes,,,,,,,,
pfp_bloom_filter_add_unique_size_u64,0,NVIDIA H200,I64,U64,128,1,1,4,1000000000,512,Yes,,,,,,,,
pfp_bloom_filter_add_unique_size_u64,0,NVIDIA H200,I64,U64,128,1,1,4,1000000000,1024,Yes,,,,,,,,
pfp_bloom_filter_add_unique_size_u64,0,NVIDIA H200,I64,U64,128,1,1,4,1000000000,2048,Yes,,,,,,,,
pfp_bloom_filter_add_unique_size_u64,0,NVIDIA H200,I64,U64,128,1,1,8,1000000000,1,Yes,,,,,,,,
pfp_bloom_filter_add_unique_size_u64,0,NVIDIA H200,I64,U64,128,1,1,8,1000000000,2,Yes,,,,,,,,
pfp_bloom_filter_add_unique_size_u64,0,NVIDIA H200,I64,U64,128,1,1,8,1000000000,4,Yes,,,,,,,,
pfp_bloom_filter_add_unique_size_u64,0,NVIDIA H200,I64,U64,128,1,1,8,1000000000,8,Yes,,,,,,,,
pfp_bloom_filter_add_unique_size_u64,0,NVIDIA H200,I64,U64,128,1,1,8,1000000000,16,Yes,,,,,,,,
pfp_bloom_filter_add_unique_size_u64,0,NVIDIA H200,I64,U64,128,1,1,8,1000000000,32,Yes,,,,,,,,
pfp_bloom_filter_add_unique_size_u64,0,NVIDIA H200,I64,U64,128,1,1,8,1000000000,64,Yes,,,,,,,,
pfp_bloom_filter_add_unique_size_u64,0,NVIDIA H200,I64,U64,128,1,1,8,1000000000,128,Yes,,,,,,,,
pfp_bloom_filter_add_unique_size_u64,0,NVIDIA H200,I64,U64,128,1,1,8,1000000000,256,Yes,,,,,,,,
pfp_bloom_filter_add_unique_size_u64,0,NVIDIA H200,I64,U64,128,1,1,8,1000000000,512,Yes,,,,,,,,
pfp_bloom_filter_add_unique_size_u64,0,NVIDIA H200,I64,U64,128,1,1,8,1000000000,1024,Yes,,,,,,,,
pfp_bloom_filter_add_unique_size_u64,0,NVIDIA H200,I64,U64,128,1,1,8,1000000000,2048,Yes,,,,,,,,
pfp_bloom_filter_add_unique_size_u64,0,NVIDIA H200,I64,U64,128,1,2,1,1000000000,1,No,36,0.014268616361111116,0.0001695787107108616,0.014255002684063382,0.0001615128390047483,70150811063.54099,37,0.014255263431652171
pfp_bloom_filter_add_unique_size_u64,0,NVIDIA H200,I64,U64,128,1,2,1,1000000000,2,No,36,0.014275126805555554,0.00016507087519897136,0.014261788474188904,0.00016394215227905027,70117433154.32057,37,0.014280571190086572
pfp_bloom_filter_add_unique_size_u64,0,NVIDIA H200,I64,U64,128,1,2,1,1000000000,4,No,36,0.014277133833333337,0.00017254878774834273,0.01426373683081733,0.00016806839132656661,70107855456.18474,37,0.01425918674468994
pfp_bloom_filter_add_unique_size_u64,0,NVIDIA H200,I64,U64,128,1,2,1,1000000000,8,No,36,0.014225740527777777,0.00020472932797047024,0.01421237956153022,0.00020666148111613567,70361194314.48198,37,0.014208552180109796
pfp_bloom_filter_add_unique_size_u64,0,NVIDIA H200,I64,U64,128,1,2,1,1000000000,16,No,36,0.014195077027777777,0.00021573154833553834,0.014181647088792588,0.00018129360823416628,70513671207.50563,37,0.01417292579444679
pfp_bloom_filter_add_unique_size_u64,0,NVIDIA H200,I64,U64,128,1,2,1,1000000000,32,No,35,0.014386990657142862,0.00022706191444906467,0.014373598180498399,0.0002231913440385354,69572001905.32426,36,0.014344443427191841
pfp_bloom_filter_add_unique_size_u64,0,NVIDIA H200,I64,U64,128,1,2,1,1000000000,64,No,15,0.03464243780000001,0.00010699401032442728,0.034628869628906246,0.00010796021058539758,28877639111.9985,16,0.034613969564437866
pfp_bloom_filter_add_unique_size_u64,0,NVIDIA H200,I64,U64,128,1,2,1,1000000000,128,No,11,0.048170581636363646,0.00010907510617739004,0.04815674140236595,0.00011203311272995213,20765524636.408848,12,0.048153072675069165
pfp_bloom_filter_add_unique_size_u64,0,NVIDIA H200,I64,U64,128,1,2,1,1000000000,256,No,11,0.055720335545454545,0.00011828107334162437,0.05570654851740056,0.00011667436617822015,17951210883.001286,12,0.0557025343577067
pfp_bloom_filter_add_unique_size_u64,0,NVIDIA H200,I64,U64,128,1,2,1,1000000000,512,No,11,0.060094303272727266,6.59728115500645e-05,0.06008031116832386,7.0678918637501e-05,16644387829.456348,12,0.06007878812154135
pfp_bloom_filter_add_unique_size_u64,0,NVIDIA H200,I64,U64,128,1,2,1,1000000000,1024,No,11,0.06265334863636364,0.00010999781759624443,0.06263932834972036,0.00010653350676328686,15964411278.75638,12,0.06264078871409097
pfp_bloom_filter_add_unique_size_u64,0,NVIDIA H200,I64,U64,128,1,2,1,1000000000,2048,No,11,0.06425028945454546,0.000162462532290298,0.06423649458451704,0.0001553424542357531,15567474633.664562,12,0.06424151738484701
pfp_bloom_filter_add_unique_size_u64,0,NVIDIA H200,I64,U64,128,1,2,2,1000000000,1,Yes,,,,,,,,
pfp_bloom_filter_add_unique_size_u64,0,NVIDIA H200,I64,U64,128,1,2,2,1000000000,2,Yes,,,,,,,,
pfp_bloom_filter_add_unique_size_u64,0,NVIDIA H200,I64,U64,128,1,2,2,1000000000,4,Yes,,,,,,,,
pfp_bloom_filter_add_unique_size_u64,0,NVIDIA H200,I64,U64,128,1,2,2,1000000000,8,Yes,,,,,,,,
pfp_bloom_filter_add_unique_size_u64,0,NVIDIA H200,I64,U64,128,1,2,2,1000000000,16,Yes,,,,,,,,
pfp_bloom_filter_add_unique_size_u64,0,NVIDIA H200,I64,U64,128,1,2,2,1000000000,32,Yes,,,,,,,,
pfp_bloom_filter_add_unique_size_u64,0,NVIDIA H200,I64,U64,128,1,2,2,1000000000,64,Yes,,,,,,,,
pfp_bloom_filter_add_unique_size_u64,0,NVIDIA H200,I64,U64,128,1,2,2,1000000000,128,Yes,,,,,,,,
pfp_bloom_filter_add_unique_size_u64,0,NVIDIA H200,I64,U64,128,1,2,2,1000000000,256,Yes,,,,,,,,
pfp_bloom_filter_add_unique_size_u64,0,NVIDIA H200,I64,U64,128,1,2,2,1000000000,512,Yes,,,,,,,,
pfp_bloom_filter_add_unique_size_u64,0,NVIDIA H200,I64,U64,128,1,2,2,1000000000,1024,Yes,,,,,,,,
pfp_bloom_filter_add_unique_size_u64,0,NVIDIA H200,I64,U64,128,1,2,2,1000000000,2048,Yes,,,,,,,,
pfp_bloom_filter_add_unique_size_u64,0,NVIDIA H200,I64,U64,128,1,2,4,1000000000,1,Yes,,,,,,,,
pfp_bloom_filter_add_unique_size_u64,0,NVIDIA H200,I64,U64,128,1,2,4,1000000000,2,Yes,,,,,,,,
pfp_bloom_filter_add_unique_size_u64,0,NVIDIA H200,I64,U64,128,1,2,4,1000000000,4,Yes,,,,,,,,
pfp_bloom_filter_add_unique_size_u64,0,NVIDIA H200,I64,U64,128,1,2,4,1000000000,8,Yes,,,,,,,,
pfp_bloom_filter_add_unique_size_u64,0,NVIDIA H200,I64,U64,128,1,2,4,1000000000,16,Yes,,,,,,,,
pfp_bloom_filter_add_unique_size_u64,0,NVIDIA H200,I64,U64,128,1,2,4,1000000000,32,Yes,,,,,,,,
pfp_bloom_filter_add_unique_size_u64,0,NVIDIA H200,I64,U64,128,1,2,4,1000000000,64,Yes,,,,,,,,
pfp_bloom_filter_add_unique_size_u64,0,NVIDIA H200,I64,U64,128,1,2,4,1000000000,128,Yes,,,,,,,,
pfp_bloom_filter_add_unique_size_u64,0,NVIDIA H200,I64,U64,128,1,2,4,1000000000,256,Yes,,,,,,,,
pfp_bloom_filter_add_unique_size_u64,0,NVIDIA H200,I64,U64,128,1,2,4,1000000000,512,Yes,,,,,,,,
pfp_bloom_filter_add_unique_size_u64,0,NVIDIA H200,I64,U64,128,1,2,4,1000000000,1024,Yes,,,,,,,,
pfp_bloom_filter_add_unique_size_u64,0,NVIDIA H200,I64,U64,128,1,2,4,1000000000,2048,Yes,,,,,,,,
pfp_bloom_filter_add_unique_size_u64,0,NVIDIA H200,I64,U64,128,1,2,8,1000000000,1,Yes,,,,,,,,
pfp_bloom_filter_add_unique_size_u64,0,NVIDIA H200,I64,U64,128,1,2,8,1000000000,2,Yes,,,,,,,,
pfp_bloom_filter_add_unique_size_u64,0,NVIDIA H200,I64,U64,128,1,2,8,1000000000,4,Yes,,,,,,,,
pfp_bloom_filter_add_unique_size_u64,0,NVIDIA H200,I64,U64,128,1,2,8,1000000000,8,Yes,,,,,,,,
pfp_bloom_filter_add_unique_size_u64,0,NVIDIA H200,I64,U64,128,1,2,8,1000000000,16,Yes,,,,,,,,
pfp_bloom_filter_add_unique_size_u64,0,NVIDIA H200,I64,U64,128,1,2,8,1000000000,32,Yes,,,,,,,,
pfp_bloom_filter_add_unique_size_u64,0,NVIDIA H200,I64,U64,128,1,2,8,1000000000,64,Yes,,,,,,,,
pfp_bloom_filter_add_unique_size_u64,0,NVIDIA H200,I64,U64,128,1,2,8,1000000000,128,Yes,,,,,,,,
pfp_bloom_filter_add_unique_size_u64,0,NVIDIA H200,I64,U64,128,1,2,8,1000000000,256,Yes,,,,,,,,
pfp_bloom_filter_add_unique_size_u64,0,NVIDIA H200,I64,U64,128,1,2,8,1000000000,512,Yes,,,,,,,,
pfp_bloom_filter_add_unique_size_u64,0,NVIDIA H200,I64,U64,128,1,2,8,1000000000,1024,Yes,,,,,,,,
pfp_bloom_filter_add_unique_size_u64,0,NVIDIA H200,I64,U64,128,1,2,8,1000000000,2048,Yes,,,,,,,,
pfp_bloom_filter_add_unique_size_u64,0,NVIDIA H200,I64,U64,128,1,4,1,1000000000,1,Yes,,,,,,,,
pfp_bloom_filter_add_unique_size_u64,0,NVIDIA H200,I64,U64,128,1,4,1,1000000000,2,Yes,,,,,,,,
pfp_bloom_filter_add_unique_size_u64,0,NVIDIA H200,I64,U64,128,1,4,1,1000000000,4,Yes,,,,,,,,
pfp_bloom_filter_add_unique_size_u64,0,NVIDIA H200,I64,U64,128,1,4,1,1000000000,8,Yes,,,,,,,,
pfp_bloom_filter_add_unique_size_u64,0,NVIDIA H200,I64,U64,128,1,4,1,1000000000,16,Yes,,,,,,,,
pfp_bloom_filter_add_unique_size_u64,0,NVIDIA H200,I64,U64,128,1,4,1,1000000000,32,Yes,,,,,,,,
pfp_bloom_filter_add_unique_size_u64,0,NVIDIA H200,I64,U64,128,1,4,1,1000000000,64,Yes,,,,,,,,
pfp_bloom_filter_add_unique_size_u64,0,NVIDIA H200,I64,U64,128,1,4,1,1000000000,128,Yes,,,,,,,,
pfp_bloom_filter_add_unique_size_u64,0,NVIDIA H200,I64,U64,128,1,4,1,1000000000,256,Yes,,,,,,,,
pfp_bloom_filter_add_unique_size_u64,0,NVIDIA H200,I64,U64,128,1,4,1,1000000000,512,Yes,,,,,,,,
pfp_bloom_filter_add_unique_size_u64,0,NVIDIA H200,I64,U64,128,1,4,1,1000000000,1024,Yes,,,,,,,,
pfp_bloom_filter_add_unique_size_u64,0,NVIDIA H200,I64,U64,128,1,4,1,1000000000,2048,Yes,,,,,,,,
pfp_bloom_filter_add_unique_size_u64,0,NVIDIA H200,I64,U64,128,1,4,2,1000000000,1,Yes,,,,,,,,
pfp_bloom_filter_add_unique_size_u64,0,NVIDIA H200,I64,U64,128,1,4,2,1000000000,2,Yes,,,,,,,,
pfp_bloom_filter_add_unique_size_u64,0,NVIDIA H200,I64,U64,128,1,4,2,1000000000,4,Yes,,,,,,,,
pfp_bloom_filter_add_unique_size_u64,0,NVIDIA H200,I64,U64,128,1,4,2,1000000000,8,Yes,,,,,,,,
pfp_bloom_filter_add_unique_size_u64,0,NVIDIA H200,I64,U64,128,1,4,2,1000000000,16,Yes,,,,,,,,
pfp_bloom_filter_add_unique_size_u64,0,NVIDIA H200,I64,U64,128,1,4,2,1000000000,32,Yes,,,,,,,,
pfp_bloom_filter_add_unique_size_u64,0,NVIDIA H200,I64,U64,128,1,4,2,1000000000,64,Yes,,,,,,,,
pfp_bloom_filter_add_unique_size_u64,0,NVIDIA H200,I64,U64,128,1,4,2,1000000000,128,Yes,,,,,,,,
pfp_bloom_filter_add_unique_size_u64,0,NVIDIA H200,I64,U64,128,1,4,2,1000000000,256,Yes,,,,,,,,
pfp_bloom_filter_add_unique_size_u64,0,NVIDIA H200,I64,U64,128,1,4,2,1000000000,512,Yes,,,,,,,,
pfp_bloom_filter_add_unique_size_u64,0,NVIDIA H200,I64,U64,128,1,4,2,1000000000,1024,Yes,,,,,,,,
pfp_bloom_filter_add_unique_size_u64,0,NVIDIA H200,I64,U64,128,1,4,2,1000000000,2048,Yes,,,,,,,,
pfp_bloom_filter_add_unique_size_u64,0,NVIDIA H200,I64,U64,128,1,4,4,1000000000,1,Yes,,,,,,,,
pfp_bloom_filter_add_unique_size_u64,0,NVIDIA H200,I64,U64,128,1,4,4,1000000000,2,Yes,,,,,,,,
pfp_bloom_filter_add_unique_size_u64,0,NVIDIA H200,I64,U64,128,1,4,4,1000000000,4,Yes,,,,,,,,
pfp_bloom_filter_add_unique_size_u64,0,NVIDIA H200,I64,U64,128,1,4,4,1000000000,8,Yes,,,,,,,,
pfp_bloom_filter_add_unique_size_u64,0,NVIDIA H200,I64,U64,128,1,4,4,1000000000,16,Yes,,,,,,,,
pfp_bloom_filter_add_unique_size_u64,0,NVIDIA H200,I64,U64,128,1,4,4,1000000000,32,Yes,,,,,,,,
pfp_bloom_filter_add_unique_size_u64,0,NVIDIA H200,I64,U64,128,1,4,4,1000000000,64,Yes,,,,,,,,
pfp_bloom_filter_add_unique_size_u64,0,NVIDIA H200,I64,U64,128,1,4,4,1000000000,128,Yes,,,,,,,,
pfp_bloom_filter_add_unique_size_u64,0,NVIDIA H200,I64,U64,128,1,4,4,1000000000,256,Yes,,,,,,,,
pfp_bloom_filter_add_unique_size_u64,0,NVIDIA H200,I64,U64,128,1,4,4,1000000000,512,Yes,,,,,,,,
pfp_bloom_filter_add_unique_size_u64,0,NVIDIA H200,I64,U64,128,1,4,4,1000000000,1024,Yes,,,,,,,,
pfp_bloom_filter_add_unique_size_u64,0,NVIDIA H200,I64,U64,128,1,4,4,1000000000,2048,Yes,,,,,,,,
pfp_bloom_filter_add_unique_size_u64,0,NVIDIA H200,I64,U64,128,1,4,8,1000000000,1,Yes,,,,,,,,
pfp_bloom_filter_add_unique_size_u64,0,NVIDIA H200,I64,U64,128,1,4,8,1000000000,2,Yes,,,,,,,,
pfp_bloom_filter_add_unique_size_u64,0,NVIDIA H200,I64,U64,128,1,4,8,1000000000,4,Yes,,,,,,,,
pfp_bloom_filter_add_unique_size_u64,0,NVIDIA H200,I64,U64,128,1,4,8,1000000000,8,Yes,,,,,,,,
pfp_bloom_filter_add_unique_size_u64,0,NVIDIA H200,I64,U64,128,1,4,8,1000000000,16,Yes,,,,,,,,
pfp_bloom_filter_add_unique_size_u64,0,NVIDIA H200,I64,U64,128,1,4,8,1000000000,32,Yes,,,,,,,,
pfp_bloom_filter_add_unique_size_u64,0,NVIDIA H200,I64,U64,128,1,4,8,1000000000,64,Yes,,,,,,,,
pfp_bloom_filter_add_unique_size_u64,0,NVIDIA H200,I64,U64,128,1,4,8,1000000000,128,Yes,,,,,,,,
pfp_bloom_filter_add_unique_size_u64,0,NVIDIA H200,I64,U64,128,1,4,8,1000000000,256,Yes,,,,,,,,
pfp_bloom_filter_add_unique_size_u64,0,NVIDIA H200,I64,U64,128,1,4,8,1000000000,512,Yes,,,,,,,,
pfp_bloom_filter_add_unique_size_u64,0,NVIDIA H200,I64,U64,128,1,4,8,1000000000,1024,Yes,,,,,,,,
pfp_bloom_filter_add_unique_size_u64,0,NVIDIA H200,I64,U64,128,1,4,8,1000000000,2048,Yes,,,,,,,,
pfp_bloom_filter_add_unique_size_u64,0,NVIDIA H200,I64,U64,128,1,8,1,1000000000,1,Yes,,,,,,,,
pfp_bloom_filter_add_unique_size_u64,0,NVIDIA H200,I64,U64,128,1,8,1,1000000000,2,Yes,,,,,,,,
pfp_bloom_filter_add_unique_size_u64,0,NVIDIA H200,I64,U64,128,1,8,1,1000000000,4,Yes,,,,,,,,
pfp_bloom_filter_add_unique_size_u64,0,NVIDIA H200,I64,U64,128,1,8,1,1000000000,8,Yes,,,,,,,,
pfp_bloom_filter_add_unique_size_u64,0,NVIDIA H200,I64,U64,128,1,8,1,1000000000,16,Yes,,,,,,,,
pfp_bloom_filter_add_unique_size_u64,0,NVIDIA H200,I64,U64,128,1,8,1,1000000000,32,Yes,,,,,,,,
pfp_bloom_filter_add_unique_size_u64,0,NVIDIA H200,I64,U64,128,1,8,1,1000000000,64,Yes,,,,,,,,
pfp_bloom_filter_add_unique_size_u64,0,NVIDIA H200,I64,U64,128,1,8,1,1000000000,128,Yes,,,,,,,,
pfp_bloom_filter_add_unique_size_u64,0,NVIDIA H200,I64,U64,128,1,8,1,1000000000,256,Yes,,,,,,,,
pfp_bloom_filter_add_unique_size_u64,0,NVIDIA H200,I64,U64,128,1,8,1,1000000000,512,Yes,,,,,,,,
pfp_bloom_filter_add_unique_size_u64,0,NVIDIA H200,I64,U64,128,1,8,1,1000000000,1024,Yes,,,,,,,,
pfp_bloom_filter_add_unique_size_u64,0,NVIDIA H200,I64,U64,128,1,8,1,1000000000,2048,Yes,,,,,,,,
pfp_bloom_filter_add_unique_size_u64,0,NVIDIA H200,I64,U64,128,1,8,2,1000000000,1,Yes,,,,,,,,
pfp_bloom_filter_add_unique_size_u64,0,NVIDIA H200,I64,U64,128,1,8,2,1000000000,2,Yes,,,,,,,,
pfp_bloom_filter_add_unique_size_u64,0,NVIDIA H200,I64,U64,128,1,8,2,1000000000,4,Yes,,,,,,,,
pfp_bloom_filter_add_unique_size_u64,0,NVIDIA H200,I64,U64,128,1,8,2,1000000000,8,Yes,,,,,,,,
pfp_bloom_filter_add_unique_size_u64,0,NVIDIA H200,I64,U64,128,1,8,2,1000000000,16,Yes,,,,,,,,
pfp_bloom_filter_add_unique_size_u64,0,NVIDIA H200,I64,U64,128,1,8,2,1000000000,32,Yes,,,,,,,,
pfp_bloom_filter_add_unique_size_u64,0,NVIDIA H200,I64,U64,128,1,8,2,1000000000,64,Yes,,,,,,,,
pfp_bloom_filter_add_unique_size_u64,0,NVIDIA H200,I64,U64,128,1,8,2,1000000000,128,Yes,,,,,,,,
pfp_bloom_filter_add_unique_size_u64,0,NVIDIA H200,I64,U64,128,1,8,2,1000000000,256,Yes,,,,,,,,
pfp_bloom_filter_add_unique_size_u64,0,NVIDIA H200,I64,U64,128,1,8,2,1000000000,512,Yes,,,,,,,,
pfp_bloom_filter_add_unique_size_u64,0,NVIDIA H200,I64,U64,128,1,8,2,1000000000,1024,Yes,,,,,,,,
pfp_bloom_filter_add_unique_size_u64,0,NVIDIA H200,I64,U64,128,1,8,2,1000000000,2048,Yes,,,,,,,,
pfp_bloom_filter_add_unique_size_u64,0,NVIDIA H200,I64,U64,128,1,8,4,1000000000,1,Yes,,,,,,,,
pfp_bloom_filter_add_unique_size_u64,0,NVIDIA H200,I64,U64,128,1,8,4,1000000000,2,Yes,,,,,,,,
pfp_bloom_filter_add_unique_size_u64,0,NVIDIA H200,I64,U64,128,1,8,4,1000000000,4,Yes,,,,,,,,
pfp_bloom_filter_add_unique_size_u64,0,NVIDIA H200,I64,U64,128,1,8,4,1000000000,8,Yes,,,,,,,,
pfp_bloom_filter_add_unique_size_u64,0,NVIDIA H200,I64,U64,128,1,8,4,1000000000,16,Yes,,,,,,,,
pfp_bloom_filter_add_unique_size_u64,0,NVIDIA H200,I64,U64,128,1,8,4,1000000000,32,Yes,,,,,,,,
pfp_bloom_filter_add_unique_size_u64,0,NVIDIA H200,I64,U64,128,1,8,4,1000000000,64,Yes,,,,,,,,
pfp_bloom_filter_add_unique_size_u64,0,NVIDIA H200,I64,U64,128,1,8,4,1000000000,128,Yes,,,,,,,,
pfp_bloom_filter_add_unique_size_u64,0,NVIDIA H200,I64,U64,128,1,8,4,1000000000,256,Yes,,,,,,,,
pfp_bloom_filter_add_unique_size_u64,0,NVIDIA H200,I64,U64,128,1,8,4,1000000000,512,Yes,,,,,,,,
pfp_bloom_filter_add_unique_size_u64,0,NVIDIA H200,I64,U64,128,1,8,4,1000000000,1024,Yes,,,,,,,,
pfp_bloom_filter_add_unique_size_u64,0,NVIDIA H200,I64,U64,128,1,8,4,1000000000,2048,Yes,,,,,,,,
pfp_bloom_filter_add_unique_size_u64,0,NVIDIA H200,I64,U64,128,1,8,8,1000000000,1,Yes,,,,,,,,
pfp_bloom_filter_add_unique_size_u64,0,NVIDIA H200,I64,U64,128,1,8,8,1000000000,2,Yes,,,,,,,,
pfp_bloom_filter_add_unique_size_u64,0,NVIDIA H200,I64,U64,128,1,8,8,1000000000,4,Yes,,,,,,,,
pfp_bloom_filter_add_unique_size_u64,0,NVIDIA H200,I64,U64,128,1,8,8,1000000000,8,Yes,,,,,,,,
pfp_bloom_filter_add_unique_size_u64,0,NVIDIA H200,I64,U64,128,1,8,8,1000000000,16,Yes,,,,,,,,
pfp_bloom_filter_add_unique_size_u64,0,NVIDIA H200,I64,U64,128,1,8,8,1000000000,32,Yes,,,,,,,,
pfp_bloom_filter_add_unique_size_u64,0,NVIDIA H200,I64,U64,128,1,8,8,1000000000,64,Yes,,,,,,,,
pfp_bloom_filter_add_unique_size_u64,0,NVIDIA H200,I64,U64,128,1,8,8,1000000000,128,Yes,,,,,,,,
pfp_bloom_filter_add_unique_size_u64,0,NVIDIA H200,I64,U64,128,1,8,8,1000000000,256,Yes,,,,,,,,
pfp_bloom_filter_add_unique_size_u64,0,NVIDIA H200,I64,U64,128,1,8,8,1000000000,512,Yes,,,,,,,,
pfp_bloom_filter_add_unique_size_u64,0,NVIDIA H200,I64,U64,128,1,8,8,1000000000,1024,Yes,,,,,,,,
pfp_bloom_filter_add_unique_size_u64,0,NVIDIA H200,I64,U64,128,1,8,8,1000000000,2048,Yes,,,,,,,,
pfp_bloom_filter_add_unique_size_u64,0,NVIDIA H200,I64,U64,128,20,1,1,1000000000,1,No,19,0.027004516526315792,0.0003319654781555115,0.026991127516094005,0.00032918426166303016,37049211797.60756,20,0.02699511890411377
pfp_bloom_filter_add_unique_size_u64,0,NVIDIA H200,I64,U64,128,20,1,1,1000000000,2,No,19,0.027012692263157903,0.00041493810071683434,0.02699901982357628,0.0004134174928075742,37038381635.12783,20,0.026993790245056153
pfp_bloom_filter_add_unique_size_u64,0,NVIDIA H200,I64,U64,128,20,1,1,1000000000,4,No,19,0.027004253526315792,0.00041994071098756184,0.02699055992929559,0.0004171612246135893,37049990908.658356,20,0.02699383955001831
pfp_bloom_filter_add_unique_size_u64,0,NVIDIA H200,I64,U64,128,20,1,1,1000000000,8,No,19,0.02692985373684211,0.0004983385144877185,0.026916397496273642,0.0004903378376610748,37152074312.26418,20,0.026909421157836916
pfp_bloom_filter_add_unique_size_u64,0,NVIDIA H200,I64,U64,128,20,1,1,1000000000,16,No,19,0.02685997663157895,0.0004653957391893942,0.026846748452437553,0.00046568471325489027,37248458664.244865,20,0.026837954044342038
pfp_bloom_filter_add_unique_size_u64,0,NVIDIA H200,I64,U64,128,20,1,1,1000000000,32,No,19,0.02680245752631579,0.00014895208612721007,0.026788916236475894,0.00014916427261314652,37328871058.934296,20,0.02677182331085205
pfp_bloom_filter_add_unique_size_u64,0,NVIDIA H200,I64,U64,128,20,1,1,1000000000,64,No,12,0.04417610341666667,0.00013471540557627933,0.0441622215906779,0.00013710033683582326,22643788377.962574,13,0.04414500603309045
pfp_bloom_filter_add_unique_size_u64,0,NVIDIA H200,I64,U64,128,20,1,1,1000000000,128,No,11,0.05631413345454546,9.488061508089831e-05,0.056300375158136545,9.80182894712367e-05,17761870985.60532,12,0.05629291248321533
pfp_bloom_filter_add_unique_size_u64,0,NVIDIA H200,I64,U64,128,20,1,1,1000000000,256,No,11,0.06313910218181819,8.574674060379006e-05,0.06312505305897106,8.818708857898436e-05,15841570842.971106,12,0.06311895529429118
pfp_bloom_filter_add_unique_size_u64,0,NVIDIA H200,I64,U64,128,20,1,1,1000000000,512,No,11,0.06699011927272727,5.155695766069876e-05,0.06697602081298829,4.888625612254328e-05,14930716812.696577,12,0.06697032165527345
pfp_bloom_filter_add_unique_size_u64,0,NVIDIA H200,I64,U64,128,20,1,1,1000000000,1024,No,11,0.06904948900000002,0.00010556286224573219,0.06903530606356534,0.0001051909151151389,14485341733.391235,12,0.06902891794840495
pfp_bloom_filter_add_unique_size_u64,0,NVIDIA H200,I64,U64,128,20,1,1,1000000000,2048,No,11,0.07011842263636364,6.559605724009621e-05,0.07010409892689097,7.15911958512295e-05,14264501153.38996,12,0.07010168647766113
pfp_bloom_filter_add_unique_size_u64,0,NVIDIA H200,I64,U64,128,20,1,2,1000000000,1,No,19,0.027011295947368424,0.0007517061010042613,0.02699749735782021,0.000756966816346065,37040470334.94146,20,0.027015326309204103
pfp_bloom_filter_add_unique_size_u64,0,NVIDIA H200,I64,U64,128,20,1,2,1000000000,2,No,19,0.02703249468421053,0.0005600089399073159,0.027018632085699778,0.0005600334852093091,37011496245.558365,20,0.027009205818176268
pfp_bloom_filter_add_unique_size_u64,0,NVIDIA H200,I64,U64,128,20,1,2,1000000000,4,No,19,0.027018576631578944,0.000567277586486751,0.027004594300922596,0.0005746416433063962,37030735913.17888,20,0.027009006214141845
pfp_bloom_filter_add_unique_size_u64,0,NVIDIA H200,I64,U64,128,20,1,2,1000000000,8,No,19,0.02700798942105263,0.0005643724598031283,0.026994371514571344,0.0005725803653007879,37044759477.367645,20,0.0269815411567688
pfp_bloom_filter_add_unique_size_u64,0,NVIDIA H200,I64,U64,128,20,1,2,1000000000,16,No,19,0.026877292736842112,0.0005851449147302861,0.0268638569681268,0.0005864303924999514,37224736611.219734,20,0.02685499105453491
pfp_bloom_filter_add_unique_size_u64,0,NVIDIA H200,I64,U64,128,20,1,2,1000000000,32,No,19,0.026819480526315793,0.00013847607072883575,0.02680583763122558,0.0001337771655132486,37305306916.99483,20,0.026786619091033935
pfp_bloom_filter_add_unique_size_u64,0,NVIDIA H200,I64,U64,128,20,1,2,1000000000,64,No,12,0.04414292891666668,0.000266854182051267,0.04412889830271403,0.00026947255839444243,22660887501.43345,13,0.044109380575326776
pfp_bloom_filter_add_unique_size_u64,0,NVIDIA H200,I64,U64,128,20,1,2,1000000000,128,No,11,0.05630169845454546,6.821240766561603e-05,0.056287750244140615,7.243956140527728e-05,17765854838.088806,12,0.056283848444620775
pfp_bloom_filter_add_unique_size_u64,0,NVIDIA H200,I64,U64,128,20,1,2,1000000000,256,No,11,0.06312882227272727,0.00011310036259978013,0.0631149031899192,0.00011350582260495558,15844118416.70576,12,0.06311271413167317
pfp_bloom_filter_add_unique_size_u64,0,NVIDIA H200,I64,U64,128,20,1,2,1000000000,512,No,11,0.06696956690909092,0.0001341751568784877,0.06695545612681995,0.000132431798094705,14935302630.242794,12,0.06694822756449381
pfp_bloom_filter_add_unique_size_u64,0,NVIDIA H200,I64,U64,128,20,1,2,1000000000,1024,No,11,0.06904301127272727,8.188257810486902e-05,0.06902892164750533,8.579138838718855e-05,14486681468.189203,12,0.06902218055725097
pfp_bloom_filter_add_unique_size_u64,0,NVIDIA H200,I64,U64,128,20,1,2,1000000000,2048,No,11,0.07010568945454546,0.00010143235182929141,0.07009182808615945,0.00010353067629897307,14266998412.008362,12,0.07008734321594239
pfp_bloom_filter_add_unique_size_u64,0,NVIDIA H200,I64,U64,128,20,1,4,1000000000,1,Yes,,,,,,,,
pfp_bloom_filter_add_unique_size_u64,0,NVIDIA H200,I64,U64,128,20,1,4,1000000000,2,Yes,,,,,,,,
pfp_bloom_filter_add_unique_size_u64,0,NVIDIA H200,I64,U64,128,20,1,4,1000000000,4,Yes,,,,,,,,
pfp_bloom_filter_add_unique_size_u64,0,NVIDIA H200,I64,U64,128,20,1,4,1000000000,8,Yes,,,,,,,,
pfp_bloom_filter_add_unique_size_u64,0,NVIDIA H200,I64,U64,128,20,1,4,1000000000,16,Yes,,,,,,,,
pfp_bloom_filter_add_unique_size_u64,0,NVIDIA H200,I64,U64,128,20,1,4,1000000000,32,Yes,,,,,,,,
pfp_bloom_filter_add_unique_size_u64,0,NVIDIA H200,I64,U64,128,20,1,4,1000000000,64,Yes,,,,,,,,
pfp_bloom_filter_add_unique_size_u64,0,NVIDIA H200,I64,U64,128,20,1,4,1000000000,128,Yes,,,,,,,,
pfp_bloom_filter_add_unique_size_u64,0,NVIDIA H200,I64,U64,128,20,1,4,1000000000,256,Yes,,,,,,,,
pfp_bloom_filter_add_unique_size_u64,0,NVIDIA H200,I64,U64,128,20,1,4,1000000000,512,Yes,,,,,,,,
pfp_bloom_filter_add_unique_size_u64,0,NVIDIA H200,I64,U64,128,20,1,4,1000000000,1024,Yes,,,,,,,,
pfp_bloom_filter_add_unique_size_u64,0,NVIDIA H200,I64,U64,128,20,1,4,1000000000,2048,Yes,,,,,,,,
pfp_bloom_filter_add_unique_size_u64,0,NVIDIA H200,I64,U64,128,20,1,8,1000000000,1,Yes,,,,,,,,
pfp_bloom_filter_add_unique_size_u64,0,NVIDIA H200,I64,U64,128,20,1,8,1000000000,2,Yes,,,,,,,,
pfp_bloom_filter_add_unique_size_u64,0,NVIDIA H200,I64,U64,128,20,1,8,1000000000,4,Yes,,,,,,,,
pfp_bloom_filter_add_unique_size_u64,0,NVIDIA H200,I64,U64,128,20,1,8,1000000000,8,Yes,,,,,,,,
pfp_bloom_filter_add_unique_size_u64,0,NVIDIA H200,I64,U64,128,20,1,8,1000000000,16,Yes,,,,,,,,
pfp_bloom_filter_add_unique_size_u64,0,NVIDIA H200,I64,U64,128,20,1,8,1000000000,32,Yes,,,,,,,,
pfp_bloom_filter_add_unique_size_u64,0,NVIDIA H200,I64,U64,128,20,1,8,1000000000,64,Yes,,,,,,,,
pfp_bloom_filter_add_unique_size_u64,0,NVIDIA H200,I64,U64,128,20,1,8,1000000000,128,Yes,,,,,,,,
pfp_bloom_filter_add_unique_size_u64,0,NVIDIA H200,I64,U64,128,20,1,8,1000000000,256,Yes,,,,,,,,
pfp_bloom_filter_add_unique_size_u64,0,NVIDIA H200,I64,U64,128,20,1,8,1000000000,512,Yes,,,,,,,,
pfp_bloom_filter_add_unique_size_u64,0,NVIDIA H200,I64,U64,128,20,1,8,1000000000,1024,Yes,,,,,,,,
pfp_bloom_filter_add_unique_size_u64,0,NVIDIA H200,I64,U64,128,20,1,8,1000000000,2048,Yes,,,,,,,,
pfp_bloom_filter_add_unique_size_u64,0,NVIDIA H200,I64,U64,128,20,2,1,1000000000,1,No,18,0.02783372627777778,2.5768863098128657e-05,0.027820275518629287,4.864760755813518e-06,35945007062.57816,19,0.02781795772753264
pfp_bloom_filter_add_unique_size_u64,0,NVIDIA H200,I64,U64,128,20,2,1,1000000000,2,No,18,0.02783709983333334,0.00021880539183043277,0.02782347191704644,0.00021640049933118938,35940877651.12218,19,0.02781797268516139
pfp_bloom_filter_add_unique_size_u64,0,NVIDIA H200,I64,U64,128,20,2,1,1000000000,4,No,18,0.027836991166666672,0.00020972094499182307,0.027823256916469998,0.00020805531679563737,35941155379.55045,19,0.02781792229100278
pfp_bloom_filter_add_unique_size_u64,0,NVIDIA H200,I64,U64,128,20,2,1,1000000000,8,No,18,0.02783395422222222,2.253841301917035e-05,0.02782064172956679,5.626003808357729e-06,35944533908.33309,19,0.027817973689029094
pfp_bloom_filter_add_unique_size_u64,0,NVIDIA H200,I64,U64,128,20,2,1,1000000000,16,No,18,0.027835866166666667,3.0282658101998887e-05,0.027822343190511065,8.82762853298395e-06,35942335739.0349,19,0.027820571297093442
pfp_bloom_filter_add_unique_size_u64,0,NVIDIA H200,I64,U64,128,20,2,1,1000000000,32,No,18,0.027847962944444447,0.00018589082092914814,0.02783459748162163,0.00018517912798238003,35926511984.24086,19,0.02782494414480109
pfp_bloom_filter_add_unique_size_u64,0,NVIDIA H200,I64,U64,128,20,2,1,1000000000,64,No,15,0.03466027433333334,0.00015017901400925763,0.03464688212076823,0.00014891082491158466,28862625979.28182,16,0.03463598108291626
pfp_bloom_filter_add_unique_size_u64,0,NVIDIA H200,I64,U64,128,20,2,1,1000000000,128,No,11,0.04817509909090909,0.0001173701973322501,0.04816128886829723,0.00011352020844236848,20763563922.357204,12,0.04815557829538981
pfp_bloom_filter_add_unique_size_u64,0,NVIDIA H200,I64,U64,128,20,2,1,1000000000,256,No,11,0.05572100236363637,7.57702129330779e-05,0.055707252502441414,7.382066226669183e-05,17950984029.52424,12,0.05570603815714518
pfp_bloom_filter_add_unique_size_u64,0,NVIDIA H200,I64,U64,128,20,2,1,1000000000,512,No,11,0.06007711754545455,5.133968782024143e-05,0.06006359516490589,4.773193614755781e-05,16649020047.076412,12,0.06006046072642008
pfp_bloom_filter_add_unique_size_u64,0,NVIDIA H200,I64,U64,128,20,2,1,1000000000,1024,No,11,0.06263288554545456,0.00011320605629830041,0.06261933968283914,0.00011000935750498443,15969507265.086195,12,0.06261499150594076
pfp_bloom_filter_add_unique_size_u64,0,NVIDIA H200,I64,U64,128,20,2,1,1000000000,2048,No,11,0.06425558245454545,6.453986167545549e-05,0.06424210565740411,6.529054789548948e-05,15566114929.869936,12,0.06424186261494955
pfp_bloom_filter_add_unique_size_u64,0,NVIDIA H200,I64,U64,128,20,2,2,1000000000,1,Yes,,,,,,,,
pfp_bloom_filter_add_unique_size_u64,0,NVIDIA H200,I64,U64,128,20,2,2,1000000000,2,Yes,,,,,,,,
pfp_bloom_filter_add_unique_size_u64,0,NVIDIA H200,I64,U64,128,20,2,2,1000000000,4,Yes,,,,,,,,
pfp_bloom_filter_add_unique_size_u64,0,NVIDIA H200,I64,U64,128,20,2,2,1000000000,8,Yes,,,,,,,,
pfp_bloom_filter_add_unique_size_u64,0,NVIDIA H200,I64,U64,128,20,2,2,1000000000,16,Yes,,,,,,,,
pfp_bloom_filter_add_unique_size_u64,0,NVIDIA H200,I64,U64,128,20,2,2,1000000000,32,Yes,,,,,,,,
pfp_bloom_filter_add_unique_size_u64,0,NVIDIA H200,I64,U64,128,20,2,2,1000000000,64,Yes,,,,,,,,
pfp_bloom_filter_add_unique_size_u64,0,NVIDIA H200,I64,U64,128,20,2,2,1000000000,128,Yes,,,,,,,,
pfp_bloom_filter_add_unique_size_u64,0,NVIDIA H200,I64,U64,128,20,2,2,1000000000,256,Yes,,,,,,,,
pfp_bloom_filter_add_unique_size_u64,0,NVIDIA H200,I64,U64,128,20,2,2,1000000000,512,Yes,,,,,,,,
pfp_bloom_filter_add_unique_size_u64,0,NVIDIA H200,I64,U64,128,20,2,2,1000000000,1024,Yes,,,,,,,,
pfp_bloom_filter_add_unique_size_u64,0,NVIDIA H200,I64,U64,128,20,2,2,1000000000,2048,Yes,,,,,,,,
pfp_bloom_filter_add_unique_size_u64,0,NVIDIA H200,I64,U64,128,20,2,4,1000000000,1,Yes,,,,,,,,
pfp_bloom_filter_add_unique_size_u64,0,NVIDIA H200,I64,U64,128,20,2,4,1000000000,2,Yes,,,,,,,,
pfp_bloom_filter_add_unique_size_u64,0,NVIDIA H200,I64,U64,128,20,2,4,1000000000,4,Yes,,,,,,,,
pfp_bloom_filter_add_unique_size_u64,0,NVIDIA H200,I64,U64,128,20,2,4,1000000000,8,Yes,,,,,,,,
pfp_bloom_filter_add_unique_size_u64,0,NVIDIA H200,I64,U64,128,20,2,4,1000000000,16,Yes,,,,,,,,
pfp_bloom_filter_add_unique_size_u64,0,NVIDIA H200,I64,U64,128,20,2,4,1000000000,32,Yes,,,,,,,,
pfp_bloom_filter_add_unique_size_u64,0,NVIDIA H200,I64,U64,128,20,2,4,1000000000,64,Yes,,,,,,,,
pfp_bloom_filter_add_unique_size_u64,0,NVIDIA H200,I64,U64,128,20,2,4,1000000000,128,Yes,,,,,,,,
pfp_bloom_filter_add_unique_size_u64,0,NVIDIA H200,I64,U64,128,20,2,4,1000000000,256,Yes,,,,,,,,
pfp_bloom_filter_add_unique_size_u64,0,NVIDIA H200,I64,U64,128,20,2,4,1000000000,512,Yes,,,,,,,,
pfp_bloom_filter_add_unique_size_u64,0,NVIDIA H200,I64,U64,128,20,2,4,1000000000,1024,Yes,,,,,,,,
pfp_bloom_filter_add_unique_size_u64,0,NVIDIA H200,I64,U64,128,20,2,4,1000000000,2048,Yes,,,,,,,,
pfp_bloom_filter_add_unique_size_u64,0,NVIDIA H200,I64,U64,128,20,2,8,1000000000,1,Yes,,,,,,,,
pfp_bloom_filter_add_unique_size_u64,0,NVIDIA H200,I64,U64,128,20,2,8,1000000000,2,Yes,,,,,,,,
pfp_bloom_filter_add_unique_size_u64,0,NVIDIA H200,I64,U64,128,20,2,8,1000000000,4,Yes,,,,,,,,
pfp_bloom_filter_add_unique_size_u64,0,NVIDIA H200,I64,U64,128,20,2,8,1000000000,8,Yes,,,,,,,,
pfp_bloom_filter_add_unique_size_u64,0,NVIDIA H200,I64,U64,128,20,2,8,1000000000,16,Yes,,,,,,,,
pfp_bloom_filter_add_unique_size_u64,0,NVIDIA H200,I64,U64,128,20,2,8,1000000000,32,Yes,,,,,,,,
pfp_bloom_filter_add_unique_size_u64,0,NVIDIA H200,I64,U64,128,20,2,8,1000000000,64,Yes,,,,,,,,
pfp_bloom_filter_add_unique_size_u64,0,NVIDIA H200,I64,U64,128,20,2,8,1000000000,128,Yes,,,,,,,,
pfp_bloom_filter_add_unique_size_u64,0,NVIDIA H200,I64,U64,128,20,2,8,1000000000,256,Yes,,,,,,,,
pfp_bloom_filter_add_unique_size_u64,0,NVIDIA H200,I64,U64,128,20,2,8,1000000000,512,Yes,,,,,,,,
pfp_bloom_filter_add_unique_size_u64,0,NVIDIA H200,I64,U64,128,20,2,8,1000000000,1024,Yes,,,,,,,,
pfp_bloom_filter_add_unique_size_u64,0,NVIDIA H200,I64,U64,128,20,2,8,1000000000,2048,Yes,,,,,,,,
pfp_bloom_filter_add_unique_size_u64,0,NVIDIA H200,I64,U64,128,20,4,1,1000000000,1,Yes,,,,,,,,
pfp_bloom_filter_add_unique_size_u64,0,NVIDIA H200,I64,U64,128,20,4,1,1000000000,2,Yes,,,,,,,,
pfp_bloom_filter_add_unique_size_u64,0,NVIDIA H200,I64,U64,128,20,4,1,1000000000,4,Yes,,,,,,,,
pfp_bloom_filter_add_unique_size_u64,0,NVIDIA H200,I64,U64,128,20,4,1,1000000000,8,Yes,,,,,,,,
pfp_bloom_filter_add_unique_size_u64,0,NVIDIA H200,I64,U64,128,20,4,1,1000000000,16,Yes,,,,,,,,
pfp_bloom_filter_add_unique_size_u64,0,NVIDIA H200,I64,U64,128,20,4,1,1000000000,32,Yes,,,,,,,,
pfp_bloom_filter_add_unique_size_u64,0,NVIDIA H200,I64,U64,128,20,4,1,1000000000,64,Yes,,,,,,,,
pfp_bloom_filter_add_unique_size_u64,0,NVIDIA H200,I64,U64,128,20,4,1,1000000000,128,Yes,,,,,,,,
pfp_bloom_filter_add_unique_size_u64,0,NVIDIA H200,I64,U64,128,20,4,1,1000000000,256,Yes,,,,,,,,
pfp_bloom_filter_add_unique_size_u64,0,NVIDIA H200,I64,U64,128,20,4,1,1000000000,512,Yes,,,,,,,,
pfp_bloom_filter_add_unique_size_u64,0,NVIDIA H200,I64,U64,128,20,4,1,1000000000,1024,Yes,,,,,,,,
pfp_bloom_filter_add_unique_size_u64,0,NVIDIA H200,I64,U64,128,20,4,1,1000000000,2048,Yes,,,,,,,,
pfp_bloom_filter_add_unique_size_u64,0,NVIDIA H200,I64,U64,128,20,4,2,1000000000,1,Yes,,,,,,,,
pfp_bloom_filter_add_unique_size_u64,0,NVIDIA H200,I64,U64,128,20,4,2,1000000000,2,Yes,,,,,,,,
pfp_bloom_filter_add_unique_size_u64,0,NVIDIA H200,I64,U64,128,20,4,2,1000000000,4,Yes,,,,,,,,
pfp_bloom_filter_add_unique_size_u64,0,NVIDIA H200,I64,U64,128,20,4,2,1000000000,8,Yes,,,,,,,,
pfp_bloom_filter_add_unique_size_u64,0,NVIDIA H200,I64,U64,128,20,4,2,1000000000,16,Yes,,,,,,,,
pfp_bloom_filter_add_unique_size_u64,0,NVIDIA H200,I64,U64,128,20,4,2,1000000000,32,Yes,,,,,,,,
pfp_bloom_filter_add_unique_size_u64,0,NVIDIA H200,I64,U64,128,20,4,2,1000000000,64,Yes,,,,,,,,
pfp_bloom_filter_add_unique_size_u64,0,NVIDIA H200,I64,U64,128,20,4,2,1000000000,128,Yes,,,,,,,,
pfp_bloom_filter_add_unique_size_u64,0,NVIDIA H200,I64,U64,128,20,4,2,1000000000,256,Yes,,,,,,,,
pfp_bloom_filter_add_unique_size_u64,0,NVIDIA H200,I64,U64,128,20,4,2,1000000000,512,Yes,,,,,,,,
pfp_bloom_filter_add_unique_size_u64,0,NVIDIA H200,I64,U64,128,20,4,2,1000000000,1024,Yes,,,,,,,,
pfp_bloom_filter_add_unique_size_u64,0,NVIDIA H200,I64,U64,128,20,4,2,1000000000,2048,Yes,,,,,,,,
pfp_bloom_filter_add_unique_size_u64,0,NVIDIA H200,I64,U64,128,20,4,4,1000000000,1,Yes,,,,,,,,
pfp_bloom_filter_add_unique_size_u64,0,NVIDIA H200,I64,U64,128,20,4,4,1000000000,2,Yes,,,,,,,,
pfp_bloom_filter_add_unique_size_u64,0,NVIDIA H200,I64,U64,128,20,4,4,1000000000,4,Yes,,,,,,,,
pfp_bloom_filter_add_unique_size_u64,0,NVIDIA H200,I64,U64,128,20,4,4,1000000000,8,Yes,,,,,,,,
pfp_bloom_filter_add_unique_size_u64,0,NVIDIA H200,I64,U64,128,20,4,4,1000000000,16,Yes,,,,,,,,
pfp_bloom_filter_add_unique_size_u64,0,NVIDIA H200,I64,U64,128,20,4,4,1000000000,32,Yes,,,,,,,,
pfp_bloom_filter_add_unique_size_u64,0,NVIDIA H200,I64,U64,128,20,4,4,1000000000,64,Yes,,,,,,,,
pfp_bloom_filter_add_unique_size_u64,0,NVIDIA H200,I64,U64,128,20,4,4,1000000000,128,Yes,,,,,,,,
pfp_bloom_filter_add_unique_size_u64,0,NVIDIA H200,I64,U64,128,20,4,4,1000000000,256,Yes,,,,,,,,
pfp_bloom_filter_add_unique_size_u64,0,NVIDIA H200,I64,U64,128,20,4,4,1000000000,512,Yes,,,,,,,,
pfp_bloom_filter_add_unique_size_u64,0,NVIDIA H200,I64,U64,128,20,4,4,1000000000,1024,Yes,,,,,,,,
pfp_bloom_filter_add_unique_size_u64,0,NVIDIA H200,I64,U64,128,20,4,4,1000000000,2048,Yes,,,,,,,,
pfp_bloom_filter_add_unique_size_u64,0,NVIDIA H200,I64,U64,128,20,4,8,1000000000,1,Yes,,,,,,,,
pfp_bloom_filter_add_unique_size_u64,0,NVIDIA H200,I64,U64,128,20,4,8,1000000000,2,Yes,,,,,,,,
pfp_bloom_filter_add_unique_size_u64,0,NVIDIA H200,I64,U64,128,20,4,8,1000000000,4,Yes,,,,,,,,
pfp_bloom_filter_add_unique_size_u64,0,NVIDIA H200,I64,U64,128,20,4,8,1000000000,8,Yes,,,,,,,,
pfp_bloom_filter_add_unique_size_u64,0,NVIDIA H200,I64,U64,128,20,4,8,1000000000,16,Yes,,,,,,,,
pfp_bloom_filter_add_unique_size_u64,0,NVIDIA H200,I64,U64,128,20,4,8,1000000000,32,Yes,,,,,,,,
pfp_bloom_filter_add_unique_size_u64,0,NVIDIA H200,I64,U64,128,20,4,8,1000000000,64,Yes,,,,,,,,
pfp_bloom_filter_add_unique_size_u64,0,NVIDIA H200,I64,U64,128,20,4,8,1000000000,128,Yes,,,,,,,,
pfp_bloom_filter_add_unique_size_u64,0,NVIDIA H200,I64,U64,128,20,4,8,1000000000,256,Yes,,,,,,,,
pfp_bloom_filter_add_unique_size_u64,0,NVIDIA H200,I64,U64,128,20,4,8,1000000000,512,Yes,,,,,,,,
pfp_bloom_filter_add_unique_size_u64,0,NVIDIA H200,I64,U64,128,20,4,8,1000000000,1024,Yes,,,,,,,,
pfp_bloom_filter_add_unique_size_u64,0,NVIDIA H200,I64,U64,128,20,4,8,1000000000,2048,Yes,,,,,,,,
pfp_bloom_filter_add_unique_size_u64,0,NVIDIA H200,I64,U64,128,20,8,1,1000000000,1,Yes,,,,,,,,
pfp_bloom_filter_add_unique_size_u64,0,NVIDIA H200,I64,U64,128,20,8,1,1000000000,2,Yes,,,,,,,,
pfp_bloom_filter_add_unique_size_u64,0,NVIDIA H200,I64,U64,128,20,8,1,1000000000,4,Yes,,,,,,,,
pfp_bloom_filter_add_unique_size_u64,0,NVIDIA H200,I64,U64,128,20,8,1,1000000000,8,Yes,,,,,,,,
pfp_bloom_filter_add_unique_size_u64,0,NVIDIA H200,I64,U64,128,20,8,1,1000000000,16,Yes,,,,,,,,
pfp_bloom_filter_add_unique_size_u64,0,NVIDIA H200,I64,U64,128,20,8,1,1000000000,32,Yes,,,,,,,,
pfp_bloom_filter_add_unique_size_u64,0,NVIDIA H200,I64,U64,128,20,8,1,1000000000,64,Yes,,,,,,,,
pfp_bloom_filter_add_unique_size_u64,0,NVIDIA H200,I64,U64,128,20,8,1,1000000000,128,Yes,,,,,,,,
pfp_bloom_filter_add_unique_size_u64,0,NVIDIA H200,I64,U64,128,20,8,1,1000000000,256,Yes,,,,,,,,
pfp_bloom_filter_add_unique_size_u64,0,NVIDIA H200,I64,U64,128,20,8,1,1000000000,512,Yes,,,,,,,,
pfp_bloom_filter_add_unique_size_u64,0,NVIDIA H200,I64,U64,128,20,8,1,1000000000,1024,Yes,,,,,,,,
pfp_bloom_filter_add_unique_size_u64,0,NVIDIA H200,I64,U64,128,20,8,1,1000000000,2048,Yes,,,,,,,,
pfp_bloom_filter_add_unique_size_u64,0,NVIDIA H200,I64,U64,128,20,8,2,1000000000,1,Yes,,,,,,,,
pfp_bloom_filter_add_unique_size_u64,0,NVIDIA H200,I64,U64,128,20,8,2,1000000000,2,Yes,,,,,,,,
pfp_bloom_filter_add_unique_size_u64,0,NVIDIA H200,I64,U64,128,20,8,2,1000000000,4,Yes,,,,,,,,
pfp_bloom_filter_add_unique_size_u64,0,NVIDIA H200,I64,U64,128,20,8,2,1000000000,8,Yes,,,,,,,,
pfp_bloom_filter_add_unique_size_u64,0,NVIDIA H200,I64,U64,128,20,8,2,1000000000,16,Yes,,,,,,,,
pfp_bloom_filter_add_unique_size_u64,0,NVIDIA H200,I64,U64,128,20,8,2,1000000000,32,Yes,,,,,,,,
pfp_bloom_filter_add_unique_size_u64,0,NVIDIA H200,I64,U64,128,20,8,2,1000000000,64,Yes,,,,,,,,
pfp_bloom_filter_add_unique_size_u64,0,NVIDIA H200,I64,U64,128,20,8,2,1000000000,128,Yes,,,,,,,,
pfp_bloom_filter_add_unique_size_u64,0,NVIDIA H200,I64,U64,128,20,8,2,1000000000,256,Yes,,,,,,,,
pfp_bloom_filter_add_unique_size_u64,0,NVIDIA H200,I64,U64,128,20,8,2,1000000000,512,Yes,,,,,,,,
pfp_bloom_filter_add_unique_size_u64,0,NVIDIA H200,I64,U64,128,20,8,2,1000000000,1024,Yes,,,,,,,,
pfp_bloom_filter_add_unique_size_u64,0,NVIDIA H200,I64,U64,128,20,8,2,1000000000,2048,Yes,,,,,,,,
pfp_bloom_filter_add_unique_size_u64,0,NVIDIA H200,I64,U64,128,20,8,4,1000000000,1,Yes,,,,,,,,
pfp_bloom_filter_add_unique_size_u64,0,NVIDIA H200,I64,U64,128,20,8,4,1000000000,2,Yes,,,,,,,,
pfp_bloom_filter_add_unique_size_u64,0,NVIDIA H200,I64,U64,128,20,8,4,1000000000,4,Yes,,,,,,,,
pfp_bloom_filter_add_unique_size_u64,0,NVIDIA H200,I64,U64,128,20,8,4,1000000000,8,Yes,,,,,,,,
pfp_bloom_filter_add_unique_size_u64,0,NVIDIA H200,I64,U64,128,20,8,4,1000000000,16,Yes,,,,,,,,
pfp_bloom_filter_add_unique_size_u64,0,NVIDIA H200,I64,U64,128,20,8,4,1000000000,32,Yes,,,,,,,,
pfp_bloom_filter_add_unique_size_u64,0,NVIDIA H200,I64,U64,128,20,8,4,1000000000,64,Yes,,,,,,,,
pfp_bloom_filter_add_unique_size_u64,0,NVIDIA H200,I64,U64,128,20,8,4,1000000000,128,Yes,,,,,,,,
pfp_bloom_filter_add_unique_size_u64,0,NVIDIA H200,I64,U64,128,20,8,4,1000000000,256,Yes,,,,,,,,
pfp_bloom_filter_add_unique_size_u64,0,NVIDIA H200,I64,U64,128,20,8,4,1000000000,512,Yes,,,,,,,,
pfp_bloom_filter_add_unique_size_u64,0,NVIDIA H200,I64,U64,128,20,8,4,1000000000,1024,Yes,,,,,,,,
pfp_bloom_filter_add_unique_size_u64,0,NVIDIA H200,I64,U64,128,20,8,4,1000000000,2048,Yes,,,,,,,,
pfp_bloom_filter_add_unique_size_u64,0,NVIDIA H200,I64,U64,128,20,8,8,1000000000,1,Yes,,,,,,,,
pfp_bloom_filter_add_unique_size_u64,0,NVIDIA H200,I64,U64,128,20,8,8,1000000000,2,Yes,,,,,,,,
pfp_bloom_filter_add_unique_size_u64,0,NVIDIA H200,I64,U64,128,20,8,8,1000000000,4,Yes,,,,,,,,
pfp_bloom_filter_add_unique_size_u64,0,NVIDIA H200,I64,U64,128,20,8,8,1000000000,8,Yes,,,,,,,,
pfp_bloom_filter_add_unique_size_u64,0,NVIDIA H200,I64,U64,128,20,8,8,1000000000,16,Yes,,,,,,,,
pfp_bloom_filter_add_unique_size_u64,0,NVIDIA H200,I64,U64,128,20,8,8,1000000000,32,Yes,,,,,,,,
pfp_bloom_filter_add_unique_size_u64,0,NVIDIA H200,I64,U64,128,20,8,8,1000000000,64,Yes,,,,,,,,
pfp_bloom_filter_add_unique_size_u64,0,NVIDIA H200,I64,U64,128,20,8,8,1000000000,128,Yes,,,,,,,,
pfp_bloom_filter_add_unique_size_u64,0,NVIDIA H200,I64,U64,128,20,8,8,1000000000,256,Yes,,,,,,,,
pfp_bloom_filter_add_unique_size_u64,0,NVIDIA H200,I64,U64,128,20,8,8,1000000000,512,Yes,,,,,,,,
pfp_bloom_filter_add_unique_size_u64,0,NVIDIA H200,I64,U64,128,20,8,8,1000000000,1024,Yes,,,,,,,,
pfp_bloom_filter_add_unique_size_u64,0,NVIDIA H200,I64,U64,128,20,8,8,1000000000,2048,Yes,,,,,,,,
pfp_bloom_filter_add_unique_size_u64,0,NVIDIA H200,I64,U64,256,1,1,1,1000000000,1,No,11,0.05222565372727273,0.00011052472174356129,0.05221213080666282,0.00011500991831966088,19152637223.386204,12,0.05221129035949707
pfp_bloom_filter_add_unique_size_u64,0,NVIDIA H200,I64,U64,256,1,1,1,1000000000,2,No,11,0.052217748090909094,0.00010474373970757481,0.052204477483576,0.0001013780099206521,19155445053.819553,12,0.05219633038838704
pfp_bloom_filter_add_unique_size_u64,0,NVIDIA H200,I64,U64,256,1,1,1,1000000000,4,No,11,0.05220608663636364,8.684727025758608e-05,0.05219244142012163,9.890327789399785e-05,19159862477.988476,12,0.05218724822998048
pfp_bloom_filter_add_unique_size_u64,0,NVIDIA H200,I64,U64,256,1,1,1,1000000000,8,No,11,0.05200637154545455,0.0001725357582197428,0.051992855418812156,0.00017645702328974476,19233411820.62061,12,0.05198882452646892
pfp_bloom_filter_add_unique_size_u64,0,NVIDIA H200,I64,U64,256,1,1,1,1000000000,16,No,11,0.05188775000000001,0.00011147159164776118,0.051874353582208814,0.00011553647524077468,19277348650.045963,12,0.051863604227701816
pfp_bloom_filter_add_unique_size_u64,0,NVIDIA H200,I64,U64,256,1,1,1,1000000000,32,No,11,0.05177063618181818,0.0001286667935547449,0.051757131056352094,0.000130119906144052,19321009097.494617,12,0.05174256960550944
pfp_bloom_filter_add_unique_size_u64,0,NVIDIA H200,I64,U64,256,1,1,1,1000000000,64,No,11,0.06436441136363637,9.17435690368129e-05,0.06435053391890092,0.00010097962378686482,15539886603.89781,12,0.06433320808410643
pfp_bloom_filter_add_unique_size_u64,0,NVIDIA H200,I64,U64,256,1,1,1,1000000000,128,No,11,0.07659217263636364,0.00010788769997713794,0.07657844682173297,0.00010912752016424147,13058504598.923256,12,0.07657058588663736
pfp_bloom_filter_add_unique_size_u64,0,NVIDIA H200,I64,U64,256,1,1,1,1000000000,256,No,11,0.08281558263636363,8.044920841690475e-05,0.08280176613547584,8.346722774496475e-05,12077037081.115557,12,0.08280007807413738
pfp_bloom_filter_add_unique_size_u64,0,NVIDIA H200,I64,U64,256,1,1,1,1000000000,512,No,11,0.08614133427272729,7.694593468163e-05,0.08612744834206322,7.683373737430928e-05,11610700412.583994,12,0.08611190541585288
pfp_bloom_filter_add_unique_size_u64,0,NVIDIA H200,I64,U64,256,1,1,1,1000000000,1024,No,11,0.08790198745454544,0.00011700307732530271,0.0878876987804066,0.00011941003501629697,11378156600.71574,12,0.08788700040181478
pfp_bloom_filter_add_unique_size_u64,0,NVIDIA H200,I64,U64,256,1,1,1,1000000000,2048,No,11,0.08900076145454545,0.00013739976905467502,0.08898691420121627,0.00014008921552824521,11237607337.84757,12,0.08897997220357258
pfp_bloom_filter_add_unique_size_u64,0,NVIDIA H200,I64,U64,256,1,1,2,1000000000,1,No,11,0.05223061627272727,8.505516268470045e-05,0.05221713464910334,9.143652416045036e-05,19150801872.21977,12,0.052233189900716154
pfp_bloom_filter_add_unique_size_u64,0,NVIDIA H200,I64,U64,256,1,1,2,1000000000,2,No,11,0.05229685109090909,0.0007625450180177544,0.05228354020552202,0.0007662933015193179,19126478353.78185,12,0.052203584035237637
pfp_bloom_filter_add_unique_size_u64,0,NVIDIA H200,I64,U64,256,1,1,2,1000000000,4,No,11,0.05219579163636365,0.00010547498411157079,0.05218250205300071,0.00010113977934249388,19163511917.928356,12,0.05218097972869873
pfp_bloom_filter_add_unique_size_u64,0,NVIDIA H200,I64,U64,256,1,1,2,1000000000,8,No,11,0.052160762454545456,0.0008609878378990173,0.052146943872625175,0.0008625730179571942,19176579215.123585,12,0.0521695384979248
pfp_bloom_filter_add_unique_size_u64,0,NVIDIA H200,I64,U64,256,1,1,2,1000000000,16,No,11,0.051892491727272734,0.000135411467934842,0.051878851110284965,0.00013358483368692647,19275677440.77799,12,0.05186985111236572
pfp_bloom_filter_add_unique_size_u64,0,NVIDIA H200,I64,U64,256,1,1,2,1000000000,32,No,11,0.051771840454545456,7.314002904235514e-05,0.0517574084888805,6.789375497791373e-05,19320905532.100563,12,0.05174224440256755
pfp_bloom_filter_add_unique_size_u64,0,NVIDIA H200,I64,U64,256,1,1,2,1000000000,64,No,11,0.06432538145454547,0.00013807747703112322,0.06431164828213777,0.00013272563190401144,15549282699.348026,12,0.06429860877990723
pfp_bloom_filter_add_unique_size_u64,0,NVIDIA H200,I64,U64,256,1,1,2,1000000000,128,No,11,0.07655453618181819,0.00011809136735613891,0.07654057381369851,0.00011552248371468308,13064966071.903545,12,0.0765358486175537
pfp_bloom_filter_add_unique_size_u64,0,NVIDIA H200,I64,U64,256,1,1,2,1000000000,256,No,11,0.08278902563636364,6.455577680662874e-05,0.08277491968328304,6.218791388211353e-05,12080954035.669777,12,0.08276292483011881
pfp_bloom_filter_add_unique_size_u64,0,NVIDIA H200,I64,U64,256,1,1,2,1000000000,512,No,11,0.08609763327272728,9.764466223399167e-05,0.0860836743441495,9.666434161520926e-05,11616604514.372276,12,0.08607148361206056
pfp_bloom_filter_add_unique_size_u64,0,NVIDIA H200,I64,U64,256,1,1,2,1000000000,1024,No,11,0.0878689271818182,7.154618804496424e-05,0.08785479250821202,7.304647656583403e-05,11382418322.89943,12,0.08785064951578776
pfp_bloom_filter_add_unique_size_u64,0,NVIDIA H200,I64,U64,256,1,1,2,1000000000,2048,No,11,0.0889524930909091,0.00012109813638919998,0.08893814156272194,0.00011808593188870754,11243769910.514366,12,0.08893837928771971
pfp_bloom_filter_add_unique_size_u64,0,NVIDIA H200,I64,U64,256,1,1,4,1000000000,1,No,11,0.052259079,0.0007509218053775821,0.052244992342862215,0.0007535551851484821,19140590421.32526,12,0.052207353909810385
pfp_bloom_filter_add_unique_size_u64,0,NVIDIA H200,I64,U64,256,1,1,4,1000000000,2,No,11,0.05221306590909092,7.24796844430389e-05,0.052199394919655535,6.579632688153492e-05,19157310186.050697,12,0.05219839286804199
pfp_bloom_filter_add_unique_size_u64,0,NVIDIA H200,I64,U64,256,1,1,4,1000000000,4,No,11,0.052197175727272734,0.00012031246102244351,0.052183389143510304,0.00011656023306000182,19163186148.17994,12,0.0521767578125
pfp_bloom_filter_add_unique_size_u64,0,NVIDIA H200,I64,U64,256,1,1,4,1000000000,8,No,11,0.0520061310909091,9.912165346084533e-05,0.05199203525890003,9.327793820850883e-05,19233715222.348778,12,0.05198189353942872
pfp_bloom_filter_add_unique_size_u64,0,NVIDIA H200,I64,U64,256,1,1,4,1000000000,16,No,11,0.05188377363636364,0.0001026745231101202,0.05187014735828746,0.00011270731586214361,19278911877.62795,12,0.051861068725585935
pfp_bloom_filter_add_unique_size_u64,0,NVIDIA H200,I64,U64,256,1,1,4,1000000000,32,No,11,0.05176894127272727,0.00012870131074630437,0.051755237926136365,0.0001280711810367917,19321715831.49076,12,0.05173909378051758
pfp_bloom_filter_add_unique_size_u64,0,NVIDIA H200,I64,U64,256,1,1,4,1000000000,64,No,11,0.06433359427272728,9.927456128390596e-05,0.06431977011940697,9.718309927263874e-05,15547319247.931728,12,0.06430246925354004
pfp_bloom_filter_add_unique_size_u64,0,NVIDIA H200,I64,U64,256,1,1,4,1000000000,128,No,11,0.07656163463636363,0.00018564086197643618,0.07654759979248048,0.00018513001232575585,13063766894.20683,12,0.07654584630330404
pfp_bloom_filter_add_unique_size_u64,0,NVIDIA H200,I64,U64,256,1,1,4,1000000000,256,No,11,0.0827865159090909,9.494626646348559e-05,0.08277240753173827,9.655419198031763e-05,12081320693.93487,12,0.08276371701558431
pfp_bloom_filter_add_unique_size_u64,0,NVIDIA H200,I64,U64,256,1,1,4,1000000000,512,No,11,0.08609114000000001,0.00011515174484311363,0.08607660189541903,0.0001170848734660244,11617558987.923054,12,0.0860702641805013
pfp_bloom_filter_add_unique_size_u64,0,NVIDIA H200,I64,U64,256,1,1,4,1000000000,1024,No,11,0.08786557081818182,9.18957414962599e-05,0.08785158677534623,9.152632755285514e-05,11382833671.031994,12,0.08784895133972169
pfp_bloom_filter_add_unique_size_u64,0,NVIDIA H200,I64,U64,256,1,1,4,1000000000,2048,No,11,0.08896221818181818,0.00010428431213604262,0.08894796891645952,0.00010906599237989233,11242527650.509998,12,0.08894884872436522
pfp_bloom_filter_add_unique_size_u64,0,NVIDIA H200,I64,U64,256,1,1,8,1000000000,1,Yes,,,,,,,,
pfp_bloom_filter_add_unique_size_u64,0,NVIDIA H200,I64,U64,256,1,1,8,1000000000,2,Yes,,,,,,,,
pfp_bloom_filter_add_unique_size_u64,0,NVIDIA H200,I64,U64,256,1,1,8,1000000000,4,Yes,,,,,,,,
pfp_bloom_filter_add_unique_size_u64,0,NVIDIA H200,I64,U64,256,1,1,8,1000000000,8,Yes,,,,,,,,
pfp_bloom_filter_add_unique_size_u64,0,NVIDIA H200,I64,U64,256,1,1,8,1000000000,16,Yes,,,,,,,,
pfp_bloom_filter_add_unique_size_u64,0,NVIDIA H200,I64,U64,256,1,1,8,1000000000,32,Yes,,,,,,,,
pfp_bloom_filter_add_unique_size_u64,0,NVIDIA H200,I64,U64,256,1,1,8,1000000000,64,Yes,,,,,,,,
pfp_bloom_filter_add_unique_size_u64,0,NVIDIA H200,I64,U64,256,1,1,8,1000000000,128,Yes,,,,,,,,
pfp_bloom_filter_add_unique_size_u64,0,NVIDIA H200,I64,U64,256,1,1,8,1000000000,256,Yes,,,,,,,,
pfp_bloom_filter_add_unique_size_u64,0,NVIDIA H200,I64,U64,256,1,1,8,1000000000,512,Yes,,,,,,,,
pfp_bloom_filter_add_unique_size_u64,0,NVIDIA H200,I64,U64,256,1,1,8,1000000000,1024,Yes,,,,,,,,
pfp_bloom_filter_add_unique_size_u64,0,NVIDIA H200,I64,U64,256,1,1,8,1000000000,2048,Yes,,,,,,,,
pfp_bloom_filter_add_unique_size_u64,0,NVIDIA H200,I64,U64,256,1,2,1,1000000000,1,No,19,0.02688904773684211,0.0001475515199661587,0.026875818252563476,0.0001464112491600285,37208169463.06808,20,0.02687793788909912
pfp_bloom_filter_add_unique_size_u64,0,NVIDIA H200,I64,U64,256,1,2,1,1000000000,2,No,19,0.026888174000000004,0.0001457664253645959,0.02687508201599121,0.000149546058073689,37209188772.148865,20,0.026870256519317626
pfp_bloom_filter_add_unique_size_u64,0,NVIDIA H200,I64,U64,256,1,2,1,1000000000,4,No,19,0.02688380510526316,0.00012201354850650032,0.026870487614681846,0.00012221432677235594,37215550917.416435,20,0.02686587190628052
pfp_bloom_filter_add_unique_size_u64,0,NVIDIA H200,I64,U64,256,1,2,1,1000000000,8,No,19,0.026785123421052635,0.0009399561365265169,0.026771648206208885,0.0009441259677698297,37352948623.016785,20,0.026768540859222412
pfp_bloom_filter_add_unique_size_u64,0,NVIDIA H200,I64,U64,256,1,2,1,1000000000,16,No,19,0.026729432000000004,9.409754491448867e-05,0.026716328470330487,9.995333481288653e-05,37430292905.34957,20,0.026707257175445552
pfp_bloom_filter_add_unique_size_u64,0,NVIDIA H200,I64,U64,256,1,2,1,1000000000,32,No,19,0.026785355894736844,0.000145998782348818,0.02677227622584293,0.0001476854442325481,37352072403.71713,20,0.026754839515686035
pfp_bloom_filter_add_unique_size_u64,0,NVIDIA H200,I64,U64,256,1,2,1,1000000000,64,No,12,0.04432127033333333,0.00025195567046665685,0.04430800819396973,0.0002510892132998111,22569283539.495663,13,0.04429300748384916
pfp_bloom_filter_add_unique_size_u64,0,NVIDIA H200,I64,U64,256,1,2,1,1000000000,128,No,11,0.056438715,9.413414229224586e-05,0.056425000971013856,9.012975654231912e-05,17722640368.472675,12,0.056417039871215824
pfp_bloom_filter_add_unique_size_u64,0,NVIDIA H200,I64,U64,256,1,2,1,1000000000,256,No,11,0.06328334272727273,9.10670504649099e-05,0.06326977157592772,9.00407342192208e-05,15805336025.276096,12,0.06326255067189535
pfp_bloom_filter_add_unique_size_u64,0,NVIDIA H200,I64,U64,256,1,2,1,1000000000,512,No,11,0.06714467954545456,7.679425346492629e-05,0.0671309814453125,7.538765350969782e-05,14896251752.473465,12,0.06712719281514486
pfp_bloom_filter_add_unique_size_u64,0,NVIDIA H200,I64,U64,256,1,2,1,1000000000,1024,No,11,0.06922106836363638,8.618744221860637e-05,0.0692069618918679,7.397967634266071e-05,14449413363.390312,12,0.06919945335388183
pfp_bloom_filter_add_unique_size_u64,0,NVIDIA H200,I64,U64,256,1,2,1,1000000000,2048,No,11,0.07029695581818184,7.286109386177148e-05,0.07028336264870384,7.083353023618125e-05,14228118324.364805,12,0.07027405230204264
pfp_bloom_filter_add_unique_size_u64,0,NVIDIA H200,I64,U64,256,1,2,2,1000000000,1,No,13,0.04022269307692308,8.846224939812953e-05,0.04020932182898888,9.399395561796876e-05,24869854912.077896,14,0.040205289295741485
pfp_bloom_filter_add_unique_size_u64,0,NVIDIA H200,I64,U64,256,1,2,2,1000000000,2,No,13,0.040221810846153845,0.00011635496129964513,0.04020834732055664,0.0001135026245199159,24870457669.588097,14,0.040207362038748605
pfp_bloom_filter_add_unique_size_u64,0,NVIDIA H200,I64,U64,256,1,2,2,1000000000,4,No,13,0.040203157153846154,7.94985205539693e-05,0.04019004821777344,8.15391263177021e-05,24881781544.06307,14,0.040184205191475995
pfp_bloom_filter_add_unique_size_u64,0,NVIDIA H200,I64,U64,256,1,2,2,1000000000,8,No,13,0.04014124584615385,0.00010326028080093746,0.040127802922175486,0.00010151190898903356,24920377573.111,14,0.040120988573346825
pfp_bloom_filter_add_unique_size_u64,0,NVIDIA H200,I64,U64,256,1,2,2,1000000000,16,No,13,0.03997215638461538,0.00013216447163276853,0.03995896823589618,0.00013371778494204826,25025671185.916004,14,0.03995135198320661
pfp_bloom_filter_add_unique_size_u64,0,NVIDIA H200,I64,U64,256,1,2,2,1000000000,32,No,13,0.03991939838461538,9.750078368535141e-05,0.03990598825307993,9.269840421648899e-05,25058895764.16693,14,0.039895592280796595
pfp_bloom_filter_add_unique_size_u64,0,NVIDIA H200,I64,U64,256,1,2,2,1000000000,64,No,11,0.046359607272727275,0.00012447622312711655,0.04634610852328214,0.00011088366108567561,21576784585.86542,12,0.04632798067728678
pfp_bloom_filter_add_unique_size_u64,0,NVIDIA H200,I64,U64,256,1,2,2,1000000000,128,No,11,0.05808426545454546,9.748809594375314e-05,0.05807062183726918,0.00010254811160332613,17220411429.419365,12,0.05806431833902994
pfp_bloom_filter_add_unique_size_u64,0,NVIDIA H200,I64,U64,256,1,2,2,1000000000,256,No,11,0.06465186463636363,9.010438079269043e-05,0.06463815238259056,9.042092508832226e-05,15470739232.783777,12,0.06463736406962077
pfp_bloom_filter_add_unique_size_u64,0,NVIDIA H200,I64,U64,256,1,2,2,1000000000,512,No,11,0.06835673454545456,0.00011113051098194132,0.06834300509366122,0.00011019898068678761,14632075347.426441,12,0.0683407236735026
pfp_bloom_filter_add_unique_size_u64,0,NVIDIA H200,I64,U64,256,1,2,2,1000000000,1024,No,11,0.0703695280909091,6.884209164553987e-05,0.07035558111017401,7.209347859820851e-05,14213513472.854986,12,0.07034874280293782
pfp_bloom_filter_add_unique_size_u64,0,NVIDIA H200,I64,U64,256,1,2,2,1000000000,2048,No,11,0.07139975381818182,9.321066881464705e-05,0.07138570195978339,8.633821101233505e-05,14008407461.81036,12,0.07137972895304362
pfp_bloom_filter_add_unique_size_u64,0,NVIDIA H200,I64,U64,256,1,2,4,1000000000,1,Yes,,,,,,,,
pfp_bloom_filter_add_unique_size_u64,0,NVIDIA H200,I64,U64,256,1,2,4,1000000000,2,Yes,,,,,,,,
pfp_bloom_filter_add_unique_size_u64,0,NVIDIA H200,I64,U64,256,1,2,4,1000000000,4,Yes,,,,,,,,
pfp_bloom_filter_add_unique_size_u64,0,NVIDIA H200,I64,U64,256,1,2,4,1000000000,8,Yes,,,,,,,,
pfp_bloom_filter_add_unique_size_u64,0,NVIDIA H200,I64,U64,256,1,2,4,1000000000,16,Yes,,,,,,,,
pfp_bloom_filter_add_unique_size_u64,0,NVIDIA H200,I64,U64,256,1,2,4,1000000000,32,Yes,,,,,,,,
pfp_bloom_filter_add_unique_size_u64,0,NVIDIA H200,I64,U64,256,1,2,4,1000000000,64,Yes,,,,,,,,
pfp_bloom_filter_add_unique_size_u64,0,NVIDIA H200,I64,U64,256,1,2,4,1000000000,128,Yes,,,,,,,,
pfp_bloom_filter_add_unique_size_u64,0,NVIDIA H200,I64,U64,256,1,2,4,1000000000,256,Yes,,,,,,,,
pfp_bloom_filter_add_unique_size_u64,0,NVIDIA H200,I64,U64,256,1,2,4,1000000000,512,Yes,,,,,,,,
pfp_bloom_filter_add_unique_size_u64,0,NVIDIA H200,I64,U64,256,1,2,4,1000000000,1024,Yes,,,,,,,,
pfp_bloom_filter_add_unique_size_u64,0,NVIDIA H200,I64,U64,256,1,2,4,1000000000,2048,Yes,,,,,,,,
pfp_bloom_filter_add_unique_size_u64,0,NVIDIA H200,I64,U64,256,1,2,8,1000000000,1,Yes,,,,,,,,
pfp_bloom_filter_add_unique_size_u64,0,NVIDIA H200,I64,U64,256,1,2,8,1000000000,2,Yes,,,,,,,,
pfp_bloom_filter_add_unique_size_u64,0,NVIDIA H200,I64,U64,256,1,2,8,1000000000,4,Yes,,,,,,,,
pfp_bloom_filter_add_unique_size_u64,0,NVIDIA H200,I64,U64,256,1,2,8,1000000000,8,Yes,,,,,,,,
pfp_bloom_filter_add_unique_size_u64,0,NVIDIA H200,I64,U64,256,1,2,8,1000000000,16,Yes,,,,,,,,
pfp_bloom_filter_add_unique_size_u64,0,NVIDIA H200,I64,U64,256,1,2,8,1000000000,32,Yes,,,,,,,,
pfp_bloom_filter_add_unique_size_u64,0,NVIDIA H200,I64,U64,256,1,2,8,1000000000,64,Yes,,,,,,,,
pfp_bloom_filter_add_unique_size_u64,0,NVIDIA H200,I64,U64,256,1,2,8,1000000000,128,Yes,,,,,,,,
pfp_bloom_filter_add_unique_size_u64,0,NVIDIA H200,I64,U64,256,1,2,8,1000000000,256,Yes,,,,,,,,
pfp_bloom_filter_add_unique_size_u64,0,NVIDIA H200,I64,U64,256,1,2,8,1000000000,512,Yes,,,,,,,,
pfp_bloom_filter_add_unique_size_u64,0,NVIDIA H200,I64,U64,256,1,2,8,1000000000,1024,Yes,,,,,,,,
pfp_bloom_filter_add_unique_size_u64,0,NVIDIA H200,I64,U64,256,1,2,8,1000000000,2048,Yes,,,,,,,,
pfp_bloom_filter_add_unique_size_u64,0,NVIDIA H200,I64,U64,256,1,4,1,1000000000,1,No,25,0.0204713588,7.98324580666306e-05,0.02045795455932617,6.929198095584877e-05,48880742065.39529,26,0.02045497630192683
pfp_bloom_filter_add_unique_size_u64,0,NVIDIA H200,I64,U64,256,1,4,1,1000000000,2,No,25,0.0204712302,8.99834892657474e-05,0.02045763992309571,8.342855839720107e-05,48881493845.78067,26,0.02045503520965576
pfp_bloom_filter_add_unique_size_u64,0,NVIDIA H200,I64,U64,256,1,4,1,1000000000,4,No,25,0.020466841400000005,0.00011602499663051793,0.02045339904785156,0.0001146613620314779,48891629095.99814,26,0.02045138205014742
pfp_bloom_filter_add_unique_size_u64,0,NVIDIA H200,I64,U64,256,1,4,1,1000000000,8,No,25,0.020400681320000006,0.00014535238226391704,0.02038723731994629,0.00013142769148291418,49050294765.6193,26,0.020383805641761194
pfp_bloom_filter_add_unique_size_u64,0,NVIDIA H200,I64,U64,256,1,4,1,1000000000,16,No,25,0.020354516879999996,0.0001318837776184252,0.02034150772094727,0.0001241466987148834,49160564384.82288,26,0.020333826065063478
pfp_bloom_filter_add_unique_size_u64,0,NVIDIA H200,I64,U64,256,1,4,1,1000000000,32,No,25,0.020332330640000004,8.509315031403746e-05,0.020319152603149412,8.911524689031588e-05,49214650804.1385,26,0.0203061334169828
pfp_bloom_filter_add_unique_size_u64,0,NVIDIA H200,I64,U64,256,1,4,1,1000000000,64,No,15,0.03464196306666667,0.00011743439669130944,0.03462850570678711,0.0001240007690380997,28877942596.408432,16,0.03461872220039368
pfp_bloom_filter_add_unique_size_u64,0,NVIDIA H200,I64,U64,256,1,4,1,1000000000,128,No,11,0.04817894854545454,7.78309616880962e-05,0.04816550931063565,8.097308033223157e-05,20761744541.112644,12,0.048163342793782545
pfp_bloom_filter_add_unique_size_u64,0,NVIDIA H200,I64,U64,256,1,4,1,1000000000,256,No,11,0.05572948027272728,0.00010360469080702867,0.055715717315673825,0.00010287788510213466,17948256760.910126,12,0.05571180152893066
pfp_bloom_filter_add_unique_size_u64,0,NVIDIA H200,I64,U64,256,1,4,1,1000000000,512,No,11,0.060079810545454554,7.6599983938741e-05,0.060066102808172046,7.621216609243125e-05,16648324982.787949,12,0.06006744702657064
pfp_bloom_filter_add_unique_size_u64,0,NVIDIA H200,I64,U64,256,1,4,1,1000000000,1024,No,11,0.06263567445454546,0.00012730998688112994,0.06262172213467684,0.0001233584731620712,15968899703.035297,12,0.06262167167663575
pfp_bloom_filter_add_unique_size_u64,0,NVIDIA H200,I64,U64,256,1,4,1,1000000000,2048,No,11,0.06425829572727272,0.00011887125358275444,0.06424456440318715,0.00010977909530893848,15565519188.89484,12,0.06424347496032716
pfp_bloom_filter_add_unique_size_u64,0,NVIDIA H200,I64,U64,256,1,4,2,1000000000,1,Yes,,,,,,,,
pfp_bloom_filter_add_unique_size_u64,0,NVIDIA H200,I64,U64,256,1,4,2,1000000000,2,Yes,,,,,,,,
pfp_bloom_filter_add_unique_size_u64,0,NVIDIA H200,I64,U64,256,1,4,2,1000000000,4,Yes,,,,,,,,
pfp_bloom_filter_add_unique_size_u64,0,NVIDIA H200,I64,U64,256,1,4,2,1000000000,8,Yes,,,,,,,,
pfp_bloom_filter_add_unique_size_u64,0,NVIDIA H200,I64,U64,256,1,4,2,1000000000,16,Yes,,,,,,,,
pfp_bloom_filter_add_unique_size_u64,0,NVIDIA H200,I64,U64,256,1,4,2,1000000000,32,Yes,,,,,,,,
pfp_bloom_filter_add_unique_size_u64,0,NVIDIA H200,I64,U64,256,1,4,2,1000000000,64,Yes,,,,,,,,
pfp_bloom_filter_add_unique_size_u64,0,NVIDIA H200,I64,U64,256,1,4,2,1000000000,128,Yes,,,,,,,,
pfp_bloom_filter_add_unique_size_u64,0,NVIDIA H200,I64,U64,256,1,4,2,1000000000,256,Yes,,,,,,,,
pfp_bloom_filter_add_unique_size_u64,0,NVIDIA H200,I64,U64,256,1,4,2,1000000000,512,Yes,,,,,,,,
pfp_bloom_filter_add_unique_size_u64,0,NVIDIA H200,I64,U64,256,1,4,2,1000000000,1024,Yes,,,,,,,,
pfp_bloom_filter_add_unique_size_u64,0,NVIDIA H200,I64,U64,256,1,4,2,1000000000,2048,Yes,,,,,,,,
pfp_bloom_filter_add_unique_size_u64,0,NVIDIA H200,I64,U64,256,1,4,4,1000000000,1,Yes,,,,,,,,
pfp_bloom_filter_add_unique_size_u64,0,NVIDIA H200,I64,U64,256,1,4,4,1000000000,2,Yes,,,,,,,,
pfp_bloom_filter_add_unique_size_u64,0,NVIDIA H200,I64,U64,256,1,4,4,1000000000,4,Yes,,,,,,,,
pfp_bloom_filter_add_unique_size_u64,0,NVIDIA H200,I64,U64,256,1,4,4,1000000000,8,Yes,,,,,,,,
pfp_bloom_filter_add_unique_size_u64,0,NVIDIA H200,I64,U64,256,1,4,4,1000000000,16,Yes,,,,,,,,
pfp_bloom_filter_add_unique_size_u64,0,NVIDIA H200,I64,U64,256,1,4,4,1000000000,32,Yes,,,,,,,,
pfp_bloom_filter_add_unique_size_u64,0,NVIDIA H200,I64,U64,256,1,4,4,1000000000,64,Yes,,,,,,,,
pfp_bloom_filter_add_unique_size_u64,0,NVIDIA H200,I64,U64,256,1,4,4,1000000000,128,Yes,,,,,,,,
pfp_bloom_filter_add_unique_size_u64,0,NVIDIA H200,I64,U64,256,1,4,4,1000000000,256,Yes,,,,,,,,
pfp_bloom_filter_add_unique_size_u64,0,NVIDIA H200,I64,U64,256,1,4,4,1000000000,512,Yes,,,,,,,,
pfp_bloom_filter_add_unique_size_u64,0,NVIDIA H200,I64,U64,256,1,4,4,1000000000,1024,Yes,,,,,,,,
pfp_bloom_filter_add_unique_size_u64,0,NVIDIA H200,I64,U64,256,1,4,4,1000000000,2048,Yes,,,,,,,,
pfp_bloom_filter_add_unique_size_u64,0,NVIDIA H200,I64,U64,256,1,4,8,1000000000,1,Yes,,,,,,,,
pfp_bloom_filter_add_unique_size_u64,0,NVIDIA H200,I64,U64,256,1,4,8,1000000000,2,Yes,,,,,,,,
pfp_bloom_filter_add_unique_size_u64,0,NVIDIA H200,I64,U64,256,1,4,8,1000000000,4,Yes,,,,,,,,
pfp_bloom_filter_add_unique_size_u64,0,NVIDIA H200,I64,U64,256,1,4,8,1000000000,8,Yes,,,,,,,,
pfp_bloom_filter_add_unique_size_u64,0,NVIDIA H200,I64,U64,256,1,4,8,1000000000,16,Yes,,,,,,,,
pfp_bloom_filter_add_unique_size_u64,0,NVIDIA H200,I64,U64,256,1,4,8,1000000000,32,Yes,,,,,,,,
pfp_bloom_filter_add_unique_size_u64,0,NVIDIA H200,I64,U64,256,1,4,8,1000000000,64,Yes,,,,,,,,
pfp_bloom_filter_add_unique_size_u64,0,NVIDIA H200,I64,U64,256,1,4,8,1000000000,128,Yes,,,,,,,,
pfp_bloom_filter_add_unique_size_u64,0,NVIDIA H200,I64,U64,256,1,4,8,1000000000,256,Yes,,,,,,,,
pfp_bloom_filter_add_unique_size_u64,0,NVIDIA H200,I64,U64,256,1,4,8,1000000000,512,Yes,,,,,,,,
pfp_bloom_filter_add_unique_size_u64,0,NVIDIA H200,I64,U64,256,1,4,8,1000000000,1024,Yes,,,,,,,,
pfp_bloom_filter_add_unique_size_u64,0,NVIDIA H200,I64,U64,256,1,4,8,1000000000,2048,Yes,,,,,,,,
pfp_bloom_filter_add_unique_size_u64,0,NVIDIA H200,I64,U64,256,1,8,1,1000000000,1,Yes,,,,,,,,
pfp_bloom_filter_add_unique_size_u64,0,NVIDIA H200,I64,U64,256,1,8,1,1000000000,2,Yes,,,,,,,,
pfp_bloom_filter_add_unique_size_u64,0,NVIDIA H200,I64,U64,256,1,8,1,1000000000,4,Yes,,,,,,,,
pfp_bloom_filter_add_unique_size_u64,0,NVIDIA H200,I64,U64,256,1,8,1,1000000000,8,Yes,,,,,,,,
pfp_bloom_filter_add_unique_size_u64,0,NVIDIA H200,I64,U64,256,1,8,1,1000000000,16,Yes,,,,,,,,
pfp_bloom_filter_add_unique_size_u64,0,NVIDIA H200,I64,U64,256,1,8,1,1000000000,32,Yes,,,,,,,,
pfp_bloom_filter_add_unique_size_u64,0,NVIDIA H200,I64,U64,256,1,8,1,1000000000,64,Yes,,,,,,,,
pfp_bloom_filter_add_unique_size_u64,0,NVIDIA H200,I64,U64,256,1,8,1,1000000000,128,Yes,,,,,,,,
pfp_bloom_filter_add_unique_size_u64,0,NVIDIA H200,I64,U64,256,1,8,1,1000000000,256,Yes,,,,,,,,
pfp_bloom_filter_add_unique_size_u64,0,NVIDIA H200,I64,U64,256,1,8,1,1000000000,512,Yes,,,,,,,,
pfp_bloom_filter_add_unique_size_u64,0,NVIDIA H200,I64,U64,256,1,8,1,1000000000,1024,Yes,,,,,,,,
pfp_bloom_filter_add_unique_size_u64,0,NVIDIA H200,I64,U64,256,1,8,1,1000000000,2048,Yes,,,,,,,,
pfp_bloom_filter_add_unique_size_u64,0,NVIDIA H200,I64,U64,256,1,8,2,1000000000,1,Yes,,,,,,,,
pfp_bloom_filter_add_unique_size_u64,0,NVIDIA H200,I64,U64,256,1,8,2,1000000000,2,Yes,,,,,,,,
pfp_bloom_filter_add_unique_size_u64,0,NVIDIA H200,I64,U64,256,1,8,2,1000000000,4,Yes,,,,,,,,
pfp_bloom_filter_add_unique_size_u64,0,NVIDIA H200,I64,U64,256,1,8,2,1000000000,8,Yes,,,,,,,,
pfp_bloom_filter_add_unique_size_u64,0,NVIDIA H200,I64,U64,256,1,8,2,1000000000,16,Yes,,,,,,,,
pfp_bloom_filter_add_unique_size_u64,0,NVIDIA H200,I64,U64,256,1,8,2,1000000000,32,Yes,,,,,,,,
pfp_bloom_filter_add_unique_size_u64,0,NVIDIA H200,I64,U64,256,1,8,2,1000000000,64,Yes,,,,,,,,
pfp_bloom_filter_add_unique_size_u64,0,NVIDIA H200,I64,U64,256,1,8,2,1000000000,128,Yes,,,,,,,,
pfp_bloom_filter_add_unique_size_u64,0,NVIDIA H200,I64,U64,256,1,8,2,1000000000,256,Yes,,,,,,,,
pfp_bloom_filter_add_unique_size_u64,0,NVIDIA H200,I64,U64,256,1,8,2,1000000000,512,Yes,,,,,,,,
pfp_bloom_filter_add_unique_size_u64,0,NVIDIA H200,I64,U64,256,1,8,2,1000000000,1024,Yes,,,,,,,,
pfp_bloom_filter_add_unique_size_u64,0,NVIDIA H200,I64,U64,256,1,8,2,1000000000,2048,Yes,,,,,,,,
pfp_bloom_filter_add_unique_size_u64,0,NVIDIA H200,I64,U64,256,1,8,4,1000000000,1,Yes,,,,,,,,
pfp_bloom_filter_add_unique_size_u64,0,NVIDIA H200,I64,U64,256,1,8,4,1000000000,2,Yes,,,,,,,,
pfp_bloom_filter_add_unique_size_u64,0,NVIDIA H200,I64,U64,256,1,8,4,1000000000,4,Yes,,,,,,,,
pfp_bloom_filter_add_unique_size_u64,0,NVIDIA H200,I64,U64,256,1,8,4,1000000000,8,Yes,,,,,,,,
pfp_bloom_filter_add_unique_size_u64,0,NVIDIA H200,I64,U64,256,1,8,4,1000000000,16,Yes,,,,,,,,
pfp_bloom_filter_add_unique_size_u64,0,NVIDIA H200,I64,U64,256,1,8,4,1000000000,32,Yes,,,,,,,,
pfp_bloom_filter_add_unique_size_u64,0,NVIDIA H200,I64,U64,256,1,8,4,1000000000,64,Yes,,,,,,,,
pfp_bloom_filter_add_unique_size_u64,0,NVIDIA H200,I64,U64,256,1,8,4,1000000000,128,Yes,,,,,,,,
pfp_bloom_filter_add_unique_size_u64,0,NVIDIA H200,I64,U64,256,1,8,4,1000000000,256,Yes,,,,,,,,
pfp_bloom_filter_add_unique_size_u64,0,NVIDIA H200,I64,U64,256,1,8,4,1000000000,512,Yes,,,,,,,,
pfp_bloom_filter_add_unique_size_u64,0,NVIDIA H200,I64,U64,256,1,8,4,1000000000,1024,Yes,,,,,,,,
pfp_bloom_filter_add_unique_size_u64,0,NVIDIA H200,I64,U64,256,1,8,4,1000000000,2048,Yes,,,,,,,,
pfp_bloom_filter_add_unique_size_u64,0,NVIDIA H200,I64,U64,256,1,8,8,1000000000,1,Yes,,,,,,,,
pfp_bloom_filter_add_unique_size_u64,0,NVIDIA H200,I64,U64,256,1,8,8,1000000000,2,Yes,,,,,,,,
pfp_bloom_filter_add_unique_size_u64,0,NVIDIA H200,I64,U64,256,1,8,8,1000000000,4,Yes,,,,,,,,
pfp_bloom_filter_add_unique_size_u64,0,NVIDIA H200,I64,U64,256,1,8,8,1000000000,8,Yes,,,,,,,,
pfp_bloom_filter_add_unique_size_u64,0,NVIDIA H200,I64,U64,256,1,8,8,1000000000,16,Yes,,,,,,,,
pfp_bloom_filter_add_unique_size_u64,0,NVIDIA H200,I64,U64,256,1,8,8,1000000000,32,Yes,,,,,,,,
pfp_bloom_filter_add_unique_size_u64,0,NVIDIA H200,I64,U64,256,1,8,8,1000000000,64,Yes,,,,,,,,
pfp_bloom_filter_add_unique_size_u64,0,NVIDIA H200,I64,U64,256,1,8,8,1000000000,128,Yes,,,,,,,,
pfp_bloom_filter_add_unique_size_u64,0,NVIDIA H200,I64,U64,256,1,8,8,1000000000,256,Yes,,,,,,,,
pfp_bloom_filter_add_unique_size_u64,0,NVIDIA H200,I64,U64,256,1,8,8,1000000000,512,Yes,,,,,,,,
pfp_bloom_filter_add_unique_size_u64,0,NVIDIA H200,I64,U64,256,1,8,8,1000000000,1024,Yes,,,,,,,,
pfp_bloom_filter_add_unique_size_u64,0,NVIDIA H200,I64,U64,256,1,8,8,1000000000,2048,Yes,,,,,,,,
pfp_bloom_filter_add_unique_size_u64,0,NVIDIA H200,I64,U64,256,20,1,1,1000000000,1,Yes,,,,,,,,
pfp_bloom_filter_add_unique_size_u64,0,NVIDIA H200,I64,U64,256,20,1,1,1000000000,2,Yes,,,,,,,,
pfp_bloom_filter_add_unique_size_u64,0,NVIDIA H200,I64,U64,256,20,1,1,1000000000,4,Yes,,,,,,,,
pfp_bloom_filter_add_unique_size_u64,0,NVIDIA H200,I64,U64,256,20,1,1,1000000000,8,Yes,,,,,,,,
pfp_bloom_filter_add_unique_size_u64,0,NVIDIA H200,I64,U64,256,20,1,1,1000000000,16,Yes,,,,,,,,
pfp_bloom_filter_add_unique_size_u64,0,NVIDIA H200,I64,U64,256,20,1,1,1000000000,32,Yes,,,,,,,,
pfp_bloom_filter_add_unique_size_u64,0,NVIDIA H200,I64,U64,256,20,1,1,1000000000,64,Yes,,,,,,,,
pfp_bloom_filter_add_unique_size_u64,0,NVIDIA H200,I64,U64,256,20,1,1,1000000000,128,Yes,,,,,,,,
pfp_bloom_filter_add_unique_size_u64,0,NVIDIA H200,I64,U64,256,20,1,1,1000000000,256,Yes,,,,,,,,
pfp_bloom_filter_add_unique_size_u64,0,NVIDIA H200,I64,U64,256,20,1,1,1000000000,512,Yes,,,,,,,,
pfp_bloom_filter_add_unique_size_u64,0,NVIDIA H200,I64,U64,256,20,1,1,1000000000,1024,Yes,,,,,,,,
pfp_bloom_filter_add_unique_size_u64,0,NVIDIA H200,I64,U64,256,20,1,1,1000000000,2048,Yes,,,,,,,,
pfp_bloom_filter_add_unique_size_u64,0,NVIDIA H200,I64,U64,256,20,1,2,1000000000,1,Yes,,,,,,,,
pfp_bloom_filter_add_unique_size_u64,0,NVIDIA H200,I64,U64,256,20,1,2,1000000000,2,Yes,,,,,,,,
pfp_bloom_filter_add_unique_size_u64,0,NVIDIA H200,I64,U64,256,20,1,2,1000000000,4,Yes,,,,,,,,
pfp_bloom_filter_add_unique_size_u64,0,NVIDIA H200,I64,U64,256,20,1,2,1000000000,8,Yes,,,,,,,,
pfp_bloom_filter_add_unique_size_u64,0,NVIDIA H200,I64,U64,256,20,1,2,1000000000,16,Yes,,,,,,,,
pfp_bloom_filter_add_unique_size_u64,0,NVIDIA H200,I64,U64,256,20,1,2,1000000000,32,Yes,,,,,,,,
pfp_bloom_filter_add_unique_size_u64,0,NVIDIA H200,I64,U64,256,20,1,2,1000000000,64,Yes,,,,,,,,
pfp_bloom_filter_add_unique_size_u64,0,NVIDIA H200,I64,U64,256,20,1,2,1000000000,128,Yes,,,,,,,,
pfp_bloom_filter_add_unique_size_u64,0,NVIDIA H200,I64,U64,256,20,1,2,1000000000,256,Yes,,,,,,,,
pfp_bloom_filter_add_unique_size_u64,0,NVIDIA H200,I64,U64,256,20,1,2,1000000000,512,Yes,,,,,,,,
pfp_bloom_filter_add_unique_size_u64,0,NVIDIA H200,I64,U64,256,20,1,2,1000000000,1024,Yes,,,,,,,,
pfp_bloom_filter_add_unique_size_u64,0,NVIDIA H200,I64,U64,256,20,1,2,1000000000,2048,Yes,,,,,,,,
pfp_bloom_filter_add_unique_size_u64,0,NVIDIA H200,I64,U64,256,20,1,4,1000000000,1,Yes,,,,,,,,
pfp_bloom_filter_add_unique_size_u64,0,NVIDIA H200,I64,U64,256,20,1,4,1000000000,2,Yes,,,,,,,,
pfp_bloom_filter_add_unique_size_u64,0,NVIDIA H200,I64,U64,256,20,1,4,1000000000,4,Yes,,,,,,,,
pfp_bloom_filter_add_unique_size_u64,0,NVIDIA H200,I64,U64,256,20,1,4,1000000000,8,Yes,,,,,,,,
pfp_bloom_filter_add_unique_size_u64,0,NVIDIA H200,I64,U64,256,20,1,4,1000000000,16,Yes,,,,,,,,
pfp_bloom_filter_add_unique_size_u64,0,NVIDIA H200,I64,U64,256,20,1,4,1000000000,32,Yes,,,,,,,,
pfp_bloom_filter_add_unique_size_u64,0,NVIDIA H200,I64,U64,256,20,1,4,1000000000,64,Yes,,,,,,,,
pfp_bloom_filter_add_unique_size_u64,0,NVIDIA H200,I64,U64,256,20,1,4,1000000000,128,Yes,,,,,,,,
pfp_bloom_filter_add_unique_size_u64,0,NVIDIA H200,I64,U64,256,20,1,4,1000000000,256,Yes,,,,,,,,
pfp_bloom_filter_add_unique_size_u64,0,NVIDIA H200,I64,U64,256,20,1,4,1000000000,512,Yes,,,,,,,,
pfp_bloom_filter_add_unique_size_u64,0,NVIDIA H200,I64,U64,256,20,1,4,1000000000,1024,Yes,,,,,,,,
pfp_bloom_filter_add_unique_size_u64,0,NVIDIA H200,I64,U64,256,20,1,4,1000000000,2048,Yes,,,,,,,,
pfp_bloom_filter_add_unique_size_u64,0,NVIDIA H200,I64,U64,256,20,1,8,1000000000,1,Yes,,,,,,,,
pfp_bloom_filter_add_unique_size_u64,0,NVIDIA H200,I64,U64,256,20,1,8,1000000000,2,Yes,,,,,,,,
pfp_bloom_filter_add_unique_size_u64,0,NVIDIA H200,I64,U64,256,20,1,8,1000000000,4,Yes,,,,,,,,
pfp_bloom_filter_add_unique_size_u64,0,NVIDIA H200,I64,U64,256,20,1,8,1000000000,8,Yes,,,,,,,,
pfp_bloom_filter_add_unique_size_u64,0,NVIDIA H200,I64,U64,256,20,1,8,1000000000,16,Yes,,,,,,,,
pfp_bloom_filter_add_unique_size_u64,0,NVIDIA H200,I64,U64,256,20,1,8,1000000000,32,Yes,,,,,,,,
pfp_bloom_filter_add_unique_size_u64,0,NVIDIA H200,I64,U64,256,20,1,8,1000000000,64,Yes,,,,,,,,
pfp_bloom_filter_add_unique_size_u64,0,NVIDIA H200,I64,U64,256,20,1,8,1000000000,128,Yes,,,,,,,,
pfp_bloom_filter_add_unique_size_u64,0,NVIDIA H200,I64,U64,256,20,1,8,1000000000,256,Yes,,,,,,,,
pfp_bloom_filter_add_unique_size_u64,0,NVIDIA H200,I64,U64,256,20,1,8,1000000000,512,Yes,,,,,,,,
pfp_bloom_filter_add_unique_size_u64,0,NVIDIA H200,I64,U64,256,20,1,8,1000000000,1024,Yes,,,,,,,,
pfp_bloom_filter_add_unique_size_u64,0,NVIDIA H200,I64,U64,256,20,1,8,1000000000,2048,Yes,,,,,,,,
pfp_bloom_filter_add_unique_size_u64,0,NVIDIA H200,I64,U64,256,20,2,1,1000000000,1,Yes,,,,,,,,
pfp_bloom_filter_add_unique_size_u64,0,NVIDIA H200,I64,U64,256,20,2,1,1000000000,2,Yes,,,,,,,,
pfp_bloom_filter_add_unique_size_u64,0,NVIDIA H200,I64,U64,256,20,2,1,1000000000,4,Yes,,,,,,,,
pfp_bloom_filter_add_unique_size_u64,0,NVIDIA H200,I64,U64,256,20,2,1,1000000000,8,Yes,,,,,,,,
pfp_bloom_filter_add_unique_size_u64,0,NVIDIA H200,I64,U64,256,20,2,1,1000000000,16,Yes,,,,,,,,
pfp_bloom_filter_add_unique_size_u64,0,NVIDIA H200,I64,U64,256,20,2,1,1000000000,32,Yes,,,,,,,,
pfp_bloom_filter_add_unique_size_u64,0,NVIDIA H200,I64,U64,256,20,2,1,1000000000,64,Yes,,,,,,,,
pfp_bloom_filter_add_unique_size_u64,0,NVIDIA H200,I64,U64,256,20,2,1,1000000000,128,Yes,,,,,,,,
pfp_bloom_filter_add_unique_size_u64,0,NVIDIA H200,I64,U64,256,20,2,1,1000000000,256,Yes,,,,,,,,
pfp_bloom_filter_add_unique_size_u64,0,NVIDIA H200,I64,U64,256,20,2,1,1000000000,512,Yes,,,,,,,,
pfp_bloom_filter_add_unique_size_u64,0,NVIDIA H200,I64,U64,256,20,2,1,1000000000,1024,Yes,,,,,,,,
pfp_bloom_filter_add_unique_size_u64,0,NVIDIA H200,I64,U64,256,20,2,1,1000000000,2048,Yes,,,,,,,,
pfp_bloom_filter_add_unique_size_u64,0,NVIDIA H200,I64,U64,256,20,2,2,1000000000,1,Yes,,,,,,,,
pfp_bloom_filter_add_unique_size_u64,0,NVIDIA H200,I64,U64,256,20,2,2,1000000000,2,Yes,,,,,,,,
pfp_bloom_filter_add_unique_size_u64,0,NVIDIA H200,I64,U64,256,20,2,2,1000000000,4,Yes,,,,,,,,
pfp_bloom_filter_add_unique_size_u64,0,NVIDIA H200,I64,U64,256,20,2,2,1000000000,8,Yes,,,,,,,,
pfp_bloom_filter_add_unique_size_u64,0,NVIDIA H200,I64,U64,256,20,2,2,1000000000,16,Yes,,,,,,,,
pfp_bloom_filter_add_unique_size_u64,0,NVIDIA H200,I64,U64,256,20,2,2,1000000000,32,Yes,,,,,,,,
pfp_bloom_filter_add_unique_size_u64,0,NVIDIA H200,I64,U64,256,20,2,2,1000000000,64,Yes,,,,,,,,
pfp_bloom_filter_add_unique_size_u64,0,NVIDIA H200,I64,U64,256,20,2,2,1000000000,128,Yes,,,,,,,,
pfp_bloom_filter_add_unique_size_u64,0,NVIDIA H200,I64,U64,256,20,2,2,1000000000,256,Yes,,,,,,,,
pfp_bloom_filter_add_unique_size_u64,0,NVIDIA H200,I64,U64,256,20,2,2,1000000000,512,Yes,,,,,,,,
pfp_bloom_filter_add_unique_size_u64,0,NVIDIA H200,I64,U64,256,20,2,2,1000000000,1024,Yes,,,,,,,,
pfp_bloom_filter_add_unique_size_u64,0,NVIDIA H200,I64,U64,256,20,2,2,1000000000,2048,Yes,,,,,,,,
pfp_bloom_filter_add_unique_size_u64,0,NVIDIA H200,I64,U64,256,20,2,4,1000000000,1,Yes,,,,,,,,
pfp_bloom_filter_add_unique_size_u64,0,NVIDIA H200,I64,U64,256,20,2,4,1000000000,2,Yes,,,,,,,,
pfp_bloom_filter_add_unique_size_u64,0,NVIDIA H200,I64,U64,256,20,2,4,1000000000,4,Yes,,,,,,,,
pfp_bloom_filter_add_unique_size_u64,0,NVIDIA H200,I64,U64,256,20,2,4,1000000000,8,Yes,,,,,,,,
pfp_bloom_filter_add_unique_size_u64,0,NVIDIA H200,I64,U64,256,20,2,4,1000000000,16,Yes,,,,,,,,
pfp_bloom_filter_add_unique_size_u64,0,NVIDIA H200,I64,U64,256,20,2,4,1000000000,32,Yes,,,,,,,,
pfp_bloom_filter_add_unique_size_u64,0,NVIDIA H200,I64,U64,256,20,2,4,1000000000,64,Yes,,,,,,,,
pfp_bloom_filter_add_unique_size_u64,0,NVIDIA H200,I64,U64,256,20,2,4,1000000000,128,Yes,,,,,,,,
pfp_bloom_filter_add_unique_size_u64,0,NVIDIA H200,I64,U64,256,20,2,4,1000000000,256,Yes,,,,,,,,
pfp_bloom_filter_add_unique_size_u64,0,NVIDIA H200,I64,U64,256,20,2,4,1000000000,512,Yes,,,,,,,,
pfp_bloom_filter_add_unique_size_u64,0,NVIDIA H200,I64,U64,256,20,2,4,1000000000,1024,Yes,,,,,,,,
pfp_bloom_filter_add_unique_size_u64,0,NVIDIA H200,I64,U64,256,20,2,4,1000000000,2048,Yes,,,,,,,,
pfp_bloom_filter_add_unique_size_u64,0,NVIDIA H200,I64,U64,256,20,2,8,1000000000,1,Yes,,,,,,,,
pfp_bloom_filter_add_unique_size_u64,0,NVIDIA H200,I64,U64,256,20,2,8,1000000000,2,Yes,,,,,,,,
pfp_bloom_filter_add_unique_size_u64,0,NVIDIA H200,I64,U64,256,20,2,8,1000000000,4,Yes,,,,,,,,
pfp_bloom_filter_add_unique_size_u64,0,NVIDIA H200,I64,U64,256,20,2,8,1000000000,8,Yes,,,,,,,,
pfp_bloom_filter_add_unique_size_u64,0,NVIDIA H200,I64,U64,256,20,2,8,1000000000,16,Yes,,,,,,,,
pfp_bloom_filter_add_unique_size_u64,0,NVIDIA H200,I64,U64,256,20,2,8,1000000000,32,Yes,,,,,,,,
pfp_bloom_filter_add_unique_size_u64,0,NVIDIA H200,I64,U64,256,20,2,8,1000000000,64,Yes,,,,,,,,
pfp_bloom_filter_add_unique_size_u64,0,NVIDIA H200,I64,U64,256,20,2,8,1000000000,128,Yes,,,,,,,,
pfp_bloom_filter_add_unique_size_u64,0,NVIDIA H200,I64,U64,256,20,2,8,1000000000,256,Yes,,,,,,,,
pfp_bloom_filter_add_unique_size_u64,0,NVIDIA H200,I64,U64,256,20,2,8,1000000000,512,Yes,,,,,,,,
pfp_bloom_filter_add_unique_size_u64,0,NVIDIA H200,I64,U64,256,20,2,8,1000000000,1024,Yes,,,,,,,,
pfp_bloom_filter_add_unique_size_u64,0,NVIDIA H200,I64,U64,256,20,2,8,1000000000,2048,Yes,,,,,,,,
pfp_bloom_filter_add_unique_size_u64,0,NVIDIA H200,I64,U64,256,20,4,1,1000000000,1,Yes,,,,,,,,
pfp_bloom_filter_add_unique_size_u64,0,NVIDIA H200,I64,U64,256,20,4,1,1000000000,2,Yes,,,,,,,,
pfp_bloom_filter_add_unique_size_u64,0,NVIDIA H200,I64,U64,256,20,4,1,1000000000,4,Yes,,,,,,,,
pfp_bloom_filter_add_unique_size_u64,0,NVIDIA H200,I64,U64,256,20,4,1,1000000000,8,Yes,,,,,,,,
pfp_bloom_filter_add_unique_size_u64,0,NVIDIA H200,I64,U64,256,20,4,1,1000000000,16,Yes,,,,,,,,
pfp_bloom_filter_add_unique_size_u64,0,NVIDIA H200,I64,U64,256,20,4,1,1000000000,32,Yes,,,,,,,,
pfp_bloom_filter_add_unique_size_u64,0,NVIDIA H200,I64,U64,256,20,4,1,1000000000,64,Yes,,,,,,,,
pfp_bloom_filter_add_unique_size_u64,0,NVIDIA H200,I64,U64,256,20,4,1,1000000000,128,Yes,,,,,,,,
pfp_bloom_filter_add_unique_size_u64,0,NVIDIA H200,I64,U64,256,20,4,1,1000000000,256,Yes,,,,,,,,
pfp_bloom_filter_add_unique_size_u64,0,NVIDIA H200,I64,U64,256,20,4,1,1000000000,512,Yes,,,,,,,,
pfp_bloom_filter_add_unique_size_u64,0,NVIDIA H200,I64,U64,256,20,4,1,1000000000,1024,Yes,,,,,,,,
pfp_bloom_filter_add_unique_size_u64,0,NVIDIA H200,I64,U64,256,20,4,1,1000000000,2048,Yes,,,,,,,,
pfp_bloom_filter_add_unique_size_u64,0,NVIDIA H200,I64,U64,256,20,4,2,1000000000,1,Yes,,,,,,,,
pfp_bloom_filter_add_unique_size_u64,0,NVIDIA H200,I64,U64,256,20,4,2,1000000000,2,Yes,,,,,,,,
pfp_bloom_filter_add_unique_size_u64,0,NVIDIA H200,I64,U64,256,20,4,2,1000000000,4,Yes,,,,,,,,
pfp_bloom_filter_add_unique_size_u64,0,NVIDIA H200,I64,U64,256,20,4,2,1000000000,8,Yes,,,,,,,,
pfp_bloom_filter_add_unique_size_u64,0,NVIDIA H200,I64,U64,256,20,4,2,1000000000,16,Yes,,,,,,,,
pfp_bloom_filter_add_unique_size_u64,0,NVIDIA H200,I64,U64,256,20,4,2,1000000000,32,Yes,,,,,,,,
pfp_bloom_filter_add_unique_size_u64,0,NVIDIA H200,I64,U64,256,20,4,2,1000000000,64,Yes,,,,,,,,
pfp_bloom_filter_add_unique_size_u64,0,NVIDIA H200,I64,U64,256,20,4,2,1000000000,128,Yes,,,,,,,,
pfp_bloom_filter_add_unique_size_u64,0,NVIDIA H200,I64,U64,256,20,4,2,1000000000,256,Yes,,,,,,,,
pfp_bloom_filter_add_unique_size_u64,0,NVIDIA H200,I64,U64,256,20,4,2,1000000000,512,Yes,,,,,,,,
pfp_bloom_filter_add_unique_size_u64,0,NVIDIA H200,I64,U64,256,20,4,2,1000000000,1024,Yes,,,,,,,,
pfp_bloom_filter_add_unique_size_u64,0,NVIDIA H200,I64,U64,256,20,4,2,1000000000,2048,Yes,,,,,,,,
pfp_bloom_filter_add_unique_size_u64,0,NVIDIA H200,I64,U64,256,20,4,4,1000000000,1,Yes,,,,,,,,
pfp_bloom_filter_add_unique_size_u64,0,NVIDIA H200,I64,U64,256,20,4,4,1000000000,2,Yes,,,,,,,,
pfp_bloom_filter_add_unique_size_u64,0,NVIDIA H200,I64,U64,256,20,4,4,1000000000,4,Yes,,,,,,,,
pfp_bloom_filter_add_unique_size_u64,0,NVIDIA H200,I64,U64,256,20,4,4,1000000000,8,Yes,,,,,,,,
pfp_bloom_filter_add_unique_size_u64,0,NVIDIA H200,I64,U64,256,20,4,4,1000000000,16,Yes,,,,,,,,
pfp_bloom_filter_add_unique_size_u64,0,NVIDIA H200,I64,U64,256,20,4,4,1000000000,32,Yes,,,,,,,,
pfp_bloom_filter_add_unique_size_u64,0,NVIDIA H200,I64,U64,256,20,4,4,1000000000,64,Yes,,,,,,,,
pfp_bloom_filter_add_unique_size_u64,0,NVIDIA H200,I64,U64,256,20,4,4,1000000000,128,Yes,,,,,,,,
pfp_bloom_filter_add_unique_size_u64,0,NVIDIA H200,I64,U64,256,20,4,4,1000000000,256,Yes,,,,,,,,
pfp_bloom_filter_add_unique_size_u64,0,NVIDIA H200,I64,U64,256,20,4,4,1000000000,512,Yes,,,,,,,,
pfp_bloom_filter_add_unique_size_u64,0,NVIDIA H200,I64,U64,256,20,4,4,1000000000,1024,Yes,,,,,,,,
pfp_bloom_filter_add_unique_size_u64,0,NVIDIA H200,I64,U64,256,20,4,4,1000000000,2048,Yes,,,,,,,,
pfp_bloom_filter_add_unique_size_u64,0,NVIDIA H200,I64,U64,256,20,4,8,1000000000,1,Yes,,,,,,,,
pfp_bloom_filter_add_unique_size_u64,0,NVIDIA H200,I64,U64,256,20,4,8,1000000000,2,Yes,,,,,,,,
pfp_bloom_filter_add_unique_size_u64,0,NVIDIA H200,I64,U64,256,20,4,8,1000000000,4,Yes,,,,,,,,
pfp_bloom_filter_add_unique_size_u64,0,NVIDIA H200,I64,U64,256,20,4,8,1000000000,8,Yes,,,,,,,,
pfp_bloom_filter_add_unique_size_u64,0,NVIDIA H200,I64,U64,256,20,4,8,1000000000,16,Yes,,,,,,,,
pfp_bloom_filter_add_unique_size_u64,0,NVIDIA H200,I64,U64,256,20,4,8,1000000000,32,Yes,,,,,,,,
pfp_bloom_filter_add_unique_size_u64,0,NVIDIA H200,I64,U64,256,20,4,8,1000000000,64,Yes,,,,,,,,
pfp_bloom_filter_add_unique_size_u64,0,NVIDIA H200,I64,U64,256,20,4,8,1000000000,128,Yes,,,,,,,,
pfp_bloom_filter_add_unique_size_u64,0,NVIDIA H200,I64,U64,256,20,4,8,1000000000,256,Yes,,,,,,,,
pfp_bloom_filter_add_unique_size_u64,0,NVIDIA H200,I64,U64,256,20,4,8,1000000000,512,Yes,,,,,,,,
pfp_bloom_filter_add_unique_size_u64,0,NVIDIA H200,I64,U64,256,20,4,8,1000000000,1024,Yes,,,,,,,,
pfp_bloom_filter_add_unique_size_u64,0,NVIDIA H200,I64,U64,256,20,4,8,1000000000,2048,Yes,,,,,,,,
pfp_bloom_filter_add_unique_size_u64,0,NVIDIA H200,I64,U64,256,20,8,1,1000000000,1,Yes,,,,,,,,
pfp_bloom_filter_add_unique_size_u64,0,NVIDIA H200,I64,U64,256,20,8,1,1000000000,2,Yes,,,,,,,,
pfp_bloom_filter_add_unique_size_u64,0,NVIDIA H200,I64,U64,256,20,8,1,1000000000,4,Yes,,,,,,,,
pfp_bloom_filter_add_unique_size_u64,0,NVIDIA H200,I64,U64,256,20,8,1,1000000000,8,Yes,,,,,,,,
pfp_bloom_filter_add_unique_size_u64,0,NVIDIA H200,I64,U64,256,20,8,1,1000000000,16,Yes,,,,,,,,
pfp_bloom_filter_add_unique_size_u64,0,NVIDIA H200,I64,U64,256,20,8,1,1000000000,32,Yes,,,,,,,,
pfp_bloom_filter_add_unique_size_u64,0,NVIDIA H200,I64,U64,256,20,8,1,1000000000,64,Yes,,,,,,,,
pfp_bloom_filter_add_unique_size_u64,0,NVIDIA H200,I64,U64,256,20,8,1,1000000000,128,Yes,,,,,,,,
pfp_bloom_filter_add_unique_size_u64,0,NVIDIA H200,I64,U64,256,20,8,1,1000000000,256,Yes,,,,,,,,
pfp_bloom_filter_add_unique_size_u64,0,NVIDIA H200,I64,U64,256,20,8,1,1000000000,512,Yes,,,,,,,,
pfp_bloom_filter_add_unique_size_u64,0,NVIDIA H200,I64,U64,256,20,8,1,1000000000,1024,Yes,,,,,,,,
pfp_bloom_filter_add_unique_size_u64,0,NVIDIA H200,I64,U64,256,20,8,1,1000000000,2048,Yes,,,,,,,,
pfp_bloom_filter_add_unique_size_u64,0,NVIDIA H200,I64,U64,256,20,8,2,1000000000,1,Yes,,,,,,,,
pfp_bloom_filter_add_unique_size_u64,0,NVIDIA H200,I64,U64,256,20,8,2,1000000000,2,Yes,,,,,,,,
pfp_bloom_filter_add_unique_size_u64,0,NVIDIA H200,I64,U64,256,20,8,2,1000000000,4,Yes,,,,,,,,
pfp_bloom_filter_add_unique_size_u64,0,NVIDIA H200,I64,U64,256,20,8,2,1000000000,8,Yes,,,,,,,,
pfp_bloom_filter_add_unique_size_u64,0,NVIDIA H200,I64,U64,256,20,8,2,1000000000,16,Yes,,,,,,,,
pfp_bloom_filter_add_unique_size_u64,0,NVIDIA H200,I64,U64,256,20,8,2,1000000000,32,Yes,,,,,,,,
pfp_bloom_filter_add_unique_size_u64,0,NVIDIA H200,I64,U64,256,20,8,2,1000000000,64,Yes,,,,,,,,
pfp_bloom_filter_add_unique_size_u64,0,NVIDIA H200,I64,U64,256,20,8,2,1000000000,128,Yes,,,,,,,,
pfp_bloom_filter_add_unique_size_u64,0,NVIDIA H200,I64,U64,256,20,8,2,1000000000,256,Yes,,,,,,,,
pfp_bloom_filter_add_unique_size_u64,0,NVIDIA H200,I64,U64,256,20,8,2,1000000000,512,Yes,,,,,,,,
pfp_bloom_filter_add_unique_size_u64,0,NVIDIA H200,I64,U64,256,20,8,2,1000000000,1024,Yes,,,,,,,,
pfp_bloom_filter_add_unique_size_u64,0,NVIDIA H200,I64,U64,256,20,8,2,1000000000,2048,Yes,,,,,,,,
pfp_bloom_filter_add_unique_size_u64,0,NVIDIA H200,I64,U64,256,20,8,4,1000000000,1,Yes,,,,,,,,
pfp_bloom_filter_add_unique_size_u64,0,NVIDIA H200,I64,U64,256,20,8,4,1000000000,2,Yes,,,,,,,,
pfp_bloom_filter_add_unique_size_u64,0,NVIDIA H200,I64,U64,256,20,8,4,1000000000,4,Yes,,,,,,,,
pfp_bloom_filter_add_unique_size_u64,0,NVIDIA H200,I64,U64,256,20,8,4,1000000000,8,Yes,,,,,,,,
pfp_bloom_filter_add_unique_size_u64,0,NVIDIA H200,I64,U64,256,20,8,4,1000000000,16,Yes,,,,,,,,
pfp_bloom_filter_add_unique_size_u64,0,NVIDIA H200,I64,U64,256,20,8,4,1000000000,32,Yes,,,,,,,,
pfp_bloom_filter_add_unique_size_u64,0,NVIDIA H200,I64,U64,256,20,8,4,1000000000,64,Yes,,,,,,,,
pfp_bloom_filter_add_unique_size_u64,0,NVIDIA H200,I64,U64,256,20,8,4,1000000000,128,Yes,,,,,,,,
pfp_bloom_filter_add_unique_size_u64,0,NVIDIA H200,I64,U64,256,20,8,4,1000000000,256,Yes,,,,,,,,
pfp_bloom_filter_add_unique_size_u64,0,NVIDIA H200,I64,U64,256,20,8,4,1000000000,512,Yes,,,,,,,,
pfp_bloom_filter_add_unique_size_u64,0,NVIDIA H200,I64,U64,256,20,8,4,1000000000,1024,Yes,,,,,,,,
pfp_bloom_filter_add_unique_size_u64,0,NVIDIA H200,I64,U64,256,20,8,4,1000000000,2048,Yes,,,,,,,,
pfp_bloom_filter_add_unique_size_u64,0,NVIDIA H200,I64,U64,256,20,8,8,1000000000,1,Yes,,,,,,,,
pfp_bloom_filter_add_unique_size_u64,0,NVIDIA H200,I64,U64,256,20,8,8,1000000000,2,Yes,,,,,,,,
pfp_bloom_filter_add_unique_size_u64,0,NVIDIA H200,I64,U64,256,20,8,8,1000000000,4,Yes,,,,,,,,
pfp_bloom_filter_add_unique_size_u64,0,NVIDIA H200,I64,U64,256,20,8,8,1000000000,8,Yes,,,,,,,,
pfp_bloom_filter_add_unique_size_u64,0,NVIDIA H200,I64,U64,256,20,8,8,1000000000,16,Yes,,,,,,,,
pfp_bloom_filter_add_unique_size_u64,0,NVIDIA H200,I64,U64,256,20,8,8,1000000000,32,Yes,,,,,,,,
pfp_bloom_filter_add_unique_size_u64,0,NVIDIA H200,I64,U64,256,20,8,8,1000000000,64,Yes,,,,,,,,
pfp_bloom_filter_add_unique_size_u64,0,NVIDIA H200,I64,U64,256,20,8,8,1000000000,128,Yes,,,,,,,,
pfp_bloom_filter_add_unique_size_u64,0,NVIDIA H200,I64,U64,256,20,8,8,1000000000,256,Yes,,,,,,,,
pfp_bloom_filter_add_unique_size_u64,0,NVIDIA H200,I64,U64,256,20,8,8,1000000000,512,Yes,,,,,,,,
pfp_bloom_filter_add_unique_size_u64,0,NVIDIA H200,I64,U64,256,20,8,8,1000000000,1024,Yes,,,,,,,,
pfp_bloom_filter_add_unique_size_u64,0,NVIDIA H200,I64,U64,256,20,8,8,1000000000,2048,Yes,,,,,,,,
pfp_bloom_filter_add_unique_size_u64,0,NVIDIA H200,I64,U64,512,1,1,1,1000000000,1,No,11,0.10275932781818181,7.721503863757575e-05,0.10274539045854049,7.870351996861012e-05,9732796727.299576,12,0.10274698448181152
pfp_bloom_filter_add_unique_size_u64,0,NVIDIA H200,I64,U64,512,1,1,1,1000000000,2,No,11,0.10272889372727273,9.061095017619337e-05,0.102715089971369,8.746099538932995e-05,9735667858.332617,12,0.10272204271952311
pfp_bloom_filter_add_unique_size_u64,0,NVIDIA H200,I64,U64,512,1,1,1,1000000000,4,No,11,0.10270073990909091,9.340784915880096e-05,0.10268670307506214,9.482495198355211e-05,9738359203.810623,12,0.10267593129475912
pfp_bloom_filter_add_unique_size_u64,0,NVIDIA H200,I64,U64,512,1,1,1,1000000000,8,No,11,0.10221007054545456,7.989125660323021e-05,0.10219603174382991,8.021348226000974e-05,9785115751.917393,12,0.10220203336079915
pfp_bloom_filter_add_unique_size_u64,0,NVIDIA H200,I64,U64,512,1,1,1,1000000000,16,No,11,0.10200933972727273,0.0001038166487123032,0.10199540641091086,0.0001049704515452933,9804363109.954979,12,0.101990234375
pfp_bloom_filter_add_unique_size_u64,0,NVIDIA H200,I64,U64,512,1,1,1,1000000000,32,No,11,0.10188885427272729,7.54337993376037e-05,0.10187498474121094,7.212378991339098e-05,9815952390.474081,12,0.10186377461751302
pfp_bloom_filter_add_unique_size_u64,0,NVIDIA H200,I64,U64,512,1,1,1,1000000000,64,No,11,0.113148195,0.00017475432469570324,0.11313381541859019,0.00017493176533501126,8839090207.468418,12,0.1131355972290039
pfp_bloom_filter_add_unique_size_u64,0,NVIDIA H200,I64,U64,512,1,1,1,1000000000,128,No,11,0.13637392672727275,0.00017596624990757622,0.13635949152166196,0.00017423595826785918,7333556240.499333,12,0.13637762069702147
pfp_bloom_filter_add_unique_size_u64,0,NVIDIA H200,I64,U64,512,1,1,1,1000000000,256,No,11,0.14826424690909093,0.0006600108426709207,0.14825009987571022,0.0006607768301408199,6745358018.904399,12,0.1483069877624512
pfp_bloom_filter_add_unique_size_u64,0,NVIDIA H200,I64,U64,512,1,1,1,1000000000,512,No,11,0.15479964654545453,0.0006512838670458906,0.15478482887961648,0.0006488925053092014,6460581487.464431,12,0.15474979146321613
pfp_bloom_filter_add_unique_size_u64,0,NVIDIA H200,I64,U64,512,1,1,1,1000000000,1024,No,11,0.15985110900000002,0.0003819984808388205,0.15983631896972658,0.00037994775061604566,6256400337.83187,12,0.1598073768615723
pfp_bloom_filter_add_unique_size_u64,0,NVIDIA H200,I64,U64,512,1,1,1,1000000000,2048,No,11,0.16886121690909095,0.00016535171527919614,0.168846772627397,0.00016424845530756333,5922529548.176513,12,0.16885334142049155
pfp_bloom_filter_add_unique_size_u64,0,NVIDIA H200,I64,U64,512,1,1,2,1000000000,1,No,11,0.10283085427272728,7.119916021392513e-05,0.10281677731600675,7.047083772330378e-05,9726039135.874743,12,0.10281004269917805
pfp_bloom_filter_add_unique_size_u64,0,NVIDIA H200,I64,U64,512,1,1,2,1000000000,2,No,11,0.10281397618181817,8.119840437117965e-05,0.10280010223388673,8.19724401301374e-05,9727616785.096571,12,0.1027934741973877
pfp_bloom_filter_add_unique_size_u64,0,NVIDIA H200,I64,U64,512,1,1,2,1000000000,4,No,11,0.1027551260909091,9.6644519891357e-05,0.10274090784246273,9.419744263697982e-05,9733221372.088177,12,0.10274228731791178
pfp_bloom_filter_add_unique_size_u64,0,NVIDIA H200,I64,U64,512,1,1,2,1000000000,8,No,11,0.10253790836363637,9.75740384548188e-05,0.10252385919744317,9.575726757588118e-05,9753827136.7075,12,0.10251118151346846
pfp_bloom_filter_add_unique_size_u64,0,NVIDIA H200,I64,U64,512,1,1,2,1000000000,16,No,11,0.10210260509090908,0.00011142907691007028,0.10208871321244674,0.00010967473095260731,9795402141.263145,12,0.10207619094848634
pfp_bloom_filter_add_unique_size_u64,0,NVIDIA H200,I64,U64,512,1,1,2,1000000000,32,No,11,0.10194954200000002,7.309038306000581e-05,0.10193542965975673,7.563086466621734e-05,9810131799.491417,12,0.10192567443847657
pfp_bloom_filter_add_unique_size_u64,0,NVIDIA H200,I64,U64,512,1,1,2,1000000000,64,No,11,0.113271466,0.00025119735234174534,0.11325731936368076,0.0002526526768854105,8829451426.347982,12,0.11325068155924478
pfp_bloom_filter_add_unique_size_u64,0,NVIDIA H200,I64,U64,512,1,1,2,1000000000,128,No,11,0.13628110254545456,0.00042712027603040694,0.1362668623490767,0.00042787458690569214,7338541320.767233,12,0.13630859883626303
pfp_bloom_filter_add_unique_size_u64,0,NVIDIA H200,I64,U64,512,1,1,2,1000000000,256,No,11,0.1481603631818182,0.0006066210766142306,0.1481461015181108,0.0006076162542898613,6750093250.869314,12,0.14821534729003907
pfp_bloom_filter_add_unique_size_u64,0,NVIDIA H200,I64,U64,512,1,1,2,1000000000,512,No,11,0.15468964963636364,0.000557631658083987,0.15467520280317826,0.0005567603292252632,6465160425.698514,12,0.1546592114766439
pfp_bloom_filter_add_unique_size_u64,0,NVIDIA H200,I64,U64,512,1,1,2,1000000000,1024,No,11,0.1598067761818182,0.0004235369414809232,0.15979216142134234,0.00042599592910301526,6258129254.307945,12,0.15977423095703125
pfp_bloom_filter_add_unique_size_u64,0,NVIDIA H200,I64,U64,512,1,1,2,1000000000,2048,No,11,0.16887761136363635,0.00018457316265634466,0.16886292058771304,0.00018549149999429933,5921963190.73237,12,0.1688788782755534
pfp_bloom_filter_add_unique_size_u64,0,NVIDIA H200,I64,U64,512,1,1,4,1000000000,1,No,11,0.10282510854545455,8.443305064788207e-05,0.10281101989746096,8.341622665622431e-05,9726583794.201775,12,0.10280633544921874
pfp_bloom_filter_add_unique_size_u64,0,NVIDIA H200,I64,U64,512,1,1,4,1000000000,2,No,11,0.10281893936363637,9.809178424502814e-05,0.10280494204434482,9.873680312432996e-05,9727158832.195547,12,0.10281153170267741
pfp_bloom_filter_add_unique_size_u64,0,NVIDIA H200,I64,U64,512,1,1,4,1000000000,4,No,11,0.10276563763636362,0.00010042387537837737,0.10275145652077415,0.00010325953733319214,9732222139.331148,12,0.1027499624888102
pfp_bloom_filter_add_unique_size_u64,0,NVIDIA H200,I64,U64,512,1,1,4,1000000000,8,No,11,0.10228178163636366,0.00014171000686387137,0.10226769742098724,0.0001407507592959415,9778258680.094048,12,0.10227209281921386
pfp_bloom_filter_add_unique_size_u64,0,NVIDIA H200,I64,U64,512,1,1,4,1000000000,16,No,11,0.10208777963636363,0.00012740850348432427,0.10207295157692649,0.00011930321685710899,9796914702.190792,12,0.10207377688090007
pfp_bloom_filter_add_unique_size_u64,0,NVIDIA H200,I64,U64,512,1,1,4,1000000000,32,No,11,0.1019364598181818,0.00010461023850971061,0.1019223466352983,0.00010408506278341186,9811391054.193748,12,0.10191006978352866
pfp_bloom_filter_add_unique_size_u64,0,NVIDIA H200,I64,U64,512,1,1,4,1000000000,64,No,11,0.11301538945454545,0.00026762345112403806,0.11300106395374644,0.000266482370205849,8849474199.723639,12,0.11298476473490397
pfp_bloom_filter_add_unique_size_u64,0,NVIDIA H200,I64,U64,512,1,1,4,1000000000,128,No,11,0.13631317409090912,0.0004036586687787725,0.13629923872514202,0.000404586084827888,7336798131.474362,12,0.13627848943074547
pfp_bloom_filter_add_unique_size_u64,0,NVIDIA H200,I64,U64,512,1,1,4,1000000000,256,No,11,0.14812728563636363,0.0008638627037687816,0.14811287064985795,0.0008642169981861788,6751607713.849674,12,0.1482059847513835
pfp_bloom_filter_add_unique_size_u64,0,NVIDIA H200,I64,U64,512,1,1,4,1000000000,512,No,11,0.15464810545454546,0.0008559854735567125,0.1546337197043679,0.0008557287581311086,6466894813.833759,12,0.15457892862955727
pfp_bloom_filter_add_unique_size_u64,0,NVIDIA H200,I64,U64,512,1,1,4,1000000000,1024,No,11,0.15965340927272728,0.0007542573804332276,0.15963882862437856,0.000754074615809567,6264140175.777319,12,0.15968952560424807
pfp_bloom_filter_add_unique_size_u64,0,NVIDIA H200,I64,U64,512,1,1,4,1000000000,2048,No,11,0.16885048345454545,0.00019228047236933898,0.1688359208540483,0.00019235692378395872,5922910213.309754,12,0.16886915334065755
pfp_bloom_filter_add_unique_size_u64,0,NVIDIA H200,I64,U64,512,1,1,8,1000000000,1,No,11,0.10284648318181819,0.00012577696404183762,0.10283242589777165,0.0001240033889486099,9724559070.444624,12,0.10283396212259927
pfp_bloom_filter_add_unique_size_u64,0,NVIDIA H200,I64,U64,512,1,1,8,1000000000,2,No,11,0.10284294409090909,0.00013538981054532124,0.10282882412997162,0.00013883668405755744,9724899690.927507,12,0.10282836278279622
pfp_bloom_filter_add_unique_size_u64,0,NVIDIA H200,I64,U64,512,1,1,8,1000000000,4,No,11,0.10280596463636366,9.687477221177314e-05,0.10279190410267224,9.524096283857938e-05,9728392607.662605,12,0.1027869841257731
pfp_bloom_filter_add_unique_size_u64,0,NVIDIA H200,I64,U64,512,1,1,8,1000000000,8,No,11,0.10230609945454545,9.650964907830366e-05,0.10229190965132279,9.591355362810484e-05,9775944191.565578,12,0.10229637145996096
pfp_bloom_filter_add_unique_size_u64,0,NVIDIA H200,I64,U64,512,1,1,8,1000000000,16,No,11,0.10211239836363638,8.905634472518774e-05,0.10209822221235795,8.841217618415389e-05,9794489838.618954,12,0.10208727836608888
pfp_bloom_filter_add_unique_size_u64,0,NVIDIA H200,I64,U64,512,1,1,8,1000000000,32,No,11,0.10196651181818182,8.579007430185418e-05,0.10195226149125532,8.97863947786435e-05,9808512193.579662,12,0.10193199030558268
pfp_bloom_filter_add_unique_size_u64,0,NVIDIA H200,I64,U64,512,1,1,8,1000000000,64,No,11,0.11312779427272729,0.00030614480623099104,0.11311343453147193,0.00030613548585414427,8840682843.219358,12,0.11311569150288901
pfp_bloom_filter_add_unique_size_u64,0,NVIDIA H200,I64,U64,512,1,1,8,1000000000,128,No,11,0.136324975,0.00029843545882868056,0.1363104511607777,0.0003006981880236034,7336194631.330972,12,0.13629393641153972
pfp_bloom_filter_add_unique_size_u64,0,NVIDIA H200,I64,U64,512,1,1,8,1000000000,256,No,11,0.14809471454545453,0.0007178115303043749,0.1480801641290838,0.0007192287375284473,6753098943.949604,12,0.14812496439615885
pfp_bloom_filter_add_unique_size_u64,0,NVIDIA H200,I64,U64,512,1,1,8,1000000000,512,No,11,0.1545839632727273,0.0003535151806059743,0.15456916392933237,0.0003542822060979371,6469595710.934886,12,0.15462805048624675
pfp_bloom_filter_add_unique_size_u64,0,NVIDIA H200,I64,U64,512,1,1,8,1000000000,1024,No,11,0.15961845663636362,0.0004887309496271603,0.15960379583185366,0.0004897624920780166,6265515145.100455,12,0.15968764114379885
pfp_bloom_filter_add_unique_size_u64,0,NVIDIA H200,I64,U64,512,1,1,8,1000000000,2048,No,11,0.16884544463636367,0.00016937975744980377,0.16883046791770243,0.00017113312608536488,5923101513.214172,12,0.1688378105163574
pfp_bloom_filter_add_unique_size_u64,0,NVIDIA H200,I64,U64,512,1,2,1,1000000000,1,No,11,0.05341676154545454,6.249064445305873e-05,0.05340301340276545,6.419747152971101e-05,18725535064.060925,12,0.0534032096862793
pfp_bloom_filter_add_unique_size_u64,0,NVIDIA H200,I64,U64,512,1,2,1,1000000000,2,No,11,0.05328215309090909,6.87389735162404e-05,0.05326839863170277,7.479535112868433e-05,18772856434.337196,12,0.05326990636189779
pfp_bloom_filter_add_unique_size_u64,0,NVIDIA H200,I64,U64,512,1,2,1,1000000000,4,No,11,0.05314571290909091,7.647980046664155e-05,0.05313199442083185,7.417003259230249e-05,18821051438.037544,12,0.05313191191355387
pfp_bloom_filter_add_unique_size_u64,0,NVIDIA H200,I64,U64,512,1,2,1,1000000000,8,No,11,0.052963187272727266,8.64055771478107e-05,0.052949334578080605,7.94502616078849e-05,18885978605.177208,12,0.052942236900329585
pfp_bloom_filter_add_unique_size_u64,0,NVIDIA H200,I64,U64,512,1,2,1,1000000000,16,No,11,0.05291152427272728,5.6171791848750715e-05,0.052897672479802905,6.029212236949651e-05,18904423448.53291,12,0.05288795375823974
pfp_bloom_filter_add_unique_size_u64,0,NVIDIA H200,I64,U64,512,1,2,1,1000000000,32,No,11,0.05294269918181818,5.964961485349983e-05,0.05292900952425871,5.67644611565127e-05,18893230933.060905,12,0.05291319751739502
pfp_bloom_filter_add_unique_size_u64,0,NVIDIA H200,I64,U64,512,1,2,1,1000000000,64,No,11,0.06950642118181817,0.00010503930657890664,0.06949241568825462,0.00010512927433371143,14390059549.606602,12,0.0694794127146403
pfp_bloom_filter_add_unique_size_u64,0,NVIDIA H200,I64,U64,512,1,2,1,1000000000,128,No,11,0.08651117600000001,5.281205772601166e-05,0.08649713481556286,5.2431783596884015e-05,11561076585.164259,12,0.08648852984110515
pfp_bloom_filter_add_unique_size_u64,0,NVIDIA H200,I64,U64,512,1,2,1,1000000000,256,No,11,0.09442918909090908,6.964832518497843e-05,0.09441509593616834,7.131052801505898e-05,10591526599.475943,12,0.09441483370463054
pfp_bloom_filter_add_unique_size_u64,0,NVIDIA H200,I64,U64,512,1,2,1,1000000000,512,No,11,0.098728896,9.561323987961722e-05,0.09871478687633167,9.564003243469528e-05,10130194590.328035,12,0.09871964963277181
pfp_bloom_filter_add_unique_size_u64,0,NVIDIA H200,I64,U64,512,1,2,1,1000000000,1024,No,11,0.10101141536363635,7.707265706948874e-05,0.10099702522971411,7.386860178723775e-05,9901281723.155071,12,0.10099386723836262
pfp_bloom_filter_add_unique_size_u64,0,NVIDIA H200,I64,U64,512,1,2,1,1000000000,2048,No,11,0.10217176963636367,6.419171244750992e-05,0.10215770652077416,6.156189407843819e-05,9788786710.835625,12,0.1021498629252116
pfp_bloom_filter_add_unique_size_u64,0,NVIDIA H200,I64,U64,512,1,2,2,1000000000,1,No,11,0.0774782542727273,8.422788447990829e-05,0.07746426252885298,8.13900824980553e-05,12909178598.680027,12,0.07746055666605632
pfp_bloom_filter_add_unique_size_u64,0,NVIDIA H200,I64,U64,512,1,2,2,1000000000,2,No,11,0.07747359754545456,0.00012532099807363093,0.07745949901234019,0.00012525516827730198,12909972472.72008,12,0.0774678586324056
pfp_bloom_filter_add_unique_size_u64,0,NVIDIA H200,I64,U64,512,1,2,2,1000000000,4,No,11,0.07743280727272726,7.224192445266404e-05,0.07741860337690873,6.975900112631891e-05,12916792041.979218,12,0.07741853523254394
pfp_bloom_filter_add_unique_size_u64,0,NVIDIA H200,I64,U64,512,1,2,2,1000000000,8,No,11,0.07705649327272729,7.261498432260257e-05,0.07704246104847301,7.465369428054208e-05,12979855347.180918,12,0.07704473431905111
pfp_bloom_filter_add_unique_size_u64,0,NVIDIA H200,I64,U64,512,1,2,2,1000000000,16,No,11,0.07693290309090911,9.432251360567377e-05,0.07691891202059659,9.206046239853611e-05,13000703906.63131,12,0.07691307957967122
pfp_bloom_filter_add_unique_size_u64,0,NVIDIA H200,I64,U64,512,1,2,2,1000000000,32,No,11,0.07681291600000001,4.936345146806683e-05,0.07679894325949929,4.770995516348422e-05,13021012497.802952,12,0.07679519399007162
pfp_bloom_filter_add_unique_size_u64,0,NVIDIA H200,I64,U64,512,1,2,2,1000000000,64,No,11,0.07758296754545456,8.470438089833468e-05,0.07756869298761541,8.78172185336736e-05,12891799016.900537,12,0.07756576792399089
pfp_bloom_filter_add_unique_size_u64,0,NVIDIA H200,I64,U64,512,1,2,2,1000000000,128,No,11,0.08768362900000001,6.633802341216843e-05,0.08766943498091263,7.264292251037103e-05,11406483915.605476,12,0.08766235987345378
pfp_bloom_filter_add_unique_size_u64,0,NVIDIA H200,I64,U64,512,1,2,2,1000000000,256,No,11,0.09494737463636364,7.655082862243211e-05,0.09493308049982246,7.308535376963964e-05,10533735919.397139,12,0.09493042755126953
pfp_bloom_filter_add_unique_size_u64,0,NVIDIA H200,I64,U64,512,1,2,2,1000000000,512,No,11,0.09905619736363637,9.4946004463935e-05,0.09904189369895242,9.765279609598318e-05,10096737477.976728,12,0.099040319442749
pfp_bloom_filter_add_unique_size_u64,0,NVIDIA H200,I64,U64,512,1,2,2,1000000000,1024,No,11,0.10125514727272727,6.785641886467504e-05,0.10124078438498757,6.463971597613198e-05,9877442239.061558,12,0.10123651377360028
pfp_bloom_filter_add_unique_size_u64,0,NVIDIA H200,I64,U64,512,1,2,2,1000000000,2048,No,11,0.10239252209090909,7.347914852182597e-05,0.10237814885919744,7.187292565096847e-05,9767709331.952452,12,0.10237670898437501
pfp_bloom_filter_add_unique_size_u64,0,NVIDIA H200,I64,U64,512,1,2,4,1000000000,1,No,11,0.10285430445454545,7.188810349960938e-05,0.10283986108953301,7.454369634863924e-05,9723855997.135138,12,0.10284058507283528
pfp_bloom_filter_add_unique_size_u64,0,NVIDIA H200,I64,U64,512,1,2,4,1000000000,2,No,11,0.10283760036363639,6.50110654530908e-05,0.10282339269464665,6.772815346234099e-05,9725413388.854885,12,0.1028173453013102
pfp_bloom_filter_add_unique_size_u64,0,NVIDIA H200,I64,U64,512,1,2,4,1000000000,4,No,11,0.10278773454545456,8.319109317104626e-05,0.10277353668212892,8.254803608830381e-05,9730131240.816664,12,0.10277001444498697
pfp_bloom_filter_add_unique_size_u64,0,NVIDIA H200,I64,U64,512,1,2,4,1000000000,8,No,11,0.10224919036363636,0.00010396853798148005,0.10223499020663174,0.0001021538977411872,9781386959.38499,12,0.10222275225321452
pfp_bloom_filter_add_unique_size_u64,0,NVIDIA H200,I64,U64,512,1,2,4,1000000000,16,No,11,0.10206714363636364,8.796085294774724e-05,0.1020527510209517,8.650003061193882e-05,9798853925.99262,12,0.10205728085835775
pfp_bloom_filter_add_unique_size_u64,0,NVIDIA H200,I64,U64,512,1,2,4,1000000000,32,No,11,0.10195849254545454,7.684141426187344e-05,0.10194430541992187,7.661594093398734e-05,9809277682.36656,12,0.1019349358876546
pfp_bloom_filter_add_unique_size_u64,0,NVIDIA H200,I64,U64,512,1,2,4,1000000000,64,No,11,0.10383369072727273,9.065997653799505e-05,0.1038193491155451,8.947081862915417e-05,9632115867.795088,12,0.10381896909077963
pfp_bloom_filter_add_unique_size_u64,0,NVIDIA H200,I64,U64,512,1,2,4,1000000000,128,No,11,0.11332563681818185,7.789460477005676e-05,0.1133115137273615,7.822813440754229e-05,8825228497.133108,12,0.1133050136566162
pfp_bloom_filter_add_unique_size_u64,0,NVIDIA H200,I64,U64,512,1,2,4,1000000000,256,No,11,0.1189892770909091,8.303660559443552e-05,0.11897484241832386,7.777682287218678e-05,8405138260.103175,12,0.11897101974487305
pfp_bloom_filter_add_unique_size_u64,0,NVIDIA H200,I64,U64,512,1,2,4,1000000000,512,No,11,0.12164649390909092,9.185196176399487e-05,0.12163220630992541,9.319214757522442e-05,8221506707.29384,12,0.12161489232381185
pfp_bloom_filter_add_unique_size_u64,0,NVIDIA H200,I64,U64,512,1,2,4,1000000000,1024,No,11,0.12291613527272727,9.343241982971838e-05,0.1229015322598544,9.674901595078077e-05,8136595057.949888,12,0.12290542538960776
pfp_bloom_filter_add_unique_size_u64,0,NVIDIA H200,I64,U64,512,1,2,4,1000000000,2048,No,11,0.12357686827272728,7.410219009365676e-05,0.12356242578679864,7.236193514210825e-05,8093075169.351682,12,0.12355395762125652
pfp_bloom_filter_add_unique_size_u64,0,NVIDIA H200,I64,U64,512,1,2,8,1000000000,1,Yes,,,,,,,,
pfp_bloom_filter_add_unique_size_u64,0,NVIDIA H200,I64,U64,512,1,2,8,1000000000,2,Yes,,,,,,,,
pfp_bloom_filter_add_unique_size_u64,0,NVIDIA H200,I64,U64,512,1,2,8,1000000000,4,Yes,,,,,,,,
pfp_bloom_filter_add_unique_size_u64,0,NVIDIA H200,I64,U64,512,1,2,8,1000000000,8,Yes,,,,,,,,
pfp_bloom_filter_add_unique_size_u64,0,NVIDIA H200,I64,U64,512,1,2,8,1000000000,16,Yes,,,,,,,,
pfp_bloom_filter_add_unique_size_u64,0,NVIDIA H200,I64,U64,512,1,2,8,1000000000,32,Yes,,,,,,,,
pfp_bloom_filter_add_unique_size_u64,0,NVIDIA H200,I64,U64,512,1,2,8,1000000000,64,Yes,,,,,,,,
pfp_bloom_filter_add_unique_size_u64,0,NVIDIA H200,I64,U64,512,1,2,8,1000000000,128,Yes,,,,,,,,
pfp_bloom_filter_add_unique_size_u64,0,NVIDIA H200,I64,U64,512,1,2,8,1000000000,256,Yes,,,,,,,,
pfp_bloom_filter_add_unique_size_u64,0,NVIDIA H200,I64,U64,512,1,2,8,1000000000,512,Yes,,,,,,,,
pfp_bloom_filter_add_unique_size_u64,0,NVIDIA H200,I64,U64,512,1,2,8,1000000000,1024,Yes,,,,,,,,
pfp_bloom_filter_add_unique_size_u64,0,NVIDIA H200,I64,U64,512,1,2,8,1000000000,2048,Yes,,,,,,,,
pfp_bloom_filter_add_unique_size_u64,0,NVIDIA H200,I64,U64,512,1,4,1,1000000000,1,No,13,0.03945156207692308,0.0001531633959211302,0.03943813147911658,0.0001491966581752459,25356170855.343983,14,0.03942476981026786
pfp_bloom_filter_add_unique_size_u64,0,NVIDIA H200,I64,U64,512,1,4,1,1000000000,2,No,13,0.03944184353846154,8.685557556178293e-05,0.039428137852595406,8.901329094183705e-05,25362597740.18655,14,0.039424894877842495
pfp_bloom_filter_add_unique_size_u64,0,NVIDIA H200,I64,U64,512,1,4,1,1000000000,4,No,13,0.03943057853846154,7.833014848897412e-05,0.03941687393188477,8.138528787286154e-05,25369845455.732307,14,0.03941483306884765
pfp_bloom_filter_add_unique_size_u64,0,NVIDIA H200,I64,U64,512,1,4,1,1000000000,8,No,13,0.039367277153846164,0.00011059461416729353,0.0393538290170523,0.00010893012896751458,25410488000.206863,14,0.03934977722167969
pfp_bloom_filter_add_unique_size_u64,0,NVIDIA H200,I64,U64,512,1,4,1,1000000000,16,No,13,0.03919504484615385,0.0001198889794697459,0.03918179966853215,0.00011802841707473796,25522053822.43134,14,0.039176285062517434
pfp_bloom_filter_add_unique_size_u64,0,NVIDIA H200,I64,U64,512,1,4,1,1000000000,32,No,13,0.03911358130769231,9.986583443528169e-05,0.0391003057039701,9.637043351453959e-05,25575247609.853436,14,0.03909323801313128
pfp_bloom_filter_add_unique_size_u64,0,NVIDIA H200,I64,U64,512,1,4,1,1000000000,64,No,11,0.04938055227272728,0.00045636619030980366,0.04936702832308682,0.0004568506291978653,20256434992.509834,12,0.04934766578674316
pfp_bloom_filter_add_unique_size_u64,0,NVIDIA H200,I64,U64,512,1,4,1,1000000000,128,No,11,0.06648765345454545,0.00010655102687712444,0.06647412109374999,0.00010976457121261519,15043448240.401356,12,0.06646628761291504
pfp_bloom_filter_add_unique_size_u64,0,NVIDIA H200,I64,U64,512,1,4,1,1000000000,256,No,11,0.07590606463636364,0.00015904333729474182,0.075892221624201,0.00015561103917278402,13176580927.512518,12,0.0758807430267334
pfp_bloom_filter_add_unique_size_u64,0,NVIDIA H200,I64,U64,512,1,4,1,1000000000,512,No,11,0.08072408372727273,7.997888155031111e-05,0.08071036876331676,7.991646522513577e-05,12389981799.395576,12,0.08071203295389812
pfp_bloom_filter_add_unique_size_u64,0,NVIDIA H200,I64,U64,512,1,4,1,1000000000,1024,No,11,0.08317570945454546,0.00010433849924797212,0.08316190892999822,0.00010312781048675268,12024735998.325302,12,0.08315805880228679
pfp_bloom_filter_add_unique_size_u64,0,NVIDIA H200,I64,U64,512,1,4,1,1000000000,2048,No,11,0.08438934181818182,0.00014967967634234308,0.08437574421275745,0.0001500052999999014,11851747315.892735,12,0.08437840143839519
pfp_bloom_filter_add_unique_size_u64,0,NVIDIA H200,I64,U64,512,1,4,2,1000000000,1,No,11,0.06492513745454546,0.0001565173224290196,0.0649113776467063,0.00015123355972919417,15405619727.295088,12,0.06491162808736166
pfp_bloom_filter_add_unique_size_u64,0,NVIDIA H200,I64,U64,512,1,4,2,1000000000,2,No,11,0.06493704409090909,0.00017594385034597283,0.06492342099276456,0.00016988484435867895,15402761972.623804,12,0.06491938400268554
pfp_bloom_filter_add_unique_size_u64,0,NVIDIA H200,I64,U64,512,1,4,2,1000000000,4,No,11,0.06490994536363638,0.00010120436377780024,0.06489643096923828,9.636859832928462e-05,15409167885.889019,12,0.06489871215820313
pfp_bloom_filter_add_unique_size_u64,0,NVIDIA H200,I64,U64,512,1,4,2,1000000000,8,No,11,0.06466619345454547,0.00023746504550743497,0.06465279457785868,0.00023723807693748798,15467235508.215218,12,0.06464569854736328
pfp_bloom_filter_add_unique_size_u64,0,NVIDIA H200,I64,U64,512,1,4,2,1000000000,16,No,11,0.06451840145454547,0.00016251019483115982,0.06450474132191052,0.00015957807483883178,15502736380.408165,12,0.06450261942545572
pfp_bloom_filter_add_unique_size_u64,0,NVIDIA H200,I64,U64,512,1,4,2,1000000000,32,No,11,0.06437001236363636,0.0001505433539580913,0.06435651744495739,0.00014629498868082,15538441788.048527,12,0.06434561475118002
pfp_bloom_filter_add_unique_size_u64,0,NVIDIA H200,I64,U64,512,1,4,2,1000000000,64,No,11,0.06529436481818184,0.00011353766455724064,0.06528073258833451,0.00011145345909222634,15318455543.476809,12,0.0652725404103597
pfp_bloom_filter_add_unique_size_u64,0,NVIDIA H200,I64,U64,512,1,4,2,1000000000,128,No,11,0.07675797736363638,0.00011053149418767322,0.07674420443448153,0.00011313056310627897,13030299908.232489,12,0.07673632621765135
pfp_bloom_filter_add_unique_size_u64,0,NVIDIA H200,I64,U64,512,1,4,2,1000000000,256,No,11,0.08271328545454545,0.00010083124387270634,0.08269946011629971,9.77439987518556e-05,12091977367.12799,12,0.08269358634948731
pfp_bloom_filter_add_unique_size_u64,0,NVIDIA H200,I64,U64,512,1,4,2,1000000000,512,No,11,0.08568687036363637,8.243676950711002e-05,0.08567276139692827,8.192605483262797e-05,11672321327.042625,12,0.08566930135091146
pfp_bloom_filter_add_unique_size_u64,0,NVIDIA H200,I64,U64,512,1,4,2,1000000000,1024,No,11,0.08723281663636363,7.574301985101446e-05,0.08721897333318539,7.754130951761481e-05,11465395220.600658,12,0.08721277618408203
pfp_bloom_filter_add_unique_size_u64,0,NVIDIA H200,I64,U64,512,1,4,2,1000000000,2048,No,11,0.08803431427272729,0.00012403925666722566,0.08802041834050958,0.00012464115932683646,11361000309.399467,12,0.08801492627461753
pfp_bloom_filter_add_unique_size_u64,0,NVIDIA H200,I64,U64,512,1,4,4,1000000000,1,Yes,,,,,,,,
pfp_bloom_filter_add_unique_size_u64,0,NVIDIA H200,I64,U64,512,1,4,4,1000000000,2,Yes,,,,,,,,
pfp_bloom_filter_add_unique_size_u64,0,NVIDIA H200,I64,U64,512,1,4,4,1000000000,4,Yes,,,,,,,,
pfp_bloom_filter_add_unique_size_u64,0,NVIDIA H200,I64,U64,512,1,4,4,1000000000,8,Yes,,,,,,,,
pfp_bloom_filter_add_unique_size_u64,0,NVIDIA H200,I64,U64,512,1,4,4,1000000000,16,Yes,,,,,,,,
pfp_bloom_filter_add_unique_size_u64,0,NVIDIA H200,I64,U64,512,1,4,4,1000000000,32,Yes,,,,,,,,
pfp_bloom_filter_add_unique_size_u64,0,NVIDIA H200,I64,U64,512,1,4,4,1000000000,64,Yes,,,,,,,,
pfp_bloom_filter_add_unique_size_u64,0,NVIDIA H200,I64,U64,512,1,4,4,1000000000,128,Yes,,,,,,,,
pfp_bloom_filter_add_unique_size_u64,0,NVIDIA H200,I64,U64,512,1,4,4,1000000000,256,Yes,,,,,,,,
pfp_bloom_filter_add_unique_size_u64,0,NVIDIA H200,I64,U64,512,1,4,4,1000000000,512,Yes,,,,,,,,
pfp_bloom_filter_add_unique_size_u64,0,NVIDIA H200,I64,U64,512,1,4,4,1000000000,1024,Yes,,,,,,,,
pfp_bloom_filter_add_unique_size_u64,0,NVIDIA H200,I64,U64,512,1,4,4,1000000000,2048,Yes,,,,,,,,
pfp_bloom_filter_add_unique_size_u64,0,NVIDIA H200,I64,U64,512,1,4,8,1000000000,1,Yes,,,,,,,,
pfp_bloom_filter_add_unique_size_u64,0,NVIDIA H200,I64,U64,512,1,4,8,1000000000,2,Yes,,,,,,,,
pfp_bloom_filter_add_unique_size_u64,0,NVIDIA H200,I64,U64,512,1,4,8,1000000000,4,Yes,,,,,,,,
pfp_bloom_filter_add_unique_size_u64,0,NVIDIA H200,I64,U64,512,1,4,8,1000000000,8,Yes,,,,,,,,
pfp_bloom_filter_add_unique_size_u64,0,NVIDIA H200,I64,U64,512,1,4,8,1000000000,16,Yes,,,,,,,,
pfp_bloom_filter_add_unique_size_u64,0,NVIDIA H200,I64,U64,512,1,4,8,1000000000,32,Yes,,,,,,,,
pfp_bloom_filter_add_unique_size_u64,0,NVIDIA H200,I64,U64,512,1,4,8,1000000000,64,Yes,,,,,,,,
pfp_bloom_filter_add_unique_size_u64,0,NVIDIA H200,I64,U64,512,1,4,8,1000000000,128,Yes,,,,,,,,
pfp_bloom_filter_add_unique_size_u64,0,NVIDIA H200,I64,U64,512,1,4,8,1000000000,256,Yes,,,,,,,,
pfp_bloom_filter_add_unique_size_u64,0,NVIDIA H200,I64,U64,512,1,4,8,1000000000,512,Yes,,,,,,,,
pfp_bloom_filter_add_unique_size_u64,0,NVIDIA H200,I64,U64,512,1,4,8,1000000000,1024,Yes,,,,,,,,
pfp_bloom_filter_add_unique_size_u64,0,NVIDIA H200,I64,U64,512,1,4,8,1000000000,2048,Yes,,,,,,,,
pfp_bloom_filter_add_unique_size_u64,0,NVIDIA H200,I64,U64,512,1,8,1,1000000000,1,No,16,0.03329387825,0.0008376062444076869,0.03328031802177429,0.0008426868186766083,30047789788.118336,17,0.033278428919175096
pfp_bloom_filter_add_unique_size_u64,0,NVIDIA H200,I64,U64,512,1,8,1,1000000000,2,No,16,0.03333000743750001,0.00032729158132078216,0.03331653594970703,0.00032170582577801155,30015125267.211147,17,0.03331840851727654
pfp_bloom_filter_add_unique_size_u64,0,NVIDIA H200,I64,U64,512,1,8,1,1000000000,4,No,16,0.033328362875,0.0002576760622680861,0.033314586162567134,0.0002611922293220325,30016881948.35264,17,0.0333069460251752
pfp_bloom_filter_add_unique_size_u64,0,NVIDIA H200,I64,U64,512,1,8,1,1000000000,8,No,16,0.03322494175,0.0002615753233703024,0.03321130347251892,0.00025497025312278237,30110230416.805584,17,0.033208808001349954
pfp_bloom_filter_add_unique_size_u64,0,NVIDIA H200,I64,U64,512,1,8,1,1000000000,16,No,16,0.0331284745625,0.0003218501229926507,0.033114754199981694,0.00031652511767352556,30198019709.309902,17,0.033113666534423825
pfp_bloom_filter_add_unique_size_u64,0,NVIDIA H200,I64,U64,512,1,8,1,1000000000,32,No,16,0.0330535025625,0.00037566778680533843,0.033040017843246464,0.0003680614420932095,30266327480.340775,17,0.033030337614171644
pfp_bloom_filter_add_unique_size_u64,0,NVIDIA H200,I64,U64,512,1,8,1,1000000000,64,No,12,0.04432941516666667,7.825177215590056e-05,0.04431565093994141,8.414922998074507e-05,22565391205.812267,13,0.04430555079533504
pfp_bloom_filter_add_unique_size_u64,0,NVIDIA H200,I64,U64,512,1,8,1,1000000000,128,No,11,0.059345610181818186,0.00014606426396660552,0.05933189808238636,0.0001440782526274542,16854340284.402029,12,0.05932559967041017
pfp_bloom_filter_add_unique_size_u64,0,NVIDIA H200,I64,U64,512,1,8,1,1000000000,256,No,11,0.06754644772727274,0.0001164585861089091,0.06753269889137964,0.00011164008569652734,14807641578.31766,12,0.06752669906616211
pfp_bloom_filter_add_unique_size_u64,0,NVIDIA H200,I64,U64,512,1,8,1,1000000000,512,No,11,0.07172188309090909,0.00011334958975685114,0.0717079648104581,0.00011224251590482696,13945452261.031916,12,0.07170871925354004
pfp_bloom_filter_add_unique_size_u64,0,NVIDIA H200,I64,U64,512,1,8,1,1000000000,1024,No,11,0.07383651345454546,0.00014530581358954765,0.07382265194979581,0.00014767041948963931,13545977739.733122,12,0.07382454299926758
pfp_bloom_filter_add_unique_size_u64,0,NVIDIA H200,I64,U64,512,1,8,1,1000000000,2048,No,11,0.07490233272727273,0.00011905659092153227,0.07488849431818181,0.00011484294460621083,13353186081.579622,12,0.07488765652974447
pfp_bloom_filter_add_unique_size_u64,0,NVIDIA H200,I64,U64,512,1,8,2,1000000000,1,Yes,,,,,,,,
pfp_bloom_filter_add_unique_size_u64,0,NVIDIA H200,I64,U64,512,1,8,2,1000000000,2,Yes,,,,,,,,
pfp_bloom_filter_add_unique_size_u64,0,NVIDIA H200,I64,U64,512,1,8,2,1000000000,4,Yes,,,,,,,,
pfp_bloom_filter_add_unique_size_u64,0,NVIDIA H200,I64,U64,512,1,8,2,1000000000,8,Yes,,,,,,,,
pfp_bloom_filter_add_unique_size_u64,0,NVIDIA H200,I64,U64,512,1,8,2,1000000000,16,Yes,,,,,,,,
pfp_bloom_filter_add_unique_size_u64,0,NVIDIA H200,I64,U64,512,1,8,2,1000000000,32,Yes,,,,,,,,
pfp_bloom_filter_add_unique_size_u64,0,NVIDIA H200,I64,U64,512,1,8,2,1000000000,64,Yes,,,,,,,,
pfp_bloom_filter_add_unique_size_u64,0,NVIDIA H200,I64,U64,512,1,8,2,1000000000,128,Yes,,,,,,,,
pfp_bloom_filter_add_unique_size_u64,0,NVIDIA H200,I64,U64,512,1,8,2,1000000000,256,Yes,,,,,,,,
pfp_bloom_filter_add_unique_size_u64,0,NVIDIA H200,I64,U64,512,1,8,2,1000000000,512,Yes,,,,,,,,
pfp_bloom_filter_add_unique_size_u64,0,NVIDIA H200,I64,U64,512,1,8,2,1000000000,1024,Yes,,,,,,,,
pfp_bloom_filter_add_unique_size_u64,0,NVIDIA H200,I64,U64,512,1,8,2,1000000000,2048,Yes,,,,,,,,
pfp_bloom_filter_add_unique_size_u64,0,NVIDIA H200,I64,U64,512,1,8,4,1000000000,1,Yes,,,,,,,,
pfp_bloom_filter_add_unique_size_u64,0,NVIDIA H200,I64,U64,512,1,8,4,1000000000,2,Yes,,,,,,,,
pfp_bloom_filter_add_unique_size_u64,0,NVIDIA H200,I64,U64,512,1,8,4,1000000000,4,Yes,,,,,,,,
pfp_bloom_filter_add_unique_size_u64,0,NVIDIA H200,I64,U64,512,1,8,4,1000000000,8,Yes,,,,,,,,
pfp_bloom_filter_add_unique_size_u64,0,NVIDIA H200,I64,U64,512,1,8,4,1000000000,16,Yes,,,,,,,,
pfp_bloom_filter_add_unique_size_u64,0,NVIDIA H200,I64,U64,512,1,8,4,1000000000,32,Yes,,,,,,,,
pfp_bloom_filter_add_unique_size_u64,0,NVIDIA H200,I64,U64,512,1,8,4,1000000000,64,Yes,,,,,,,,
pfp_bloom_filter_add_unique_size_u64,0,NVIDIA H200,I64,U64,512,1,8,4,1000000000,128,Yes,,,,,,,,
pfp_bloom_filter_add_unique_size_u64,0,NVIDIA H200,I64,U64,512,1,8,4,1000000000,256,Yes,,,,,,,,
pfp_bloom_filter_add_unique_size_u64,0,NVIDIA H200,I64,U64,512,1,8,4,1000000000,512,Yes,,,,,,,,
pfp_bloom_filter_add_unique_size_u64,0,NVIDIA H200,I64,U64,512,1,8,4,1000000000,1024,Yes,,,,,,,,
pfp_bloom_filter_add_unique_size_u64,0,NVIDIA H200,I64,U64,512,1,8,4,1000000000,2048,Yes,,,,,,,,
pfp_bloom_filter_add_unique_size_u64,0,NVIDIA H200,I64,U64,512,1,8,8,1000000000,1,Yes,,,,,,,,
pfp_bloom_filter_add_unique_size_u64,0,NVIDIA H200,I64,U64,512,1,8,8,1000000000,2,Yes,,,,,,,,
pfp_bloom_filter_add_unique_size_u64,0,NVIDIA H200,I64,U64,512,1,8,8,1000000000,4,Yes,,,,,,,,
pfp_bloom_filter_add_unique_size_u64,0,NVIDIA H200,I64,U64,512,1,8,8,1000000000,8,Yes,,,,,,,,
pfp_bloom_filter_add_unique_size_u64,0,NVIDIA H200,I64,U64,512,1,8,8,1000000000,16,Yes,,,,,,,,
pfp_bloom_filter_add_unique_size_u64,0,NVIDIA H200,I64,U64,512,1,8,8,1000000000,32,Yes,,,,,,,,
pfp_bloom_filter_add_unique_size_u64,0,NVIDIA H200,I64,U64,512,1,8,8,1000000000,64,Yes,,,,,,,,
pfp_bloom_filter_add_unique_size_u64,0,NVIDIA H200,I64,U64,512,1,8,8,1000000000,128,Yes,,,,,,,,
pfp_bloom_filter_add_unique_size_u64,0,NVIDIA H200,I64,U64,512,1,8,8,1000000000,256,Yes,,,,,,,,
pfp_bloom_filter_add_unique_size_u64,0,NVIDIA H200,I64,U64,512,1,8,8,1000000000,512,Yes,,,,,,,,
pfp_bloom_filter_add_unique_size_u64,0,NVIDIA H200,I64,U64,512,1,8,8,1000000000,1024,Yes,,,,,,,,
pfp_bloom_filter_add_unique_size_u64,0,NVIDIA H200,I64,U64,512,1,8,8,1000000000,2048,Yes,,,,,,,,
pfp_bloom_filter_add_unique_size_u64,0,NVIDIA H200,I64,U64,512,20,1,1,1000000000,1,Yes,,,,,,,,
pfp_bloom_filter_add_unique_size_u64,0,NVIDIA H200,I64,U64,512,20,1,1,1000000000,2,Yes,,,,,,,,
pfp_bloom_filter_add_unique_size_u64,0,NVIDIA H200,I64,U64,512,20,1,1,1000000000,4,Yes,,,,,,,,
pfp_bloom_filter_add_unique_size_u64,0,NVIDIA H200,I64,U64,512,20,1,1,1000000000,8,Yes,,,,,,,,
pfp_bloom_filter_add_unique_size_u64,0,NVIDIA H200,I64,U64,512,20,1,1,1000000000,16,Yes,,,,,,,,
pfp_bloom_filter_add_unique_size_u64,0,NVIDIA H200,I64,U64,512,20,1,1,1000000000,32,Yes,,,,,,,,
pfp_bloom_filter_add_unique_size_u64,0,NVIDIA H200,I64,U64,512,20,1,1,1000000000,64,Yes,,,,,,,,
pfp_bloom_filter_add_unique_size_u64,0,NVIDIA H200,I64,U64,512,20,1,1,1000000000,128,Yes,,,,,,,,
pfp_bloom_filter_add_unique_size_u64,0,NVIDIA H200,I64,U64,512,20,1,1,1000000000,256,Yes,,,,,,,,
pfp_bloom_filter_add_unique_size_u64,0,NVIDIA H200,I64,U64,512,20,1,1,1000000000,512,Yes,,,,,,,,
pfp_bloom_filter_add_unique_size_u64,0,NVIDIA H200,I64,U64,512,20,1,1,1000000000,1024,Yes,,,,,,,,
pfp_bloom_filter_add_unique_size_u64,0,NVIDIA H200,I64,U64,512,20,1,1,1000000000,2048,Yes,,,,,,,,
pfp_bloom_filter_add_unique_size_u64,0,NVIDIA H200,I64,U64,512,20,1,2,1000000000,1,Yes,,,,,,,,
pfp_bloom_filter_add_unique_size_u64,0,NVIDIA H200,I64,U64,512,20,1,2,1000000000,2,Yes,,,,,,,,
pfp_bloom_filter_add_unique_size_u64,0,NVIDIA H200,I64,U64,512,20,1,2,1000000000,4,Yes,,,,,,,,
pfp_bloom_filter_add_unique_size_u64,0,NVIDIA H200,I64,U64,512,20,1,2,1000000000,8,Yes,,,,,,,,
pfp_bloom_filter_add_unique_size_u64,0,NVIDIA H200,I64,U64,512,20,1,2,1000000000,16,Yes,,,,,,,,
pfp_bloom_filter_add_unique_size_u64,0,NVIDIA H200,I64,U64,512,20,1,2,1000000000,32,Yes,,,,,,,,
pfp_bloom_filter_add_unique_size_u64,0,NVIDIA H200,I64,U64,512,20,1,2,1000000000,64,Yes,,,,,,,,
pfp_bloom_filter_add_unique_size_u64,0,NVIDIA H200,I64,U64,512,20,1,2,1000000000,128,Yes,,,,,,,,
pfp_bloom_filter_add_unique_size_u64,0,NVIDIA H200,I64,U64,512,20,1,2,1000000000,256,Yes,,,,,,,,
pfp_bloom_filter_add_unique_size_u64,0,NVIDIA H200,I64,U64,512,20,1,2,1000000000,512,Yes,,,,,,,,
pfp_bloom_filter_add_unique_size_u64,0,NVIDIA H200,I64,U64,512,20,1,2,1000000000,1024,Yes,,,,,,,,
pfp_bloom_filter_add_unique_size_u64,0,NVIDIA H200,I64,U64,512,20,1,2,1000000000,2048,Yes,,,,,,,,
pfp_bloom_filter_add_unique_size_u64,0,NVIDIA H200,I64,U64,512,20,1,4,1000000000,1,Yes,,,,,,,,
pfp_bloom_filter_add_unique_size_u64,0,NVIDIA H200,I64,U64,512,20,1,4,1000000000,2,Yes,,,,,,,,
pfp_bloom_filter_add_unique_size_u64,0,NVIDIA H200,I64,U64,512,20,1,4,1000000000,4,Yes,,,,,,,,
pfp_bloom_filter_add_unique_size_u64,0,NVIDIA H200,I64,U64,512,20,1,4,1000000000,8,Yes,,,,,,,,
pfp_bloom_filter_add_unique_size_u64,0,NVIDIA H200,I64,U64,512,20,1,4,1000000000,16,Yes,,,,,,,,
pfp_bloom_filter_add_unique_size_u64,0,NVIDIA H200,I64,U64,512,20,1,4,1000000000,32,Yes,,,,,,,,
pfp_bloom_filter_add_unique_size_u64,0,NVIDIA H200,I64,U64,512,20,1,4,1000000000,64,Yes,,,,,,,,
pfp_bloom_filter_add_unique_size_u64,0,NVIDIA H200,I64,U64,512,20,1,4,1000000000,128,Yes,,,,,,,,
pfp_bloom_filter_add_unique_size_u64,0,NVIDIA H200,I64,U64,512,20,1,4,1000000000,256,Yes,,,,,,,,
pfp_bloom_filter_add_unique_size_u64,0,NVIDIA H200,I64,U64,512,20,1,4,1000000000,512,Yes,,,,,,,,
pfp_bloom_filter_add_unique_size_u64,0,NVIDIA H200,I64,U64,512,20,1,4,1000000000,1024,Yes,,,,,,,,
pfp_bloom_filter_add_unique_size_u64,0,NVIDIA H200,I64,U64,512,20,1,4,1000000000,2048,Yes,,,,,,,,
pfp_bloom_filter_add_unique_size_u64,0,NVIDIA H200,I64,U64,512,20,1,8,1000000000,1,Yes,,,,,,,,
pfp_bloom_filter_add_unique_size_u64,0,NVIDIA H200,I64,U64,512,20,1,8,1000000000,2,Yes,,,,,,,,
pfp_bloom_filter_add_unique_size_u64,0,NVIDIA H200,I64,U64,512,20,1,8,1000000000,4,Yes,,,,,,,,
pfp_bloom_filter_add_unique_size_u64,0,NVIDIA H200,I64,U64,512,20,1,8,1000000000,8,Yes,,,,,,,,
pfp_bloom_filter_add_unique_size_u64,0,NVIDIA H200,I64,U64,512,20,1,8,1000000000,16,Yes,,,,,,,,
pfp_bloom_filter_add_unique_size_u64,0,NVIDIA H200,I64,U64,512,20,1,8,1000000000,32,Yes,,,,,,,,
pfp_bloom_filter_add_unique_size_u64,0,NVIDIA H200,I64,U64,512,20,1,8,1000000000,64,Yes,,,,,,,,
pfp_bloom_filter_add_unique_size_u64,0,NVIDIA H200,I64,U64,512,20,1,8,1000000000,128,Yes,,,,,,,,
pfp_bloom_filter_add_unique_size_u64,0,NVIDIA H200,I64,U64,512,20,1,8,1000000000,256,Yes,,,,,,,,
pfp_bloom_filter_add_unique_size_u64,0,NVIDIA H200,I64,U64,512,20,1,8,1000000000,512,Yes,,,,,,,,
pfp_bloom_filter_add_unique_size_u64,0,NVIDIA H200,I64,U64,512,20,1,8,1000000000,1024,Yes,,,,,,,,
pfp_bloom_filter_add_unique_size_u64,0,NVIDIA H200,I64,U64,512,20,1,8,1000000000,2048,Yes,,,,,,,,
pfp_bloom_filter_add_unique_size_u64,0,NVIDIA H200,I64,U64,512,20,2,1,1000000000,1,Yes,,,,,,,,
pfp_bloom_filter_add_unique_size_u64,0,NVIDIA H200,I64,U64,512,20,2,1,1000000000,2,Yes,,,,,,,,
pfp_bloom_filter_add_unique_size_u64,0,NVIDIA H200,I64,U64,512,20,2,1,1000000000,4,Yes,,,,,,,,
pfp_bloom_filter_add_unique_size_u64,0,NVIDIA H200,I64,U64,512,20,2,1,1000000000,8,Yes,,,,,,,,
pfp_bloom_filter_add_unique_size_u64,0,NVIDIA H200,I64,U64,512,20,2,1,1000000000,16,Yes,,,,,,,,
pfp_bloom_filter_add_unique_size_u64,0,NVIDIA H200,I64,U64,512,20,2,1,1000000000,32,Yes,,,,,,,,
pfp_bloom_filter_add_unique_size_u64,0,NVIDIA H200,I64,U64,512,20,2,1,1000000000,64,Yes,,,,,,,,
pfp_bloom_filter_add_unique_size_u64,0,NVIDIA H200,I64,U64,512,20,2,1,1000000000,128,Yes,,,,,,,,
pfp_bloom_filter_add_unique_size_u64,0,NVIDIA H200,I64,U64,512,20,2,1,1000000000,256,Yes,,,,,,,,
pfp_bloom_filter_add_unique_size_u64,0,NVIDIA H200,I64,U64,512,20,2,1,1000000000,512,Yes,,,,,,,,
pfp_bloom_filter_add_unique_size_u64,0,NVIDIA H200,I64,U64,512,20,2,1,1000000000,1024,Yes,,,,,,,,
pfp_bloom_filter_add_unique_size_u64,0,NVIDIA H200,I64,U64,512,20,2,1,1000000000,2048,Yes,,,,,,,,
pfp_bloom_filter_add_unique_size_u64,0,NVIDIA H200,I64,U64,512,20,2,2,1000000000,1,Yes,,,,,,,,
pfp_bloom_filter_add_unique_size_u64,0,NVIDIA H200,I64,U64,512,20,2,2,1000000000,2,Yes,,,,,,,,
pfp_bloom_filter_add_unique_size_u64,0,NVIDIA H200,I64,U64,512,20,2,2,1000000000,4,Yes,,,,,,,,
pfp_bloom_filter_add_unique_size_u64,0,NVIDIA H200,I64,U64,512,20,2,2,1000000000,8,Yes,,,,,,,,
pfp_bloom_filter_add_unique_size_u64,0,NVIDIA H200,I64,U64,512,20,2,2,1000000000,16,Yes,,,,,,,,
pfp_bloom_filter_add_unique_size_u64,0,NVIDIA H200,I64,U64,512,20,2,2,1000000000,32,Yes,,,,,,,,
pfp_bloom_filter_add_unique_size_u64,0,NVIDIA H200,I64,U64,512,20,2,2,1000000000,64,Yes,,,,,,,,
pfp_bloom_filter_add_unique_size_u64,0,NVIDIA H200,I64,U64,512,20,2,2,1000000000,128,Yes,,,,,,,,
pfp_bloom_filter_add_unique_size_u64,0,NVIDIA H200,I64,U64,512,20,2,2,1000000000,256,Yes,,,,,,,,
pfp_bloom_filter_add_unique_size_u64,0,NVIDIA H200,I64,U64,512,20,2,2,1000000000,512,Yes,,,,,,,,
pfp_bloom_filter_add_unique_size_u64,0,NVIDIA H200,I64,U64,512,20,2,2,1000000000,1024,Yes,,,,,,,,
pfp_bloom_filter_add_unique_size_u64,0,NVIDIA H200,I64,U64,512,20,2,2,1000000000,2048,Yes,,,,,,,,
pfp_bloom_filter_add_unique_size_u64,0,NVIDIA H200,I64,U64,512,20,2,4,1000000000,1,Yes,,,,,,,,
pfp_bloom_filter_add_unique_size_u64,0,NVIDIA H200,I64,U64,512,20,2,4,1000000000,2,Yes,,,,,,,,
pfp_bloom_filter_add_unique_size_u64,0,NVIDIA H200,I64,U64,512,20,2,4,1000000000,4,Yes,,,,,,,,
pfp_bloom_filter_add_unique_size_u64,0,NVIDIA H200,I64,U64,512,20,2,4,1000000000,8,Yes,,,,,,,,
pfp_bloom_filter_add_unique_size_u64,0,NVIDIA H200,I64,U64,512,20,2,4,1000000000,16,Yes,,,,,,,,
pfp_bloom_filter_add_unique_size_u64,0,NVIDIA H200,I64,U64,512,20,2,4,1000000000,32,Yes,,,,,,,,
pfp_bloom_filter_add_unique_size_u64,0,NVIDIA H200,I64,U64,512,20,2,4,1000000000,64,Yes,,,,,,,,
pfp_bloom_filter_add_unique_size_u64,0,NVIDIA H200,I64,U64,512,20,2,4,1000000000,128,Yes,,,,,,,,
pfp_bloom_filter_add_unique_size_u64,0,NVIDIA H200,I64,U64,512,20,2,4,1000000000,256,Yes,,,,,,,,
pfp_bloom_filter_add_unique_size_u64,0,NVIDIA H200,I64,U64,512,20,2,4,1000000000,512,Yes,,,,,,,,
pfp_bloom_filter_add_unique_size_u64,0,NVIDIA H200,I64,U64,512,20,2,4,1000000000,1024,Yes,,,,,,,,
pfp_bloom_filter_add_unique_size_u64,0,NVIDIA H200,I64,U64,512,20,2,4,1000000000,2048,Yes,,,,,,,,
pfp_bloom_filter_add_unique_size_u64,0,NVIDIA H200,I64,U64,512,20,2,8,1000000000,1,Yes,,,,,,,,
pfp_bloom_filter_add_unique_size_u64,0,NVIDIA H200,I64,U64,512,20,2,8,1000000000,2,Yes,,,,,,,,
pfp_bloom_filter_add_unique_size_u64,0,NVIDIA H200,I64,U64,512,20,2,8,1000000000,4,Yes,,,,,,,,
pfp_bloom_filter_add_unique_size_u64,0,NVIDIA H200,I64,U64,512,20,2,8,1000000000,8,Yes,,,,,,,,
pfp_bloom_filter_add_unique_size_u64,0,NVIDIA H200,I64,U64,512,20,2,8,1000000000,16,Yes,,,,,,,,
pfp_bloom_filter_add_unique_size_u64,0,NVIDIA H200,I64,U64,512,20,2,8,1000000000,32,Yes,,,,,,,,
pfp_bloom_filter_add_unique_size_u64,0,NVIDIA H200,I64,U64,512,20,2,8,1000000000,64,Yes,,,,,,,,
pfp_bloom_filter_add_unique_size_u64,0,NVIDIA H200,I64,U64,512,20,2,8,1000000000,128,Yes,,,,,,,,
pfp_bloom_filter_add_unique_size_u64,0,NVIDIA H200,I64,U64,512,20,2,8,1000000000,256,Yes,,,,,,,,
pfp_bloom_filter_add_unique_size_u64,0,NVIDIA H200,I64,U64,512,20,2,8,1000000000,512,Yes,,,,,,,,
pfp_bloom_filter_add_unique_size_u64,0,NVIDIA H200,I64,U64,512,20,2,8,1000000000,1024,Yes,,,,,,,,
pfp_bloom_filter_add_unique_size_u64,0,NVIDIA H200,I64,U64,512,20,2,8,1000000000,2048,Yes,,,,,,,,
pfp_bloom_filter_add_unique_size_u64,0,NVIDIA H200,I64,U64,512,20,4,1,1000000000,1,Yes,,,,,,,,
pfp_bloom_filter_add_unique_size_u64,0,NVIDIA H200,I64,U64,512,20,4,1,1000000000,2,Yes,,,,,,,,
pfp_bloom_filter_add_unique_size_u64,0,NVIDIA H200,I64,U64,512,20,4,1,1000000000,4,Yes,,,,,,,,
pfp_bloom_filter_add_unique_size_u64,0,NVIDIA H200,I64,U64,512,20,4,1,1000000000,8,Yes,,,,,,,,
pfp_bloom_filter_add_unique_size_u64,0,NVIDIA H200,I64,U64,512,20,4,1,1000000000,16,Yes,,,,,,,,
pfp_bloom_filter_add_unique_size_u64,0,NVIDIA H200,I64,U64,512,20,4,1,1000000000,32,Yes,,,,,,,,
pfp_bloom_filter_add_unique_size_u64,0,NVIDIA H200,I64,U64,512,20,4,1,1000000000,64,Yes,,,,,,,,
pfp_bloom_filter_add_unique_size_u64,0,NVIDIA H200,I64,U64,512,20,4,1,1000000000,128,Yes,,,,,,,,
pfp_bloom_filter_add_unique_size_u64,0,NVIDIA H200,I64,U64,512,20,4,1,1000000000,256,Yes,,,,,,,,
pfp_bloom_filter_add_unique_size_u64,0,NVIDIA H200,I64,U64,512,20,4,1,1000000000,512,Yes,,,,,,,,
pfp_bloom_filter_add_unique_size_u64,0,NVIDIA H200,I64,U64,512,20,4,1,1000000000,1024,Yes,,,,,,,,
pfp_bloom_filter_add_unique_size_u64,0,NVIDIA H200,I64,U64,512,20,4,1,1000000000,2048,Yes,,,,,,,,
pfp_bloom_filter_add_unique_size_u64,0,NVIDIA H200,I64,U64,512,20,4,2,1000000000,1,Yes,,,,,,,,
pfp_bloom_filter_add_unique_size_u64,0,NVIDIA H200,I64,U64,512,20,4,2,1000000000,2,Yes,,,,,,,,
pfp_bloom_filter_add_unique_size_u64,0,NVIDIA H200,I64,U64,512,20,4,2,1000000000,4,Yes,,,,,,,,
pfp_bloom_filter_add_unique_size_u64,0,NVIDIA H200,I64,U64,512,20,4,2,1000000000,8,Yes,,,,,,,,
pfp_bloom_filter_add_unique_size_u64,0,NVIDIA H200,I64,U64,512,20,4,2,1000000000,16,Yes,,,,,,,,
pfp_bloom_filter_add_unique_size_u64,0,NVIDIA H200,I64,U64,512,20,4,2,1000000000,32,Yes,,,,,,,,
pfp_bloom_filter_add_unique_size_u64,0,NVIDIA H200,I64,U64,512,20,4,2,1000000000,64,Yes,,,,,,,,
pfp_bloom_filter_add_unique_size_u64,0,NVIDIA H200,I64,U64,512,20,4,2,1000000000,128,Yes,,,,,,,,
pfp_bloom_filter_add_unique_size_u64,0,NVIDIA H200,I64,U64,512,20,4,2,1000000000,256,Yes,,,,,,,,
pfp_bloom_filter_add_unique_size_u64,0,NVIDIA H200,I64,U64,512,20,4,2,1000000000,512,Yes,,,,,,,,
pfp_bloom_filter_add_unique_size_u64,0,NVIDIA H200,I64,U64,512,20,4,2,1000000000,1024,Yes,,,,,,,,
pfp_bloom_filter_add_unique_size_u64,0,NVIDIA H200,I64,U64,512,20,4,2,1000000000,2048,Yes,,,,,,,,
pfp_bloom_filter_add_unique_size_u64,0,NVIDIA H200,I64,U64,512,20,4,4,1000000000,1,Yes,,,,,,,,
pfp_bloom_filter_add_unique_size_u64,0,NVIDIA H200,I64,U64,512,20,4,4,1000000000,2,Yes,,,,,,,,
pfp_bloom_filter_add_unique_size_u64,0,NVIDIA H200,I64,U64,512,20,4,4,1000000000,4,Yes,,,,,,,,
pfp_bloom_filter_add_unique_size_u64,0,NVIDIA H200,I64,U64,512,20,4,4,1000000000,8,Yes,,,,,,,,
pfp_bloom_filter_add_unique_size_u64,0,NVIDIA H200,I64,U64,512,20,4,4,1000000000,16,Yes,,,,,,,,
pfp_bloom_filter_add_unique_size_u64,0,NVIDIA H200,I64,U64,512,20,4,4,1000000000,32,Yes,,,,,,,,
pfp_bloom_filter_add_unique_size_u64,0,NVIDIA H200,I64,U64,512,20,4,4,1000000000,64,Yes,,,,,,,,
pfp_bloom_filter_add_unique_size_u64,0,NVIDIA H200,I64,U64,512,20,4,4,1000000000,128,Yes,,,,,,,,
pfp_bloom_filter_add_unique_size_u64,0,NVIDIA H200,I64,U64,512,20,4,4,1000000000,256,Yes,,,,,,,,
pfp_bloom_filter_add_unique_size_u64,0,NVIDIA H200,I64,U64,512,20,4,4,1000000000,512,Yes,,,,,,,,
pfp_bloom_filter_add_unique_size_u64,0,NVIDIA H200,I64,U64,512,20,4,4,1000000000,1024,Yes,,,,,,,,
pfp_bloom_filter_add_unique_size_u64,0,NVIDIA H200,I64,U64,512,20,4,4,1000000000,2048,Yes,,,,,,,,
pfp_bloom_filter_add_unique_size_u64,0,NVIDIA H200,I64,U64,512,20,4,8,1000000000,1,Yes,,,,,,,,
pfp_bloom_filter_add_unique_size_u64,0,NVIDIA H200,I64,U64,512,20,4,8,1000000000,2,Yes,,,,,,,,
pfp_bloom_filter_add_unique_size_u64,0,NVIDIA H200,I64,U64,512,20,4,8,1000000000,4,Yes,,,,,,,,
pfp_bloom_filter_add_unique_size_u64,0,NVIDIA H200,I64,U64,512,20,4,8,1000000000,8,Yes,,,,,,,,
pfp_bloom_filter_add_unique_size_u64,0,NVIDIA H200,I64,U64,512,20,4,8,1000000000,16,Yes,,,,,,,,
pfp_bloom_filter_add_unique_size_u64,0,NVIDIA H200,I64,U64,512,20,4,8,1000000000,32,Yes,,,,,,,,
pfp_bloom_filter_add_unique_size_u64,0,NVIDIA H200,I64,U64,512,20,4,8,1000000000,64,Yes,,,,,,,,
pfp_bloom_filter_add_unique_size_u64,0,NVIDIA H200,I64,U64,512,20,4,8,1000000000,128,Yes,,,,,,,,
pfp_bloom_filter_add_unique_size_u64,0,NVIDIA H200,I64,U64,512,20,4,8,1000000000,256,Yes,,,,,,,,
pfp_bloom_filter_add_unique_size_u64,0,NVIDIA H200,I64,U64,512,20,4,8,1000000000,512,Yes,,,,,,,,
pfp_bloom_filter_add_unique_size_u64,0,NVIDIA H200,I64,U64,512,20,4,8,1000000000,1024,Yes,,,,,,,,
pfp_bloom_filter_add_unique_size_u64,0,NVIDIA H200,I64,U64,512,20,4,8,1000000000,2048,Yes,,,,,,,,
pfp_bloom_filter_add_unique_size_u64,0,NVIDIA H200,I64,U64,512,20,8,1,1000000000,1,Yes,,,,,,,,
pfp_bloom_filter_add_unique_size_u64,0,NVIDIA H200,I64,U64,512,20,8,1,1000000000,2,Yes,,,,,,,,
pfp_bloom_filter_add_unique_size_u64,0,NVIDIA H200,I64,U64,512,20,8,1,1000000000,4,Yes,,,,,,,,
pfp_bloom_filter_add_unique_size_u64,0,NVIDIA H200,I64,U64,512,20,8,1,1000000000,8,Yes,,,,,,,,
pfp_bloom_filter_add_unique_size_u64,0,NVIDIA H200,I64,U64,512,20,8,1,1000000000,16,Yes,,,,,,,,
pfp_bloom_filter_add_unique_size_u64,0,NVIDIA H200,I64,U64,512,20,8,1,1000000000,32,Yes,,,,,,,,
pfp_bloom_filter_add_unique_size_u64,0,NVIDIA H200,I64,U64,512,20,8,1,1000000000,64,Yes,,,,,,,,
pfp_bloom_filter_add_unique_size_u64,0,NVIDIA H200,I64,U64,512,20,8,1,1000000000,128,Yes,,,,,,,,
pfp_bloom_filter_add_unique_size_u64,0,NVIDIA H200,I64,U64,512,20,8,1,1000000000,256,Yes,,,,,,,,
pfp_bloom_filter_add_unique_size_u64,0,NVIDIA H200,I64,U64,512,20,8,1,1000000000,512,Yes,,,,,,,,
pfp_bloom_filter_add_unique_size_u64,0,NVIDIA H200,I64,U64,512,20,8,1,1000000000,1024,Yes,,,,,,,,
pfp_bloom_filter_add_unique_size_u64,0,NVIDIA H200,I64,U64,512,20,8,1,1000000000,2048,Yes,,,,,,,,
pfp_bloom_filter_add_unique_size_u64,0,NVIDIA H200,I64,U64,512,20,8,2,1000000000,1,Yes,,,,,,,,
pfp_bloom_filter_add_unique_size_u64,0,NVIDIA H200,I64,U64,512,20,8,2,1000000000,2,Yes,,,,,,,,
pfp_bloom_filter_add_unique_size_u64,0,NVIDIA H200,I64,U64,512,20,8,2,1000000000,4,Yes,,,,,,,,
pfp_bloom_filter_add_unique_size_u64,0,NVIDIA H200,I64,U64,512,20,8,2,1000000000,8,Yes,,,,,,,,
pfp_bloom_filter_add_unique_size_u64,0,NVIDIA H200,I64,U64,512,20,8,2,1000000000,16,Yes,,,,,,,,
pfp_bloom_filter_add_unique_size_u64,0,NVIDIA H200,I64,U64,512,20,8,2,1000000000,32,Yes,,,,,,,,
pfp_bloom_filter_add_unique_size_u64,0,NVIDIA H200,I64,U64,512,20,8,2,1000000000,64,Yes,,,,,,,,
pfp_bloom_filter_add_unique_size_u64,0,NVIDIA H200,I64,U64,512,20,8,2,1000000000,128,Yes,,,,,,,,
pfp_bloom_filter_add_unique_size_u64,0,NVIDIA H200,I64,U64,512,20,8,2,1000000000,256,Yes,,,,,,,,
pfp_bloom_filter_add_unique_size_u64,0,NVIDIA H200,I64,U64,512,20,8,2,1000000000,512,Yes,,,,,,,,
pfp_bloom_filter_add_unique_size_u64,0,NVIDIA H200,I64,U64,512,20,8,2,1000000000,1024,Yes,,,,,,,,
pfp_bloom_filter_add_unique_size_u64,0,NVIDIA H200,I64,U64,512,20,8,2,1000000000,2048,Yes,,,,,,,,
pfp_bloom_filter_add_unique_size_u64,0,NVIDIA H200,I64,U64,512,20,8,4,1000000000,1,Yes,,,,,,,,
pfp_bloom_filter_add_unique_size_u64,0,NVIDIA H200,I64,U64,512,20,8,4,1000000000,2,Yes,,,,,,,,
pfp_bloom_filter_add_unique_size_u64,0,NVIDIA H200,I64,U64,512,20,8,4,1000000000,4,Yes,,,,,,,,
pfp_bloom_filter_add_unique_size_u64,0,NVIDIA H200,I64,U64,512,20,8,4,1000000000,8,Yes,,,,,,,,
pfp_bloom_filter_add_unique_size_u64,0,NVIDIA H200,I64,U64,512,20,8,4,1000000000,16,Yes,,,,,,,,
pfp_bloom_filter_add_unique_size_u64,0,NVIDIA H200,I64,U64,512,20,8,4,1000000000,32,Yes,,,,,,,,
pfp_bloom_filter_add_unique_size_u64,0,NVIDIA H200,I64,U64,512,20,8,4,1000000000,64,Yes,,,,,,,,
pfp_bloom_filter_add_unique_size_u64,0,NVIDIA H200,I64,U64,512,20,8,4,1000000000,128,Yes,,,,,,,,
pfp_bloom_filter_add_unique_size_u64,0,NVIDIA H200,I64,U64,512,20,8,4,1000000000,256,Yes,,,,,,,,
pfp_bloom_filter_add_unique_size_u64,0,NVIDIA H200,I64,U64,512,20,8,4,1000000000,512,Yes,,,,,,,,
pfp_bloom_filter_add_unique_size_u64,0,NVIDIA H200,I64,U64,512,20,8,4,1000000000,1024,Yes,,,,,,,,
pfp_bloom_filter_add_unique_size_u64,0,NVIDIA H200,I64,U64,512,20,8,4,1000000000,2048,Yes,,,,,,,,
pfp_bloom_filter_add_unique_size_u64,0,NVIDIA H200,I64,U64,512,20,8,8,1000000000,1,Yes,,,,,,,,
pfp_bloom_filter_add_unique_size_u64,0,NVIDIA H200,I64,U64,512,20,8,8,1000000000,2,Yes,,,,,,,,
pfp_bloom_filter_add_unique_size_u64,0,NVIDIA H200,I64,U64,512,20,8,8,1000000000,4,Yes,,,,,,,,
pfp_bloom_filter_add_unique_size_u64,0,NVIDIA H200,I64,U64,512,20,8,8,1000000000,8,Yes,,,,,,,,
pfp_bloom_filter_add_unique_size_u64,0,NVIDIA H200,I64,U64,512,20,8,8,1000000000,16,Yes,,,,,,,,
pfp_bloom_filter_add_unique_size_u64,0,NVIDIA H200,I64,U64,512,20,8,8,1000000000,32,Yes,,,,,,,,
pfp_bloom_filter_add_unique_size_u64,0,NVIDIA H200,I64,U64,512,20,8,8,1000000000,64,Yes,,,,,,,,
pfp_bloom_filter_add_unique_size_u64,0,NVIDIA H200,I64,U64,512,20,8,8,1000000000,128,Yes,,,,,,,,
pfp_bloom_filter_add_unique_size_u64,0,NVIDIA H200,I64,U64,512,20,8,8,1000000000,256,Yes,,,,,,,,
pfp_bloom_filter_add_unique_size_u64,0,NVIDIA H200,I64,U64,512,20,8,8,1000000000,512,Yes,,,,,,,,
pfp_bloom_filter_add_unique_size_u64,0,NVIDIA H200,I64,U64,512,20,8,8,1000000000,1024,Yes,,,,,,,,
pfp_bloom_filter_add_unique_size_u64,0,NVIDIA H200,I64,U64,512,20,8,8,1000000000,2048,Yes,,,,,,,,
