Benchmark,Device,Device Name,Key,Word,BlockBits,PatternBitsPerWord,HorizontalLayout,VerticalLayout,NumInputs,FilterSizeMB,Skipped,Samples,CPU Time (sec),Noise,GPU Time (sec),Noise,Elem/s (elem/sec),Samples,Batch GPU (sec)
pfp_bloom_filter_add_unique_size_u32,0,NVIDIA RTX PRO 6000 Blackwell Server Edition,I64,U32,32,1,1,1,1000000000,1,No,45,0.011359638977777777,0.00011452031295043557,0.01135002172258165,0.000102669504084942,88105558248.44203,46,0.011342802628226902
pfp_bloom_filter_add_unique_size_u32,0,NVIDIA RTX PRO 6000 Blackwell Server Edition,I64,U32,32,1,1,1,1000000000,2,No,44,0.011419523795454545,0.00010074592180845486,0.011409718600186431,7.502823308370021e-05,87644580470.5175,46,0.011397698443868886
pfp_bloom_filter_add_unique_size_u32,0,NVIDIA RTX PRO 6000 Blackwell Server Edition,I64,U32,32,1,1,1,1000000000,4,No,44,0.011457666522727278,9.560181982504705e-05,0.011447425430471246,5.7861884164947387e-05,87355886795.13538,46,0.011424699866253397
pfp_bloom_filter_add_unique_size_u32,0,NVIDIA RTX PRO 6000 Blackwell Server Edition,I64,U32,32,1,1,1,1000000000,8,No,44,0.011487130181818182,9.917334437540336e-05,0.011478115038438276,7.274436134608379e-05,87122319008.92859,45,0.011437920464409723
pfp_bloom_filter_add_unique_size_u32,0,NVIDIA RTX PRO 6000 Blackwell Server Edition,I64,U32,32,1,1,1,1000000000,16,No,44,0.011509154204545456,0.00011665700629972923,0.011499817393042823,9.227474030399742e-05,86957902531.9986,45,0.011444905598958334
pfp_bloom_filter_add_unique_size_u32,0,NVIDIA RTX PRO 6000 Blackwell Server Edition,I64,U32,32,1,1,1,1000000000,32,No,44,0.011553490818181817,0.0001341865697220783,0.01154349602352489,9.867832189599607e-05,86628868582.10591,45,0.011449366590711805
pfp_bloom_filter_add_unique_size_u32,0,NVIDIA RTX PRO 6000 Blackwell Server Edition,I64,U32,32,1,1,1,1000000000,64,No,24,0.02090132841666667,0.00017542910663909895,0.020890694777170815,0.00015825515965888658,47868202119.00238,25,0.020591289062499997
pfp_bloom_filter_add_unique_size_u32,0,NVIDIA RTX PRO 6000 Blackwell Server Edition,I64,U32,32,1,1,1,1000000000,128,No,11,0.08398582072727273,0.00012788836504726075,0.08397414675625889,0.00012194630706845247,11908427041.272276,12,0.08385757764180501
pfp_bloom_filter_add_unique_size_u32,0,NVIDIA RTX PRO 6000 Blackwell Server Edition,I64,U32,32,1,1,1,1000000000,256,No,11,0.1382468963636364,0.00019977991805638425,0.13823489518599075,0.0001994959666248279,7234063429.892511,12,0.1381934903462728
pfp_bloom_filter_add_unique_size_u32,0,NVIDIA RTX PRO 6000 Blackwell Server Edition,I64,U32,32,1,1,1,1000000000,512,No,11,0.15732363281818185,0.0001757983638697629,0.1573138025457209,0.00017501660255770613,6356721303.646354,12,0.15729058329264323
pfp_bloom_filter_add_unique_size_u32,0,NVIDIA RTX PRO 6000 Blackwell Server Edition,I64,U32,32,1,1,1,1000000000,1024,No,11,0.16536616654545455,0.00016280944531074697,0.16535468222878197,0.000163427747179555,6047606191.256301,12,0.16533324813842773
pfp_bloom_filter_add_unique_size_u32,0,NVIDIA RTX PRO 6000 Blackwell Server Edition,I64,U32,32,1,1,1,1000000000,2048,No,11,0.16891118663636365,0.00011799224190372336,0.16889913940429688,0.00011709813760355966,5920693281.960912,12,0.1688958320617676
pfp_bloom_filter_add_unique_size_u32,0,NVIDIA RTX PRO 6000 Blackwell Server Edition,I64,U32,32,1,1,2,1000000000,1,Yes,,,,,,,,
pfp_bloom_filter_add_unique_size_u32,0,NVIDIA RTX PRO 6000 Blackwell Server Edition,I64,U32,32,1,1,2,1000000000,2,Yes,,,,,,,,
pfp_bloom_filter_add_unique_size_u32,0,NVIDIA RTX PRO 6000 Blackwell Server Edition,I64,U32,32,1,1,2,1000000000,4,Yes,,,,,,,,
pfp_bloom_filter_add_unique_size_u32,0,NVIDIA RTX PRO 6000 Blackwell Server Edition,I64,U32,32,1,1,2,1000000000,8,Yes,,,,,,,,
pfp_bloom_filter_add_unique_size_u32,0,NVIDIA RTX PRO 6000 Blackwell Server Edition,I64,U32,32,1,1,2,1000000000,16,Yes,,,,,,,,
pfp_bloom_filter_add_unique_size_u32,0,NVIDIA RTX PRO 6000 Blackwell Server Edition,I64,U32,32,1,1,2,1000000000,32,Yes,,,,,,,,
pfp_bloom_filter_add_unique_size_u32,0,NVIDIA RTX PRO 6000 Blackwell Server Edition,I64,U32,32,1,1,2,1000000000,64,Yes,,,,,,,,
pfp_bloom_filter_add_unique_size_u32,0,NVIDIA RTX PRO 6000 Blackwell Server Edition,I64,U32,32,1,1,2,1000000000,128,Yes,,,,,,,,
pfp_bloom_filter_add_unique_size_u32,0,NVIDIA RTX PRO 6000 Blackwell Server Edition,I64,U32,32,1,1,2,1000000000,256,Yes,,,,,,,,
pfp_bloom_filter_add_unique_size_u32,0,NVIDIA RTX PRO 6000 Blackwell Server Edition,I64,U32,32,1,1,2,1000000000,512,Yes,,,,,,,,
pfp_bloom_filter_add_unique_size_u32,0,NVIDIA RTX PRO 6000 Blackwell Server Edition,I64,U32,32,1,1,2,1000000000,1024,Yes,,,,,,,,
pfp_bloom_filter_add_unique_size_u32,0,NVIDIA RTX PRO 6000 Blackwell Server Edition,I64,U32,32,1,1,2,1000000000,2048,Yes,,,,,,,,
pfp_bloom_filter_add_unique_size_u32,0,NVIDIA RTX PRO 6000 Blackwell Server Edition,I64,U32,32,1,1,4,1000000000,1,Yes,,,,,,,,
pfp_bloom_filter_add_unique_size_u32,0,NVIDIA RTX PRO 6000 Blackwell Server Edition,I64,U32,32,1,1,4,1000000000,2,Yes,,,,,,,,
pfp_bloom_filter_add_unique_size_u32,0,NVIDIA RTX PRO 6000 Blackwell Server Edition,I64,U32,32,1,1,4,1000000000,4,Yes,,,,,,,,
pfp_bloom_filter_add_unique_size_u32,0,NVIDIA RTX PRO 6000 Blackwell Server Edition,I64,U32,32,1,1,4,1000000000,8,Yes,,,,,,,,
pfp_bloom_filter_add_unique_size_u32,0,NVIDIA RTX PRO 6000 Blackwell Server Edition,I64,U32,32,1,1,4,1000000000,16,Yes,,,,,,,,
pfp_bloom_filter_add_unique_size_u32,0,NVIDIA RTX PRO 6000 Blackwell Server Edition,I64,U32,32,1,1,4,1000000000,32,Yes,,,,,,,,
pfp_bloom_filter_add_unique_size_u32,0,NVIDIA RTX PRO 6000 Blackwell Server Edition,I64,U32,32,1,1,4,1000000000,64,Yes,,,,,,,,
pfp_bloom_filter_add_unique_size_u32,0,NVIDIA RTX PRO 6000 Blackwell Server Edition,I64,U32,32,1,1,4,1000000000,128,Yes,,,,,,,,
pfp_bloom_filter_add_unique_size_u32,0,NVIDIA RTX PRO 6000 Blackwell Server Edition,I64,U32,32,1,1,4,1000000000,256,Yes,,,,,,,,
pfp_bloom_filter_add_unique_size_u32,0,NVIDIA RTX PRO 6000 Blackwell Server Edition,I64,U32,32,1,1,4,1000000000,512,Yes,,,,,,,,
pfp_bloom_filter_add_unique_size_u32,0,NVIDIA RTX PRO 6000 Blackwell Server Edition,I64,U32,32,1,1,4,1000000000,1024,Yes,,,,,,,,
pfp_bloom_filter_add_unique_size_u32,0,NVIDIA RTX PRO 6000 Blackwell Server Edition,I64,U32,32,1,1,4,1000000000,2048,Yes,,,,,,,,
pfp_bloom_filter_add_unique_size_u32,0,NVIDIA RTX PRO 6000 Blackwell Server Edition,I64,U32,32,1,1,8,1000000000,1,Yes,,,,,,,,
pfp_bloom_filter_add_unique_size_u32,0,NVIDIA RTX PRO 6000 Blackwell Server Edition,I64,U32,32,1,1,8,1000000000,2,Yes,,,,,,,,
pfp_bloom_filter_add_unique_size_u32,0,NVIDIA RTX PRO 6000 Blackwell Server Edition,I64,U32,32,1,1,8,1000000000,4,Yes,,,,,,,,
pfp_bloom_filter_add_unique_size_u32,0,NVIDIA RTX PRO 6000 Blackwell Server Edition,I64,U32,32,1,1,8,1000000000,8,Yes,,,,,,,,
pfp_bloom_filter_add_unique_size_u32,0,NVIDIA RTX PRO 6000 Blackwell Server Edition,I64,U32,32,1,1,8,1000000000,16,Yes,,,,,,,,
pfp_bloom_filter_add_unique_size_u32,0,NVIDIA RTX PRO 6000 Blackwell Server Edition,I64,U32,32,1,1,8,1000000000,32,Yes,,,,,,,,
pfp_bloom_filter_add_unique_size_u32,0,NVIDIA RTX PRO 6000 Blackwell Server Edition,I64,U32,32,1,1,8,1000000000,64,Yes,,,,,,,,
pfp_bloom_filter_add_unique_size_u32,0,NVIDIA RTX PRO 6000 Blackwell Server Edition,I64,U32,32,1,1,8,1000000000,128,Yes,,,,,,,,
pfp_bloom_filter_add_unique_size_u32,0,NVIDIA RTX PRO 6000 Blackwell Server Edition,I64,U32,32,1,1,8,1000000000,256,Yes,,,,,,,,
pfp_bloom_filter_add_unique_size_u32,0,NVIDIA RTX PRO 6000 Blackwell Server Edition,I64,U32,32,1,1,8,1000000000,512,Yes,,,,,,,,
pfp_bloom_filter_add_unique_size_u32,0,NVIDIA RTX PRO 6000 Blackwell Server Edition,I64,U32,32,1,1,8,1000000000,1024,Yes,,,,,,,,
pfp_bloom_filter_add_unique_size_u32,0,NVIDIA RTX PRO 6000 Blackwell Server Edition,I64,U32,32,1,1,8,1000000000,2048,Yes,,,,,,,,
pfp_bloom_filter_add_unique_size_u32,0,NVIDIA RTX PRO 6000 Blackwell Server Edition,I64,U32,32,1,2,1,1000000000,1,Yes,,,,,,,,
pfp_bloom_filter_add_unique_size_u32,0,NVIDIA RTX PRO 6000 Blackwell Server Edition,I64,U32,32,1,2,1,1000000000,2,Yes,,,,,,,,
pfp_bloom_filter_add_unique_size_u32,0,NVIDIA RTX PRO 6000 Blackwell Server Edition,I64,U32,32,1,2,1,1000000000,4,Yes,,,,,,,,
pfp_bloom_filter_add_unique_size_u32,0,NVIDIA RTX PRO 6000 Blackwell Server Edition,I64,U32,32,1,2,1,1000000000,8,Yes,,,,,,,,
pfp_bloom_filter_add_unique_size_u32,0,NVIDIA RTX PRO 6000 Blackwell Server Edition,I64,U32,32,1,2,1,1000000000,16,Yes,,,,,,,,
pfp_bloom_filter_add_unique_size_u32,0,NVIDIA RTX PRO 6000 Blackwell Server Edition,I64,U32,32,1,2,1,1000000000,32,Yes,,,,,,,,
pfp_bloom_filter_add_unique_size_u32,0,NVIDIA RTX PRO 6000 Blackwell Server Edition,I64,U32,32,1,2,1,1000000000,64,Yes,,,,,,,,
pfp_bloom_filter_add_unique_size_u32,0,NVIDIA RTX PRO 6000 Blackwell Server Edition,I64,U32,32,1,2,1,1000000000,128,Yes,,,,,,,,
pfp_bloom_filter_add_unique_size_u32,0,NVIDIA RTX PRO 6000 Blackwell Server Edition,I64,U32,32,1,2,1,1000000000,256,Yes,,,,,,,,
pfp_bloom_filter_add_unique_size_u32,0,NVIDIA RTX PRO 6000 Blackwell Server Edition,I64,U32,32,1,2,1,1000000000,512,Yes,,,,,,,,
pfp_bloom_filter_add_unique_size_u32,0,NVIDIA RTX PRO 6000 Blackwell Server Edition,I64,U32,32,1,2,1,1000000000,1024,Yes,,,,,,,,
pfp_bloom_filter_add_unique_size_u32,0,NVIDIA RTX PRO 6000 Blackwell Server Edition,I64,U32,32,1,2,1,1000000000,2048,Yes,,,,,,,,
pfp_bloom_filter_add_unique_size_u32,0,NVIDIA RTX PRO 6000 Blackwell Server Edition,I64,U32,32,1,2,2,1000000000,1,Yes,,,,,,,,
pfp_bloom_filter_add_unique_size_u32,0,NVIDIA RTX PRO 6000 Blackwell Server Edition,I64,U32,32,1,2,2,1000000000,2,Yes,,,,,,,,
pfp_bloom_filter_add_unique_size_u32,0,NVIDIA RTX PRO 6000 Blackwell Server Edition,I64,U32,32,1,2,2,1000000000,4,Yes,,,,,,,,
pfp_bloom_filter_add_unique_size_u32,0,NVIDIA RTX PRO 6000 Blackwell Server Edition,I64,U32,32,1,2,2,1000000000,8,Yes,,,,,,,,
pfp_bloom_filter_add_unique_size_u32,0,NVIDIA RTX PRO 6000 Blackwell Server Edition,I64,U32,32,1,2,2,1000000000,16,Yes,,,,,,,,
pfp_bloom_filter_add_unique_size_u32,0,NVIDIA RTX PRO 6000 Blackwell Server Edition,I64,U32,32,1,2,2,1000000000,32,Yes,,,,,,,,
pfp_bloom_filter_add_unique_size_u32,0,NVIDIA RTX PRO 6000 Blackwell Server Edition,I64,U32,32,1,2,2,1000000000,64,Yes,,,,,,,,
pfp_bloom_filter_add_unique_size_u32,0,NVIDIA RTX PRO 6000 Blackwell Server Edition,I64,U32,32,1,2,2,1000000000,128,Yes,,,,,,,,
pfp_bloom_filter_add_unique_size_u32,0,NVIDIA RTX PRO 6000 Blackwell Server Edition,I64,U32,32,1,2,2,1000000000,256,Yes,,,,,,,,
pfp_bloom_filter_add_unique_size_u32,0,NVIDIA RTX PRO 6000 Blackwell Server Edition,I64,U32,32,1,2,2,1000000000,512,Yes,,,,,,,,
pfp_bloom_filter_add_unique_size_u32,0,NVIDIA RTX PRO 6000 Blackwell Server Edition,I64,U32,32,1,2,2,1000000000,1024,Yes,,,,,,,,
pfp_bloom_filter_add_unique_size_u32,0,NVIDIA RTX PRO 6000 Blackwell Server Edition,I64,U32,32,1,2,2,1000000000,2048,Yes,,,,,,,,
pfp_bloom_filter_add_unique_size_u32,0,NVIDIA RTX PRO 6000 Blackwell Server Edition,I64,U32,32,1,2,4,1000000000,1,Yes,,,,,,,,
pfp_bloom_filter_add_unique_size_u32,0,NVIDIA RTX PRO 6000 Blackwell Server Edition,I64,U32,32,1,2,4,1000000000,2,Yes,,,,,,,,
pfp_bloom_filter_add_unique_size_u32,0,NVIDIA RTX PRO 6000 Blackwell Server Edition,I64,U32,32,1,2,4,1000000000,4,Yes,,,,,,,,
pfp_bloom_filter_add_unique_size_u32,0,NVIDIA RTX PRO 6000 Blackwell Server Edition,I64,U32,32,1,2,4,1000000000,8,Yes,,,,,,,,
pfp_bloom_filter_add_unique_size_u32,0,NVIDIA RTX PRO 6000 Blackwell Server Edition,I64,U32,32,1,2,4,1000000000,16,Yes,,,,,,,,
pfp_bloom_filter_add_unique_size_u32,0,NVIDIA RTX PRO 6000 Blackwell Server Edition,I64,U32,32,1,2,4,1000000000,32,Yes,,,,,,,,
pfp_bloom_filter_add_unique_size_u32,0,NVIDIA RTX PRO 6000 Blackwell Server Edition,I64,U32,32,1,2,4,1000000000,64,Yes,,,,,,,,
pfp_bloom_filter_add_unique_size_u32,0,NVIDIA RTX PRO 6000 Blackwell Server Edition,I64,U32,32,1,2,4,1000000000,128,Yes,,,,,,,,
pfp_bloom_filter_add_unique_size_u32,0,NVIDIA RTX PRO 6000 Blackwell Server Edition,I64,U32,32,1,2,4,1000000000,256,Yes,,,,,,,,
pfp_bloom_filter_add_unique_size_u32,0,NVIDIA RTX PRO 6000 Blackwell Server Edition,I64,U32,32,1,2,4,1000000000,512,Yes,,,,,,,,
pfp_bloom_filter_add_unique_size_u32,0,NVIDIA RTX PRO 6000 Blackwell Server Edition,I64,U32,32,1,2,4,1000000000,1024,Yes,,,,,,,,
pfp_bloom_filter_add_unique_size_u32,0,NVIDIA RTX PRO 6000 Blackwell Server Edition,I64,U32,32,1,2,4,1000000000,2048,Yes,,,,,,,,
pfp_bloom_filter_add_unique_size_u32,0,NVIDIA RTX PRO 6000 Blackwell Server Edition,I64,U32,32,1,2,8,1000000000,1,Yes,,,,,,,,
pfp_bloom_filter_add_unique_size_u32,0,NVIDIA RTX PRO 6000 Blackwell Server Edition,I64,U32,32,1,2,8,1000000000,2,Yes,,,,,,,,
pfp_bloom_filter_add_unique_size_u32,0,NVIDIA RTX PRO 6000 Blackwell Server Edition,I64,U32,32,1,2,8,1000000000,4,Yes,,,,,,,,
pfp_bloom_filter_add_unique_size_u32,0,NVIDIA RTX PRO 6000 Blackwell Server Edition,I64,U32,32,1,2,8,1000000000,8,Yes,,,,,,,,
pfp_bloom_filter_add_unique_size_u32,0,NVIDIA RTX PRO 6000 Blackwell Server Edition,I64,U32,32,1,2,8,1000000000,16,Yes,,,,,,,,
pfp_bloom_filter_add_unique_size_u32,0,NVIDIA RTX PRO 6000 Blackwell Server Edition,I64,U32,32,1,2,8,1000000000,32,Yes,,,,,,,,
pfp_bloom_filter_add_unique_size_u32,0,NVIDIA RTX PRO 6000 Blackwell Server Edition,I64,U32,32,1,2,8,1000000000,64,Yes,,,,,,,,
pfp_bloom_filter_add_unique_size_u32,0,NVIDIA RTX PRO 6000 Blackwell Server Edition,I64,U32,32,1,2,8,1000000000,128,Yes,,,,,,,,
pfp_bloom_filter_add_unique_size_u32,0,NVIDIA RTX PRO 6000 Blackwell Server Edition,I64,U32,32,1,2,8,1000000000,256,Yes,,,,,,,,
pfp_bloom_filter_add_unique_size_u32,0,NVIDIA RTX PRO 6000 Blackwell Server Edition,I64,U32,32,1,2,8,1000000000,512,Yes,,,,,,,,
pfp_bloom_filter_add_unique_size_u32,0,NVIDIA RTX PRO 6000 Blackwell Server Edition,I64,U32,32,1,2,8,1000000000,1024,Yes,,,,,,,,
pfp_bloom_filter_add_unique_size_u32,0,NVIDIA RTX PRO 6000 Blackwell Server Edition,I64,U32,32,1,2,8,1000000000,2048,Yes,,,,,,,,
pfp_bloom_filter_add_unique_size_u32,0,NVIDIA RTX PRO 6000 Blackwell Server Edition,I64,U32,32,1,4,1,1000000000,1,Yes,,,,,,,,
pfp_bloom_filter_add_unique_size_u32,0,NVIDIA RTX PRO 6000 Blackwell Server Edition,I64,U32,32,1,4,1,1000000000,2,Yes,,,,,,,,
pfp_bloom_filter_add_unique_size_u32,0,NVIDIA RTX PRO 6000 Blackwell Server Edition,I64,U32,32,1,4,1,1000000000,4,Yes,,,,,,,,
pfp_bloom_filter_add_unique_size_u32,0,NVIDIA RTX PRO 6000 Blackwell Server Edition,I64,U32,32,1,4,1,1000000000,8,Yes,,,,,,,,
pfp_bloom_filter_add_unique_size_u32,0,NVIDIA RTX PRO 6000 Blackwell Server Edition,I64,U32,32,1,4,1,1000000000,16,Yes,,,,,,,,
pfp_bloom_filter_add_unique_size_u32,0,NVIDIA RTX PRO 6000 Blackwell Server Edition,I64,U32,32,1,4,1,1000000000,32,Yes,,,,,,,,
pfp_bloom_filter_add_unique_size_u32,0,NVIDIA RTX PRO 6000 Blackwell Server Edition,I64,U32,32,1,4,1,1000000000,64,Yes,,,,,,,,
pfp_bloom_filter_add_unique_size_u32,0,NVIDIA RTX PRO 6000 Blackwell Server Edition,I64,U32,32,1,4,1,1000000000,128,Yes,,,,,,,,
pfp_bloom_filter_add_unique_size_u32,0,NVIDIA RTX PRO 6000 Blackwell Server Edition,I64,U32,32,1,4,1,1000000000,256,Yes,,,,,,,,
pfp_bloom_filter_add_unique_size_u32,0,NVIDIA RTX PRO 6000 Blackwell Server Edition,I64,U32,32,1,4,1,1000000000,512,Yes,,,,,,,,
pfp_bloom_filter_add_unique_size_u32,0,NVIDIA RTX PRO 6000 Blackwell Server Edition,I64,U32,32,1,4,1,1000000000,1024,Yes,,,,,,,,
pfp_bloom_filter_add_unique_size_u32,0,NVIDIA RTX PRO 6000 Blackwell Server Edition,I64,U32,32,1,4,1,1000000000,2048,Yes,,,,,,,,
pfp_bloom_filter_add_unique_size_u32,0,NVIDIA RTX PRO 6000 Blackwell Server Edition,I64,U32,32,1,4,2,1000000000,1,Yes,,,,,,,,
pfp_bloom_filter_add_unique_size_u32,0,NVIDIA RTX PRO 6000 Blackwell Server Edition,I64,U32,32,1,4,2,1000000000,2,Yes,,,,,,,,
pfp_bloom_filter_add_unique_size_u32,0,NVIDIA RTX PRO 6000 Blackwell Server Edition,I64,U32,32,1,4,2,1000000000,4,Yes,,,,,,,,
pfp_bloom_filter_add_unique_size_u32,0,NVIDIA RTX PRO 6000 Blackwell Server Edition,I64,U32,32,1,4,2,1000000000,8,Yes,,,,,,,,
pfp_bloom_filter_add_unique_size_u32,0,NVIDIA RTX PRO 6000 Blackwell Server Edition,I64,U32,32,1,4,2,1000000000,16,Yes,,,,,,,,
pfp_bloom_filter_add_unique_size_u32,0,NVIDIA RTX PRO 6000 Blackwell Server Edition,I64,U32,32,1,4,2,1000000000,32,Yes,,,,,,,,
pfp_bloom_filter_add_unique_size_u32,0,NVIDIA RTX PRO 6000 Blackwell Server Edition,I64,U32,32,1,4,2,1000000000,64,Yes,,,,,,,,
pfp_bloom_filter_add_unique_size_u32,0,NVIDIA RTX PRO 6000 Blackwell Server Edition,I64,U32,32,1,4,2,1000000000,128,Yes,,,,,,,,
pfp_bloom_filter_add_unique_size_u32,0,NVIDIA RTX PRO 6000 Blackwell Server Edition,I64,U32,32,1,4,2,1000000000,256,Yes,,,,,,,,
pfp_bloom_filter_add_unique_size_u32,0,NVIDIA RTX PRO 6000 Blackwell Server Edition,I64,U32,32,1,4,2,1000000000,512,Yes,,,,,,,,
pfp_bloom_filter_add_unique_size_u32,0,NVIDIA RTX PRO 6000 Blackwell Server Edition,I64,U32,32,1,4,2,1000000000,1024,Yes,,,,,,,,
pfp_bloom_filter_add_unique_size_u32,0,NVIDIA RTX PRO 6000 Blackwell Server Edition,I64,U32,32,1,4,2,1000000000,2048,Yes,,,,,,,,
pfp_bloom_filter_add_unique_size_u32,0,NVIDIA RTX PRO 6000 Blackwell Server Edition,I64,U32,32,1,4,4,1000000000,1,Yes,,,,,,,,
pfp_bloom_filter_add_unique_size_u32,0,NVIDIA RTX PRO 6000 Blackwell Server Edition,I64,U32,32,1,4,4,1000000000,2,Yes,,,,,,,,
pfp_bloom_filter_add_unique_size_u32,0,NVIDIA RTX PRO 6000 Blackwell Server Edition,I64,U32,32,1,4,4,1000000000,4,Yes,,,,,,,,
pfp_bloom_filter_add_unique_size_u32,0,NVIDIA RTX PRO 6000 Blackwell Server Edition,I64,U32,32,1,4,4,1000000000,8,Yes,,,,,,,,
pfp_bloom_filter_add_unique_size_u32,0,NVIDIA RTX PRO 6000 Blackwell Server Edition,I64,U32,32,1,4,4,1000000000,16,Yes,,,,,,,,
pfp_bloom_filter_add_unique_size_u32,0,NVIDIA RTX PRO 6000 Blackwell Server Edition,I64,U32,32,1,4,4,1000000000,32,Yes,,,,,,,,
pfp_bloom_filter_add_unique_size_u32,0,NVIDIA RTX PRO 6000 Blackwell Server Edition,I64,U32,32,1,4,4,1000000000,64,Yes,,,,,,,,
pfp_bloom_filter_add_unique_size_u32,0,NVIDIA RTX PRO 6000 Blackwell Server Edition,I64,U32,32,1,4,4,1000000000,128,Yes,,,,,,,,
pfp_bloom_filter_add_unique_size_u32,0,NVIDIA RTX PRO 6000 Blackwell Server Edition,I64,U32,32,1,4,4,1000000000,256,Yes,,,,,,,,
pfp_bloom_filter_add_unique_size_u32,0,NVIDIA RTX PRO 6000 Blackwell Server Edition,I64,U32,32,1,4,4,1000000000,512,Yes,,,,,,,,
pfp_bloom_filter_add_unique_size_u32,0,NVIDIA RTX PRO 6000 Blackwell Server Edition,I64,U32,32,1,4,4,1000000000,1024,Yes,,,,,,,,
pfp_bloom_filter_add_unique_size_u32,0,NVIDIA RTX PRO 6000 Blackwell Server Edition,I64,U32,32,1,4,4,1000000000,2048,Yes,,,,,,,,
pfp_bloom_filter_add_unique_size_u32,0,NVIDIA RTX PRO 6000 Blackwell Server Edition,I64,U32,32,1,4,8,1000000000,1,Yes,,,,,,,,
pfp_bloom_filter_add_unique_size_u32,0,NVIDIA RTX PRO 6000 Blackwell Server Edition,I64,U32,32,1,4,8,1000000000,2,Yes,,,,,,,,
pfp_bloom_filter_add_unique_size_u32,0,NVIDIA RTX PRO 6000 Blackwell Server Edition,I64,U32,32,1,4,8,1000000000,4,Yes,,,,,,,,
pfp_bloom_filter_add_unique_size_u32,0,NVIDIA RTX PRO 6000 Blackwell Server Edition,I64,U32,32,1,4,8,1000000000,8,Yes,,,,,,,,
pfp_bloom_filter_add_unique_size_u32,0,NVIDIA RTX PRO 6000 Blackwell Server Edition,I64,U32,32,1,4,8,1000000000,16,Yes,,,,,,,,
pfp_bloom_filter_add_unique_size_u32,0,NVIDIA RTX PRO 6000 Blackwell Server Edition,I64,U32,32,1,4,8,1000000000,32,Yes,,,,,,,,
pfp_bloom_filter_add_unique_size_u32,0,NVIDIA RTX PRO 6000 Blackwell Server Edition,I64,U32,32,1,4,8,1000000000,64,Yes,,,,,,,,
pfp_bloom_filter_add_unique_size_u32,0,NVIDIA RTX PRO 6000 Blackwell Server Edition,I64,U32,32,1,4,8,1000000000,128,Yes,,,,,,,,
pfp_bloom_filter_add_unique_size_u32,0,NVIDIA RTX PRO 6000 Blackwell Server Edition,I64,U32,32,1,4,8,1000000000,256,Yes,,,,,,,,
pfp_bloom_filter_add_unique_size_u32,0,NVIDIA RTX PRO 6000 Blackwell Server Edition,I64,U32,32,1,4,8,1000000000,512,Yes,,,,,,,,
pfp_bloom_filter_add_unique_size_u32,0,NVIDIA RTX PRO 6000 Blackwell Server Edition,I64,U32,32,1,4,8,1000000000,1024,Yes,,,,,,,,
pfp_bloom_filter_add_unique_size_u32,0,NVIDIA RTX PRO 6000 Blackwell Server Edition,I64,U32,32,1,4,8,1000000000,2048,Yes,,,,,,,,
pfp_bloom_filter_add_unique_size_u32,0,NVIDIA RTX PRO 6000 Blackwell Server Edition,I64,U32,32,1,8,1,1000000000,1,Yes,,,,,,,,
pfp_bloom_filter_add_unique_size_u32,0,NVIDIA RTX PRO 6000 Blackwell Server Edition,I64,U32,32,1,8,1,1000000000,2,Yes,,,,,,,,
pfp_bloom_filter_add_unique_size_u32,0,NVIDIA RTX PRO 6000 Blackwell Server Edition,I64,U32,32,1,8,1,1000000000,4,Yes,,,,,,,,
pfp_bloom_filter_add_unique_size_u32,0,NVIDIA RTX PRO 6000 Blackwell Server Edition,I64,U32,32,1,8,1,1000000000,8,Yes,,,,,,,,
pfp_bloom_filter_add_unique_size_u32,0,NVIDIA RTX PRO 6000 Blackwell Server Edition,I64,U32,32,1,8,1,1000000000,16,Yes,,,,,,,,
pfp_bloom_filter_add_unique_size_u32,0,NVIDIA RTX PRO 6000 Blackwell Server Edition,I64,U32,32,1,8,1,1000000000,32,Yes,,,,,,,,
pfp_bloom_filter_add_unique_size_u32,0,NVIDIA RTX PRO 6000 Blackwell Server Edition,I64,U32,32,1,8,1,1000000000,64,Yes,,,,,,,,
pfp_bloom_filter_add_unique_size_u32,0,NVIDIA RTX PRO 6000 Blackwell Server Edition,I64,U32,32,1,8,1,1000000000,128,Yes,,,,,,,,
pfp_bloom_filter_add_unique_size_u32,0,NVIDIA RTX PRO 6000 Blackwell Server Edition,I64,U32,32,1,8,1,1000000000,256,Yes,,,,,,,,
pfp_bloom_filter_add_unique_size_u32,0,NVIDIA RTX PRO 6000 Blackwell Server Edition,I64,U32,32,1,8,1,1000000000,512,Yes,,,,,,,,
pfp_bloom_filter_add_unique_size_u32,0,NVIDIA RTX PRO 6000 Blackwell Server Edition,I64,U32,32,1,8,1,1000000000,1024,Yes,,,,,,,,
pfp_bloom_filter_add_unique_size_u32,0,NVIDIA RTX PRO 6000 Blackwell Server Edition,I64,U32,32,1,8,1,1000000000,2048,Yes,,,,,,,,
pfp_bloom_filter_add_unique_size_u32,0,NVIDIA RTX PRO 6000 Blackwell Server Edition,I64,U32,32,1,8,2,1000000000,1,Yes,,,,,,,,
pfp_bloom_filter_add_unique_size_u32,0,NVIDIA RTX PRO 6000 Blackwell Server Edition,I64,U32,32,1,8,2,1000000000,2,Yes,,,,,,,,
pfp_bloom_filter_add_unique_size_u32,0,NVIDIA RTX PRO 6000 Blackwell Server Edition,I64,U32,32,1,8,2,1000000000,4,Yes,,,,,,,,
pfp_bloom_filter_add_unique_size_u32,0,NVIDIA RTX PRO 6000 Blackwell Server Edition,I64,U32,32,1,8,2,1000000000,8,Yes,,,,,,,,
pfp_bloom_filter_add_unique_size_u32,0,NVIDIA RTX PRO 6000 Blackwell Server Edition,I64,U32,32,1,8,2,1000000000,16,Yes,,,,,,,,
pfp_bloom_filter_add_unique_size_u32,0,NVIDIA RTX PRO 6000 Blackwell Server Edition,I64,U32,32,1,8,2,1000000000,32,Yes,,,,,,,,
pfp_bloom_filter_add_unique_size_u32,0,NVIDIA RTX PRO 6000 Blackwell Server Edition,I64,U32,32,1,8,2,1000000000,64,Yes,,,,,,,,
pfp_bloom_filter_add_unique_size_u32,0,NVIDIA RTX PRO 6000 Blackwell Server Edition,I64,U32,32,1,8,2,1000000000,128,Yes,,,,,,,,
pfp_bloom_filter_add_unique_size_u32,0,NVIDIA RTX PRO 6000 Blackwell Server Edition,I64,U32,32,1,8,2,1000000000,256,Yes,,,,,,,,
pfp_bloom_filter_add_unique_size_u32,0,NVIDIA RTX PRO 6000 Blackwell Server Edition,I64,U32,32,1,8,2,1000000000,512,Yes,,,,,,,,
pfp_bloom_filter_add_unique_size_u32,0,NVIDIA RTX PRO 6000 Blackwell Server Edition,I64,U32,32,1,8,2,1000000000,1024,Yes,,,,,,,,
pfp_bloom_filter_add_unique_size_u32,0,NVIDIA RTX PRO 6000 Blackwell Server Edition,I64,U32,32,1,8,2,1000000000,2048,Yes,,,,,,,,
pfp_bloom_filter_add_unique_size_u32,0,NVIDIA RTX PRO 6000 Blackwell Server Edition,I64,U32,32,1,8,4,1000000000,1,Yes,,,,,,,,
pfp_bloom_filter_add_unique_size_u32,0,NVIDIA RTX PRO 6000 Blackwell Server Edition,I64,U32,32,1,8,4,1000000000,2,Yes,,,,,,,,
pfp_bloom_filter_add_unique_size_u32,0,NVIDIA RTX PRO 6000 Blackwell Server Edition,I64,U32,32,1,8,4,1000000000,4,Yes,,,,,,,,
pfp_bloom_filter_add_unique_size_u32,0,NVIDIA RTX PRO 6000 Blackwell Server Edition,I64,U32,32,1,8,4,1000000000,8,Yes,,,,,,,,
pfp_bloom_filter_add_unique_size_u32,0,NVIDIA RTX PRO 6000 Blackwell Server Edition,I64,U32,32,1,8,4,1000000000,16,Yes,,,,,,,,
pfp_bloom_filter_add_unique_size_u32,0,NVIDIA RTX PRO 6000 Blackwell Server Edition,I64,U32,32,1,8,4,1000000000,32,Yes,,,,,,,,
pfp_bloom_filter_add_unique_size_u32,0,NVIDIA RTX PRO 6000 Blackwell Server Edition,I64,U32,32,1,8,4,1000000000,64,Yes,,,,,,,,
pfp_bloom_filter_add_unique_size_u32,0,NVIDIA RTX PRO 6000 Blackwell Server Edition,I64,U32,32,1,8,4,1000000000,128,Yes,,,,,,,,
pfp_bloom_filter_add_unique_size_u32,0,NVIDIA RTX PRO 6000 Blackwell Server Edition,I64,U32,32,1,8,4,1000000000,256,Yes,,,,,,,,
pfp_bloom_filter_add_unique_size_u32,0,NVIDIA RTX PRO 6000 Blackwell Server Edition,I64,U32,32,1,8,4,1000000000,512,Yes,,,,,,,,
pfp_bloom_filter_add_unique_size_u32,0,NVIDIA RTX PRO 6000 Blackwell Server Edition,I64,U32,32,1,8,4,1000000000,1024,Yes,,,,,,,,
pfp_bloom_filter_add_unique_size_u32,0,NVIDIA RTX PRO 6000 Blackwell Server Edition,I64,U32,32,1,8,4,1000000000,2048,Yes,,,,,,,,
pfp_bloom_filter_add_unique_size_u32,0,NVIDIA RTX PRO 6000 Blackwell Server Edition,I64,U32,32,1,8,8,1000000000,1,Yes,,,,,,,,
pfp_bloom_filter_add_unique_size_u32,0,NVIDIA RTX PRO 6000 Blackwell Server Edition,I64,U32,32,1,8,8,1000000000,2,Yes,,,,,,,,
pfp_bloom_filter_add_unique_size_u32,0,NVIDIA RTX PRO 6000 Blackwell Server Edition,I64,U32,32,1,8,8,1000000000,4,Yes,,,,,,,,
pfp_bloom_filter_add_unique_size_u32,0,NVIDIA RTX PRO 6000 Blackwell Server Edition,I64,U32,32,1,8,8,1000000000,8,Yes,,,,,,,,
pfp_bloom_filter_add_unique_size_u32,0,NVIDIA RTX PRO 6000 Blackwell Server Edition,I64,U32,32,1,8,8,1000000000,16,Yes,,,,,,,,
pfp_bloom_filter_add_unique_size_u32,0,NVIDIA RTX PRO 6000 Blackwell Server Edition,I64,U32,32,1,8,8,1000000000,32,Yes,,,,,,,,
pfp_bloom_filter_add_unique_size_u32,0,NVIDIA RTX PRO 6000 Blackwell Server Edition,I64,U32,32,1,8,8,1000000000,64,Yes,,,,,,,,
pfp_bloom_filter_add_unique_size_u32,0,NVIDIA RTX PRO 6000 Blackwell Server Edition,I64,U32,32,1,8,8,1000000000,128,Yes,,,,,,,,
pfp_bloom_filter_add_unique_size_u32,0,NVIDIA RTX PRO 6000 Blackwell Server Edition,I64,U32,32,1,8,8,1000000000,256,Yes,,,,,,,,
pfp_bloom_filter_add_unique_size_u32,0,NVIDIA RTX PRO 6000 Blackwell Server Edition,I64,U32,32,1,8,8,1000000000,512,Yes,,,,,,,,
pfp_bloom_filter_add_unique_size_u32,0,NVIDIA RTX PRO 6000 Blackwell Server Edition,I64,U32,32,1,8,8,1000000000,1024,Yes,,,,,,,,
pfp_bloom_filter_add_unique_size_u32,0,NVIDIA RTX PRO 6000 Blackwell Server Edition,I64,U32,32,1,8,8,1000000000,2048,Yes,,,,,,,,
pfp_bloom_filter_add_unique_size_u32,0,NVIDIA RTX PRO 6000 Blackwell Server Edition,I64,U32,32,20,1,1,1000000000,1,No,45,0.011363344555555554,0.00012546696645826145,0.011352731725904674,8.247750601016442e-05,88084526627.03189,46,0.01134547357973845
pfp_bloom_filter_add_unique_size_u32,0,NVIDIA RTX PRO 6000 Blackwell Server Edition,I64,U32,32,20,1,1,1000000000,2,No,44,0.011426657818181817,0.00010642331043509056,0.011417244391007858,7.96400684165311e-05,87586808668.78816,46,0.01139956930409307
pfp_bloom_filter_add_unique_size_u32,0,NVIDIA RTX PRO 6000 Blackwell Server Edition,I64,U32,32,20,1,1,1000000000,4,No,44,0.011460211931818187,9.641364999898168e-05,0.011450120015577837,5.8775051184181085e-05,87335329117.90483,46,0.011426213803498642
pfp_bloom_filter_add_unique_size_u32,0,NVIDIA RTX PRO 6000 Blackwell Server Edition,I64,U32,32,20,1,1,1000000000,8,No,44,0.01148996736363636,0.00011507798117635133,0.011479280753569172,8.852473329122404e-05,87113471781.67735,45,0.011439830186631944
pfp_bloom_filter_add_unique_size_u32,0,NVIDIA RTX PRO 6000 Blackwell Server Edition,I64,U32,32,20,1,1,1000000000,16,No,44,0.011512865750000002,0.00010221079239596164,0.011502319270914252,7.275579514135637e-05,86938988255.0631,45,0.011446681043836806
pfp_bloom_filter_add_unique_size_u32,0,NVIDIA RTX PRO 6000 Blackwell Server Edition,I64,U32,32,20,1,1,1000000000,32,No,44,0.011558092954545452,0.00011792751578213521,0.011548509164289988,7.944324347699053e-05,86591263493.31523,45,0.011452665201822917
pfp_bloom_filter_add_unique_size_u32,0,NVIDIA RTX PRO 6000 Blackwell Server Edition,I64,U32,32,20,1,1,1000000000,64,No,25,0.020629952519999998,0.00018790502340248021,0.020619630050659178,0.0001859029373606991,48497475344.76408,26,0.020316672251774713
pfp_bloom_filter_add_unique_size_u32,0,NVIDIA RTX PRO 6000 Blackwell Server Edition,I64,U32,32,20,1,1,1000000000,128,No,11,0.0840356640909091,0.00018383668137036195,0.08402428505637428,0.00018552699290788117,11901321139.823702,12,0.08390937805175781
pfp_bloom_filter_add_unique_size_u32,0,NVIDIA RTX PRO 6000 Blackwell Server Edition,I64,U32,32,20,1,1,1000000000,256,No,11,0.13821288481818184,0.00015691197256611464,0.1382010761607777,0.0001556938841794723,7235833669.172296,12,0.13821166992187497
pfp_bloom_filter_add_unique_size_u32,0,NVIDIA RTX PRO 6000 Blackwell Server Edition,I64,U32,32,20,1,1,1000000000,512,No,11,0.15732710436363637,0.00013844038022450196,0.15731505931507458,0.00013559062260680676,6356670520.634484,12,0.15729365285237631
pfp_bloom_filter_add_unique_size_u32,0,NVIDIA RTX PRO 6000 Blackwell Server Edition,I64,U32,32,20,1,1,1000000000,1024,No,11,0.16533907772727274,0.00014854092759310932,0.16532662409002127,0.00015046468085911353,6048632550.892072,12,0.16530705134073895
pfp_bloom_filter_add_unique_size_u32,0,NVIDIA RTX PRO 6000 Blackwell Server Edition,I64,U32,32,20,1,1,1000000000,2048,No,11,0.16885013736363638,0.0001333890392419288,0.1688381056352095,0.00013270108369318418,5922833570.287702,12,0.1688103192647298
pfp_bloom_filter_add_unique_size_u32,0,NVIDIA RTX PRO 6000 Blackwell Server Edition,I64,U32,32,20,1,2,1000000000,1,Yes,,,,,,,,
pfp_bloom_filter_add_unique_size_u32,0,NVIDIA RTX PRO 6000 Blackwell Server Edition,I64,U32,32,20,1,2,1000000000,2,Yes,,,,,,,,
pfp_bloom_filter_add_unique_size_u32,0,NVIDIA RTX PRO 6000 Blackwell Server Edition,I64,U32,32,20,1,2,1000000000,4,Yes,,,,,,,,
pfp_bloom_filter_add_unique_size_u32,0,NVIDIA RTX PRO 6000 Blackwell Server Edition,I64,U32,32,20,1,2,1000000000,8,Yes,,,,,,,,
pfp_bloom_filter_add_unique_size_u32,0,NVIDIA RTX PRO 6000 Blackwell Server Edition,I64,U32,32,20,1,2,1000000000,16,Yes,,,,,,,,
pfp_bloom_filter_add_unique_size_u32,0,NVIDIA RTX PRO 6000 Blackwell Server Edition,I64,U32,32,20,1,2,1000000000,32,Yes,,,,,,,,
pfp_bloom_filter_add_unique_size_u32,0,NVIDIA RTX PRO 6000 Blackwell Server Edition,I64,U32,32,20,1,2,1000000000,64,Yes,,,,,,,,
pfp_bloom_filter_add_unique_size_u32,0,NVIDIA RTX PRO 6000 Blackwell Server Edition,I64,U32,32,20,1,2,1000000000,128,Yes,,,,,,,,
pfp_bloom_filter_add_unique_size_u32,0,NVIDIA RTX PRO 6000 Blackwell Server Edition,I64,U32,32,20,1,2,1000000000,256,Yes,,,,,,,,
pfp_bloom_filter_add_unique_size_u32,0,NVIDIA RTX PRO 6000 Blackwell Server Edition,I64,U32,32,20,1,2,1000000000,512,Yes,,,,,,,,
pfp_bloom_filter_add_unique_size_u32,0,NVIDIA RTX PRO 6000 Blackwell Server Edition,I64,U32,32,20,1,2,1000000000,1024,Yes,,,,,,,,
pfp_bloom_filter_add_unique_size_u32,0,NVIDIA RTX PRO 6000 Blackwell Server Edition,I64,U32,32,20,1,2,1000000000,2048,Yes,,,,,,,,
pfp_bloom_filter_add_unique_size_u32,0,NVIDIA RTX PRO 6000 Blackwell Server Edition,I64,U32,32,20,1,4,1000000000,1,Yes,,,,,,,,
pfp_bloom_filter_add_unique_size_u32,0,NVIDIA RTX PRO 6000 Blackwell Server Edition,I64,U32,32,20,1,4,1000000000,2,Yes,,,,,,,,
pfp_bloom_filter_add_unique_size_u32,0,NVIDIA RTX PRO 6000 Blackwell Server Edition,I64,U32,32,20,1,4,1000000000,4,Yes,,,,,,,,
pfp_bloom_filter_add_unique_size_u32,0,NVIDIA RTX PRO 6000 Blackwell Server Edition,I64,U32,32,20,1,4,1000000000,8,Yes,,,,,,,,
pfp_bloom_filter_add_unique_size_u32,0,NVIDIA RTX PRO 6000 Blackwell Server Edition,I64,U32,32,20,1,4,1000000000,16,Yes,,,,,,,,
pfp_bloom_filter_add_unique_size_u32,0,NVIDIA RTX PRO 6000 Blackwell Server Edition,I64,U32,32,20,1,4,1000000000,32,Yes,,,,,,,,
pfp_bloom_filter_add_unique_size_u32,0,NVIDIA RTX PRO 6000 Blackwell Server Edition,I64,U32,32,20,1,4,1000000000,64,Yes,,,,,,,,
pfp_bloom_filter_add_unique_size_u32,0,NVIDIA RTX PRO 6000 Blackwell Server Edition,I64,U32,32,20,1,4,1000000000,128,Yes,,,,,,,,
pfp_bloom_filter_add_unique_size_u32,0,NVIDIA RTX PRO 6000 Blackwell Server Edition,I64,U32,32,20,1,4,1000000000,256,Yes,,,,,,,,
pfp_bloom_filter_add_unique_size_u32,0,NVIDIA RTX PRO 6000 Blackwell Server Edition,I64,U32,32,20,1,4,1000000000,512,Yes,,,,,,,,
pfp_bloom_filter_add_unique_size_u32,0,NVIDIA RTX PRO 6000 Blackwell Server Edition,I64,U32,32,20,1,4,1000000000,1024,Yes,,,,,,,,
pfp_bloom_filter_add_unique_size_u32,0,NVIDIA RTX PRO 6000 Blackwell Server Edition,I64,U32,32,20,1,4,1000000000,2048,Yes,,,,,,,,
pfp_bloom_filter_add_unique_size_u32,0,NVIDIA RTX PRO 6000 Blackwell Server Edition,I64,U32,32,20,1,8,1000000000,1,Yes,,,,,,,,
pfp_bloom_filter_add_unique_size_u32,0,NVIDIA RTX PRO 6000 Blackwell Server Edition,I64,U32,32,20,1,8,1000000000,2,Yes,,,,,,,,
pfp_bloom_filter_add_unique_size_u32,0,NVIDIA RTX PRO 6000 Blackwell Server Edition,I64,U32,32,20,1,8,1000000000,4,Yes,,,,,,,,
pfp_bloom_filter_add_unique_size_u32,0,NVIDIA RTX PRO 6000 Blackwell Server Edition,I64,U32,32,20,1,8,1000000000,8,Yes,,,,,,,,
pfp_bloom_filter_add_unique_size_u32,0,NVIDIA RTX PRO 6000 Blackwell Server Edition,I64,U32,32,20,1,8,1000000000,16,Yes,,,,,,,,
pfp_bloom_filter_add_unique_size_u32,0,NVIDIA RTX PRO 6000 Blackwell Server Edition,I64,U32,32,20,1,8,1000000000,32,Yes,,,,,,,,
pfp_bloom_filter_add_unique_size_u32,0,NVIDIA RTX PRO 6000 Blackwell Server Edition,I64,U32,32,20,1,8,1000000000,64,Yes,,,,,,,,
pfp_bloom_filter_add_unique_size_u32,0,NVIDIA RTX PRO 6000 Blackwell Server Edition,I64,U32,32,20,1,8,1000000000,128,Yes,,,,,,,,
pfp_bloom_filter_add_unique_size_u32,0,NVIDIA RTX PRO 6000 Blackwell Server Edition,I64,U32,32,20,1,8,1000000000,256,Yes,,,,,,,,
pfp_bloom_filter_add_unique_size_u32,0,NVIDIA RTX PRO 6000 Blackwell Server Edition,I64,U32,32,20,1,8,1000000000,512,Yes,,,,,,,,
pfp_bloom_filter_add_unique_size_u32,0,NVIDIA RTX PRO 6000 Blackwell Server Edition,I64,U32,32,20,1,8,1000000000,1024,Yes,,,,,,,,
pfp_bloom_filter_add_unique_size_u32,0,NVIDIA RTX PRO 6000 Blackwell Server Edition,I64,U32,32,20,1,8,1000000000,2048,Yes,,,,,,,,
pfp_bloom_filter_add_unique_size_u32,0,NVIDIA RTX PRO 6000 Blackwell Server Edition,I64,U32,32,20,2,1,1000000000,1,Yes,,,,,,,,
pfp_bloom_filter_add_unique_size_u32,0,NVIDIA RTX PRO 6000 Blackwell Server Edition,I64,U32,32,20,2,1,1000000000,2,Yes,,,,,,,,
pfp_bloom_filter_add_unique_size_u32,0,NVIDIA RTX PRO 6000 Blackwell Server Edition,I64,U32,32,20,2,1,1000000000,4,Yes,,,,,,,,
pfp_bloom_filter_add_unique_size_u32,0,NVIDIA RTX PRO 6000 Blackwell Server Edition,I64,U32,32,20,2,1,1000000000,8,Yes,,,,,,,,
pfp_bloom_filter_add_unique_size_u32,0,NVIDIA RTX PRO 6000 Blackwell Server Edition,I64,U32,32,20,2,1,1000000000,16,Yes,,,,,,,,
pfp_bloom_filter_add_unique_size_u32,0,NVIDIA RTX PRO 6000 Blackwell Server Edition,I64,U32,32,20,2,1,1000000000,32,Yes,,,,,,,,
pfp_bloom_filter_add_unique_size_u32,0,NVIDIA RTX PRO 6000 Blackwell Server Edition,I64,U32,32,20,2,1,1000000000,64,Yes,,,,,,,,
pfp_bloom_filter_add_unique_size_u32,0,NVIDIA RTX PRO 6000 Blackwell Server Edition,I64,U32,32,20,2,1,1000000000,128,Yes,,,,,,,,
pfp_bloom_filter_add_unique_size_u32,0,NVIDIA RTX PRO 6000 Blackwell Server Edition,I64,U32,32,20,2,1,1000000000,256,Yes,,,,,,,,
pfp_bloom_filter_add_unique_size_u32,0,NVIDIA RTX PRO 6000 Blackwell Server Edition,I64,U32,32,20,2,1,1000000000,512,Yes,,,,,,,,
pfp_bloom_filter_add_unique_size_u32,0,NVIDIA RTX PRO 6000 Blackwell Server Edition,I64,U32,32,20,2,1,1000000000,1024,Yes,,,,,,,,
pfp_bloom_filter_add_unique_size_u32,0,NVIDIA RTX PRO 6000 Blackwell Server Edition,I64,U32,32,20,2,1,1000000000,2048,Yes,,,,,,,,
pfp_bloom_filter_add_unique_size_u32,0,NVIDIA RTX PRO 6000 Blackwell Server Edition,I64,U32,32,20,2,2,1000000000,1,Yes,,,,,,,,
pfp_bloom_filter_add_unique_size_u32,0,NVIDIA RTX PRO 6000 Blackwell Server Edition,I64,U32,32,20,2,2,1000000000,2,Yes,,,,,,,,
pfp_bloom_filter_add_unique_size_u32,0,NVIDIA RTX PRO 6000 Blackwell Server Edition,I64,U32,32,20,2,2,1000000000,4,Yes,,,,,,,,
pfp_bloom_filter_add_unique_size_u32,0,NVIDIA RTX PRO 6000 Blackwell Server Edition,I64,U32,32,20,2,2,1000000000,8,Yes,,,,,,,,
pfp_bloom_filter_add_unique_size_u32,0,NVIDIA RTX PRO 6000 Blackwell Server Edition,I64,U32,32,20,2,2,1000000000,16,Yes,,,,,,,,
pfp_bloom_filter_add_unique_size_u32,0,NVIDIA RTX PRO 6000 Blackwell Server Edition,I64,U32,32,20,2,2,1000000000,32,Yes,,,,,,,,
pfp_bloom_filter_add_unique_size_u32,0,NVIDIA RTX PRO 6000 Blackwell Server Edition,I64,U32,32,20,2,2,1000000000,64,Yes,,,,,,,,
pfp_bloom_filter_add_unique_size_u32,0,NVIDIA RTX PRO 6000 Blackwell Server Edition,I64,U32,32,20,2,2,1000000000,128,Yes,,,,,,,,
pfp_bloom_filter_add_unique_size_u32,0,NVIDIA RTX PRO 6000 Blackwell Server Edition,I64,U32,32,20,2,2,1000000000,256,Yes,,,,,,,,
pfp_bloom_filter_add_unique_size_u32,0,NVIDIA RTX PRO 6000 Blackwell Server Edition,I64,U32,32,20,2,2,1000000000,512,Yes,,,,,,,,
pfp_bloom_filter_add_unique_size_u32,0,NVIDIA RTX PRO 6000 Blackwell Server Edition,I64,U32,32,20,2,2,1000000000,1024,Yes,,,,,,,,
pfp_bloom_filter_add_unique_size_u32,0,NVIDIA RTX PRO 6000 Blackwell Server Edition,I64,U32,32,20,2,2,1000000000,2048,Yes,,,,,,,,
pfp_bloom_filter_add_unique_size_u32,0,NVIDIA RTX PRO 6000 Blackwell Server Edition,I64,U32,32,20,2,4,1000000000,1,Yes,,,,,,,,
pfp_bloom_filter_add_unique_size_u32,0,NVIDIA RTX PRO 6000 Blackwell Server Edition,I64,U32,32,20,2,4,1000000000,2,Yes,,,,,,,,
pfp_bloom_filter_add_unique_size_u32,0,NVIDIA RTX PRO 6000 Blackwell Server Edition,I64,U32,32,20,2,4,1000000000,4,Yes,,,,,,,,
pfp_bloom_filter_add_unique_size_u32,0,NVIDIA RTX PRO 6000 Blackwell Server Edition,I64,U32,32,20,2,4,1000000000,8,Yes,,,,,,,,
pfp_bloom_filter_add_unique_size_u32,0,NVIDIA RTX PRO 6000 Blackwell Server Edition,I64,U32,32,20,2,4,1000000000,16,Yes,,,,,,,,
pfp_bloom_filter_add_unique_size_u32,0,NVIDIA RTX PRO 6000 Blackwell Server Edition,I64,U32,32,20,2,4,1000000000,32,Yes,,,,,,,,
pfp_bloom_filter_add_unique_size_u32,0,NVIDIA RTX PRO 6000 Blackwell Server Edition,I64,U32,32,20,2,4,1000000000,64,Yes,,,,,,,,
pfp_bloom_filter_add_unique_size_u32,0,NVIDIA RTX PRO 6000 Blackwell Server Edition,I64,U32,32,20,2,4,1000000000,128,Yes,,,,,,,,
pfp_bloom_filter_add_unique_size_u32,0,NVIDIA RTX PRO 6000 Blackwell Server Edition,I64,U32,32,20,2,4,1000000000,256,Yes,,,,,,,,
pfp_bloom_filter_add_unique_size_u32,0,NVIDIA RTX PRO 6000 Blackwell Server Edition,I64,U32,32,20,2,4,1000000000,512,Yes,,,,,,,,
pfp_bloom_filter_add_unique_size_u32,0,NVIDIA RTX PRO 6000 Blackwell Server Edition,I64,U32,32,20,2,4,1000000000,1024,Yes,,,,,,,,
pfp_bloom_filter_add_unique_size_u32,0,NVIDIA RTX PRO 6000 Blackwell Server Edition,I64,U32,32,20,2,4,1000000000,2048,Yes,,,,,,,,
pfp_bloom_filter_add_unique_size_u32,0,NVIDIA RTX PRO 6000 Blackwell Server Edition,I64,U32,32,20,2,8,1000000000,1,Yes,,,,,,,,
pfp_bloom_filter_add_unique_size_u32,0,NVIDIA RTX PRO 6000 Blackwell Server Edition,I64,U32,32,20,2,8,1000000000,2,Yes,,,,,,,,
pfp_bloom_filter_add_unique_size_u32,0,NVIDIA RTX PRO 6000 Blackwell Server Edition,I64,U32,32,20,2,8,1000000000,4,Yes,,,,,,,,
pfp_bloom_filter_add_unique_size_u32,0,NVIDIA RTX PRO 6000 Blackwell Server Edition,I64,U32,32,20,2,8,1000000000,8,Yes,,,,,,,,
pfp_bloom_filter_add_unique_size_u32,0,NVIDIA RTX PRO 6000 Blackwell Server Edition,I64,U32,32,20,2,8,1000000000,16,Yes,,,,,,,,
pfp_bloom_filter_add_unique_size_u32,0,NVIDIA RTX PRO 6000 Blackwell Server Edition,I64,U32,32,20,2,8,1000000000,32,Yes,,,,,,,,
pfp_bloom_filter_add_unique_size_u32,0,NVIDIA RTX PRO 6000 Blackwell Server Edition,I64,U32,32,20,2,8,1000000000,64,Yes,,,,,,,,
pfp_bloom_filter_add_unique_size_u32,0,NVIDIA RTX PRO 6000 Blackwell Server Edition,I64,U32,32,20,2,8,1000000000,128,Yes,,,,,,,,
pfp_bloom_filter_add_unique_size_u32,0,NVIDIA RTX PRO 6000 Blackwell Server Edition,I64,U32,32,20,2,8,1000000000,256,Yes,,,,,,,,
pfp_bloom_filter_add_unique_size_u32,0,NVIDIA RTX PRO 6000 Blackwell Server Edition,I64,U32,32,20,2,8,1000000000,512,Yes,,,,,,,,
pfp_bloom_filter_add_unique_size_u32,0,NVIDIA RTX PRO 6000 Blackwell Server Edition,I64,U32,32,20,2,8,1000000000,1024,Yes,,,,,,,,
pfp_bloom_filter_add_unique_size_u32,0,NVIDIA RTX PRO 6000 Blackwell Server Edition,I64,U32,32,20,2,8,1000000000,2048,Yes,,,,,,,,
pfp_bloom_filter_add_unique_size_u32,0,NVIDIA RTX PRO 6000 Blackwell Server Edition,I64,U32,32,20,4,1,1000000000,1,Yes,,,,,,,,
pfp_bloom_filter_add_unique_size_u32,0,NVIDIA RTX PRO 6000 Blackwell Server Edition,I64,U32,32,20,4,1,1000000000,2,Yes,,,,,,,,
pfp_bloom_filter_add_unique_size_u32,0,NVIDIA RTX PRO 6000 Blackwell Server Edition,I64,U32,32,20,4,1,1000000000,4,Yes,,,,,,,,
pfp_bloom_filter_add_unique_size_u32,0,NVIDIA RTX PRO 6000 Blackwell Server Edition,I64,U32,32,20,4,1,1000000000,8,Yes,,,,,,,,
pfp_bloom_filter_add_unique_size_u32,0,NVIDIA RTX PRO 6000 Blackwell Server Edition,I64,U32,32,20,4,1,1000000000,16,Yes,,,,,,,,
pfp_bloom_filter_add_unique_size_u32,0,NVIDIA RTX PRO 6000 Blackwell Server Edition,I64,U32,32,20,4,1,1000000000,32,Yes,,,,,,,,
pfp_bloom_filter_add_unique_size_u32,0,NVIDIA RTX PRO 6000 Blackwell Server Edition,I64,U32,32,20,4,1,1000000000,64,Yes,,,,,,,,
pfp_bloom_filter_add_unique_size_u32,0,NVIDIA RTX PRO 6000 Blackwell Server Edition,I64,U32,32,20,4,1,1000000000,128,Yes,,,,,,,,
pfp_bloom_filter_add_unique_size_u32,0,NVIDIA RTX PRO 6000 Blackwell Server Edition,I64,U32,32,20,4,1,1000000000,256,Yes,,,,,,,,
pfp_bloom_filter_add_unique_size_u32,0,NVIDIA RTX PRO 6000 Blackwell Server Edition,I64,U32,32,20,4,1,1000000000,512,Yes,,,,,,,,
pfp_bloom_filter_add_unique_size_u32,0,NVIDIA RTX PRO 6000 Blackwell Server Edition,I64,U32,32,20,4,1,1000000000,1024,Yes,,,,,,,,
pfp_bloom_filter_add_unique_size_u32,0,NVIDIA RTX PRO 6000 Blackwell Server Edition,I64,U32,32,20,4,1,1000000000,2048,Yes,,,,,,,,
pfp_bloom_filter_add_unique_size_u32,0,NVIDIA RTX PRO 6000 Blackwell Server Edition,I64,U32,32,20,4,2,1000000000,1,Yes,,,,,,,,
pfp_bloom_filter_add_unique_size_u32,0,NVIDIA RTX PRO 6000 Blackwell Server Edition,I64,U32,32,20,4,2,1000000000,2,Yes,,,,,,,,
pfp_bloom_filter_add_unique_size_u32,0,NVIDIA RTX PRO 6000 Blackwell Server Edition,I64,U32,32,20,4,2,1000000000,4,Yes,,,,,,,,
pfp_bloom_filter_add_unique_size_u32,0,NVIDIA RTX PRO 6000 Blackwell Server Edition,I64,U32,32,20,4,2,1000000000,8,Yes,,,,,,,,
pfp_bloom_filter_add_unique_size_u32,0,NVIDIA RTX PRO 6000 Blackwell Server Edition,I64,U32,32,20,4,2,1000000000,16,Yes,,,,,,,,
pfp_bloom_filter_add_unique_size_u32,0,NVIDIA RTX PRO 6000 Blackwell Server Edition,I64,U32,32,20,4,2,1000000000,32,Yes,,,,,,,,
pfp_bloom_filter_add_unique_size_u32,0,NVIDIA RTX PRO 6000 Blackwell Server Edition,I64,U32,32,20,4,2,1000000000,64,Yes,,,,,,,,
pfp_bloom_filter_add_unique_size_u32,0,NVIDIA RTX PRO 6000 Blackwell Server Edition,I64,U32,32,20,4,2,1000000000,128,Yes,,,,,,,,
pfp_bloom_filter_add_unique_size_u32,0,NVIDIA RTX PRO 6000 Blackwell Server Edition,I64,U32,32,20,4,2,1000000000,256,Yes,,,,,,,,
pfp_bloom_filter_add_unique_size_u32,0,NVIDIA RTX PRO 6000 Blackwell Server Edition,I64,U32,32,20,4,2,1000000000,512,Yes,,,,,,,,
pfp_bloom_filter_add_unique_size_u32,0,NVIDIA RTX PRO 6000 Blackwell Server Edition,I64,U32,32,20,4,2,1000000000,1024,Yes,,,,,,,,
pfp_bloom_filter_add_unique_size_u32,0,NVIDIA RTX PRO 6000 Blackwell Server Edition,I64,U32,32,20,4,2,1000000000,2048,Yes,,,,,,,,
pfp_bloom_filter_add_unique_size_u32,0,NVIDIA RTX PRO 6000 Blackwell Server Edition,I64,U32,32,20,4,4,1000000000,1,Yes,,,,,,,,
pfp_bloom_filter_add_unique_size_u32,0,NVIDIA RTX PRO 6000 Blackwell Server Edition,I64,U32,32,20,4,4,1000000000,2,Yes,,,,,,,,
pfp_bloom_filter_add_unique_size_u32,0,NVIDIA RTX PRO 6000 Blackwell Server Edition,I64,U32,32,20,4,4,1000000000,4,Yes,,,,,,,,
pfp_bloom_filter_add_unique_size_u32,0,NVIDIA RTX PRO 6000 Blackwell Server Edition,I64,U32,32,20,4,4,1000000000,8,Yes,,,,,,,,
pfp_bloom_filter_add_unique_size_u32,0,NVIDIA RTX PRO 6000 Blackwell Server Edition,I64,U32,32,20,4,4,1000000000,16,Yes,,,,,,,,
pfp_bloom_filter_add_unique_size_u32,0,NVIDIA RTX PRO 6000 Blackwell Server Edition,I64,U32,32,20,4,4,1000000000,32,Yes,,,,,,,,
pfp_bloom_filter_add_unique_size_u32,0,NVIDIA RTX PRO 6000 Blackwell Server Edition,I64,U32,32,20,4,4,1000000000,64,Yes,,,,,,,,
pfp_bloom_filter_add_unique_size_u32,0,NVIDIA RTX PRO 6000 Blackwell Server Edition,I64,U32,32,20,4,4,1000000000,128,Yes,,,,,,,,
pfp_bloom_filter_add_unique_size_u32,0,NVIDIA RTX PRO 6000 Blackwell Server Edition,I64,U32,32,20,4,4,1000000000,256,Yes,,,,,,,,
pfp_bloom_filter_add_unique_size_u32,0,NVIDIA RTX PRO 6000 Blackwell Server Edition,I64,U32,32,20,4,4,1000000000,512,Yes,,,,,,,,
pfp_bloom_filter_add_unique_size_u32,0,NVIDIA RTX PRO 6000 Blackwell Server Edition,I64,U32,32,20,4,4,1000000000,1024,Yes,,,,,,,,
pfp_bloom_filter_add_unique_size_u32,0,NVIDIA RTX PRO 6000 Blackwell Server Edition,I64,U32,32,20,4,4,1000000000,2048,Yes,,,,,,,,
pfp_bloom_filter_add_unique_size_u32,0,NVIDIA RTX PRO 6000 Blackwell Server Edition,I64,U32,32,20,4,8,1000000000,1,Yes,,,,,,,,
pfp_bloom_filter_add_unique_size_u32,0,NVIDIA RTX PRO 6000 Blackwell Server Edition,I64,U32,32,20,4,8,1000000000,2,Yes,,,,,,,,
pfp_bloom_filter_add_unique_size_u32,0,NVIDIA RTX PRO 6000 Blackwell Server Edition,I64,U32,32,20,4,8,1000000000,4,Yes,,,,,,,,
pfp_bloom_filter_add_unique_size_u32,0,NVIDIA RTX PRO 6000 Blackwell Server Edition,I64,U32,32,20,4,8,1000000000,8,Yes,,,,,,,,
pfp_bloom_filter_add_unique_size_u32,0,NVIDIA RTX PRO 6000 Blackwell Server Edition,I64,U32,32,20,4,8,1000000000,16,Yes,,,,,,,,
pfp_bloom_filter_add_unique_size_u32,0,NVIDIA RTX PRO 6000 Blackwell Server Edition,I64,U32,32,20,4,8,1000000000,32,Yes,,,,,,,,
pfp_bloom_filter_add_unique_size_u32,0,NVIDIA RTX PRO 6000 Blackwell Server Edition,I64,U32,32,20,4,8,1000000000,64,Yes,,,,,,,,
pfp_bloom_filter_add_unique_size_u32,0,NVIDIA RTX PRO 6000 Blackwell Server Edition,I64,U32,32,20,4,8,1000000000,128,Yes,,,,,,,,
pfp_bloom_filter_add_unique_size_u32,0,NVIDIA RTX PRO 6000 Blackwell Server Edition,I64,U32,32,20,4,8,1000000000,256,Yes,,,,,,,,
pfp_bloom_filter_add_unique_size_u32,0,NVIDIA RTX PRO 6000 Blackwell Server Edition,I64,U32,32,20,4,8,1000000000,512,Yes,,,,,,,,
pfp_bloom_filter_add_unique_size_u32,0,NVIDIA RTX PRO 6000 Blackwell Server Edition,I64,U32,32,20,4,8,1000000000,1024,Yes,,,,,,,,
pfp_bloom_filter_add_unique_size_u32,0,NVIDIA RTX PRO 6000 Blackwell Server Edition,I64,U32,32,20,4,8,1000000000,2048,Yes,,,,,,,,
pfp_bloom_filter_add_unique_size_u32,0,NVIDIA RTX PRO 6000 Blackwell Server Edition,I64,U32,32,20,8,1,1000000000,1,Yes,,,,,,,,
pfp_bloom_filter_add_unique_size_u32,0,NVIDIA RTX PRO 6000 Blackwell Server Edition,I64,U32,32,20,8,1,1000000000,2,Yes,,,,,,,,
pfp_bloom_filter_add_unique_size_u32,0,NVIDIA RTX PRO 6000 Blackwell Server Edition,I64,U32,32,20,8,1,1000000000,4,Yes,,,,,,,,
pfp_bloom_filter_add_unique_size_u32,0,NVIDIA RTX PRO 6000 Blackwell Server Edition,I64,U32,32,20,8,1,1000000000,8,Yes,,,,,,,,
pfp_bloom_filter_add_unique_size_u32,0,NVIDIA RTX PRO 6000 Blackwell Server Edition,I64,U32,32,20,8,1,1000000000,16,Yes,,,,,,,,
pfp_bloom_filter_add_unique_size_u32,0,NVIDIA RTX PRO 6000 Blackwell Server Edition,I64,U32,32,20,8,1,1000000000,32,Yes,,,,,,,,
pfp_bloom_filter_add_unique_size_u32,0,NVIDIA RTX PRO 6000 Blackwell Server Edition,I64,U32,32,20,8,1,1000000000,64,Yes,,,,,,,,
pfp_bloom_filter_add_unique_size_u32,0,NVIDIA RTX PRO 6000 Blackwell Server Edition,I64,U32,32,20,8,1,1000000000,128,Yes,,,,,,,,
pfp_bloom_filter_add_unique_size_u32,0,NVIDIA RTX PRO 6000 Blackwell Server Edition,I64,U32,32,20,8,1,1000000000,256,Yes,,,,,,,,
pfp_bloom_filter_add_unique_size_u32,0,NVIDIA RTX PRO 6000 Blackwell Server Edition,I64,U32,32,20,8,1,1000000000,512,Yes,,,,,,,,
pfp_bloom_filter_add_unique_size_u32,0,NVIDIA RTX PRO 6000 Blackwell Server Edition,I64,U32,32,20,8,1,1000000000,1024,Yes,,,,,,,,
pfp_bloom_filter_add_unique_size_u32,0,NVIDIA RTX PRO 6000 Blackwell Server Edition,I64,U32,32,20,8,1,1000000000,2048,Yes,,,,,,,,
pfp_bloom_filter_add_unique_size_u32,0,NVIDIA RTX PRO 6000 Blackwell Server Edition,I64,U32,32,20,8,2,1000000000,1,Yes,,,,,,,,
pfp_bloom_filter_add_unique_size_u32,0,NVIDIA RTX PRO 6000 Blackwell Server Edition,I64,U32,32,20,8,2,1000000000,2,Yes,,,,,,,,
pfp_bloom_filter_add_unique_size_u32,0,NVIDIA RTX PRO 6000 Blackwell Server Edition,I64,U32,32,20,8,2,1000000000,4,Yes,,,,,,,,
pfp_bloom_filter_add_unique_size_u32,0,NVIDIA RTX PRO 6000 Blackwell Server Edition,I64,U32,32,20,8,2,1000000000,8,Yes,,,,,,,,
pfp_bloom_filter_add_unique_size_u32,0,NVIDIA RTX PRO 6000 Blackwell Server Edition,I64,U32,32,20,8,2,1000000000,16,Yes,,,,,,,,
pfp_bloom_filter_add_unique_size_u32,0,NVIDIA RTX PRO 6000 Blackwell Server Edition,I64,U32,32,20,8,2,1000000000,32,Yes,,,,,,,,
pfp_bloom_filter_add_unique_size_u32,0,NVIDIA RTX PRO 6000 Blackwell Server Edition,I64,U32,32,20,8,2,1000000000,64,Yes,,,,,,,,
pfp_bloom_filter_add_unique_size_u32,0,NVIDIA RTX PRO 6000 Blackwell Server Edition,I64,U32,32,20,8,2,1000000000,128,Yes,,,,,,,,
pfp_bloom_filter_add_unique_size_u32,0,NVIDIA RTX PRO 6000 Blackwell Server Edition,I64,U32,32,20,8,2,1000000000,256,Yes,,,,,,,,
pfp_bloom_filter_add_unique_size_u32,0,NVIDIA RTX PRO 6000 Blackwell Server Edition,I64,U32,32,20,8,2,1000000000,512,Yes,,,,,,,,
pfp_bloom_filter_add_unique_size_u32,0,NVIDIA RTX PRO 6000 Blackwell Server Edition,I64,U32,32,20,8,2,1000000000,1024,Yes,,,,,,,,
pfp_bloom_filter_add_unique_size_u32,0,NVIDIA RTX PRO 6000 Blackwell Server Edition,I64,U32,32,20,8,2,1000000000,2048,Yes,,,,,,,,
pfp_bloom_filter_add_unique_size_u32,0,NVIDIA RTX PRO 6000 Blackwell Server Edition,I64,U32,32,20,8,4,1000000000,1,Yes,,,,,,,,
pfp_bloom_filter_add_unique_size_u32,0,NVIDIA RTX PRO 6000 Blackwell Server Edition,I64,U32,32,20,8,4,1000000000,2,Yes,,,,,,,,
pfp_bloom_filter_add_unique_size_u32,0,NVIDIA RTX PRO 6000 Blackwell Server Edition,I64,U32,32,20,8,4,1000000000,4,Yes,,,,,,,,
pfp_bloom_filter_add_unique_size_u32,0,NVIDIA RTX PRO 6000 Blackwell Server Edition,I64,U32,32,20,8,4,1000000000,8,Yes,,,,,,,,
pfp_bloom_filter_add_unique_size_u32,0,NVIDIA RTX PRO 6000 Blackwell Server Edition,I64,U32,32,20,8,4,1000000000,16,Yes,,,,,,,,
pfp_bloom_filter_add_unique_size_u32,0,NVIDIA RTX PRO 6000 Blackwell Server Edition,I64,U32,32,20,8,4,1000000000,32,Yes,,,,,,,,
pfp_bloom_filter_add_unique_size_u32,0,NVIDIA RTX PRO 6000 Blackwell Server Edition,I64,U32,32,20,8,4,1000000000,64,Yes,,,,,,,,
pfp_bloom_filter_add_unique_size_u32,0,NVIDIA RTX PRO 6000 Blackwell Server Edition,I64,U32,32,20,8,4,1000000000,128,Yes,,,,,,,,
pfp_bloom_filter_add_unique_size_u32,0,NVIDIA RTX PRO 6000 Blackwell Server Edition,I64,U32,32,20,8,4,1000000000,256,Yes,,,,,,,,
pfp_bloom_filter_add_unique_size_u32,0,NVIDIA RTX PRO 6000 Blackwell Server Edition,I64,U32,32,20,8,4,1000000000,512,Yes,,,,,,,,
pfp_bloom_filter_add_unique_size_u32,0,NVIDIA RTX PRO 6000 Blackwell Server Edition,I64,U32,32,20,8,4,1000000000,1024,Yes,,,,,,,,
pfp_bloom_filter_add_unique_size_u32,0,NVIDIA RTX PRO 6000 Blackwell Server Edition,I64,U32,32,20,8,4,1000000000,2048,Yes,,,,,,,,
pfp_bloom_filter_add_unique_size_u32,0,NVIDIA RTX PRO 6000 Blackwell Server Edition,I64,U32,32,20,8,8,1000000000,1,Yes,,,,,,,,
pfp_bloom_filter_add_unique_size_u32,0,NVIDIA RTX PRO 6000 Blackwell Server Edition,I64,U32,32,20,8,8,1000000000,2,Yes,,,,,,,,
pfp_bloom_filter_add_unique_size_u32,0,NVIDIA RTX PRO 6000 Blackwell Server Edition,I64,U32,32,20,8,8,1000000000,4,Yes,,,,,,,,
pfp_bloom_filter_add_unique_size_u32,0,NVIDIA RTX PRO 6000 Blackwell Server Edition,I64,U32,32,20,8,8,1000000000,8,Yes,,,,,,,,
pfp_bloom_filter_add_unique_size_u32,0,NVIDIA RTX PRO 6000 Blackwell Server Edition,I64,U32,32,20,8,8,1000000000,16,Yes,,,,,,,,
pfp_bloom_filter_add_unique_size_u32,0,NVIDIA RTX PRO 6000 Blackwell Server Edition,I64,U32,32,20,8,8,1000000000,32,Yes,,,,,,,,
pfp_bloom_filter_add_unique_size_u32,0,NVIDIA RTX PRO 6000 Blackwell Server Edition,I64,U32,32,20,8,8,1000000000,64,Yes,,,,,,,,
pfp_bloom_filter_add_unique_size_u32,0,NVIDIA RTX PRO 6000 Blackwell Server Edition,I64,U32,32,20,8,8,1000000000,128,Yes,,,,,,,,
pfp_bloom_filter_add_unique_size_u32,0,NVIDIA RTX PRO 6000 Blackwell Server Edition,I64,U32,32,20,8,8,1000000000,256,Yes,,,,,,,,
pfp_bloom_filter_add_unique_size_u32,0,NVIDIA RTX PRO 6000 Blackwell Server Edition,I64,U32,32,20,8,8,1000000000,512,Yes,,,,,,,,
pfp_bloom_filter_add_unique_size_u32,0,NVIDIA RTX PRO 6000 Blackwell Server Edition,I64,U32,32,20,8,8,1000000000,1024,Yes,,,,,,,,
pfp_bloom_filter_add_unique_size_u32,0,NVIDIA RTX PRO 6000 Blackwell Server Edition,I64,U32,32,20,8,8,1000000000,2048,Yes,,,,,,,,
pfp_bloom_filter_add_unique_size_u32,0,NVIDIA RTX PRO 6000 Blackwell Server Edition,I64,U32,64,1,1,1,1000000000,1,No,23,0.021864093521739136,5.87442011330242e-05,0.021853631973266605,5.030368425639705e-05,45758984191.885956,24,0.021841107686360675
pfp_bloom_filter_add_unique_size_u32,0,NVIDIA RTX PRO 6000 Blackwell Server Edition,I64,U32,64,1,1,1,1000000000,2,No,23,0.021976572739130437,5.5632064580247866e-05,0.021966081453406297,5.7124839348135196e-05,45524733308.54053,24,0.021949607690175375
pfp_bloom_filter_add_unique_size_u32,0,NVIDIA RTX PRO 6000 Blackwell Server Edition,I64,U32,64,1,1,1,1000000000,4,No,23,0.022033235652173917,6.44517510458509e-05,0.022023048483807105,4.5602247958033725e-05,45406974458.38483,24,0.022000999053319297
pfp_bloom_filter_add_unique_size_u32,0,NVIDIA RTX PRO 6000 Blackwell Server Edition,I64,U32,64,1,1,1,1000000000,8,No,23,0.02207490352173913,5.836610797138624e-05,0.02206504075423531,5.1680919625551206e-05,45320559845.69407,24,0.022026962280273437
pfp_bloom_filter_add_unique_size_u32,0,NVIDIA RTX PRO 6000 Blackwell Server Edition,I64,U32,64,1,1,1,1000000000,16,No,23,0.022109883782608697,6.487999018966805e-05,0.02209974819680919,5.025546594782956e-05,45249384341.147484,24,0.022043075243632
pfp_bloom_filter_add_unique_size_u32,0,NVIDIA RTX PRO 6000 Blackwell Server Edition,I64,U32,64,1,1,1,1000000000,32,No,23,0.022150570869565216,5.309752206312446e-05,0.022140204719875173,4.172419180679642e-05,45166700699.12696,24,0.02204514042536418
pfp_bloom_filter_add_unique_size_u32,0,NVIDIA RTX PRO 6000 Blackwell Server Edition,I64,U32,64,1,1,1,1000000000,64,No,22,0.02374744359090909,0.0051342372143233,0.023736836520108315,0.0051294124836314394,42128613016.85524,23,0.023292481961457626
pfp_bloom_filter_add_unique_size_u32,0,NVIDIA RTX PRO 6000 Blackwell Server Edition,I64,U32,64,1,1,1,1000000000,128,No,11,0.09302604363636365,0.00020034738321350577,0.0930143945867365,0.0001999232777929902,10751024123.12638,12,0.09288848940531415
pfp_bloom_filter_add_unique_size_u32,0,NVIDIA RTX PRO 6000 Blackwell Server Edition,I64,U32,64,1,1,1,1000000000,256,No,11,0.139311658,0.00014620249503713672,0.1392999101118608,0.00014522583891952341,7178755529.683966,12,0.13926783498128256
pfp_bloom_filter_add_unique_size_u32,0,NVIDIA RTX PRO 6000 Blackwell Server Edition,I64,U32,64,1,1,1,1000000000,512,No,11,0.16057875481818182,0.000154621938400296,0.1605671553178267,0.00015176375328951637,6227923749.540182,12,0.16054186630249023
pfp_bloom_filter_add_unique_size_u32,0,NVIDIA RTX PRO 6000 Blackwell Server Edition,I64,U32,64,1,1,1,1000000000,1024,No,11,0.1699378162727273,0.00012055470201166645,0.16992620294744318,0.00012349214574679203,5884907581.376911,12,0.16990395863850913
pfp_bloom_filter_add_unique_size_u32,0,NVIDIA RTX PRO 6000 Blackwell Server Edition,I64,U32,64,1,1,1,1000000000,2048,No,11,0.17450636045454548,0.0001726506033641408,0.1744942169189453,0.00016975202305033075,5730848951.083074,12,0.17445759836832683
pfp_bloom_filter_add_unique_size_u32,0,NVIDIA RTX PRO 6000 Blackwell Server Edition,I64,U32,64,1,1,2,1000000000,1,No,23,0.02186008426086957,6.119660444823093e-05,0.021849719918292505,5.802988102469605e-05,45767177050.30185,24,0.021842191060384115
pfp_bloom_filter_add_unique_size_u32,0,NVIDIA RTX PRO 6000 Blackwell Server Edition,I64,U32,64,1,1,2,1000000000,2,No,23,0.021971823782608695,6.934327649438407e-05,0.021961150625477665,4.376198660807292e-05,45534954750.49817,24,0.021949950456619263
pfp_bloom_filter_add_unique_size_u32,0,NVIDIA RTX PRO 6000 Blackwell Server Edition,I64,U32,64,1,1,2,1000000000,4,No,23,0.02203829039130435,7.047622347196123e-05,0.02202774263464886,4.034133709087865e-05,45397298151.9693,24,0.022004736264546715
pfp_bloom_filter_add_unique_size_u32,0,NVIDIA RTX PRO 6000 Blackwell Server Edition,I64,U32,64,1,1,2,1000000000,8,No,23,0.022080310869565214,6.709735341814844e-05,0.022069832262785537,5.191870925047072e-05,45310720448.30237,24,0.02203071880340576
pfp_bloom_filter_add_unique_size_u32,0,NVIDIA RTX PRO 6000 Blackwell Server Edition,I64,U32,64,1,1,2,1000000000,16,No,23,0.022108629086956523,6.310675445721852e-05,0.022097706089849053,5.510647806905713e-05,45253565955.39871,24,0.022041769345601397
pfp_bloom_filter_add_unique_size_u32,0,NVIDIA RTX PRO 6000 Blackwell Server Edition,I64,U32,64,1,1,2,1000000000,32,No,23,0.022154846826086955,4.9740864006980166e-05,0.022144247635551118,4.8844098570849754e-05,45158454532.208466,24,0.02205115739504496
pfp_bloom_filter_add_unique_size_u32,0,NVIDIA RTX PRO 6000 Blackwell Server Edition,I64,U32,64,1,1,2,1000000000,64,No,22,0.023740734863636367,0.004043345025034157,0.02372988206690008,0.004044619364433102,42140959537.041374,23,0.023295551134192422
pfp_bloom_filter_add_unique_size_u32,0,NVIDIA RTX PRO 6000 Blackwell Server Edition,I64,U32,64,1,1,2,1000000000,128,No,11,0.09295253518181817,0.0002586280182524405,0.09294133827903055,0.0002524380318763576,10759474938.888634,12,0.09281467819213869
pfp_bloom_filter_add_unique_size_u32,0,NVIDIA RTX PRO 6000 Blackwell Server Edition,I64,U32,64,1,1,2,1000000000,256,No,11,0.1393326350909091,0.00017041600491572495,0.13932035688920455,0.000173484042635085,7177701969.24816,12,0.13927482096354166
pfp_bloom_filter_add_unique_size_u32,0,NVIDIA RTX PRO 6000 Blackwell Server Edition,I64,U32,64,1,1,2,1000000000,512,No,11,0.1605970899090909,0.00014326393067046748,0.160585542158647,0.0001404720806720104,6227210660.173079,12,0.1605512898763021
pfp_bloom_filter_add_unique_size_u32,0,NVIDIA RTX PRO 6000 Blackwell Server Edition,I64,U32,64,1,1,2,1000000000,1024,No,11,0.16992192254545457,0.00011256431132413078,0.16990974981134588,0.00011253257060538479,5885477443.821321,12,0.16987780634562175
pfp_bloom_filter_add_unique_size_u32,0,NVIDIA RTX PRO 6000 Blackwell Server Edition,I64,U32,64,1,1,2,1000000000,2048,No,11,0.17449590681818183,0.0001593808074803779,0.1744833817915483,0.00015988476366147661,5731204827.257873,12,0.17445218785603844
pfp_bloom_filter_add_unique_size_u32,0,NVIDIA RTX PRO 6000 Blackwell Server Edition,I64,U32,64,1,1,4,1000000000,1,Yes,,,,,,,,
pfp_bloom_filter_add_unique_size_u32,0,NVIDIA RTX PRO 6000 Blackwell Server Edition,I64,U32,64,1,1,4,1000000000,2,Yes,,,,,,,,
pfp_bloom_filter_add_unique_size_u32,0,NVIDIA RTX PRO 6000 Blackwell Server Edition,I64,U32,64,1,1,4,1000000000,4,Yes,,,,,,,,
pfp_bloom_filter_add_unique_size_u32,0,NVIDIA RTX PRO 6000 Blackwell Server Edition,I64,U32,64,1,1,4,1000000000,8,Yes,,,,,,,,
pfp_bloom_filter_add_unique_size_u32,0,NVIDIA RTX PRO 6000 Blackwell Server Edition,I64,U32,64,1,1,4,1000000000,16,Yes,,,,,,,,
pfp_bloom_filter_add_unique_size_u32,0,NVIDIA RTX PRO 6000 Blackwell Server Edition,I64,U32,64,1,1,4,1000000000,32,Yes,,,,,,,,
pfp_bloom_filter_add_unique_size_u32,0,NVIDIA RTX PRO 6000 Blackwell Server Edition,I64,U32,64,1,1,4,1000000000,64,Yes,,,,,,,,
pfp_bloom_filter_add_unique_size_u32,0,NVIDIA RTX PRO 6000 Blackwell Server Edition,I64,U32,64,1,1,4,1000000000,128,Yes,,,,,,,,
pfp_bloom_filter_add_unique_size_u32,0,NVIDIA RTX PRO 6000 Blackwell Server Edition,I64,U32,64,1,1,4,1000000000,256,Yes,,,,,,,,
pfp_bloom_filter_add_unique_size_u32,0,NVIDIA RTX PRO 6000 Blackwell Server Edition,I64,U32,64,1,1,4,1000000000,512,Yes,,,,,,,,
pfp_bloom_filter_add_unique_size_u32,0,NVIDIA RTX PRO 6000 Blackwell Server Edition,I64,U32,64,1,1,4,1000000000,1024,Yes,,,,,,,,
pfp_bloom_filter_add_unique_size_u32,0,NVIDIA RTX PRO 6000 Blackwell Server Edition,I64,U32,64,1,1,4,1000000000,2048,Yes,,,,,,,,
pfp_bloom_filter_add_unique_size_u32,0,NVIDIA RTX PRO 6000 Blackwell Server Edition,I64,U32,64,1,1,8,1000000000,1,Yes,,,,,,,,
pfp_bloom_filter_add_unique_size_u32,0,NVIDIA RTX PRO 6000 Blackwell Server Edition,I64,U32,64,1,1,8,1000000000,2,Yes,,,,,,,,
pfp_bloom_filter_add_unique_size_u32,0,NVIDIA RTX PRO 6000 Blackwell Server Edition,I64,U32,64,1,1,8,1000000000,4,Yes,,,,,,,,
pfp_bloom_filter_add_unique_size_u32,0,NVIDIA RTX PRO 6000 Blackwell Server Edition,I64,U32,64,1,1,8,1000000000,8,Yes,,,,,,,,
pfp_bloom_filter_add_unique_size_u32,0,NVIDIA RTX PRO 6000 Blackwell Server Edition,I64,U32,64,1,1,8,1000000000,16,Yes,,,,,,,,
pfp_bloom_filter_add_unique_size_u32,0,NVIDIA RTX PRO 6000 Blackwell Server Edition,I64,U32,64,1,1,8,1000000000,32,Yes,,,,,,,,
pfp_bloom_filter_add_unique_size_u32,0,NVIDIA RTX PRO 6000 Blackwell Server Edition,I64,U32,64,1,1,8,1000000000,64,Yes,,,,,,,,
pfp_bloom_filter_add_unique_size_u32,0,NVIDIA RTX PRO 6000 Blackwell Server Edition,I64,U32,64,1,1,8,1000000000,128,Yes,,,,,,,,
pfp_bloom_filter_add_unique_size_u32,0,NVIDIA RTX PRO 6000 Blackwell Server Edition,I64,U32,64,1,1,8,1000000000,256,Yes,,,,,,,,
pfp_bloom_filter_add_unique_size_u32,0,NVIDIA RTX PRO 6000 Blackwell Server Edition,I64,U32,64,1,1,8,1000000000,512,Yes,,,,,,,,
pfp_bloom_filter_add_unique_size_u32,0,NVIDIA RTX PRO 6000 Blackwell Server Edition,I64,U32,64,1,1,8,1000000000,1024,Yes,,,,,,,,
pfp_bloom_filter_add_unique_size_u32,0,NVIDIA RTX PRO 6000 Blackwell Server Edition,I64,U32,64,1,1,8,1000000000,2048,Yes,,,,,,,,
pfp_bloom_filter_add_unique_size_u32,0,NVIDIA RTX PRO 6000 Blackwell Server Edition,I64,U32,64,1,2,1,1000000000,1,No,45,0.011364807222222223,0.00013927888060482442,0.01135481967926025,0.00010361393305084534,88068329418.43321,46,0.011347276770550271
pfp_bloom_filter_add_unique_size_u32,0,NVIDIA RTX PRO 6000 Blackwell Server Edition,I64,U32,64,1,2,1,1000000000,2,No,44,0.011427942500000003,9.237368867576505e-05,0.01141748367656361,7.607435828483694e-05,87584973040.30971,46,0.01139990234375
pfp_bloom_filter_add_unique_size_u32,0,NVIDIA RTX PRO 6000 Blackwell Server Edition,I64,U32,64,1,2,1,1000000000,4,No,44,0.011460040590909094,0.00010968554449782385,0.011449867660349068,6.356406997213273e-05,87337253989.66869,46,0.01142605856190557
pfp_bloom_filter_add_unique_size_u32,0,NVIDIA RTX PRO 6000 Blackwell Server Edition,I64,U32,64,1,2,1,1000000000,8,No,44,0.0114893715,0.00011287252446424181,0.011478927287188441,7.450751088381222e-05,87116154234.73357,45,0.011439263237847223
pfp_bloom_filter_add_unique_size_u32,0,NVIDIA RTX PRO 6000 Blackwell Server Edition,I64,U32,64,1,2,1,1000000000,16,No,44,0.011512290318181817,0.00010359170292450752,0.011501762173392556,8.133113671011913e-05,86943199218.05862,45,0.011446180555555557
pfp_bloom_filter_add_unique_size_u32,0,NVIDIA RTX PRO 6000 Blackwell Server Edition,I64,U32,64,1,2,1,1000000000,32,No,44,0.011556738681818186,0.00011591755660416424,0.01154714111848311,8.44403097316508e-05,86601522380.23094,45,0.011451619466145832
pfp_bloom_filter_add_unique_size_u32,0,NVIDIA RTX PRO 6000 Blackwell Server Edition,I64,U32,64,1,2,1,1000000000,64,No,25,0.020609697760000004,0.00015493996553544515,0.020599079742431643,0.00013738073648295054,48545857994.81709,26,0.020294734514676612
pfp_bloom_filter_add_unique_size_u32,0,NVIDIA RTX PRO 6000 Blackwell Server Edition,I64,U32,64,1,2,1,1000000000,128,No,11,0.08399507945454546,0.0002117668067287322,0.08398306621204724,0.00021430103932786973,11907162301.923094,12,0.08387746111551923
pfp_bloom_filter_add_unique_size_u32,0,NVIDIA RTX PRO 6000 Blackwell Server Edition,I64,U32,64,1,2,1,1000000000,256,No,11,0.13811964063636362,0.00014909211333122044,0.13810858015580607,0.00014670947547264384,7240679752.639975,12,0.13809877141316731
pfp_bloom_filter_add_unique_size_u32,0,NVIDIA RTX PRO 6000 Blackwell Server Edition,I64,U32,64,1,2,1,1000000000,512,No,11,0.15718550272727272,9.173655450906288e-05,0.15717329545454545,9.325221701780678e-05,6362403976.502485,12,0.15715075302124024
pfp_bloom_filter_add_unique_size_u32,0,NVIDIA RTX PRO 6000 Blackwell Server Edition,I64,U32,64,1,2,1,1000000000,1024,No,11,0.16524028554545456,0.0001514551250407452,0.16522805231267754,0.00014972663729111887,6052241045.047243,12,0.16523016611735028
pfp_bloom_filter_add_unique_size_u32,0,NVIDIA RTX PRO 6000 Blackwell Server Edition,I64,U32,64,1,2,1,1000000000,2048,No,11,0.16874309781818184,0.00016518708362074812,0.1687310263893821,0.00016060033820589761,5926592289.507509,12,0.1687084363301595
pfp_bloom_filter_add_unique_size_u32,0,NVIDIA RTX PRO 6000 Blackwell Server Edition,I64,U32,64,1,2,2,1000000000,1,Yes,,,,,,,,
pfp_bloom_filter_add_unique_size_u32,0,NVIDIA RTX PRO 6000 Blackwell Server Edition,I64,U32,64,1,2,2,1000000000,2,Yes,,,,,,,,
pfp_bloom_filter_add_unique_size_u32,0,NVIDIA RTX PRO 6000 Blackwell Server Edition,I64,U32,64,1,2,2,1000000000,4,Yes,,,,,,,,
pfp_bloom_filter_add_unique_size_u32,0,NVIDIA RTX PRO 6000 Blackwell Server Edition,I64,U32,64,1,2,2,1000000000,8,Yes,,,,,,,,
pfp_bloom_filter_add_unique_size_u32,0,NVIDIA RTX PRO 6000 Blackwell Server Edition,I64,U32,64,1,2,2,1000000000,16,Yes,,,,,,,,
pfp_bloom_filter_add_unique_size_u32,0,NVIDIA RTX PRO 6000 Blackwell Server Edition,I64,U32,64,1,2,2,1000000000,32,Yes,,,,,,,,
pfp_bloom_filter_add_unique_size_u32,0,NVIDIA RTX PRO 6000 Blackwell Server Edition,I64,U32,64,1,2,2,1000000000,64,Yes,,,,,,,,
pfp_bloom_filter_add_unique_size_u32,0,NVIDIA RTX PRO 6000 Blackwell Server Edition,I64,U32,64,1,2,2,1000000000,128,Yes,,,,,,,,
pfp_bloom_filter_add_unique_size_u32,0,NVIDIA RTX PRO 6000 Blackwell Server Edition,I64,U32,64,1,2,2,1000000000,256,Yes,,,,,,,,
pfp_bloom_filter_add_unique_size_u32,0,NVIDIA RTX PRO 6000 Blackwell Server Edition,I64,U32,64,1,2,2,1000000000,512,Yes,,,,,,,,
pfp_bloom_filter_add_unique_size_u32,0,NVIDIA RTX PRO 6000 Blackwell Server Edition,I64,U32,64,1,2,2,1000000000,1024,Yes,,,,,,,,
pfp_bloom_filter_add_unique_size_u32,0,NVIDIA RTX PRO 6000 Blackwell Server Edition,I64,U32,64,1,2,2,1000000000,2048,Yes,,,,,,,,
pfp_bloom_filter_add_unique_size_u32,0,NVIDIA RTX PRO 6000 Blackwell Server Edition,I64,U32,64,1,2,4,1000000000,1,Yes,,,,,,,,
pfp_bloom_filter_add_unique_size_u32,0,NVIDIA RTX PRO 6000 Blackwell Server Edition,I64,U32,64,1,2,4,1000000000,2,Yes,,,,,,,,
pfp_bloom_filter_add_unique_size_u32,0,NVIDIA RTX PRO 6000 Blackwell Server Edition,I64,U32,64,1,2,4,1000000000,4,Yes,,,,,,,,
pfp_bloom_filter_add_unique_size_u32,0,NVIDIA RTX PRO 6000 Blackwell Server Edition,I64,U32,64,1,2,4,1000000000,8,Yes,,,,,,,,
pfp_bloom_filter_add_unique_size_u32,0,NVIDIA RTX PRO 6000 Blackwell Server Edition,I64,U32,64,1,2,4,1000000000,16,Yes,,,,,,,,
pfp_bloom_filter_add_unique_size_u32,0,NVIDIA RTX PRO 6000 Blackwell Server Edition,I64,U32,64,1,2,4,1000000000,32,Yes,,,,,,,,
pfp_bloom_filter_add_unique_size_u32,0,NVIDIA RTX PRO 6000 Blackwell Server Edition,I64,U32,64,1,2,4,1000000000,64,Yes,,,,,,,,
pfp_bloom_filter_add_unique_size_u32,0,NVIDIA RTX PRO 6000 Blackwell Server Edition,I64,U32,64,1,2,4,1000000000,128,Yes,,,,,,,,
pfp_bloom_filter_add_unique_size_u32,0,NVIDIA RTX PRO 6000 Blackwell Server Edition,I64,U32,64,1,2,4,1000000000,256,Yes,,,,,,,,
pfp_bloom_filter_add_unique_size_u32,0,NVIDIA RTX PRO 6000 Blackwell Server Edition,I64,U32,64,1,2,4,1000000000,512,Yes,,,,,,,,
pfp_bloom_filter_add_unique_size_u32,0,NVIDIA RTX PRO 6000 Blackwell Server Edition,I64,U32,64,1,2,4,1000000000,1024,Yes,,,,,,,,
pfp_bloom_filter_add_unique_size_u32,0,NVIDIA RTX PRO 6000 Blackwell Server Edition,I64,U32,64,1,2,4,1000000000,2048,Yes,,,,,,,,
pfp_bloom_filter_add_unique_size_u32,0,NVIDIA RTX PRO 6000 Blackwell Server Edition,I64,U32,64,1,2,8,1000000000,1,Yes,,,,,,,,
pfp_bloom_filter_add_unique_size_u32,0,NVIDIA RTX PRO 6000 Blackwell Server Edition,I64,U32,64,1,2,8,1000000000,2,Yes,,,,,,,,
pfp_bloom_filter_add_unique_size_u32,0,NVIDIA RTX PRO 6000 Blackwell Server Edition,I64,U32,64,1,2,8,1000000000,4,Yes,,,,,,,,
pfp_bloom_filter_add_unique_size_u32,0,NVIDIA RTX PRO 6000 Blackwell Server Edition,I64,U32,64,1,2,8,1000000000,8,Yes,,,,,,,,
pfp_bloom_filter_add_unique_size_u32,0,NVIDIA RTX PRO 6000 Blackwell Server Edition,I64,U32,64,1,2,8,1000000000,16,Yes,,,,,,,,
pfp_bloom_filter_add_unique_size_u32,0,NVIDIA RTX PRO 6000 Blackwell Server Edition,I64,U32,64,1,2,8,1000000000,32,Yes,,,,,,,,
pfp_bloom_filter_add_unique_size_u32,0,NVIDIA RTX PRO 6000 Blackwell Server Edition,I64,U32,64,1,2,8,1000000000,64,Yes,,,,,,,,
pfp_bloom_filter_add_unique_size_u32,0,NVIDIA RTX PRO 6000 Blackwell Server Edition,I64,U32,64,1,2,8,1000000000,128,Yes,,,,,,,,
pfp_bloom_filter_add_unique_size_u32,0,NVIDIA RTX PRO 6000 Blackwell Server Edition,I64,U32,64,1,2,8,1000000000,256,Yes,,,,,,,,
pfp_bloom_filter_add_unique_size_u32,0,NVIDIA RTX PRO 6000 Blackwell Server Edition,I64,U32,64,1,2,8,1000000000,512,Yes,,,,,,,,
pfp_bloom_filter_add_unique_size_u32,0,NVIDIA RTX PRO 6000 Blackwell Server Edition,I64,U32,64,1,2,8,1000000000,1024,Yes,,,,,,,,
pfp_bloom_filter_add_unique_size_u32,0,NVIDIA RTX PRO 6000 Blackwell Server Edition,I64,U32,64,1,2,8,1000000000,2048,Yes,,,,,,,,
pfp_bloom_filter_add_unique_size_u32,0,NVIDIA RTX PRO 6000 Blackwell Server Edition,I64,U32,64,1,4,1,1000000000,1,Yes,,,,,,,,
pfp_bloom_filter_add_unique_size_u32,0,NVIDIA RTX PRO 6000 Blackwell Server Edition,I64,U32,64,1,4,1,1000000000,2,Yes,,,,,,,,
pfp_bloom_filter_add_unique_size_u32,0,NVIDIA RTX PRO 6000 Blackwell Server Edition,I64,U32,64,1,4,1,1000000000,4,Yes,,,,,,,,
pfp_bloom_filter_add_unique_size_u32,0,NVIDIA RTX PRO 6000 Blackwell Server Edition,I64,U32,64,1,4,1,1000000000,8,Yes,,,,,,,,
pfp_bloom_filter_add_unique_size_u32,0,NVIDIA RTX PRO 6000 Blackwell Server Edition,I64,U32,64,1,4,1,1000000000,16,Yes,,,,,,,,
pfp_bloom_filter_add_unique_size_u32,0,NVIDIA RTX PRO 6000 Blackwell Server Edition,I64,U32,64,1,4,1,1000000000,32,Yes,,,,,,,,
pfp_bloom_filter_add_unique_size_u32,0,NVIDIA RTX PRO 6000 Blackwell Server Edition,I64,U32,64,1,4,1,1000000000,64,Yes,,,,,,,,
pfp_bloom_filter_add_unique_size_u32,0,NVIDIA RTX PRO 6000 Blackwell Server Edition,I64,U32,64,1,4,1,1000000000,128,Yes,,,,,,,,
pfp_bloom_filter_add_unique_size_u32,0,NVIDIA RTX PRO 6000 Blackwell Server Edition,I64,U32,64,1,4,1,1000000000,256,Yes,,,,,,,,
pfp_bloom_filter_add_unique_size_u32,0,NVIDIA RTX PRO 6000 Blackwell Server Edition,I64,U32,64,1,4,1,1000000000,512,Yes,,,,,,,,
pfp_bloom_filter_add_unique_size_u32,0,NVIDIA RTX PRO 6000 Blackwell Server Edition,I64,U32,64,1,4,1,1000000000,1024,Yes,,,,,,,,
pfp_bloom_filter_add_unique_size_u32,0,NVIDIA RTX PRO 6000 Blackwell Server Edition,I64,U32,64,1,4,1,1000000000,2048,Yes,,,,,,,,
pfp_bloom_filter_add_unique_size_u32,0,NVIDIA RTX PRO 6000 Blackwell Server Edition,I64,U32,64,1,4,2,1000000000,1,Yes,,,,,,,,
pfp_bloom_filter_add_unique_size_u32,0,NVIDIA RTX PRO 6000 Blackwell Server Edition,I64,U32,64,1,4,2,1000000000,2,Yes,,,,,,,,
pfp_bloom_filter_add_unique_size_u32,0,NVIDIA RTX PRO 6000 Blackwell Server Edition,I64,U32,64,1,4,2,1000000000,4,Yes,,,,,,,,
pfp_bloom_filter_add_unique_size_u32,0,NVIDIA RTX PRO 6000 Blackwell Server Edition,I64,U32,64,1,4,2,1000000000,8,Yes,,,,,,,,
pfp_bloom_filter_add_unique_size_u32,0,NVIDIA RTX PRO 6000 Blackwell Server Edition,I64,U32,64,1,4,2,1000000000,16,Yes,,,,,,,,
pfp_bloom_filter_add_unique_size_u32,0,NVIDIA RTX PRO 6000 Blackwell Server Edition,I64,U32,64,1,4,2,1000000000,32,Yes,,,,,,,,
pfp_bloom_filter_add_unique_size_u32,0,NVIDIA RTX PRO 6000 Blackwell Server Edition,I64,U32,64,1,4,2,1000000000,64,Yes,,,,,,,,
pfp_bloom_filter_add_unique_size_u32,0,NVIDIA RTX PRO 6000 Blackwell Server Edition,I64,U32,64,1,4,2,1000000000,128,Yes,,,,,,,,
pfp_bloom_filter_add_unique_size_u32,0,NVIDIA RTX PRO 6000 Blackwell Server Edition,I64,U32,64,1,4,2,1000000000,256,Yes,,,,,,,,
pfp_bloom_filter_add_unique_size_u32,0,NVIDIA RTX PRO 6000 Blackwell Server Edition,I64,U32,64,1,4,2,1000000000,512,Yes,,,,,,,,
pfp_bloom_filter_add_unique_size_u32,0,NVIDIA RTX PRO 6000 Blackwell Server Edition,I64,U32,64,1,4,2,1000000000,1024,Yes,,,,,,,,
pfp_bloom_filter_add_unique_size_u32,0,NVIDIA RTX PRO 6000 Blackwell Server Edition,I64,U32,64,1,4,2,1000000000,2048,Yes,,,,,,,,
pfp_bloom_filter_add_unique_size_u32,0,NVIDIA RTX PRO 6000 Blackwell Server Edition,I64,U32,64,1,4,4,1000000000,1,Yes,,,,,,,,
pfp_bloom_filter_add_unique_size_u32,0,NVIDIA RTX PRO 6000 Blackwell Server Edition,I64,U32,64,1,4,4,1000000000,2,Yes,,,,,,,,
pfp_bloom_filter_add_unique_size_u32,0,NVIDIA RTX PRO 6000 Blackwell Server Edition,I64,U32,64,1,4,4,1000000000,4,Yes,,,,,,,,
pfp_bloom_filter_add_unique_size_u32,0,NVIDIA RTX PRO 6000 Blackwell Server Edition,I64,U32,64,1,4,4,1000000000,8,Yes,,,,,,,,
pfp_bloom_filter_add_unique_size_u32,0,NVIDIA RTX PRO 6000 Blackwell Server Edition,I64,U32,64,1,4,4,1000000000,16,Yes,,,,,,,,
pfp_bloom_filter_add_unique_size_u32,0,NVIDIA RTX PRO 6000 Blackwell Server Edition,I64,U32,64,1,4,4,1000000000,32,Yes,,,,,,,,
pfp_bloom_filter_add_unique_size_u32,0,NVIDIA RTX PRO 6000 Blackwell Server Edition,I64,U32,64,1,4,4,1000000000,64,Yes,,,,,,,,
pfp_bloom_filter_add_unique_size_u32,0,NVIDIA RTX PRO 6000 Blackwell Server Edition,I64,U32,64,1,4,4,1000000000,128,Yes,,,,,,,,
pfp_bloom_filter_add_unique_size_u32,0,NVIDIA RTX PRO 6000 Blackwell Server Edition,I64,U32,64,1,4,4,1000000000,256,Yes,,,,,,,,
pfp_bloom_filter_add_unique_size_u32,0,NVIDIA RTX PRO 6000 Blackwell Server Edition,I64,U32,64,1,4,4,1000000000,512,Yes,,,,,,,,
pfp_bloom_filter_add_unique_size_u32,0,NVIDIA RTX PRO 6000 Blackwell Server Edition,I64,U32,64,1,4,4,1000000000,1024,Yes,,,,,,,,
pfp_bloom_filter_add_unique_size_u32,0,NVIDIA RTX PRO 6000 Blackwell Server Edition,I64,U32,64,1,4,4,1000000000,2048,Yes,,,,,,,,
pfp_bloom_filter_add_unique_size_u32,0,NVIDIA RTX PRO 6000 Blackwell Server Edition,I64,U32,64,1,4,8,1000000000,1,Yes,,,,,,,,
pfp_bloom_filter_add_unique_size_u32,0,NVIDIA RTX PRO 6000 Blackwell Server Edition,I64,U32,64,1,4,8,1000000000,2,Yes,,,,,,,,
pfp_bloom_filter_add_unique_size_u32,0,NVIDIA RTX PRO 6000 Blackwell Server Edition,I64,U32,64,1,4,8,1000000000,4,Yes,,,,,,,,
pfp_bloom_filter_add_unique_size_u32,0,NVIDIA RTX PRO 6000 Blackwell Server Edition,I64,U32,64,1,4,8,1000000000,8,Yes,,,,,,,,
pfp_bloom_filter_add_unique_size_u32,0,NVIDIA RTX PRO 6000 Blackwell Server Edition,I64,U32,64,1,4,8,1000000000,16,Yes,,,,,,,,
pfp_bloom_filter_add_unique_size_u32,0,NVIDIA RTX PRO 6000 Blackwell Server Edition,I64,U32,64,1,4,8,1000000000,32,Yes,,,,,,,,
pfp_bloom_filter_add_unique_size_u32,0,NVIDIA RTX PRO 6000 Blackwell Server Edition,I64,U32,64,1,4,8,1000000000,64,Yes,,,,,,,,
pfp_bloom_filter_add_unique_size_u32,0,NVIDIA RTX PRO 6000 Blackwell Server Edition,I64,U32,64,1,4,8,1000000000,128,Yes,,,,,,,,
pfp_bloom_filter_add_unique_size_u32,0,NVIDIA RTX PRO 6000 Blackwell Server Edition,I64,U32,64,1,4,8,1000000000,256,Yes,,,,,,,,
pfp_bloom_filter_add_unique_size_u32,0,NVIDIA RTX PRO 6000 Blackwell Server Edition,I64,U32,64,1,4,8,1000000000,512,Yes,,,,,,,,
pfp_bloom_filter_add_unique_size_u32,0,NVIDIA RTX PRO 6000 Blackwell Server Edition,I64,U32,64,1,4,8,1000000000,1024,Yes,,,,,,,,
pfp_bloom_filter_add_unique_size_u32,0,NVIDIA RTX PRO 6000 Blackwell Server Edition,I64,U32,64,1,4,8,1000000000,2048,Yes,,,,,,,,
pfp_bloom_filter_add_unique_size_u32,0,NVIDIA RTX PRO 6000 Blackwell Server Edition,I64,U32,64,1,8,1,1000000000,1,Yes,,,,,,,,
pfp_bloom_filter_add_unique_size_u32,0,NVIDIA RTX PRO 6000 Blackwell Server Edition,I64,U32,64,1,8,1,1000000000,2,Yes,,,,,,,,
pfp_bloom_filter_add_unique_size_u32,0,NVIDIA RTX PRO 6000 Blackwell Server Edition,I64,U32,64,1,8,1,1000000000,4,Yes,,,,,,,,
pfp_bloom_filter_add_unique_size_u32,0,NVIDIA RTX PRO 6000 Blackwell Server Edition,I64,U32,64,1,8,1,1000000000,8,Yes,,,,,,,,
pfp_bloom_filter_add_unique_size_u32,0,NVIDIA RTX PRO 6000 Blackwell Server Edition,I64,U32,64,1,8,1,1000000000,16,Yes,,,,,,,,
pfp_bloom_filter_add_unique_size_u32,0,NVIDIA RTX PRO 6000 Blackwell Server Edition,I64,U32,64,1,8,1,1000000000,32,Yes,,,,,,,,
pfp_bloom_filter_add_unique_size_u32,0,NVIDIA RTX PRO 6000 Blackwell Server Edition,I64,U32,64,1,8,1,1000000000,64,Yes,,,,,,,,
pfp_bloom_filter_add_unique_size_u32,0,NVIDIA RTX PRO 6000 Blackwell Server Edition,I64,U32,64,1,8,1,1000000000,128,Yes,,,,,,,,
pfp_bloom_filter_add_unique_size_u32,0,NVIDIA RTX PRO 6000 Blackwell Server Edition,I64,U32,64,1,8,1,1000000000,256,Yes,,,,,,,,
pfp_bloom_filter_add_unique_size_u32,0,NVIDIA RTX PRO 6000 Blackwell Server Edition,I64,U32,64,1,8,1,1000000000,512,Yes,,,,,,,,
pfp_bloom_filter_add_unique_size_u32,0,NVIDIA RTX PRO 6000 Blackwell Server Edition,I64,U32,64,1,8,1,1000000000,1024,Yes,,,,,,,,
pfp_bloom_filter_add_unique_size_u32,0,NVIDIA RTX PRO 6000 Blackwell Server Edition,I64,U32,64,1,8,1,1000000000,2048,Yes,,,,,,,,
pfp_bloom_filter_add_unique_size_u32,0,NVIDIA RTX PRO 6000 Blackwell Server Edition,I64,U32,64,1,8,2,1000000000,1,Yes,,,,,,,,
pfp_bloom_filter_add_unique_size_u32,0,NVIDIA RTX PRO 6000 Blackwell Server Edition,I64,U32,64,1,8,2,1000000000,2,Yes,,,,,,,,
pfp_bloom_filter_add_unique_size_u32,0,NVIDIA RTX PRO 6000 Blackwell Server Edition,I64,U32,64,1,8,2,1000000000,4,Yes,,,,,,,,
pfp_bloom_filter_add_unique_size_u32,0,NVIDIA RTX PRO 6000 Blackwell Server Edition,I64,U32,64,1,8,2,1000000000,8,Yes,,,,,,,,
pfp_bloom_filter_add_unique_size_u32,0,NVIDIA RTX PRO 6000 Blackwell Server Edition,I64,U32,64,1,8,2,1000000000,16,Yes,,,,,,,,
pfp_bloom_filter_add_unique_size_u32,0,NVIDIA RTX PRO 6000 Blackwell Server Edition,I64,U32,64,1,8,2,1000000000,32,Yes,,,,,,,,
pfp_bloom_filter_add_unique_size_u32,0,NVIDIA RTX PRO 6000 Blackwell Server Edition,I64,U32,64,1,8,2,1000000000,64,Yes,,,,,,,,
pfp_bloom_filter_add_unique_size_u32,0,NVIDIA RTX PRO 6000 Blackwell Server Edition,I64,U32,64,1,8,2,1000000000,128,Yes,,,,,,,,
pfp_bloom_filter_add_unique_size_u32,0,NVIDIA RTX PRO 6000 Blackwell Server Edition,I64,U32,64,1,8,2,1000000000,256,Yes,,,,,,,,
pfp_bloom_filter_add_unique_size_u32,0,NVIDIA RTX PRO 6000 Blackwell Server Edition,I64,U32,64,1,8,2,1000000000,512,Yes,,,,,,,,
pfp_bloom_filter_add_unique_size_u32,0,NVIDIA RTX PRO 6000 Blackwell Server Edition,I64,U32,64,1,8,2,1000000000,1024,Yes,,,,,,,,
pfp_bloom_filter_add_unique_size_u32,0,NVIDIA RTX PRO 6000 Blackwell Server Edition,I64,U32,64,1,8,2,1000000000,2048,Yes,,,,,,,,
pfp_bloom_filter_add_unique_size_u32,0,NVIDIA RTX PRO 6000 Blackwell Server Edition,I64,U32,64,1,8,4,1000000000,1,Yes,,,,,,,,
pfp_bloom_filter_add_unique_size_u32,0,NVIDIA RTX PRO 6000 Blackwell Server Edition,I64,U32,64,1,8,4,1000000000,2,Yes,,,,,,,,
pfp_bloom_filter_add_unique_size_u32,0,NVIDIA RTX PRO 6000 Blackwell Server Edition,I64,U32,64,1,8,4,1000000000,4,Yes,,,,,,,,
pfp_bloom_filter_add_unique_size_u32,0,NVIDIA RTX PRO 6000 Blackwell Server Edition,I64,U32,64,1,8,4,1000000000,8,Yes,,,,,,,,
pfp_bloom_filter_add_unique_size_u32,0,NVIDIA RTX PRO 6000 Blackwell Server Edition,I64,U32,64,1,8,4,1000000000,16,Yes,,,,,,,,
pfp_bloom_filter_add_unique_size_u32,0,NVIDIA RTX PRO 6000 Blackwell Server Edition,I64,U32,64,1,8,4,1000000000,32,Yes,,,,,,,,
pfp_bloom_filter_add_unique_size_u32,0,NVIDIA RTX PRO 6000 Blackwell Server Edition,I64,U32,64,1,8,4,1000000000,64,Yes,,,,,,,,
pfp_bloom_filter_add_unique_size_u32,0,NVIDIA RTX PRO 6000 Blackwell Server Edition,I64,U32,64,1,8,4,1000000000,128,Yes,,,,,,,,
pfp_bloom_filter_add_unique_size_u32,0,NVIDIA RTX PRO 6000 Blackwell Server Edition,I64,U32,64,1,8,4,1000000000,256,Yes,,,,,,,,
pfp_bloom_filter_add_unique_size_u32,0,NVIDIA RTX PRO 6000 Blackwell Server Edition,I64,U32,64,1,8,4,1000000000,512,Yes,,,,,,,,
pfp_bloom_filter_add_unique_size_u32,0,NVIDIA RTX PRO 6000 Blackwell Server Edition,I64,U32,64,1,8,4,1000000000,1024,Yes,,,,,,,,
pfp_bloom_filter_add_unique_size_u32,0,NVIDIA RTX PRO 6000 Blackwell Server Edition,I64,U32,64,1,8,4,1000000000,2048,Yes,,,,,,,,
pfp_bloom_filter_add_unique_size_u32,0,NVIDIA RTX PRO 6000 Blackwell Server Edition,I64,U32,64,1,8,8,1000000000,1,Yes,,,,,,,,
pfp_bloom_filter_add_unique_size_u32,0,NVIDIA RTX PRO 6000 Blackwell Server Edition,I64,U32,64,1,8,8,1000000000,2,Yes,,,,,,,,
pfp_bloom_filter_add_unique_size_u32,0,NVIDIA RTX PRO 6000 Blackwell Server Edition,I64,U32,64,1,8,8,1000000000,4,Yes,,,,,,,,
pfp_bloom_filter_add_unique_size_u32,0,NVIDIA RTX PRO 6000 Blackwell Server Edition,I64,U32,64,1,8,8,1000000000,8,Yes,,,,,,,,
pfp_bloom_filter_add_unique_size_u32,0,NVIDIA RTX PRO 6000 Blackwell Server Edition,I64,U32,64,1,8,8,1000000000,16,Yes,,,,,,,,
pfp_bloom_filter_add_unique_size_u32,0,NVIDIA RTX PRO 6000 Blackwell Server Edition,I64,U32,64,1,8,8,1000000000,32,Yes,,,,,,,,
pfp_bloom_filter_add_unique_size_u32,0,NVIDIA RTX PRO 6000 Blackwell Server Edition,I64,U32,64,1,8,8,1000000000,64,Yes,,,,,,,,
pfp_bloom_filter_add_unique_size_u32,0,NVIDIA RTX PRO 6000 Blackwell Server Edition,I64,U32,64,1,8,8,1000000000,128,Yes,,,,,,,,
pfp_bloom_filter_add_unique_size_u32,0,NVIDIA RTX PRO 6000 Blackwell Server Edition,I64,U32,64,1,8,8,1000000000,256,Yes,,,,,,,,
pfp_bloom_filter_add_unique_size_u32,0,NVIDIA RTX PRO 6000 Blackwell Server Edition,I64,U32,64,1,8,8,1000000000,512,Yes,,,,,,,,
pfp_bloom_filter_add_unique_size_u32,0,NVIDIA RTX PRO 6000 Blackwell Server Edition,I64,U32,64,1,8,8,1000000000,1024,Yes,,,,,,,,
pfp_bloom_filter_add_unique_size_u32,0,NVIDIA RTX PRO 6000 Blackwell Server Edition,I64,U32,64,1,8,8,1000000000,2048,Yes,,,,,,,,
pfp_bloom_filter_add_unique_size_u32,0,NVIDIA RTX PRO 6000 Blackwell Server Edition,I64,U32,64,20,1,1,1000000000,1,No,23,0.02186318965217391,7.296116891702443e-05,0.021852831964907442,4.87077925571616e-05,45760659378.421005,24,0.02184063975016276
pfp_bloom_filter_add_unique_size_u32,0,NVIDIA RTX PRO 6000 Blackwell Server Edition,I64,U32,64,20,1,1,1000000000,2,No,23,0.02197585908695652,6.302255965403485e-05,0.02196601453034774,5.724856806869894e-05,45524872007.09182,24,0.02194841480255127
pfp_bloom_filter_add_unique_size_u32,0,NVIDIA RTX PRO 6000 Blackwell Server Edition,I64,U32,64,20,1,1,1000000000,4,No,23,0.02203390852173913,5.211294521856127e-05,0.022024194966191835,3.740244317782526e-05,45404610771.70115,24,0.022000893274943034
pfp_bloom_filter_add_unique_size_u32,0,NVIDIA RTX PRO 6000 Blackwell Server Edition,I64,U32,64,20,1,1,1000000000,8,No,23,0.022074780173913046,7.381186972988051e-05,0.022064126719599182,4.914371439833018e-05,45322437307.78238,24,0.022026280562082928
pfp_bloom_filter_add_unique_size_u32,0,NVIDIA RTX PRO 6000 Blackwell Server Edition,I64,U32,64,20,1,1,1000000000,16,No,23,0.022109080608695656,8.15632208296464e-05,0.022098865923674212,6.818684998505825e-05,45251190873.49699,24,0.022041767915089928
pfp_bloom_filter_add_unique_size_u32,0,NVIDIA RTX PRO 6000 Blackwell Server Edition,I64,U32,64,20,1,1,1000000000,32,No,23,0.022149136391304346,7.448153732926606e-05,0.02213950580099355,6.224117486952385e-05,45168126560.21993,24,0.02204488229751587
pfp_bloom_filter_add_unique_size_u32,0,NVIDIA RTX PRO 6000 Blackwell Server Edition,I64,U32,64,20,1,1,1000000000,64,No,22,0.02370684281818182,0.00019281358512268597,0.02369699339433149,0.000189155812686139,42199446290.90406,23,0.02329590706203295
pfp_bloom_filter_add_unique_size_u32,0,NVIDIA RTX PRO 6000 Blackwell Server Edition,I64,U32,64,20,1,1,1000000000,128,No,11,0.09303616172727275,0.00022060285737001036,0.09302485518022019,0.000217029072314591,10749815176.413511,12,0.09289984194437663
pfp_bloom_filter_add_unique_size_u32,0,NVIDIA RTX PRO 6000 Blackwell Server Edition,I64,U32,64,20,1,1,1000000000,256,No,11,0.13933132363636364,0.00019880013322047562,0.13931905850497162,0.00019618386148273484,7177768861.855429,12,0.13927360534667965
pfp_bloom_filter_add_unique_size_u32,0,NVIDIA RTX PRO 6000 Blackwell Server Edition,I64,U32,64,20,1,1,1000000000,512,No,11,0.1605846601818182,0.00013286467133924917,0.1605721047141335,0.000133161316942744,6227731783.053475,12,0.16055517705281572
pfp_bloom_filter_add_unique_size_u32,0,NVIDIA RTX PRO 6000 Blackwell Server Edition,I64,U32,64,20,1,1,1000000000,1024,No,11,0.1699554810909091,9.320046487004287e-05,0.16994286415793677,9.222361584751208e-05,5884330624.618917,12,0.1699242210388184
pfp_bloom_filter_add_unique_size_u32,0,NVIDIA RTX PRO 6000 Blackwell Server Edition,I64,U32,64,20,1,1,1000000000,2048,No,11,0.1745097650909091,0.00013038988743755128,0.17449693437056107,0.00013212577661805442,5730759704.215797,12,0.17448170725504555
pfp_bloom_filter_add_unique_size_u32,0,NVIDIA RTX PRO 6000 Blackwell Server Edition,I64,U32,64,20,1,2,1000000000,1,No,23,0.02185861552173914,5.495386653977739e-05,0.021847988957944126,5.398600134203447e-05,45770803066.814575,24,0.0218408940633138
pfp_bloom_filter_add_unique_size_u32,0,NVIDIA RTX PRO 6000 Blackwell Server Edition,I64,U32,64,20,1,2,1000000000,2,No,23,0.02197179060869565,7.002306331358969e-05,0.02196109813192617,4.207470188873375e-05,45535063592.573265,24,0.021949162483215334
pfp_bloom_filter_add_unique_size_u32,0,NVIDIA RTX PRO 6000 Blackwell Server Edition,I64,U32,64,20,1,2,1000000000,4,No,23,0.022035824565217393,6.201503166814693e-05,0.022025611048159394,3.490880430558496e-05,45401691595.00193,24,0.022003413995107014
pfp_bloom_filter_add_unique_size_u32,0,NVIDIA RTX PRO 6000 Blackwell Server Edition,I64,U32,64,20,1,2,1000000000,8,No,23,0.022079301608695655,7.09812619652034e-05,0.022068879251894748,5.2807049641111945e-05,45312677122.65651,24,0.02202913808822632
pfp_bloom_filter_add_unique_size_u32,0,NVIDIA RTX PRO 6000 Blackwell Server Edition,I64,U32,64,20,1,2,1000000000,16,No,23,0.02210691804347826,6.203115817206384e-05,0.022095976456351897,3.769183149976213e-05,45257108323.562294,24,0.022040530681610108
pfp_bloom_filter_add_unique_size_u32,0,NVIDIA RTX PRO 6000 Blackwell Server Edition,I64,U32,64,20,1,2,1000000000,32,No,23,0.022153284695652177,5.477643179335254e-05,0.02214239029262377,4.6614009113902956e-05,45162242503.38172,24,0.022048978249231976
pfp_bloom_filter_add_unique_size_u32,0,NVIDIA RTX PRO 6000 Blackwell Server Edition,I64,U32,64,20,1,2,1000000000,64,No,22,0.02370890213636364,0.0003984190950714634,0.023698046510869805,0.00038860138338422717,42197570991.40305,23,0.023301563262939452
pfp_bloom_filter_add_unique_size_u32,0,NVIDIA RTX PRO 6000 Blackwell Server Edition,I64,U32,64,20,1,2,1000000000,128,No,11,0.09295382418181819,0.00010484011414232866,0.09294205405495383,0.00010526731445274721,10759392076.79583,12,0.09282444190979001
pfp_bloom_filter_add_unique_size_u32,0,NVIDIA RTX PRO 6000 Blackwell Server Edition,I64,U32,64,20,1,2,1000000000,256,No,11,0.13935027990909088,0.00026553432457609164,0.13933820412375708,0.0002635918740583453,7176782608.105257,12,0.1392653643290202
pfp_bloom_filter_add_unique_size_u32,0,NVIDIA RTX PRO 6000 Blackwell Server Edition,I64,U32,64,20,1,2,1000000000,512,No,11,0.16060629963636364,0.00019908813491862157,0.16059402881969104,0.00019546240107176419,6226881580.527272,12,0.1605572967529297
pfp_bloom_filter_add_unique_size_u32,0,NVIDIA RTX PRO 6000 Blackwell Server Edition,I64,U32,64,20,1,2,1000000000,1024,No,11,0.1699392240909091,7.32924022572397e-05,0.16992778431285513,7.33605496693672e-05,5884852815.822595,12,0.16989678955078125
pfp_bloom_filter_add_unique_size_u32,0,NVIDIA RTX PRO 6000 Blackwell Server Edition,I64,U32,64,20,1,2,1000000000,2048,No,11,0.17450593945454546,0.00015894646602692252,0.1744936398592862,0.00015722181604272575,5730867903.302448,12,0.174461186726888
pfp_bloom_filter_add_unique_size_u32,0,NVIDIA RTX PRO 6000 Blackwell Server Edition,I64,U32,64,20,1,4,1000000000,1,Yes,,,,,,,,
pfp_bloom_filter_add_unique_size_u32,0,NVIDIA RTX PRO 6000 Blackwell Server Edition,I64,U32,64,20,1,4,1000000000,2,Yes,,,,,,,,
pfp_bloom_filter_add_unique_size_u32,0,NVIDIA RTX PRO 6000 Blackwell Server Edition,I64,U32,64,20,1,4,1000000000,4,Yes,,,,,,,,
pfp_bloom_filter_add_unique_size_u32,0,NVIDIA RTX PRO 6000 Blackwell Server Edition,I64,U32,64,20,1,4,1000000000,8,Yes,,,,,,,,
pfp_bloom_filter_add_unique_size_u32,0,NVIDIA RTX PRO 6000 Blackwell Server Edition,I64,U32,64,20,1,4,1000000000,16,Yes,,,,,,,,
pfp_bloom_filter_add_unique_size_u32,0,NVIDIA RTX PRO 6000 Blackwell Server Edition,I64,U32,64,20,1,4,1000000000,32,Yes,,,,,,,,
pfp_bloom_filter_add_unique_size_u32,0,NVIDIA RTX PRO 6000 Blackwell Server Edition,I64,U32,64,20,1,4,1000000000,64,Yes,,,,,,,,
pfp_bloom_filter_add_unique_size_u32,0,NVIDIA RTX PRO 6000 Blackwell Server Edition,I64,U32,64,20,1,4,1000000000,128,Yes,,,,,,,,
pfp_bloom_filter_add_unique_size_u32,0,NVIDIA RTX PRO 6000 Blackwell Server Edition,I64,U32,64,20,1,4,1000000000,256,Yes,,,,,,,,
pfp_bloom_filter_add_unique_size_u32,0,NVIDIA RTX PRO 6000 Blackwell Server Edition,I64,U32,64,20,1,4,1000000000,512,Yes,,,,,,,,
pfp_bloom_filter_add_unique_size_u32,0,NVIDIA RTX PRO 6000 Blackwell Server Edition,I64,U32,64,20,1,4,1000000000,1024,Yes,,,,,,,,
pfp_bloom_filter_add_unique_size_u32,0,NVIDIA RTX PRO 6000 Blackwell Server Edition,I64,U32,64,20,1,4,1000000000,2048,Yes,,,,,,,,
pfp_bloom_filter_add_unique_size_u32,0,NVIDIA RTX PRO 6000 Blackwell Server Edition,I64,U32,64,20,1,8,1000000000,1,Yes,,,,,,,,
pfp_bloom_filter_add_unique_size_u32,0,NVIDIA RTX PRO 6000 Blackwell Server Edition,I64,U32,64,20,1,8,1000000000,2,Yes,,,,,,,,
pfp_bloom_filter_add_unique_size_u32,0,NVIDIA RTX PRO 6000 Blackwell Server Edition,I64,U32,64,20,1,8,1000000000,4,Yes,,,,,,,,
pfp_bloom_filter_add_unique_size_u32,0,NVIDIA RTX PRO 6000 Blackwell Server Edition,I64,U32,64,20,1,8,1000000000,8,Yes,,,,,,,,
pfp_bloom_filter_add_unique_size_u32,0,NVIDIA RTX PRO 6000 Blackwell Server Edition,I64,U32,64,20,1,8,1000000000,16,Yes,,,,,,,,
pfp_bloom_filter_add_unique_size_u32,0,NVIDIA RTX PRO 6000 Blackwell Server Edition,I64,U32,64,20,1,8,1000000000,32,Yes,,,,,,,,
pfp_bloom_filter_add_unique_size_u32,0,NVIDIA RTX PRO 6000 Blackwell Server Edition,I64,U32,64,20,1,8,1000000000,64,Yes,,,,,,,,
pfp_bloom_filter_add_unique_size_u32,0,NVIDIA RTX PRO 6000 Blackwell Server Edition,I64,U32,64,20,1,8,1000000000,128,Yes,,,,,,,,
pfp_bloom_filter_add_unique_size_u32,0,NVIDIA RTX PRO 6000 Blackwell Server Edition,I64,U32,64,20,1,8,1000000000,256,Yes,,,,,,,,
pfp_bloom_filter_add_unique_size_u32,0,NVIDIA RTX PRO 6000 Blackwell Server Edition,I64,U32,64,20,1,8,1000000000,512,Yes,,,,,,,,
pfp_bloom_filter_add_unique_size_u32,0,NVIDIA RTX PRO 6000 Blackwell Server Edition,I64,U32,64,20,1,8,1000000000,1024,Yes,,,,,,,,
pfp_bloom_filter_add_unique_size_u32,0,NVIDIA RTX PRO 6000 Blackwell Server Edition,I64,U32,64,20,1,8,1000000000,2048,Yes,,,,,,,,
pfp_bloom_filter_add_unique_size_u32,0,NVIDIA RTX PRO 6000 Blackwell Server Edition,I64,U32,64,20,2,1,1000000000,1,No,42,0.012000911523809525,0.02409209651475315,0.011990077654520669,0.02409446865265078,83402295532.50357,43,0.012175622274709301
pfp_bloom_filter_add_unique_size_u32,0,NVIDIA RTX PRO 6000 Blackwell Server Edition,I64,U32,64,20,2,1,1000000000,2,No,42,0.011943018142857146,0.025907745870080233,0.011932732877277188,0.025923506438192405,83803099447.9263,43,0.012231416924055234
pfp_bloom_filter_add_unique_size_u32,0,NVIDIA RTX PRO 6000 Blackwell Server Edition,I64,U32,64,20,2,1,1000000000,4,No,42,0.01200633078571429,0.025629238065641716,0.011996272790999643,0.025632536777217375,83359224771.06912,43,0.012270686659702034
pfp_bloom_filter_add_unique_size_u32,0,NVIDIA RTX PRO 6000 Blackwell Server Edition,I64,U32,64,20,2,1,1000000000,8,No,43,0.011857153116279074,0.026819848654882055,0.011846377638883368,0.026859692904178924,84413989700.7588,44,0.01228853422945196
pfp_bloom_filter_add_unique_size_u32,0,NVIDIA RTX PRO 6000 Blackwell Server Edition,I64,U32,64,20,2,1,1000000000,16,No,43,0.011895610744186049,0.026960265598345613,0.011884846177212029,0.02696100245553418,84140760855.39897,44,0.012294468836350875
pfp_bloom_filter_add_unique_size_u32,0,NVIDIA RTX PRO 6000 Blackwell Server Edition,I64,U32,64,20,2,1,1000000000,32,No,43,0.011841607860465122,0.02627636453318058,0.011831965801327728,0.02632066159410675,84516809530.31361,45,0.012229790581597223
pfp_bloom_filter_add_unique_size_u32,0,NVIDIA RTX PRO 6000 Blackwell Server Edition,I64,U32,64,20,2,1,1000000000,64,No,25,0.020592017240000003,0.0001341670710223778,0.02058164482116699,0.0001286372296277098,48586981686.30137,26,0.020277994816119856
pfp_bloom_filter_add_unique_size_u32,0,NVIDIA RTX PRO 6000 Blackwell Server Edition,I64,U32,64,20,2,1,1000000000,128,No,11,0.08398127563636364,0.00021722304555232767,0.08397024605490945,0.00021662256641760322,11908980227.902208,12,0.08386150296529134
pfp_bloom_filter_add_unique_size_u32,0,NVIDIA RTX PRO 6000 Blackwell Server Edition,I64,U32,64,20,2,1,1000000000,256,No,11,0.13821316500000003,0.00021084628559450184,0.1382011885209517,0.0002086126622221767,7235827786.302989,12,0.13815842056274416
pfp_bloom_filter_add_unique_size_u32,0,NVIDIA RTX PRO 6000 Blackwell Server Edition,I64,U32,64,20,2,1,1000000000,512,No,11,0.15723497554545457,0.0001699136392356389,0.15722274641557174,0.00016818510339225768,6360402822.100539,12,0.15721335220336916
pfp_bloom_filter_add_unique_size_u32,0,NVIDIA RTX PRO 6000 Blackwell Server Edition,I64,U32,64,20,2,1,1000000000,1024,No,11,0.1652733209090909,0.00010247812699162872,0.16526108620383526,0.0001044694005343958,6051031267.981541,12,0.16524107360839846
pfp_bloom_filter_add_unique_size_u32,0,NVIDIA RTX PRO 6000 Blackwell Server Edition,I64,U32,64,20,2,1,1000000000,2048,No,11,0.1687452682727273,0.00016860894038387843,0.1687327450838956,0.00016996575345804132,5926531921.843564,12,0.16872029749552409
pfp_bloom_filter_add_unique_size_u32,0,NVIDIA RTX PRO 6000 Blackwell Server Edition,I64,U32,64,20,2,2,1000000000,1,Yes,,,,,,,,
pfp_bloom_filter_add_unique_size_u32,0,NVIDIA RTX PRO 6000 Blackwell Server Edition,I64,U32,64,20,2,2,1000000000,2,Yes,,,,,,,,
pfp_bloom_filter_add_unique_size_u32,0,NVIDIA RTX PRO 6000 Blackwell Server Edition,I64,U32,64,20,2,2,1000000000,4,Yes,,,,,,,,
pfp_bloom_filter_add_unique_size_u32,0,NVIDIA RTX PRO 6000 Blackwell Server Edition,I64,U32,64,20,2,2,1000000000,8,Yes,,,,,,,,
pfp_bloom_filter_add_unique_size_u32,0,NVIDIA RTX PRO 6000 Blackwell Server Edition,I64,U32,64,20,2,2,1000000000,16,Yes,,,,,,,,
pfp_bloom_filter_add_unique_size_u32,0,NVIDIA RTX PRO 6000 Blackwell Server Edition,I64,U32,64,20,2,2,1000000000,32,Yes,,,,,,,,
pfp_bloom_filter_add_unique_size_u32,0,NVIDIA RTX PRO 6000 Blackwell Server Edition,I64,U32,64,20,2,2,1000000000,64,Yes,,,,,,,,
pfp_bloom_filter_add_unique_size_u32,0,NVIDIA RTX PRO 6000 Blackwell Server Edition,I64,U32,64,20,2,2,1000000000,128,Yes,,,,,,,,
pfp_bloom_filter_add_unique_size_u32,0,NVIDIA RTX PRO 6000 Blackwell Server Edition,I64,U32,64,20,2,2,1000000000,256,Yes,,,,,,,,
pfp_bloom_filter_add_unique_size_u32,0,NVIDIA RTX PRO 6000 Blackwell Server Edition,I64,U32,64,20,2,2,1000000000,512,Yes,,,,,,,,
pfp_bloom_filter_add_unique_size_u32,0,NVIDIA RTX PRO 6000 Blackwell Server Edition,I64,U32,64,20,2,2,1000000000,1024,Yes,,,,,,,,
pfp_bloom_filter_add_unique_size_u32,0,NVIDIA RTX PRO 6000 Blackwell Server Edition,I64,U32,64,20,2,2,1000000000,2048,Yes,,,,,,,,
pfp_bloom_filter_add_unique_size_u32,0,NVIDIA RTX PRO 6000 Blackwell Server Edition,I64,U32,64,20,2,4,1000000000,1,Yes,,,,,,,,
pfp_bloom_filter_add_unique_size_u32,0,NVIDIA RTX PRO 6000 Blackwell Server Edition,I64,U32,64,20,2,4,1000000000,2,Yes,,,,,,,,
pfp_bloom_filter_add_unique_size_u32,0,NVIDIA RTX PRO 6000 Blackwell Server Edition,I64,U32,64,20,2,4,1000000000,4,Yes,,,,,,,,
pfp_bloom_filter_add_unique_size_u32,0,NVIDIA RTX PRO 6000 Blackwell Server Edition,I64,U32,64,20,2,4,1000000000,8,Yes,,,,,,,,
pfp_bloom_filter_add_unique_size_u32,0,NVIDIA RTX PRO 6000 Blackwell Server Edition,I64,U32,64,20,2,4,1000000000,16,Yes,,,,,,,,
pfp_bloom_filter_add_unique_size_u32,0,NVIDIA RTX PRO 6000 Blackwell Server Edition,I64,U32,64,20,2,4,1000000000,32,Yes,,,,,,,,
pfp_bloom_filter_add_unique_size_u32,0,NVIDIA RTX PRO 6000 Blackwell Server Edition,I64,U32,64,20,2,4,1000000000,64,Yes,,,,,,,,
pfp_bloom_filter_add_unique_size_u32,0,NVIDIA RTX PRO 6000 Blackwell Server Edition,I64,U32,64,20,2,4,1000000000,128,Yes,,,,,,,,
pfp_bloom_filter_add_unique_size_u32,0,NVIDIA RTX PRO 6000 Blackwell Server Edition,I64,U32,64,20,2,4,1000000000,256,Yes,,,,,,,,
pfp_bloom_filter_add_unique_size_u32,0,NVIDIA RTX PRO 6000 Blackwell Server Edition,I64,U32,64,20,2,4,1000000000,512,Yes,,,,,,,,
pfp_bloom_filter_add_unique_size_u32,0,NVIDIA RTX PRO 6000 Blackwell Server Edition,I64,U32,64,20,2,4,1000000000,1024,Yes,,,,,,,,
pfp_bloom_filter_add_unique_size_u32,0,NVIDIA RTX PRO 6000 Blackwell Server Edition,I64,U32,64,20,2,4,1000000000,2048,Yes,,,,,,,,
pfp_bloom_filter_add_unique_size_u32,0,NVIDIA RTX PRO 6000 Blackwell Server Edition,I64,U32,64,20,2,8,1000000000,1,Yes,,,,,,,,
pfp_bloom_filter_add_unique_size_u32,0,NVIDIA RTX PRO 6000 Blackwell Server Edition,I64,U32,64,20,2,8,1000000000,2,Yes,,,,,,,,
pfp_bloom_filter_add_unique_size_u32,0,NVIDIA RTX PRO 6000 Blackwell Server Edition,I64,U32,64,20,2,8,1000000000,4,Yes,,,,,,,,
pfp_bloom_filter_add_unique_size_u32,0,NVIDIA RTX PRO 6000 Blackwell Server Edition,I64,U32,64,20,2,8,1000000000,8,Yes,,,,,,,,
pfp_bloom_filter_add_unique_size_u32,0,NVIDIA RTX PRO 6000 Blackwell Server Edition,I64,U32,64,20,2,8,1000000000,16,Yes,,,,,,,,
pfp_bloom_filter_add_unique_size_u32,0,NVIDIA RTX PRO 6000 Blackwell Server Edition,I64,U32,64,20,2,8,1000000000,32,Yes,,,,,,,,
pfp_bloom_filter_add_unique_size_u32,0,NVIDIA RTX PRO 6000 Blackwell Server Edition,I64,U32,64,20,2,8,1000000000,64,Yes,,,,,,,,
pfp_bloom_filter_add_unique_size_u32,0,NVIDIA RTX PRO 6000 Blackwell Server Edition,I64,U32,64,20,2,8,1000000000,128,Yes,,,,,,,,
pfp_bloom_filter_add_unique_size_u32,0,NVIDIA RTX PRO 6000 Blackwell Server Edition,I64,U32,64,20,2,8,1000000000,256,Yes,,,,,,,,
pfp_bloom_filter_add_unique_size_u32,0,NVIDIA RTX PRO 6000 Blackwell Server Edition,I64,U32,64,20,2,8,1000000000,512,Yes,,,,,,,,
pfp_bloom_filter_add_unique_size_u32,0,NVIDIA RTX PRO 6000 Blackwell Server Edition,I64,U32,64,20,2,8,1000000000,1024,Yes,,,,,,,,
pfp_bloom_filter_add_unique_size_u32,0,NVIDIA RTX PRO 6000 Blackwell Server Edition,I64,U32,64,20,2,8,1000000000,2048,Yes,,,,,,,,
pfp_bloom_filter_add_unique_size_u32,0,NVIDIA RTX PRO 6000 Blackwell Server Edition,I64,U32,64,20,4,1,1000000000,1,Yes,,,,,,,,
pfp_bloom_filter_add_unique_size_u32,0,NVIDIA RTX PRO 6000 Blackwell Server Edition,I64,U32,64,20,4,1,1000000000,2,Yes,,,,,,,,
pfp_bloom_filter_add_unique_size_u32,0,NVIDIA RTX PRO 6000 Blackwell Server Edition,I64,U32,64,20,4,1,1000000000,4,Yes,,,,,,,,
pfp_bloom_filter_add_unique_size_u32,0,NVIDIA RTX PRO 6000 Blackwell Server Edition,I64,U32,64,20,4,1,1000000000,8,Yes,,,,,,,,
pfp_bloom_filter_add_unique_size_u32,0,NVIDIA RTX PRO 6000 Blackwell Server Edition,I64,U32,64,20,4,1,1000000000,16,Yes,,,,,,,,
pfp_bloom_filter_add_unique_size_u32,0,NVIDIA RTX PRO 6000 Blackwell Server Edition,I64,U32,64,20,4,1,1000000000,32,Yes,,,,,,,,
pfp_bloom_filter_add_unique_size_u32,0,NVIDIA RTX PRO 6000 Blackwell Server Edition,I64,U32,64,20,4,1,1000000000,64,Yes,,,,,,,,
pfp_bloom_filter_add_unique_size_u32,0,NVIDIA RTX PRO 6000 Blackwell Server Edition,I64,U32,64,20,4,1,1000000000,128,Yes,,,,,,,,
pfp_bloom_filter_add_unique_size_u32,0,NVIDIA RTX PRO 6000 Blackwell Server Edition,I64,U32,64,20,4,1,1000000000,256,Yes,,,,,,,,
pfp_bloom_filter_add_unique_size_u32,0,NVIDIA RTX PRO 6000 Blackwell Server Edition,I64,U32,64,20,4,1,1000000000,512,Yes,,,,,,,,
pfp_bloom_filter_add_unique_size_u32,0,NVIDIA RTX PRO 6000 Blackwell Server Edition,I64,U32,64,20,4,1,1000000000,1024,Yes,,,,,,,,
pfp_bloom_filter_add_unique_size_u32,0,NVIDIA RTX PRO 6000 Blackwell Server Edition,I64,U32,64,20,4,1,1000000000,2048,Yes,,,,,,,,
pfp_bloom_filter_add_unique_size_u32,0,NVIDIA RTX PRO 6000 Blackwell Server Edition,I64,U32,64,20,4,2,1000000000,1,Yes,,,,,,,,
pfp_bloom_filter_add_unique_size_u32,0,NVIDIA RTX PRO 6000 Blackwell Server Edition,I64,U32,64,20,4,2,1000000000,2,Yes,,,,,,,,
pfp_bloom_filter_add_unique_size_u32,0,NVIDIA RTX PRO 6000 Blackwell Server Edition,I64,U32,64,20,4,2,1000000000,4,Yes,,,,,,,,
pfp_bloom_filter_add_unique_size_u32,0,NVIDIA RTX PRO 6000 Blackwell Server Edition,I64,U32,64,20,4,2,1000000000,8,Yes,,,,,,,,
pfp_bloom_filter_add_unique_size_u32,0,NVIDIA RTX PRO 6000 Blackwell Server Edition,I64,U32,64,20,4,2,1000000000,16,Yes,,,,,,,,
pfp_bloom_filter_add_unique_size_u32,0,NVIDIA RTX PRO 6000 Blackwell Server Edition,I64,U32,64,20,4,2,1000000000,32,Yes,,,,,,,,
pfp_bloom_filter_add_unique_size_u32,0,NVIDIA RTX PRO 6000 Blackwell Server Edition,I64,U32,64,20,4,2,1000000000,64,Yes,,,,,,,,
pfp_bloom_filter_add_unique_size_u32,0,NVIDIA RTX PRO 6000 Blackwell Server Edition,I64,U32,64,20,4,2,1000000000,128,Yes,,,,,,,,
pfp_bloom_filter_add_unique_size_u32,0,NVIDIA RTX PRO 6000 Blackwell Server Edition,I64,U32,64,20,4,2,1000000000,256,Yes,,,,,,,,
pfp_bloom_filter_add_unique_size_u32,0,NVIDIA RTX PRO 6000 Blackwell Server Edition,I64,U32,64,20,4,2,1000000000,512,Yes,,,,,,,,
pfp_bloom_filter_add_unique_size_u32,0,NVIDIA RTX PRO 6000 Blackwell Server Edition,I64,U32,64,20,4,2,1000000000,1024,Yes,,,,,,,,
pfp_bloom_filter_add_unique_size_u32,0,NVIDIA RTX PRO 6000 Blackwell Server Edition,I64,U32,64,20,4,2,1000000000,2048,Yes,,,,,,,,
pfp_bloom_filter_add_unique_size_u32,0,NVIDIA RTX PRO 6000 Blackwell Server Edition,I64,U32,64,20,4,4,1000000000,1,Yes,,,,,,,,
pfp_bloom_filter_add_unique_size_u32,0,NVIDIA RTX PRO 6000 Blackwell Server Edition,I64,U32,64,20,4,4,1000000000,2,Yes,,,,,,,,
pfp_bloom_filter_add_unique_size_u32,0,NVIDIA RTX PRO 6000 Blackwell Server Edition,I64,U32,64,20,4,4,1000000000,4,Yes,,,,,,,,
pfp_bloom_filter_add_unique_size_u32,0,NVIDIA RTX PRO 6000 Blackwell Server Edition,I64,U32,64,20,4,4,1000000000,8,Yes,,,,,,,,
pfp_bloom_filter_add_unique_size_u32,0,NVIDIA RTX PRO 6000 Blackwell Server Edition,I64,U32,64,20,4,4,1000000000,16,Yes,,,,,,,,
pfp_bloom_filter_add_unique_size_u32,0,NVIDIA RTX PRO 6000 Blackwell Server Edition,I64,U32,64,20,4,4,1000000000,32,Yes,,,,,,,,
pfp_bloom_filter_add_unique_size_u32,0,NVIDIA RTX PRO 6000 Blackwell Server Edition,I64,U32,64,20,4,4,1000000000,64,Yes,,,,,,,,
pfp_bloom_filter_add_unique_size_u32,0,NVIDIA RTX PRO 6000 Blackwell Server Edition,I64,U32,64,20,4,4,1000000000,128,Yes,,,,,,,,
pfp_bloom_filter_add_unique_size_u32,0,NVIDIA RTX PRO 6000 Blackwell Server Edition,I64,U32,64,20,4,4,1000000000,256,Yes,,,,,,,,
pfp_bloom_filter_add_unique_size_u32,0,NVIDIA RTX PRO 6000 Blackwell Server Edition,I64,U32,64,20,4,4,1000000000,512,Yes,,,,,,,,
pfp_bloom_filter_add_unique_size_u32,0,NVIDIA RTX PRO 6000 Blackwell Server Edition,I64,U32,64,20,4,4,1000000000,1024,Yes,,,,,,,,
pfp_bloom_filter_add_unique_size_u32,0,NVIDIA RTX PRO 6000 Blackwell Server Edition,I64,U32,64,20,4,4,1000000000,2048,Yes,,,,,,,,
pfp_bloom_filter_add_unique_size_u32,0,NVIDIA RTX PRO 6000 Blackwell Server Edition,I64,U32,64,20,4,8,1000000000,1,Yes,,,,,,,,
pfp_bloom_filter_add_unique_size_u32,0,NVIDIA RTX PRO 6000 Blackwell Server Edition,I64,U32,64,20,4,8,1000000000,2,Yes,,,,,,,,
pfp_bloom_filter_add_unique_size_u32,0,NVIDIA RTX PRO 6000 Blackwell Server Edition,I64,U32,64,20,4,8,1000000000,4,Yes,,,,,,,,
pfp_bloom_filter_add_unique_size_u32,0,NVIDIA RTX PRO 6000 Blackwell Server Edition,I64,U32,64,20,4,8,1000000000,8,Yes,,,,,,,,
pfp_bloom_filter_add_unique_size_u32,0,NVIDIA RTX PRO 6000 Blackwell Server Edition,I64,U32,64,20,4,8,1000000000,16,Yes,,,,,,,,
pfp_bloom_filter_add_unique_size_u32,0,NVIDIA RTX PRO 6000 Blackwell Server Edition,I64,U32,64,20,4,8,1000000000,32,Yes,,,,,,,,
pfp_bloom_filter_add_unique_size_u32,0,NVIDIA RTX PRO 6000 Blackwell Server Edition,I64,U32,64,20,4,8,1000000000,64,Yes,,,,,,,,
pfp_bloom_filter_add_unique_size_u32,0,NVIDIA RTX PRO 6000 Blackwell Server Edition,I64,U32,64,20,4,8,1000000000,128,Yes,,,,,,,,
pfp_bloom_filter_add_unique_size_u32,0,NVIDIA RTX PRO 6000 Blackwell Server Edition,I64,U32,64,20,4,8,1000000000,256,Yes,,,,,,,,
pfp_bloom_filter_add_unique_size_u32,0,NVIDIA RTX PRO 6000 Blackwell Server Edition,I64,U32,64,20,4,8,1000000000,512,Yes,,,,,,,,
pfp_bloom_filter_add_unique_size_u32,0,NVIDIA RTX PRO 6000 Blackwell Server Edition,I64,U32,64,20,4,8,1000000000,1024,Yes,,,,,,,,
pfp_bloom_filter_add_unique_size_u32,0,NVIDIA RTX PRO 6000 Blackwell Server Edition,I64,U32,64,20,4,8,1000000000,2048,Yes,,,,,,,,
pfp_bloom_filter_add_unique_size_u32,0,NVIDIA RTX PRO 6000 Blackwell Server Edition,I64,U32,64,20,8,1,1000000000,1,Yes,,,,,,,,
pfp_bloom_filter_add_unique_size_u32,0,NVIDIA RTX PRO 6000 Blackwell Server Edition,I64,U32,64,20,8,1,1000000000,2,Yes,,,,,,,,
pfp_bloom_filter_add_unique_size_u32,0,NVIDIA RTX PRO 6000 Blackwell Server Edition,I64,U32,64,20,8,1,1000000000,4,Yes,,,,,,,,
pfp_bloom_filter_add_unique_size_u32,0,NVIDIA RTX PRO 6000 Blackwell Server Edition,I64,U32,64,20,8,1,1000000000,8,Yes,,,,,,,,
pfp_bloom_filter_add_unique_size_u32,0,NVIDIA RTX PRO 6000 Blackwell Server Edition,I64,U32,64,20,8,1,1000000000,16,Yes,,,,,,,,
pfp_bloom_filter_add_unique_size_u32,0,NVIDIA RTX PRO 6000 Blackwell Server Edition,I64,U32,64,20,8,1,1000000000,32,Yes,,,,,,,,
pfp_bloom_filter_add_unique_size_u32,0,NVIDIA RTX PRO 6000 Blackwell Server Edition,I64,U32,64,20,8,1,1000000000,64,Yes,,,,,,,,
pfp_bloom_filter_add_unique_size_u32,0,NVIDIA RTX PRO 6000 Blackwell Server Edition,I64,U32,64,20,8,1,1000000000,128,Yes,,,,,,,,
pfp_bloom_filter_add_unique_size_u32,0,NVIDIA RTX PRO 6000 Blackwell Server Edition,I64,U32,64,20,8,1,1000000000,256,Yes,,,,,,,,
pfp_bloom_filter_add_unique_size_u32,0,NVIDIA RTX PRO 6000 Blackwell Server Edition,I64,U32,64,20,8,1,1000000000,512,Yes,,,,,,,,
pfp_bloom_filter_add_unique_size_u32,0,NVIDIA RTX PRO 6000 Blackwell Server Edition,I64,U32,64,20,8,1,1000000000,1024,Yes,,,,,,,,
pfp_bloom_filter_add_unique_size_u32,0,NVIDIA RTX PRO 6000 Blackwell Server Edition,I64,U32,64,20,8,1,1000000000,2048,Yes,,,,,,,,
pfp_bloom_filter_add_unique_size_u32,0,NVIDIA RTX PRO 6000 Blackwell Server Edition,I64,U32,64,20,8,2,1000000000,1,Yes,,,,,,,,
pfp_bloom_filter_add_unique_size_u32,0,NVIDIA RTX PRO 6000 Blackwell Server Edition,I64,U32,64,20,8,2,1000000000,2,Yes,,,,,,,,
pfp_bloom_filter_add_unique_size_u32,0,NVIDIA RTX PRO 6000 Blackwell Server Edition,I64,U32,64,20,8,2,1000000000,4,Yes,,,,,,,,
pfp_bloom_filter_add_unique_size_u32,0,NVIDIA RTX PRO 6000 Blackwell Server Edition,I64,U32,64,20,8,2,1000000000,8,Yes,,,,,,,,
pfp_bloom_filter_add_unique_size_u32,0,NVIDIA RTX PRO 6000 Blackwell Server Edition,I64,U32,64,20,8,2,1000000000,16,Yes,,,,,,,,
pfp_bloom_filter_add_unique_size_u32,0,NVIDIA RTX PRO 6000 Blackwell Server Edition,I64,U32,64,20,8,2,1000000000,32,Yes,,,,,,,,
pfp_bloom_filter_add_unique_size_u32,0,NVIDIA RTX PRO 6000 Blackwell Server Edition,I64,U32,64,20,8,2,1000000000,64,Yes,,,,,,,,
pfp_bloom_filter_add_unique_size_u32,0,NVIDIA RTX PRO 6000 Blackwell Server Edition,I64,U32,64,20,8,2,1000000000,128,Yes,,,,,,,,
pfp_bloom_filter_add_unique_size_u32,0,NVIDIA RTX PRO 6000 Blackwell Server Edition,I64,U32,64,20,8,2,1000000000,256,Yes,,,,,,,,
pfp_bloom_filter_add_unique_size_u32,0,NVIDIA RTX PRO 6000 Blackwell Server Edition,I64,U32,64,20,8,2,1000000000,512,Yes,,,,,,,,
pfp_bloom_filter_add_unique_size_u32,0,NVIDIA RTX PRO 6000 Blackwell Server Edition,I64,U32,64,20,8,2,1000000000,1024,Yes,,,,,,,,
pfp_bloom_filter_add_unique_size_u32,0,NVIDIA RTX PRO 6000 Blackwell Server Edition,I64,U32,64,20,8,2,1000000000,2048,Yes,,,,,,,,
pfp_bloom_filter_add_unique_size_u32,0,NVIDIA RTX PRO 6000 Blackwell Server Edition,I64,U32,64,20,8,4,1000000000,1,Yes,,,,,,,,
pfp_bloom_filter_add_unique_size_u32,0,NVIDIA RTX PRO 6000 Blackwell Server Edition,I64,U32,64,20,8,4,1000000000,2,Yes,,,,,,,,
pfp_bloom_filter_add_unique_size_u32,0,NVIDIA RTX PRO 6000 Blackwell Server Edition,I64,U32,64,20,8,4,1000000000,4,Yes,,,,,,,,
pfp_bloom_filter_add_unique_size_u32,0,NVIDIA RTX PRO 6000 Blackwell Server Edition,I64,U32,64,20,8,4,1000000000,8,Yes,,,,,,,,
pfp_bloom_filter_add_unique_size_u32,0,NVIDIA RTX PRO 6000 Blackwell Server Edition,I64,U32,64,20,8,4,1000000000,16,Yes,,,,,,,,
pfp_bloom_filter_add_unique_size_u32,0,NVIDIA RTX PRO 6000 Blackwell Server Edition,I64,U32,64,20,8,4,1000000000,32,Yes,,,,,,,,
pfp_bloom_filter_add_unique_size_u32,0,NVIDIA RTX PRO 6000 Blackwell Server Edition,I64,U32,64,20,8,4,1000000000,64,Yes,,,,,,,,
pfp_bloom_filter_add_unique_size_u32,0,NVIDIA RTX PRO 6000 Blackwell Server Edition,I64,U32,64,20,8,4,1000000000,128,Yes,,,,,,,,
pfp_bloom_filter_add_unique_size_u32,0,NVIDIA RTX PRO 6000 Blackwell Server Edition,I64,U32,64,20,8,4,1000000000,256,Yes,,,,,,,,
pfp_bloom_filter_add_unique_size_u32,0,NVIDIA RTX PRO 6000 Blackwell Server Edition,I64,U32,64,20,8,4,1000000000,512,Yes,,,,,,,,
pfp_bloom_filter_add_unique_size_u32,0,NVIDIA RTX PRO 6000 Blackwell Server Edition,I64,U32,64,20,8,4,1000000000,1024,Yes,,,,,,,,
pfp_bloom_filter_add_unique_size_u32,0,NVIDIA RTX PRO 6000 Blackwell Server Edition,I64,U32,64,20,8,4,1000000000,2048,Yes,,,,,,,,
pfp_bloom_filter_add_unique_size_u32,0,NVIDIA RTX PRO 6000 Blackwell Server Edition,I64,U32,64,20,8,8,1000000000,1,Yes,,,,,,,,
pfp_bloom_filter_add_unique_size_u32,0,NVIDIA RTX PRO 6000 Blackwell Server Edition,I64,U32,64,20,8,8,1000000000,2,Yes,,,,,,,,
pfp_bloom_filter_add_unique_size_u32,0,NVIDIA RTX PRO 6000 Blackwell Server Edition,I64,U32,64,20,8,8,1000000000,4,Yes,,,,,,,,
pfp_bloom_filter_add_unique_size_u32,0,NVIDIA RTX PRO 6000 Blackwell Server Edition,I64,U32,64,20,8,8,1000000000,8,Yes,,,,,,,,
pfp_bloom_filter_add_unique_size_u32,0,NVIDIA RTX PRO 6000 Blackwell Server Edition,I64,U32,64,20,8,8,1000000000,16,Yes,,,,,,,,
pfp_bloom_filter_add_unique_size_u32,0,NVIDIA RTX PRO 6000 Blackwell Server Edition,I64,U32,64,20,8,8,1000000000,32,Yes,,,,,,,,
pfp_bloom_filter_add_unique_size_u32,0,NVIDIA RTX PRO 6000 Blackwell Server Edition,I64,U32,64,20,8,8,1000000000,64,Yes,,,,,,,,
pfp_bloom_filter_add_unique_size_u32,0,NVIDIA RTX PRO 6000 Blackwell Server Edition,I64,U32,64,20,8,8,1000000000,128,Yes,,,,,,,,
pfp_bloom_filter_add_unique_size_u32,0,NVIDIA RTX PRO 6000 Blackwell Server Edition,I64,U32,64,20,8,8,1000000000,256,Yes,,,,,,,,
pfp_bloom_filter_add_unique_size_u32,0,NVIDIA RTX PRO 6000 Blackwell Server Edition,I64,U32,64,20,8,8,1000000000,512,Yes,,,,,,,,
pfp_bloom_filter_add_unique_size_u32,0,NVIDIA RTX PRO 6000 Blackwell Server Edition,I64,U32,64,20,8,8,1000000000,1024,Yes,,,,,,,,
pfp_bloom_filter_add_unique_size_u32,0,NVIDIA RTX PRO 6000 Blackwell Server Edition,I64,U32,64,20,8,8,1000000000,2048,Yes,,,,,,,,
pfp_bloom_filter_add_unique_size_u32,0,NVIDIA RTX PRO 6000 Blackwell Server Edition,I64,U32,128,1,1,1,1000000000,1,No,12,0.04299237450000001,3.722671044470278e-05,0.042981551806131994,2.416204476549662e-05,23265795625.772038,13,0.04297018608680138
pfp_bloom_filter_add_unique_size_u32,0,NVIDIA RTX PRO 6000 Blackwell Server Edition,I64,U32,128,1,1,1,1000000000,2,No,12,0.043204694083333335,3.0449273761127414e-05,0.043193861007690425,2.346681246688891e-05,23151438113.438286,13,0.04317797939593975
pfp_bloom_filter_add_unique_size_u32,0,NVIDIA RTX PRO 6000 Blackwell Server Edition,I64,U32,128,1,1,1,1000000000,4,No,12,0.043316168083333335,3.868548409232164e-05,0.04330517069498698,2.4619594011582885e-05,23091930685.214,13,0.04328534111609826
pfp_bloom_filter_add_unique_size_u32,0,NVIDIA RTX PRO 6000 Blackwell Server Edition,I64,U32,128,1,1,1,1000000000,8,No,12,0.043383156166666666,3.7512952055921895e-05,0.043371773084004715,2.756723721296275e-05,23056470346.811687,13,0.0433317378117488
pfp_bloom_filter_add_unique_size_u32,0,NVIDIA RTX PRO 6000 Blackwell Server Edition,I64,U32,128,1,1,1,1000000000,16,No,12,0.04343000333333333,3.2362410806922686e-05,0.043419461568196614,3.198966473569117e-05,23031146953.062828,13,0.04336237716674804
pfp_bloom_filter_add_unique_size_u32,0,NVIDIA RTX PRO 6000 Blackwell Server Edition,I64,U32,128,1,1,1,1000000000,32,No,12,0.04347308908333334,3.359433369050291e-05,0.043462986628214524,1.9760947235624106e-05,23008082913.26298,13,0.04337120349590595
pfp_bloom_filter_add_unique_size_u32,0,NVIDIA RTX PRO 6000 Blackwell Server Edition,I64,U32,128,1,1,1,1000000000,64,No,12,0.044918853500000015,6.33862765402331e-05,0.044907442410786945,5.576178176277656e-05,22268023880.153015,13,0.04455526029146635
pfp_bloom_filter_add_unique_size_u32,0,NVIDIA RTX PRO 6000 Blackwell Server Edition,I64,U32,128,1,1,1,1000000000,128,No,11,0.10970868372727273,0.00010660975150716064,0.10969737382368606,0.0001084791059671924,9115988515.889868,12,0.109571226755778
pfp_bloom_filter_add_unique_size_u32,0,NVIDIA RTX PRO 6000 Blackwell Server Edition,I64,U32,128,1,1,1,1000000000,256,No,11,0.15559784,0.00012102577269198672,0.15558532992276278,0.0001185407006766311,6427341192.748892,12,0.1555416145324707
pfp_bloom_filter_add_unique_size_u32,0,NVIDIA RTX PRO 6000 Blackwell Server Edition,I64,U32,128,1,1,1,1000000000,512,No,11,0.171622168,8.269018173045689e-05,0.1716102752685547,8.206450180211288e-05,5827156902.085785,12,0.17156858189900717
pfp_bloom_filter_add_unique_size_u32,0,NVIDIA RTX PRO 6000 Blackwell Server Edition,I64,U32,128,1,1,1,1000000000,1024,No,11,0.17912763854545458,9.946088903445982e-05,0.1791148320978338,9.841069174353366e-05,5583010565.276877,12,0.17907855224609373
pfp_bloom_filter_add_unique_size_u32,0,NVIDIA RTX PRO 6000 Blackwell Server Edition,I64,U32,128,1,1,1,1000000000,2048,No,11,0.18271094572727273,6.604521493823152e-05,0.18269897044788708,6.839818334460304e-05,5473484593.528343,12,0.18266529464721679
pfp_bloom_filter_add_unique_size_u32,0,NVIDIA RTX PRO 6000 Blackwell Server Edition,I64,U32,128,1,1,2,1000000000,1,No,12,0.042987128500000006,3.104903969583951e-05,0.042976240158081054,3.516877310477177e-05,23268671161.59217,13,0.0429701048044058
pfp_bloom_filter_add_unique_size_u32,0,NVIDIA RTX PRO 6000 Blackwell Server Edition,I64,U32,128,1,1,2,1000000000,2,No,12,0.04320040366666667,4.2330969390730925e-05,0.043188904126485184,3.0270945571386815e-05,23154095252.598907,13,0.04317719122079702
pfp_bloom_filter_add_unique_size_u32,0,NVIDIA RTX PRO 6000 Blackwell Server Edition,I64,U32,128,1,1,2,1000000000,4,No,12,0.04331685991666667,3.6663776752270385e-05,0.04330613263448079,2.4418943802440056e-05,23091417754.62512,13,0.04328534375704252
pfp_bloom_filter_add_unique_size_u32,0,NVIDIA RTX PRO 6000 Blackwell Server Edition,I64,U32,128,1,1,2,1000000000,8,No,12,0.04338901566666667,2.7556799681038953e-05,0.04337825107574463,3.705722249365576e-05,23053027155.33314,13,0.043337253863994896
pfp_bloom_filter_add_unique_size_u32,0,NVIDIA RTX PRO 6000 Blackwell Server Edition,I64,U32,128,1,1,2,1000000000,16,No,12,0.043424338083333326,5.1027304727421124e-05,0.04341309038798014,3.0712064046320046e-05,23034526937.91345,13,0.04335717978844275
pfp_bloom_filter_add_unique_size_u32,0,NVIDIA RTX PRO 6000 Blackwell Server Edition,I64,U32,128,1,1,2,1000000000,32,No,12,0.043477271416666664,2.4796380607241695e-05,0.04346584542592367,2.2244674590372948e-05,23006569645.68289,13,0.04337270061786359
pfp_bloom_filter_add_unique_size_u32,0,NVIDIA RTX PRO 6000 Blackwell Server Edition,I64,U32,128,1,1,2,1000000000,64,No,12,0.04491457966666667,5.646802158792074e-05,0.044903221130371096,4.7040173471890136e-05,22270117261.66861,13,0.0445557741018442
pfp_bloom_filter_add_unique_size_u32,0,NVIDIA RTX PRO 6000 Blackwell Server Edition,I64,U32,128,1,1,2,1000000000,128,No,11,0.10963631054545454,0.0001098621628418529,0.10962463170831853,0.00011271948277334379,9122037487.530441,12,0.10950159581502279
pfp_bloom_filter_add_unique_size_u32,0,NVIDIA RTX PRO 6000 Blackwell Server Edition,I64,U32,128,1,1,2,1000000000,256,No,11,0.1555638492727273,0.0001147192235260517,0.15555202692205253,0.00011806126451876665,6428717258.059917,12,0.155502077738444
pfp_bloom_filter_add_unique_size_u32,0,NVIDIA RTX PRO 6000 Blackwell Server Edition,I64,U32,128,1,1,2,1000000000,512,No,11,0.17161237518181818,7.360261572103491e-05,0.17160111583362928,7.28831188978478e-05,5827467934.238377,12,0.1715675201416016
pfp_bloom_filter_add_unique_size_u32,0,NVIDIA RTX PRO 6000 Blackwell Server Edition,I64,U32,128,1,1,2,1000000000,1024,No,11,0.1790862709090909,6.690308152893769e-05,0.17907427701083095,6.59168698787366e-05,5584274953.90372,12,0.17904392115275067
pfp_bloom_filter_add_unique_size_u32,0,NVIDIA RTX PRO 6000 Blackwell Server Edition,I64,U32,128,1,1,2,1000000000,2048,No,11,0.18276551181818187,7.490875891758608e-05,0.18275320434570314,7.44662138956258e-05,5471860280.536371,12,0.18271673965454105
pfp_bloom_filter_add_unique_size_u32,0,NVIDIA RTX PRO 6000 Blackwell Server Edition,I64,U32,128,1,1,4,1000000000,1,No,12,0.04299089608333334,4.076161502426588e-05,0.04298001066843669,2.425780270895086e-05,23266629869.274834,13,0.042970023522010216
pfp_bloom_filter_add_unique_size_u32,0,NVIDIA RTX PRO 6000 Blackwell Server Edition,I64,U32,128,1,1,4,1000000000,2,No,12,0.043202794666666676,2.917006401834963e-05,0.043192626953125,2.7388575608209588e-05,23152099572.115738,13,0.04317727220975436
pfp_bloom_filter_add_unique_size_u32,0,NVIDIA RTX PRO 6000 Blackwell Server Edition,I64,U32,128,1,1,4,1000000000,4,No,12,0.04331663424999999,2.6265869528889277e-05,0.04330648549397786,3.3499711157892156e-05,23091229606.68463,13,0.043283925276536205
pfp_bloom_filter_add_unique_size_u32,0,NVIDIA RTX PRO 6000 Blackwell Server Edition,I64,U32,128,1,1,4,1000000000,8,No,12,0.04338866808333334,4.6886756776927275e-05,0.04337787691752115,3.512768680575885e-05,23053226000.46571,13,0.04333772483238807
pfp_bloom_filter_add_unique_size_u32,0,NVIDIA RTX PRO 6000 Blackwell Server Edition,I64,U32,128,1,1,4,1000000000,16,No,12,0.0434246855,4.265772343742198e-05,0.04341435019175211,3.778529957240025e-05,23033858518.743435,13,0.043356947091909556
pfp_bloom_filter_add_unique_size_u32,0,NVIDIA RTX PRO 6000 Blackwell Server Edition,I64,U32,128,1,1,4,1000000000,32,No,12,0.04347806491666666,4.25919957741349e-05,0.04346692021687826,3.072966468501567e-05,23006000770.48244,13,0.04337301312960111
pfp_bloom_filter_add_unique_size_u32,0,NVIDIA RTX PRO 6000 Blackwell Server Edition,I64,U32,128,1,1,4,1000000000,64,No,12,0.044893456750000005,4.0393799093994565e-05,0.04488250414530437,3.568696090505118e-05,22280396761.342926,13,0.044534618084247295
pfp_bloom_filter_add_unique_size_u32,0,NVIDIA RTX PRO 6000 Blackwell Server Edition,I64,U32,128,1,1,4,1000000000,128,No,11,0.10968987481818182,0.00010410105498696902,0.1096778675426136,0.0001031699558605675,9117609800.459202,12,0.10955040486653646
pfp_bloom_filter_add_unique_size_u32,0,NVIDIA RTX PRO 6000 Blackwell Server Edition,I64,U32,128,1,1,4,1000000000,256,No,11,0.1555569121818182,0.00011167284187909985,0.15554546425559304,0.0001117273084732587,6428988494.044386,12,0.15550403976440427
pfp_bloom_filter_add_unique_size_u32,0,NVIDIA RTX PRO 6000 Blackwell Server Edition,I64,U32,128,1,1,4,1000000000,512,No,11,0.17165235990909092,8.555155229455641e-05,0.1716404599276456,8.32217999930595e-05,5826132139.365895,12,0.17160814158121743
pfp_bloom_filter_add_unique_size_u32,0,NVIDIA RTX PRO 6000 Blackwell Server Edition,I64,U32,128,1,1,4,1000000000,1024,No,11,0.17909569,3.312479012114357e-05,0.17908322975852273,3.514744234047745e-05,5583995784.241819,12,0.17904810078938804
pfp_bloom_filter_add_unique_size_u32,0,NVIDIA RTX PRO 6000 Blackwell Server Edition,I64,U32,128,1,1,4,1000000000,2048,No,11,0.18273002400000005,9.707529049642169e-05,0.18271764720569958,9.851178886923387e-05,5472925113.107556,12,0.1826937128702799
pfp_bloom_filter_add_unique_size_u32,0,NVIDIA RTX PRO 6000 Blackwell Server Edition,I64,U32,128,1,1,8,1000000000,1,Yes,,,,,,,,
pfp_bloom_filter_add_unique_size_u32,0,NVIDIA RTX PRO 6000 Blackwell Server Edition,I64,U32,128,1,1,8,1000000000,2,Yes,,,,,,,,
pfp_bloom_filter_add_unique_size_u32,0,NVIDIA RTX PRO 6000 Blackwell Server Edition,I64,U32,128,1,1,8,1000000000,4,Yes,,,,,,,,
pfp_bloom_filter_add_unique_size_u32,0,NVIDIA RTX PRO 6000 Blackwell Server Edition,I64,U32,128,1,1,8,1000000000,8,Yes,,,,,,,,
pfp_bloom_filter_add_unique_size_u32,0,NVIDIA RTX PRO 6000 Blackwell Server Edition,I64,U32,128,1,1,8,1000000000,16,Yes,,,,,,,,
pfp_bloom_filter_add_unique_size_u32,0,NVIDIA RTX PRO 6000 Blackwell Server Edition,I64,U32,128,1,1,8,1000000000,32,Yes,,,,,,,,
pfp_bloom_filter_add_unique_size_u32,0,NVIDIA RTX PRO 6000 Blackwell Server Edition,I64,U32,128,1,1,8,1000000000,64,Yes,,,,,,,,
pfp_bloom_filter_add_unique_size_u32,0,NVIDIA RTX PRO 6000 Blackwell Server Edition,I64,U32,128,1,1,8,1000000000,128,Yes,,,,,,,,
pfp_bloom_filter_add_unique_size_u32,0,NVIDIA RTX PRO 6000 Blackwell Server Edition,I64,U32,128,1,1,8,1000000000,256,Yes,,,,,,,,
pfp_bloom_filter_add_unique_size_u32,0,NVIDIA RTX PRO 6000 Blackwell Server Edition,I64,U32,128,1,1,8,1000000000,512,Yes,,,,,,,,
pfp_bloom_filter_add_unique_size_u32,0,NVIDIA RTX PRO 6000 Blackwell Server Edition,I64,U32,128,1,1,8,1000000000,1024,Yes,,,,,,,,
pfp_bloom_filter_add_unique_size_u32,0,NVIDIA RTX PRO 6000 Blackwell Server Edition,I64,U32,128,1,1,8,1000000000,2048,Yes,,,,,,,,
pfp_bloom_filter_add_unique_size_u32,0,NVIDIA RTX PRO 6000 Blackwell Server Edition,I64,U32,128,1,2,1,1000000000,1,No,23,0.02180444691304348,0.00016917222305594994,0.021794237385625425,0.00015761178066005775,45883688532.25204,24,0.021779624938964844
pfp_bloom_filter_add_unique_size_u32,0,NVIDIA RTX PRO 6000 Blackwell Server Edition,I64,U32,128,1,2,1,1000000000,2,No,23,0.021916907521739137,0.00016534537496436106,0.021906721363896906,0.0001648028134649358,45648090528.41824,24,0.021889920552571617
pfp_bloom_filter_add_unique_size_u32,0,NVIDIA RTX PRO 6000 Blackwell Server Edition,I64,U32,128,1,2,1,1000000000,4,No,23,0.021974883304347825,0.0001326345965869094,0.021964768036552104,0.00013269450649095555,45527455529.50414,24,0.02194214383761088
pfp_bloom_filter_add_unique_size_u32,0,NVIDIA RTX PRO 6000 Blackwell Server Edition,I64,U32,128,1,2,1,1000000000,8,No,23,0.022017208347826084,0.0002032169547701209,0.02200714567433233,0.00018791045497736655,45439786458.37445,24,0.02196825329462687
pfp_bloom_filter_add_unique_size_u32,0,NVIDIA RTX PRO 6000 Blackwell Server Edition,I64,U32,128,1,2,1,1000000000,16,No,23,0.02204746786956522,0.00010879195995022086,0.022036861336749532,0.00010175828842370005,45378513061.31155,24,0.02198054321606954
pfp_bloom_filter_add_unique_size_u32,0,NVIDIA RTX PRO 6000 Blackwell Server Edition,I64,U32,128,1,2,1,1000000000,32,No,23,0.022092588347826087,0.00011726855778253369,0.022083009388135826,0.00011206555119684234,45283683144.07607,24,0.021984169403711954
pfp_bloom_filter_add_unique_size_u32,0,NVIDIA RTX PRO 6000 Blackwell Server Edition,I64,U32,128,1,2,1,1000000000,64,No,22,0.023631534181818185,0.0002882495482870071,0.023621777361089537,0.0002861513815333884,42333816999.19111,23,0.023223672535108486
pfp_bloom_filter_add_unique_size_u32,0,NVIDIA RTX PRO 6000 Blackwell Server Edition,I64,U32,128,1,2,1,1000000000,128,No,11,0.09295161981818181,0.00018105580684835295,0.09294061348655007,0.0001785279001266149,10759558846.087402,12,0.0928308900197347
pfp_bloom_filter_add_unique_size_u32,0,NVIDIA RTX PRO 6000 Blackwell Server Edition,I64,U32,128,1,2,1,1000000000,256,No,11,0.13929608772727273,0.0001978689927874898,0.1392844279896129,0.00019810928112680345,7179553482.278541,12,0.1392534510294596
pfp_bloom_filter_add_unique_size_u32,0,NVIDIA RTX PRO 6000 Blackwell Server Edition,I64,U32,128,1,2,1,1000000000,512,No,11,0.16064083090909095,0.00012597051891217903,0.16062922807173297,0.00012382714706465922,6225517061.89751,12,0.16061195373535156
pfp_bloom_filter_add_unique_size_u32,0,NVIDIA RTX PRO 6000 Blackwell Server Edition,I64,U32,128,1,2,1,1000000000,1024,No,11,0.1700392821818182,8.763209258570591e-05,0.17002800542658025,8.90468032419803e-05,5881384054.886239,12,0.1699930788675944
pfp_bloom_filter_add_unique_size_u32,0,NVIDIA RTX PRO 6000 Blackwell Server Edition,I64,U32,128,1,2,1,1000000000,2048,No,11,0.1746257530909091,0.0001214742587472882,0.17461337141557173,0.00012200593714309867,5726938274.503882,12,0.17458042907714844
pfp_bloom_filter_add_unique_size_u32,0,NVIDIA RTX PRO 6000 Blackwell Server Edition,I64,U32,128,1,2,2,1000000000,1,No,23,0.021798120652173916,0.00019794339553348648,0.021787620212720786,0.00019914171536338204,45897623982.638824,24,0.021779563903808596
pfp_bloom_filter_add_unique_size_u32,0,NVIDIA RTX PRO 6000 Blackwell Server Edition,I64,U32,128,1,2,2,1000000000,2,No,23,0.021908100695652175,0.00015508985455841187,0.021898259370223338,0.00015064823409278904,45665730005.909645,24,0.021887552897135416
pfp_bloom_filter_add_unique_size_u32,0,NVIDIA RTX PRO 6000 Blackwell Server Edition,I64,U32,128,1,2,2,1000000000,4,No,23,0.02197350291304348,0.0001834073427332722,0.021962946850320568,0.0001920006001139055,45531230704.836136,24,0.021940876642862955
pfp_bloom_filter_add_unique_size_u32,0,NVIDIA RTX PRO 6000 Blackwell Server Edition,I64,U32,128,1,2,2,1000000000,8,No,23,0.022017146739130432,0.00017613332749017916,0.022006749360457708,0.00016696459970181175,45440604771.771774,24,0.021967699368794755
pfp_bloom_filter_add_unique_size_u32,0,NVIDIA RTX PRO 6000 Blackwell Server Edition,I64,U32,128,1,2,2,1000000000,16,No,23,0.022050316000000004,0.000104580420581792,0.0220393532462742,0.00010393086151710932,45373382277.86027,24,0.02198472245534261
pfp_bloom_filter_add_unique_size_u32,0,NVIDIA RTX PRO 6000 Blackwell Server Edition,I64,U32,128,1,2,2,1000000000,32,No,23,0.022090945782608694,9.53680902757356e-05,0.022080112788988197,9.567964402701732e-05,45289623724.146935,24,0.02198621614774068
pfp_bloom_filter_add_unique_size_u32,0,NVIDIA RTX PRO 6000 Blackwell Server Edition,I64,U32,128,1,2,2,1000000000,64,No,22,0.023631015181818184,0.0002632634220984327,0.02362047993053089,0.0002701931582437646,42336142319.7604,23,0.023224318462869396
pfp_bloom_filter_add_unique_size_u32,0,NVIDIA RTX PRO 6000 Blackwell Server Edition,I64,U32,128,1,2,2,1000000000,128,No,11,0.09289341527272729,0.00027107084370058703,0.09288192332874644,0.000274881504567369,10766357587.801,12,0.09275319480895995
pfp_bloom_filter_add_unique_size_u32,0,NVIDIA RTX PRO 6000 Blackwell Server Edition,I64,U32,128,1,2,2,1000000000,256,No,11,0.1393178688181818,0.00021435992499351078,0.13930567793412643,0.00021570858065195436,7178458299.9759035,12,0.13927495193481446
pfp_bloom_filter_add_unique_size_u32,0,NVIDIA RTX PRO 6000 Blackwell Server Edition,I64,U32,128,1,2,2,1000000000,512,No,11,0.1606581300909091,0.00018623929094438552,0.16064715437455612,0.0001846290855852382,6224822368.583353,12,0.16062885665893556
pfp_bloom_filter_add_unique_size_u32,0,NVIDIA RTX PRO 6000 Blackwell Server Edition,I64,U32,128,1,2,2,1000000000,1024,No,11,0.17001506390909094,0.00014310958701937922,0.1700027951327237,0.0001435624832924744,5882256225.371384,12,0.16997409311930342
pfp_bloom_filter_add_unique_size_u32,0,NVIDIA RTX PRO 6000 Blackwell Server Edition,I64,U32,128,1,2,2,1000000000,2048,No,11,0.17460608236363637,0.0001348899515399211,0.1745941980535334,0.00013774867935983676,5727567188.076798,12,0.1745633544921875
pfp_bloom_filter_add_unique_size_u32,0,NVIDIA RTX PRO 6000 Blackwell Server Edition,I64,U32,128,1,2,4,1000000000,1,Yes,,,,,,,,
pfp_bloom_filter_add_unique_size_u32,0,NVIDIA RTX PRO 6000 Blackwell Server Edition,I64,U32,128,1,2,4,1000000000,2,Yes,,,,,,,,
pfp_bloom_filter_add_unique_size_u32,0,NVIDIA RTX PRO 6000 Blackwell Server Edition,I64,U32,128,1,2,4,1000000000,4,Yes,,,,,,,,
pfp_bloom_filter_add_unique_size_u32,0,NVIDIA RTX PRO 6000 Blackwell Server Edition,I64,U32,128,1,2,4,1000000000,8,Yes,,,,,,,,
pfp_bloom_filter_add_unique_size_u32,0,NVIDIA RTX PRO 6000 Blackwell Server Edition,I64,U32,128,1,2,4,1000000000,16,Yes,,,,,,,,
pfp_bloom_filter_add_unique_size_u32,0,NVIDIA RTX PRO 6000 Blackwell Server Edition,I64,U32,128,1,2,4,1000000000,32,Yes,,,,,,,,
pfp_bloom_filter_add_unique_size_u32,0,NVIDIA RTX PRO 6000 Blackwell Server Edition,I64,U32,128,1,2,4,1000000000,64,Yes,,,,,,,,
pfp_bloom_filter_add_unique_size_u32,0,NVIDIA RTX PRO 6000 Blackwell Server Edition,I64,U32,128,1,2,4,1000000000,128,Yes,,,,,,,,
pfp_bloom_filter_add_unique_size_u32,0,NVIDIA RTX PRO 6000 Blackwell Server Edition,I64,U32,128,1,2,4,1000000000,256,Yes,,,,,,,,
pfp_bloom_filter_add_unique_size_u32,0,NVIDIA RTX PRO 6000 Blackwell Server Edition,I64,U32,128,1,2,4,1000000000,512,Yes,,,,,,,,
pfp_bloom_filter_add_unique_size_u32,0,NVIDIA RTX PRO 6000 Blackwell Server Edition,I64,U32,128,1,2,4,1000000000,1024,Yes,,,,,,,,
pfp_bloom_filter_add_unique_size_u32,0,NVIDIA RTX PRO 6000 Blackwell Server Edition,I64,U32,128,1,2,4,1000000000,2048,Yes,,,,,,,,
pfp_bloom_filter_add_unique_size_u32,0,NVIDIA RTX PRO 6000 Blackwell Server Edition,I64,U32,128,1,2,8,1000000000,1,Yes,,,,,,,,
pfp_bloom_filter_add_unique_size_u32,0,NVIDIA RTX PRO 6000 Blackwell Server Edition,I64,U32,128,1,2,8,1000000000,2,Yes,,,,,,,,
pfp_bloom_filter_add_unique_size_u32,0,NVIDIA RTX PRO 6000 Blackwell Server Edition,I64,U32,128,1,2,8,1000000000,4,Yes,,,,,,,,
pfp_bloom_filter_add_unique_size_u32,0,NVIDIA RTX PRO 6000 Blackwell Server Edition,I64,U32,128,1,2,8,1000000000,8,Yes,,,,,,,,
pfp_bloom_filter_add_unique_size_u32,0,NVIDIA RTX PRO 6000 Blackwell Server Edition,I64,U32,128,1,2,8,1000000000,16,Yes,,,,,,,,
pfp_bloom_filter_add_unique_size_u32,0,NVIDIA RTX PRO 6000 Blackwell Server Edition,I64,U32,128,1,2,8,1000000000,32,Yes,,,,,,,,
pfp_bloom_filter_add_unique_size_u32,0,NVIDIA RTX PRO 6000 Blackwell Server Edition,I64,U32,128,1,2,8,1000000000,64,Yes,,,,,,,,
pfp_bloom_filter_add_unique_size_u32,0,NVIDIA RTX PRO 6000 Blackwell Server Edition,I64,U32,128,1,2,8,1000000000,128,Yes,,,,,,,,
pfp_bloom_filter_add_unique_size_u32,0,NVIDIA RTX PRO 6000 Blackwell Server Edition,I64,U32,128,1,2,8,1000000000,256,Yes,,,,,,,,
pfp_bloom_filter_add_unique_size_u32,0,NVIDIA RTX PRO 6000 Blackwell Server Edition,I64,U32,128,1,2,8,1000000000,512,Yes,,,,,,,,
pfp_bloom_filter_add_unique_size_u32,0,NVIDIA RTX PRO 6000 Blackwell Server Edition,I64,U32,128,1,2,8,1000000000,1024,Yes,,,,,,,,
pfp_bloom_filter_add_unique_size_u32,0,NVIDIA RTX PRO 6000 Blackwell Server Edition,I64,U32,128,1,2,8,1000000000,2048,Yes,,,,,,,,
pfp_bloom_filter_add_unique_size_u32,0,NVIDIA RTX PRO 6000 Blackwell Server Edition,I64,U32,128,1,4,1,1000000000,1,No,45,0.011367775577777779,0.00014614804581495632,0.011357354736328127,7.731296496916905e-05,88048671826.84332,46,0.011348724365234375
pfp_bloom_filter_add_unique_size_u32,0,NVIDIA RTX PRO 6000 Blackwell Server Edition,I64,U32,128,1,4,1,1000000000,2,No,44,0.011429566772727273,0.00011247161203888996,0.011419185465032402,8.336967614026823e-05,87571920349.50127,46,0.011400792660920516
pfp_bloom_filter_add_unique_size_u32,0,NVIDIA RTX PRO 6000 Blackwell Server Edition,I64,U32,128,1,4,1,1000000000,4,No,44,0.011461590772727267,8.385103428263261e-05,0.011451250899921762,6.744445099647385e-05,87326704194.98296,46,0.011426890497622282
pfp_bloom_filter_add_unique_size_u32,0,NVIDIA RTX PRO 6000 Blackwell Server Edition,I64,U32,128,1,4,1,1000000000,8,No,44,0.01149036281818182,0.00010247159183200646,0.011480135267431081,5.9637962195875356e-05,87106987566.33821,45,0.01143983154296875
pfp_bloom_filter_add_unique_size_u32,0,NVIDIA RTX PRO 6000 Blackwell Server Edition,I64,U32,128,1,4,1,1000000000,16,No,44,0.011513106431818182,7.807193669648719e-05,0.011502742528915404,6.395523743697368e-05,86935789224.71893,45,0.011446841091579861
pfp_bloom_filter_add_unique_size_u32,0,NVIDIA RTX PRO 6000 Blackwell Server Edition,I64,U32,128,1,4,1,1000000000,32,No,44,0.011557660295454542,0.0001232858303266661,0.01154762042652477,9.33811974531955e-05,86597927803.63734,45,0.011452029079861112
pfp_bloom_filter_add_unique_size_u32,0,NVIDIA RTX PRO 6000 Blackwell Server Edition,I64,U32,128,1,4,1,1000000000,64,No,25,0.020598985360000002,0.0001285852232726983,0.0205881665802002,0.00012434069091638684,48571590680.7218,26,0.02028622634594257
pfp_bloom_filter_add_unique_size_u32,0,NVIDIA RTX PRO 6000 Blackwell Server Edition,I64,U32,128,1,4,1,1000000000,128,No,11,0.08397907700000001,0.00019526783870490755,0.08396892547607422,0.00019738484068409246,11909167520.369617,12,0.08386171913146973
pfp_bloom_filter_add_unique_size_u32,0,NVIDIA RTX PRO 6000 Blackwell Server Edition,I64,U32,128,1,4,1,1000000000,256,No,11,0.13794474363636364,0.00012160730842505129,0.13793316927823152,0.000122064306042773,7249887791.549636,12,0.1379072011311849
pfp_bloom_filter_add_unique_size_u32,0,NVIDIA RTX PRO 6000 Blackwell Server Edition,I64,U32,128,1,4,1,1000000000,512,No,11,0.15700311409090908,8.32439807325032e-05,0.15699169089577414,8.733553156596963e-05,6369763866.444971,12,0.15696819178263344
pfp_bloom_filter_add_unique_size_u32,0,NVIDIA RTX PRO 6000 Blackwell Server Edition,I64,U32,128,1,4,1,1000000000,1024,No,11,0.16511011172727275,0.00017131787345931612,0.16509772699529476,0.00017297411584039414,6057018580.446596,12,0.16506136703491214
pfp_bloom_filter_add_unique_size_u32,0,NVIDIA RTX PRO 6000 Blackwell Server Edition,I64,U32,128,1,4,1,1000000000,2048,No,11,0.16858453809090912,0.0003458562168834188,0.1685721296830611,0.00034611878962804987,5932178717.087684,12,0.1685431175231934
pfp_bloom_filter_add_unique_size_u32,0,NVIDIA RTX PRO 6000 Blackwell Server Edition,I64,U32,128,1,4,2,1000000000,1,Yes,,,,,,,,
pfp_bloom_filter_add_unique_size_u32,0,NVIDIA RTX PRO 6000 Blackwell Server Edition,I64,U32,128,1,4,2,1000000000,2,Yes,,,,,,,,
pfp_bloom_filter_add_unique_size_u32,0,NVIDIA RTX PRO 6000 Blackwell Server Edition,I64,U32,128,1,4,2,1000000000,4,Yes,,,,,,,,
pfp_bloom_filter_add_unique_size_u32,0,NVIDIA RTX PRO 6000 Blackwell Server Edition,I64,U32,128,1,4,2,1000000000,8,Yes,,,,,,,,
pfp_bloom_filter_add_unique_size_u32,0,NVIDIA RTX PRO 6000 Blackwell Server Edition,I64,U32,128,1,4,2,1000000000,16,Yes,,,,,,,,
pfp_bloom_filter_add_unique_size_u32,0,NVIDIA RTX PRO 6000 Blackwell Server Edition,I64,U32,128,1,4,2,1000000000,32,Yes,,,,,,,,
pfp_bloom_filter_add_unique_size_u32,0,NVIDIA RTX PRO 6000 Blackwell Server Edition,I64,U32,128,1,4,2,1000000000,64,Yes,,,,,,,,
pfp_bloom_filter_add_unique_size_u32,0,NVIDIA RTX PRO 6000 Blackwell Server Edition,I64,U32,128,1,4,2,1000000000,128,Yes,,,,,,,,
pfp_bloom_filter_add_unique_size_u32,0,NVIDIA RTX PRO 6000 Blackwell Server Edition,I64,U32,128,1,4,2,1000000000,256,Yes,,,,,,,,
pfp_bloom_filter_add_unique_size_u32,0,NVIDIA RTX PRO 6000 Blackwell Server Edition,I64,U32,128,1,4,2,1000000000,512,Yes,,,,,,,,
pfp_bloom_filter_add_unique_size_u32,0,NVIDIA RTX PRO 6000 Blackwell Server Edition,I64,U32,128,1,4,2,1000000000,1024,Yes,,,,,,,,
pfp_bloom_filter_add_unique_size_u32,0,NVIDIA RTX PRO 6000 Blackwell Server Edition,I64,U32,128,1,4,2,1000000000,2048,Yes,,,,,,,,
pfp_bloom_filter_add_unique_size_u32,0,NVIDIA RTX PRO 6000 Blackwell Server Edition,I64,U32,128,1,4,4,1000000000,1,Yes,,,,,,,,
pfp_bloom_filter_add_unique_size_u32,0,NVIDIA RTX PRO 6000 Blackwell Server Edition,I64,U32,128,1,4,4,1000000000,2,Yes,,,,,,,,
pfp_bloom_filter_add_unique_size_u32,0,NVIDIA RTX PRO 6000 Blackwell Server Edition,I64,U32,128,1,4,4,1000000000,4,Yes,,,,,,,,
pfp_bloom_filter_add_unique_size_u32,0,NVIDIA RTX PRO 6000 Blackwell Server Edition,I64,U32,128,1,4,4,1000000000,8,Yes,,,,,,,,
pfp_bloom_filter_add_unique_size_u32,0,NVIDIA RTX PRO 6000 Blackwell Server Edition,I64,U32,128,1,4,4,1000000000,16,Yes,,,,,,,,
pfp_bloom_filter_add_unique_size_u32,0,NVIDIA RTX PRO 6000 Blackwell Server Edition,I64,U32,128,1,4,4,1000000000,32,Yes,,,,,,,,
pfp_bloom_filter_add_unique_size_u32,0,NVIDIA RTX PRO 6000 Blackwell Server Edition,I64,U32,128,1,4,4,1000000000,64,Yes,,,,,,,,
pfp_bloom_filter_add_unique_size_u32,0,NVIDIA RTX PRO 6000 Blackwell Server Edition,I64,U32,128,1,4,4,1000000000,128,Yes,,,,,,,,
pfp_bloom_filter_add_unique_size_u32,0,NVIDIA RTX PRO 6000 Blackwell Server Edition,I64,U32,128,1,4,4,1000000000,256,Yes,,,,,,,,
pfp_bloom_filter_add_unique_size_u32,0,NVIDIA RTX PRO 6000 Blackwell Server Edition,I64,U32,128,1,4,4,1000000000,512,Yes,,,,,,,,
pfp_bloom_filter_add_unique_size_u32,0,NVIDIA RTX PRO 6000 Blackwell Server Edition,I64,U32,128,1,4,4,1000000000,1024,Yes,,,,,,,,
pfp_bloom_filter_add_unique_size_u32,0,NVIDIA RTX PRO 6000 Blackwell Server Edition,I64,U32,128,1,4,4,1000000000,2048,Yes,,,,,,,,
pfp_bloom_filter_add_unique_size_u32,0,NVIDIA RTX PRO 6000 Blackwell Server Edition,I64,U32,128,1,4,8,1000000000,1,Yes,,,,,,,,
pfp_bloom_filter_add_unique_size_u32,0,NVIDIA RTX PRO 6000 Blackwell Server Edition,I64,U32,128,1,4,8,1000000000,2,Yes,,,,,,,,
pfp_bloom_filter_add_unique_size_u32,0,NVIDIA RTX PRO 6000 Blackwell Server Edition,I64,U32,128,1,4,8,1000000000,4,Yes,,,,,,,,
pfp_bloom_filter_add_unique_size_u32,0,NVIDIA RTX PRO 6000 Blackwell Server Edition,I64,U32,128,1,4,8,1000000000,8,Yes,,,,,,,,
pfp_bloom_filter_add_unique_size_u32,0,NVIDIA RTX PRO 6000 Blackwell Server Edition,I64,U32,128,1,4,8,1000000000,16,Yes,,,,,,,,
pfp_bloom_filter_add_unique_size_u32,0,NVIDIA RTX PRO 6000 Blackwell Server Edition,I64,U32,128,1,4,8,1000000000,32,Yes,,,,,,,,
pfp_bloom_filter_add_unique_size_u32,0,NVIDIA RTX PRO 6000 Blackwell Server Edition,I64,U32,128,1,4,8,1000000000,64,Yes,,,,,,,,
pfp_bloom_filter_add_unique_size_u32,0,NVIDIA RTX PRO 6000 Blackwell Server Edition,I64,U32,128,1,4,8,1000000000,128,Yes,,,,,,,,
pfp_bloom_filter_add_unique_size_u32,0,NVIDIA RTX PRO 6000 Blackwell Server Edition,I64,U32,128,1,4,8,1000000000,256,Yes,,,,,,,,
pfp_bloom_filter_add_unique_size_u32,0,NVIDIA RTX PRO 6000 Blackwell Server Edition,I64,U32,128,1,4,8,1000000000,512,Yes,,,,,,,,
pfp_bloom_filter_add_unique_size_u32,0,NVIDIA RTX PRO 6000 Blackwell Server Edition,I64,U32,128,1,4,8,1000000000,1024,Yes,,,,,,,,
pfp_bloom_filter_add_unique_size_u32,0,NVIDIA RTX PRO 6000 Blackwell Server Edition,I64,U32,128,1,4,8,1000000000,2048,Yes,,,,,,,,
pfp_bloom_filter_add_unique_size_u32,0,NVIDIA RTX PRO 6000 Blackwell Server Edition,I64,U32,128,1,8,1,1000000000,1,Yes,,,,,,,,
pfp_bloom_filter_add_unique_size_u32,0,NVIDIA RTX PRO 6000 Blackwell Server Edition,I64,U32,128,1,8,1,1000000000,2,Yes,,,,,,,,
pfp_bloom_filter_add_unique_size_u32,0,NVIDIA RTX PRO 6000 Blackwell Server Edition,I64,U32,128,1,8,1,1000000000,4,Yes,,,,,,,,
pfp_bloom_filter_add_unique_size_u32,0,NVIDIA RTX PRO 6000 Blackwell Server Edition,I64,U32,128,1,8,1,1000000000,8,Yes,,,,,,,,
pfp_bloom_filter_add_unique_size_u32,0,NVIDIA RTX PRO 6000 Blackwell Server Edition,I64,U32,128,1,8,1,1000000000,16,Yes,,,,,,,,
pfp_bloom_filter_add_unique_size_u32,0,NVIDIA RTX PRO 6000 Blackwell Server Edition,I64,U32,128,1,8,1,1000000000,32,Yes,,,,,,,,
pfp_bloom_filter_add_unique_size_u32,0,NVIDIA RTX PRO 6000 Blackwell Server Edition,I64,U32,128,1,8,1,1000000000,64,Yes,,,,,,,,
pfp_bloom_filter_add_unique_size_u32,0,NVIDIA RTX PRO 6000 Blackwell Server Edition,I64,U32,128,1,8,1,1000000000,128,Yes,,,,,,,,
pfp_bloom_filter_add_unique_size_u32,0,NVIDIA RTX PRO 6000 Blackwell Server Edition,I64,U32,128,1,8,1,1000000000,256,Yes,,,,,,,,
pfp_bloom_filter_add_unique_size_u32,0,NVIDIA RTX PRO 6000 Blackwell Server Edition,I64,U32,128,1,8,1,1000000000,512,Yes,,,,,,,,
pfp_bloom_filter_add_unique_size_u32,0,NVIDIA RTX PRO 6000 Blackwell Server Edition,I64,U32,128,1,8,1,1000000000,1024,Yes,,,,,,,,
pfp_bloom_filter_add_unique_size_u32,0,NVIDIA RTX PRO 6000 Blackwell Server Edition,I64,U32,128,1,8,1,1000000000,2048,Yes,,,,,,,,
pfp_bloom_filter_add_unique_size_u32,0,NVIDIA RTX PRO 6000 Blackwell Server Edition,I64,U32,128,1,8,2,1000000000,1,Yes,,,,,,,,
pfp_bloom_filter_add_unique_size_u32,0,NVIDIA RTX PRO 6000 Blackwell Server Edition,I64,U32,128,1,8,2,1000000000,2,Yes,,,,,,,,
pfp_bloom_filter_add_unique_size_u32,0,NVIDIA RTX PRO 6000 Blackwell Server Edition,I64,U32,128,1,8,2,1000000000,4,Yes,,,,,,,,
pfp_bloom_filter_add_unique_size_u32,0,NVIDIA RTX PRO 6000 Blackwell Server Edition,I64,U32,128,1,8,2,1000000000,8,Yes,,,,,,,,
pfp_bloom_filter_add_unique_size_u32,0,NVIDIA RTX PRO 6000 Blackwell Server Edition,I64,U32,128,1,8,2,1000000000,16,Yes,,,,,,,,
pfp_bloom_filter_add_unique_size_u32,0,NVIDIA RTX PRO 6000 Blackwell Server Edition,I64,U32,128,1,8,2,1000000000,32,Yes,,,,,,,,
pfp_bloom_filter_add_unique_size_u32,0,NVIDIA RTX PRO 6000 Blackwell Server Edition,I64,U32,128,1,8,2,1000000000,64,Yes,,,,,,,,
pfp_bloom_filter_add_unique_size_u32,0,NVIDIA RTX PRO 6000 Blackwell Server Edition,I64,U32,128,1,8,2,1000000000,128,Yes,,,,,,,,
pfp_bloom_filter_add_unique_size_u32,0,NVIDIA RTX PRO 6000 Blackwell Server Edition,I64,U32,128,1,8,2,1000000000,256,Yes,,,,,,,,
pfp_bloom_filter_add_unique_size_u32,0,NVIDIA RTX PRO 6000 Blackwell Server Edition,I64,U32,128,1,8,2,1000000000,512,Yes,,,,,,,,
pfp_bloom_filter_add_unique_size_u32,0,NVIDIA RTX PRO 6000 Blackwell Server Edition,I64,U32,128,1,8,2,1000000000,1024,Yes,,,,,,,,
pfp_bloom_filter_add_unique_size_u32,0,NVIDIA RTX PRO 6000 Blackwell Server Edition,I64,U32,128,1,8,2,1000000000,2048,Yes,,,,,,,,
pfp_bloom_filter_add_unique_size_u32,0,NVIDIA RTX PRO 6000 Blackwell Server Edition,I64,U32,128,1,8,4,1000000000,1,Yes,,,,,,,,
pfp_bloom_filter_add_unique_size_u32,0,NVIDIA RTX PRO 6000 Blackwell Server Edition,I64,U32,128,1,8,4,1000000000,2,Yes,,,,,,,,
pfp_bloom_filter_add_unique_size_u32,0,NVIDIA RTX PRO 6000 Blackwell Server Edition,I64,U32,128,1,8,4,1000000000,4,Yes,,,,,,,,
pfp_bloom_filter_add_unique_size_u32,0,NVIDIA RTX PRO 6000 Blackwell Server Edition,I64,U32,128,1,8,4,1000000000,8,Yes,,,,,,,,
pfp_bloom_filter_add_unique_size_u32,0,NVIDIA RTX PRO 6000 Blackwell Server Edition,I64,U32,128,1,8,4,1000000000,16,Yes,,,,,,,,
pfp_bloom_filter_add_unique_size_u32,0,NVIDIA RTX PRO 6000 Blackwell Server Edition,I64,U32,128,1,8,4,1000000000,32,Yes,,,,,,,,
pfp_bloom_filter_add_unique_size_u32,0,NVIDIA RTX PRO 6000 Blackwell Server Edition,I64,U32,128,1,8,4,1000000000,64,Yes,,,,,,,,
pfp_bloom_filter_add_unique_size_u32,0,NVIDIA RTX PRO 6000 Blackwell Server Edition,I64,U32,128,1,8,4,1000000000,128,Yes,,,,,,,,
pfp_bloom_filter_add_unique_size_u32,0,NVIDIA RTX PRO 6000 Blackwell Server Edition,I64,U32,128,1,8,4,1000000000,256,Yes,,,,,,,,
pfp_bloom_filter_add_unique_size_u32,0,NVIDIA RTX PRO 6000 Blackwell Server Edition,I64,U32,128,1,8,4,1000000000,512,Yes,,,,,,,,
pfp_bloom_filter_add_unique_size_u32,0,NVIDIA RTX PRO 6000 Blackwell Server Edition,I64,U32,128,1,8,4,1000000000,1024,Yes,,,,,,,,
pfp_bloom_filter_add_unique_size_u32,0,NVIDIA RTX PRO 6000 Blackwell Server Edition,I64,U32,128,1,8,4,1000000000,2048,Yes,,,,,,,,
pfp_bloom_filter_add_unique_size_u32,0,NVIDIA RTX PRO 6000 Blackwell Server Edition,I64,U32,128,1,8,8,1000000000,1,Yes,,,,,,,,
pfp_bloom_filter_add_unique_size_u32,0,NVIDIA RTX PRO 6000 Blackwell Server Edition,I64,U32,128,1,8,8,1000000000,2,Yes,,,,,,,,
pfp_bloom_filter_add_unique_size_u32,0,NVIDIA RTX PRO 6000 Blackwell Server Edition,I64,U32,128,1,8,8,1000000000,4,Yes,,,,,,,,
pfp_bloom_filter_add_unique_size_u32,0,NVIDIA RTX PRO 6000 Blackwell Server Edition,I64,U32,128,1,8,8,1000000000,8,Yes,,,,,,,,
pfp_bloom_filter_add_unique_size_u32,0,NVIDIA RTX PRO 6000 Blackwell Server Edition,I64,U32,128,1,8,8,1000000000,16,Yes,,,,,,,,
pfp_bloom_filter_add_unique_size_u32,0,NVIDIA RTX PRO 6000 Blackwell Server Edition,I64,U32,128,1,8,8,1000000000,32,Yes,,,,,,,,
pfp_bloom_filter_add_unique_size_u32,0,NVIDIA RTX PRO 6000 Blackwell Server Edition,I64,U32,128,1,8,8,1000000000,64,Yes,,,,,,,,
pfp_bloom_filter_add_unique_size_u32,0,NVIDIA RTX PRO 6000 Blackwell Server Edition,I64,U32,128,1,8,8,1000000000,128,Yes,,,,,,,,
pfp_bloom_filter_add_unique_size_u32,0,NVIDIA RTX PRO 6000 Blackwell Server Edition,I64,U32,128,1,8,8,1000000000,256,Yes,,,,,,,,
pfp_bloom_filter_add_unique_size_u32,0,NVIDIA RTX PRO 6000 Blackwell Server Edition,I64,U32,128,1,8,8,1000000000,512,Yes,,,,,,,,
pfp_bloom_filter_add_unique_size_u32,0,NVIDIA RTX PRO 6000 Blackwell Server Edition,I64,U32,128,1,8,8,1000000000,1024,Yes,,,,,,,,
pfp_bloom_filter_add_unique_size_u32,0,NVIDIA RTX PRO 6000 Blackwell Server Edition,I64,U32,128,1,8,8,1000000000,2048,Yes,,,,,,,,
pfp_bloom_filter_add_unique_size_u32,0,NVIDIA RTX PRO 6000 Blackwell Server Edition,I64,U32,128,20,1,1,1000000000,1,Yes,,,,,,,,
pfp_bloom_filter_add_unique_size_u32,0,NVIDIA RTX PRO 6000 Blackwell Server Edition,I64,U32,128,20,1,1,1000000000,2,Yes,,,,,,,,
pfp_bloom_filter_add_unique_size_u32,0,NVIDIA RTX PRO 6000 Blackwell Server Edition,I64,U32,128,20,1,1,1000000000,4,Yes,,,,,,,,
pfp_bloom_filter_add_unique_size_u32,0,NVIDIA RTX PRO 6000 Blackwell Server Edition,I64,U32,128,20,1,1,1000000000,8,Yes,,,,,,,,
pfp_bloom_filter_add_unique_size_u32,0,NVIDIA RTX PRO 6000 Blackwell Server Edition,I64,U32,128,20,1,1,1000000000,16,Yes,,,,,,,,
pfp_bloom_filter_add_unique_size_u32,0,NVIDIA RTX PRO 6000 Blackwell Server Edition,I64,U32,128,20,1,1,1000000000,32,Yes,,,,,,,,
pfp_bloom_filter_add_unique_size_u32,0,NVIDIA RTX PRO 6000 Blackwell Server Edition,I64,U32,128,20,1,1,1000000000,64,Yes,,,,,,,,
pfp_bloom_filter_add_unique_size_u32,0,NVIDIA RTX PRO 6000 Blackwell Server Edition,I64,U32,128,20,1,1,1000000000,128,Yes,,,,,,,,
pfp_bloom_filter_add_unique_size_u32,0,NVIDIA RTX PRO 6000 Blackwell Server Edition,I64,U32,128,20,1,1,1000000000,256,Yes,,,,,,,,
pfp_bloom_filter_add_unique_size_u32,0,NVIDIA RTX PRO 6000 Blackwell Server Edition,I64,U32,128,20,1,1,1000000000,512,Yes,,,,,,,,
pfp_bloom_filter_add_unique_size_u32,0,NVIDIA RTX PRO 6000 Blackwell Server Edition,I64,U32,128,20,1,1,1000000000,1024,Yes,,,,,,,,
pfp_bloom_filter_add_unique_size_u32,0,NVIDIA RTX PRO 6000 Blackwell Server Edition,I64,U32,128,20,1,1,1000000000,2048,Yes,,,,,,,,
pfp_bloom_filter_add_unique_size_u32,0,NVIDIA RTX PRO 6000 Blackwell Server Edition,I64,U32,128,20,1,2,1000000000,1,Yes,,,,,,,,
pfp_bloom_filter_add_unique_size_u32,0,NVIDIA RTX PRO 6000 Blackwell Server Edition,I64,U32,128,20,1,2,1000000000,2,Yes,,,,,,,,
pfp_bloom_filter_add_unique_size_u32,0,NVIDIA RTX PRO 6000 Blackwell Server Edition,I64,U32,128,20,1,2,1000000000,4,Yes,,,,,,,,
pfp_bloom_filter_add_unique_size_u32,0,NVIDIA RTX PRO 6000 Blackwell Server Edition,I64,U32,128,20,1,2,1000000000,8,Yes,,,,,,,,
pfp_bloom_filter_add_unique_size_u32,0,NVIDIA RTX PRO 6000 Blackwell Server Edition,I64,U32,128,20,1,2,1000000000,16,Yes,,,,,,,,
pfp_bloom_filter_add_unique_size_u32,0,NVIDIA RTX PRO 6000 Blackwell Server Edition,I64,U32,128,20,1,2,1000000000,32,Yes,,,,,,,,
pfp_bloom_filter_add_unique_size_u32,0,NVIDIA RTX PRO 6000 Blackwell Server Edition,I64,U32,128,20,1,2,1000000000,64,Yes,,,,,,,,
pfp_bloom_filter_add_unique_size_u32,0,NVIDIA RTX PRO 6000 Blackwell Server Edition,I64,U32,128,20,1,2,1000000000,128,Yes,,,,,,,,
pfp_bloom_filter_add_unique_size_u32,0,NVIDIA RTX PRO 6000 Blackwell Server Edition,I64,U32,128,20,1,2,1000000000,256,Yes,,,,,,,,
pfp_bloom_filter_add_unique_size_u32,0,NVIDIA RTX PRO 6000 Blackwell Server Edition,I64,U32,128,20,1,2,1000000000,512,Yes,,,,,,,,
pfp_bloom_filter_add_unique_size_u32,0,NVIDIA RTX PRO 6000 Blackwell Server Edition,I64,U32,128,20,1,2,1000000000,1024,Yes,,,,,,,,
pfp_bloom_filter_add_unique_size_u32,0,NVIDIA RTX PRO 6000 Blackwell Server Edition,I64,U32,128,20,1,2,1000000000,2048,Yes,,,,,,,,
pfp_bloom_filter_add_unique_size_u32,0,NVIDIA RTX PRO 6000 Blackwell Server Edition,I64,U32,128,20,1,4,1000000000,1,Yes,,,,,,,,
pfp_bloom_filter_add_unique_size_u32,0,NVIDIA RTX PRO 6000 Blackwell Server Edition,I64,U32,128,20,1,4,1000000000,2,Yes,,,,,,,,
pfp_bloom_filter_add_unique_size_u32,0,NVIDIA RTX PRO 6000 Blackwell Server Edition,I64,U32,128,20,1,4,1000000000,4,Yes,,,,,,,,
pfp_bloom_filter_add_unique_size_u32,0,NVIDIA RTX PRO 6000 Blackwell Server Edition,I64,U32,128,20,1,4,1000000000,8,Yes,,,,,,,,
pfp_bloom_filter_add_unique_size_u32,0,NVIDIA RTX PRO 6000 Blackwell Server Edition,I64,U32,128,20,1,4,1000000000,16,Yes,,,,,,,,
pfp_bloom_filter_add_unique_size_u32,0,NVIDIA RTX PRO 6000 Blackwell Server Edition,I64,U32,128,20,1,4,1000000000,32,Yes,,,,,,,,
pfp_bloom_filter_add_unique_size_u32,0,NVIDIA RTX PRO 6000 Blackwell Server Edition,I64,U32,128,20,1,4,1000000000,64,Yes,,,,,,,,
pfp_bloom_filter_add_unique_size_u32,0,NVIDIA RTX PRO 6000 Blackwell Server Edition,I64,U32,128,20,1,4,1000000000,128,Yes,,,,,,,,
pfp_bloom_filter_add_unique_size_u32,0,NVIDIA RTX PRO 6000 Blackwell Server Edition,I64,U32,128,20,1,4,1000000000,256,Yes,,,,,,,,
pfp_bloom_filter_add_unique_size_u32,0,NVIDIA RTX PRO 6000 Blackwell Server Edition,I64,U32,128,20,1,4,1000000000,512,Yes,,,,,,,,
pfp_bloom_filter_add_unique_size_u32,0,NVIDIA RTX PRO 6000 Blackwell Server Edition,I64,U32,128,20,1,4,1000000000,1024,Yes,,,,,,,,
pfp_bloom_filter_add_unique_size_u32,0,NVIDIA RTX PRO 6000 Blackwell Server Edition,I64,U32,128,20,1,4,1000000000,2048,Yes,,,,,,,,
pfp_bloom_filter_add_unique_size_u32,0,NVIDIA RTX PRO 6000 Blackwell Server Edition,I64,U32,128,20,1,8,1000000000,1,Yes,,,,,,,,
pfp_bloom_filter_add_unique_size_u32,0,NVIDIA RTX PRO 6000 Blackwell Server Edition,I64,U32,128,20,1,8,1000000000,2,Yes,,,,,,,,
pfp_bloom_filter_add_unique_size_u32,0,NVIDIA RTX PRO 6000 Blackwell Server Edition,I64,U32,128,20,1,8,1000000000,4,Yes,,,,,,,,
pfp_bloom_filter_add_unique_size_u32,0,NVIDIA RTX PRO 6000 Blackwell Server Edition,I64,U32,128,20,1,8,1000000000,8,Yes,,,,,,,,
pfp_bloom_filter_add_unique_size_u32,0,NVIDIA RTX PRO 6000 Blackwell Server Edition,I64,U32,128,20,1,8,1000000000,16,Yes,,,,,,,,
pfp_bloom_filter_add_unique_size_u32,0,NVIDIA RTX PRO 6000 Blackwell Server Edition,I64,U32,128,20,1,8,1000000000,32,Yes,,,,,,,,
pfp_bloom_filter_add_unique_size_u32,0,NVIDIA RTX PRO 6000 Blackwell Server Edition,I64,U32,128,20,1,8,1000000000,64,Yes,,,,,,,,
pfp_bloom_filter_add_unique_size_u32,0,NVIDIA RTX PRO 6000 Blackwell Server Edition,I64,U32,128,20,1,8,1000000000,128,Yes,,,,,,,,
pfp_bloom_filter_add_unique_size_u32,0,NVIDIA RTX PRO 6000 Blackwell Server Edition,I64,U32,128,20,1,8,1000000000,256,Yes,,,,,,,,
pfp_bloom_filter_add_unique_size_u32,0,NVIDIA RTX PRO 6000 Blackwell Server Edition,I64,U32,128,20,1,8,1000000000,512,Yes,,,,,,,,
pfp_bloom_filter_add_unique_size_u32,0,NVIDIA RTX PRO 6000 Blackwell Server Edition,I64,U32,128,20,1,8,1000000000,1024,Yes,,,,,,,,
pfp_bloom_filter_add_unique_size_u32,0,NVIDIA RTX PRO 6000 Blackwell Server Edition,I64,U32,128,20,1,8,1000000000,2048,Yes,,,,,,,,
pfp_bloom_filter_add_unique_size_u32,0,NVIDIA RTX PRO 6000 Blackwell Server Edition,I64,U32,128,20,2,1,1000000000,1,Yes,,,,,,,,
pfp_bloom_filter_add_unique_size_u32,0,NVIDIA RTX PRO 6000 Blackwell Server Edition,I64,U32,128,20,2,1,1000000000,2,Yes,,,,,,,,
pfp_bloom_filter_add_unique_size_u32,0,NVIDIA RTX PRO 6000 Blackwell Server Edition,I64,U32,128,20,2,1,1000000000,4,Yes,,,,,,,,
pfp_bloom_filter_add_unique_size_u32,0,NVIDIA RTX PRO 6000 Blackwell Server Edition,I64,U32,128,20,2,1,1000000000,8,Yes,,,,,,,,
pfp_bloom_filter_add_unique_size_u32,0,NVIDIA RTX PRO 6000 Blackwell Server Edition,I64,U32,128,20,2,1,1000000000,16,Yes,,,,,,,,
pfp_bloom_filter_add_unique_size_u32,0,NVIDIA RTX PRO 6000 Blackwell Server Edition,I64,U32,128,20,2,1,1000000000,32,Yes,,,,,,,,
pfp_bloom_filter_add_unique_size_u32,0,NVIDIA RTX PRO 6000 Blackwell Server Edition,I64,U32,128,20,2,1,1000000000,64,Yes,,,,,,,,
pfp_bloom_filter_add_unique_size_u32,0,NVIDIA RTX PRO 6000 Blackwell Server Edition,I64,U32,128,20,2,1,1000000000,128,Yes,,,,,,,,
pfp_bloom_filter_add_unique_size_u32,0,NVIDIA RTX PRO 6000 Blackwell Server Edition,I64,U32,128,20,2,1,1000000000,256,Yes,,,,,,,,
pfp_bloom_filter_add_unique_size_u32,0,NVIDIA RTX PRO 6000 Blackwell Server Edition,I64,U32,128,20,2,1,1000000000,512,Yes,,,,,,,,
pfp_bloom_filter_add_unique_size_u32,0,NVIDIA RTX PRO 6000 Blackwell Server Edition,I64,U32,128,20,2,1,1000000000,1024,Yes,,,,,,,,
pfp_bloom_filter_add_unique_size_u32,0,NVIDIA RTX PRO 6000 Blackwell Server Edition,I64,U32,128,20,2,1,1000000000,2048,Yes,,,,,,,,
pfp_bloom_filter_add_unique_size_u32,0,NVIDIA RTX PRO 6000 Blackwell Server Edition,I64,U32,128,20,2,2,1000000000,1,Yes,,,,,,,,
pfp_bloom_filter_add_unique_size_u32,0,NVIDIA RTX PRO 6000 Blackwell Server Edition,I64,U32,128,20,2,2,1000000000,2,Yes,,,,,,,,
pfp_bloom_filter_add_unique_size_u32,0,NVIDIA RTX PRO 6000 Blackwell Server Edition,I64,U32,128,20,2,2,1000000000,4,Yes,,,,,,,,
pfp_bloom_filter_add_unique_size_u32,0,NVIDIA RTX PRO 6000 Blackwell Server Edition,I64,U32,128,20,2,2,1000000000,8,Yes,,,,,,,,
pfp_bloom_filter_add_unique_size_u32,0,NVIDIA RTX PRO 6000 Blackwell Server Edition,I64,U32,128,20,2,2,1000000000,16,Yes,,,,,,,,
pfp_bloom_filter_add_unique_size_u32,0,NVIDIA RTX PRO 6000 Blackwell Server Edition,I64,U32,128,20,2,2,1000000000,32,Yes,,,,,,,,
pfp_bloom_filter_add_unique_size_u32,0,NVIDIA RTX PRO 6000 Blackwell Server Edition,I64,U32,128,20,2,2,1000000000,64,Yes,,,,,,,,
pfp_bloom_filter_add_unique_size_u32,0,NVIDIA RTX PRO 6000 Blackwell Server Edition,I64,U32,128,20,2,2,1000000000,128,Yes,,,,,,,,
pfp_bloom_filter_add_unique_size_u32,0,NVIDIA RTX PRO 6000 Blackwell Server Edition,I64,U32,128,20,2,2,1000000000,256,Yes,,,,,,,,
pfp_bloom_filter_add_unique_size_u32,0,NVIDIA RTX PRO 6000 Blackwell Server Edition,I64,U32,128,20,2,2,1000000000,512,Yes,,,,,,,,
pfp_bloom_filter_add_unique_size_u32,0,NVIDIA RTX PRO 6000 Blackwell Server Edition,I64,U32,128,20,2,2,1000000000,1024,Yes,,,,,,,,
pfp_bloom_filter_add_unique_size_u32,0,NVIDIA RTX PRO 6000 Blackwell Server Edition,I64,U32,128,20,2,2,1000000000,2048,Yes,,,,,,,,
pfp_bloom_filter_add_unique_size_u32,0,NVIDIA RTX PRO 6000 Blackwell Server Edition,I64,U32,128,20,2,4,1000000000,1,Yes,,,,,,,,
pfp_bloom_filter_add_unique_size_u32,0,NVIDIA RTX PRO 6000 Blackwell Server Edition,I64,U32,128,20,2,4,1000000000,2,Yes,,,,,,,,
pfp_bloom_filter_add_unique_size_u32,0,NVIDIA RTX PRO 6000 Blackwell Server Edition,I64,U32,128,20,2,4,1000000000,4,Yes,,,,,,,,
pfp_bloom_filter_add_unique_size_u32,0,NVIDIA RTX PRO 6000 Blackwell Server Edition,I64,U32,128,20,2,4,1000000000,8,Yes,,,,,,,,
pfp_bloom_filter_add_unique_size_u32,0,NVIDIA RTX PRO 6000 Blackwell Server Edition,I64,U32,128,20,2,4,1000000000,16,Yes,,,,,,,,
pfp_bloom_filter_add_unique_size_u32,0,NVIDIA RTX PRO 6000 Blackwell Server Edition,I64,U32,128,20,2,4,1000000000,32,Yes,,,,,,,,
pfp_bloom_filter_add_unique_size_u32,0,NVIDIA RTX PRO 6000 Blackwell Server Edition,I64,U32,128,20,2,4,1000000000,64,Yes,,,,,,,,
pfp_bloom_filter_add_unique_size_u32,0,NVIDIA RTX PRO 6000 Blackwell Server Edition,I64,U32,128,20,2,4,1000000000,128,Yes,,,,,,,,
pfp_bloom_filter_add_unique_size_u32,0,NVIDIA RTX PRO 6000 Blackwell Server Edition,I64,U32,128,20,2,4,1000000000,256,Yes,,,,,,,,
pfp_bloom_filter_add_unique_size_u32,0,NVIDIA RTX PRO 6000 Blackwell Server Edition,I64,U32,128,20,2,4,1000000000,512,Yes,,,,,,,,
pfp_bloom_filter_add_unique_size_u32,0,NVIDIA RTX PRO 6000 Blackwell Server Edition,I64,U32,128,20,2,4,1000000000,1024,Yes,,,,,,,,
pfp_bloom_filter_add_unique_size_u32,0,NVIDIA RTX PRO 6000 Blackwell Server Edition,I64,U32,128,20,2,4,1000000000,2048,Yes,,,,,,,,
pfp_bloom_filter_add_unique_size_u32,0,NVIDIA RTX PRO 6000 Blackwell Server Edition,I64,U32,128,20,2,8,1000000000,1,Yes,,,,,,,,
pfp_bloom_filter_add_unique_size_u32,0,NVIDIA RTX PRO 6000 Blackwell Server Edition,I64,U32,128,20,2,8,1000000000,2,Yes,,,,,,,,
pfp_bloom_filter_add_unique_size_u32,0,NVIDIA RTX PRO 6000 Blackwell Server Edition,I64,U32,128,20,2,8,1000000000,4,Yes,,,,,,,,
pfp_bloom_filter_add_unique_size_u32,0,NVIDIA RTX PRO 6000 Blackwell Server Edition,I64,U32,128,20,2,8,1000000000,8,Yes,,,,,,,,
pfp_bloom_filter_add_unique_size_u32,0,NVIDIA RTX PRO 6000 Blackwell Server Edition,I64,U32,128,20,2,8,1000000000,16,Yes,,,,,,,,
pfp_bloom_filter_add_unique_size_u32,0,NVIDIA RTX PRO 6000 Blackwell Server Edition,I64,U32,128,20,2,8,1000000000,32,Yes,,,,,,,,
pfp_bloom_filter_add_unique_size_u32,0,NVIDIA RTX PRO 6000 Blackwell Server Edition,I64,U32,128,20,2,8,1000000000,64,Yes,,,,,,,,
pfp_bloom_filter_add_unique_size_u32,0,NVIDIA RTX PRO 6000 Blackwell Server Edition,I64,U32,128,20,2,8,1000000000,128,Yes,,,,,,,,
pfp_bloom_filter_add_unique_size_u32,0,NVIDIA RTX PRO 6000 Blackwell Server Edition,I64,U32,128,20,2,8,1000000000,256,Yes,,,,,,,,
pfp_bloom_filter_add_unique_size_u32,0,NVIDIA RTX PRO 6000 Blackwell Server Edition,I64,U32,128,20,2,8,1000000000,512,Yes,,,,,,,,
pfp_bloom_filter_add_unique_size_u32,0,NVIDIA RTX PRO 6000 Blackwell Server Edition,I64,U32,128,20,2,8,1000000000,1024,Yes,,,,,,,,
pfp_bloom_filter_add_unique_size_u32,0,NVIDIA RTX PRO 6000 Blackwell Server Edition,I64,U32,128,20,2,8,1000000000,2048,Yes,,,,,,,,
pfp_bloom_filter_add_unique_size_u32,0,NVIDIA RTX PRO 6000 Blackwell Server Edition,I64,U32,128,20,4,1,1000000000,1,Yes,,,,,,,,
pfp_bloom_filter_add_unique_size_u32,0,NVIDIA RTX PRO 6000 Blackwell Server Edition,I64,U32,128,20,4,1,1000000000,2,Yes,,,,,,,,
pfp_bloom_filter_add_unique_size_u32,0,NVIDIA RTX PRO 6000 Blackwell Server Edition,I64,U32,128,20,4,1,1000000000,4,Yes,,,,,,,,
pfp_bloom_filter_add_unique_size_u32,0,NVIDIA RTX PRO 6000 Blackwell Server Edition,I64,U32,128,20,4,1,1000000000,8,Yes,,,,,,,,
pfp_bloom_filter_add_unique_size_u32,0,NVIDIA RTX PRO 6000 Blackwell Server Edition,I64,U32,128,20,4,1,1000000000,16,Yes,,,,,,,,
pfp_bloom_filter_add_unique_size_u32,0,NVIDIA RTX PRO 6000 Blackwell Server Edition,I64,U32,128,20,4,1,1000000000,32,Yes,,,,,,,,
pfp_bloom_filter_add_unique_size_u32,0,NVIDIA RTX PRO 6000 Blackwell Server Edition,I64,U32,128,20,4,1,1000000000,64,Yes,,,,,,,,
pfp_bloom_filter_add_unique_size_u32,0,NVIDIA RTX PRO 6000 Blackwell Server Edition,I64,U32,128,20,4,1,1000000000,128,Yes,,,,,,,,
pfp_bloom_filter_add_unique_size_u32,0,NVIDIA RTX PRO 6000 Blackwell Server Edition,I64,U32,128,20,4,1,1000000000,256,Yes,,,,,,,,
pfp_bloom_filter_add_unique_size_u32,0,NVIDIA RTX PRO 6000 Blackwell Server Edition,I64,U32,128,20,4,1,1000000000,512,Yes,,,,,,,,
pfp_bloom_filter_add_unique_size_u32,0,NVIDIA RTX PRO 6000 Blackwell Server Edition,I64,U32,128,20,4,1,1000000000,1024,Yes,,,,,,,,
pfp_bloom_filter_add_unique_size_u32,0,NVIDIA RTX PRO 6000 Blackwell Server Edition,I64,U32,128,20,4,1,1000000000,2048,Yes,,,,,,,,
pfp_bloom_filter_add_unique_size_u32,0,NVIDIA RTX PRO 6000 Blackwell Server Edition,I64,U32,128,20,4,2,1000000000,1,Yes,,,,,,,,
pfp_bloom_filter_add_unique_size_u32,0,NVIDIA RTX PRO 6000 Blackwell Server Edition,I64,U32,128,20,4,2,1000000000,2,Yes,,,,,,,,
pfp_bloom_filter_add_unique_size_u32,0,NVIDIA RTX PRO 6000 Blackwell Server Edition,I64,U32,128,20,4,2,1000000000,4,Yes,,,,,,,,
pfp_bloom_filter_add_unique_size_u32,0,NVIDIA RTX PRO 6000 Blackwell Server Edition,I64,U32,128,20,4,2,1000000000,8,Yes,,,,,,,,
pfp_bloom_filter_add_unique_size_u32,0,NVIDIA RTX PRO 6000 Blackwell Server Edition,I64,U32,128,20,4,2,1000000000,16,Yes,,,,,,,,
pfp_bloom_filter_add_unique_size_u32,0,NVIDIA RTX PRO 6000 Blackwell Server Edition,I64,U32,128,20,4,2,1000000000,32,Yes,,,,,,,,
pfp_bloom_filter_add_unique_size_u32,0,NVIDIA RTX PRO 6000 Blackwell Server Edition,I64,U32,128,20,4,2,1000000000,64,Yes,,,,,,,,
pfp_bloom_filter_add_unique_size_u32,0,NVIDIA RTX PRO 6000 Blackwell Server Edition,I64,U32,128,20,4,2,1000000000,128,Yes,,,,,,,,
pfp_bloom_filter_add_unique_size_u32,0,NVIDIA RTX PRO 6000 Blackwell Server Edition,I64,U32,128,20,4,2,1000000000,256,Yes,,,,,,,,
pfp_bloom_filter_add_unique_size_u32,0,NVIDIA RTX PRO 6000 Blackwell Server Edition,I64,U32,128,20,4,2,1000000000,512,Yes,,,,,,,,
pfp_bloom_filter_add_unique_size_u32,0,NVIDIA RTX PRO 6000 Blackwell Server Edition,I64,U32,128,20,4,2,1000000000,1024,Yes,,,,,,,,
pfp_bloom_filter_add_unique_size_u32,0,NVIDIA RTX PRO 6000 Blackwell Server Edition,I64,U32,128,20,4,2,1000000000,2048,Yes,,,,,,,,
pfp_bloom_filter_add_unique_size_u32,0,NVIDIA RTX PRO 6000 Blackwell Server Edition,I64,U32,128,20,4,4,1000000000,1,Yes,,,,,,,,
pfp_bloom_filter_add_unique_size_u32,0,NVIDIA RTX PRO 6000 Blackwell Server Edition,I64,U32,128,20,4,4,1000000000,2,Yes,,,,,,,,
pfp_bloom_filter_add_unique_size_u32,0,NVIDIA RTX PRO 6000 Blackwell Server Edition,I64,U32,128,20,4,4,1000000000,4,Yes,,,,,,,,
pfp_bloom_filter_add_unique_size_u32,0,NVIDIA RTX PRO 6000 Blackwell Server Edition,I64,U32,128,20,4,4,1000000000,8,Yes,,,,,,,,
pfp_bloom_filter_add_unique_size_u32,0,NVIDIA RTX PRO 6000 Blackwell Server Edition,I64,U32,128,20,4,4,1000000000,16,Yes,,,,,,,,
pfp_bloom_filter_add_unique_size_u32,0,NVIDIA RTX PRO 6000 Blackwell Server Edition,I64,U32,128,20,4,4,1000000000,32,Yes,,,,,,,,
pfp_bloom_filter_add_unique_size_u32,0,NVIDIA RTX PRO 6000 Blackwell Server Edition,I64,U32,128,20,4,4,1000000000,64,Yes,,,,,,,,
pfp_bloom_filter_add_unique_size_u32,0,NVIDIA RTX PRO 6000 Blackwell Server Edition,I64,U32,128,20,4,4,1000000000,128,Yes,,,,,,,,
pfp_bloom_filter_add_unique_size_u32,0,NVIDIA RTX PRO 6000 Blackwell Server Edition,I64,U32,128,20,4,4,1000000000,256,Yes,,,,,,,,
pfp_bloom_filter_add_unique_size_u32,0,NVIDIA RTX PRO 6000 Blackwell Server Edition,I64,U32,128,20,4,4,1000000000,512,Yes,,,,,,,,
pfp_bloom_filter_add_unique_size_u32,0,NVIDIA RTX PRO 6000 Blackwell Server Edition,I64,U32,128,20,4,4,1000000000,1024,Yes,,,,,,,,
pfp_bloom_filter_add_unique_size_u32,0,NVIDIA RTX PRO 6000 Blackwell Server Edition,I64,U32,128,20,4,4,1000000000,2048,Yes,,,,,,,,
pfp_bloom_filter_add_unique_size_u32,0,NVIDIA RTX PRO 6000 Blackwell Server Edition,I64,U32,128,20,4,8,1000000000,1,Yes,,,,,,,,
pfp_bloom_filter_add_unique_size_u32,0,NVIDIA RTX PRO 6000 Blackwell Server Edition,I64,U32,128,20,4,8,1000000000,2,Yes,,,,,,,,
pfp_bloom_filter_add_unique_size_u32,0,NVIDIA RTX PRO 6000 Blackwell Server Edition,I64,U32,128,20,4,8,1000000000,4,Yes,,,,,,,,
pfp_bloom_filter_add_unique_size_u32,0,NVIDIA RTX PRO 6000 Blackwell Server Edition,I64,U32,128,20,4,8,1000000000,8,Yes,,,,,,,,
pfp_bloom_filter_add_unique_size_u32,0,NVIDIA RTX PRO 6000 Blackwell Server Edition,I64,U32,128,20,4,8,1000000000,16,Yes,,,,,,,,
pfp_bloom_filter_add_unique_size_u32,0,NVIDIA RTX PRO 6000 Blackwell Server Edition,I64,U32,128,20,4,8,1000000000,32,Yes,,,,,,,,
pfp_bloom_filter_add_unique_size_u32,0,NVIDIA RTX PRO 6000 Blackwell Server Edition,I64,U32,128,20,4,8,1000000000,64,Yes,,,,,,,,
pfp_bloom_filter_add_unique_size_u32,0,NVIDIA RTX PRO 6000 Blackwell Server Edition,I64,U32,128,20,4,8,1000000000,128,Yes,,,,,,,,
pfp_bloom_filter_add_unique_size_u32,0,NVIDIA RTX PRO 6000 Blackwell Server Edition,I64,U32,128,20,4,8,1000000000,256,Yes,,,,,,,,
pfp_bloom_filter_add_unique_size_u32,0,NVIDIA RTX PRO 6000 Blackwell Server Edition,I64,U32,128,20,4,8,1000000000,512,Yes,,,,,,,,
pfp_bloom_filter_add_unique_size_u32,0,NVIDIA RTX PRO 6000 Blackwell Server Edition,I64,U32,128,20,4,8,1000000000,1024,Yes,,,,,,,,
pfp_bloom_filter_add_unique_size_u32,0,NVIDIA RTX PRO 6000 Blackwell Server Edition,I64,U32,128,20,4,8,1000000000,2048,Yes,,,,,,,,
pfp_bloom_filter_add_unique_size_u32,0,NVIDIA RTX PRO 6000 Blackwell Server Edition,I64,U32,128,20,8,1,1000000000,1,Yes,,,,,,,,
pfp_bloom_filter_add_unique_size_u32,0,NVIDIA RTX PRO 6000 Blackwell Server Edition,I64,U32,128,20,8,1,1000000000,2,Yes,,,,,,,,
pfp_bloom_filter_add_unique_size_u32,0,NVIDIA RTX PRO 6000 Blackwell Server Edition,I64,U32,128,20,8,1,1000000000,4,Yes,,,,,,,,
pfp_bloom_filter_add_unique_size_u32,0,NVIDIA RTX PRO 6000 Blackwell Server Edition,I64,U32,128,20,8,1,1000000000,8,Yes,,,,,,,,
pfp_bloom_filter_add_unique_size_u32,0,NVIDIA RTX PRO 6000 Blackwell Server Edition,I64,U32,128,20,8,1,1000000000,16,Yes,,,,,,,,
pfp_bloom_filter_add_unique_size_u32,0,NVIDIA RTX PRO 6000 Blackwell Server Edition,I64,U32,128,20,8,1,1000000000,32,Yes,,,,,,,,
pfp_bloom_filter_add_unique_size_u32,0,NVIDIA RTX PRO 6000 Blackwell Server Edition,I64,U32,128,20,8,1,1000000000,64,Yes,,,,,,,,
pfp_bloom_filter_add_unique_size_u32,0,NVIDIA RTX PRO 6000 Blackwell Server Edition,I64,U32,128,20,8,1,1000000000,128,Yes,,,,,,,,
pfp_bloom_filter_add_unique_size_u32,0,NVIDIA RTX PRO 6000 Blackwell Server Edition,I64,U32,128,20,8,1,1000000000,256,Yes,,,,,,,,
pfp_bloom_filter_add_unique_size_u32,0,NVIDIA RTX PRO 6000 Blackwell Server Edition,I64,U32,128,20,8,1,1000000000,512,Yes,,,,,,,,
pfp_bloom_filter_add_unique_size_u32,0,NVIDIA RTX PRO 6000 Blackwell Server Edition,I64,U32,128,20,8,1,1000000000,1024,Yes,,,,,,,,
pfp_bloom_filter_add_unique_size_u32,0,NVIDIA RTX PRO 6000 Blackwell Server Edition,I64,U32,128,20,8,1,1000000000,2048,Yes,,,,,,,,
pfp_bloom_filter_add_unique_size_u32,0,NVIDIA RTX PRO 6000 Blackwell Server Edition,I64,U32,128,20,8,2,1000000000,1,Yes,,,,,,,,
pfp_bloom_filter_add_unique_size_u32,0,NVIDIA RTX PRO 6000 Blackwell Server Edition,I64,U32,128,20,8,2,1000000000,2,Yes,,,,,,,,
pfp_bloom_filter_add_unique_size_u32,0,NVIDIA RTX PRO 6000 Blackwell Server Edition,I64,U32,128,20,8,2,1000000000,4,Yes,,,,,,,,
pfp_bloom_filter_add_unique_size_u32,0,NVIDIA RTX PRO 6000 Blackwell Server Edition,I64,U32,128,20,8,2,1000000000,8,Yes,,,,,,,,
pfp_bloom_filter_add_unique_size_u32,0,NVIDIA RTX PRO 6000 Blackwell Server Edition,I64,U32,128,20,8,2,1000000000,16,Yes,,,,,,,,
pfp_bloom_filter_add_unique_size_u32,0,NVIDIA RTX PRO 6000 Blackwell Server Edition,I64,U32,128,20,8,2,1000000000,32,Yes,,,,,,,,
pfp_bloom_filter_add_unique_size_u32,0,NVIDIA RTX PRO 6000 Blackwell Server Edition,I64,U32,128,20,8,2,1000000000,64,Yes,,,,,,,,
pfp_bloom_filter_add_unique_size_u32,0,NVIDIA RTX PRO 6000 Blackwell Server Edition,I64,U32,128,20,8,2,1000000000,128,Yes,,,,,,,,
pfp_bloom_filter_add_unique_size_u32,0,NVIDIA RTX PRO 6000 Blackwell Server Edition,I64,U32,128,20,8,2,1000000000,256,Yes,,,,,,,,
pfp_bloom_filter_add_unique_size_u32,0,NVIDIA RTX PRO 6000 Blackwell Server Edition,I64,U32,128,20,8,2,1000000000,512,Yes,,,,,,,,
pfp_bloom_filter_add_unique_size_u32,0,NVIDIA RTX PRO 6000 Blackwell Server Edition,I64,U32,128,20,8,2,1000000000,1024,Yes,,,,,,,,
pfp_bloom_filter_add_unique_size_u32,0,NVIDIA RTX PRO 6000 Blackwell Server Edition,I64,U32,128,20,8,2,1000000000,2048,Yes,,,,,,,,
pfp_bloom_filter_add_unique_size_u32,0,NVIDIA RTX PRO 6000 Blackwell Server Edition,I64,U32,128,20,8,4,1000000000,1,Yes,,,,,,,,
pfp_bloom_filter_add_unique_size_u32,0,NVIDIA RTX PRO 6000 Blackwell Server Edition,I64,U32,128,20,8,4,1000000000,2,Yes,,,,,,,,
pfp_bloom_filter_add_unique_size_u32,0,NVIDIA RTX PRO 6000 Blackwell Server Edition,I64,U32,128,20,8,4,1000000000,4,Yes,,,,,,,,
pfp_bloom_filter_add_unique_size_u32,0,NVIDIA RTX PRO 6000 Blackwell Server Edition,I64,U32,128,20,8,4,1000000000,8,Yes,,,,,,,,
pfp_bloom_filter_add_unique_size_u32,0,NVIDIA RTX PRO 6000 Blackwell Server Edition,I64,U32,128,20,8,4,1000000000,16,Yes,,,,,,,,
pfp_bloom_filter_add_unique_size_u32,0,NVIDIA RTX PRO 6000 Blackwell Server Edition,I64,U32,128,20,8,4,1000000000,32,Yes,,,,,,,,
pfp_bloom_filter_add_unique_size_u32,0,NVIDIA RTX PRO 6000 Blackwell Server Edition,I64,U32,128,20,8,4,1000000000,64,Yes,,,,,,,,
pfp_bloom_filter_add_unique_size_u32,0,NVIDIA RTX PRO 6000 Blackwell Server Edition,I64,U32,128,20,8,4,1000000000,128,Yes,,,,,,,,
pfp_bloom_filter_add_unique_size_u32,0,NVIDIA RTX PRO 6000 Blackwell Server Edition,I64,U32,128,20,8,4,1000000000,256,Yes,,,,,,,,
pfp_bloom_filter_add_unique_size_u32,0,NVIDIA RTX PRO 6000 Blackwell Server Edition,I64,U32,128,20,8,4,1000000000,512,Yes,,,,,,,,
pfp_bloom_filter_add_unique_size_u32,0,NVIDIA RTX PRO 6000 Blackwell Server Edition,I64,U32,128,20,8,4,1000000000,1024,Yes,,,,,,,,
pfp_bloom_filter_add_unique_size_u32,0,NVIDIA RTX PRO 6000 Blackwell Server Edition,I64,U32,128,20,8,4,1000000000,2048,Yes,,,,,,,,
pfp_bloom_filter_add_unique_size_u32,0,NVIDIA RTX PRO 6000 Blackwell Server Edition,I64,U32,128,20,8,8,1000000000,1,Yes,,,,,,,,
pfp_bloom_filter_add_unique_size_u32,0,NVIDIA RTX PRO 6000 Blackwell Server Edition,I64,U32,128,20,8,8,1000000000,2,Yes,,,,,,,,
pfp_bloom_filter_add_unique_size_u32,0,NVIDIA RTX PRO 6000 Blackwell Server Edition,I64,U32,128,20,8,8,1000000000,4,Yes,,,,,,,,
pfp_bloom_filter_add_unique_size_u32,0,NVIDIA RTX PRO 6000 Blackwell Server Edition,I64,U32,128,20,8,8,1000000000,8,Yes,,,,,,,,
pfp_bloom_filter_add_unique_size_u32,0,NVIDIA RTX PRO 6000 Blackwell Server Edition,I64,U32,128,20,8,8,1000000000,16,Yes,,,,,,,,
pfp_bloom_filter_add_unique_size_u32,0,NVIDIA RTX PRO 6000 Blackwell Server Edition,I64,U32,128,20,8,8,1000000000,32,Yes,,,,,,,,
pfp_bloom_filter_add_unique_size_u32,0,NVIDIA RTX PRO 6000 Blackwell Server Edition,I64,U32,128,20,8,8,1000000000,64,Yes,,,,,,,,
pfp_bloom_filter_add_unique_size_u32,0,NVIDIA RTX PRO 6000 Blackwell Server Edition,I64,U32,128,20,8,8,1000000000,128,Yes,,,,,,,,
pfp_bloom_filter_add_unique_size_u32,0,NVIDIA RTX PRO 6000 Blackwell Server Edition,I64,U32,128,20,8,8,1000000000,256,Yes,,,,,,,,
pfp_bloom_filter_add_unique_size_u32,0,NVIDIA RTX PRO 6000 Blackwell Server Edition,I64,U32,128,20,8,8,1000000000,512,Yes,,,,,,,,
pfp_bloom_filter_add_unique_size_u32,0,NVIDIA RTX PRO 6000 Blackwell Server Edition,I64,U32,128,20,8,8,1000000000,1024,Yes,,,,,,,,
pfp_bloom_filter_add_unique_size_u32,0,NVIDIA RTX PRO 6000 Blackwell Server Edition,I64,U32,128,20,8,8,1000000000,2048,Yes,,,,,,,,
pfp_bloom_filter_add_unique_size_u32,0,NVIDIA RTX PRO 6000 Blackwell Server Edition,I64,U32,256,1,1,1,1000000000,1,No,11,0.08556418754545456,2.9880171268633524e-05,0.08555285852605646,2.6996597518072906e-05,11688680159.008766,12,0.08554290580749513
pfp_bloom_filter_add_unique_size_u32,0,NVIDIA RTX PRO 6000 Blackwell Server Edition,I64,U32,256,1,1,1,1000000000,2,No,11,0.08596905845454547,2.0272498874612513e-05,0.08595888588645242,2.1818696146118293e-05,11633468601.733068,12,0.08594319915771483
pfp_bloom_filter_add_unique_size_u32,0,NVIDIA RTX PRO 6000 Blackwell Server Edition,I64,U32,256,1,1,1,1000000000,4,No,11,0.08618613245454546,4.8372497016572366e-05,0.08617515494606712,4.849564177095013e-05,11604272723.685287,12,0.08615542856852215
pfp_bloom_filter_add_unique_size_u32,0,NVIDIA RTX PRO 6000 Blackwell Server Edition,I64,U32,256,1,1,1,1000000000,8,No,11,0.08629685936363636,3.580726719007398e-05,0.08628594346479936,3.0548527119728976e-05,11589373191.566868,12,0.08624787012736003
pfp_bloom_filter_add_unique_size_u32,0,NVIDIA RTX PRO 6000 Blackwell Server Edition,I64,U32,256,1,1,1,1000000000,16,No,11,0.08637093672727272,4.107501935189778e-05,0.08635979322953657,4.064428424558367e-05,11579462648.110907,12,0.08630390040079754
pfp_bloom_filter_add_unique_size_u32,0,NVIDIA RTX PRO 6000 Blackwell Server Edition,I64,U32,256,1,1,1,1000000000,32,No,11,0.08642389281818184,2.6374294015356168e-05,0.08641300340132281,2.2339254990097146e-05,11572332411.081224,12,0.08632097117106119
pfp_bloom_filter_add_unique_size_u32,0,NVIDIA RTX PRO 6000 Blackwell Server Edition,I64,U32,256,1,1,1,1000000000,64,No,11,0.087830536,1.9470079108343555e-05,0.08781925201416016,2.4423065692241194e-05,11387024793.137135,12,0.08752228546142578
pfp_bloom_filter_add_unique_size_u32,0,NVIDIA RTX PRO 6000 Blackwell Server Edition,I64,U32,256,1,1,1,1000000000,128,No,11,0.14822770954545456,0.0002864235620343586,0.1482155137495561,0.0002862964653730058,6746932049.837427,12,0.1481006876627604
pfp_bloom_filter_add_unique_size_u32,0,NVIDIA RTX PRO 6000 Blackwell Server Edition,I64,U32,256,1,1,1,1000000000,256,No,11,0.1875310938181819,9.627368811664738e-05,0.1875194521817294,9.462667276050408e-05,5332780084.227619,12,0.18745854695638023
pfp_bloom_filter_add_unique_size_u32,0,NVIDIA RTX PRO 6000 Blackwell Server Edition,I64,U32,256,1,1,1,1000000000,512,No,11,0.20328031072727273,0.0002728130037335066,0.20326767522638492,0.00027306309563642,4919621375.539775,12,0.20321213658650716
pfp_bloom_filter_add_unique_size_u32,0,NVIDIA RTX PRO 6000 Blackwell Server Edition,I64,U32,256,1,1,1,1000000000,1024,No,11,0.2300558040909091,1.166784038294828e-05,0.23004334328391335,7.438221467254016e-06,4347006897.590715,12,0.23000763193766274
pfp_bloom_filter_add_unique_size_u32,0,NVIDIA RTX PRO 6000 Blackwell Server Edition,I64,U32,256,1,1,1,1000000000,2048,No,11,0.25240526672727276,5.5290408650464354e-06,0.2523921980424361,5.3890222528322796e-06,3962087607.1290617,12,0.2523609466552735
pfp_bloom_filter_add_unique_size_u32,0,NVIDIA RTX PRO 6000 Blackwell Server Edition,I64,U32,256,1,1,2,1000000000,1,No,11,0.08555795599999999,4.4710625269080135e-05,0.08554741807417435,3.8099461880821515e-05,11689423509.344778,12,0.08554273096720377
pfp_bloom_filter_add_unique_size_u32,0,NVIDIA RTX PRO 6000 Blackwell Server Edition,I64,U32,256,1,1,2,1000000000,2,No,11,0.08596598654545454,3.206469184960801e-05,0.08595516551624643,2.586582529855437e-05,11633972129.470095,12,0.08594422086079917
pfp_bloom_filter_add_unique_size_u32,0,NVIDIA RTX PRO 6000 Blackwell Server Edition,I64,U32,256,1,1,2,1000000000,4,No,11,0.08618213281818182,3.655313160848983e-05,0.08617149006236684,3.299722323212359e-05,11604766254.781569,12,0.08614922904968263
pfp_bloom_filter_add_unique_size_u32,0,NVIDIA RTX PRO 6000 Blackwell Server Edition,I64,U32,256,1,1,2,1000000000,8,No,11,0.086303756,3.2322043099304304e-05,0.08629273015802558,3.058579635336202e-05,11588461718.255138,12,0.08625312995910644
pfp_bloom_filter_add_unique_size_u32,0,NVIDIA RTX PRO 6000 Blackwell Server Edition,I64,U32,256,1,1,2,1000000000,16,No,11,0.08636530427272728,2.6603967753480633e-05,0.08635385062477806,2.217708486377407e-05,11580259510.89509,12,0.08629912948608398
pfp_bloom_filter_add_unique_size_u32,0,NVIDIA RTX PRO 6000 Blackwell Server Edition,I64,U32,256,1,1,2,1000000000,32,No,11,0.08642846672727272,3.22270010605827e-05,0.08641664054177021,2.7078722483386882e-05,11571845349.815948,12,0.0863291842142741
pfp_bloom_filter_add_unique_size_u32,0,NVIDIA RTX PRO 6000 Blackwell Server Edition,I64,U32,256,1,1,2,1000000000,64,No,11,0.08782553490909092,1.4698754562670065e-05,0.08781431926380504,2.2868863025872326e-05,11387664430.852978,12,0.08751745605468748
pfp_bloom_filter_add_unique_size_u32,0,NVIDIA RTX PRO 6000 Blackwell Server Edition,I64,U32,256,1,1,2,1000000000,128,No,11,0.1482192719090909,0.00022513562822868414,0.14820779418945312,0.00022679759166146542,6747283470.946919,12,0.1481161308288574
pfp_bloom_filter_add_unique_size_u32,0,NVIDIA RTX PRO 6000 Blackwell Server Edition,I64,U32,256,1,1,2,1000000000,256,No,11,0.18747741227272732,6.649931246239289e-05,0.18746473277698864,6.703484133566072e-05,5334336678.620068,12,0.18741595713297524
pfp_bloom_filter_add_unique_size_u32,0,NVIDIA RTX PRO 6000 Blackwell Server Edition,I64,U32,256,1,1,2,1000000000,512,No,11,0.2032525551818182,0.00026221814907247175,0.20323999717018823,0.00026182016227143816,4920291349.751517,12,0.20321808242797854
pfp_bloom_filter_add_unique_size_u32,0,NVIDIA RTX PRO 6000 Blackwell Server Edition,I64,U32,256,1,1,2,1000000000,1024,No,11,0.23005941581818182,1.8571026203108574e-05,0.2300465018532493,1.870903879639083e-05,4346947212.60277,12,0.2300140711466471
pfp_bloom_filter_add_unique_size_u32,0,NVIDIA RTX PRO 6000 Blackwell Server Edition,I64,U32,256,1,1,2,1000000000,2048,No,11,0.2524093321818182,8.598069110978e-06,0.2523968353271484,8.16593122048209e-06,3962014811.730239,12,0.25236266199747726
pfp_bloom_filter_add_unique_size_u32,0,NVIDIA RTX PRO 6000 Blackwell Server Edition,I64,U32,256,1,1,4,1000000000,1,No,11,0.08555701554545457,4.447165721001006e-05,0.08554571325128729,4.118051328201587e-05,11689656465.45652,12,0.08553883298238119
pfp_bloom_filter_add_unique_size_u32,0,NVIDIA RTX PRO 6000 Blackwell Server Edition,I64,U32,256,1,1,4,1000000000,2,No,11,0.08596765654545455,2.993713970945769e-05,0.08595698616721413,2.419963153982623e-05,11633725710.841894,12,0.08594200007120768
pfp_bloom_filter_add_unique_size_u32,0,NVIDIA RTX PRO 6000 Blackwell Server Edition,I64,U32,256,1,1,4,1000000000,4,No,11,0.08618380727272729,3.0045018715985475e-05,0.08617305339466443,3.146008304308996e-05,11604555723.702799,12,0.0861507822672526
pfp_bloom_filter_add_unique_size_u32,0,NVIDIA RTX PRO 6000 Blackwell Server Edition,I64,U32,256,1,1,4,1000000000,8,No,11,0.08630425227272728,3.249400170900222e-05,0.08629214338822798,2.9132547521444786e-05,11588540517.541723,12,0.08625244903564455
pfp_bloom_filter_add_unique_size_u32,0,NVIDIA RTX PRO 6000 Blackwell Server Edition,I64,U32,256,1,1,4,1000000000,16,No,11,0.08636626036363637,4.262486789950985e-05,0.0863544894131747,3.6492630768079474e-05,11580173848.465078,12,0.08629844347635905
pfp_bloom_filter_add_unique_size_u32,0,NVIDIA RTX PRO 6000 Blackwell Server Edition,I64,U32,256,1,1,4,1000000000,32,No,11,0.08642912763636362,2.747099262149241e-05,0.0864183280251243,3.1849976888475074e-05,11571619387.374298,12,0.08632433764139812
pfp_bloom_filter_add_unique_size_u32,0,NVIDIA RTX PRO 6000 Blackwell Server Edition,I64,U32,256,1,1,4,1000000000,64,No,11,0.08780865772727274,2.835383229060316e-05,0.08779718711159447,2.418909756093318e-05,11389886543.050083,12,0.08750291951497395
pfp_bloom_filter_add_unique_size_u32,0,NVIDIA RTX PRO 6000 Blackwell Server Edition,I64,U32,256,1,1,4,1000000000,128,No,11,0.1482240709090909,0.0002875257255257166,0.1482120694247159,0.0002863635872570734,6747088842.909305,12,0.1481116065979004
pfp_bloom_filter_add_unique_size_u32,0,NVIDIA RTX PRO 6000 Blackwell Server Edition,I64,U32,256,1,1,4,1000000000,256,No,11,0.1874872636363637,0.00014200402123148921,0.1874750421697443,0.00014182987909441703,5334043339.457294,12,0.18742715072631835
pfp_bloom_filter_add_unique_size_u32,0,NVIDIA RTX PRO 6000 Blackwell Server Edition,I64,U32,256,1,1,4,1000000000,512,No,11,0.20326691600000002,0.00018443984740471194,0.20325456376509232,0.00018567644682533814,4919938728.439729,12,0.20325657272338868
pfp_bloom_filter_add_unique_size_u32,0,NVIDIA RTX PRO 6000 Blackwell Server Edition,I64,U32,256,1,1,4,1000000000,1024,No,11,0.23005695254545458,1.1993431723421136e-05,0.23004441139914772,1.1684861543622343e-05,4346986714.078049,12,0.23000716527303056
pfp_bloom_filter_add_unique_size_u32,0,NVIDIA RTX PRO 6000 Blackwell Server Edition,I64,U32,256,1,1,4,1000000000,2048,No,11,0.252405879,7.055797904316355e-06,0.2523928735906427,5.1137958419997705e-06,3962077002.308334,12,0.25236201604207353
pfp_bloom_filter_add_unique_size_u32,0,NVIDIA RTX PRO 6000 Blackwell Server Edition,I64,U32,256,1,1,8,1000000000,1,No,11,0.08556292754545455,4.6174488681462716e-05,0.08555208934437145,4.3515973341848424e-05,11688785249.588892,12,0.08554038238525391
pfp_bloom_filter_add_unique_size_u32,0,NVIDIA RTX PRO 6000 Blackwell Server Edition,I64,U32,256,1,1,8,1000000000,2,No,11,0.08596859809090908,4.346403531896495e-05,0.08595767350630326,4.0732799465812164e-05,11633632684.656946,12,0.0859421221415202
pfp_bloom_filter_add_unique_size_u32,0,NVIDIA RTX PRO 6000 Blackwell Server Edition,I64,U32,256,1,1,8,1000000000,4,No,11,0.0861840971818182,2.851659300059861e-05,0.08617278012362393,1.9818793236866053e-05,11604592524.059158,12,0.08615320014953613
pfp_bloom_filter_add_unique_size_u32,0,NVIDIA RTX PRO 6000 Blackwell Server Edition,I64,U32,256,1,1,8,1000000000,8,No,11,0.0862968461818182,1.8581534064501272e-05,0.08628531646728516,1.9274137027471196e-05,11589457406.45394,12,0.0862488670349121
pfp_bloom_filter_add_unique_size_u32,0,NVIDIA RTX PRO 6000 Blackwell Server Edition,I64,U32,256,1,1,8,1000000000,16,No,11,0.08637004654545455,3.516786221406292e-05,0.08635897272283381,2.984405376829928e-05,11579572665.94018,12,0.0863019847869873
pfp_bloom_filter_add_unique_size_u32,0,NVIDIA RTX PRO 6000 Blackwell Server Edition,I64,U32,256,1,1,8,1000000000,32,No,11,0.0864249210909091,3.833563838788276e-05,0.08641516529430042,3.103636263730561e-05,11572042900.043562,12,0.08632173856099447
pfp_bloom_filter_add_unique_size_u32,0,NVIDIA RTX PRO 6000 Blackwell Server Edition,I64,U32,256,1,1,8,1000000000,64,No,11,0.08783175909090911,3.6043104988295734e-05,0.08782077026367187,3.424455352833778e-05,11386827933.729275,12,0.08752152506510415
pfp_bloom_filter_add_unique_size_u32,0,NVIDIA RTX PRO 6000 Blackwell Server Edition,I64,U32,256,1,1,8,1000000000,128,No,11,0.1482384812727273,0.00022431949376063967,0.14822692038796167,0.00022017219272951183,6746412847.1579275,12,0.14810011927286781
pfp_bloom_filter_add_unique_size_u32,0,NVIDIA RTX PRO 6000 Blackwell Server Edition,I64,U32,256,1,1,8,1000000000,256,No,11,0.187524215,8.307676010451651e-05,0.18751196011629973,8.330741602210017e-05,5332993156.168675,12,0.18745976257324218
pfp_bloom_filter_add_unique_size_u32,0,NVIDIA RTX PRO 6000 Blackwell Server Edition,I64,U32,256,1,1,8,1000000000,512,No,11,0.20327690481818186,0.0001727429237233199,0.2032639090798118,0.00017131562020264947,4919712528.048199,12,0.20321147537231446
pfp_bloom_filter_add_unique_size_u32,0,NVIDIA RTX PRO 6000 Blackwell Server Edition,I64,U32,256,1,1,8,1000000000,1024,No,11,0.23005703463636368,1.266794226946532e-05,0.23004469299316407,1.1490321095023763e-05,4346981393.001384,12,0.23000860850016272
pfp_bloom_filter_add_unique_size_u32,0,NVIDIA RTX PRO 6000 Blackwell Server Edition,I64,U32,256,1,1,8,1000000000,2048,No,11,0.2524098127272728,1.008656055534546e-05,0.25239731112393465,9.582818264595881e-06,3962007342.8950677,12,0.2523613052368164
pfp_bloom_filter_add_unique_size_u32,0,NVIDIA RTX PRO 6000 Blackwell Server Edition,I64,U32,256,1,2,1,1000000000,1,No,12,0.04280086875,4.418902004808782e-05,0.042790151913960774,4.1703375256006245e-05,23369863280.941956,13,0.04278413127018855
pfp_bloom_filter_add_unique_size_u32,0,NVIDIA RTX PRO 6000 Blackwell Server Edition,I64,U32,256,1,2,1,1000000000,2,No,12,0.04301307683333334,0.00010442613276159609,0.043002684911092125,0.00010387536013459192,23254361955.945213,13,0.04299436950683593
pfp_bloom_filter_add_unique_size_u32,0,NVIDIA RTX PRO 6000 Blackwell Server Edition,I64,U32,256,1,2,1,1000000000,4,No,12,0.04312423291666667,6.280270583391698e-05,0.043114092508951825,4.7853792452719795e-05,23194272262.424843,13,0.04309492345956655
pfp_bloom_filter_add_unique_size_u32,0,NVIDIA RTX PRO 6000 Blackwell Server Edition,I64,U32,256,1,2,1,1000000000,8,No,12,0.04319690908333334,7.687370456490445e-05,0.04318691158294677,7.546279935110598e-05,23155163528.638855,13,0.04314371226384089
pfp_bloom_filter_add_unique_size_u32,0,NVIDIA RTX PRO 6000 Blackwell Server Edition,I64,U32,256,1,2,1,1000000000,16,No,12,0.04323443233333333,7.404761376896601e-05,0.043223690350850434,7.04152628508991e-05,23135460944.748436,13,0.043164908189039966
pfp_bloom_filter_add_unique_size_u32,0,NVIDIA RTX PRO 6000 Blackwell Server Edition,I64,U32,256,1,2,1,1000000000,32,No,12,0.04328812866666667,5.078057946889717e-05,0.043277778943379724,5.735459958694715e-05,23106546232.612793,13,0.04318436021071214
pfp_bloom_filter_add_unique_size_u32,0,NVIDIA RTX PRO 6000 Blackwell Server Edition,I64,U32,256,1,2,1,1000000000,64,No,12,0.044710172750000006,7.958517552392648e-05,0.04469985294342041,7.581322595284026e-05,22371438252.062412,13,0.04435116459773137
pfp_bloom_filter_add_unique_size_u32,0,NVIDIA RTX PRO 6000 Blackwell Server Edition,I64,U32,256,1,2,1,1000000000,128,No,11,0.10953127772727277,0.00016967155689718753,0.10951990647749464,0.00017000199961066407,9130760171.0333,12,0.10939548683166506
pfp_bloom_filter_add_unique_size_u32,0,NVIDIA RTX PRO 6000 Blackwell Server Edition,I64,U32,256,1,2,1,1000000000,256,No,11,0.15537729618181817,8.725090312385637e-05,0.15536571155894885,8.880642084723795e-05,6436426608.972727,12,0.1553284238179525
pfp_bloom_filter_add_unique_size_u32,0,NVIDIA RTX PRO 6000 Blackwell Server Edition,I64,U32,256,1,2,1,1000000000,512,No,11,0.17141068727272732,7.60153155095229e-05,0.17139986072887073,7.822311019954286e-05,5834310458.290584,12,0.17136379496256512
pfp_bloom_filter_add_unique_size_u32,0,NVIDIA RTX PRO 6000 Blackwell Server Edition,I64,U32,256,1,2,1,1000000000,1024,No,11,0.17888351836363636,0.00010396075616299016,0.178871601451527,0.00010417100575770721,5590602375.587235,12,0.17884409459431969
pfp_bloom_filter_add_unique_size_u32,0,NVIDIA RTX PRO 6000 Blackwell Server Edition,I64,U32,256,1,2,1,1000000000,2048,No,11,0.1825543779090909,7.986286470227045e-05,0.182542085127397,8.21312250600816e-05,5478188765.632294,12,0.18251630274454753
pfp_bloom_filter_add_unique_size_u32,0,NVIDIA RTX PRO 6000 Blackwell Server Edition,I64,U32,256,1,2,2,1000000000,1,No,12,0.04280806708333334,9.472312336774525e-05,0.042796922365824386,9.084391728891155e-05,23366166180.17732,13,0.04278594912015475
pfp_bloom_filter_add_unique_size_u32,0,NVIDIA RTX PRO 6000 Blackwell Server Edition,I64,U32,256,1,2,2,1000000000,2,No,12,0.043023806666666664,5.639024665916491e-05,0.043013213475545244,6.305292573439758e-05,23248669866.7269,13,0.04299523602999174
pfp_bloom_filter_add_unique_size_u32,0,NVIDIA RTX PRO 6000 Blackwell Server Edition,I64,U32,256,1,2,2,1000000000,4,No,12,0.04312504075000001,8.46232960188224e-05,0.04311459414164225,8.465586484966814e-05,23194002400.086365,13,0.04309188725398138
pfp_bloom_filter_add_unique_size_u32,0,NVIDIA RTX PRO 6000 Blackwell Server Edition,I64,U32,256,1,2,2,1000000000,8,No,12,0.04319991391666667,4.744593796218116e-05,0.04318907801310221,4.3274342308949096e-05,23154002030.250134,13,0.043147338280311
pfp_bloom_filter_add_unique_size_u32,0,NVIDIA RTX PRO 6000 Blackwell Server Edition,I64,U32,256,1,2,2,1000000000,16,No,12,0.04323373541666667,0.0001101943580439759,0.04322324752807618,9.664249058299789e-05,23135697967.868748,13,0.04316435006948617
pfp_bloom_filter_add_unique_size_u32,0,NVIDIA RTX PRO 6000 Blackwell Server Edition,I64,U32,256,1,2,2,1000000000,32,No,12,0.04328831683333334,6.905475371352977e-05,0.04327900250752767,6.0922986704371444e-05,23105892974.91472,13,0.04318404359083909
pfp_bloom_filter_add_unique_size_u32,0,NVIDIA RTX PRO 6000 Blackwell Server Edition,I64,U32,256,1,2,2,1000000000,64,No,12,0.04469909900000001,0.00010078640007788794,0.04468825308481852,8.514407072099085e-05,22377245270.74252,13,0.04434033701970027
pfp_bloom_filter_add_unique_size_u32,0,NVIDIA RTX PRO 6000 Blackwell Server Edition,I64,U32,256,1,2,2,1000000000,128,No,11,0.10958125172727273,0.0001243451541424915,0.10956922219016335,0.00012592234841784673,9126650532.066801,12,0.10943695894877116
pfp_bloom_filter_add_unique_size_u32,0,NVIDIA RTX PRO 6000 Blackwell Server Edition,I64,U32,256,1,2,2,1000000000,256,No,11,0.15537677890909093,0.00013164132312982704,0.1553647322221236,0.00013379604841156964,6436467180.790482,12,0.15531954956054686
pfp_bloom_filter_add_unique_size_u32,0,NVIDIA RTX PRO 6000 Blackwell Server Edition,I64,U32,256,1,2,2,1000000000,512,No,11,0.17145950427272727,8.723707309332702e-05,0.17144785378196023,8.668949858443408e-05,5832677271.4912815,12,0.17140995025634764
pfp_bloom_filter_add_unique_size_u32,0,NVIDIA RTX PRO 6000 Blackwell Server Edition,I64,U32,256,1,2,2,1000000000,1024,No,11,0.17888869063636367,0.0001036329637515584,0.17887666459517046,0.00010547338780261287,5590444132.34771,12,0.17884307607014974
pfp_bloom_filter_add_unique_size_u32,0,NVIDIA RTX PRO 6000 Blackwell Server Edition,I64,U32,256,1,2,2,1000000000,2048,No,11,0.18253696063636363,9.383560200573844e-05,0.18252475530450996,9.25556132616889e-05,5478708892.56462,12,0.1824845695495605
pfp_bloom_filter_add_unique_size_u32,0,NVIDIA RTX PRO 6000 Blackwell Server Edition,I64,U32,256,1,2,4,1000000000,1,No,12,0.04280613999999999,6.193339324680952e-05,0.04279550965627035,6.445261965042899e-05,23366937513.582832,13,0.04278413567176231
pfp_bloom_filter_add_unique_size_u32,0,NVIDIA RTX PRO 6000 Blackwell Server Edition,I64,U32,256,1,2,4,1000000000,2,No,12,0.04302017258333333,9.124721340196288e-05,0.04300943756103517,8.801761838968997e-05,23250710930.15083,13,0.04299429291945237
pfp_bloom_filter_add_unique_size_u32,0,NVIDIA RTX PRO 6000 Blackwell Server Edition,I64,U32,256,1,2,4,1000000000,4,No,12,0.04312427266666668,9.092884764436806e-05,0.043113453547159834,9.067319207055192e-05,23194616012.520218,13,0.04308881466205304
pfp_bloom_filter_add_unique_size_u32,0,NVIDIA RTX PRO 6000 Blackwell Server Edition,I64,U32,256,1,2,4,1000000000,8,No,12,0.04318847600000001,8.121361629895127e-05,0.04317774105072022,8.776941847368133e-05,23160081460.15132,13,0.043138283362755415
pfp_bloom_filter_add_unique_size_u32,0,NVIDIA RTX PRO 6000 Blackwell Server Edition,I64,U32,256,1,2,4,1000000000,16,No,12,0.04324317666666667,9.984856627007767e-05,0.043232608159383144,8.662402666140011e-05,23130688676.31946,13,0.04317112790621244
pfp_bloom_filter_add_unique_size_u32,0,NVIDIA RTX PRO 6000 Blackwell Server Edition,I64,U32,256,1,2,4,1000000000,32,No,12,0.04327583683333334,8.486452775714413e-05,0.04326553312937418,8.251494048073156e-05,23113086276.08409,13,0.043168998718261714
pfp_bloom_filter_add_unique_size_u32,0,NVIDIA RTX PRO 6000 Blackwell Server Edition,I64,U32,256,1,2,4,1000000000,64,No,12,0.04471011516666667,0.00010330961298285863,0.04469964822133382,9.792296639446826e-05,22371540712.097363,13,0.04434667616624098
pfp_bloom_filter_add_unique_size_u32,0,NVIDIA RTX PRO 6000 Blackwell Server Edition,I64,U32,256,1,2,4,1000000000,128,No,11,0.10959908645454544,8.474023857052727e-05,0.10958747725053267,8.839174040118229e-05,9125130216.419315,12,0.10946303431193034
pfp_bloom_filter_add_unique_size_u32,0,NVIDIA RTX PRO 6000 Blackwell Server Edition,I64,U32,256,1,2,4,1000000000,256,No,11,0.15541623972727273,0.00013536125664533654,0.1554047685102983,0.00013547402076747694,6434808980.35463,12,0.15535701115926107
pfp_bloom_filter_add_unique_size_u32,0,NVIDIA RTX PRO 6000 Blackwell Server Edition,I64,U32,256,1,2,4,1000000000,512,No,11,0.17142584663636365,6.033536538449207e-05,0.17141338972611858,6.36480187735301e-05,5833849978.684764,12,0.1713821818033854
pfp_bloom_filter_add_unique_size_u32,0,NVIDIA RTX PRO 6000 Blackwell Server Edition,I64,U32,256,1,2,4,1000000000,1024,No,11,0.17893323754545454,7.61878741662808e-05,0.1789215712113814,7.33008416899137e-05,5589041015.175195,12,0.1788907025655111
pfp_bloom_filter_add_unique_size_u32,0,NVIDIA RTX PRO 6000 Blackwell Server Edition,I64,U32,256,1,2,4,1000000000,2048,No,11,0.18251324300000002,9.499849337240052e-05,0.18250073658336288,9.75355221753732e-05,5479429939.414074,12,0.18247230275472004
pfp_bloom_filter_add_unique_size_u32,0,NVIDIA RTX PRO 6000 Blackwell Server Edition,I64,U32,256,1,2,8,1000000000,1,Yes,,,,,,,,
pfp_bloom_filter_add_unique_size_u32,0,NVIDIA RTX PRO 6000 Blackwell Server Edition,I64,U32,256,1,2,8,1000000000,2,Yes,,,,,,,,
pfp_bloom_filter_add_unique_size_u32,0,NVIDIA RTX PRO 6000 Blackwell Server Edition,I64,U32,256,1,2,8,1000000000,4,Yes,,,,,,,,
pfp_bloom_filter_add_unique_size_u32,0,NVIDIA RTX PRO 6000 Blackwell Server Edition,I64,U32,256,1,2,8,1000000000,8,Yes,,,,,,,,
pfp_bloom_filter_add_unique_size_u32,0,NVIDIA RTX PRO 6000 Blackwell Server Edition,I64,U32,256,1,2,8,1000000000,16,Yes,,,,,,,,
pfp_bloom_filter_add_unique_size_u32,0,NVIDIA RTX PRO 6000 Blackwell Server Edition,I64,U32,256,1,2,8,1000000000,32,Yes,,,,,,,,
pfp_bloom_filter_add_unique_size_u32,0,NVIDIA RTX PRO 6000 Blackwell Server Edition,I64,U32,256,1,2,8,1000000000,64,Yes,,,,,,,,
pfp_bloom_filter_add_unique_size_u32,0,NVIDIA RTX PRO 6000 Blackwell Server Edition,I64,U32,256,1,2,8,1000000000,128,Yes,,,,,,,,
pfp_bloom_filter_add_unique_size_u32,0,NVIDIA RTX PRO 6000 Blackwell Server Edition,I64,U32,256,1,2,8,1000000000,256,Yes,,,,,,,,
pfp_bloom_filter_add_unique_size_u32,0,NVIDIA RTX PRO 6000 Blackwell Server Edition,I64,U32,256,1,2,8,1000000000,512,Yes,,,,,,,,
pfp_bloom_filter_add_unique_size_u32,0,NVIDIA RTX PRO 6000 Blackwell Server Edition,I64,U32,256,1,2,8,1000000000,1024,Yes,,,,,,,,
pfp_bloom_filter_add_unique_size_u32,0,NVIDIA RTX PRO 6000 Blackwell Server Edition,I64,U32,256,1,2,8,1000000000,2048,Yes,,,,,,,,
pfp_bloom_filter_add_unique_size_u32,0,NVIDIA RTX PRO 6000 Blackwell Server Edition,I64,U32,256,1,4,1,1000000000,1,No,23,0.021749206130434785,0.0001452381635110253,0.021739205484804902,0.0001376305767126613,45999841194.70107,24,0.02173401641845703
pfp_bloom_filter_add_unique_size_u32,0,NVIDIA RTX PRO 6000 Blackwell Server Edition,I64,U32,256,1,4,1,1000000000,2,No,23,0.021862028391304352,0.00015561091741872411,0.021851831602013636,0.00014447894810525066,45762754272.17966,24,0.021842132568359374
pfp_bloom_filter_add_unique_size_u32,0,NVIDIA RTX PRO 6000 Blackwell Server Edition,I64,U32,256,1,4,1,1000000000,4,No,23,0.021924642043478264,0.0001965320262866552,0.021914262605750044,0.00020182838290016297,45632381887.109985,24,0.021893887837727864
pfp_bloom_filter_add_unique_size_u32,0,NVIDIA RTX PRO 6000 Blackwell Server Edition,I64,U32,256,1,4,1,1000000000,8,No,23,0.021969359739130438,0.00018666376431040132,0.021958970194277557,0.0001861295673695765,45539476175.462776,24,0.02191784159342448
pfp_bloom_filter_add_unique_size_u32,0,NVIDIA RTX PRO 6000 Blackwell Server Edition,I64,U32,256,1,4,1,1000000000,16,No,23,0.02200249582608696,0.00010307033147524274,0.021991693994273313,8.66110505805172e-05,45471713104.9751,24,0.021936359564463298
pfp_bloom_filter_add_unique_size_u32,0,NVIDIA RTX PRO 6000 Blackwell Server Edition,I64,U32,256,1,4,1,1000000000,32,No,23,0.022041031434782605,9.567585682861749e-05,0.02203048623126486,8.136362620351793e-05,45391644537.59702,24,0.021937812407811483
pfp_bloom_filter_add_unique_size_u32,0,NVIDIA RTX PRO 6000 Blackwell Server Edition,I64,U32,256,1,4,1,1000000000,64,No,22,0.023592721545454543,0.000287190204878784,0.023582939668135208,0.00028029056781841223,42403534676.85709,23,0.023185495542443313
pfp_bloom_filter_add_unique_size_u32,0,NVIDIA RTX PRO 6000 Blackwell Server Edition,I64,U32,256,1,4,1,1000000000,128,No,11,0.09287649254545456,0.00022527309125253508,0.09286515600031073,0.00022445880575593617,10768301514.473888,12,0.09274378712972008
pfp_bloom_filter_add_unique_size_u32,0,NVIDIA RTX PRO 6000 Blackwell Server Edition,I64,U32,256,1,4,1,1000000000,256,No,11,0.13934118454545455,0.0002262931247201633,0.13933034029873934,0.00022552780777453175,7177187666.777328,12,0.13927295303344725
pfp_bloom_filter_add_unique_size_u32,0,NVIDIA RTX PRO 6000 Blackwell Server Edition,I64,U32,256,1,4,1,1000000000,512,No,11,0.16067693990909093,0.00016752054123074454,0.16066611827503552,0.00016533198079793837,6224087634.258736,12,0.16063781992594403
pfp_bloom_filter_add_unique_size_u32,0,NVIDIA RTX PRO 6000 Blackwell Server Edition,I64,U32,256,1,4,1,1000000000,1024,No,11,0.17001623445454547,0.00013146457344513843,0.17000480513139207,0.0001265080953692525,5882186678.353752,12,0.16998693974812826
pfp_bloom_filter_add_unique_size_u32,0,NVIDIA RTX PRO 6000 Blackwell Server Edition,I64,U32,256,1,4,1,1000000000,2048,No,11,0.174613072,9.291716899911637e-05,0.17460142794522374,9.831026143053388e-05,5727330021.113698,12,0.17457681528727212
pfp_bloom_filter_add_unique_size_u32,0,NVIDIA RTX PRO 6000 Blackwell Server Edition,I64,U32,256,1,4,2,1000000000,1,No,23,0.021751470478260867,0.00016516092069831373,0.021740969948146657,0.00016711077829203292,45996107919.06028,24,0.021734952290852868
pfp_bloom_filter_add_unique_size_u32,0,NVIDIA RTX PRO 6000 Blackwell Server Edition,I64,U32,256,1,4,2,1000000000,2,No,23,0.02187101521739131,0.00016841958844952297,0.021861472005429476,0.00018542629488982703,45742573956.211266,24,0.021841875712076825
pfp_bloom_filter_add_unique_size_u32,0,NVIDIA RTX PRO 6000 Blackwell Server Edition,I64,U32,256,1,4,2,1000000000,4,No,23,0.021926952304347824,0.00013416753601514457,0.021916706582774285,0.0001366236319082293,45627293326.359665,24,0.02189405822753906
pfp_bloom_filter_add_unique_size_u32,0,NVIDIA RTX PRO 6000 Blackwell Server Edition,I64,U32,256,1,4,2,1000000000,8,No,23,0.021975225217391304,0.00017127940490552337,0.02196410029867421,0.00018539345395545196,45528839624.73808,24,0.02191731262207031
pfp_bloom_filter_add_unique_size_u32,0,NVIDIA RTX PRO 6000 Blackwell Server Edition,I64,U32,256,1,4,2,1000000000,16,No,23,0.02200007343478261,0.00012608636771034207,0.021989587535028877,0.00011957206720995121,45476068998.88524,24,0.021933138529459634
pfp_bloom_filter_add_unique_size_u32,0,NVIDIA RTX PRO 6000 Blackwell Server Edition,I64,U32,256,1,4,2,1000000000,32,No,23,0.022043429565217387,9.114892166174467e-05,0.022033956195997153,9.327333306797744e-05,45384496143.351105,24,0.021938921610514323
pfp_bloom_filter_add_unique_size_u32,0,NVIDIA RTX PRO 6000 Blackwell Server Edition,I64,U32,256,1,4,2,1000000000,64,No,22,0.02356464481818182,0.0004543996473064381,0.023554462606256654,0.0004603673417428952,42454800040.072876,23,0.023153750958650007
pfp_bloom_filter_add_unique_size_u32,0,NVIDIA RTX PRO 6000 Blackwell Server Edition,I64,U32,256,1,4,2,1000000000,128,No,11,0.09292075136363637,0.0002486253842811809,0.09290961456298827,0.00024258475006834297,10763148730.124674,12,0.09278790601094562
pfp_bloom_filter_add_unique_size_u32,0,NVIDIA RTX PRO 6000 Blackwell Server Edition,I64,U32,256,1,4,2,1000000000,256,No,11,0.13935046390909095,0.0001679356053629394,0.13933867992054336,0.00017044785814380922,7176758101.700412,12,0.13929582977294921
pfp_bloom_filter_add_unique_size_u32,0,NVIDIA RTX PRO 6000 Blackwell Server Edition,I64,U32,256,1,4,2,1000000000,512,No,11,0.16071094327272728,9.573586419126841e-05,0.1606994462446733,9.447807307196983e-05,6222796800.913973,12,0.16065748977661135
pfp_bloom_filter_add_unique_size_u32,0,NVIDIA RTX PRO 6000 Blackwell Server Edition,I64,U32,256,1,4,2,1000000000,1024,No,11,0.17001542509090914,0.00010997680248502206,0.17000330977006395,0.00011160909447161762,5882238418.490432,12,0.1699657033284505
pfp_bloom_filter_add_unique_size_u32,0,NVIDIA RTX PRO 6000 Blackwell Server Edition,I64,U32,256,1,4,2,1000000000,2048,No,11,0.1746232860909091,9.474077856473625e-05,0.17461203280362217,9.522609474770271e-05,5726982178.396906,12,0.17458427174886068
pfp_bloom_filter_add_unique_size_u32,0,NVIDIA RTX PRO 6000 Blackwell Server Edition,I64,U32,256,1,4,4,1000000000,1,Yes,,,,,,,,
pfp_bloom_filter_add_unique_size_u32,0,NVIDIA RTX PRO 6000 Blackwell Server Edition,I64,U32,256,1,4,4,1000000000,2,Yes,,,,,,,,
pfp_bloom_filter_add_unique_size_u32,0,NVIDIA RTX PRO 6000 Blackwell Server Edition,I64,U32,256,1,4,4,1000000000,4,Yes,,,,,,,,
pfp_bloom_filter_add_unique_size_u32,0,NVIDIA RTX PRO 6000 Blackwell Server Edition,I64,U32,256,1,4,4,1000000000,8,Yes,,,,,,,,
pfp_bloom_filter_add_unique_size_u32,0,NVIDIA RTX PRO 6000 Blackwell Server Edition,I64,U32,256,1,4,4,1000000000,16,Yes,,,,,,,,
pfp_bloom_filter_add_unique_size_u32,0,NVIDIA RTX PRO 6000 Blackwell Server Edition,I64,U32,256,1,4,4,1000000000,32,Yes,,,,,,,,
pfp_bloom_filter_add_unique_size_u32,0,NVIDIA RTX PRO 6000 Blackwell Server Edition,I64,U32,256,1,4,4,1000000000,64,Yes,,,,,,,,
pfp_bloom_filter_add_unique_size_u32,0,NVIDIA RTX PRO 6000 Blackwell Server Edition,I64,U32,256,1,4,4,1000000000,128,Yes,,,,,,,,
pfp_bloom_filter_add_unique_size_u32,0,NVIDIA RTX PRO 6000 Blackwell Server Edition,I64,U32,256,1,4,4,1000000000,256,Yes,,,,,,,,
pfp_bloom_filter_add_unique_size_u32,0,NVIDIA RTX PRO 6000 Blackwell Server Edition,I64,U32,256,1,4,4,1000000000,512,Yes,,,,,,,,
pfp_bloom_filter_add_unique_size_u32,0,NVIDIA RTX PRO 6000 Blackwell Server Edition,I64,U32,256,1,4,4,1000000000,1024,Yes,,,,,,,,
pfp_bloom_filter_add_unique_size_u32,0,NVIDIA RTX PRO 6000 Blackwell Server Edition,I64,U32,256,1,4,4,1000000000,2048,Yes,,,,,,,,
pfp_bloom_filter_add_unique_size_u32,0,NVIDIA RTX PRO 6000 Blackwell Server Edition,I64,U32,256,1,4,8,1000000000,1,Yes,,,,,,,,
pfp_bloom_filter_add_unique_size_u32,0,NVIDIA RTX PRO 6000 Blackwell Server Edition,I64,U32,256,1,4,8,1000000000,2,Yes,,,,,,,,
pfp_bloom_filter_add_unique_size_u32,0,NVIDIA RTX PRO 6000 Blackwell Server Edition,I64,U32,256,1,4,8,1000000000,4,Yes,,,,,,,,
pfp_bloom_filter_add_unique_size_u32,0,NVIDIA RTX PRO 6000 Blackwell Server Edition,I64,U32,256,1,4,8,1000000000,8,Yes,,,,,,,,
pfp_bloom_filter_add_unique_size_u32,0,NVIDIA RTX PRO 6000 Blackwell Server Edition,I64,U32,256,1,4,8,1000000000,16,Yes,,,,,,,,
pfp_bloom_filter_add_unique_size_u32,0,NVIDIA RTX PRO 6000 Blackwell Server Edition,I64,U32,256,1,4,8,1000000000,32,Yes,,,,,,,,
pfp_bloom_filter_add_unique_size_u32,0,NVIDIA RTX PRO 6000 Blackwell Server Edition,I64,U32,256,1,4,8,1000000000,64,Yes,,,,,,,,
pfp_bloom_filter_add_unique_size_u32,0,NVIDIA RTX PRO 6000 Blackwell Server Edition,I64,U32,256,1,4,8,1000000000,128,Yes,,,,,,,,
pfp_bloom_filter_add_unique_size_u32,0,NVIDIA RTX PRO 6000 Blackwell Server Edition,I64,U32,256,1,4,8,1000000000,256,Yes,,,,,,,,
pfp_bloom_filter_add_unique_size_u32,0,NVIDIA RTX PRO 6000 Blackwell Server Edition,I64,U32,256,1,4,8,1000000000,512,Yes,,,,,,,,
pfp_bloom_filter_add_unique_size_u32,0,NVIDIA RTX PRO 6000 Blackwell Server Edition,I64,U32,256,1,4,8,1000000000,1024,Yes,,,,,,,,
pfp_bloom_filter_add_unique_size_u32,0,NVIDIA RTX PRO 6000 Blackwell Server Edition,I64,U32,256,1,4,8,1000000000,2048,Yes,,,,,,,,
pfp_bloom_filter_add_unique_size_u32,0,NVIDIA RTX PRO 6000 Blackwell Server Edition,I64,U32,256,1,8,1,1000000000,1,No,34,0.015053186852941177,0.00011095555235806141,0.015043012703166289,6.512080925090599e-05,66476045705.22749,35,0.015034014701843262
pfp_bloom_filter_add_unique_size_u32,0,NVIDIA RTX PRO 6000 Blackwell Server Edition,I64,U32,256,1,8,1,1000000000,2,No,34,0.01505822294117647,7.923758321041247e-05,0.015048115730285649,7.470932113582474e-05,66453502745.69012,35,0.015035156549726215
pfp_bloom_filter_add_unique_size_u32,0,NVIDIA RTX PRO 6000 Blackwell Server Edition,I64,U32,256,1,8,1,1000000000,4,No,34,0.015066476029411762,0.00010355887280823175,0.015056002785177788,9.063212353812116e-05,66418691220.25349,35,0.015043962614876883
pfp_bloom_filter_add_unique_size_u32,0,NVIDIA RTX PRO 6000 Blackwell Server Edition,I64,U32,256,1,8,1,1000000000,8,No,34,0.015081187794117646,0.00018301995162306494,0.01507076140011058,0.00015180477690479255,66353648196.74357,35,0.015105928666251048
pfp_bloom_filter_add_unique_size_u32,0,NVIDIA RTX PRO 6000 Blackwell Server Edition,I64,U32,256,1,8,1,1000000000,16,No,34,0.015096320588235297,0.00014538190334872634,0.015086185483371513,0.00013640762275255909,66285808370.99164,35,0.015109819793701173
pfp_bloom_filter_add_unique_size_u32,0,NVIDIA RTX PRO 6000 Blackwell Server Edition,I64,U32,256,1,8,1,1000000000,32,No,34,0.015130243411764707,0.0009153039894904107,0.015121082362006691,0.0009033386126319587,66132832032.752174,35,0.015132329123360768
pfp_bloom_filter_add_unique_size_u32,0,NVIDIA RTX PRO 6000 Blackwell Server Edition,I64,U32,256,1,8,1,1000000000,64,No,24,0.020900146958333327,0.00017793724686443932,0.02088945484161377,0.0001595060869712809,47871043432.3018,25,0.02058330078125
pfp_bloom_filter_add_unique_size_u32,0,NVIDIA RTX PRO 6000 Blackwell Server Edition,I64,U32,256,1,8,1,1000000000,128,No,11,0.0840086980909091,0.00016681996979517533,0.08399795532226562,0.00017039084565118777,11905051690.406168,12,0.08388138580322264
pfp_bloom_filter_add_unique_size_u32,0,NVIDIA RTX PRO 6000 Blackwell Server Edition,I64,U32,256,1,8,1,1000000000,256,No,11,0.13801779427272728,0.00013072277126731103,0.13800724792480468,0.00012947795891417262,7245996243.218074,12,0.13797478485107426
pfp_bloom_filter_add_unique_size_u32,0,NVIDIA RTX PRO 6000 Blackwell Server Edition,I64,U32,256,1,8,1,1000000000,512,No,11,0.1569631071818182,0.00011998541102595314,0.1569528850208629,0.00011936298277231763,6371338761.100666,12,0.15694809214274089
pfp_bloom_filter_add_unique_size_u32,0,NVIDIA RTX PRO 6000 Blackwell Server Edition,I64,U32,256,1,8,1,1000000000,1024,No,11,0.164920918,0.0002205277099929452,0.16491039206764915,0.00022071734059148345,6063899233.165259,12,0.16492478434244792
pfp_bloom_filter_add_unique_size_u32,0,NVIDIA RTX PRO 6000 Blackwell Server Edition,I64,U32,256,1,8,1,1000000000,2048,No,11,0.1683199362727273,0.00022931921080190888,0.16830864923650568,0.00022857841287691956,5941465305.177571,12,0.16832665252685544
pfp_bloom_filter_add_unique_size_u32,0,NVIDIA RTX PRO 6000 Blackwell Server Edition,I64,U32,256,1,8,2,1000000000,1,Yes,,,,,,,,
pfp_bloom_filter_add_unique_size_u32,0,NVIDIA RTX PRO 6000 Blackwell Server Edition,I64,U32,256,1,8,2,1000000000,2,Yes,,,,,,,,
pfp_bloom_filter_add_unique_size_u32,0,NVIDIA RTX PRO 6000 Blackwell Server Edition,I64,U32,256,1,8,2,1000000000,4,Yes,,,,,,,,
pfp_bloom_filter_add_unique_size_u32,0,NVIDIA RTX PRO 6000 Blackwell Server Edition,I64,U32,256,1,8,2,1000000000,8,Yes,,,,,,,,
pfp_bloom_filter_add_unique_size_u32,0,NVIDIA RTX PRO 6000 Blackwell Server Edition,I64,U32,256,1,8,2,1000000000,16,Yes,,,,,,,,
pfp_bloom_filter_add_unique_size_u32,0,NVIDIA RTX PRO 6000 Blackwell Server Edition,I64,U32,256,1,8,2,1000000000,32,Yes,,,,,,,,
pfp_bloom_filter_add_unique_size_u32,0,NVIDIA RTX PRO 6000 Blackwell Server Edition,I64,U32,256,1,8,2,1000000000,64,Yes,,,,,,,,
pfp_bloom_filter_add_unique_size_u32,0,NVIDIA RTX PRO 6000 Blackwell Server Edition,I64,U32,256,1,8,2,1000000000,128,Yes,,,,,,,,
pfp_bloom_filter_add_unique_size_u32,0,NVIDIA RTX PRO 6000 Blackwell Server Edition,I64,U32,256,1,8,2,1000000000,256,Yes,,,,,,,,
pfp_bloom_filter_add_unique_size_u32,0,NVIDIA RTX PRO 6000 Blackwell Server Edition,I64,U32,256,1,8,2,1000000000,512,Yes,,,,,,,,
pfp_bloom_filter_add_unique_size_u32,0,NVIDIA RTX PRO 6000 Blackwell Server Edition,I64,U32,256,1,8,2,1000000000,1024,Yes,,,,,,,,
pfp_bloom_filter_add_unique_size_u32,0,NVIDIA RTX PRO 6000 Blackwell Server Edition,I64,U32,256,1,8,2,1000000000,2048,Yes,,,,,,,,
pfp_bloom_filter_add_unique_size_u32,0,NVIDIA RTX PRO 6000 Blackwell Server Edition,I64,U32,256,1,8,4,1000000000,1,Yes,,,,,,,,
pfp_bloom_filter_add_unique_size_u32,0,NVIDIA RTX PRO 6000 Blackwell Server Edition,I64,U32,256,1,8,4,1000000000,2,Yes,,,,,,,,
pfp_bloom_filter_add_unique_size_u32,0,NVIDIA RTX PRO 6000 Blackwell Server Edition,I64,U32,256,1,8,4,1000000000,4,Yes,,,,,,,,
pfp_bloom_filter_add_unique_size_u32,0,NVIDIA RTX PRO 6000 Blackwell Server Edition,I64,U32,256,1,8,4,1000000000,8,Yes,,,,,,,,
pfp_bloom_filter_add_unique_size_u32,0,NVIDIA RTX PRO 6000 Blackwell Server Edition,I64,U32,256,1,8,4,1000000000,16,Yes,,,,,,,,
pfp_bloom_filter_add_unique_size_u32,0,NVIDIA RTX PRO 6000 Blackwell Server Edition,I64,U32,256,1,8,4,1000000000,32,Yes,,,,,,,,
pfp_bloom_filter_add_unique_size_u32,0,NVIDIA RTX PRO 6000 Blackwell Server Edition,I64,U32,256,1,8,4,1000000000,64,Yes,,,,,,,,
pfp_bloom_filter_add_unique_size_u32,0,NVIDIA RTX PRO 6000 Blackwell Server Edition,I64,U32,256,1,8,4,1000000000,128,Yes,,,,,,,,
pfp_bloom_filter_add_unique_size_u32,0,NVIDIA RTX PRO 6000 Blackwell Server Edition,I64,U32,256,1,8,4,1000000000,256,Yes,,,,,,,,
pfp_bloom_filter_add_unique_size_u32,0,NVIDIA RTX PRO 6000 Blackwell Server Edition,I64,U32,256,1,8,4,1000000000,512,Yes,,,,,,,,
pfp_bloom_filter_add_unique_size_u32,0,NVIDIA RTX PRO 6000 Blackwell Server Edition,I64,U32,256,1,8,4,1000000000,1024,Yes,,,,,,,,
pfp_bloom_filter_add_unique_size_u32,0,NVIDIA RTX PRO 6000 Blackwell Server Edition,I64,U32,256,1,8,4,1000000000,2048,Yes,,,,,,,,
pfp_bloom_filter_add_unique_size_u32,0,NVIDIA RTX PRO 6000 Blackwell Server Edition,I64,U32,256,1,8,8,1000000000,1,Yes,,,,,,,,
pfp_bloom_filter_add_unique_size_u32,0,NVIDIA RTX PRO 6000 Blackwell Server Edition,I64,U32,256,1,8,8,1000000000,2,Yes,,,,,,,,
pfp_bloom_filter_add_unique_size_u32,0,NVIDIA RTX PRO 6000 Blackwell Server Edition,I64,U32,256,1,8,8,1000000000,4,Yes,,,,,,,,
pfp_bloom_filter_add_unique_size_u32,0,NVIDIA RTX PRO 6000 Blackwell Server Edition,I64,U32,256,1,8,8,1000000000,8,Yes,,,,,,,,
pfp_bloom_filter_add_unique_size_u32,0,NVIDIA RTX PRO 6000 Blackwell Server Edition,I64,U32,256,1,8,8,1000000000,16,Yes,,,,,,,,
pfp_bloom_filter_add_unique_size_u32,0,NVIDIA RTX PRO 6000 Blackwell Server Edition,I64,U32,256,1,8,8,1000000000,32,Yes,,,,,,,,
pfp_bloom_filter_add_unique_size_u32,0,NVIDIA RTX PRO 6000 Blackwell Server Edition,I64,U32,256,1,8,8,1000000000,64,Yes,,,,,,,,
pfp_bloom_filter_add_unique_size_u32,0,NVIDIA RTX PRO 6000 Blackwell Server Edition,I64,U32,256,1,8,8,1000000000,128,Yes,,,,,,,,
pfp_bloom_filter_add_unique_size_u32,0,NVIDIA RTX PRO 6000 Blackwell Server Edition,I64,U32,256,1,8,8,1000000000,256,Yes,,,,,,,,
pfp_bloom_filter_add_unique_size_u32,0,NVIDIA RTX PRO 6000 Blackwell Server Edition,I64,U32,256,1,8,8,1000000000,512,Yes,,,,,,,,
pfp_bloom_filter_add_unique_size_u32,0,NVIDIA RTX PRO 6000 Blackwell Server Edition,I64,U32,256,1,8,8,1000000000,1024,Yes,,,,,,,,
pfp_bloom_filter_add_unique_size_u32,0,NVIDIA RTX PRO 6000 Blackwell Server Edition,I64,U32,256,1,8,8,1000000000,2048,Yes,,,,,,,,
pfp_bloom_filter_add_unique_size_u32,0,NVIDIA RTX PRO 6000 Blackwell Server Edition,I64,U32,256,20,1,1,1000000000,1,Yes,,,,,,,,
pfp_bloom_filter_add_unique_size_u32,0,NVIDIA RTX PRO 6000 Blackwell Server Edition,I64,U32,256,20,1,1,1000000000,2,Yes,,,,,,,,
pfp_bloom_filter_add_unique_size_u32,0,NVIDIA RTX PRO 6000 Blackwell Server Edition,I64,U32,256,20,1,1,1000000000,4,Yes,,,,,,,,
pfp_bloom_filter_add_unique_size_u32,0,NVIDIA RTX PRO 6000 Blackwell Server Edition,I64,U32,256,20,1,1,1000000000,8,Yes,,,,,,,,
pfp_bloom_filter_add_unique_size_u32,0,NVIDIA RTX PRO 6000 Blackwell Server Edition,I64,U32,256,20,1,1,1000000000,16,Yes,,,,,,,,
pfp_bloom_filter_add_unique_size_u32,0,NVIDIA RTX PRO 6000 Blackwell Server Edition,I64,U32,256,20,1,1,1000000000,32,Yes,,,,,,,,
pfp_bloom_filter_add_unique_size_u32,0,NVIDIA RTX PRO 6000 Blackwell Server Edition,I64,U32,256,20,1,1,1000000000,64,Yes,,,,,,,,
pfp_bloom_filter_add_unique_size_u32,0,NVIDIA RTX PRO 6000 Blackwell Server Edition,I64,U32,256,20,1,1,1000000000,128,Yes,,,,,,,,
pfp_bloom_filter_add_unique_size_u32,0,NVIDIA RTX PRO 6000 Blackwell Server Edition,I64,U32,256,20,1,1,1000000000,256,Yes,,,,,,,,
pfp_bloom_filter_add_unique_size_u32,0,NVIDIA RTX PRO 6000 Blackwell Server Edition,I64,U32,256,20,1,1,1000000000,512,Yes,,,,,,,,
pfp_bloom_filter_add_unique_size_u32,0,NVIDIA RTX PRO 6000 Blackwell Server Edition,I64,U32,256,20,1,1,1000000000,1024,Yes,,,,,,,,
pfp_bloom_filter_add_unique_size_u32,0,NVIDIA RTX PRO 6000 Blackwell Server Edition,I64,U32,256,20,1,1,1000000000,2048,Yes,,,,,,,,
pfp_bloom_filter_add_unique_size_u32,0,NVIDIA RTX PRO 6000 Blackwell Server Edition,I64,U32,256,20,1,2,1000000000,1,Yes,,,,,,,,
pfp_bloom_filter_add_unique_size_u32,0,NVIDIA RTX PRO 6000 Blackwell Server Edition,I64,U32,256,20,1,2,1000000000,2,Yes,,,,,,,,
pfp_bloom_filter_add_unique_size_u32,0,NVIDIA RTX PRO 6000 Blackwell Server Edition,I64,U32,256,20,1,2,1000000000,4,Yes,,,,,,,,
pfp_bloom_filter_add_unique_size_u32,0,NVIDIA RTX PRO 6000 Blackwell Server Edition,I64,U32,256,20,1,2,1000000000,8,Yes,,,,,,,,
pfp_bloom_filter_add_unique_size_u32,0,NVIDIA RTX PRO 6000 Blackwell Server Edition,I64,U32,256,20,1,2,1000000000,16,Yes,,,,,,,,
pfp_bloom_filter_add_unique_size_u32,0,NVIDIA RTX PRO 6000 Blackwell Server Edition,I64,U32,256,20,1,2,1000000000,32,Yes,,,,,,,,
pfp_bloom_filter_add_unique_size_u32,0,NVIDIA RTX PRO 6000 Blackwell Server Edition,I64,U32,256,20,1,2,1000000000,64,Yes,,,,,,,,
pfp_bloom_filter_add_unique_size_u32,0,NVIDIA RTX PRO 6000 Blackwell Server Edition,I64,U32,256,20,1,2,1000000000,128,Yes,,,,,,,,
pfp_bloom_filter_add_unique_size_u32,0,NVIDIA RTX PRO 6000 Blackwell Server Edition,I64,U32,256,20,1,2,1000000000,256,Yes,,,,,,,,
pfp_bloom_filter_add_unique_size_u32,0,NVIDIA RTX PRO 6000 Blackwell Server Edition,I64,U32,256,20,1,2,1000000000,512,Yes,,,,,,,,
pfp_bloom_filter_add_unique_size_u32,0,NVIDIA RTX PRO 6000 Blackwell Server Edition,I64,U32,256,20,1,2,1000000000,1024,Yes,,,,,,,,
pfp_bloom_filter_add_unique_size_u32,0,NVIDIA RTX PRO 6000 Blackwell Server Edition,I64,U32,256,20,1,2,1000000000,2048,Yes,,,,,,,,
pfp_bloom_filter_add_unique_size_u32,0,NVIDIA RTX PRO 6000 Blackwell Server Edition,I64,U32,256,20,1,4,1000000000,1,Yes,,,,,,,,
pfp_bloom_filter_add_unique_size_u32,0,NVIDIA RTX PRO 6000 Blackwell Server Edition,I64,U32,256,20,1,4,1000000000,2,Yes,,,,,,,,
pfp_bloom_filter_add_unique_size_u32,0,NVIDIA RTX PRO 6000 Blackwell Server Edition,I64,U32,256,20,1,4,1000000000,4,Yes,,,,,,,,
pfp_bloom_filter_add_unique_size_u32,0,NVIDIA RTX PRO 6000 Blackwell Server Edition,I64,U32,256,20,1,4,1000000000,8,Yes,,,,,,,,
pfp_bloom_filter_add_unique_size_u32,0,NVIDIA RTX PRO 6000 Blackwell Server Edition,I64,U32,256,20,1,4,1000000000,16,Yes,,,,,,,,
pfp_bloom_filter_add_unique_size_u32,0,NVIDIA RTX PRO 6000 Blackwell Server Edition,I64,U32,256,20,1,4,1000000000,32,Yes,,,,,,,,
pfp_bloom_filter_add_unique_size_u32,0,NVIDIA RTX PRO 6000 Blackwell Server Edition,I64,U32,256,20,1,4,1000000000,64,Yes,,,,,,,,
pfp_bloom_filter_add_unique_size_u32,0,NVIDIA RTX PRO 6000 Blackwell Server Edition,I64,U32,256,20,1,4,1000000000,128,Yes,,,,,,,,
pfp_bloom_filter_add_unique_size_u32,0,NVIDIA RTX PRO 6000 Blackwell Server Edition,I64,U32,256,20,1,4,1000000000,256,Yes,,,,,,,,
pfp_bloom_filter_add_unique_size_u32,0,NVIDIA RTX PRO 6000 Blackwell Server Edition,I64,U32,256,20,1,4,1000000000,512,Yes,,,,,,,,
pfp_bloom_filter_add_unique_size_u32,0,NVIDIA RTX PRO 6000 Blackwell Server Edition,I64,U32,256,20,1,4,1000000000,1024,Yes,,,,,,,,
pfp_bloom_filter_add_unique_size_u32,0,NVIDIA RTX PRO 6000 Blackwell Server Edition,I64,U32,256,20,1,4,1000000000,2048,Yes,,,,,,,,
pfp_bloom_filter_add_unique_size_u32,0,NVIDIA RTX PRO 6000 Blackwell Server Edition,I64,U32,256,20,1,8,1000000000,1,Yes,,,,,,,,
pfp_bloom_filter_add_unique_size_u32,0,NVIDIA RTX PRO 6000 Blackwell Server Edition,I64,U32,256,20,1,8,1000000000,2,Yes,,,,,,,,
pfp_bloom_filter_add_unique_size_u32,0,NVIDIA RTX PRO 6000 Blackwell Server Edition,I64,U32,256,20,1,8,1000000000,4,Yes,,,,,,,,
pfp_bloom_filter_add_unique_size_u32,0,NVIDIA RTX PRO 6000 Blackwell Server Edition,I64,U32,256,20,1,8,1000000000,8,Yes,,,,,,,,
pfp_bloom_filter_add_unique_size_u32,0,NVIDIA RTX PRO 6000 Blackwell Server Edition,I64,U32,256,20,1,8,1000000000,16,Yes,,,,,,,,
pfp_bloom_filter_add_unique_size_u32,0,NVIDIA RTX PRO 6000 Blackwell Server Edition,I64,U32,256,20,1,8,1000000000,32,Yes,,,,,,,,
pfp_bloom_filter_add_unique_size_u32,0,NVIDIA RTX PRO 6000 Blackwell Server Edition,I64,U32,256,20,1,8,1000000000,64,Yes,,,,,,,,
pfp_bloom_filter_add_unique_size_u32,0,NVIDIA RTX PRO 6000 Blackwell Server Edition,I64,U32,256,20,1,8,1000000000,128,Yes,,,,,,,,
pfp_bloom_filter_add_unique_size_u32,0,NVIDIA RTX PRO 6000 Blackwell Server Edition,I64,U32,256,20,1,8,1000000000,256,Yes,,,,,,,,
pfp_bloom_filter_add_unique_size_u32,0,NVIDIA RTX PRO 6000 Blackwell Server Edition,I64,U32,256,20,1,8,1000000000,512,Yes,,,,,,,,
pfp_bloom_filter_add_unique_size_u32,0,NVIDIA RTX PRO 6000 Blackwell Server Edition,I64,U32,256,20,1,8,1000000000,1024,Yes,,,,,,,,
pfp_bloom_filter_add_unique_size_u32,0,NVIDIA RTX PRO 6000 Blackwell Server Edition,I64,U32,256,20,1,8,1000000000,2048,Yes,,,,,,,,
pfp_bloom_filter_add_unique_size_u32,0,NVIDIA RTX PRO 6000 Blackwell Server Edition,I64,U32,256,20,2,1,1000000000,1,Yes,,,,,,,,
pfp_bloom_filter_add_unique_size_u32,0,NVIDIA RTX PRO 6000 Blackwell Server Edition,I64,U32,256,20,2,1,1000000000,2,Yes,,,,,,,,
pfp_bloom_filter_add_unique_size_u32,0,NVIDIA RTX PRO 6000 Blackwell Server Edition,I64,U32,256,20,2,1,1000000000,4,Yes,,,,,,,,
pfp_bloom_filter_add_unique_size_u32,0,NVIDIA RTX PRO 6000 Blackwell Server Edition,I64,U32,256,20,2,1,1000000000,8,Yes,,,,,,,,
pfp_bloom_filter_add_unique_size_u32,0,NVIDIA RTX PRO 6000 Blackwell Server Edition,I64,U32,256,20,2,1,1000000000,16,Yes,,,,,,,,
pfp_bloom_filter_add_unique_size_u32,0,NVIDIA RTX PRO 6000 Blackwell Server Edition,I64,U32,256,20,2,1,1000000000,32,Yes,,,,,,,,
pfp_bloom_filter_add_unique_size_u32,0,NVIDIA RTX PRO 6000 Blackwell Server Edition,I64,U32,256,20,2,1,1000000000,64,Yes,,,,,,,,
pfp_bloom_filter_add_unique_size_u32,0,NVIDIA RTX PRO 6000 Blackwell Server Edition,I64,U32,256,20,2,1,1000000000,128,Yes,,,,,,,,
pfp_bloom_filter_add_unique_size_u32,0,NVIDIA RTX PRO 6000 Blackwell Server Edition,I64,U32,256,20,2,1,1000000000,256,Yes,,,,,,,,
pfp_bloom_filter_add_unique_size_u32,0,NVIDIA RTX PRO 6000 Blackwell Server Edition,I64,U32,256,20,2,1,1000000000,512,Yes,,,,,,,,
pfp_bloom_filter_add_unique_size_u32,0,NVIDIA RTX PRO 6000 Blackwell Server Edition,I64,U32,256,20,2,1,1000000000,1024,Yes,,,,,,,,
pfp_bloom_filter_add_unique_size_u32,0,NVIDIA RTX PRO 6000 Blackwell Server Edition,I64,U32,256,20,2,1,1000000000,2048,Yes,,,,,,,,
pfp_bloom_filter_add_unique_size_u32,0,NVIDIA RTX PRO 6000 Blackwell Server Edition,I64,U32,256,20,2,2,1000000000,1,Yes,,,,,,,,
pfp_bloom_filter_add_unique_size_u32,0,NVIDIA RTX PRO 6000 Blackwell Server Edition,I64,U32,256,20,2,2,1000000000,2,Yes,,,,,,,,
pfp_bloom_filter_add_unique_size_u32,0,NVIDIA RTX PRO 6000 Blackwell Server Edition,I64,U32,256,20,2,2,1000000000,4,Yes,,,,,,,,
pfp_bloom_filter_add_unique_size_u32,0,NVIDIA RTX PRO 6000 Blackwell Server Edition,I64,U32,256,20,2,2,1000000000,8,Yes,,,,,,,,
pfp_bloom_filter_add_unique_size_u32,0,NVIDIA RTX PRO 6000 Blackwell Server Edition,I64,U32,256,20,2,2,1000000000,16,Yes,,,,,,,,
pfp_bloom_filter_add_unique_size_u32,0,NVIDIA RTX PRO 6000 Blackwell Server Edition,I64,U32,256,20,2,2,1000000000,32,Yes,,,,,,,,
pfp_bloom_filter_add_unique_size_u32,0,NVIDIA RTX PRO 6000 Blackwell Server Edition,I64,U32,256,20,2,2,1000000000,64,Yes,,,,,,,,
pfp_bloom_filter_add_unique_size_u32,0,NVIDIA RTX PRO 6000 Blackwell Server Edition,I64,U32,256,20,2,2,1000000000,128,Yes,,,,,,,,
pfp_bloom_filter_add_unique_size_u32,0,NVIDIA RTX PRO 6000 Blackwell Server Edition,I64,U32,256,20,2,2,1000000000,256,Yes,,,,,,,,
pfp_bloom_filter_add_unique_size_u32,0,NVIDIA RTX PRO 6000 Blackwell Server Edition,I64,U32,256,20,2,2,1000000000,512,Yes,,,,,,,,
pfp_bloom_filter_add_unique_size_u32,0,NVIDIA RTX PRO 6000 Blackwell Server Edition,I64,U32,256,20,2,2,1000000000,1024,Yes,,,,,,,,
pfp_bloom_filter_add_unique_size_u32,0,NVIDIA RTX PRO 6000 Blackwell Server Edition,I64,U32,256,20,2,2,1000000000,2048,Yes,,,,,,,,
pfp_bloom_filter_add_unique_size_u32,0,NVIDIA RTX PRO 6000 Blackwell Server Edition,I64,U32,256,20,2,4,1000000000,1,Yes,,,,,,,,
pfp_bloom_filter_add_unique_size_u32,0,NVIDIA RTX PRO 6000 Blackwell Server Edition,I64,U32,256,20,2,4,1000000000,2,Yes,,,,,,,,
pfp_bloom_filter_add_unique_size_u32,0,NVIDIA RTX PRO 6000 Blackwell Server Edition,I64,U32,256,20,2,4,1000000000,4,Yes,,,,,,,,
pfp_bloom_filter_add_unique_size_u32,0,NVIDIA RTX PRO 6000 Blackwell Server Edition,I64,U32,256,20,2,4,1000000000,8,Yes,,,,,,,,
pfp_bloom_filter_add_unique_size_u32,0,NVIDIA RTX PRO 6000 Blackwell Server Edition,I64,U32,256,20,2,4,1000000000,16,Yes,,,,,,,,
pfp_bloom_filter_add_unique_size_u32,0,NVIDIA RTX PRO 6000 Blackwell Server Edition,I64,U32,256,20,2,4,1000000000,32,Yes,,,,,,,,
pfp_bloom_filter_add_unique_size_u32,0,NVIDIA RTX PRO 6000 Blackwell Server Edition,I64,U32,256,20,2,4,1000000000,64,Yes,,,,,,,,
pfp_bloom_filter_add_unique_size_u32,0,NVIDIA RTX PRO 6000 Blackwell Server Edition,I64,U32,256,20,2,4,1000000000,128,Yes,,,,,,,,
pfp_bloom_filter_add_unique_size_u32,0,NVIDIA RTX PRO 6000 Blackwell Server Edition,I64,U32,256,20,2,4,1000000000,256,Yes,,,,,,,,
pfp_bloom_filter_add_unique_size_u32,0,NVIDIA RTX PRO 6000 Blackwell Server Edition,I64,U32,256,20,2,4,1000000000,512,Yes,,,,,,,,
pfp_bloom_filter_add_unique_size_u32,0,NVIDIA RTX PRO 6000 Blackwell Server Edition,I64,U32,256,20,2,4,1000000000,1024,Yes,,,,,,,,
pfp_bloom_filter_add_unique_size_u32,0,NVIDIA RTX PRO 6000 Blackwell Server Edition,I64,U32,256,20,2,4,1000000000,2048,Yes,,,,,,,,
pfp_bloom_filter_add_unique_size_u32,0,NVIDIA RTX PRO 6000 Blackwell Server Edition,I64,U32,256,20,2,8,1000000000,1,Yes,,,,,,,,
pfp_bloom_filter_add_unique_size_u32,0,NVIDIA RTX PRO 6000 Blackwell Server Edition,I64,U32,256,20,2,8,1000000000,2,Yes,,,,,,,,
pfp_bloom_filter_add_unique_size_u32,0,NVIDIA RTX PRO 6000 Blackwell Server Edition,I64,U32,256,20,2,8,1000000000,4,Yes,,,,,,,,
pfp_bloom_filter_add_unique_size_u32,0,NVIDIA RTX PRO 6000 Blackwell Server Edition,I64,U32,256,20,2,8,1000000000,8,Yes,,,,,,,,
pfp_bloom_filter_add_unique_size_u32,0,NVIDIA RTX PRO 6000 Blackwell Server Edition,I64,U32,256,20,2,8,1000000000,16,Yes,,,,,,,,
pfp_bloom_filter_add_unique_size_u32,0,NVIDIA RTX PRO 6000 Blackwell Server Edition,I64,U32,256,20,2,8,1000000000,32,Yes,,,,,,,,
pfp_bloom_filter_add_unique_size_u32,0,NVIDIA RTX PRO 6000 Blackwell Server Edition,I64,U32,256,20,2,8,1000000000,64,Yes,,,,,,,,
pfp_bloom_filter_add_unique_size_u32,0,NVIDIA RTX PRO 6000 Blackwell Server Edition,I64,U32,256,20,2,8,1000000000,128,Yes,,,,,,,,
pfp_bloom_filter_add_unique_size_u32,0,NVIDIA RTX PRO 6000 Blackwell Server Edition,I64,U32,256,20,2,8,1000000000,256,Yes,,,,,,,,
pfp_bloom_filter_add_unique_size_u32,0,NVIDIA RTX PRO 6000 Blackwell Server Edition,I64,U32,256,20,2,8,1000000000,512,Yes,,,,,,,,
pfp_bloom_filter_add_unique_size_u32,0,NVIDIA RTX PRO 6000 Blackwell Server Edition,I64,U32,256,20,2,8,1000000000,1024,Yes,,,,,,,,
pfp_bloom_filter_add_unique_size_u32,0,NVIDIA RTX PRO 6000 Blackwell Server Edition,I64,U32,256,20,2,8,1000000000,2048,Yes,,,,,,,,
pfp_bloom_filter_add_unique_size_u32,0,NVIDIA RTX PRO 6000 Blackwell Server Edition,I64,U32,256,20,4,1,1000000000,1,Yes,,,,,,,,
pfp_bloom_filter_add_unique_size_u32,0,NVIDIA RTX PRO 6000 Blackwell Server Edition,I64,U32,256,20,4,1,1000000000,2,Yes,,,,,,,,
pfp_bloom_filter_add_unique_size_u32,0,NVIDIA RTX PRO 6000 Blackwell Server Edition,I64,U32,256,20,4,1,1000000000,4,Yes,,,,,,,,
pfp_bloom_filter_add_unique_size_u32,0,NVIDIA RTX PRO 6000 Blackwell Server Edition,I64,U32,256,20,4,1,1000000000,8,Yes,,,,,,,,
pfp_bloom_filter_add_unique_size_u32,0,NVIDIA RTX PRO 6000 Blackwell Server Edition,I64,U32,256,20,4,1,1000000000,16,Yes,,,,,,,,
pfp_bloom_filter_add_unique_size_u32,0,NVIDIA RTX PRO 6000 Blackwell Server Edition,I64,U32,256,20,4,1,1000000000,32,Yes,,,,,,,,
pfp_bloom_filter_add_unique_size_u32,0,NVIDIA RTX PRO 6000 Blackwell Server Edition,I64,U32,256,20,4,1,1000000000,64,Yes,,,,,,,,
pfp_bloom_filter_add_unique_size_u32,0,NVIDIA RTX PRO 6000 Blackwell Server Edition,I64,U32,256,20,4,1,1000000000,128,Yes,,,,,,,,
pfp_bloom_filter_add_unique_size_u32,0,NVIDIA RTX PRO 6000 Blackwell Server Edition,I64,U32,256,20,4,1,1000000000,256,Yes,,,,,,,,
pfp_bloom_filter_add_unique_size_u32,0,NVIDIA RTX PRO 6000 Blackwell Server Edition,I64,U32,256,20,4,1,1000000000,512,Yes,,,,,,,,
pfp_bloom_filter_add_unique_size_u32,0,NVIDIA RTX PRO 6000 Blackwell Server Edition,I64,U32,256,20,4,1,1000000000,1024,Yes,,,,,,,,
pfp_bloom_filter_add_unique_size_u32,0,NVIDIA RTX PRO 6000 Blackwell Server Edition,I64,U32,256,20,4,1,1000000000,2048,Yes,,,,,,,,
pfp_bloom_filter_add_unique_size_u32,0,NVIDIA RTX PRO 6000 Blackwell Server Edition,I64,U32,256,20,4,2,1000000000,1,Yes,,,,,,,,
pfp_bloom_filter_add_unique_size_u32,0,NVIDIA RTX PRO 6000 Blackwell Server Edition,I64,U32,256,20,4,2,1000000000,2,Yes,,,,,,,,
pfp_bloom_filter_add_unique_size_u32,0,NVIDIA RTX PRO 6000 Blackwell Server Edition,I64,U32,256,20,4,2,1000000000,4,Yes,,,,,,,,
pfp_bloom_filter_add_unique_size_u32,0,NVIDIA RTX PRO 6000 Blackwell Server Edition,I64,U32,256,20,4,2,1000000000,8,Yes,,,,,,,,
pfp_bloom_filter_add_unique_size_u32,0,NVIDIA RTX PRO 6000 Blackwell Server Edition,I64,U32,256,20,4,2,1000000000,16,Yes,,,,,,,,
pfp_bloom_filter_add_unique_size_u32,0,NVIDIA RTX PRO 6000 Blackwell Server Edition,I64,U32,256,20,4,2,1000000000,32,Yes,,,,,,,,
pfp_bloom_filter_add_unique_size_u32,0,NVIDIA RTX PRO 6000 Blackwell Server Edition,I64,U32,256,20,4,2,1000000000,64,Yes,,,,,,,,
pfp_bloom_filter_add_unique_size_u32,0,NVIDIA RTX PRO 6000 Blackwell Server Edition,I64,U32,256,20,4,2,1000000000,128,Yes,,,,,,,,
pfp_bloom_filter_add_unique_size_u32,0,NVIDIA RTX PRO 6000 Blackwell Server Edition,I64,U32,256,20,4,2,1000000000,256,Yes,,,,,,,,
pfp_bloom_filter_add_unique_size_u32,0,NVIDIA RTX PRO 6000 Blackwell Server Edition,I64,U32,256,20,4,2,1000000000,512,Yes,,,,,,,,
pfp_bloom_filter_add_unique_size_u32,0,NVIDIA RTX PRO 6000 Blackwell Server Edition,I64,U32,256,20,4,2,1000000000,1024,Yes,,,,,,,,
pfp_bloom_filter_add_unique_size_u32,0,NVIDIA RTX PRO 6000 Blackwell Server Edition,I64,U32,256,20,4,2,1000000000,2048,Yes,,,,,,,,
pfp_bloom_filter_add_unique_size_u32,0,NVIDIA RTX PRO 6000 Blackwell Server Edition,I64,U32,256,20,4,4,1000000000,1,Yes,,,,,,,,
pfp_bloom_filter_add_unique_size_u32,0,NVIDIA RTX PRO 6000 Blackwell Server Edition,I64,U32,256,20,4,4,1000000000,2,Yes,,,,,,,,
pfp_bloom_filter_add_unique_size_u32,0,NVIDIA RTX PRO 6000 Blackwell Server Edition,I64,U32,256,20,4,4,1000000000,4,Yes,,,,,,,,
pfp_bloom_filter_add_unique_size_u32,0,NVIDIA RTX PRO 6000 Blackwell Server Edition,I64,U32,256,20,4,4,1000000000,8,Yes,,,,,,,,
pfp_bloom_filter_add_unique_size_u32,0,NVIDIA RTX PRO 6000 Blackwell Server Edition,I64,U32,256,20,4,4,1000000000,16,Yes,,,,,,,,
pfp_bloom_filter_add_unique_size_u32,0,NVIDIA RTX PRO 6000 Blackwell Server Edition,I64,U32,256,20,4,4,1000000000,32,Yes,,,,,,,,
pfp_bloom_filter_add_unique_size_u32,0,NVIDIA RTX PRO 6000 Blackwell Server Edition,I64,U32,256,20,4,4,1000000000,64,Yes,,,,,,,,
pfp_bloom_filter_add_unique_size_u32,0,NVIDIA RTX PRO 6000 Blackwell Server Edition,I64,U32,256,20,4,4,1000000000,128,Yes,,,,,,,,
pfp_bloom_filter_add_unique_size_u32,0,NVIDIA RTX PRO 6000 Blackwell Server Edition,I64,U32,256,20,4,4,1000000000,256,Yes,,,,,,,,
pfp_bloom_filter_add_unique_size_u32,0,NVIDIA RTX PRO 6000 Blackwell Server Edition,I64,U32,256,20,4,4,1000000000,512,Yes,,,,,,,,
pfp_bloom_filter_add_unique_size_u32,0,NVIDIA RTX PRO 6000 Blackwell Server Edition,I64,U32,256,20,4,4,1000000000,1024,Yes,,,,,,,,
pfp_bloom_filter_add_unique_size_u32,0,NVIDIA RTX PRO 6000 Blackwell Server Edition,I64,U32,256,20,4,4,1000000000,2048,Yes,,,,,,,,
pfp_bloom_filter_add_unique_size_u32,0,NVIDIA RTX PRO 6000 Blackwell Server Edition,I64,U32,256,20,4,8,1000000000,1,Yes,,,,,,,,
pfp_bloom_filter_add_unique_size_u32,0,NVIDIA RTX PRO 6000 Blackwell Server Edition,I64,U32,256,20,4,8,1000000000,2,Yes,,,,,,,,
pfp_bloom_filter_add_unique_size_u32,0,NVIDIA RTX PRO 6000 Blackwell Server Edition,I64,U32,256,20,4,8,1000000000,4,Yes,,,,,,,,
pfp_bloom_filter_add_unique_size_u32,0,NVIDIA RTX PRO 6000 Blackwell Server Edition,I64,U32,256,20,4,8,1000000000,8,Yes,,,,,,,,
pfp_bloom_filter_add_unique_size_u32,0,NVIDIA RTX PRO 6000 Blackwell Server Edition,I64,U32,256,20,4,8,1000000000,16,Yes,,,,,,,,
pfp_bloom_filter_add_unique_size_u32,0,NVIDIA RTX PRO 6000 Blackwell Server Edition,I64,U32,256,20,4,8,1000000000,32,Yes,,,,,,,,
pfp_bloom_filter_add_unique_size_u32,0,NVIDIA RTX PRO 6000 Blackwell Server Edition,I64,U32,256,20,4,8,1000000000,64,Yes,,,,,,,,
pfp_bloom_filter_add_unique_size_u32,0,NVIDIA RTX PRO 6000 Blackwell Server Edition,I64,U32,256,20,4,8,1000000000,128,Yes,,,,,,,,
pfp_bloom_filter_add_unique_size_u32,0,NVIDIA RTX PRO 6000 Blackwell Server Edition,I64,U32,256,20,4,8,1000000000,256,Yes,,,,,,,,
pfp_bloom_filter_add_unique_size_u32,0,NVIDIA RTX PRO 6000 Blackwell Server Edition,I64,U32,256,20,4,8,1000000000,512,Yes,,,,,,,,
pfp_bloom_filter_add_unique_size_u32,0,NVIDIA RTX PRO 6000 Blackwell Server Edition,I64,U32,256,20,4,8,1000000000,1024,Yes,,,,,,,,
pfp_bloom_filter_add_unique_size_u32,0,NVIDIA RTX PRO 6000 Blackwell Server Edition,I64,U32,256,20,4,8,1000000000,2048,Yes,,,,,,,,
pfp_bloom_filter_add_unique_size_u32,0,NVIDIA RTX PRO 6000 Blackwell Server Edition,I64,U32,256,20,8,1,1000000000,1,Yes,,,,,,,,
pfp_bloom_filter_add_unique_size_u32,0,NVIDIA RTX PRO 6000 Blackwell Server Edition,I64,U32,256,20,8,1,1000000000,2,Yes,,,,,,,,
pfp_bloom_filter_add_unique_size_u32,0,NVIDIA RTX PRO 6000 Blackwell Server Edition,I64,U32,256,20,8,1,1000000000,4,Yes,,,,,,,,
pfp_bloom_filter_add_unique_size_u32,0,NVIDIA RTX PRO 6000 Blackwell Server Edition,I64,U32,256,20,8,1,1000000000,8,Yes,,,,,,,,
pfp_bloom_filter_add_unique_size_u32,0,NVIDIA RTX PRO 6000 Blackwell Server Edition,I64,U32,256,20,8,1,1000000000,16,Yes,,,,,,,,
pfp_bloom_filter_add_unique_size_u32,0,NVIDIA RTX PRO 6000 Blackwell Server Edition,I64,U32,256,20,8,1,1000000000,32,Yes,,,,,,,,
pfp_bloom_filter_add_unique_size_u32,0,NVIDIA RTX PRO 6000 Blackwell Server Edition,I64,U32,256,20,8,1,1000000000,64,Yes,,,,,,,,
pfp_bloom_filter_add_unique_size_u32,0,NVIDIA RTX PRO 6000 Blackwell Server Edition,I64,U32,256,20,8,1,1000000000,128,Yes,,,,,,,,
pfp_bloom_filter_add_unique_size_u32,0,NVIDIA RTX PRO 6000 Blackwell Server Edition,I64,U32,256,20,8,1,1000000000,256,Yes,,,,,,,,
pfp_bloom_filter_add_unique_size_u32,0,NVIDIA RTX PRO 6000 Blackwell Server Edition,I64,U32,256,20,8,1,1000000000,512,Yes,,,,,,,,
pfp_bloom_filter_add_unique_size_u32,0,NVIDIA RTX PRO 6000 Blackwell Server Edition,I64,U32,256,20,8,1,1000000000,1024,Yes,,,,,,,,
pfp_bloom_filter_add_unique_size_u32,0,NVIDIA RTX PRO 6000 Blackwell Server Edition,I64,U32,256,20,8,1,1000000000,2048,Yes,,,,,,,,
pfp_bloom_filter_add_unique_size_u32,0,NVIDIA RTX PRO 6000 Blackwell Server Edition,I64,U32,256,20,8,2,1000000000,1,Yes,,,,,,,,
pfp_bloom_filter_add_unique_size_u32,0,NVIDIA RTX PRO 6000 Blackwell Server Edition,I64,U32,256,20,8,2,1000000000,2,Yes,,,,,,,,
pfp_bloom_filter_add_unique_size_u32,0,NVIDIA RTX PRO 6000 Blackwell Server Edition,I64,U32,256,20,8,2,1000000000,4,Yes,,,,,,,,
pfp_bloom_filter_add_unique_size_u32,0,NVIDIA RTX PRO 6000 Blackwell Server Edition,I64,U32,256,20,8,2,1000000000,8,Yes,,,,,,,,
pfp_bloom_filter_add_unique_size_u32,0,NVIDIA RTX PRO 6000 Blackwell Server Edition,I64,U32,256,20,8,2,1000000000,16,Yes,,,,,,,,
pfp_bloom_filter_add_unique_size_u32,0,NVIDIA RTX PRO 6000 Blackwell Server Edition,I64,U32,256,20,8,2,1000000000,32,Yes,,,,,,,,
pfp_bloom_filter_add_unique_size_u32,0,NVIDIA RTX PRO 6000 Blackwell Server Edition,I64,U32,256,20,8,2,1000000000,64,Yes,,,,,,,,
pfp_bloom_filter_add_unique_size_u32,0,NVIDIA RTX PRO 6000 Blackwell Server Edition,I64,U32,256,20,8,2,1000000000,128,Yes,,,,,,,,
pfp_bloom_filter_add_unique_size_u32,0,NVIDIA RTX PRO 6000 Blackwell Server Edition,I64,U32,256,20,8,2,1000000000,256,Yes,,,,,,,,
pfp_bloom_filter_add_unique_size_u32,0,NVIDIA RTX PRO 6000 Blackwell Server Edition,I64,U32,256,20,8,2,1000000000,512,Yes,,,,,,,,
pfp_bloom_filter_add_unique_size_u32,0,NVIDIA RTX PRO 6000 Blackwell Server Edition,I64,U32,256,20,8,2,1000000000,1024,Yes,,,,,,,,
pfp_bloom_filter_add_unique_size_u32,0,NVIDIA RTX PRO 6000 Blackwell Server Edition,I64,U32,256,20,8,2,1000000000,2048,Yes,,,,,,,,
pfp_bloom_filter_add_unique_size_u32,0,NVIDIA RTX PRO 6000 Blackwell Server Edition,I64,U32,256,20,8,4,1000000000,1,Yes,,,,,,,,
pfp_bloom_filter_add_unique_size_u32,0,NVIDIA RTX PRO 6000 Blackwell Server Edition,I64,U32,256,20,8,4,1000000000,2,Yes,,,,,,,,
pfp_bloom_filter_add_unique_size_u32,0,NVIDIA RTX PRO 6000 Blackwell Server Edition,I64,U32,256,20,8,4,1000000000,4,Yes,,,,,,,,
pfp_bloom_filter_add_unique_size_u32,0,NVIDIA RTX PRO 6000 Blackwell Server Edition,I64,U32,256,20,8,4,1000000000,8,Yes,,,,,,,,
pfp_bloom_filter_add_unique_size_u32,0,NVIDIA RTX PRO 6000 Blackwell Server Edition,I64,U32,256,20,8,4,1000000000,16,Yes,,,,,,,,
pfp_bloom_filter_add_unique_size_u32,0,NVIDIA RTX PRO 6000 Blackwell Server Edition,I64,U32,256,20,8,4,1000000000,32,Yes,,,,,,,,
pfp_bloom_filter_add_unique_size_u32,0,NVIDIA RTX PRO 6000 Blackwell Server Edition,I64,U32,256,20,8,4,1000000000,64,Yes,,,,,,,,
pfp_bloom_filter_add_unique_size_u32,0,NVIDIA RTX PRO 6000 Blackwell Server Edition,I64,U32,256,20,8,4,1000000000,128,Yes,,,,,,,,
pfp_bloom_filter_add_unique_size_u32,0,NVIDIA RTX PRO 6000 Blackwell Server Edition,I64,U32,256,20,8,4,1000000000,256,Yes,,,,,,,,
pfp_bloom_filter_add_unique_size_u32,0,NVIDIA RTX PRO 6000 Blackwell Server Edition,I64,U32,256,20,8,4,1000000000,512,Yes,,,,,,,,
pfp_bloom_filter_add_unique_size_u32,0,NVIDIA RTX PRO 6000 Blackwell Server Edition,I64,U32,256,20,8,4,1000000000,1024,Yes,,,,,,,,
pfp_bloom_filter_add_unique_size_u32,0,NVIDIA RTX PRO 6000 Blackwell Server Edition,I64,U32,256,20,8,4,1000000000,2048,Yes,,,,,,,,
pfp_bloom_filter_add_unique_size_u32,0,NVIDIA RTX PRO 6000 Blackwell Server Edition,I64,U32,256,20,8,8,1000000000,1,Yes,,,,,,,,
pfp_bloom_filter_add_unique_size_u32,0,NVIDIA RTX PRO 6000 Blackwell Server Edition,I64,U32,256,20,8,8,1000000000,2,Yes,,,,,,,,
pfp_bloom_filter_add_unique_size_u32,0,NVIDIA RTX PRO 6000 Blackwell Server Edition,I64,U32,256,20,8,8,1000000000,4,Yes,,,,,,,,
pfp_bloom_filter_add_unique_size_u32,0,NVIDIA RTX PRO 6000 Blackwell Server Edition,I64,U32,256,20,8,8,1000000000,8,Yes,,,,,,,,
pfp_bloom_filter_add_unique_size_u32,0,NVIDIA RTX PRO 6000 Blackwell Server Edition,I64,U32,256,20,8,8,1000000000,16,Yes,,,,,,,,
pfp_bloom_filter_add_unique_size_u32,0,NVIDIA RTX PRO 6000 Blackwell Server Edition,I64,U32,256,20,8,8,1000000000,32,Yes,,,,,,,,
pfp_bloom_filter_add_unique_size_u32,0,NVIDIA RTX PRO 6000 Blackwell Server Edition,I64,U32,256,20,8,8,1000000000,64,Yes,,,,,,,,
pfp_bloom_filter_add_unique_size_u32,0,NVIDIA RTX PRO 6000 Blackwell Server Edition,I64,U32,256,20,8,8,1000000000,128,Yes,,,,,,,,
pfp_bloom_filter_add_unique_size_u32,0,NVIDIA RTX PRO 6000 Blackwell Server Edition,I64,U32,256,20,8,8,1000000000,256,Yes,,,,,,,,
pfp_bloom_filter_add_unique_size_u32,0,NVIDIA RTX PRO 6000 Blackwell Server Edition,I64,U32,256,20,8,8,1000000000,512,Yes,,,,,,,,
pfp_bloom_filter_add_unique_size_u32,0,NVIDIA RTX PRO 6000 Blackwell Server Edition,I64,U32,256,20,8,8,1000000000,1024,Yes,,,,,,,,
pfp_bloom_filter_add_unique_size_u32,0,NVIDIA RTX PRO 6000 Blackwell Server Edition,I64,U32,256,20,8,8,1000000000,2048,Yes,,,,,,,,
pfp_bloom_filter_add_unique_size_u32,0,NVIDIA RTX PRO 6000 Blackwell Server Edition,I64,U32,512,1,1,1,1000000000,1,No,11,0.17154035218181818,4.736528012881284e-05,0.1715293731689453,4.8722309249777654e-05,5829905289.836657,12,0.17152447891235353
pfp_bloom_filter_add_unique_size_u32,0,NVIDIA RTX PRO 6000 Blackwell Server Edition,I64,U32,512,1,1,1,1000000000,2,No,11,0.17234624909090912,3.901350664124786e-05,0.17233469321511008,3.7384971169633766e-05,5802662141.579287,12,0.17232921091715492
pfp_bloom_filter_add_unique_size_u32,0,NVIDIA RTX PRO 6000 Blackwell Server Edition,I64,U32,512,1,1,1,1000000000,4,No,11,0.17276234090909093,2.959910455897469e-05,0.1727514357133345,3.284522677683045e-05,5788663902.391006,12,0.1727303682963053
pfp_bloom_filter_add_unique_size_u32,0,NVIDIA RTX PRO 6000 Blackwell Server Edition,I64,U32,512,1,1,1,1000000000,8,No,11,0.17298688872727272,4.350537152188294e-05,0.17297630032626066,4.3574627756672545e-05,5781138792.504187,12,0.17293985621134442
pfp_bloom_filter_add_unique_size_u32,0,NVIDIA RTX PRO 6000 Blackwell Server Edition,I64,U32,512,1,1,1,1000000000,16,No,11,0.17310105027272726,3.985744218000739e-05,0.1730902959650213,4.01617612864261e-05,5777331388.942125,12,0.17303443908691404
pfp_bloom_filter_add_unique_size_u32,0,NVIDIA RTX PRO 6000 Blackwell Server Edition,I64,U32,512,1,1,1,1000000000,32,No,11,0.1731969718181818,2.0769825633765014e-05,0.17318592140891334,2.0703519248796068e-05,5774141407.48125,12,0.17309196599324547
pfp_bloom_filter_add_unique_size_u32,0,NVIDIA RTX PRO 6000 Blackwell Server Edition,I64,U32,512,1,1,1,1000000000,64,No,11,0.17501067818181817,2.1958825134380038e-05,0.17499915244362568,2.2479877182983628e-05,5714313389.729933,12,0.1747817776997884
pfp_bloom_filter_add_unique_size_u32,0,NVIDIA RTX PRO 6000 Blackwell Server Edition,I64,U32,512,1,1,1,1000000000,128,No,11,0.24156780163636365,0.00013760589838080674,0.24155640342018822,0.00013466413319316114,4139819875.7765756,12,0.2414157918294271
pfp_bloom_filter_add_unique_size_u32,0,NVIDIA RTX PRO 6000 Blackwell Server Edition,I64,U32,512,1,1,1,1000000000,256,No,11,0.3118025316363636,0.0002146482592623268,0.3117905883789062,0.00021306993775144448,3207280903.5041857,12,0.3117318344116211
pfp_bloom_filter_add_unique_size_u32,0,NVIDIA RTX PRO 6000 Blackwell Server Edition,I64,U32,512,1,1,1,1000000000,512,No,11,0.3715538330909091,1.5391960871161882e-05,0.3715424554998225,1.5421517634691103e-05,2691482454.285706,12,0.37151047770182294
pfp_bloom_filter_add_unique_size_u32,0,NVIDIA RTX PRO 6000 Blackwell Server Edition,I64,U32,512,1,1,1,1000000000,1024,No,11,0.45893222663636374,1.624227919310272e-05,0.4589203241521662,1.581062555612062e-05,2179027485.538918,12,0.4588935546874999
pfp_bloom_filter_add_unique_size_u32,0,NVIDIA RTX PRO 6000 Blackwell Server Edition,I64,U32,512,1,1,1,1000000000,2048,No,11,0.5036933110909091,1.3299798507276838e-05,0.5036818237304689,1.3563602501576057e-05,1985380358.960743,12,0.5036544291178385
pfp_bloom_filter_add_unique_size_u32,0,NVIDIA RTX PRO 6000 Blackwell Server Edition,I64,U32,512,1,1,2,1000000000,1,No,11,0.1715464993636364,3.9227374362714326e-05,0.1715354961048473,3.702080007041633e-05,5829697192.170487,12,0.17152844746907556
pfp_bloom_filter_add_unique_size_u32,0,NVIDIA RTX PRO 6000 Blackwell Server Edition,I64,U32,512,1,1,2,1000000000,2,No,11,0.17235833009090912,3.4811060602789e-05,0.17234739268909802,3.3633939323603134e-05,5802234570.521913,12,0.1723290468851725
pfp_bloom_filter_add_unique_size_u32,0,NVIDIA RTX PRO 6000 Blackwell Server Edition,I64,U32,512,1,1,2,1000000000,4,No,11,0.17278050972727274,3.0600390608168164e-05,0.17276903880726205,3.060989549857608e-05,5788074106.932907,12,0.17275263849894207
pfp_bloom_filter_add_unique_size_u32,0,NVIDIA RTX PRO 6000 Blackwell Server Edition,I64,U32,512,1,1,2,1000000000,8,No,11,0.1729843612727273,2.8627090211035574e-05,0.17297384920987216,2.5173616172643268e-05,5781220713.812541,12,0.17293951161702473
pfp_bloom_filter_add_unique_size_u32,0,NVIDIA RTX PRO 6000 Blackwell Server Edition,I64,U32,512,1,1,2,1000000000,16,No,11,0.17312197354545453,2.8964723897362402e-05,0.17311129622025923,2.5258295193907534e-05,5776630536.736573,12,0.1730531400044759
pfp_bloom_filter_add_unique_size_u32,0,NVIDIA RTX PRO 6000 Blackwell Server Edition,I64,U32,512,1,1,2,1000000000,32,No,11,0.17319904699999997,2.2991717259599554e-05,0.17318848488547586,2.3929234130071525e-05,5774055940.620236,12,0.17309746805826823
pfp_bloom_filter_add_unique_size_u32,0,NVIDIA RTX PRO 6000 Blackwell Server Edition,I64,U32,512,1,1,2,1000000000,64,No,11,0.17500249745454546,2.3714484467729375e-05,0.17499231928045098,2.7096115169343713e-05,5714536524.299404,12,0.17477557627360027
pfp_bloom_filter_add_unique_size_u32,0,NVIDIA RTX PRO 6000 Blackwell Server Edition,I64,U32,512,1,1,2,1000000000,128,No,11,0.24143137645454546,0.00010589428288902597,0.24142033941095525,0.00010484112072653589,4142153069.786554,12,0.2412665685017904
pfp_bloom_filter_add_unique_size_u32,0,NVIDIA RTX PRO 6000 Blackwell Server Edition,I64,U32,512,1,1,2,1000000000,256,No,11,0.31192132672727274,0.0002619257020172329,0.31191020063920455,0.0002618018504926251,3206050965.7929673,12,0.3118650258382162
pfp_bloom_filter_add_unique_size_u32,0,NVIDIA RTX PRO 6000 Blackwell Server Edition,I64,U32,512,1,1,2,1000000000,512,No,11,0.37155808509090915,1.1371987218979235e-05,0.37154792646928264,1.1229831700515687e-05,2691442822.740861,12,0.37151043955485025
pfp_bloom_filter_add_unique_size_u32,0,NVIDIA RTX PRO 6000 Blackwell Server Edition,I64,U32,512,1,1,2,1000000000,1024,No,11,0.4589277355454545,1.241957902552106e-05,0.45891613214666194,1.2616357604768716e-05,2179047390.036872,12,0.4588894220987956
pfp_bloom_filter_add_unique_size_u32,0,NVIDIA RTX PRO 6000 Blackwell Server Edition,I64,U32,512,1,1,2,1000000000,2048,No,11,0.5036944202727273,8.848019741865134e-06,0.5036819347034801,7.318852316123804e-06,1985379921.5346181,12,0.5036477457682292
pfp_bloom_filter_add_unique_size_u32,0,NVIDIA RTX PRO 6000 Blackwell Server Edition,I64,U32,512,1,1,4,1000000000,1,No,11,0.17154692736363633,2.2778178090842154e-05,0.1715354531028054,2.500688624178386e-05,5829698653.611131,12,0.17152362060546877
pfp_bloom_filter_add_unique_size_u32,0,NVIDIA RTX PRO 6000 Blackwell Server Edition,I64,U32,512,1,1,4,1000000000,2,No,11,0.17235369672727271,3.266264185617371e-05,0.17234338240189986,3.1675524167921244e-05,5802369583.6955805,12,0.1723256899515788
pfp_bloom_filter_add_unique_size_u32,0,NVIDIA RTX PRO 6000 Blackwell Server Edition,I64,U32,512,1,1,4,1000000000,4,No,11,0.17278042772727273,3.013593362362588e-05,0.17276933843439274,3.189194171582117e-05,5788064068.901549,12,0.17274659983317056
pfp_bloom_filter_add_unique_size_u32,0,NVIDIA RTX PRO 6000 Blackwell Server Edition,I64,U32,512,1,1,4,1000000000,8,No,11,0.17298858527272729,2.8588458704096724e-05,0.17297831587357954,2.9123116706743298e-05,5781071430.5418825,12,0.17293758646647137
pfp_bloom_filter_add_unique_size_u32,0,NVIDIA RTX PRO 6000 Blackwell Server Edition,I64,U32,512,1,1,4,1000000000,16,No,11,0.17310122372727274,4.008057344765865e-05,0.17308992281827063,4.1595536022801636e-05,5777343843.69628,12,0.1730327466328939
pfp_bloom_filter_add_unique_size_u32,0,NVIDIA RTX PRO 6000 Blackwell Server Edition,I64,U32,512,1,1,4,1000000000,32,No,11,0.17319191463636366,4.466655748335959e-05,0.17318161565607246,4.453971503382602e-05,5774284967.902919,12,0.17309069061279295
pfp_bloom_filter_add_unique_size_u32,0,NVIDIA RTX PRO 6000 Blackwell Server Edition,I64,U32,512,1,1,4,1000000000,64,No,11,0.17502316445454547,3.050421804505499e-05,0.17501134560324927,2.7406140630984507e-05,5713915269.624863,12,0.17479325103759766
pfp_bloom_filter_add_unique_size_u32,0,NVIDIA RTX PRO 6000 Blackwell Server Edition,I64,U32,512,1,1,4,1000000000,128,No,11,0.2414357660909091,8.137804364376672e-05,0.24142408197576348,8.333286587858654e-05,4142088857.98058,12,0.2412749582926432
pfp_bloom_filter_add_unique_size_u32,0,NVIDIA RTX PRO 6000 Blackwell Server Edition,I64,U32,512,1,1,4,1000000000,256,No,11,0.31205333300000004,0.00028334694529788307,0.3120412375710227,0.0002839923613384035,3204704633.862354,12,0.3120077082316081
pfp_bloom_filter_add_unique_size_u32,0,NVIDIA RTX PRO 6000 Blackwell Server Edition,I64,U32,512,1,1,4,1000000000,512,No,11,0.3715560542727273,1.2669618571757945e-05,0.3715442171963778,1.2364487855940523e-05,2691469692.4793077,12,0.3715131963094076
pfp_bloom_filter_add_unique_size_u32,0,NVIDIA RTX PRO 6000 Blackwell Server Edition,I64,U32,512,1,1,4,1000000000,1024,No,11,0.4589277213636364,1.1482904733367259e-05,0.4589150668057529,1.1624143430079051e-05,2179052448.550953,12,0.4588858922322592
pfp_bloom_filter_add_unique_size_u32,0,NVIDIA RTX PRO 6000 Blackwell Server Edition,I64,U32,512,1,1,4,1000000000,2048,No,11,0.5036867274545457,1.3000479007527698e-05,0.5036730180220169,1.2114235447043767e-05,1985415069.338273,12,0.5036457672119141
pfp_bloom_filter_add_unique_size_u32,0,NVIDIA RTX PRO 6000 Blackwell Server Edition,I64,U32,512,1,1,8,1000000000,1,No,11,0.17154267354545458,3.6421855137813956e-05,0.17153173828125,3.623382798023785e-05,5829824905.991226,12,0.1715206298828125
pfp_bloom_filter_add_unique_size_u32,0,NVIDIA RTX PRO 6000 Blackwell Server Edition,I64,U32,512,1,1,8,1000000000,2,No,11,0.17234547354545454,1.2197625124650646e-05,0.17233428677645596,1.21953164489401e-05,5802675826.761935,12,0.17233020146687827
pfp_bloom_filter_add_unique_size_u32,0,NVIDIA RTX PRO 6000 Blackwell Server Edition,I64,U32,512,1,1,8,1000000000,4,No,11,0.1727616149090909,1.890305472933617e-05,0.17275035095214844,1.9193411107516916e-05,5788700251.480232,12,0.17273035939534506
pfp_bloom_filter_add_unique_size_u32,0,NVIDIA RTX PRO 6000 Blackwell Server Edition,I64,U32,512,1,1,8,1000000000,8,No,11,0.17298930318181818,3.8112748715950936e-05,0.17297860024192116,4.3272773755236886e-05,5781061926.743764,12,0.1729377174377441
pfp_bloom_filter_add_unique_size_u32,0,NVIDIA RTX PRO 6000 Blackwell Server Edition,I64,U32,512,1,1,8,1000000000,16,No,11,0.17310182936363636,3.4159069386582617e-05,0.17308967451615767,3.4178666279236024e-05,5777352131.462073,12,0.1730351676940918
pfp_bloom_filter_add_unique_size_u32,0,NVIDIA RTX PRO 6000 Blackwell Server Edition,I64,U32,512,1,1,8,1000000000,32,No,11,0.1731976093636364,3.460051460568298e-05,0.17318622519753196,3.468031190375425e-05,5774131278.971087,12,0.17309623845418295
pfp_bloom_filter_add_unique_size_u32,0,NVIDIA RTX PRO 6000 Blackwell Server Edition,I64,U32,512,1,1,8,1000000000,64,No,11,0.1750121952727273,2.6144113530942692e-05,0.1750009724010121,2.790097920172356e-05,5714253962.592362,12,0.1747811279296875
pfp_bloom_filter_add_unique_size_u32,0,NVIDIA RTX PRO 6000 Blackwell Server Edition,I64,U32,512,1,1,8,1000000000,128,No,11,0.24157092554545453,0.00010796317216946046,0.2415598241632635,0.00010903307105578757,4139761251.5404387,12,0.2413908424377442
pfp_bloom_filter_add_unique_size_u32,0,NVIDIA RTX PRO 6000 Blackwell Server Edition,I64,U32,512,1,1,8,1000000000,256,No,11,0.31194815000000004,0.00020454195188266647,0.311936356977983,0.0002053780477492612,3205782133.534956,12,0.3118503697713216
pfp_bloom_filter_add_unique_size_u32,0,NVIDIA RTX PRO 6000 Blackwell Server Edition,I64,U32,512,1,1,8,1000000000,512,No,11,0.37155904727272726,1.5396800015655213e-05,0.37154619806463063,1.3549260366790248e-05,2691455343.12815,12,0.3715115152994792
pfp_bloom_filter_add_unique_size_u32,0,NVIDIA RTX PRO 6000 Blackwell Server Edition,I64,U32,512,1,1,8,1000000000,1024,No,11,0.4589296990909091,2.053790164763349e-05,0.45891694779829545,2.0270378519753357e-05,2179043517.127903,12,0.4588910420735677
pfp_bloom_filter_add_unique_size_u32,0,NVIDIA RTX PRO 6000 Blackwell Server Edition,I64,U32,512,1,1,8,1000000000,2048,No,11,0.5036925950000001,8.254064713373348e-06,0.5036792130903764,7.991377463058916e-06,1985390649.4659479,12,0.5036570866902669
pfp_bloom_filter_add_unique_size_u32,0,NVIDIA RTX PRO 6000 Blackwell Server Edition,I64,U32,512,1,2,1,1000000000,1,No,11,0.08532823845454546,3.0338842049572708e-05,0.085317438992587,2.8024749311070702e-05,11720933162.17435,12,0.08531398518880208
pfp_bloom_filter_add_unique_size_u32,0,NVIDIA RTX PRO 6000 Blackwell Server Edition,I64,U32,512,1,2,1,1000000000,2,No,11,0.0857389328181818,2.4450111238941247e-05,0.0857280245694247,1.7621179096214634e-05,11664796955.518028,12,0.08571453603108725
pfp_bloom_filter_add_unique_size_u32,0,NVIDIA RTX PRO 6000 Blackwell Server Edition,I64,U32,512,1,2,1,1000000000,4,No,11,0.08596073445454545,2.970038280163346e-05,0.08594992550936612,3.131309974984195e-05,11634681404.01155,12,0.08592690467834473
pfp_bloom_filter_add_unique_size_u32,0,NVIDIA RTX PRO 6000 Blackwell Server Edition,I64,U32,512,1,2,1,1000000000,8,No,11,0.08607925918181819,2.4675484218239585e-05,0.08606888927112927,3.022187731370394e-05,11618600036.185637,12,0.08602600542704264
pfp_bloom_filter_add_unique_size_u32,0,NVIDIA RTX PRO 6000 Blackwell Server Edition,I64,U32,512,1,2,1,1000000000,16,No,11,0.08613974036363636,3.0064993069635363e-05,0.08612906438654121,2.729642100634522e-05,11610482560.3593,12,0.0860683396657308
pfp_bloom_filter_add_unique_size_u32,0,NVIDIA RTX PRO 6000 Blackwell Server Edition,I64,U32,512,1,2,1,1000000000,32,No,11,0.08620579518181819,2.8402980671638246e-05,0.0861962398182262,2.6710144749280416e-05,11601434147.346064,12,0.0861004950205485
pfp_bloom_filter_add_unique_size_u32,0,NVIDIA RTX PRO 6000 Blackwell Server Edition,I64,U32,512,1,2,1,1000000000,64,No,11,0.08801686627272726,2.3488416299334932e-05,0.08800621934370562,2.19965260029065e-05,11362833302.661604,12,0.08775655237833657
pfp_bloom_filter_add_unique_size_u32,0,NVIDIA RTX PRO 6000 Blackwell Server Edition,I64,U32,512,1,2,1,1000000000,128,No,11,0.1584632374545455,0.00011323479915423791,0.15845247580788352,0.00011396549968826875,6311040549.549096,12,0.15831257756551106
pfp_bloom_filter_add_unique_size_u32,0,NVIDIA RTX PRO 6000 Blackwell Server Edition,I64,U32,512,1,2,1,1000000000,256,No,11,0.23367408272727272,0.00012803862295660047,0.23366278214888145,0.00012852346432128405,4279671716.6657557,12,0.23359193038940426
pfp_bloom_filter_add_unique_size_u32,0,NVIDIA RTX PRO 6000 Blackwell Server Edition,I64,U32,512,1,2,1,1000000000,512,No,11,0.2652246300909091,8.008552991950256e-05,0.26521420842950993,7.830629088287797e-05,3770537053.507016,12,0.2651634216308593
pfp_bloom_filter_add_unique_size_u32,0,NVIDIA RTX PRO 6000 Blackwell Server Edition,I64,U32,512,1,2,1,1000000000,1024,No,11,0.27970570163636366,7.69499440880828e-05,0.27969494906338777,7.956032007239185e-05,3575323770.946497,12,0.27964758555094393
pfp_bloom_filter_add_unique_size_u32,0,NVIDIA RTX PRO 6000 Blackwell Server Edition,I64,U32,512,1,2,1,1000000000,2048,No,11,0.2865300704545455,0.00011591639361701015,0.2865187710848721,0.00011683799735892436,3490172724.857115,12,0.28649570719401035
pfp_bloom_filter_add_unique_size_u32,0,NVIDIA RTX PRO 6000 Blackwell Server Edition,I64,U32,512,1,2,2,1000000000,1,No,11,0.08532417863636364,2.46636199124274e-05,0.08531297718394887,2.395394616281089e-05,11721546158.72606,12,0.0853011735280355
pfp_bloom_filter_add_unique_size_u32,0,NVIDIA RTX PRO 6000 Blackwell Server Edition,I64,U32,512,1,2,2,1000000000,2,No,11,0.08572957318181819,3.447651413185663e-05,0.08571897333318536,2.9442898029506776e-05,11666028664.541397,12,0.08570481808980306
pfp_bloom_filter_add_unique_size_u32,0,NVIDIA RTX PRO 6000 Blackwell Server Edition,I64,U32,512,1,2,2,1000000000,4,No,11,0.08594707436363637,3.896146505590954e-05,0.08593634865500711,3.61056149947388e-05,11636519536.273485,12,0.08591691780090331
pfp_bloom_filter_add_unique_size_u32,0,NVIDIA RTX PRO 6000 Blackwell Server Edition,I64,U32,512,1,2,2,1000000000,8,No,11,0.0860601871818182,2.727118078890914e-05,0.08604994687167081,2.203717285010754e-05,11621157668.944687,12,0.08601200612386069
pfp_bloom_filter_add_unique_size_u32,0,NVIDIA RTX PRO 6000 Blackwell Server Edition,I64,U32,512,1,2,2,1000000000,16,No,11,0.08613876681818183,2.3942287003393408e-05,0.0861276952570135,2.0754606592276095e-05,11610667126.478909,12,0.08606918462117512
pfp_bloom_filter_add_unique_size_u32,0,NVIDIA RTX PRO 6000 Blackwell Server Edition,I64,U32,512,1,2,2,1000000000,32,No,11,0.08619008236363636,2.8281655945952044e-05,0.08618013971502131,2.6830229929378162e-05,11603601517.783321,12,0.08608370335896809
pfp_bloom_filter_add_unique_size_u32,0,NVIDIA RTX PRO 6000 Blackwell Server Edition,I64,U32,512,1,2,2,1000000000,64,No,11,0.088024883,2.62906010882647e-05,0.08801369268243962,2.4054510583936642e-05,11361868472.08058,12,0.08776055463155112
pfp_bloom_filter_add_unique_size_u32,0,NVIDIA RTX PRO 6000 Blackwell Server Edition,I64,U32,512,1,2,2,1000000000,128,No,11,0.15847433181818182,0.00011609122769838366,0.15846354397860438,0.00011492607438412958,6310599743.591619,12,0.1583159268697103
pfp_bloom_filter_add_unique_size_u32,0,NVIDIA RTX PRO 6000 Blackwell Server Edition,I64,U32,512,1,2,2,1000000000,256,No,11,0.23367427963636367,0.00010437863131523369,0.23366219121759588,0.0001034404924984534,4279682539.948274,12,0.2336117146809896
pfp_bloom_filter_add_unique_size_u32,0,NVIDIA RTX PRO 6000 Blackwell Server Edition,I64,U32,512,1,2,2,1000000000,512,No,11,0.265111948,0.00011520310598569887,0.26510068303888495,0.00011387161956306046,3772151729.4367743,12,0.26505621083577474
pfp_bloom_filter_add_unique_size_u32,0,NVIDIA RTX PRO 6000 Blackwell Server Edition,I64,U32,512,1,2,2,1000000000,1024,No,11,0.2796738924545455,0.00011302934534053333,0.27966285011985087,0.00011196658538057792,3575734136.9132338,12,0.2796356404622396
pfp_bloom_filter_add_unique_size_u32,0,NVIDIA RTX PRO 6000 Blackwell Server Edition,I64,U32,512,1,2,2,1000000000,2048,No,11,0.286466628,5.497848365024393e-05,0.28645408491654833,5.473473417222286e-05,3490960864.7798705,12,0.2864184265136719
pfp_bloom_filter_add_unique_size_u32,0,NVIDIA RTX PRO 6000 Blackwell Server Edition,I64,U32,512,1,2,4,1000000000,1,No,11,0.0853144139090909,3.2435024557751215e-05,0.0853033516623757,3.5805271252808653e-05,11722868803.067966,12,0.08529756863911947
pfp_bloom_filter_add_unique_size_u32,0,NVIDIA RTX PRO 6000 Blackwell Server Edition,I64,U32,512,1,2,4,1000000000,2,No,11,0.08572025790909094,1.7798010556754657e-05,0.0857090696855025,2.172191992725846e-05,11667376669.346205,12,0.08569798723856607
pfp_bloom_filter_add_unique_size_u32,0,NVIDIA RTX PRO 6000 Blackwell Server Edition,I64,U32,512,1,2,4,1000000000,4,No,11,0.08593920054545455,2.750097723846503e-05,0.08592832253196024,2.5223996157118927e-05,11637606443.766655,12,0.08590935770670573
pfp_bloom_filter_add_unique_size_u32,0,NVIDIA RTX PRO 6000 Blackwell Server Edition,I64,U32,512,1,2,4,1000000000,8,No,11,0.08606496336363635,3.1316955295782586e-05,0.0860544863614169,2.883280100229166e-05,11620544637.267822,12,0.08601232465108234
pfp_bloom_filter_add_unique_size_u32,0,NVIDIA RTX PRO 6000 Blackwell Server Edition,I64,U32,512,1,2,4,1000000000,16,No,11,0.08612762727272728,1.6529801483930002e-05,0.08611750307950107,2.236990446879771e-05,11612041271.99125,12,0.0860600643157959
pfp_bloom_filter_add_unique_size_u32,0,NVIDIA RTX PRO 6000 Blackwell Server Edition,I64,U32,512,1,2,4,1000000000,32,No,11,0.08619309227272728,2.6844912031550924e-05,0.08618391903963957,3.0457606067801248e-05,11603092678.345926,12,0.08608779398600262
pfp_bloom_filter_add_unique_size_u32,0,NVIDIA RTX PRO 6000 Blackwell Server Edition,I64,U32,512,1,2,4,1000000000,64,No,11,0.08801842654545454,3.346054734500355e-05,0.0880086635242809,2.8981937430342826e-05,11362517733.54231,12,0.08775496419270834
pfp_bloom_filter_add_unique_size_u32,0,NVIDIA RTX PRO 6000 Blackwell Server Edition,I64,U32,512,1,2,4,1000000000,128,No,11,0.15857393018181817,0.00012312337380674494,0.15856293973055754,0.00012576688400284963,6306643921.330404,12,0.1584177385965983
pfp_bloom_filter_add_unique_size_u32,0,NVIDIA RTX PRO 6000 Blackwell Server Edition,I64,U32,512,1,2,4,1000000000,256,No,11,0.23374172854545458,0.00010549572245427164,0.23373063937100494,0.00010571041187335244,4278429232.4323025,12,0.23366907628377276
pfp_bloom_filter_add_unique_size_u32,0,NVIDIA RTX PRO 6000 Blackwell Server Edition,I64,U32,512,1,2,4,1000000000,512,No,11,0.2652675708181818,6.43996501917509e-05,0.2652569496848367,6.176560797190741e-05,3769929501.142735,12,0.2652012532552083
pfp_bloom_filter_add_unique_size_u32,0,NVIDIA RTX PRO 6000 Blackwell Server Edition,I64,U32,512,1,2,4,1000000000,1024,No,11,0.279810725,0.00011706629709116198,0.2797995771928267,0.00011577904197703526,3573986815.9659147,12,0.27978494262695314
pfp_bloom_filter_add_unique_size_u32,0,NVIDIA RTX PRO 6000 Blackwell Server Edition,I64,U32,512,1,2,4,1000000000,2048,No,11,0.28693348654545453,0.0001153386281123671,0.2869221163662997,0.00011391269320665351,3485266359.611498,12,0.2868914286295573
pfp_bloom_filter_add_unique_size_u32,0,NVIDIA RTX PRO 6000 Blackwell Server Edition,I64,U32,512,1,2,8,1000000000,1,No,11,0.1627527719090909,1.7616713371259812e-05,0.16274154385653408,1.9052514565047506e-05,6144712507.345738,12,0.16273076502482098
pfp_bloom_filter_add_unique_size_u32,0,NVIDIA RTX PRO 6000 Blackwell Server Edition,I64,U32,512,1,2,8,1000000000,2,No,11,0.16343221054545456,3.519419153801638e-05,0.16342081798206673,3.3975913635733873e-05,6119171427.166255,12,0.1634132652282715
pfp_bloom_filter_add_unique_size_u32,0,NVIDIA RTX PRO 6000 Blackwell Server Edition,I64,U32,512,1,2,8,1000000000,4,No,11,0.16380323136363636,3.1825953100175986e-05,0.16379209622469817,3.0960555002093066e-05,6105300701.617189,12,0.16377470779418943
pfp_bloom_filter_add_unique_size_u32,0,NVIDIA RTX PRO 6000 Blackwell Server Edition,I64,U32,512,1,2,8,1000000000,8,No,11,0.16397589954545452,2.712596810865147e-05,0.16396463567560368,2.924497851766872e-05,6098876113.617896,12,0.1639370206197103
pfp_bloom_filter_add_unique_size_u32,0,NVIDIA RTX PRO 6000 Blackwell Server Edition,I64,U32,512,1,2,8,1000000000,16,No,11,0.16407831181818186,3.331370753997872e-05,0.16406713034889917,3.003755132325698e-05,6095066073.706759,12,0.16403421020507813
pfp_bloom_filter_add_unique_size_u32,0,NVIDIA RTX PRO 6000 Blackwell Server Edition,I64,U32,512,1,2,8,1000000000,32,No,11,0.1641282201818182,3.3313836659765616e-05,0.16411754538796164,3.659783063867242e-05,6093193738.890468,12,0.16407444381713865
pfp_bloom_filter_add_unique_size_u32,0,NVIDIA RTX PRO 6000 Blackwell Server Edition,I64,U32,512,1,2,8,1000000000,64,No,11,0.16593671718181818,2.7080379975470073e-05,0.1659259948730469,2.5320502753362963e-05,6026783209.979357,12,0.1658524424235026
pfp_bloom_filter_add_unique_size_u32,0,NVIDIA RTX PRO 6000 Blackwell Server Edition,I64,U32,512,1,2,8,1000000000,128,No,11,0.18178334890909095,9.32326276459853e-05,0.18177164112437855,9.092606038967426e-05,5501408216.454088,12,0.18171728769938153
pfp_bloom_filter_add_unique_size_u32,0,NVIDIA RTX PRO 6000 Blackwell Server Edition,I64,U32,512,1,2,8,1000000000,256,No,11,0.20036264218181826,0.00033908739152965675,0.20035149036754263,0.0003375346309177113,4991228156.903205,12,0.20028427251180012
pfp_bloom_filter_add_unique_size_u32,0,NVIDIA RTX PRO 6000 Blackwell Server Edition,I64,U32,512,1,2,8,1000000000,512,No,11,0.21902105927272728,0.00016482809160297035,0.21900970875133172,0.00016412868545713483,4566007624.508653,12,0.218983465830485
pfp_bloom_filter_add_unique_size_u32,0,NVIDIA RTX PRO 6000 Blackwell Server Edition,I64,U32,512,1,2,8,1000000000,1024,No,11,0.23088365945454548,8.811747767726639e-05,0.23087272505326703,8.709019016426276e-05,4331390811.839206,12,0.23084026590983073
pfp_bloom_filter_add_unique_size_u32,0,NVIDIA RTX PRO 6000 Blackwell Server Edition,I64,U32,512,1,2,8,1000000000,2048,No,11,0.25241741072727275,1.496006156046916e-05,0.2524060405384411,1.2839159902049182e-05,3961870317.6309333,12,0.2523806241353353
pfp_bloom_filter_add_unique_size_u32,0,NVIDIA RTX PRO 6000 Blackwell Server Edition,I64,U32,512,1,4,1,1000000000,1,No,12,0.04278356691666666,8.514389793026937e-05,0.042773090680440266,8.961363752874842e-05,23379184999.069767,13,0.04276344886192909
pfp_bloom_filter_add_unique_size_u32,0,NVIDIA RTX PRO 6000 Blackwell Server Edition,I64,U32,512,1,4,1,1000000000,2,No,12,0.042996668083333335,5.9201052473165215e-05,0.04298690382639567,4.9567320924355465e-05,23262898952.63311,13,0.042973692380464994
pfp_bloom_filter_add_unique_size_u32,0,NVIDIA RTX PRO 6000 Blackwell Server Edition,I64,U32,512,1,4,1,1000000000,4,No,12,0.04310052383333334,5.3185068498367656e-05,0.0430900452931722,5.427728521793417e-05,23207216265.294903,13,0.04306990755521334
pfp_bloom_filter_add_unique_size_u32,0,NVIDIA RTX PRO 6000 Blackwell Server Edition,I64,U32,512,1,4,1,1000000000,8,No,12,0.043162853,6.597224254560322e-05,0.04315238920847575,7.031740761810982e-05,23173687907.959118,13,0.04311318617600661
pfp_bloom_filter_add_unique_size_u32,0,NVIDIA RTX PRO 6000 Blackwell Server Edition,I64,U32,512,1,4,1,1000000000,16,No,12,0.043216524000000006,6.727573856887948e-05,0.043206234614054366,6.423180431213972e-05,23144807894.80124,13,0.04314820744441106
pfp_bloom_filter_add_unique_size_u32,0,NVIDIA RTX PRO 6000 Blackwell Server Edition,I64,U32,512,1,4,1,1000000000,32,No,12,0.04324729816666667,0.00015056407322315004,0.04323680019378662,0.00014629746927042044,23128446034.813324,13,0.04314615689791167
pfp_bloom_filter_add_unique_size_u32,0,NVIDIA RTX PRO 6000 Blackwell Server Edition,I64,U32,512,1,4,1,1000000000,64,No,12,0.04506169758333333,8.373004836642356e-05,0.04505189609527587,8.04031236934149e-05,22196624041.864902,13,0.04479089238093449
pfp_bloom_filter_add_unique_size_u32,0,NVIDIA RTX PRO 6000 Blackwell Server Edition,I64,U32,512,1,4,1,1000000000,128,No,11,0.12046131609090911,0.0002583952982569972,0.12045074046741831,0.00025878693637163713,8302149045.488832,12,0.1202931620279948
pfp_bloom_filter_add_unique_size_u32,0,NVIDIA RTX PRO 6000 Blackwell Server Edition,I64,U32,512,1,4,1,1000000000,256,No,11,0.18688897727272727,0.00030532752123336326,0.1868777285489169,0.0003017368042801551,5351092437.632241,12,0.18684726333618165
pfp_bloom_filter_add_unique_size_u32,0,NVIDIA RTX PRO 6000 Blackwell Server Edition,I64,U32,512,1,4,1,1000000000,512,No,11,0.21636770481818182,0.0003618913957211057,0.21635627191716972,0.0003602064278440424,4622006060.368992,12,0.216322686513265
pfp_bloom_filter_add_unique_size_u32,0,NVIDIA RTX PRO 6000 Blackwell Server Edition,I64,U32,512,1,4,1,1000000000,1024,No,11,0.23068741263636364,0.0002855628665401228,0.2306763194691051,0.00028691447234852497,4335078703.793571,12,0.23059237798055013
pfp_bloom_filter_add_unique_size_u32,0,NVIDIA RTX PRO 6000 Blackwell Server Edition,I64,U32,512,1,4,1,1000000000,2048,No,11,0.23749974063636364,0.0003950435261868566,0.23748771944913,0.00039603692989133787,4210744043.1849384,12,0.2374296277364095
pfp_bloom_filter_add_unique_size_u32,0,NVIDIA RTX PRO 6000 Blackwell Server Edition,I64,U32,512,1,4,2,1000000000,1,No,12,0.04277717749999999,7.685520498256897e-05,0.042766391754150396,6.125421723451123e-05,23382847113.889423,13,0.0427609748840332
pfp_bloom_filter_add_unique_size_u32,0,NVIDIA RTX PRO 6000 Blackwell Server Edition,I64,U32,512,1,4,2,1000000000,2,No,12,0.04299277725,0.00010593658401435907,0.04298177337646485,9.538558272151107e-05,23265675690.97931,13,0.04297305943415715
pfp_bloom_filter_add_unique_size_u32,0,NVIDIA RTX PRO 6000 Blackwell Server Edition,I64,U32,512,1,4,2,1000000000,4,No,12,0.04310353816666668,0.00011792584382465995,0.0430930856068929,0.00010058501328734029,23205578944.201813,13,0.04307353298480694
pfp_bloom_filter_add_unique_size_u32,0,NVIDIA RTX PRO 6000 Blackwell Server Edition,I64,U32,512,1,4,2,1000000000,8,No,12,0.04317352800000001,6.342087047732024e-05,0.04316305033365885,5.997135297298852e-05,23167964086.639004,13,0.0431244160578801
pfp_bloom_filter_add_unique_size_u32,0,NVIDIA RTX PRO 6000 Blackwell Server Edition,I64,U32,512,1,4,2,1000000000,16,No,12,0.04321130216666668,5.365470944470173e-05,0.043200675646464036,5.0448434442075626e-05,23147786117.596283,13,0.04314359488854041
pfp_bloom_filter_add_unique_size_u32,0,NVIDIA RTX PRO 6000 Blackwell Server Edition,I64,U32,512,1,4,2,1000000000,32,No,12,0.043262216416666666,0.00011225031449695707,0.04325134627024333,0.00012133979217034745,23120667591.519436,13,0.04315797365628756
pfp_bloom_filter_add_unique_size_u32,0,NVIDIA RTX PRO 6000 Blackwell Server Edition,I64,U32,512,1,4,2,1000000000,64,No,12,0.04506678183333334,9.882711412143701e-05,0.04505550034840902,8.837765118559694e-05,22194848404.015373,13,0.044795602358304536
pfp_bloom_filter_add_unique_size_u32,0,NVIDIA RTX PRO 6000 Blackwell Server Edition,I64,U32,512,1,4,2,1000000000,128,No,11,0.1205703731818182,0.00033110948034790474,0.12055925473299894,0.00033516734643631636,8294676358.233031,12,0.12040506935119627
pfp_bloom_filter_add_unique_size_u32,0,NVIDIA RTX PRO 6000 Blackwell Server Edition,I64,U32,512,1,4,2,1000000000,256,No,11,0.1868851491818182,0.0002200777948253342,0.18687355873801492,0.0002197413933360874,5351211839.455242,12,0.18687206268310544
pfp_bloom_filter_add_unique_size_u32,0,NVIDIA RTX PRO 6000 Blackwell Server Edition,I64,U32,512,1,4,2,1000000000,512,No,11,0.21640105299999998,0.0003201867331902202,0.21638970808549363,0.00032125752902054767,4621291875.882142,12,0.21630816904703773
pfp_bloom_filter_add_unique_size_u32,0,NVIDIA RTX PRO 6000 Blackwell Server Edition,I64,U32,512,1,4,2,1000000000,1024,No,11,0.2306830007272727,0.0003857073975338085,0.23067114257812496,0.0003842658285969451,4335175994.809644,12,0.23058896891276046
pfp_bloom_filter_add_unique_size_u32,0,NVIDIA RTX PRO 6000 Blackwell Server Edition,I64,U32,512,1,4,2,1000000000,2048,No,11,0.23775775209090913,0.0006368129113693527,0.23774544039639559,0.0006376816219597013,4206179510.0368233,12,0.2377158838907877
pfp_bloom_filter_add_unique_size_u32,0,NVIDIA RTX PRO 6000 Blackwell Server Edition,I64,U32,512,1,4,4,1000000000,1,No,11,0.08122294118181818,3.945677068245693e-05,0.08121238708496094,3.6465199818230996e-05,12313392524.145887,12,0.08120395660400391
pfp_bloom_filter_add_unique_size_u32,0,NVIDIA RTX PRO 6000 Blackwell Server Edition,I64,U32,512,1,4,4,1000000000,2,No,11,0.08157152372727274,2.0226301641740193e-05,0.08156094845858487,1.65358394616792e-05,12260769631.777657,12,0.08154891522725423
pfp_bloom_filter_add_unique_size_u32,0,NVIDIA RTX PRO 6000 Blackwell Server Edition,I64,U32,512,1,4,4,1000000000,4,No,11,0.0817560520909091,2.4072640066060625e-05,0.08174528087269176,2.2706584871303602e-05,12233122075.357197,12,0.08172942097981771
pfp_bloom_filter_add_unique_size_u32,0,NVIDIA RTX PRO 6000 Blackwell Server Edition,I64,U32,512,1,4,4,1000000000,8,No,11,0.08185483590909091,2.471789322162762e-05,0.08184343511408027,2.0582075225636854e-05,12218450980.290794,12,0.08181498781840006
pfp_bloom_filter_add_unique_size_u32,0,NVIDIA RTX PRO 6000 Blackwell Server Edition,I64,U32,512,1,4,4,1000000000,16,No,11,0.08189716536363637,2.7615540775504704e-05,0.08188655020973899,2.277149458303748e-05,12212017693.24344,12,0.08185265922546386
pfp_bloom_filter_add_unique_size_u32,0,NVIDIA RTX PRO 6000 Blackwell Server Edition,I64,U32,512,1,4,4,1000000000,32,No,11,0.08193958090909093,1.803563156151308e-05,0.08192885242808948,2.7659591935473376e-05,12205712277.951399,12,0.08187770652770997
pfp_bloom_filter_add_unique_size_u32,0,NVIDIA RTX PRO 6000 Blackwell Server Edition,I64,U32,512,1,4,4,1000000000,64,No,11,0.08372951972727273,2.3717765214344326e-05,0.08371869936856358,2.2983715842640823e-05,11944762729.740885,12,0.08362141291300457
pfp_bloom_filter_add_unique_size_u32,0,NVIDIA RTX PRO 6000 Blackwell Server Edition,I64,U32,512,1,4,4,1000000000,128,No,11,0.11374192963636362,0.00011802233307389047,0.1137308807373047,0.00011341903169648709,8792686678.561802,12,0.11361891047159833
pfp_bloom_filter_add_unique_size_u32,0,NVIDIA RTX PRO 6000 Blackwell Server Edition,I64,U32,512,1,4,4,1000000000,256,No,11,0.16185729636363638,8.766881735781198e-05,0.1618455671830611,8.704072677022734e-05,6178729621.114152,12,0.16180964533487954
pfp_bloom_filter_add_unique_size_u32,0,NVIDIA RTX PRO 6000 Blackwell Server Edition,I64,U32,512,1,4,4,1000000000,512,No,11,0.1815027987272727,3.709327564351795e-05,0.18149124700372868,3.583009498515893e-05,5509907593.391848,12,0.18145810699462891
pfp_bloom_filter_add_unique_size_u32,0,NVIDIA RTX PRO 6000 Blackwell Server Edition,I64,U32,512,1,4,4,1000000000,1024,No,11,0.19096351063636366,0.00010631515691497354,0.19095127729936082,0.00010823387025345356,5236937998.755913,12,0.1909245783487956
pfp_bloom_filter_add_unique_size_u32,0,NVIDIA RTX PRO 6000 Blackwell Server Edition,I64,U32,512,1,4,4,1000000000,2048,No,11,0.19554075072727273,5.988075860107614e-05,0.19552912764115768,6.116901478100976e-05,5114327527.892607,12,0.19550308354695642
pfp_bloom_filter_add_unique_size_u32,0,NVIDIA RTX PRO 6000 Blackwell Server Edition,I64,U32,512,1,4,8,1000000000,1,Yes,,,,,,,,
pfp_bloom_filter_add_unique_size_u32,0,NVIDIA RTX PRO 6000 Blackwell Server Edition,I64,U32,512,1,4,8,1000000000,2,Yes,,,,,,,,
pfp_bloom_filter_add_unique_size_u32,0,NVIDIA RTX PRO 6000 Blackwell Server Edition,I64,U32,512,1,4,8,1000000000,4,Yes,,,,,,,,
pfp_bloom_filter_add_unique_size_u32,0,NVIDIA RTX PRO 6000 Blackwell Server Edition,I64,U32,512,1,4,8,1000000000,8,Yes,,,,,,,,
pfp_bloom_filter_add_unique_size_u32,0,NVIDIA RTX PRO 6000 Blackwell Server Edition,I64,U32,512,1,4,8,1000000000,16,Yes,,,,,,,,
pfp_bloom_filter_add_unique_size_u32,0,NVIDIA RTX PRO 6000 Blackwell Server Edition,I64,U32,512,1,4,8,1000000000,32,Yes,,,,,,,,
pfp_bloom_filter_add_unique_size_u32,0,NVIDIA RTX PRO 6000 Blackwell Server Edition,I64,U32,512,1,4,8,1000000000,64,Yes,,,,,,,,
pfp_bloom_filter_add_unique_size_u32,0,NVIDIA RTX PRO 6000 Blackwell Server Edition,I64,U32,512,1,4,8,1000000000,128,Yes,,,,,,,,
pfp_bloom_filter_add_unique_size_u32,0,NVIDIA RTX PRO 6000 Blackwell Server Edition,I64,U32,512,1,4,8,1000000000,256,Yes,,,,,,,,
pfp_bloom_filter_add_unique_size_u32,0,NVIDIA RTX PRO 6000 Blackwell Server Edition,I64,U32,512,1,4,8,1000000000,512,Yes,,,,,,,,
pfp_bloom_filter_add_unique_size_u32,0,NVIDIA RTX PRO 6000 Blackwell Server Edition,I64,U32,512,1,4,8,1000000000,1024,Yes,,,,,,,,
pfp_bloom_filter_add_unique_size_u32,0,NVIDIA RTX PRO 6000 Blackwell Server Edition,I64,U32,512,1,4,8,1000000000,2048,Yes,,,,,,,,
pfp_bloom_filter_add_unique_size_u32,0,NVIDIA RTX PRO 6000 Blackwell Server Edition,I64,U32,512,1,8,1,1000000000,1,No,17,0.030207316470588243,3.876699965226805e-05,0.030197061538696293,3.960555174907915e-05,33115804950.708237,18,0.030189792633056642
pfp_bloom_filter_add_unique_size_u32,0,NVIDIA RTX PRO 6000 Blackwell Server Edition,I64,U32,512,1,8,1,1000000000,2,No,17,0.03021079417647059,5.9067457164209255e-05,0.03020033320258646,5.0338487248330304e-05,33112217447.79811,18,0.030190075980292424
pfp_bloom_filter_add_unique_size_u32,0,NVIDIA RTX PRO 6000 Blackwell Server Edition,I64,U32,512,1,8,1,1000000000,4,No,17,0.03021811429411764,4.346390987566448e-05,0.030208084667430204,4.795184205775665e-05,33103720775.722713,18,0.030193549368116593
pfp_bloom_filter_add_unique_size_u32,0,NVIDIA RTX PRO 6000 Blackwell Server Edition,I64,U32,512,1,8,1,1000000000,8,No,17,0.03023057488235295,5.660344391032854e-05,0.030219913482666016,3.948174129935088e-05,33090763167.59129,18,0.03019161574045817
pfp_bloom_filter_add_unique_size_u32,0,NVIDIA RTX PRO 6000 Blackwell Server Edition,I64,U32,512,1,8,1,1000000000,16,No,17,0.03024455005882353,4.258973444180954e-05,0.030233963237089267,4.4045278898504466e-05,33075385855.24435,18,0.030191809442308218
pfp_bloom_filter_add_unique_size_u32,0,NVIDIA RTX PRO 6000 Blackwell Server Edition,I64,U32,512,1,8,1,1000000000,32,No,17,0.030268001764705878,3.5290605347822287e-05,0.030258399963378906,3.538571410108051e-05,33048674127.193726,18,0.030191326459248862
pfp_bloom_filter_add_unique_size_u32,0,NVIDIA RTX PRO 6000 Blackwell Server Edition,I64,U32,512,1,8,1,1000000000,64,No,17,0.030425219823529408,8.256094882882208e-05,0.030414960749009075,6.607248003412787e-05,32878556321.417583,18,0.030211069636874723
pfp_bloom_filter_add_unique_size_u32,0,NVIDIA RTX PRO 6000 Blackwell Server Edition,I64,U32,512,1,8,1,1000000000,128,No,11,0.09229619109090909,0.0003371713648198923,0.09228473802046343,0.0003353643505023294,10836027944.06002,12,0.09216852951049805
pfp_bloom_filter_add_unique_size_u32,0,NVIDIA RTX PRO 6000 Blackwell Server Edition,I64,U32,512,1,8,1,1000000000,256,No,11,0.1497882343636364,0.00037796796837501667,0.14977696921608666,0.00037499154865403196,6676593906.485563,12,0.14971067937215168
pfp_bloom_filter_add_unique_size_u32,0,NVIDIA RTX PRO 6000 Blackwell Server Edition,I64,U32,512,1,8,1,1000000000,512,No,11,0.17575842100000003,0.00033597596758441897,0.17574642944335936,0.0003316470383875203,5690016025.743989,12,0.17571933619181312
pfp_bloom_filter_add_unique_size_u32,0,NVIDIA RTX PRO 6000 Blackwell Server Edition,I64,U32,512,1,8,1,1000000000,1024,No,11,0.1879588758181818,0.0003440728333766713,0.18794806601784445,0.0003410031823180424,5320618728.287721,12,0.18793237813313804
pfp_bloom_filter_add_unique_size_u32,0,NVIDIA RTX PRO 6000 Blackwell Server Edition,I64,U32,512,1,8,1,1000000000,2048,No,11,0.19391151872727275,0.00019619292996140357,0.1938993571888317,0.0001964914472981253,5157314673.437187,12,0.1938673489888509
pfp_bloom_filter_add_unique_size_u32,0,NVIDIA RTX PRO 6000 Blackwell Server Edition,I64,U32,512,1,8,2,1000000000,1,No,13,0.04085087346153847,6.0106208807822334e-05,0.04084048726008489,5.640365025712636e-05,24485506101.621407,14,0.04083346067156111
pfp_bloom_filter_add_unique_size_u32,0,NVIDIA RTX PRO 6000 Blackwell Server Edition,I64,U32,512,1,8,2,1000000000,2,No,13,0.04103537569230769,4.16154765988528e-05,0.04102429023155799,4.4258220156044825e-05,24375802588.066437,14,0.04101580401829311
pfp_bloom_filter_add_unique_size_u32,0,NVIDIA RTX PRO 6000 Blackwell Server Edition,I64,U32,512,1,8,2,1000000000,4,No,13,0.041132604923076924,4.130358502833065e-05,0.04112208703848032,4.182576798407157e-05,24317831900.5123,14,0.04110540499005999
pfp_bloom_filter_add_unique_size_u32,0,NVIDIA RTX PRO 6000 Blackwell Server Edition,I64,U32,512,1,8,2,1000000000,8,No,13,0.04118562030769231,5.8204402903134386e-05,0.041174757150503304,4.693851694366905e-05,24286724906.348995,14,0.0411466554914202
pfp_bloom_filter_add_unique_size_u32,0,NVIDIA RTX PRO 6000 Blackwell Server Edition,I64,U32,512,1,8,2,1000000000,16,No,13,0.041213197,5.218588212796743e-05,0.04120249352088341,4.560223162998515e-05,24270375759.980442,14,0.04116325732639858
pfp_bloom_filter_add_unique_size_u32,0,NVIDIA RTX PRO 6000 Blackwell Server Edition,I64,U32,512,1,8,2,1000000000,32,No,13,0.04124370953846154,3.909385770123257e-05,0.04123324761023888,4.5352471600663715e-05,24252273540.337963,14,0.0411758395603725
pfp_bloom_filter_add_unique_size_u32,0,NVIDIA RTX PRO 6000 Blackwell Server Edition,I64,U32,512,1,8,2,1000000000,64,No,12,0.04304046725,6.670611373065606e-05,0.04302957280476888,5.105955286310511e-05,23239831000.348022,13,0.04290630340576171
pfp_bloom_filter_add_unique_size_u32,0,NVIDIA RTX PRO 6000 Blackwell Server Edition,I64,U32,512,1,8,2,1000000000,128,No,11,0.09331213772727272,8.943938787751178e-05,0.09330089777166194,8.922133872223789e-05,10718010478.820148,12,0.09321300188700359
pfp_bloom_filter_add_unique_size_u32,0,NVIDIA RTX PRO 6000 Blackwell Server Edition,I64,U32,512,1,8,2,1000000000,256,No,11,0.140388744,0.00041879523966011724,0.14037672008167612,0.0004159593108597935,7123688311.125696,12,0.1403182907104492
pfp_bloom_filter_add_unique_size_u32,0,NVIDIA RTX PRO 6000 Blackwell Server Edition,I64,U32,512,1,8,2,1000000000,512,No,11,0.16647227245454546,0.0001323151852080025,0.16646138416637077,0.0001292509562411039,6007399283.671367,12,0.16645811208089192
pfp_bloom_filter_add_unique_size_u32,0,NVIDIA RTX PRO 6000 Blackwell Server Edition,I64,U32,512,1,8,2,1000000000,1024,No,11,0.17864914754545455,0.0003481827020158171,0.17863803932883524,0.00034803887383882346,5597911865.564138,12,0.1786387659708659
pfp_bloom_filter_add_unique_size_u32,0,NVIDIA RTX PRO 6000 Blackwell Server Edition,I64,U32,512,1,8,2,1000000000,2048,No,11,0.18463026600000002,0.000323233631034108,0.18461755648526282,0.0003222016008268982,5416602944.150793,12,0.18459119033813476
pfp_bloom_filter_add_unique_size_u32,0,NVIDIA RTX PRO 6000 Blackwell Server Edition,I64,U32,512,1,8,4,1000000000,1,Yes,,,,,,,,
pfp_bloom_filter_add_unique_size_u32,0,NVIDIA RTX PRO 6000 Blackwell Server Edition,I64,U32,512,1,8,4,1000000000,2,Yes,,,,,,,,
pfp_bloom_filter_add_unique_size_u32,0,NVIDIA RTX PRO 6000 Blackwell Server Edition,I64,U32,512,1,8,4,1000000000,4,Yes,,,,,,,,
pfp_bloom_filter_add_unique_size_u32,0,NVIDIA RTX PRO 6000 Blackwell Server Edition,I64,U32,512,1,8,4,1000000000,8,Yes,,,,,,,,
pfp_bloom_filter_add_unique_size_u32,0,NVIDIA RTX PRO 6000 Blackwell Server Edition,I64,U32,512,1,8,4,1000000000,16,Yes,,,,,,,,
pfp_bloom_filter_add_unique_size_u32,0,NVIDIA RTX PRO 6000 Blackwell Server Edition,I64,U32,512,1,8,4,1000000000,32,Yes,,,,,,,,
pfp_bloom_filter_add_unique_size_u32,0,NVIDIA RTX PRO 6000 Blackwell Server Edition,I64,U32,512,1,8,4,1000000000,64,Yes,,,,,,,,
pfp_bloom_filter_add_unique_size_u32,0,NVIDIA RTX PRO 6000 Blackwell Server Edition,I64,U32,512,1,8,4,1000000000,128,Yes,,,,,,,,
pfp_bloom_filter_add_unique_size_u32,0,NVIDIA RTX PRO 6000 Blackwell Server Edition,I64,U32,512,1,8,4,1000000000,256,Yes,,,,,,,,
pfp_bloom_filter_add_unique_size_u32,0,NVIDIA RTX PRO 6000 Blackwell Server Edition,I64,U32,512,1,8,4,1000000000,512,Yes,,,,,,,,
pfp_bloom_filter_add_unique_size_u32,0,NVIDIA RTX PRO 6000 Blackwell Server Edition,I64,U32,512,1,8,4,1000000000,1024,Yes,,,,,,,,
pfp_bloom_filter_add_unique_size_u32,0,NVIDIA RTX PRO 6000 Blackwell Server Edition,I64,U32,512,1,8,4,1000000000,2048,Yes,,,,,,,,
pfp_bloom_filter_add_unique_size_u32,0,NVIDIA RTX PRO 6000 Blackwell Server Edition,I64,U32,512,1,8,8,1000000000,1,Yes,,,,,,,,
pfp_bloom_filter_add_unique_size_u32,0,NVIDIA RTX PRO 6000 Blackwell Server Edition,I64,U32,512,1,8,8,1000000000,2,Yes,,,,,,,,
pfp_bloom_filter_add_unique_size_u32,0,NVIDIA RTX PRO 6000 Blackwell Server Edition,I64,U32,512,1,8,8,1000000000,4,Yes,,,,,,,,
pfp_bloom_filter_add_unique_size_u32,0,NVIDIA RTX PRO 6000 Blackwell Server Edition,I64,U32,512,1,8,8,1000000000,8,Yes,,,,,,,,
pfp_bloom_filter_add_unique_size_u32,0,NVIDIA RTX PRO 6000 Blackwell Server Edition,I64,U32,512,1,8,8,1000000000,16,Yes,,,,,,,,
pfp_bloom_filter_add_unique_size_u32,0,NVIDIA RTX PRO 6000 Blackwell Server Edition,I64,U32,512,1,8,8,1000000000,32,Yes,,,,,,,,
pfp_bloom_filter_add_unique_size_u32,0,NVIDIA RTX PRO 6000 Blackwell Server Edition,I64,U32,512,1,8,8,1000000000,64,Yes,,,,,,,,
pfp_bloom_filter_add_unique_size_u32,0,NVIDIA RTX PRO 6000 Blackwell Server Edition,I64,U32,512,1,8,8,1000000000,128,Yes,,,,,,,,
pfp_bloom_filter_add_unique_size_u32,0,NVIDIA RTX PRO 6000 Blackwell Server Edition,I64,U32,512,1,8,8,1000000000,256,Yes,,,,,,,,
pfp_bloom_filter_add_unique_size_u32,0,NVIDIA RTX PRO 6000 Blackwell Server Edition,I64,U32,512,1,8,8,1000000000,512,Yes,,,,,,,,
pfp_bloom_filter_add_unique_size_u32,0,NVIDIA RTX PRO 6000 Blackwell Server Edition,I64,U32,512,1,8,8,1000000000,1024,Yes,,,,,,,,
pfp_bloom_filter_add_unique_size_u32,0,NVIDIA RTX PRO 6000 Blackwell Server Edition,I64,U32,512,1,8,8,1000000000,2048,Yes,,,,,,,,
pfp_bloom_filter_add_unique_size_u32,0,NVIDIA RTX PRO 6000 Blackwell Server Edition,I64,U32,512,20,1,1,1000000000,1,Yes,,,,,,,,
pfp_bloom_filter_add_unique_size_u32,0,NVIDIA RTX PRO 6000 Blackwell Server Edition,I64,U32,512,20,1,1,1000000000,2,Yes,,,,,,,,
pfp_bloom_filter_add_unique_size_u32,0,NVIDIA RTX PRO 6000 Blackwell Server Edition,I64,U32,512,20,1,1,1000000000,4,Yes,,,,,,,,
pfp_bloom_filter_add_unique_size_u32,0,NVIDIA RTX PRO 6000 Blackwell Server Edition,I64,U32,512,20,1,1,1000000000,8,Yes,,,,,,,,
pfp_bloom_filter_add_unique_size_u32,0,NVIDIA RTX PRO 6000 Blackwell Server Edition,I64,U32,512,20,1,1,1000000000,16,Yes,,,,,,,,
pfp_bloom_filter_add_unique_size_u32,0,NVIDIA RTX PRO 6000 Blackwell Server Edition,I64,U32,512,20,1,1,1000000000,32,Yes,,,,,,,,
pfp_bloom_filter_add_unique_size_u32,0,NVIDIA RTX PRO 6000 Blackwell Server Edition,I64,U32,512,20,1,1,1000000000,64,Yes,,,,,,,,
pfp_bloom_filter_add_unique_size_u32,0,NVIDIA RTX PRO 6000 Blackwell Server Edition,I64,U32,512,20,1,1,1000000000,128,Yes,,,,,,,,
pfp_bloom_filter_add_unique_size_u32,0,NVIDIA RTX PRO 6000 Blackwell Server Edition,I64,U32,512,20,1,1,1000000000,256,Yes,,,,,,,,
pfp_bloom_filter_add_unique_size_u32,0,NVIDIA RTX PRO 6000 Blackwell Server Edition,I64,U32,512,20,1,1,1000000000,512,Yes,,,,,,,,
pfp_bloom_filter_add_unique_size_u32,0,NVIDIA RTX PRO 6000 Blackwell Server Edition,I64,U32,512,20,1,1,1000000000,1024,Yes,,,,,,,,
pfp_bloom_filter_add_unique_size_u32,0,NVIDIA RTX PRO 6000 Blackwell Server Edition,I64,U32,512,20,1,1,1000000000,2048,Yes,,,,,,,,
pfp_bloom_filter_add_unique_size_u32,0,NVIDIA RTX PRO 6000 Blackwell Server Edition,I64,U32,512,20,1,2,1000000000,1,Yes,,,,,,,,
pfp_bloom_filter_add_unique_size_u32,0,NVIDIA RTX PRO 6000 Blackwell Server Edition,I64,U32,512,20,1,2,1000000000,2,Yes,,,,,,,,
pfp_bloom_filter_add_unique_size_u32,0,NVIDIA RTX PRO 6000 Blackwell Server Edition,I64,U32,512,20,1,2,1000000000,4,Yes,,,,,,,,
pfp_bloom_filter_add_unique_size_u32,0,NVIDIA RTX PRO 6000 Blackwell Server Edition,I64,U32,512,20,1,2,1000000000,8,Yes,,,,,,,,
pfp_bloom_filter_add_unique_size_u32,0,NVIDIA RTX PRO 6000 Blackwell Server Edition,I64,U32,512,20,1,2,1000000000,16,Yes,,,,,,,,
pfp_bloom_filter_add_unique_size_u32,0,NVIDIA RTX PRO 6000 Blackwell Server Edition,I64,U32,512,20,1,2,1000000000,32,Yes,,,,,,,,
pfp_bloom_filter_add_unique_size_u32,0,NVIDIA RTX PRO 6000 Blackwell Server Edition,I64,U32,512,20,1,2,1000000000,64,Yes,,,,,,,,
pfp_bloom_filter_add_unique_size_u32,0,NVIDIA RTX PRO 6000 Blackwell Server Edition,I64,U32,512,20,1,2,1000000000,128,Yes,,,,,,,,
pfp_bloom_filter_add_unique_size_u32,0,NVIDIA RTX PRO 6000 Blackwell Server Edition,I64,U32,512,20,1,2,1000000000,256,Yes,,,,,,,,
pfp_bloom_filter_add_unique_size_u32,0,NVIDIA RTX PRO 6000 Blackwell Server Edition,I64,U32,512,20,1,2,1000000000,512,Yes,,,,,,,,
pfp_bloom_filter_add_unique_size_u32,0,NVIDIA RTX PRO 6000 Blackwell Server Edition,I64,U32,512,20,1,2,1000000000,1024,Yes,,,,,,,,
pfp_bloom_filter_add_unique_size_u32,0,NVIDIA RTX PRO 6000 Blackwell Server Edition,I64,U32,512,20,1,2,1000000000,2048,Yes,,,,,,,,
pfp_bloom_filter_add_unique_size_u32,0,NVIDIA RTX PRO 6000 Blackwell Server Edition,I64,U32,512,20,1,4,1000000000,1,Yes,,,,,,,,
pfp_bloom_filter_add_unique_size_u32,0,NVIDIA RTX PRO 6000 Blackwell Server Edition,I64,U32,512,20,1,4,1000000000,2,Yes,,,,,,,,
pfp_bloom_filter_add_unique_size_u32,0,NVIDIA RTX PRO 6000 Blackwell Server Edition,I64,U32,512,20,1,4,1000000000,4,Yes,,,,,,,,
pfp_bloom_filter_add_unique_size_u32,0,NVIDIA RTX PRO 6000 Blackwell Server Edition,I64,U32,512,20,1,4,1000000000,8,Yes,,,,,,,,
pfp_bloom_filter_add_unique_size_u32,0,NVIDIA RTX PRO 6000 Blackwell Server Edition,I64,U32,512,20,1,4,1000000000,16,Yes,,,,,,,,
pfp_bloom_filter_add_unique_size_u32,0,NVIDIA RTX PRO 6000 Blackwell Server Edition,I64,U32,512,20,1,4,1000000000,32,Yes,,,,,,,,
pfp_bloom_filter_add_unique_size_u32,0,NVIDIA RTX PRO 6000 Blackwell Server Edition,I64,U32,512,20,1,4,1000000000,64,Yes,,,,,,,,
pfp_bloom_filter_add_unique_size_u32,0,NVIDIA RTX PRO 6000 Blackwell Server Edition,I64,U32,512,20,1,4,1000000000,128,Yes,,,,,,,,
pfp_bloom_filter_add_unique_size_u32,0,NVIDIA RTX PRO 6000 Blackwell Server Edition,I64,U32,512,20,1,4,1000000000,256,Yes,,,,,,,,
pfp_bloom_filter_add_unique_size_u32,0,NVIDIA RTX PRO 6000 Blackwell Server Edition,I64,U32,512,20,1,4,1000000000,512,Yes,,,,,,,,
pfp_bloom_filter_add_unique_size_u32,0,NVIDIA RTX PRO 6000 Blackwell Server Edition,I64,U32,512,20,1,4,1000000000,1024,Yes,,,,,,,,
pfp_bloom_filter_add_unique_size_u32,0,NVIDIA RTX PRO 6000 Blackwell Server Edition,I64,U32,512,20,1,4,1000000000,2048,Yes,,,,,,,,
pfp_bloom_filter_add_unique_size_u32,0,NVIDIA RTX PRO 6000 Blackwell Server Edition,I64,U32,512,20,1,8,1000000000,1,Yes,,,,,,,,
pfp_bloom_filter_add_unique_size_u32,0,NVIDIA RTX PRO 6000 Blackwell Server Edition,I64,U32,512,20,1,8,1000000000,2,Yes,,,,,,,,
pfp_bloom_filter_add_unique_size_u32,0,NVIDIA RTX PRO 6000 Blackwell Server Edition,I64,U32,512,20,1,8,1000000000,4,Yes,,,,,,,,
pfp_bloom_filter_add_unique_size_u32,0,NVIDIA RTX PRO 6000 Blackwell Server Edition,I64,U32,512,20,1,8,1000000000,8,Yes,,,,,,,,
pfp_bloom_filter_add_unique_size_u32,0,NVIDIA RTX PRO 6000 Blackwell Server Edition,I64,U32,512,20,1,8,1000000000,16,Yes,,,,,,,,
pfp_bloom_filter_add_unique_size_u32,0,NVIDIA RTX PRO 6000 Blackwell Server Edition,I64,U32,512,20,1,8,1000000000,32,Yes,,,,,,,,
pfp_bloom_filter_add_unique_size_u32,0,NVIDIA RTX PRO 6000 Blackwell Server Edition,I64,U32,512,20,1,8,1000000000,64,Yes,,,,,,,,
pfp_bloom_filter_add_unique_size_u32,0,NVIDIA RTX PRO 6000 Blackwell Server Edition,I64,U32,512,20,1,8,1000000000,128,Yes,,,,,,,,
pfp_bloom_filter_add_unique_size_u32,0,NVIDIA RTX PRO 6000 Blackwell Server Edition,I64,U32,512,20,1,8,1000000000,256,Yes,,,,,,,,
pfp_bloom_filter_add_unique_size_u32,0,NVIDIA RTX PRO 6000 Blackwell Server Edition,I64,U32,512,20,1,8,1000000000,512,Yes,,,,,,,,
pfp_bloom_filter_add_unique_size_u32,0,NVIDIA RTX PRO 6000 Blackwell Server Edition,I64,U32,512,20,1,8,1000000000,1024,Yes,,,,,,,,
pfp_bloom_filter_add_unique_size_u32,0,NVIDIA RTX PRO 6000 Blackwell Server Edition,I64,U32,512,20,1,8,1000000000,2048,Yes,,,,,,,,
pfp_bloom_filter_add_unique_size_u32,0,NVIDIA RTX PRO 6000 Blackwell Server Edition,I64,U32,512,20,2,1,1000000000,1,Yes,,,,,,,,
pfp_bloom_filter_add_unique_size_u32,0,NVIDIA RTX PRO 6000 Blackwell Server Edition,I64,U32,512,20,2,1,1000000000,2,Yes,,,,,,,,
pfp_bloom_filter_add_unique_size_u32,0,NVIDIA RTX PRO 6000 Blackwell Server Edition,I64,U32,512,20,2,1,1000000000,4,Yes,,,,,,,,
pfp_bloom_filter_add_unique_size_u32,0,NVIDIA RTX PRO 6000 Blackwell Server Edition,I64,U32,512,20,2,1,1000000000,8,Yes,,,,,,,,
pfp_bloom_filter_add_unique_size_u32,0,NVIDIA RTX PRO 6000 Blackwell Server Edition,I64,U32,512,20,2,1,1000000000,16,Yes,,,,,,,,
pfp_bloom_filter_add_unique_size_u32,0,NVIDIA RTX PRO 6000 Blackwell Server Edition,I64,U32,512,20,2,1,1000000000,32,Yes,,,,,,,,
pfp_bloom_filter_add_unique_size_u32,0,NVIDIA RTX PRO 6000 Blackwell Server Edition,I64,U32,512,20,2,1,1000000000,64,Yes,,,,,,,,
pfp_bloom_filter_add_unique_size_u32,0,NVIDIA RTX PRO 6000 Blackwell Server Edition,I64,U32,512,20,2,1,1000000000,128,Yes,,,,,,,,
pfp_bloom_filter_add_unique_size_u32,0,NVIDIA RTX PRO 6000 Blackwell Server Edition,I64,U32,512,20,2,1,1000000000,256,Yes,,,,,,,,
pfp_bloom_filter_add_unique_size_u32,0,NVIDIA RTX PRO 6000 Blackwell Server Edition,I64,U32,512,20,2,1,1000000000,512,Yes,,,,,,,,
pfp_bloom_filter_add_unique_size_u32,0,NVIDIA RTX PRO 6000 Blackwell Server Edition,I64,U32,512,20,2,1,1000000000,1024,Yes,,,,,,,,
pfp_bloom_filter_add_unique_size_u32,0,NVIDIA RTX PRO 6000 Blackwell Server Edition,I64,U32,512,20,2,1,1000000000,2048,Yes,,,,,,,,
pfp_bloom_filter_add_unique_size_u32,0,NVIDIA RTX PRO 6000 Blackwell Server Edition,I64,U32,512,20,2,2,1000000000,1,Yes,,,,,,,,
pfp_bloom_filter_add_unique_size_u32,0,NVIDIA RTX PRO 6000 Blackwell Server Edition,I64,U32,512,20,2,2,1000000000,2,Yes,,,,,,,,
pfp_bloom_filter_add_unique_size_u32,0,NVIDIA RTX PRO 6000 Blackwell Server Edition,I64,U32,512,20,2,2,1000000000,4,Yes,,,,,,,,
pfp_bloom_filter_add_unique_size_u32,0,NVIDIA RTX PRO 6000 Blackwell Server Edition,I64,U32,512,20,2,2,1000000000,8,Yes,,,,,,,,
pfp_bloom_filter_add_unique_size_u32,0,NVIDIA RTX PRO 6000 Blackwell Server Edition,I64,U32,512,20,2,2,1000000000,16,Yes,,,,,,,,
pfp_bloom_filter_add_unique_size_u32,0,NVIDIA RTX PRO 6000 Blackwell Server Edition,I64,U32,512,20,2,2,1000000000,32,Yes,,,,,,,,
pfp_bloom_filter_add_unique_size_u32,0,NVIDIA RTX PRO 6000 Blackwell Server Edition,I64,U32,512,20,2,2,1000000000,64,Yes,,,,,,,,
pfp_bloom_filter_add_unique_size_u32,0,NVIDIA RTX PRO 6000 Blackwell Server Edition,I64,U32,512,20,2,2,1000000000,128,Yes,,,,,,,,
pfp_bloom_filter_add_unique_size_u32,0,NVIDIA RTX PRO 6000 Blackwell Server Edition,I64,U32,512,20,2,2,1000000000,256,Yes,,,,,,,,
pfp_bloom_filter_add_unique_size_u32,0,NVIDIA RTX PRO 6000 Blackwell Server Edition,I64,U32,512,20,2,2,1000000000,512,Yes,,,,,,,,
pfp_bloom_filter_add_unique_size_u32,0,NVIDIA RTX PRO 6000 Blackwell Server Edition,I64,U32,512,20,2,2,1000000000,1024,Yes,,,,,,,,
pfp_bloom_filter_add_unique_size_u32,0,NVIDIA RTX PRO 6000 Blackwell Server Edition,I64,U32,512,20,2,2,1000000000,2048,Yes,,,,,,,,
pfp_bloom_filter_add_unique_size_u32,0,NVIDIA RTX PRO 6000 Blackwell Server Edition,I64,U32,512,20,2,4,1000000000,1,Yes,,,,,,,,
pfp_bloom_filter_add_unique_size_u32,0,NVIDIA RTX PRO 6000 Blackwell Server Edition,I64,U32,512,20,2,4,1000000000,2,Yes,,,,,,,,
pfp_bloom_filter_add_unique_size_u32,0,NVIDIA RTX PRO 6000 Blackwell Server Edition,I64,U32,512,20,2,4,1000000000,4,Yes,,,,,,,,
pfp_bloom_filter_add_unique_size_u32,0,NVIDIA RTX PRO 6000 Blackwell Server Edition,I64,U32,512,20,2,4,1000000000,8,Yes,,,,,,,,
pfp_bloom_filter_add_unique_size_u32,0,NVIDIA RTX PRO 6000 Blackwell Server Edition,I64,U32,512,20,2,4,1000000000,16,Yes,,,,,,,,
pfp_bloom_filter_add_unique_size_u32,0,NVIDIA RTX PRO 6000 Blackwell Server Edition,I64,U32,512,20,2,4,1000000000,32,Yes,,,,,,,,
pfp_bloom_filter_add_unique_size_u32,0,NVIDIA RTX PRO 6000 Blackwell Server Edition,I64,U32,512,20,2,4,1000000000,64,Yes,,,,,,,,
pfp_bloom_filter_add_unique_size_u32,0,NVIDIA RTX PRO 6000 Blackwell Server Edition,I64,U32,512,20,2,4,1000000000,128,Yes,,,,,,,,
pfp_bloom_filter_add_unique_size_u32,0,NVIDIA RTX PRO 6000 Blackwell Server Edition,I64,U32,512,20,2,4,1000000000,256,Yes,,,,,,,,
pfp_bloom_filter_add_unique_size_u32,0,NVIDIA RTX PRO 6000 Blackwell Server Edition,I64,U32,512,20,2,4,1000000000,512,Yes,,,,,,,,
pfp_bloom_filter_add_unique_size_u32,0,NVIDIA RTX PRO 6000 Blackwell Server Edition,I64,U32,512,20,2,4,1000000000,1024,Yes,,,,,,,,
pfp_bloom_filter_add_unique_size_u32,0,NVIDIA RTX PRO 6000 Blackwell Server Edition,I64,U32,512,20,2,4,1000000000,2048,Yes,,,,,,,,
pfp_bloom_filter_add_unique_size_u32,0,NVIDIA RTX PRO 6000 Blackwell Server Edition,I64,U32,512,20,2,8,1000000000,1,Yes,,,,,,,,
pfp_bloom_filter_add_unique_size_u32,0,NVIDIA RTX PRO 6000 Blackwell Server Edition,I64,U32,512,20,2,8,1000000000,2,Yes,,,,,,,,
pfp_bloom_filter_add_unique_size_u32,0,NVIDIA RTX PRO 6000 Blackwell Server Edition,I64,U32,512,20,2,8,1000000000,4,Yes,,,,,,,,
pfp_bloom_filter_add_unique_size_u32,0,NVIDIA RTX PRO 6000 Blackwell Server Edition,I64,U32,512,20,2,8,1000000000,8,Yes,,,,,,,,
pfp_bloom_filter_add_unique_size_u32,0,NVIDIA RTX PRO 6000 Blackwell Server Edition,I64,U32,512,20,2,8,1000000000,16,Yes,,,,,,,,
pfp_bloom_filter_add_unique_size_u32,0,NVIDIA RTX PRO 6000 Blackwell Server Edition,I64,U32,512,20,2,8,1000000000,32,Yes,,,,,,,,
pfp_bloom_filter_add_unique_size_u32,0,NVIDIA RTX PRO 6000 Blackwell Server Edition,I64,U32,512,20,2,8,1000000000,64,Yes,,,,,,,,
pfp_bloom_filter_add_unique_size_u32,0,NVIDIA RTX PRO 6000 Blackwell Server Edition,I64,U32,512,20,2,8,1000000000,128,Yes,,,,,,,,
pfp_bloom_filter_add_unique_size_u32,0,NVIDIA RTX PRO 6000 Blackwell Server Edition,I64,U32,512,20,2,8,1000000000,256,Yes,,,,,,,,
pfp_bloom_filter_add_unique_size_u32,0,NVIDIA RTX PRO 6000 Blackwell Server Edition,I64,U32,512,20,2,8,1000000000,512,Yes,,,,,,,,
pfp_bloom_filter_add_unique_size_u32,0,NVIDIA RTX PRO 6000 Blackwell Server Edition,I64,U32,512,20,2,8,1000000000,1024,Yes,,,,,,,,
pfp_bloom_filter_add_unique_size_u32,0,NVIDIA RTX PRO 6000 Blackwell Server Edition,I64,U32,512,20,2,8,1000000000,2048,Yes,,,,,,,,
pfp_bloom_filter_add_unique_size_u32,0,NVIDIA RTX PRO 6000 Blackwell Server Edition,I64,U32,512,20,4,1,1000000000,1,Yes,,,,,,,,
pfp_bloom_filter_add_unique_size_u32,0,NVIDIA RTX PRO 6000 Blackwell Server Edition,I64,U32,512,20,4,1,1000000000,2,Yes,,,,,,,,
pfp_bloom_filter_add_unique_size_u32,0,NVIDIA RTX PRO 6000 Blackwell Server Edition,I64,U32,512,20,4,1,1000000000,4,Yes,,,,,,,,
pfp_bloom_filter_add_unique_size_u32,0,NVIDIA RTX PRO 6000 Blackwell Server Edition,I64,U32,512,20,4,1,1000000000,8,Yes,,,,,,,,
pfp_bloom_filter_add_unique_size_u32,0,NVIDIA RTX PRO 6000 Blackwell Server Edition,I64,U32,512,20,4,1,1000000000,16,Yes,,,,,,,,
pfp_bloom_filter_add_unique_size_u32,0,NVIDIA RTX PRO 6000 Blackwell Server Edition,I64,U32,512,20,4,1,1000000000,32,Yes,,,,,,,,
pfp_bloom_filter_add_unique_size_u32,0,NVIDIA RTX PRO 6000 Blackwell Server Edition,I64,U32,512,20,4,1,1000000000,64,Yes,,,,,,,,
pfp_bloom_filter_add_unique_size_u32,0,NVIDIA RTX PRO 6000 Blackwell Server Edition,I64,U32,512,20,4,1,1000000000,128,Yes,,,,,,,,
pfp_bloom_filter_add_unique_size_u32,0,NVIDIA RTX PRO 6000 Blackwell Server Edition,I64,U32,512,20,4,1,1000000000,256,Yes,,,,,,,,
pfp_bloom_filter_add_unique_size_u32,0,NVIDIA RTX PRO 6000 Blackwell Server Edition,I64,U32,512,20,4,1,1000000000,512,Yes,,,,,,,,
pfp_bloom_filter_add_unique_size_u32,0,NVIDIA RTX PRO 6000 Blackwell Server Edition,I64,U32,512,20,4,1,1000000000,1024,Yes,,,,,,,,
pfp_bloom_filter_add_unique_size_u32,0,NVIDIA RTX PRO 6000 Blackwell Server Edition,I64,U32,512,20,4,1,1000000000,2048,Yes,,,,,,,,
pfp_bloom_filter_add_unique_size_u32,0,NVIDIA RTX PRO 6000 Blackwell Server Edition,I64,U32,512,20,4,2,1000000000,1,Yes,,,,,,,,
pfp_bloom_filter_add_unique_size_u32,0,NVIDIA RTX PRO 6000 Blackwell Server Edition,I64,U32,512,20,4,2,1000000000,2,Yes,,,,,,,,
pfp_bloom_filter_add_unique_size_u32,0,NVIDIA RTX PRO 6000 Blackwell Server Edition,I64,U32,512,20,4,2,1000000000,4,Yes,,,,,,,,
pfp_bloom_filter_add_unique_size_u32,0,NVIDIA RTX PRO 6000 Blackwell Server Edition,I64,U32,512,20,4,2,1000000000,8,Yes,,,,,,,,
pfp_bloom_filter_add_unique_size_u32,0,NVIDIA RTX PRO 6000 Blackwell Server Edition,I64,U32,512,20,4,2,1000000000,16,Yes,,,,,,,,
pfp_bloom_filter_add_unique_size_u32,0,NVIDIA RTX PRO 6000 Blackwell Server Edition,I64,U32,512,20,4,2,1000000000,32,Yes,,,,,,,,
pfp_bloom_filter_add_unique_size_u32,0,NVIDIA RTX PRO 6000 Blackwell Server Edition,I64,U32,512,20,4,2,1000000000,64,Yes,,,,,,,,
pfp_bloom_filter_add_unique_size_u32,0,NVIDIA RTX PRO 6000 Blackwell Server Edition,I64,U32,512,20,4,2,1000000000,128,Yes,,,,,,,,
pfp_bloom_filter_add_unique_size_u32,0,NVIDIA RTX PRO 6000 Blackwell Server Edition,I64,U32,512,20,4,2,1000000000,256,Yes,,,,,,,,
pfp_bloom_filter_add_unique_size_u32,0,NVIDIA RTX PRO 6000 Blackwell Server Edition,I64,U32,512,20,4,2,1000000000,512,Yes,,,,,,,,
pfp_bloom_filter_add_unique_size_u32,0,NVIDIA RTX PRO 6000 Blackwell Server Edition,I64,U32,512,20,4,2,1000000000,1024,Yes,,,,,,,,
pfp_bloom_filter_add_unique_size_u32,0,NVIDIA RTX PRO 6000 Blackwell Server Edition,I64,U32,512,20,4,2,1000000000,2048,Yes,,,,,,,,
pfp_bloom_filter_add_unique_size_u32,0,NVIDIA RTX PRO 6000 Blackwell Server Edition,I64,U32,512,20,4,4,1000000000,1,Yes,,,,,,,,
pfp_bloom_filter_add_unique_size_u32,0,NVIDIA RTX PRO 6000 Blackwell Server Edition,I64,U32,512,20,4,4,1000000000,2,Yes,,,,,,,,
pfp_bloom_filter_add_unique_size_u32,0,NVIDIA RTX PRO 6000 Blackwell Server Edition,I64,U32,512,20,4,4,1000000000,4,Yes,,,,,,,,
pfp_bloom_filter_add_unique_size_u32,0,NVIDIA RTX PRO 6000 Blackwell Server Edition,I64,U32,512,20,4,4,1000000000,8,Yes,,,,,,,,
pfp_bloom_filter_add_unique_size_u32,0,NVIDIA RTX PRO 6000 Blackwell Server Edition,I64,U32,512,20,4,4,1000000000,16,Yes,,,,,,,,
pfp_bloom_filter_add_unique_size_u32,0,NVIDIA RTX PRO 6000 Blackwell Server Edition,I64,U32,512,20,4,4,1000000000,32,Yes,,,,,,,,
pfp_bloom_filter_add_unique_size_u32,0,NVIDIA RTX PRO 6000 Blackwell Server Edition,I64,U32,512,20,4,4,1000000000,64,Yes,,,,,,,,
pfp_bloom_filter_add_unique_size_u32,0,NVIDIA RTX PRO 6000 Blackwell Server Edition,I64,U32,512,20,4,4,1000000000,128,Yes,,,,,,,,
pfp_bloom_filter_add_unique_size_u32,0,NVIDIA RTX PRO 6000 Blackwell Server Edition,I64,U32,512,20,4,4,1000000000,256,Yes,,,,,,,,
pfp_bloom_filter_add_unique_size_u32,0,NVIDIA RTX PRO 6000 Blackwell Server Edition,I64,U32,512,20,4,4,1000000000,512,Yes,,,,,,,,
pfp_bloom_filter_add_unique_size_u32,0,NVIDIA RTX PRO 6000 Blackwell Server Edition,I64,U32,512,20,4,4,1000000000,1024,Yes,,,,,,,,
pfp_bloom_filter_add_unique_size_u32,0,NVIDIA RTX PRO 6000 Blackwell Server Edition,I64,U32,512,20,4,4,1000000000,2048,Yes,,,,,,,,
pfp_bloom_filter_add_unique_size_u32,0,NVIDIA RTX PRO 6000 Blackwell Server Edition,I64,U32,512,20,4,8,1000000000,1,Yes,,,,,,,,
pfp_bloom_filter_add_unique_size_u32,0,NVIDIA RTX PRO 6000 Blackwell Server Edition,I64,U32,512,20,4,8,1000000000,2,Yes,,,,,,,,
pfp_bloom_filter_add_unique_size_u32,0,NVIDIA RTX PRO 6000 Blackwell Server Edition,I64,U32,512,20,4,8,1000000000,4,Yes,,,,,,,,
pfp_bloom_filter_add_unique_size_u32,0,NVIDIA RTX PRO 6000 Blackwell Server Edition,I64,U32,512,20,4,8,1000000000,8,Yes,,,,,,,,
pfp_bloom_filter_add_unique_size_u32,0,NVIDIA RTX PRO 6000 Blackwell Server Edition,I64,U32,512,20,4,8,1000000000,16,Yes,,,,,,,,
pfp_bloom_filter_add_unique_size_u32,0,NVIDIA RTX PRO 6000 Blackwell Server Edition,I64,U32,512,20,4,8,1000000000,32,Yes,,,,,,,,
pfp_bloom_filter_add_unique_size_u32,0,NVIDIA RTX PRO 6000 Blackwell Server Edition,I64,U32,512,20,4,8,1000000000,64,Yes,,,,,,,,
pfp_bloom_filter_add_unique_size_u32,0,NVIDIA RTX PRO 6000 Blackwell Server Edition,I64,U32,512,20,4,8,1000000000,128,Yes,,,,,,,,
pfp_bloom_filter_add_unique_size_u32,0,NVIDIA RTX PRO 6000 Blackwell Server Edition,I64,U32,512,20,4,8,1000000000,256,Yes,,,,,,,,
pfp_bloom_filter_add_unique_size_u32,0,NVIDIA RTX PRO 6000 Blackwell Server Edition,I64,U32,512,20,4,8,1000000000,512,Yes,,,,,,,,
pfp_bloom_filter_add_unique_size_u32,0,NVIDIA RTX PRO 6000 Blackwell Server Edition,I64,U32,512,20,4,8,1000000000,1024,Yes,,,,,,,,
pfp_bloom_filter_add_unique_size_u32,0,NVIDIA RTX PRO 6000 Blackwell Server Edition,I64,U32,512,20,4,8,1000000000,2048,Yes,,,,,,,,
pfp_bloom_filter_add_unique_size_u32,0,NVIDIA RTX PRO 6000 Blackwell Server Edition,I64,U32,512,20,8,1,1000000000,1,Yes,,,,,,,,
pfp_bloom_filter_add_unique_size_u32,0,NVIDIA RTX PRO 6000 Blackwell Server Edition,I64,U32,512,20,8,1,1000000000,2,Yes,,,,,,,,
pfp_bloom_filter_add_unique_size_u32,0,NVIDIA RTX PRO 6000 Blackwell Server Edition,I64,U32,512,20,8,1,1000000000,4,Yes,,,,,,,,
pfp_bloom_filter_add_unique_size_u32,0,NVIDIA RTX PRO 6000 Blackwell Server Edition,I64,U32,512,20,8,1,1000000000,8,Yes,,,,,,,,
pfp_bloom_filter_add_unique_size_u32,0,NVIDIA RTX PRO 6000 Blackwell Server Edition,I64,U32,512,20,8,1,1000000000,16,Yes,,,,,,,,
pfp_bloom_filter_add_unique_size_u32,0,NVIDIA RTX PRO 6000 Blackwell Server Edition,I64,U32,512,20,8,1,1000000000,32,Yes,,,,,,,,
pfp_bloom_filter_add_unique_size_u32,0,NVIDIA RTX PRO 6000 Blackwell Server Edition,I64,U32,512,20,8,1,1000000000,64,Yes,,,,,,,,
pfp_bloom_filter_add_unique_size_u32,0,NVIDIA RTX PRO 6000 Blackwell Server Edition,I64,U32,512,20,8,1,1000000000,128,Yes,,,,,,,,
pfp_bloom_filter_add_unique_size_u32,0,NVIDIA RTX PRO 6000 Blackwell Server Edition,I64,U32,512,20,8,1,1000000000,256,Yes,,,,,,,,
pfp_bloom_filter_add_unique_size_u32,0,NVIDIA RTX PRO 6000 Blackwell Server Edition,I64,U32,512,20,8,1,1000000000,512,Yes,,,,,,,,
pfp_bloom_filter_add_unique_size_u32,0,NVIDIA RTX PRO 6000 Blackwell Server Edition,I64,U32,512,20,8,1,1000000000,1024,Yes,,,,,,,,
pfp_bloom_filter_add_unique_size_u32,0,NVIDIA RTX PRO 6000 Blackwell Server Edition,I64,U32,512,20,8,1,1000000000,2048,Yes,,,,,,,,
pfp_bloom_filter_add_unique_size_u32,0,NVIDIA RTX PRO 6000 Blackwell Server Edition,I64,U32,512,20,8,2,1000000000,1,Yes,,,,,,,,
pfp_bloom_filter_add_unique_size_u32,0,NVIDIA RTX PRO 6000 Blackwell Server Edition,I64,U32,512,20,8,2,1000000000,2,Yes,,,,,,,,
pfp_bloom_filter_add_unique_size_u32,0,NVIDIA RTX PRO 6000 Blackwell Server Edition,I64,U32,512,20,8,2,1000000000,4,Yes,,,,,,,,
pfp_bloom_filter_add_unique_size_u32,0,NVIDIA RTX PRO 6000 Blackwell Server Edition,I64,U32,512,20,8,2,1000000000,8,Yes,,,,,,,,
pfp_bloom_filter_add_unique_size_u32,0,NVIDIA RTX PRO 6000 Blackwell Server Edition,I64,U32,512,20,8,2,1000000000,16,Yes,,,,,,,,
pfp_bloom_filter_add_unique_size_u32,0,NVIDIA RTX PRO 6000 Blackwell Server Edition,I64,U32,512,20,8,2,1000000000,32,Yes,,,,,,,,
pfp_bloom_filter_add_unique_size_u32,0,NVIDIA RTX PRO 6000 Blackwell Server Edition,I64,U32,512,20,8,2,1000000000,64,Yes,,,,,,,,
pfp_bloom_filter_add_unique_size_u32,0,NVIDIA RTX PRO 6000 Blackwell Server Edition,I64,U32,512,20,8,2,1000000000,128,Yes,,,,,,,,
pfp_bloom_filter_add_unique_size_u32,0,NVIDIA RTX PRO 6000 Blackwell Server Edition,I64,U32,512,20,8,2,1000000000,256,Yes,,,,,,,,
pfp_bloom_filter_add_unique_size_u32,0,NVIDIA RTX PRO 6000 Blackwell Server Edition,I64,U32,512,20,8,2,1000000000,512,Yes,,,,,,,,
pfp_bloom_filter_add_unique_size_u32,0,NVIDIA RTX PRO 6000 Blackwell Server Edition,I64,U32,512,20,8,2,1000000000,1024,Yes,,,,,,,,
pfp_bloom_filter_add_unique_size_u32,0,NVIDIA RTX PRO 6000 Blackwell Server Edition,I64,U32,512,20,8,2,1000000000,2048,Yes,,,,,,,,
pfp_bloom_filter_add_unique_size_u32,0,NVIDIA RTX PRO 6000 Blackwell Server Edition,I64,U32,512,20,8,4,1000000000,1,Yes,,,,,,,,
pfp_bloom_filter_add_unique_size_u32,0,NVIDIA RTX PRO 6000 Blackwell Server Edition,I64,U32,512,20,8,4,1000000000,2,Yes,,,,,,,,
pfp_bloom_filter_add_unique_size_u32,0,NVIDIA RTX PRO 6000 Blackwell Server Edition,I64,U32,512,20,8,4,1000000000,4,Yes,,,,,,,,
pfp_bloom_filter_add_unique_size_u32,0,NVIDIA RTX PRO 6000 Blackwell Server Edition,I64,U32,512,20,8,4,1000000000,8,Yes,,,,,,,,
pfp_bloom_filter_add_unique_size_u32,0,NVIDIA RTX PRO 6000 Blackwell Server Edition,I64,U32,512,20,8,4,1000000000,16,Yes,,,,,,,,
pfp_bloom_filter_add_unique_size_u32,0,NVIDIA RTX PRO 6000 Blackwell Server Edition,I64,U32,512,20,8,4,1000000000,32,Yes,,,,,,,,
pfp_bloom_filter_add_unique_size_u32,0,NVIDIA RTX PRO 6000 Blackwell Server Edition,I64,U32,512,20,8,4,1000000000,64,Yes,,,,,,,,
pfp_bloom_filter_add_unique_size_u32,0,NVIDIA RTX PRO 6000 Blackwell Server Edition,I64,U32,512,20,8,4,1000000000,128,Yes,,,,,,,,
pfp_bloom_filter_add_unique_size_u32,0,NVIDIA RTX PRO 6000 Blackwell Server Edition,I64,U32,512,20,8,4,1000000000,256,Yes,,,,,,,,
pfp_bloom_filter_add_unique_size_u32,0,NVIDIA RTX PRO 6000 Blackwell Server Edition,I64,U32,512,20,8,4,1000000000,512,Yes,,,,,,,,
pfp_bloom_filter_add_unique_size_u32,0,NVIDIA RTX PRO 6000 Blackwell Server Edition,I64,U32,512,20,8,4,1000000000,1024,Yes,,,,,,,,
pfp_bloom_filter_add_unique_size_u32,0,NVIDIA RTX PRO 6000 Blackwell Server Edition,I64,U32,512,20,8,4,1000000000,2048,Yes,,,,,,,,
pfp_bloom_filter_add_unique_size_u32,0,NVIDIA RTX PRO 6000 Blackwell Server Edition,I64,U32,512,20,8,8,1000000000,1,Yes,,,,,,,,
pfp_bloom_filter_add_unique_size_u32,0,NVIDIA RTX PRO 6000 Blackwell Server Edition,I64,U32,512,20,8,8,1000000000,2,Yes,,,,,,,,
pfp_bloom_filter_add_unique_size_u32,0,NVIDIA RTX PRO 6000 Blackwell Server Edition,I64,U32,512,20,8,8,1000000000,4,Yes,,,,,,,,
pfp_bloom_filter_add_unique_size_u32,0,NVIDIA RTX PRO 6000 Blackwell Server Edition,I64,U32,512,20,8,8,1000000000,8,Yes,,,,,,,,
pfp_bloom_filter_add_unique_size_u32,0,NVIDIA RTX PRO 6000 Blackwell Server Edition,I64,U32,512,20,8,8,1000000000,16,Yes,,,,,,,,
pfp_bloom_filter_add_unique_size_u32,0,NVIDIA RTX PRO 6000 Blackwell Server Edition,I64,U32,512,20,8,8,1000000000,32,Yes,,,,,,,,
pfp_bloom_filter_add_unique_size_u32,0,NVIDIA RTX PRO 6000 Blackwell Server Edition,I64,U32,512,20,8,8,1000000000,64,Yes,,,,,,,,
pfp_bloom_filter_add_unique_size_u32,0,NVIDIA RTX PRO 6000 Blackwell Server Edition,I64,U32,512,20,8,8,1000000000,128,Yes,,,,,,,,
pfp_bloom_filter_add_unique_size_u32,0,NVIDIA RTX PRO 6000 Blackwell Server Edition,I64,U32,512,20,8,8,1000000000,256,Yes,,,,,,,,
pfp_bloom_filter_add_unique_size_u32,0,NVIDIA RTX PRO 6000 Blackwell Server Edition,I64,U32,512,20,8,8,1000000000,512,Yes,,,,,,,,
pfp_bloom_filter_add_unique_size_u32,0,NVIDIA RTX PRO 6000 Blackwell Server Edition,I64,U32,512,20,8,8,1000000000,1024,Yes,,,,,,,,
pfp_bloom_filter_add_unique_size_u32,0,NVIDIA RTX PRO 6000 Blackwell Server Edition,I64,U32,512,20,8,8,1000000000,2048,Yes,,,,,,,,
