Benchmark,Device,Device Name,Key,Word,BlockBits,PatternBitsPerWord,HorizontalLayout,VerticalLayout,NumInputs,FilterSizeMB,Skipped,FalsePositiveRate,PatternBits,Samples,CPU Time (sec),Noise,GPU Time (sec),Noise,Elem/s (elem/sec),Samples,Batch GPU (sec)
pfp_bloom_filter_contains_unique_size_u64,0,NVIDIA A100-SXM4-40GB,I64,U64,32,1,1,1,1000000000,1,Yes,,,,,,,,,,
pfp_bloom_filter_contains_unique_size_u64,0,NVIDIA A100-SXM4-40GB,I64,U64,32,1,1,1,1000000000,2,Yes,,,,,,,,,,
pfp_bloom_filter_contains_unique_size_u64,0,NVIDIA A100-SXM4-40GB,I64,U64,32,1,1,1,1000000000,4,Yes,,,,,,,,,,
pfp_bloom_filter_contains_unique_size_u64,0,NVIDIA A100-SXM4-40GB,I64,U64,32,1,1,1,1000000000,8,Yes,,,,,,,,,,
pfp_bloom_filter_contains_unique_size_u64,0,NVIDIA A100-SXM4-40GB,I64,U64,32,1,1,1,1000000000,16,Yes,,,,,,,,,,
pfp_bloom_filter_contains_unique_size_u64,0,NVIDIA A100-SXM4-40GB,I64,U64,32,1,1,1,1000000000,32,Yes,,,,,,,,,,
pfp_bloom_filter_contains_unique_size_u64,0,NVIDIA A100-SXM4-40GB,I64,U64,32,1,1,1,1000000000,64,Yes,,,,,,,,,,
pfp_bloom_filter_contains_unique_size_u64,0,NVIDIA A100-SXM4-40GB,I64,U64,32,1,1,1,1000000000,128,Yes,,,,,,,,,,
pfp_bloom_filter_contains_unique_size_u64,0,NVIDIA A100-SXM4-40GB,I64,U64,32,1,1,1,1000000000,256,Yes,,,,,,,,,,
pfp_bloom_filter_contains_unique_size_u64,0,NVIDIA A100-SXM4-40GB,I64,U64,32,1,1,1,1000000000,512,Yes,,,,,,,,,,
pfp_bloom_filter_contains_unique_size_u64,0,NVIDIA A100-SXM4-40GB,I64,U64,32,1,1,1,1000000000,1024,Yes,,,,,,,,,,
pfp_bloom_filter_contains_unique_size_u64,0,NVIDIA A100-SXM4-40GB,I64,U64,32,1,1,1,1000000000,2048,Yes,,,,,,,,,,
pfp_bloom_filter_contains_unique_size_u64,0,NVIDIA A100-SXM4-40GB,I64,U64,32,1,1,2,1000000000,1,Yes,,,,,,,,,,
pfp_bloom_filter_contains_unique_size_u64,0,NVIDIA A100-SXM4-40GB,I64,U64,32,1,1,2,1000000000,2,Yes,,,,,,,,,,
pfp_bloom_filter_contains_unique_size_u64,0,NVIDIA A100-SXM4-40GB,I64,U64,32,1,1,2,1000000000,4,Yes,,,,,,,,,,
pfp_bloom_filter_contains_unique_size_u64,0,NVIDIA A100-SXM4-40GB,I64,U64,32,1,1,2,1000000000,8,Yes,,,,,,,,,,
pfp_bloom_filter_contains_unique_size_u64,0,NVIDIA A100-SXM4-40GB,I64,U64,32,1,1,2,1000000000,16,Yes,,,,,,,,,,
pfp_bloom_filter_contains_unique_size_u64,0,NVIDIA A100-SXM4-40GB,I64,U64,32,1,1,2,1000000000,32,Yes,,,,,,,,,,
pfp_bloom_filter_contains_unique_size_u64,0,NVIDIA A100-SXM4-40GB,I64,U64,32,1,1,2,1000000000,64,Yes,,,,,,,,,,
pfp_bloom_filter_contains_unique_size_u64,0,NVIDIA A100-SXM4-40GB,I64,U64,32,1,1,2,1000000000,128,Yes,,,,,,,,,,
pfp_bloom_filter_contains_unique_size_u64,0,NVIDIA A100-SXM4-40GB,I64,U64,32,1,1,2,1000000000,256,Yes,,,,,,,,,,
pfp_bloom_filter_contains_unique_size_u64,0,NVIDIA A100-SXM4-40GB,I64,U64,32,1,1,2,1000000000,512,Yes,,,,,,,,,,
pfp_bloom_filter_contains_unique_size_u64,0,NVIDIA A100-SXM4-40GB,I64,U64,32,1,1,2,1000000000,1024,Yes,,,,,,,,,,
pfp_bloom_filter_contains_unique_size_u64,0,NVIDIA A100-SXM4-40GB,I64,U64,32,1,1,2,1000000000,2048,Yes,,,,,,,,,,
pfp_bloom_filter_contains_unique_size_u64,0,NVIDIA A100-SXM4-40GB,I64,U64,32,1,1,4,1000000000,1,Yes,,,,,,,,,,
pfp_bloom_filter_contains_unique_size_u64,0,NVIDIA A100-SXM4-40GB,I64,U64,32,1,1,4,1000000000,2,Yes,,,,,,,,,,
pfp_bloom_filter_contains_unique_size_u64,0,NVIDIA A100-SXM4-40GB,I64,U64,32,1,1,4,1000000000,4,Yes,,,,,,,,,,
pfp_bloom_filter_contains_unique_size_u64,0,NVIDIA A100-SXM4-40GB,I64,U64,32,1,1,4,1000000000,8,Yes,,,,,,,,,,
pfp_bloom_filter_contains_unique_size_u64,0,NVIDIA A100-SXM4-40GB,I64,U64,32,1,1,4,1000000000,16,Yes,,,,,,,,,,
pfp_bloom_filter_contains_unique_size_u64,0,NVIDIA A100-SXM4-40GB,I64,U64,32,1,1,4,1000000000,32,Yes,,,,,,,,,,
pfp_bloom_filter_contains_unique_size_u64,0,NVIDIA A100-SXM4-40GB,I64,U64,32,1,1,4,1000000000,64,Yes,,,,,,,,,,
pfp_bloom_filter_contains_unique_size_u64,0,NVIDIA A100-SXM4-40GB,I64,U64,32,1,1,4,1000000000,128,Yes,,,,,,,,,,
pfp_bloom_filter_contains_unique_size_u64,0,NVIDIA A100-SXM4-40GB,I64,U64,32,1,1,4,1000000000,256,Yes,,,,,,,,,,
pfp_bloom_filter_contains_unique_size_u64,0,NVIDIA A100-SXM4-40GB,I64,U64,32,1,1,4,1000000000,512,Yes,,,,,,,,,,
pfp_bloom_filter_contains_unique_size_u64,0,NVIDIA A100-SXM4-40GB,I64,U64,32,1,1,4,1000000000,1024,Yes,,,,,,,,,,
pfp_bloom_filter_contains_unique_size_u64,0,NVIDIA A100-SXM4-40GB,I64,U64,32,1,1,4,1000000000,2048,Yes,,,,,,,,,,
pfp_bloom_filter_contains_unique_size_u64,0,NVIDIA A100-SXM4-40GB,I64,U64,32,1,1,8,1000000000,1,Yes,,,,,,,,,,
pfp_bloom_filter_contains_unique_size_u64,0,NVIDIA A100-SXM4-40GB,I64,U64,32,1,1,8,1000000000,2,Yes,,,,,,,,,,
pfp_bloom_filter_contains_unique_size_u64,0,NVIDIA A100-SXM4-40GB,I64,U64,32,1,1,8,1000000000,4,Yes,,,,,,,,,,
pfp_bloom_filter_contains_unique_size_u64,0,NVIDIA A100-SXM4-40GB,I64,U64,32,1,1,8,1000000000,8,Yes,,,,,,,,,,
pfp_bloom_filter_contains_unique_size_u64,0,NVIDIA A100-SXM4-40GB,I64,U64,32,1,1,8,1000000000,16,Yes,,,,,,,,,,
pfp_bloom_filter_contains_unique_size_u64,0,NVIDIA A100-SXM4-40GB,I64,U64,32,1,1,8,1000000000,32,Yes,,,,,,,,,,
pfp_bloom_filter_contains_unique_size_u64,0,NVIDIA A100-SXM4-40GB,I64,U64,32,1,1,8,1000000000,64,Yes,,,,,,,,,,
pfp_bloom_filter_contains_unique_size_u64,0,NVIDIA A100-SXM4-40GB,I64,U64,32,1,1,8,1000000000,128,Yes,,,,,,,,,,
pfp_bloom_filter_contains_unique_size_u64,0,NVIDIA A100-SXM4-40GB,I64,U64,32,1,1,8,1000000000,256,Yes,,,,,,,,,,
pfp_bloom_filter_contains_unique_size_u64,0,NVIDIA A100-SXM4-40GB,I64,U64,32,1,1,8,1000000000,512,Yes,,,,,,,,,,
pfp_bloom_filter_contains_unique_size_u64,0,NVIDIA A100-SXM4-40GB,I64,U64,32,1,1,8,1000000000,1024,Yes,,,,,,,,,,
pfp_bloom_filter_contains_unique_size_u64,0,NVIDIA A100-SXM4-40GB,I64,U64,32,1,1,8,1000000000,2048,Yes,,,,,,,,,,
pfp_bloom_filter_contains_unique_size_u64,0,NVIDIA A100-SXM4-40GB,I64,U64,32,1,2,1,1000000000,1,Yes,,,,,,,,,,
pfp_bloom_filter_contains_unique_size_u64,0,NVIDIA A100-SXM4-40GB,I64,U64,32,1,2,1,1000000000,2,Yes,,,,,,,,,,
pfp_bloom_filter_contains_unique_size_u64,0,NVIDIA A100-SXM4-40GB,I64,U64,32,1,2,1,1000000000,4,Yes,,,,,,,,,,
pfp_bloom_filter_contains_unique_size_u64,0,NVIDIA A100-SXM4-40GB,I64,U64,32,1,2,1,1000000000,8,Yes,,,,,,,,,,
pfp_bloom_filter_contains_unique_size_u64,0,NVIDIA A100-SXM4-40GB,I64,U64,32,1,2,1,1000000000,16,Yes,,,,,,,,,,
pfp_bloom_filter_contains_unique_size_u64,0,NVIDIA A100-SXM4-40GB,I64,U64,32,1,2,1,1000000000,32,Yes,,,,,,,,,,
pfp_bloom_filter_contains_unique_size_u64,0,NVIDIA A100-SXM4-40GB,I64,U64,32,1,2,1,1000000000,64,Yes,,,,,,,,,,
pfp_bloom_filter_contains_unique_size_u64,0,NVIDIA A100-SXM4-40GB,I64,U64,32,1,2,1,1000000000,128,Yes,,,,,,,,,,
pfp_bloom_filter_contains_unique_size_u64,0,NVIDIA A100-SXM4-40GB,I64,U64,32,1,2,1,1000000000,256,Yes,,,,,,,,,,
pfp_bloom_filter_contains_unique_size_u64,0,NVIDIA A100-SXM4-40GB,I64,U64,32,1,2,1,1000000000,512,Yes,,,,,,,,,,
pfp_bloom_filter_contains_unique_size_u64,0,NVIDIA A100-SXM4-40GB,I64,U64,32,1,2,1,1000000000,1024,Yes,,,,,,,,,,
pfp_bloom_filter_contains_unique_size_u64,0,NVIDIA A100-SXM4-40GB,I64,U64,32,1,2,1,1000000000,2048,Yes,,,,,,,,,,
pfp_bloom_filter_contains_unique_size_u64,0,NVIDIA A100-SXM4-40GB,I64,U64,32,1,2,2,1000000000,1,Yes,,,,,,,,,,
pfp_bloom_filter_contains_unique_size_u64,0,NVIDIA A100-SXM4-40GB,I64,U64,32,1,2,2,1000000000,2,Yes,,,,,,,,,,
pfp_bloom_filter_contains_unique_size_u64,0,NVIDIA A100-SXM4-40GB,I64,U64,32,1,2,2,1000000000,4,Yes,,,,,,,,,,
pfp_bloom_filter_contains_unique_size_u64,0,NVIDIA A100-SXM4-40GB,I64,U64,32,1,2,2,1000000000,8,Yes,,,,,,,,,,
pfp_bloom_filter_contains_unique_size_u64,0,NVIDIA A100-SXM4-40GB,I64,U64,32,1,2,2,1000000000,16,Yes,,,,,,,,,,
pfp_bloom_filter_contains_unique_size_u64,0,NVIDIA A100-SXM4-40GB,I64,U64,32,1,2,2,1000000000,32,Yes,,,,,,,,,,
pfp_bloom_filter_contains_unique_size_u64,0,NVIDIA A100-SXM4-40GB,I64,U64,32,1,2,2,1000000000,64,Yes,,,,,,,,,,
pfp_bloom_filter_contains_unique_size_u64,0,NVIDIA A100-SXM4-40GB,I64,U64,32,1,2,2,1000000000,128,Yes,,,,,,,,,,
pfp_bloom_filter_contains_unique_size_u64,0,NVIDIA A100-SXM4-40GB,I64,U64,32,1,2,2,1000000000,256,Yes,,,,,,,,,,
pfp_bloom_filter_contains_unique_size_u64,0,NVIDIA A100-SXM4-40GB,I64,U64,32,1,2,2,1000000000,512,Yes,,,,,,,,,,
pfp_bloom_filter_contains_unique_size_u64,0,NVIDIA A100-SXM4-40GB,I64,U64,32,1,2,2,1000000000,1024,Yes,,,,,,,,,,
pfp_bloom_filter_contains_unique_size_u64,0,NVIDIA A100-SXM4-40GB,I64,U64,32,1,2,2,1000000000,2048,Yes,,,,,,,,,,
pfp_bloom_filter_contains_unique_size_u64,0,NVIDIA A100-SXM4-40GB,I64,U64,32,1,2,4,1000000000,1,Yes,,,,,,,,,,
pfp_bloom_filter_contains_unique_size_u64,0,NVIDIA A100-SXM4-40GB,I64,U64,32,1,2,4,1000000000,2,Yes,,,,,,,,,,
pfp_bloom_filter_contains_unique_size_u64,0,NVIDIA A100-SXM4-40GB,I64,U64,32,1,2,4,1000000000,4,Yes,,,,,,,,,,
pfp_bloom_filter_contains_unique_size_u64,0,NVIDIA A100-SXM4-40GB,I64,U64,32,1,2,4,1000000000,8,Yes,,,,,,,,,,
pfp_bloom_filter_contains_unique_size_u64,0,NVIDIA A100-SXM4-40GB,I64,U64,32,1,2,4,1000000000,16,Yes,,,,,,,,,,
pfp_bloom_filter_contains_unique_size_u64,0,NVIDIA A100-SXM4-40GB,I64,U64,32,1,2,4,1000000000,32,Yes,,,,,,,,,,
pfp_bloom_filter_contains_unique_size_u64,0,NVIDIA A100-SXM4-40GB,I64,U64,32,1,2,4,1000000000,64,Yes,,,,,,,,,,
pfp_bloom_filter_contains_unique_size_u64,0,NVIDIA A100-SXM4-40GB,I64,U64,32,1,2,4,1000000000,128,Yes,,,,,,,,,,
pfp_bloom_filter_contains_unique_size_u64,0,NVIDIA A100-SXM4-40GB,I64,U64,32,1,2,4,1000000000,256,Yes,,,,,,,,,,
pfp_bloom_filter_contains_unique_size_u64,0,NVIDIA A100-SXM4-40GB,I64,U64,32,1,2,4,1000000000,512,Yes,,,,,,,,,,
pfp_bloom_filter_contains_unique_size_u64,0,NVIDIA A100-SXM4-40GB,I64,U64,32,1,2,4,1000000000,1024,Yes,,,,,,,,,,
pfp_bloom_filter_contains_unique_size_u64,0,NVIDIA A100-SXM4-40GB,I64,U64,32,1,2,4,1000000000,2048,Yes,,,,,,,,,,
pfp_bloom_filter_contains_unique_size_u64,0,NVIDIA A100-SXM4-40GB,I64,U64,32,1,2,8,1000000000,1,Yes,,,,,,,,,,
pfp_bloom_filter_contains_unique_size_u64,0,NVIDIA A100-SXM4-40GB,I64,U64,32,1,2,8,1000000000,2,Yes,,,,,,,,,,
pfp_bloom_filter_contains_unique_size_u64,0,NVIDIA A100-SXM4-40GB,I64,U64,32,1,2,8,1000000000,4,Yes,,,,,,,,,,
pfp_bloom_filter_contains_unique_size_u64,0,NVIDIA A100-SXM4-40GB,I64,U64,32,1,2,8,1000000000,8,Yes,,,,,,,,,,
pfp_bloom_filter_contains_unique_size_u64,0,NVIDIA A100-SXM4-40GB,I64,U64,32,1,2,8,1000000000,16,Yes,,,,,,,,,,
pfp_bloom_filter_contains_unique_size_u64,0,NVIDIA A100-SXM4-40GB,I64,U64,32,1,2,8,1000000000,32,Yes,,,,,,,,,,
pfp_bloom_filter_contains_unique_size_u64,0,NVIDIA A100-SXM4-40GB,I64,U64,32,1,2,8,1000000000,64,Yes,,,,,,,,,,
pfp_bloom_filter_contains_unique_size_u64,0,NVIDIA A100-SXM4-40GB,I64,U64,32,1,2,8,1000000000,128,Yes,,,,,,,,,,
pfp_bloom_filter_contains_unique_size_u64,0,NVIDIA A100-SXM4-40GB,I64,U64,32,1,2,8,1000000000,256,Yes,,,,,,,,,,
pfp_bloom_filter_contains_unique_size_u64,0,NVIDIA A100-SXM4-40GB,I64,U64,32,1,2,8,1000000000,512,Yes,,,,,,,,,,
pfp_bloom_filter_contains_unique_size_u64,0,NVIDIA A100-SXM4-40GB,I64,U64,32,1,2,8,1000000000,1024,Yes,,,,,,,,,,
pfp_bloom_filter_contains_unique_size_u64,0,NVIDIA A100-SXM4-40GB,I64,U64,32,1,2,8,1000000000,2048,Yes,,,,,,,,,,
pfp_bloom_filter_contains_unique_size_u64,0,NVIDIA A100-SXM4-40GB,I64,U64,32,1,4,1,1000000000,1,Yes,,,,,,,,,,
pfp_bloom_filter_contains_unique_size_u64,0,NVIDIA A100-SXM4-40GB,I64,U64,32,1,4,1,1000000000,2,Yes,,,,,,,,,,
pfp_bloom_filter_contains_unique_size_u64,0,NVIDIA A100-SXM4-40GB,I64,U64,32,1,4,1,1000000000,4,Yes,,,,,,,,,,
pfp_bloom_filter_contains_unique_size_u64,0,NVIDIA A100-SXM4-40GB,I64,U64,32,1,4,1,1000000000,8,Yes,,,,,,,,,,
pfp_bloom_filter_contains_unique_size_u64,0,NVIDIA A100-SXM4-40GB,I64,U64,32,1,4,1,1000000000,16,Yes,,,,,,,,,,
pfp_bloom_filter_contains_unique_size_u64,0,NVIDIA A100-SXM4-40GB,I64,U64,32,1,4,1,1000000000,32,Yes,,,,,,,,,,
pfp_bloom_filter_contains_unique_size_u64,0,NVIDIA A100-SXM4-40GB,I64,U64,32,1,4,1,1000000000,64,Yes,,,,,,,,,,
pfp_bloom_filter_contains_unique_size_u64,0,NVIDIA A100-SXM4-40GB,I64,U64,32,1,4,1,1000000000,128,Yes,,,,,,,,,,
pfp_bloom_filter_contains_unique_size_u64,0,NVIDIA A100-SXM4-40GB,I64,U64,32,1,4,1,1000000000,256,Yes,,,,,,,,,,
pfp_bloom_filter_contains_unique_size_u64,0,NVIDIA A100-SXM4-40GB,I64,U64,32,1,4,1,1000000000,512,Yes,,,,,,,,,,
pfp_bloom_filter_contains_unique_size_u64,0,NVIDIA A100-SXM4-40GB,I64,U64,32,1,4,1,1000000000,1024,Yes,,,,,,,,,,
pfp_bloom_filter_contains_unique_size_u64,0,NVIDIA A100-SXM4-40GB,I64,U64,32,1,4,1,1000000000,2048,Yes,,,,,,,,,,
pfp_bloom_filter_contains_unique_size_u64,0,NVIDIA A100-SXM4-40GB,I64,U64,32,1,4,2,1000000000,1,Yes,,,,,,,,,,
pfp_bloom_filter_contains_unique_size_u64,0,NVIDIA A100-SXM4-40GB,I64,U64,32,1,4,2,1000000000,2,Yes,,,,,,,,,,
pfp_bloom_filter_contains_unique_size_u64,0,NVIDIA A100-SXM4-40GB,I64,U64,32,1,4,2,1000000000,4,Yes,,,,,,,,,,
pfp_bloom_filter_contains_unique_size_u64,0,NVIDIA A100-SXM4-40GB,I64,U64,32,1,4,2,1000000000,8,Yes,,,,,,,,,,
pfp_bloom_filter_contains_unique_size_u64,0,NVIDIA A100-SXM4-40GB,I64,U64,32,1,4,2,1000000000,16,Yes,,,,,,,,,,
pfp_bloom_filter_contains_unique_size_u64,0,NVIDIA A100-SXM4-40GB,I64,U64,32,1,4,2,1000000000,32,Yes,,,,,,,,,,
pfp_bloom_filter_contains_unique_size_u64,0,NVIDIA A100-SXM4-40GB,I64,U64,32,1,4,2,1000000000,64,Yes,,,,,,,,,,
pfp_bloom_filter_contains_unique_size_u64,0,NVIDIA A100-SXM4-40GB,I64,U64,32,1,4,2,1000000000,128,Yes,,,,,,,,,,
pfp_bloom_filter_contains_unique_size_u64,0,NVIDIA A100-SXM4-40GB,I64,U64,32,1,4,2,1000000000,256,Yes,,,,,,,,,,
pfp_bloom_filter_contains_unique_size_u64,0,NVIDIA A100-SXM4-40GB,I64,U64,32,1,4,2,1000000000,512,Yes,,,,,,,,,,
pfp_bloom_filter_contains_unique_size_u64,0,NVIDIA A100-SXM4-40GB,I64,U64,32,1,4,2,1000000000,1024,Yes,,,,,,,,,,
pfp_bloom_filter_contains_unique_size_u64,0,NVIDIA A100-SXM4-40GB,I64,U64,32,1,4,2,1000000000,2048,Yes,,,,,,,,,,
pfp_bloom_filter_contains_unique_size_u64,0,NVIDIA A100-SXM4-40GB,I64,U64,32,1,4,4,1000000000,1,Yes,,,,,,,,,,
pfp_bloom_filter_contains_unique_size_u64,0,NVIDIA A100-SXM4-40GB,I64,U64,32,1,4,4,1000000000,2,Yes,,,,,,,,,,
pfp_bloom_filter_contains_unique_size_u64,0,NVIDIA A100-SXM4-40GB,I64,U64,32,1,4,4,1000000000,4,Yes,,,,,,,,,,
pfp_bloom_filter_contains_unique_size_u64,0,NVIDIA A100-SXM4-40GB,I64,U64,32,1,4,4,1000000000,8,Yes,,,,,,,,,,
pfp_bloom_filter_contains_unique_size_u64,0,NVIDIA A100-SXM4-40GB,I64,U64,32,1,4,4,1000000000,16,Yes,,,,,,,,,,
pfp_bloom_filter_contains_unique_size_u64,0,NVIDIA A100-SXM4-40GB,I64,U64,32,1,4,4,1000000000,32,Yes,,,,,,,,,,
pfp_bloom_filter_contains_unique_size_u64,0,NVIDIA A100-SXM4-40GB,I64,U64,32,1,4,4,1000000000,64,Yes,,,,,,,,,,
pfp_bloom_filter_contains_unique_size_u64,0,NVIDIA A100-SXM4-40GB,I64,U64,32,1,4,4,1000000000,128,Yes,,,,,,,,,,
pfp_bloom_filter_contains_unique_size_u64,0,NVIDIA A100-SXM4-40GB,I64,U64,32,1,4,4,1000000000,256,Yes,,,,,,,,,,
pfp_bloom_filter_contains_unique_size_u64,0,NVIDIA A100-SXM4-40GB,I64,U64,32,1,4,4,1000000000,512,Yes,,,,,,,,,,
pfp_bloom_filter_contains_unique_size_u64,0,NVIDIA A100-SXM4-40GB,I64,U64,32,1,4,4,1000000000,1024,Yes,,,,,,,,,,
pfp_bloom_filter_contains_unique_size_u64,0,NVIDIA A100-SXM4-40GB,I64,U64,32,1,4,4,1000000000,2048,Yes,,,,,,,,,,
pfp_bloom_filter_contains_unique_size_u64,0,NVIDIA A100-SXM4-40GB,I64,U64,32,1,4,8,1000000000,1,Yes,,,,,,,,,,
pfp_bloom_filter_contains_unique_size_u64,0,NVIDIA A100-SXM4-40GB,I64,U64,32,1,4,8,1000000000,2,Yes,,,,,,,,,,
pfp_bloom_filter_contains_unique_size_u64,0,NVIDIA A100-SXM4-40GB,I64,U64,32,1,4,8,1000000000,4,Yes,,,,,,,,,,
pfp_bloom_filter_contains_unique_size_u64,0,NVIDIA A100-SXM4-40GB,I64,U64,32,1,4,8,1000000000,8,Yes,,,,,,,,,,
pfp_bloom_filter_contains_unique_size_u64,0,NVIDIA A100-SXM4-40GB,I64,U64,32,1,4,8,1000000000,16,Yes,,,,,,,,,,
pfp_bloom_filter_contains_unique_size_u64,0,NVIDIA A100-SXM4-40GB,I64,U64,32,1,4,8,1000000000,32,Yes,,,,,,,,,,
pfp_bloom_filter_contains_unique_size_u64,0,NVIDIA A100-SXM4-40GB,I64,U64,32,1,4,8,1000000000,64,Yes,,,,,,,,,,
pfp_bloom_filter_contains_unique_size_u64,0,NVIDIA A100-SXM4-40GB,I64,U64,32,1,4,8,1000000000,128,Yes,,,,,,,,,,
pfp_bloom_filter_contains_unique_size_u64,0,NVIDIA A100-SXM4-40GB,I64,U64,32,1,4,8,1000000000,256,Yes,,,,,,,,,,
pfp_bloom_filter_contains_unique_size_u64,0,NVIDIA A100-SXM4-40GB,I64,U64,32,1,4,8,1000000000,512,Yes,,,,,,,,,,
pfp_bloom_filter_contains_unique_size_u64,0,NVIDIA A100-SXM4-40GB,I64,U64,32,1,4,8,1000000000,1024,Yes,,,,,,,,,,
pfp_bloom_filter_contains_unique_size_u64,0,NVIDIA A100-SXM4-40GB,I64,U64,32,1,4,8,1000000000,2048,Yes,,,,,,,,,,
pfp_bloom_filter_contains_unique_size_u64,0,NVIDIA A100-SXM4-40GB,I64,U64,32,1,8,1,1000000000,1,Yes,,,,,,,,,,
pfp_bloom_filter_contains_unique_size_u64,0,NVIDIA A100-SXM4-40GB,I64,U64,32,1,8,1,1000000000,2,Yes,,,,,,,,,,
pfp_bloom_filter_contains_unique_size_u64,0,NVIDIA A100-SXM4-40GB,I64,U64,32,1,8,1,1000000000,4,Yes,,,,,,,,,,
pfp_bloom_filter_contains_unique_size_u64,0,NVIDIA A100-SXM4-40GB,I64,U64,32,1,8,1,1000000000,8,Yes,,,,,,,,,,
pfp_bloom_filter_contains_unique_size_u64,0,NVIDIA A100-SXM4-40GB,I64,U64,32,1,8,1,1000000000,16,Yes,,,,,,,,,,
pfp_bloom_filter_contains_unique_size_u64,0,NVIDIA A100-SXM4-40GB,I64,U64,32,1,8,1,1000000000,32,Yes,,,,,,,,,,
pfp_bloom_filter_contains_unique_size_u64,0,NVIDIA A100-SXM4-40GB,I64,U64,32,1,8,1,1000000000,64,Yes,,,,,,,,,,
pfp_bloom_filter_contains_unique_size_u64,0,NVIDIA A100-SXM4-40GB,I64,U64,32,1,8,1,1000000000,128,Yes,,,,,,,,,,
pfp_bloom_filter_contains_unique_size_u64,0,NVIDIA A100-SXM4-40GB,I64,U64,32,1,8,1,1000000000,256,Yes,,,,,,,,,,
pfp_bloom_filter_contains_unique_size_u64,0,NVIDIA A100-SXM4-40GB,I64,U64,32,1,8,1,1000000000,512,Yes,,,,,,,,,,
pfp_bloom_filter_contains_unique_size_u64,0,NVIDIA A100-SXM4-40GB,I64,U64,32,1,8,1,1000000000,1024,Yes,,,,,,,,,,
pfp_bloom_filter_contains_unique_size_u64,0,NVIDIA A100-SXM4-40GB,I64,U64,32,1,8,1,1000000000,2048,Yes,,,,,,,,,,
pfp_bloom_filter_contains_unique_size_u64,0,NVIDIA A100-SXM4-40GB,I64,U64,32,1,8,2,1000000000,1,Yes,,,,,,,,,,
pfp_bloom_filter_contains_unique_size_u64,0,NVIDIA A100-SXM4-40GB,I64,U64,32,1,8,2,1000000000,2,Yes,,,,,,,,,,
pfp_bloom_filter_contains_unique_size_u64,0,NVIDIA A100-SXM4-40GB,I64,U64,32,1,8,2,1000000000,4,Yes,,,,,,,,,,
pfp_bloom_filter_contains_unique_size_u64,0,NVIDIA A100-SXM4-40GB,I64,U64,32,1,8,2,1000000000,8,Yes,,,,,,,,,,
pfp_bloom_filter_contains_unique_size_u64,0,NVIDIA A100-SXM4-40GB,I64,U64,32,1,8,2,1000000000,16,Yes,,,,,,,,,,
pfp_bloom_filter_contains_unique_size_u64,0,NVIDIA A100-SXM4-40GB,I64,U64,32,1,8,2,1000000000,32,Yes,,,,,,,,,,
pfp_bloom_filter_contains_unique_size_u64,0,NVIDIA A100-SXM4-40GB,I64,U64,32,1,8,2,1000000000,64,Yes,,,,,,,,,,
pfp_bloom_filter_contains_unique_size_u64,0,NVIDIA A100-SXM4-40GB,I64,U64,32,1,8,2,1000000000,128,Yes,,,,,,,,,,
pfp_bloom_filter_contains_unique_size_u64,0,NVIDIA A100-SXM4-40GB,I64,U64,32,1,8,2,1000000000,256,Yes,,,,,,,,,,
pfp_bloom_filter_contains_unique_size_u64,0,NVIDIA A100-SXM4-40GB,I64,U64,32,1,8,2,1000000000,512,Yes,,,,,,,,,,
pfp_bloom_filter_contains_unique_size_u64,0,NVIDIA A100-SXM4-40GB,I64,U64,32,1,8,2,1000000000,1024,Yes,,,,,,,,,,
pfp_bloom_filter_contains_unique_size_u64,0,NVIDIA A100-SXM4-40GB,I64,U64,32,1,8,2,1000000000,2048,Yes,,,,,,,,,,
pfp_bloom_filter_contains_unique_size_u64,0,NVIDIA A100-SXM4-40GB,I64,U64,32,1,8,4,1000000000,1,Yes,,,,,,,,,,
pfp_bloom_filter_contains_unique_size_u64,0,NVIDIA A100-SXM4-40GB,I64,U64,32,1,8,4,1000000000,2,Yes,,,,,,,,,,
pfp_bloom_filter_contains_unique_size_u64,0,NVIDIA A100-SXM4-40GB,I64,U64,32,1,8,4,1000000000,4,Yes,,,,,,,,,,
pfp_bloom_filter_contains_unique_size_u64,0,NVIDIA A100-SXM4-40GB,I64,U64,32,1,8,4,1000000000,8,Yes,,,,,,,,,,
pfp_bloom_filter_contains_unique_size_u64,0,NVIDIA A100-SXM4-40GB,I64,U64,32,1,8,4,1000000000,16,Yes,,,,,,,,,,
pfp_bloom_filter_contains_unique_size_u64,0,NVIDIA A100-SXM4-40GB,I64,U64,32,1,8,4,1000000000,32,Yes,,,,,,,,,,
pfp_bloom_filter_contains_unique_size_u64,0,NVIDIA A100-SXM4-40GB,I64,U64,32,1,8,4,1000000000,64,Yes,,,,,,,,,,
pfp_bloom_filter_contains_unique_size_u64,0,NVIDIA A100-SXM4-40GB,I64,U64,32,1,8,4,1000000000,128,Yes,,,,,,,,,,
pfp_bloom_filter_contains_unique_size_u64,0,NVIDIA A100-SXM4-40GB,I64,U64,32,1,8,4,1000000000,256,Yes,,,,,,,,,,
pfp_bloom_filter_contains_unique_size_u64,0,NVIDIA A100-SXM4-40GB,I64,U64,32,1,8,4,1000000000,512,Yes,,,,,,,,,,
pfp_bloom_filter_contains_unique_size_u64,0,NVIDIA A100-SXM4-40GB,I64,U64,32,1,8,4,1000000000,1024,Yes,,,,,,,,,,
pfp_bloom_filter_contains_unique_size_u64,0,NVIDIA A100-SXM4-40GB,I64,U64,32,1,8,4,1000000000,2048,Yes,,,,,,,,,,
pfp_bloom_filter_contains_unique_size_u64,0,NVIDIA A100-SXM4-40GB,I64,U64,32,1,8,8,1000000000,1,Yes,,,,,,,,,,
pfp_bloom_filter_contains_unique_size_u64,0,NVIDIA A100-SXM4-40GB,I64,U64,32,1,8,8,1000000000,2,Yes,,,,,,,,,,
pfp_bloom_filter_contains_unique_size_u64,0,NVIDIA A100-SXM4-40GB,I64,U64,32,1,8,8,1000000000,4,Yes,,,,,,,,,,
pfp_bloom_filter_contains_unique_size_u64,0,NVIDIA A100-SXM4-40GB,I64,U64,32,1,8,8,1000000000,8,Yes,,,,,,,,,,
pfp_bloom_filter_contains_unique_size_u64,0,NVIDIA A100-SXM4-40GB,I64,U64,32,1,8,8,1000000000,16,Yes,,,,,,,,,,
pfp_bloom_filter_contains_unique_size_u64,0,NVIDIA A100-SXM4-40GB,I64,U64,32,1,8,8,1000000000,32,Yes,,,,,,,,,,
pfp_bloom_filter_contains_unique_size_u64,0,NVIDIA A100-SXM4-40GB,I64,U64,32,1,8,8,1000000000,64,Yes,,,,,,,,,,
pfp_bloom_filter_contains_unique_size_u64,0,NVIDIA A100-SXM4-40GB,I64,U64,32,1,8,8,1000000000,128,Yes,,,,,,,,,,
pfp_bloom_filter_contains_unique_size_u64,0,NVIDIA A100-SXM4-40GB,I64,U64,32,1,8,8,1000000000,256,Yes,,,,,,,,,,
pfp_bloom_filter_contains_unique_size_u64,0,NVIDIA A100-SXM4-40GB,I64,U64,32,1,8,8,1000000000,512,Yes,,,,,,,,,,
pfp_bloom_filter_contains_unique_size_u64,0,NVIDIA A100-SXM4-40GB,I64,U64,32,1,8,8,1000000000,1024,Yes,,,,,,,,,,
pfp_bloom_filter_contains_unique_size_u64,0,NVIDIA A100-SXM4-40GB,I64,U64,32,1,8,8,1000000000,2048,Yes,,,,,,,,,,
pfp_bloom_filter_contains_unique_size_u64,0,NVIDIA A100-SXM4-40GB,I64,U64,32,16,1,1,1000000000,1,Yes,,,,,,,,,,
pfp_bloom_filter_contains_unique_size_u64,0,NVIDIA A100-SXM4-40GB,I64,U64,32,16,1,1,1000000000,2,Yes,,,,,,,,,,
pfp_bloom_filter_contains_unique_size_u64,0,NVIDIA A100-SXM4-40GB,I64,U64,32,16,1,1,1000000000,4,Yes,,,,,,,,,,
pfp_bloom_filter_contains_unique_size_u64,0,NVIDIA A100-SXM4-40GB,I64,U64,32,16,1,1,1000000000,8,Yes,,,,,,,,,,
pfp_bloom_filter_contains_unique_size_u64,0,NVIDIA A100-SXM4-40GB,I64,U64,32,16,1,1,1000000000,16,Yes,,,,,,,,,,
pfp_bloom_filter_contains_unique_size_u64,0,NVIDIA A100-SXM4-40GB,I64,U64,32,16,1,1,1000000000,32,Yes,,,,,,,,,,
pfp_bloom_filter_contains_unique_size_u64,0,NVIDIA A100-SXM4-40GB,I64,U64,32,16,1,1,1000000000,64,Yes,,,,,,,,,,
pfp_bloom_filter_contains_unique_size_u64,0,NVIDIA A100-SXM4-40GB,I64,U64,32,16,1,1,1000000000,128,Yes,,,,,,,,,,
pfp_bloom_filter_contains_unique_size_u64,0,NVIDIA A100-SXM4-40GB,I64,U64,32,16,1,1,1000000000,256,Yes,,,,,,,,,,
pfp_bloom_filter_contains_unique_size_u64,0,NVIDIA A100-SXM4-40GB,I64,U64,32,16,1,1,1000000000,512,Yes,,,,,,,,,,
pfp_bloom_filter_contains_unique_size_u64,0,NVIDIA A100-SXM4-40GB,I64,U64,32,16,1,1,1000000000,1024,Yes,,,,,,,,,,
pfp_bloom_filter_contains_unique_size_u64,0,NVIDIA A100-SXM4-40GB,I64,U64,32,16,1,1,1000000000,2048,Yes,,,,,,,,,,
pfp_bloom_filter_contains_unique_size_u64,0,NVIDIA A100-SXM4-40GB,I64,U64,32,16,1,2,1000000000,1,Yes,,,,,,,,,,
pfp_bloom_filter_contains_unique_size_u64,0,NVIDIA A100-SXM4-40GB,I64,U64,32,16,1,2,1000000000,2,Yes,,,,,,,,,,
pfp_bloom_filter_contains_unique_size_u64,0,NVIDIA A100-SXM4-40GB,I64,U64,32,16,1,2,1000000000,4,Yes,,,,,,,,,,
pfp_bloom_filter_contains_unique_size_u64,0,NVIDIA A100-SXM4-40GB,I64,U64,32,16,1,2,1000000000,8,Yes,,,,,,,,,,
pfp_bloom_filter_contains_unique_size_u64,0,NVIDIA A100-SXM4-40GB,I64,U64,32,16,1,2,1000000000,16,Yes,,,,,,,,,,
pfp_bloom_filter_contains_unique_size_u64,0,NVIDIA A100-SXM4-40GB,I64,U64,32,16,1,2,1000000000,32,Yes,,,,,,,,,,
pfp_bloom_filter_contains_unique_size_u64,0,NVIDIA A100-SXM4-40GB,I64,U64,32,16,1,2,1000000000,64,Yes,,,,,,,,,,
pfp_bloom_filter_contains_unique_size_u64,0,NVIDIA A100-SXM4-40GB,I64,U64,32,16,1,2,1000000000,128,Yes,,,,,,,,,,
pfp_bloom_filter_contains_unique_size_u64,0,NVIDIA A100-SXM4-40GB,I64,U64,32,16,1,2,1000000000,256,Yes,,,,,,,,,,
pfp_bloom_filter_contains_unique_size_u64,0,NVIDIA A100-SXM4-40GB,I64,U64,32,16,1,2,1000000000,512,Yes,,,,,,,,,,
pfp_bloom_filter_contains_unique_size_u64,0,NVIDIA A100-SXM4-40GB,I64,U64,32,16,1,2,1000000000,1024,Yes,,,,,,,,,,
pfp_bloom_filter_contains_unique_size_u64,0,NVIDIA A100-SXM4-40GB,I64,U64,32,16,1,2,1000000000,2048,Yes,,,,,,,,,,
pfp_bloom_filter_contains_unique_size_u64,0,NVIDIA A100-SXM4-40GB,I64,U64,32,16,1,4,1000000000,1,Yes,,,,,,,,,,
pfp_bloom_filter_contains_unique_size_u64,0,NVIDIA A100-SXM4-40GB,I64,U64,32,16,1,4,1000000000,2,Yes,,,,,,,,,,
pfp_bloom_filter_contains_unique_size_u64,0,NVIDIA A100-SXM4-40GB,I64,U64,32,16,1,4,1000000000,4,Yes,,,,,,,,,,
pfp_bloom_filter_contains_unique_size_u64,0,NVIDIA A100-SXM4-40GB,I64,U64,32,16,1,4,1000000000,8,Yes,,,,,,,,,,
pfp_bloom_filter_contains_unique_size_u64,0,NVIDIA A100-SXM4-40GB,I64,U64,32,16,1,4,1000000000,16,Yes,,,,,,,,,,
pfp_bloom_filter_contains_unique_size_u64,0,NVIDIA A100-SXM4-40GB,I64,U64,32,16,1,4,1000000000,32,Yes,,,,,,,,,,
pfp_bloom_filter_contains_unique_size_u64,0,NVIDIA A100-SXM4-40GB,I64,U64,32,16,1,4,1000000000,64,Yes,,,,,,,,,,
pfp_bloom_filter_contains_unique_size_u64,0,NVIDIA A100-SXM4-40GB,I64,U64,32,16,1,4,1000000000,128,Yes,,,,,,,,,,
pfp_bloom_filter_contains_unique_size_u64,0,NVIDIA A100-SXM4-40GB,I64,U64,32,16,1,4,1000000000,256,Yes,,,,,,,,,,
pfp_bloom_filter_contains_unique_size_u64,0,NVIDIA A100-SXM4-40GB,I64,U64,32,16,1,4,1000000000,512,Yes,,,,,,,,,,
pfp_bloom_filter_contains_unique_size_u64,0,NVIDIA A100-SXM4-40GB,I64,U64,32,16,1,4,1000000000,1024,Yes,,,,,,,,,,
pfp_bloom_filter_contains_unique_size_u64,0,NVIDIA A100-SXM4-40GB,I64,U64,32,16,1,4,1000000000,2048,Yes,,,,,,,,,,
pfp_bloom_filter_contains_unique_size_u64,0,NVIDIA A100-SXM4-40GB,I64,U64,32,16,1,8,1000000000,1,Yes,,,,,,,,,,
pfp_bloom_filter_contains_unique_size_u64,0,NVIDIA A100-SXM4-40GB,I64,U64,32,16,1,8,1000000000,2,Yes,,,,,,,,,,
pfp_bloom_filter_contains_unique_size_u64,0,NVIDIA A100-SXM4-40GB,I64,U64,32,16,1,8,1000000000,4,Yes,,,,,,,,,,
pfp_bloom_filter_contains_unique_size_u64,0,NVIDIA A100-SXM4-40GB,I64,U64,32,16,1,8,1000000000,8,Yes,,,,,,,,,,
pfp_bloom_filter_contains_unique_size_u64,0,NVIDIA A100-SXM4-40GB,I64,U64,32,16,1,8,1000000000,16,Yes,,,,,,,,,,
pfp_bloom_filter_contains_unique_size_u64,0,NVIDIA A100-SXM4-40GB,I64,U64,32,16,1,8,1000000000,32,Yes,,,,,,,,,,
pfp_bloom_filter_contains_unique_size_u64,0,NVIDIA A100-SXM4-40GB,I64,U64,32,16,1,8,1000000000,64,Yes,,,,,,,,,,
pfp_bloom_filter_contains_unique_size_u64,0,NVIDIA A100-SXM4-40GB,I64,U64,32,16,1,8,1000000000,128,Yes,,,,,,,,,,
pfp_bloom_filter_contains_unique_size_u64,0,NVIDIA A100-SXM4-40GB,I64,U64,32,16,1,8,1000000000,256,Yes,,,,,,,,,,
pfp_bloom_filter_contains_unique_size_u64,0,NVIDIA A100-SXM4-40GB,I64,U64,32,16,1,8,1000000000,512,Yes,,,,,,,,,,
pfp_bloom_filter_contains_unique_size_u64,0,NVIDIA A100-SXM4-40GB,I64,U64,32,16,1,8,1000000000,1024,Yes,,,,,,,,,,
pfp_bloom_filter_contains_unique_size_u64,0,NVIDIA A100-SXM4-40GB,I64,U64,32,16,1,8,1000000000,2048,Yes,,,,,,,,,,
pfp_bloom_filter_contains_unique_size_u64,0,NVIDIA A100-SXM4-40GB,I64,U64,32,16,2,1,1000000000,1,Yes,,,,,,,,,,
pfp_bloom_filter_contains_unique_size_u64,0,NVIDIA A100-SXM4-40GB,I64,U64,32,16,2,1,1000000000,2,Yes,,,,,,,,,,
pfp_bloom_filter_contains_unique_size_u64,0,NVIDIA A100-SXM4-40GB,I64,U64,32,16,2,1,1000000000,4,Yes,,,,,,,,,,
pfp_bloom_filter_contains_unique_size_u64,0,NVIDIA A100-SXM4-40GB,I64,U64,32,16,2,1,1000000000,8,Yes,,,,,,,,,,
pfp_bloom_filter_contains_unique_size_u64,0,NVIDIA A100-SXM4-40GB,I64,U64,32,16,2,1,1000000000,16,Yes,,,,,,,,,,
pfp_bloom_filter_contains_unique_size_u64,0,NVIDIA A100-SXM4-40GB,I64,U64,32,16,2,1,1000000000,32,Yes,,,,,,,,,,
pfp_bloom_filter_contains_unique_size_u64,0,NVIDIA A100-SXM4-40GB,I64,U64,32,16,2,1,1000000000,64,Yes,,,,,,,,,,
pfp_bloom_filter_contains_unique_size_u64,0,NVIDIA A100-SXM4-40GB,I64,U64,32,16,2,1,1000000000,128,Yes,,,,,,,,,,
pfp_bloom_filter_contains_unique_size_u64,0,NVIDIA A100-SXM4-40GB,I64,U64,32,16,2,1,1000000000,256,Yes,,,,,,,,,,
pfp_bloom_filter_contains_unique_size_u64,0,NVIDIA A100-SXM4-40GB,I64,U64,32,16,2,1,1000000000,512,Yes,,,,,,,,,,
pfp_bloom_filter_contains_unique_size_u64,0,NVIDIA A100-SXM4-40GB,I64,U64,32,16,2,1,1000000000,1024,Yes,,,,,,,,,,
pfp_bloom_filter_contains_unique_size_u64,0,NVIDIA A100-SXM4-40GB,I64,U64,32,16,2,1,1000000000,2048,Yes,,,,,,,,,,
pfp_bloom_filter_contains_unique_size_u64,0,NVIDIA A100-SXM4-40GB,I64,U64,32,16,2,2,1000000000,1,Yes,,,,,,,,,,
pfp_bloom_filter_contains_unique_size_u64,0,NVIDIA A100-SXM4-40GB,I64,U64,32,16,2,2,1000000000,2,Yes,,,,,,,,,,
pfp_bloom_filter_contains_unique_size_u64,0,NVIDIA A100-SXM4-40GB,I64,U64,32,16,2,2,1000000000,4,Yes,,,,,,,,,,
pfp_bloom_filter_contains_unique_size_u64,0,NVIDIA A100-SXM4-40GB,I64,U64,32,16,2,2,1000000000,8,Yes,,,,,,,,,,
pfp_bloom_filter_contains_unique_size_u64,0,NVIDIA A100-SXM4-40GB,I64,U64,32,16,2,2,1000000000,16,Yes,,,,,,,,,,
pfp_bloom_filter_contains_unique_size_u64,0,NVIDIA A100-SXM4-40GB,I64,U64,32,16,2,2,1000000000,32,Yes,,,,,,,,,,
pfp_bloom_filter_contains_unique_size_u64,0,NVIDIA A100-SXM4-40GB,I64,U64,32,16,2,2,1000000000,64,Yes,,,,,,,,,,
pfp_bloom_filter_contains_unique_size_u64,0,NVIDIA A100-SXM4-40GB,I64,U64,32,16,2,2,1000000000,128,Yes,,,,,,,,,,
pfp_bloom_filter_contains_unique_size_u64,0,NVIDIA A100-SXM4-40GB,I64,U64,32,16,2,2,1000000000,256,Yes,,,,,,,,,,
pfp_bloom_filter_contains_unique_size_u64,0,NVIDIA A100-SXM4-40GB,I64,U64,32,16,2,2,1000000000,512,Yes,,,,,,,,,,
pfp_bloom_filter_contains_unique_size_u64,0,NVIDIA A100-SXM4-40GB,I64,U64,32,16,2,2,1000000000,1024,Yes,,,,,,,,,,
pfp_bloom_filter_contains_unique_size_u64,0,NVIDIA A100-SXM4-40GB,I64,U64,32,16,2,2,1000000000,2048,Yes,,,,,,,,,,
pfp_bloom_filter_contains_unique_size_u64,0,NVIDIA A100-SXM4-40GB,I64,U64,32,16,2,4,1000000000,1,Yes,,,,,,,,,,
pfp_bloom_filter_contains_unique_size_u64,0,NVIDIA A100-SXM4-40GB,I64,U64,32,16,2,4,1000000000,2,Yes,,,,,,,,,,
pfp_bloom_filter_contains_unique_size_u64,0,NVIDIA A100-SXM4-40GB,I64,U64,32,16,2,4,1000000000,4,Yes,,,,,,,,,,
pfp_bloom_filter_contains_unique_size_u64,0,NVIDIA A100-SXM4-40GB,I64,U64,32,16,2,4,1000000000,8,Yes,,,,,,,,,,
pfp_bloom_filter_contains_unique_size_u64,0,NVIDIA A100-SXM4-40GB,I64,U64,32,16,2,4,1000000000,16,Yes,,,,,,,,,,
pfp_bloom_filter_contains_unique_size_u64,0,NVIDIA A100-SXM4-40GB,I64,U64,32,16,2,4,1000000000,32,Yes,,,,,,,,,,
pfp_bloom_filter_contains_unique_size_u64,0,NVIDIA A100-SXM4-40GB,I64,U64,32,16,2,4,1000000000,64,Yes,,,,,,,,,,
pfp_bloom_filter_contains_unique_size_u64,0,NVIDIA A100-SXM4-40GB,I64,U64,32,16,2,4,1000000000,128,Yes,,,,,,,,,,
pfp_bloom_filter_contains_unique_size_u64,0,NVIDIA A100-SXM4-40GB,I64,U64,32,16,2,4,1000000000,256,Yes,,,,,,,,,,
pfp_bloom_filter_contains_unique_size_u64,0,NVIDIA A100-SXM4-40GB,I64,U64,32,16,2,4,1000000000,512,Yes,,,,,,,,,,
pfp_bloom_filter_contains_unique_size_u64,0,NVIDIA A100-SXM4-40GB,I64,U64,32,16,2,4,1000000000,1024,Yes,,,,,,,,,,
pfp_bloom_filter_contains_unique_size_u64,0,NVIDIA A100-SXM4-40GB,I64,U64,32,16,2,4,1000000000,2048,Yes,,,,,,,,,,
pfp_bloom_filter_contains_unique_size_u64,0,NVIDIA A100-SXM4-40GB,I64,U64,32,16,2,8,1000000000,1,Yes,,,,,,,,,,
pfp_bloom_filter_contains_unique_size_u64,0,NVIDIA A100-SXM4-40GB,I64,U64,32,16,2,8,1000000000,2,Yes,,,,,,,,,,
pfp_bloom_filter_contains_unique_size_u64,0,NVIDIA A100-SXM4-40GB,I64,U64,32,16,2,8,1000000000,4,Yes,,,,,,,,,,
pfp_bloom_filter_contains_unique_size_u64,0,NVIDIA A100-SXM4-40GB,I64,U64,32,16,2,8,1000000000,8,Yes,,,,,,,,,,
pfp_bloom_filter_contains_unique_size_u64,0,NVIDIA A100-SXM4-40GB,I64,U64,32,16,2,8,1000000000,16,Yes,,,,,,,,,,
pfp_bloom_filter_contains_unique_size_u64,0,NVIDIA A100-SXM4-40GB,I64,U64,32,16,2,8,1000000000,32,Yes,,,,,,,,,,
pfp_bloom_filter_contains_unique_size_u64,0,NVIDIA A100-SXM4-40GB,I64,U64,32,16,2,8,1000000000,64,Yes,,,,,,,,,,
pfp_bloom_filter_contains_unique_size_u64,0,NVIDIA A100-SXM4-40GB,I64,U64,32,16,2,8,1000000000,128,Yes,,,,,,,,,,
pfp_bloom_filter_contains_unique_size_u64,0,NVIDIA A100-SXM4-40GB,I64,U64,32,16,2,8,1000000000,256,Yes,,,,,,,,,,
pfp_bloom_filter_contains_unique_size_u64,0,NVIDIA A100-SXM4-40GB,I64,U64,32,16,2,8,1000000000,512,Yes,,,,,,,,,,
pfp_bloom_filter_contains_unique_size_u64,0,NVIDIA A100-SXM4-40GB,I64,U64,32,16,2,8,1000000000,1024,Yes,,,,,,,,,,
pfp_bloom_filter_contains_unique_size_u64,0,NVIDIA A100-SXM4-40GB,I64,U64,32,16,2,8,1000000000,2048,Yes,,,,,,,,,,
pfp_bloom_filter_contains_unique_size_u64,0,NVIDIA A100-SXM4-40GB,I64,U64,32,16,4,1,1000000000,1,Yes,,,,,,,,,,
pfp_bloom_filter_contains_unique_size_u64,0,NVIDIA A100-SXM4-40GB,I64,U64,32,16,4,1,1000000000,2,Yes,,,,,,,,,,
pfp_bloom_filter_contains_unique_size_u64,0,NVIDIA A100-SXM4-40GB,I64,U64,32,16,4,1,1000000000,4,Yes,,,,,,,,,,
pfp_bloom_filter_contains_unique_size_u64,0,NVIDIA A100-SXM4-40GB,I64,U64,32,16,4,1,1000000000,8,Yes,,,,,,,,,,
pfp_bloom_filter_contains_unique_size_u64,0,NVIDIA A100-SXM4-40GB,I64,U64,32,16,4,1,1000000000,16,Yes,,,,,,,,,,
pfp_bloom_filter_contains_unique_size_u64,0,NVIDIA A100-SXM4-40GB,I64,U64,32,16,4,1,1000000000,32,Yes,,,,,,,,,,
pfp_bloom_filter_contains_unique_size_u64,0,NVIDIA A100-SXM4-40GB,I64,U64,32,16,4,1,1000000000,64,Yes,,,,,,,,,,
pfp_bloom_filter_contains_unique_size_u64,0,NVIDIA A100-SXM4-40GB,I64,U64,32,16,4,1,1000000000,128,Yes,,,,,,,,,,
pfp_bloom_filter_contains_unique_size_u64,0,NVIDIA A100-SXM4-40GB,I64,U64,32,16,4,1,1000000000,256,Yes,,,,,,,,,,
pfp_bloom_filter_contains_unique_size_u64,0,NVIDIA A100-SXM4-40GB,I64,U64,32,16,4,1,1000000000,512,Yes,,,,,,,,,,
pfp_bloom_filter_contains_unique_size_u64,0,NVIDIA A100-SXM4-40GB,I64,U64,32,16,4,1,1000000000,1024,Yes,,,,,,,,,,
pfp_bloom_filter_contains_unique_size_u64,0,NVIDIA A100-SXM4-40GB,I64,U64,32,16,4,1,1000000000,2048,Yes,,,,,,,,,,
pfp_bloom_filter_contains_unique_size_u64,0,NVIDIA A100-SXM4-40GB,I64,U64,32,16,4,2,1000000000,1,Yes,,,,,,,,,,
pfp_bloom_filter_contains_unique_size_u64,0,NVIDIA A100-SXM4-40GB,I64,U64,32,16,4,2,1000000000,2,Yes,,,,,,,,,,
pfp_bloom_filter_contains_unique_size_u64,0,NVIDIA A100-SXM4-40GB,I64,U64,32,16,4,2,1000000000,4,Yes,,,,,,,,,,
pfp_bloom_filter_contains_unique_size_u64,0,NVIDIA A100-SXM4-40GB,I64,U64,32,16,4,2,1000000000,8,Yes,,,,,,,,,,
pfp_bloom_filter_contains_unique_size_u64,0,NVIDIA A100-SXM4-40GB,I64,U64,32,16,4,2,1000000000,16,Yes,,,,,,,,,,
pfp_bloom_filter_contains_unique_size_u64,0,NVIDIA A100-SXM4-40GB,I64,U64,32,16,4,2,1000000000,32,Yes,,,,,,,,,,
pfp_bloom_filter_contains_unique_size_u64,0,NVIDIA A100-SXM4-40GB,I64,U64,32,16,4,2,1000000000,64,Yes,,,,,,,,,,
pfp_bloom_filter_contains_unique_size_u64,0,NVIDIA A100-SXM4-40GB,I64,U64,32,16,4,2,1000000000,128,Yes,,,,,,,,,,
pfp_bloom_filter_contains_unique_size_u64,0,NVIDIA A100-SXM4-40GB,I64,U64,32,16,4,2,1000000000,256,Yes,,,,,,,,,,
pfp_bloom_filter_contains_unique_size_u64,0,NVIDIA A100-SXM4-40GB,I64,U64,32,16,4,2,1000000000,512,Yes,,,,,,,,,,
pfp_bloom_filter_contains_unique_size_u64,0,NVIDIA A100-SXM4-40GB,I64,U64,32,16,4,2,1000000000,1024,Yes,,,,,,,,,,
pfp_bloom_filter_contains_unique_size_u64,0,NVIDIA A100-SXM4-40GB,I64,U64,32,16,4,2,1000000000,2048,Yes,,,,,,,,,,
pfp_bloom_filter_contains_unique_size_u64,0,NVIDIA A100-SXM4-40GB,I64,U64,32,16,4,4,1000000000,1,Yes,,,,,,,,,,
pfp_bloom_filter_contains_unique_size_u64,0,NVIDIA A100-SXM4-40GB,I64,U64,32,16,4,4,1000000000,2,Yes,,,,,,,,,,
pfp_bloom_filter_contains_unique_size_u64,0,NVIDIA A100-SXM4-40GB,I64,U64,32,16,4,4,1000000000,4,Yes,,,,,,,,,,
pfp_bloom_filter_contains_unique_size_u64,0,NVIDIA A100-SXM4-40GB,I64,U64,32,16,4,4,1000000000,8,Yes,,,,,,,,,,
pfp_bloom_filter_contains_unique_size_u64,0,NVIDIA A100-SXM4-40GB,I64,U64,32,16,4,4,1000000000,16,Yes,,,,,,,,,,
pfp_bloom_filter_contains_unique_size_u64,0,NVIDIA A100-SXM4-40GB,I64,U64,32,16,4,4,1000000000,32,Yes,,,,,,,,,,
pfp_bloom_filter_contains_unique_size_u64,0,NVIDIA A100-SXM4-40GB,I64,U64,32,16,4,4,1000000000,64,Yes,,,,,,,,,,
pfp_bloom_filter_contains_unique_size_u64,0,NVIDIA A100-SXM4-40GB,I64,U64,32,16,4,4,1000000000,128,Yes,,,,,,,,,,
pfp_bloom_filter_contains_unique_size_u64,0,NVIDIA A100-SXM4-40GB,I64,U64,32,16,4,4,1000000000,256,Yes,,,,,,,,,,
pfp_bloom_filter_contains_unique_size_u64,0,NVIDIA A100-SXM4-40GB,I64,U64,32,16,4,4,1000000000,512,Yes,,,,,,,,,,
pfp_bloom_filter_contains_unique_size_u64,0,NVIDIA A100-SXM4-40GB,I64,U64,32,16,4,4,1000000000,1024,Yes,,,,,,,,,,
pfp_bloom_filter_contains_unique_size_u64,0,NVIDIA A100-SXM4-40GB,I64,U64,32,16,4,4,1000000000,2048,Yes,,,,,,,,,,
pfp_bloom_filter_contains_unique_size_u64,0,NVIDIA A100-SXM4-40GB,I64,U64,32,16,4,8,1000000000,1,Yes,,,,,,,,,,
pfp_bloom_filter_contains_unique_size_u64,0,NVIDIA A100-SXM4-40GB,I64,U64,32,16,4,8,1000000000,2,Yes,,,,,,,,,,
pfp_bloom_filter_contains_unique_size_u64,0,NVIDIA A100-SXM4-40GB,I64,U64,32,16,4,8,1000000000,4,Yes,,,,,,,,,,
pfp_bloom_filter_contains_unique_size_u64,0,NVIDIA A100-SXM4-40GB,I64,U64,32,16,4,8,1000000000,8,Yes,,,,,,,,,,
pfp_bloom_filter_contains_unique_size_u64,0,NVIDIA A100-SXM4-40GB,I64,U64,32,16,4,8,1000000000,16,Yes,,,,,,,,,,
pfp_bloom_filter_contains_unique_size_u64,0,NVIDIA A100-SXM4-40GB,I64,U64,32,16,4,8,1000000000,32,Yes,,,,,,,,,,
pfp_bloom_filter_contains_unique_size_u64,0,NVIDIA A100-SXM4-40GB,I64,U64,32,16,4,8,1000000000,64,Yes,,,,,,,,,,
pfp_bloom_filter_contains_unique_size_u64,0,NVIDIA A100-SXM4-40GB,I64,U64,32,16,4,8,1000000000,128,Yes,,,,,,,,,,
pfp_bloom_filter_contains_unique_size_u64,0,NVIDIA A100-SXM4-40GB,I64,U64,32,16,4,8,1000000000,256,Yes,,,,,,,,,,
pfp_bloom_filter_contains_unique_size_u64,0,NVIDIA A100-SXM4-40GB,I64,U64,32,16,4,8,1000000000,512,Yes,,,,,,,,,,
pfp_bloom_filter_contains_unique_size_u64,0,NVIDIA A100-SXM4-40GB,I64,U64,32,16,4,8,1000000000,1024,Yes,,,,,,,,,,
pfp_bloom_filter_contains_unique_size_u64,0,NVIDIA A100-SXM4-40GB,I64,U64,32,16,4,8,1000000000,2048,Yes,,,,,,,,,,
pfp_bloom_filter_contains_unique_size_u64,0,NVIDIA A100-SXM4-40GB,I64,U64,32,16,8,1,1000000000,1,Yes,,,,,,,,,,
pfp_bloom_filter_contains_unique_size_u64,0,NVIDIA A100-SXM4-40GB,I64,U64,32,16,8,1,1000000000,2,Yes,,,,,,,,,,
pfp_bloom_filter_contains_unique_size_u64,0,NVIDIA A100-SXM4-40GB,I64,U64,32,16,8,1,1000000000,4,Yes,,,,,,,,,,
pfp_bloom_filter_contains_unique_size_u64,0,NVIDIA A100-SXM4-40GB,I64,U64,32,16,8,1,1000000000,8,Yes,,,,,,,,,,
pfp_bloom_filter_contains_unique_size_u64,0,NVIDIA A100-SXM4-40GB,I64,U64,32,16,8,1,1000000000,16,Yes,,,,,,,,,,
pfp_bloom_filter_contains_unique_size_u64,0,NVIDIA A100-SXM4-40GB,I64,U64,32,16,8,1,1000000000,32,Yes,,,,,,,,,,
pfp_bloom_filter_contains_unique_size_u64,0,NVIDIA A100-SXM4-40GB,I64,U64,32,16,8,1,1000000000,64,Yes,,,,,,,,,,
pfp_bloom_filter_contains_unique_size_u64,0,NVIDIA A100-SXM4-40GB,I64,U64,32,16,8,1,1000000000,128,Yes,,,,,,,,,,
pfp_bloom_filter_contains_unique_size_u64,0,NVIDIA A100-SXM4-40GB,I64,U64,32,16,8,1,1000000000,256,Yes,,,,,,,,,,
pfp_bloom_filter_contains_unique_size_u64,0,NVIDIA A100-SXM4-40GB,I64,U64,32,16,8,1,1000000000,512,Yes,,,,,,,,,,
pfp_bloom_filter_contains_unique_size_u64,0,NVIDIA A100-SXM4-40GB,I64,U64,32,16,8,1,1000000000,1024,Yes,,,,,,,,,,
pfp_bloom_filter_contains_unique_size_u64,0,NVIDIA A100-SXM4-40GB,I64,U64,32,16,8,1,1000000000,2048,Yes,,,,,,,,,,
pfp_bloom_filter_contains_unique_size_u64,0,NVIDIA A100-SXM4-40GB,I64,U64,32,16,8,2,1000000000,1,Yes,,,,,,,,,,
pfp_bloom_filter_contains_unique_size_u64,0,NVIDIA A100-SXM4-40GB,I64,U64,32,16,8,2,1000000000,2,Yes,,,,,,,,,,
pfp_bloom_filter_contains_unique_size_u64,0,NVIDIA A100-SXM4-40GB,I64,U64,32,16,8,2,1000000000,4,Yes,,,,,,,,,,
pfp_bloom_filter_contains_unique_size_u64,0,NVIDIA A100-SXM4-40GB,I64,U64,32,16,8,2,1000000000,8,Yes,,,,,,,,,,
pfp_bloom_filter_contains_unique_size_u64,0,NVIDIA A100-SXM4-40GB,I64,U64,32,16,8,2,1000000000,16,Yes,,,,,,,,,,
pfp_bloom_filter_contains_unique_size_u64,0,NVIDIA A100-SXM4-40GB,I64,U64,32,16,8,2,1000000000,32,Yes,,,,,,,,,,
pfp_bloom_filter_contains_unique_size_u64,0,NVIDIA A100-SXM4-40GB,I64,U64,32,16,8,2,1000000000,64,Yes,,,,,,,,,,
pfp_bloom_filter_contains_unique_size_u64,0,NVIDIA A100-SXM4-40GB,I64,U64,32,16,8,2,1000000000,128,Yes,,,,,,,,,,
pfp_bloom_filter_contains_unique_size_u64,0,NVIDIA A100-SXM4-40GB,I64,U64,32,16,8,2,1000000000,256,Yes,,,,,,,,,,
pfp_bloom_filter_contains_unique_size_u64,0,NVIDIA A100-SXM4-40GB,I64,U64,32,16,8,2,1000000000,512,Yes,,,,,,,,,,
pfp_bloom_filter_contains_unique_size_u64,0,NVIDIA A100-SXM4-40GB,I64,U64,32,16,8,2,1000000000,1024,Yes,,,,,,,,,,
pfp_bloom_filter_contains_unique_size_u64,0,NVIDIA A100-SXM4-40GB,I64,U64,32,16,8,2,1000000000,2048,Yes,,,,,,,,,,
pfp_bloom_filter_contains_unique_size_u64,0,NVIDIA A100-SXM4-40GB,I64,U64,32,16,8,4,1000000000,1,Yes,,,,,,,,,,
pfp_bloom_filter_contains_unique_size_u64,0,NVIDIA A100-SXM4-40GB,I64,U64,32,16,8,4,1000000000,2,Yes,,,,,,,,,,
pfp_bloom_filter_contains_unique_size_u64,0,NVIDIA A100-SXM4-40GB,I64,U64,32,16,8,4,1000000000,4,Yes,,,,,,,,,,
pfp_bloom_filter_contains_unique_size_u64,0,NVIDIA A100-SXM4-40GB,I64,U64,32,16,8,4,1000000000,8,Yes,,,,,,,,,,
pfp_bloom_filter_contains_unique_size_u64,0,NVIDIA A100-SXM4-40GB,I64,U64,32,16,8,4,1000000000,16,Yes,,,,,,,,,,
pfp_bloom_filter_contains_unique_size_u64,0,NVIDIA A100-SXM4-40GB,I64,U64,32,16,8,4,1000000000,32,Yes,,,,,,,,,,
pfp_bloom_filter_contains_unique_size_u64,0,NVIDIA A100-SXM4-40GB,I64,U64,32,16,8,4,1000000000,64,Yes,,,,,,,,,,
pfp_bloom_filter_contains_unique_size_u64,0,NVIDIA A100-SXM4-40GB,I64,U64,32,16,8,4,1000000000,128,Yes,,,,,,,,,,
pfp_bloom_filter_contains_unique_size_u64,0,NVIDIA A100-SXM4-40GB,I64,U64,32,16,8,4,1000000000,256,Yes,,,,,,,,,,
pfp_bloom_filter_contains_unique_size_u64,0,NVIDIA A100-SXM4-40GB,I64,U64,32,16,8,4,1000000000,512,Yes,,,,,,,,,,
pfp_bloom_filter_contains_unique_size_u64,0,NVIDIA A100-SXM4-40GB,I64,U64,32,16,8,4,1000000000,1024,Yes,,,,,,,,,,
pfp_bloom_filter_contains_unique_size_u64,0,NVIDIA A100-SXM4-40GB,I64,U64,32,16,8,4,1000000000,2048,Yes,,,,,,,,,,
pfp_bloom_filter_contains_unique_size_u64,0,NVIDIA A100-SXM4-40GB,I64,U64,32,16,8,8,1000000000,1,Yes,,,,,,,,,,
pfp_bloom_filter_contains_unique_size_u64,0,NVIDIA A100-SXM4-40GB,I64,U64,32,16,8,8,1000000000,2,Yes,,,,,,,,,,
pfp_bloom_filter_contains_unique_size_u64,0,NVIDIA A100-SXM4-40GB,I64,U64,32,16,8,8,1000000000,4,Yes,,,,,,,,,,
pfp_bloom_filter_contains_unique_size_u64,0,NVIDIA A100-SXM4-40GB,I64,U64,32,16,8,8,1000000000,8,Yes,,,,,,,,,,
pfp_bloom_filter_contains_unique_size_u64,0,NVIDIA A100-SXM4-40GB,I64,U64,32,16,8,8,1000000000,16,Yes,,,,,,,,,,
pfp_bloom_filter_contains_unique_size_u64,0,NVIDIA A100-SXM4-40GB,I64,U64,32,16,8,8,1000000000,32,Yes,,,,,,,,,,
pfp_bloom_filter_contains_unique_size_u64,0,NVIDIA A100-SXM4-40GB,I64,U64,32,16,8,8,1000000000,64,Yes,,,,,,,,,,
pfp_bloom_filter_contains_unique_size_u64,0,NVIDIA A100-SXM4-40GB,I64,U64,32,16,8,8,1000000000,128,Yes,,,,,,,,,,
pfp_bloom_filter_contains_unique_size_u64,0,NVIDIA A100-SXM4-40GB,I64,U64,32,16,8,8,1000000000,256,Yes,,,,,,,,,,
pfp_bloom_filter_contains_unique_size_u64,0,NVIDIA A100-SXM4-40GB,I64,U64,32,16,8,8,1000000000,512,Yes,,,,,,,,,,
pfp_bloom_filter_contains_unique_size_u64,0,NVIDIA A100-SXM4-40GB,I64,U64,32,16,8,8,1000000000,1024,Yes,,,,,,,,,,
pfp_bloom_filter_contains_unique_size_u64,0,NVIDIA A100-SXM4-40GB,I64,U64,32,16,8,8,1000000000,2048,Yes,,,,,,,,,,
pfp_bloom_filter_contains_unique_size_u64,0,NVIDIA A100-SXM4-40GB,I64,U64,64,1,1,1,1000000000,1,No,0.393517069,1,42,0.01212452738095238,0.011517063747507782,0.012106118156796408,0.0115207355517995,82602861383.65479,43,0.012228965581849563
pfp_bloom_filter_contains_unique_size_u64,0,NVIDIA A100-SXM4-40GB,I64,U64,64,1,1,1,1000000000,2,No,0.393450218,1,41,0.012495632146341466,0.010861055877745756,0.01247626611663074,0.010846943867552196,80152185810.3852,42,0.012432091122581847
pfp_bloom_filter_contains_unique_size_u64,0,NVIDIA A100-SXM4-40GB,I64,U64,64,1,1,1,1000000000,4,No,0.39345492,1,41,0.012495290951219512,0.009121087732794067,0.012477090416885007,0.009128813387180497,80146890548.03348,42,0.012466468447730654
pfp_bloom_filter_contains_unique_size_u64,0,NVIDIA A100-SXM4-40GB,I64,U64,64,1,1,1,1000000000,8,No,0.39345243,1,40,0.012541787549999997,0.008492705887023971,0.012522623848915098,0.008505598875438704,79855468954.82574,41,0.012507785704077744
pfp_bloom_filter_contains_unique_size_u64,0,NVIDIA A100-SXM4-40GB,I64,U64,64,1,1,1,1000000000,16,No,0.393473962,1,37,0.013663491999999998,0.010774812186123672,0.013644578547091097,0.010764878506627032,73289181966.94255,39,0.013553742237580128
pfp_bloom_filter_contains_unique_size_u64,0,NVIDIA A100-SXM4-40GB,I64,U64,64,1,1,1,1000000000,32,No,0.393490367,1,15,0.03434368906666666,0.035198917409524744,0.03432584533691406,0.03520494011079961,29132567317.274445,16,0.033574272394180295
pfp_bloom_filter_contains_unique_size_u64,0,NVIDIA A100-SXM4-40GB,I64,U64,64,1,1,1,1000000000,64,No,0.393470699,1,11,0.05553466163636365,0.026820477010263834,0.055516346671364535,0.02683114269294779,18012712650.55707,12,0.05501397260030111
pfp_bloom_filter_contains_unique_size_u64,0,NVIDIA A100-SXM4-40GB,I64,U64,64,1,1,1,1000000000,128,No,0.393479853,1,11,0.06693835727272729,7.605292149862449e-05,0.06692026242342862,6.972036915909438e-05,14943157181.193336,12,0.06690594228108725
pfp_bloom_filter_contains_unique_size_u64,0,NVIDIA A100-SXM4-40GB,I64,U64,64,1,1,1,1000000000,256,No,0.393454774,1,11,0.072889598,6.773559473543453e-05,0.07287361214377662,5.3779101677919476e-05,13722388263.491611,12,0.07285717455546062
pfp_bloom_filter_contains_unique_size_u64,0,NVIDIA A100-SXM4-40GB,I64,U64,64,1,1,1,1000000000,512,No,0.393484353,1,11,0.07583608036363637,7.110199797997556e-05,0.07582114826549181,7.107125173079925e-05,13188932413.66441,12,0.07580714670817058
pfp_bloom_filter_contains_unique_size_u64,0,NVIDIA A100-SXM4-40GB,I64,U64,64,1,1,1,1000000000,1024,No,0.393459312,1,11,0.07729449627272728,8.213682465949827e-05,0.07727867265181108,8.533289188757478e-05,12940180850.486752,12,0.07726259104410808
pfp_bloom_filter_contains_unique_size_u64,0,NVIDIA A100-SXM4-40GB,I64,U64,64,1,1,1,1000000000,2048,No,0.393447439,1,11,0.07802792936363638,9.648490154025023e-05,0.07801222922585227,9.643000356301921e-05,12818503072.190285,12,0.0779972267150879
pfp_bloom_filter_contains_unique_size_u64,0,NVIDIA A100-SXM4-40GB,I64,U64,64,1,1,2,1000000000,1,Yes,,,,,,,,,,
pfp_bloom_filter_contains_unique_size_u64,0,NVIDIA A100-SXM4-40GB,I64,U64,64,1,1,2,1000000000,2,Yes,,,,,,,,,,
pfp_bloom_filter_contains_unique_size_u64,0,NVIDIA A100-SXM4-40GB,I64,U64,64,1,1,2,1000000000,4,Yes,,,,,,,,,,
pfp_bloom_filter_contains_unique_size_u64,0,NVIDIA A100-SXM4-40GB,I64,U64,64,1,1,2,1000000000,8,Yes,,,,,,,,,,
pfp_bloom_filter_contains_unique_size_u64,0,NVIDIA A100-SXM4-40GB,I64,U64,64,1,1,2,1000000000,16,Yes,,,,,,,,,,
pfp_bloom_filter_contains_unique_size_u64,0,NVIDIA A100-SXM4-40GB,I64,U64,64,1,1,2,1000000000,32,Yes,,,,,,,,,,
pfp_bloom_filter_contains_unique_size_u64,0,NVIDIA A100-SXM4-40GB,I64,U64,64,1,1,2,1000000000,64,Yes,,,,,,,,,,
pfp_bloom_filter_contains_unique_size_u64,0,NVIDIA A100-SXM4-40GB,I64,U64,64,1,1,2,1000000000,128,Yes,,,,,,,,,,
pfp_bloom_filter_contains_unique_size_u64,0,NVIDIA A100-SXM4-40GB,I64,U64,64,1,1,2,1000000000,256,Yes,,,,,,,,,,
pfp_bloom_filter_contains_unique_size_u64,0,NVIDIA A100-SXM4-40GB,I64,U64,64,1,1,2,1000000000,512,Yes,,,,,,,,,,
pfp_bloom_filter_contains_unique_size_u64,0,NVIDIA A100-SXM4-40GB,I64,U64,64,1,1,2,1000000000,1024,Yes,,,,,,,,,,
pfp_bloom_filter_contains_unique_size_u64,0,NVIDIA A100-SXM4-40GB,I64,U64,64,1,1,2,1000000000,2048,Yes,,,,,,,,,,
pfp_bloom_filter_contains_unique_size_u64,0,NVIDIA A100-SXM4-40GB,I64,U64,64,1,1,4,1000000000,1,Yes,,,,,,,,,,
pfp_bloom_filter_contains_unique_size_u64,0,NVIDIA A100-SXM4-40GB,I64,U64,64,1,1,4,1000000000,2,Yes,,,,,,,,,,
pfp_bloom_filter_contains_unique_size_u64,0,NVIDIA A100-SXM4-40GB,I64,U64,64,1,1,4,1000000000,4,Yes,,,,,,,,,,
pfp_bloom_filter_contains_unique_size_u64,0,NVIDIA A100-SXM4-40GB,I64,U64,64,1,1,4,1000000000,8,Yes,,,,,,,,,,
pfp_bloom_filter_contains_unique_size_u64,0,NVIDIA A100-SXM4-40GB,I64,U64,64,1,1,4,1000000000,16,Yes,,,,,,,,,,
pfp_bloom_filter_contains_unique_size_u64,0,NVIDIA A100-SXM4-40GB,I64,U64,64,1,1,4,1000000000,32,Yes,,,,,,,,,,
pfp_bloom_filter_contains_unique_size_u64,0,NVIDIA A100-SXM4-40GB,I64,U64,64,1,1,4,1000000000,64,Yes,,,,,,,,,,
pfp_bloom_filter_contains_unique_size_u64,0,NVIDIA A100-SXM4-40GB,I64,U64,64,1,1,4,1000000000,128,Yes,,,,,,,,,,
pfp_bloom_filter_contains_unique_size_u64,0,NVIDIA A100-SXM4-40GB,I64,U64,64,1,1,4,1000000000,256,Yes,,,,,,,,,,
pfp_bloom_filter_contains_unique_size_u64,0,NVIDIA A100-SXM4-40GB,I64,U64,64,1,1,4,1000000000,512,Yes,,,,,,,,,,
pfp_bloom_filter_contains_unique_size_u64,0,NVIDIA A100-SXM4-40GB,I64,U64,64,1,1,4,1000000000,1024,Yes,,,,,,,,,,
pfp_bloom_filter_contains_unique_size_u64,0,NVIDIA A100-SXM4-40GB,I64,U64,64,1,1,4,1000000000,2048,Yes,,,,,,,,,,
pfp_bloom_filter_contains_unique_size_u64,0,NVIDIA A100-SXM4-40GB,I64,U64,64,1,1,8,1000000000,1,Yes,,,,,,,,,,
pfp_bloom_filter_contains_unique_size_u64,0,NVIDIA A100-SXM4-40GB,I64,U64,64,1,1,8,1000000000,2,Yes,,,,,,,,,,
pfp_bloom_filter_contains_unique_size_u64,0,NVIDIA A100-SXM4-40GB,I64,U64,64,1,1,8,1000000000,4,Yes,,,,,,,,,,
pfp_bloom_filter_contains_unique_size_u64,0,NVIDIA A100-SXM4-40GB,I64,U64,64,1,1,8,1000000000,8,Yes,,,,,,,,,,
pfp_bloom_filter_contains_unique_size_u64,0,NVIDIA A100-SXM4-40GB,I64,U64,64,1,1,8,1000000000,16,Yes,,,,,,,,,,
pfp_bloom_filter_contains_unique_size_u64,0,NVIDIA A100-SXM4-40GB,I64,U64,64,1,1,8,1000000000,32,Yes,,,,,,,,,,
pfp_bloom_filter_contains_unique_size_u64,0,NVIDIA A100-SXM4-40GB,I64,U64,64,1,1,8,1000000000,64,Yes,,,,,,,,,,
pfp_bloom_filter_contains_unique_size_u64,0,NVIDIA A100-SXM4-40GB,I64,U64,64,1,1,8,1000000000,128,Yes,,,,,,,,,,
pfp_bloom_filter_contains_unique_size_u64,0,NVIDIA A100-SXM4-40GB,I64,U64,64,1,1,8,1000000000,256,Yes,,,,,,,,,,
pfp_bloom_filter_contains_unique_size_u64,0,NVIDIA A100-SXM4-40GB,I64,U64,64,1,1,8,1000000000,512,Yes,,,,,,,,,,
pfp_bloom_filter_contains_unique_size_u64,0,NVIDIA A100-SXM4-40GB,I64,U64,64,1,1,8,1000000000,1024,Yes,,,,,,,,,,
pfp_bloom_filter_contains_unique_size_u64,0,NVIDIA A100-SXM4-40GB,I64,U64,64,1,1,8,1000000000,2048,Yes,,,,,,,,,,
pfp_bloom_filter_contains_unique_size_u64,0,NVIDIA A100-SXM4-40GB,I64,U64,64,1,2,1,1000000000,1,Yes,,,,,,,,,,
pfp_bloom_filter_contains_unique_size_u64,0,NVIDIA A100-SXM4-40GB,I64,U64,64,1,2,1,1000000000,2,Yes,,,,,,,,,,
pfp_bloom_filter_contains_unique_size_u64,0,NVIDIA A100-SXM4-40GB,I64,U64,64,1,2,1,1000000000,4,Yes,,,,,,,,,,
pfp_bloom_filter_contains_unique_size_u64,0,NVIDIA A100-SXM4-40GB,I64,U64,64,1,2,1,1000000000,8,Yes,,,,,,,,,,
pfp_bloom_filter_contains_unique_size_u64,0,NVIDIA A100-SXM4-40GB,I64,U64,64,1,2,1,1000000000,16,Yes,,,,,,,,,,
pfp_bloom_filter_contains_unique_size_u64,0,NVIDIA A100-SXM4-40GB,I64,U64,64,1,2,1,1000000000,32,Yes,,,,,,,,,,
pfp_bloom_filter_contains_unique_size_u64,0,NVIDIA A100-SXM4-40GB,I64,U64,64,1,2,1,1000000000,64,Yes,,,,,,,,,,
pfp_bloom_filter_contains_unique_size_u64,0,NVIDIA A100-SXM4-40GB,I64,U64,64,1,2,1,1000000000,128,Yes,,,,,,,,,,
pfp_bloom_filter_contains_unique_size_u64,0,NVIDIA A100-SXM4-40GB,I64,U64,64,1,2,1,1000000000,256,Yes,,,,,,,,,,
pfp_bloom_filter_contains_unique_size_u64,0,NVIDIA A100-SXM4-40GB,I64,U64,64,1,2,1,1000000000,512,Yes,,,,,,,,,,
pfp_bloom_filter_contains_unique_size_u64,0,NVIDIA A100-SXM4-40GB,I64,U64,64,1,2,1,1000000000,1024,Yes,,,,,,,,,,
pfp_bloom_filter_contains_unique_size_u64,0,NVIDIA A100-SXM4-40GB,I64,U64,64,1,2,1,1000000000,2048,Yes,,,,,,,,,,
pfp_bloom_filter_contains_unique_size_u64,0,NVIDIA A100-SXM4-40GB,I64,U64,64,1,2,2,1000000000,1,Yes,,,,,,,,,,
pfp_bloom_filter_contains_unique_size_u64,0,NVIDIA A100-SXM4-40GB,I64,U64,64,1,2,2,1000000000,2,Yes,,,,,,,,,,
pfp_bloom_filter_contains_unique_size_u64,0,NVIDIA A100-SXM4-40GB,I64,U64,64,1,2,2,1000000000,4,Yes,,,,,,,,,,
pfp_bloom_filter_contains_unique_size_u64,0,NVIDIA A100-SXM4-40GB,I64,U64,64,1,2,2,1000000000,8,Yes,,,,,,,,,,
pfp_bloom_filter_contains_unique_size_u64,0,NVIDIA A100-SXM4-40GB,I64,U64,64,1,2,2,1000000000,16,Yes,,,,,,,,,,
pfp_bloom_filter_contains_unique_size_u64,0,NVIDIA A100-SXM4-40GB,I64,U64,64,1,2,2,1000000000,32,Yes,,,,,,,,,,
pfp_bloom_filter_contains_unique_size_u64,0,NVIDIA A100-SXM4-40GB,I64,U64,64,1,2,2,1000000000,64,Yes,,,,,,,,,,
pfp_bloom_filter_contains_unique_size_u64,0,NVIDIA A100-SXM4-40GB,I64,U64,64,1,2,2,1000000000,128,Yes,,,,,,,,,,
pfp_bloom_filter_contains_unique_size_u64,0,NVIDIA A100-SXM4-40GB,I64,U64,64,1,2,2,1000000000,256,Yes,,,,,,,,,,
pfp_bloom_filter_contains_unique_size_u64,0,NVIDIA A100-SXM4-40GB,I64,U64,64,1,2,2,1000000000,512,Yes,,,,,,,,,,
pfp_bloom_filter_contains_unique_size_u64,0,NVIDIA A100-SXM4-40GB,I64,U64,64,1,2,2,1000000000,1024,Yes,,,,,,,,,,
pfp_bloom_filter_contains_unique_size_u64,0,NVIDIA A100-SXM4-40GB,I64,U64,64,1,2,2,1000000000,2048,Yes,,,,,,,,,,
pfp_bloom_filter_contains_unique_size_u64,0,NVIDIA A100-SXM4-40GB,I64,U64,64,1,2,4,1000000000,1,Yes,,,,,,,,,,
pfp_bloom_filter_contains_unique_size_u64,0,NVIDIA A100-SXM4-40GB,I64,U64,64,1,2,4,1000000000,2,Yes,,,,,,,,,,
pfp_bloom_filter_contains_unique_size_u64,0,NVIDIA A100-SXM4-40GB,I64,U64,64,1,2,4,1000000000,4,Yes,,,,,,,,,,
pfp_bloom_filter_contains_unique_size_u64,0,NVIDIA A100-SXM4-40GB,I64,U64,64,1,2,4,1000000000,8,Yes,,,,,,,,,,
pfp_bloom_filter_contains_unique_size_u64,0,NVIDIA A100-SXM4-40GB,I64,U64,64,1,2,4,1000000000,16,Yes,,,,,,,,,,
pfp_bloom_filter_contains_unique_size_u64,0,NVIDIA A100-SXM4-40GB,I64,U64,64,1,2,4,1000000000,32,Yes,,,,,,,,,,
pfp_bloom_filter_contains_unique_size_u64,0,NVIDIA A100-SXM4-40GB,I64,U64,64,1,2,4,1000000000,64,Yes,,,,,,,,,,
pfp_bloom_filter_contains_unique_size_u64,0,NVIDIA A100-SXM4-40GB,I64,U64,64,1,2,4,1000000000,128,Yes,,,,,,,,,,
pfp_bloom_filter_contains_unique_size_u64,0,NVIDIA A100-SXM4-40GB,I64,U64,64,1,2,4,1000000000,256,Yes,,,,,,,,,,
pfp_bloom_filter_contains_unique_size_u64,0,NVIDIA A100-SXM4-40GB,I64,U64,64,1,2,4,1000000000,512,Yes,,,,,,,,,,
pfp_bloom_filter_contains_unique_size_u64,0,NVIDIA A100-SXM4-40GB,I64,U64,64,1,2,4,1000000000,1024,Yes,,,,,,,,,,
pfp_bloom_filter_contains_unique_size_u64,0,NVIDIA A100-SXM4-40GB,I64,U64,64,1,2,4,1000000000,2048,Yes,,,,,,,,,,
pfp_bloom_filter_contains_unique_size_u64,0,NVIDIA A100-SXM4-40GB,I64,U64,64,1,2,8,1000000000,1,Yes,,,,,,,,,,
pfp_bloom_filter_contains_unique_size_u64,0,NVIDIA A100-SXM4-40GB,I64,U64,64,1,2,8,1000000000,2,Yes,,,,,,,,,,
pfp_bloom_filter_contains_unique_size_u64,0,NVIDIA A100-SXM4-40GB,I64,U64,64,1,2,8,1000000000,4,Yes,,,,,,,,,,
pfp_bloom_filter_contains_unique_size_u64,0,NVIDIA A100-SXM4-40GB,I64,U64,64,1,2,8,1000000000,8,Yes,,,,,,,,,,
pfp_bloom_filter_contains_unique_size_u64,0,NVIDIA A100-SXM4-40GB,I64,U64,64,1,2,8,1000000000,16,Yes,,,,,,,,,,
pfp_bloom_filter_contains_unique_size_u64,0,NVIDIA A100-SXM4-40GB,I64,U64,64,1,2,8,1000000000,32,Yes,,,,,,,,,,
pfp_bloom_filter_contains_unique_size_u64,0,NVIDIA A100-SXM4-40GB,I64,U64,64,1,2,8,1000000000,64,Yes,,,,,,,,,,
pfp_bloom_filter_contains_unique_size_u64,0,NVIDIA A100-SXM4-40GB,I64,U64,64,1,2,8,1000000000,128,Yes,,,,,,,,,,
pfp_bloom_filter_contains_unique_size_u64,0,NVIDIA A100-SXM4-40GB,I64,U64,64,1,2,8,1000000000,256,Yes,,,,,,,,,,
pfp_bloom_filter_contains_unique_size_u64,0,NVIDIA A100-SXM4-40GB,I64,U64,64,1,2,8,1000000000,512,Yes,,,,,,,,,,
pfp_bloom_filter_contains_unique_size_u64,0,NVIDIA A100-SXM4-40GB,I64,U64,64,1,2,8,1000000000,1024,Yes,,,,,,,,,,
pfp_bloom_filter_contains_unique_size_u64,0,NVIDIA A100-SXM4-40GB,I64,U64,64,1,2,8,1000000000,2048,Yes,,,,,,,,,,
pfp_bloom_filter_contains_unique_size_u64,0,NVIDIA A100-SXM4-40GB,I64,U64,64,1,4,1,1000000000,1,Yes,,,,,,,,,,
pfp_bloom_filter_contains_unique_size_u64,0,NVIDIA A100-SXM4-40GB,I64,U64,64,1,4,1,1000000000,2,Yes,,,,,,,,,,
pfp_bloom_filter_contains_unique_size_u64,0,NVIDIA A100-SXM4-40GB,I64,U64,64,1,4,1,1000000000,4,Yes,,,,,,,,,,
pfp_bloom_filter_contains_unique_size_u64,0,NVIDIA A100-SXM4-40GB,I64,U64,64,1,4,1,1000000000,8,Yes,,,,,,,,,,
pfp_bloom_filter_contains_unique_size_u64,0,NVIDIA A100-SXM4-40GB,I64,U64,64,1,4,1,1000000000,16,Yes,,,,,,,,,,
pfp_bloom_filter_contains_unique_size_u64,0,NVIDIA A100-SXM4-40GB,I64,U64,64,1,4,1,1000000000,32,Yes,,,,,,,,,,
pfp_bloom_filter_contains_unique_size_u64,0,NVIDIA A100-SXM4-40GB,I64,U64,64,1,4,1,1000000000,64,Yes,,,,,,,,,,
pfp_bloom_filter_contains_unique_size_u64,0,NVIDIA A100-SXM4-40GB,I64,U64,64,1,4,1,1000000000,128,Yes,,,,,,,,,,
pfp_bloom_filter_contains_unique_size_u64,0,NVIDIA A100-SXM4-40GB,I64,U64,64,1,4,1,1000000000,256,Yes,,,,,,,,,,
pfp_bloom_filter_contains_unique_size_u64,0,NVIDIA A100-SXM4-40GB,I64,U64,64,1,4,1,1000000000,512,Yes,,,,,,,,,,
pfp_bloom_filter_contains_unique_size_u64,0,NVIDIA A100-SXM4-40GB,I64,U64,64,1,4,1,1000000000,1024,Yes,,,,,,,,,,
pfp_bloom_filter_contains_unique_size_u64,0,NVIDIA A100-SXM4-40GB,I64,U64,64,1,4,1,1000000000,2048,Yes,,,,,,,,,,
pfp_bloom_filter_contains_unique_size_u64,0,NVIDIA A100-SXM4-40GB,I64,U64,64,1,4,2,1000000000,1,Yes,,,,,,,,,,
pfp_bloom_filter_contains_unique_size_u64,0,NVIDIA A100-SXM4-40GB,I64,U64,64,1,4,2,1000000000,2,Yes,,,,,,,,,,
pfp_bloom_filter_contains_unique_size_u64,0,NVIDIA A100-SXM4-40GB,I64,U64,64,1,4,2,1000000000,4,Yes,,,,,,,,,,
pfp_bloom_filter_contains_unique_size_u64,0,NVIDIA A100-SXM4-40GB,I64,U64,64,1,4,2,1000000000,8,Yes,,,,,,,,,,
pfp_bloom_filter_contains_unique_size_u64,0,NVIDIA A100-SXM4-40GB,I64,U64,64,1,4,2,1000000000,16,Yes,,,,,,,,,,
pfp_bloom_filter_contains_unique_size_u64,0,NVIDIA A100-SXM4-40GB,I64,U64,64,1,4,2,1000000000,32,Yes,,,,,,,,,,
pfp_bloom_filter_contains_unique_size_u64,0,NVIDIA A100-SXM4-40GB,I64,U64,64,1,4,2,1000000000,64,Yes,,,,,,,,,,
pfp_bloom_filter_contains_unique_size_u64,0,NVIDIA A100-SXM4-40GB,I64,U64,64,1,4,2,1000000000,128,Yes,,,,,,,,,,
pfp_bloom_filter_contains_unique_size_u64,0,NVIDIA A100-SXM4-40GB,I64,U64,64,1,4,2,1000000000,256,Yes,,,,,,,,,,
pfp_bloom_filter_contains_unique_size_u64,0,NVIDIA A100-SXM4-40GB,I64,U64,64,1,4,2,1000000000,512,Yes,,,,,,,,,,
pfp_bloom_filter_contains_unique_size_u64,0,NVIDIA A100-SXM4-40GB,I64,U64,64,1,4,2,1000000000,1024,Yes,,,,,,,,,,
pfp_bloom_filter_contains_unique_size_u64,0,NVIDIA A100-SXM4-40GB,I64,U64,64,1,4,2,1000000000,2048,Yes,,,,,,,,,,
pfp_bloom_filter_contains_unique_size_u64,0,NVIDIA A100-SXM4-40GB,I64,U64,64,1,4,4,1000000000,1,Yes,,,,,,,,,,
pfp_bloom_filter_contains_unique_size_u64,0,NVIDIA A100-SXM4-40GB,I64,U64,64,1,4,4,1000000000,2,Yes,,,,,,,,,,
pfp_bloom_filter_contains_unique_size_u64,0,NVIDIA A100-SXM4-40GB,I64,U64,64,1,4,4,1000000000,4,Yes,,,,,,,,,,
pfp_bloom_filter_contains_unique_size_u64,0,NVIDIA A100-SXM4-40GB,I64,U64,64,1,4,4,1000000000,8,Yes,,,,,,,,,,
pfp_bloom_filter_contains_unique_size_u64,0,NVIDIA A100-SXM4-40GB,I64,U64,64,1,4,4,1000000000,16,Yes,,,,,,,,,,
pfp_bloom_filter_contains_unique_size_u64,0,NVIDIA A100-SXM4-40GB,I64,U64,64,1,4,4,1000000000,32,Yes,,,,,,,,,,
pfp_bloom_filter_contains_unique_size_u64,0,NVIDIA A100-SXM4-40GB,I64,U64,64,1,4,4,1000000000,64,Yes,,,,,,,,,,
pfp_bloom_filter_contains_unique_size_u64,0,NVIDIA A100-SXM4-40GB,I64,U64,64,1,4,4,1000000000,128,Yes,,,,,,,,,,
pfp_bloom_filter_contains_unique_size_u64,0,NVIDIA A100-SXM4-40GB,I64,U64,64,1,4,4,1000000000,256,Yes,,,,,,,,,,
pfp_bloom_filter_contains_unique_size_u64,0,NVIDIA A100-SXM4-40GB,I64,U64,64,1,4,4,1000000000,512,Yes,,,,,,,,,,
pfp_bloom_filter_contains_unique_size_u64,0,NVIDIA A100-SXM4-40GB,I64,U64,64,1,4,4,1000000000,1024,Yes,,,,,,,,,,
pfp_bloom_filter_contains_unique_size_u64,0,NVIDIA A100-SXM4-40GB,I64,U64,64,1,4,4,1000000000,2048,Yes,,,,,,,,,,
pfp_bloom_filter_contains_unique_size_u64,0,NVIDIA A100-SXM4-40GB,I64,U64,64,1,4,8,1000000000,1,Yes,,,,,,,,,,
pfp_bloom_filter_contains_unique_size_u64,0,NVIDIA A100-SXM4-40GB,I64,U64,64,1,4,8,1000000000,2,Yes,,,,,,,,,,
pfp_bloom_filter_contains_unique_size_u64,0,NVIDIA A100-SXM4-40GB,I64,U64,64,1,4,8,1000000000,4,Yes,,,,,,,,,,
pfp_bloom_filter_contains_unique_size_u64,0,NVIDIA A100-SXM4-40GB,I64,U64,64,1,4,8,1000000000,8,Yes,,,,,,,,,,
pfp_bloom_filter_contains_unique_size_u64,0,NVIDIA A100-SXM4-40GB,I64,U64,64,1,4,8,1000000000,16,Yes,,,,,,,,,,
pfp_bloom_filter_contains_unique_size_u64,0,NVIDIA A100-SXM4-40GB,I64,U64,64,1,4,8,1000000000,32,Yes,,,,,,,,,,
pfp_bloom_filter_contains_unique_size_u64,0,NVIDIA A100-SXM4-40GB,I64,U64,64,1,4,8,1000000000,64,Yes,,,,,,,,,,
pfp_bloom_filter_contains_unique_size_u64,0,NVIDIA A100-SXM4-40GB,I64,U64,64,1,4,8,1000000000,128,Yes,,,,,,,,,,
pfp_bloom_filter_contains_unique_size_u64,0,NVIDIA A100-SXM4-40GB,I64,U64,64,1,4,8,1000000000,256,Yes,,,,,,,,,,
pfp_bloom_filter_contains_unique_size_u64,0,NVIDIA A100-SXM4-40GB,I64,U64,64,1,4,8,1000000000,512,Yes,,,,,,,,,,
pfp_bloom_filter_contains_unique_size_u64,0,NVIDIA A100-SXM4-40GB,I64,U64,64,1,4,8,1000000000,1024,Yes,,,,,,,,,,
pfp_bloom_filter_contains_unique_size_u64,0,NVIDIA A100-SXM4-40GB,I64,U64,64,1,4,8,1000000000,2048,Yes,,,,,,,,,,
pfp_bloom_filter_contains_unique_size_u64,0,NVIDIA A100-SXM4-40GB,I64,U64,64,1,8,1,1000000000,1,Yes,,,,,,,,,,
pfp_bloom_filter_contains_unique_size_u64,0,NVIDIA A100-SXM4-40GB,I64,U64,64,1,8,1,1000000000,2,Yes,,,,,,,,,,
pfp_bloom_filter_contains_unique_size_u64,0,NVIDIA A100-SXM4-40GB,I64,U64,64,1,8,1,1000000000,4,Yes,,,,,,,,,,
pfp_bloom_filter_contains_unique_size_u64,0,NVIDIA A100-SXM4-40GB,I64,U64,64,1,8,1,1000000000,8,Yes,,,,,,,,,,
pfp_bloom_filter_contains_unique_size_u64,0,NVIDIA A100-SXM4-40GB,I64,U64,64,1,8,1,1000000000,16,Yes,,,,,,,,,,
pfp_bloom_filter_contains_unique_size_u64,0,NVIDIA A100-SXM4-40GB,I64,U64,64,1,8,1,1000000000,32,Yes,,,,,,,,,,
pfp_bloom_filter_contains_unique_size_u64,0,NVIDIA A100-SXM4-40GB,I64,U64,64,1,8,1,1000000000,64,Yes,,,,,,,,,,
pfp_bloom_filter_contains_unique_size_u64,0,NVIDIA A100-SXM4-40GB,I64,U64,64,1,8,1,1000000000,128,Yes,,,,,,,,,,
pfp_bloom_filter_contains_unique_size_u64,0,NVIDIA A100-SXM4-40GB,I64,U64,64,1,8,1,1000000000,256,Yes,,,,,,,,,,
pfp_bloom_filter_contains_unique_size_u64,0,NVIDIA A100-SXM4-40GB,I64,U64,64,1,8,1,1000000000,512,Yes,,,,,,,,,,
pfp_bloom_filter_contains_unique_size_u64,0,NVIDIA A100-SXM4-40GB,I64,U64,64,1,8,1,1000000000,1024,Yes,,,,,,,,,,
pfp_bloom_filter_contains_unique_size_u64,0,NVIDIA A100-SXM4-40GB,I64,U64,64,1,8,1,1000000000,2048,Yes,,,,,,,,,,
pfp_bloom_filter_contains_unique_size_u64,0,NVIDIA A100-SXM4-40GB,I64,U64,64,1,8,2,1000000000,1,Yes,,,,,,,,,,
pfp_bloom_filter_contains_unique_size_u64,0,NVIDIA A100-SXM4-40GB,I64,U64,64,1,8,2,1000000000,2,Yes,,,,,,,,,,
pfp_bloom_filter_contains_unique_size_u64,0,NVIDIA A100-SXM4-40GB,I64,U64,64,1,8,2,1000000000,4,Yes,,,,,,,,,,
pfp_bloom_filter_contains_unique_size_u64,0,NVIDIA A100-SXM4-40GB,I64,U64,64,1,8,2,1000000000,8,Yes,,,,,,,,,,
pfp_bloom_filter_contains_unique_size_u64,0,NVIDIA A100-SXM4-40GB,I64,U64,64,1,8,2,1000000000,16,Yes,,,,,,,,,,
pfp_bloom_filter_contains_unique_size_u64,0,NVIDIA A100-SXM4-40GB,I64,U64,64,1,8,2,1000000000,32,Yes,,,,,,,,,,
pfp_bloom_filter_contains_unique_size_u64,0,NVIDIA A100-SXM4-40GB,I64,U64,64,1,8,2,1000000000,64,Yes,,,,,,,,,,
pfp_bloom_filter_contains_unique_size_u64,0,NVIDIA A100-SXM4-40GB,I64,U64,64,1,8,2,1000000000,128,Yes,,,,,,,,,,
pfp_bloom_filter_contains_unique_size_u64,0,NVIDIA A100-SXM4-40GB,I64,U64,64,1,8,2,1000000000,256,Yes,,,,,,,,,,
pfp_bloom_filter_contains_unique_size_u64,0,NVIDIA A100-SXM4-40GB,I64,U64,64,1,8,2,1000000000,512,Yes,,,,,,,,,,
pfp_bloom_filter_contains_unique_size_u64,0,NVIDIA A100-SXM4-40GB,I64,U64,64,1,8,2,1000000000,1024,Yes,,,,,,,,,,
pfp_bloom_filter_contains_unique_size_u64,0,NVIDIA A100-SXM4-40GB,I64,U64,64,1,8,2,1000000000,2048,Yes,,,,,,,,,,
pfp_bloom_filter_contains_unique_size_u64,0,NVIDIA A100-SXM4-40GB,I64,U64,64,1,8,4,1000000000,1,Yes,,,,,,,,,,
pfp_bloom_filter_contains_unique_size_u64,0,NVIDIA A100-SXM4-40GB,I64,U64,64,1,8,4,1000000000,2,Yes,,,,,,,,,,
pfp_bloom_filter_contains_unique_size_u64,0,NVIDIA A100-SXM4-40GB,I64,U64,64,1,8,4,1000000000,4,Yes,,,,,,,,,,
pfp_bloom_filter_contains_unique_size_u64,0,NVIDIA A100-SXM4-40GB,I64,U64,64,1,8,4,1000000000,8,Yes,,,,,,,,,,
pfp_bloom_filter_contains_unique_size_u64,0,NVIDIA A100-SXM4-40GB,I64,U64,64,1,8,4,1000000000,16,Yes,,,,,,,,,,
pfp_bloom_filter_contains_unique_size_u64,0,NVIDIA A100-SXM4-40GB,I64,U64,64,1,8,4,1000000000,32,Yes,,,,,,,,,,
pfp_bloom_filter_contains_unique_size_u64,0,NVIDIA A100-SXM4-40GB,I64,U64,64,1,8,4,1000000000,64,Yes,,,,,,,,,,
pfp_bloom_filter_contains_unique_size_u64,0,NVIDIA A100-SXM4-40GB,I64,U64,64,1,8,4,1000000000,128,Yes,,,,,,,,,,
pfp_bloom_filter_contains_unique_size_u64,0,NVIDIA A100-SXM4-40GB,I64,U64,64,1,8,4,1000000000,256,Yes,,,,,,,,,,
pfp_bloom_filter_contains_unique_size_u64,0,NVIDIA A100-SXM4-40GB,I64,U64,64,1,8,4,1000000000,512,Yes,,,,,,,,,,
pfp_bloom_filter_contains_unique_size_u64,0,NVIDIA A100-SXM4-40GB,I64,U64,64,1,8,4,1000000000,1024,Yes,,,,,,,,,,
pfp_bloom_filter_contains_unique_size_u64,0,NVIDIA A100-SXM4-40GB,I64,U64,64,1,8,4,1000000000,2048,Yes,,,,,,,,,,
pfp_bloom_filter_contains_unique_size_u64,0,NVIDIA A100-SXM4-40GB,I64,U64,64,1,8,8,1000000000,1,Yes,,,,,,,,,,
pfp_bloom_filter_contains_unique_size_u64,0,NVIDIA A100-SXM4-40GB,I64,U64,64,1,8,8,1000000000,2,Yes,,,,,,,,,,
pfp_bloom_filter_contains_unique_size_u64,0,NVIDIA A100-SXM4-40GB,I64,U64,64,1,8,8,1000000000,4,Yes,,,,,,,,,,
pfp_bloom_filter_contains_unique_size_u64,0,NVIDIA A100-SXM4-40GB,I64,U64,64,1,8,8,1000000000,8,Yes,,,,,,,,,,
pfp_bloom_filter_contains_unique_size_u64,0,NVIDIA A100-SXM4-40GB,I64,U64,64,1,8,8,1000000000,16,Yes,,,,,,,,,,
pfp_bloom_filter_contains_unique_size_u64,0,NVIDIA A100-SXM4-40GB,I64,U64,64,1,8,8,1000000000,32,Yes,,,,,,,,,,
pfp_bloom_filter_contains_unique_size_u64,0,NVIDIA A100-SXM4-40GB,I64,U64,64,1,8,8,1000000000,64,Yes,,,,,,,,,,
pfp_bloom_filter_contains_unique_size_u64,0,NVIDIA A100-SXM4-40GB,I64,U64,64,1,8,8,1000000000,128,Yes,,,,,,,,,,
pfp_bloom_filter_contains_unique_size_u64,0,NVIDIA A100-SXM4-40GB,I64,U64,64,1,8,8,1000000000,256,Yes,,,,,,,,,,
pfp_bloom_filter_contains_unique_size_u64,0,NVIDIA A100-SXM4-40GB,I64,U64,64,1,8,8,1000000000,512,Yes,,,,,,,,,,
pfp_bloom_filter_contains_unique_size_u64,0,NVIDIA A100-SXM4-40GB,I64,U64,64,1,8,8,1000000000,1024,Yes,,,,,,,,,,
pfp_bloom_filter_contains_unique_size_u64,0,NVIDIA A100-SXM4-40GB,I64,U64,64,1,8,8,1000000000,2048,Yes,,,,,,,,,,
pfp_bloom_filter_contains_unique_size_u64,0,NVIDIA A100-SXM4-40GB,I64,U64,64,16,1,1,1000000000,1,No,0.001008702,16,36,0.013927795000000001,0.0189944936682063,0.01390987385643853,0.018989830794512042,71891378047.05003,37,0.013885799923458616
pfp_bloom_filter_contains_unique_size_u64,0,NVIDIA A100-SXM4-40GB,I64,U64,64,16,1,1,1000000000,2,No,0.001042519,16,36,0.014092942305555559,0.013348100669138475,0.014075676361719766,0.013371560885056082,71044543388.30934,37,0.013941897830447636
pfp_bloom_filter_contains_unique_size_u64,0,NVIDIA A100-SXM4-40GB,I64,U64,64,16,1,1,1000000000,4,No,0.00102595,16,36,0.014140470666666663,0.012501909004707394,0.014122126261393225,0.012510024574183749,70810866684.69884,37,0.0140908483556799
pfp_bloom_filter_contains_unique_size_u64,0,NVIDIA A100-SXM4-40GB,I64,U64,64,16,1,1,1000000000,8,No,0.001036469,16,36,0.01413113472222222,0.013383290041800939,0.014113621208402843,0.01338110233328584,70853538240.39352,37,0.014101946856524493
pfp_bloom_filter_contains_unique_size_u64,0,NVIDIA A100-SXM4-40GB,I64,U64,64,16,1,1,1000000000,16,No,0.001033759,16,33,0.015175734090909093,0.016523640307097416,0.015158116918621645,0.016530016057781982,65971255227.059685,35,0.015118364606584823
pfp_bloom_filter_contains_unique_size_u64,0,NVIDIA A100-SXM4-40GB,I64,U64,64,16,1,1,1000000000,32,No,0.001034965,16,15,0.03446716006666666,0.03425183101345049,0.03445111465454102,0.03424862554091828,29026637019.65851,16,0.03365536046028137
pfp_bloom_filter_contains_unique_size_u64,0,NVIDIA A100-SXM4-40GB,I64,U64,64,16,1,1,1000000000,64,No,0.001028563,16,11,0.05564985663636363,0.030203569124245162,0.055633826862682006,0.030203483144420246,17974675775.37397,12,0.054884692827860515
pfp_bloom_filter_contains_unique_size_u64,0,NVIDIA A100-SXM4-40GB,I64,U64,64,16,1,1,1000000000,128,No,0.001031539,16,11,0.06746632272727274,0.02512473128757084,0.06745153323086826,0.025131927449708318,14825459883.577024,12,0.06692701784769695
pfp_bloom_filter_contains_unique_size_u64,0,NVIDIA A100-SXM4-40GB,I64,U64,64,16,1,1,1000000000,256,No,0.001029458,16,11,0.0732742460909091,0.017287516398679096,0.07325835696133699,0.017290600150656584,13650319792.563221,12,0.07285623359680175
pfp_bloom_filter_contains_unique_size_u64,0,NVIDIA A100-SXM4-40GB,I64,U64,64,16,1,1,1000000000,512,No,0.001027257,16,11,0.07607895490909092,0.011107894360592053,0.07606309301202947,0.011107929862433863,13146980492.127092,12,0.07579690678914389
pfp_bloom_filter_contains_unique_size_u64,0,NVIDIA A100-SXM4-40GB,I64,U64,64,16,1,1,1000000000,1024,No,0.001029103,16,11,0.0773666560909091,0.0033101537740084673,0.07735137731378729,0.00330893207376617,12928018022.78649,12,0.07725644810994468
pfp_bloom_filter_contains_unique_size_u64,0,NVIDIA A100-SXM4-40GB,I64,U64,64,16,1,1,1000000000,2048,No,0.001026804,16,11,0.07800970181818183,9.842281795619372e-05,0.07799323966286399,0.000100515522289549,12821624083.351727,12,0.0779814395904541
pfp_bloom_filter_contains_unique_size_u64,0,NVIDIA A100-SXM4-40GB,I64,U64,64,16,1,2,1000000000,1,Yes,,,,,,,,,,
pfp_bloom_filter_contains_unique_size_u64,0,NVIDIA A100-SXM4-40GB,I64,U64,64,16,1,2,1000000000,2,Yes,,,,,,,,,,
pfp_bloom_filter_contains_unique_size_u64,0,NVIDIA A100-SXM4-40GB,I64,U64,64,16,1,2,1000000000,4,Yes,,,,,,,,,,
pfp_bloom_filter_contains_unique_size_u64,0,NVIDIA A100-SXM4-40GB,I64,U64,64,16,1,2,1000000000,8,Yes,,,,,,,,,,
pfp_bloom_filter_contains_unique_size_u64,0,NVIDIA A100-SXM4-40GB,I64,U64,64,16,1,2,1000000000,16,Yes,,,,,,,,,,
pfp_bloom_filter_contains_unique_size_u64,0,NVIDIA A100-SXM4-40GB,I64,U64,64,16,1,2,1000000000,32,Yes,,,,,,,,,,
pfp_bloom_filter_contains_unique_size_u64,0,NVIDIA A100-SXM4-40GB,I64,U64,64,16,1,2,1000000000,64,Yes,,,,,,,,,,
pfp_bloom_filter_contains_unique_size_u64,0,NVIDIA A100-SXM4-40GB,I64,U64,64,16,1,2,1000000000,128,Yes,,,,,,,,,,
pfp_bloom_filter_contains_unique_size_u64,0,NVIDIA A100-SXM4-40GB,I64,U64,64,16,1,2,1000000000,256,Yes,,,,,,,,,,
pfp_bloom_filter_contains_unique_size_u64,0,NVIDIA A100-SXM4-40GB,I64,U64,64,16,1,2,1000000000,512,Yes,,,,,,,,,,
pfp_bloom_filter_contains_unique_size_u64,0,NVIDIA A100-SXM4-40GB,I64,U64,64,16,1,2,1000000000,1024,Yes,,,,,,,,,,
pfp_bloom_filter_contains_unique_size_u64,0,NVIDIA A100-SXM4-40GB,I64,U64,64,16,1,2,1000000000,2048,Yes,,,,,,,,,,
pfp_bloom_filter_contains_unique_size_u64,0,NVIDIA A100-SXM4-40GB,I64,U64,64,16,1,4,1000000000,1,Yes,,,,,,,,,,
pfp_bloom_filter_contains_unique_size_u64,0,NVIDIA A100-SXM4-40GB,I64,U64,64,16,1,4,1000000000,2,Yes,,,,,,,,,,
pfp_bloom_filter_contains_unique_size_u64,0,NVIDIA A100-SXM4-40GB,I64,U64,64,16,1,4,1000000000,4,Yes,,,,,,,,,,
pfp_bloom_filter_contains_unique_size_u64,0,NVIDIA A100-SXM4-40GB,I64,U64,64,16,1,4,1000000000,8,Yes,,,,,,,,,,
pfp_bloom_filter_contains_unique_size_u64,0,NVIDIA A100-SXM4-40GB,I64,U64,64,16,1,4,1000000000,16,Yes,,,,,,,,,,
pfp_bloom_filter_contains_unique_size_u64,0,NVIDIA A100-SXM4-40GB,I64,U64,64,16,1,4,1000000000,32,Yes,,,,,,,,,,
pfp_bloom_filter_contains_unique_size_u64,0,NVIDIA A100-SXM4-40GB,I64,U64,64,16,1,4,1000000000,64,Yes,,,,,,,,,,
pfp_bloom_filter_contains_unique_size_u64,0,NVIDIA A100-SXM4-40GB,I64,U64,64,16,1,4,1000000000,128,Yes,,,,,,,,,,
pfp_bloom_filter_contains_unique_size_u64,0,NVIDIA A100-SXM4-40GB,I64,U64,64,16,1,4,1000000000,256,Yes,,,,,,,,,,
pfp_bloom_filter_contains_unique_size_u64,0,NVIDIA A100-SXM4-40GB,I64,U64,64,16,1,4,1000000000,512,Yes,,,,,,,,,,
pfp_bloom_filter_contains_unique_size_u64,0,NVIDIA A100-SXM4-40GB,I64,U64,64,16,1,4,1000000000,1024,Yes,,,,,,,,,,
pfp_bloom_filter_contains_unique_size_u64,0,NVIDIA A100-SXM4-40GB,I64,U64,64,16,1,4,1000000000,2048,Yes,,,,,,,,,,
pfp_bloom_filter_contains_unique_size_u64,0,NVIDIA A100-SXM4-40GB,I64,U64,64,16,1,8,1000000000,1,Yes,,,,,,,,,,
pfp_bloom_filter_contains_unique_size_u64,0,NVIDIA A100-SXM4-40GB,I64,U64,64,16,1,8,1000000000,2,Yes,,,,,,,,,,
pfp_bloom_filter_contains_unique_size_u64,0,NVIDIA A100-SXM4-40GB,I64,U64,64,16,1,8,1000000000,4,Yes,,,,,,,,,,
pfp_bloom_filter_contains_unique_size_u64,0,NVIDIA A100-SXM4-40GB,I64,U64,64,16,1,8,1000000000,8,Yes,,,,,,,,,,
pfp_bloom_filter_contains_unique_size_u64,0,NVIDIA A100-SXM4-40GB,I64,U64,64,16,1,8,1000000000,16,Yes,,,,,,,,,,
pfp_bloom_filter_contains_unique_size_u64,0,NVIDIA A100-SXM4-40GB,I64,U64,64,16,1,8,1000000000,32,Yes,,,,,,,,,,
pfp_bloom_filter_contains_unique_size_u64,0,NVIDIA A100-SXM4-40GB,I64,U64,64,16,1,8,1000000000,64,Yes,,,,,,,,,,
pfp_bloom_filter_contains_unique_size_u64,0,NVIDIA A100-SXM4-40GB,I64,U64,64,16,1,8,1000000000,128,Yes,,,,,,,,,,
pfp_bloom_filter_contains_unique_size_u64,0,NVIDIA A100-SXM4-40GB,I64,U64,64,16,1,8,1000000000,256,Yes,,,,,,,,,,
pfp_bloom_filter_contains_unique_size_u64,0,NVIDIA A100-SXM4-40GB,I64,U64,64,16,1,8,1000000000,512,Yes,,,,,,,,,,
pfp_bloom_filter_contains_unique_size_u64,0,NVIDIA A100-SXM4-40GB,I64,U64,64,16,1,8,1000000000,1024,Yes,,,,,,,,,,
pfp_bloom_filter_contains_unique_size_u64,0,NVIDIA A100-SXM4-40GB,I64,U64,64,16,1,8,1000000000,2048,Yes,,,,,,,,,,
pfp_bloom_filter_contains_unique_size_u64,0,NVIDIA A100-SXM4-40GB,I64,U64,64,16,2,1,1000000000,1,Yes,,,,,,,,,,
pfp_bloom_filter_contains_unique_size_u64,0,NVIDIA A100-SXM4-40GB,I64,U64,64,16,2,1,1000000000,2,Yes,,,,,,,,,,
pfp_bloom_filter_contains_unique_size_u64,0,NVIDIA A100-SXM4-40GB,I64,U64,64,16,2,1,1000000000,4,Yes,,,,,,,,,,
pfp_bloom_filter_contains_unique_size_u64,0,NVIDIA A100-SXM4-40GB,I64,U64,64,16,2,1,1000000000,8,Yes,,,,,,,,,,
pfp_bloom_filter_contains_unique_size_u64,0,NVIDIA A100-SXM4-40GB,I64,U64,64,16,2,1,1000000000,16,Yes,,,,,,,,,,
pfp_bloom_filter_contains_unique_size_u64,0,NVIDIA A100-SXM4-40GB,I64,U64,64,16,2,1,1000000000,32,Yes,,,,,,,,,,
pfp_bloom_filter_contains_unique_size_u64,0,NVIDIA A100-SXM4-40GB,I64,U64,64,16,2,1,1000000000,64,Yes,,,,,,,,,,
pfp_bloom_filter_contains_unique_size_u64,0,NVIDIA A100-SXM4-40GB,I64,U64,64,16,2,1,1000000000,128,Yes,,,,,,,,,,
pfp_bloom_filter_contains_unique_size_u64,0,NVIDIA A100-SXM4-40GB,I64,U64,64,16,2,1,1000000000,256,Yes,,,,,,,,,,
pfp_bloom_filter_contains_unique_size_u64,0,NVIDIA A100-SXM4-40GB,I64,U64,64,16,2,1,1000000000,512,Yes,,,,,,,,,,
pfp_bloom_filter_contains_unique_size_u64,0,NVIDIA A100-SXM4-40GB,I64,U64,64,16,2,1,1000000000,1024,Yes,,,,,,,,,,
pfp_bloom_filter_contains_unique_size_u64,0,NVIDIA A100-SXM4-40GB,I64,U64,64,16,2,1,1000000000,2048,Yes,,,,,,,,,,
pfp_bloom_filter_contains_unique_size_u64,0,NVIDIA A100-SXM4-40GB,I64,U64,64,16,2,2,1000000000,1,Yes,,,,,,,,,,
pfp_bloom_filter_contains_unique_size_u64,0,NVIDIA A100-SXM4-40GB,I64,U64,64,16,2,2,1000000000,2,Yes,,,,,,,,,,
pfp_bloom_filter_contains_unique_size_u64,0,NVIDIA A100-SXM4-40GB,I64,U64,64,16,2,2,1000000000,4,Yes,,,,,,,,,,
pfp_bloom_filter_contains_unique_size_u64,0,NVIDIA A100-SXM4-40GB,I64,U64,64,16,2,2,1000000000,8,Yes,,,,,,,,,,
pfp_bloom_filter_contains_unique_size_u64,0,NVIDIA A100-SXM4-40GB,I64,U64,64,16,2,2,1000000000,16,Yes,,,,,,,,,,
pfp_bloom_filter_contains_unique_size_u64,0,NVIDIA A100-SXM4-40GB,I64,U64,64,16,2,2,1000000000,32,Yes,,,,,,,,,,
pfp_bloom_filter_contains_unique_size_u64,0,NVIDIA A100-SXM4-40GB,I64,U64,64,16,2,2,1000000000,64,Yes,,,,,,,,,,
pfp_bloom_filter_contains_unique_size_u64,0,NVIDIA A100-SXM4-40GB,I64,U64,64,16,2,2,1000000000,128,Yes,,,,,,,,,,
pfp_bloom_filter_contains_unique_size_u64,0,NVIDIA A100-SXM4-40GB,I64,U64,64,16,2,2,1000000000,256,Yes,,,,,,,,,,
pfp_bloom_filter_contains_unique_size_u64,0,NVIDIA A100-SXM4-40GB,I64,U64,64,16,2,2,1000000000,512,Yes,,,,,,,,,,
pfp_bloom_filter_contains_unique_size_u64,0,NVIDIA A100-SXM4-40GB,I64,U64,64,16,2,2,1000000000,1024,Yes,,,,,,,,,,
pfp_bloom_filter_contains_unique_size_u64,0,NVIDIA A100-SXM4-40GB,I64,U64,64,16,2,2,1000000000,2048,Yes,,,,,,,,,,
pfp_bloom_filter_contains_unique_size_u64,0,NVIDIA A100-SXM4-40GB,I64,U64,64,16,2,4,1000000000,1,Yes,,,,,,,,,,
pfp_bloom_filter_contains_unique_size_u64,0,NVIDIA A100-SXM4-40GB,I64,U64,64,16,2,4,1000000000,2,Yes,,,,,,,,,,
pfp_bloom_filter_contains_unique_size_u64,0,NVIDIA A100-SXM4-40GB,I64,U64,64,16,2,4,1000000000,4,Yes,,,,,,,,,,
pfp_bloom_filter_contains_unique_size_u64,0,NVIDIA A100-SXM4-40GB,I64,U64,64,16,2,4,1000000000,8,Yes,,,,,,,,,,
pfp_bloom_filter_contains_unique_size_u64,0,NVIDIA A100-SXM4-40GB,I64,U64,64,16,2,4,1000000000,16,Yes,,,,,,,,,,
pfp_bloom_filter_contains_unique_size_u64,0,NVIDIA A100-SXM4-40GB,I64,U64,64,16,2,4,1000000000,32,Yes,,,,,,,,,,
pfp_bloom_filter_contains_unique_size_u64,0,NVIDIA A100-SXM4-40GB,I64,U64,64,16,2,4,1000000000,64,Yes,,,,,,,,,,
pfp_bloom_filter_contains_unique_size_u64,0,NVIDIA A100-SXM4-40GB,I64,U64,64,16,2,4,1000000000,128,Yes,,,,,,,,,,
pfp_bloom_filter_contains_unique_size_u64,0,NVIDIA A100-SXM4-40GB,I64,U64,64,16,2,4,1000000000,256,Yes,,,,,,,,,,
pfp_bloom_filter_contains_unique_size_u64,0,NVIDIA A100-SXM4-40GB,I64,U64,64,16,2,4,1000000000,512,Yes,,,,,,,,,,
pfp_bloom_filter_contains_unique_size_u64,0,NVIDIA A100-SXM4-40GB,I64,U64,64,16,2,4,1000000000,1024,Yes,,,,,,,,,,
pfp_bloom_filter_contains_unique_size_u64,0,NVIDIA A100-SXM4-40GB,I64,U64,64,16,2,4,1000000000,2048,Yes,,,,,,,,,,
pfp_bloom_filter_contains_unique_size_u64,0,NVIDIA A100-SXM4-40GB,I64,U64,64,16,2,8,1000000000,1,Yes,,,,,,,,,,
pfp_bloom_filter_contains_unique_size_u64,0,NVIDIA A100-SXM4-40GB,I64,U64,64,16,2,8,1000000000,2,Yes,,,,,,,,,,
pfp_bloom_filter_contains_unique_size_u64,0,NVIDIA A100-SXM4-40GB,I64,U64,64,16,2,8,1000000000,4,Yes,,,,,,,,,,
pfp_bloom_filter_contains_unique_size_u64,0,NVIDIA A100-SXM4-40GB,I64,U64,64,16,2,8,1000000000,8,Yes,,,,,,,,,,
pfp_bloom_filter_contains_unique_size_u64,0,NVIDIA A100-SXM4-40GB,I64,U64,64,16,2,8,1000000000,16,Yes,,,,,,,,,,
pfp_bloom_filter_contains_unique_size_u64,0,NVIDIA A100-SXM4-40GB,I64,U64,64,16,2,8,1000000000,32,Yes,,,,,,,,,,
pfp_bloom_filter_contains_unique_size_u64,0,NVIDIA A100-SXM4-40GB,I64,U64,64,16,2,8,1000000000,64,Yes,,,,,,,,,,
pfp_bloom_filter_contains_unique_size_u64,0,NVIDIA A100-SXM4-40GB,I64,U64,64,16,2,8,1000000000,128,Yes,,,,,,,,,,
pfp_bloom_filter_contains_unique_size_u64,0,NVIDIA A100-SXM4-40GB,I64,U64,64,16,2,8,1000000000,256,Yes,,,,,,,,,,
pfp_bloom_filter_contains_unique_size_u64,0,NVIDIA A100-SXM4-40GB,I64,U64,64,16,2,8,1000000000,512,Yes,,,,,,,,,,
pfp_bloom_filter_contains_unique_size_u64,0,NVIDIA A100-SXM4-40GB,I64,U64,64,16,2,8,1000000000,1024,Yes,,,,,,,,,,
pfp_bloom_filter_contains_unique_size_u64,0,NVIDIA A100-SXM4-40GB,I64,U64,64,16,2,8,1000000000,2048,Yes,,,,,,,,,,
pfp_bloom_filter_contains_unique_size_u64,0,NVIDIA A100-SXM4-40GB,I64,U64,64,16,4,1,1000000000,1,Yes,,,,,,,,,,
pfp_bloom_filter_contains_unique_size_u64,0,NVIDIA A100-SXM4-40GB,I64,U64,64,16,4,1,1000000000,2,Yes,,,,,,,,,,
pfp_bloom_filter_contains_unique_size_u64,0,NVIDIA A100-SXM4-40GB,I64,U64,64,16,4,1,1000000000,4,Yes,,,,,,,,,,
pfp_bloom_filter_contains_unique_size_u64,0,NVIDIA A100-SXM4-40GB,I64,U64,64,16,4,1,1000000000,8,Yes,,,,,,,,,,
pfp_bloom_filter_contains_unique_size_u64,0,NVIDIA A100-SXM4-40GB,I64,U64,64,16,4,1,1000000000,16,Yes,,,,,,,,,,
pfp_bloom_filter_contains_unique_size_u64,0,NVIDIA A100-SXM4-40GB,I64,U64,64,16,4,1,1000000000,32,Yes,,,,,,,,,,
pfp_bloom_filter_contains_unique_size_u64,0,NVIDIA A100-SXM4-40GB,I64,U64,64,16,4,1,1000000000,64,Yes,,,,,,,,,,
pfp_bloom_filter_contains_unique_size_u64,0,NVIDIA A100-SXM4-40GB,I64,U64,64,16,4,1,1000000000,128,Yes,,,,,,,,,,
pfp_bloom_filter_contains_unique_size_u64,0,NVIDIA A100-SXM4-40GB,I64,U64,64,16,4,1,1000000000,256,Yes,,,,,,,,,,
pfp_bloom_filter_contains_unique_size_u64,0,NVIDIA A100-SXM4-40GB,I64,U64,64,16,4,1,1000000000,512,Yes,,,,,,,,,,
pfp_bloom_filter_contains_unique_size_u64,0,NVIDIA A100-SXM4-40GB,I64,U64,64,16,4,1,1000000000,1024,Yes,,,,,,,,,,
pfp_bloom_filter_contains_unique_size_u64,0,NVIDIA A100-SXM4-40GB,I64,U64,64,16,4,1,1000000000,2048,Yes,,,,,,,,,,
pfp_bloom_filter_contains_unique_size_u64,0,NVIDIA A100-SXM4-40GB,I64,U64,64,16,4,2,1000000000,1,Yes,,,,,,,,,,
pfp_bloom_filter_contains_unique_size_u64,0,NVIDIA A100-SXM4-40GB,I64,U64,64,16,4,2,1000000000,2,Yes,,,,,,,,,,
pfp_bloom_filter_contains_unique_size_u64,0,NVIDIA A100-SXM4-40GB,I64,U64,64,16,4,2,1000000000,4,Yes,,,,,,,,,,
pfp_bloom_filter_contains_unique_size_u64,0,NVIDIA A100-SXM4-40GB,I64,U64,64,16,4,2,1000000000,8,Yes,,,,,,,,,,
pfp_bloom_filter_contains_unique_size_u64,0,NVIDIA A100-SXM4-40GB,I64,U64,64,16,4,2,1000000000,16,Yes,,,,,,,,,,
pfp_bloom_filter_contains_unique_size_u64,0,NVIDIA A100-SXM4-40GB,I64,U64,64,16,4,2,1000000000,32,Yes,,,,,,,,,,
pfp_bloom_filter_contains_unique_size_u64,0,NVIDIA A100-SXM4-40GB,I64,U64,64,16,4,2,1000000000,64,Yes,,,,,,,,,,
pfp_bloom_filter_contains_unique_size_u64,0,NVIDIA A100-SXM4-40GB,I64,U64,64,16,4,2,1000000000,128,Yes,,,,,,,,,,
pfp_bloom_filter_contains_unique_size_u64,0,NVIDIA A100-SXM4-40GB,I64,U64,64,16,4,2,1000000000,256,Yes,,,,,,,,,,
pfp_bloom_filter_contains_unique_size_u64,0,NVIDIA A100-SXM4-40GB,I64,U64,64,16,4,2,1000000000,512,Yes,,,,,,,,,,
pfp_bloom_filter_contains_unique_size_u64,0,NVIDIA A100-SXM4-40GB,I64,U64,64,16,4,2,1000000000,1024,Yes,,,,,,,,,,
pfp_bloom_filter_contains_unique_size_u64,0,NVIDIA A100-SXM4-40GB,I64,U64,64,16,4,2,1000000000,2048,Yes,,,,,,,,,,
pfp_bloom_filter_contains_unique_size_u64,0,NVIDIA A100-SXM4-40GB,I64,U64,64,16,4,4,1000000000,1,Yes,,,,,,,,,,
pfp_bloom_filter_contains_unique_size_u64,0,NVIDIA A100-SXM4-40GB,I64,U64,64,16,4,4,1000000000,2,Yes,,,,,,,,,,
pfp_bloom_filter_contains_unique_size_u64,0,NVIDIA A100-SXM4-40GB,I64,U64,64,16,4,4,1000000000,4,Yes,,,,,,,,,,
pfp_bloom_filter_contains_unique_size_u64,0,NVIDIA A100-SXM4-40GB,I64,U64,64,16,4,4,1000000000,8,Yes,,,,,,,,,,
pfp_bloom_filter_contains_unique_size_u64,0,NVIDIA A100-SXM4-40GB,I64,U64,64,16,4,4,1000000000,16,Yes,,,,,,,,,,
pfp_bloom_filter_contains_unique_size_u64,0,NVIDIA A100-SXM4-40GB,I64,U64,64,16,4,4,1000000000,32,Yes,,,,,,,,,,
pfp_bloom_filter_contains_unique_size_u64,0,NVIDIA A100-SXM4-40GB,I64,U64,64,16,4,4,1000000000,64,Yes,,,,,,,,,,
pfp_bloom_filter_contains_unique_size_u64,0,NVIDIA A100-SXM4-40GB,I64,U64,64,16,4,4,1000000000,128,Yes,,,,,,,,,,
pfp_bloom_filter_contains_unique_size_u64,0,NVIDIA A100-SXM4-40GB,I64,U64,64,16,4,4,1000000000,256,Yes,,,,,,,,,,
pfp_bloom_filter_contains_unique_size_u64,0,NVIDIA A100-SXM4-40GB,I64,U64,64,16,4,4,1000000000,512,Yes,,,,,,,,,,
pfp_bloom_filter_contains_unique_size_u64,0,NVIDIA A100-SXM4-40GB,I64,U64,64,16,4,4,1000000000,1024,Yes,,,,,,,,,,
pfp_bloom_filter_contains_unique_size_u64,0,NVIDIA A100-SXM4-40GB,I64,U64,64,16,4,4,1000000000,2048,Yes,,,,,,,,,,
pfp_bloom_filter_contains_unique_size_u64,0,NVIDIA A100-SXM4-40GB,I64,U64,64,16,4,8,1000000000,1,Yes,,,,,,,,,,
pfp_bloom_filter_contains_unique_size_u64,0,NVIDIA A100-SXM4-40GB,I64,U64,64,16,4,8,1000000000,2,Yes,,,,,,,,,,
pfp_bloom_filter_contains_unique_size_u64,0,NVIDIA A100-SXM4-40GB,I64,U64,64,16,4,8,1000000000,4,Yes,,,,,,,,,,
pfp_bloom_filter_contains_unique_size_u64,0,NVIDIA A100-SXM4-40GB,I64,U64,64,16,4,8,1000000000,8,Yes,,,,,,,,,,
pfp_bloom_filter_contains_unique_size_u64,0,NVIDIA A100-SXM4-40GB,I64,U64,64,16,4,8,1000000000,16,Yes,,,,,,,,,,
pfp_bloom_filter_contains_unique_size_u64,0,NVIDIA A100-SXM4-40GB,I64,U64,64,16,4,8,1000000000,32,Yes,,,,,,,,,,
pfp_bloom_filter_contains_unique_size_u64,0,NVIDIA A100-SXM4-40GB,I64,U64,64,16,4,8,1000000000,64,Yes,,,,,,,,,,
pfp_bloom_filter_contains_unique_size_u64,0,NVIDIA A100-SXM4-40GB,I64,U64,64,16,4,8,1000000000,128,Yes,,,,,,,,,,
pfp_bloom_filter_contains_unique_size_u64,0,NVIDIA A100-SXM4-40GB,I64,U64,64,16,4,8,1000000000,256,Yes,,,,,,,,,,
pfp_bloom_filter_contains_unique_size_u64,0,NVIDIA A100-SXM4-40GB,I64,U64,64,16,4,8,1000000000,512,Yes,,,,,,,,,,
pfp_bloom_filter_contains_unique_size_u64,0,NVIDIA A100-SXM4-40GB,I64,U64,64,16,4,8,1000000000,1024,Yes,,,,,,,,,,
pfp_bloom_filter_contains_unique_size_u64,0,NVIDIA A100-SXM4-40GB,I64,U64,64,16,4,8,1000000000,2048,Yes,,,,,,,,,,
pfp_bloom_filter_contains_unique_size_u64,0,NVIDIA A100-SXM4-40GB,I64,U64,64,16,8,1,1000000000,1,Yes,,,,,,,,,,
pfp_bloom_filter_contains_unique_size_u64,0,NVIDIA A100-SXM4-40GB,I64,U64,64,16,8,1,1000000000,2,Yes,,,,,,,,,,
pfp_bloom_filter_contains_unique_size_u64,0,NVIDIA A100-SXM4-40GB,I64,U64,64,16,8,1,1000000000,4,Yes,,,,,,,,,,
pfp_bloom_filter_contains_unique_size_u64,0,NVIDIA A100-SXM4-40GB,I64,U64,64,16,8,1,1000000000,8,Yes,,,,,,,,,,
pfp_bloom_filter_contains_unique_size_u64,0,NVIDIA A100-SXM4-40GB,I64,U64,64,16,8,1,1000000000,16,Yes,,,,,,,,,,
pfp_bloom_filter_contains_unique_size_u64,0,NVIDIA A100-SXM4-40GB,I64,U64,64,16,8,1,1000000000,32,Yes,,,,,,,,,,
pfp_bloom_filter_contains_unique_size_u64,0,NVIDIA A100-SXM4-40GB,I64,U64,64,16,8,1,1000000000,64,Yes,,,,,,,,,,
pfp_bloom_filter_contains_unique_size_u64,0,NVIDIA A100-SXM4-40GB,I64,U64,64,16,8,1,1000000000,128,Yes,,,,,,,,,,
pfp_bloom_filter_contains_unique_size_u64,0,NVIDIA A100-SXM4-40GB,I64,U64,64,16,8,1,1000000000,256,Yes,,,,,,,,,,
pfp_bloom_filter_contains_unique_size_u64,0,NVIDIA A100-SXM4-40GB,I64,U64,64,16,8,1,1000000000,512,Yes,,,,,,,,,,
pfp_bloom_filter_contains_unique_size_u64,0,NVIDIA A100-SXM4-40GB,I64,U64,64,16,8,1,1000000000,1024,Yes,,,,,,,,,,
pfp_bloom_filter_contains_unique_size_u64,0,NVIDIA A100-SXM4-40GB,I64,U64,64,16,8,1,1000000000,2048,Yes,,,,,,,,,,
pfp_bloom_filter_contains_unique_size_u64,0,NVIDIA A100-SXM4-40GB,I64,U64,64,16,8,2,1000000000,1,Yes,,,,,,,,,,
pfp_bloom_filter_contains_unique_size_u64,0,NVIDIA A100-SXM4-40GB,I64,U64,64,16,8,2,1000000000,2,Yes,,,,,,,,,,
pfp_bloom_filter_contains_unique_size_u64,0,NVIDIA A100-SXM4-40GB,I64,U64,64,16,8,2,1000000000,4,Yes,,,,,,,,,,
pfp_bloom_filter_contains_unique_size_u64,0,NVIDIA A100-SXM4-40GB,I64,U64,64,16,8,2,1000000000,8,Yes,,,,,,,,,,
pfp_bloom_filter_contains_unique_size_u64,0,NVIDIA A100-SXM4-40GB,I64,U64,64,16,8,2,1000000000,16,Yes,,,,,,,,,,
pfp_bloom_filter_contains_unique_size_u64,0,NVIDIA A100-SXM4-40GB,I64,U64,64,16,8,2,1000000000,32,Yes,,,,,,,,,,
pfp_bloom_filter_contains_unique_size_u64,0,NVIDIA A100-SXM4-40GB,I64,U64,64,16,8,2,1000000000,64,Yes,,,,,,,,,,
pfp_bloom_filter_contains_unique_size_u64,0,NVIDIA A100-SXM4-40GB,I64,U64,64,16,8,2,1000000000,128,Yes,,,,,,,,,,
pfp_bloom_filter_contains_unique_size_u64,0,NVIDIA A100-SXM4-40GB,I64,U64,64,16,8,2,1000000000,256,Yes,,,,,,,,,,
pfp_bloom_filter_contains_unique_size_u64,0,NVIDIA A100-SXM4-40GB,I64,U64,64,16,8,2,1000000000,512,Yes,,,,,,,,,,
pfp_bloom_filter_contains_unique_size_u64,0,NVIDIA A100-SXM4-40GB,I64,U64,64,16,8,2,1000000000,1024,Yes,,,,,,,,,,
pfp_bloom_filter_contains_unique_size_u64,0,NVIDIA A100-SXM4-40GB,I64,U64,64,16,8,2,1000000000,2048,Yes,,,,,,,,,,
pfp_bloom_filter_contains_unique_size_u64,0,NVIDIA A100-SXM4-40GB,I64,U64,64,16,8,4,1000000000,1,Yes,,,,,,,,,,
pfp_bloom_filter_contains_unique_size_u64,0,NVIDIA A100-SXM4-40GB,I64,U64,64,16,8,4,1000000000,2,Yes,,,,,,,,,,
pfp_bloom_filter_contains_unique_size_u64,0,NVIDIA A100-SXM4-40GB,I64,U64,64,16,8,4,1000000000,4,Yes,,,,,,,,,,
pfp_bloom_filter_contains_unique_size_u64,0,NVIDIA A100-SXM4-40GB,I64,U64,64,16,8,4,1000000000,8,Yes,,,,,,,,,,
pfp_bloom_filter_contains_unique_size_u64,0,NVIDIA A100-SXM4-40GB,I64,U64,64,16,8,4,1000000000,16,Yes,,,,,,,,,,
pfp_bloom_filter_contains_unique_size_u64,0,NVIDIA A100-SXM4-40GB,I64,U64,64,16,8,4,1000000000,32,Yes,,,,,,,,,,
pfp_bloom_filter_contains_unique_size_u64,0,NVIDIA A100-SXM4-40GB,I64,U64,64,16,8,4,1000000000,64,Yes,,,,,,,,,,
pfp_bloom_filter_contains_unique_size_u64,0,NVIDIA A100-SXM4-40GB,I64,U64,64,16,8,4,1000000000,128,Yes,,,,,,,,,,
pfp_bloom_filter_contains_unique_size_u64,0,NVIDIA A100-SXM4-40GB,I64,U64,64,16,8,4,1000000000,256,Yes,,,,,,,,,,
pfp_bloom_filter_contains_unique_size_u64,0,NVIDIA A100-SXM4-40GB,I64,U64,64,16,8,4,1000000000,512,Yes,,,,,,,,,,
pfp_bloom_filter_contains_unique_size_u64,0,NVIDIA A100-SXM4-40GB,I64,U64,64,16,8,4,1000000000,1024,Yes,,,,,,,,,,
pfp_bloom_filter_contains_unique_size_u64,0,NVIDIA A100-SXM4-40GB,I64,U64,64,16,8,4,1000000000,2048,Yes,,,,,,,,,,
pfp_bloom_filter_contains_unique_size_u64,0,NVIDIA A100-SXM4-40GB,I64,U64,64,16,8,8,1000000000,1,Yes,,,,,,,,,,
pfp_bloom_filter_contains_unique_size_u64,0,NVIDIA A100-SXM4-40GB,I64,U64,64,16,8,8,1000000000,2,Yes,,,,,,,,,,
pfp_bloom_filter_contains_unique_size_u64,0,NVIDIA A100-SXM4-40GB,I64,U64,64,16,8,8,1000000000,4,Yes,,,,,,,,,,
pfp_bloom_filter_contains_unique_size_u64,0,NVIDIA A100-SXM4-40GB,I64,U64,64,16,8,8,1000000000,8,Yes,,,,,,,,,,
pfp_bloom_filter_contains_unique_size_u64,0,NVIDIA A100-SXM4-40GB,I64,U64,64,16,8,8,1000000000,16,Yes,,,,,,,,,,
pfp_bloom_filter_contains_unique_size_u64,0,NVIDIA A100-SXM4-40GB,I64,U64,64,16,8,8,1000000000,32,Yes,,,,,,,,,,
pfp_bloom_filter_contains_unique_size_u64,0,NVIDIA A100-SXM4-40GB,I64,U64,64,16,8,8,1000000000,64,Yes,,,,,,,,,,
pfp_bloom_filter_contains_unique_size_u64,0,NVIDIA A100-SXM4-40GB,I64,U64,64,16,8,8,1000000000,128,Yes,,,,,,,,,,
pfp_bloom_filter_contains_unique_size_u64,0,NVIDIA A100-SXM4-40GB,I64,U64,64,16,8,8,1000000000,256,Yes,,,,,,,,,,
pfp_bloom_filter_contains_unique_size_u64,0,NVIDIA A100-SXM4-40GB,I64,U64,64,16,8,8,1000000000,512,Yes,,,,,,,,,,
pfp_bloom_filter_contains_unique_size_u64,0,NVIDIA A100-SXM4-40GB,I64,U64,64,16,8,8,1000000000,1024,Yes,,,,,,,,,,
pfp_bloom_filter_contains_unique_size_u64,0,NVIDIA A100-SXM4-40GB,I64,U64,64,16,8,8,1000000000,2048,Yes,,,,,,,,,,
pfp_bloom_filter_contains_unique_size_u64,0,NVIDIA A100-SXM4-40GB,I64,U64,128,1,1,1,1000000000,1,No,0.157791297,2,38,0.013260084342105261,0.011970362217845408,0.01324333805786936,0.011965987992144213,75509663472.32881,39,0.01330614451872997
pfp_bloom_filter_contains_unique_size_u64,0,NVIDIA A100-SXM4-40GB,I64,U64,128,1,1,1,1000000000,2,No,0.157803621,2,38,0.013358908342105269,0.0074753284020637484,0.013342827771839346,0.007471271806375049,74946631785.99564,39,0.013384729629907853
pfp_bloom_filter_contains_unique_size_u64,0,NVIDIA A100-SXM4-40GB,I64,U64,128,1,1,1,1000000000,4,No,0.15772783,2,38,0.013489831184210526,0.010544789578704934,0.013472606407968622,0.01054659322582722,74224687467.19502,39,0.013441286893991324
pfp_bloom_filter_contains_unique_size_u64,0,NVIDIA A100-SXM4-40GB,I64,U64,128,1,1,1,1000000000,8,No,0.157704478,2,38,0.013497864684210527,0.009391993539888132,0.013480933063908625,0.009382835814969072,74178841721.06873,39,0.01344202129657452
pfp_bloom_filter_contains_unique_size_u64,0,NVIDIA A100-SXM4-40GB,I64,U64,128,1,1,1,1000000000,16,No,0.157711908,2,34,0.014916747823529412,0.011854739187728997,0.014899802320143755,0.01183815992034642,67114984381.23922,35,0.014761983816964284
pfp_bloom_filter_contains_unique_size_u64,0,NVIDIA A100-SXM4-40GB,I64,U64,128,1,1,1,1000000000,32,No,0.157700864,2,15,0.03523906246666667,0.03417942052272696,0.0352232790629069,0.03418068091620381,28390315342.704277,16,0.03448896002769471
pfp_bloom_filter_contains_unique_size_u64,0,NVIDIA A100-SXM4-40GB,I64,U64,128,1,1,1,1000000000,64,No,0.15773066,2,11,0.055944747818181824,0.027629312555880827,0.05592920511419122,0.027626988268744927,17879746332.140602,12,0.05529386774698893
pfp_bloom_filter_contains_unique_size_u64,0,NVIDIA A100-SXM4-40GB,I64,U64,128,1,1,1,1000000000,128,No,0.157703754,2,11,0.0674004561818182,0.010867750392992979,0.0673855313387784,0.010870673809876568,14839980929.623228,12,0.06714811642964681
pfp_bloom_filter_contains_unique_size_u64,0,NVIDIA A100-SXM4-40GB,I64,U64,128,1,1,1,1000000000,256,No,0.157719178,2,11,0.073087154,7.829101268941477e-05,0.07307152210582385,7.83930288294074e-05,13685221974.051357,12,0.07305506134033202
pfp_bloom_filter_contains_unique_size_u64,0,NVIDIA A100-SXM4-40GB,I64,U64,128,1,1,1,1000000000,512,No,0.157704516,2,11,0.07602338427272727,9.10005668174591e-05,0.07600798381458629,8.983917088064616e-05,13156512642.66393,12,0.07599556287129719
pfp_bloom_filter_contains_unique_size_u64,0,NVIDIA A100-SXM4-40GB,I64,U64,128,1,1,1,1000000000,1024,No,0.15769948,2,11,0.07748357372727274,8.252582377436774e-05,0.07746923065185547,7.827117097972189e-05,12908350729.517008,12,0.07745561536153157
pfp_bloom_filter_contains_unique_size_u64,0,NVIDIA A100-SXM4-40GB,I64,U64,128,1,1,1,1000000000,2048,No,0.157707537,2,11,0.07820872090909091,9.30151873377042e-05,0.07819357091730292,9.195081649585037e-05,12788775193.009083,12,0.07817838923136393
pfp_bloom_filter_contains_unique_size_u64,0,NVIDIA A100-SXM4-40GB,I64,U64,128,1,1,2,1000000000,1,No,0.157791297,2,40,0.012586355875000002,0.01616333163034582,0.012569343948364255,0.016174590547928257,79558647142.44992,41,0.01256760164586509
pfp_bloom_filter_contains_unique_size_u64,0,NVIDIA A100-SXM4-40GB,I64,U64,128,1,1,2,1000000000,2,No,0.157803621,2,40,0.012756607425,0.012267725856468282,0.012739532828330994,0.012268579705545417,78495814051.84149,41,0.01273923399390244
pfp_bloom_filter_contains_unique_size_u64,0,NVIDIA A100-SXM4-40GB,I64,U64,128,1,1,2,1000000000,4,No,0.15772783,2,39,0.01292704464102564,0.011997697188152906,0.012910093111869617,0.012009654164824825,77458775187.34502,40,0.012910797119140624
pfp_bloom_filter_contains_unique_size_u64,0,NVIDIA A100-SXM4-40GB,I64,U64,128,1,1,2,1000000000,8,No,0.157704478,2,39,0.012846674769230772,0.010297276197310124,0.012829380866808765,0.010301250498382842,77946084100.3736,40,0.012818917846679687
pfp_bloom_filter_contains_unique_size_u64,0,NVIDIA A100-SXM4-40GB,I64,U64,128,1,1,2,1000000000,16,No,0.157711908,2,36,0.014014558222222223,0.014668631194181159,0.013997511042488944,0.014660356239720063,71441272449.40445,38,0.01393065763774671
pfp_bloom_filter_contains_unique_size_u64,0,NVIDIA A100-SXM4-40GB,I64,U64,128,1,1,2,1000000000,32,No,0.157700864,2,15,0.03443903166666667,0.03428659289729687,0.03442278391520182,0.03428553273631344,29050526606.54733,16,0.03364326477050781
pfp_bloom_filter_contains_unique_size_u64,0,NVIDIA A100-SXM4-40GB,I64,U64,128,1,1,2,1000000000,64,No,0.15773066,2,11,0.055549181272727274,0.02772500561430201,0.05553338241577148,0.027726285041718438,18007186965.726765,12,0.05488904444376627
pfp_bloom_filter_contains_unique_size_u64,0,NVIDIA A100-SXM4-40GB,I64,U64,128,1,1,2,1000000000,128,No,0.157703754,2,11,0.06719321772727274,0.011027726323864642,0.06717877544056286,0.011030120183728068,14885653890.561918,12,0.06693725840250651
pfp_bloom_filter_contains_unique_size_u64,0,NVIDIA A100-SXM4-40GB,I64,U64,128,1,1,2,1000000000,256,No,0.157719178,2,11,0.07290025254545456,7.32048784578935e-05,0.07288459639115767,7.280329860723298e-05,13720320198.155334,12,0.07286971728006998
pfp_bloom_filter_contains_unique_size_u64,0,NVIDIA A100-SXM4-40GB,I64,U64,128,1,1,2,1000000000,512,No,0.157704516,2,11,0.07583681172727272,6.920047117000499e-05,0.0758214277787642,6.4831766408146e-05,13188883793.086214,12,0.07580620765686036
pfp_bloom_filter_contains_unique_size_u64,0,NVIDIA A100-SXM4-40GB,I64,U64,128,1,1,2,1000000000,1024,No,0.15769948,2,11,0.07729097263636364,7.812849473317655e-05,0.07727550853382457,7.640678237569213e-05,12940710698.296938,12,0.0772607987721761
pfp_bloom_filter_contains_unique_size_u64,0,NVIDIA A100-SXM4-40GB,I64,U64,128,1,1,2,1000000000,2048,No,0.157707537,2,11,0.07802072845454547,6.917315159052408e-05,0.07800524763627485,7.043638614976234e-05,12819650347.920555,12,0.07798784192403158
pfp_bloom_filter_contains_unique_size_u64,0,NVIDIA A100-SXM4-40GB,I64,U64,128,1,1,4,1000000000,1,Yes,,,,,,,,,,
pfp_bloom_filter_contains_unique_size_u64,0,NVIDIA A100-SXM4-40GB,I64,U64,128,1,1,4,1000000000,2,Yes,,,,,,,,,,
pfp_bloom_filter_contains_unique_size_u64,0,NVIDIA A100-SXM4-40GB,I64,U64,128,1,1,4,1000000000,4,Yes,,,,,,,,,,
pfp_bloom_filter_contains_unique_size_u64,0,NVIDIA A100-SXM4-40GB,I64,U64,128,1,1,4,1000000000,8,Yes,,,,,,,,,,
pfp_bloom_filter_contains_unique_size_u64,0,NVIDIA A100-SXM4-40GB,I64,U64,128,1,1,4,1000000000,16,Yes,,,,,,,,,,
pfp_bloom_filter_contains_unique_size_u64,0,NVIDIA A100-SXM4-40GB,I64,U64,128,1,1,4,1000000000,32,Yes,,,,,,,,,,
pfp_bloom_filter_contains_unique_size_u64,0,NVIDIA A100-SXM4-40GB,I64,U64,128,1,1,4,1000000000,64,Yes,,,,,,,,,,
pfp_bloom_filter_contains_unique_size_u64,0,NVIDIA A100-SXM4-40GB,I64,U64,128,1,1,4,1000000000,128,Yes,,,,,,,,,,
pfp_bloom_filter_contains_unique_size_u64,0,NVIDIA A100-SXM4-40GB,I64,U64,128,1,1,4,1000000000,256,Yes,,,,,,,,,,
pfp_bloom_filter_contains_unique_size_u64,0,NVIDIA A100-SXM4-40GB,I64,U64,128,1,1,4,1000000000,512,Yes,,,,,,,,,,
pfp_bloom_filter_contains_unique_size_u64,0,NVIDIA A100-SXM4-40GB,I64,U64,128,1,1,4,1000000000,1024,Yes,,,,,,,,,,
pfp_bloom_filter_contains_unique_size_u64,0,NVIDIA A100-SXM4-40GB,I64,U64,128,1,1,4,1000000000,2048,Yes,,,,,,,,,,
pfp_bloom_filter_contains_unique_size_u64,0,NVIDIA A100-SXM4-40GB,I64,U64,128,1,1,8,1000000000,1,Yes,,,,,,,,,,
pfp_bloom_filter_contains_unique_size_u64,0,NVIDIA A100-SXM4-40GB,I64,U64,128,1,1,8,1000000000,2,Yes,,,,,,,,,,
pfp_bloom_filter_contains_unique_size_u64,0,NVIDIA A100-SXM4-40GB,I64,U64,128,1,1,8,1000000000,4,Yes,,,,,,,,,,
pfp_bloom_filter_contains_unique_size_u64,0,NVIDIA A100-SXM4-40GB,I64,U64,128,1,1,8,1000000000,8,Yes,,,,,,,,,,
pfp_bloom_filter_contains_unique_size_u64,0,NVIDIA A100-SXM4-40GB,I64,U64,128,1,1,8,1000000000,16,Yes,,,,,,,,,,
pfp_bloom_filter_contains_unique_size_u64,0,NVIDIA A100-SXM4-40GB,I64,U64,128,1,1,8,1000000000,32,Yes,,,,,,,,,,
pfp_bloom_filter_contains_unique_size_u64,0,NVIDIA A100-SXM4-40GB,I64,U64,128,1,1,8,1000000000,64,Yes,,,,,,,,,,
pfp_bloom_filter_contains_unique_size_u64,0,NVIDIA A100-SXM4-40GB,I64,U64,128,1,1,8,1000000000,128,Yes,,,,,,,,,,
pfp_bloom_filter_contains_unique_size_u64,0,NVIDIA A100-SXM4-40GB,I64,U64,128,1,1,8,1000000000,256,Yes,,,,,,,,,,
pfp_bloom_filter_contains_unique_size_u64,0,NVIDIA A100-SXM4-40GB,I64,U64,128,1,1,8,1000000000,512,Yes,,,,,,,,,,
pfp_bloom_filter_contains_unique_size_u64,0,NVIDIA A100-SXM4-40GB,I64,U64,128,1,1,8,1000000000,1024,Yes,,,,,,,,,,
pfp_bloom_filter_contains_unique_size_u64,0,NVIDIA A100-SXM4-40GB,I64,U64,128,1,1,8,1000000000,2048,Yes,,,,,,,,,,
pfp_bloom_filter_contains_unique_size_u64,0,NVIDIA A100-SXM4-40GB,I64,U64,128,1,2,1,1000000000,1,No,0.157791297,2,11,0.05457645836363638,5.065658339383116e-05,0.0545609543540261,6.099889460582481e-05,18328125155.424614,12,0.054561109860738116
pfp_bloom_filter_contains_unique_size_u64,0,NVIDIA A100-SXM4-40GB,I64,U64,128,1,2,1,1000000000,2,No,0.157803621,2,11,0.0545763340909091,3.912761525387493e-05,0.054561046947132465,5.1121433828556555e-05,18328094051.585213,12,0.05456162039438883
pfp_bloom_filter_contains_unique_size_u64,0,NVIDIA A100-SXM4-40GB,I64,U64,128,1,2,1,1000000000,4,No,0.15772783,2,11,0.054580495181818185,0.00011451469823577068,0.05456467749855736,0.00011685287659575448,18326874561.41272,12,0.05456068166097005
pfp_bloom_filter_contains_unique_size_u64,0,NVIDIA A100-SXM4-40GB,I64,U64,128,1,2,1,1000000000,8,No,0.157704478,2,11,0.05457633800000001,4.219126820135181e-05,0.05456123352050782,4.700157861042116e-05,18328031378.25196,12,0.05456034088134765
pfp_bloom_filter_contains_unique_size_u64,0,NVIDIA A100-SXM4-40GB,I64,U64,128,1,2,1,1000000000,16,No,0.157711908,2,11,0.05460096709090911,0.00014445234708270065,0.054585437081076875,0.00014517690591066284,18319904602.296753,12,0.054576383908589675
pfp_bloom_filter_contains_unique_size_u64,0,NVIDIA A100-SXM4-40GB,I64,U64,128,1,2,1,1000000000,32,No,0.157700864,2,11,0.054567717818181816,0.0003724623762617522,0.0545522037852894,0.0003802050650106408,18331065119.493137,12,0.054554197311401355
pfp_bloom_filter_contains_unique_size_u64,0,NVIDIA A100-SXM4-40GB,I64,U64,128,1,2,1,1000000000,64,No,0.15773066,2,11,0.05712962736363638,0.022089900461546602,0.057113506663929337,0.022090749500669193,17508993203.3811,12,0.05660083198547364
pfp_bloom_filter_contains_unique_size_u64,0,NVIDIA A100-SXM4-40GB,I64,U64,128,1,2,1,1000000000,128,No,0.157703754,2,11,0.06759107472727273,0.010752179299454743,0.06757497059215199,0.010750146250589326,14798378619.14124,12,0.06734122657775879
pfp_bloom_filter_contains_unique_size_u64,0,NVIDIA A100-SXM4-40GB,I64,U64,128,1,2,1,1000000000,256,No,0.157719178,2,11,0.073190533,0.0001094452282019703,0.0731753193248402,0.00010912911963043078,13665809855.380276,12,0.07316369120279949
pfp_bloom_filter_contains_unique_size_u64,0,NVIDIA A100-SXM4-40GB,I64,U64,128,1,2,1,1000000000,512,No,0.157704516,2,11,0.07610585300000001,7.988187562310365e-05,0.0760899033979936,8.106129462106165e-05,13142348134.803505,12,0.07607782491048178
pfp_bloom_filter_contains_unique_size_u64,0,NVIDIA A100-SXM4-40GB,I64,U64,128,1,2,1,1000000000,1024,No,0.15769948,2,11,0.07754649845454546,8.702166259476811e-05,0.07753048428622158,9.040057969510254e-05,12898152374.597202,12,0.07751987202962239
pfp_bloom_filter_contains_unique_size_u64,0,NVIDIA A100-SXM4-40GB,I64,U64,128,1,2,1,1000000000,2048,No,0.157707537,2,11,0.07827668690909091,8.92025643198518e-05,0.07825910810990767,8.326884123874512e-05,12778065379.886423,12,0.07824332809448242
pfp_bloom_filter_contains_unique_size_u64,0,NVIDIA A100-SXM4-40GB,I64,U64,128,1,2,2,1000000000,1,Yes,,,,,,,,,,
pfp_bloom_filter_contains_unique_size_u64,0,NVIDIA A100-SXM4-40GB,I64,U64,128,1,2,2,1000000000,2,Yes,,,,,,,,,,
pfp_bloom_filter_contains_unique_size_u64,0,NVIDIA A100-SXM4-40GB,I64,U64,128,1,2,2,1000000000,4,Yes,,,,,,,,,,
pfp_bloom_filter_contains_unique_size_u64,0,NVIDIA A100-SXM4-40GB,I64,U64,128,1,2,2,1000000000,8,Yes,,,,,,,,,,
pfp_bloom_filter_contains_unique_size_u64,0,NVIDIA A100-SXM4-40GB,I64,U64,128,1,2,2,1000000000,16,Yes,,,,,,,,,,
pfp_bloom_filter_contains_unique_size_u64,0,NVIDIA A100-SXM4-40GB,I64,U64,128,1,2,2,1000000000,32,Yes,,,,,,,,,,
pfp_bloom_filter_contains_unique_size_u64,0,NVIDIA A100-SXM4-40GB,I64,U64,128,1,2,2,1000000000,64,Yes,,,,,,,,,,
pfp_bloom_filter_contains_unique_size_u64,0,NVIDIA A100-SXM4-40GB,I64,U64,128,1,2,2,1000000000,128,Yes,,,,,,,,,,
pfp_bloom_filter_contains_unique_size_u64,0,NVIDIA A100-SXM4-40GB,I64,U64,128,1,2,2,1000000000,256,Yes,,,,,,,,,,
pfp_bloom_filter_contains_unique_size_u64,0,NVIDIA A100-SXM4-40GB,I64,U64,128,1,2,2,1000000000,512,Yes,,,,,,,,,,
pfp_bloom_filter_contains_unique_size_u64,0,NVIDIA A100-SXM4-40GB,I64,U64,128,1,2,2,1000000000,1024,Yes,,,,,,,,,,
pfp_bloom_filter_contains_unique_size_u64,0,NVIDIA A100-SXM4-40GB,I64,U64,128,1,2,2,1000000000,2048,Yes,,,,,,,,,,
pfp_bloom_filter_contains_unique_size_u64,0,NVIDIA A100-SXM4-40GB,I64,U64,128,1,2,4,1000000000,1,Yes,,,,,,,,,,
pfp_bloom_filter_contains_unique_size_u64,0,NVIDIA A100-SXM4-40GB,I64,U64,128,1,2,4,1000000000,2,Yes,,,,,,,,,,
pfp_bloom_filter_contains_unique_size_u64,0,NVIDIA A100-SXM4-40GB,I64,U64,128,1,2,4,1000000000,4,Yes,,,,,,,,,,
pfp_bloom_filter_contains_unique_size_u64,0,NVIDIA A100-SXM4-40GB,I64,U64,128,1,2,4,1000000000,8,Yes,,,,,,,,,,
pfp_bloom_filter_contains_unique_size_u64,0,NVIDIA A100-SXM4-40GB,I64,U64,128,1,2,4,1000000000,16,Yes,,,,,,,,,,
pfp_bloom_filter_contains_unique_size_u64,0,NVIDIA A100-SXM4-40GB,I64,U64,128,1,2,4,1000000000,32,Yes,,,,,,,,,,
pfp_bloom_filter_contains_unique_size_u64,0,NVIDIA A100-SXM4-40GB,I64,U64,128,1,2,4,1000000000,64,Yes,,,,,,,,,,
pfp_bloom_filter_contains_unique_size_u64,0,NVIDIA A100-SXM4-40GB,I64,U64,128,1,2,4,1000000000,128,Yes,,,,,,,,,,
pfp_bloom_filter_contains_unique_size_u64,0,NVIDIA A100-SXM4-40GB,I64,U64,128,1,2,4,1000000000,256,Yes,,,,,,,,,,
pfp_bloom_filter_contains_unique_size_u64,0,NVIDIA A100-SXM4-40GB,I64,U64,128,1,2,4,1000000000,512,Yes,,,,,,,,,,
pfp_bloom_filter_contains_unique_size_u64,0,NVIDIA A100-SXM4-40GB,I64,U64,128,1,2,4,1000000000,1024,Yes,,,,,,,,,,
pfp_bloom_filter_contains_unique_size_u64,0,NVIDIA A100-SXM4-40GB,I64,U64,128,1,2,4,1000000000,2048,Yes,,,,,,,,,,
pfp_bloom_filter_contains_unique_size_u64,0,NVIDIA A100-SXM4-40GB,I64,U64,128,1,2,8,1000000000,1,Yes,,,,,,,,,,
pfp_bloom_filter_contains_unique_size_u64,0,NVIDIA A100-SXM4-40GB,I64,U64,128,1,2,8,1000000000,2,Yes,,,,,,,,,,
pfp_bloom_filter_contains_unique_size_u64,0,NVIDIA A100-SXM4-40GB,I64,U64,128,1,2,8,1000000000,4,Yes,,,,,,,,,,
pfp_bloom_filter_contains_unique_size_u64,0,NVIDIA A100-SXM4-40GB,I64,U64,128,1,2,8,1000000000,8,Yes,,,,,,,,,,
pfp_bloom_filter_contains_unique_size_u64,0,NVIDIA A100-SXM4-40GB,I64,U64,128,1,2,8,1000000000,16,Yes,,,,,,,,,,
pfp_bloom_filter_contains_unique_size_u64,0,NVIDIA A100-SXM4-40GB,I64,U64,128,1,2,8,1000000000,32,Yes,,,,,,,,,,
pfp_bloom_filter_contains_unique_size_u64,0,NVIDIA A100-SXM4-40GB,I64,U64,128,1,2,8,1000000000,64,Yes,,,,,,,,,,
pfp_bloom_filter_contains_unique_size_u64,0,NVIDIA A100-SXM4-40GB,I64,U64,128,1,2,8,1000000000,128,Yes,,,,,,,,,,
pfp_bloom_filter_contains_unique_size_u64,0,NVIDIA A100-SXM4-40GB,I64,U64,128,1,2,8,1000000000,256,Yes,,,,,,,,,,
pfp_bloom_filter_contains_unique_size_u64,0,NVIDIA A100-SXM4-40GB,I64,U64,128,1,2,8,1000000000,512,Yes,,,,,,,,,,
pfp_bloom_filter_contains_unique_size_u64,0,NVIDIA A100-SXM4-40GB,I64,U64,128,1,2,8,1000000000,1024,Yes,,,,,,,,,,
pfp_bloom_filter_contains_unique_size_u64,0,NVIDIA A100-SXM4-40GB,I64,U64,128,1,2,8,1000000000,2048,Yes,,,,,,,,,,
pfp_bloom_filter_contains_unique_size_u64,0,NVIDIA A100-SXM4-40GB,I64,U64,128,1,4,1,1000000000,1,Yes,,,,,,,,,,
pfp_bloom_filter_contains_unique_size_u64,0,NVIDIA A100-SXM4-40GB,I64,U64,128,1,4,1,1000000000,2,Yes,,,,,,,,,,
pfp_bloom_filter_contains_unique_size_u64,0,NVIDIA A100-SXM4-40GB,I64,U64,128,1,4,1,1000000000,4,Yes,,,,,,,,,,
pfp_bloom_filter_contains_unique_size_u64,0,NVIDIA A100-SXM4-40GB,I64,U64,128,1,4,1,1000000000,8,Yes,,,,,,,,,,
pfp_bloom_filter_contains_unique_size_u64,0,NVIDIA A100-SXM4-40GB,I64,U64,128,1,4,1,1000000000,16,Yes,,,,,,,,,,
pfp_bloom_filter_contains_unique_size_u64,0,NVIDIA A100-SXM4-40GB,I64,U64,128,1,4,1,1000000000,32,Yes,,,,,,,,,,
pfp_bloom_filter_contains_unique_size_u64,0,NVIDIA A100-SXM4-40GB,I64,U64,128,1,4,1,1000000000,64,Yes,,,,,,,,,,
pfp_bloom_filter_contains_unique_size_u64,0,NVIDIA A100-SXM4-40GB,I64,U64,128,1,4,1,1000000000,128,Yes,,,,,,,,,,
pfp_bloom_filter_contains_unique_size_u64,0,NVIDIA A100-SXM4-40GB,I64,U64,128,1,4,1,1000000000,256,Yes,,,,,,,,,,
pfp_bloom_filter_contains_unique_size_u64,0,NVIDIA A100-SXM4-40GB,I64,U64,128,1,4,1,1000000000,512,Yes,,,,,,,,,,
pfp_bloom_filter_contains_unique_size_u64,0,NVIDIA A100-SXM4-40GB,I64,U64,128,1,4,1,1000000000,1024,Yes,,,,,,,,,,
pfp_bloom_filter_contains_unique_size_u64,0,NVIDIA A100-SXM4-40GB,I64,U64,128,1,4,1,1000000000,2048,Yes,,,,,,,,,,
pfp_bloom_filter_contains_unique_size_u64,0,NVIDIA A100-SXM4-40GB,I64,U64,128,1,4,2,1000000000,1,Yes,,,,,,,,,,
pfp_bloom_filter_contains_unique_size_u64,0,NVIDIA A100-SXM4-40GB,I64,U64,128,1,4,2,1000000000,2,Yes,,,,,,,,,,
pfp_bloom_filter_contains_unique_size_u64,0,NVIDIA A100-SXM4-40GB,I64,U64,128,1,4,2,1000000000,4,Yes,,,,,,,,,,
pfp_bloom_filter_contains_unique_size_u64,0,NVIDIA A100-SXM4-40GB,I64,U64,128,1,4,2,1000000000,8,Yes,,,,,,,,,,
pfp_bloom_filter_contains_unique_size_u64,0,NVIDIA A100-SXM4-40GB,I64,U64,128,1,4,2,1000000000,16,Yes,,,,,,,,,,
pfp_bloom_filter_contains_unique_size_u64,0,NVIDIA A100-SXM4-40GB,I64,U64,128,1,4,2,1000000000,32,Yes,,,,,,,,,,
pfp_bloom_filter_contains_unique_size_u64,0,NVIDIA A100-SXM4-40GB,I64,U64,128,1,4,2,1000000000,64,Yes,,,,,,,,,,
pfp_bloom_filter_contains_unique_size_u64,0,NVIDIA A100-SXM4-40GB,I64,U64,128,1,4,2,1000000000,128,Yes,,,,,,,,,,
pfp_bloom_filter_contains_unique_size_u64,0,NVIDIA A100-SXM4-40GB,I64,U64,128,1,4,2,1000000000,256,Yes,,,,,,,,,,
pfp_bloom_filter_contains_unique_size_u64,0,NVIDIA A100-SXM4-40GB,I64,U64,128,1,4,2,1000000000,512,Yes,,,,,,,,,,
pfp_bloom_filter_contains_unique_size_u64,0,NVIDIA A100-SXM4-40GB,I64,U64,128,1,4,2,1000000000,1024,Yes,,,,,,,,,,
pfp_bloom_filter_contains_unique_size_u64,0,NVIDIA A100-SXM4-40GB,I64,U64,128,1,4,2,1000000000,2048,Yes,,,,,,,,,,
pfp_bloom_filter_contains_unique_size_u64,0,NVIDIA A100-SXM4-40GB,I64,U64,128,1,4,4,1000000000,1,Yes,,,,,,,,,,
pfp_bloom_filter_contains_unique_size_u64,0,NVIDIA A100-SXM4-40GB,I64,U64,128,1,4,4,1000000000,2,Yes,,,,,,,,,,
pfp_bloom_filter_contains_unique_size_u64,0,NVIDIA A100-SXM4-40GB,I64,U64,128,1,4,4,1000000000,4,Yes,,,,,,,,,,
pfp_bloom_filter_contains_unique_size_u64,0,NVIDIA A100-SXM4-40GB,I64,U64,128,1,4,4,1000000000,8,Yes,,,,,,,,,,
pfp_bloom_filter_contains_unique_size_u64,0,NVIDIA A100-SXM4-40GB,I64,U64,128,1,4,4,1000000000,16,Yes,,,,,,,,,,
pfp_bloom_filter_contains_unique_size_u64,0,NVIDIA A100-SXM4-40GB,I64,U64,128,1,4,4,1000000000,32,Yes,,,,,,,,,,
pfp_bloom_filter_contains_unique_size_u64,0,NVIDIA A100-SXM4-40GB,I64,U64,128,1,4,4,1000000000,64,Yes,,,,,,,,,,
pfp_bloom_filter_contains_unique_size_u64,0,NVIDIA A100-SXM4-40GB,I64,U64,128,1,4,4,1000000000,128,Yes,,,,,,,,,,
pfp_bloom_filter_contains_unique_size_u64,0,NVIDIA A100-SXM4-40GB,I64,U64,128,1,4,4,1000000000,256,Yes,,,,,,,,,,
pfp_bloom_filter_contains_unique_size_u64,0,NVIDIA A100-SXM4-40GB,I64,U64,128,1,4,4,1000000000,512,Yes,,,,,,,,,,
pfp_bloom_filter_contains_unique_size_u64,0,NVIDIA A100-SXM4-40GB,I64,U64,128,1,4,4,1000000000,1024,Yes,,,,,,,,,,
pfp_bloom_filter_contains_unique_size_u64,0,NVIDIA A100-SXM4-40GB,I64,U64,128,1,4,4,1000000000,2048,Yes,,,,,,,,,,
pfp_bloom_filter_contains_unique_size_u64,0,NVIDIA A100-SXM4-40GB,I64,U64,128,1,4,8,1000000000,1,Yes,,,,,,,,,,
pfp_bloom_filter_contains_unique_size_u64,0,NVIDIA A100-SXM4-40GB,I64,U64,128,1,4,8,1000000000,2,Yes,,,,,,,,,,
pfp_bloom_filter_contains_unique_size_u64,0,NVIDIA A100-SXM4-40GB,I64,U64,128,1,4,8,1000000000,4,Yes,,,,,,,,,,
pfp_bloom_filter_contains_unique_size_u64,0,NVIDIA A100-SXM4-40GB,I64,U64,128,1,4,8,1000000000,8,Yes,,,,,,,,,,
pfp_bloom_filter_contains_unique_size_u64,0,NVIDIA A100-SXM4-40GB,I64,U64,128,1,4,8,1000000000,16,Yes,,,,,,,,,,
pfp_bloom_filter_contains_unique_size_u64,0,NVIDIA A100-SXM4-40GB,I64,U64,128,1,4,8,1000000000,32,Yes,,,,,,,,,,
pfp_bloom_filter_contains_unique_size_u64,0,NVIDIA A100-SXM4-40GB,I64,U64,128,1,4,8,1000000000,64,Yes,,,,,,,,,,
pfp_bloom_filter_contains_unique_size_u64,0,NVIDIA A100-SXM4-40GB,I64,U64,128,1,4,8,1000000000,128,Yes,,,,,,,,,,
pfp_bloom_filter_contains_unique_size_u64,0,NVIDIA A100-SXM4-40GB,I64,U64,128,1,4,8,1000000000,256,Yes,,,,,,,,,,
pfp_bloom_filter_contains_unique_size_u64,0,NVIDIA A100-SXM4-40GB,I64,U64,128,1,4,8,1000000000,512,Yes,,,,,,,,,,
pfp_bloom_filter_contains_unique_size_u64,0,NVIDIA A100-SXM4-40GB,I64,U64,128,1,4,8,1000000000,1024,Yes,,,,,,,,,,
pfp_bloom_filter_contains_unique_size_u64,0,NVIDIA A100-SXM4-40GB,I64,U64,128,1,4,8,1000000000,2048,Yes,,,,,,,,,,
pfp_bloom_filter_contains_unique_size_u64,0,NVIDIA A100-SXM4-40GB,I64,U64,128,1,8,1,1000000000,1,Yes,,,,,,,,,,
pfp_bloom_filter_contains_unique_size_u64,0,NVIDIA A100-SXM4-40GB,I64,U64,128,1,8,1,1000000000,2,Yes,,,,,,,,,,
pfp_bloom_filter_contains_unique_size_u64,0,NVIDIA A100-SXM4-40GB,I64,U64,128,1,8,1,1000000000,4,Yes,,,,,,,,,,
pfp_bloom_filter_contains_unique_size_u64,0,NVIDIA A100-SXM4-40GB,I64,U64,128,1,8,1,1000000000,8,Yes,,,,,,,,,,
pfp_bloom_filter_contains_unique_size_u64,0,NVIDIA A100-SXM4-40GB,I64,U64,128,1,8,1,1000000000,16,Yes,,,,,,,,,,
pfp_bloom_filter_contains_unique_size_u64,0,NVIDIA A100-SXM4-40GB,I64,U64,128,1,8,1,1000000000,32,Yes,,,,,,,,,,
pfp_bloom_filter_contains_unique_size_u64,0,NVIDIA A100-SXM4-40GB,I64,U64,128,1,8,1,1000000000,64,Yes,,,,,,,,,,
pfp_bloom_filter_contains_unique_size_u64,0,NVIDIA A100-SXM4-40GB,I64,U64,128,1,8,1,1000000000,128,Yes,,,,,,,,,,
pfp_bloom_filter_contains_unique_size_u64,0,NVIDIA A100-SXM4-40GB,I64,U64,128,1,8,1,1000000000,256,Yes,,,,,,,,,,
pfp_bloom_filter_contains_unique_size_u64,0,NVIDIA A100-SXM4-40GB,I64,U64,128,1,8,1,1000000000,512,Yes,,,,,,,,,,
pfp_bloom_filter_contains_unique_size_u64,0,NVIDIA A100-SXM4-40GB,I64,U64,128,1,8,1,1000000000,1024,Yes,,,,,,,,,,
pfp_bloom_filter_contains_unique_size_u64,0,NVIDIA A100-SXM4-40GB,I64,U64,128,1,8,1,1000000000,2048,Yes,,,,,,,,,,
pfp_bloom_filter_contains_unique_size_u64,0,NVIDIA A100-SXM4-40GB,I64,U64,128,1,8,2,1000000000,1,Yes,,,,,,,,,,
pfp_bloom_filter_contains_unique_size_u64,0,NVIDIA A100-SXM4-40GB,I64,U64,128,1,8,2,1000000000,2,Yes,,,,,,,,,,
pfp_bloom_filter_contains_unique_size_u64,0,NVIDIA A100-SXM4-40GB,I64,U64,128,1,8,2,1000000000,4,Yes,,,,,,,,,,
pfp_bloom_filter_contains_unique_size_u64,0,NVIDIA A100-SXM4-40GB,I64,U64,128,1,8,2,1000000000,8,Yes,,,,,,,,,,
pfp_bloom_filter_contains_unique_size_u64,0,NVIDIA A100-SXM4-40GB,I64,U64,128,1,8,2,1000000000,16,Yes,,,,,,,,,,
pfp_bloom_filter_contains_unique_size_u64,0,NVIDIA A100-SXM4-40GB,I64,U64,128,1,8,2,1000000000,32,Yes,,,,,,,,,,
pfp_bloom_filter_contains_unique_size_u64,0,NVIDIA A100-SXM4-40GB,I64,U64,128,1,8,2,1000000000,64,Yes,,,,,,,,,,
pfp_bloom_filter_contains_unique_size_u64,0,NVIDIA A100-SXM4-40GB,I64,U64,128,1,8,2,1000000000,128,Yes,,,,,,,,,,
pfp_bloom_filter_contains_unique_size_u64,0,NVIDIA A100-SXM4-40GB,I64,U64,128,1,8,2,1000000000,256,Yes,,,,,,,,,,
pfp_bloom_filter_contains_unique_size_u64,0,NVIDIA A100-SXM4-40GB,I64,U64,128,1,8,2,1000000000,512,Yes,,,,,,,,,,
pfp_bloom_filter_contains_unique_size_u64,0,NVIDIA A100-SXM4-40GB,I64,U64,128,1,8,2,1000000000,1024,Yes,,,,,,,,,,
pfp_bloom_filter_contains_unique_size_u64,0,NVIDIA A100-SXM4-40GB,I64,U64,128,1,8,2,1000000000,2048,Yes,,,,,,,,,,
pfp_bloom_filter_contains_unique_size_u64,0,NVIDIA A100-SXM4-40GB,I64,U64,128,1,8,4,1000000000,1,Yes,,,,,,,,,,
pfp_bloom_filter_contains_unique_size_u64,0,NVIDIA A100-SXM4-40GB,I64,U64,128,1,8,4,1000000000,2,Yes,,,,,,,,,,
pfp_bloom_filter_contains_unique_size_u64,0,NVIDIA A100-SXM4-40GB,I64,U64,128,1,8,4,1000000000,4,Yes,,,,,,,,,,
pfp_bloom_filter_contains_unique_size_u64,0,NVIDIA A100-SXM4-40GB,I64,U64,128,1,8,4,1000000000,8,Yes,,,,,,,,,,
pfp_bloom_filter_contains_unique_size_u64,0,NVIDIA A100-SXM4-40GB,I64,U64,128,1,8,4,1000000000,16,Yes,,,,,,,,,,
pfp_bloom_filter_contains_unique_size_u64,0,NVIDIA A100-SXM4-40GB,I64,U64,128,1,8,4,1000000000,32,Yes,,,,,,,,,,
pfp_bloom_filter_contains_unique_size_u64,0,NVIDIA A100-SXM4-40GB,I64,U64,128,1,8,4,1000000000,64,Yes,,,,,,,,,,
pfp_bloom_filter_contains_unique_size_u64,0,NVIDIA A100-SXM4-40GB,I64,U64,128,1,8,4,1000000000,128,Yes,,,,,,,,,,
pfp_bloom_filter_contains_unique_size_u64,0,NVIDIA A100-SXM4-40GB,I64,U64,128,1,8,4,1000000000,256,Yes,,,,,,,,,,
pfp_bloom_filter_contains_unique_size_u64,0,NVIDIA A100-SXM4-40GB,I64,U64,128,1,8,4,1000000000,512,Yes,,,,,,,,,,
pfp_bloom_filter_contains_unique_size_u64,0,NVIDIA A100-SXM4-40GB,I64,U64,128,1,8,4,1000000000,1024,Yes,,,,,,,,,,
pfp_bloom_filter_contains_unique_size_u64,0,NVIDIA A100-SXM4-40GB,I64,U64,128,1,8,4,1000000000,2048,Yes,,,,,,,,,,
pfp_bloom_filter_contains_unique_size_u64,0,NVIDIA A100-SXM4-40GB,I64,U64,128,1,8,8,1000000000,1,Yes,,,,,,,,,,
pfp_bloom_filter_contains_unique_size_u64,0,NVIDIA A100-SXM4-40GB,I64,U64,128,1,8,8,1000000000,2,Yes,,,,,,,,,,
pfp_bloom_filter_contains_unique_size_u64,0,NVIDIA A100-SXM4-40GB,I64,U64,128,1,8,8,1000000000,4,Yes,,,,,,,,,,
pfp_bloom_filter_contains_unique_size_u64,0,NVIDIA A100-SXM4-40GB,I64,U64,128,1,8,8,1000000000,8,Yes,,,,,,,,,,
pfp_bloom_filter_contains_unique_size_u64,0,NVIDIA A100-SXM4-40GB,I64,U64,128,1,8,8,1000000000,16,Yes,,,,,,,,,,
pfp_bloom_filter_contains_unique_size_u64,0,NVIDIA A100-SXM4-40GB,I64,U64,128,1,8,8,1000000000,32,Yes,,,,,,,,,,
pfp_bloom_filter_contains_unique_size_u64,0,NVIDIA A100-SXM4-40GB,I64,U64,128,1,8,8,1000000000,64,Yes,,,,,,,,,,
pfp_bloom_filter_contains_unique_size_u64,0,NVIDIA A100-SXM4-40GB,I64,U64,128,1,8,8,1000000000,128,Yes,,,,,,,,,,
pfp_bloom_filter_contains_unique_size_u64,0,NVIDIA A100-SXM4-40GB,I64,U64,128,1,8,8,1000000000,256,Yes,,,,,,,,,,
pfp_bloom_filter_contains_unique_size_u64,0,NVIDIA A100-SXM4-40GB,I64,U64,128,1,8,8,1000000000,512,Yes,,,,,,,,,,
pfp_bloom_filter_contains_unique_size_u64,0,NVIDIA A100-SXM4-40GB,I64,U64,128,1,8,8,1000000000,1024,Yes,,,,,,,,,,
pfp_bloom_filter_contains_unique_size_u64,0,NVIDIA A100-SXM4-40GB,I64,U64,128,1,8,8,1000000000,2048,Yes,,,,,,,,,,
pfp_bloom_filter_contains_unique_size_u64,0,NVIDIA A100-SXM4-40GB,I64,U64,128,16,1,1,1000000000,1,No,4.9523e-05,32,25,0.02029559212,0.010096233716892031,0.020279049987792955,0.010094936039815665,49311974703.05332,26,0.02029883047250601
pfp_bloom_filter_contains_unique_size_u64,0,NVIDIA A100-SXM4-40GB,I64,U64,128,16,1,1,1000000000,2,No,4.803e-05,32,25,0.020303640600000002,0.007185133698276671,0.0202872420501709,0.007198500290995094,49292062347.70467,26,0.02030221755688007
pfp_bloom_filter_contains_unique_size_u64,0,NVIDIA A100-SXM4-40GB,I64,U64,128,16,1,1,1000000000,4,No,5.1027e-05,32,25,0.020355889840000002,0.010124069674793325,0.020337664108276372,0.010120920318553085,49169855233.91804,26,0.020365626408503607
pfp_bloom_filter_contains_unique_size_u64,0,NVIDIA A100-SXM4-40GB,I64,U64,128,16,1,1,1000000000,8,No,4.8215e-05,32,25,0.020532164880000002,0.00974778324172178,0.02051469345092774,0.009755520800123856,48745549251.908356,26,0.02046991773752066
pfp_bloom_filter_contains_unique_size_u64,0,NVIDIA A100-SXM4-40GB,I64,U64,128,16,1,1,1000000000,16,No,4.9243e-05,32,24,0.021103867624999998,0.013075713328755194,0.021086463769276944,0.013072103830280263,47423788594.51074,25,0.02105278480529785
pfp_bloom_filter_contains_unique_size_u64,0,NVIDIA A100-SXM4-40GB,I64,U64,128,16,1,1,1000000000,32,No,4.8878e-05,32,15,0.03516251673333334,0.03391966829479946,0.03514545491536458,0.03392730814223844,28453181283.558483,16,0.03431872105598449
pfp_bloom_filter_contains_unique_size_u64,0,NVIDIA A100-SXM4-40GB,I64,U64,128,16,1,1,1000000000,64,No,4.8231e-05,32,11,0.05597201145454545,0.03146633505714878,0.05595489779385653,0.0314728886329706,17871536530.79844,12,0.055156308809916184
pfp_bloom_filter_contains_unique_size_u64,0,NVIDIA A100-SXM4-40GB,I64,U64,128,16,1,1,1000000000,128,No,4.8155e-05,32,11,0.0676910570909091,0.026649331710004553,0.06767606631192294,0.02665809513338112,14776272536.156898,12,0.06712183507283528
pfp_bloom_filter_contains_unique_size_u64,0,NVIDIA A100-SXM4-40GB,I64,U64,128,16,1,1,1000000000,256,No,4.8628e-05,32,11,0.07347294172727274,0.018729758211887312,0.07345729064941404,0.01873137643311362,13613352618.362284,12,0.07303227806091309
pfp_bloom_filter_contains_unique_size_u64,0,NVIDIA A100-SXM4-40GB,I64,U64,128,16,1,1,1000000000,512,No,4.8839e-05,32,11,0.07633615527272729,0.01492785434471682,0.07632104700261896,0.014928510907826575,13102545618.454172,12,0.07596168454488118
pfp_bloom_filter_contains_unique_size_u64,0,NVIDIA A100-SXM4-40GB,I64,U64,128,16,1,1,1000000000,1024,No,4.8365e-05,32,11,0.07773128554545455,0.011888878847561709,0.07771592157537287,0.01188485547007802,12867376204.632006,12,0.07742276191711427
pfp_bloom_filter_contains_unique_size_u64,0,NVIDIA A100-SXM4-40GB,I64,U64,128,16,1,1,1000000000,2048,No,4.8478e-05,32,11,0.07834090945454547,0.0071147003990868025,0.07832576196843927,0.007115494224833885,12767191468.918514,12,0.078144255956014
pfp_bloom_filter_contains_unique_size_u64,0,NVIDIA A100-SXM4-40GB,I64,U64,128,16,1,2,1000000000,1,No,4.9523e-05,32,25,0.020498456720000006,0.010323173586811233,0.020481064834594727,0.010314393913608338,48825586368.482765,26,0.020427618393531213
pfp_bloom_filter_contains_unique_size_u64,0,NVIDIA A100-SXM4-40GB,I64,U64,128,16,1,2,1000000000,2,No,4.803e-05,32,25,0.02046290064,0.008084506424548124,0.02044657707214355,0.008089879101528322,48907941728.906876,26,0.02046337993328388
pfp_bloom_filter_contains_unique_size_u64,0,NVIDIA A100-SXM4-40GB,I64,U64,128,16,1,2,1000000000,4,No,5.1027e-05,32,25,0.02050876052,0.0090544971919193,0.020491632995605462,0.009057114869316197,48800405522.31515,26,0.02046448274759146
pfp_bloom_filter_contains_unique_size_u64,0,NVIDIA A100-SXM4-40GB,I64,U64,128,16,1,2,1000000000,8,No,4.8215e-05,32,25,0.02051963148,0.009253647940243349,0.020503142318725583,0.009257861623384801,48773011690.344505,26,0.02049760605738713
pfp_bloom_filter_contains_unique_size_u64,0,NVIDIA A100-SXM4-40GB,I64,U64,128,16,1,2,1000000000,16,No,4.9243e-05,32,24,0.021083738624999997,0.012389686899366703,0.021066197872161865,0.012377733871374705,47469410762.60657,25,0.020998349609375
pfp_bloom_filter_contains_unique_size_u64,0,NVIDIA A100-SXM4-40GB,I64,U64,128,16,1,2,1000000000,32,No,4.8878e-05,32,15,0.03449810453333334,0.03405950851624741,0.034480537923177075,0.03406881249899131,29001867726.890118,16,0.033656960964202884
pfp_bloom_filter_contains_unique_size_u64,0,NVIDIA A100-SXM4-40GB,I64,U64,128,16,1,2,1000000000,64,No,4.8231e-05,32,11,0.05587643781818183,0.03189528231201206,0.055861155076460396,0.03189839636881581,17901527432.278156,12,0.05504836241404215
pfp_bloom_filter_contains_unique_size_u64,0,NVIDIA A100-SXM4-40GB,I64,U64,128,16,1,2,1000000000,128,No,4.8155e-05,32,11,0.06752831763636363,0.02669879351273687,0.06751250596479938,0.026706168118185356,14812070529.886627,12,0.0669558614095052
pfp_bloom_filter_contains_unique_size_u64,0,NVIDIA A100-SXM4-40GB,I64,U64,128,16,1,2,1000000000,256,No,4.8628e-05,32,11,0.07332286336363637,0.0193948614120823,0.07330806662819601,0.01939826792175753,13641063609.98172,12,0.07286280504862466
pfp_bloom_filter_contains_unique_size_u64,0,NVIDIA A100-SXM4-40GB,I64,U64,128,16,1,2,1000000000,512,No,4.8839e-05,32,11,0.07618853154545456,0.015332758451886717,0.07617321846701883,0.015338101530915286,13127973586.057362,12,0.0758071460723877
pfp_bloom_filter_contains_unique_size_u64,0,NVIDIA A100-SXM4-40GB,I64,U64,128,16,1,2,1000000000,1024,No,4.8365e-05,32,11,0.0775859139090909,0.012091538228301486,0.07757060727206143,0.012094851876445618,12891480873.583023,12,0.0772718079884847
pfp_bloom_filter_contains_unique_size_u64,0,NVIDIA A100-SXM4-40GB,I64,U64,128,16,1,2,1000000000,2048,No,4.8478e-05,32,11,0.07819815336363636,0.007380509259260718,0.07818249303644353,0.007376886093895986,12790587267.840971,12,0.0779957758585612
pfp_bloom_filter_contains_unique_size_u64,0,NVIDIA A100-SXM4-40GB,I64,U64,128,16,1,4,1000000000,1,Yes,,,,,,,,,,
pfp_bloom_filter_contains_unique_size_u64,0,NVIDIA A100-SXM4-40GB,I64,U64,128,16,1,4,1000000000,2,Yes,,,,,,,,,,
pfp_bloom_filter_contains_unique_size_u64,0,NVIDIA A100-SXM4-40GB,I64,U64,128,16,1,4,1000000000,4,Yes,,,,,,,,,,
pfp_bloom_filter_contains_unique_size_u64,0,NVIDIA A100-SXM4-40GB,I64,U64,128,16,1,4,1000000000,8,Yes,,,,,,,,,,
pfp_bloom_filter_contains_unique_size_u64,0,NVIDIA A100-SXM4-40GB,I64,U64,128,16,1,4,1000000000,16,Yes,,,,,,,,,,
pfp_bloom_filter_contains_unique_size_u64,0,NVIDIA A100-SXM4-40GB,I64,U64,128,16,1,4,1000000000,32,Yes,,,,,,,,,,
pfp_bloom_filter_contains_unique_size_u64,0,NVIDIA A100-SXM4-40GB,I64,U64,128,16,1,4,1000000000,64,Yes,,,,,,,,,,
pfp_bloom_filter_contains_unique_size_u64,0,NVIDIA A100-SXM4-40GB,I64,U64,128,16,1,4,1000000000,128,Yes,,,,,,,,,,
pfp_bloom_filter_contains_unique_size_u64,0,NVIDIA A100-SXM4-40GB,I64,U64,128,16,1,4,1000000000,256,Yes,,,,,,,,,,
pfp_bloom_filter_contains_unique_size_u64,0,NVIDIA A100-SXM4-40GB,I64,U64,128,16,1,4,1000000000,512,Yes,,,,,,,,,,
pfp_bloom_filter_contains_unique_size_u64,0,NVIDIA A100-SXM4-40GB,I64,U64,128,16,1,4,1000000000,1024,Yes,,,,,,,,,,
pfp_bloom_filter_contains_unique_size_u64,0,NVIDIA A100-SXM4-40GB,I64,U64,128,16,1,4,1000000000,2048,Yes,,,,,,,,,,
pfp_bloom_filter_contains_unique_size_u64,0,NVIDIA A100-SXM4-40GB,I64,U64,128,16,1,8,1000000000,1,Yes,,,,,,,,,,
pfp_bloom_filter_contains_unique_size_u64,0,NVIDIA A100-SXM4-40GB,I64,U64,128,16,1,8,1000000000,2,Yes,,,,,,,,,,
pfp_bloom_filter_contains_unique_size_u64,0,NVIDIA A100-SXM4-40GB,I64,U64,128,16,1,8,1000000000,4,Yes,,,,,,,,,,
pfp_bloom_filter_contains_unique_size_u64,0,NVIDIA A100-SXM4-40GB,I64,U64,128,16,1,8,1000000000,8,Yes,,,,,,,,,,
pfp_bloom_filter_contains_unique_size_u64,0,NVIDIA A100-SXM4-40GB,I64,U64,128,16,1,8,1000000000,16,Yes,,,,,,,,,,
pfp_bloom_filter_contains_unique_size_u64,0,NVIDIA A100-SXM4-40GB,I64,U64,128,16,1,8,1000000000,32,Yes,,,,,,,,,,
pfp_bloom_filter_contains_unique_size_u64,0,NVIDIA A100-SXM4-40GB,I64,U64,128,16,1,8,1000000000,64,Yes,,,,,,,,,,
pfp_bloom_filter_contains_unique_size_u64,0,NVIDIA A100-SXM4-40GB,I64,U64,128,16,1,8,1000000000,128,Yes,,,,,,,,,,
pfp_bloom_filter_contains_unique_size_u64,0,NVIDIA A100-SXM4-40GB,I64,U64,128,16,1,8,1000000000,256,Yes,,,,,,,,,,
pfp_bloom_filter_contains_unique_size_u64,0,NVIDIA A100-SXM4-40GB,I64,U64,128,16,1,8,1000000000,512,Yes,,,,,,,,,,
pfp_bloom_filter_contains_unique_size_u64,0,NVIDIA A100-SXM4-40GB,I64,U64,128,16,1,8,1000000000,1024,Yes,,,,,,,,,,
pfp_bloom_filter_contains_unique_size_u64,0,NVIDIA A100-SXM4-40GB,I64,U64,128,16,1,8,1000000000,2048,Yes,,,,,,,,,,
pfp_bloom_filter_contains_unique_size_u64,0,NVIDIA A100-SXM4-40GB,I64,U64,128,16,2,1,1000000000,1,No,4.9523e-05,32,11,0.05465171781818183,3.694301259076435e-05,0.05463626514781605,4.113826508707485e-05,18302861612.05462,12,0.05463440958658854
pfp_bloom_filter_contains_unique_size_u64,0,NVIDIA A100-SXM4-40GB,I64,U64,128,16,2,1,1000000000,2,No,4.803e-05,32,11,0.054649406727272726,4.120447771458543e-05,0.05463356434215199,4.059739218700434e-05,18303766412.480976,12,0.05463031514485677
pfp_bloom_filter_contains_unique_size_u64,0,NVIDIA A100-SXM4-40GB,I64,U64,128,16,2,1,1000000000,4,No,5.1027e-05,32,11,0.05464684454545454,9.63547423216555e-06,0.05463179605657404,2.2601678009048627e-05,18304358856.597878,12,0.05463039906819661
pfp_bloom_filter_contains_unique_size_u64,0,NVIDIA A100-SXM4-40GB,I64,U64,128,16,2,1,1000000000,8,No,4.8215e-05,32,11,0.05464683845454546,9.352404197902348e-06,0.05463160982998934,1.128455732566153e-05,18304421251.944557,12,0.05463244883219401
pfp_bloom_filter_contains_unique_size_u64,0,NVIDIA A100-SXM4-40GB,I64,U64,128,16,2,1,1000000000,16,No,4.9243e-05,32,11,0.054647963090909094,3.106416572681163e-05,0.05463319223577325,3.848679375133709e-05,18303891079.335655,12,0.054627839406331376
pfp_bloom_filter_contains_unique_size_u64,0,NVIDIA A100-SXM4-40GB,I64,U64,128,16,2,1,1000000000,32,No,4.8878e-05,32,11,0.05767958854545454,0.00011561786766321556,0.057663487867875535,0.0001235528068956642,17341996417.062077,12,0.05766587607065837
pfp_bloom_filter_contains_unique_size_u64,0,NVIDIA A100-SXM4-40GB,I64,U64,128,16,2,1,1000000000,64,No,4.8231e-05,32,11,0.059989236545454544,0.009670198992883381,0.05997279427268288,0.00966835751635204,16674227241.325853,12,0.05972727394104003
pfp_bloom_filter_contains_unique_size_u64,0,NVIDIA A100-SXM4-40GB,I64,U64,128,16,2,1,1000000000,128,No,4.8155e-05,32,11,0.06811583372727273,0.025880439029243772,0.06809879302978515,0.02587598310528206,14684548073.599756,12,0.06749849573771159
pfp_bloom_filter_contains_unique_size_u64,0,NVIDIA A100-SXM4-40GB,I64,U64,128,16,2,1,1000000000,256,No,4.8628e-05,32,11,0.07375545800000001,0.021070800858638408,0.0737390795621005,0.021076767832355705,13561330110.688927,12,0.07325124295552572
pfp_bloom_filter_contains_unique_size_u64,0,NVIDIA A100-SXM4-40GB,I64,U64,128,16,2,1,1000000000,512,No,4.8839e-05,32,11,0.07658415572727273,0.01652890979461013,0.07656699371337893,0.016538644753760146,13060457927.12461,12,0.07617041206359863
pfp_bloom_filter_contains_unique_size_u64,0,NVIDIA A100-SXM4-40GB,I64,U64,128,16,2,1,1000000000,1024,No,4.8365e-05,32,11,0.0779701460909091,0.013513611912600046,0.07795227952436967,0.013518430145218472,12828361224.348507,12,0.07762355105082194
pfp_bloom_filter_contains_unique_size_u64,0,NVIDIA A100-SXM4-40GB,I64,U64,128,16,2,1,1000000000,2048,No,4.8478e-05,32,11,0.07858719163636363,0.008384278295230224,0.07857142708518289,0.008386333862442629,12727272968.019966,12,0.07835562451680501
pfp_bloom_filter_contains_unique_size_u64,0,NVIDIA A100-SXM4-40GB,I64,U64,128,16,2,2,1000000000,1,Yes,,,,,,,,,,
pfp_bloom_filter_contains_unique_size_u64,0,NVIDIA A100-SXM4-40GB,I64,U64,128,16,2,2,1000000000,2,Yes,,,,,,,,,,
pfp_bloom_filter_contains_unique_size_u64,0,NVIDIA A100-SXM4-40GB,I64,U64,128,16,2,2,1000000000,4,Yes,,,,,,,,,,
pfp_bloom_filter_contains_unique_size_u64,0,NVIDIA A100-SXM4-40GB,I64,U64,128,16,2,2,1000000000,8,Yes,,,,,,,,,,
pfp_bloom_filter_contains_unique_size_u64,0,NVIDIA A100-SXM4-40GB,I64,U64,128,16,2,2,1000000000,16,Yes,,,,,,,,,,
pfp_bloom_filter_contains_unique_size_u64,0,NVIDIA A100-SXM4-40GB,I64,U64,128,16,2,2,1000000000,32,Yes,,,,,,,,,,
pfp_bloom_filter_contains_unique_size_u64,0,NVIDIA A100-SXM4-40GB,I64,U64,128,16,2,2,1000000000,64,Yes,,,,,,,,,,
pfp_bloom_filter_contains_unique_size_u64,0,NVIDIA A100-SXM4-40GB,I64,U64,128,16,2,2,1000000000,128,Yes,,,,,,,,,,
pfp_bloom_filter_contains_unique_size_u64,0,NVIDIA A100-SXM4-40GB,I64,U64,128,16,2,2,1000000000,256,Yes,,,,,,,,,,
pfp_bloom_filter_contains_unique_size_u64,0,NVIDIA A100-SXM4-40GB,I64,U64,128,16,2,2,1000000000,512,Yes,,,,,,,,,,
pfp_bloom_filter_contains_unique_size_u64,0,NVIDIA A100-SXM4-40GB,I64,U64,128,16,2,2,1000000000,1024,Yes,,,,,,,,,,
pfp_bloom_filter_contains_unique_size_u64,0,NVIDIA A100-SXM4-40GB,I64,U64,128,16,2,2,1000000000,2048,Yes,,,,,,,,,,
pfp_bloom_filter_contains_unique_size_u64,0,NVIDIA A100-SXM4-40GB,I64,U64,128,16,2,4,1000000000,1,Yes,,,,,,,,,,
pfp_bloom_filter_contains_unique_size_u64,0,NVIDIA A100-SXM4-40GB,I64,U64,128,16,2,4,1000000000,2,Yes,,,,,,,,,,
pfp_bloom_filter_contains_unique_size_u64,0,NVIDIA A100-SXM4-40GB,I64,U64,128,16,2,4,1000000000,4,Yes,,,,,,,,,,
pfp_bloom_filter_contains_unique_size_u64,0,NVIDIA A100-SXM4-40GB,I64,U64,128,16,2,4,1000000000,8,Yes,,,,,,,,,,
pfp_bloom_filter_contains_unique_size_u64,0,NVIDIA A100-SXM4-40GB,I64,U64,128,16,2,4,1000000000,16,Yes,,,,,,,,,,
pfp_bloom_filter_contains_unique_size_u64,0,NVIDIA A100-SXM4-40GB,I64,U64,128,16,2,4,1000000000,32,Yes,,,,,,,,,,
pfp_bloom_filter_contains_unique_size_u64,0,NVIDIA A100-SXM4-40GB,I64,U64,128,16,2,4,1000000000,64,Yes,,,,,,,,,,
pfp_bloom_filter_contains_unique_size_u64,0,NVIDIA A100-SXM4-40GB,I64,U64,128,16,2,4,1000000000,128,Yes,,,,,,,,,,
pfp_bloom_filter_contains_unique_size_u64,0,NVIDIA A100-SXM4-40GB,I64,U64,128,16,2,4,1000000000,256,Yes,,,,,,,,,,
pfp_bloom_filter_contains_unique_size_u64,0,NVIDIA A100-SXM4-40GB,I64,U64,128,16,2,4,1000000000,512,Yes,,,,,,,,,,
pfp_bloom_filter_contains_unique_size_u64,0,NVIDIA A100-SXM4-40GB,I64,U64,128,16,2,4,1000000000,1024,Yes,,,,,,,,,,
pfp_bloom_filter_contains_unique_size_u64,0,NVIDIA A100-SXM4-40GB,I64,U64,128,16,2,4,1000000000,2048,Yes,,,,,,,,,,
pfp_bloom_filter_contains_unique_size_u64,0,NVIDIA A100-SXM4-40GB,I64,U64,128,16,2,8,1000000000,1,Yes,,,,,,,,,,
pfp_bloom_filter_contains_unique_size_u64,0,NVIDIA A100-SXM4-40GB,I64,U64,128,16,2,8,1000000000,2,Yes,,,,,,,,,,
pfp_bloom_filter_contains_unique_size_u64,0,NVIDIA A100-SXM4-40GB,I64,U64,128,16,2,8,1000000000,4,Yes,,,,,,,,,,
pfp_bloom_filter_contains_unique_size_u64,0,NVIDIA A100-SXM4-40GB,I64,U64,128,16,2,8,1000000000,8,Yes,,,,,,,,,,
pfp_bloom_filter_contains_unique_size_u64,0,NVIDIA A100-SXM4-40GB,I64,U64,128,16,2,8,1000000000,16,Yes,,,,,,,,,,
pfp_bloom_filter_contains_unique_size_u64,0,NVIDIA A100-SXM4-40GB,I64,U64,128,16,2,8,1000000000,32,Yes,,,,,,,,,,
pfp_bloom_filter_contains_unique_size_u64,0,NVIDIA A100-SXM4-40GB,I64,U64,128,16,2,8,1000000000,64,Yes,,,,,,,,,,
pfp_bloom_filter_contains_unique_size_u64,0,NVIDIA A100-SXM4-40GB,I64,U64,128,16,2,8,1000000000,128,Yes,,,,,,,,,,
pfp_bloom_filter_contains_unique_size_u64,0,NVIDIA A100-SXM4-40GB,I64,U64,128,16,2,8,1000000000,256,Yes,,,,,,,,,,
pfp_bloom_filter_contains_unique_size_u64,0,NVIDIA A100-SXM4-40GB,I64,U64,128,16,2,8,1000000000,512,Yes,,,,,,,,,,
pfp_bloom_filter_contains_unique_size_u64,0,NVIDIA A100-SXM4-40GB,I64,U64,128,16,2,8,1000000000,1024,Yes,,,,,,,,,,
pfp_bloom_filter_contains_unique_size_u64,0,NVIDIA A100-SXM4-40GB,I64,U64,128,16,2,8,1000000000,2048,Yes,,,,,,,,,,
pfp_bloom_filter_contains_unique_size_u64,0,NVIDIA A100-SXM4-40GB,I64,U64,128,16,4,1,1000000000,1,Yes,,,,,,,,,,
pfp_bloom_filter_contains_unique_size_u64,0,NVIDIA A100-SXM4-40GB,I64,U64,128,16,4,1,1000000000,2,Yes,,,,,,,,,,
pfp_bloom_filter_contains_unique_size_u64,0,NVIDIA A100-SXM4-40GB,I64,U64,128,16,4,1,1000000000,4,Yes,,,,,,,,,,
pfp_bloom_filter_contains_unique_size_u64,0,NVIDIA A100-SXM4-40GB,I64,U64,128,16,4,1,1000000000,8,Yes,,,,,,,,,,
pfp_bloom_filter_contains_unique_size_u64,0,NVIDIA A100-SXM4-40GB,I64,U64,128,16,4,1,1000000000,16,Yes,,,,,,,,,,
pfp_bloom_filter_contains_unique_size_u64,0,NVIDIA A100-SXM4-40GB,I64,U64,128,16,4,1,1000000000,32,Yes,,,,,,,,,,
pfp_bloom_filter_contains_unique_size_u64,0,NVIDIA A100-SXM4-40GB,I64,U64,128,16,4,1,1000000000,64,Yes,,,,,,,,,,
pfp_bloom_filter_contains_unique_size_u64,0,NVIDIA A100-SXM4-40GB,I64,U64,128,16,4,1,1000000000,128,Yes,,,,,,,,,,
pfp_bloom_filter_contains_unique_size_u64,0,NVIDIA A100-SXM4-40GB,I64,U64,128,16,4,1,1000000000,256,Yes,,,,,,,,,,
pfp_bloom_filter_contains_unique_size_u64,0,NVIDIA A100-SXM4-40GB,I64,U64,128,16,4,1,1000000000,512,Yes,,,,,,,,,,
pfp_bloom_filter_contains_unique_size_u64,0,NVIDIA A100-SXM4-40GB,I64,U64,128,16,4,1,1000000000,1024,Yes,,,,,,,,,,
pfp_bloom_filter_contains_unique_size_u64,0,NVIDIA A100-SXM4-40GB,I64,U64,128,16,4,1,1000000000,2048,Yes,,,,,,,,,,
pfp_bloom_filter_contains_unique_size_u64,0,NVIDIA A100-SXM4-40GB,I64,U64,128,16,4,2,1000000000,1,Yes,,,,,,,,,,
pfp_bloom_filter_contains_unique_size_u64,0,NVIDIA A100-SXM4-40GB,I64,U64,128,16,4,2,1000000000,2,Yes,,,,,,,,,,
pfp_bloom_filter_contains_unique_size_u64,0,NVIDIA A100-SXM4-40GB,I64,U64,128,16,4,2,1000000000,4,Yes,,,,,,,,,,
pfp_bloom_filter_contains_unique_size_u64,0,NVIDIA A100-SXM4-40GB,I64,U64,128,16,4,2,1000000000,8,Yes,,,,,,,,,,
pfp_bloom_filter_contains_unique_size_u64,0,NVIDIA A100-SXM4-40GB,I64,U64,128,16,4,2,1000000000,16,Yes,,,,,,,,,,
pfp_bloom_filter_contains_unique_size_u64,0,NVIDIA A100-SXM4-40GB,I64,U64,128,16,4,2,1000000000,32,Yes,,,,,,,,,,
pfp_bloom_filter_contains_unique_size_u64,0,NVIDIA A100-SXM4-40GB,I64,U64,128,16,4,2,1000000000,64,Yes,,,,,,,,,,
pfp_bloom_filter_contains_unique_size_u64,0,NVIDIA A100-SXM4-40GB,I64,U64,128,16,4,2,1000000000,128,Yes,,,,,,,,,,
pfp_bloom_filter_contains_unique_size_u64,0,NVIDIA A100-SXM4-40GB,I64,U64,128,16,4,2,1000000000,256,Yes,,,,,,,,,,
pfp_bloom_filter_contains_unique_size_u64,0,NVIDIA A100-SXM4-40GB,I64,U64,128,16,4,2,1000000000,512,Yes,,,,,,,,,,
pfp_bloom_filter_contains_unique_size_u64,0,NVIDIA A100-SXM4-40GB,I64,U64,128,16,4,2,1000000000,1024,Yes,,,,,,,,,,
pfp_bloom_filter_contains_unique_size_u64,0,NVIDIA A100-SXM4-40GB,I64,U64,128,16,4,2,1000000000,2048,Yes,,,,,,,,,,
pfp_bloom_filter_contains_unique_size_u64,0,NVIDIA A100-SXM4-40GB,I64,U64,128,16,4,4,1000000000,1,Yes,,,,,,,,,,
pfp_bloom_filter_contains_unique_size_u64,0,NVIDIA A100-SXM4-40GB,I64,U64,128,16,4,4,1000000000,2,Yes,,,,,,,,,,
pfp_bloom_filter_contains_unique_size_u64,0,NVIDIA A100-SXM4-40GB,I64,U64,128,16,4,4,1000000000,4,Yes,,,,,,,,,,
pfp_bloom_filter_contains_unique_size_u64,0,NVIDIA A100-SXM4-40GB,I64,U64,128,16,4,4,1000000000,8,Yes,,,,,,,,,,
pfp_bloom_filter_contains_unique_size_u64,0,NVIDIA A100-SXM4-40GB,I64,U64,128,16,4,4,1000000000,16,Yes,,,,,,,,,,
pfp_bloom_filter_contains_unique_size_u64,0,NVIDIA A100-SXM4-40GB,I64,U64,128,16,4,4,1000000000,32,Yes,,,,,,,,,,
pfp_bloom_filter_contains_unique_size_u64,0,NVIDIA A100-SXM4-40GB,I64,U64,128,16,4,4,1000000000,64,Yes,,,,,,,,,,
pfp_bloom_filter_contains_unique_size_u64,0,NVIDIA A100-SXM4-40GB,I64,U64,128,16,4,4,1000000000,128,Yes,,,,,,,,,,
pfp_bloom_filter_contains_unique_size_u64,0,NVIDIA A100-SXM4-40GB,I64,U64,128,16,4,4,1000000000,256,Yes,,,,,,,,,,
pfp_bloom_filter_contains_unique_size_u64,0,NVIDIA A100-SXM4-40GB,I64,U64,128,16,4,4,1000000000,512,Yes,,,,,,,,,,
pfp_bloom_filter_contains_unique_size_u64,0,NVIDIA A100-SXM4-40GB,I64,U64,128,16,4,4,1000000000,1024,Yes,,,,,,,,,,
pfp_bloom_filter_contains_unique_size_u64,0,NVIDIA A100-SXM4-40GB,I64,U64,128,16,4,4,1000000000,2048,Yes,,,,,,,,,,
pfp_bloom_filter_contains_unique_size_u64,0,NVIDIA A100-SXM4-40GB,I64,U64,128,16,4,8,1000000000,1,Yes,,,,,,,,,,
pfp_bloom_filter_contains_unique_size_u64,0,NVIDIA A100-SXM4-40GB,I64,U64,128,16,4,8,1000000000,2,Yes,,,,,,,,,,
pfp_bloom_filter_contains_unique_size_u64,0,NVIDIA A100-SXM4-40GB,I64,U64,128,16,4,8,1000000000,4,Yes,,,,,,,,,,
pfp_bloom_filter_contains_unique_size_u64,0,NVIDIA A100-SXM4-40GB,I64,U64,128,16,4,8,1000000000,8,Yes,,,,,,,,,,
pfp_bloom_filter_contains_unique_size_u64,0,NVIDIA A100-SXM4-40GB,I64,U64,128,16,4,8,1000000000,16,Yes,,,,,,,,,,
pfp_bloom_filter_contains_unique_size_u64,0,NVIDIA A100-SXM4-40GB,I64,U64,128,16,4,8,1000000000,32,Yes,,,,,,,,,,
pfp_bloom_filter_contains_unique_size_u64,0,NVIDIA A100-SXM4-40GB,I64,U64,128,16,4,8,1000000000,64,Yes,,,,,,,,,,
pfp_bloom_filter_contains_unique_size_u64,0,NVIDIA A100-SXM4-40GB,I64,U64,128,16,4,8,1000000000,128,Yes,,,,,,,,,,
pfp_bloom_filter_contains_unique_size_u64,0,NVIDIA A100-SXM4-40GB,I64,U64,128,16,4,8,1000000000,256,Yes,,,,,,,,,,
pfp_bloom_filter_contains_unique_size_u64,0,NVIDIA A100-SXM4-40GB,I64,U64,128,16,4,8,1000000000,512,Yes,,,,,,,,,,
pfp_bloom_filter_contains_unique_size_u64,0,NVIDIA A100-SXM4-40GB,I64,U64,128,16,4,8,1000000000,1024,Yes,,,,,,,,,,
pfp_bloom_filter_contains_unique_size_u64,0,NVIDIA A100-SXM4-40GB,I64,U64,128,16,4,8,1000000000,2048,Yes,,,,,,,,,,
pfp_bloom_filter_contains_unique_size_u64,0,NVIDIA A100-SXM4-40GB,I64,U64,128,16,8,1,1000000000,1,Yes,,,,,,,,,,
pfp_bloom_filter_contains_unique_size_u64,0,NVIDIA A100-SXM4-40GB,I64,U64,128,16,8,1,1000000000,2,Yes,,,,,,,,,,
pfp_bloom_filter_contains_unique_size_u64,0,NVIDIA A100-SXM4-40GB,I64,U64,128,16,8,1,1000000000,4,Yes,,,,,,,,,,
pfp_bloom_filter_contains_unique_size_u64,0,NVIDIA A100-SXM4-40GB,I64,U64,128,16,8,1,1000000000,8,Yes,,,,,,,,,,
pfp_bloom_filter_contains_unique_size_u64,0,NVIDIA A100-SXM4-40GB,I64,U64,128,16,8,1,1000000000,16,Yes,,,,,,,,,,
pfp_bloom_filter_contains_unique_size_u64,0,NVIDIA A100-SXM4-40GB,I64,U64,128,16,8,1,1000000000,32,Yes,,,,,,,,,,
pfp_bloom_filter_contains_unique_size_u64,0,NVIDIA A100-SXM4-40GB,I64,U64,128,16,8,1,1000000000,64,Yes,,,,,,,,,,
pfp_bloom_filter_contains_unique_size_u64,0,NVIDIA A100-SXM4-40GB,I64,U64,128,16,8,1,1000000000,128,Yes,,,,,,,,,,
pfp_bloom_filter_contains_unique_size_u64,0,NVIDIA A100-SXM4-40GB,I64,U64,128,16,8,1,1000000000,256,Yes,,,,,,,,,,
pfp_bloom_filter_contains_unique_size_u64,0,NVIDIA A100-SXM4-40GB,I64,U64,128,16,8,1,1000000000,512,Yes,,,,,,,,,,
pfp_bloom_filter_contains_unique_size_u64,0,NVIDIA A100-SXM4-40GB,I64,U64,128,16,8,1,1000000000,1024,Yes,,,,,,,,,,
pfp_bloom_filter_contains_unique_size_u64,0,NVIDIA A100-SXM4-40GB,I64,U64,128,16,8,1,1000000000,2048,Yes,,,,,,,,,,
pfp_bloom_filter_contains_unique_size_u64,0,NVIDIA A100-SXM4-40GB,I64,U64,128,16,8,2,1000000000,1,Yes,,,,,,,,,,
pfp_bloom_filter_contains_unique_size_u64,0,NVIDIA A100-SXM4-40GB,I64,U64,128,16,8,2,1000000000,2,Yes,,,,,,,,,,
pfp_bloom_filter_contains_unique_size_u64,0,NVIDIA A100-SXM4-40GB,I64,U64,128,16,8,2,1000000000,4,Yes,,,,,,,,,,
pfp_bloom_filter_contains_unique_size_u64,0,NVIDIA A100-SXM4-40GB,I64,U64,128,16,8,2,1000000000,8,Yes,,,,,,,,,,
pfp_bloom_filter_contains_unique_size_u64,0,NVIDIA A100-SXM4-40GB,I64,U64,128,16,8,2,1000000000,16,Yes,,,,,,,,,,
pfp_bloom_filter_contains_unique_size_u64,0,NVIDIA A100-SXM4-40GB,I64,U64,128,16,8,2,1000000000,32,Yes,,,,,,,,,,
pfp_bloom_filter_contains_unique_size_u64,0,NVIDIA A100-SXM4-40GB,I64,U64,128,16,8,2,1000000000,64,Yes,,,,,,,,,,
pfp_bloom_filter_contains_unique_size_u64,0,NVIDIA A100-SXM4-40GB,I64,U64,128,16,8,2,1000000000,128,Yes,,,,,,,,,,
pfp_bloom_filter_contains_unique_size_u64,0,NVIDIA A100-SXM4-40GB,I64,U64,128,16,8,2,1000000000,256,Yes,,,,,,,,,,
pfp_bloom_filter_contains_unique_size_u64,0,NVIDIA A100-SXM4-40GB,I64,U64,128,16,8,2,1000000000,512,Yes,,,,,,,,,,
pfp_bloom_filter_contains_unique_size_u64,0,NVIDIA A100-SXM4-40GB,I64,U64,128,16,8,2,1000000000,1024,Yes,,,,,,,,,,
pfp_bloom_filter_contains_unique_size_u64,0,NVIDIA A100-SXM4-40GB,I64,U64,128,16,8,2,1000000000,2048,Yes,,,,,,,,,,
pfp_bloom_filter_contains_unique_size_u64,0,NVIDIA A100-SXM4-40GB,I64,U64,128,16,8,4,1000000000,1,Yes,,,,,,,,,,
pfp_bloom_filter_contains_unique_size_u64,0,NVIDIA A100-SXM4-40GB,I64,U64,128,16,8,4,1000000000,2,Yes,,,,,,,,,,
pfp_bloom_filter_contains_unique_size_u64,0,NVIDIA A100-SXM4-40GB,I64,U64,128,16,8,4,1000000000,4,Yes,,,,,,,,,,
pfp_bloom_filter_contains_unique_size_u64,0,NVIDIA A100-SXM4-40GB,I64,U64,128,16,8,4,1000000000,8,Yes,,,,,,,,,,
pfp_bloom_filter_contains_unique_size_u64,0,NVIDIA A100-SXM4-40GB,I64,U64,128,16,8,4,1000000000,16,Yes,,,,,,,,,,
pfp_bloom_filter_contains_unique_size_u64,0,NVIDIA A100-SXM4-40GB,I64,U64,128,16,8,4,1000000000,32,Yes,,,,,,,,,,
pfp_bloom_filter_contains_unique_size_u64,0,NVIDIA A100-SXM4-40GB,I64,U64,128,16,8,4,1000000000,64,Yes,,,,,,,,,,
pfp_bloom_filter_contains_unique_size_u64,0,NVIDIA A100-SXM4-40GB,I64,U64,128,16,8,4,1000000000,128,Yes,,,,,,,,,,
pfp_bloom_filter_contains_unique_size_u64,0,NVIDIA A100-SXM4-40GB,I64,U64,128,16,8,4,1000000000,256,Yes,,,,,,,,,,
pfp_bloom_filter_contains_unique_size_u64,0,NVIDIA A100-SXM4-40GB,I64,U64,128,16,8,4,1000000000,512,Yes,,,,,,,,,,
pfp_bloom_filter_contains_unique_size_u64,0,NVIDIA A100-SXM4-40GB,I64,U64,128,16,8,4,1000000000,1024,Yes,,,,,,,,,,
pfp_bloom_filter_contains_unique_size_u64,0,NVIDIA A100-SXM4-40GB,I64,U64,128,16,8,4,1000000000,2048,Yes,,,,,,,,,,
pfp_bloom_filter_contains_unique_size_u64,0,NVIDIA A100-SXM4-40GB,I64,U64,128,16,8,8,1000000000,1,Yes,,,,,,,,,,
pfp_bloom_filter_contains_unique_size_u64,0,NVIDIA A100-SXM4-40GB,I64,U64,128,16,8,8,1000000000,2,Yes,,,,,,,,,,
pfp_bloom_filter_contains_unique_size_u64,0,NVIDIA A100-SXM4-40GB,I64,U64,128,16,8,8,1000000000,4,Yes,,,,,,,,,,
pfp_bloom_filter_contains_unique_size_u64,0,NVIDIA A100-SXM4-40GB,I64,U64,128,16,8,8,1000000000,8,Yes,,,,,,,,,,
pfp_bloom_filter_contains_unique_size_u64,0,NVIDIA A100-SXM4-40GB,I64,U64,128,16,8,8,1000000000,16,Yes,,,,,,,,,,
pfp_bloom_filter_contains_unique_size_u64,0,NVIDIA A100-SXM4-40GB,I64,U64,128,16,8,8,1000000000,32,Yes,,,,,,,,,,
pfp_bloom_filter_contains_unique_size_u64,0,NVIDIA A100-SXM4-40GB,I64,U64,128,16,8,8,1000000000,64,Yes,,,,,,,,,,
pfp_bloom_filter_contains_unique_size_u64,0,NVIDIA A100-SXM4-40GB,I64,U64,128,16,8,8,1000000000,128,Yes,,,,,,,,,,
pfp_bloom_filter_contains_unique_size_u64,0,NVIDIA A100-SXM4-40GB,I64,U64,128,16,8,8,1000000000,256,Yes,,,,,,,,,,
pfp_bloom_filter_contains_unique_size_u64,0,NVIDIA A100-SXM4-40GB,I64,U64,128,16,8,8,1000000000,512,Yes,,,,,,,,,,
pfp_bloom_filter_contains_unique_size_u64,0,NVIDIA A100-SXM4-40GB,I64,U64,128,16,8,8,1000000000,1024,Yes,,,,,,,,,,
pfp_bloom_filter_contains_unique_size_u64,0,NVIDIA A100-SXM4-40GB,I64,U64,128,16,8,8,1000000000,2048,Yes,,,,,,,,,,
pfp_bloom_filter_contains_unique_size_u64,0,NVIDIA A100-SXM4-40GB,I64,U64,256,1,1,1,1000000000,1,No,0.026616622,4,26,0.01986068123076923,0.0041176629524750106,0.019844725828904376,0.0041026111094957535,50391222767.28425,27,0.01979904019391095
pfp_bloom_filter_contains_unique_size_u64,0,NVIDIA A100-SXM4-40GB,I64,U64,256,1,1,1,1000000000,2,No,0.026679489,4,26,0.01982126865384616,0.007071242458660417,0.01980388435950646,0.007074751984530523,50495144379.08591,27,0.0196699781064634
pfp_bloom_filter_contains_unique_size_u64,0,NVIDIA A100-SXM4-40GB,I64,U64,256,1,1,1,1000000000,4,No,0.02665682,4,26,0.019812540692307694,0.006749616927657787,0.01979545622605544,0.006747906948614912,50516643242.7946,27,0.01976904056690357
pfp_bloom_filter_contains_unique_size_u64,0,NVIDIA A100-SXM4-40GB,I64,U64,256,1,1,1,1000000000,8,No,0.02664805,4,26,0.019770183500000003,0.006937792406972703,0.019752881343548113,0.006934022787980352,50625525593.339836,27,0.01971734760425709
pfp_bloom_filter_contains_unique_size_u64,0,NVIDIA A100-SXM4-40GB,I64,U64,256,1,1,1,1000000000,16,No,0.026662376,4,25,0.02067223652,0.010734631574535539,0.020654407882690427,0.01070726147514111,48415815436.57115,26,0.020485002004183257
pfp_bloom_filter_contains_unique_size_u64,0,NVIDIA A100-SXM4-40GB,I64,U64,256,1,1,1,1000000000,32,No,0.02665728,4,13,0.03853663669230768,0.032337644798462815,0.038519965832050036,0.03233679886147044,25960563006.729435,14,0.03773754419599261
pfp_bloom_filter_contains_unique_size_u64,0,NVIDIA A100-SXM4-40GB,I64,U64,256,1,1,1,1000000000,64,No,0.026644355,4,11,0.05739612327272728,0.027525023934516224,0.0573790019642223,0.027536985723400905,17427978280.687645,12,0.05669734287261963
pfp_bloom_filter_contains_unique_size_u64,0,NVIDIA A100-SXM4-40GB,I64,U64,256,1,1,1,1000000000,128,No,0.026657968,4,11,0.06828392636363638,0.018487884372984865,0.06826886887983842,0.01849225916631484,14647964971.561527,12,0.0678701229095459
pfp_bloom_filter_contains_unique_size_u64,0,NVIDIA A100-SXM4-40GB,I64,U64,256,1,1,1,1000000000,256,No,0.026663695,4,11,0.07373415172727273,0.0031585867616635414,0.07371859810569069,0.0031580886725863736,13565097895.191868,12,0.07363097635904949
pfp_bloom_filter_contains_unique_size_u64,0,NVIDIA A100-SXM4-40GB,I64,U64,256,1,1,1,1000000000,512,No,0.026654862,4,11,0.07655974663636365,5.579094380035828e-05,0.07654437255859375,5.122776422124515e-05,13064317683.635235,12,0.07652812830607096
pfp_bloom_filter_contains_unique_size_u64,0,NVIDIA A100-SXM4-40GB,I64,U64,256,1,1,1,1000000000,1024,No,0.026647871,4,11,0.07800786000000001,0.00010382818803944957,0.07799128445712003,0.00010847221795685871,12821945515.589048,12,0.07797248013814291
pfp_bloom_filter_contains_unique_size_u64,0,NVIDIA A100-SXM4-40GB,I64,U64,256,1,1,1,1000000000,2048,No,0.026645098,4,11,0.07872568527272727,5.982325087321931e-05,0.07871041176535867,6.110741954454565e-05,12704799499.475,12,0.07869542503356934
pfp_bloom_filter_contains_unique_size_u64,0,NVIDIA A100-SXM4-40GB,I64,U64,256,1,1,2,1000000000,1,No,0.026616622,4,34,0.014758253470588234,0.013869166315058946,0.014740148712606992,0.013871157786982313,67841920695.462006,35,0.01467038051060268
pfp_bloom_filter_contains_unique_size_u64,0,NVIDIA A100-SXM4-40GB,I64,U64,256,1,1,2,1000000000,2,No,0.026679489,4,34,0.014723927764705883,0.009175518718592051,0.014706808398751652,0.009166160717851809,67995718233.79996,35,0.014672514997209823
pfp_bloom_filter_contains_unique_size_u64,0,NVIDIA A100-SXM4-40GB,I64,U64,256,1,1,2,1000000000,4,No,0.02665682,4,34,0.014769954823529411,0.010988215885183832,0.014752225819756003,0.010984691892648142,67786380998.914215,35,0.014669004603794642
pfp_bloom_filter_contains_unique_size_u64,0,NVIDIA A100-SXM4-40GB,I64,U64,256,1,1,2,1000000000,8,No,0.02664805,4,35,0.014716143942857144,0.012226646218343126,0.01469881785256522,0.01221833595306419,68032681949.690346,36,0.014638364182578193
pfp_bloom_filter_contains_unique_size_u64,0,NVIDIA A100-SXM4-40GB,I64,U64,256,1,1,2,1000000000,16,No,0.026662376,4,31,0.016267294999999998,0.011283847844975279,0.016249228415950653,0.011265251690175592,61541383652.30775,32,0.016130720138549805
pfp_bloom_filter_contains_unique_size_u64,0,NVIDIA A100-SXM4-40GB,I64,U64,256,1,1,2,1000000000,32,No,0.02665728,4,15,0.035450104600000004,0.03213342787449087,0.035433198801676426,0.032137259972430304,28222120322.726486,16,0.03465657639503479
pfp_bloom_filter_contains_unique_size_u64,0,NVIDIA A100-SXM4-40GB,I64,U64,256,1,1,2,1000000000,64,No,0.026644355,4,11,0.055938332090909086,0.02917052056367829,0.05592315327037464,0.02917115838513955,17881681227.187725,12,0.05520272986094157
pfp_bloom_filter_contains_unique_size_u64,0,NVIDIA A100-SXM4-40GB,I64,U64,256,1,1,2,1000000000,128,No,0.026657968,4,11,0.06758402727272728,0.019047679388168894,0.06756752360950817,0.019050683839875886,14800009628.579594,12,0.06716202799479166
pfp_bloom_filter_contains_unique_size_u64,0,NVIDIA A100-SXM4-40GB,I64,U64,256,1,1,2,1000000000,256,No,0.026663695,4,11,0.07318452027272727,0.003815427231231134,0.07316889606822621,0.0038110362759375222,13667009531.858341,12,0.0730708491007487
pfp_bloom_filter_contains_unique_size_u64,0,NVIDIA A100-SXM4-40GB,I64,U64,256,1,1,2,1000000000,512,No,0.026654862,4,11,0.07603495963636364,7.834757996989569e-05,0.07601878010142933,7.77132015601889e-05,13154644137.484623,12,0.0760035851796468
pfp_bloom_filter_contains_unique_size_u64,0,NVIDIA A100-SXM4-40GB,I64,U64,256,1,1,2,1000000000,1024,No,0.026647871,4,11,0.07749454018181817,4.902619446994975e-05,0.07747816744717685,7.239834043423693e-05,12906861803.123842,12,0.07746457481384277
pfp_bloom_filter_contains_unique_size_u64,0,NVIDIA A100-SXM4-40GB,I64,U64,256,1,1,2,1000000000,2048,No,0.026645098,4,11,0.07821782727272727,4.73360827706394e-05,0.0782019472989169,4.439178716152072e-05,12787405359.327288,12,0.07818897056579589
pfp_bloom_filter_contains_unique_size_u64,0,NVIDIA A100-SXM4-40GB,I64,U64,256,1,1,4,1000000000,1,No,0.026616622,4,34,0.014786671676470589,0.012965553178266325,0.014769362870384668,0.01297708738012842,67707727731.789085,35,0.014765230887276786
pfp_bloom_filter_contains_unique_size_u64,0,NVIDIA A100-SXM4-40GB,I64,U64,256,1,1,4,1000000000,2,No,0.026679489,4,34,0.014819387529411768,0.009966981753063429,0.014802160936243392,0.009952964734930818,67557703520.94198,35,0.014778543526785714
pfp_bloom_filter_contains_unique_size_u64,0,NVIDIA A100-SXM4-40GB,I64,U64,256,1,1,4,1000000000,4,No,0.02665682,4,34,0.014812099705882353,0.010603952891078804,0.01479433034448063,0.01059150343524034,67593461597.47429,35,0.01475961390904018
pfp_bloom_filter_contains_unique_size_u64,0,NVIDIA A100-SXM4-40GB,I64,U64,256,1,1,4,1000000000,8,No,0.02664805,4,34,0.014791482823529415,0.010814689895060233,0.014774211827446433,0.010814253095957758,67685505777.18632,35,0.014746360560825893
pfp_bloom_filter_contains_unique_size_u64,0,NVIDIA A100-SXM4-40GB,I64,U64,256,1,1,4,1000000000,16,No,0.026662376,4,31,0.016157703032258063,0.014095948895612385,0.016139792473085467,0.014093482350581282,61958665309.209435,32,0.01598380756378174
pfp_bloom_filter_contains_unique_size_u64,0,NVIDIA A100-SXM4-40GB,I64,U64,256,1,1,4,1000000000,32,No,0.02665728,4,15,0.03543230546666667,0.03211803701627029,0.0354160634358724,0.0321180870055333,28235775040.63072,16,0.034651455402374264
pfp_bloom_filter_contains_unique_size_u64,0,NVIDIA A100-SXM4-40GB,I64,U64,256,1,1,4,1000000000,64,No,0.026644355,4,11,0.055954755454545466,0.029580011475519467,0.05593842072920366,0.029579474041311976,17876800720.581158,12,0.05520221932729086
pfp_bloom_filter_contains_unique_size_u64,0,NVIDIA A100-SXM4-40GB,I64,U64,256,1,1,4,1000000000,128,No,0.026657968,4,11,0.06758725527272727,0.01948137113508179,0.06757236341996625,0.019482890994025993,14798949591.047165,12,0.06716552543640136
pfp_bloom_filter_contains_unique_size_u64,0,NVIDIA A100-SXM4-40GB,I64,U64,256,1,1,4,1000000000,256,No,0.026663695,4,11,0.07318582527272727,0.003535355132239408,0.0731702943281694,0.003536436610276462,13666748359.860237,12,0.07307511520385743
pfp_bloom_filter_contains_unique_size_u64,0,NVIDIA A100-SXM4-40GB,I64,U64,256,1,1,4,1000000000,512,No,0.026654862,4,11,0.07603944272727273,8.452170037681801e-05,0.07602408738569778,8.392431656291602e-05,13153725804.384039,12,0.076007594426473
pfp_bloom_filter_contains_unique_size_u64,0,NVIDIA A100-SXM4-40GB,I64,U64,256,1,1,4,1000000000,1024,No,0.026647871,4,11,0.07749623136363636,6.984242373208245e-05,0.07748124070601028,7.118572352377597e-05,12906349858.210636,12,0.07746585655212403
pfp_bloom_filter_contains_unique_size_u64,0,NVIDIA A100-SXM4-40GB,I64,U64,256,1,1,4,1000000000,2048,No,0.026645098,4,11,0.07822197918181818,6.516305661298811e-05,0.07820623293789951,6.704487914267662e-05,12786704619.746365,12,0.07819579887390136
pfp_bloom_filter_contains_unique_size_u64,0,NVIDIA A100-SXM4-40GB,I64,U64,256,1,1,8,1000000000,1,Yes,,,,,,,,,,
pfp_bloom_filter_contains_unique_size_u64,0,NVIDIA A100-SXM4-40GB,I64,U64,256,1,1,8,1000000000,2,Yes,,,,,,,,,,
pfp_bloom_filter_contains_unique_size_u64,0,NVIDIA A100-SXM4-40GB,I64,U64,256,1,1,8,1000000000,4,Yes,,,,,,,,,,
pfp_bloom_filter_contains_unique_size_u64,0,NVIDIA A100-SXM4-40GB,I64,U64,256,1,1,8,1000000000,8,Yes,,,,,,,,,,
pfp_bloom_filter_contains_unique_size_u64,0,NVIDIA A100-SXM4-40GB,I64,U64,256,1,1,8,1000000000,16,Yes,,,,,,,,,,
pfp_bloom_filter_contains_unique_size_u64,0,NVIDIA A100-SXM4-40GB,I64,U64,256,1,1,8,1000000000,32,Yes,,,,,,,,,,
pfp_bloom_filter_contains_unique_size_u64,0,NVIDIA A100-SXM4-40GB,I64,U64,256,1,1,8,1000000000,64,Yes,,,,,,,,,,
pfp_bloom_filter_contains_unique_size_u64,0,NVIDIA A100-SXM4-40GB,I64,U64,256,1,1,8,1000000000,128,Yes,,,,,,,,,,
pfp_bloom_filter_contains_unique_size_u64,0,NVIDIA A100-SXM4-40GB,I64,U64,256,1,1,8,1000000000,256,Yes,,,,,,,,,,
pfp_bloom_filter_contains_unique_size_u64,0,NVIDIA A100-SXM4-40GB,I64,U64,256,1,1,8,1000000000,512,Yes,,,,,,,,,,
pfp_bloom_filter_contains_unique_size_u64,0,NVIDIA A100-SXM4-40GB,I64,U64,256,1,1,8,1000000000,1024,Yes,,,,,,,,,,
pfp_bloom_filter_contains_unique_size_u64,0,NVIDIA A100-SXM4-40GB,I64,U64,256,1,1,8,1000000000,2048,Yes,,,,,,,,,,
pfp_bloom_filter_contains_unique_size_u64,0,NVIDIA A100-SXM4-40GB,I64,U64,256,1,2,1,1000000000,1,No,0.026616622,4,11,0.05458330463636363,6.365927410844739e-05,0.05456737691705877,7.569839983705472e-05,18325967940.881203,12,0.05456827704111735
pfp_bloom_filter_contains_unique_size_u64,0,NVIDIA A100-SXM4-40GB,I64,U64,256,1,2,1,1000000000,2,No,0.026679489,4,11,0.05458417518181818,4.2170421035239494e-05,0.05456840098987926,4.9907900880776894e-05,18325624021.59207,12,0.05456827704111735
pfp_bloom_filter_contains_unique_size_u64,0,NVIDIA A100-SXM4-40GB,I64,U64,256,1,2,1,1000000000,4,No,0.02665682,4,11,0.05458427136363637,5.2009320238824184e-05,0.054569145896218044,5.092130886002973e-05,18325373864.23169,12,0.05456819089253743
pfp_bloom_filter_contains_unique_size_u64,0,NVIDIA A100-SXM4-40GB,I64,U64,256,1,2,1,1000000000,8,No,0.02664805,4,11,0.05458418963636364,4.6690261874061426e-05,0.05456830804998225,5.583277883728345e-05,18325655233.511044,12,0.05456810633341471
pfp_bloom_filter_contains_unique_size_u64,0,NVIDIA A100-SXM4-40GB,I64,U64,256,1,2,1,1000000000,16,No,0.026662376,4,11,0.05460072318181819,3.9988760679077654e-05,0.05458534414117986,3.355847807392085e-05,18319935794.736294,12,0.054581503232320146
pfp_bloom_filter_contains_unique_size_u64,0,NVIDIA A100-SXM4-40GB,I64,U64,256,1,2,1,1000000000,32,No,0.02665728,4,11,0.056343939909090916,0.00035006421757152067,0.05632800535722211,0.0003592700967626766,17753158374.030453,12,0.05632665634155273
pfp_bloom_filter_contains_unique_size_u64,0,NVIDIA A100-SXM4-40GB,I64,U64,256,1,2,1,1000000000,64,No,0.026644355,4,11,0.05849306254545455,0.01676274522942309,0.05847756784612482,0.016759198844292406,17100574405.408823,12,0.058039213180542
pfp_bloom_filter_contains_unique_size_u64,0,NVIDIA A100-SXM4-40GB,I64,U64,256,1,2,1,1000000000,128,No,0.026657968,4,11,0.06782686945454547,0.01943343814854261,0.0678106751875444,0.019435965702605897,14746940614.207039,12,0.06739473088582357
pfp_bloom_filter_contains_unique_size_u64,0,NVIDIA A100-SXM4-40GB,I64,U64,256,1,2,1,1000000000,256,No,0.026663695,4,11,0.07331535045454546,0.004440490412702258,0.07329968885941938,0.004440361246266043,13642622711.78106,12,0.07318715731302897
pfp_bloom_filter_contains_unique_size_u64,0,NVIDIA A100-SXM4-40GB,I64,U64,256,1,2,1,1000000000,512,No,0.026654862,4,11,0.07613619636363637,8.824430675631277e-05,0.07612080938165838,9.437645747807222e-05,13137012180.022274,12,0.07610709444681803
pfp_bloom_filter_contains_unique_size_u64,0,NVIDIA A100-SXM4-40GB,I64,U64,256,1,2,1,1000000000,1024,No,0.026647871,4,11,0.07758454645454547,6.237013178908292e-05,0.07756865137273615,6.114099714887951e-05,12891805933.234005,12,0.0775544319152832
pfp_bloom_filter_contains_unique_size_u64,0,NVIDIA A100-SXM4-40GB,I64,U64,256,1,2,1,1000000000,2048,No,0.026645098,4,11,0.07830625445454545,7.591010422139494e-05,0.07829085124622692,7.407931212593287e-05,12772884495.21352,12,0.07827498626708985
pfp_bloom_filter_contains_unique_size_u64,0,NVIDIA A100-SXM4-40GB,I64,U64,256,1,2,2,1000000000,1,No,0.026616622,4,11,0.05455109936363636,3.945045124222738e-05,0.054535260980779474,5.207139358842152e-05,18336760144.091766,12,0.054536789258321124
pfp_bloom_filter_contains_unique_size_u64,0,NVIDIA A100-SXM4-40GB,I64,U64,256,1,2,2,1000000000,2,No,0.026679489,4,11,0.05455012818181819,4.4423284199132406e-05,0.054534981814297764,4.7365204281683296e-05,18336854010.609097,12,0.05453474140167237
pfp_bloom_filter_contains_unique_size_u64,0,NVIDIA A100-SXM4-40GB,I64,U64,256,1,2,2,1000000000,4,No,0.02665682,4,11,0.054550825636363626,4.7164837166923774e-05,0.05453516838767313,5.63348448168248e-05,18336791277.351868,12,0.054533717155456546
pfp_bloom_filter_contains_unique_size_u64,0,NVIDIA A100-SXM4-40GB,I64,U64,256,1,2,2,1000000000,8,No,0.02664805,4,11,0.05454986109090909,5.223893969333167e-05,0.054534609361128375,6.361080991276413e-05,18336979245.198154,12,0.054533889134724935
pfp_bloom_filter_contains_unique_size_u64,0,NVIDIA A100-SXM4-40GB,I64,U64,256,1,2,2,1000000000,16,No,0.026662376,4,11,0.054567335181818194,4.707359197110576e-05,0.054551737698641696,5.491634668139623e-05,18331221738.971283,12,0.05454856618245443
pfp_bloom_filter_contains_unique_size_u64,0,NVIDIA A100-SXM4-40GB,I64,U64,256,1,2,2,1000000000,32,No,0.02665728,4,11,0.055882373000000006,0.004712060347632923,0.055866367686878554,0.004709020002150872,17899857130.587566,12,0.05568264516194662
pfp_bloom_filter_contains_unique_size_u64,0,NVIDIA A100-SXM4-40GB,I64,U64,256,1,2,2,1000000000,64,No,0.026644355,4,11,0.05842198972727273,0.016484199994530192,0.05840635369040748,0.016487942451338642,17121424927.51157,12,0.057966337203979486
pfp_bloom_filter_contains_unique_size_u64,0,NVIDIA A100-SXM4-40GB,I64,U64,256,1,2,2,1000000000,128,No,0.026657968,4,11,0.06790625927272728,0.019547636187802957,0.06789036213267932,0.01954951828445645,14729631255.253618,12,0.06747707748413086
pfp_bloom_filter_contains_unique_size_u64,0,NVIDIA A100-SXM4-40GB,I64,U64,256,1,2,2,1000000000,256,No,0.026663695,4,11,0.07338141663636363,0.005052463647392824,0.07336578299782492,0.0050553272722106855,13630332276.691534,12,0.07323375193277995
pfp_bloom_filter_contains_unique_size_u64,0,NVIDIA A100-SXM4-40GB,I64,U64,256,1,2,2,1000000000,512,No,0.026654862,4,11,0.07616538509090907,0.0001053731486724646,0.07614752613414418,0.00010272869145976225,13132402991.508413,12,0.0761340586344401
pfp_bloom_filter_contains_unique_size_u64,0,NVIDIA A100-SXM4-40GB,I64,U64,256,1,2,2,1000000000,1024,No,0.026647871,4,11,0.07761027963636363,0.00011601677112638147,0.07759220400723543,0.00011821562495658398,12887892705.132471,12,0.0775784117380778
pfp_bloom_filter_contains_unique_size_u64,0,NVIDIA A100-SXM4-40GB,I64,U64,256,1,2,2,1000000000,2048,No,0.026645098,4,11,0.07833174309090911,4.437419714902767e-05,0.0783133780739524,4.6196343599175035e-05,12769210377.512846,12,0.07829998842875162
pfp_bloom_filter_contains_unique_size_u64,0,NVIDIA A100-SXM4-40GB,I64,U64,256,1,2,4,1000000000,1,Yes,,,,,,,,,,
pfp_bloom_filter_contains_unique_size_u64,0,NVIDIA A100-SXM4-40GB,I64,U64,256,1,2,4,1000000000,2,Yes,,,,,,,,,,
pfp_bloom_filter_contains_unique_size_u64,0,NVIDIA A100-SXM4-40GB,I64,U64,256,1,2,4,1000000000,4,Yes,,,,,,,,,,
pfp_bloom_filter_contains_unique_size_u64,0,NVIDIA A100-SXM4-40GB,I64,U64,256,1,2,4,1000000000,8,Yes,,,,,,,,,,
pfp_bloom_filter_contains_unique_size_u64,0,NVIDIA A100-SXM4-40GB,I64,U64,256,1,2,4,1000000000,16,Yes,,,,,,,,,,
pfp_bloom_filter_contains_unique_size_u64,0,NVIDIA A100-SXM4-40GB,I64,U64,256,1,2,4,1000000000,32,Yes,,,,,,,,,,
pfp_bloom_filter_contains_unique_size_u64,0,NVIDIA A100-SXM4-40GB,I64,U64,256,1,2,4,1000000000,64,Yes,,,,,,,,,,
pfp_bloom_filter_contains_unique_size_u64,0,NVIDIA A100-SXM4-40GB,I64,U64,256,1,2,4,1000000000,128,Yes,,,,,,,,,,
pfp_bloom_filter_contains_unique_size_u64,0,NVIDIA A100-SXM4-40GB,I64,U64,256,1,2,4,1000000000,256,Yes,,,,,,,,,,
pfp_bloom_filter_contains_unique_size_u64,0,NVIDIA A100-SXM4-40GB,I64,U64,256,1,2,4,1000000000,512,Yes,,,,,,,,,,
pfp_bloom_filter_contains_unique_size_u64,0,NVIDIA A100-SXM4-40GB,I64,U64,256,1,2,4,1000000000,1024,Yes,,,,,,,,,,
pfp_bloom_filter_contains_unique_size_u64,0,NVIDIA A100-SXM4-40GB,I64,U64,256,1,2,4,1000000000,2048,Yes,,,,,,,,,,
pfp_bloom_filter_contains_unique_size_u64,0,NVIDIA A100-SXM4-40GB,I64,U64,256,1,2,8,1000000000,1,Yes,,,,,,,,,,
pfp_bloom_filter_contains_unique_size_u64,0,NVIDIA A100-SXM4-40GB,I64,U64,256,1,2,8,1000000000,2,Yes,,,,,,,,,,
pfp_bloom_filter_contains_unique_size_u64,0,NVIDIA A100-SXM4-40GB,I64,U64,256,1,2,8,1000000000,4,Yes,,,,,,,,,,
pfp_bloom_filter_contains_unique_size_u64,0,NVIDIA A100-SXM4-40GB,I64,U64,256,1,2,8,1000000000,8,Yes,,,,,,,,,,
pfp_bloom_filter_contains_unique_size_u64,0,NVIDIA A100-SXM4-40GB,I64,U64,256,1,2,8,1000000000,16,Yes,,,,,,,,,,
pfp_bloom_filter_contains_unique_size_u64,0,NVIDIA A100-SXM4-40GB,I64,U64,256,1,2,8,1000000000,32,Yes,,,,,,,,,,
pfp_bloom_filter_contains_unique_size_u64,0,NVIDIA A100-SXM4-40GB,I64,U64,256,1,2,8,1000000000,64,Yes,,,,,,,,,,
pfp_bloom_filter_contains_unique_size_u64,0,NVIDIA A100-SXM4-40GB,I64,U64,256,1,2,8,1000000000,128,Yes,,,,,,,,,,
pfp_bloom_filter_contains_unique_size_u64,0,NVIDIA A100-SXM4-40GB,I64,U64,256,1,2,8,1000000000,256,Yes,,,,,,,,,,
pfp_bloom_filter_contains_unique_size_u64,0,NVIDIA A100-SXM4-40GB,I64,U64,256,1,2,8,1000000000,512,Yes,,,,,,,,,,
pfp_bloom_filter_contains_unique_size_u64,0,NVIDIA A100-SXM4-40GB,I64,U64,256,1,2,8,1000000000,1024,Yes,,,,,,,,,,
pfp_bloom_filter_contains_unique_size_u64,0,NVIDIA A100-SXM4-40GB,I64,U64,256,1,2,8,1000000000,2048,Yes,,,,,,,,,,
pfp_bloom_filter_contains_unique_size_u64,0,NVIDIA A100-SXM4-40GB,I64,U64,256,1,4,1,1000000000,1,No,0.026616622,4,11,0.05638001918181818,2.937792501497263e-05,0.056362076846036044,3.088491620261804e-05,17742426396.594543,12,0.056360703786214196
pfp_bloom_filter_contains_unique_size_u64,0,NVIDIA A100-SXM4-40GB,I64,U64,256,1,4,1,1000000000,2,No,0.026679489,4,11,0.05638166463636365,2.8567323093565102e-05,0.056363007632168845,2.9297781883862838e-05,17742133395.8278,12,0.05636104456583658
pfp_bloom_filter_contains_unique_size_u64,0,NVIDIA A100-SXM4-40GB,I64,U64,256,1,4,1,1000000000,4,No,0.02665682,4,11,0.05638236909090908,5.522025120823282e-05,0.05636375288529829,1.8330437470710528e-05,17741898805.692127,12,0.056360790252685554
pfp_bloom_filter_contains_unique_size_u64,0,NVIDIA A100-SXM4-40GB,I64,U64,256,1,4,1,1000000000,8,No,0.02664805,4,11,0.056378882090909105,1.658452442085576e-05,0.05636328714544123,2.165530325708723e-05,17742045410.15458,12,0.05636078898111979
pfp_bloom_filter_contains_unique_size_u64,0,NVIDIA A100-SXM4-40GB,I64,U64,256,1,4,1,1000000000,16,No,0.026662376,4,11,0.05638753127272728,1.0414443677335579e-05,0.05637203702059657,1.7844140642247903e-05,17739291550.430073,12,0.056367274284362785
pfp_bloom_filter_contains_unique_size_u64,0,NVIDIA A100-SXM4-40GB,I64,U64,256,1,4,1,1000000000,32,No,0.02665728,4,11,0.059052762909090915,0.004899622224773539,0.059036020452325984,0.004899090645575007,16938811124.769854,12,0.05886054388682047
pfp_bloom_filter_contains_unique_size_u64,0,NVIDIA A100-SXM4-40GB,I64,U64,256,1,4,1,1000000000,64,No,0.026644355,4,11,0.061989470818181826,0.009814329415651345,0.06197313239357687,0.009810289605081814,16136024780.048777,12,0.06121659819285075
pfp_bloom_filter_contains_unique_size_u64,0,NVIDIA A100-SXM4-40GB,I64,U64,256,1,4,1,1000000000,128,No,0.026657968,4,11,0.06968206136363636,0.018174115391037263,0.06966514032537288,0.01817780345897062,14354381478.734896,12,0.0706786142985026
pfp_bloom_filter_contains_unique_size_u64,0,NVIDIA A100-SXM4-40GB,I64,U64,256,1,4,1,1000000000,256,No,0.026663695,4,11,0.07502103754545454,0.010644523859559064,0.07500343669544567,0.010643542681053502,13332722393.24897,12,0.0747456849416097
pfp_bloom_filter_contains_unique_size_u64,0,NVIDIA A100-SXM4-40GB,I64,U64,256,1,4,1,1000000000,512,No,0.026654862,4,11,0.07713527145454546,9.915691043708131e-05,0.07711958104913884,9.997254175572642e-05,12966875421.20882,12,0.07712879053751627
pfp_bloom_filter_contains_unique_size_u64,0,NVIDIA A100-SXM4-40GB,I64,U64,256,1,4,1,1000000000,1024,No,0.026647871,4,11,0.07853624418181818,9.110028344971558e-05,0.0785195742520419,9.276605869817665e-05,12735677816.974346,12,0.07850240008036295
pfp_bloom_filter_contains_unique_size_u64,0,NVIDIA A100-SXM4-40GB,I64,U64,256,1,4,1,1000000000,2048,No,0.026645098,4,11,0.07924504454545454,7.818967536084894e-05,0.07922883467240767,8.040400776711165e-05,12621667403.474524,12,0.07921467781066895
pfp_bloom_filter_contains_unique_size_u64,0,NVIDIA A100-SXM4-40GB,I64,U64,256,1,4,2,1000000000,1,Yes,,,,,,,,,,
pfp_bloom_filter_contains_unique_size_u64,0,NVIDIA A100-SXM4-40GB,I64,U64,256,1,4,2,1000000000,2,Yes,,,,,,,,,,
pfp_bloom_filter_contains_unique_size_u64,0,NVIDIA A100-SXM4-40GB,I64,U64,256,1,4,2,1000000000,4,Yes,,,,,,,,,,
pfp_bloom_filter_contains_unique_size_u64,0,NVIDIA A100-SXM4-40GB,I64,U64,256,1,4,2,1000000000,8,Yes,,,,,,,,,,
pfp_bloom_filter_contains_unique_size_u64,0,NVIDIA A100-SXM4-40GB,I64,U64,256,1,4,2,1000000000,16,Yes,,,,,,,,,,
pfp_bloom_filter_contains_unique_size_u64,0,NVIDIA A100-SXM4-40GB,I64,U64,256,1,4,2,1000000000,32,Yes,,,,,,,,,,
pfp_bloom_filter_contains_unique_size_u64,0,NVIDIA A100-SXM4-40GB,I64,U64,256,1,4,2,1000000000,64,Yes,,,,,,,,,,
pfp_bloom_filter_contains_unique_size_u64,0,NVIDIA A100-SXM4-40GB,I64,U64,256,1,4,2,1000000000,128,Yes,,,,,,,,,,
pfp_bloom_filter_contains_unique_size_u64,0,NVIDIA A100-SXM4-40GB,I64,U64,256,1,4,2,1000000000,256,Yes,,,,,,,,,,
pfp_bloom_filter_contains_unique_size_u64,0,NVIDIA A100-SXM4-40GB,I64,U64,256,1,4,2,1000000000,512,Yes,,,,,,,,,,
pfp_bloom_filter_contains_unique_size_u64,0,NVIDIA A100-SXM4-40GB,I64,U64,256,1,4,2,1000000000,1024,Yes,,,,,,,,,,
pfp_bloom_filter_contains_unique_size_u64,0,NVIDIA A100-SXM4-40GB,I64,U64,256,1,4,2,1000000000,2048,Yes,,,,,,,,,,
pfp_bloom_filter_contains_unique_size_u64,0,NVIDIA A100-SXM4-40GB,I64,U64,256,1,4,4,1000000000,1,Yes,,,,,,,,,,
pfp_bloom_filter_contains_unique_size_u64,0,NVIDIA A100-SXM4-40GB,I64,U64,256,1,4,4,1000000000,2,Yes,,,,,,,,,,
pfp_bloom_filter_contains_unique_size_u64,0,NVIDIA A100-SXM4-40GB,I64,U64,256,1,4,4,1000000000,4,Yes,,,,,,,,,,
pfp_bloom_filter_contains_unique_size_u64,0,NVIDIA A100-SXM4-40GB,I64,U64,256,1,4,4,1000000000,8,Yes,,,,,,,,,,
pfp_bloom_filter_contains_unique_size_u64,0,NVIDIA A100-SXM4-40GB,I64,U64,256,1,4,4,1000000000,16,Yes,,,,,,,,,,
pfp_bloom_filter_contains_unique_size_u64,0,NVIDIA A100-SXM4-40GB,I64,U64,256,1,4,4,1000000000,32,Yes,,,,,,,,,,
pfp_bloom_filter_contains_unique_size_u64,0,NVIDIA A100-SXM4-40GB,I64,U64,256,1,4,4,1000000000,64,Yes,,,,,,,,,,
pfp_bloom_filter_contains_unique_size_u64,0,NVIDIA A100-SXM4-40GB,I64,U64,256,1,4,4,1000000000,128,Yes,,,,,,,,,,
pfp_bloom_filter_contains_unique_size_u64,0,NVIDIA A100-SXM4-40GB,I64,U64,256,1,4,4,1000000000,256,Yes,,,,,,,,,,
pfp_bloom_filter_contains_unique_size_u64,0,NVIDIA A100-SXM4-40GB,I64,U64,256,1,4,4,1000000000,512,Yes,,,,,,,,,,
pfp_bloom_filter_contains_unique_size_u64,0,NVIDIA A100-SXM4-40GB,I64,U64,256,1,4,4,1000000000,1024,Yes,,,,,,,,,,
pfp_bloom_filter_contains_unique_size_u64,0,NVIDIA A100-SXM4-40GB,I64,U64,256,1,4,4,1000000000,2048,Yes,,,,,,,,,,
pfp_bloom_filter_contains_unique_size_u64,0,NVIDIA A100-SXM4-40GB,I64,U64,256,1,4,8,1000000000,1,Yes,,,,,,,,,,
pfp_bloom_filter_contains_unique_size_u64,0,NVIDIA A100-SXM4-40GB,I64,U64,256,1,4,8,1000000000,2,Yes,,,,,,,,,,
pfp_bloom_filter_contains_unique_size_u64,0,NVIDIA A100-SXM4-40GB,I64,U64,256,1,4,8,1000000000,4,Yes,,,,,,,,,,
pfp_bloom_filter_contains_unique_size_u64,0,NVIDIA A100-SXM4-40GB,I64,U64,256,1,4,8,1000000000,8,Yes,,,,,,,,,,
pfp_bloom_filter_contains_unique_size_u64,0,NVIDIA A100-SXM4-40GB,I64,U64,256,1,4,8,1000000000,16,Yes,,,,,,,,,,
pfp_bloom_filter_contains_unique_size_u64,0,NVIDIA A100-SXM4-40GB,I64,U64,256,1,4,8,1000000000,32,Yes,,,,,,,,,,
pfp_bloom_filter_contains_unique_size_u64,0,NVIDIA A100-SXM4-40GB,I64,U64,256,1,4,8,1000000000,64,Yes,,,,,,,,,,
pfp_bloom_filter_contains_unique_size_u64,0,NVIDIA A100-SXM4-40GB,I64,U64,256,1,4,8,1000000000,128,Yes,,,,,,,,,,
pfp_bloom_filter_contains_unique_size_u64,0,NVIDIA A100-SXM4-40GB,I64,U64,256,1,4,8,1000000000,256,Yes,,,,,,,,,,
pfp_bloom_filter_contains_unique_size_u64,0,NVIDIA A100-SXM4-40GB,I64,U64,256,1,4,8,1000000000,512,Yes,,,,,,,,,,
pfp_bloom_filter_contains_unique_size_u64,0,NVIDIA A100-SXM4-40GB,I64,U64,256,1,4,8,1000000000,1024,Yes,,,,,,,,,,
pfp_bloom_filter_contains_unique_size_u64,0,NVIDIA A100-SXM4-40GB,I64,U64,256,1,4,8,1000000000,2048,Yes,,,,,,,,,,
pfp_bloom_filter_contains_unique_size_u64,0,NVIDIA A100-SXM4-40GB,I64,U64,256,1,8,1,1000000000,1,Yes,,,,,,,,,,
pfp_bloom_filter_contains_unique_size_u64,0,NVIDIA A100-SXM4-40GB,I64,U64,256,1,8,1,1000000000,2,Yes,,,,,,,,,,
pfp_bloom_filter_contains_unique_size_u64,0,NVIDIA A100-SXM4-40GB,I64,U64,256,1,8,1,1000000000,4,Yes,,,,,,,,,,
pfp_bloom_filter_contains_unique_size_u64,0,NVIDIA A100-SXM4-40GB,I64,U64,256,1,8,1,1000000000,8,Yes,,,,,,,,,,
pfp_bloom_filter_contains_unique_size_u64,0,NVIDIA A100-SXM4-40GB,I64,U64,256,1,8,1,1000000000,16,Yes,,,,,,,,,,
pfp_bloom_filter_contains_unique_size_u64,0,NVIDIA A100-SXM4-40GB,I64,U64,256,1,8,1,1000000000,32,Yes,,,,,,,,,,
pfp_bloom_filter_contains_unique_size_u64,0,NVIDIA A100-SXM4-40GB,I64,U64,256,1,8,1,1000000000,64,Yes,,,,,,,,,,
pfp_bloom_filter_contains_unique_size_u64,0,NVIDIA A100-SXM4-40GB,I64,U64,256,1,8,1,1000000000,128,Yes,,,,,,,,,,
pfp_bloom_filter_contains_unique_size_u64,0,NVIDIA A100-SXM4-40GB,I64,U64,256,1,8,1,1000000000,256,Yes,,,,,,,,,,
pfp_bloom_filter_contains_unique_size_u64,0,NVIDIA A100-SXM4-40GB,I64,U64,256,1,8,1,1000000000,512,Yes,,,,,,,,,,
pfp_bloom_filter_contains_unique_size_u64,0,NVIDIA A100-SXM4-40GB,I64,U64,256,1,8,1,1000000000,1024,Yes,,,,,,,,,,
pfp_bloom_filter_contains_unique_size_u64,0,NVIDIA A100-SXM4-40GB,I64,U64,256,1,8,1,1000000000,2048,Yes,,,,,,,,,,
pfp_bloom_filter_contains_unique_size_u64,0,NVIDIA A100-SXM4-40GB,I64,U64,256,1,8,2,1000000000,1,Yes,,,,,,,,,,
pfp_bloom_filter_contains_unique_size_u64,0,NVIDIA A100-SXM4-40GB,I64,U64,256,1,8,2,1000000000,2,Yes,,,,,,,,,,
pfp_bloom_filter_contains_unique_size_u64,0,NVIDIA A100-SXM4-40GB,I64,U64,256,1,8,2,1000000000,4,Yes,,,,,,,,,,
pfp_bloom_filter_contains_unique_size_u64,0,NVIDIA A100-SXM4-40GB,I64,U64,256,1,8,2,1000000000,8,Yes,,,,,,,,,,
pfp_bloom_filter_contains_unique_size_u64,0,NVIDIA A100-SXM4-40GB,I64,U64,256,1,8,2,1000000000,16,Yes,,,,,,,,,,
pfp_bloom_filter_contains_unique_size_u64,0,NVIDIA A100-SXM4-40GB,I64,U64,256,1,8,2,1000000000,32,Yes,,,,,,,,,,
pfp_bloom_filter_contains_unique_size_u64,0,NVIDIA A100-SXM4-40GB,I64,U64,256,1,8,2,1000000000,64,Yes,,,,,,,,,,
pfp_bloom_filter_contains_unique_size_u64,0,NVIDIA A100-SXM4-40GB,I64,U64,256,1,8,2,1000000000,128,Yes,,,,,,,,,,
pfp_bloom_filter_contains_unique_size_u64,0,NVIDIA A100-SXM4-40GB,I64,U64,256,1,8,2,1000000000,256,Yes,,,,,,,,,,
pfp_bloom_filter_contains_unique_size_u64,0,NVIDIA A100-SXM4-40GB,I64,U64,256,1,8,2,1000000000,512,Yes,,,,,,,,,,
pfp_bloom_filter_contains_unique_size_u64,0,NVIDIA A100-SXM4-40GB,I64,U64,256,1,8,2,1000000000,1024,Yes,,,,,,,,,,
pfp_bloom_filter_contains_unique_size_u64,0,NVIDIA A100-SXM4-40GB,I64,U64,256,1,8,2,1000000000,2048,Yes,,,,,,,,,,
pfp_bloom_filter_contains_unique_size_u64,0,NVIDIA A100-SXM4-40GB,I64,U64,256,1,8,4,1000000000,1,Yes,,,,,,,,,,
pfp_bloom_filter_contains_unique_size_u64,0,NVIDIA A100-SXM4-40GB,I64,U64,256,1,8,4,1000000000,2,Yes,,,,,,,,,,
pfp_bloom_filter_contains_unique_size_u64,0,NVIDIA A100-SXM4-40GB,I64,U64,256,1,8,4,1000000000,4,Yes,,,,,,,,,,
pfp_bloom_filter_contains_unique_size_u64,0,NVIDIA A100-SXM4-40GB,I64,U64,256,1,8,4,1000000000,8,Yes,,,,,,,,,,
pfp_bloom_filter_contains_unique_size_u64,0,NVIDIA A100-SXM4-40GB,I64,U64,256,1,8,4,1000000000,16,Yes,,,,,,,,,,
pfp_bloom_filter_contains_unique_size_u64,0,NVIDIA A100-SXM4-40GB,I64,U64,256,1,8,4,1000000000,32,Yes,,,,,,,,,,
pfp_bloom_filter_contains_unique_size_u64,0,NVIDIA A100-SXM4-40GB,I64,U64,256,1,8,4,1000000000,64,Yes,,,,,,,,,,
pfp_bloom_filter_contains_unique_size_u64,0,NVIDIA A100-SXM4-40GB,I64,U64,256,1,8,4,1000000000,128,Yes,,,,,,,,,,
pfp_bloom_filter_contains_unique_size_u64,0,NVIDIA A100-SXM4-40GB,I64,U64,256,1,8,4,1000000000,256,Yes,,,,,,,,,,
pfp_bloom_filter_contains_unique_size_u64,0,NVIDIA A100-SXM4-40GB,I64,U64,256,1,8,4,1000000000,512,Yes,,,,,,,,,,
pfp_bloom_filter_contains_unique_size_u64,0,NVIDIA A100-SXM4-40GB,I64,U64,256,1,8,4,1000000000,1024,Yes,,,,,,,,,,
pfp_bloom_filter_contains_unique_size_u64,0,NVIDIA A100-SXM4-40GB,I64,U64,256,1,8,4,1000000000,2048,Yes,,,,,,,,,,
pfp_bloom_filter_contains_unique_size_u64,0,NVIDIA A100-SXM4-40GB,I64,U64,256,1,8,8,1000000000,1,Yes,,,,,,,,,,
pfp_bloom_filter_contains_unique_size_u64,0,NVIDIA A100-SXM4-40GB,I64,U64,256,1,8,8,1000000000,2,Yes,,,,,,,,,,
pfp_bloom_filter_contains_unique_size_u64,0,NVIDIA A100-SXM4-40GB,I64,U64,256,1,8,8,1000000000,4,Yes,,,,,,,,,,
pfp_bloom_filter_contains_unique_size_u64,0,NVIDIA A100-SXM4-40GB,I64,U64,256,1,8,8,1000000000,8,Yes,,,,,,,,,,
pfp_bloom_filter_contains_unique_size_u64,0,NVIDIA A100-SXM4-40GB,I64,U64,256,1,8,8,1000000000,16,Yes,,,,,,,,,,
pfp_bloom_filter_contains_unique_size_u64,0,NVIDIA A100-SXM4-40GB,I64,U64,256,1,8,8,1000000000,32,Yes,,,,,,,,,,
pfp_bloom_filter_contains_unique_size_u64,0,NVIDIA A100-SXM4-40GB,I64,U64,256,1,8,8,1000000000,64,Yes,,,,,,,,,,
pfp_bloom_filter_contains_unique_size_u64,0,NVIDIA A100-SXM4-40GB,I64,U64,256,1,8,8,1000000000,128,Yes,,,,,,,,,,
pfp_bloom_filter_contains_unique_size_u64,0,NVIDIA A100-SXM4-40GB,I64,U64,256,1,8,8,1000000000,256,Yes,,,,,,,,,,
pfp_bloom_filter_contains_unique_size_u64,0,NVIDIA A100-SXM4-40GB,I64,U64,256,1,8,8,1000000000,512,Yes,,,,,,,,,,
pfp_bloom_filter_contains_unique_size_u64,0,NVIDIA A100-SXM4-40GB,I64,U64,256,1,8,8,1000000000,1024,Yes,,,,,,,,,,
pfp_bloom_filter_contains_unique_size_u64,0,NVIDIA A100-SXM4-40GB,I64,U64,256,1,8,8,1000000000,2048,Yes,,,,,,,,,,
pfp_bloom_filter_contains_unique_size_u64,0,NVIDIA A100-SXM4-40GB,I64,U64,256,16,1,1,1000000000,1,No,2.043e-06,64,14,0.03580768557142857,0.001112416570306507,0.03579077502659389,0.0011005853260628354,27940160537.37206,15,0.03577801310221354
pfp_bloom_filter_contains_unique_size_u64,0,NVIDIA A100-SXM4-40GB,I64,U64,256,16,1,1,1000000000,2,No,1.744e-06,64,14,0.03580159042857143,0.0017077553819403153,0.03578433799743653,0.001713266990159008,27945186524.664413,15,0.03578961995442709
pfp_bloom_filter_contains_unique_size_u64,0,NVIDIA A100-SXM4-40GB,I64,U64,256,16,1,1,1000000000,4,No,1.402e-06,64,14,0.035795247714285716,0.0024219298878364183,0.03577841377258299,0.0024319136652480164,27949813716.065308,15,0.03579146270751953
pfp_bloom_filter_contains_unique_size_u64,0,NVIDIA A100-SXM4-40GB,I64,U64,256,16,1,1,1000000000,8,No,1.682e-06,64,14,0.03580813364285714,0.001480636491466962,0.035791286468505865,0.0014874764215230003,27939761284.63386,15,0.0357918716430664
pfp_bloom_filter_contains_unique_size_u64,0,NVIDIA A100-SXM4-40GB,I64,U64,256,16,1,1,1000000000,16,No,1.001e-06,64,14,0.03645724728571429,0.002644754800456998,0.036440429415021625,0.0026402097299077438,27442047639.201965,15,0.036447573852539064
pfp_bloom_filter_contains_unique_size_u64,0,NVIDIA A100-SXM4-40GB,I64,U64,256,16,1,1,1000000000,32,No,1.268e-06,64,12,0.04210084358333333,0.01118662691101317,0.04208264478047688,0.011178543621724721,23762765035.716656,13,0.0417407599229079
pfp_bloom_filter_contains_unique_size_u64,0,NVIDIA A100-SXM4-40GB,I64,U64,256,16,1,1,1000000000,64,No,1.115e-06,64,11,0.057713531181818184,0.03156580693457594,0.057696907390247694,0.03156882455765602,17331951489.812893,12,0.056847530682881675
pfp_bloom_filter_contains_unique_size_u64,0,NVIDIA A100-SXM4-40GB,I64,U64,256,16,1,1,1000000000,128,No,1.129e-06,64,11,0.0687091639090909,0.02573523862488317,0.0686923398104581,0.025738170506530378,14557663966.015532,12,0.06805751609802246
pfp_bloom_filter_contains_unique_size_u64,0,NVIDIA A100-SXM4-40GB,I64,U64,256,16,1,1,1000000000,256,No,1.031e-06,64,11,0.07433812245454546,0.022663036621425846,0.07432173364812678,0.022643452459814067,13455014447.516245,12,0.07379524167378743
pfp_bloom_filter_contains_unique_size_u64,0,NVIDIA A100-SXM4-40GB,I64,U64,256,16,1,1,1000000000,512,No,1.182e-06,64,11,0.07717537445454546,0.019583078942167844,0.07715979697487571,0.01958539819396626,12960117045.481777,12,0.07668940798441569
pfp_bloom_filter_contains_unique_size_u64,0,NVIDIA A100-SXM4-40GB,I64,U64,256,16,1,1,1000000000,1024,No,1.212e-06,64,11,0.07857401300000001,0.01786152070077966,0.07855709075927735,0.01786419244584967,12729595639.740555,12,0.07811712201436359
pfp_bloom_filter_contains_unique_size_u64,0,NVIDIA A100-SXM4-40GB,I64,U64,256,16,1,1,1000000000,2048,No,1.115e-06,64,11,0.07926769618181818,0.016883797083097563,0.07925164240056819,0.016884150351641293,12618035030.05801,12,0.07884074592590332
pfp_bloom_filter_contains_unique_size_u64,0,NVIDIA A100-SXM4-40GB,I64,U64,256,16,1,2,1000000000,1,No,2.043e-06,64,14,0.03575134621428571,0.0042259531671005246,0.03573423549107143,0.004220890239796904,27984368106.877796,15,0.03558632074991862
pfp_bloom_filter_contains_unique_size_u64,0,NVIDIA A100-SXM4-40GB,I64,U64,256,16,1,2,1000000000,2,No,1.744e-06,64,14,0.03580338835714286,0.002593914404394416,0.03578697095598493,0.0025979056611532547,27943130510.54024,15,0.03576149291992188
pfp_bloom_filter_contains_unique_size_u64,0,NVIDIA A100-SXM4-40GB,I64,U64,256,16,1,2,1000000000,4,No,1.402e-06,64,14,0.03580862621428572,0.002265128600970716,0.03579157883780342,0.0022642905567953424,27939533054.17726,15,0.0357624491373698
pfp_bloom_filter_contains_unique_size_u64,0,NVIDIA A100-SXM4-40GB,I64,U64,256,16,1,2,1000000000,8,No,1.682e-06,64,14,0.03582026128571429,0.001297115992438318,0.035804159709385476,0.0013022485150510972,27929715656.414814,15,0.03579016443888347
pfp_bloom_filter_contains_unique_size_u64,0,NVIDIA A100-SXM4-40GB,I64,U64,256,16,1,2,1000000000,16,No,1.001e-06,64,14,0.03646607200000001,0.005420492906927056,0.03644840185982841,0.005390697136844689,27436045175.47173,15,0.036323874664306637
pfp_bloom_filter_contains_unique_size_u64,0,NVIDIA A100-SXM4-40GB,I64,U64,256,16,1,2,1000000000,32,No,1.268e-06,64,12,0.04208903041666667,0.011461367670283466,0.04207069842020671,0.011457575024518357,23769512690.564137,13,0.04210010616595928
pfp_bloom_filter_contains_unique_size_u64,0,NVIDIA A100-SXM4-40GB,I64,U64,256,16,1,2,1000000000,64,No,1.115e-06,64,11,0.056344400272727274,0.031337764922717115,0.05632800570401279,0.031336865491941396,17753158264.730827,12,0.055496022542317704
pfp_bloom_filter_contains_unique_size_u64,0,NVIDIA A100-SXM4-40GB,I64,U64,256,16,1,2,1000000000,128,No,1.129e-06,64,11,0.06779143881818182,0.02600594991691881,0.06777455694025213,0.026011470253105427,14754799516.89788,12,0.06712550417582193
pfp_bloom_filter_contains_unique_size_u64,0,NVIDIA A100-SXM4-40GB,I64,U64,256,16,1,2,1000000000,256,No,1.031e-06,64,11,0.07355744190909091,0.022813810895426268,0.0735418174050071,0.02281285912518539,13597705839.833036,12,0.07302024459838867
pfp_bloom_filter_contains_unique_size_u64,0,NVIDIA A100-SXM4-40GB,I64,U64,256,16,1,2,1000000000,512,No,1.182e-06,64,11,0.076435639,0.019495890041210003,0.07641944399746982,0.019495519278119218,13085674897.518349,12,0.07595716222127279
pfp_bloom_filter_contains_unique_size_u64,0,NVIDIA A100-SXM4-40GB,I64,U64,256,16,1,2,1000000000,1024,No,1.212e-06,64,11,0.07785641554545455,0.017947701722694588,0.07784057062322444,0.017953273477871578,12846771188.771847,12,0.07741440073649089
pfp_bloom_filter_contains_unique_size_u64,0,NVIDIA A100-SXM4-40GB,I64,U64,256,16,1,2,1000000000,2048,No,1.115e-06,64,11,0.07859739600000001,0.017765080940123523,0.07858082857998934,0.017767358653032826,12725750263.400133,12,0.07813922182718913
pfp_bloom_filter_contains_unique_size_u64,0,NVIDIA A100-SXM4-40GB,I64,U64,256,16,1,4,1000000000,1,No,2.043e-06,64,15,0.0351178622,0.005284900170621297,0.03510142364501953,0.005272933897757109,28488872990.25229,16,0.035017215728759765
pfp_bloom_filter_contains_unique_size_u64,0,NVIDIA A100-SXM4-40GB,I64,U64,256,16,1,4,1000000000,2,No,1.744e-06,64,15,0.0351349788,0.005360661609939718,0.035118148549397786,0.005351169577017503,28475305256.864067,16,0.03501907348632813
pfp_bloom_filter_contains_unique_size_u64,0,NVIDIA A100-SXM4-40GB,I64,U64,256,16,1,4,1000000000,4,No,1.402e-06,64,15,0.035122097466666675,0.004712010929302066,0.035105519104003904,0.004695721347167713,28485549438.4627,16,0.035026943206787106
pfp_bloom_filter_contains_unique_size_u64,0,NVIDIA A100-SXM4-40GB,I64,U64,256,16,1,4,1000000000,8,No,1.682e-06,64,15,0.03511414946666667,0.004805804415057871,0.035097667694091804,0.004800225460318208,28491921705.906853,16,0.0350273277759552
pfp_bloom_filter_contains_unique_size_u64,0,NVIDIA A100-SXM4-40GB,I64,U64,256,16,1,4,1000000000,16,No,1.001e-06,64,15,0.035666984466666676,0.006006167154996064,0.035650150044759125,0.005989862420387956,28050372824.36371,16,0.0355833592414856
pfp_bloom_filter_contains_unique_size_u64,0,NVIDIA A100-SXM4-40GB,I64,U64,256,16,1,4,1000000000,32,No,1.268e-06,64,13,0.04111526930769231,0.011931393099270273,0.04109705880972055,0.011923656455659248,24332641531.113007,14,0.04074737276349749
pfp_bloom_filter_contains_unique_size_u64,0,NVIDIA A100-SXM4-40GB,I64,U64,256,16,1,4,1000000000,64,No,1.115e-06,64,11,0.056320892909090925,0.0313335301142586,0.05630436082319779,0.031337671279832106,17760613660.816,12,0.055451647440592444
pfp_bloom_filter_contains_unique_size_u64,0,NVIDIA A100-SXM4-40GB,I64,U64,256,16,1,4,1000000000,128,No,1.129e-06,64,11,0.06778710636363637,0.026211237321087575,0.06777046134255149,0.026217028105990657,14755691199.229351,12,0.06712840525309245
pfp_bloom_filter_contains_unique_size_u64,0,NVIDIA A100-SXM4-40GB,I64,U64,256,16,1,4,1000000000,256,No,1.031e-06,64,11,0.07357046363636364,0.023175745322355196,0.07355447734485974,0.023176438154374108,13595365450.175192,12,0.0730227190653483
pfp_bloom_filter_contains_unique_size_u64,0,NVIDIA A100-SXM4-40GB,I64,U64,256,16,1,4,1000000000,512,No,1.182e-06,64,11,0.07644791763636365,0.019814843971301156,0.07643266296386719,0.019816668511660605,13083411740.772926,12,0.0759615993499756
pfp_bloom_filter_contains_unique_size_u64,0,NVIDIA A100-SXM4-40GB,I64,U64,256,16,1,4,1000000000,1024,No,1.212e-06,64,11,0.07786129636363637,0.017862471245019797,0.07784485279430042,0.017864274808072355,12846064500.146593,12,0.07741533788045248
pfp_bloom_filter_contains_unique_size_u64,0,NVIDIA A100-SXM4-40GB,I64,U64,256,16,1,4,1000000000,2048,No,1.115e-06,64,11,0.07858766018181819,0.017194041678775984,0.07857142639160156,0.01719989305510931,12727273080.368683,12,0.07813853899637858
pfp_bloom_filter_contains_unique_size_u64,0,NVIDIA A100-SXM4-40GB,I64,U64,256,16,1,8,1000000000,1,Yes,,,,,,,,,,
pfp_bloom_filter_contains_unique_size_u64,0,NVIDIA A100-SXM4-40GB,I64,U64,256,16,1,8,1000000000,2,Yes,,,,,,,,,,
pfp_bloom_filter_contains_unique_size_u64,0,NVIDIA A100-SXM4-40GB,I64,U64,256,16,1,8,1000000000,4,Yes,,,,,,,,,,
pfp_bloom_filter_contains_unique_size_u64,0,NVIDIA A100-SXM4-40GB,I64,U64,256,16,1,8,1000000000,8,Yes,,,,,,,,,,
pfp_bloom_filter_contains_unique_size_u64,0,NVIDIA A100-SXM4-40GB,I64,U64,256,16,1,8,1000000000,16,Yes,,,,,,,,,,
pfp_bloom_filter_contains_unique_size_u64,0,NVIDIA A100-SXM4-40GB,I64,U64,256,16,1,8,1000000000,32,Yes,,,,,,,,,,
pfp_bloom_filter_contains_unique_size_u64,0,NVIDIA A100-SXM4-40GB,I64,U64,256,16,1,8,1000000000,64,Yes,,,,,,,,,,
pfp_bloom_filter_contains_unique_size_u64,0,NVIDIA A100-SXM4-40GB,I64,U64,256,16,1,8,1000000000,128,Yes,,,,,,,,,,
pfp_bloom_filter_contains_unique_size_u64,0,NVIDIA A100-SXM4-40GB,I64,U64,256,16,1,8,1000000000,256,Yes,,,,,,,,,,
pfp_bloom_filter_contains_unique_size_u64,0,NVIDIA A100-SXM4-40GB,I64,U64,256,16,1,8,1000000000,512,Yes,,,,,,,,,,
pfp_bloom_filter_contains_unique_size_u64,0,NVIDIA A100-SXM4-40GB,I64,U64,256,16,1,8,1000000000,1024,Yes,,,,,,,,,,
pfp_bloom_filter_contains_unique_size_u64,0,NVIDIA A100-SXM4-40GB,I64,U64,256,16,1,8,1000000000,2048,Yes,,,,,,,,,,
pfp_bloom_filter_contains_unique_size_u64,0,NVIDIA A100-SXM4-40GB,I64,U64,256,16,2,1,1000000000,1,No,2.043e-06,64,11,0.0676257888181818,4.1366703350689814e-05,0.06761062275279651,3.249930688025598e-05,14790575197.869154,12,0.06760814857482911
pfp_bloom_filter_contains_unique_size_u64,0,NVIDIA A100-SXM4-40GB,I64,U64,256,16,2,1,1000000000,2,No,1.744e-06,64,11,0.06779160163636365,0.004521587027142828,0.06777613899924538,0.0045149820011772005,14754455104.194324,12,0.06760712496439615
pfp_bloom_filter_contains_unique_size_u64,0,NVIDIA A100-SXM4-40GB,I64,U64,256,16,2,1,1000000000,4,No,1.402e-06,64,11,0.06778434554545455,0.00450245867643059,0.06776794641668148,0.004494009874536914,14756238795.423262,12,0.06760576057434083
pfp_bloom_filter_contains_unique_size_u64,0,NVIDIA A100-SXM4-40GB,I64,U64,256,16,2,1,1000000000,8,No,1.682e-06,64,11,0.06781470063636363,0.004856132362866717,0.06779959800026633,0.004852932192501596,14749349988.71338,12,0.06760584576924641
pfp_bloom_filter_contains_unique_size_u64,0,NVIDIA A100-SXM4-40GB,I64,U64,256,16,2,1,1000000000,16,No,1.001e-06,64,11,0.06847779827272728,0.003543170234141884,0.06846165951815518,0.003532534754280679,14606715744.814985,12,0.06835481516520184
pfp_bloom_filter_contains_unique_size_u64,0,NVIDIA A100-SXM4-40GB,I64,U64,256,16,2,1,1000000000,32,No,1.268e-06,64,11,0.07176268936363638,0.00486295294600743,0.07174637395685368,0.004856647821640072,13937986616.597137,12,0.07155242665608724
pfp_bloom_filter_contains_unique_size_u64,0,NVIDIA A100-SXM4-40GB,I64,U64,256,16,2,1,1000000000,64,No,1.115e-06,64,11,0.07447912327272728,0.004957168729770388,0.0744618343006481,0.0049537135743647235,13429698709.30639,12,0.07441894276936849
pfp_bloom_filter_contains_unique_size_u64,0,NVIDIA A100-SXM4-40GB,I64,U64,256,16,2,1,1000000000,128,No,1.129e-06,64,11,0.07591841927272729,0.006072042838592445,0.07590111472389914,0.006066816646412916,13175037068.133177,12,0.07571677970886233
pfp_bloom_filter_contains_unique_size_u64,0,NVIDIA A100-SXM4-40GB,I64,U64,256,16,2,1,1000000000,256,No,1.031e-06,64,11,0.07739467854545455,0.014601750079465334,0.07737688446044923,0.014604332662749695,12923756325.58771,12,0.07701376152038573
pfp_bloom_filter_contains_unique_size_u64,0,NVIDIA A100-SXM4-40GB,I64,U64,256,16,2,1,1000000000,512,No,1.182e-06,64,11,0.07885904945454546,0.017239322201682138,0.07884204240278765,0.017242501957728026,12683588216.692907,12,0.07843089103698729
pfp_bloom_filter_contains_unique_size_u64,0,NVIDIA A100-SXM4-40GB,I64,U64,256,16,2,1,1000000000,1024,No,1.212e-06,64,11,0.07987731554545455,0.017794095152177898,0.07985896648060192,0.01780755526525426,12522075404.555908,12,0.07942945925394694
pfp_bloom_filter_contains_unique_size_u64,0,NVIDIA A100-SXM4-40GB,I64,U64,256,16,2,1,1000000000,2048,No,1.115e-06,64,11,0.08044523672727273,0.017561624666314012,0.08042784604159268,0.01756632898571737,12433504678.004894,12,0.07998557853698732
pfp_bloom_filter_contains_unique_size_u64,0,NVIDIA A100-SXM4-40GB,I64,U64,256,16,2,2,1000000000,1,No,2.043e-06,64,11,0.06688419827272728,8.064260433914975e-05,0.0668685039173473,6.852450649808198e-05,14954723695.269873,12,0.06686446952819826
pfp_bloom_filter_contains_unique_size_u64,0,NVIDIA A100-SXM4-40GB,I64,U64,256,16,2,2,1000000000,2,No,1.744e-06,64,11,0.06688040754545455,4.431180811453031e-05,0.06686431537974963,4.321078556005771e-05,14955660494.250086,12,0.06686301803588866
pfp_bloom_filter_contains_unique_size_u64,0,NVIDIA A100-SXM4-40GB,I64,U64,256,16,2,2,1000000000,4,No,1.402e-06,64,11,0.066878431,7.677155477390737e-05,0.06686282348632812,7.120629532507086e-05,14955994196.15411,12,0.06685866673787434
pfp_bloom_filter_contains_unique_size_u64,0,NVIDIA A100-SXM4-40GB,I64,U64,256,16,2,2,1000000000,8,No,1.682e-06,64,11,0.06687650618181819,7.479825782528095e-05,0.06686077672784979,7.377935551633008e-05,14956452032.712715,12,0.06685747146606445
pfp_bloom_filter_contains_unique_size_u64,0,NVIDIA A100-SXM4-40GB,I64,U64,256,16,2,2,1000000000,16,No,1.001e-06,64,11,0.06762173781818183,9.154274960627562e-05,0.06760568930886007,8.85327067968656e-05,14791654522.320578,12,0.06760098139444985
pfp_bloom_filter_contains_unique_size_u64,0,NVIDIA A100-SXM4-40GB,I64,U64,256,16,2,2,1000000000,32,No,1.268e-06,64,11,0.07081920572727274,0.00011562769528404403,0.07080224609375,0.0001127286986247534,14123845713.536963,12,0.07079458045959473
pfp_bloom_filter_contains_unique_size_u64,0,NVIDIA A100-SXM4-40GB,I64,U64,256,16,2,2,1000000000,64,No,1.115e-06,64,11,0.07345751445454546,0.0005217450333176078,0.07344006902521308,0.0005157368581170634,13616544936.207577,12,0.07342455164591472
pfp_bloom_filter_contains_unique_size_u64,0,NVIDIA A100-SXM4-40GB,I64,U64,256,16,2,2,1000000000,128,No,1.129e-06,64,11,0.07481011081818181,0.005745414133498945,0.0747931463068182,0.005739261812617243,13370209028.214651,12,0.07461871083577475
pfp_bloom_filter_contains_unique_size_u64,0,NVIDIA A100-SXM4-40GB,I64,U64,256,16,2,2,1000000000,256,No,1.031e-06,64,11,0.07639813545454546,0.016248289757794326,0.07638081290505148,0.016251049593788036,13092293233.94468,12,0.07588991991678874
pfp_bloom_filter_contains_unique_size_u64,0,NVIDIA A100-SXM4-40GB,I64,U64,256,16,2,2,1000000000,512,No,1.182e-06,64,11,0.0780022049090909,0.02016331982621597,0.07798579129305751,0.02016977451674275,12822848667.934496,12,0.07751500829060871
pfp_bloom_filter_contains_unique_size_u64,0,NVIDIA A100-SXM4-40GB,I64,U64,256,16,2,2,1000000000,1024,No,1.212e-06,64,11,0.07909391663636364,0.018718408249770578,0.07907672465931286,0.018720914018144495,12645946127.742535,12,0.07862553596496581
pfp_bloom_filter_contains_unique_size_u64,0,NVIDIA A100-SXM4-40GB,I64,U64,256,16,2,2,1000000000,2048,No,1.115e-06,64,11,0.07968262500000002,0.018160923436250507,0.0796655238758434,0.018159933307765868,12552481316.240051,12,0.07922833061218264
pfp_bloom_filter_contains_unique_size_u64,0,NVIDIA A100-SXM4-40GB,I64,U64,256,16,2,4,1000000000,1,Yes,,,,,,,,,,
pfp_bloom_filter_contains_unique_size_u64,0,NVIDIA A100-SXM4-40GB,I64,U64,256,16,2,4,1000000000,2,Yes,,,,,,,,,,
pfp_bloom_filter_contains_unique_size_u64,0,NVIDIA A100-SXM4-40GB,I64,U64,256,16,2,4,1000000000,4,Yes,,,,,,,,,,
pfp_bloom_filter_contains_unique_size_u64,0,NVIDIA A100-SXM4-40GB,I64,U64,256,16,2,4,1000000000,8,Yes,,,,,,,,,,
pfp_bloom_filter_contains_unique_size_u64,0,NVIDIA A100-SXM4-40GB,I64,U64,256,16,2,4,1000000000,16,Yes,,,,,,,,,,
pfp_bloom_filter_contains_unique_size_u64,0,NVIDIA A100-SXM4-40GB,I64,U64,256,16,2,4,1000000000,32,Yes,,,,,,,,,,
pfp_bloom_filter_contains_unique_size_u64,0,NVIDIA A100-SXM4-40GB,I64,U64,256,16,2,4,1000000000,64,Yes,,,,,,,,,,
pfp_bloom_filter_contains_unique_size_u64,0,NVIDIA A100-SXM4-40GB,I64,U64,256,16,2,4,1000000000,128,Yes,,,,,,,,,,
pfp_bloom_filter_contains_unique_size_u64,0,NVIDIA A100-SXM4-40GB,I64,U64,256,16,2,4,1000000000,256,Yes,,,,,,,,,,
pfp_bloom_filter_contains_unique_size_u64,0,NVIDIA A100-SXM4-40GB,I64,U64,256,16,2,4,1000000000,512,Yes,,,,,,,,,,
pfp_bloom_filter_contains_unique_size_u64,0,NVIDIA A100-SXM4-40GB,I64,U64,256,16,2,4,1000000000,1024,Yes,,,,,,,,,,
pfp_bloom_filter_contains_unique_size_u64,0,NVIDIA A100-SXM4-40GB,I64,U64,256,16,2,4,1000000000,2048,Yes,,,,,,,,,,
pfp_bloom_filter_contains_unique_size_u64,0,NVIDIA A100-SXM4-40GB,I64,U64,256,16,2,8,1000000000,1,Yes,,,,,,,,,,
pfp_bloom_filter_contains_unique_size_u64,0,NVIDIA A100-SXM4-40GB,I64,U64,256,16,2,8,1000000000,2,Yes,,,,,,,,,,
pfp_bloom_filter_contains_unique_size_u64,0,NVIDIA A100-SXM4-40GB,I64,U64,256,16,2,8,1000000000,4,Yes,,,,,,,,,,
pfp_bloom_filter_contains_unique_size_u64,0,NVIDIA A100-SXM4-40GB,I64,U64,256,16,2,8,1000000000,8,Yes,,,,,,,,,,
pfp_bloom_filter_contains_unique_size_u64,0,NVIDIA A100-SXM4-40GB,I64,U64,256,16,2,8,1000000000,16,Yes,,,,,,,,,,
pfp_bloom_filter_contains_unique_size_u64,0,NVIDIA A100-SXM4-40GB,I64,U64,256,16,2,8,1000000000,32,Yes,,,,,,,,,,
pfp_bloom_filter_contains_unique_size_u64,0,NVIDIA A100-SXM4-40GB,I64,U64,256,16,2,8,1000000000,64,Yes,,,,,,,,,,
pfp_bloom_filter_contains_unique_size_u64,0,NVIDIA A100-SXM4-40GB,I64,U64,256,16,2,8,1000000000,128,Yes,,,,,,,,,,
pfp_bloom_filter_contains_unique_size_u64,0,NVIDIA A100-SXM4-40GB,I64,U64,256,16,2,8,1000000000,256,Yes,,,,,,,,,,
pfp_bloom_filter_contains_unique_size_u64,0,NVIDIA A100-SXM4-40GB,I64,U64,256,16,2,8,1000000000,512,Yes,,,,,,,,,,
pfp_bloom_filter_contains_unique_size_u64,0,NVIDIA A100-SXM4-40GB,I64,U64,256,16,2,8,1000000000,1024,Yes,,,,,,,,,,
pfp_bloom_filter_contains_unique_size_u64,0,NVIDIA A100-SXM4-40GB,I64,U64,256,16,2,8,1000000000,2048,Yes,,,,,,,,,,
pfp_bloom_filter_contains_unique_size_u64,0,NVIDIA A100-SXM4-40GB,I64,U64,256,16,4,1,1000000000,1,No,2.043e-06,64,11,0.12503783981818184,2.1079863219280957e-05,0.12502304701371625,1.966799258644363e-05,7998525263.028426,12,0.12502161026000974
pfp_bloom_filter_contains_unique_size_u64,0,NVIDIA A100-SXM4-40GB,I64,U64,256,16,4,1,1000000000,2,No,1.744e-06,64,11,0.12503763754545455,4.371771337779789e-06,0.1250224879871715,5.287973962856131e-06,7998561027.697749,12,0.12502161153157548
pfp_bloom_filter_contains_unique_size_u64,0,NVIDIA A100-SXM4-40GB,I64,U64,256,16,4,1,1000000000,4,No,1.402e-06,64,11,0.12503845390909094,4.024061989231672e-06,0.12502239504727447,3.3078588362288e-06,7998566973.715965,12,0.1250215263366699
pfp_bloom_filter_contains_unique_size_u64,0,NVIDIA A100-SXM4-40GB,I64,U64,256,16,4,1,1000000000,8,No,1.682e-06,64,11,0.12503754290909092,5.650394892500401e-06,0.1250225809270685,4.125618682472716e-06,7998555081.688376,12,0.12502195231119792
pfp_bloom_filter_contains_unique_size_u64,0,NVIDIA A100-SXM4-40GB,I64,U64,256,16,4,1,1000000000,16,No,1.001e-06,64,11,0.12506690581818183,0.0007744146511365102,0.12505106769908556,0.0007735341406560477,7996733001.963106,12,0.12502118428548176
pfp_bloom_filter_contains_unique_size_u64,0,NVIDIA A100-SXM4-40GB,I64,U64,256,16,4,1,1000000000,32,No,1.268e-06,64,11,0.12784257927272727,0.0015016771007018675,0.12782703746448865,0.0015009096265410674,7823071079.761258,12,0.12776789474487307
pfp_bloom_filter_contains_unique_size_u64,0,NVIDIA A100-SXM4-40GB,I64,U64,256,16,4,1,1000000000,64,No,1.115e-06,64,11,0.1306530130909091,2.9590967999407403e-06,0.13063670210404832,4.2209315608844886e-06,7654816631.879831,12,0.13063594182332358
pfp_bloom_filter_contains_unique_size_u64,0,NVIDIA A100-SXM4-40GB,I64,U64,256,16,4,1,1000000000,128,No,1.129e-06,64,11,0.1308936984545455,0.003258594356004988,0.13087752879749645,0.0032565404721690795,7640731065.049946,12,0.13063585662841798
pfp_bloom_filter_contains_unique_size_u64,0,NVIDIA A100-SXM4-40GB,I64,U64,256,16,4,1,1000000000,256,No,1.031e-06,64,11,0.13213823700000002,4.3518364659087605e-06,0.13212187610973014,5.003831921865902e-06,7568769301.8336935,12,0.13212074406941732
pfp_bloom_filter_contains_unique_size_u64,0,NVIDIA A100-SXM4-40GB,I64,U64,256,16,4,1,1000000000,512,No,1.182e-06,64,11,0.13213809972727272,4.233065877149385e-06,0.13212206198952414,4.04095313640237e-06,7568758653.488842,12,0.13212099965413412
pfp_bloom_filter_contains_unique_size_u64,0,NVIDIA A100-SXM4-40GB,I64,U64,256,16,4,1,1000000000,1024,No,1.212e-06,64,11,0.13213774509090911,3.2708787109283887e-06,0.1321217831698331,3.1301154455601394e-06,7568774626.017358,12,0.13212117131551107
pfp_bloom_filter_contains_unique_size_u64,0,NVIDIA A100-SXM4-40GB,I64,U64,256,16,4,1,1000000000,2048,No,1.115e-06,64,11,0.13213839872727273,5.735417360771542e-06,0.1321219690496271,3.9039343670690635e-06,7568763977.657524,12,0.13212099965413412
pfp_bloom_filter_contains_unique_size_u64,0,NVIDIA A100-SXM4-40GB,I64,U64,256,16,4,2,1000000000,1,Yes,,,,,,,,,,
pfp_bloom_filter_contains_unique_size_u64,0,NVIDIA A100-SXM4-40GB,I64,U64,256,16,4,2,1000000000,2,Yes,,,,,,,,,,
pfp_bloom_filter_contains_unique_size_u64,0,NVIDIA A100-SXM4-40GB,I64,U64,256,16,4,2,1000000000,4,Yes,,,,,,,,,,
pfp_bloom_filter_contains_unique_size_u64,0,NVIDIA A100-SXM4-40GB,I64,U64,256,16,4,2,1000000000,8,Yes,,,,,,,,,,
pfp_bloom_filter_contains_unique_size_u64,0,NVIDIA A100-SXM4-40GB,I64,U64,256,16,4,2,1000000000,16,Yes,,,,,,,,,,
pfp_bloom_filter_contains_unique_size_u64,0,NVIDIA A100-SXM4-40GB,I64,U64,256,16,4,2,1000000000,32,Yes,,,,,,,,,,
pfp_bloom_filter_contains_unique_size_u64,0,NVIDIA A100-SXM4-40GB,I64,U64,256,16,4,2,1000000000,64,Yes,,,,,,,,,,
pfp_bloom_filter_contains_unique_size_u64,0,NVIDIA A100-SXM4-40GB,I64,U64,256,16,4,2,1000000000,128,Yes,,,,,,,,,,
pfp_bloom_filter_contains_unique_size_u64,0,NVIDIA A100-SXM4-40GB,I64,U64,256,16,4,2,1000000000,256,Yes,,,,,,,,,,
pfp_bloom_filter_contains_unique_size_u64,0,NVIDIA A100-SXM4-40GB,I64,U64,256,16,4,2,1000000000,512,Yes,,,,,,,,,,
pfp_bloom_filter_contains_unique_size_u64,0,NVIDIA A100-SXM4-40GB,I64,U64,256,16,4,2,1000000000,1024,Yes,,,,,,,,,,
pfp_bloom_filter_contains_unique_size_u64,0,NVIDIA A100-SXM4-40GB,I64,U64,256,16,4,2,1000000000,2048,Yes,,,,,,,,,,
pfp_bloom_filter_contains_unique_size_u64,0,NVIDIA A100-SXM4-40GB,I64,U64,256,16,4,4,1000000000,1,Yes,,,,,,,,,,
pfp_bloom_filter_contains_unique_size_u64,0,NVIDIA A100-SXM4-40GB,I64,U64,256,16,4,4,1000000000,2,Yes,,,,,,,,,,
pfp_bloom_filter_contains_unique_size_u64,0,NVIDIA A100-SXM4-40GB,I64,U64,256,16,4,4,1000000000,4,Yes,,,,,,,,,,
pfp_bloom_filter_contains_unique_size_u64,0,NVIDIA A100-SXM4-40GB,I64,U64,256,16,4,4,1000000000,8,Yes,,,,,,,,,,
pfp_bloom_filter_contains_unique_size_u64,0,NVIDIA A100-SXM4-40GB,I64,U64,256,16,4,4,1000000000,16,Yes,,,,,,,,,,
pfp_bloom_filter_contains_unique_size_u64,0,NVIDIA A100-SXM4-40GB,I64,U64,256,16,4,4,1000000000,32,Yes,,,,,,,,,,
pfp_bloom_filter_contains_unique_size_u64,0,NVIDIA A100-SXM4-40GB,I64,U64,256,16,4,4,1000000000,64,Yes,,,,,,,,,,
pfp_bloom_filter_contains_unique_size_u64,0,NVIDIA A100-SXM4-40GB,I64,U64,256,16,4,4,1000000000,128,Yes,,,,,,,,,,
pfp_bloom_filter_contains_unique_size_u64,0,NVIDIA A100-SXM4-40GB,I64,U64,256,16,4,4,1000000000,256,Yes,,,,,,,,,,
pfp_bloom_filter_contains_unique_size_u64,0,NVIDIA A100-SXM4-40GB,I64,U64,256,16,4,4,1000000000,512,Yes,,,,,,,,,,
pfp_bloom_filter_contains_unique_size_u64,0,NVIDIA A100-SXM4-40GB,I64,U64,256,16,4,4,1000000000,1024,Yes,,,,,,,,,,
pfp_bloom_filter_contains_unique_size_u64,0,NVIDIA A100-SXM4-40GB,I64,U64,256,16,4,4,1000000000,2048,Yes,,,,,,,,,,
pfp_bloom_filter_contains_unique_size_u64,0,NVIDIA A100-SXM4-40GB,I64,U64,256,16,4,8,1000000000,1,Yes,,,,,,,,,,
pfp_bloom_filter_contains_unique_size_u64,0,NVIDIA A100-SXM4-40GB,I64,U64,256,16,4,8,1000000000,2,Yes,,,,,,,,,,
pfp_bloom_filter_contains_unique_size_u64,0,NVIDIA A100-SXM4-40GB,I64,U64,256,16,4,8,1000000000,4,Yes,,,,,,,,,,
pfp_bloom_filter_contains_unique_size_u64,0,NVIDIA A100-SXM4-40GB,I64,U64,256,16,4,8,1000000000,8,Yes,,,,,,,,,,
pfp_bloom_filter_contains_unique_size_u64,0,NVIDIA A100-SXM4-40GB,I64,U64,256,16,4,8,1000000000,16,Yes,,,,,,,,,,
pfp_bloom_filter_contains_unique_size_u64,0,NVIDIA A100-SXM4-40GB,I64,U64,256,16,4,8,1000000000,32,Yes,,,,,,,,,,
pfp_bloom_filter_contains_unique_size_u64,0,NVIDIA A100-SXM4-40GB,I64,U64,256,16,4,8,1000000000,64,Yes,,,,,,,,,,
pfp_bloom_filter_contains_unique_size_u64,0,NVIDIA A100-SXM4-40GB,I64,U64,256,16,4,8,1000000000,128,Yes,,,,,,,,,,
pfp_bloom_filter_contains_unique_size_u64,0,NVIDIA A100-SXM4-40GB,I64,U64,256,16,4,8,1000000000,256,Yes,,,,,,,,,,
pfp_bloom_filter_contains_unique_size_u64,0,NVIDIA A100-SXM4-40GB,I64,U64,256,16,4,8,1000000000,512,Yes,,,,,,,,,,
pfp_bloom_filter_contains_unique_size_u64,0,NVIDIA A100-SXM4-40GB,I64,U64,256,16,4,8,1000000000,1024,Yes,,,,,,,,,,
pfp_bloom_filter_contains_unique_size_u64,0,NVIDIA A100-SXM4-40GB,I64,U64,256,16,4,8,1000000000,2048,Yes,,,,,,,,,,
pfp_bloom_filter_contains_unique_size_u64,0,NVIDIA A100-SXM4-40GB,I64,U64,256,16,8,1,1000000000,1,Yes,,,,,,,,,,
pfp_bloom_filter_contains_unique_size_u64,0,NVIDIA A100-SXM4-40GB,I64,U64,256,16,8,1,1000000000,2,Yes,,,,,,,,,,
pfp_bloom_filter_contains_unique_size_u64,0,NVIDIA A100-SXM4-40GB,I64,U64,256,16,8,1,1000000000,4,Yes,,,,,,,,,,
pfp_bloom_filter_contains_unique_size_u64,0,NVIDIA A100-SXM4-40GB,I64,U64,256,16,8,1,1000000000,8,Yes,,,,,,,,,,
pfp_bloom_filter_contains_unique_size_u64,0,NVIDIA A100-SXM4-40GB,I64,U64,256,16,8,1,1000000000,16,Yes,,,,,,,,,,
pfp_bloom_filter_contains_unique_size_u64,0,NVIDIA A100-SXM4-40GB,I64,U64,256,16,8,1,1000000000,32,Yes,,,,,,,,,,
pfp_bloom_filter_contains_unique_size_u64,0,NVIDIA A100-SXM4-40GB,I64,U64,256,16,8,1,1000000000,64,Yes,,,,,,,,,,
pfp_bloom_filter_contains_unique_size_u64,0,NVIDIA A100-SXM4-40GB,I64,U64,256,16,8,1,1000000000,128,Yes,,,,,,,,,,
pfp_bloom_filter_contains_unique_size_u64,0,NVIDIA A100-SXM4-40GB,I64,U64,256,16,8,1,1000000000,256,Yes,,,,,,,,,,
pfp_bloom_filter_contains_unique_size_u64,0,NVIDIA A100-SXM4-40GB,I64,U64,256,16,8,1,1000000000,512,Yes,,,,,,,,,,
pfp_bloom_filter_contains_unique_size_u64,0,NVIDIA A100-SXM4-40GB,I64,U64,256,16,8,1,1000000000,1024,Yes,,,,,,,,,,
pfp_bloom_filter_contains_unique_size_u64,0,NVIDIA A100-SXM4-40GB,I64,U64,256,16,8,1,1000000000,2048,Yes,,,,,,,,,,
pfp_bloom_filter_contains_unique_size_u64,0,NVIDIA A100-SXM4-40GB,I64,U64,256,16,8,2,1000000000,1,Yes,,,,,,,,,,
pfp_bloom_filter_contains_unique_size_u64,0,NVIDIA A100-SXM4-40GB,I64,U64,256,16,8,2,1000000000,2,Yes,,,,,,,,,,
pfp_bloom_filter_contains_unique_size_u64,0,NVIDIA A100-SXM4-40GB,I64,U64,256,16,8,2,1000000000,4,Yes,,,,,,,,,,
pfp_bloom_filter_contains_unique_size_u64,0,NVIDIA A100-SXM4-40GB,I64,U64,256,16,8,2,1000000000,8,Yes,,,,,,,,,,
pfp_bloom_filter_contains_unique_size_u64,0,NVIDIA A100-SXM4-40GB,I64,U64,256,16,8,2,1000000000,16,Yes,,,,,,,,,,
pfp_bloom_filter_contains_unique_size_u64,0,NVIDIA A100-SXM4-40GB,I64,U64,256,16,8,2,1000000000,32,Yes,,,,,,,,,,
pfp_bloom_filter_contains_unique_size_u64,0,NVIDIA A100-SXM4-40GB,I64,U64,256,16,8,2,1000000000,64,Yes,,,,,,,,,,
pfp_bloom_filter_contains_unique_size_u64,0,NVIDIA A100-SXM4-40GB,I64,U64,256,16,8,2,1000000000,128,Yes,,,,,,,,,,
pfp_bloom_filter_contains_unique_size_u64,0,NVIDIA A100-SXM4-40GB,I64,U64,256,16,8,2,1000000000,256,Yes,,,,,,,,,,
pfp_bloom_filter_contains_unique_size_u64,0,NVIDIA A100-SXM4-40GB,I64,U64,256,16,8,2,1000000000,512,Yes,,,,,,,,,,
pfp_bloom_filter_contains_unique_size_u64,0,NVIDIA A100-SXM4-40GB,I64,U64,256,16,8,2,1000000000,1024,Yes,,,,,,,,,,
pfp_bloom_filter_contains_unique_size_u64,0,NVIDIA A100-SXM4-40GB,I64,U64,256,16,8,2,1000000000,2048,Yes,,,,,,,,,,
pfp_bloom_filter_contains_unique_size_u64,0,NVIDIA A100-SXM4-40GB,I64,U64,256,16,8,4,1000000000,1,Yes,,,,,,,,,,
pfp_bloom_filter_contains_unique_size_u64,0,NVIDIA A100-SXM4-40GB,I64,U64,256,16,8,4,1000000000,2,Yes,,,,,,,,,,
pfp_bloom_filter_contains_unique_size_u64,0,NVIDIA A100-SXM4-40GB,I64,U64,256,16,8,4,1000000000,4,Yes,,,,,,,,,,
pfp_bloom_filter_contains_unique_size_u64,0,NVIDIA A100-SXM4-40GB,I64,U64,256,16,8,4,1000000000,8,Yes,,,,,,,,,,
pfp_bloom_filter_contains_unique_size_u64,0,NVIDIA A100-SXM4-40GB,I64,U64,256,16,8,4,1000000000,16,Yes,,,,,,,,,,
pfp_bloom_filter_contains_unique_size_u64,0,NVIDIA A100-SXM4-40GB,I64,U64,256,16,8,4,1000000000,32,Yes,,,,,,,,,,
pfp_bloom_filter_contains_unique_size_u64,0,NVIDIA A100-SXM4-40GB,I64,U64,256,16,8,4,1000000000,64,Yes,,,,,,,,,,
pfp_bloom_filter_contains_unique_size_u64,0,NVIDIA A100-SXM4-40GB,I64,U64,256,16,8,4,1000000000,128,Yes,,,,,,,,,,
pfp_bloom_filter_contains_unique_size_u64,0,NVIDIA A100-SXM4-40GB,I64,U64,256,16,8,4,1000000000,256,Yes,,,,,,,,,,
pfp_bloom_filter_contains_unique_size_u64,0,NVIDIA A100-SXM4-40GB,I64,U64,256,16,8,4,1000000000,512,Yes,,,,,,,,,,
pfp_bloom_filter_contains_unique_size_u64,0,NVIDIA A100-SXM4-40GB,I64,U64,256,16,8,4,1000000000,1024,Yes,,,,,,,,,,
pfp_bloom_filter_contains_unique_size_u64,0,NVIDIA A100-SXM4-40GB,I64,U64,256,16,8,4,1000000000,2048,Yes,,,,,,,,,,
pfp_bloom_filter_contains_unique_size_u64,0,NVIDIA A100-SXM4-40GB,I64,U64,256,16,8,8,1000000000,1,Yes,,,,,,,,,,
pfp_bloom_filter_contains_unique_size_u64,0,NVIDIA A100-SXM4-40GB,I64,U64,256,16,8,8,1000000000,2,Yes,,,,,,,,,,
pfp_bloom_filter_contains_unique_size_u64,0,NVIDIA A100-SXM4-40GB,I64,U64,256,16,8,8,1000000000,4,Yes,,,,,,,,,,
pfp_bloom_filter_contains_unique_size_u64,0,NVIDIA A100-SXM4-40GB,I64,U64,256,16,8,8,1000000000,8,Yes,,,,,,,,,,
pfp_bloom_filter_contains_unique_size_u64,0,NVIDIA A100-SXM4-40GB,I64,U64,256,16,8,8,1000000000,16,Yes,,,,,,,,,,
pfp_bloom_filter_contains_unique_size_u64,0,NVIDIA A100-SXM4-40GB,I64,U64,256,16,8,8,1000000000,32,Yes,,,,,,,,,,
pfp_bloom_filter_contains_unique_size_u64,0,NVIDIA A100-SXM4-40GB,I64,U64,256,16,8,8,1000000000,64,Yes,,,,,,,,,,
pfp_bloom_filter_contains_unique_size_u64,0,NVIDIA A100-SXM4-40GB,I64,U64,256,16,8,8,1000000000,128,Yes,,,,,,,,,,
pfp_bloom_filter_contains_unique_size_u64,0,NVIDIA A100-SXM4-40GB,I64,U64,256,16,8,8,1000000000,256,Yes,,,,,,,,,,
pfp_bloom_filter_contains_unique_size_u64,0,NVIDIA A100-SXM4-40GB,I64,U64,256,16,8,8,1000000000,512,Yes,,,,,,,,,,
pfp_bloom_filter_contains_unique_size_u64,0,NVIDIA A100-SXM4-40GB,I64,U64,256,16,8,8,1000000000,1024,Yes,,,,,,,,,,
pfp_bloom_filter_contains_unique_size_u64,0,NVIDIA A100-SXM4-40GB,I64,U64,256,16,8,8,1000000000,2048,Yes,,,,,,,,,,
pfp_bloom_filter_contains_unique_size_u64,0,NVIDIA A100-SXM4-40GB,I64,U64,512,1,1,1,1000000000,1,No,0.000909097,8,13,0.03972089876923077,0.0008190628091223242,0.03970481285682091,0.0008251041441227538,25185863577.951847,14,0.03970516232081822
pfp_bloom_filter_contains_unique_size_u64,0,NVIDIA A100-SXM4-40GB,I64,U64,512,1,1,1,1000000000,2,No,0.00090606,8,13,0.039844895923076926,0.00512177466883599,0.03982808597271259,0.005119797177819181,25107910048.32946,14,0.03987265723092215
pfp_bloom_filter_contains_unique_size_u64,0,NVIDIA A100-SXM4-40GB,I64,U64,512,1,1,1,1000000000,4,No,0.000911853,8,13,0.03985044776923076,0.0006112523888615791,0.03983446620060847,0.0006110268472949911,25103888551.28489,14,0.039796150479997905
pfp_bloom_filter_contains_unique_size_u64,0,NVIDIA A100-SXM4-40GB,I64,U64,512,1,1,1,1000000000,8,No,0.000909486,8,13,0.0397280003076923,0.0003939709408605581,0.039711507063645596,0.00040005334318705683,25181617972.778038,14,0.03969258035932268
pfp_bloom_filter_contains_unique_size_u64,0,NVIDIA A100-SXM4-40GB,I64,U64,512,1,1,1,1000000000,16,No,0.000908256,8,13,0.040645098,0.001677657130623904,0.040628775376539965,0.0016829673544488896,24613097262.52355,14,0.040601308005196714
pfp_bloom_filter_contains_unique_size_u64,0,NVIDIA A100-SXM4-40GB,I64,U64,512,1,1,1,1000000000,32,No,0.000907721,8,11,0.04771750645454545,0.013148541297011158,0.047699595711447974,0.013150159529687788,20964538275.111595,12,0.047364182790120446
pfp_bloom_filter_contains_unique_size_u64,0,NVIDIA A100-SXM4-40GB,I64,U64,512,1,1,1,1000000000,64,No,0.00090916,8,11,0.07581995954545456,0.0028653297008066412,0.07580429909446024,0.002869760956768585,13191863943.678095,12,0.07504656982421874
pfp_bloom_filter_contains_unique_size_u64,0,NVIDIA A100-SXM4-40GB,I64,U64,512,1,1,1,1000000000,128,No,0.000909604,8,11,0.08975943200000001,0.00019565562317513122,0.08974289495294745,0.00019379637122513308,11142943410.999878,12,0.08972612126668295
pfp_bloom_filter_contains_unique_size_u64,0,NVIDIA A100-SXM4-40GB,I64,U64,512,1,1,1,1000000000,256,No,0.000908593,8,11,0.09676967709090908,1.1022326425199693e-05,0.09675450064919211,1.0400930441365825e-05,10335436525.332838,12,0.09674666659037272
pfp_bloom_filter_contains_unique_size_u64,0,NVIDIA A100-SXM4-40GB,I64,U64,512,1,1,1,1000000000,512,No,0.000910264,8,11,0.10089186481818181,7.251471587442799e-06,0.1008763823075728,8.423950897845984e-06,9913123142.649912,12,0.10086912091573082
pfp_bloom_filter_contains_unique_size_u64,0,NVIDIA A100-SXM4-40GB,I64,U64,512,1,1,1,1000000000,1024,No,0.000907731,8,11,0.10299128990909091,7.456768636631241e-06,0.10297502205588599,1.0282711226327997e-05,9711092845.964975,12,0.10296780649820962
pfp_bloom_filter_contains_unique_size_u64,0,NVIDIA A100-SXM4-40GB,I64,U64,512,1,1,1,1000000000,2048,No,0.000909066,8,11,0.10405076181818183,1.028126642443534e-05,0.1040350501320579,6.387751856397082e-06,9612145125.423021,12,0.10402832730611167
pfp_bloom_filter_contains_unique_size_u64,0,NVIDIA A100-SXM4-40GB,I64,U64,512,1,1,2,1000000000,1,No,0.000909097,8,20,0.0258670746,0.005538525765740784,0.02584954872131347,0.005537719979346772,38685394889.52393,21,0.0258249880472819
pfp_bloom_filter_contains_unique_size_u64,0,NVIDIA A100-SXM4-40GB,I64,U64,512,1,1,2,1000000000,2,No,0.00090606,8,19,0.026861940999999997,0.007322081264789167,0.026844752663060235,0.007315126104217808,37251227923.438896,20,0.02674145278930664
pfp_bloom_filter_contains_unique_size_u64,0,NVIDIA A100-SXM4-40GB,I64,U64,512,1,1,2,1000000000,4,No,0.000911853,8,19,0.027391324894736842,0.008809621834952578,0.02737378351311934,0.008795196492075743,36531303738.876045,20,0.02713840703964233
pfp_bloom_filter_contains_unique_size_u64,0,NVIDIA A100-SXM4-40GB,I64,U64,512,1,1,2,1000000000,8,No,0.000909486,8,18,0.028081414444444446,0.008746668503478414,0.02806522295210097,0.00873255241831895,35631286510.95001,19,0.02788276551899157
pfp_bloom_filter_contains_unique_size_u64,0,NVIDIA A100-SXM4-40GB,I64,U64,512,1,1,2,1000000000,16,No,0.000908256,8,18,0.02936874755555556,0.007449706179211307,0.02935085497962104,0.007441428598484264,34070557763.796745,19,0.02907012005856163
pfp_bloom_filter_contains_unique_size_u64,0,NVIDIA A100-SXM4-40GB,I64,U64,512,1,1,2,1000000000,32,No,0.000907721,8,11,0.05311530981818182,0.007310265841039664,0.053097471757368606,0.007313595015059329,18833288420.389336,12,0.05288686911265056
pfp_bloom_filter_contains_unique_size_u64,0,NVIDIA A100-SXM4-40GB,I64,U64,512,1,1,2,1000000000,64,No,0.00090916,8,11,0.08838721027272728,0.001967225321391417,0.08837185252796519,0.0019587498436321542,11315820268.490479,12,0.08830600611368816
pfp_bloom_filter_contains_unique_size_u64,0,NVIDIA A100-SXM4-40GB,I64,U64,512,1,1,2,1000000000,128,No,0.000909604,8,11,0.10376873399999999,0.00012085258448142288,0.10375223888050425,0.00012026825368939778,9638346225.489567,12,0.10372497177124024
pfp_bloom_filter_contains_unique_size_u64,0,NVIDIA A100-SXM4-40GB,I64,U64,512,1,1,2,1000000000,256,No,0.000908593,8,11,0.11187007036363637,0.00010858283243289816,0.11185487088290129,0.00010660296930307478,8940156044.226994,12,0.11184196090698244
pfp_bloom_filter_contains_unique_size_u64,0,NVIDIA A100-SXM4-40GB,I64,U64,512,1,1,2,1000000000,512,No,0.000910264,8,11,0.11599431636363637,8.586149599133554e-05,0.11597861272638496,8.544366649054029e-05,8622279371.104269,12,0.11596731821695962
pfp_bloom_filter_contains_unique_size_u64,0,NVIDIA A100-SXM4-40GB,I64,U64,512,1,1,2,1000000000,1024,No,0.000907731,8,11,0.11809223490909092,0.0001391996375705398,0.11807669622247868,0.0001416064435657887,8469071645.736193,12,0.11806105677286786
pfp_bloom_filter_contains_unique_size_u64,0,NVIDIA A100-SXM4-40GB,I64,U64,512,1,1,2,1000000000,2048,No,0.000909066,8,11,0.11913403963636365,0.00012029691872135376,0.11911838254061612,0.00012110747094027666,8395009894.119636,12,0.11910741360982259
pfp_bloom_filter_contains_unique_size_u64,0,NVIDIA A100-SXM4-40GB,I64,U64,512,1,1,4,1000000000,1,No,0.000909097,8,20,0.0257525931,0.0076774786684509835,0.025735628795623782,0.007667384441362665,38856637540.95043,21,0.025552018665132067
pfp_bloom_filter_contains_unique_size_u64,0,NVIDIA A100-SXM4-40GB,I64,U64,512,1,1,4,1000000000,2,No,0.00090606,8,19,0.02668705521052632,0.009874616108304389,0.026669918261076276,0.009874095092273126,37495428002.847,20,0.02663756771087647
pfp_bloom_filter_contains_unique_size_u64,0,NVIDIA A100-SXM4-40GB,I64,U64,512,1,1,4,1000000000,4,No,0.000911853,8,19,0.02726780757894737,0.009122682955578597,0.027250256789358038,0.009101342762267744,36696901894.53653,20,0.027081370735168458
pfp_bloom_filter_contains_unique_size_u64,0,NVIDIA A100-SXM4-40GB,I64,U64,512,1,1,4,1000000000,8,No,0.000909486,8,18,0.027806761333333336,0.010476812461176805,0.027790108574761288,0.010461754650172522,35984026377.93903,19,0.027625579733597607
pfp_bloom_filter_contains_unique_size_u64,0,NVIDIA A100-SXM4-40GB,I64,U64,512,1,1,4,1000000000,16,No,0.000908256,8,18,0.029139024833333336,0.007882185074474921,0.02912142223782009,0.007867121659529666,34338982204.697975,19,0.028859229539570055
pfp_bloom_filter_contains_unique_size_u64,0,NVIDIA A100-SXM4-40GB,I64,U64,512,1,1,4,1000000000,32,No,0.000907721,8,11,0.052975800818181824,0.008603609609204508,0.052958953163840555,0.008603217463980222,18882548469.307404,12,0.05286229292551677
pfp_bloom_filter_contains_unique_size_u64,0,NVIDIA A100-SXM4-40GB,I64,U64,512,1,1,4,1000000000,64,No,0.00090916,8,11,0.08839862927272728,0.001957751071521146,0.08838274383544921,0.001957921180758067,11314425832.5109,12,0.08831479454040529
pfp_bloom_filter_contains_unique_size_u64,0,NVIDIA A100-SXM4-40GB,I64,U64,512,1,1,4,1000000000,128,No,0.000909604,8,11,0.10376762390909092,9.363982741319712e-05,0.10375177279385653,9.471547495232705e-05,9638389524.070023,12,0.10373589197794597
pfp_bloom_filter_contains_unique_size_u64,0,NVIDIA A100-SXM4-40GB,I64,U64,512,1,1,4,1000000000,256,No,0.000908593,8,11,0.11188722045454545,8.74650190969377e-05,0.11187125466086646,8.800263488182615e-05,8938846739.776566,12,0.11184938621520997
pfp_bloom_filter_contains_unique_size_u64,0,NVIDIA A100-SXM4-40GB,I64,U64,512,1,1,4,1000000000,512,No,0.000910264,8,11,0.116011073,0.00015118943398481223,0.11599518169056287,0.0001522474455639851,8621047748.928677,12,0.11597405878702799
pfp_bloom_filter_contains_unique_size_u64,0,NVIDIA A100-SXM4-40GB,I64,U64,512,1,1,4,1000000000,1024,No,0.000907731,8,11,0.11809915790909092,0.00012135052309951747,0.1180830244584517,0.00011962026999695856,8468617776.231304,12,0.11806779797871907
pfp_bloom_filter_contains_unique_size_u64,0,NVIDIA A100-SXM4-40GB,I64,U64,512,1,1,4,1000000000,2048,No,0.000909066,8,11,0.11914907118181818,0.00010252616429504597,0.11913336875221946,0.00010469072385550951,8393953855.866013,12,0.11912021255493165
pfp_bloom_filter_contains_unique_size_u64,0,NVIDIA A100-SXM4-40GB,I64,U64,512,1,1,8,1000000000,1,No,0.000909097,8,19,0.026582096473684216,0.006022158384923995,0.02656547034414191,0.006027028807013483,37642849422.40878,20,0.026564608669281002
pfp_bloom_filter_contains_unique_size_u64,0,NVIDIA A100-SXM4-40GB,I64,U64,512,1,1,8,1000000000,2,No,0.00090606,8,19,0.02647034978947369,0.0065998185836013915,0.02645272234866493,0.006586502003141517,37803292486.0934,20,0.02638443603515625
pfp_bloom_filter_contains_unique_size_u64,0,NVIDIA A100-SXM4-40GB,I64,U64,512,1,1,8,1000000000,4,No,0.000911853,8,19,0.02635092447368421,0.008104490188752922,0.026333776975932872,0.0080941235984098,37974043788.47463,20,0.026437017822265624
pfp_bloom_filter_contains_unique_size_u64,0,NVIDIA A100-SXM4-40GB,I64,U64,512,1,1,8,1000000000,8,No,0.000909486,8,19,0.026335592210526323,0.0061569811254674756,0.026318201366223787,0.00615112290407557,37996517546.346405,20,0.026184088134765627
pfp_bloom_filter_contains_unique_size_u64,0,NVIDIA A100-SXM4-40GB,I64,U64,512,1,1,8,1000000000,16,No,0.000908256,8,19,0.02725371652631579,0.00911709756776922,0.02723608227779991,0.009102836129190845,36716000113.38997,20,0.0269337607383728
pfp_bloom_filter_contains_unique_size_u64,0,NVIDIA A100-SXM4-40GB,I64,U64,512,1,1,8,1000000000,32,No,0.000907721,8,12,0.043664870416666675,0.021741263801714563,0.04364697519938151,0.0217555603614717,22911095108.697712,13,0.043876431978665864
pfp_bloom_filter_contains_unique_size_u64,0,NVIDIA A100-SXM4-40GB,I64,U64,512,1,1,8,1000000000,64,No,0.00090916,8,11,0.07514600863636364,0.001355474233623287,0.0751294833096591,0.0013591316882622729,13310353751.2474,12,0.0750957228342692
pfp_bloom_filter_contains_unique_size_u64,0,NVIDIA A100-SXM4-40GB,I64,U64,512,1,1,8,1000000000,128,No,0.000909604,8,11,0.08885907136363637,4.1422767719896835e-05,0.08884289273348721,4.1330231469779805e-05,11255824402.294296,12,0.08883609580993651
pfp_bloom_filter_contains_unique_size_u64,0,NVIDIA A100-SXM4-40GB,I64,U64,512,1,1,8,1000000000,256,No,0.000908593,8,11,0.09684931263636366,0.00010733390846829145,0.09683372289484199,0.00010854635255347227,10326980829.663698,12,0.09682363700866699
pfp_bloom_filter_contains_unique_size_u64,0,NVIDIA A100-SXM4-40GB,I64,U64,512,1,1,8,1000000000,512,No,0.000910264,8,11,0.10096669490909092,8.531606258287569e-06,0.10095113303444601,8.44749086572755e-06,9905782827.209927,12,0.10094463920593262
pfp_bloom_filter_contains_unique_size_u64,0,NVIDIA A100-SXM4-40GB,I64,U64,512,1,1,8,1000000000,1024,No,0.000907731,8,11,0.10196601963636365,6.937129044538192e-06,0.10195083410089666,6.760716866392483e-06,9808649520.320158,12,0.10194432067871091
pfp_bloom_filter_contains_unique_size_u64,0,NVIDIA A100-SXM4-40GB,I64,U64,512,1,1,8,1000000000,2048,No,0.000909066,8,11,0.10301528363636364,6.411694982822842e-06,0.10299959841641514,1.1226320744915529e-05,9708775717.329681,12,0.10299289639790854
pfp_bloom_filter_contains_unique_size_u64,0,NVIDIA A100-SXM4-40GB,I64,U64,512,1,2,1,1000000000,1,No,0.000909097,8,11,0.055097499363636365,0.0021279297075914535,0.055081704226407145,0.002136149063635145,18154848584.379536,12,0.055119274457295746
pfp_bloom_filter_contains_unique_size_u64,0,NVIDIA A100-SXM4-40GB,I64,U64,512,1,2,1,1000000000,2,No,0.00090606,8,11,0.05512044490909091,0.0007400206634816698,0.05510488440773704,0.0007496583281235581,18147211644.628628,12,0.05511432584126791
pfp_bloom_filter_contains_unique_size_u64,0,NVIDIA A100-SXM4-40GB,I64,U64,512,1,2,1,1000000000,4,No,0.000911853,8,11,0.05512344563636364,0.00043348314282859603,0.05510674667358399,0.00043955528673519315,18146598381.561882,12,0.05511475213368735
pfp_bloom_filter_contains_unique_size_u64,0,NVIDIA A100-SXM4-40GB,I64,U64,512,1,2,1,1000000000,8,No,0.000909486,8,11,0.055127305363636366,0.0001566274497412877,0.05511149354414507,0.00017066206087495238,18145035376.313766,12,0.0551143258412679
pfp_bloom_filter_contains_unique_size_u64,0,NVIDIA A100-SXM4-40GB,I64,U64,512,1,2,1,1000000000,16,No,0.000908256,8,11,0.05525740836363637,0.003813475076563184,0.055241169322620735,0.003800734253356765,18102440847.328506,12,0.055139412244160975
pfp_bloom_filter_contains_unique_size_u64,0,NVIDIA A100-SXM4-40GB,I64,U64,512,1,2,1,1000000000,32,No,0.000907721,8,11,0.05833118154545455,0.00433382813367897,0.058314658771861684,0.0043318025988159795,17148346934.725195,12,0.058149888038635265
pfp_bloom_filter_contains_unique_size_u64,0,NVIDIA A100-SXM4-40GB,I64,U64,512,1,2,1,1000000000,64,No,0.00090916,8,11,0.0608054,0.014277044026394556,0.06078780538385565,0.014277301813889214,16450667920.733742,12,0.060874751091003425
pfp_bloom_filter_contains_unique_size_u64,0,NVIDIA A100-SXM4-40GB,I64,U64,512,1,2,1,1000000000,128,No,0.000909604,8,11,0.07496078227272727,0.00026938124800174676,0.07494395308061079,0.0002717984208076014,13343304681.625023,12,0.07487573369344075
pfp_bloom_filter_contains_unique_size_u64,0,NVIDIA A100-SXM4-40GB,I64,U64,512,1,2,1,1000000000,256,No,0.000908593,8,11,0.0803961119090909,0.00020201365861067207,0.08037887920032848,0.00020439572210904835,12441079173.394512,12,0.08037205441792805
pfp_bloom_filter_contains_unique_size_u64,0,NVIDIA A100-SXM4-40GB,I64,U64,512,1,2,1,1000000000,512,No,0.000910264,8,11,0.0830950880909091,7.65549476350744e-05,0.08307898157293146,7.268452959243204e-05,12036738788.403936,12,0.08306824493408203
pfp_bloom_filter_contains_unique_size_u64,0,NVIDIA A100-SXM4-40GB,I64,U64,512,1,2,1,1000000000,1024,No,0.000907731,8,11,0.08554553445454545,0.0001678510657974501,0.08552913457697088,0.00016566588435268026,11691922348.402372,12,0.08551876195271808
pfp_bloom_filter_contains_unique_size_u64,0,NVIDIA A100-SXM4-40GB,I64,U64,512,1,2,1,1000000000,2048,No,0.000909066,8,11,0.08711612290909092,0.00017366476752207513,0.08709920571067116,0.000172134386397983,11481160957.102537,12,0.0870870189666748
pfp_bloom_filter_contains_unique_size_u64,0,NVIDIA A100-SXM4-40GB,I64,U64,512,1,2,2,1000000000,1,No,0.000909097,8,11,0.05456676736363637,0.00013157252966778692,0.05455043445933949,0.00013958520862845952,18331659681.745975,12,0.05455197811126709
pfp_bloom_filter_contains_unique_size_u64,0,NVIDIA A100-SXM4-40GB,I64,U64,512,1,2,2,1000000000,2,No,0.00090606,8,11,0.05456058390909091,0.00010893334126284526,0.054544663169167264,0.00011513618376701905,18333599327.55575,12,0.05454600397745768
pfp_bloom_filter_contains_unique_size_u64,0,NVIDIA A100-SXM4-40GB,I64,U64,512,1,2,2,1000000000,4,No,0.000911853,8,11,0.05455549327272728,0.00010085721033551134,0.054539637132124466,0.00011116364412568033,18335288839.151234,12,0.054541567484537756
pfp_bloom_filter_contains_unique_size_u64,0,NVIDIA A100-SXM4-40GB,I64,U64,512,1,2,2,1000000000,8,No,0.000909486,8,11,0.054554173454545454,0.00010512212882967187,0.05453824060613459,0.00011264934658067917,18335758339.21415,12,0.054539007822672535
pfp_bloom_filter_contains_unique_size_u64,0,NVIDIA A100-SXM4-40GB,I64,U64,512,1,2,2,1000000000,16,No,0.000908256,8,11,0.054996393818181825,0.004547066914290414,0.05497986325350674,0.00454691286616646,18188477395.60752,12,0.055002111752827966
pfp_bloom_filter_contains_unique_size_u64,0,NVIDIA A100-SXM4-40GB,I64,U64,512,1,2,2,1000000000,32,No,0.000907721,8,11,0.05821854127272727,0.00043694255993950216,0.058201739918101916,0.00044988411037206593,17181616931.16291,12,0.0575490550994873
pfp_bloom_filter_contains_unique_size_u64,0,NVIDIA A100-SXM4-40GB,I64,U64,512,1,2,2,1000000000,64,No,0.00090916,8,11,0.06011911554545454,0.011043829945127795,0.0601014456315474,0.011043536434721501,16638534888.669924,12,0.062167211532592775
pfp_bloom_filter_contains_unique_size_u64,0,NVIDIA A100-SXM4-40GB,I64,U64,512,1,2,2,1000000000,128,No,0.000909604,8,11,0.07300752463636365,0.013080528582124953,0.07299127890846946,0.013084489310860177,13700266866.867655,12,0.07316454315185549
pfp_bloom_filter_contains_unique_size_u64,0,NVIDIA A100-SXM4-40GB,I64,U64,512,1,2,2,1000000000,256,No,0.000908593,8,11,0.08045234254545455,0.0019442093624403535,0.08043501351096415,0.0019467148162918104,12432396743.038893,12,0.0804719778696696
pfp_bloom_filter_contains_unique_size_u64,0,NVIDIA A100-SXM4-40GB,I64,U64,512,1,2,2,1000000000,512,No,0.000910264,8,11,0.08303879536363636,0.0002697600326771084,0.0830222896229137,0.0002707959771447375,12044958101.516937,12,0.0830274569193522
pfp_bloom_filter_contains_unique_size_u64,0,NVIDIA A100-SXM4-40GB,I64,U64,512,1,2,2,1000000000,1024,No,0.000907731,8,11,0.083836699,0.00022462073547916214,0.08382045121626419,0.00022377147275841772,11930262668.47349,12,0.08382250658671063
pfp_bloom_filter_contains_unique_size_u64,0,NVIDIA A100-SXM4-40GB,I64,U64,512,1,2,2,1000000000,2048,No,0.000909066,8,11,0.083657905,0.0011157726850278536,0.08364180894331498,0.0011147966312537768,11955743337.374632,12,0.0838905169169108
pfp_bloom_filter_contains_unique_size_u64,0,NVIDIA A100-SXM4-40GB,I64,U64,512,1,2,4,1000000000,1,No,0.000909097,8,11,0.05454133972727273,0.0006361587850148439,0.05452520717274059,0.0006280149564824068,18340141227.37605,12,0.054516991933186855
pfp_bloom_filter_contains_unique_size_u64,0,NVIDIA A100-SXM4-40GB,I64,U64,512,1,2,4,1000000000,2,No,0.00090606,8,11,0.054524786545454555,0.00010716868383915147,0.05450863786177201,0.00011775636726114827,18345716187.880013,12,0.05450999482472738
pfp_bloom_filter_contains_unique_size_u64,0,NVIDIA A100-SXM4-40GB,I64,U64,512,1,2,4,1000000000,4,No,0.000911853,8,11,0.05452058663636364,0.00011015280647438169,0.05450416842373935,0.00011884128921679444,18347220568.99503,12,0.0545052162806193
pfp_bloom_filter_contains_unique_size_u64,0,NVIDIA A100-SXM4-40GB,I64,U64,512,1,2,4,1000000000,8,No,0.000909486,8,11,0.05451889000000001,9.331936956872849e-05,0.054502957777543506,0.00010803645813263358,18347628106.37817,12,0.0545026569366455
pfp_bloom_filter_contains_unique_size_u64,0,NVIDIA A100-SXM4-40GB,I64,U64,512,1,2,4,1000000000,16,No,0.000908256,8,11,0.05454770545454546,7.921953661808882e-05,0.05453209686279297,8.481798800303572e-05,18337824098.641914,12,0.05452885278065999
pfp_bloom_filter_contains_unique_size_u64,0,NVIDIA A100-SXM4-40GB,I64,U64,512,1,2,4,1000000000,32,No,0.000907721,8,11,0.05752678118181819,0.00046792977256389996,0.05750960852883078,0.0004781251970493363,17388398662.08929,12,0.05746141688028971
pfp_bloom_filter_contains_unique_size_u64,0,NVIDIA A100-SXM4-40GB,I64,U64,512,1,2,4,1000000000,64,No,0.00090916,8,11,0.060364836818181826,0.015091217784342312,0.060347764448686066,0.0150864755178266,16570622112.278969,12,0.06303027216593425
pfp_bloom_filter_contains_unique_size_u64,0,NVIDIA A100-SXM4-40GB,I64,U64,512,1,2,4,1000000000,128,No,0.000909604,8,11,0.06936846945454546,0.02363421264667552,0.06934993397105825,0.023633309249536258,14419624399.60403,12,0.07350417264302571
pfp_bloom_filter_contains_unique_size_u64,0,NVIDIA A100-SXM4-40GB,I64,U64,512,1,2,4,1000000000,256,No,0.000908593,8,11,0.07487907509090909,0.020285179021460625,0.07485979808460583,0.02028646475604711,13358304798.923042,12,0.07459157180786133
pfp_bloom_filter_contains_unique_size_u64,0,NVIDIA A100-SXM4-40GB,I64,U64,512,1,2,4,1000000000,512,No,0.000910264,8,11,0.07763527936363636,0.013561459720124009,0.07761668604070489,0.013558270443363824,12883827576.399813,12,0.07737949752807617
pfp_bloom_filter_contains_unique_size_u64,0,NVIDIA A100-SXM4-40GB,I64,U64,512,1,2,4,1000000000,1024,No,0.000907731,8,11,0.07826699381818182,0.0011387583064974146,0.07824895962801846,0.0011367713396113323,12779722628.311237,12,0.07813307825724282
pfp_bloom_filter_contains_unique_size_u64,0,NVIDIA A100-SXM4-40GB,I64,U64,512,1,2,4,1000000000,2048,No,0.000909066,8,11,0.07834036736363638,0.00039057574850578783,0.07832408488880503,0.0003861192079883373,12767464840.727827,12,0.0789921283721924
pfp_bloom_filter_contains_unique_size_u64,0,NVIDIA A100-SXM4-40GB,I64,U64,512,1,2,8,1000000000,1,Yes,,,,,,,,,,
pfp_bloom_filter_contains_unique_size_u64,0,NVIDIA A100-SXM4-40GB,I64,U64,512,1,2,8,1000000000,2,Yes,,,,,,,,,,
pfp_bloom_filter_contains_unique_size_u64,0,NVIDIA A100-SXM4-40GB,I64,U64,512,1,2,8,1000000000,4,Yes,,,,,,,,,,
pfp_bloom_filter_contains_unique_size_u64,0,NVIDIA A100-SXM4-40GB,I64,U64,512,1,2,8,1000000000,8,Yes,,,,,,,,,,
pfp_bloom_filter_contains_unique_size_u64,0,NVIDIA A100-SXM4-40GB,I64,U64,512,1,2,8,1000000000,16,Yes,,,,,,,,,,
pfp_bloom_filter_contains_unique_size_u64,0,NVIDIA A100-SXM4-40GB,I64,U64,512,1,2,8,1000000000,32,Yes,,,,,,,,,,
pfp_bloom_filter_contains_unique_size_u64,0,NVIDIA A100-SXM4-40GB,I64,U64,512,1,2,8,1000000000,64,Yes,,,,,,,,,,
pfp_bloom_filter_contains_unique_size_u64,0,NVIDIA A100-SXM4-40GB,I64,U64,512,1,2,8,1000000000,128,Yes,,,,,,,,,,
pfp_bloom_filter_contains_unique_size_u64,0,NVIDIA A100-SXM4-40GB,I64,U64,512,1,2,8,1000000000,256,Yes,,,,,,,,,,
pfp_bloom_filter_contains_unique_size_u64,0,NVIDIA A100-SXM4-40GB,I64,U64,512,1,2,8,1000000000,512,Yes,,,,,,,,,,
pfp_bloom_filter_contains_unique_size_u64,0,NVIDIA A100-SXM4-40GB,I64,U64,512,1,2,8,1000000000,1024,Yes,,,,,,,,,,
pfp_bloom_filter_contains_unique_size_u64,0,NVIDIA A100-SXM4-40GB,I64,U64,512,1,2,8,1000000000,2048,Yes,,,,,,,,,,
pfp_bloom_filter_contains_unique_size_u64,0,NVIDIA A100-SXM4-40GB,I64,U64,512,1,4,1,1000000000,1,No,0.000909097,8,11,0.05699210981818181,4.441555592178088e-05,0.05697629130970349,5.3590649872479784e-05,17551159912.538788,12,0.05697339884440106
pfp_bloom_filter_contains_unique_size_u64,0,NVIDIA A100-SXM4-40GB,I64,U64,512,1,4,1,1000000000,2,No,0.00090606,8,11,0.056992132909090915,2.61784325691317e-05,0.05697722244262695,1.9395471378037714e-05,17550873088.047546,12,0.056974338213602704
pfp_bloom_filter_contains_unique_size_u64,0,NVIDIA A100-SXM4-40GB,I64,U64,512,1,4,1,1000000000,4,No,0.000911853,8,11,0.05699449954545455,2.8920518708579728e-05,0.0569780606356534,1.8449828709345916e-05,17550614900.610725,12,0.05697570133209228
pfp_bloom_filter_contains_unique_size_u64,0,NVIDIA A100-SXM4-40GB,I64,U64,512,1,4,1,1000000000,8,No,0.000909486,8,11,0.05699589663636365,5.093630951030293e-05,0.05698020102761008,5.910815965418724e-05,17549955633.105686,12,0.057006421089172366
pfp_bloom_filter_contains_unique_size_u64,0,NVIDIA A100-SXM4-40GB,I64,U64,512,1,4,1,1000000000,16,No,0.000908256,8,11,0.05763079318181819,1.3544677754499234e-05,0.057614800886674374,1.2231701354942998e-05,17356651148.842003,12,0.05760955969492595
pfp_bloom_filter_contains_unique_size_u64,0,NVIDIA A100-SXM4-40GB,I64,U64,512,1,4,1,1000000000,32,No,0.000907721,8,11,0.060942425545454565,6.0366377259387274e-05,0.06092576633800161,6.587842144678503e-05,16413416853.096909,12,0.06092535559336343
pfp_bloom_filter_contains_unique_size_u64,0,NVIDIA A100-SXM4-40GB,I64,U64,512,1,4,1,1000000000,64,No,0.00090916,8,11,0.0633937690909091,0.008562829761597106,0.06337601124156605,0.008555372247506379,15778840927.498066,12,0.06338525899251303
pfp_bloom_filter_contains_unique_size_u64,0,NVIDIA A100-SXM4-40GB,I64,U64,512,1,4,1,1000000000,128,No,0.000909604,8,11,0.07066127145454545,0.0219406643597419,0.07064333898370917,0.02192566439870565,14155616288.615786,12,0.07472750918070475
pfp_bloom_filter_contains_unique_size_u64,0,NVIDIA A100-SXM4-40GB,I64,U64,512,1,4,1,1000000000,256,No,0.000908593,8,11,0.07506612427272728,0.021621063259064696,0.07504868177934126,0.021624635316211907,13324684408.717638,12,0.07649612871805826
pfp_bloom_filter_contains_unique_size_u64,0,NVIDIA A100-SXM4-40GB,I64,U64,512,1,4,1,1000000000,512,No,0.000910264,8,11,0.07763753663636365,0.01887191352866515,0.07762040987881746,0.018863513123146672,12883209474.946344,12,0.07744768079121907
pfp_bloom_filter_contains_unique_size_u64,0,NVIDIA A100-SXM4-40GB,I64,U64,512,1,4,1,1000000000,1024,No,0.000907731,8,11,0.07899254336363636,0.0003156418276581432,0.07897534873268822,0.00030946526114256073,12662178971.627584,12,0.0789568010965983
pfp_bloom_filter_contains_unique_size_u64,0,NVIDIA A100-SXM4-40GB,I64,U64,512,1,4,1,1000000000,2048,No,0.000909066,8,11,0.079322678,0.0001068746420270163,0.07930544766512783,0.00010649651400519212,12609474247.249218,12,0.07933004824320476
pfp_bloom_filter_contains_unique_size_u64,0,NVIDIA A100-SXM4-40GB,I64,U64,512,1,4,2,1000000000,1,No,0.000909097,8,11,0.056350057,0.0008781995837467145,0.05633433671431109,0.0008688227614427295,17751163115.15853,12,0.056318207422892265
pfp_bloom_filter_contains_unique_size_u64,0,NVIDIA A100-SXM4-40GB,I64,U64,512,1,4,2,1000000000,2,No,0.00090606,8,11,0.056336045727272736,2.8710497102349628e-05,0.056320093675093226,3.493974097091286e-05,17755652285.82416,12,0.05634167416890462
pfp_bloom_filter_contains_unique_size_u64,0,NVIDIA A100-SXM4-40GB,I64,U64,512,1,4,2,1000000000,4,No,0.000911853,8,11,0.056493912363636364,0.004440989706131196,0.05647816155173562,0.004437535832098375,17705958772.825336,12,0.05631778144836427
pfp_bloom_filter_contains_unique_size_u64,0,NVIDIA A100-SXM4-40GB,I64,U64,512,1,4,2,1000000000,8,No,0.000909486,8,11,0.05651261181818183,0.004722006558325038,0.05649650088223545,0.004719292972603553,17700211241.12549,12,0.05631786791483562
pfp_bloom_filter_contains_unique_size_u64,0,NVIDIA A100-SXM4-40GB,I64,U64,512,1,4,2,1000000000,16,No,0.000908256,8,11,0.056961065,2.5711167610682937e-05,0.056945757085626776,3.637376688889402e-05,17560570816.476192,12,0.05694148222605388
pfp_bloom_filter_contains_unique_size_u64,0,NVIDIA A100-SXM4-40GB,I64,U64,512,1,4,2,1000000000,32,No,0.000907721,8,11,0.06018385263636364,8.554164307964937e-05,0.060167353543368246,0.00010347914470003326,16620308873.635374,12,0.060160341898600256
pfp_bloom_filter_contains_unique_size_u64,0,NVIDIA A100-SXM4-40GB,I64,U64,512,1,4,2,1000000000,64,No,0.00090916,8,11,0.06261684927272727,0.009190867494774622,0.06259944742376154,0.00919076443617127,15974581903.744078,12,0.062353236834208174
pfp_bloom_filter_contains_unique_size_u64,0,NVIDIA A100-SXM4-40GB,I64,U64,512,1,4,2,1000000000,128,No,0.000909604,8,11,0.06962755236363637,0.023509838204486155,0.06961152094060724,0.023520966878779886,14365438170.115591,12,0.06941286404927573
pfp_bloom_filter_contains_unique_size_u64,0,NVIDIA A100-SXM4-40GB,I64,U64,512,1,4,2,1000000000,256,No,0.000908593,8,11,0.07487831627272726,0.015777318594591635,0.074861196344549,0.01578102710345709,13358055292.056719,12,0.07448362604777019
pfp_bloom_filter_contains_unique_size_u64,0,NVIDIA A100-SXM4-40GB,I64,U64,512,1,4,2,1000000000,512,No,0.000910264,8,11,0.07732623363636365,0.004400987511469215,0.07730939344926314,0.004400795804891844,12935038749.932545,12,0.07718929227193197
pfp_bloom_filter_contains_unique_size_u64,0,NVIDIA A100-SXM4-40GB,I64,U64,512,1,4,2,1000000000,1024,No,0.000907731,8,11,0.07861190254545455,0.00012778119096769122,0.07859553874622692,0.00013019641613619832,12723368475.516764,12,0.07858218638102214
pfp_bloom_filter_contains_unique_size_u64,0,NVIDIA A100-SXM4-40GB,I64,U64,512,1,4,2,1000000000,2048,No,0.000909066,8,11,0.07932139372727273,0.0001409465661554127,0.07930423875288531,0.00013510782003855893,12609666465.82453,12,0.07929122098286946
pfp_bloom_filter_contains_unique_size_u64,0,NVIDIA A100-SXM4-40GB,I64,U64,512,1,4,4,1000000000,1,Yes,,,,,,,,,,
pfp_bloom_filter_contains_unique_size_u64,0,NVIDIA A100-SXM4-40GB,I64,U64,512,1,4,4,1000000000,2,Yes,,,,,,,,,,
pfp_bloom_filter_contains_unique_size_u64,0,NVIDIA A100-SXM4-40GB,I64,U64,512,1,4,4,1000000000,4,Yes,,,,,,,,,,
pfp_bloom_filter_contains_unique_size_u64,0,NVIDIA A100-SXM4-40GB,I64,U64,512,1,4,4,1000000000,8,Yes,,,,,,,,,,
pfp_bloom_filter_contains_unique_size_u64,0,NVIDIA A100-SXM4-40GB,I64,U64,512,1,4,4,1000000000,16,Yes,,,,,,,,,,
pfp_bloom_filter_contains_unique_size_u64,0,NVIDIA A100-SXM4-40GB,I64,U64,512,1,4,4,1000000000,32,Yes,,,,,,,,,,
pfp_bloom_filter_contains_unique_size_u64,0,NVIDIA A100-SXM4-40GB,I64,U64,512,1,4,4,1000000000,64,Yes,,,,,,,,,,
pfp_bloom_filter_contains_unique_size_u64,0,NVIDIA A100-SXM4-40GB,I64,U64,512,1,4,4,1000000000,128,Yes,,,,,,,,,,
pfp_bloom_filter_contains_unique_size_u64,0,NVIDIA A100-SXM4-40GB,I64,U64,512,1,4,4,1000000000,256,Yes,,,,,,,,,,
pfp_bloom_filter_contains_unique_size_u64,0,NVIDIA A100-SXM4-40GB,I64,U64,512,1,4,4,1000000000,512,Yes,,,,,,,,,,
pfp_bloom_filter_contains_unique_size_u64,0,NVIDIA A100-SXM4-40GB,I64,U64,512,1,4,4,1000000000,1024,Yes,,,,,,,,,,
pfp_bloom_filter_contains_unique_size_u64,0,NVIDIA A100-SXM4-40GB,I64,U64,512,1,4,4,1000000000,2048,Yes,,,,,,,,,,
pfp_bloom_filter_contains_unique_size_u64,0,NVIDIA A100-SXM4-40GB,I64,U64,512,1,4,8,1000000000,1,Yes,,,,,,,,,,
pfp_bloom_filter_contains_unique_size_u64,0,NVIDIA A100-SXM4-40GB,I64,U64,512,1,4,8,1000000000,2,Yes,,,,,,,,,,
pfp_bloom_filter_contains_unique_size_u64,0,NVIDIA A100-SXM4-40GB,I64,U64,512,1,4,8,1000000000,4,Yes,,,,,,,,,,
pfp_bloom_filter_contains_unique_size_u64,0,NVIDIA A100-SXM4-40GB,I64,U64,512,1,4,8,1000000000,8,Yes,,,,,,,,,,
pfp_bloom_filter_contains_unique_size_u64,0,NVIDIA A100-SXM4-40GB,I64,U64,512,1,4,8,1000000000,16,Yes,,,,,,,,,,
pfp_bloom_filter_contains_unique_size_u64,0,NVIDIA A100-SXM4-40GB,I64,U64,512,1,4,8,1000000000,32,Yes,,,,,,,,,,
pfp_bloom_filter_contains_unique_size_u64,0,NVIDIA A100-SXM4-40GB,I64,U64,512,1,4,8,1000000000,64,Yes,,,,,,,,,,
pfp_bloom_filter_contains_unique_size_u64,0,NVIDIA A100-SXM4-40GB,I64,U64,512,1,4,8,1000000000,128,Yes,,,,,,,,,,
pfp_bloom_filter_contains_unique_size_u64,0,NVIDIA A100-SXM4-40GB,I64,U64,512,1,4,8,1000000000,256,Yes,,,,,,,,,,
pfp_bloom_filter_contains_unique_size_u64,0,NVIDIA A100-SXM4-40GB,I64,U64,512,1,4,8,1000000000,512,Yes,,,,,,,,,,
pfp_bloom_filter_contains_unique_size_u64,0,NVIDIA A100-SXM4-40GB,I64,U64,512,1,4,8,1000000000,1024,Yes,,,,,,,,,,
pfp_bloom_filter_contains_unique_size_u64,0,NVIDIA A100-SXM4-40GB,I64,U64,512,1,4,8,1000000000,2048,Yes,,,,,,,,,,
pfp_bloom_filter_contains_unique_size_u64,0,NVIDIA A100-SXM4-40GB,I64,U64,512,1,8,1,1000000000,1,No,0.000909097,8,11,0.06497970881818182,0.00011021515351610806,0.06496321175315163,0.00010628702620672948,15393327592.850824,12,0.06495667012532552
pfp_bloom_filter_contains_unique_size_u64,0,NVIDIA A100-SXM4-40GB,I64,U64,512,1,8,1,1000000000,2,No,0.00090606,8,11,0.06497672318181819,7.829095687448232e-05,0.06496097772771663,7.404389753433834e-05,15393856973.512487,12,0.06495649973551433
pfp_bloom_filter_contains_unique_size_u64,0,NVIDIA A100-SXM4-40GB,I64,U64,512,1,8,1,1000000000,4,No,0.000911853,8,11,0.06497723145454547,9.505817902517211e-05,0.06496144312078303,8.443817915166564e-05,15393746689.720188,12,0.06495624732971192
pfp_bloom_filter_contains_unique_size_u64,0,NVIDIA A100-SXM4-40GB,I64,U64,512,1,8,1,1000000000,8,No,0.000909486,8,11,0.06497858881818182,9.286107818579363e-05,0.06496218663995916,8.408845426973003e-05,15393570501.903116,12,0.06495675532023112
pfp_bloom_filter_contains_unique_size_u64,0,NVIDIA A100-SXM4-40GB,I64,U64,512,1,8,1,1000000000,16,No,0.000908256,8,11,0.06565247790909091,5.5929066741976264e-05,0.06563737487792969,4.576371264516541e-05,15235222338.793535,12,0.06563088862101238
pfp_bloom_filter_contains_unique_size_u64,0,NVIDIA A100-SXM4-40GB,I64,U64,512,1,8,1,1000000000,32,No,0.000907721,8,11,0.069459424,6.946415994602493e-05,0.06944218860973012,6.125187479276173e-05,14400467785.081903,12,0.06941055870056152
pfp_bloom_filter_contains_unique_size_u64,0,NVIDIA A100-SXM4-40GB,I64,U64,512,1,8,1,1000000000,64,No,0.00090916,8,11,0.07223210563636365,0.0038718293240602958,0.07221490131724964,0.003867710646049244,13847557522.883917,12,0.07209463373819987
pfp_bloom_filter_contains_unique_size_u64,0,NVIDIA A100-SXM4-40GB,I64,U64,512,1,8,1,1000000000,128,No,0.000909604,8,11,0.07543643872727274,0.016663069357987764,0.07541899525035513,0.016667984023155724,13259259112.117266,12,0.0750303560892741
pfp_bloom_filter_contains_unique_size_u64,0,NVIDIA A100-SXM4-40GB,I64,U64,512,1,8,1,1000000000,256,No,0.000908593,8,11,0.07912410045454547,0.011470893112076866,0.07910725818980822,0.01147166967136549,12641065091.658491,12,0.07879458109537761
pfp_bloom_filter_contains_unique_size_u64,0,NVIDIA A100-SXM4-40GB,I64,U64,512,1,8,1,1000000000,512,No,0.000910264,8,11,0.08114571427272729,0.0032212956582060247,0.0811282626065341,0.0032246191976524835,12326160672.883184,12,0.0810319372812907
pfp_bloom_filter_contains_unique_size_u64,0,NVIDIA A100-SXM4-40GB,I64,U64,512,1,8,1,1000000000,1024,No,0.000907731,8,11,0.08223161872727273,0.00013791522294280762,0.08221491102738815,0.00013947388672371454,12163243717.029278,12,0.08219204203287761
pfp_bloom_filter_contains_unique_size_u64,0,NVIDIA A100-SXM4-40GB,I64,U64,512,1,8,1,1000000000,2048,No,0.000909066,8,11,0.08281611336363635,7.839172296883607e-05,0.08279933790727094,7.764387024249065e-05,12077391260.3012,12,0.0827844263712565
pfp_bloom_filter_contains_unique_size_u64,0,NVIDIA A100-SXM4-40GB,I64,U64,512,1,8,2,1000000000,1,Yes,,,,,,,,,,
pfp_bloom_filter_contains_unique_size_u64,0,NVIDIA A100-SXM4-40GB,I64,U64,512,1,8,2,1000000000,2,Yes,,,,,,,,,,
pfp_bloom_filter_contains_unique_size_u64,0,NVIDIA A100-SXM4-40GB,I64,U64,512,1,8,2,1000000000,4,Yes,,,,,,,,,,
pfp_bloom_filter_contains_unique_size_u64,0,NVIDIA A100-SXM4-40GB,I64,U64,512,1,8,2,1000000000,8,Yes,,,,,,,,,,
pfp_bloom_filter_contains_unique_size_u64,0,NVIDIA A100-SXM4-40GB,I64,U64,512,1,8,2,1000000000,16,Yes,,,,,,,,,,
pfp_bloom_filter_contains_unique_size_u64,0,NVIDIA A100-SXM4-40GB,I64,U64,512,1,8,2,1000000000,32,Yes,,,,,,,,,,
pfp_bloom_filter_contains_unique_size_u64,0,NVIDIA A100-SXM4-40GB,I64,U64,512,1,8,2,1000000000,64,Yes,,,,,,,,,,
pfp_bloom_filter_contains_unique_size_u64,0,NVIDIA A100-SXM4-40GB,I64,U64,512,1,8,2,1000000000,128,Yes,,,,,,,,,,
pfp_bloom_filter_contains_unique_size_u64,0,NVIDIA A100-SXM4-40GB,I64,U64,512,1,8,2,1000000000,256,Yes,,,,,,,,,,
pfp_bloom_filter_contains_unique_size_u64,0,NVIDIA A100-SXM4-40GB,I64,U64,512,1,8,2,1000000000,512,Yes,,,,,,,,,,
pfp_bloom_filter_contains_unique_size_u64,0,NVIDIA A100-SXM4-40GB,I64,U64,512,1,8,2,1000000000,1024,Yes,,,,,,,,,,
pfp_bloom_filter_contains_unique_size_u64,0,NVIDIA A100-SXM4-40GB,I64,U64,512,1,8,2,1000000000,2048,Yes,,,,,,,,,,
pfp_bloom_filter_contains_unique_size_u64,0,NVIDIA A100-SXM4-40GB,I64,U64,512,1,8,4,1000000000,1,Yes,,,,,,,,,,
pfp_bloom_filter_contains_unique_size_u64,0,NVIDIA A100-SXM4-40GB,I64,U64,512,1,8,4,1000000000,2,Yes,,,,,,,,,,
pfp_bloom_filter_contains_unique_size_u64,0,NVIDIA A100-SXM4-40GB,I64,U64,512,1,8,4,1000000000,4,Yes,,,,,,,,,,
pfp_bloom_filter_contains_unique_size_u64,0,NVIDIA A100-SXM4-40GB,I64,U64,512,1,8,4,1000000000,8,Yes,,,,,,,,,,
pfp_bloom_filter_contains_unique_size_u64,0,NVIDIA A100-SXM4-40GB,I64,U64,512,1,8,4,1000000000,16,Yes,,,,,,,,,,
pfp_bloom_filter_contains_unique_size_u64,0,NVIDIA A100-SXM4-40GB,I64,U64,512,1,8,4,1000000000,32,Yes,,,,,,,,,,
pfp_bloom_filter_contains_unique_size_u64,0,NVIDIA A100-SXM4-40GB,I64,U64,512,1,8,4,1000000000,64,Yes,,,,,,,,,,
pfp_bloom_filter_contains_unique_size_u64,0,NVIDIA A100-SXM4-40GB,I64,U64,512,1,8,4,1000000000,128,Yes,,,,,,,,,,
pfp_bloom_filter_contains_unique_size_u64,0,NVIDIA A100-SXM4-40GB,I64,U64,512,1,8,4,1000000000,256,Yes,,,,,,,,,,
pfp_bloom_filter_contains_unique_size_u64,0,NVIDIA A100-SXM4-40GB,I64,U64,512,1,8,4,1000000000,512,Yes,,,,,,,,,,
pfp_bloom_filter_contains_unique_size_u64,0,NVIDIA A100-SXM4-40GB,I64,U64,512,1,8,4,1000000000,1024,Yes,,,,,,,,,,
pfp_bloom_filter_contains_unique_size_u64,0,NVIDIA A100-SXM4-40GB,I64,U64,512,1,8,4,1000000000,2048,Yes,,,,,,,,,,
pfp_bloom_filter_contains_unique_size_u64,0,NVIDIA A100-SXM4-40GB,I64,U64,512,1,8,8,1000000000,1,Yes,,,,,,,,,,
pfp_bloom_filter_contains_unique_size_u64,0,NVIDIA A100-SXM4-40GB,I64,U64,512,1,8,8,1000000000,2,Yes,,,,,,,,,,
pfp_bloom_filter_contains_unique_size_u64,0,NVIDIA A100-SXM4-40GB,I64,U64,512,1,8,8,1000000000,4,Yes,,,,,,,,,,
pfp_bloom_filter_contains_unique_size_u64,0,NVIDIA A100-SXM4-40GB,I64,U64,512,1,8,8,1000000000,8,Yes,,,,,,,,,,
pfp_bloom_filter_contains_unique_size_u64,0,NVIDIA A100-SXM4-40GB,I64,U64,512,1,8,8,1000000000,16,Yes,,,,,,,,,,
pfp_bloom_filter_contains_unique_size_u64,0,NVIDIA A100-SXM4-40GB,I64,U64,512,1,8,8,1000000000,32,Yes,,,,,,,,,,
pfp_bloom_filter_contains_unique_size_u64,0,NVIDIA A100-SXM4-40GB,I64,U64,512,1,8,8,1000000000,64,Yes,,,,,,,,,,
pfp_bloom_filter_contains_unique_size_u64,0,NVIDIA A100-SXM4-40GB,I64,U64,512,1,8,8,1000000000,128,Yes,,,,,,,,,,
pfp_bloom_filter_contains_unique_size_u64,0,NVIDIA A100-SXM4-40GB,I64,U64,512,1,8,8,1000000000,256,Yes,,,,,,,,,,
pfp_bloom_filter_contains_unique_size_u64,0,NVIDIA A100-SXM4-40GB,I64,U64,512,1,8,8,1000000000,512,Yes,,,,,,,,,,
pfp_bloom_filter_contains_unique_size_u64,0,NVIDIA A100-SXM4-40GB,I64,U64,512,1,8,8,1000000000,1024,Yes,,,,,,,,,,
pfp_bloom_filter_contains_unique_size_u64,0,NVIDIA A100-SXM4-40GB,I64,U64,512,1,8,8,1000000000,2048,Yes,,,,,,,,,,
pfp_bloom_filter_contains_unique_size_u64,0,NVIDIA A100-SXM4-40GB,I64,U64,512,16,1,1,1000000000,1,Yes,,,,,,,,,,
pfp_bloom_filter_contains_unique_size_u64,0,NVIDIA A100-SXM4-40GB,I64,U64,512,16,1,1,1000000000,2,Yes,,,,,,,,,,
pfp_bloom_filter_contains_unique_size_u64,0,NVIDIA A100-SXM4-40GB,I64,U64,512,16,1,1,1000000000,4,Yes,,,,,,,,,,
pfp_bloom_filter_contains_unique_size_u64,0,NVIDIA A100-SXM4-40GB,I64,U64,512,16,1,1,1000000000,8,Yes,,,,,,,,,,
pfp_bloom_filter_contains_unique_size_u64,0,NVIDIA A100-SXM4-40GB,I64,U64,512,16,1,1,1000000000,16,Yes,,,,,,,,,,
pfp_bloom_filter_contains_unique_size_u64,0,NVIDIA A100-SXM4-40GB,I64,U64,512,16,1,1,1000000000,32,Yes,,,,,,,,,,
pfp_bloom_filter_contains_unique_size_u64,0,NVIDIA A100-SXM4-40GB,I64,U64,512,16,1,1,1000000000,64,Yes,,,,,,,,,,
pfp_bloom_filter_contains_unique_size_u64,0,NVIDIA A100-SXM4-40GB,I64,U64,512,16,1,1,1000000000,128,Yes,,,,,,,,,,
pfp_bloom_filter_contains_unique_size_u64,0,NVIDIA A100-SXM4-40GB,I64,U64,512,16,1,1,1000000000,256,Yes,,,,,,,,,,
pfp_bloom_filter_contains_unique_size_u64,0,NVIDIA A100-SXM4-40GB,I64,U64,512,16,1,1,1000000000,512,Yes,,,,,,,,,,
pfp_bloom_filter_contains_unique_size_u64,0,NVIDIA A100-SXM4-40GB,I64,U64,512,16,1,1,1000000000,1024,Yes,,,,,,,,,,
pfp_bloom_filter_contains_unique_size_u64,0,NVIDIA A100-SXM4-40GB,I64,U64,512,16,1,1,1000000000,2048,Yes,,,,,,,,,,
pfp_bloom_filter_contains_unique_size_u64,0,NVIDIA A100-SXM4-40GB,I64,U64,512,16,1,2,1000000000,1,Yes,,,,,,,,,,
pfp_bloom_filter_contains_unique_size_u64,0,NVIDIA A100-SXM4-40GB,I64,U64,512,16,1,2,1000000000,2,Yes,,,,,,,,,,
pfp_bloom_filter_contains_unique_size_u64,0,NVIDIA A100-SXM4-40GB,I64,U64,512,16,1,2,1000000000,4,Yes,,,,,,,,,,
pfp_bloom_filter_contains_unique_size_u64,0,NVIDIA A100-SXM4-40GB,I64,U64,512,16,1,2,1000000000,8,Yes,,,,,,,,,,
pfp_bloom_filter_contains_unique_size_u64,0,NVIDIA A100-SXM4-40GB,I64,U64,512,16,1,2,1000000000,16,Yes,,,,,,,,,,
pfp_bloom_filter_contains_unique_size_u64,0,NVIDIA A100-SXM4-40GB,I64,U64,512,16,1,2,1000000000,32,Yes,,,,,,,,,,
pfp_bloom_filter_contains_unique_size_u64,0,NVIDIA A100-SXM4-40GB,I64,U64,512,16,1,2,1000000000,64,Yes,,,,,,,,,,
pfp_bloom_filter_contains_unique_size_u64,0,NVIDIA A100-SXM4-40GB,I64,U64,512,16,1,2,1000000000,128,Yes,,,,,,,,,,
pfp_bloom_filter_contains_unique_size_u64,0,NVIDIA A100-SXM4-40GB,I64,U64,512,16,1,2,1000000000,256,Yes,,,,,,,,,,
pfp_bloom_filter_contains_unique_size_u64,0,NVIDIA A100-SXM4-40GB,I64,U64,512,16,1,2,1000000000,512,Yes,,,,,,,,,,
pfp_bloom_filter_contains_unique_size_u64,0,NVIDIA A100-SXM4-40GB,I64,U64,512,16,1,2,1000000000,1024,Yes,,,,,,,,,,
pfp_bloom_filter_contains_unique_size_u64,0,NVIDIA A100-SXM4-40GB,I64,U64,512,16,1,2,1000000000,2048,Yes,,,,,,,,,,
pfp_bloom_filter_contains_unique_size_u64,0,NVIDIA A100-SXM4-40GB,I64,U64,512,16,1,4,1000000000,1,Yes,,,,,,,,,,
pfp_bloom_filter_contains_unique_size_u64,0,NVIDIA A100-SXM4-40GB,I64,U64,512,16,1,4,1000000000,2,Yes,,,,,,,,,,
pfp_bloom_filter_contains_unique_size_u64,0,NVIDIA A100-SXM4-40GB,I64,U64,512,16,1,4,1000000000,4,Yes,,,,,,,,,,
pfp_bloom_filter_contains_unique_size_u64,0,NVIDIA A100-SXM4-40GB,I64,U64,512,16,1,4,1000000000,8,Yes,,,,,,,,,,
pfp_bloom_filter_contains_unique_size_u64,0,NVIDIA A100-SXM4-40GB,I64,U64,512,16,1,4,1000000000,16,Yes,,,,,,,,,,
pfp_bloom_filter_contains_unique_size_u64,0,NVIDIA A100-SXM4-40GB,I64,U64,512,16,1,4,1000000000,32,Yes,,,,,,,,,,
pfp_bloom_filter_contains_unique_size_u64,0,NVIDIA A100-SXM4-40GB,I64,U64,512,16,1,4,1000000000,64,Yes,,,,,,,,,,
pfp_bloom_filter_contains_unique_size_u64,0,NVIDIA A100-SXM4-40GB,I64,U64,512,16,1,4,1000000000,128,Yes,,,,,,,,,,
pfp_bloom_filter_contains_unique_size_u64,0,NVIDIA A100-SXM4-40GB,I64,U64,512,16,1,4,1000000000,256,Yes,,,,,,,,,,
pfp_bloom_filter_contains_unique_size_u64,0,NVIDIA A100-SXM4-40GB,I64,U64,512,16,1,4,1000000000,512,Yes,,,,,,,,,,
pfp_bloom_filter_contains_unique_size_u64,0,NVIDIA A100-SXM4-40GB,I64,U64,512,16,1,4,1000000000,1024,Yes,,,,,,,,,,
pfp_bloom_filter_contains_unique_size_u64,0,NVIDIA A100-SXM4-40GB,I64,U64,512,16,1,4,1000000000,2048,Yes,,,,,,,,,,
pfp_bloom_filter_contains_unique_size_u64,0,NVIDIA A100-SXM4-40GB,I64,U64,512,16,1,8,1000000000,1,Yes,,,,,,,,,,
pfp_bloom_filter_contains_unique_size_u64,0,NVIDIA A100-SXM4-40GB,I64,U64,512,16,1,8,1000000000,2,Yes,,,,,,,,,,
pfp_bloom_filter_contains_unique_size_u64,0,NVIDIA A100-SXM4-40GB,I64,U64,512,16,1,8,1000000000,4,Yes,,,,,,,,,,
pfp_bloom_filter_contains_unique_size_u64,0,NVIDIA A100-SXM4-40GB,I64,U64,512,16,1,8,1000000000,8,Yes,,,,,,,,,,
pfp_bloom_filter_contains_unique_size_u64,0,NVIDIA A100-SXM4-40GB,I64,U64,512,16,1,8,1000000000,16,Yes,,,,,,,,,,
pfp_bloom_filter_contains_unique_size_u64,0,NVIDIA A100-SXM4-40GB,I64,U64,512,16,1,8,1000000000,32,Yes,,,,,,,,,,
pfp_bloom_filter_contains_unique_size_u64,0,NVIDIA A100-SXM4-40GB,I64,U64,512,16,1,8,1000000000,64,Yes,,,,,,,,,,
pfp_bloom_filter_contains_unique_size_u64,0,NVIDIA A100-SXM4-40GB,I64,U64,512,16,1,8,1000000000,128,Yes,,,,,,,,,,
pfp_bloom_filter_contains_unique_size_u64,0,NVIDIA A100-SXM4-40GB,I64,U64,512,16,1,8,1000000000,256,Yes,,,,,,,,,,
pfp_bloom_filter_contains_unique_size_u64,0,NVIDIA A100-SXM4-40GB,I64,U64,512,16,1,8,1000000000,512,Yes,,,,,,,,,,
pfp_bloom_filter_contains_unique_size_u64,0,NVIDIA A100-SXM4-40GB,I64,U64,512,16,1,8,1000000000,1024,Yes,,,,,,,,,,
pfp_bloom_filter_contains_unique_size_u64,0,NVIDIA A100-SXM4-40GB,I64,U64,512,16,1,8,1000000000,2048,Yes,,,,,,,,,,
pfp_bloom_filter_contains_unique_size_u64,0,NVIDIA A100-SXM4-40GB,I64,U64,512,16,2,1,1000000000,1,Yes,,,,,,,,,,
pfp_bloom_filter_contains_unique_size_u64,0,NVIDIA A100-SXM4-40GB,I64,U64,512,16,2,1,1000000000,2,Yes,,,,,,,,,,
pfp_bloom_filter_contains_unique_size_u64,0,NVIDIA A100-SXM4-40GB,I64,U64,512,16,2,1,1000000000,4,Yes,,,,,,,,,,
pfp_bloom_filter_contains_unique_size_u64,0,NVIDIA A100-SXM4-40GB,I64,U64,512,16,2,1,1000000000,8,Yes,,,,,,,,,,
pfp_bloom_filter_contains_unique_size_u64,0,NVIDIA A100-SXM4-40GB,I64,U64,512,16,2,1,1000000000,16,Yes,,,,,,,,,,
pfp_bloom_filter_contains_unique_size_u64,0,NVIDIA A100-SXM4-40GB,I64,U64,512,16,2,1,1000000000,32,Yes,,,,,,,,,,
pfp_bloom_filter_contains_unique_size_u64,0,NVIDIA A100-SXM4-40GB,I64,U64,512,16,2,1,1000000000,64,Yes,,,,,,,,,,
pfp_bloom_filter_contains_unique_size_u64,0,NVIDIA A100-SXM4-40GB,I64,U64,512,16,2,1,1000000000,128,Yes,,,,,,,,,,
pfp_bloom_filter_contains_unique_size_u64,0,NVIDIA A100-SXM4-40GB,I64,U64,512,16,2,1,1000000000,256,Yes,,,,,,,,,,
pfp_bloom_filter_contains_unique_size_u64,0,NVIDIA A100-SXM4-40GB,I64,U64,512,16,2,1,1000000000,512,Yes,,,,,,,,,,
pfp_bloom_filter_contains_unique_size_u64,0,NVIDIA A100-SXM4-40GB,I64,U64,512,16,2,1,1000000000,1024,Yes,,,,,,,,,,
pfp_bloom_filter_contains_unique_size_u64,0,NVIDIA A100-SXM4-40GB,I64,U64,512,16,2,1,1000000000,2048,Yes,,,,,,,,,,
pfp_bloom_filter_contains_unique_size_u64,0,NVIDIA A100-SXM4-40GB,I64,U64,512,16,2,2,1000000000,1,Yes,,,,,,,,,,
pfp_bloom_filter_contains_unique_size_u64,0,NVIDIA A100-SXM4-40GB,I64,U64,512,16,2,2,1000000000,2,Yes,,,,,,,,,,
pfp_bloom_filter_contains_unique_size_u64,0,NVIDIA A100-SXM4-40GB,I64,U64,512,16,2,2,1000000000,4,Yes,,,,,,,,,,
pfp_bloom_filter_contains_unique_size_u64,0,NVIDIA A100-SXM4-40GB,I64,U64,512,16,2,2,1000000000,8,Yes,,,,,,,,,,
pfp_bloom_filter_contains_unique_size_u64,0,NVIDIA A100-SXM4-40GB,I64,U64,512,16,2,2,1000000000,16,Yes,,,,,,,,,,
pfp_bloom_filter_contains_unique_size_u64,0,NVIDIA A100-SXM4-40GB,I64,U64,512,16,2,2,1000000000,32,Yes,,,,,,,,,,
pfp_bloom_filter_contains_unique_size_u64,0,NVIDIA A100-SXM4-40GB,I64,U64,512,16,2,2,1000000000,64,Yes,,,,,,,,,,
pfp_bloom_filter_contains_unique_size_u64,0,NVIDIA A100-SXM4-40GB,I64,U64,512,16,2,2,1000000000,128,Yes,,,,,,,,,,
pfp_bloom_filter_contains_unique_size_u64,0,NVIDIA A100-SXM4-40GB,I64,U64,512,16,2,2,1000000000,256,Yes,,,,,,,,,,
pfp_bloom_filter_contains_unique_size_u64,0,NVIDIA A100-SXM4-40GB,I64,U64,512,16,2,2,1000000000,512,Yes,,,,,,,,,,
pfp_bloom_filter_contains_unique_size_u64,0,NVIDIA A100-SXM4-40GB,I64,U64,512,16,2,2,1000000000,1024,Yes,,,,,,,,,,
pfp_bloom_filter_contains_unique_size_u64,0,NVIDIA A100-SXM4-40GB,I64,U64,512,16,2,2,1000000000,2048,Yes,,,,,,,,,,
pfp_bloom_filter_contains_unique_size_u64,0,NVIDIA A100-SXM4-40GB,I64,U64,512,16,2,4,1000000000,1,Yes,,,,,,,,,,
pfp_bloom_filter_contains_unique_size_u64,0,NVIDIA A100-SXM4-40GB,I64,U64,512,16,2,4,1000000000,2,Yes,,,,,,,,,,
pfp_bloom_filter_contains_unique_size_u64,0,NVIDIA A100-SXM4-40GB,I64,U64,512,16,2,4,1000000000,4,Yes,,,,,,,,,,
pfp_bloom_filter_contains_unique_size_u64,0,NVIDIA A100-SXM4-40GB,I64,U64,512,16,2,4,1000000000,8,Yes,,,,,,,,,,
pfp_bloom_filter_contains_unique_size_u64,0,NVIDIA A100-SXM4-40GB,I64,U64,512,16,2,4,1000000000,16,Yes,,,,,,,,,,
pfp_bloom_filter_contains_unique_size_u64,0,NVIDIA A100-SXM4-40GB,I64,U64,512,16,2,4,1000000000,32,Yes,,,,,,,,,,
pfp_bloom_filter_contains_unique_size_u64,0,NVIDIA A100-SXM4-40GB,I64,U64,512,16,2,4,1000000000,64,Yes,,,,,,,,,,
pfp_bloom_filter_contains_unique_size_u64,0,NVIDIA A100-SXM4-40GB,I64,U64,512,16,2,4,1000000000,128,Yes,,,,,,,,,,
pfp_bloom_filter_contains_unique_size_u64,0,NVIDIA A100-SXM4-40GB,I64,U64,512,16,2,4,1000000000,256,Yes,,,,,,,,,,
pfp_bloom_filter_contains_unique_size_u64,0,NVIDIA A100-SXM4-40GB,I64,U64,512,16,2,4,1000000000,512,Yes,,,,,,,,,,
pfp_bloom_filter_contains_unique_size_u64,0,NVIDIA A100-SXM4-40GB,I64,U64,512,16,2,4,1000000000,1024,Yes,,,,,,,,,,
pfp_bloom_filter_contains_unique_size_u64,0,NVIDIA A100-SXM4-40GB,I64,U64,512,16,2,4,1000000000,2048,Yes,,,,,,,,,,
pfp_bloom_filter_contains_unique_size_u64,0,NVIDIA A100-SXM4-40GB,I64,U64,512,16,2,8,1000000000,1,Yes,,,,,,,,,,
pfp_bloom_filter_contains_unique_size_u64,0,NVIDIA A100-SXM4-40GB,I64,U64,512,16,2,8,1000000000,2,Yes,,,,,,,,,,
pfp_bloom_filter_contains_unique_size_u64,0,NVIDIA A100-SXM4-40GB,I64,U64,512,16,2,8,1000000000,4,Yes,,,,,,,,,,
pfp_bloom_filter_contains_unique_size_u64,0,NVIDIA A100-SXM4-40GB,I64,U64,512,16,2,8,1000000000,8,Yes,,,,,,,,,,
pfp_bloom_filter_contains_unique_size_u64,0,NVIDIA A100-SXM4-40GB,I64,U64,512,16,2,8,1000000000,16,Yes,,,,,,,,,,
pfp_bloom_filter_contains_unique_size_u64,0,NVIDIA A100-SXM4-40GB,I64,U64,512,16,2,8,1000000000,32,Yes,,,,,,,,,,
pfp_bloom_filter_contains_unique_size_u64,0,NVIDIA A100-SXM4-40GB,I64,U64,512,16,2,8,1000000000,64,Yes,,,,,,,,,,
pfp_bloom_filter_contains_unique_size_u64,0,NVIDIA A100-SXM4-40GB,I64,U64,512,16,2,8,1000000000,128,Yes,,,,,,,,,,
pfp_bloom_filter_contains_unique_size_u64,0,NVIDIA A100-SXM4-40GB,I64,U64,512,16,2,8,1000000000,256,Yes,,,,,,,,,,
pfp_bloom_filter_contains_unique_size_u64,0,NVIDIA A100-SXM4-40GB,I64,U64,512,16,2,8,1000000000,512,Yes,,,,,,,,,,
pfp_bloom_filter_contains_unique_size_u64,0,NVIDIA A100-SXM4-40GB,I64,U64,512,16,2,8,1000000000,1024,Yes,,,,,,,,,,
pfp_bloom_filter_contains_unique_size_u64,0,NVIDIA A100-SXM4-40GB,I64,U64,512,16,2,8,1000000000,2048,Yes,,,,,,,,,,
pfp_bloom_filter_contains_unique_size_u64,0,NVIDIA A100-SXM4-40GB,I64,U64,512,16,4,1,1000000000,1,Yes,,,,,,,,,,
pfp_bloom_filter_contains_unique_size_u64,0,NVIDIA A100-SXM4-40GB,I64,U64,512,16,4,1,1000000000,2,Yes,,,,,,,,,,
pfp_bloom_filter_contains_unique_size_u64,0,NVIDIA A100-SXM4-40GB,I64,U64,512,16,4,1,1000000000,4,Yes,,,,,,,,,,
pfp_bloom_filter_contains_unique_size_u64,0,NVIDIA A100-SXM4-40GB,I64,U64,512,16,4,1,1000000000,8,Yes,,,,,,,,,,
pfp_bloom_filter_contains_unique_size_u64,0,NVIDIA A100-SXM4-40GB,I64,U64,512,16,4,1,1000000000,16,Yes,,,,,,,,,,
pfp_bloom_filter_contains_unique_size_u64,0,NVIDIA A100-SXM4-40GB,I64,U64,512,16,4,1,1000000000,32,Yes,,,,,,,,,,
pfp_bloom_filter_contains_unique_size_u64,0,NVIDIA A100-SXM4-40GB,I64,U64,512,16,4,1,1000000000,64,Yes,,,,,,,,,,
pfp_bloom_filter_contains_unique_size_u64,0,NVIDIA A100-SXM4-40GB,I64,U64,512,16,4,1,1000000000,128,Yes,,,,,,,,,,
pfp_bloom_filter_contains_unique_size_u64,0,NVIDIA A100-SXM4-40GB,I64,U64,512,16,4,1,1000000000,256,Yes,,,,,,,,,,
pfp_bloom_filter_contains_unique_size_u64,0,NVIDIA A100-SXM4-40GB,I64,U64,512,16,4,1,1000000000,512,Yes,,,,,,,,,,
pfp_bloom_filter_contains_unique_size_u64,0,NVIDIA A100-SXM4-40GB,I64,U64,512,16,4,1,1000000000,1024,Yes,,,,,,,,,,
pfp_bloom_filter_contains_unique_size_u64,0,NVIDIA A100-SXM4-40GB,I64,U64,512,16,4,1,1000000000,2048,Yes,,,,,,,,,,
pfp_bloom_filter_contains_unique_size_u64,0,NVIDIA A100-SXM4-40GB,I64,U64,512,16,4,2,1000000000,1,Yes,,,,,,,,,,
pfp_bloom_filter_contains_unique_size_u64,0,NVIDIA A100-SXM4-40GB,I64,U64,512,16,4,2,1000000000,2,Yes,,,,,,,,,,
pfp_bloom_filter_contains_unique_size_u64,0,NVIDIA A100-SXM4-40GB,I64,U64,512,16,4,2,1000000000,4,Yes,,,,,,,,,,
pfp_bloom_filter_contains_unique_size_u64,0,NVIDIA A100-SXM4-40GB,I64,U64,512,16,4,2,1000000000,8,Yes,,,,,,,,,,
pfp_bloom_filter_contains_unique_size_u64,0,NVIDIA A100-SXM4-40GB,I64,U64,512,16,4,2,1000000000,16,Yes,,,,,,,,,,
pfp_bloom_filter_contains_unique_size_u64,0,NVIDIA A100-SXM4-40GB,I64,U64,512,16,4,2,1000000000,32,Yes,,,,,,,,,,
pfp_bloom_filter_contains_unique_size_u64,0,NVIDIA A100-SXM4-40GB,I64,U64,512,16,4,2,1000000000,64,Yes,,,,,,,,,,
pfp_bloom_filter_contains_unique_size_u64,0,NVIDIA A100-SXM4-40GB,I64,U64,512,16,4,2,1000000000,128,Yes,,,,,,,,,,
pfp_bloom_filter_contains_unique_size_u64,0,NVIDIA A100-SXM4-40GB,I64,U64,512,16,4,2,1000000000,256,Yes,,,,,,,,,,
pfp_bloom_filter_contains_unique_size_u64,0,NVIDIA A100-SXM4-40GB,I64,U64,512,16,4,2,1000000000,512,Yes,,,,,,,,,,
pfp_bloom_filter_contains_unique_size_u64,0,NVIDIA A100-SXM4-40GB,I64,U64,512,16,4,2,1000000000,1024,Yes,,,,,,,,,,
pfp_bloom_filter_contains_unique_size_u64,0,NVIDIA A100-SXM4-40GB,I64,U64,512,16,4,2,1000000000,2048,Yes,,,,,,,,,,
pfp_bloom_filter_contains_unique_size_u64,0,NVIDIA A100-SXM4-40GB,I64,U64,512,16,4,4,1000000000,1,Yes,,,,,,,,,,
pfp_bloom_filter_contains_unique_size_u64,0,NVIDIA A100-SXM4-40GB,I64,U64,512,16,4,4,1000000000,2,Yes,,,,,,,,,,
pfp_bloom_filter_contains_unique_size_u64,0,NVIDIA A100-SXM4-40GB,I64,U64,512,16,4,4,1000000000,4,Yes,,,,,,,,,,
pfp_bloom_filter_contains_unique_size_u64,0,NVIDIA A100-SXM4-40GB,I64,U64,512,16,4,4,1000000000,8,Yes,,,,,,,,,,
pfp_bloom_filter_contains_unique_size_u64,0,NVIDIA A100-SXM4-40GB,I64,U64,512,16,4,4,1000000000,16,Yes,,,,,,,,,,
pfp_bloom_filter_contains_unique_size_u64,0,NVIDIA A100-SXM4-40GB,I64,U64,512,16,4,4,1000000000,32,Yes,,,,,,,,,,
pfp_bloom_filter_contains_unique_size_u64,0,NVIDIA A100-SXM4-40GB,I64,U64,512,16,4,4,1000000000,64,Yes,,,,,,,,,,
pfp_bloom_filter_contains_unique_size_u64,0,NVIDIA A100-SXM4-40GB,I64,U64,512,16,4,4,1000000000,128,Yes,,,,,,,,,,
pfp_bloom_filter_contains_unique_size_u64,0,NVIDIA A100-SXM4-40GB,I64,U64,512,16,4,4,1000000000,256,Yes,,,,,,,,,,
pfp_bloom_filter_contains_unique_size_u64,0,NVIDIA A100-SXM4-40GB,I64,U64,512,16,4,4,1000000000,512,Yes,,,,,,,,,,
pfp_bloom_filter_contains_unique_size_u64,0,NVIDIA A100-SXM4-40GB,I64,U64,512,16,4,4,1000000000,1024,Yes,,,,,,,,,,
pfp_bloom_filter_contains_unique_size_u64,0,NVIDIA A100-SXM4-40GB,I64,U64,512,16,4,4,1000000000,2048,Yes,,,,,,,,,,
pfp_bloom_filter_contains_unique_size_u64,0,NVIDIA A100-SXM4-40GB,I64,U64,512,16,4,8,1000000000,1,Yes,,,,,,,,,,
pfp_bloom_filter_contains_unique_size_u64,0,NVIDIA A100-SXM4-40GB,I64,U64,512,16,4,8,1000000000,2,Yes,,,,,,,,,,
pfp_bloom_filter_contains_unique_size_u64,0,NVIDIA A100-SXM4-40GB,I64,U64,512,16,4,8,1000000000,4,Yes,,,,,,,,,,
pfp_bloom_filter_contains_unique_size_u64,0,NVIDIA A100-SXM4-40GB,I64,U64,512,16,4,8,1000000000,8,Yes,,,,,,,,,,
pfp_bloom_filter_contains_unique_size_u64,0,NVIDIA A100-SXM4-40GB,I64,U64,512,16,4,8,1000000000,16,Yes,,,,,,,,,,
pfp_bloom_filter_contains_unique_size_u64,0,NVIDIA A100-SXM4-40GB,I64,U64,512,16,4,8,1000000000,32,Yes,,,,,,,,,,
pfp_bloom_filter_contains_unique_size_u64,0,NVIDIA A100-SXM4-40GB,I64,U64,512,16,4,8,1000000000,64,Yes,,,,,,,,,,
pfp_bloom_filter_contains_unique_size_u64,0,NVIDIA A100-SXM4-40GB,I64,U64,512,16,4,8,1000000000,128,Yes,,,,,,,,,,
pfp_bloom_filter_contains_unique_size_u64,0,NVIDIA A100-SXM4-40GB,I64,U64,512,16,4,8,1000000000,256,Yes,,,,,,,,,,
pfp_bloom_filter_contains_unique_size_u64,0,NVIDIA A100-SXM4-40GB,I64,U64,512,16,4,8,1000000000,512,Yes,,,,,,,,,,
pfp_bloom_filter_contains_unique_size_u64,0,NVIDIA A100-SXM4-40GB,I64,U64,512,16,4,8,1000000000,1024,Yes,,,,,,,,,,
pfp_bloom_filter_contains_unique_size_u64,0,NVIDIA A100-SXM4-40GB,I64,U64,512,16,4,8,1000000000,2048,Yes,,,,,,,,,,
pfp_bloom_filter_contains_unique_size_u64,0,NVIDIA A100-SXM4-40GB,I64,U64,512,16,8,1,1000000000,1,Yes,,,,,,,,,,
pfp_bloom_filter_contains_unique_size_u64,0,NVIDIA A100-SXM4-40GB,I64,U64,512,16,8,1,1000000000,2,Yes,,,,,,,,,,
pfp_bloom_filter_contains_unique_size_u64,0,NVIDIA A100-SXM4-40GB,I64,U64,512,16,8,1,1000000000,4,Yes,,,,,,,,,,
pfp_bloom_filter_contains_unique_size_u64,0,NVIDIA A100-SXM4-40GB,I64,U64,512,16,8,1,1000000000,8,Yes,,,,,,,,,,
pfp_bloom_filter_contains_unique_size_u64,0,NVIDIA A100-SXM4-40GB,I64,U64,512,16,8,1,1000000000,16,Yes,,,,,,,,,,
pfp_bloom_filter_contains_unique_size_u64,0,NVIDIA A100-SXM4-40GB,I64,U64,512,16,8,1,1000000000,32,Yes,,,,,,,,,,
pfp_bloom_filter_contains_unique_size_u64,0,NVIDIA A100-SXM4-40GB,I64,U64,512,16,8,1,1000000000,64,Yes,,,,,,,,,,
pfp_bloom_filter_contains_unique_size_u64,0,NVIDIA A100-SXM4-40GB,I64,U64,512,16,8,1,1000000000,128,Yes,,,,,,,,,,
pfp_bloom_filter_contains_unique_size_u64,0,NVIDIA A100-SXM4-40GB,I64,U64,512,16,8,1,1000000000,256,Yes,,,,,,,,,,
pfp_bloom_filter_contains_unique_size_u64,0,NVIDIA A100-SXM4-40GB,I64,U64,512,16,8,1,1000000000,512,Yes,,,,,,,,,,
pfp_bloom_filter_contains_unique_size_u64,0,NVIDIA A100-SXM4-40GB,I64,U64,512,16,8,1,1000000000,1024,Yes,,,,,,,,,,
pfp_bloom_filter_contains_unique_size_u64,0,NVIDIA A100-SXM4-40GB,I64,U64,512,16,8,1,1000000000,2048,Yes,,,,,,,,,,
pfp_bloom_filter_contains_unique_size_u64,0,NVIDIA A100-SXM4-40GB,I64,U64,512,16,8,2,1000000000,1,Yes,,,,,,,,,,
pfp_bloom_filter_contains_unique_size_u64,0,NVIDIA A100-SXM4-40GB,I64,U64,512,16,8,2,1000000000,2,Yes,,,,,,,,,,
pfp_bloom_filter_contains_unique_size_u64,0,NVIDIA A100-SXM4-40GB,I64,U64,512,16,8,2,1000000000,4,Yes,,,,,,,,,,
pfp_bloom_filter_contains_unique_size_u64,0,NVIDIA A100-SXM4-40GB,I64,U64,512,16,8,2,1000000000,8,Yes,,,,,,,,,,
pfp_bloom_filter_contains_unique_size_u64,0,NVIDIA A100-SXM4-40GB,I64,U64,512,16,8,2,1000000000,16,Yes,,,,,,,,,,
pfp_bloom_filter_contains_unique_size_u64,0,NVIDIA A100-SXM4-40GB,I64,U64,512,16,8,2,1000000000,32,Yes,,,,,,,,,,
pfp_bloom_filter_contains_unique_size_u64,0,NVIDIA A100-SXM4-40GB,I64,U64,512,16,8,2,1000000000,64,Yes,,,,,,,,,,
pfp_bloom_filter_contains_unique_size_u64,0,NVIDIA A100-SXM4-40GB,I64,U64,512,16,8,2,1000000000,128,Yes,,,,,,,,,,
pfp_bloom_filter_contains_unique_size_u64,0,NVIDIA A100-SXM4-40GB,I64,U64,512,16,8,2,1000000000,256,Yes,,,,,,,,,,
pfp_bloom_filter_contains_unique_size_u64,0,NVIDIA A100-SXM4-40GB,I64,U64,512,16,8,2,1000000000,512,Yes,,,,,,,,,,
pfp_bloom_filter_contains_unique_size_u64,0,NVIDIA A100-SXM4-40GB,I64,U64,512,16,8,2,1000000000,1024,Yes,,,,,,,,,,
pfp_bloom_filter_contains_unique_size_u64,0,NVIDIA A100-SXM4-40GB,I64,U64,512,16,8,2,1000000000,2048,Yes,,,,,,,,,,
pfp_bloom_filter_contains_unique_size_u64,0,NVIDIA A100-SXM4-40GB,I64,U64,512,16,8,4,1000000000,1,Yes,,,,,,,,,,
pfp_bloom_filter_contains_unique_size_u64,0,NVIDIA A100-SXM4-40GB,I64,U64,512,16,8,4,1000000000,2,Yes,,,,,,,,,,
pfp_bloom_filter_contains_unique_size_u64,0,NVIDIA A100-SXM4-40GB,I64,U64,512,16,8,4,1000000000,4,Yes,,,,,,,,,,
pfp_bloom_filter_contains_unique_size_u64,0,NVIDIA A100-SXM4-40GB,I64,U64,512,16,8,4,1000000000,8,Yes,,,,,,,,,,
pfp_bloom_filter_contains_unique_size_u64,0,NVIDIA A100-SXM4-40GB,I64,U64,512,16,8,4,1000000000,16,Yes,,,,,,,,,,
pfp_bloom_filter_contains_unique_size_u64,0,NVIDIA A100-SXM4-40GB,I64,U64,512,16,8,4,1000000000,32,Yes,,,,,,,,,,
pfp_bloom_filter_contains_unique_size_u64,0,NVIDIA A100-SXM4-40GB,I64,U64,512,16,8,4,1000000000,64,Yes,,,,,,,,,,
pfp_bloom_filter_contains_unique_size_u64,0,NVIDIA A100-SXM4-40GB,I64,U64,512,16,8,4,1000000000,128,Yes,,,,,,,,,,
pfp_bloom_filter_contains_unique_size_u64,0,NVIDIA A100-SXM4-40GB,I64,U64,512,16,8,4,1000000000,256,Yes,,,,,,,,,,
pfp_bloom_filter_contains_unique_size_u64,0,NVIDIA A100-SXM4-40GB,I64,U64,512,16,8,4,1000000000,512,Yes,,,,,,,,,,
pfp_bloom_filter_contains_unique_size_u64,0,NVIDIA A100-SXM4-40GB,I64,U64,512,16,8,4,1000000000,1024,Yes,,,,,,,,,,
pfp_bloom_filter_contains_unique_size_u64,0,NVIDIA A100-SXM4-40GB,I64,U64,512,16,8,4,1000000000,2048,Yes,,,,,,,,,,
pfp_bloom_filter_contains_unique_size_u64,0,NVIDIA A100-SXM4-40GB,I64,U64,512,16,8,8,1000000000,1,Yes,,,,,,,,,,
pfp_bloom_filter_contains_unique_size_u64,0,NVIDIA A100-SXM4-40GB,I64,U64,512,16,8,8,1000000000,2,Yes,,,,,,,,,,
pfp_bloom_filter_contains_unique_size_u64,0,NVIDIA A100-SXM4-40GB,I64,U64,512,16,8,8,1000000000,4,Yes,,,,,,,,,,
pfp_bloom_filter_contains_unique_size_u64,0,NVIDIA A100-SXM4-40GB,I64,U64,512,16,8,8,1000000000,8,Yes,,,,,,,,,,
pfp_bloom_filter_contains_unique_size_u64,0,NVIDIA A100-SXM4-40GB,I64,U64,512,16,8,8,1000000000,16,Yes,,,,,,,,,,
pfp_bloom_filter_contains_unique_size_u64,0,NVIDIA A100-SXM4-40GB,I64,U64,512,16,8,8,1000000000,32,Yes,,,,,,,,,,
pfp_bloom_filter_contains_unique_size_u64,0,NVIDIA A100-SXM4-40GB,I64,U64,512,16,8,8,1000000000,64,Yes,,,,,,,,,,
pfp_bloom_filter_contains_unique_size_u64,0,NVIDIA A100-SXM4-40GB,I64,U64,512,16,8,8,1000000000,128,Yes,,,,,,,,,,
pfp_bloom_filter_contains_unique_size_u64,0,NVIDIA A100-SXM4-40GB,I64,U64,512,16,8,8,1000000000,256,Yes,,,,,,,,,,
pfp_bloom_filter_contains_unique_size_u64,0,NVIDIA A100-SXM4-40GB,I64,U64,512,16,8,8,1000000000,512,Yes,,,,,,,,,,
pfp_bloom_filter_contains_unique_size_u64,0,NVIDIA A100-SXM4-40GB,I64,U64,512,16,8,8,1000000000,1024,Yes,,,,,,,,,,
pfp_bloom_filter_contains_unique_size_u64,0,NVIDIA A100-SXM4-40GB,I64,U64,512,16,8,8,1000000000,2048,Yes,,,,,,,,,,
