Benchmark,Device,Device Name,Key,Word,BlockBits,PatternBitsPerWord,HorizontalLayout,VerticalLayout,NumInputs,FilterSizeMB,Skipped,Samples,CPU Time (sec),Noise,GPU Time (sec),Noise,Elem/s (elem/sec),Samples,Batch GPU (sec)
pfp_bloom_filter_add_unique_size_u64,0,NVIDIA A100-SXM4-40GB,I64,U64,32,1,1,1,1000000000,1,Yes,,,,,,,,
pfp_bloom_filter_add_unique_size_u64,0,NVIDIA A100-SXM4-40GB,I64,U64,32,1,1,1,1000000000,2,Yes,,,,,,,,
pfp_bloom_filter_add_unique_size_u64,0,NVIDIA A100-SXM4-40GB,I64,U64,32,1,1,1,1000000000,4,Yes,,,,,,,,
pfp_bloom_filter_add_unique_size_u64,0,NVIDIA A100-SXM4-40GB,I64,U64,32,1,1,1,1000000000,8,Yes,,,,,,,,
pfp_bloom_filter_add_unique_size_u64,0,NVIDIA A100-SXM4-40GB,I64,U64,32,1,1,1,1000000000,16,Yes,,,,,,,,
pfp_bloom_filter_add_unique_size_u64,0,NVIDIA A100-SXM4-40GB,I64,U64,32,1,1,1,1000000000,32,Yes,,,,,,,,
pfp_bloom_filter_add_unique_size_u64,0,NVIDIA A100-SXM4-40GB,I64,U64,32,1,1,1,1000000000,64,Yes,,,,,,,,
pfp_bloom_filter_add_unique_size_u64,0,NVIDIA A100-SXM4-40GB,I64,U64,32,1,1,1,1000000000,128,Yes,,,,,,,,
pfp_bloom_filter_add_unique_size_u64,0,NVIDIA A100-SXM4-40GB,I64,U64,32,1,1,1,1000000000,256,Yes,,,,,,,,
pfp_bloom_filter_add_unique_size_u64,0,NVIDIA A100-SXM4-40GB,I64,U64,32,1,1,1,1000000000,512,Yes,,,,,,,,
pfp_bloom_filter_add_unique_size_u64,0,NVIDIA A100-SXM4-40GB,I64,U64,32,1,1,1,1000000000,1024,Yes,,,,,,,,
pfp_bloom_filter_add_unique_size_u64,0,NVIDIA A100-SXM4-40GB,I64,U64,32,1,1,1,1000000000,2048,Yes,,,,,,,,
pfp_bloom_filter_add_unique_size_u64,0,NVIDIA A100-SXM4-40GB,I64,U64,32,1,1,2,1000000000,1,Yes,,,,,,,,
pfp_bloom_filter_add_unique_size_u64,0,NVIDIA A100-SXM4-40GB,I64,U64,32,1,1,2,1000000000,2,Yes,,,,,,,,
pfp_bloom_filter_add_unique_size_u64,0,NVIDIA A100-SXM4-40GB,I64,U64,32,1,1,2,1000000000,4,Yes,,,,,,,,
pfp_bloom_filter_add_unique_size_u64,0,NVIDIA A100-SXM4-40GB,I64,U64,32,1,1,2,1000000000,8,Yes,,,,,,,,
pfp_bloom_filter_add_unique_size_u64,0,NVIDIA A100-SXM4-40GB,I64,U64,32,1,1,2,1000000000,16,Yes,,,,,,,,
pfp_bloom_filter_add_unique_size_u64,0,NVIDIA A100-SXM4-40GB,I64,U64,32,1,1,2,1000000000,32,Yes,,,,,,,,
pfp_bloom_filter_add_unique_size_u64,0,NVIDIA A100-SXM4-40GB,I64,U64,32,1,1,2,1000000000,64,Yes,,,,,,,,
pfp_bloom_filter_add_unique_size_u64,0,NVIDIA A100-SXM4-40GB,I64,U64,32,1,1,2,1000000000,128,Yes,,,,,,,,
pfp_bloom_filter_add_unique_size_u64,0,NVIDIA A100-SXM4-40GB,I64,U64,32,1,1,2,1000000000,256,Yes,,,,,,,,
pfp_bloom_filter_add_unique_size_u64,0,NVIDIA A100-SXM4-40GB,I64,U64,32,1,1,2,1000000000,512,Yes,,,,,,,,
pfp_bloom_filter_add_unique_size_u64,0,NVIDIA A100-SXM4-40GB,I64,U64,32,1,1,2,1000000000,1024,Yes,,,,,,,,
pfp_bloom_filter_add_unique_size_u64,0,NVIDIA A100-SXM4-40GB,I64,U64,32,1,1,2,1000000000,2048,Yes,,,,,,,,
pfp_bloom_filter_add_unique_size_u64,0,NVIDIA A100-SXM4-40GB,I64,U64,32,1,1,4,1000000000,1,Yes,,,,,,,,
pfp_bloom_filter_add_unique_size_u64,0,NVIDIA A100-SXM4-40GB,I64,U64,32,1,1,4,1000000000,2,Yes,,,,,,,,
pfp_bloom_filter_add_unique_size_u64,0,NVIDIA A100-SXM4-40GB,I64,U64,32,1,1,4,1000000000,4,Yes,,,,,,,,
pfp_bloom_filter_add_unique_size_u64,0,NVIDIA A100-SXM4-40GB,I64,U64,32,1,1,4,1000000000,8,Yes,,,,,,,,
pfp_bloom_filter_add_unique_size_u64,0,NVIDIA A100-SXM4-40GB,I64,U64,32,1,1,4,1000000000,16,Yes,,,,,,,,
pfp_bloom_filter_add_unique_size_u64,0,NVIDIA A100-SXM4-40GB,I64,U64,32,1,1,4,1000000000,32,Yes,,,,,,,,
pfp_bloom_filter_add_unique_size_u64,0,NVIDIA A100-SXM4-40GB,I64,U64,32,1,1,4,1000000000,64,Yes,,,,,,,,
pfp_bloom_filter_add_unique_size_u64,0,NVIDIA A100-SXM4-40GB,I64,U64,32,1,1,4,1000000000,128,Yes,,,,,,,,
pfp_bloom_filter_add_unique_size_u64,0,NVIDIA A100-SXM4-40GB,I64,U64,32,1,1,4,1000000000,256,Yes,,,,,,,,
pfp_bloom_filter_add_unique_size_u64,0,NVIDIA A100-SXM4-40GB,I64,U64,32,1,1,4,1000000000,512,Yes,,,,,,,,
pfp_bloom_filter_add_unique_size_u64,0,NVIDIA A100-SXM4-40GB,I64,U64,32,1,1,4,1000000000,1024,Yes,,,,,,,,
pfp_bloom_filter_add_unique_size_u64,0,NVIDIA A100-SXM4-40GB,I64,U64,32,1,1,4,1000000000,2048,Yes,,,,,,,,
pfp_bloom_filter_add_unique_size_u64,0,NVIDIA A100-SXM4-40GB,I64,U64,32,1,1,8,1000000000,1,Yes,,,,,,,,
pfp_bloom_filter_add_unique_size_u64,0,NVIDIA A100-SXM4-40GB,I64,U64,32,1,1,8,1000000000,2,Yes,,,,,,,,
pfp_bloom_filter_add_unique_size_u64,0,NVIDIA A100-SXM4-40GB,I64,U64,32,1,1,8,1000000000,4,Yes,,,,,,,,
pfp_bloom_filter_add_unique_size_u64,0,NVIDIA A100-SXM4-40GB,I64,U64,32,1,1,8,1000000000,8,Yes,,,,,,,,
pfp_bloom_filter_add_unique_size_u64,0,NVIDIA A100-SXM4-40GB,I64,U64,32,1,1,8,1000000000,16,Yes,,,,,,,,
pfp_bloom_filter_add_unique_size_u64,0,NVIDIA A100-SXM4-40GB,I64,U64,32,1,1,8,1000000000,32,Yes,,,,,,,,
pfp_bloom_filter_add_unique_size_u64,0,NVIDIA A100-SXM4-40GB,I64,U64,32,1,1,8,1000000000,64,Yes,,,,,,,,
pfp_bloom_filter_add_unique_size_u64,0,NVIDIA A100-SXM4-40GB,I64,U64,32,1,1,8,1000000000,128,Yes,,,,,,,,
pfp_bloom_filter_add_unique_size_u64,0,NVIDIA A100-SXM4-40GB,I64,U64,32,1,1,8,1000000000,256,Yes,,,,,,,,
pfp_bloom_filter_add_unique_size_u64,0,NVIDIA A100-SXM4-40GB,I64,U64,32,1,1,8,1000000000,512,Yes,,,,,,,,
pfp_bloom_filter_add_unique_size_u64,0,NVIDIA A100-SXM4-40GB,I64,U64,32,1,1,8,1000000000,1024,Yes,,,,,,,,
pfp_bloom_filter_add_unique_size_u64,0,NVIDIA A100-SXM4-40GB,I64,U64,32,1,1,8,1000000000,2048,Yes,,,,,,,,
pfp_bloom_filter_add_unique_size_u64,0,NVIDIA A100-SXM4-40GB,I64,U64,32,1,2,1,1000000000,1,Yes,,,,,,,,
pfp_bloom_filter_add_unique_size_u64,0,NVIDIA A100-SXM4-40GB,I64,U64,32,1,2,1,1000000000,2,Yes,,,,,,,,
pfp_bloom_filter_add_unique_size_u64,0,NVIDIA A100-SXM4-40GB,I64,U64,32,1,2,1,1000000000,4,Yes,,,,,,,,
pfp_bloom_filter_add_unique_size_u64,0,NVIDIA A100-SXM4-40GB,I64,U64,32,1,2,1,1000000000,8,Yes,,,,,,,,
pfp_bloom_filter_add_unique_size_u64,0,NVIDIA A100-SXM4-40GB,I64,U64,32,1,2,1,1000000000,16,Yes,,,,,,,,
pfp_bloom_filter_add_unique_size_u64,0,NVIDIA A100-SXM4-40GB,I64,U64,32,1,2,1,1000000000,32,Yes,,,,,,,,
pfp_bloom_filter_add_unique_size_u64,0,NVIDIA A100-SXM4-40GB,I64,U64,32,1,2,1,1000000000,64,Yes,,,,,,,,
pfp_bloom_filter_add_unique_size_u64,0,NVIDIA A100-SXM4-40GB,I64,U64,32,1,2,1,1000000000,128,Yes,,,,,,,,
pfp_bloom_filter_add_unique_size_u64,0,NVIDIA A100-SXM4-40GB,I64,U64,32,1,2,1,1000000000,256,Yes,,,,,,,,
pfp_bloom_filter_add_unique_size_u64,0,NVIDIA A100-SXM4-40GB,I64,U64,32,1,2,1,1000000000,512,Yes,,,,,,,,
pfp_bloom_filter_add_unique_size_u64,0,NVIDIA A100-SXM4-40GB,I64,U64,32,1,2,1,1000000000,1024,Yes,,,,,,,,
pfp_bloom_filter_add_unique_size_u64,0,NVIDIA A100-SXM4-40GB,I64,U64,32,1,2,1,1000000000,2048,Yes,,,,,,,,
pfp_bloom_filter_add_unique_size_u64,0,NVIDIA A100-SXM4-40GB,I64,U64,32,1,2,2,1000000000,1,Yes,,,,,,,,
pfp_bloom_filter_add_unique_size_u64,0,NVIDIA A100-SXM4-40GB,I64,U64,32,1,2,2,1000000000,2,Yes,,,,,,,,
pfp_bloom_filter_add_unique_size_u64,0,NVIDIA A100-SXM4-40GB,I64,U64,32,1,2,2,1000000000,4,Yes,,,,,,,,
pfp_bloom_filter_add_unique_size_u64,0,NVIDIA A100-SXM4-40GB,I64,U64,32,1,2,2,1000000000,8,Yes,,,,,,,,
pfp_bloom_filter_add_unique_size_u64,0,NVIDIA A100-SXM4-40GB,I64,U64,32,1,2,2,1000000000,16,Yes,,,,,,,,
pfp_bloom_filter_add_unique_size_u64,0,NVIDIA A100-SXM4-40GB,I64,U64,32,1,2,2,1000000000,32,Yes,,,,,,,,
pfp_bloom_filter_add_unique_size_u64,0,NVIDIA A100-SXM4-40GB,I64,U64,32,1,2,2,1000000000,64,Yes,,,,,,,,
pfp_bloom_filter_add_unique_size_u64,0,NVIDIA A100-SXM4-40GB,I64,U64,32,1,2,2,1000000000,128,Yes,,,,,,,,
pfp_bloom_filter_add_unique_size_u64,0,NVIDIA A100-SXM4-40GB,I64,U64,32,1,2,2,1000000000,256,Yes,,,,,,,,
pfp_bloom_filter_add_unique_size_u64,0,NVIDIA A100-SXM4-40GB,I64,U64,32,1,2,2,1000000000,512,Yes,,,,,,,,
pfp_bloom_filter_add_unique_size_u64,0,NVIDIA A100-SXM4-40GB,I64,U64,32,1,2,2,1000000000,1024,Yes,,,,,,,,
pfp_bloom_filter_add_unique_size_u64,0,NVIDIA A100-SXM4-40GB,I64,U64,32,1,2,2,1000000000,2048,Yes,,,,,,,,
pfp_bloom_filter_add_unique_size_u64,0,NVIDIA A100-SXM4-40GB,I64,U64,32,1,2,4,1000000000,1,Yes,,,,,,,,
pfp_bloom_filter_add_unique_size_u64,0,NVIDIA A100-SXM4-40GB,I64,U64,32,1,2,4,1000000000,2,Yes,,,,,,,,
pfp_bloom_filter_add_unique_size_u64,0,NVIDIA A100-SXM4-40GB,I64,U64,32,1,2,4,1000000000,4,Yes,,,,,,,,
pfp_bloom_filter_add_unique_size_u64,0,NVIDIA A100-SXM4-40GB,I64,U64,32,1,2,4,1000000000,8,Yes,,,,,,,,
pfp_bloom_filter_add_unique_size_u64,0,NVIDIA A100-SXM4-40GB,I64,U64,32,1,2,4,1000000000,16,Yes,,,,,,,,
pfp_bloom_filter_add_unique_size_u64,0,NVIDIA A100-SXM4-40GB,I64,U64,32,1,2,4,1000000000,32,Yes,,,,,,,,
pfp_bloom_filter_add_unique_size_u64,0,NVIDIA A100-SXM4-40GB,I64,U64,32,1,2,4,1000000000,64,Yes,,,,,,,,
pfp_bloom_filter_add_unique_size_u64,0,NVIDIA A100-SXM4-40GB,I64,U64,32,1,2,4,1000000000,128,Yes,,,,,,,,
pfp_bloom_filter_add_unique_size_u64,0,NVIDIA A100-SXM4-40GB,I64,U64,32,1,2,4,1000000000,256,Yes,,,,,,,,
pfp_bloom_filter_add_unique_size_u64,0,NVIDIA A100-SXM4-40GB,I64,U64,32,1,2,4,1000000000,512,Yes,,,,,,,,
pfp_bloom_filter_add_unique_size_u64,0,NVIDIA A100-SXM4-40GB,I64,U64,32,1,2,4,1000000000,1024,Yes,,,,,,,,
pfp_bloom_filter_add_unique_size_u64,0,NVIDIA A100-SXM4-40GB,I64,U64,32,1,2,4,1000000000,2048,Yes,,,,,,,,
pfp_bloom_filter_add_unique_size_u64,0,NVIDIA A100-SXM4-40GB,I64,U64,32,1,2,8,1000000000,1,Yes,,,,,,,,
pfp_bloom_filter_add_unique_size_u64,0,NVIDIA A100-SXM4-40GB,I64,U64,32,1,2,8,1000000000,2,Yes,,,,,,,,
pfp_bloom_filter_add_unique_size_u64,0,NVIDIA A100-SXM4-40GB,I64,U64,32,1,2,8,1000000000,4,Yes,,,,,,,,
pfp_bloom_filter_add_unique_size_u64,0,NVIDIA A100-SXM4-40GB,I64,U64,32,1,2,8,1000000000,8,Yes,,,,,,,,
pfp_bloom_filter_add_unique_size_u64,0,NVIDIA A100-SXM4-40GB,I64,U64,32,1,2,8,1000000000,16,Yes,,,,,,,,
pfp_bloom_filter_add_unique_size_u64,0,NVIDIA A100-SXM4-40GB,I64,U64,32,1,2,8,1000000000,32,Yes,,,,,,,,
pfp_bloom_filter_add_unique_size_u64,0,NVIDIA A100-SXM4-40GB,I64,U64,32,1,2,8,1000000000,64,Yes,,,,,,,,
pfp_bloom_filter_add_unique_size_u64,0,NVIDIA A100-SXM4-40GB,I64,U64,32,1,2,8,1000000000,128,Yes,,,,,,,,
pfp_bloom_filter_add_unique_size_u64,0,NVIDIA A100-SXM4-40GB,I64,U64,32,1,2,8,1000000000,256,Yes,,,,,,,,
pfp_bloom_filter_add_unique_size_u64,0,NVIDIA A100-SXM4-40GB,I64,U64,32,1,2,8,1000000000,512,Yes,,,,,,,,
pfp_bloom_filter_add_unique_size_u64,0,NVIDIA A100-SXM4-40GB,I64,U64,32,1,2,8,1000000000,1024,Yes,,,,,,,,
pfp_bloom_filter_add_unique_size_u64,0,NVIDIA A100-SXM4-40GB,I64,U64,32,1,2,8,1000000000,2048,Yes,,,,,,,,
pfp_bloom_filter_add_unique_size_u64,0,NVIDIA A100-SXM4-40GB,I64,U64,32,1,4,1,1000000000,1,Yes,,,,,,,,
pfp_bloom_filter_add_unique_size_u64,0,NVIDIA A100-SXM4-40GB,I64,U64,32,1,4,1,1000000000,2,Yes,,,,,,,,
pfp_bloom_filter_add_unique_size_u64,0,NVIDIA A100-SXM4-40GB,I64,U64,32,1,4,1,1000000000,4,Yes,,,,,,,,
pfp_bloom_filter_add_unique_size_u64,0,NVIDIA A100-SXM4-40GB,I64,U64,32,1,4,1,1000000000,8,Yes,,,,,,,,
pfp_bloom_filter_add_unique_size_u64,0,NVIDIA A100-SXM4-40GB,I64,U64,32,1,4,1,1000000000,16,Yes,,,,,,,,
pfp_bloom_filter_add_unique_size_u64,0,NVIDIA A100-SXM4-40GB,I64,U64,32,1,4,1,1000000000,32,Yes,,,,,,,,
pfp_bloom_filter_add_unique_size_u64,0,NVIDIA A100-SXM4-40GB,I64,U64,32,1,4,1,1000000000,64,Yes,,,,,,,,
pfp_bloom_filter_add_unique_size_u64,0,NVIDIA A100-SXM4-40GB,I64,U64,32,1,4,1,1000000000,128,Yes,,,,,,,,
pfp_bloom_filter_add_unique_size_u64,0,NVIDIA A100-SXM4-40GB,I64,U64,32,1,4,1,1000000000,256,Yes,,,,,,,,
pfp_bloom_filter_add_unique_size_u64,0,NVIDIA A100-SXM4-40GB,I64,U64,32,1,4,1,1000000000,512,Yes,,,,,,,,
pfp_bloom_filter_add_unique_size_u64,0,NVIDIA A100-SXM4-40GB,I64,U64,32,1,4,1,1000000000,1024,Yes,,,,,,,,
pfp_bloom_filter_add_unique_size_u64,0,NVIDIA A100-SXM4-40GB,I64,U64,32,1,4,1,1000000000,2048,Yes,,,,,,,,
pfp_bloom_filter_add_unique_size_u64,0,NVIDIA A100-SXM4-40GB,I64,U64,32,1,4,2,1000000000,1,Yes,,,,,,,,
pfp_bloom_filter_add_unique_size_u64,0,NVIDIA A100-SXM4-40GB,I64,U64,32,1,4,2,1000000000,2,Yes,,,,,,,,
pfp_bloom_filter_add_unique_size_u64,0,NVIDIA A100-SXM4-40GB,I64,U64,32,1,4,2,1000000000,4,Yes,,,,,,,,
pfp_bloom_filter_add_unique_size_u64,0,NVIDIA A100-SXM4-40GB,I64,U64,32,1,4,2,1000000000,8,Yes,,,,,,,,
pfp_bloom_filter_add_unique_size_u64,0,NVIDIA A100-SXM4-40GB,I64,U64,32,1,4,2,1000000000,16,Yes,,,,,,,,
pfp_bloom_filter_add_unique_size_u64,0,NVIDIA A100-SXM4-40GB,I64,U64,32,1,4,2,1000000000,32,Yes,,,,,,,,
pfp_bloom_filter_add_unique_size_u64,0,NVIDIA A100-SXM4-40GB,I64,U64,32,1,4,2,1000000000,64,Yes,,,,,,,,
pfp_bloom_filter_add_unique_size_u64,0,NVIDIA A100-SXM4-40GB,I64,U64,32,1,4,2,1000000000,128,Yes,,,,,,,,
pfp_bloom_filter_add_unique_size_u64,0,NVIDIA A100-SXM4-40GB,I64,U64,32,1,4,2,1000000000,256,Yes,,,,,,,,
pfp_bloom_filter_add_unique_size_u64,0,NVIDIA A100-SXM4-40GB,I64,U64,32,1,4,2,1000000000,512,Yes,,,,,,,,
pfp_bloom_filter_add_unique_size_u64,0,NVIDIA A100-SXM4-40GB,I64,U64,32,1,4,2,1000000000,1024,Yes,,,,,,,,
pfp_bloom_filter_add_unique_size_u64,0,NVIDIA A100-SXM4-40GB,I64,U64,32,1,4,2,1000000000,2048,Yes,,,,,,,,
pfp_bloom_filter_add_unique_size_u64,0,NVIDIA A100-SXM4-40GB,I64,U64,32,1,4,4,1000000000,1,Yes,,,,,,,,
pfp_bloom_filter_add_unique_size_u64,0,NVIDIA A100-SXM4-40GB,I64,U64,32,1,4,4,1000000000,2,Yes,,,,,,,,
pfp_bloom_filter_add_unique_size_u64,0,NVIDIA A100-SXM4-40GB,I64,U64,32,1,4,4,1000000000,4,Yes,,,,,,,,
pfp_bloom_filter_add_unique_size_u64,0,NVIDIA A100-SXM4-40GB,I64,U64,32,1,4,4,1000000000,8,Yes,,,,,,,,
pfp_bloom_filter_add_unique_size_u64,0,NVIDIA A100-SXM4-40GB,I64,U64,32,1,4,4,1000000000,16,Yes,,,,,,,,
pfp_bloom_filter_add_unique_size_u64,0,NVIDIA A100-SXM4-40GB,I64,U64,32,1,4,4,1000000000,32,Yes,,,,,,,,
pfp_bloom_filter_add_unique_size_u64,0,NVIDIA A100-SXM4-40GB,I64,U64,32,1,4,4,1000000000,64,Yes,,,,,,,,
pfp_bloom_filter_add_unique_size_u64,0,NVIDIA A100-SXM4-40GB,I64,U64,32,1,4,4,1000000000,128,Yes,,,,,,,,
pfp_bloom_filter_add_unique_size_u64,0,NVIDIA A100-SXM4-40GB,I64,U64,32,1,4,4,1000000000,256,Yes,,,,,,,,
pfp_bloom_filter_add_unique_size_u64,0,NVIDIA A100-SXM4-40GB,I64,U64,32,1,4,4,1000000000,512,Yes,,,,,,,,
pfp_bloom_filter_add_unique_size_u64,0,NVIDIA A100-SXM4-40GB,I64,U64,32,1,4,4,1000000000,1024,Yes,,,,,,,,
pfp_bloom_filter_add_unique_size_u64,0,NVIDIA A100-SXM4-40GB,I64,U64,32,1,4,4,1000000000,2048,Yes,,,,,,,,
pfp_bloom_filter_add_unique_size_u64,0,NVIDIA A100-SXM4-40GB,I64,U64,32,1,4,8,1000000000,1,Yes,,,,,,,,
pfp_bloom_filter_add_unique_size_u64,0,NVIDIA A100-SXM4-40GB,I64,U64,32,1,4,8,1000000000,2,Yes,,,,,,,,
pfp_bloom_filter_add_unique_size_u64,0,NVIDIA A100-SXM4-40GB,I64,U64,32,1,4,8,1000000000,4,Yes,,,,,,,,
pfp_bloom_filter_add_unique_size_u64,0,NVIDIA A100-SXM4-40GB,I64,U64,32,1,4,8,1000000000,8,Yes,,,,,,,,
pfp_bloom_filter_add_unique_size_u64,0,NVIDIA A100-SXM4-40GB,I64,U64,32,1,4,8,1000000000,16,Yes,,,,,,,,
pfp_bloom_filter_add_unique_size_u64,0,NVIDIA A100-SXM4-40GB,I64,U64,32,1,4,8,1000000000,32,Yes,,,,,,,,
pfp_bloom_filter_add_unique_size_u64,0,NVIDIA A100-SXM4-40GB,I64,U64,32,1,4,8,1000000000,64,Yes,,,,,,,,
pfp_bloom_filter_add_unique_size_u64,0,NVIDIA A100-SXM4-40GB,I64,U64,32,1,4,8,1000000000,128,Yes,,,,,,,,
pfp_bloom_filter_add_unique_size_u64,0,NVIDIA A100-SXM4-40GB,I64,U64,32,1,4,8,1000000000,256,Yes,,,,,,,,
pfp_bloom_filter_add_unique_size_u64,0,NVIDIA A100-SXM4-40GB,I64,U64,32,1,4,8,1000000000,512,Yes,,,,,,,,
pfp_bloom_filter_add_unique_size_u64,0,NVIDIA A100-SXM4-40GB,I64,U64,32,1,4,8,1000000000,1024,Yes,,,,,,,,
pfp_bloom_filter_add_unique_size_u64,0,NVIDIA A100-SXM4-40GB,I64,U64,32,1,4,8,1000000000,2048,Yes,,,,,,,,
pfp_bloom_filter_add_unique_size_u64,0,NVIDIA A100-SXM4-40GB,I64,U64,32,1,8,1,1000000000,1,Yes,,,,,,,,
pfp_bloom_filter_add_unique_size_u64,0,NVIDIA A100-SXM4-40GB,I64,U64,32,1,8,1,1000000000,2,Yes,,,,,,,,
pfp_bloom_filter_add_unique_size_u64,0,NVIDIA A100-SXM4-40GB,I64,U64,32,1,8,1,1000000000,4,Yes,,,,,,,,
pfp_bloom_filter_add_unique_size_u64,0,NVIDIA A100-SXM4-40GB,I64,U64,32,1,8,1,1000000000,8,Yes,,,,,,,,
pfp_bloom_filter_add_unique_size_u64,0,NVIDIA A100-SXM4-40GB,I64,U64,32,1,8,1,1000000000,16,Yes,,,,,,,,
pfp_bloom_filter_add_unique_size_u64,0,NVIDIA A100-SXM4-40GB,I64,U64,32,1,8,1,1000000000,32,Yes,,,,,,,,
pfp_bloom_filter_add_unique_size_u64,0,NVIDIA A100-SXM4-40GB,I64,U64,32,1,8,1,1000000000,64,Yes,,,,,,,,
pfp_bloom_filter_add_unique_size_u64,0,NVIDIA A100-SXM4-40GB,I64,U64,32,1,8,1,1000000000,128,Yes,,,,,,,,
pfp_bloom_filter_add_unique_size_u64,0,NVIDIA A100-SXM4-40GB,I64,U64,32,1,8,1,1000000000,256,Yes,,,,,,,,
pfp_bloom_filter_add_unique_size_u64,0,NVIDIA A100-SXM4-40GB,I64,U64,32,1,8,1,1000000000,512,Yes,,,,,,,,
pfp_bloom_filter_add_unique_size_u64,0,NVIDIA A100-SXM4-40GB,I64,U64,32,1,8,1,1000000000,1024,Yes,,,,,,,,
pfp_bloom_filter_add_unique_size_u64,0,NVIDIA A100-SXM4-40GB,I64,U64,32,1,8,1,1000000000,2048,Yes,,,,,,,,
pfp_bloom_filter_add_unique_size_u64,0,NVIDIA A100-SXM4-40GB,I64,U64,32,1,8,2,1000000000,1,Yes,,,,,,,,
pfp_bloom_filter_add_unique_size_u64,0,NVIDIA A100-SXM4-40GB,I64,U64,32,1,8,2,1000000000,2,Yes,,,,,,,,
pfp_bloom_filter_add_unique_size_u64,0,NVIDIA A100-SXM4-40GB,I64,U64,32,1,8,2,1000000000,4,Yes,,,,,,,,
pfp_bloom_filter_add_unique_size_u64,0,NVIDIA A100-SXM4-40GB,I64,U64,32,1,8,2,1000000000,8,Yes,,,,,,,,
pfp_bloom_filter_add_unique_size_u64,0,NVIDIA A100-SXM4-40GB,I64,U64,32,1,8,2,1000000000,16,Yes,,,,,,,,
pfp_bloom_filter_add_unique_size_u64,0,NVIDIA A100-SXM4-40GB,I64,U64,32,1,8,2,1000000000,32,Yes,,,,,,,,
pfp_bloom_filter_add_unique_size_u64,0,NVIDIA A100-SXM4-40GB,I64,U64,32,1,8,2,1000000000,64,Yes,,,,,,,,
pfp_bloom_filter_add_unique_size_u64,0,NVIDIA A100-SXM4-40GB,I64,U64,32,1,8,2,1000000000,128,Yes,,,,,,,,
pfp_bloom_filter_add_unique_size_u64,0,NVIDIA A100-SXM4-40GB,I64,U64,32,1,8,2,1000000000,256,Yes,,,,,,,,
pfp_bloom_filter_add_unique_size_u64,0,NVIDIA A100-SXM4-40GB,I64,U64,32,1,8,2,1000000000,512,Yes,,,,,,,,
pfp_bloom_filter_add_unique_size_u64,0,NVIDIA A100-SXM4-40GB,I64,U64,32,1,8,2,1000000000,1024,Yes,,,,,,,,
pfp_bloom_filter_add_unique_size_u64,0,NVIDIA A100-SXM4-40GB,I64,U64,32,1,8,2,1000000000,2048,Yes,,,,,,,,
pfp_bloom_filter_add_unique_size_u64,0,NVIDIA A100-SXM4-40GB,I64,U64,32,1,8,4,1000000000,1,Yes,,,,,,,,
pfp_bloom_filter_add_unique_size_u64,0,NVIDIA A100-SXM4-40GB,I64,U64,32,1,8,4,1000000000,2,Yes,,,,,,,,
pfp_bloom_filter_add_unique_size_u64,0,NVIDIA A100-SXM4-40GB,I64,U64,32,1,8,4,1000000000,4,Yes,,,,,,,,
pfp_bloom_filter_add_unique_size_u64,0,NVIDIA A100-SXM4-40GB,I64,U64,32,1,8,4,1000000000,8,Yes,,,,,,,,
pfp_bloom_filter_add_unique_size_u64,0,NVIDIA A100-SXM4-40GB,I64,U64,32,1,8,4,1000000000,16,Yes,,,,,,,,
pfp_bloom_filter_add_unique_size_u64,0,NVIDIA A100-SXM4-40GB,I64,U64,32,1,8,4,1000000000,32,Yes,,,,,,,,
pfp_bloom_filter_add_unique_size_u64,0,NVIDIA A100-SXM4-40GB,I64,U64,32,1,8,4,1000000000,64,Yes,,,,,,,,
pfp_bloom_filter_add_unique_size_u64,0,NVIDIA A100-SXM4-40GB,I64,U64,32,1,8,4,1000000000,128,Yes,,,,,,,,
pfp_bloom_filter_add_unique_size_u64,0,NVIDIA A100-SXM4-40GB,I64,U64,32,1,8,4,1000000000,256,Yes,,,,,,,,
pfp_bloom_filter_add_unique_size_u64,0,NVIDIA A100-SXM4-40GB,I64,U64,32,1,8,4,1000000000,512,Yes,,,,,,,,
pfp_bloom_filter_add_unique_size_u64,0,NVIDIA A100-SXM4-40GB,I64,U64,32,1,8,4,1000000000,1024,Yes,,,,,,,,
pfp_bloom_filter_add_unique_size_u64,0,NVIDIA A100-SXM4-40GB,I64,U64,32,1,8,4,1000000000,2048,Yes,,,,,,,,
pfp_bloom_filter_add_unique_size_u64,0,NVIDIA A100-SXM4-40GB,I64,U64,32,1,8,8,1000000000,1,Yes,,,,,,,,
pfp_bloom_filter_add_unique_size_u64,0,NVIDIA A100-SXM4-40GB,I64,U64,32,1,8,8,1000000000,2,Yes,,,,,,,,
pfp_bloom_filter_add_unique_size_u64,0,NVIDIA A100-SXM4-40GB,I64,U64,32,1,8,8,1000000000,4,Yes,,,,,,,,
pfp_bloom_filter_add_unique_size_u64,0,NVIDIA A100-SXM4-40GB,I64,U64,32,1,8,8,1000000000,8,Yes,,,,,,,,
pfp_bloom_filter_add_unique_size_u64,0,NVIDIA A100-SXM4-40GB,I64,U64,32,1,8,8,1000000000,16,Yes,,,,,,,,
pfp_bloom_filter_add_unique_size_u64,0,NVIDIA A100-SXM4-40GB,I64,U64,32,1,8,8,1000000000,32,Yes,,,,,,,,
pfp_bloom_filter_add_unique_size_u64,0,NVIDIA A100-SXM4-40GB,I64,U64,32,1,8,8,1000000000,64,Yes,,,,,,,,
pfp_bloom_filter_add_unique_size_u64,0,NVIDIA A100-SXM4-40GB,I64,U64,32,1,8,8,1000000000,128,Yes,,,,,,,,
pfp_bloom_filter_add_unique_size_u64,0,NVIDIA A100-SXM4-40GB,I64,U64,32,1,8,8,1000000000,256,Yes,,,,,,,,
pfp_bloom_filter_add_unique_size_u64,0,NVIDIA A100-SXM4-40GB,I64,U64,32,1,8,8,1000000000,512,Yes,,,,,,,,
pfp_bloom_filter_add_unique_size_u64,0,NVIDIA A100-SXM4-40GB,I64,U64,32,1,8,8,1000000000,1024,Yes,,,,,,,,
pfp_bloom_filter_add_unique_size_u64,0,NVIDIA A100-SXM4-40GB,I64,U64,32,1,8,8,1000000000,2048,Yes,,,,,,,,
pfp_bloom_filter_add_unique_size_u64,0,NVIDIA A100-SXM4-40GB,I64,U64,32,16,1,1,1000000000,1,Yes,,,,,,,,
pfp_bloom_filter_add_unique_size_u64,0,NVIDIA A100-SXM4-40GB,I64,U64,32,16,1,1,1000000000,2,Yes,,,,,,,,
pfp_bloom_filter_add_unique_size_u64,0,NVIDIA A100-SXM4-40GB,I64,U64,32,16,1,1,1000000000,4,Yes,,,,,,,,
pfp_bloom_filter_add_unique_size_u64,0,NVIDIA A100-SXM4-40GB,I64,U64,32,16,1,1,1000000000,8,Yes,,,,,,,,
pfp_bloom_filter_add_unique_size_u64,0,NVIDIA A100-SXM4-40GB,I64,U64,32,16,1,1,1000000000,16,Yes,,,,,,,,
pfp_bloom_filter_add_unique_size_u64,0,NVIDIA A100-SXM4-40GB,I64,U64,32,16,1,1,1000000000,32,Yes,,,,,,,,
pfp_bloom_filter_add_unique_size_u64,0,NVIDIA A100-SXM4-40GB,I64,U64,32,16,1,1,1000000000,64,Yes,,,,,,,,
pfp_bloom_filter_add_unique_size_u64,0,NVIDIA A100-SXM4-40GB,I64,U64,32,16,1,1,1000000000,128,Yes,,,,,,,,
pfp_bloom_filter_add_unique_size_u64,0,NVIDIA A100-SXM4-40GB,I64,U64,32,16,1,1,1000000000,256,Yes,,,,,,,,
pfp_bloom_filter_add_unique_size_u64,0,NVIDIA A100-SXM4-40GB,I64,U64,32,16,1,1,1000000000,512,Yes,,,,,,,,
pfp_bloom_filter_add_unique_size_u64,0,NVIDIA A100-SXM4-40GB,I64,U64,32,16,1,1,1000000000,1024,Yes,,,,,,,,
pfp_bloom_filter_add_unique_size_u64,0,NVIDIA A100-SXM4-40GB,I64,U64,32,16,1,1,1000000000,2048,Yes,,,,,,,,
pfp_bloom_filter_add_unique_size_u64,0,NVIDIA A100-SXM4-40GB,I64,U64,32,16,1,2,1000000000,1,Yes,,,,,,,,
pfp_bloom_filter_add_unique_size_u64,0,NVIDIA A100-SXM4-40GB,I64,U64,32,16,1,2,1000000000,2,Yes,,,,,,,,
pfp_bloom_filter_add_unique_size_u64,0,NVIDIA A100-SXM4-40GB,I64,U64,32,16,1,2,1000000000,4,Yes,,,,,,,,
pfp_bloom_filter_add_unique_size_u64,0,NVIDIA A100-SXM4-40GB,I64,U64,32,16,1,2,1000000000,8,Yes,,,,,,,,
pfp_bloom_filter_add_unique_size_u64,0,NVIDIA A100-SXM4-40GB,I64,U64,32,16,1,2,1000000000,16,Yes,,,,,,,,
pfp_bloom_filter_add_unique_size_u64,0,NVIDIA A100-SXM4-40GB,I64,U64,32,16,1,2,1000000000,32,Yes,,,,,,,,
pfp_bloom_filter_add_unique_size_u64,0,NVIDIA A100-SXM4-40GB,I64,U64,32,16,1,2,1000000000,64,Yes,,,,,,,,
pfp_bloom_filter_add_unique_size_u64,0,NVIDIA A100-SXM4-40GB,I64,U64,32,16,1,2,1000000000,128,Yes,,,,,,,,
pfp_bloom_filter_add_unique_size_u64,0,NVIDIA A100-SXM4-40GB,I64,U64,32,16,1,2,1000000000,256,Yes,,,,,,,,
pfp_bloom_filter_add_unique_size_u64,0,NVIDIA A100-SXM4-40GB,I64,U64,32,16,1,2,1000000000,512,Yes,,,,,,,,
pfp_bloom_filter_add_unique_size_u64,0,NVIDIA A100-SXM4-40GB,I64,U64,32,16,1,2,1000000000,1024,Yes,,,,,,,,
pfp_bloom_filter_add_unique_size_u64,0,NVIDIA A100-SXM4-40GB,I64,U64,32,16,1,2,1000000000,2048,Yes,,,,,,,,
pfp_bloom_filter_add_unique_size_u64,0,NVIDIA A100-SXM4-40GB,I64,U64,32,16,1,4,1000000000,1,Yes,,,,,,,,
pfp_bloom_filter_add_unique_size_u64,0,NVIDIA A100-SXM4-40GB,I64,U64,32,16,1,4,1000000000,2,Yes,,,,,,,,
pfp_bloom_filter_add_unique_size_u64,0,NVIDIA A100-SXM4-40GB,I64,U64,32,16,1,4,1000000000,4,Yes,,,,,,,,
pfp_bloom_filter_add_unique_size_u64,0,NVIDIA A100-SXM4-40GB,I64,U64,32,16,1,4,1000000000,8,Yes,,,,,,,,
pfp_bloom_filter_add_unique_size_u64,0,NVIDIA A100-SXM4-40GB,I64,U64,32,16,1,4,1000000000,16,Yes,,,,,,,,
pfp_bloom_filter_add_unique_size_u64,0,NVIDIA A100-SXM4-40GB,I64,U64,32,16,1,4,1000000000,32,Yes,,,,,,,,
pfp_bloom_filter_add_unique_size_u64,0,NVIDIA A100-SXM4-40GB,I64,U64,32,16,1,4,1000000000,64,Yes,,,,,,,,
pfp_bloom_filter_add_unique_size_u64,0,NVIDIA A100-SXM4-40GB,I64,U64,32,16,1,4,1000000000,128,Yes,,,,,,,,
pfp_bloom_filter_add_unique_size_u64,0,NVIDIA A100-SXM4-40GB,I64,U64,32,16,1,4,1000000000,256,Yes,,,,,,,,
pfp_bloom_filter_add_unique_size_u64,0,NVIDIA A100-SXM4-40GB,I64,U64,32,16,1,4,1000000000,512,Yes,,,,,,,,
pfp_bloom_filter_add_unique_size_u64,0,NVIDIA A100-SXM4-40GB,I64,U64,32,16,1,4,1000000000,1024,Yes,,,,,,,,
pfp_bloom_filter_add_unique_size_u64,0,NVIDIA A100-SXM4-40GB,I64,U64,32,16,1,4,1000000000,2048,Yes,,,,,,,,
pfp_bloom_filter_add_unique_size_u64,0,NVIDIA A100-SXM4-40GB,I64,U64,32,16,1,8,1000000000,1,Yes,,,,,,,,
pfp_bloom_filter_add_unique_size_u64,0,NVIDIA A100-SXM4-40GB,I64,U64,32,16,1,8,1000000000,2,Yes,,,,,,,,
pfp_bloom_filter_add_unique_size_u64,0,NVIDIA A100-SXM4-40GB,I64,U64,32,16,1,8,1000000000,4,Yes,,,,,,,,
pfp_bloom_filter_add_unique_size_u64,0,NVIDIA A100-SXM4-40GB,I64,U64,32,16,1,8,1000000000,8,Yes,,,,,,,,
pfp_bloom_filter_add_unique_size_u64,0,NVIDIA A100-SXM4-40GB,I64,U64,32,16,1,8,1000000000,16,Yes,,,,,,,,
pfp_bloom_filter_add_unique_size_u64,0,NVIDIA A100-SXM4-40GB,I64,U64,32,16,1,8,1000000000,32,Yes,,,,,,,,
pfp_bloom_filter_add_unique_size_u64,0,NVIDIA A100-SXM4-40GB,I64,U64,32,16,1,8,1000000000,64,Yes,,,,,,,,
pfp_bloom_filter_add_unique_size_u64,0,NVIDIA A100-SXM4-40GB,I64,U64,32,16,1,8,1000000000,128,Yes,,,,,,,,
pfp_bloom_filter_add_unique_size_u64,0,NVIDIA A100-SXM4-40GB,I64,U64,32,16,1,8,1000000000,256,Yes,,,,,,,,
pfp_bloom_filter_add_unique_size_u64,0,NVIDIA A100-SXM4-40GB,I64,U64,32,16,1,8,1000000000,512,Yes,,,,,,,,
pfp_bloom_filter_add_unique_size_u64,0,NVIDIA A100-SXM4-40GB,I64,U64,32,16,1,8,1000000000,1024,Yes,,,,,,,,
pfp_bloom_filter_add_unique_size_u64,0,NVIDIA A100-SXM4-40GB,I64,U64,32,16,1,8,1000000000,2048,Yes,,,,,,,,
pfp_bloom_filter_add_unique_size_u64,0,NVIDIA A100-SXM4-40GB,I64,U64,32,16,2,1,1000000000,1,Yes,,,,,,,,
pfp_bloom_filter_add_unique_size_u64,0,NVIDIA A100-SXM4-40GB,I64,U64,32,16,2,1,1000000000,2,Yes,,,,,,,,
pfp_bloom_filter_add_unique_size_u64,0,NVIDIA A100-SXM4-40GB,I64,U64,32,16,2,1,1000000000,4,Yes,,,,,,,,
pfp_bloom_filter_add_unique_size_u64,0,NVIDIA A100-SXM4-40GB,I64,U64,32,16,2,1,1000000000,8,Yes,,,,,,,,
pfp_bloom_filter_add_unique_size_u64,0,NVIDIA A100-SXM4-40GB,I64,U64,32,16,2,1,1000000000,16,Yes,,,,,,,,
pfp_bloom_filter_add_unique_size_u64,0,NVIDIA A100-SXM4-40GB,I64,U64,32,16,2,1,1000000000,32,Yes,,,,,,,,
pfp_bloom_filter_add_unique_size_u64,0,NVIDIA A100-SXM4-40GB,I64,U64,32,16,2,1,1000000000,64,Yes,,,,,,,,
pfp_bloom_filter_add_unique_size_u64,0,NVIDIA A100-SXM4-40GB,I64,U64,32,16,2,1,1000000000,128,Yes,,,,,,,,
pfp_bloom_filter_add_unique_size_u64,0,NVIDIA A100-SXM4-40GB,I64,U64,32,16,2,1,1000000000,256,Yes,,,,,,,,
pfp_bloom_filter_add_unique_size_u64,0,NVIDIA A100-SXM4-40GB,I64,U64,32,16,2,1,1000000000,512,Yes,,,,,,,,
pfp_bloom_filter_add_unique_size_u64,0,NVIDIA A100-SXM4-40GB,I64,U64,32,16,2,1,1000000000,1024,Yes,,,,,,,,
pfp_bloom_filter_add_unique_size_u64,0,NVIDIA A100-SXM4-40GB,I64,U64,32,16,2,1,1000000000,2048,Yes,,,,,,,,
pfp_bloom_filter_add_unique_size_u64,0,NVIDIA A100-SXM4-40GB,I64,U64,32,16,2,2,1000000000,1,Yes,,,,,,,,
pfp_bloom_filter_add_unique_size_u64,0,NVIDIA A100-SXM4-40GB,I64,U64,32,16,2,2,1000000000,2,Yes,,,,,,,,
pfp_bloom_filter_add_unique_size_u64,0,NVIDIA A100-SXM4-40GB,I64,U64,32,16,2,2,1000000000,4,Yes,,,,,,,,
pfp_bloom_filter_add_unique_size_u64,0,NVIDIA A100-SXM4-40GB,I64,U64,32,16,2,2,1000000000,8,Yes,,,,,,,,
pfp_bloom_filter_add_unique_size_u64,0,NVIDIA A100-SXM4-40GB,I64,U64,32,16,2,2,1000000000,16,Yes,,,,,,,,
pfp_bloom_filter_add_unique_size_u64,0,NVIDIA A100-SXM4-40GB,I64,U64,32,16,2,2,1000000000,32,Yes,,,,,,,,
pfp_bloom_filter_add_unique_size_u64,0,NVIDIA A100-SXM4-40GB,I64,U64,32,16,2,2,1000000000,64,Yes,,,,,,,,
pfp_bloom_filter_add_unique_size_u64,0,NVIDIA A100-SXM4-40GB,I64,U64,32,16,2,2,1000000000,128,Yes,,,,,,,,
pfp_bloom_filter_add_unique_size_u64,0,NVIDIA A100-SXM4-40GB,I64,U64,32,16,2,2,1000000000,256,Yes,,,,,,,,
pfp_bloom_filter_add_unique_size_u64,0,NVIDIA A100-SXM4-40GB,I64,U64,32,16,2,2,1000000000,512,Yes,,,,,,,,
pfp_bloom_filter_add_unique_size_u64,0,NVIDIA A100-SXM4-40GB,I64,U64,32,16,2,2,1000000000,1024,Yes,,,,,,,,
pfp_bloom_filter_add_unique_size_u64,0,NVIDIA A100-SXM4-40GB,I64,U64,32,16,2,2,1000000000,2048,Yes,,,,,,,,
pfp_bloom_filter_add_unique_size_u64,0,NVIDIA A100-SXM4-40GB,I64,U64,32,16,2,4,1000000000,1,Yes,,,,,,,,
pfp_bloom_filter_add_unique_size_u64,0,NVIDIA A100-SXM4-40GB,I64,U64,32,16,2,4,1000000000,2,Yes,,,,,,,,
pfp_bloom_filter_add_unique_size_u64,0,NVIDIA A100-SXM4-40GB,I64,U64,32,16,2,4,1000000000,4,Yes,,,,,,,,
pfp_bloom_filter_add_unique_size_u64,0,NVIDIA A100-SXM4-40GB,I64,U64,32,16,2,4,1000000000,8,Yes,,,,,,,,
pfp_bloom_filter_add_unique_size_u64,0,NVIDIA A100-SXM4-40GB,I64,U64,32,16,2,4,1000000000,16,Yes,,,,,,,,
pfp_bloom_filter_add_unique_size_u64,0,NVIDIA A100-SXM4-40GB,I64,U64,32,16,2,4,1000000000,32,Yes,,,,,,,,
pfp_bloom_filter_add_unique_size_u64,0,NVIDIA A100-SXM4-40GB,I64,U64,32,16,2,4,1000000000,64,Yes,,,,,,,,
pfp_bloom_filter_add_unique_size_u64,0,NVIDIA A100-SXM4-40GB,I64,U64,32,16,2,4,1000000000,128,Yes,,,,,,,,
pfp_bloom_filter_add_unique_size_u64,0,NVIDIA A100-SXM4-40GB,I64,U64,32,16,2,4,1000000000,256,Yes,,,,,,,,
pfp_bloom_filter_add_unique_size_u64,0,NVIDIA A100-SXM4-40GB,I64,U64,32,16,2,4,1000000000,512,Yes,,,,,,,,
pfp_bloom_filter_add_unique_size_u64,0,NVIDIA A100-SXM4-40GB,I64,U64,32,16,2,4,1000000000,1024,Yes,,,,,,,,
pfp_bloom_filter_add_unique_size_u64,0,NVIDIA A100-SXM4-40GB,I64,U64,32,16,2,4,1000000000,2048,Yes,,,,,,,,
pfp_bloom_filter_add_unique_size_u64,0,NVIDIA A100-SXM4-40GB,I64,U64,32,16,2,8,1000000000,1,Yes,,,,,,,,
pfp_bloom_filter_add_unique_size_u64,0,NVIDIA A100-SXM4-40GB,I64,U64,32,16,2,8,1000000000,2,Yes,,,,,,,,
pfp_bloom_filter_add_unique_size_u64,0,NVIDIA A100-SXM4-40GB,I64,U64,32,16,2,8,1000000000,4,Yes,,,,,,,,
pfp_bloom_filter_add_unique_size_u64,0,NVIDIA A100-SXM4-40GB,I64,U64,32,16,2,8,1000000000,8,Yes,,,,,,,,
pfp_bloom_filter_add_unique_size_u64,0,NVIDIA A100-SXM4-40GB,I64,U64,32,16,2,8,1000000000,16,Yes,,,,,,,,
pfp_bloom_filter_add_unique_size_u64,0,NVIDIA A100-SXM4-40GB,I64,U64,32,16,2,8,1000000000,32,Yes,,,,,,,,
pfp_bloom_filter_add_unique_size_u64,0,NVIDIA A100-SXM4-40GB,I64,U64,32,16,2,8,1000000000,64,Yes,,,,,,,,
pfp_bloom_filter_add_unique_size_u64,0,NVIDIA A100-SXM4-40GB,I64,U64,32,16,2,8,1000000000,128,Yes,,,,,,,,
pfp_bloom_filter_add_unique_size_u64,0,NVIDIA A100-SXM4-40GB,I64,U64,32,16,2,8,1000000000,256,Yes,,,,,,,,
pfp_bloom_filter_add_unique_size_u64,0,NVIDIA A100-SXM4-40GB,I64,U64,32,16,2,8,1000000000,512,Yes,,,,,,,,
pfp_bloom_filter_add_unique_size_u64,0,NVIDIA A100-SXM4-40GB,I64,U64,32,16,2,8,1000000000,1024,Yes,,,,,,,,
pfp_bloom_filter_add_unique_size_u64,0,NVIDIA A100-SXM4-40GB,I64,U64,32,16,2,8,1000000000,2048,Yes,,,,,,,,
pfp_bloom_filter_add_unique_size_u64,0,NVIDIA A100-SXM4-40GB,I64,U64,32,16,4,1,1000000000,1,Yes,,,,,,,,
pfp_bloom_filter_add_unique_size_u64,0,NVIDIA A100-SXM4-40GB,I64,U64,32,16,4,1,1000000000,2,Yes,,,,,,,,
pfp_bloom_filter_add_unique_size_u64,0,NVIDIA A100-SXM4-40GB,I64,U64,32,16,4,1,1000000000,4,Yes,,,,,,,,
pfp_bloom_filter_add_unique_size_u64,0,NVIDIA A100-SXM4-40GB,I64,U64,32,16,4,1,1000000000,8,Yes,,,,,,,,
pfp_bloom_filter_add_unique_size_u64,0,NVIDIA A100-SXM4-40GB,I64,U64,32,16,4,1,1000000000,16,Yes,,,,,,,,
pfp_bloom_filter_add_unique_size_u64,0,NVIDIA A100-SXM4-40GB,I64,U64,32,16,4,1,1000000000,32,Yes,,,,,,,,
pfp_bloom_filter_add_unique_size_u64,0,NVIDIA A100-SXM4-40GB,I64,U64,32,16,4,1,1000000000,64,Yes,,,,,,,,
pfp_bloom_filter_add_unique_size_u64,0,NVIDIA A100-SXM4-40GB,I64,U64,32,16,4,1,1000000000,128,Yes,,,,,,,,
pfp_bloom_filter_add_unique_size_u64,0,NVIDIA A100-SXM4-40GB,I64,U64,32,16,4,1,1000000000,256,Yes,,,,,,,,
pfp_bloom_filter_add_unique_size_u64,0,NVIDIA A100-SXM4-40GB,I64,U64,32,16,4,1,1000000000,512,Yes,,,,,,,,
pfp_bloom_filter_add_unique_size_u64,0,NVIDIA A100-SXM4-40GB,I64,U64,32,16,4,1,1000000000,1024,Yes,,,,,,,,
pfp_bloom_filter_add_unique_size_u64,0,NVIDIA A100-SXM4-40GB,I64,U64,32,16,4,1,1000000000,2048,Yes,,,,,,,,
pfp_bloom_filter_add_unique_size_u64,0,NVIDIA A100-SXM4-40GB,I64,U64,32,16,4,2,1000000000,1,Yes,,,,,,,,
pfp_bloom_filter_add_unique_size_u64,0,NVIDIA A100-SXM4-40GB,I64,U64,32,16,4,2,1000000000,2,Yes,,,,,,,,
pfp_bloom_filter_add_unique_size_u64,0,NVIDIA A100-SXM4-40GB,I64,U64,32,16,4,2,1000000000,4,Yes,,,,,,,,
pfp_bloom_filter_add_unique_size_u64,0,NVIDIA A100-SXM4-40GB,I64,U64,32,16,4,2,1000000000,8,Yes,,,,,,,,
pfp_bloom_filter_add_unique_size_u64,0,NVIDIA A100-SXM4-40GB,I64,U64,32,16,4,2,1000000000,16,Yes,,,,,,,,
pfp_bloom_filter_add_unique_size_u64,0,NVIDIA A100-SXM4-40GB,I64,U64,32,16,4,2,1000000000,32,Yes,,,,,,,,
pfp_bloom_filter_add_unique_size_u64,0,NVIDIA A100-SXM4-40GB,I64,U64,32,16,4,2,1000000000,64,Yes,,,,,,,,
pfp_bloom_filter_add_unique_size_u64,0,NVIDIA A100-SXM4-40GB,I64,U64,32,16,4,2,1000000000,128,Yes,,,,,,,,
pfp_bloom_filter_add_unique_size_u64,0,NVIDIA A100-SXM4-40GB,I64,U64,32,16,4,2,1000000000,256,Yes,,,,,,,,
pfp_bloom_filter_add_unique_size_u64,0,NVIDIA A100-SXM4-40GB,I64,U64,32,16,4,2,1000000000,512,Yes,,,,,,,,
pfp_bloom_filter_add_unique_size_u64,0,NVIDIA A100-SXM4-40GB,I64,U64,32,16,4,2,1000000000,1024,Yes,,,,,,,,
pfp_bloom_filter_add_unique_size_u64,0,NVIDIA A100-SXM4-40GB,I64,U64,32,16,4,2,1000000000,2048,Yes,,,,,,,,
pfp_bloom_filter_add_unique_size_u64,0,NVIDIA A100-SXM4-40GB,I64,U64,32,16,4,4,1000000000,1,Yes,,,,,,,,
pfp_bloom_filter_add_unique_size_u64,0,NVIDIA A100-SXM4-40GB,I64,U64,32,16,4,4,1000000000,2,Yes,,,,,,,,
pfp_bloom_filter_add_unique_size_u64,0,NVIDIA A100-SXM4-40GB,I64,U64,32,16,4,4,1000000000,4,Yes,,,,,,,,
pfp_bloom_filter_add_unique_size_u64,0,NVIDIA A100-SXM4-40GB,I64,U64,32,16,4,4,1000000000,8,Yes,,,,,,,,
pfp_bloom_filter_add_unique_size_u64,0,NVIDIA A100-SXM4-40GB,I64,U64,32,16,4,4,1000000000,16,Yes,,,,,,,,
pfp_bloom_filter_add_unique_size_u64,0,NVIDIA A100-SXM4-40GB,I64,U64,32,16,4,4,1000000000,32,Yes,,,,,,,,
pfp_bloom_filter_add_unique_size_u64,0,NVIDIA A100-SXM4-40GB,I64,U64,32,16,4,4,1000000000,64,Yes,,,,,,,,
pfp_bloom_filter_add_unique_size_u64,0,NVIDIA A100-SXM4-40GB,I64,U64,32,16,4,4,1000000000,128,Yes,,,,,,,,
pfp_bloom_filter_add_unique_size_u64,0,NVIDIA A100-SXM4-40GB,I64,U64,32,16,4,4,1000000000,256,Yes,,,,,,,,
pfp_bloom_filter_add_unique_size_u64,0,NVIDIA A100-SXM4-40GB,I64,U64,32,16,4,4,1000000000,512,Yes,,,,,,,,
pfp_bloom_filter_add_unique_size_u64,0,NVIDIA A100-SXM4-40GB,I64,U64,32,16,4,4,1000000000,1024,Yes,,,,,,,,
pfp_bloom_filter_add_unique_size_u64,0,NVIDIA A100-SXM4-40GB,I64,U64,32,16,4,4,1000000000,2048,Yes,,,,,,,,
pfp_bloom_filter_add_unique_size_u64,0,NVIDIA A100-SXM4-40GB,I64,U64,32,16,4,8,1000000000,1,Yes,,,,,,,,
pfp_bloom_filter_add_unique_size_u64,0,NVIDIA A100-SXM4-40GB,I64,U64,32,16,4,8,1000000000,2,Yes,,,,,,,,
pfp_bloom_filter_add_unique_size_u64,0,NVIDIA A100-SXM4-40GB,I64,U64,32,16,4,8,1000000000,4,Yes,,,,,,,,
pfp_bloom_filter_add_unique_size_u64,0,NVIDIA A100-SXM4-40GB,I64,U64,32,16,4,8,1000000000,8,Yes,,,,,,,,
pfp_bloom_filter_add_unique_size_u64,0,NVIDIA A100-SXM4-40GB,I64,U64,32,16,4,8,1000000000,16,Yes,,,,,,,,
pfp_bloom_filter_add_unique_size_u64,0,NVIDIA A100-SXM4-40GB,I64,U64,32,16,4,8,1000000000,32,Yes,,,,,,,,
pfp_bloom_filter_add_unique_size_u64,0,NVIDIA A100-SXM4-40GB,I64,U64,32,16,4,8,1000000000,64,Yes,,,,,,,,
pfp_bloom_filter_add_unique_size_u64,0,NVIDIA A100-SXM4-40GB,I64,U64,32,16,4,8,1000000000,128,Yes,,,,,,,,
pfp_bloom_filter_add_unique_size_u64,0,NVIDIA A100-SXM4-40GB,I64,U64,32,16,4,8,1000000000,256,Yes,,,,,,,,
pfp_bloom_filter_add_unique_size_u64,0,NVIDIA A100-SXM4-40GB,I64,U64,32,16,4,8,1000000000,512,Yes,,,,,,,,
pfp_bloom_filter_add_unique_size_u64,0,NVIDIA A100-SXM4-40GB,I64,U64,32,16,4,8,1000000000,1024,Yes,,,,,,,,
pfp_bloom_filter_add_unique_size_u64,0,NVIDIA A100-SXM4-40GB,I64,U64,32,16,4,8,1000000000,2048,Yes,,,,,,,,
pfp_bloom_filter_add_unique_size_u64,0,NVIDIA A100-SXM4-40GB,I64,U64,32,16,8,1,1000000000,1,Yes,,,,,,,,
pfp_bloom_filter_add_unique_size_u64,0,NVIDIA A100-SXM4-40GB,I64,U64,32,16,8,1,1000000000,2,Yes,,,,,,,,
pfp_bloom_filter_add_unique_size_u64,0,NVIDIA A100-SXM4-40GB,I64,U64,32,16,8,1,1000000000,4,Yes,,,,,,,,
pfp_bloom_filter_add_unique_size_u64,0,NVIDIA A100-SXM4-40GB,I64,U64,32,16,8,1,1000000000,8,Yes,,,,,,,,
pfp_bloom_filter_add_unique_size_u64,0,NVIDIA A100-SXM4-40GB,I64,U64,32,16,8,1,1000000000,16,Yes,,,,,,,,
pfp_bloom_filter_add_unique_size_u64,0,NVIDIA A100-SXM4-40GB,I64,U64,32,16,8,1,1000000000,32,Yes,,,,,,,,
pfp_bloom_filter_add_unique_size_u64,0,NVIDIA A100-SXM4-40GB,I64,U64,32,16,8,1,1000000000,64,Yes,,,,,,,,
pfp_bloom_filter_add_unique_size_u64,0,NVIDIA A100-SXM4-40GB,I64,U64,32,16,8,1,1000000000,128,Yes,,,,,,,,
pfp_bloom_filter_add_unique_size_u64,0,NVIDIA A100-SXM4-40GB,I64,U64,32,16,8,1,1000000000,256,Yes,,,,,,,,
pfp_bloom_filter_add_unique_size_u64,0,NVIDIA A100-SXM4-40GB,I64,U64,32,16,8,1,1000000000,512,Yes,,,,,,,,
pfp_bloom_filter_add_unique_size_u64,0,NVIDIA A100-SXM4-40GB,I64,U64,32,16,8,1,1000000000,1024,Yes,,,,,,,,
pfp_bloom_filter_add_unique_size_u64,0,NVIDIA A100-SXM4-40GB,I64,U64,32,16,8,1,1000000000,2048,Yes,,,,,,,,
pfp_bloom_filter_add_unique_size_u64,0,NVIDIA A100-SXM4-40GB,I64,U64,32,16,8,2,1000000000,1,Yes,,,,,,,,
pfp_bloom_filter_add_unique_size_u64,0,NVIDIA A100-SXM4-40GB,I64,U64,32,16,8,2,1000000000,2,Yes,,,,,,,,
pfp_bloom_filter_add_unique_size_u64,0,NVIDIA A100-SXM4-40GB,I64,U64,32,16,8,2,1000000000,4,Yes,,,,,,,,
pfp_bloom_filter_add_unique_size_u64,0,NVIDIA A100-SXM4-40GB,I64,U64,32,16,8,2,1000000000,8,Yes,,,,,,,,
pfp_bloom_filter_add_unique_size_u64,0,NVIDIA A100-SXM4-40GB,I64,U64,32,16,8,2,1000000000,16,Yes,,,,,,,,
pfp_bloom_filter_add_unique_size_u64,0,NVIDIA A100-SXM4-40GB,I64,U64,32,16,8,2,1000000000,32,Yes,,,,,,,,
pfp_bloom_filter_add_unique_size_u64,0,NVIDIA A100-SXM4-40GB,I64,U64,32,16,8,2,1000000000,64,Yes,,,,,,,,
pfp_bloom_filter_add_unique_size_u64,0,NVIDIA A100-SXM4-40GB,I64,U64,32,16,8,2,1000000000,128,Yes,,,,,,,,
pfp_bloom_filter_add_unique_size_u64,0,NVIDIA A100-SXM4-40GB,I64,U64,32,16,8,2,1000000000,256,Yes,,,,,,,,
pfp_bloom_filter_add_unique_size_u64,0,NVIDIA A100-SXM4-40GB,I64,U64,32,16,8,2,1000000000,512,Yes,,,,,,,,
pfp_bloom_filter_add_unique_size_u64,0,NVIDIA A100-SXM4-40GB,I64,U64,32,16,8,2,1000000000,1024,Yes,,,,,,,,
pfp_bloom_filter_add_unique_size_u64,0,NVIDIA A100-SXM4-40GB,I64,U64,32,16,8,2,1000000000,2048,Yes,,,,,,,,
pfp_bloom_filter_add_unique_size_u64,0,NVIDIA A100-SXM4-40GB,I64,U64,32,16,8,4,1000000000,1,Yes,,,,,,,,
pfp_bloom_filter_add_unique_size_u64,0,NVIDIA A100-SXM4-40GB,I64,U64,32,16,8,4,1000000000,2,Yes,,,,,,,,
pfp_bloom_filter_add_unique_size_u64,0,NVIDIA A100-SXM4-40GB,I64,U64,32,16,8,4,1000000000,4,Yes,,,,,,,,
pfp_bloom_filter_add_unique_size_u64,0,NVIDIA A100-SXM4-40GB,I64,U64,32,16,8,4,1000000000,8,Yes,,,,,,,,
pfp_bloom_filter_add_unique_size_u64,0,NVIDIA A100-SXM4-40GB,I64,U64,32,16,8,4,1000000000,16,Yes,,,,,,,,
pfp_bloom_filter_add_unique_size_u64,0,NVIDIA A100-SXM4-40GB,I64,U64,32,16,8,4,1000000000,32,Yes,,,,,,,,
pfp_bloom_filter_add_unique_size_u64,0,NVIDIA A100-SXM4-40GB,I64,U64,32,16,8,4,1000000000,64,Yes,,,,,,,,
pfp_bloom_filter_add_unique_size_u64,0,NVIDIA A100-SXM4-40GB,I64,U64,32,16,8,4,1000000000,128,Yes,,,,,,,,
pfp_bloom_filter_add_unique_size_u64,0,NVIDIA A100-SXM4-40GB,I64,U64,32,16,8,4,1000000000,256,Yes,,,,,,,,
pfp_bloom_filter_add_unique_size_u64,0,NVIDIA A100-SXM4-40GB,I64,U64,32,16,8,4,1000000000,512,Yes,,,,,,,,
pfp_bloom_filter_add_unique_size_u64,0,NVIDIA A100-SXM4-40GB,I64,U64,32,16,8,4,1000000000,1024,Yes,,,,,,,,
pfp_bloom_filter_add_unique_size_u64,0,NVIDIA A100-SXM4-40GB,I64,U64,32,16,8,4,1000000000,2048,Yes,,,,,,,,
pfp_bloom_filter_add_unique_size_u64,0,NVIDIA A100-SXM4-40GB,I64,U64,32,16,8,8,1000000000,1,Yes,,,,,,,,
pfp_bloom_filter_add_unique_size_u64,0,NVIDIA A100-SXM4-40GB,I64,U64,32,16,8,8,1000000000,2,Yes,,,,,,,,
pfp_bloom_filter_add_unique_size_u64,0,NVIDIA A100-SXM4-40GB,I64,U64,32,16,8,8,1000000000,4,Yes,,,,,,,,
pfp_bloom_filter_add_unique_size_u64,0,NVIDIA A100-SXM4-40GB,I64,U64,32,16,8,8,1000000000,8,Yes,,,,,,,,
pfp_bloom_filter_add_unique_size_u64,0,NVIDIA A100-SXM4-40GB,I64,U64,32,16,8,8,1000000000,16,Yes,,,,,,,,
pfp_bloom_filter_add_unique_size_u64,0,NVIDIA A100-SXM4-40GB,I64,U64,32,16,8,8,1000000000,32,Yes,,,,,,,,
pfp_bloom_filter_add_unique_size_u64,0,NVIDIA A100-SXM4-40GB,I64,U64,32,16,8,8,1000000000,64,Yes,,,,,,,,
pfp_bloom_filter_add_unique_size_u64,0,NVIDIA A100-SXM4-40GB,I64,U64,32,16,8,8,1000000000,128,Yes,,,,,,,,
pfp_bloom_filter_add_unique_size_u64,0,NVIDIA A100-SXM4-40GB,I64,U64,32,16,8,8,1000000000,256,Yes,,,,,,,,
pfp_bloom_filter_add_unique_size_u64,0,NVIDIA A100-SXM4-40GB,I64,U64,32,16,8,8,1000000000,512,Yes,,,,,,,,
pfp_bloom_filter_add_unique_size_u64,0,NVIDIA A100-SXM4-40GB,I64,U64,32,16,8,8,1000000000,1024,Yes,,,,,,,,
pfp_bloom_filter_add_unique_size_u64,0,NVIDIA A100-SXM4-40GB,I64,U64,32,16,8,8,1000000000,2048,Yes,,,,,,,,
pfp_bloom_filter_add_unique_size_u64,0,NVIDIA A100-SXM4-40GB,I64,U64,64,1,1,1,1000000000,1,No,21,0.024422393809523806,0.00010772402778289689,0.02440484555562337,0.00011123214693760325,40975469306.7328,22,0.02439922029321844
pfp_bloom_filter_add_unique_size_u64,0,NVIDIA A100-SXM4-40GB,I64,U64,64,1,1,1,1000000000,2,No,21,0.02442472185714286,0.0006707838816870226,0.024407283782958988,0.0006434098493711415,40971375958.606,22,0.024387582692233
pfp_bloom_filter_add_unique_size_u64,0,NVIDIA A100-SXM4-40GB,I64,U64,64,1,1,1,1000000000,4,No,21,0.024396036190476186,0.0007581878005308261,0.024377928870064867,0.0007374974939790401,41020712027.261696,22,0.024360121466896752
pfp_bloom_filter_add_unique_size_u64,0,NVIDIA A100-SXM4-40GB,I64,U64,64,1,1,1,1000000000,8,No,21,0.024213714761904762,0.0007252256793182973,0.02419629106067476,0.000711266366665291,41328648159.02546,22,0.024172218322753906
pfp_bloom_filter_add_unique_size_u64,0,NVIDIA A100-SXM4-40GB,I64,U64,64,1,1,1,1000000000,16,No,21,0.02414401990476191,0.0008194004531723016,0.024125293459211078,0.0007795735702183651,41450272996.293785,22,0.024088761936534534
pfp_bloom_filter_add_unique_size_u64,0,NVIDIA A100-SXM4-40GB,I64,U64,64,1,1,1,1000000000,32,No,11,0.05713457381818183,0.0322159380566825,0.057115462563254615,0.032233460036076675,17508393613.94497,12,0.05618295574188232
pfp_bloom_filter_add_unique_size_u64,0,NVIDIA A100-SXM4-40GB,I64,U64,64,1,1,1,1000000000,64,No,11,0.13190936690909094,0.005133091505716259,0.1318911992853338,0.0051086671835179715,7582007028.661534,12,0.13166600672403975
pfp_bloom_filter_add_unique_size_u64,0,NVIDIA A100-SXM4-40GB,I64,U64,64,1,1,1,1000000000,128,No,11,0.16545661672727272,0.001902859528311192,0.1654387442848899,0.001882413312461186,6044533306.405987,12,0.16534604899088542
pfp_bloom_filter_add_unique_size_u64,0,NVIDIA A100-SXM4-40GB,I64,U64,64,1,1,1,1000000000,256,No,11,0.18194440272727272,0.0010819667615069204,0.1819290549538352,0.0010811104998687993,5496648131.623349,12,0.18187938181559246
pfp_bloom_filter_add_unique_size_u64,0,NVIDIA A100-SXM4-40GB,I64,U64,64,1,1,1,1000000000,512,No,11,0.19015455554545457,0.0007314201600135641,0.19013957907936788,0.0007341808883923642,5259294276.561856,12,0.19011234029134114
pfp_bloom_filter_add_unique_size_u64,0,NVIDIA A100-SXM4-40GB,I64,U64,64,1,1,1,1000000000,1024,No,11,0.19427421972727277,0.0009432878507973864,0.19425894165039062,0.0009442346343302166,5147768187.67863,12,0.1942206281026205
pfp_bloom_filter_add_unique_size_u64,0,NVIDIA A100-SXM4-40GB,I64,U64,64,1,1,1,1000000000,2048,No,11,0.19633890690909092,0.0013586875789423935,0.19632444485751063,0.0013581907409435105,5093609207.58383,12,0.19625685373942056
pfp_bloom_filter_add_unique_size_u64,0,NVIDIA A100-SXM4-40GB,I64,U64,64,1,1,2,1000000000,1,Yes,,,,,,,,
pfp_bloom_filter_add_unique_size_u64,0,NVIDIA A100-SXM4-40GB,I64,U64,64,1,1,2,1000000000,2,Yes,,,,,,,,
pfp_bloom_filter_add_unique_size_u64,0,NVIDIA A100-SXM4-40GB,I64,U64,64,1,1,2,1000000000,4,Yes,,,,,,,,
pfp_bloom_filter_add_unique_size_u64,0,NVIDIA A100-SXM4-40GB,I64,U64,64,1,1,2,1000000000,8,Yes,,,,,,,,
pfp_bloom_filter_add_unique_size_u64,0,NVIDIA A100-SXM4-40GB,I64,U64,64,1,1,2,1000000000,16,Yes,,,,,,,,
pfp_bloom_filter_add_unique_size_u64,0,NVIDIA A100-SXM4-40GB,I64,U64,64,1,1,2,1000000000,32,Yes,,,,,,,,
pfp_bloom_filter_add_unique_size_u64,0,NVIDIA A100-SXM4-40GB,I64,U64,64,1,1,2,1000000000,64,Yes,,,,,,,,
pfp_bloom_filter_add_unique_size_u64,0,NVIDIA A100-SXM4-40GB,I64,U64,64,1,1,2,1000000000,128,Yes,,,,,,,,
pfp_bloom_filter_add_unique_size_u64,0,NVIDIA A100-SXM4-40GB,I64,U64,64,1,1,2,1000000000,256,Yes,,,,,,,,
pfp_bloom_filter_add_unique_size_u64,0,NVIDIA A100-SXM4-40GB,I64,U64,64,1,1,2,1000000000,512,Yes,,,,,,,,
pfp_bloom_filter_add_unique_size_u64,0,NVIDIA A100-SXM4-40GB,I64,U64,64,1,1,2,1000000000,1024,Yes,,,,,,,,
pfp_bloom_filter_add_unique_size_u64,0,NVIDIA A100-SXM4-40GB,I64,U64,64,1,1,2,1000000000,2048,Yes,,,,,,,,
pfp_bloom_filter_add_unique_size_u64,0,NVIDIA A100-SXM4-40GB,I64,U64,64,1,1,4,1000000000,1,Yes,,,,,,,,
pfp_bloom_filter_add_unique_size_u64,0,NVIDIA A100-SXM4-40GB,I64,U64,64,1,1,4,1000000000,2,Yes,,,,,,,,
pfp_bloom_filter_add_unique_size_u64,0,NVIDIA A100-SXM4-40GB,I64,U64,64,1,1,4,1000000000,4,Yes,,,,,,,,
pfp_bloom_filter_add_unique_size_u64,0,NVIDIA A100-SXM4-40GB,I64,U64,64,1,1,4,1000000000,8,Yes,,,,,,,,
pfp_bloom_filter_add_unique_size_u64,0,NVIDIA A100-SXM4-40GB,I64,U64,64,1,1,4,1000000000,16,Yes,,,,,,,,
pfp_bloom_filter_add_unique_size_u64,0,NVIDIA A100-SXM4-40GB,I64,U64,64,1,1,4,1000000000,32,Yes,,,,,,,,
pfp_bloom_filter_add_unique_size_u64,0,NVIDIA A100-SXM4-40GB,I64,U64,64,1,1,4,1000000000,64,Yes,,,,,,,,
pfp_bloom_filter_add_unique_size_u64,0,NVIDIA A100-SXM4-40GB,I64,U64,64,1,1,4,1000000000,128,Yes,,,,,,,,
pfp_bloom_filter_add_unique_size_u64,0,NVIDIA A100-SXM4-40GB,I64,U64,64,1,1,4,1000000000,256,Yes,,,,,,,,
pfp_bloom_filter_add_unique_size_u64,0,NVIDIA A100-SXM4-40GB,I64,U64,64,1,1,4,1000000000,512,Yes,,,,,,,,
pfp_bloom_filter_add_unique_size_u64,0,NVIDIA A100-SXM4-40GB,I64,U64,64,1,1,4,1000000000,1024,Yes,,,,,,,,
pfp_bloom_filter_add_unique_size_u64,0,NVIDIA A100-SXM4-40GB,I64,U64,64,1,1,4,1000000000,2048,Yes,,,,,,,,
pfp_bloom_filter_add_unique_size_u64,0,NVIDIA A100-SXM4-40GB,I64,U64,64,1,1,8,1000000000,1,Yes,,,,,,,,
pfp_bloom_filter_add_unique_size_u64,0,NVIDIA A100-SXM4-40GB,I64,U64,64,1,1,8,1000000000,2,Yes,,,,,,,,
pfp_bloom_filter_add_unique_size_u64,0,NVIDIA A100-SXM4-40GB,I64,U64,64,1,1,8,1000000000,4,Yes,,,,,,,,
pfp_bloom_filter_add_unique_size_u64,0,NVIDIA A100-SXM4-40GB,I64,U64,64,1,1,8,1000000000,8,Yes,,,,,,,,
pfp_bloom_filter_add_unique_size_u64,0,NVIDIA A100-SXM4-40GB,I64,U64,64,1,1,8,1000000000,16,Yes,,,,,,,,
pfp_bloom_filter_add_unique_size_u64,0,NVIDIA A100-SXM4-40GB,I64,U64,64,1,1,8,1000000000,32,Yes,,,,,,,,
pfp_bloom_filter_add_unique_size_u64,0,NVIDIA A100-SXM4-40GB,I64,U64,64,1,1,8,1000000000,64,Yes,,,,,,,,
pfp_bloom_filter_add_unique_size_u64,0,NVIDIA A100-SXM4-40GB,I64,U64,64,1,1,8,1000000000,128,Yes,,,,,,,,
pfp_bloom_filter_add_unique_size_u64,0,NVIDIA A100-SXM4-40GB,I64,U64,64,1,1,8,1000000000,256,Yes,,,,,,,,
pfp_bloom_filter_add_unique_size_u64,0,NVIDIA A100-SXM4-40GB,I64,U64,64,1,1,8,1000000000,512,Yes,,,,,,,,
pfp_bloom_filter_add_unique_size_u64,0,NVIDIA A100-SXM4-40GB,I64,U64,64,1,1,8,1000000000,1024,Yes,,,,,,,,
pfp_bloom_filter_add_unique_size_u64,0,NVIDIA A100-SXM4-40GB,I64,U64,64,1,1,8,1000000000,2048,Yes,,,,,,,,
pfp_bloom_filter_add_unique_size_u64,0,NVIDIA A100-SXM4-40GB,I64,U64,64,1,2,1,1000000000,1,Yes,,,,,,,,
pfp_bloom_filter_add_unique_size_u64,0,NVIDIA A100-SXM4-40GB,I64,U64,64,1,2,1,1000000000,2,Yes,,,,,,,,
pfp_bloom_filter_add_unique_size_u64,0,NVIDIA A100-SXM4-40GB,I64,U64,64,1,2,1,1000000000,4,Yes,,,,,,,,
pfp_bloom_filter_add_unique_size_u64,0,NVIDIA A100-SXM4-40GB,I64,U64,64,1,2,1,1000000000,8,Yes,,,,,,,,
pfp_bloom_filter_add_unique_size_u64,0,NVIDIA A100-SXM4-40GB,I64,U64,64,1,2,1,1000000000,16,Yes,,,,,,,,
pfp_bloom_filter_add_unique_size_u64,0,NVIDIA A100-SXM4-40GB,I64,U64,64,1,2,1,1000000000,32,Yes,,,,,,,,
pfp_bloom_filter_add_unique_size_u64,0,NVIDIA A100-SXM4-40GB,I64,U64,64,1,2,1,1000000000,64,Yes,,,,,,,,
pfp_bloom_filter_add_unique_size_u64,0,NVIDIA A100-SXM4-40GB,I64,U64,64,1,2,1,1000000000,128,Yes,,,,,,,,
pfp_bloom_filter_add_unique_size_u64,0,NVIDIA A100-SXM4-40GB,I64,U64,64,1,2,1,1000000000,256,Yes,,,,,,,,
pfp_bloom_filter_add_unique_size_u64,0,NVIDIA A100-SXM4-40GB,I64,U64,64,1,2,1,1000000000,512,Yes,,,,,,,,
pfp_bloom_filter_add_unique_size_u64,0,NVIDIA A100-SXM4-40GB,I64,U64,64,1,2,1,1000000000,1024,Yes,,,,,,,,
pfp_bloom_filter_add_unique_size_u64,0,NVIDIA A100-SXM4-40GB,I64,U64,64,1,2,1,1000000000,2048,Yes,,,,,,,,
pfp_bloom_filter_add_unique_size_u64,0,NVIDIA A100-SXM4-40GB,I64,U64,64,1,2,2,1000000000,1,Yes,,,,,,,,
pfp_bloom_filter_add_unique_size_u64,0,NVIDIA A100-SXM4-40GB,I64,U64,64,1,2,2,1000000000,2,Yes,,,,,,,,
pfp_bloom_filter_add_unique_size_u64,0,NVIDIA A100-SXM4-40GB,I64,U64,64,1,2,2,1000000000,4,Yes,,,,,,,,
pfp_bloom_filter_add_unique_size_u64,0,NVIDIA A100-SXM4-40GB,I64,U64,64,1,2,2,1000000000,8,Yes,,,,,,,,
pfp_bloom_filter_add_unique_size_u64,0,NVIDIA A100-SXM4-40GB,I64,U64,64,1,2,2,1000000000,16,Yes,,,,,,,,
pfp_bloom_filter_add_unique_size_u64,0,NVIDIA A100-SXM4-40GB,I64,U64,64,1,2,2,1000000000,32,Yes,,,,,,,,
pfp_bloom_filter_add_unique_size_u64,0,NVIDIA A100-SXM4-40GB,I64,U64,64,1,2,2,1000000000,64,Yes,,,,,,,,
pfp_bloom_filter_add_unique_size_u64,0,NVIDIA A100-SXM4-40GB,I64,U64,64,1,2,2,1000000000,128,Yes,,,,,,,,
pfp_bloom_filter_add_unique_size_u64,0,NVIDIA A100-SXM4-40GB,I64,U64,64,1,2,2,1000000000,256,Yes,,,,,,,,
pfp_bloom_filter_add_unique_size_u64,0,NVIDIA A100-SXM4-40GB,I64,U64,64,1,2,2,1000000000,512,Yes,,,,,,,,
pfp_bloom_filter_add_unique_size_u64,0,NVIDIA A100-SXM4-40GB,I64,U64,64,1,2,2,1000000000,1024,Yes,,,,,,,,
pfp_bloom_filter_add_unique_size_u64,0,NVIDIA A100-SXM4-40GB,I64,U64,64,1,2,2,1000000000,2048,Yes,,,,,,,,
pfp_bloom_filter_add_unique_size_u64,0,NVIDIA A100-SXM4-40GB,I64,U64,64,1,2,4,1000000000,1,Yes,,,,,,,,
pfp_bloom_filter_add_unique_size_u64,0,NVIDIA A100-SXM4-40GB,I64,U64,64,1,2,4,1000000000,2,Yes,,,,,,,,
pfp_bloom_filter_add_unique_size_u64,0,NVIDIA A100-SXM4-40GB,I64,U64,64,1,2,4,1000000000,4,Yes,,,,,,,,
pfp_bloom_filter_add_unique_size_u64,0,NVIDIA A100-SXM4-40GB,I64,U64,64,1,2,4,1000000000,8,Yes,,,,,,,,
pfp_bloom_filter_add_unique_size_u64,0,NVIDIA A100-SXM4-40GB,I64,U64,64,1,2,4,1000000000,16,Yes,,,,,,,,
pfp_bloom_filter_add_unique_size_u64,0,NVIDIA A100-SXM4-40GB,I64,U64,64,1,2,4,1000000000,32,Yes,,,,,,,,
pfp_bloom_filter_add_unique_size_u64,0,NVIDIA A100-SXM4-40GB,I64,U64,64,1,2,4,1000000000,64,Yes,,,,,,,,
pfp_bloom_filter_add_unique_size_u64,0,NVIDIA A100-SXM4-40GB,I64,U64,64,1,2,4,1000000000,128,Yes,,,,,,,,
pfp_bloom_filter_add_unique_size_u64,0,NVIDIA A100-SXM4-40GB,I64,U64,64,1,2,4,1000000000,256,Yes,,,,,,,,
pfp_bloom_filter_add_unique_size_u64,0,NVIDIA A100-SXM4-40GB,I64,U64,64,1,2,4,1000000000,512,Yes,,,,,,,,
pfp_bloom_filter_add_unique_size_u64,0,NVIDIA A100-SXM4-40GB,I64,U64,64,1,2,4,1000000000,1024,Yes,,,,,,,,
pfp_bloom_filter_add_unique_size_u64,0,NVIDIA A100-SXM4-40GB,I64,U64,64,1,2,4,1000000000,2048,Yes,,,,,,,,
pfp_bloom_filter_add_unique_size_u64,0,NVIDIA A100-SXM4-40GB,I64,U64,64,1,2,8,1000000000,1,Yes,,,,,,,,
pfp_bloom_filter_add_unique_size_u64,0,NVIDIA A100-SXM4-40GB,I64,U64,64,1,2,8,1000000000,2,Yes,,,,,,,,
pfp_bloom_filter_add_unique_size_u64,0,NVIDIA A100-SXM4-40GB,I64,U64,64,1,2,8,1000000000,4,Yes,,,,,,,,
pfp_bloom_filter_add_unique_size_u64,0,NVIDIA A100-SXM4-40GB,I64,U64,64,1,2,8,1000000000,8,Yes,,,,,,,,
pfp_bloom_filter_add_unique_size_u64,0,NVIDIA A100-SXM4-40GB,I64,U64,64,1,2,8,1000000000,16,Yes,,,,,,,,
pfp_bloom_filter_add_unique_size_u64,0,NVIDIA A100-SXM4-40GB,I64,U64,64,1,2,8,1000000000,32,Yes,,,,,,,,
pfp_bloom_filter_add_unique_size_u64,0,NVIDIA A100-SXM4-40GB,I64,U64,64,1,2,8,1000000000,64,Yes,,,,,,,,
pfp_bloom_filter_add_unique_size_u64,0,NVIDIA A100-SXM4-40GB,I64,U64,64,1,2,8,1000000000,128,Yes,,,,,,,,
pfp_bloom_filter_add_unique_size_u64,0,NVIDIA A100-SXM4-40GB,I64,U64,64,1,2,8,1000000000,256,Yes,,,,,,,,
pfp_bloom_filter_add_unique_size_u64,0,NVIDIA A100-SXM4-40GB,I64,U64,64,1,2,8,1000000000,512,Yes,,,,,,,,
pfp_bloom_filter_add_unique_size_u64,0,NVIDIA A100-SXM4-40GB,I64,U64,64,1,2,8,1000000000,1024,Yes,,,,,,,,
pfp_bloom_filter_add_unique_size_u64,0,NVIDIA A100-SXM4-40GB,I64,U64,64,1,2,8,1000000000,2048,Yes,,,,,,,,
pfp_bloom_filter_add_unique_size_u64,0,NVIDIA A100-SXM4-40GB,I64,U64,64,1,4,1,1000000000,1,Yes,,,,,,,,
pfp_bloom_filter_add_unique_size_u64,0,NVIDIA A100-SXM4-40GB,I64,U64,64,1,4,1,1000000000,2,Yes,,,,,,,,
pfp_bloom_filter_add_unique_size_u64,0,NVIDIA A100-SXM4-40GB,I64,U64,64,1,4,1,1000000000,4,Yes,,,,,,,,
pfp_bloom_filter_add_unique_size_u64,0,NVIDIA A100-SXM4-40GB,I64,U64,64,1,4,1,1000000000,8,Yes,,,,,,,,
pfp_bloom_filter_add_unique_size_u64,0,NVIDIA A100-SXM4-40GB,I64,U64,64,1,4,1,1000000000,16,Yes,,,,,,,,
pfp_bloom_filter_add_unique_size_u64,0,NVIDIA A100-SXM4-40GB,I64,U64,64,1,4,1,1000000000,32,Yes,,,,,,,,
pfp_bloom_filter_add_unique_size_u64,0,NVIDIA A100-SXM4-40GB,I64,U64,64,1,4,1,1000000000,64,Yes,,,,,,,,
pfp_bloom_filter_add_unique_size_u64,0,NVIDIA A100-SXM4-40GB,I64,U64,64,1,4,1,1000000000,128,Yes,,,,,,,,
pfp_bloom_filter_add_unique_size_u64,0,NVIDIA A100-SXM4-40GB,I64,U64,64,1,4,1,1000000000,256,Yes,,,,,,,,
pfp_bloom_filter_add_unique_size_u64,0,NVIDIA A100-SXM4-40GB,I64,U64,64,1,4,1,1000000000,512,Yes,,,,,,,,
pfp_bloom_filter_add_unique_size_u64,0,NVIDIA A100-SXM4-40GB,I64,U64,64,1,4,1,1000000000,1024,Yes,,,,,,,,
pfp_bloom_filter_add_unique_size_u64,0,NVIDIA A100-SXM4-40GB,I64,U64,64,1,4,1,1000000000,2048,Yes,,,,,,,,
pfp_bloom_filter_add_unique_size_u64,0,NVIDIA A100-SXM4-40GB,I64,U64,64,1,4,2,1000000000,1,Yes,,,,,,,,
pfp_bloom_filter_add_unique_size_u64,0,NVIDIA A100-SXM4-40GB,I64,U64,64,1,4,2,1000000000,2,Yes,,,,,,,,
pfp_bloom_filter_add_unique_size_u64,0,NVIDIA A100-SXM4-40GB,I64,U64,64,1,4,2,1000000000,4,Yes,,,,,,,,
pfp_bloom_filter_add_unique_size_u64,0,NVIDIA A100-SXM4-40GB,I64,U64,64,1,4,2,1000000000,8,Yes,,,,,,,,
pfp_bloom_filter_add_unique_size_u64,0,NVIDIA A100-SXM4-40GB,I64,U64,64,1,4,2,1000000000,16,Yes,,,,,,,,
pfp_bloom_filter_add_unique_size_u64,0,NVIDIA A100-SXM4-40GB,I64,U64,64,1,4,2,1000000000,32,Yes,,,,,,,,
pfp_bloom_filter_add_unique_size_u64,0,NVIDIA A100-SXM4-40GB,I64,U64,64,1,4,2,1000000000,64,Yes,,,,,,,,
pfp_bloom_filter_add_unique_size_u64,0,NVIDIA A100-SXM4-40GB,I64,U64,64,1,4,2,1000000000,128,Yes,,,,,,,,
pfp_bloom_filter_add_unique_size_u64,0,NVIDIA A100-SXM4-40GB,I64,U64,64,1,4,2,1000000000,256,Yes,,,,,,,,
pfp_bloom_filter_add_unique_size_u64,0,NVIDIA A100-SXM4-40GB,I64,U64,64,1,4,2,1000000000,512,Yes,,,,,,,,
pfp_bloom_filter_add_unique_size_u64,0,NVIDIA A100-SXM4-40GB,I64,U64,64,1,4,2,1000000000,1024,Yes,,,,,,,,
pfp_bloom_filter_add_unique_size_u64,0,NVIDIA A100-SXM4-40GB,I64,U64,64,1,4,2,1000000000,2048,Yes,,,,,,,,
pfp_bloom_filter_add_unique_size_u64,0,NVIDIA A100-SXM4-40GB,I64,U64,64,1,4,4,1000000000,1,Yes,,,,,,,,
pfp_bloom_filter_add_unique_size_u64,0,NVIDIA A100-SXM4-40GB,I64,U64,64,1,4,4,1000000000,2,Yes,,,,,,,,
pfp_bloom_filter_add_unique_size_u64,0,NVIDIA A100-SXM4-40GB,I64,U64,64,1,4,4,1000000000,4,Yes,,,,,,,,
pfp_bloom_filter_add_unique_size_u64,0,NVIDIA A100-SXM4-40GB,I64,U64,64,1,4,4,1000000000,8,Yes,,,,,,,,
pfp_bloom_filter_add_unique_size_u64,0,NVIDIA A100-SXM4-40GB,I64,U64,64,1,4,4,1000000000,16,Yes,,,,,,,,
pfp_bloom_filter_add_unique_size_u64,0,NVIDIA A100-SXM4-40GB,I64,U64,64,1,4,4,1000000000,32,Yes,,,,,,,,
pfp_bloom_filter_add_unique_size_u64,0,NVIDIA A100-SXM4-40GB,I64,U64,64,1,4,4,1000000000,64,Yes,,,,,,,,
pfp_bloom_filter_add_unique_size_u64,0,NVIDIA A100-SXM4-40GB,I64,U64,64,1,4,4,1000000000,128,Yes,,,,,,,,
pfp_bloom_filter_add_unique_size_u64,0,NVIDIA A100-SXM4-40GB,I64,U64,64,1,4,4,1000000000,256,Yes,,,,,,,,
pfp_bloom_filter_add_unique_size_u64,0,NVIDIA A100-SXM4-40GB,I64,U64,64,1,4,4,1000000000,512,Yes,,,,,,,,
pfp_bloom_filter_add_unique_size_u64,0,NVIDIA A100-SXM4-40GB,I64,U64,64,1,4,4,1000000000,1024,Yes,,,,,,,,
pfp_bloom_filter_add_unique_size_u64,0,NVIDIA A100-SXM4-40GB,I64,U64,64,1,4,4,1000000000,2048,Yes,,,,,,,,
pfp_bloom_filter_add_unique_size_u64,0,NVIDIA A100-SXM4-40GB,I64,U64,64,1,4,8,1000000000,1,Yes,,,,,,,,
pfp_bloom_filter_add_unique_size_u64,0,NVIDIA A100-SXM4-40GB,I64,U64,64,1,4,8,1000000000,2,Yes,,,,,,,,
pfp_bloom_filter_add_unique_size_u64,0,NVIDIA A100-SXM4-40GB,I64,U64,64,1,4,8,1000000000,4,Yes,,,,,,,,
pfp_bloom_filter_add_unique_size_u64,0,NVIDIA A100-SXM4-40GB,I64,U64,64,1,4,8,1000000000,8,Yes,,,,,,,,
pfp_bloom_filter_add_unique_size_u64,0,NVIDIA A100-SXM4-40GB,I64,U64,64,1,4,8,1000000000,16,Yes,,,,,,,,
pfp_bloom_filter_add_unique_size_u64,0,NVIDIA A100-SXM4-40GB,I64,U64,64,1,4,8,1000000000,32,Yes,,,,,,,,
pfp_bloom_filter_add_unique_size_u64,0,NVIDIA A100-SXM4-40GB,I64,U64,64,1,4,8,1000000000,64,Yes,,,,,,,,
pfp_bloom_filter_add_unique_size_u64,0,NVIDIA A100-SXM4-40GB,I64,U64,64,1,4,8,1000000000,128,Yes,,,,,,,,
pfp_bloom_filter_add_unique_size_u64,0,NVIDIA A100-SXM4-40GB,I64,U64,64,1,4,8,1000000000,256,Yes,,,,,,,,
pfp_bloom_filter_add_unique_size_u64,0,NVIDIA A100-SXM4-40GB,I64,U64,64,1,4,8,1000000000,512,Yes,,,,,,,,
pfp_bloom_filter_add_unique_size_u64,0,NVIDIA A100-SXM4-40GB,I64,U64,64,1,4,8,1000000000,1024,Yes,,,,,,,,
pfp_bloom_filter_add_unique_size_u64,0,NVIDIA A100-SXM4-40GB,I64,U64,64,1,4,8,1000000000,2048,Yes,,,,,,,,
pfp_bloom_filter_add_unique_size_u64,0,NVIDIA A100-SXM4-40GB,I64,U64,64,1,8,1,1000000000,1,Yes,,,,,,,,
pfp_bloom_filter_add_unique_size_u64,0,NVIDIA A100-SXM4-40GB,I64,U64,64,1,8,1,1000000000,2,Yes,,,,,,,,
pfp_bloom_filter_add_unique_size_u64,0,NVIDIA A100-SXM4-40GB,I64,U64,64,1,8,1,1000000000,4,Yes,,,,,,,,
pfp_bloom_filter_add_unique_size_u64,0,NVIDIA A100-SXM4-40GB,I64,U64,64,1,8,1,1000000000,8,Yes,,,,,,,,
pfp_bloom_filter_add_unique_size_u64,0,NVIDIA A100-SXM4-40GB,I64,U64,64,1,8,1,1000000000,16,Yes,,,,,,,,
pfp_bloom_filter_add_unique_size_u64,0,NVIDIA A100-SXM4-40GB,I64,U64,64,1,8,1,1000000000,32,Yes,,,,,,,,
pfp_bloom_filter_add_unique_size_u64,0,NVIDIA A100-SXM4-40GB,I64,U64,64,1,8,1,1000000000,64,Yes,,,,,,,,
pfp_bloom_filter_add_unique_size_u64,0,NVIDIA A100-SXM4-40GB,I64,U64,64,1,8,1,1000000000,128,Yes,,,,,,,,
pfp_bloom_filter_add_unique_size_u64,0,NVIDIA A100-SXM4-40GB,I64,U64,64,1,8,1,1000000000,256,Yes,,,,,,,,
pfp_bloom_filter_add_unique_size_u64,0,NVIDIA A100-SXM4-40GB,I64,U64,64,1,8,1,1000000000,512,Yes,,,,,,,,
pfp_bloom_filter_add_unique_size_u64,0,NVIDIA A100-SXM4-40GB,I64,U64,64,1,8,1,1000000000,1024,Yes,,,,,,,,
pfp_bloom_filter_add_unique_size_u64,0,NVIDIA A100-SXM4-40GB,I64,U64,64,1,8,1,1000000000,2048,Yes,,,,,,,,
pfp_bloom_filter_add_unique_size_u64,0,NVIDIA A100-SXM4-40GB,I64,U64,64,1,8,2,1000000000,1,Yes,,,,,,,,
pfp_bloom_filter_add_unique_size_u64,0,NVIDIA A100-SXM4-40GB,I64,U64,64,1,8,2,1000000000,2,Yes,,,,,,,,
pfp_bloom_filter_add_unique_size_u64,0,NVIDIA A100-SXM4-40GB,I64,U64,64,1,8,2,1000000000,4,Yes,,,,,,,,
pfp_bloom_filter_add_unique_size_u64,0,NVIDIA A100-SXM4-40GB,I64,U64,64,1,8,2,1000000000,8,Yes,,,,,,,,
pfp_bloom_filter_add_unique_size_u64,0,NVIDIA A100-SXM4-40GB,I64,U64,64,1,8,2,1000000000,16,Yes,,,,,,,,
pfp_bloom_filter_add_unique_size_u64,0,NVIDIA A100-SXM4-40GB,I64,U64,64,1,8,2,1000000000,32,Yes,,,,,,,,
pfp_bloom_filter_add_unique_size_u64,0,NVIDIA A100-SXM4-40GB,I64,U64,64,1,8,2,1000000000,64,Yes,,,,,,,,
pfp_bloom_filter_add_unique_size_u64,0,NVIDIA A100-SXM4-40GB,I64,U64,64,1,8,2,1000000000,128,Yes,,,,,,,,
pfp_bloom_filter_add_unique_size_u64,0,NVIDIA A100-SXM4-40GB,I64,U64,64,1,8,2,1000000000,256,Yes,,,,,,,,
pfp_bloom_filter_add_unique_size_u64,0,NVIDIA A100-SXM4-40GB,I64,U64,64,1,8,2,1000000000,512,Yes,,,,,,,,
pfp_bloom_filter_add_unique_size_u64,0,NVIDIA A100-SXM4-40GB,I64,U64,64,1,8,2,1000000000,1024,Yes,,,,,,,,
pfp_bloom_filter_add_unique_size_u64,0,NVIDIA A100-SXM4-40GB,I64,U64,64,1,8,2,1000000000,2048,Yes,,,,,,,,
pfp_bloom_filter_add_unique_size_u64,0,NVIDIA A100-SXM4-40GB,I64,U64,64,1,8,4,1000000000,1,Yes,,,,,,,,
pfp_bloom_filter_add_unique_size_u64,0,NVIDIA A100-SXM4-40GB,I64,U64,64,1,8,4,1000000000,2,Yes,,,,,,,,
pfp_bloom_filter_add_unique_size_u64,0,NVIDIA A100-SXM4-40GB,I64,U64,64,1,8,4,1000000000,4,Yes,,,,,,,,
pfp_bloom_filter_add_unique_size_u64,0,NVIDIA A100-SXM4-40GB,I64,U64,64,1,8,4,1000000000,8,Yes,,,,,,,,
pfp_bloom_filter_add_unique_size_u64,0,NVIDIA A100-SXM4-40GB,I64,U64,64,1,8,4,1000000000,16,Yes,,,,,,,,
pfp_bloom_filter_add_unique_size_u64,0,NVIDIA A100-SXM4-40GB,I64,U64,64,1,8,4,1000000000,32,Yes,,,,,,,,
pfp_bloom_filter_add_unique_size_u64,0,NVIDIA A100-SXM4-40GB,I64,U64,64,1,8,4,1000000000,64,Yes,,,,,,,,
pfp_bloom_filter_add_unique_size_u64,0,NVIDIA A100-SXM4-40GB,I64,U64,64,1,8,4,1000000000,128,Yes,,,,,,,,
pfp_bloom_filter_add_unique_size_u64,0,NVIDIA A100-SXM4-40GB,I64,U64,64,1,8,4,1000000000,256,Yes,,,,,,,,
pfp_bloom_filter_add_unique_size_u64,0,NVIDIA A100-SXM4-40GB,I64,U64,64,1,8,4,1000000000,512,Yes,,,,,,,,
pfp_bloom_filter_add_unique_size_u64,0,NVIDIA A100-SXM4-40GB,I64,U64,64,1,8,4,1000000000,1024,Yes,,,,,,,,
pfp_bloom_filter_add_unique_size_u64,0,NVIDIA A100-SXM4-40GB,I64,U64,64,1,8,4,1000000000,2048,Yes,,,,,,,,
pfp_bloom_filter_add_unique_size_u64,0,NVIDIA A100-SXM4-40GB,I64,U64,64,1,8,8,1000000000,1,Yes,,,,,,,,
pfp_bloom_filter_add_unique_size_u64,0,NVIDIA A100-SXM4-40GB,I64,U64,64,1,8,8,1000000000,2,Yes,,,,,,,,
pfp_bloom_filter_add_unique_size_u64,0,NVIDIA A100-SXM4-40GB,I64,U64,64,1,8,8,1000000000,4,Yes,,,,,,,,
pfp_bloom_filter_add_unique_size_u64,0,NVIDIA A100-SXM4-40GB,I64,U64,64,1,8,8,1000000000,8,Yes,,,,,,,,
pfp_bloom_filter_add_unique_size_u64,0,NVIDIA A100-SXM4-40GB,I64,U64,64,1,8,8,1000000000,16,Yes,,,,,,,,
pfp_bloom_filter_add_unique_size_u64,0,NVIDIA A100-SXM4-40GB,I64,U64,64,1,8,8,1000000000,32,Yes,,,,,,,,
pfp_bloom_filter_add_unique_size_u64,0,NVIDIA A100-SXM4-40GB,I64,U64,64,1,8,8,1000000000,64,Yes,,,,,,,,
pfp_bloom_filter_add_unique_size_u64,0,NVIDIA A100-SXM4-40GB,I64,U64,64,1,8,8,1000000000,128,Yes,,,,,,,,
pfp_bloom_filter_add_unique_size_u64,0,NVIDIA A100-SXM4-40GB,I64,U64,64,1,8,8,1000000000,256,Yes,,,,,,,,
pfp_bloom_filter_add_unique_size_u64,0,NVIDIA A100-SXM4-40GB,I64,U64,64,1,8,8,1000000000,512,Yes,,,,,,,,
pfp_bloom_filter_add_unique_size_u64,0,NVIDIA A100-SXM4-40GB,I64,U64,64,1,8,8,1000000000,1024,Yes,,,,,,,,
pfp_bloom_filter_add_unique_size_u64,0,NVIDIA A100-SXM4-40GB,I64,U64,64,1,8,8,1000000000,2048,Yes,,,,,,,,
pfp_bloom_filter_add_unique_size_u64,0,NVIDIA A100-SXM4-40GB,I64,U64,64,16,1,1,1000000000,1,No,21,0.024562177333333334,0.005952635036978131,0.02454557246253604,0.0059318115373384345,40740545021.970955,22,0.02439973111586137
pfp_bloom_filter_add_unique_size_u64,0,NVIDIA A100-SXM4-40GB,I64,U64,64,16,1,1,1000000000,2,No,21,0.024665285523809522,0.0033002360075089277,0.02464933804103306,0.0033096073404875457,40569040772.42676,22,0.024662107901139693
pfp_bloom_filter_add_unique_size_u64,0,NVIDIA A100-SXM4-40GB,I64,U64,64,16,1,1,1000000000,4,No,21,0.024669133904761904,0.0006664639255708623,0.024653628939674013,0.0006431395370305376,40561979838.62504,22,0.024633948239413176
pfp_bloom_filter_add_unique_size_u64,0,NVIDIA A100-SXM4-40GB,I64,U64,64,16,1,1,1000000000,8,No,21,0.024482770285714286,0.0007699566649594303,0.0244666268484933,0.0007542319620467017,40872001121.87029,22,0.024442460580305622
pfp_bloom_filter_add_unique_size_u64,0,NVIDIA A100-SXM4-40GB,I64,U64,64,16,1,1,1000000000,16,No,21,0.024507156809523815,0.005673306513786519,0.024491349084036697,0.00566194574801375,40830743809.52716,22,0.0245167010047219
pfp_bloom_filter_add_unique_size_u64,0,NVIDIA A100-SXM4-40GB,I64,U64,64,16,1,1,1000000000,32,No,11,0.05715694581818182,0.032231140347405346,0.05714087572964755,0.03222896704562041,17500606828.837063,12,0.056202154477437344
pfp_bloom_filter_add_unique_size_u64,0,NVIDIA A100-SXM4-40GB,I64,U64,64,16,1,1,1000000000,64,No,11,0.13189255472727276,0.005011102488994263,0.13187742059881039,0.005009861192449401,7582799204.438039,12,0.1316578114827474
pfp_bloom_filter_add_unique_size_u64,0,NVIDIA A100-SXM4-40GB,I64,U64,64,16,1,1,1000000000,128,No,11,0.16546314381818183,0.001967098493237591,0.16544795643199575,0.00196678980308307,6044196746.61277,12,0.16534101486206057
pfp_bloom_filter_add_unique_size_u64,0,NVIDIA A100-SXM4-40GB,I64,U64,64,16,1,1,1000000000,256,No,11,0.1819190717272727,0.0009775233123948202,0.18190419699928972,0.0009765487578294681,5497399271.13339,12,0.18187280909220374
pfp_bloom_filter_add_unique_size_u64,0,NVIDIA A100-SXM4-40GB,I64,U64,64,16,1,1,1000000000,512,No,11,0.19015621045454545,0.0007880344179639105,0.1901411632191051,0.000786063310253049,5259250459.342523,12,0.19009868876139324
pfp_bloom_filter_add_unique_size_u64,0,NVIDIA A100-SXM4-40GB,I64,U64,64,16,1,1,1000000000,1024,No,11,0.19428051309090907,0.0010095877957595938,0.19426564580743963,0.0010084004172095388,5147590536.883819,12,0.1942059516906738
pfp_bloom_filter_add_unique_size_u64,0,NVIDIA A100-SXM4-40GB,I64,U64,64,16,1,1,1000000000,2048,No,11,0.19633494290909093,0.0013241903184664824,0.19631969521262427,0.001323966883917483,5093732439.411893,12,0.19626914087931316
pfp_bloom_filter_add_unique_size_u64,0,NVIDIA A100-SXM4-40GB,I64,U64,64,16,1,2,1000000000,1,Yes,,,,,,,,
pfp_bloom_filter_add_unique_size_u64,0,NVIDIA A100-SXM4-40GB,I64,U64,64,16,1,2,1000000000,2,Yes,,,,,,,,
pfp_bloom_filter_add_unique_size_u64,0,NVIDIA A100-SXM4-40GB,I64,U64,64,16,1,2,1000000000,4,Yes,,,,,,,,
pfp_bloom_filter_add_unique_size_u64,0,NVIDIA A100-SXM4-40GB,I64,U64,64,16,1,2,1000000000,8,Yes,,,,,,,,
pfp_bloom_filter_add_unique_size_u64,0,NVIDIA A100-SXM4-40GB,I64,U64,64,16,1,2,1000000000,16,Yes,,,,,,,,
pfp_bloom_filter_add_unique_size_u64,0,NVIDIA A100-SXM4-40GB,I64,U64,64,16,1,2,1000000000,32,Yes,,,,,,,,
pfp_bloom_filter_add_unique_size_u64,0,NVIDIA A100-SXM4-40GB,I64,U64,64,16,1,2,1000000000,64,Yes,,,,,,,,
pfp_bloom_filter_add_unique_size_u64,0,NVIDIA A100-SXM4-40GB,I64,U64,64,16,1,2,1000000000,128,Yes,,,,,,,,
pfp_bloom_filter_add_unique_size_u64,0,NVIDIA A100-SXM4-40GB,I64,U64,64,16,1,2,1000000000,256,Yes,,,,,,,,
pfp_bloom_filter_add_unique_size_u64,0,NVIDIA A100-SXM4-40GB,I64,U64,64,16,1,2,1000000000,512,Yes,,,,,,,,
pfp_bloom_filter_add_unique_size_u64,0,NVIDIA A100-SXM4-40GB,I64,U64,64,16,1,2,1000000000,1024,Yes,,,,,,,,
pfp_bloom_filter_add_unique_size_u64,0,NVIDIA A100-SXM4-40GB,I64,U64,64,16,1,2,1000000000,2048,Yes,,,,,,,,
pfp_bloom_filter_add_unique_size_u64,0,NVIDIA A100-SXM4-40GB,I64,U64,64,16,1,4,1000000000,1,Yes,,,,,,,,
pfp_bloom_filter_add_unique_size_u64,0,NVIDIA A100-SXM4-40GB,I64,U64,64,16,1,4,1000000000,2,Yes,,,,,,,,
pfp_bloom_filter_add_unique_size_u64,0,NVIDIA A100-SXM4-40GB,I64,U64,64,16,1,4,1000000000,4,Yes,,,,,,,,
pfp_bloom_filter_add_unique_size_u64,0,NVIDIA A100-SXM4-40GB,I64,U64,64,16,1,4,1000000000,8,Yes,,,,,,,,
pfp_bloom_filter_add_unique_size_u64,0,NVIDIA A100-SXM4-40GB,I64,U64,64,16,1,4,1000000000,16,Yes,,,,,,,,
pfp_bloom_filter_add_unique_size_u64,0,NVIDIA A100-SXM4-40GB,I64,U64,64,16,1,4,1000000000,32,Yes,,,,,,,,
pfp_bloom_filter_add_unique_size_u64,0,NVIDIA A100-SXM4-40GB,I64,U64,64,16,1,4,1000000000,64,Yes,,,,,,,,
pfp_bloom_filter_add_unique_size_u64,0,NVIDIA A100-SXM4-40GB,I64,U64,64,16,1,4,1000000000,128,Yes,,,,,,,,
pfp_bloom_filter_add_unique_size_u64,0,NVIDIA A100-SXM4-40GB,I64,U64,64,16,1,4,1000000000,256,Yes,,,,,,,,
pfp_bloom_filter_add_unique_size_u64,0,NVIDIA A100-SXM4-40GB,I64,U64,64,16,1,4,1000000000,512,Yes,,,,,,,,
pfp_bloom_filter_add_unique_size_u64,0,NVIDIA A100-SXM4-40GB,I64,U64,64,16,1,4,1000000000,1024,Yes,,,,,,,,
pfp_bloom_filter_add_unique_size_u64,0,NVIDIA A100-SXM4-40GB,I64,U64,64,16,1,4,1000000000,2048,Yes,,,,,,,,
pfp_bloom_filter_add_unique_size_u64,0,NVIDIA A100-SXM4-40GB,I64,U64,64,16,1,8,1000000000,1,Yes,,,,,,,,
pfp_bloom_filter_add_unique_size_u64,0,NVIDIA A100-SXM4-40GB,I64,U64,64,16,1,8,1000000000,2,Yes,,,,,,,,
pfp_bloom_filter_add_unique_size_u64,0,NVIDIA A100-SXM4-40GB,I64,U64,64,16,1,8,1000000000,4,Yes,,,,,,,,
pfp_bloom_filter_add_unique_size_u64,0,NVIDIA A100-SXM4-40GB,I64,U64,64,16,1,8,1000000000,8,Yes,,,,,,,,
pfp_bloom_filter_add_unique_size_u64,0,NVIDIA A100-SXM4-40GB,I64,U64,64,16,1,8,1000000000,16,Yes,,,,,,,,
pfp_bloom_filter_add_unique_size_u64,0,NVIDIA A100-SXM4-40GB,I64,U64,64,16,1,8,1000000000,32,Yes,,,,,,,,
pfp_bloom_filter_add_unique_size_u64,0,NVIDIA A100-SXM4-40GB,I64,U64,64,16,1,8,1000000000,64,Yes,,,,,,,,
pfp_bloom_filter_add_unique_size_u64,0,NVIDIA A100-SXM4-40GB,I64,U64,64,16,1,8,1000000000,128,Yes,,,,,,,,
pfp_bloom_filter_add_unique_size_u64,0,NVIDIA A100-SXM4-40GB,I64,U64,64,16,1,8,1000000000,256,Yes,,,,,,,,
pfp_bloom_filter_add_unique_size_u64,0,NVIDIA A100-SXM4-40GB,I64,U64,64,16,1,8,1000000000,512,Yes,,,,,,,,
pfp_bloom_filter_add_unique_size_u64,0,NVIDIA A100-SXM4-40GB,I64,U64,64,16,1,8,1000000000,1024,Yes,,,,,,,,
pfp_bloom_filter_add_unique_size_u64,0,NVIDIA A100-SXM4-40GB,I64,U64,64,16,1,8,1000000000,2048,Yes,,,,,,,,
pfp_bloom_filter_add_unique_size_u64,0,NVIDIA A100-SXM4-40GB,I64,U64,64,16,2,1,1000000000,1,Yes,,,,,,,,
pfp_bloom_filter_add_unique_size_u64,0,NVIDIA A100-SXM4-40GB,I64,U64,64,16,2,1,1000000000,2,Yes,,,,,,,,
pfp_bloom_filter_add_unique_size_u64,0,NVIDIA A100-SXM4-40GB,I64,U64,64,16,2,1,1000000000,4,Yes,,,,,,,,
pfp_bloom_filter_add_unique_size_u64,0,NVIDIA A100-SXM4-40GB,I64,U64,64,16,2,1,1000000000,8,Yes,,,,,,,,
pfp_bloom_filter_add_unique_size_u64,0,NVIDIA A100-SXM4-40GB,I64,U64,64,16,2,1,1000000000,16,Yes,,,,,,,,
pfp_bloom_filter_add_unique_size_u64,0,NVIDIA A100-SXM4-40GB,I64,U64,64,16,2,1,1000000000,32,Yes,,,,,,,,
pfp_bloom_filter_add_unique_size_u64,0,NVIDIA A100-SXM4-40GB,I64,U64,64,16,2,1,1000000000,64,Yes,,,,,,,,
pfp_bloom_filter_add_unique_size_u64,0,NVIDIA A100-SXM4-40GB,I64,U64,64,16,2,1,1000000000,128,Yes,,,,,,,,
pfp_bloom_filter_add_unique_size_u64,0,NVIDIA A100-SXM4-40GB,I64,U64,64,16,2,1,1000000000,256,Yes,,,,,,,,
pfp_bloom_filter_add_unique_size_u64,0,NVIDIA A100-SXM4-40GB,I64,U64,64,16,2,1,1000000000,512,Yes,,,,,,,,
pfp_bloom_filter_add_unique_size_u64,0,NVIDIA A100-SXM4-40GB,I64,U64,64,16,2,1,1000000000,1024,Yes,,,,,,,,
pfp_bloom_filter_add_unique_size_u64,0,NVIDIA A100-SXM4-40GB,I64,U64,64,16,2,1,1000000000,2048,Yes,,,,,,,,
pfp_bloom_filter_add_unique_size_u64,0,NVIDIA A100-SXM4-40GB,I64,U64,64,16,2,2,1000000000,1,Yes,,,,,,,,
pfp_bloom_filter_add_unique_size_u64,0,NVIDIA A100-SXM4-40GB,I64,U64,64,16,2,2,1000000000,2,Yes,,,,,,,,
pfp_bloom_filter_add_unique_size_u64,0,NVIDIA A100-SXM4-40GB,I64,U64,64,16,2,2,1000000000,4,Yes,,,,,,,,
pfp_bloom_filter_add_unique_size_u64,0,NVIDIA A100-SXM4-40GB,I64,U64,64,16,2,2,1000000000,8,Yes,,,,,,,,
pfp_bloom_filter_add_unique_size_u64,0,NVIDIA A100-SXM4-40GB,I64,U64,64,16,2,2,1000000000,16,Yes,,,,,,,,
pfp_bloom_filter_add_unique_size_u64,0,NVIDIA A100-SXM4-40GB,I64,U64,64,16,2,2,1000000000,32,Yes,,,,,,,,
pfp_bloom_filter_add_unique_size_u64,0,NVIDIA A100-SXM4-40GB,I64,U64,64,16,2,2,1000000000,64,Yes,,,,,,,,
pfp_bloom_filter_add_unique_size_u64,0,NVIDIA A100-SXM4-40GB,I64,U64,64,16,2,2,1000000000,128,Yes,,,,,,,,
pfp_bloom_filter_add_unique_size_u64,0,NVIDIA A100-SXM4-40GB,I64,U64,64,16,2,2,1000000000,256,Yes,,,,,,,,
pfp_bloom_filter_add_unique_size_u64,0,NVIDIA A100-SXM4-40GB,I64,U64,64,16,2,2,1000000000,512,Yes,,,,,,,,
pfp_bloom_filter_add_unique_size_u64,0,NVIDIA A100-SXM4-40GB,I64,U64,64,16,2,2,1000000000,1024,Yes,,,,,,,,
pfp_bloom_filter_add_unique_size_u64,0,NVIDIA A100-SXM4-40GB,I64,U64,64,16,2,2,1000000000,2048,Yes,,,,,,,,
pfp_bloom_filter_add_unique_size_u64,0,NVIDIA A100-SXM4-40GB,I64,U64,64,16,2,4,1000000000,1,Yes,,,,,,,,
pfp_bloom_filter_add_unique_size_u64,0,NVIDIA A100-SXM4-40GB,I64,U64,64,16,2,4,1000000000,2,Yes,,,,,,,,
pfp_bloom_filter_add_unique_size_u64,0,NVIDIA A100-SXM4-40GB,I64,U64,64,16,2,4,1000000000,4,Yes,,,,,,,,
pfp_bloom_filter_add_unique_size_u64,0,NVIDIA A100-SXM4-40GB,I64,U64,64,16,2,4,1000000000,8,Yes,,,,,,,,
pfp_bloom_filter_add_unique_size_u64,0,NVIDIA A100-SXM4-40GB,I64,U64,64,16,2,4,1000000000,16,Yes,,,,,,,,
pfp_bloom_filter_add_unique_size_u64,0,NVIDIA A100-SXM4-40GB,I64,U64,64,16,2,4,1000000000,32,Yes,,,,,,,,
pfp_bloom_filter_add_unique_size_u64,0,NVIDIA A100-SXM4-40GB,I64,U64,64,16,2,4,1000000000,64,Yes,,,,,,,,
pfp_bloom_filter_add_unique_size_u64,0,NVIDIA A100-SXM4-40GB,I64,U64,64,16,2,4,1000000000,128,Yes,,,,,,,,
pfp_bloom_filter_add_unique_size_u64,0,NVIDIA A100-SXM4-40GB,I64,U64,64,16,2,4,1000000000,256,Yes,,,,,,,,
pfp_bloom_filter_add_unique_size_u64,0,NVIDIA A100-SXM4-40GB,I64,U64,64,16,2,4,1000000000,512,Yes,,,,,,,,
pfp_bloom_filter_add_unique_size_u64,0,NVIDIA A100-SXM4-40GB,I64,U64,64,16,2,4,1000000000,1024,Yes,,,,,,,,
pfp_bloom_filter_add_unique_size_u64,0,NVIDIA A100-SXM4-40GB,I64,U64,64,16,2,4,1000000000,2048,Yes,,,,,,,,
pfp_bloom_filter_add_unique_size_u64,0,NVIDIA A100-SXM4-40GB,I64,U64,64,16,2,8,1000000000,1,Yes,,,,,,,,
pfp_bloom_filter_add_unique_size_u64,0,NVIDIA A100-SXM4-40GB,I64,U64,64,16,2,8,1000000000,2,Yes,,,,,,,,
pfp_bloom_filter_add_unique_size_u64,0,NVIDIA A100-SXM4-40GB,I64,U64,64,16,2,8,1000000000,4,Yes,,,,,,,,
pfp_bloom_filter_add_unique_size_u64,0,NVIDIA A100-SXM4-40GB,I64,U64,64,16,2,8,1000000000,8,Yes,,,,,,,,
pfp_bloom_filter_add_unique_size_u64,0,NVIDIA A100-SXM4-40GB,I64,U64,64,16,2,8,1000000000,16,Yes,,,,,,,,
pfp_bloom_filter_add_unique_size_u64,0,NVIDIA A100-SXM4-40GB,I64,U64,64,16,2,8,1000000000,32,Yes,,,,,,,,
pfp_bloom_filter_add_unique_size_u64,0,NVIDIA A100-SXM4-40GB,I64,U64,64,16,2,8,1000000000,64,Yes,,,,,,,,
pfp_bloom_filter_add_unique_size_u64,0,NVIDIA A100-SXM4-40GB,I64,U64,64,16,2,8,1000000000,128,Yes,,,,,,,,
pfp_bloom_filter_add_unique_size_u64,0,NVIDIA A100-SXM4-40GB,I64,U64,64,16,2,8,1000000000,256,Yes,,,,,,,,
pfp_bloom_filter_add_unique_size_u64,0,NVIDIA A100-SXM4-40GB,I64,U64,64,16,2,8,1000000000,512,Yes,,,,,,,,
pfp_bloom_filter_add_unique_size_u64,0,NVIDIA A100-SXM4-40GB,I64,U64,64,16,2,8,1000000000,1024,Yes,,,,,,,,
pfp_bloom_filter_add_unique_size_u64,0,NVIDIA A100-SXM4-40GB,I64,U64,64,16,2,8,1000000000,2048,Yes,,,,,,,,
pfp_bloom_filter_add_unique_size_u64,0,NVIDIA A100-SXM4-40GB,I64,U64,64,16,4,1,1000000000,1,Yes,,,,,,,,
pfp_bloom_filter_add_unique_size_u64,0,NVIDIA A100-SXM4-40GB,I64,U64,64,16,4,1,1000000000,2,Yes,,,,,,,,
pfp_bloom_filter_add_unique_size_u64,0,NVIDIA A100-SXM4-40GB,I64,U64,64,16,4,1,1000000000,4,Yes,,,,,,,,
pfp_bloom_filter_add_unique_size_u64,0,NVIDIA A100-SXM4-40GB,I64,U64,64,16,4,1,1000000000,8,Yes,,,,,,,,
pfp_bloom_filter_add_unique_size_u64,0,NVIDIA A100-SXM4-40GB,I64,U64,64,16,4,1,1000000000,16,Yes,,,,,,,,
pfp_bloom_filter_add_unique_size_u64,0,NVIDIA A100-SXM4-40GB,I64,U64,64,16,4,1,1000000000,32,Yes,,,,,,,,
pfp_bloom_filter_add_unique_size_u64,0,NVIDIA A100-SXM4-40GB,I64,U64,64,16,4,1,1000000000,64,Yes,,,,,,,,
pfp_bloom_filter_add_unique_size_u64,0,NVIDIA A100-SXM4-40GB,I64,U64,64,16,4,1,1000000000,128,Yes,,,,,,,,
pfp_bloom_filter_add_unique_size_u64,0,NVIDIA A100-SXM4-40GB,I64,U64,64,16,4,1,1000000000,256,Yes,,,,,,,,
pfp_bloom_filter_add_unique_size_u64,0,NVIDIA A100-SXM4-40GB,I64,U64,64,16,4,1,1000000000,512,Yes,,,,,,,,
pfp_bloom_filter_add_unique_size_u64,0,NVIDIA A100-SXM4-40GB,I64,U64,64,16,4,1,1000000000,1024,Yes,,,,,,,,
pfp_bloom_filter_add_unique_size_u64,0,NVIDIA A100-SXM4-40GB,I64,U64,64,16,4,1,1000000000,2048,Yes,,,,,,,,
pfp_bloom_filter_add_unique_size_u64,0,NVIDIA A100-SXM4-40GB,I64,U64,64,16,4,2,1000000000,1,Yes,,,,,,,,
pfp_bloom_filter_add_unique_size_u64,0,NVIDIA A100-SXM4-40GB,I64,U64,64,16,4,2,1000000000,2,Yes,,,,,,,,
pfp_bloom_filter_add_unique_size_u64,0,NVIDIA A100-SXM4-40GB,I64,U64,64,16,4,2,1000000000,4,Yes,,,,,,,,
pfp_bloom_filter_add_unique_size_u64,0,NVIDIA A100-SXM4-40GB,I64,U64,64,16,4,2,1000000000,8,Yes,,,,,,,,
pfp_bloom_filter_add_unique_size_u64,0,NVIDIA A100-SXM4-40GB,I64,U64,64,16,4,2,1000000000,16,Yes,,,,,,,,
pfp_bloom_filter_add_unique_size_u64,0,NVIDIA A100-SXM4-40GB,I64,U64,64,16,4,2,1000000000,32,Yes,,,,,,,,
pfp_bloom_filter_add_unique_size_u64,0,NVIDIA A100-SXM4-40GB,I64,U64,64,16,4,2,1000000000,64,Yes,,,,,,,,
pfp_bloom_filter_add_unique_size_u64,0,NVIDIA A100-SXM4-40GB,I64,U64,64,16,4,2,1000000000,128,Yes,,,,,,,,
pfp_bloom_filter_add_unique_size_u64,0,NVIDIA A100-SXM4-40GB,I64,U64,64,16,4,2,1000000000,256,Yes,,,,,,,,
pfp_bloom_filter_add_unique_size_u64,0,NVIDIA A100-SXM4-40GB,I64,U64,64,16,4,2,1000000000,512,Yes,,,,,,,,
pfp_bloom_filter_add_unique_size_u64,0,NVIDIA A100-SXM4-40GB,I64,U64,64,16,4,2,1000000000,1024,Yes,,,,,,,,
pfp_bloom_filter_add_unique_size_u64,0,NVIDIA A100-SXM4-40GB,I64,U64,64,16,4,2,1000000000,2048,Yes,,,,,,,,
pfp_bloom_filter_add_unique_size_u64,0,NVIDIA A100-SXM4-40GB,I64,U64,64,16,4,4,1000000000,1,Yes,,,,,,,,
pfp_bloom_filter_add_unique_size_u64,0,NVIDIA A100-SXM4-40GB,I64,U64,64,16,4,4,1000000000,2,Yes,,,,,,,,
pfp_bloom_filter_add_unique_size_u64,0,NVIDIA A100-SXM4-40GB,I64,U64,64,16,4,4,1000000000,4,Yes,,,,,,,,
pfp_bloom_filter_add_unique_size_u64,0,NVIDIA A100-SXM4-40GB,I64,U64,64,16,4,4,1000000000,8,Yes,,,,,,,,
pfp_bloom_filter_add_unique_size_u64,0,NVIDIA A100-SXM4-40GB,I64,U64,64,16,4,4,1000000000,16,Yes,,,,,,,,
pfp_bloom_filter_add_unique_size_u64,0,NVIDIA A100-SXM4-40GB,I64,U64,64,16,4,4,1000000000,32,Yes,,,,,,,,
pfp_bloom_filter_add_unique_size_u64,0,NVIDIA A100-SXM4-40GB,I64,U64,64,16,4,4,1000000000,64,Yes,,,,,,,,
pfp_bloom_filter_add_unique_size_u64,0,NVIDIA A100-SXM4-40GB,I64,U64,64,16,4,4,1000000000,128,Yes,,,,,,,,
pfp_bloom_filter_add_unique_size_u64,0,NVIDIA A100-SXM4-40GB,I64,U64,64,16,4,4,1000000000,256,Yes,,,,,,,,
pfp_bloom_filter_add_unique_size_u64,0,NVIDIA A100-SXM4-40GB,I64,U64,64,16,4,4,1000000000,512,Yes,,,,,,,,
pfp_bloom_filter_add_unique_size_u64,0,NVIDIA A100-SXM4-40GB,I64,U64,64,16,4,4,1000000000,1024,Yes,,,,,,,,
pfp_bloom_filter_add_unique_size_u64,0,NVIDIA A100-SXM4-40GB,I64,U64,64,16,4,4,1000000000,2048,Yes,,,,,,,,
pfp_bloom_filter_add_unique_size_u64,0,NVIDIA A100-SXM4-40GB,I64,U64,64,16,4,8,1000000000,1,Yes,,,,,,,,
pfp_bloom_filter_add_unique_size_u64,0,NVIDIA A100-SXM4-40GB,I64,U64,64,16,4,8,1000000000,2,Yes,,,,,,,,
pfp_bloom_filter_add_unique_size_u64,0,NVIDIA A100-SXM4-40GB,I64,U64,64,16,4,8,1000000000,4,Yes,,,,,,,,
pfp_bloom_filter_add_unique_size_u64,0,NVIDIA A100-SXM4-40GB,I64,U64,64,16,4,8,1000000000,8,Yes,,,,,,,,
pfp_bloom_filter_add_unique_size_u64,0,NVIDIA A100-SXM4-40GB,I64,U64,64,16,4,8,1000000000,16,Yes,,,,,,,,
pfp_bloom_filter_add_unique_size_u64,0,NVIDIA A100-SXM4-40GB,I64,U64,64,16,4,8,1000000000,32,Yes,,,,,,,,
pfp_bloom_filter_add_unique_size_u64,0,NVIDIA A100-SXM4-40GB,I64,U64,64,16,4,8,1000000000,64,Yes,,,,,,,,
pfp_bloom_filter_add_unique_size_u64,0,NVIDIA A100-SXM4-40GB,I64,U64,64,16,4,8,1000000000,128,Yes,,,,,,,,
pfp_bloom_filter_add_unique_size_u64,0,NVIDIA A100-SXM4-40GB,I64,U64,64,16,4,8,1000000000,256,Yes,,,,,,,,
pfp_bloom_filter_add_unique_size_u64,0,NVIDIA A100-SXM4-40GB,I64,U64,64,16,4,8,1000000000,512,Yes,,,,,,,,
pfp_bloom_filter_add_unique_size_u64,0,NVIDIA A100-SXM4-40GB,I64,U64,64,16,4,8,1000000000,1024,Yes,,,,,,,,
pfp_bloom_filter_add_unique_size_u64,0,NVIDIA A100-SXM4-40GB,I64,U64,64,16,4,8,1000000000,2048,Yes,,,,,,,,
pfp_bloom_filter_add_unique_size_u64,0,NVIDIA A100-SXM4-40GB,I64,U64,64,16,8,1,1000000000,1,Yes,,,,,,,,
pfp_bloom_filter_add_unique_size_u64,0,NVIDIA A100-SXM4-40GB,I64,U64,64,16,8,1,1000000000,2,Yes,,,,,,,,
pfp_bloom_filter_add_unique_size_u64,0,NVIDIA A100-SXM4-40GB,I64,U64,64,16,8,1,1000000000,4,Yes,,,,,,,,
pfp_bloom_filter_add_unique_size_u64,0,NVIDIA A100-SXM4-40GB,I64,U64,64,16,8,1,1000000000,8,Yes,,,,,,,,
pfp_bloom_filter_add_unique_size_u64,0,NVIDIA A100-SXM4-40GB,I64,U64,64,16,8,1,1000000000,16,Yes,,,,,,,,
pfp_bloom_filter_add_unique_size_u64,0,NVIDIA A100-SXM4-40GB,I64,U64,64,16,8,1,1000000000,32,Yes,,,,,,,,
pfp_bloom_filter_add_unique_size_u64,0,NVIDIA A100-SXM4-40GB,I64,U64,64,16,8,1,1000000000,64,Yes,,,,,,,,
pfp_bloom_filter_add_unique_size_u64,0,NVIDIA A100-SXM4-40GB,I64,U64,64,16,8,1,1000000000,128,Yes,,,,,,,,
pfp_bloom_filter_add_unique_size_u64,0,NVIDIA A100-SXM4-40GB,I64,U64,64,16,8,1,1000000000,256,Yes,,,,,,,,
pfp_bloom_filter_add_unique_size_u64,0,NVIDIA A100-SXM4-40GB,I64,U64,64,16,8,1,1000000000,512,Yes,,,,,,,,
pfp_bloom_filter_add_unique_size_u64,0,NVIDIA A100-SXM4-40GB,I64,U64,64,16,8,1,1000000000,1024,Yes,,,,,,,,
pfp_bloom_filter_add_unique_size_u64,0,NVIDIA A100-SXM4-40GB,I64,U64,64,16,8,1,1000000000,2048,Yes,,,,,,,,
pfp_bloom_filter_add_unique_size_u64,0,NVIDIA A100-SXM4-40GB,I64,U64,64,16,8,2,1000000000,1,Yes,,,,,,,,
pfp_bloom_filter_add_unique_size_u64,0,NVIDIA A100-SXM4-40GB,I64,U64,64,16,8,2,1000000000,2,Yes,,,,,,,,
pfp_bloom_filter_add_unique_size_u64,0,NVIDIA A100-SXM4-40GB,I64,U64,64,16,8,2,1000000000,4,Yes,,,,,,,,
pfp_bloom_filter_add_unique_size_u64,0,NVIDIA A100-SXM4-40GB,I64,U64,64,16,8,2,1000000000,8,Yes,,,,,,,,
pfp_bloom_filter_add_unique_size_u64,0,NVIDIA A100-SXM4-40GB,I64,U64,64,16,8,2,1000000000,16,Yes,,,,,,,,
pfp_bloom_filter_add_unique_size_u64,0,NVIDIA A100-SXM4-40GB,I64,U64,64,16,8,2,1000000000,32,Yes,,,,,,,,
pfp_bloom_filter_add_unique_size_u64,0,NVIDIA A100-SXM4-40GB,I64,U64,64,16,8,2,1000000000,64,Yes,,,,,,,,
pfp_bloom_filter_add_unique_size_u64,0,NVIDIA A100-SXM4-40GB,I64,U64,64,16,8,2,1000000000,128,Yes,,,,,,,,
pfp_bloom_filter_add_unique_size_u64,0,NVIDIA A100-SXM4-40GB,I64,U64,64,16,8,2,1000000000,256,Yes,,,,,,,,
pfp_bloom_filter_add_unique_size_u64,0,NVIDIA A100-SXM4-40GB,I64,U64,64,16,8,2,1000000000,512,Yes,,,,,,,,
pfp_bloom_filter_add_unique_size_u64,0,NVIDIA A100-SXM4-40GB,I64,U64,64,16,8,2,1000000000,1024,Yes,,,,,,,,
pfp_bloom_filter_add_unique_size_u64,0,NVIDIA A100-SXM4-40GB,I64,U64,64,16,8,2,1000000000,2048,Yes,,,,,,,,
pfp_bloom_filter_add_unique_size_u64,0,NVIDIA A100-SXM4-40GB,I64,U64,64,16,8,4,1000000000,1,Yes,,,,,,,,
pfp_bloom_filter_add_unique_size_u64,0,NVIDIA A100-SXM4-40GB,I64,U64,64,16,8,4,1000000000,2,Yes,,,,,,,,
pfp_bloom_filter_add_unique_size_u64,0,NVIDIA A100-SXM4-40GB,I64,U64,64,16,8,4,1000000000,4,Yes,,,,,,,,
pfp_bloom_filter_add_unique_size_u64,0,NVIDIA A100-SXM4-40GB,I64,U64,64,16,8,4,1000000000,8,Yes,,,,,,,,
pfp_bloom_filter_add_unique_size_u64,0,NVIDIA A100-SXM4-40GB,I64,U64,64,16,8,4,1000000000,16,Yes,,,,,,,,
pfp_bloom_filter_add_unique_size_u64,0,NVIDIA A100-SXM4-40GB,I64,U64,64,16,8,4,1000000000,32,Yes,,,,,,,,
pfp_bloom_filter_add_unique_size_u64,0,NVIDIA A100-SXM4-40GB,I64,U64,64,16,8,4,1000000000,64,Yes,,,,,,,,
pfp_bloom_filter_add_unique_size_u64,0,NVIDIA A100-SXM4-40GB,I64,U64,64,16,8,4,1000000000,128,Yes,,,,,,,,
pfp_bloom_filter_add_unique_size_u64,0,NVIDIA A100-SXM4-40GB,I64,U64,64,16,8,4,1000000000,256,Yes,,,,,,,,
pfp_bloom_filter_add_unique_size_u64,0,NVIDIA A100-SXM4-40GB,I64,U64,64,16,8,4,1000000000,512,Yes,,,,,,,,
pfp_bloom_filter_add_unique_size_u64,0,NVIDIA A100-SXM4-40GB,I64,U64,64,16,8,4,1000000000,1024,Yes,,,,,,,,
pfp_bloom_filter_add_unique_size_u64,0,NVIDIA A100-SXM4-40GB,I64,U64,64,16,8,4,1000000000,2048,Yes,,,,,,,,
pfp_bloom_filter_add_unique_size_u64,0,NVIDIA A100-SXM4-40GB,I64,U64,64,16,8,8,1000000000,1,Yes,,,,,,,,
pfp_bloom_filter_add_unique_size_u64,0,NVIDIA A100-SXM4-40GB,I64,U64,64,16,8,8,1000000000,2,Yes,,,,,,,,
pfp_bloom_filter_add_unique_size_u64,0,NVIDIA A100-SXM4-40GB,I64,U64,64,16,8,8,1000000000,4,Yes,,,,,,,,
pfp_bloom_filter_add_unique_size_u64,0,NVIDIA A100-SXM4-40GB,I64,U64,64,16,8,8,1000000000,8,Yes,,,,,,,,
pfp_bloom_filter_add_unique_size_u64,0,NVIDIA A100-SXM4-40GB,I64,U64,64,16,8,8,1000000000,16,Yes,,,,,,,,
pfp_bloom_filter_add_unique_size_u64,0,NVIDIA A100-SXM4-40GB,I64,U64,64,16,8,8,1000000000,32,Yes,,,,,,,,
pfp_bloom_filter_add_unique_size_u64,0,NVIDIA A100-SXM4-40GB,I64,U64,64,16,8,8,1000000000,64,Yes,,,,,,,,
pfp_bloom_filter_add_unique_size_u64,0,NVIDIA A100-SXM4-40GB,I64,U64,64,16,8,8,1000000000,128,Yes,,,,,,,,
pfp_bloom_filter_add_unique_size_u64,0,NVIDIA A100-SXM4-40GB,I64,U64,64,16,8,8,1000000000,256,Yes,,,,,,,,
pfp_bloom_filter_add_unique_size_u64,0,NVIDIA A100-SXM4-40GB,I64,U64,64,16,8,8,1000000000,512,Yes,,,,,,,,
pfp_bloom_filter_add_unique_size_u64,0,NVIDIA A100-SXM4-40GB,I64,U64,64,16,8,8,1000000000,1024,Yes,,,,,,,,
pfp_bloom_filter_add_unique_size_u64,0,NVIDIA A100-SXM4-40GB,I64,U64,64,16,8,8,1000000000,2048,Yes,,,,,,,,
pfp_bloom_filter_add_unique_size_u64,0,NVIDIA A100-SXM4-40GB,I64,U64,128,1,1,1,1000000000,1,No,11,0.045566521090909085,0.0006583187923558288,0.04555031342939897,0.0006479661763541662,21953745753.033226,12,0.04552379639943441
pfp_bloom_filter_add_unique_size_u64,0,NVIDIA A100-SXM4-40GB,I64,U64,128,1,1,1,1000000000,2,No,11,0.04554154872727272,0.0005433406134191809,0.045525457555597476,0.0005286841051304915,21965732003.4348,12,0.04549939314524332
pfp_bloom_filter_add_unique_size_u64,0,NVIDIA A100-SXM4-40GB,I64,U64,128,1,1,1,1000000000,4,No,11,0.04547631036363637,0.0005946312791134632,0.04546066630970349,0.0005914203568130912,21997037904.97571,12,0.04543744055430094
pfp_bloom_filter_add_unique_size_u64,0,NVIDIA A100-SXM4-40GB,I64,U64,128,1,1,1,1000000000,8,No,12,0.04510625183333333,0.000599863650106186,0.04509064515431722,0.000589073889444064,22177549169.62537,13,0.04506096120981069
pfp_bloom_filter_add_unique_size_u64,0,NVIDIA A100-SXM4-40GB,I64,U64,128,1,1,1,1000000000,16,No,12,0.044956953083333334,0.0006210111355469581,0.0449411408106486,0.0006144636669184739,22251326556.513546,13,0.04490594541109526
pfp_bloom_filter_add_unique_size_u64,0,NVIDIA A100-SXM4-40GB,I64,U64,128,1,1,1,1000000000,32,No,11,0.06020682072727272,0.03554478130054236,0.06019109344482421,0.035547482922353955,16613753676.308887,12,0.0591894178390503
pfp_bloom_filter_add_unique_size_u64,0,NVIDIA A100-SXM4-40GB,I64,U64,128,1,1,1,1000000000,64,No,11,0.14385368818181818,0.0044137082600108485,0.14383829983797944,0.004416934735833203,6952251251.067397,12,0.14330385208129884
pfp_bloom_filter_add_unique_size_u64,0,NVIDIA A100-SXM4-40GB,I64,U64,128,1,1,1,1000000000,128,No,11,0.17955552172727274,0.0025235753674080976,0.1795403428511186,0.0025259558065510914,5569778825.861085,12,0.1793152847290039
pfp_bloom_filter_add_unique_size_u64,0,NVIDIA A100-SXM4-40GB,I64,U64,128,1,1,1,1000000000,256,No,11,0.2041084752727273,0.00406399863171433,0.20409353360262783,0.004064976333542292,4899714274.862868,12,0.2036334075927734
pfp_bloom_filter_add_unique_size_u64,0,NVIDIA A100-SXM4-40GB,I64,U64,128,1,1,1,1000000000,512,No,11,0.21714868981818183,0.002074913885827071,0.21713380015980113,0.0020755762045696316,4605455250.467882,12,0.2166012585957845
pfp_bloom_filter_add_unique_size_u64,0,NVIDIA A100-SXM4-40GB,I64,U64,128,1,1,1,1000000000,1024,No,11,0.22373347554545456,0.0024473842809487963,0.22371802728826348,0.0024464752850471287,4469912470.269941,12,0.2231183369954427
pfp_bloom_filter_add_unique_size_u64,0,NVIDIA A100-SXM4-40GB,I64,U64,128,1,1,1,1000000000,2048,No,11,0.2267772752727273,0.0026848381452300773,0.22676219315962357,0.0026849339470696675,4409906193.2077675,12,0.22680166244506839
pfp_bloom_filter_add_unique_size_u64,0,NVIDIA A100-SXM4-40GB,I64,U64,128,1,1,2,1000000000,1,No,11,0.04558245381818182,0.0011505302241534333,0.045566603227095166,0.001145952481378453,21945897415.61803,12,0.04552396742502848
pfp_bloom_filter_add_unique_size_u64,0,NVIDIA A100-SXM4-40GB,I64,U64,128,1,1,2,1000000000,2,No,11,0.045537082,0.0005967791555965035,0.045522292397239,0.0005819207174635082,21967259277.580925,12,0.04549905172983806
pfp_bloom_filter_add_unique_size_u64,0,NVIDIA A100-SXM4-40GB,I64,U64,128,1,1,2,1000000000,4,No,11,0.04547640181818182,0.0006051152133993499,0.045460387143221766,0.0005846556669566366,21997172986.00045,12,0.04543539110819498
pfp_bloom_filter_add_unique_size_u64,0,NVIDIA A100-SXM4-40GB,I64,U64,128,1,1,2,1000000000,8,No,12,0.045101237083333336,0.0006160433588133772,0.04508603700002034,0.0006047471212719419,22179815892.879406,13,0.04506017420842097
pfp_bloom_filter_add_unique_size_u64,0,NVIDIA A100-SXM4-40GB,I64,U64,128,1,1,2,1000000000,16,No,12,0.04495840025000001,0.0006467339529865265,0.04494276237487793,0.0006360743879785979,22250523714.113735,13,0.044906180161696216
pfp_bloom_filter_add_unique_size_u64,0,NVIDIA A100-SXM4-40GB,I64,U64,128,1,1,2,1000000000,32,No,11,0.06021074154545454,0.03534741989566109,0.06019481554898349,0.03535331365910078,16612726376.514114,12,0.05918557834625245
pfp_bloom_filter_add_unique_size_u64,0,NVIDIA A100-SXM4-40GB,I64,U64,128,1,1,2,1000000000,64,No,11,0.14364684381818182,0.003393058547443373,0.14363154740767045,0.0033954192152594194,6962258765.908111,12,0.1434961077372233
pfp_bloom_filter_add_unique_size_u64,0,NVIDIA A100-SXM4-40GB,I64,U64,128,1,1,2,1000000000,128,No,11,0.17977983100000003,0.0023487981140917183,0.17976366632634946,0.002348650661575286,5562859394.426034,12,0.1796363105773926
pfp_bloom_filter_add_unique_size_u64,0,NVIDIA A100-SXM4-40GB,I64,U64,128,1,1,2,1000000000,256,No,11,0.20465980963636365,0.003527337536927802,0.20464435230601918,0.0035269361237053277,4886526252.650399,12,0.20494958877563477
pfp_bloom_filter_add_unique_size_u64,0,NVIDIA A100-SXM4-40GB,I64,U64,128,1,1,2,1000000000,512,No,11,0.21725215690909092,0.0024334039828220427,0.21723619911887423,0.0024328417209085944,4603284369.990234,12,0.2177568435668945
pfp_bloom_filter_add_unique_size_u64,0,NVIDIA A100-SXM4-40GB,I64,U64,128,1,1,2,1000000000,1024,No,11,0.22406899790909093,0.0018541500382798003,0.22405343350497162,0.00185397614853295,4463221046.678629,12,0.22385740788777667
pfp_bloom_filter_add_unique_size_u64,0,NVIDIA A100-SXM4-40GB,I64,U64,128,1,1,2,1000000000,2048,No,11,0.2271024189090909,0.001890097434504294,0.22708680447665133,0.0018902847988585953,4403602412.322545,12,0.22710638809204098
pfp_bloom_filter_add_unique_size_u64,0,NVIDIA A100-SXM4-40GB,I64,U64,128,1,1,4,1000000000,1,Yes,,,,,,,,
pfp_bloom_filter_add_unique_size_u64,0,NVIDIA A100-SXM4-40GB,I64,U64,128,1,1,4,1000000000,2,Yes,,,,,,,,
pfp_bloom_filter_add_unique_size_u64,0,NVIDIA A100-SXM4-40GB,I64,U64,128,1,1,4,1000000000,4,Yes,,,,,,,,
pfp_bloom_filter_add_unique_size_u64,0,NVIDIA A100-SXM4-40GB,I64,U64,128,1,1,4,1000000000,8,Yes,,,,,,,,
pfp_bloom_filter_add_unique_size_u64,0,NVIDIA A100-SXM4-40GB,I64,U64,128,1,1,4,1000000000,16,Yes,,,,,,,,
pfp_bloom_filter_add_unique_size_u64,0,NVIDIA A100-SXM4-40GB,I64,U64,128,1,1,4,1000000000,32,Yes,,,,,,,,
pfp_bloom_filter_add_unique_size_u64,0,NVIDIA A100-SXM4-40GB,I64,U64,128,1,1,4,1000000000,64,Yes,,,,,,,,
pfp_bloom_filter_add_unique_size_u64,0,NVIDIA A100-SXM4-40GB,I64,U64,128,1,1,4,1000000000,128,Yes,,,,,,,,
pfp_bloom_filter_add_unique_size_u64,0,NVIDIA A100-SXM4-40GB,I64,U64,128,1,1,4,1000000000,256,Yes,,,,,,,,
pfp_bloom_filter_add_unique_size_u64,0,NVIDIA A100-SXM4-40GB,I64,U64,128,1,1,4,1000000000,512,Yes,,,,,,,,
pfp_bloom_filter_add_unique_size_u64,0,NVIDIA A100-SXM4-40GB,I64,U64,128,1,1,4,1000000000,1024,Yes,,,,,,,,
pfp_bloom_filter_add_unique_size_u64,0,NVIDIA A100-SXM4-40GB,I64,U64,128,1,1,4,1000000000,2048,Yes,,,,,,,,
pfp_bloom_filter_add_unique_size_u64,0,NVIDIA A100-SXM4-40GB,I64,U64,128,1,1,8,1000000000,1,Yes,,,,,,,,
pfp_bloom_filter_add_unique_size_u64,0,NVIDIA A100-SXM4-40GB,I64,U64,128,1,1,8,1000000000,2,Yes,,,,,,,,
pfp_bloom_filter_add_unique_size_u64,0,NVIDIA A100-SXM4-40GB,I64,U64,128,1,1,8,1000000000,4,Yes,,,,,,,,
pfp_bloom_filter_add_unique_size_u64,0,NVIDIA A100-SXM4-40GB,I64,U64,128,1,1,8,1000000000,8,Yes,,,,,,,,
pfp_bloom_filter_add_unique_size_u64,0,NVIDIA A100-SXM4-40GB,I64,U64,128,1,1,8,1000000000,16,Yes,,,,,,,,
pfp_bloom_filter_add_unique_size_u64,0,NVIDIA A100-SXM4-40GB,I64,U64,128,1,1,8,1000000000,32,Yes,,,,,,,,
pfp_bloom_filter_add_unique_size_u64,0,NVIDIA A100-SXM4-40GB,I64,U64,128,1,1,8,1000000000,64,Yes,,,,,,,,
pfp_bloom_filter_add_unique_size_u64,0,NVIDIA A100-SXM4-40GB,I64,U64,128,1,1,8,1000000000,128,Yes,,,,,,,,
pfp_bloom_filter_add_unique_size_u64,0,NVIDIA A100-SXM4-40GB,I64,U64,128,1,1,8,1000000000,256,Yes,,,,,,,,
pfp_bloom_filter_add_unique_size_u64,0,NVIDIA A100-SXM4-40GB,I64,U64,128,1,1,8,1000000000,512,Yes,,,,,,,,
pfp_bloom_filter_add_unique_size_u64,0,NVIDIA A100-SXM4-40GB,I64,U64,128,1,1,8,1000000000,1024,Yes,,,,,,,,
pfp_bloom_filter_add_unique_size_u64,0,NVIDIA A100-SXM4-40GB,I64,U64,128,1,1,8,1000000000,2048,Yes,,,,,,,,
pfp_bloom_filter_add_unique_size_u64,0,NVIDIA A100-SXM4-40GB,I64,U64,128,1,2,1,1000000000,1,No,17,0.031018497235294124,0.004164368616496408,0.03100226245206945,0.004167992791301126,32255710419.39387,18,0.030999550819396968
pfp_bloom_filter_add_unique_size_u64,0,NVIDIA A100-SXM4-40GB,I64,U64,128,1,2,1,1000000000,2,No,17,0.03121752835294118,0.0031007860486665455,0.031201641419354605,0.0031133381624305016,32049595935.029648,18,0.031229212972852922
pfp_bloom_filter_add_unique_size_u64,0,NVIDIA A100-SXM4-40GB,I64,U64,128,1,2,1,1000000000,4,No,16,0.031273904250000005,0.00023354899844791151,0.03125753617286682,0.0002261722173991674,31992284819.558247,17,0.0312189297395594
pfp_bloom_filter_add_unique_size_u64,0,NVIDIA A100-SXM4-40GB,I64,U64,128,1,2,1,1000000000,8,No,17,0.03123837241176471,0.002819345497914541,0.03122206093283261,0.0028187464756617903,32028635206.08969,18,0.031221019744873044
pfp_bloom_filter_add_unique_size_u64,0,NVIDIA A100-SXM4-40GB,I64,U64,128,1,2,1,1000000000,16,No,16,0.031317010000000006,0.0003401043449521793,0.031299328088760375,0.00035448323009156196,31949567644.52401,17,0.03127278013790355
pfp_bloom_filter_add_unique_size_u64,0,NVIDIA A100-SXM4-40GB,I64,U64,128,1,2,1,1000000000,32,No,11,0.05760703081818183,0.031848353333823326,0.05759171503240412,0.03184739339436499,17363608627.340714,12,0.05666227213541667
pfp_bloom_filter_add_unique_size_u64,0,NVIDIA A100-SXM4-40GB,I64,U64,128,1,2,1,1000000000,64,No,11,0.13161823190909092,0.004584240607279676,0.13160261535644532,0.004584404941027794,7598633182.870285,12,0.13140411631266274
pfp_bloom_filter_add_unique_size_u64,0,NVIDIA A100-SXM4-40GB,I64,U64,128,1,2,1,1000000000,128,No,11,0.1647637120909091,0.0018021825818699496,0.16474763627485794,0.0018006934567220446,6069889818.216527,12,0.16465237426757814
pfp_bloom_filter_add_unique_size_u64,0,NVIDIA A100-SXM4-40GB,I64,U64,128,1,2,1,1000000000,256,No,11,0.18110763672727273,0.0008575285565753692,0.18109039584073153,0.0008586607022488384,5522104004.231661,12,0.18102715810139977
pfp_bloom_filter_add_unique_size_u64,0,NVIDIA A100-SXM4-40GB,I64,U64,128,1,2,1,1000000000,512,No,11,0.1892804927272727,0.0006076680309869217,0.18926452359286222,0.0006054799874718224,5283610372.491981,12,0.1892392120361328
pfp_bloom_filter_add_unique_size_u64,0,NVIDIA A100-SXM4-40GB,I64,U64,128,1,2,1,1000000000,1024,No,11,0.19337412363636364,0.0008025951748766295,0.19335838317871093,0.0008004876376792574,5171743699.758561,12,0.1933204485575358
pfp_bloom_filter_add_unique_size_u64,0,NVIDIA A100-SXM4-40GB,I64,U64,128,1,2,1,1000000000,2048,No,11,0.19545121999999998,0.0011723393251179745,0.19543496149236506,0.0011728549867897021,5116791757.032001,12,0.1953581263224284
pfp_bloom_filter_add_unique_size_u64,0,NVIDIA A100-SXM4-40GB,I64,U64,128,1,2,2,1000000000,1,Yes,,,,,,,,
pfp_bloom_filter_add_unique_size_u64,0,NVIDIA A100-SXM4-40GB,I64,U64,128,1,2,2,1000000000,2,Yes,,,,,,,,
pfp_bloom_filter_add_unique_size_u64,0,NVIDIA A100-SXM4-40GB,I64,U64,128,1,2,2,1000000000,4,Yes,,,,,,,,
pfp_bloom_filter_add_unique_size_u64,0,NVIDIA A100-SXM4-40GB,I64,U64,128,1,2,2,1000000000,8,Yes,,,,,,,,
pfp_bloom_filter_add_unique_size_u64,0,NVIDIA A100-SXM4-40GB,I64,U64,128,1,2,2,1000000000,16,Yes,,,,,,,,
pfp_bloom_filter_add_unique_size_u64,0,NVIDIA A100-SXM4-40GB,I64,U64,128,1,2,2,1000000000,32,Yes,,,,,,,,
pfp_bloom_filter_add_unique_size_u64,0,NVIDIA A100-SXM4-40GB,I64,U64,128,1,2,2,1000000000,64,Yes,,,,,,,,
pfp_bloom_filter_add_unique_size_u64,0,NVIDIA A100-SXM4-40GB,I64,U64,128,1,2,2,1000000000,128,Yes,,,,,,,,
pfp_bloom_filter_add_unique_size_u64,0,NVIDIA A100-SXM4-40GB,I64,U64,128,1,2,2,1000000000,256,Yes,,,,,,,,
pfp_bloom_filter_add_unique_size_u64,0,NVIDIA A100-SXM4-40GB,I64,U64,128,1,2,2,1000000000,512,Yes,,,,,,,,
pfp_bloom_filter_add_unique_size_u64,0,NVIDIA A100-SXM4-40GB,I64,U64,128,1,2,2,1000000000,1024,Yes,,,,,,,,
pfp_bloom_filter_add_unique_size_u64,0,NVIDIA A100-SXM4-40GB,I64,U64,128,1,2,2,1000000000,2048,Yes,,,,,,,,
pfp_bloom_filter_add_unique_size_u64,0,NVIDIA A100-SXM4-40GB,I64,U64,128,1,2,4,1000000000,1,Yes,,,,,,,,
pfp_bloom_filter_add_unique_size_u64,0,NVIDIA A100-SXM4-40GB,I64,U64,128,1,2,4,1000000000,2,Yes,,,,,,,,
pfp_bloom_filter_add_unique_size_u64,0,NVIDIA A100-SXM4-40GB,I64,U64,128,1,2,4,1000000000,4,Yes,,,,,,,,
pfp_bloom_filter_add_unique_size_u64,0,NVIDIA A100-SXM4-40GB,I64,U64,128,1,2,4,1000000000,8,Yes,,,,,,,,
pfp_bloom_filter_add_unique_size_u64,0,NVIDIA A100-SXM4-40GB,I64,U64,128,1,2,4,1000000000,16,Yes,,,,,,,,
pfp_bloom_filter_add_unique_size_u64,0,NVIDIA A100-SXM4-40GB,I64,U64,128,1,2,4,1000000000,32,Yes,,,,,,,,
pfp_bloom_filter_add_unique_size_u64,0,NVIDIA A100-SXM4-40GB,I64,U64,128,1,2,4,1000000000,64,Yes,,,,,,,,
pfp_bloom_filter_add_unique_size_u64,0,NVIDIA A100-SXM4-40GB,I64,U64,128,1,2,4,1000000000,128,Yes,,,,,,,,
pfp_bloom_filter_add_unique_size_u64,0,NVIDIA A100-SXM4-40GB,I64,U64,128,1,2,4,1000000000,256,Yes,,,,,,,,
pfp_bloom_filter_add_unique_size_u64,0,NVIDIA A100-SXM4-40GB,I64,U64,128,1,2,4,1000000000,512,Yes,,,,,,,,
pfp_bloom_filter_add_unique_size_u64,0,NVIDIA A100-SXM4-40GB,I64,U64,128,1,2,4,1000000000,1024,Yes,,,,,,,,
pfp_bloom_filter_add_unique_size_u64,0,NVIDIA A100-SXM4-40GB,I64,U64,128,1,2,4,1000000000,2048,Yes,,,,,,,,
pfp_bloom_filter_add_unique_size_u64,0,NVIDIA A100-SXM4-40GB,I64,U64,128,1,2,8,1000000000,1,Yes,,,,,,,,
pfp_bloom_filter_add_unique_size_u64,0,NVIDIA A100-SXM4-40GB,I64,U64,128,1,2,8,1000000000,2,Yes,,,,,,,,
pfp_bloom_filter_add_unique_size_u64,0,NVIDIA A100-SXM4-40GB,I64,U64,128,1,2,8,1000000000,4,Yes,,,,,,,,
pfp_bloom_filter_add_unique_size_u64,0,NVIDIA A100-SXM4-40GB,I64,U64,128,1,2,8,1000000000,8,Yes,,,,,,,,
pfp_bloom_filter_add_unique_size_u64,0,NVIDIA A100-SXM4-40GB,I64,U64,128,1,2,8,1000000000,16,Yes,,,,,,,,
pfp_bloom_filter_add_unique_size_u64,0,NVIDIA A100-SXM4-40GB,I64,U64,128,1,2,8,1000000000,32,Yes,,,,,,,,
pfp_bloom_filter_add_unique_size_u64,0,NVIDIA A100-SXM4-40GB,I64,U64,128,1,2,8,1000000000,64,Yes,,,,,,,,
pfp_bloom_filter_add_unique_size_u64,0,NVIDIA A100-SXM4-40GB,I64,U64,128,1,2,8,1000000000,128,Yes,,,,,,,,
pfp_bloom_filter_add_unique_size_u64,0,NVIDIA A100-SXM4-40GB,I64,U64,128,1,2,8,1000000000,256,Yes,,,,,,,,
pfp_bloom_filter_add_unique_size_u64,0,NVIDIA A100-SXM4-40GB,I64,U64,128,1,2,8,1000000000,512,Yes,,,,,,,,
pfp_bloom_filter_add_unique_size_u64,0,NVIDIA A100-SXM4-40GB,I64,U64,128,1,2,8,1000000000,1024,Yes,,,,,,,,
pfp_bloom_filter_add_unique_size_u64,0,NVIDIA A100-SXM4-40GB,I64,U64,128,1,2,8,1000000000,2048,Yes,,,,,,,,
pfp_bloom_filter_add_unique_size_u64,0,NVIDIA A100-SXM4-40GB,I64,U64,128,1,4,1,1000000000,1,Yes,,,,,,,,
pfp_bloom_filter_add_unique_size_u64,0,NVIDIA A100-SXM4-40GB,I64,U64,128,1,4,1,1000000000,2,Yes,,,,,,,,
pfp_bloom_filter_add_unique_size_u64,0,NVIDIA A100-SXM4-40GB,I64,U64,128,1,4,1,1000000000,4,Yes,,,,,,,,
pfp_bloom_filter_add_unique_size_u64,0,NVIDIA A100-SXM4-40GB,I64,U64,128,1,4,1,1000000000,8,Yes,,,,,,,,
pfp_bloom_filter_add_unique_size_u64,0,NVIDIA A100-SXM4-40GB,I64,U64,128,1,4,1,1000000000,16,Yes,,,,,,,,
pfp_bloom_filter_add_unique_size_u64,0,NVIDIA A100-SXM4-40GB,I64,U64,128,1,4,1,1000000000,32,Yes,,,,,,,,
pfp_bloom_filter_add_unique_size_u64,0,NVIDIA A100-SXM4-40GB,I64,U64,128,1,4,1,1000000000,64,Yes,,,,,,,,
pfp_bloom_filter_add_unique_size_u64,0,NVIDIA A100-SXM4-40GB,I64,U64,128,1,4,1,1000000000,128,Yes,,,,,,,,
pfp_bloom_filter_add_unique_size_u64,0,NVIDIA A100-SXM4-40GB,I64,U64,128,1,4,1,1000000000,256,Yes,,,,,,,,
pfp_bloom_filter_add_unique_size_u64,0,NVIDIA A100-SXM4-40GB,I64,U64,128,1,4,1,1000000000,512,Yes,,,,,,,,
pfp_bloom_filter_add_unique_size_u64,0,NVIDIA A100-SXM4-40GB,I64,U64,128,1,4,1,1000000000,1024,Yes,,,,,,,,
pfp_bloom_filter_add_unique_size_u64,0,NVIDIA A100-SXM4-40GB,I64,U64,128,1,4,1,1000000000,2048,Yes,,,,,,,,
pfp_bloom_filter_add_unique_size_u64,0,NVIDIA A100-SXM4-40GB,I64,U64,128,1,4,2,1000000000,1,Yes,,,,,,,,
pfp_bloom_filter_add_unique_size_u64,0,NVIDIA A100-SXM4-40GB,I64,U64,128,1,4,2,1000000000,2,Yes,,,,,,,,
pfp_bloom_filter_add_unique_size_u64,0,NVIDIA A100-SXM4-40GB,I64,U64,128,1,4,2,1000000000,4,Yes,,,,,,,,
pfp_bloom_filter_add_unique_size_u64,0,NVIDIA A100-SXM4-40GB,I64,U64,128,1,4,2,1000000000,8,Yes,,,,,,,,
pfp_bloom_filter_add_unique_size_u64,0,NVIDIA A100-SXM4-40GB,I64,U64,128,1,4,2,1000000000,16,Yes,,,,,,,,
pfp_bloom_filter_add_unique_size_u64,0,NVIDIA A100-SXM4-40GB,I64,U64,128,1,4,2,1000000000,32,Yes,,,,,,,,
pfp_bloom_filter_add_unique_size_u64,0,NVIDIA A100-SXM4-40GB,I64,U64,128,1,4,2,1000000000,64,Yes,,,,,,,,
pfp_bloom_filter_add_unique_size_u64,0,NVIDIA A100-SXM4-40GB,I64,U64,128,1,4,2,1000000000,128,Yes,,,,,,,,
pfp_bloom_filter_add_unique_size_u64,0,NVIDIA A100-SXM4-40GB,I64,U64,128,1,4,2,1000000000,256,Yes,,,,,,,,
pfp_bloom_filter_add_unique_size_u64,0,NVIDIA A100-SXM4-40GB,I64,U64,128,1,4,2,1000000000,512,Yes,,,,,,,,
pfp_bloom_filter_add_unique_size_u64,0,NVIDIA A100-SXM4-40GB,I64,U64,128,1,4,2,1000000000,1024,Yes,,,,,,,,
pfp_bloom_filter_add_unique_size_u64,0,NVIDIA A100-SXM4-40GB,I64,U64,128,1,4,2,1000000000,2048,Yes,,,,,,,,
pfp_bloom_filter_add_unique_size_u64,0,NVIDIA A100-SXM4-40GB,I64,U64,128,1,4,4,1000000000,1,Yes,,,,,,,,
pfp_bloom_filter_add_unique_size_u64,0,NVIDIA A100-SXM4-40GB,I64,U64,128,1,4,4,1000000000,2,Yes,,,,,,,,
pfp_bloom_filter_add_unique_size_u64,0,NVIDIA A100-SXM4-40GB,I64,U64,128,1,4,4,1000000000,4,Yes,,,,,,,,
pfp_bloom_filter_add_unique_size_u64,0,NVIDIA A100-SXM4-40GB,I64,U64,128,1,4,4,1000000000,8,Yes,,,,,,,,
pfp_bloom_filter_add_unique_size_u64,0,NVIDIA A100-SXM4-40GB,I64,U64,128,1,4,4,1000000000,16,Yes,,,,,,,,
pfp_bloom_filter_add_unique_size_u64,0,NVIDIA A100-SXM4-40GB,I64,U64,128,1,4,4,1000000000,32,Yes,,,,,,,,
pfp_bloom_filter_add_unique_size_u64,0,NVIDIA A100-SXM4-40GB,I64,U64,128,1,4,4,1000000000,64,Yes,,,,,,,,
pfp_bloom_filter_add_unique_size_u64,0,NVIDIA A100-SXM4-40GB,I64,U64,128,1,4,4,1000000000,128,Yes,,,,,,,,
pfp_bloom_filter_add_unique_size_u64,0,NVIDIA A100-SXM4-40GB,I64,U64,128,1,4,4,1000000000,256,Yes,,,,,,,,
pfp_bloom_filter_add_unique_size_u64,0,NVIDIA A100-SXM4-40GB,I64,U64,128,1,4,4,1000000000,512,Yes,,,,,,,,
pfp_bloom_filter_add_unique_size_u64,0,NVIDIA A100-SXM4-40GB,I64,U64,128,1,4,4,1000000000,1024,Yes,,,,,,,,
pfp_bloom_filter_add_unique_size_u64,0,NVIDIA A100-SXM4-40GB,I64,U64,128,1,4,4,1000000000,2048,Yes,,,,,,,,
pfp_bloom_filter_add_unique_size_u64,0,NVIDIA A100-SXM4-40GB,I64,U64,128,1,4,8,1000000000,1,Yes,,,,,,,,
pfp_bloom_filter_add_unique_size_u64,0,NVIDIA A100-SXM4-40GB,I64,U64,128,1,4,8,1000000000,2,Yes,,,,,,,,
pfp_bloom_filter_add_unique_size_u64,0,NVIDIA A100-SXM4-40GB,I64,U64,128,1,4,8,1000000000,4,Yes,,,,,,,,
pfp_bloom_filter_add_unique_size_u64,0,NVIDIA A100-SXM4-40GB,I64,U64,128,1,4,8,1000000000,8,Yes,,,,,,,,
pfp_bloom_filter_add_unique_size_u64,0,NVIDIA A100-SXM4-40GB,I64,U64,128,1,4,8,1000000000,16,Yes,,,,,,,,
pfp_bloom_filter_add_unique_size_u64,0,NVIDIA A100-SXM4-40GB,I64,U64,128,1,4,8,1000000000,32,Yes,,,,,,,,
pfp_bloom_filter_add_unique_size_u64,0,NVIDIA A100-SXM4-40GB,I64,U64,128,1,4,8,1000000000,64,Yes,,,,,,,,
pfp_bloom_filter_add_unique_size_u64,0,NVIDIA A100-SXM4-40GB,I64,U64,128,1,4,8,1000000000,128,Yes,,,,,,,,
pfp_bloom_filter_add_unique_size_u64,0,NVIDIA A100-SXM4-40GB,I64,U64,128,1,4,8,1000000000,256,Yes,,,,,,,,
pfp_bloom_filter_add_unique_size_u64,0,NVIDIA A100-SXM4-40GB,I64,U64,128,1,4,8,1000000000,512,Yes,,,,,,,,
pfp_bloom_filter_add_unique_size_u64,0,NVIDIA A100-SXM4-40GB,I64,U64,128,1,4,8,1000000000,1024,Yes,,,,,,,,
pfp_bloom_filter_add_unique_size_u64,0,NVIDIA A100-SXM4-40GB,I64,U64,128,1,4,8,1000000000,2048,Yes,,,,,,,,
pfp_bloom_filter_add_unique_size_u64,0,NVIDIA A100-SXM4-40GB,I64,U64,128,1,8,1,1000000000,1,Yes,,,,,,,,
pfp_bloom_filter_add_unique_size_u64,0,NVIDIA A100-SXM4-40GB,I64,U64,128,1,8,1,1000000000,2,Yes,,,,,,,,
pfp_bloom_filter_add_unique_size_u64,0,NVIDIA A100-SXM4-40GB,I64,U64,128,1,8,1,1000000000,4,Yes,,,,,,,,
pfp_bloom_filter_add_unique_size_u64,0,NVIDIA A100-SXM4-40GB,I64,U64,128,1,8,1,1000000000,8,Yes,,,,,,,,
pfp_bloom_filter_add_unique_size_u64,0,NVIDIA A100-SXM4-40GB,I64,U64,128,1,8,1,1000000000,16,Yes,,,,,,,,
pfp_bloom_filter_add_unique_size_u64,0,NVIDIA A100-SXM4-40GB,I64,U64,128,1,8,1,1000000000,32,Yes,,,,,,,,
pfp_bloom_filter_add_unique_size_u64,0,NVIDIA A100-SXM4-40GB,I64,U64,128,1,8,1,1000000000,64,Yes,,,,,,,,
pfp_bloom_filter_add_unique_size_u64,0,NVIDIA A100-SXM4-40GB,I64,U64,128,1,8,1,1000000000,128,Yes,,,,,,,,
pfp_bloom_filter_add_unique_size_u64,0,NVIDIA A100-SXM4-40GB,I64,U64,128,1,8,1,1000000000,256,Yes,,,,,,,,
pfp_bloom_filter_add_unique_size_u64,0,NVIDIA A100-SXM4-40GB,I64,U64,128,1,8,1,1000000000,512,Yes,,,,,,,,
pfp_bloom_filter_add_unique_size_u64,0,NVIDIA A100-SXM4-40GB,I64,U64,128,1,8,1,1000000000,1024,Yes,,,,,,,,
pfp_bloom_filter_add_unique_size_u64,0,NVIDIA A100-SXM4-40GB,I64,U64,128,1,8,1,1000000000,2048,Yes,,,,,,,,
pfp_bloom_filter_add_unique_size_u64,0,NVIDIA A100-SXM4-40GB,I64,U64,128,1,8,2,1000000000,1,Yes,,,,,,,,
pfp_bloom_filter_add_unique_size_u64,0,NVIDIA A100-SXM4-40GB,I64,U64,128,1,8,2,1000000000,2,Yes,,,,,,,,
pfp_bloom_filter_add_unique_size_u64,0,NVIDIA A100-SXM4-40GB,I64,U64,128,1,8,2,1000000000,4,Yes,,,,,,,,
pfp_bloom_filter_add_unique_size_u64,0,NVIDIA A100-SXM4-40GB,I64,U64,128,1,8,2,1000000000,8,Yes,,,,,,,,
pfp_bloom_filter_add_unique_size_u64,0,NVIDIA A100-SXM4-40GB,I64,U64,128,1,8,2,1000000000,16,Yes,,,,,,,,
pfp_bloom_filter_add_unique_size_u64,0,NVIDIA A100-SXM4-40GB,I64,U64,128,1,8,2,1000000000,32,Yes,,,,,,,,
pfp_bloom_filter_add_unique_size_u64,0,NVIDIA A100-SXM4-40GB,I64,U64,128,1,8,2,1000000000,64,Yes,,,,,,,,
pfp_bloom_filter_add_unique_size_u64,0,NVIDIA A100-SXM4-40GB,I64,U64,128,1,8,2,1000000000,128,Yes,,,,,,,,
pfp_bloom_filter_add_unique_size_u64,0,NVIDIA A100-SXM4-40GB,I64,U64,128,1,8,2,1000000000,256,Yes,,,,,,,,
pfp_bloom_filter_add_unique_size_u64,0,NVIDIA A100-SXM4-40GB,I64,U64,128,1,8,2,1000000000,512,Yes,,,,,,,,
pfp_bloom_filter_add_unique_size_u64,0,NVIDIA A100-SXM4-40GB,I64,U64,128,1,8,2,1000000000,1024,Yes,,,,,,,,
pfp_bloom_filter_add_unique_size_u64,0,NVIDIA A100-SXM4-40GB,I64,U64,128,1,8,2,1000000000,2048,Yes,,,,,,,,
pfp_bloom_filter_add_unique_size_u64,0,NVIDIA A100-SXM4-40GB,I64,U64,128,1,8,4,1000000000,1,Yes,,,,,,,,
pfp_bloom_filter_add_unique_size_u64,0,NVIDIA A100-SXM4-40GB,I64,U64,128,1,8,4,1000000000,2,Yes,,,,,,,,
pfp_bloom_filter_add_unique_size_u64,0,NVIDIA A100-SXM4-40GB,I64,U64,128,1,8,4,1000000000,4,Yes,,,,,,,,
pfp_bloom_filter_add_unique_size_u64,0,NVIDIA A100-SXM4-40GB,I64,U64,128,1,8,4,1000000000,8,Yes,,,,,,,,
pfp_bloom_filter_add_unique_size_u64,0,NVIDIA A100-SXM4-40GB,I64,U64,128,1,8,4,1000000000,16,Yes,,,,,,,,
pfp_bloom_filter_add_unique_size_u64,0,NVIDIA A100-SXM4-40GB,I64,U64,128,1,8,4,1000000000,32,Yes,,,,,,,,
pfp_bloom_filter_add_unique_size_u64,0,NVIDIA A100-SXM4-40GB,I64,U64,128,1,8,4,1000000000,64,Yes,,,,,,,,
pfp_bloom_filter_add_unique_size_u64,0,NVIDIA A100-SXM4-40GB,I64,U64,128,1,8,4,1000000000,128,Yes,,,,,,,,
pfp_bloom_filter_add_unique_size_u64,0,NVIDIA A100-SXM4-40GB,I64,U64,128,1,8,4,1000000000,256,Yes,,,,,,,,
pfp_bloom_filter_add_unique_size_u64,0,NVIDIA A100-SXM4-40GB,I64,U64,128,1,8,4,1000000000,512,Yes,,,,,,,,
pfp_bloom_filter_add_unique_size_u64,0,NVIDIA A100-SXM4-40GB,I64,U64,128,1,8,4,1000000000,1024,Yes,,,,,,,,
pfp_bloom_filter_add_unique_size_u64,0,NVIDIA A100-SXM4-40GB,I64,U64,128,1,8,4,1000000000,2048,Yes,,,,,,,,
pfp_bloom_filter_add_unique_size_u64,0,NVIDIA A100-SXM4-40GB,I64,U64,128,1,8,8,1000000000,1,Yes,,,,,,,,
pfp_bloom_filter_add_unique_size_u64,0,NVIDIA A100-SXM4-40GB,I64,U64,128,1,8,8,1000000000,2,Yes,,,,,,,,
pfp_bloom_filter_add_unique_size_u64,0,NVIDIA A100-SXM4-40GB,I64,U64,128,1,8,8,1000000000,4,Yes,,,,,,,,
pfp_bloom_filter_add_unique_size_u64,0,NVIDIA A100-SXM4-40GB,I64,U64,128,1,8,8,1000000000,8,Yes,,,,,,,,
pfp_bloom_filter_add_unique_size_u64,0,NVIDIA A100-SXM4-40GB,I64,U64,128,1,8,8,1000000000,16,Yes,,,,,,,,
pfp_bloom_filter_add_unique_size_u64,0,NVIDIA A100-SXM4-40GB,I64,U64,128,1,8,8,1000000000,32,Yes,,,,,,,,
pfp_bloom_filter_add_unique_size_u64,0,NVIDIA A100-SXM4-40GB,I64,U64,128,1,8,8,1000000000,64,Yes,,,,,,,,
pfp_bloom_filter_add_unique_size_u64,0,NVIDIA A100-SXM4-40GB,I64,U64,128,1,8,8,1000000000,128,Yes,,,,,,,,
pfp_bloom_filter_add_unique_size_u64,0,NVIDIA A100-SXM4-40GB,I64,U64,128,1,8,8,1000000000,256,Yes,,,,,,,,
pfp_bloom_filter_add_unique_size_u64,0,NVIDIA A100-SXM4-40GB,I64,U64,128,1,8,8,1000000000,512,Yes,,,,,,,,
pfp_bloom_filter_add_unique_size_u64,0,NVIDIA A100-SXM4-40GB,I64,U64,128,1,8,8,1000000000,1024,Yes,,,,,,,,
pfp_bloom_filter_add_unique_size_u64,0,NVIDIA A100-SXM4-40GB,I64,U64,128,1,8,8,1000000000,2048,Yes,,,,,,,,
pfp_bloom_filter_add_unique_size_u64,0,NVIDIA A100-SXM4-40GB,I64,U64,128,16,1,1,1000000000,1,No,11,0.046376220727272724,0.005707391202794262,0.04635917975685813,0.005712834459182904,21570700889.11712,12,0.046540203094482424
pfp_bloom_filter_add_unique_size_u64,0,NVIDIA A100-SXM4-40GB,I64,U64,128,16,1,1,1000000000,2,No,11,0.04657467727272728,0.0006569611278269055,0.04655774203213778,0.0006467438824894812,21478704858.790665,12,0.04652689107259114
pfp_bloom_filter_add_unique_size_u64,0,NVIDIA A100-SXM4-40GB,I64,U64,128,16,1,1,1000000000,4,No,11,0.04650804054545454,0.000651122512299127,0.04649127544056286,0.000641559349913515,21509412046.10439,12,0.04646835072835287
pfp_bloom_filter_add_unique_size_u64,0,NVIDIA A100-SXM4-40GB,I64,U64,128,16,1,1,1000000000,8,No,11,0.04635697709090909,0.005982290938763638,0.04633953753384678,0.005982502968937173,21579844193.947594,12,0.04626005427042643
pfp_bloom_filter_add_unique_size_u64,0,NVIDIA A100-SXM4-40GB,I64,U64,128,16,1,1,1000000000,16,No,11,0.046490394636363626,0.0011176753336624482,0.046474891315806996,0.0011186059626735571,21516994912.473972,12,0.046451968510945636
pfp_bloom_filter_add_unique_size_u64,0,NVIDIA A100-SXM4-40GB,I64,U64,128,16,1,1,1000000000,32,No,11,0.060751860818181826,0.03550920996345697,0.060736140164462,0.03551294334369105,16464661687.295057,12,0.05972335020701091
pfp_bloom_filter_add_unique_size_u64,0,NVIDIA A100-SXM4-40GB,I64,U64,128,16,1,1,1000000000,64,No,11,0.14632875718181818,0.0028874423737089492,0.1463133087158203,0.0028865220043180753,6834648254.331179,12,0.14620911026000977
pfp_bloom_filter_add_unique_size_u64,0,NVIDIA A100-SXM4-40GB,I64,U64,128,16,1,1,1000000000,128,No,11,0.18883476481818187,0.000343665401293022,0.18881787248091264,0.0003442398270924185,5296108820.954376,12,0.18881186040242515
pfp_bloom_filter_add_unique_size_u64,0,NVIDIA A100-SXM4-40GB,I64,U64,128,16,1,1,1000000000,256,No,11,0.21342682736363636,0.00024181886714870403,0.2134103504527699,0.00024361966196323134,4685808340.028527,12,0.21333359146118167
pfp_bloom_filter_add_unique_size_u64,0,NVIDIA A100-SXM4-40GB,I64,U64,128,16,1,1,1000000000,512,No,11,0.22643684609090914,0.0003661456033334542,0.22641952375932173,0.00036698563746314337,4416580263.912996,12,0.22640563201904298
pfp_bloom_filter_add_unique_size_u64,0,NVIDIA A100-SXM4-40GB,I64,U64,128,16,1,1,1000000000,1024,No,11,0.23318131045454546,0.00037369175291062246,0.23316591713645243,0.00037550732513620547,4288791484.9698377,12,0.2331840858459473
pfp_bloom_filter_add_unique_size_u64,0,NVIDIA A100-SXM4-40GB,I64,U64,128,16,1,1,1000000000,2048,No,11,0.2365659249090909,0.0005797185535479176,0.23654949535023084,0.0005788788350405129,4227445078.7536807,12,0.2365561180114746
pfp_bloom_filter_add_unique_size_u64,0,NVIDIA A100-SXM4-40GB,I64,U64,128,16,1,2,1000000000,1,No,11,0.04699960054545455,0.004868062335350264,0.04698251620205966,0.004872352937792448,21284513492.194805,12,0.04701320711771647
pfp_bloom_filter_add_unique_size_u64,0,NVIDIA A100-SXM4-40GB,I64,U64,128,16,1,2,1000000000,2,No,11,0.04709796136363636,0.0006770673979996829,0.04708063472401012,0.000667536248544258,21240155445.271034,12,0.04705203151702881
pfp_bloom_filter_add_unique_size_u64,0,NVIDIA A100-SXM4-40GB,I64,U64,128,16,1,2,1000000000,4,No,11,0.04703484627272727,0.0005609535087588577,0.0470177976434881,0.0005529368488850667,21268541916.456577,12,0.04692590713500977
pfp_bloom_filter_add_unique_size_u64,0,NVIDIA A100-SXM4-40GB,I64,U64,128,16,1,2,1000000000,8,No,11,0.04665339745454545,0.0006385872774598083,0.04663668337735263,0.0006282365519430952,21442348117.010674,12,0.04661273574829102
pfp_bloom_filter_add_unique_size_u64,0,NVIDIA A100-SXM4-40GB,I64,U64,128,16,1,2,1000000000,16,No,11,0.04687999709090909,0.004319689362360578,0.04686382605812766,0.004318385501460036,21338419930.964397,12,0.04670037269592286
pfp_bloom_filter_add_unique_size_u64,0,NVIDIA A100-SXM4-40GB,I64,U64,128,16,1,2,1000000000,32,No,11,0.06085916736363636,0.03475034134832656,0.06084319444136186,0.03475929174317885,16435691932.049334,12,0.05984563128153483
pfp_bloom_filter_add_unique_size_u64,0,NVIDIA A100-SXM4-40GB,I64,U64,128,16,1,2,1000000000,64,No,11,0.1460527220909091,0.003039766368992581,0.14603682778098367,0.0030392533060287197,6847587798.193847,12,0.14589431635538738
pfp_bloom_filter_add_unique_size_u64,0,NVIDIA A100-SXM4-40GB,I64,U64,128,16,1,2,1000000000,128,No,11,0.18683194681818183,0.00043699584882045037,0.18681623424183239,0.0004361772852525514,5352853856.937864,12,0.18678178278605143
pfp_bloom_filter_add_unique_size_u64,0,NVIDIA A100-SXM4-40GB,I64,U64,128,16,1,2,1000000000,256,No,11,0.2102838980909091,0.00038537734248118166,0.21026834522594104,0.00038491486507990954,4755827601.750817,12,0.21026619466145832
pfp_bloom_filter_add_unique_size_u64,0,NVIDIA A100-SXM4-40GB,I64,U64,128,16,1,2,1000000000,512,No,11,0.22282844236363636,0.00024667682903026786,0.2228124375776811,0.0002469702389275818,4488079798.73817,12,0.22278493881225583
pfp_bloom_filter_add_unique_size_u64,0,NVIDIA A100-SXM4-40GB,I64,U64,128,16,1,2,1000000000,1024,No,11,0.22932850781818184,0.0002412164734325499,0.2293122350519354,0.0002410832512892278,4360866308.653424,12,0.22930833053588873
pfp_bloom_filter_add_unique_size_u64,0,NVIDIA A100-SXM4-40GB,I64,U64,128,16,1,2,1000000000,2048,No,11,0.23257595945454546,0.0002424541936170071,0.232560453935103,0.00024521055843030324,4299957207.165816,12,0.23252411905924478
pfp_bloom_filter_add_unique_size_u64,0,NVIDIA A100-SXM4-40GB,I64,U64,128,16,1,4,1000000000,1,Yes,,,,,,,,
pfp_bloom_filter_add_unique_size_u64,0,NVIDIA A100-SXM4-40GB,I64,U64,128,16,1,4,1000000000,2,Yes,,,,,,,,
pfp_bloom_filter_add_unique_size_u64,0,NVIDIA A100-SXM4-40GB,I64,U64,128,16,1,4,1000000000,4,Yes,,,,,,,,
pfp_bloom_filter_add_unique_size_u64,0,NVIDIA A100-SXM4-40GB,I64,U64,128,16,1,4,1000000000,8,Yes,,,,,,,,
pfp_bloom_filter_add_unique_size_u64,0,NVIDIA A100-SXM4-40GB,I64,U64,128,16,1,4,1000000000,16,Yes,,,,,,,,
pfp_bloom_filter_add_unique_size_u64,0,NVIDIA A100-SXM4-40GB,I64,U64,128,16,1,4,1000000000,32,Yes,,,,,,,,
pfp_bloom_filter_add_unique_size_u64,0,NVIDIA A100-SXM4-40GB,I64,U64,128,16,1,4,1000000000,64,Yes,,,,,,,,
pfp_bloom_filter_add_unique_size_u64,0,NVIDIA A100-SXM4-40GB,I64,U64,128,16,1,4,1000000000,128,Yes,,,,,,,,
pfp_bloom_filter_add_unique_size_u64,0,NVIDIA A100-SXM4-40GB,I64,U64,128,16,1,4,1000000000,256,Yes,,,,,,,,
pfp_bloom_filter_add_unique_size_u64,0,NVIDIA A100-SXM4-40GB,I64,U64,128,16,1,4,1000000000,512,Yes,,,,,,,,
pfp_bloom_filter_add_unique_size_u64,0,NVIDIA A100-SXM4-40GB,I64,U64,128,16,1,4,1000000000,1024,Yes,,,,,,,,
pfp_bloom_filter_add_unique_size_u64,0,NVIDIA A100-SXM4-40GB,I64,U64,128,16,1,4,1000000000,2048,Yes,,,,,,,,
pfp_bloom_filter_add_unique_size_u64,0,NVIDIA A100-SXM4-40GB,I64,U64,128,16,1,8,1000000000,1,Yes,,,,,,,,
pfp_bloom_filter_add_unique_size_u64,0,NVIDIA A100-SXM4-40GB,I64,U64,128,16,1,8,1000000000,2,Yes,,,,,,,,
pfp_bloom_filter_add_unique_size_u64,0,NVIDIA A100-SXM4-40GB,I64,U64,128,16,1,8,1000000000,4,Yes,,,,,,,,
pfp_bloom_filter_add_unique_size_u64,0,NVIDIA A100-SXM4-40GB,I64,U64,128,16,1,8,1000000000,8,Yes,,,,,,,,
pfp_bloom_filter_add_unique_size_u64,0,NVIDIA A100-SXM4-40GB,I64,U64,128,16,1,8,1000000000,16,Yes,,,,,,,,
pfp_bloom_filter_add_unique_size_u64,0,NVIDIA A100-SXM4-40GB,I64,U64,128,16,1,8,1000000000,32,Yes,,,,,,,,
pfp_bloom_filter_add_unique_size_u64,0,NVIDIA A100-SXM4-40GB,I64,U64,128,16,1,8,1000000000,64,Yes,,,,,,,,
pfp_bloom_filter_add_unique_size_u64,0,NVIDIA A100-SXM4-40GB,I64,U64,128,16,1,8,1000000000,128,Yes,,,,,,,,
pfp_bloom_filter_add_unique_size_u64,0,NVIDIA A100-SXM4-40GB,I64,U64,128,16,1,8,1000000000,256,Yes,,,,,,,,
pfp_bloom_filter_add_unique_size_u64,0,NVIDIA A100-SXM4-40GB,I64,U64,128,16,1,8,1000000000,512,Yes,,,,,,,,
pfp_bloom_filter_add_unique_size_u64,0,NVIDIA A100-SXM4-40GB,I64,U64,128,16,1,8,1000000000,1024,Yes,,,,,,,,
pfp_bloom_filter_add_unique_size_u64,0,NVIDIA A100-SXM4-40GB,I64,U64,128,16,1,8,1000000000,2048,Yes,,,,,,,,
pfp_bloom_filter_add_unique_size_u64,0,NVIDIA A100-SXM4-40GB,I64,U64,128,16,2,1,1000000000,1,No,14,0.03814211514285715,0.005258493438116629,0.038124983378819054,0.005243919186046003,26229519631.88438,15,0.038060304260253905
pfp_bloom_filter_add_unique_size_u64,0,NVIDIA A100-SXM4-40GB,I64,U64,128,16,2,1,1000000000,2,No,14,0.038082338,0.0013759657477060345,0.03806595693315779,0.0013700598526083633,26270192070.98767,15,0.038064946746826166
pfp_bloom_filter_add_unique_size_u64,0,NVIDIA A100-SXM4-40GB,I64,U64,128,16,2,1,1000000000,4,No,14,0.038080814571428576,0.0016939084139512496,0.03806398146493094,0.0016945438010720255,26271555457.784122,15,0.038065152231852216
pfp_bloom_filter_add_unique_size_u64,0,NVIDIA A100-SXM4-40GB,I64,U64,128,16,2,1,1000000000,8,No,14,0.03815025585714286,0.004750649549715735,0.03813302912030901,0.0047448632444670215,26223985428.616703,15,0.03806515197753906
pfp_bloom_filter_add_unique_size_u64,0,NVIDIA A100-SXM4-40GB,I64,U64,128,16,2,1,1000000000,16,No,13,0.03849497623076924,0.00411349769427056,0.03847727232712966,0.0041008007085415925,25989368256.09952,14,0.03845946529933385
pfp_bloom_filter_add_unique_size_u64,0,NVIDIA A100-SXM4-40GB,I64,U64,128,16,2,1,1000000000,32,No,11,0.058242354090909096,0.031242549373480276,0.05822678097811613,0.031238466547748887,17174227790.0583,12,0.057279403050740564
pfp_bloom_filter_add_unique_size_u64,0,NVIDIA A100-SXM4-40GB,I64,U64,128,16,2,1,1000000000,64,No,11,0.13168617600000002,0.004598666700024031,0.13166973599520596,0.004598832743383592,7594759664.714522,12,0.13148270670572915
pfp_bloom_filter_add_unique_size_u64,0,NVIDIA A100-SXM4-40GB,I64,U64,128,16,2,1,1000000000,128,No,11,0.16480153672727274,0.0017446418611549563,0.1647859871604226,0.0017439806523022478,6068477163.816601,12,0.1647144101460775
pfp_bloom_filter_add_unique_size_u64,0,NVIDIA A100-SXM4-40GB,I64,U64,128,16,2,1,1000000000,256,No,11,0.181160086,0.0008960433272745161,0.1811437364058061,0.0008961219152440876,5520477935.597819,12,0.18108441543579104
pfp_bloom_filter_add_unique_size_u64,0,NVIDIA A100-SXM4-40GB,I64,U64,128,16,2,1,1000000000,512,No,11,0.18931689472727273,0.0005916830148419903,0.18930120156028052,0.0005913754929244807,5282586648.989457,12,0.18926813761393227
pfp_bloom_filter_add_unique_size_u64,0,NVIDIA A100-SXM4-40GB,I64,U64,128,16,2,1,1000000000,1024,No,11,0.1934348911818182,0.000757858504399976,0.19341833357377486,0.0007588715349104907,5170140707.569345,12,0.1933745485941569
pfp_bloom_filter_add_unique_size_u64,0,NVIDIA A100-SXM4-40GB,I64,U64,128,16,2,1,1000000000,2048,No,11,0.19548842236363637,0.0011851933764621082,0.1954717351740057,0.001181398106852399,5115829145.88555,12,0.19542246627807616
pfp_bloom_filter_add_unique_size_u64,0,NVIDIA A100-SXM4-40GB,I64,U64,128,16,2,2,1000000000,1,Yes,,,,,,,,
pfp_bloom_filter_add_unique_size_u64,0,NVIDIA A100-SXM4-40GB,I64,U64,128,16,2,2,1000000000,2,Yes,,,,,,,,
pfp_bloom_filter_add_unique_size_u64,0,NVIDIA A100-SXM4-40GB,I64,U64,128,16,2,2,1000000000,4,Yes,,,,,,,,
pfp_bloom_filter_add_unique_size_u64,0,NVIDIA A100-SXM4-40GB,I64,U64,128,16,2,2,1000000000,8,Yes,,,,,,,,
pfp_bloom_filter_add_unique_size_u64,0,NVIDIA A100-SXM4-40GB,I64,U64,128,16,2,2,1000000000,16,Yes,,,,,,,,
pfp_bloom_filter_add_unique_size_u64,0,NVIDIA A100-SXM4-40GB,I64,U64,128,16,2,2,1000000000,32,Yes,,,,,,,,
pfp_bloom_filter_add_unique_size_u64,0,NVIDIA A100-SXM4-40GB,I64,U64,128,16,2,2,1000000000,64,Yes,,,,,,,,
pfp_bloom_filter_add_unique_size_u64,0,NVIDIA A100-SXM4-40GB,I64,U64,128,16,2,2,1000000000,128,Yes,,,,,,,,
pfp_bloom_filter_add_unique_size_u64,0,NVIDIA A100-SXM4-40GB,I64,U64,128,16,2,2,1000000000,256,Yes,,,,,,,,
pfp_bloom_filter_add_unique_size_u64,0,NVIDIA A100-SXM4-40GB,I64,U64,128,16,2,2,1000000000,512,Yes,,,,,,,,
pfp_bloom_filter_add_unique_size_u64,0,NVIDIA A100-SXM4-40GB,I64,U64,128,16,2,2,1000000000,1024,Yes,,,,,,,,
pfp_bloom_filter_add_unique_size_u64,0,NVIDIA A100-SXM4-40GB,I64,U64,128,16,2,2,1000000000,2048,Yes,,,,,,,,
pfp_bloom_filter_add_unique_size_u64,0,NVIDIA A100-SXM4-40GB,I64,U64,128,16,2,4,1000000000,1,Yes,,,,,,,,
pfp_bloom_filter_add_unique_size_u64,0,NVIDIA A100-SXM4-40GB,I64,U64,128,16,2,4,1000000000,2,Yes,,,,,,,,
pfp_bloom_filter_add_unique_size_u64,0,NVIDIA A100-SXM4-40GB,I64,U64,128,16,2,4,1000000000,4,Yes,,,,,,,,
pfp_bloom_filter_add_unique_size_u64,0,NVIDIA A100-SXM4-40GB,I64,U64,128,16,2,4,1000000000,8,Yes,,,,,,,,
pfp_bloom_filter_add_unique_size_u64,0,NVIDIA A100-SXM4-40GB,I64,U64,128,16,2,4,1000000000,16,Yes,,,,,,,,
pfp_bloom_filter_add_unique_size_u64,0,NVIDIA A100-SXM4-40GB,I64,U64,128,16,2,4,1000000000,32,Yes,,,,,,,,
pfp_bloom_filter_add_unique_size_u64,0,NVIDIA A100-SXM4-40GB,I64,U64,128,16,2,4,1000000000,64,Yes,,,,,,,,
pfp_bloom_filter_add_unique_size_u64,0,NVIDIA A100-SXM4-40GB,I64,U64,128,16,2,4,1000000000,128,Yes,,,,,,,,
pfp_bloom_filter_add_unique_size_u64,0,NVIDIA A100-SXM4-40GB,I64,U64,128,16,2,4,1000000000,256,Yes,,,,,,,,
pfp_bloom_filter_add_unique_size_u64,0,NVIDIA A100-SXM4-40GB,I64,U64,128,16,2,4,1000000000,512,Yes,,,,,,,,
pfp_bloom_filter_add_unique_size_u64,0,NVIDIA A100-SXM4-40GB,I64,U64,128,16,2,4,1000000000,1024,Yes,,,,,,,,
pfp_bloom_filter_add_unique_size_u64,0,NVIDIA A100-SXM4-40GB,I64,U64,128,16,2,4,1000000000,2048,Yes,,,,,,,,
pfp_bloom_filter_add_unique_size_u64,0,NVIDIA A100-SXM4-40GB,I64,U64,128,16,2,8,1000000000,1,Yes,,,,,,,,
pfp_bloom_filter_add_unique_size_u64,0,NVIDIA A100-SXM4-40GB,I64,U64,128,16,2,8,1000000000,2,Yes,,,,,,,,
pfp_bloom_filter_add_unique_size_u64,0,NVIDIA A100-SXM4-40GB,I64,U64,128,16,2,8,1000000000,4,Yes,,,,,,,,
pfp_bloom_filter_add_unique_size_u64,0,NVIDIA A100-SXM4-40GB,I64,U64,128,16,2,8,1000000000,8,Yes,,,,,,,,
pfp_bloom_filter_add_unique_size_u64,0,NVIDIA A100-SXM4-40GB,I64,U64,128,16,2,8,1000000000,16,Yes,,,,,,,,
pfp_bloom_filter_add_unique_size_u64,0,NVIDIA A100-SXM4-40GB,I64,U64,128,16,2,8,1000000000,32,Yes,,,,,,,,
pfp_bloom_filter_add_unique_size_u64,0,NVIDIA A100-SXM4-40GB,I64,U64,128,16,2,8,1000000000,64,Yes,,,,,,,,
pfp_bloom_filter_add_unique_size_u64,0,NVIDIA A100-SXM4-40GB,I64,U64,128,16,2,8,1000000000,128,Yes,,,,,,,,
pfp_bloom_filter_add_unique_size_u64,0,NVIDIA A100-SXM4-40GB,I64,U64,128,16,2,8,1000000000,256,Yes,,,,,,,,
pfp_bloom_filter_add_unique_size_u64,0,NVIDIA A100-SXM4-40GB,I64,U64,128,16,2,8,1000000000,512,Yes,,,,,,,,
pfp_bloom_filter_add_unique_size_u64,0,NVIDIA A100-SXM4-40GB,I64,U64,128,16,2,8,1000000000,1024,Yes,,,,,,,,
pfp_bloom_filter_add_unique_size_u64,0,NVIDIA A100-SXM4-40GB,I64,U64,128,16,2,8,1000000000,2048,Yes,,,,,,,,
pfp_bloom_filter_add_unique_size_u64,0,NVIDIA A100-SXM4-40GB,I64,U64,128,16,4,1,1000000000,1,Yes,,,,,,,,
pfp_bloom_filter_add_unique_size_u64,0,NVIDIA A100-SXM4-40GB,I64,U64,128,16,4,1,1000000000,2,Yes,,,,,,,,
pfp_bloom_filter_add_unique_size_u64,0,NVIDIA A100-SXM4-40GB,I64,U64,128,16,4,1,1000000000,4,Yes,,,,,,,,
pfp_bloom_filter_add_unique_size_u64,0,NVIDIA A100-SXM4-40GB,I64,U64,128,16,4,1,1000000000,8,Yes,,,,,,,,
pfp_bloom_filter_add_unique_size_u64,0,NVIDIA A100-SXM4-40GB,I64,U64,128,16,4,1,1000000000,16,Yes,,,,,,,,
pfp_bloom_filter_add_unique_size_u64,0,NVIDIA A100-SXM4-40GB,I64,U64,128,16,4,1,1000000000,32,Yes,,,,,,,,
pfp_bloom_filter_add_unique_size_u64,0,NVIDIA A100-SXM4-40GB,I64,U64,128,16,4,1,1000000000,64,Yes,,,,,,,,
pfp_bloom_filter_add_unique_size_u64,0,NVIDIA A100-SXM4-40GB,I64,U64,128,16,4,1,1000000000,128,Yes,,,,,,,,
pfp_bloom_filter_add_unique_size_u64,0,NVIDIA A100-SXM4-40GB,I64,U64,128,16,4,1,1000000000,256,Yes,,,,,,,,
pfp_bloom_filter_add_unique_size_u64,0,NVIDIA A100-SXM4-40GB,I64,U64,128,16,4,1,1000000000,512,Yes,,,,,,,,
pfp_bloom_filter_add_unique_size_u64,0,NVIDIA A100-SXM4-40GB,I64,U64,128,16,4,1,1000000000,1024,Yes,,,,,,,,
pfp_bloom_filter_add_unique_size_u64,0,NVIDIA A100-SXM4-40GB,I64,U64,128,16,4,1,1000000000,2048,Yes,,,,,,,,
pfp_bloom_filter_add_unique_size_u64,0,NVIDIA A100-SXM4-40GB,I64,U64,128,16,4,2,1000000000,1,Yes,,,,,,,,
pfp_bloom_filter_add_unique_size_u64,0,NVIDIA A100-SXM4-40GB,I64,U64,128,16,4,2,1000000000,2,Yes,,,,,,,,
pfp_bloom_filter_add_unique_size_u64,0,NVIDIA A100-SXM4-40GB,I64,U64,128,16,4,2,1000000000,4,Yes,,,,,,,,
pfp_bloom_filter_add_unique_size_u64,0,NVIDIA A100-SXM4-40GB,I64,U64,128,16,4,2,1000000000,8,Yes,,,,,,,,
pfp_bloom_filter_add_unique_size_u64,0,NVIDIA A100-SXM4-40GB,I64,U64,128,16,4,2,1000000000,16,Yes,,,,,,,,
pfp_bloom_filter_add_unique_size_u64,0,NVIDIA A100-SXM4-40GB,I64,U64,128,16,4,2,1000000000,32,Yes,,,,,,,,
pfp_bloom_filter_add_unique_size_u64,0,NVIDIA A100-SXM4-40GB,I64,U64,128,16,4,2,1000000000,64,Yes,,,,,,,,
pfp_bloom_filter_add_unique_size_u64,0,NVIDIA A100-SXM4-40GB,I64,U64,128,16,4,2,1000000000,128,Yes,,,,,,,,
pfp_bloom_filter_add_unique_size_u64,0,NVIDIA A100-SXM4-40GB,I64,U64,128,16,4,2,1000000000,256,Yes,,,,,,,,
pfp_bloom_filter_add_unique_size_u64,0,NVIDIA A100-SXM4-40GB,I64,U64,128,16,4,2,1000000000,512,Yes,,,,,,,,
pfp_bloom_filter_add_unique_size_u64,0,NVIDIA A100-SXM4-40GB,I64,U64,128,16,4,2,1000000000,1024,Yes,,,,,,,,
pfp_bloom_filter_add_unique_size_u64,0,NVIDIA A100-SXM4-40GB,I64,U64,128,16,4,2,1000000000,2048,Yes,,,,,,,,
pfp_bloom_filter_add_unique_size_u64,0,NVIDIA A100-SXM4-40GB,I64,U64,128,16,4,4,1000000000,1,Yes,,,,,,,,
pfp_bloom_filter_add_unique_size_u64,0,NVIDIA A100-SXM4-40GB,I64,U64,128,16,4,4,1000000000,2,Yes,,,,,,,,
pfp_bloom_filter_add_unique_size_u64,0,NVIDIA A100-SXM4-40GB,I64,U64,128,16,4,4,1000000000,4,Yes,,,,,,,,
pfp_bloom_filter_add_unique_size_u64,0,NVIDIA A100-SXM4-40GB,I64,U64,128,16,4,4,1000000000,8,Yes,,,,,,,,
pfp_bloom_filter_add_unique_size_u64,0,NVIDIA A100-SXM4-40GB,I64,U64,128,16,4,4,1000000000,16,Yes,,,,,,,,
pfp_bloom_filter_add_unique_size_u64,0,NVIDIA A100-SXM4-40GB,I64,U64,128,16,4,4,1000000000,32,Yes,,,,,,,,
pfp_bloom_filter_add_unique_size_u64,0,NVIDIA A100-SXM4-40GB,I64,U64,128,16,4,4,1000000000,64,Yes,,,,,,,,
pfp_bloom_filter_add_unique_size_u64,0,NVIDIA A100-SXM4-40GB,I64,U64,128,16,4,4,1000000000,128,Yes,,,,,,,,
pfp_bloom_filter_add_unique_size_u64,0,NVIDIA A100-SXM4-40GB,I64,U64,128,16,4,4,1000000000,256,Yes,,,,,,,,
pfp_bloom_filter_add_unique_size_u64,0,NVIDIA A100-SXM4-40GB,I64,U64,128,16,4,4,1000000000,512,Yes,,,,,,,,
pfp_bloom_filter_add_unique_size_u64,0,NVIDIA A100-SXM4-40GB,I64,U64,128,16,4,4,1000000000,1024,Yes,,,,,,,,
pfp_bloom_filter_add_unique_size_u64,0,NVIDIA A100-SXM4-40GB,I64,U64,128,16,4,4,1000000000,2048,Yes,,,,,,,,
pfp_bloom_filter_add_unique_size_u64,0,NVIDIA A100-SXM4-40GB,I64,U64,128,16,4,8,1000000000,1,Yes,,,,,,,,
pfp_bloom_filter_add_unique_size_u64,0,NVIDIA A100-SXM4-40GB,I64,U64,128,16,4,8,1000000000,2,Yes,,,,,,,,
pfp_bloom_filter_add_unique_size_u64,0,NVIDIA A100-SXM4-40GB,I64,U64,128,16,4,8,1000000000,4,Yes,,,,,,,,
pfp_bloom_filter_add_unique_size_u64,0,NVIDIA A100-SXM4-40GB,I64,U64,128,16,4,8,1000000000,8,Yes,,,,,,,,
pfp_bloom_filter_add_unique_size_u64,0,NVIDIA A100-SXM4-40GB,I64,U64,128,16,4,8,1000000000,16,Yes,,,,,,,,
pfp_bloom_filter_add_unique_size_u64,0,NVIDIA A100-SXM4-40GB,I64,U64,128,16,4,8,1000000000,32,Yes,,,,,,,,
pfp_bloom_filter_add_unique_size_u64,0,NVIDIA A100-SXM4-40GB,I64,U64,128,16,4,8,1000000000,64,Yes,,,,,,,,
pfp_bloom_filter_add_unique_size_u64,0,NVIDIA A100-SXM4-40GB,I64,U64,128,16,4,8,1000000000,128,Yes,,,,,,,,
pfp_bloom_filter_add_unique_size_u64,0,NVIDIA A100-SXM4-40GB,I64,U64,128,16,4,8,1000000000,256,Yes,,,,,,,,
pfp_bloom_filter_add_unique_size_u64,0,NVIDIA A100-SXM4-40GB,I64,U64,128,16,4,8,1000000000,512,Yes,,,,,,,,
pfp_bloom_filter_add_unique_size_u64,0,NVIDIA A100-SXM4-40GB,I64,U64,128,16,4,8,1000000000,1024,Yes,,,,,,,,
pfp_bloom_filter_add_unique_size_u64,0,NVIDIA A100-SXM4-40GB,I64,U64,128,16,4,8,1000000000,2048,Yes,,,,,,,,
pfp_bloom_filter_add_unique_size_u64,0,NVIDIA A100-SXM4-40GB,I64,U64,128,16,8,1,1000000000,1,Yes,,,,,,,,
pfp_bloom_filter_add_unique_size_u64,0,NVIDIA A100-SXM4-40GB,I64,U64,128,16,8,1,1000000000,2,Yes,,,,,,,,
pfp_bloom_filter_add_unique_size_u64,0,NVIDIA A100-SXM4-40GB,I64,U64,128,16,8,1,1000000000,4,Yes,,,,,,,,
pfp_bloom_filter_add_unique_size_u64,0,NVIDIA A100-SXM4-40GB,I64,U64,128,16,8,1,1000000000,8,Yes,,,,,,,,
pfp_bloom_filter_add_unique_size_u64,0,NVIDIA A100-SXM4-40GB,I64,U64,128,16,8,1,1000000000,16,Yes,,,,,,,,
pfp_bloom_filter_add_unique_size_u64,0,NVIDIA A100-SXM4-40GB,I64,U64,128,16,8,1,1000000000,32,Yes,,,,,,,,
pfp_bloom_filter_add_unique_size_u64,0,NVIDIA A100-SXM4-40GB,I64,U64,128,16,8,1,1000000000,64,Yes,,,,,,,,
pfp_bloom_filter_add_unique_size_u64,0,NVIDIA A100-SXM4-40GB,I64,U64,128,16,8,1,1000000000,128,Yes,,,,,,,,
pfp_bloom_filter_add_unique_size_u64,0,NVIDIA A100-SXM4-40GB,I64,U64,128,16,8,1,1000000000,256,Yes,,,,,,,,
pfp_bloom_filter_add_unique_size_u64,0,NVIDIA A100-SXM4-40GB,I64,U64,128,16,8,1,1000000000,512,Yes,,,,,,,,
pfp_bloom_filter_add_unique_size_u64,0,NVIDIA A100-SXM4-40GB,I64,U64,128,16,8,1,1000000000,1024,Yes,,,,,,,,
pfp_bloom_filter_add_unique_size_u64,0,NVIDIA A100-SXM4-40GB,I64,U64,128,16,8,1,1000000000,2048,Yes,,,,,,,,
pfp_bloom_filter_add_unique_size_u64,0,NVIDIA A100-SXM4-40GB,I64,U64,128,16,8,2,1000000000,1,Yes,,,,,,,,
pfp_bloom_filter_add_unique_size_u64,0,NVIDIA A100-SXM4-40GB,I64,U64,128,16,8,2,1000000000,2,Yes,,,,,,,,
pfp_bloom_filter_add_unique_size_u64,0,NVIDIA A100-SXM4-40GB,I64,U64,128,16,8,2,1000000000,4,Yes,,,,,,,,
pfp_bloom_filter_add_unique_size_u64,0,NVIDIA A100-SXM4-40GB,I64,U64,128,16,8,2,1000000000,8,Yes,,,,,,,,
pfp_bloom_filter_add_unique_size_u64,0,NVIDIA A100-SXM4-40GB,I64,U64,128,16,8,2,1000000000,16,Yes,,,,,,,,
pfp_bloom_filter_add_unique_size_u64,0,NVIDIA A100-SXM4-40GB,I64,U64,128,16,8,2,1000000000,32,Yes,,,,,,,,
pfp_bloom_filter_add_unique_size_u64,0,NVIDIA A100-SXM4-40GB,I64,U64,128,16,8,2,1000000000,64,Yes,,,,,,,,
pfp_bloom_filter_add_unique_size_u64,0,NVIDIA A100-SXM4-40GB,I64,U64,128,16,8,2,1000000000,128,Yes,,,,,,,,
pfp_bloom_filter_add_unique_size_u64,0,NVIDIA A100-SXM4-40GB,I64,U64,128,16,8,2,1000000000,256,Yes,,,,,,,,
pfp_bloom_filter_add_unique_size_u64,0,NVIDIA A100-SXM4-40GB,I64,U64,128,16,8,2,1000000000,512,Yes,,,,,,,,
pfp_bloom_filter_add_unique_size_u64,0,NVIDIA A100-SXM4-40GB,I64,U64,128,16,8,2,1000000000,1024,Yes,,,,,,,,
pfp_bloom_filter_add_unique_size_u64,0,NVIDIA A100-SXM4-40GB,I64,U64,128,16,8,2,1000000000,2048,Yes,,,,,,,,
pfp_bloom_filter_add_unique_size_u64,0,NVIDIA A100-SXM4-40GB,I64,U64,128,16,8,4,1000000000,1,Yes,,,,,,,,
pfp_bloom_filter_add_unique_size_u64,0,NVIDIA A100-SXM4-40GB,I64,U64,128,16,8,4,1000000000,2,Yes,,,,,,,,
pfp_bloom_filter_add_unique_size_u64,0,NVIDIA A100-SXM4-40GB,I64,U64,128,16,8,4,1000000000,4,Yes,,,,,,,,
pfp_bloom_filter_add_unique_size_u64,0,NVIDIA A100-SXM4-40GB,I64,U64,128,16,8,4,1000000000,8,Yes,,,,,,,,
pfp_bloom_filter_add_unique_size_u64,0,NVIDIA A100-SXM4-40GB,I64,U64,128,16,8,4,1000000000,16,Yes,,,,,,,,
pfp_bloom_filter_add_unique_size_u64,0,NVIDIA A100-SXM4-40GB,I64,U64,128,16,8,4,1000000000,32,Yes,,,,,,,,
pfp_bloom_filter_add_unique_size_u64,0,NVIDIA A100-SXM4-40GB,I64,U64,128,16,8,4,1000000000,64,Yes,,,,,,,,
pfp_bloom_filter_add_unique_size_u64,0,NVIDIA A100-SXM4-40GB,I64,U64,128,16,8,4,1000000000,128,Yes,,,,,,,,
pfp_bloom_filter_add_unique_size_u64,0,NVIDIA A100-SXM4-40GB,I64,U64,128,16,8,4,1000000000,256,Yes,,,,,,,,
pfp_bloom_filter_add_unique_size_u64,0,NVIDIA A100-SXM4-40GB,I64,U64,128,16,8,4,1000000000,512,Yes,,,,,,,,
pfp_bloom_filter_add_unique_size_u64,0,NVIDIA A100-SXM4-40GB,I64,U64,128,16,8,4,1000000000,1024,Yes,,,,,,,,
pfp_bloom_filter_add_unique_size_u64,0,NVIDIA A100-SXM4-40GB,I64,U64,128,16,8,4,1000000000,2048,Yes,,,,,,,,
pfp_bloom_filter_add_unique_size_u64,0,NVIDIA A100-SXM4-40GB,I64,U64,128,16,8,8,1000000000,1,Yes,,,,,,,,
pfp_bloom_filter_add_unique_size_u64,0,NVIDIA A100-SXM4-40GB,I64,U64,128,16,8,8,1000000000,2,Yes,,,,,,,,
pfp_bloom_filter_add_unique_size_u64,0,NVIDIA A100-SXM4-40GB,I64,U64,128,16,8,8,1000000000,4,Yes,,,,,,,,
pfp_bloom_filter_add_unique_size_u64,0,NVIDIA A100-SXM4-40GB,I64,U64,128,16,8,8,1000000000,8,Yes,,,,,,,,
pfp_bloom_filter_add_unique_size_u64,0,NVIDIA A100-SXM4-40GB,I64,U64,128,16,8,8,1000000000,16,Yes,,,,,,,,
pfp_bloom_filter_add_unique_size_u64,0,NVIDIA A100-SXM4-40GB,I64,U64,128,16,8,8,1000000000,32,Yes,,,,,,,,
pfp_bloom_filter_add_unique_size_u64,0,NVIDIA A100-SXM4-40GB,I64,U64,128,16,8,8,1000000000,64,Yes,,,,,,,,
pfp_bloom_filter_add_unique_size_u64,0,NVIDIA A100-SXM4-40GB,I64,U64,128,16,8,8,1000000000,128,Yes,,,,,,,,
pfp_bloom_filter_add_unique_size_u64,0,NVIDIA A100-SXM4-40GB,I64,U64,128,16,8,8,1000000000,256,Yes,,,,,,,,
pfp_bloom_filter_add_unique_size_u64,0,NVIDIA A100-SXM4-40GB,I64,U64,128,16,8,8,1000000000,512,Yes,,,,,,,,
pfp_bloom_filter_add_unique_size_u64,0,NVIDIA A100-SXM4-40GB,I64,U64,128,16,8,8,1000000000,1024,Yes,,,,,,,,
pfp_bloom_filter_add_unique_size_u64,0,NVIDIA A100-SXM4-40GB,I64,U64,128,16,8,8,1000000000,2048,Yes,,,,,,,,
pfp_bloom_filter_add_unique_size_u64,0,NVIDIA A100-SXM4-40GB,I64,U64,256,1,1,1,1000000000,1,No,11,0.0879399410909091,0.00046326689996976114,0.08792361796985972,0.00046003783949285083,11373508314.259779,12,0.08790442657470703
pfp_bloom_filter_add_unique_size_u64,0,NVIDIA A100-SXM4-40GB,I64,U64,256,1,1,1,1000000000,2,No,11,0.08786561036363638,0.0003812138627009852,0.08784989096901635,0.0003777293494905438,11383053399.038235,12,0.08783411280314128
pfp_bloom_filter_add_unique_size_u64,0,NVIDIA A100-SXM4-40GB,I64,U64,256,1,1,1,1000000000,4,No,11,0.087676673,0.0004741170610076329,0.08766007926247335,0.00047339490175899183,11407701298.167692,12,0.0876405766805013
pfp_bloom_filter_add_unique_size_u64,0,NVIDIA A100-SXM4-40GB,I64,U64,256,1,1,1,1000000000,8,No,11,0.08696804872727273,0.0003463406024037065,0.08695268180153586,0.00034531355564266554,11500507854.173359,12,0.08693060111999511
pfp_bloom_filter_add_unique_size_u64,0,NVIDIA A100-SXM4-40GB,I64,U64,256,1,1,1,1000000000,16,No,11,0.08671144290909093,0.0004031322194450649,0.08669528336958453,0.0003983119960355921,11534652879.983917,12,0.08666948382059732
pfp_bloom_filter_add_unique_size_u64,0,NVIDIA A100-SXM4-40GB,I64,U64,256,1,1,1,1000000000,32,No,11,0.08820769381818182,0.00590069784307481,0.08819190632213246,0.005901060373553934,11338908996.335438,12,0.08797192509969076
pfp_bloom_filter_add_unique_size_u64,0,NVIDIA A100-SXM4-40GB,I64,U64,256,1,1,1,1000000000,64,No,11,0.1888948452727273,0.00029726190948591,0.18887847761674362,0.000299354529754178,5294409466.964871,12,0.18885785547892253
pfp_bloom_filter_add_unique_size_u64,0,NVIDIA A100-SXM4-40GB,I64,U64,256,1,1,1,1000000000,128,No,11,0.25571738427272733,0.0010273145858048685,0.2557008986039595,0.0010277074380604068,3910819263.677453,12,0.2557778803507486
pfp_bloom_filter_add_unique_size_u64,0,NVIDIA A100-SXM4-40GB,I64,U64,256,1,1,1,1000000000,256,No,11,0.29311517890909095,0.0009716588676823969,0.2930986772017046,0.000973032195588842,3411820242.749919,12,0.2930020675659179
pfp_bloom_filter_add_unique_size_u64,0,NVIDIA A100-SXM4-40GB,I64,U64,256,1,1,1,1000000000,512,No,11,0.31295924663636365,0.0007372848417821785,0.31294305419921875,0.0007368785210829647,3195469548.154287,12,0.3130377426147461
pfp_bloom_filter_add_unique_size_u64,0,NVIDIA A100-SXM4-40GB,I64,U64,256,1,1,1,1000000000,1024,No,11,0.32338881381818185,0.0009730329546921623,0.3233724947842685,0.000973844943624953,3092408959.1080713,12,0.3232829437255859
pfp_bloom_filter_add_unique_size_u64,0,NVIDIA A100-SXM4-40GB,I64,U64,256,1,1,1,1000000000,2048,No,11,0.32832520827272726,0.0011137798021235814,0.3283086381392046,0.0011141044800729897,3045914373.949536,12,0.32818423716227213
pfp_bloom_filter_add_unique_size_u64,0,NVIDIA A100-SXM4-40GB,I64,U64,256,1,1,2,1000000000,1,No,11,0.0879364409090909,0.0004396879031627517,0.08792101218483665,0.00043403760048006624,11373845399.978977,12,0.08789964803059896
pfp_bloom_filter_add_unique_size_u64,0,NVIDIA A100-SXM4-40GB,I64,U64,256,1,1,2,1000000000,2,No,11,0.08786686754545454,0.00040026133465497556,0.08785017117587003,0.00039153838183050323,11383017091.657892,12,0.08783598836263022
pfp_bloom_filter_add_unique_size_u64,0,NVIDIA A100-SXM4-40GB,I64,U64,256,1,1,2,1000000000,4,No,11,0.087673189,0.0004427329163470108,0.08765700600363992,0.00043782363594826903,11408101252.722178,12,0.08764151700337729
pfp_bloom_filter_add_unique_size_u64,0,NVIDIA A100-SXM4-40GB,I64,U64,256,1,1,2,1000000000,8,No,11,0.08696991727272728,0.00039269141169967573,0.08695351964777166,0.0003920796861815174,11500397040.289637,12,0.08692957814534506
pfp_bloom_filter_add_unique_size_u64,0,NVIDIA A100-SXM4-40GB,I64,U64,256,1,1,2,1000000000,16,No,11,0.08671573736363637,0.00041140461145034243,0.08669910153475674,0.00039821024806314226,11534144902.28726,12,0.08666530036926272
pfp_bloom_filter_add_unique_size_u64,0,NVIDIA A100-SXM4-40GB,I64,U64,256,1,1,2,1000000000,32,No,11,0.08901137290909092,0.005441007972244597,0.08899500135941939,0.005439987739907625,11236586153.432968,12,0.08878327496846516
pfp_bloom_filter_add_unique_size_u64,0,NVIDIA A100-SXM4-40GB,I64,U64,256,1,1,2,1000000000,64,No,11,0.18894771863636367,0.000559117658276899,0.18893181679465554,0.0005590533308981914,5292914750.758316,12,0.18891144434611004
pfp_bloom_filter_add_unique_size_u64,0,NVIDIA A100-SXM4-40GB,I64,U64,256,1,1,2,1000000000,128,No,11,0.2560973836363636,0.0008175655366205864,0.2560813654119319,0.0008184651370112106,3905008856.819403,12,0.25595443344116214
pfp_bloom_filter_add_unique_size_u64,0,NVIDIA A100-SXM4-40GB,I64,U64,256,1,1,2,1000000000,256,No,11,0.2934326591818182,0.0011376347645201791,0.29341565773703837,0.0011361918197663546,3408134411.477824,12,0.2936736399332683
pfp_bloom_filter_add_unique_size_u64,0,NVIDIA A100-SXM4-40GB,I64,U64,256,1,1,2,1000000000,512,No,11,0.3136109900909091,0.0011525054776210296,0.3135950650301847,0.0011527129322586064,3188825691.1942997,12,0.3138342412312825
pfp_bloom_filter_add_unique_size_u64,0,NVIDIA A100-SXM4-40GB,I64,U64,256,1,1,2,1000000000,1024,No,11,0.3240195118181819,0.0009441028034799099,0.32400291026722305,0.0009439280648303273,3086392030.168016,12,0.3241779200236003
pfp_bloom_filter_add_unique_size_u64,0,NVIDIA A100-SXM4-40GB,I64,U64,256,1,1,2,1000000000,2048,No,11,0.329389924,0.0012143217147536785,0.3293736960671165,0.0012136262804188132,3036065150.1333914,12,0.32937694295247394
pfp_bloom_filter_add_unique_size_u64,0,NVIDIA A100-SXM4-40GB,I64,U64,256,1,1,4,1000000000,1,No,11,0.08796059054545455,0.0011024438284806383,0.08794437685879793,0.0011007561756706046,11370823646.923826,12,0.08790143903096516
pfp_bloom_filter_add_unique_size_u64,0,NVIDIA A100-SXM4-40GB,I64,U64,256,1,1,4,1000000000,2,No,11,0.08862958463636363,0.003795173194077825,0.08861239901455965,0.003791633139966481,11285102436.236862,12,0.08863377253214517
pfp_bloom_filter_add_unique_size_u64,0,NVIDIA A100-SXM4-40GB,I64,U64,256,1,1,4,1000000000,4,No,11,0.08865826945454545,0.00041698467890454317,0.08864199967817826,0.00041422018436931596,11281333945.878687,12,0.08862327448527017
pfp_bloom_filter_add_unique_size_u64,0,NVIDIA A100-SXM4-40GB,I64,U64,256,1,1,4,1000000000,8,No,11,0.08794807763636364,0.00037980842783368887,0.0879316239790483,0.00037872610431395663,11372472777.692274,12,0.08790800921122233
pfp_bloom_filter_add_unique_size_u64,0,NVIDIA A100-SXM4-40GB,I64,U64,256,1,1,4,1000000000,16,No,11,0.08768467681818184,0.0003724503088725203,0.08766854997114701,0.00037457866402207667,11406599063.508118,12,0.08763870112101237
pfp_bloom_filter_add_unique_size_u64,0,NVIDIA A100-SXM4-40GB,I64,U64,256,1,1,4,1000000000,32,No,11,0.08980382090909092,0.0049541290908099965,0.08978655381636186,0.004948206151591285,11137525135.949358,12,0.08956023406982423
pfp_bloom_filter_add_unique_size_u64,0,NVIDIA A100-SXM4-40GB,I64,U64,256,1,1,4,1000000000,64,No,11,0.18890064681818186,0.0005394019856601869,0.18888526916503903,0.0005396350943427485,5294219101.470783,12,0.18886493937174476
pfp_bloom_filter_add_unique_size_u64,0,NVIDIA A100-SXM4-40GB,I64,U64,256,1,1,4,1000000000,128,No,11,0.2562413551818182,0.0007008687600664936,0.25622481328790836,0.000699472201962522,3902822631.297402,12,0.2562946535746256
pfp_bloom_filter_add_unique_size_u64,0,NVIDIA A100-SXM4-40GB,I64,U64,256,1,1,4,1000000000,256,No,11,0.2944248361818182,0.0007890338103431499,0.2944087496670809,0.0007883649623004077,3396638181.2048917,12,0.2942667922973633
pfp_bloom_filter_add_unique_size_u64,0,NVIDIA A100-SXM4-40GB,I64,U64,256,1,1,4,1000000000,512,No,11,0.31480909354545455,0.001133410736991473,0.31479351529208094,0.0011343868250035165,3176685514.2239847,12,0.31452603403727214
pfp_bloom_filter_add_unique_size_u64,0,NVIDIA A100-SXM4-40GB,I64,U64,256,1,1,4,1000000000,1024,No,11,0.32521269099999994,0.0013099627044484783,0.32519605601917617,0.0013094254506148871,3075068044.3093443,12,0.325347671508789
pfp_bloom_filter_add_unique_size_u64,0,NVIDIA A100-SXM4-40GB,I64,U64,256,1,1,4,1000000000,2048,No,11,0.3305595032727273,0.0010561067839646929,0.33054365678267045,0.001055904655572478,3025318984.286216,12,0.330512555440267
pfp_bloom_filter_add_unique_size_u64,0,NVIDIA A100-SXM4-40GB,I64,U64,256,1,1,8,1000000000,1,Yes,,,,,,,,
pfp_bloom_filter_add_unique_size_u64,0,NVIDIA A100-SXM4-40GB,I64,U64,256,1,1,8,1000000000,2,Yes,,,,,,,,
pfp_bloom_filter_add_unique_size_u64,0,NVIDIA A100-SXM4-40GB,I64,U64,256,1,1,8,1000000000,4,Yes,,,,,,,,
pfp_bloom_filter_add_unique_size_u64,0,NVIDIA A100-SXM4-40GB,I64,U64,256,1,1,8,1000000000,8,Yes,,,,,,,,
pfp_bloom_filter_add_unique_size_u64,0,NVIDIA A100-SXM4-40GB,I64,U64,256,1,1,8,1000000000,16,Yes,,,,,,,,
pfp_bloom_filter_add_unique_size_u64,0,NVIDIA A100-SXM4-40GB,I64,U64,256,1,1,8,1000000000,32,Yes,,,,,,,,
pfp_bloom_filter_add_unique_size_u64,0,NVIDIA A100-SXM4-40GB,I64,U64,256,1,1,8,1000000000,64,Yes,,,,,,,,
pfp_bloom_filter_add_unique_size_u64,0,NVIDIA A100-SXM4-40GB,I64,U64,256,1,1,8,1000000000,128,Yes,,,,,,,,
pfp_bloom_filter_add_unique_size_u64,0,NVIDIA A100-SXM4-40GB,I64,U64,256,1,1,8,1000000000,256,Yes,,,,,,,,
pfp_bloom_filter_add_unique_size_u64,0,NVIDIA A100-SXM4-40GB,I64,U64,256,1,1,8,1000000000,512,Yes,,,,,,,,
pfp_bloom_filter_add_unique_size_u64,0,NVIDIA A100-SXM4-40GB,I64,U64,256,1,1,8,1000000000,1024,Yes,,,,,,,,
pfp_bloom_filter_add_unique_size_u64,0,NVIDIA A100-SXM4-40GB,I64,U64,256,1,1,8,1000000000,2048,Yes,,,,,,,,
pfp_bloom_filter_add_unique_size_u64,0,NVIDIA A100-SXM4-40GB,I64,U64,256,1,2,1,1000000000,1,No,11,0.04853637100000001,0.0017001762361934542,0.048519912372935896,0.0016816136848858425,20610094929.969284,12,0.04845047473907471
pfp_bloom_filter_add_unique_size_u64,0,NVIDIA A100-SXM4-40GB,I64,U64,256,1,2,1,1000000000,2,No,11,0.048427002909090903,0.0016010068735651645,0.04840997210415927,0.0015913605247328036,20656900975.8649,12,0.04835626792907715
pfp_bloom_filter_add_unique_size_u64,0,NVIDIA A100-SXM4-40GB,I64,U64,256,1,2,1,1000000000,4,No,11,0.048382726363636365,0.00681565193868111,0.048365382454612034,0.006809437493807095,20675945257.714836,12,0.048117417335510254
pfp_bloom_filter_add_unique_size_u64,0,NVIDIA A100-SXM4-40GB,I64,U64,256,1,2,1,1000000000,8,No,11,0.04850764727272728,0.0027590845058672875,0.04849124006791548,0.002749405031760915,20622281438.862522,12,0.04811596870422363
pfp_bloom_filter_add_unique_size_u64,0,NVIDIA A100-SXM4-40GB,I64,U64,256,1,2,1,1000000000,16,No,11,0.048498160727272734,0.001685552517033462,0.04848081380670721,0.0016805334208089943,20626716457.09157,12,0.048412415504455554
pfp_bloom_filter_add_unique_size_u64,0,NVIDIA A100-SXM4-40GB,I64,U64,256,1,2,1,1000000000,32,No,11,0.060952378999999994,0.0345317258459006,0.06093582014604048,0.0345318763945225,16410708801.54517,12,0.05992686875661215
pfp_bloom_filter_add_unique_size_u64,0,NVIDIA A100-SXM4-40GB,I64,U64,256,1,2,1,1000000000,64,No,11,0.13526269790909093,0.0036991627069525076,0.13524638227982955,0.003700634710568099,7393913117.254143,12,0.13509247970581054
pfp_bloom_filter_add_unique_size_u64,0,NVIDIA A100-SXM4-40GB,I64,U64,256,1,2,1,1000000000,128,No,11,0.16812199827272725,0.0011041748915283799,0.1681059847745028,0.00110452240485047,5948628190.37287,12,0.1680032450358073
pfp_bloom_filter_add_unique_size_u64,0,NVIDIA A100-SXM4-40GB,I64,U64,256,1,2,1,1000000000,256,No,11,0.18428317600000002,0.00047315281569233986,0.18426703158291904,0.00047242527368300384,5426906763.568316,12,0.18424840545654297
pfp_bloom_filter_add_unique_size_u64,0,NVIDIA A100-SXM4-40GB,I64,U64,256,1,2,1,1000000000,512,No,11,0.19243726900000002,0.0005348047972609545,0.19242123690518467,0.00053414805937954,5196931565.785272,12,0.1924508171081543
pfp_bloom_filter_add_unique_size_u64,0,NVIDIA A100-SXM4-40GB,I64,U64,256,1,2,1,1000000000,1024,No,11,0.19663761672727276,0.0005037649861201022,0.19662159035422586,0.0005030140165158221,5085911461.698782,12,0.19666918436686198
pfp_bloom_filter_add_unique_size_u64,0,NVIDIA A100-SXM4-40GB,I64,U64,256,1,2,1,1000000000,2048,No,11,0.19898587063636367,0.000938833160912051,0.19896906488591973,0.0009376103083963523,5025906919.617664,12,0.19903317387898764
pfp_bloom_filter_add_unique_size_u64,0,NVIDIA A100-SXM4-40GB,I64,U64,256,1,2,2,1000000000,1,No,11,0.05948101490909092,0.011377931264254524,0.05946395943381569,0.011387994723193934,16816909091.178423,12,0.06135219160715739
pfp_bloom_filter_add_unique_size_u64,0,NVIDIA A100-SXM4-40GB,I64,U64,256,1,2,2,1000000000,2,No,11,0.061398201181818185,0.0006740117620736705,0.06137967716563831,0.0006658339405734953,16292037465.453175,12,0.0613664436340332
pfp_bloom_filter_add_unique_size_u64,0,NVIDIA A100-SXM4-40GB,I64,U64,256,1,2,2,1000000000,4,No,11,0.06124162027272728,7.844925865933025e-05,0.06122356414794922,7.60144308171483e-05,16333580279.375103,12,0.06121164830525716
pfp_bloom_filter_add_unique_size_u64,0,NVIDIA A100-SXM4-40GB,I64,U64,256,1,2,2,1000000000,8,No,11,0.060895017,0.0044175419972258285,0.060877544749866834,0.004405911744176618,16426418051.33226,12,0.06075340906778972
pfp_bloom_filter_add_unique_size_u64,0,NVIDIA A100-SXM4-40GB,I64,U64,256,1,2,2,1000000000,16,No,11,0.06088011727272727,0.006451321013236757,0.06086218469793147,0.0064470215054704145,16430563657.271854,12,0.06056959978739421
pfp_bloom_filter_add_unique_size_u64,0,NVIDIA A100-SXM4-40GB,I64,U64,256,1,2,2,1000000000,32,No,11,0.06481600581818181,0.020389593790193696,0.06479751032049005,0.02039098994068435,15432691704.572842,12,0.0640423240661621
pfp_bloom_filter_add_unique_size_u64,0,NVIDIA A100-SXM4-40GB,I64,U64,256,1,2,2,1000000000,64,No,11,0.1366566230909091,0.005492732406689531,0.1366403253728693,0.005490512139543044,7318483743.881333,12,0.13641019821166991
pfp_bloom_filter_add_unique_size_u64,0,NVIDIA A100-SXM4-40GB,I64,U64,256,1,2,2,1000000000,128,No,11,0.1692919585454546,0.0016667135226497494,0.16927604397860438,0.0016659480811117944,5907510457.453713,12,0.16887739817301436
pfp_bloom_filter_add_unique_size_u64,0,NVIDIA A100-SXM4-40GB,I64,U64,256,1,2,2,1000000000,256,No,11,0.185414268,0.0006277645168185024,0.18539789789373226,0.0006244571590253291,5393804413.970149,12,0.18501375834147135
pfp_bloom_filter_add_unique_size_u64,0,NVIDIA A100-SXM4-40GB,I64,U64,256,1,2,2,1000000000,512,No,11,0.1935980340909091,0.0003542339873773472,0.19358236000754614,0.0003566518975119134,5165759937.842572,12,0.19357218170166013
pfp_bloom_filter_add_unique_size_u64,0,NVIDIA A100-SXM4-40GB,I64,U64,256,1,2,2,1000000000,1024,No,11,0.19756584709090907,0.0008717352891610678,0.19754970897327767,0.0008729279971719511,5062017075.08093,12,0.1976171518961589
pfp_bloom_filter_add_unique_size_u64,0,NVIDIA A100-SXM4-40GB,I64,U64,256,1,2,2,1000000000,2048,No,11,0.1990278994545455,0.0008481234129362979,0.1990119767622514,0.00084693447738157,5024823210.487701,12,0.19894843673706056
pfp_bloom_filter_add_unique_size_u64,0,NVIDIA A100-SXM4-40GB,I64,U64,256,1,2,4,1000000000,1,Yes,,,,,,,,
pfp_bloom_filter_add_unique_size_u64,0,NVIDIA A100-SXM4-40GB,I64,U64,256,1,2,4,1000000000,2,Yes,,,,,,,,
pfp_bloom_filter_add_unique_size_u64,0,NVIDIA A100-SXM4-40GB,I64,U64,256,1,2,4,1000000000,4,Yes,,,,,,,,
pfp_bloom_filter_add_unique_size_u64,0,NVIDIA A100-SXM4-40GB,I64,U64,256,1,2,4,1000000000,8,Yes,,,,,,,,
pfp_bloom_filter_add_unique_size_u64,0,NVIDIA A100-SXM4-40GB,I64,U64,256,1,2,4,1000000000,16,Yes,,,,,,,,
pfp_bloom_filter_add_unique_size_u64,0,NVIDIA A100-SXM4-40GB,I64,U64,256,1,2,4,1000000000,32,Yes,,,,,,,,
pfp_bloom_filter_add_unique_size_u64,0,NVIDIA A100-SXM4-40GB,I64,U64,256,1,2,4,1000000000,64,Yes,,,,,,,,
pfp_bloom_filter_add_unique_size_u64,0,NVIDIA A100-SXM4-40GB,I64,U64,256,1,2,4,1000000000,128,Yes,,,,,,,,
pfp_bloom_filter_add_unique_size_u64,0,NVIDIA A100-SXM4-40GB,I64,U64,256,1,2,4,1000000000,256,Yes,,,,,,,,
pfp_bloom_filter_add_unique_size_u64,0,NVIDIA A100-SXM4-40GB,I64,U64,256,1,2,4,1000000000,512,Yes,,,,,,,,
pfp_bloom_filter_add_unique_size_u64,0,NVIDIA A100-SXM4-40GB,I64,U64,256,1,2,4,1000000000,1024,Yes,,,,,,,,
pfp_bloom_filter_add_unique_size_u64,0,NVIDIA A100-SXM4-40GB,I64,U64,256,1,2,4,1000000000,2048,Yes,,,,,,,,
pfp_bloom_filter_add_unique_size_u64,0,NVIDIA A100-SXM4-40GB,I64,U64,256,1,2,8,1000000000,1,Yes,,,,,,,,
pfp_bloom_filter_add_unique_size_u64,0,NVIDIA A100-SXM4-40GB,I64,U64,256,1,2,8,1000000000,2,Yes,,,,,,,,
pfp_bloom_filter_add_unique_size_u64,0,NVIDIA A100-SXM4-40GB,I64,U64,256,1,2,8,1000000000,4,Yes,,,,,,,,
pfp_bloom_filter_add_unique_size_u64,0,NVIDIA A100-SXM4-40GB,I64,U64,256,1,2,8,1000000000,8,Yes,,,,,,,,
pfp_bloom_filter_add_unique_size_u64,0,NVIDIA A100-SXM4-40GB,I64,U64,256,1,2,8,1000000000,16,Yes,,,,,,,,
pfp_bloom_filter_add_unique_size_u64,0,NVIDIA A100-SXM4-40GB,I64,U64,256,1,2,8,1000000000,32,Yes,,,,,,,,
pfp_bloom_filter_add_unique_size_u64,0,NVIDIA A100-SXM4-40GB,I64,U64,256,1,2,8,1000000000,64,Yes,,,,,,,,
pfp_bloom_filter_add_unique_size_u64,0,NVIDIA A100-SXM4-40GB,I64,U64,256,1,2,8,1000000000,128,Yes,,,,,,,,
pfp_bloom_filter_add_unique_size_u64,0,NVIDIA A100-SXM4-40GB,I64,U64,256,1,2,8,1000000000,256,Yes,,,,,,,,
pfp_bloom_filter_add_unique_size_u64,0,NVIDIA A100-SXM4-40GB,I64,U64,256,1,2,8,1000000000,512,Yes,,,,,,,,
pfp_bloom_filter_add_unique_size_u64,0,NVIDIA A100-SXM4-40GB,I64,U64,256,1,2,8,1000000000,1024,Yes,,,,,,,,
pfp_bloom_filter_add_unique_size_u64,0,NVIDIA A100-SXM4-40GB,I64,U64,256,1,2,8,1000000000,2048,Yes,,,,,,,,
pfp_bloom_filter_add_unique_size_u64,0,NVIDIA A100-SXM4-40GB,I64,U64,256,1,4,1,1000000000,1,No,13,0.03930838700000001,0.01532980416401486,0.039290092174823474,0.01534741905129457,25451709187.915462,14,0.03942473111833845
pfp_bloom_filter_add_unique_size_u64,0,NVIDIA A100-SXM4-40GB,I64,U64,256,1,4,1,1000000000,2,No,13,0.03978013407692308,0.005871652824340932,0.039761525961068966,0.005871655781073317,25149940195.431965,14,0.03942502321515765
pfp_bloom_filter_add_unique_size_u64,0,NVIDIA A100-SXM4-40GB,I64,U64,256,1,4,1,1000000000,4,No,13,0.039754932769230776,0.006178414945844504,0.03973647836538462,0.0061756191498855886,25165793274.50224,14,0.039425171443394254
pfp_bloom_filter_add_unique_size_u64,0,NVIDIA A100-SXM4-40GB,I64,U64,256,1,4,1,1000000000,8,No,13,0.03992939330769231,0.0022061521685391348,0.03991134496835562,0.0022078861268069678,25055532475.612305,14,0.03987178094046457
pfp_bloom_filter_add_unique_size_u64,0,NVIDIA A100-SXM4-40GB,I64,U64,256,1,4,1,1000000000,16,No,13,0.04008989438461538,0.005331262042871267,0.040072350135216345,0.005320719899055499,24954862807.53923,14,0.039939366204398016
pfp_bloom_filter_add_unique_size_u64,0,NVIDIA A100-SXM4-40GB,I64,U64,256,1,4,1,1000000000,32,No,11,0.0589978200909091,0.0315676965949917,0.05897932850230824,0.03156131461642035,16955093002.811377,12,0.05776810805002847
pfp_bloom_filter_add_unique_size_u64,0,NVIDIA A100-SXM4-40GB,I64,U64,256,1,4,1,1000000000,64,No,11,0.1320402577272727,0.005739523904655675,0.13202469426935368,0.005740792986001902,7574340584.7986555,12,0.1318029670715332
pfp_bloom_filter_add_unique_size_u64,0,NVIDIA A100-SXM4-40GB,I64,U64,256,1,4,1,1000000000,128,No,11,0.1651830348181818,0.0020494440809536445,0.16516710593483666,0.0020474916986183223,6054474311.577087,12,0.1650625699361165
pfp_bloom_filter_add_unique_size_u64,0,NVIDIA A100-SXM4-40GB,I64,U64,256,1,4,1,1000000000,256,No,11,0.18158714572727275,0.0009044503744199312,0.1815712099942294,0.000904807567978062,5507481059.534612,12,0.18152755355834957
pfp_bloom_filter_add_unique_size_u64,0,NVIDIA A100-SXM4-40GB,I64,U64,256,1,4,1,1000000000,512,No,11,0.1898183107272728,0.0009754514452131981,0.18980324068936436,0.0009745334725688501,5268613941.300504,12,0.18973559443155927
pfp_bloom_filter_add_unique_size_u64,0,NVIDIA A100-SXM4-40GB,I64,U64,256,1,4,1,1000000000,1024,No,11,0.19388834390909093,0.0004420847843210927,0.19387196627530184,0.0004432887800886598,5158043317.0001545,12,0.19386376953125004
pfp_bloom_filter_add_unique_size_u64,0,NVIDIA A100-SXM4-40GB,I64,U64,256,1,4,1,1000000000,2048,No,11,0.19595717672727275,0.0009229181967076651,0.1959416559392756,0.0009224525101384899,5103560012.322804,12,0.1959080098470052
pfp_bloom_filter_add_unique_size_u64,0,NVIDIA A100-SXM4-40GB,I64,U64,256,1,4,2,1000000000,1,Yes,,,,,,,,
pfp_bloom_filter_add_unique_size_u64,0,NVIDIA A100-SXM4-40GB,I64,U64,256,1,4,2,1000000000,2,Yes,,,,,,,,
pfp_bloom_filter_add_unique_size_u64,0,NVIDIA A100-SXM4-40GB,I64,U64,256,1,4,2,1000000000,4,Yes,,,,,,,,
pfp_bloom_filter_add_unique_size_u64,0,NVIDIA A100-SXM4-40GB,I64,U64,256,1,4,2,1000000000,8,Yes,,,,,,,,
pfp_bloom_filter_add_unique_size_u64,0,NVIDIA A100-SXM4-40GB,I64,U64,256,1,4,2,1000000000,16,Yes,,,,,,,,
pfp_bloom_filter_add_unique_size_u64,0,NVIDIA A100-SXM4-40GB,I64,U64,256,1,4,2,1000000000,32,Yes,,,,,,,,
pfp_bloom_filter_add_unique_size_u64,0,NVIDIA A100-SXM4-40GB,I64,U64,256,1,4,2,1000000000,64,Yes,,,,,,,,
pfp_bloom_filter_add_unique_size_u64,0,NVIDIA A100-SXM4-40GB,I64,U64,256,1,4,2,1000000000,128,Yes,,,,,,,,
pfp_bloom_filter_add_unique_size_u64,0,NVIDIA A100-SXM4-40GB,I64,U64,256,1,4,2,1000000000,256,Yes,,,,,,,,
pfp_bloom_filter_add_unique_size_u64,0,NVIDIA A100-SXM4-40GB,I64,U64,256,1,4,2,1000000000,512,Yes,,,,,,,,
pfp_bloom_filter_add_unique_size_u64,0,NVIDIA A100-SXM4-40GB,I64,U64,256,1,4,2,1000000000,1024,Yes,,,,,,,,
pfp_bloom_filter_add_unique_size_u64,0,NVIDIA A100-SXM4-40GB,I64,U64,256,1,4,2,1000000000,2048,Yes,,,,,,,,
pfp_bloom_filter_add_unique_size_u64,0,NVIDIA A100-SXM4-40GB,I64,U64,256,1,4,4,1000000000,1,Yes,,,,,,,,
pfp_bloom_filter_add_unique_size_u64,0,NVIDIA A100-SXM4-40GB,I64,U64,256,1,4,4,1000000000,2,Yes,,,,,,,,
pfp_bloom_filter_add_unique_size_u64,0,NVIDIA A100-SXM4-40GB,I64,U64,256,1,4,4,1000000000,4,Yes,,,,,,,,
pfp_bloom_filter_add_unique_size_u64,0,NVIDIA A100-SXM4-40GB,I64,U64,256,1,4,4,1000000000,8,Yes,,,,,,,,
pfp_bloom_filter_add_unique_size_u64,0,NVIDIA A100-SXM4-40GB,I64,U64,256,1,4,4,1000000000,16,Yes,,,,,,,,
pfp_bloom_filter_add_unique_size_u64,0,NVIDIA A100-SXM4-40GB,I64,U64,256,1,4,4,1000000000,32,Yes,,,,,,,,
pfp_bloom_filter_add_unique_size_u64,0,NVIDIA A100-SXM4-40GB,I64,U64,256,1,4,4,1000000000,64,Yes,,,,,,,,
pfp_bloom_filter_add_unique_size_u64,0,NVIDIA A100-SXM4-40GB,I64,U64,256,1,4,4,1000000000,128,Yes,,,,,,,,
pfp_bloom_filter_add_unique_size_u64,0,NVIDIA A100-SXM4-40GB,I64,U64,256,1,4,4,1000000000,256,Yes,,,,,,,,
pfp_bloom_filter_add_unique_size_u64,0,NVIDIA A100-SXM4-40GB,I64,U64,256,1,4,4,1000000000,512,Yes,,,,,,,,
pfp_bloom_filter_add_unique_size_u64,0,NVIDIA A100-SXM4-40GB,I64,U64,256,1,4,4,1000000000,1024,Yes,,,,,,,,
pfp_bloom_filter_add_unique_size_u64,0,NVIDIA A100-SXM4-40GB,I64,U64,256,1,4,4,1000000000,2048,Yes,,,,,,,,
pfp_bloom_filter_add_unique_size_u64,0,NVIDIA A100-SXM4-40GB,I64,U64,256,1,4,8,1000000000,1,Yes,,,,,,,,
pfp_bloom_filter_add_unique_size_u64,0,NVIDIA A100-SXM4-40GB,I64,U64,256,1,4,8,1000000000,2,Yes,,,,,,,,
pfp_bloom_filter_add_unique_size_u64,0,NVIDIA A100-SXM4-40GB,I64,U64,256,1,4,8,1000000000,4,Yes,,,,,,,,
pfp_bloom_filter_add_unique_size_u64,0,NVIDIA A100-SXM4-40GB,I64,U64,256,1,4,8,1000000000,8,Yes,,,,,,,,
pfp_bloom_filter_add_unique_size_u64,0,NVIDIA A100-SXM4-40GB,I64,U64,256,1,4,8,1000000000,16,Yes,,,,,,,,
pfp_bloom_filter_add_unique_size_u64,0,NVIDIA A100-SXM4-40GB,I64,U64,256,1,4,8,1000000000,32,Yes,,,,,,,,
pfp_bloom_filter_add_unique_size_u64,0,NVIDIA A100-SXM4-40GB,I64,U64,256,1,4,8,1000000000,64,Yes,,,,,,,,
pfp_bloom_filter_add_unique_size_u64,0,NVIDIA A100-SXM4-40GB,I64,U64,256,1,4,8,1000000000,128,Yes,,,,,,,,
pfp_bloom_filter_add_unique_size_u64,0,NVIDIA A100-SXM4-40GB,I64,U64,256,1,4,8,1000000000,256,Yes,,,,,,,,
pfp_bloom_filter_add_unique_size_u64,0,NVIDIA A100-SXM4-40GB,I64,U64,256,1,4,8,1000000000,512,Yes,,,,,,,,
pfp_bloom_filter_add_unique_size_u64,0,NVIDIA A100-SXM4-40GB,I64,U64,256,1,4,8,1000000000,1024,Yes,,,,,,,,
pfp_bloom_filter_add_unique_size_u64,0,NVIDIA A100-SXM4-40GB,I64,U64,256,1,4,8,1000000000,2048,Yes,,,,,,,,
pfp_bloom_filter_add_unique_size_u64,0,NVIDIA A100-SXM4-40GB,I64,U64,256,1,8,1,1000000000,1,Yes,,,,,,,,
pfp_bloom_filter_add_unique_size_u64,0,NVIDIA A100-SXM4-40GB,I64,U64,256,1,8,1,1000000000,2,Yes,,,,,,,,
pfp_bloom_filter_add_unique_size_u64,0,NVIDIA A100-SXM4-40GB,I64,U64,256,1,8,1,1000000000,4,Yes,,,,,,,,
pfp_bloom_filter_add_unique_size_u64,0,NVIDIA A100-SXM4-40GB,I64,U64,256,1,8,1,1000000000,8,Yes,,,,,,,,
pfp_bloom_filter_add_unique_size_u64,0,NVIDIA A100-SXM4-40GB,I64,U64,256,1,8,1,1000000000,16,Yes,,,,,,,,
pfp_bloom_filter_add_unique_size_u64,0,NVIDIA A100-SXM4-40GB,I64,U64,256,1,8,1,1000000000,32,Yes,,,,,,,,
pfp_bloom_filter_add_unique_size_u64,0,NVIDIA A100-SXM4-40GB,I64,U64,256,1,8,1,1000000000,64,Yes,,,,,,,,
pfp_bloom_filter_add_unique_size_u64,0,NVIDIA A100-SXM4-40GB,I64,U64,256,1,8,1,1000000000,128,Yes,,,,,,,,
pfp_bloom_filter_add_unique_size_u64,0,NVIDIA A100-SXM4-40GB,I64,U64,256,1,8,1,1000000000,256,Yes,,,,,,,,
pfp_bloom_filter_add_unique_size_u64,0,NVIDIA A100-SXM4-40GB,I64,U64,256,1,8,1,1000000000,512,Yes,,,,,,,,
pfp_bloom_filter_add_unique_size_u64,0,NVIDIA A100-SXM4-40GB,I64,U64,256,1,8,1,1000000000,1024,Yes,,,,,,,,
pfp_bloom_filter_add_unique_size_u64,0,NVIDIA A100-SXM4-40GB,I64,U64,256,1,8,1,1000000000,2048,Yes,,,,,,,,
pfp_bloom_filter_add_unique_size_u64,0,NVIDIA A100-SXM4-40GB,I64,U64,256,1,8,2,1000000000,1,Yes,,,,,,,,
pfp_bloom_filter_add_unique_size_u64,0,NVIDIA A100-SXM4-40GB,I64,U64,256,1,8,2,1000000000,2,Yes,,,,,,,,
pfp_bloom_filter_add_unique_size_u64,0,NVIDIA A100-SXM4-40GB,I64,U64,256,1,8,2,1000000000,4,Yes,,,,,,,,
pfp_bloom_filter_add_unique_size_u64,0,NVIDIA A100-SXM4-40GB,I64,U64,256,1,8,2,1000000000,8,Yes,,,,,,,,
pfp_bloom_filter_add_unique_size_u64,0,NVIDIA A100-SXM4-40GB,I64,U64,256,1,8,2,1000000000,16,Yes,,,,,,,,
pfp_bloom_filter_add_unique_size_u64,0,NVIDIA A100-SXM4-40GB,I64,U64,256,1,8,2,1000000000,32,Yes,,,,,,,,
pfp_bloom_filter_add_unique_size_u64,0,NVIDIA A100-SXM4-40GB,I64,U64,256,1,8,2,1000000000,64,Yes,,,,,,,,
pfp_bloom_filter_add_unique_size_u64,0,NVIDIA A100-SXM4-40GB,I64,U64,256,1,8,2,1000000000,128,Yes,,,,,,,,
pfp_bloom_filter_add_unique_size_u64,0,NVIDIA A100-SXM4-40GB,I64,U64,256,1,8,2,1000000000,256,Yes,,,,,,,,
pfp_bloom_filter_add_unique_size_u64,0,NVIDIA A100-SXM4-40GB,I64,U64,256,1,8,2,1000000000,512,Yes,,,,,,,,
pfp_bloom_filter_add_unique_size_u64,0,NVIDIA A100-SXM4-40GB,I64,U64,256,1,8,2,1000000000,1024,Yes,,,,,,,,
pfp_bloom_filter_add_unique_size_u64,0,NVIDIA A100-SXM4-40GB,I64,U64,256,1,8,2,1000000000,2048,Yes,,,,,,,,
pfp_bloom_filter_add_unique_size_u64,0,NVIDIA A100-SXM4-40GB,I64,U64,256,1,8,4,1000000000,1,Yes,,,,,,,,
pfp_bloom_filter_add_unique_size_u64,0,NVIDIA A100-SXM4-40GB,I64,U64,256,1,8,4,1000000000,2,Yes,,,,,,,,
pfp_bloom_filter_add_unique_size_u64,0,NVIDIA A100-SXM4-40GB,I64,U64,256,1,8,4,1000000000,4,Yes,,,,,,,,
pfp_bloom_filter_add_unique_size_u64,0,NVIDIA A100-SXM4-40GB,I64,U64,256,1,8,4,1000000000,8,Yes,,,,,,,,
pfp_bloom_filter_add_unique_size_u64,0,NVIDIA A100-SXM4-40GB,I64,U64,256,1,8,4,1000000000,16,Yes,,,,,,,,
pfp_bloom_filter_add_unique_size_u64,0,NVIDIA A100-SXM4-40GB,I64,U64,256,1,8,4,1000000000,32,Yes,,,,,,,,
pfp_bloom_filter_add_unique_size_u64,0,NVIDIA A100-SXM4-40GB,I64,U64,256,1,8,4,1000000000,64,Yes,,,,,,,,
pfp_bloom_filter_add_unique_size_u64,0,NVIDIA A100-SXM4-40GB,I64,U64,256,1,8,4,1000000000,128,Yes,,,,,,,,
pfp_bloom_filter_add_unique_size_u64,0,NVIDIA A100-SXM4-40GB,I64,U64,256,1,8,4,1000000000,256,Yes,,,,,,,,
pfp_bloom_filter_add_unique_size_u64,0,NVIDIA A100-SXM4-40GB,I64,U64,256,1,8,4,1000000000,512,Yes,,,,,,,,
pfp_bloom_filter_add_unique_size_u64,0,NVIDIA A100-SXM4-40GB,I64,U64,256,1,8,4,1000000000,1024,Yes,,,,,,,,
pfp_bloom_filter_add_unique_size_u64,0,NVIDIA A100-SXM4-40GB,I64,U64,256,1,8,4,1000000000,2048,Yes,,,,,,,,
pfp_bloom_filter_add_unique_size_u64,0,NVIDIA A100-SXM4-40GB,I64,U64,256,1,8,8,1000000000,1,Yes,,,,,,,,
pfp_bloom_filter_add_unique_size_u64,0,NVIDIA A100-SXM4-40GB,I64,U64,256,1,8,8,1000000000,2,Yes,,,,,,,,
pfp_bloom_filter_add_unique_size_u64,0,NVIDIA A100-SXM4-40GB,I64,U64,256,1,8,8,1000000000,4,Yes,,,,,,,,
pfp_bloom_filter_add_unique_size_u64,0,NVIDIA A100-SXM4-40GB,I64,U64,256,1,8,8,1000000000,8,Yes,,,,,,,,
pfp_bloom_filter_add_unique_size_u64,0,NVIDIA A100-SXM4-40GB,I64,U64,256,1,8,8,1000000000,16,Yes,,,,,,,,
pfp_bloom_filter_add_unique_size_u64,0,NVIDIA A100-SXM4-40GB,I64,U64,256,1,8,8,1000000000,32,Yes,,,,,,,,
pfp_bloom_filter_add_unique_size_u64,0,NVIDIA A100-SXM4-40GB,I64,U64,256,1,8,8,1000000000,64,Yes,,,,,,,,
pfp_bloom_filter_add_unique_size_u64,0,NVIDIA A100-SXM4-40GB,I64,U64,256,1,8,8,1000000000,128,Yes,,,,,,,,
pfp_bloom_filter_add_unique_size_u64,0,NVIDIA A100-SXM4-40GB,I64,U64,256,1,8,8,1000000000,256,Yes,,,,,,,,
pfp_bloom_filter_add_unique_size_u64,0,NVIDIA A100-SXM4-40GB,I64,U64,256,1,8,8,1000000000,512,Yes,,,,,,,,
pfp_bloom_filter_add_unique_size_u64,0,NVIDIA A100-SXM4-40GB,I64,U64,256,1,8,8,1000000000,1024,Yes,,,,,,,,
pfp_bloom_filter_add_unique_size_u64,0,NVIDIA A100-SXM4-40GB,I64,U64,256,1,8,8,1000000000,2048,Yes,,,,,,,,
pfp_bloom_filter_add_unique_size_u64,0,NVIDIA A100-SXM4-40GB,I64,U64,256,16,1,1,1000000000,1,No,11,0.10039074954545457,0.012098113761405802,0.10037443473122339,0.012102848060227784,9962696205.241302,12,0.10141516621907552
pfp_bloom_filter_add_unique_size_u64,0,NVIDIA A100-SXM4-40GB,I64,U64,256,16,1,1,1000000000,2,No,11,0.10137272309090911,0.00037379587130774395,0.1013557059548118,0.00037204632310689905,9866242759.394697,12,0.10133666102091471
pfp_bloom_filter_add_unique_size_u64,0,NVIDIA A100-SXM4-40GB,I64,U64,256,16,1,1,1000000000,4,No,11,0.10115053290909091,0.00039156996159418555,0.10113284787264737,0.00038882660447220834,9887984181.551584,12,0.10111462338765463
pfp_bloom_filter_add_unique_size_u64,0,NVIDIA A100-SXM4-40GB,I64,U64,256,16,1,1,1000000000,8,No,11,0.10033560763636365,0.0004260950129719027,0.10031857993386008,0.00042414591343992533,9968243177.478178,12,0.10029926427205405
pfp_bloom_filter_add_unique_size_u64,0,NVIDIA A100-SXM4-40GB,I64,U64,256,16,1,1,1000000000,16,No,11,0.10034234536363637,0.005574123898500942,0.10032509682395241,0.0055711431334557375,9967595663.074924,12,0.0999925765991211
pfp_bloom_filter_add_unique_size_u64,0,NVIDIA A100-SXM4-40GB,I64,U64,256,16,1,1,1000000000,32,No,11,0.10172452654545454,0.014329553750429838,0.1017064736106179,0.014320890751378523,9832215831.496517,12,0.0986123949686686
pfp_bloom_filter_add_unique_size_u64,0,NVIDIA A100-SXM4-40GB,I64,U64,256,16,1,1,1000000000,64,No,11,0.18983259454545456,0.0007639960838491216,0.1898169250488281,0.0007641901560221782,5268234114.227496,12,0.18975334294637047
pfp_bloom_filter_add_unique_size_u64,0,NVIDIA A100-SXM4-40GB,I64,U64,256,16,1,1,1000000000,128,No,11,0.2621946002727273,0.0014786755733886185,0.26217992609197444,0.0014782144045690415,3814174543.817643,12,0.2621310297648112
pfp_bloom_filter_add_unique_size_u64,0,NVIDIA A100-SXM4-40GB,I64,U64,256,16,1,1,1000000000,256,No,11,0.30354910963636367,0.001727857608934716,0.30353380237926136,0.0017292833274169465,3294525987.4236794,12,0.303508310953776
pfp_bloom_filter_add_unique_size_u64,0,NVIDIA A100-SXM4-40GB,I64,U64,256,16,1,1,1000000000,512,No,11,0.3253536499090909,0.0022724252380071563,0.32533820412375714,0.002272920636282431,3073724472.9475565,12,0.3257719497680664
pfp_bloom_filter_add_unique_size_u64,0,NVIDIA A100-SXM4-40GB,I64,U64,256,16,1,1,1000000000,1024,No,11,0.3370142775454546,0.002111135871437064,0.3369995172674005,0.0021111263082663027,2967363301.0178037,12,0.3369897766113281
pfp_bloom_filter_add_unique_size_u64,0,NVIDIA A100-SXM4-40GB,I64,U64,256,16,1,1,1000000000,2048,No,11,0.3429162145454545,0.0014155832746481497,0.34290064586292623,0.001415534179501193,2916296635.9641905,12,0.3426792933146159
pfp_bloom_filter_add_unique_size_u64,0,NVIDIA A100-SXM4-40GB,I64,U64,256,16,1,2,1000000000,1,No,11,0.09449146072727271,0.00938865940930096,0.09447526411576704,0.009394035948815976,10584781205.52943,12,0.095316224416097
pfp_bloom_filter_add_unique_size_u64,0,NVIDIA A100-SXM4-40GB,I64,U64,256,16,1,2,1000000000,2,No,11,0.0953467340909091,0.0029962336789189467,0.09533002333207564,0.002992752231873898,10489874701.032728,12,0.09538415082295736
pfp_bloom_filter_add_unique_size_u64,0,NVIDIA A100-SXM4-40GB,I64,U64,256,16,1,2,1000000000,4,No,11,0.09595736563636365,0.00487150534714209,0.09594051638516513,0.004865580113872402,10423125053.709068,12,0.09600222015380859
pfp_bloom_filter_add_unique_size_u64,0,NVIDIA A100-SXM4-40GB,I64,U64,256,16,1,2,1000000000,8,No,11,0.09545123363636364,0.0003752298105491556,0.09543428525057705,0.00037456914373232346,10478414517.113527,12,0.09541486867268882
pfp_bloom_filter_add_unique_size_u64,0,NVIDIA A100-SXM4-40GB,I64,U64,256,16,1,2,1000000000,16,No,11,0.09516478145454546,0.0004582981709753805,0.09514821832830256,0.00045205689933416345,10509918289.269136,12,0.09511859258015949
pfp_bloom_filter_add_unique_size_u64,0,NVIDIA A100-SXM4-40GB,I64,U64,256,16,1,2,1000000000,32,No,11,0.09751079063636364,0.002423896956764058,0.09749373696067117,0.002424711724534578,10257069132.588472,12,0.09736942927042642
pfp_bloom_filter_add_unique_size_u64,0,NVIDIA A100-SXM4-40GB,I64,U64,256,16,1,2,1000000000,64,No,11,0.18438658027272725,0.0011385538430873292,0.18437082880193537,0.001137625092239196,5423851519.777422,12,0.18441181818644203
pfp_bloom_filter_add_unique_size_u64,0,NVIDIA A100-SXM4-40GB,I64,U64,256,16,1,2,1000000000,128,No,11,0.2527615053636364,0.0011594273743634643,0.252746659712358,0.0011600429668366572,3956531022.558575,12,0.25278284962972003
pfp_bloom_filter_add_unique_size_u64,0,NVIDIA A100-SXM4-40GB,I64,U64,256,16,1,2,1000000000,256,No,11,0.29354497663636364,0.00105954622040274,0.2935292275168679,0.0010615734559960882,3406815765.7061057,12,0.293444694519043
pfp_bloom_filter_add_unique_size_u64,0,NVIDIA A100-SXM4-40GB,I64,U64,256,16,1,2,1000000000,512,No,11,0.3159583763636364,0.0018004656428691663,0.315943750554865,0.0018002379496905982,3165120367.925574,12,0.3158680775960287
pfp_bloom_filter_add_unique_size_u64,0,NVIDIA A100-SXM4-40GB,I64,U64,256,16,1,2,1000000000,1024,No,11,0.3273638344545455,0.0017517673812545733,0.3273482249866833,0.001751978326419965,3054850839.7767563,12,0.32744601186116534
pfp_bloom_filter_add_unique_size_u64,0,NVIDIA A100-SXM4-40GB,I64,U64,256,16,1,2,1000000000,2048,No,11,0.33321943872727283,0.0023159257987621076,0.3332043900923296,0.0023154302799877585,3001160938.254457,12,0.33314807637532556
pfp_bloom_filter_add_unique_size_u64,0,NVIDIA A100-SXM4-40GB,I64,U64,256,16,1,4,1000000000,1,No,11,0.09482726100000001,0.0076199755748925695,0.09481011199951173,0.0076179960705888726,10547398151.002605,12,0.09530291239420573
pfp_bloom_filter_add_unique_size_u64,0,NVIDIA A100-SXM4-40GB,I64,U64,256,16,1,4,1000000000,2,No,11,0.0952749691818182,0.0004444832798989957,0.0952583437832919,0.0004435164580698197,10497768072.421576,12,0.09639389864603677
pfp_bloom_filter_add_unique_size_u64,0,NVIDIA A100-SXM4-40GB,I64,U64,256,16,1,4,1000000000,4,No,11,0.09622147163636365,0.00034285294720777434,0.09620452117919923,0.00033872065279706476,10394521876.339987,12,0.09619097518920898
pfp_bloom_filter_add_unique_size_u64,0,NVIDIA A100-SXM4-40GB,I64,U64,256,16,1,4,1000000000,8,No,11,0.09550712054545456,0.002765490290457454,0.09549032870205966,0.0027650484888478784,10472264716.148481,12,0.09540411631266277
pfp_bloom_filter_add_unique_size_u64,0,NVIDIA A100-SXM4-40GB,I64,U64,256,16,1,4,1000000000,16,No,11,0.09530764400000002,0.004245565089365588,0.0952906487204812,0.00424280845515282,10494209174.0117,12,0.09510724194844566
pfp_bloom_filter_add_unique_size_u64,0,NVIDIA A100-SXM4-40GB,I64,U64,256,16,1,4,1000000000,32,No,11,0.09773022290909092,0.0069435307874881995,0.09771371113170275,0.006936476734560402,10233978306.812613,12,0.09736200586954753
pfp_bloom_filter_add_unique_size_u64,0,NVIDIA A100-SXM4-40GB,I64,U64,256,16,1,4,1000000000,64,No,11,0.1865287302727273,0.0006116268576781912,0.18651284928755327,0.0006114004499635835,5361560899.529585,12,0.18649685287475584
pfp_bloom_filter_add_unique_size_u64,0,NVIDIA A100-SXM4-40GB,I64,U64,256,16,1,4,1000000000,128,No,11,0.2495347037272727,0.0006167882304394641,0.24951975458318537,0.0006160656753169814,4007698715.7608724,12,0.2495970141092936
pfp_bloom_filter_add_unique_size_u64,0,NVIDIA A100-SXM4-40GB,I64,U64,256,16,1,4,1000000000,256,No,11,0.28696022181818176,0.001140692796121098,0.28694555386629966,0.0011408413314916953,3484981685.6404166,12,0.2869953689575196
pfp_bloom_filter_add_unique_size_u64,0,NVIDIA A100-SXM4-40GB,I64,U64,256,16,1,4,1000000000,512,No,11,0.307716499,0.0014311918532032525,0.3077008250843395,0.0014311468330198555,3249910037.536962,12,0.3077915267944336
pfp_bloom_filter_add_unique_size_u64,0,NVIDIA A100-SXM4-40GB,I64,U64,256,16,1,4,1000000000,1024,No,11,0.3186211392727273,0.0014196980347901014,0.31860615123401986,0.0014197936437043276,3138671353.728788,12,0.3187593358357747
pfp_bloom_filter_add_unique_size_u64,0,NVIDIA A100-SXM4-40GB,I64,U64,256,16,1,4,1000000000,2048,No,11,0.3243232637272727,0.0011631786200508568,0.3243080638538707,0.0011632006913207483,3083487928.4734282,12,0.32431053161621093
pfp_bloom_filter_add_unique_size_u64,0,NVIDIA A100-SXM4-40GB,I64,U64,256,16,1,8,1000000000,1,Yes,,,,,,,,
pfp_bloom_filter_add_unique_size_u64,0,NVIDIA A100-SXM4-40GB,I64,U64,256,16,1,8,1000000000,2,Yes,,,,,,,,
pfp_bloom_filter_add_unique_size_u64,0,NVIDIA A100-SXM4-40GB,I64,U64,256,16,1,8,1000000000,4,Yes,,,,,,,,
pfp_bloom_filter_add_unique_size_u64,0,NVIDIA A100-SXM4-40GB,I64,U64,256,16,1,8,1000000000,8,Yes,,,,,,,,
pfp_bloom_filter_add_unique_size_u64,0,NVIDIA A100-SXM4-40GB,I64,U64,256,16,1,8,1000000000,16,Yes,,,,,,,,
pfp_bloom_filter_add_unique_size_u64,0,NVIDIA A100-SXM4-40GB,I64,U64,256,16,1,8,1000000000,32,Yes,,,,,,,,
pfp_bloom_filter_add_unique_size_u64,0,NVIDIA A100-SXM4-40GB,I64,U64,256,16,1,8,1000000000,64,Yes,,,,,,,,
pfp_bloom_filter_add_unique_size_u64,0,NVIDIA A100-SXM4-40GB,I64,U64,256,16,1,8,1000000000,128,Yes,,,,,,,,
pfp_bloom_filter_add_unique_size_u64,0,NVIDIA A100-SXM4-40GB,I64,U64,256,16,1,8,1000000000,256,Yes,,,,,,,,
pfp_bloom_filter_add_unique_size_u64,0,NVIDIA A100-SXM4-40GB,I64,U64,256,16,1,8,1000000000,512,Yes,,,,,,,,
pfp_bloom_filter_add_unique_size_u64,0,NVIDIA A100-SXM4-40GB,I64,U64,256,16,1,8,1000000000,1024,Yes,,,,,,,,
pfp_bloom_filter_add_unique_size_u64,0,NVIDIA A100-SXM4-40GB,I64,U64,256,16,1,8,1000000000,2048,Yes,,,,,,,,
pfp_bloom_filter_add_unique_size_u64,0,NVIDIA A100-SXM4-40GB,I64,U64,256,16,2,1,1000000000,1,No,11,0.06870046990909091,0.003930664522771141,0.06868284537575461,0.003928221048627277,14559676357.744564,12,0.06856541760762531
pfp_bloom_filter_add_unique_size_u64,0,NVIDIA A100-SXM4-40GB,I64,U64,256,16,2,1,1000000000,2,No,11,0.06858676545454546,5.96862115592746e-05,0.0685693664550781,5.86335033010977e-05,14583771904.253056,12,0.06856516329447428
pfp_bloom_filter_add_unique_size_u64,0,NVIDIA A100-SXM4-40GB,I64,U64,256,16,2,1,1000000000,4,No,11,0.06873865154545454,0.004516733697370618,0.06872212912819603,0.004506457462142448,14551353584.150082,12,0.06856482251485187
pfp_bloom_filter_add_unique_size_u64,0,NVIDIA A100-SXM4-40GB,I64,U64,256,16,2,1,1000000000,8,No,11,0.06867649136363636,0.003470278831436085,0.06865901461514559,0.003460762409713918,14564729855.28995,12,0.06856482251485188
pfp_bloom_filter_add_unique_size_u64,0,NVIDIA A100-SXM4-40GB,I64,U64,256,16,2,1,1000000000,16,No,11,0.068860323,0.005570145022152821,0.06884324160489169,0.005562069732335868,14525754114.532349,12,0.06857403755187988
pfp_bloom_filter_add_unique_size_u64,0,NVIDIA A100-SXM4-40GB,I64,U64,256,16,2,1,1000000000,32,No,11,0.07099845227272727,0.006406204565656813,0.07098125873912466,0.006398826566974988,14088225790.349403,12,0.07068910980224609
pfp_bloom_filter_add_unique_size_u64,0,NVIDIA A100-SXM4-40GB,I64,U64,256,16,2,1,1000000000,64,No,11,0.1360453843636364,0.004100040247234567,0.13603020824085582,0.004101377161067424,7351308308.147222,12,0.13585117975870767
pfp_bloom_filter_add_unique_size_u64,0,NVIDIA A100-SXM4-40GB,I64,U64,256,16,2,1,1000000000,128,No,11,0.1681492952727273,0.0013547203630432248,0.1681339111328125,0.0013553865539884162,5947640147.442231,12,0.16806912104288738
pfp_bloom_filter_add_unique_size_u64,0,NVIDIA A100-SXM4-40GB,I64,U64,256,16,2,1,1000000000,256,No,11,0.18431194436363638,0.0004822141568560371,0.18429756303267045,0.00048204983969136464,5426007721.126133,12,0.18432870356241862
pfp_bloom_filter_add_unique_size_u64,0,NVIDIA A100-SXM4-40GB,I64,U64,256,16,2,1,1000000000,512,No,11,0.1925193767272728,0.00045407863074038994,0.1925048328746449,0.00045490764398592817,5194674778.119357,12,0.19242743555704753
pfp_bloom_filter_add_unique_size_u64,0,NVIDIA A100-SXM4-40GB,I64,U64,256,16,2,1,1000000000,1024,No,11,0.19662719881818183,0.0003242068370941026,0.19661181779341266,0.000324346946045096,5086164256.162553,12,0.19659724807739262
pfp_bloom_filter_add_unique_size_u64,0,NVIDIA A100-SXM4-40GB,I64,U64,256,16,2,1,1000000000,2048,No,11,0.19871435154545455,0.0008576602785711658,0.19869947121360088,0.0008561238693219579,5032726025.35014,12,0.19865941365559894
pfp_bloom_filter_add_unique_size_u64,0,NVIDIA A100-SXM4-40GB,I64,U64,256,16,2,2,1000000000,1,No,11,0.06961132836363637,0.005205335421709752,0.06959420429576525,0.005220107139793823,14369012622.806137,12,0.0697599156697591
pfp_bloom_filter_add_unique_size_u64,0,NVIDIA A100-SXM4-40GB,I64,U64,256,16,2,2,1000000000,2,No,11,0.0698220800909091,7.508979172146909e-05,0.0698046847256747,6.886672478159615e-05,14325686075.797033,12,0.06978159014383951
pfp_bloom_filter_add_unique_size_u64,0,NVIDIA A100-SXM4-40GB,I64,U64,256,16,2,2,1000000000,4,No,11,0.06909244354545455,0.0036497026074528826,0.0690754103227095,0.003648481340914706,14476931737.765387,12,0.06895923296610515
pfp_bloom_filter_add_unique_size_u64,0,NVIDIA A100-SXM4-40GB,I64,U64,256,16,2,2,1000000000,8,No,11,0.06937367872727274,0.006741442324121849,0.06935682262073863,0.006734041300879138,14418192215.46903,12,0.06895854886372885
pfp_bloom_filter_add_unique_size_u64,0,NVIDIA A100-SXM4-40GB,I64,U64,256,16,2,2,1000000000,16,No,11,0.07698570463636363,0.013339059459335856,0.07696654024991122,0.013330409204977946,12992658845.687864,12,0.0740570437113444
pfp_bloom_filter_add_unique_size_u64,0,NVIDIA A100-SXM4-40GB,I64,U64,256,16,2,2,1000000000,32,No,11,0.0752878570909091,0.01163685614191174,0.07526949310302734,0.011626657330741457,13285594983.763481,12,0.07336243438720703
pfp_bloom_filter_add_unique_size_u64,0,NVIDIA A100-SXM4-40GB,I64,U64,256,16,2,2,1000000000,64,No,11,0.13590832663636362,0.004917346318993025,0.13589317876642404,0.00491794703308925,7358721085.764138,12,0.13564774449666342
pfp_bloom_filter_add_unique_size_u64,0,NVIDIA A100-SXM4-40GB,I64,U64,256,16,2,2,1000000000,128,No,11,0.16824551363636367,0.0014612551133906856,0.16822998046874998,0.001462229562149404,5944243690.77162,12,0.16818338012695314
pfp_bloom_filter_add_unique_size_u64,0,NVIDIA A100-SXM4-40GB,I64,U64,256,16,2,2,1000000000,256,No,11,0.18400966945454547,0.0004403943808284451,0.18399502147327765,0.0004392235178504431,5434929662.731304,12,0.18400503412882485
pfp_bloom_filter_add_unique_size_u64,0,NVIDIA A100-SXM4-40GB,I64,U64,256,16,2,2,1000000000,512,No,11,0.1921814252727273,0.00048638945148024603,0.19216607388583098,0.0004877370708789666,5203832184.208105,12,0.19218969599405925
pfp_bloom_filter_add_unique_size_u64,0,NVIDIA A100-SXM4-40GB,I64,U64,256,16,2,2,1000000000,1024,No,11,0.19634821272727276,0.0004091781957878204,0.196333383733576,0.0004092363153095925,5093377300.301603,12,0.1962728118896484
pfp_bloom_filter_add_unique_size_u64,0,NVIDIA A100-SXM4-40GB,I64,U64,256,16,2,2,1000000000,2048,No,11,0.19844075881818182,0.0010443045846862484,0.1984256009188565,0.0010426381115957528,5039672277.010952,12,0.1983577601114909
pfp_bloom_filter_add_unique_size_u64,0,NVIDIA A100-SXM4-40GB,I64,U64,256,16,2,4,1000000000,1,Yes,,,,,,,,
pfp_bloom_filter_add_unique_size_u64,0,NVIDIA A100-SXM4-40GB,I64,U64,256,16,2,4,1000000000,2,Yes,,,,,,,,
pfp_bloom_filter_add_unique_size_u64,0,NVIDIA A100-SXM4-40GB,I64,U64,256,16,2,4,1000000000,4,Yes,,,,,,,,
pfp_bloom_filter_add_unique_size_u64,0,NVIDIA A100-SXM4-40GB,I64,U64,256,16,2,4,1000000000,8,Yes,,,,,,,,
pfp_bloom_filter_add_unique_size_u64,0,NVIDIA A100-SXM4-40GB,I64,U64,256,16,2,4,1000000000,16,Yes,,,,,,,,
pfp_bloom_filter_add_unique_size_u64,0,NVIDIA A100-SXM4-40GB,I64,U64,256,16,2,4,1000000000,32,Yes,,,,,,,,
pfp_bloom_filter_add_unique_size_u64,0,NVIDIA A100-SXM4-40GB,I64,U64,256,16,2,4,1000000000,64,Yes,,,,,,,,
pfp_bloom_filter_add_unique_size_u64,0,NVIDIA A100-SXM4-40GB,I64,U64,256,16,2,4,1000000000,128,Yes,,,,,,,,
pfp_bloom_filter_add_unique_size_u64,0,NVIDIA A100-SXM4-40GB,I64,U64,256,16,2,4,1000000000,256,Yes,,,,,,,,
pfp_bloom_filter_add_unique_size_u64,0,NVIDIA A100-SXM4-40GB,I64,U64,256,16,2,4,1000000000,512,Yes,,,,,,,,
pfp_bloom_filter_add_unique_size_u64,0,NVIDIA A100-SXM4-40GB,I64,U64,256,16,2,4,1000000000,1024,Yes,,,,,,,,
pfp_bloom_filter_add_unique_size_u64,0,NVIDIA A100-SXM4-40GB,I64,U64,256,16,2,4,1000000000,2048,Yes,,,,,,,,
pfp_bloom_filter_add_unique_size_u64,0,NVIDIA A100-SXM4-40GB,I64,U64,256,16,2,8,1000000000,1,Yes,,,,,,,,
pfp_bloom_filter_add_unique_size_u64,0,NVIDIA A100-SXM4-40GB,I64,U64,256,16,2,8,1000000000,2,Yes,,,,,,,,
pfp_bloom_filter_add_unique_size_u64,0,NVIDIA A100-SXM4-40GB,I64,U64,256,16,2,8,1000000000,4,Yes,,,,,,,,
pfp_bloom_filter_add_unique_size_u64,0,NVIDIA A100-SXM4-40GB,I64,U64,256,16,2,8,1000000000,8,Yes,,,,,,,,
pfp_bloom_filter_add_unique_size_u64,0,NVIDIA A100-SXM4-40GB,I64,U64,256,16,2,8,1000000000,16,Yes,,,,,,,,
pfp_bloom_filter_add_unique_size_u64,0,NVIDIA A100-SXM4-40GB,I64,U64,256,16,2,8,1000000000,32,Yes,,,,,,,,
pfp_bloom_filter_add_unique_size_u64,0,NVIDIA A100-SXM4-40GB,I64,U64,256,16,2,8,1000000000,64,Yes,,,,,,,,
pfp_bloom_filter_add_unique_size_u64,0,NVIDIA A100-SXM4-40GB,I64,U64,256,16,2,8,1000000000,128,Yes,,,,,,,,
pfp_bloom_filter_add_unique_size_u64,0,NVIDIA A100-SXM4-40GB,I64,U64,256,16,2,8,1000000000,256,Yes,,,,,,,,
pfp_bloom_filter_add_unique_size_u64,0,NVIDIA A100-SXM4-40GB,I64,U64,256,16,2,8,1000000000,512,Yes,,,,,,,,
pfp_bloom_filter_add_unique_size_u64,0,NVIDIA A100-SXM4-40GB,I64,U64,256,16,2,8,1000000000,1024,Yes,,,,,,,,
pfp_bloom_filter_add_unique_size_u64,0,NVIDIA A100-SXM4-40GB,I64,U64,256,16,2,8,1000000000,2048,Yes,,,,,,,,
pfp_bloom_filter_add_unique_size_u64,0,NVIDIA A100-SXM4-40GB,I64,U64,256,16,4,1,1000000000,1,No,11,0.1245774071818182,0.014231337369746829,0.1245614069158381,0.014231703446957502,8028168794.493996,12,0.1260019187927246
pfp_bloom_filter_add_unique_size_u64,0,NVIDIA A100-SXM4-40GB,I64,U64,256,16,4,1,1000000000,2,No,11,0.12475314336363637,0.0035031312148664493,0.12473762928355824,0.0035002237099565946,8016827045.243602,12,0.12456977081298827
pfp_bloom_filter_add_unique_size_u64,0,NVIDIA A100-SXM4-40GB,I64,U64,256,16,4,1,1000000000,4,No,11,0.12472411290909093,0.0034510410484801975,0.12470737595991653,0.0034531935959392183,8018771883.400227,12,0.12456977208455404
pfp_bloom_filter_add_unique_size_u64,0,NVIDIA A100-SXM4-40GB,I64,U64,256,16,4,1,1000000000,8,No,11,0.12389073609090911,0.005651040477962732,0.12387523373690518,0.005651926185143741,8072638652.887383,12,0.12317047246297201
pfp_bloom_filter_add_unique_size_u64,0,NVIDIA A100-SXM4-40GB,I64,U64,256,16,4,1,1000000000,16,No,11,0.1233704464545455,0.0038601750062593567,0.12335411071777341,0.0038583679989034974,8106742403.485347,12,0.1231701316833496
pfp_bloom_filter_add_unique_size_u64,0,NVIDIA A100-SXM4-40GB,I64,U64,256,16,4,1,1000000000,32,No,11,0.12404875418181817,0.008130798655900221,0.12403283899480648,0.008132998175096063,8062380963.817753,12,0.12322884368896486
pfp_bloom_filter_add_unique_size_u64,0,NVIDIA A100-SXM4-40GB,I64,U64,256,16,4,1,1000000000,64,No,11,0.13519060972727273,0.004583109353562985,0.13517442321777343,0.004580232599551403,7397849209.89783,12,0.1348745409647624
pfp_bloom_filter_add_unique_size_u64,0,NVIDIA A100-SXM4-40GB,I64,U64,256,16,4,1,1000000000,128,No,11,0.16673704836363637,0.0014391220400665472,0.16672209444912997,0.0014403090898677802,5998005263.214341,12,0.16664405568440754
pfp_bloom_filter_add_unique_size_u64,0,NVIDIA A100-SXM4-40GB,I64,U64,256,16,4,1,1000000000,256,No,11,0.18254962472727276,0.00048774578696628217,0.18253423933549362,0.0004874106068251611,5478424232.2999115,12,0.18251562627156573
pfp_bloom_filter_add_unique_size_u64,0,NVIDIA A100-SXM4-40GB,I64,U64,256,16,4,1,1000000000,512,No,11,0.1907025558181818,0.00027308131481919084,0.1906870477849787,0.0002725763574509599,5244194671.929756,12,0.19070173772176105
pfp_bloom_filter_add_unique_size_u64,0,NVIDIA A100-SXM4-40GB,I64,U64,256,16,4,1,1000000000,1024,No,11,0.19441666290909093,0.00040473313149438683,0.19440174449573863,0.0004026412020607175,5143986760.99288,12,0.19436535517374676
pfp_bloom_filter_add_unique_size_u64,0,NVIDIA A100-SXM4-40GB,I64,U64,256,16,4,1,1000000000,2048,No,11,0.19685272318181815,0.0008147728513820426,0.19683709716796874,0.0008133875449004757,5080343158.82367,12,0.19680529022216797
pfp_bloom_filter_add_unique_size_u64,0,NVIDIA A100-SXM4-40GB,I64,U64,256,16,4,2,1000000000,1,Yes,,,,,,,,
pfp_bloom_filter_add_unique_size_u64,0,NVIDIA A100-SXM4-40GB,I64,U64,256,16,4,2,1000000000,2,Yes,,,,,,,,
pfp_bloom_filter_add_unique_size_u64,0,NVIDIA A100-SXM4-40GB,I64,U64,256,16,4,2,1000000000,4,Yes,,,,,,,,
pfp_bloom_filter_add_unique_size_u64,0,NVIDIA A100-SXM4-40GB,I64,U64,256,16,4,2,1000000000,8,Yes,,,,,,,,
pfp_bloom_filter_add_unique_size_u64,0,NVIDIA A100-SXM4-40GB,I64,U64,256,16,4,2,1000000000,16,Yes,,,,,,,,
pfp_bloom_filter_add_unique_size_u64,0,NVIDIA A100-SXM4-40GB,I64,U64,256,16,4,2,1000000000,32,Yes,,,,,,,,
pfp_bloom_filter_add_unique_size_u64,0,NVIDIA A100-SXM4-40GB,I64,U64,256,16,4,2,1000000000,64,Yes,,,,,,,,
pfp_bloom_filter_add_unique_size_u64,0,NVIDIA A100-SXM4-40GB,I64,U64,256,16,4,2,1000000000,128,Yes,,,,,,,,
pfp_bloom_filter_add_unique_size_u64,0,NVIDIA A100-SXM4-40GB,I64,U64,256,16,4,2,1000000000,256,Yes,,,,,,,,
pfp_bloom_filter_add_unique_size_u64,0,NVIDIA A100-SXM4-40GB,I64,U64,256,16,4,2,1000000000,512,Yes,,,,,,,,
pfp_bloom_filter_add_unique_size_u64,0,NVIDIA A100-SXM4-40GB,I64,U64,256,16,4,2,1000000000,1024,Yes,,,,,,,,
pfp_bloom_filter_add_unique_size_u64,0,NVIDIA A100-SXM4-40GB,I64,U64,256,16,4,2,1000000000,2048,Yes,,,,,,,,
pfp_bloom_filter_add_unique_size_u64,0,NVIDIA A100-SXM4-40GB,I64,U64,256,16,4,4,1000000000,1,Yes,,,,,,,,
pfp_bloom_filter_add_unique_size_u64,0,NVIDIA A100-SXM4-40GB,I64,U64,256,16,4,4,1000000000,2,Yes,,,,,,,,
pfp_bloom_filter_add_unique_size_u64,0,NVIDIA A100-SXM4-40GB,I64,U64,256,16,4,4,1000000000,4,Yes,,,,,,,,
pfp_bloom_filter_add_unique_size_u64,0,NVIDIA A100-SXM4-40GB,I64,U64,256,16,4,4,1000000000,8,Yes,,,,,,,,
pfp_bloom_filter_add_unique_size_u64,0,NVIDIA A100-SXM4-40GB,I64,U64,256,16,4,4,1000000000,16,Yes,,,,,,,,
pfp_bloom_filter_add_unique_size_u64,0,NVIDIA A100-SXM4-40GB,I64,U64,256,16,4,4,1000000000,32,Yes,,,,,,,,
pfp_bloom_filter_add_unique_size_u64,0,NVIDIA A100-SXM4-40GB,I64,U64,256,16,4,4,1000000000,64,Yes,,,,,,,,
pfp_bloom_filter_add_unique_size_u64,0,NVIDIA A100-SXM4-40GB,I64,U64,256,16,4,4,1000000000,128,Yes,,,,,,,,
pfp_bloom_filter_add_unique_size_u64,0,NVIDIA A100-SXM4-40GB,I64,U64,256,16,4,4,1000000000,256,Yes,,,,,,,,
pfp_bloom_filter_add_unique_size_u64,0,NVIDIA A100-SXM4-40GB,I64,U64,256,16,4,4,1000000000,512,Yes,,,,,,,,
pfp_bloom_filter_add_unique_size_u64,0,NVIDIA A100-SXM4-40GB,I64,U64,256,16,4,4,1000000000,1024,Yes,,,,,,,,
pfp_bloom_filter_add_unique_size_u64,0,NVIDIA A100-SXM4-40GB,I64,U64,256,16,4,4,1000000000,2048,Yes,,,,,,,,
pfp_bloom_filter_add_unique_size_u64,0,NVIDIA A100-SXM4-40GB,I64,U64,256,16,4,8,1000000000,1,Yes,,,,,,,,
pfp_bloom_filter_add_unique_size_u64,0,NVIDIA A100-SXM4-40GB,I64,U64,256,16,4,8,1000000000,2,Yes,,,,,,,,
pfp_bloom_filter_add_unique_size_u64,0,NVIDIA A100-SXM4-40GB,I64,U64,256,16,4,8,1000000000,4,Yes,,,,,,,,
pfp_bloom_filter_add_unique_size_u64,0,NVIDIA A100-SXM4-40GB,I64,U64,256,16,4,8,1000000000,8,Yes,,,,,,,,
pfp_bloom_filter_add_unique_size_u64,0,NVIDIA A100-SXM4-40GB,I64,U64,256,16,4,8,1000000000,16,Yes,,,,,,,,
pfp_bloom_filter_add_unique_size_u64,0,NVIDIA A100-SXM4-40GB,I64,U64,256,16,4,8,1000000000,32,Yes,,,,,,,,
pfp_bloom_filter_add_unique_size_u64,0,NVIDIA A100-SXM4-40GB,I64,U64,256,16,4,8,1000000000,64,Yes,,,,,,,,
pfp_bloom_filter_add_unique_size_u64,0,NVIDIA A100-SXM4-40GB,I64,U64,256,16,4,8,1000000000,128,Yes,,,,,,,,
pfp_bloom_filter_add_unique_size_u64,0,NVIDIA A100-SXM4-40GB,I64,U64,256,16,4,8,1000000000,256,Yes,,,,,,,,
pfp_bloom_filter_add_unique_size_u64,0,NVIDIA A100-SXM4-40GB,I64,U64,256,16,4,8,1000000000,512,Yes,,,,,,,,
pfp_bloom_filter_add_unique_size_u64,0,NVIDIA A100-SXM4-40GB,I64,U64,256,16,4,8,1000000000,1024,Yes,,,,,,,,
pfp_bloom_filter_add_unique_size_u64,0,NVIDIA A100-SXM4-40GB,I64,U64,256,16,4,8,1000000000,2048,Yes,,,,,,,,
pfp_bloom_filter_add_unique_size_u64,0,NVIDIA A100-SXM4-40GB,I64,U64,256,16,8,1,1000000000,1,Yes,,,,,,,,
pfp_bloom_filter_add_unique_size_u64,0,NVIDIA A100-SXM4-40GB,I64,U64,256,16,8,1,1000000000,2,Yes,,,,,,,,
pfp_bloom_filter_add_unique_size_u64,0,NVIDIA A100-SXM4-40GB,I64,U64,256,16,8,1,1000000000,4,Yes,,,,,,,,
pfp_bloom_filter_add_unique_size_u64,0,NVIDIA A100-SXM4-40GB,I64,U64,256,16,8,1,1000000000,8,Yes,,,,,,,,
pfp_bloom_filter_add_unique_size_u64,0,NVIDIA A100-SXM4-40GB,I64,U64,256,16,8,1,1000000000,16,Yes,,,,,,,,
pfp_bloom_filter_add_unique_size_u64,0,NVIDIA A100-SXM4-40GB,I64,U64,256,16,8,1,1000000000,32,Yes,,,,,,,,
pfp_bloom_filter_add_unique_size_u64,0,NVIDIA A100-SXM4-40GB,I64,U64,256,16,8,1,1000000000,64,Yes,,,,,,,,
pfp_bloom_filter_add_unique_size_u64,0,NVIDIA A100-SXM4-40GB,I64,U64,256,16,8,1,1000000000,128,Yes,,,,,,,,
pfp_bloom_filter_add_unique_size_u64,0,NVIDIA A100-SXM4-40GB,I64,U64,256,16,8,1,1000000000,256,Yes,,,,,,,,
pfp_bloom_filter_add_unique_size_u64,0,NVIDIA A100-SXM4-40GB,I64,U64,256,16,8,1,1000000000,512,Yes,,,,,,,,
pfp_bloom_filter_add_unique_size_u64,0,NVIDIA A100-SXM4-40GB,I64,U64,256,16,8,1,1000000000,1024,Yes,,,,,,,,
pfp_bloom_filter_add_unique_size_u64,0,NVIDIA A100-SXM4-40GB,I64,U64,256,16,8,1,1000000000,2048,Yes,,,,,,,,
pfp_bloom_filter_add_unique_size_u64,0,NVIDIA A100-SXM4-40GB,I64,U64,256,16,8,2,1000000000,1,Yes,,,,,,,,
pfp_bloom_filter_add_unique_size_u64,0,NVIDIA A100-SXM4-40GB,I64,U64,256,16,8,2,1000000000,2,Yes,,,,,,,,
pfp_bloom_filter_add_unique_size_u64,0,NVIDIA A100-SXM4-40GB,I64,U64,256,16,8,2,1000000000,4,Yes,,,,,,,,
pfp_bloom_filter_add_unique_size_u64,0,NVIDIA A100-SXM4-40GB,I64,U64,256,16,8,2,1000000000,8,Yes,,,,,,,,
pfp_bloom_filter_add_unique_size_u64,0,NVIDIA A100-SXM4-40GB,I64,U64,256,16,8,2,1000000000,16,Yes,,,,,,,,
pfp_bloom_filter_add_unique_size_u64,0,NVIDIA A100-SXM4-40GB,I64,U64,256,16,8,2,1000000000,32,Yes,,,,,,,,
pfp_bloom_filter_add_unique_size_u64,0,NVIDIA A100-SXM4-40GB,I64,U64,256,16,8,2,1000000000,64,Yes,,,,,,,,
pfp_bloom_filter_add_unique_size_u64,0,NVIDIA A100-SXM4-40GB,I64,U64,256,16,8,2,1000000000,128,Yes,,,,,,,,
pfp_bloom_filter_add_unique_size_u64,0,NVIDIA A100-SXM4-40GB,I64,U64,256,16,8,2,1000000000,256,Yes,,,,,,,,
pfp_bloom_filter_add_unique_size_u64,0,NVIDIA A100-SXM4-40GB,I64,U64,256,16,8,2,1000000000,512,Yes,,,,,,,,
pfp_bloom_filter_add_unique_size_u64,0,NVIDIA A100-SXM4-40GB,I64,U64,256,16,8,2,1000000000,1024,Yes,,,,,,,,
pfp_bloom_filter_add_unique_size_u64,0,NVIDIA A100-SXM4-40GB,I64,U64,256,16,8,2,1000000000,2048,Yes,,,,,,,,
pfp_bloom_filter_add_unique_size_u64,0,NVIDIA A100-SXM4-40GB,I64,U64,256,16,8,4,1000000000,1,Yes,,,,,,,,
pfp_bloom_filter_add_unique_size_u64,0,NVIDIA A100-SXM4-40GB,I64,U64,256,16,8,4,1000000000,2,Yes,,,,,,,,
pfp_bloom_filter_add_unique_size_u64,0,NVIDIA A100-SXM4-40GB,I64,U64,256,16,8,4,1000000000,4,Yes,,,,,,,,
pfp_bloom_filter_add_unique_size_u64,0,NVIDIA A100-SXM4-40GB,I64,U64,256,16,8,4,1000000000,8,Yes,,,,,,,,
pfp_bloom_filter_add_unique_size_u64,0,NVIDIA A100-SXM4-40GB,I64,U64,256,16,8,4,1000000000,16,Yes,,,,,,,,
pfp_bloom_filter_add_unique_size_u64,0,NVIDIA A100-SXM4-40GB,I64,U64,256,16,8,4,1000000000,32,Yes,,,,,,,,
pfp_bloom_filter_add_unique_size_u64,0,NVIDIA A100-SXM4-40GB,I64,U64,256,16,8,4,1000000000,64,Yes,,,,,,,,
pfp_bloom_filter_add_unique_size_u64,0,NVIDIA A100-SXM4-40GB,I64,U64,256,16,8,4,1000000000,128,Yes,,,,,,,,
pfp_bloom_filter_add_unique_size_u64,0,NVIDIA A100-SXM4-40GB,I64,U64,256,16,8,4,1000000000,256,Yes,,,,,,,,
pfp_bloom_filter_add_unique_size_u64,0,NVIDIA A100-SXM4-40GB,I64,U64,256,16,8,4,1000000000,512,Yes,,,,,,,,
pfp_bloom_filter_add_unique_size_u64,0,NVIDIA A100-SXM4-40GB,I64,U64,256,16,8,4,1000000000,1024,Yes,,,,,,,,
pfp_bloom_filter_add_unique_size_u64,0,NVIDIA A100-SXM4-40GB,I64,U64,256,16,8,4,1000000000,2048,Yes,,,,,,,,
pfp_bloom_filter_add_unique_size_u64,0,NVIDIA A100-SXM4-40GB,I64,U64,256,16,8,8,1000000000,1,Yes,,,,,,,,
pfp_bloom_filter_add_unique_size_u64,0,NVIDIA A100-SXM4-40GB,I64,U64,256,16,8,8,1000000000,2,Yes,,,,,,,,
pfp_bloom_filter_add_unique_size_u64,0,NVIDIA A100-SXM4-40GB,I64,U64,256,16,8,8,1000000000,4,Yes,,,,,,,,
pfp_bloom_filter_add_unique_size_u64,0,NVIDIA A100-SXM4-40GB,I64,U64,256,16,8,8,1000000000,8,Yes,,,,,,,,
pfp_bloom_filter_add_unique_size_u64,0,NVIDIA A100-SXM4-40GB,I64,U64,256,16,8,8,1000000000,16,Yes,,,,,,,,
pfp_bloom_filter_add_unique_size_u64,0,NVIDIA A100-SXM4-40GB,I64,U64,256,16,8,8,1000000000,32,Yes,,,,,,,,
pfp_bloom_filter_add_unique_size_u64,0,NVIDIA A100-SXM4-40GB,I64,U64,256,16,8,8,1000000000,64,Yes,,,,,,,,
pfp_bloom_filter_add_unique_size_u64,0,NVIDIA A100-SXM4-40GB,I64,U64,256,16,8,8,1000000000,128,Yes,,,,,,,,
pfp_bloom_filter_add_unique_size_u64,0,NVIDIA A100-SXM4-40GB,I64,U64,256,16,8,8,1000000000,256,Yes,,,,,,,,
pfp_bloom_filter_add_unique_size_u64,0,NVIDIA A100-SXM4-40GB,I64,U64,256,16,8,8,1000000000,512,Yes,,,,,,,,
pfp_bloom_filter_add_unique_size_u64,0,NVIDIA A100-SXM4-40GB,I64,U64,256,16,8,8,1000000000,1024,Yes,,,,,,,,
pfp_bloom_filter_add_unique_size_u64,0,NVIDIA A100-SXM4-40GB,I64,U64,256,16,8,8,1000000000,2048,Yes,,,,,,,,
pfp_bloom_filter_add_unique_size_u64,0,NVIDIA A100-SXM4-40GB,I64,U64,512,1,1,1,1000000000,1,No,11,0.17510118709090913,0.00028129969898038523,0.17508538402210583,0.00028071499416899707,5711499024.234613,12,0.17505902989705405
pfp_bloom_filter_add_unique_size_u64,0,NVIDIA A100-SXM4-40GB,I64,U64,512,1,1,1,1000000000,2,No,11,0.17490636109090912,0.0002550728391771211,0.17489054177024146,0.00025475284125640695,5717862097.503979,12,0.17487214787801109
pfp_bloom_filter_add_unique_size_u64,0,NVIDIA A100-SXM4-40GB,I64,U64,512,1,1,1,1000000000,4,No,11,0.1743164502727273,7.412756210759123e-05,0.1743013707941229,7.416106030318365e-05,5737189532.382714,12,0.1742899220784505
pfp_bloom_filter_add_unique_size_u64,0,NVIDIA A100-SXM4-40GB,I64,U64,512,1,1,1,1000000000,8,No,11,0.17305059827272729,7.471605766977935e-05,0.1730345889004794,7.584521925384081e-05,5779191353.326176,12,0.17301119867960613
pfp_bloom_filter_add_unique_size_u64,0,NVIDIA A100-SXM4-40GB,I64,U64,512,1,1,1,1000000000,16,No,11,0.17263117336363634,0.0001282780962925292,0.1726158669211648,0.0001292673337825002,5793210194.615011,12,0.17259119288126626
pfp_bloom_filter_add_unique_size_u64,0,NVIDIA A100-SXM4-40GB,I64,U64,512,1,1,1,1000000000,32,No,11,0.17527112163636363,0.00046661091360305075,0.17525527260520243,0.00046498282087410037,5705962423.468423,12,0.1752021344502767
pfp_bloom_filter_add_unique_size_u64,0,NVIDIA A100-SXM4-40GB,I64,U64,512,1,1,1,1000000000,64,No,11,0.31937898381818186,0.00030051334257800733,0.31936400534889914,0.0003000465865008061,3131223253.877715,12,0.3193740793863933
pfp_bloom_filter_add_unique_size_u64,0,NVIDIA A100-SXM4-40GB,I64,U64,512,1,1,1,1000000000,128,No,11,0.45404191681818173,0.00037786893695113274,0.4540263311212714,0.00037735351728873385,2202515430.174242,12,0.4538176879882812
pfp_bloom_filter_add_unique_size_u64,0,NVIDIA A100-SXM4-40GB,I64,U64,512,1,1,1,1000000000,256,No,11,0.5245412454545455,0.0009259181139897957,0.5245265114524148,0.0009249520093943249,1906481327.7616765,12,0.5243935546874999
pfp_bloom_filter_add_unique_size_u64,0,NVIDIA A100-SXM4-40GB,I64,U64,512,1,1,1,1000000000,512,No,11,0.5623160466363636,0.0006518417433128706,0.5623008311878551,0.0006523640984627035,1778407472.5401163,12,0.5622721761067708
pfp_bloom_filter_add_unique_size_u64,0,NVIDIA A100-SXM4-40GB,I64,U64,512,1,1,1,1000000000,1024,No,11,0.5816357432727274,0.0005422113461845741,0.5816204556551846,0.00054209679015698,1719334301.7372363,12,0.5816922454833985
pfp_bloom_filter_add_unique_size_u64,0,NVIDIA A100-SXM4-40GB,I64,U64,512,1,1,1,1000000000,2048,No,11,0.5915023362727273,0.0008746656981796206,0.5914877208362926,0.0008744765797581931,1690652172.096016,12,0.5915829823811848
pfp_bloom_filter_add_unique_size_u64,0,NVIDIA A100-SXM4-40GB,I64,U64,512,1,1,2,1000000000,1,No,11,0.1731466608181818,0.00017234166975742442,0.17313140452991832,0.0001715675188576243,5775959611.228088,12,0.1731109530131022
pfp_bloom_filter_add_unique_size_u64,0,NVIDIA A100-SXM4-40GB,I64,U64,512,1,1,2,1000000000,2,No,11,0.17295922618181822,0.00015733594198201212,0.17294382407448505,0.00015616479168047292,5782224403.510996,12,0.1729321823120117
pfp_bloom_filter_add_unique_size_u64,0,NVIDIA A100-SXM4-40GB,I64,U64,512,1,1,2,1000000000,4,No,11,0.17239202709090912,0.0002573317091600027,0.17237652865323153,0.00025449070593291283,5801253847.104045,12,0.17236488596598307
pfp_bloom_filter_add_unique_size_u64,0,NVIDIA A100-SXM4-40GB,I64,U64,512,1,1,2,1000000000,8,No,11,0.17112246281818186,0.00012863209163192446,0.1711074191006747,0.00012916604354203332,5844281944.382719,12,0.1710941022237142
pfp_bloom_filter_add_unique_size_u64,0,NVIDIA A100-SXM4-40GB,I64,U64,512,1,1,2,1000000000,16,No,11,0.17092391372727272,0.0022651050800698465,0.1709074609929865,0.0022628365705934933,5851119630.412372,12,0.17066478983561198
pfp_bloom_filter_add_unique_size_u64,0,NVIDIA A100-SXM4-40GB,I64,U64,512,1,1,2,1000000000,32,No,11,0.17348081163636364,0.0005177653661502216,0.17346466758034446,0.0005170640353000934,5764862746.684855,12,0.17339690272013344
pfp_bloom_filter_add_unique_size_u64,0,NVIDIA A100-SXM4-40GB,I64,U64,512,1,1,2,1000000000,64,No,11,0.319082227,0.0003695368697728949,0.31906722467595877,0.0003688384834599678,3134135764.0716286,12,0.31901499684651696
pfp_bloom_filter_add_unique_size_u64,0,NVIDIA A100-SXM4-40GB,I64,U64,512,1,1,2,1000000000,128,No,11,0.45362868972727277,0.000589959449519129,0.4536133811257102,0.0005897336218821101,2204520504.9250283,12,0.45358882141113294
pfp_bloom_filter_add_unique_size_u64,0,NVIDIA A100-SXM4-40GB,I64,U64,512,1,1,2,1000000000,256,No,11,0.5244007062727274,0.0005198869094889455,0.5243858420632104,0.0005200029951359093,1906992751.8742168,12,0.524453114827474
pfp_bloom_filter_add_unique_size_u64,0,NVIDIA A100-SXM4-40GB,I64,U64,512,1,1,2,1000000000,512,No,11,0.5621269205454547,0.0006230033045469634,0.5621113003817472,0.000622549412993082,1779007110.016947,12,0.5620385284423828
pfp_bloom_filter_add_unique_size_u64,0,NVIDIA A100-SXM4-40GB,I64,U64,512,1,1,2,1000000000,1024,No,11,0.5815905009090909,0.0005462156315935638,0.5815751231800427,0.0005461468795655731,1719468319.985933,12,0.581558359781901
pfp_bloom_filter_add_unique_size_u64,0,NVIDIA A100-SXM4-40GB,I64,U64,512,1,1,2,1000000000,2048,No,11,0.5913894583636363,0.000770500367882771,0.5913739734996448,0.0007708124330393605,1690977359.1864042,12,0.5913739878336588
pfp_bloom_filter_add_unique_size_u64,0,NVIDIA A100-SXM4-40GB,I64,U64,512,1,1,4,1000000000,1,No,11,0.17313518436363637,0.00015620371382689722,0.17311958174272019,0.0001546421271719193,5776354066.555795,12,0.17311240514119466
pfp_bloom_filter_add_unique_size_u64,0,NVIDIA A100-SXM4-40GB,I64,U64,512,1,1,4,1000000000,2,No,11,0.17295400463636362,0.00010550512281540577,0.17293879977139562,0.00010614011799953309,5782392391.538974,12,0.1729249305725098
pfp_bloom_filter_add_unique_size_u64,0,NVIDIA A100-SXM4-40GB,I64,U64,512,1,1,4,1000000000,4,No,11,0.17240263345454546,0.00026117200534612426,0.17238695456764916,0.0002610682503556592,5800902988.906703,12,0.17236804072062173
pfp_bloom_filter_add_unique_size_u64,0,NVIDIA A100-SXM4-40GB,I64,U64,512,1,1,4,1000000000,8,No,11,0.17111944263636367,0.0001236936691086243,0.17110434930974783,0.00012144026417177746,5844386796.911363,12,0.1710885543823242
pfp_bloom_filter_add_unique_size_u64,0,NVIDIA A100-SXM4-40GB,I64,U64,512,1,1,4,1000000000,16,No,11,0.1707059722727273,0.00015694521861248128,0.17069018970836292,0.0001564049198858164,5858567511.750825,12,0.17066470591227212
pfp_bloom_filter_add_unique_size_u64,0,NVIDIA A100-SXM4-40GB,I64,U64,512,1,1,4,1000000000,32,No,11,0.17169560500000003,0.00048256833897767216,0.1716799288662997,0.0004802505110959199,5824792720.987067,12,0.1716184730529785
pfp_bloom_filter_add_unique_size_u64,0,NVIDIA A100-SXM4-40GB,I64,U64,512,1,1,4,1000000000,64,No,11,0.31892205063636364,0.000309587044407656,0.3189064580743963,0.00031039178631042473,3135715739.4621162,12,0.3189102096557617
pfp_bloom_filter_add_unique_size_u64,0,NVIDIA A100-SXM4-40GB,I64,U64,512,1,1,4,1000000000,128,No,11,0.45359154872727275,0.0006611123273231884,0.45357661299272023,0.0006605020765357627,2204699209.251447,12,0.4536228688557942
pfp_bloom_filter_add_unique_size_u64,0,NVIDIA A100-SXM4-40GB,I64,U64,512,1,1,4,1000000000,256,No,11,0.5245001438181819,0.0005545660142970152,0.5244842307350853,0.0005544019244561548,1906635016.64952,12,0.5244105326334636
pfp_bloom_filter_add_unique_size_u64,0,NVIDIA A100-SXM4-40GB,I64,U64,512,1,1,4,1000000000,512,No,11,0.5618136223636365,0.0008196292840036333,0.5617981456409801,0.0008198861798087956,1779998755.351989,12,0.5620914459228515
pfp_bloom_filter_add_unique_size_u64,0,NVIDIA A100-SXM4-40GB,I64,U64,512,1,1,4,1000000000,1024,No,11,0.5815447117272728,0.0006572127249886817,0.5815296963778409,0.000656964441576333,1719602638.057307,12,0.5812747955322265
pfp_bloom_filter_add_unique_size_u64,0,NVIDIA A100-SXM4-40GB,I64,U64,512,1,1,4,1000000000,2048,No,11,0.591200252818182,0.0004201848787197012,0.5911846202503551,0.00042012317112629543,1691518970.125643,12,0.591036844889323
pfp_bloom_filter_add_unique_size_u64,0,NVIDIA A100-SXM4-40GB,I64,U64,512,1,1,8,1000000000,1,No,11,0.17314264063636367,0.00016531987211983537,0.173127402565696,0.0001639672425042726,5776093126.681859,12,0.17311428070068358
pfp_bloom_filter_add_unique_size_u64,0,NVIDIA A100-SXM4-40GB,I64,U64,512,1,1,8,1000000000,2,No,11,0.1729583889090909,0.00024816807398682464,0.1729428919011896,0.0002491184894604072,5782255570.071922,12,0.17292603810628257
pfp_bloom_filter_add_unique_size_u64,0,NVIDIA A100-SXM4-40GB,I64,U64,512,1,1,8,1000000000,4,No,11,0.17239893754545454,0.00020852844347931285,0.1723835144042969,0.00020445687855590792,5801018754.34948,12,0.17237409973144527
pfp_bloom_filter_add_unique_size_u64,0,NVIDIA A100-SXM4-40GB,I64,U64,512,1,1,8,1000000000,8,No,11,0.1711184641818182,0.000133806024824114,0.17110276517001066,0.00013199573654077166,5844440906.646849,12,0.17109589258829752
pfp_bloom_filter_add_unique_size_u64,0,NVIDIA A100-SXM4-40GB,I64,U64,512,1,1,8,1000000000,16,No,11,0.17071089436363637,0.00012197695861764269,0.17069586597789418,0.00011943480978075856,5858372692.690191,12,0.17066751988728843
pfp_bloom_filter_add_unique_size_u64,0,NVIDIA A100-SXM4-40GB,I64,U64,512,1,1,8,1000000000,32,No,11,0.17169411945454546,0.0004674086612309828,0.1716788122003729,0.0004666672815849562,5824830607.709831,12,0.17161207326253256
pfp_bloom_filter_add_unique_size_u64,0,NVIDIA A100-SXM4-40GB,I64,U64,512,1,1,8,1000000000,64,No,11,0.31886090227272734,0.0004786969866477465,0.3188454922762784,0.0004783702642884616,3136315313.291316,12,0.3188689905802409
pfp_bloom_filter_add_unique_size_u64,0,NVIDIA A100-SXM4-40GB,I64,U64,512,1,1,8,1000000000,128,No,11,0.4535800238181818,0.0007238072039676812,0.4535649719238281,0.0007238317145769252,2204755794.4310136,12,0.45351577504475915
pfp_bloom_filter_add_unique_size_u64,0,NVIDIA A100-SXM4-40GB,I64,U64,512,1,1,8,1000000000,256,No,11,0.524454484,0.0007521527114075693,0.5244381602894177,0.0007517649228204705,1906802509.276094,12,0.5243461100260416
pfp_bloom_filter_add_unique_size_u64,0,NVIDIA A100-SXM4-40GB,I64,U64,512,1,1,8,1000000000,512,No,11,0.5620584033636364,0.00038190047919397537,0.562043251731179,0.00038164389104875977,1779222500.972741,12,0.56197802734375
pfp_bloom_filter_add_unique_size_u64,0,NVIDIA A100-SXM4-40GB,I64,U64,512,1,1,8,1000000000,1024,No,11,0.5814636212727272,0.0004391470219793129,0.5814478648792613,0.0004394676653143884,1719844650.573533,12,0.5813715667724609
pfp_bloom_filter_add_unique_size_u64,0,NVIDIA A100-SXM4-40GB,I64,U64,512,1,1,8,1000000000,2048,No,11,0.5909630130000001,0.0005059936504262667,0.5909472378817472,0.0005061461707717345,1692198450.0418415,12,0.591323471069336
pfp_bloom_filter_add_unique_size_u64,0,NVIDIA A100-SXM4-40GB,I64,U64,512,1,2,1,1000000000,1,No,11,0.09211934218181819,0.0017019141099218202,0.0921033075506037,0.0016991725546209346,10857373384.235704,12,0.09203131866455079
pfp_bloom_filter_add_unique_size_u64,0,NVIDIA A100-SXM4-40GB,I64,U64,512,1,2,1,1000000000,2,No,11,0.09184723054545453,0.0014816133865111602,0.09183055114746094,0.0014757923838038351,10889622108.37879,12,0.09178248596191407
pfp_bloom_filter_add_unique_size_u64,0,NVIDIA A100-SXM4-40GB,I64,U64,512,1,2,1,1000000000,4,No,11,0.09134048609090907,0.0014620502324586885,0.09132506630637427,0.001458016938051411,10949896238.183212,12,0.09127577718098957
pfp_bloom_filter_add_unique_size_u64,0,NVIDIA A100-SXM4-40GB,I64,U64,512,1,2,1,1000000000,8,No,11,0.09122587972727274,0.005071261077225738,0.09120963495427913,0.005068390287840878,10963753999.24879,12,0.09101226615905762
pfp_bloom_filter_add_unique_size_u64,0,NVIDIA A100-SXM4-40GB,I64,U64,512,1,2,1,1000000000,16,No,11,0.09190047418181818,0.002999709096177038,0.09188435710560193,0.0029999546198548714,10883245325.977612,12,0.09183317375183107
pfp_bloom_filter_add_unique_size_u64,0,NVIDIA A100-SXM4-40GB,I64,U64,512,1,2,1,1000000000,32,No,11,0.09493456509090908,0.006683206569844365,0.09491772460937499,0.006681193402841267,10535440078.39849,12,0.09468509801228842
pfp_bloom_filter_add_unique_size_u64,0,NVIDIA A100-SXM4-40GB,I64,U64,512,1,2,1,1000000000,64,No,11,0.15597619227272727,0.0012072373940323897,0.15596087923916901,0.0012045265996380862,6411864339.816145,12,0.15592328643798828
pfp_bloom_filter_add_unique_size_u64,0,NVIDIA A100-SXM4-40GB,I64,U64,512,1,2,1,1000000000,128,No,11,0.20156993854545455,0.00032360073764302035,0.2015539190118963,0.0003223211562889749,4961451530.699223,12,0.2015569063822428
pfp_bloom_filter_add_unique_size_u64,0,NVIDIA A100-SXM4-40GB,I64,U64,512,1,2,1,1000000000,256,No,11,0.22505135736363638,0.00029987472445450983,0.2250357291481712,0.00030093733632401734,4443738795.547288,12,0.22502476628621418
pfp_bloom_filter_add_unique_size_u64,0,NVIDIA A100-SXM4-40GB,I64,U64,512,1,2,1,1000000000,512,No,11,0.23698292009090913,0.00038739840318162546,0.23696765691583807,0.0003882458209978681,4219985178.632045,12,0.2369797108968099
pfp_bloom_filter_add_unique_size_u64,0,NVIDIA A100-SXM4-40GB,I64,U64,512,1,2,1,1000000000,1024,No,11,0.2429814845454546,0.0004440582947544899,0.2429653181596236,0.0004437869326163314,4115813761.299952,12,0.24298052342732746
pfp_bloom_filter_add_unique_size_u64,0,NVIDIA A100-SXM4-40GB,I64,U64,512,1,2,1,1000000000,2048,No,11,0.24601737163636364,0.0002748934609124406,0.2460022236217152,0.0002753174850301658,4065003906.378217,12,0.24597205352783202
pfp_bloom_filter_add_unique_size_u64,0,NVIDIA A100-SXM4-40GB,I64,U64,512,1,2,2,1000000000,1,No,11,0.10436004527272727,9.822968443139254e-05,0.10434411135586825,9.698645141840276e-05,9583674507.413979,12,0.10435020573933919
pfp_bloom_filter_add_unique_size_u64,0,NVIDIA A100-SXM4-40GB,I64,U64,512,1,2,2,1000000000,2,No,11,0.10542082281818183,8.253315954801911e-05,0.10540525401722302,8.090558611163619e-05,9487193113.130793,12,0.10539741834004719
pfp_bloom_filter_add_unique_size_u64,0,NVIDIA A100-SXM4-40GB,I64,U64,512,1,2,2,1000000000,4,No,11,0.10507829354545456,8.755728819763422e-05,0.10506258531050248,8.748088964616523e-05,9518136233.223227,12,0.10500095812479654
pfp_bloom_filter_add_unique_size_u64,0,NVIDIA A100-SXM4-40GB,I64,U64,512,1,2,2,1000000000,8,No,11,0.10435414200000002,0.0001216209613102285,0.10433861819180575,0.00011685497683126413,9584179063.610939,12,0.10432913398742676
pfp_bloom_filter_add_unique_size_u64,0,NVIDIA A100-SXM4-40GB,I64,U64,512,1,2,2,1000000000,16,No,11,0.10409438581818184,4.615602664647209e-05,0.10407824221524326,4.518371647963656e-05,9608156120.968197,12,0.10406365776062011
pfp_bloom_filter_add_unique_size_u64,0,NVIDIA A100-SXM4-40GB,I64,U64,512,1,2,2,1000000000,32,No,11,0.10561720563636365,0.0034659240584180013,0.10560092995383523,0.003465481841392323,9469613576.671745,12,0.10541414324442545
pfp_bloom_filter_add_unique_size_u64,0,NVIDIA A100-SXM4-40GB,I64,U64,512,1,2,2,1000000000,64,No,11,0.15573798518181822,0.0011612109684521659,0.1557230293967507,0.001163067653902304,6421657759.1243925,12,0.15566139729817707
pfp_bloom_filter_add_unique_size_u64,0,NVIDIA A100-SXM4-40GB,I64,U64,512,1,2,2,1000000000,128,No,11,0.20150355245454546,0.00024325813784493986,0.2014876362193715,0.00024373028213209617,4963083684.753942,12,0.20143999989827477
pfp_bloom_filter_add_unique_size_u64,0,NVIDIA A100-SXM4-40GB,I64,U64,512,1,2,2,1000000000,256,No,11,0.22499096090909088,0.00025828584085456065,0.22497568303888496,0.00025799216492996847,4444924831.396819,12,0.2249746793111165
pfp_bloom_filter_add_unique_size_u64,0,NVIDIA A100-SXM4-40GB,I64,U64,512,1,2,2,1000000000,512,No,11,0.23690212318181822,0.00026828566484246656,0.23688638721812857,0.0002664722169381515,4221432948.273152,12,0.2369178428649902
pfp_bloom_filter_add_unique_size_u64,0,NVIDIA A100-SXM4-40GB,I64,U64,512,1,2,2,1000000000,1024,No,11,0.24297853836363636,0.0002828578410251903,0.24296317638050427,0.0002824815076252813,4115850043.192971,12,0.24294681676228838
pfp_bloom_filter_add_unique_size_u64,0,NVIDIA A100-SXM4-40GB,I64,U64,512,1,2,2,1000000000,2048,No,11,0.24595906072727275,0.00026959823744839034,0.24594348144531253,0.00027081043373327853,4065974809.022771,12,0.24596693547566728
pfp_bloom_filter_add_unique_size_u64,0,NVIDIA A100-SXM4-40GB,I64,U64,512,1,2,4,1000000000,1,No,11,0.16245347390909093,0.00010695093130144206,0.16243805070356887,0.00010561440796108852,6156193057.406773,12,0.16242397816975912
pfp_bloom_filter_add_unique_size_u64,0,NVIDIA A100-SXM4-40GB,I64,U64,512,1,2,4,1000000000,2,No,11,0.16222591127272726,7.707899756245148e-05,0.1622106295498935,7.569155371293404e-05,6164824110.323889,12,0.16220885467529297
pfp_bloom_filter_add_unique_size_u64,0,NVIDIA A100-SXM4-40GB,I64,U64,512,1,2,4,1000000000,4,No,11,0.1614916684545455,6.489219434351914e-05,0.16147586475719103,6.543691177232485e-05,6192875953.961824,12,0.1614631220499674
pfp_bloom_filter_add_unique_size_u64,0,NVIDIA A100-SXM4-40GB,I64,U64,512,1,2,4,1000000000,8,No,11,0.16053870018181818,5.424823574641372e-05,0.16052316977761008,5.4385017949779035e-05,6229630285.680298,12,0.16051157251993817
pfp_bloom_filter_add_unique_size_u64,0,NVIDIA A100-SXM4-40GB,I64,U64,512,1,2,4,1000000000,16,No,11,0.1602323013636364,5.3296503182939555e-05,0.16021615878018466,5.374626214454456e-05,6241567689.636051,12,0.1602016436258952
pfp_bloom_filter_add_unique_size_u64,0,NVIDIA A100-SXM4-40GB,I64,U64,512,1,2,4,1000000000,32,No,11,0.16129079509090907,0.00037118814723292794,0.16127562366832382,0.00036807701764837735,6200565077.687002,12,0.16124851099650064
pfp_bloom_filter_add_unique_size_u64,0,NVIDIA A100-SXM4-40GB,I64,U64,512,1,2,4,1000000000,64,No,11,0.17399743390909092,0.000658653889600555,0.1739814189564098,0.0006577970823424369,5747740224.204891,12,0.17393570073445638
pfp_bloom_filter_add_unique_size_u64,0,NVIDIA A100-SXM4-40GB,I64,U64,512,1,2,4,1000000000,128,No,11,0.18949403345454546,0.0004844797707439929,0.18947835471413346,0.00048354400349848707,5277647684.39489,12,0.1894377835591634
pfp_bloom_filter_add_unique_size_u64,0,NVIDIA A100-SXM4-40GB,I64,U64,512,1,2,4,1000000000,256,No,11,0.20128536772727276,0.0021720524338255335,0.20126999178799715,0.002171548250116828,4968450543.056243,12,0.2011580581665039
pfp_bloom_filter_add_unique_size_u64,0,NVIDIA A100-SXM4-40GB,I64,U64,512,1,2,4,1000000000,512,No,11,0.21731427981818185,0.001048287572947433,0.21729726895419033,0.0010489720728318387,4601990650.010496,12,0.21723715845743816
pfp_bloom_filter_add_unique_size_u64,0,NVIDIA A100-SXM4-40GB,I64,U64,512,1,2,4,1000000000,1024,No,11,0.2247224534545455,0.00025746375221473927,0.22470618924227634,0.0002571052301706504,4450255702.221929,12,0.22473497772216797
pfp_bloom_filter_add_unique_size_u64,0,NVIDIA A100-SXM4-40GB,I64,U64,512,1,2,4,1000000000,2048,No,11,0.2274092020909091,0.00026893909425505975,0.22739306779341265,0.00026929540595765954,4397671440.487813,12,0.22738500086466473
pfp_bloom_filter_add_unique_size_u64,0,NVIDIA A100-SXM4-40GB,I64,U64,512,1,2,8,1000000000,1,Yes,,,,,,,,
pfp_bloom_filter_add_unique_size_u64,0,NVIDIA A100-SXM4-40GB,I64,U64,512,1,2,8,1000000000,2,Yes,,,,,,,,
pfp_bloom_filter_add_unique_size_u64,0,NVIDIA A100-SXM4-40GB,I64,U64,512,1,2,8,1000000000,4,Yes,,,,,,,,
pfp_bloom_filter_add_unique_size_u64,0,NVIDIA A100-SXM4-40GB,I64,U64,512,1,2,8,1000000000,8,Yes,,,,,,,,
pfp_bloom_filter_add_unique_size_u64,0,NVIDIA A100-SXM4-40GB,I64,U64,512,1,2,8,1000000000,16,Yes,,,,,,,,
pfp_bloom_filter_add_unique_size_u64,0,NVIDIA A100-SXM4-40GB,I64,U64,512,1,2,8,1000000000,32,Yes,,,,,,,,
pfp_bloom_filter_add_unique_size_u64,0,NVIDIA A100-SXM4-40GB,I64,U64,512,1,2,8,1000000000,64,Yes,,,,,,,,
pfp_bloom_filter_add_unique_size_u64,0,NVIDIA A100-SXM4-40GB,I64,U64,512,1,2,8,1000000000,128,Yes,,,,,,,,
pfp_bloom_filter_add_unique_size_u64,0,NVIDIA A100-SXM4-40GB,I64,U64,512,1,2,8,1000000000,256,Yes,,,,,,,,
pfp_bloom_filter_add_unique_size_u64,0,NVIDIA A100-SXM4-40GB,I64,U64,512,1,2,8,1000000000,512,Yes,,,,,,,,
pfp_bloom_filter_add_unique_size_u64,0,NVIDIA A100-SXM4-40GB,I64,U64,512,1,2,8,1000000000,1024,Yes,,,,,,,,
pfp_bloom_filter_add_unique_size_u64,0,NVIDIA A100-SXM4-40GB,I64,U64,512,1,2,8,1000000000,2048,Yes,,,,,,,,
pfp_bloom_filter_add_unique_size_u64,0,NVIDIA A100-SXM4-40GB,I64,U64,512,1,4,1,1000000000,1,No,11,0.05628278763636365,0.00029677225113637786,0.056266380310058595,0.0002986319755004982,17772602298.023293,12,0.05626862970987955
pfp_bloom_filter_add_unique_size_u64,0,NVIDIA A100-SXM4-40GB,I64,U64,512,1,4,1,1000000000,2,No,11,0.056229688545454556,0.00011584352046742726,0.05621322458440607,0.00010840638394256325,17789408228.991844,12,0.05620488484700522
pfp_bloom_filter_add_unique_size_u64,0,NVIDIA A100-SXM4-40GB,I64,U64,512,1,4,1,1000000000,4,No,11,0.056002269727272735,0.0001544235991542304,0.055985896023837016,0.00014950986210383492,17861641431.517532,12,0.05597934913635253
pfp_bloom_filter_add_unique_size_u64,0,NVIDIA A100-SXM4-40GB,I64,U64,512,1,4,1,1000000000,8,No,11,0.05576490700000001,0.0037328054857150173,0.05574860763549805,0.0037238449967660573,17937667726.848263,12,0.05565269343058268
pfp_bloom_filter_add_unique_size_u64,0,NVIDIA A100-SXM4-40GB,I64,U64,512,1,4,1,1000000000,16,No,11,0.05587829272727272,0.004924445004069903,0.055861154382879086,0.004918340250865951,17901527654.546474,12,0.05579349199930827
pfp_bloom_filter_add_unique_size_u64,0,NVIDIA A100-SXM4-40GB,I64,U64,512,1,4,1,1000000000,32,No,11,0.06286159281818184,0.019580536345637407,0.06284576624090021,0.019574002569651455,15911970842.50358,12,0.06222907861073812
pfp_bloom_filter_add_unique_size_u64,0,NVIDIA A100-SXM4-40GB,I64,U64,512,1,4,1,1000000000,64,No,11,0.1507214910909091,0.0006460033012729041,0.15070552479137073,0.0006448582578528694,6635456804.814226,12,0.15070685958862304
pfp_bloom_filter_add_unique_size_u64,0,NVIDIA A100-SXM4-40GB,I64,U64,512,1,4,1,1000000000,128,No,11,0.19907820409090912,0.0003559191044292404,0.19906271501020953,0.0003556336102791265,5023542454.691789,12,0.19905544662475586
pfp_bloom_filter_add_unique_size_u64,0,NVIDIA A100-SXM4-40GB,I64,U64,512,1,4,1,1000000000,256,No,11,0.22200112045454548,0.000499746239430638,0.2219857899058949,0.000500003090466336,4504792853.740431,12,0.22205269241333006
pfp_bloom_filter_add_unique_size_u64,0,NVIDIA A100-SXM4-40GB,I64,U64,512,1,4,1,1000000000,512,No,11,0.23348342154545457,0.00039434939578906927,0.2334671603116122,0.00039485590393540596,4283257648.16467,12,0.23345962524414063
pfp_bloom_filter_add_unique_size_u64,0,NVIDIA A100-SXM4-40GB,I64,U64,512,1,4,1,1000000000,1024,No,11,0.23906690863636362,0.000604531634513007,0.2390517744584517,0.0006057076969873131,4183194214.9996657,12,0.23904870478312176
pfp_bloom_filter_add_unique_size_u64,0,NVIDIA A100-SXM4-40GB,I64,U64,512,1,4,1,1000000000,2048,No,11,0.2418762355454545,0.0005953801267296531,0.2418609785600142,0.0005964965379980632,4134606607.29058,12,0.24177723693847655
pfp_bloom_filter_add_unique_size_u64,0,NVIDIA A100-SXM4-40GB,I64,U64,512,1,4,2,1000000000,1,No,11,0.09373271645454548,0.0029588814852327203,0.0937172255082564,0.0029541107602618064,10670396979.602228,12,0.09359522056579589
pfp_bloom_filter_add_unique_size_u64,0,NVIDIA A100-SXM4-40GB,I64,U64,512,1,4,2,1000000000,2,No,11,0.09390475354545455,0.005516866961551524,0.0938887904774059,0.005513423019107061,10650898737.913206,12,0.09375044377644855
pfp_bloom_filter_add_unique_size_u64,0,NVIDIA A100-SXM4-40GB,I64,U64,512,1,4,2,1000000000,4,No,11,0.09362132763636365,0.004754200220446705,0.09360607424649325,0.004750642581344973,10683067397.599604,12,0.09363421821594237
pfp_bloom_filter_add_unique_size_u64,0,NVIDIA A100-SXM4-40GB,I64,U64,512,1,4,2,1000000000,8,No,11,0.09364135236363637,8.971262977153483e-05,0.09362515883012251,8.788410992929608e-05,10680889757.575127,12,0.09362414995829264
pfp_bloom_filter_add_unique_size_u64,0,NVIDIA A100-SXM4-40GB,I64,U64,512,1,4,2,1000000000,16,No,11,0.09337043763636364,5.877036301282979e-05,0.09335510115189986,5.791569052540649e-05,10711787440.22655,12,0.09334374300638835
pfp_bloom_filter_add_unique_size_u64,0,NVIDIA A100-SXM4-40GB,I64,U64,512,1,4,2,1000000000,32,No,11,0.09464885899999999,0.00041173720977503444,0.09463342631946911,0.00040584663049175935,10567090708.77494,12,0.09460215377807618
pfp_bloom_filter_add_unique_size_u64,0,NVIDIA A100-SXM4-40GB,I64,U64,512,1,4,2,1000000000,64,No,11,0.1321117713636364,0.001409663736069527,0.13209581271084872,0.0014094196002450766,7570262671.300196,12,0.13202022425333662
pfp_bloom_filter_add_unique_size_u64,0,NVIDIA A100-SXM4-40GB,I64,U64,512,1,4,2,1000000000,128,No,11,0.1655887781818182,0.0010207179913460374,0.16557353765314275,0.0010191709994356987,6039612453.62096,12,0.16552243169148764
pfp_bloom_filter_add_unique_size_u64,0,NVIDIA A100-SXM4-40GB,I64,U64,512,1,4,2,1000000000,256,No,11,0.18213908772727275,0.00037583405259132796,0.18212351989746092,0.0003752839326979905,5490779008.460958,12,0.1821012471516927
pfp_bloom_filter_add_unique_size_u64,0,NVIDIA A100-SXM4-40GB,I64,U64,512,1,4,2,1000000000,512,No,11,0.19046602909090912,0.00032808952767297996,0.19045068636807524,0.0003285604486646295,5250703051.116057,12,0.19042764790852865
pfp_bloom_filter_add_unique_size_u64,0,NVIDIA A100-SXM4-40GB,I64,U64,512,1,4,2,1000000000,1024,No,11,0.195248286,0.0005386201268737221,0.19523267433860084,0.0005399312901370254,5122093437.421519,12,0.19526382954915364
pfp_bloom_filter_add_unique_size_u64,0,NVIDIA A100-SXM4-40GB,I64,U64,512,1,4,2,1000000000,2048,No,11,0.19673647463636368,0.0006194226689187954,0.19672147716175425,0.0006182532237844786,5083329051.955775,12,0.19667438888549804
pfp_bloom_filter_add_unique_size_u64,0,NVIDIA A100-SXM4-40GB,I64,U64,512,1,4,4,1000000000,1,Yes,,,,,,,,
pfp_bloom_filter_add_unique_size_u64,0,NVIDIA A100-SXM4-40GB,I64,U64,512,1,4,4,1000000000,2,Yes,,,,,,,,
pfp_bloom_filter_add_unique_size_u64,0,NVIDIA A100-SXM4-40GB,I64,U64,512,1,4,4,1000000000,4,Yes,,,,,,,,
pfp_bloom_filter_add_unique_size_u64,0,NVIDIA A100-SXM4-40GB,I64,U64,512,1,4,4,1000000000,8,Yes,,,,,,,,
pfp_bloom_filter_add_unique_size_u64,0,NVIDIA A100-SXM4-40GB,I64,U64,512,1,4,4,1000000000,16,Yes,,,,,,,,
pfp_bloom_filter_add_unique_size_u64,0,NVIDIA A100-SXM4-40GB,I64,U64,512,1,4,4,1000000000,32,Yes,,,,,,,,
pfp_bloom_filter_add_unique_size_u64,0,NVIDIA A100-SXM4-40GB,I64,U64,512,1,4,4,1000000000,64,Yes,,,,,,,,
pfp_bloom_filter_add_unique_size_u64,0,NVIDIA A100-SXM4-40GB,I64,U64,512,1,4,4,1000000000,128,Yes,,,,,,,,
pfp_bloom_filter_add_unique_size_u64,0,NVIDIA A100-SXM4-40GB,I64,U64,512,1,4,4,1000000000,256,Yes,,,,,,,,
pfp_bloom_filter_add_unique_size_u64,0,NVIDIA A100-SXM4-40GB,I64,U64,512,1,4,4,1000000000,512,Yes,,,,,,,,
pfp_bloom_filter_add_unique_size_u64,0,NVIDIA A100-SXM4-40GB,I64,U64,512,1,4,4,1000000000,1024,Yes,,,,,,,,
pfp_bloom_filter_add_unique_size_u64,0,NVIDIA A100-SXM4-40GB,I64,U64,512,1,4,4,1000000000,2048,Yes,,,,,,,,
pfp_bloom_filter_add_unique_size_u64,0,NVIDIA A100-SXM4-40GB,I64,U64,512,1,4,8,1000000000,1,Yes,,,,,,,,
pfp_bloom_filter_add_unique_size_u64,0,NVIDIA A100-SXM4-40GB,I64,U64,512,1,4,8,1000000000,2,Yes,,,,,,,,
pfp_bloom_filter_add_unique_size_u64,0,NVIDIA A100-SXM4-40GB,I64,U64,512,1,4,8,1000000000,4,Yes,,,,,,,,
pfp_bloom_filter_add_unique_size_u64,0,NVIDIA A100-SXM4-40GB,I64,U64,512,1,4,8,1000000000,8,Yes,,,,,,,,
pfp_bloom_filter_add_unique_size_u64,0,NVIDIA A100-SXM4-40GB,I64,U64,512,1,4,8,1000000000,16,Yes,,,,,,,,
pfp_bloom_filter_add_unique_size_u64,0,NVIDIA A100-SXM4-40GB,I64,U64,512,1,4,8,1000000000,32,Yes,,,,,,,,
pfp_bloom_filter_add_unique_size_u64,0,NVIDIA A100-SXM4-40GB,I64,U64,512,1,4,8,1000000000,64,Yes,,,,,,,,
pfp_bloom_filter_add_unique_size_u64,0,NVIDIA A100-SXM4-40GB,I64,U64,512,1,4,8,1000000000,128,Yes,,,,,,,,
pfp_bloom_filter_add_unique_size_u64,0,NVIDIA A100-SXM4-40GB,I64,U64,512,1,4,8,1000000000,256,Yes,,,,,,,,
pfp_bloom_filter_add_unique_size_u64,0,NVIDIA A100-SXM4-40GB,I64,U64,512,1,4,8,1000000000,512,Yes,,,,,,,,
pfp_bloom_filter_add_unique_size_u64,0,NVIDIA A100-SXM4-40GB,I64,U64,512,1,4,8,1000000000,1024,Yes,,,,,,,,
pfp_bloom_filter_add_unique_size_u64,0,NVIDIA A100-SXM4-40GB,I64,U64,512,1,4,8,1000000000,2048,Yes,,,,,,,,
pfp_bloom_filter_add_unique_size_u64,0,NVIDIA A100-SXM4-40GB,I64,U64,512,1,8,1,1000000000,1,No,11,0.051464415545454535,0.0038517088684616708,0.05144752883911133,0.003847854331753862,19437279546.06407,12,0.0513588883082072
pfp_bloom_filter_add_unique_size_u64,0,NVIDIA A100-SXM4-40GB,I64,U64,512,1,8,1,1000000000,2,No,11,0.051313389818181815,9.50718131022207e-05,0.0512973729913885,8.53823696600307e-05,19494175660.18194,12,0.051291903177897134
pfp_bloom_filter_add_unique_size_u64,0,NVIDIA A100-SXM4-40GB,I64,U64,512,1,8,1,1000000000,4,No,11,0.05117941818181819,0.004103413210686548,0.05116285670887341,0.0040918869997974335,19545429327.572426,12,0.051049983978271485
pfp_bloom_filter_add_unique_size_u64,0,NVIDIA A100-SXM4-40GB,I64,U64,512,1,8,1,1000000000,8,No,11,0.05105577090909091,0.005587870862665041,0.05103932432694868,0.005579787763925379,19592735859.788834,12,0.05079074192047119
pfp_bloom_filter_add_unique_size_u64,0,NVIDIA A100-SXM4-40GB,I64,U64,512,1,8,1,1000000000,16,No,11,0.05134863972727273,0.00013291202908995636,0.051332189039750536,0.00012472435852447608,19480953738.902927,12,0.05126903629302979
pfp_bloom_filter_add_unique_size_u64,0,NVIDIA A100-SXM4-40GB,I64,U64,512,1,8,1,1000000000,32,No,11,0.06046045054545455,0.014505057643840387,0.0604446723244407,0.01450052916500075,16544055274.754988,12,0.05995776144663493
pfp_bloom_filter_add_unique_size_u64,0,NVIDIA A100-SXM4-40GB,I64,U64,512,1,8,1,1000000000,64,No,11,0.12685663727272725,0.0013811076207337573,0.12684092504327946,0.0013789166092001092,7883890784.136031,12,0.1267912534077962
pfp_bloom_filter_add_unique_size_u64,0,NVIDIA A100-SXM4-40GB,I64,U64,512,1,8,1,1000000000,128,No,11,0.16462560372727275,0.0009920142721558988,0.16461023365367544,0.0009901824286453636,6074956445.927333,12,0.16455918884277346
pfp_bloom_filter_add_unique_size_u64,0,NVIDIA A100-SXM4-40GB,I64,U64,512,1,8,1,1000000000,256,No,11,0.18309123672727273,0.00031279049555390576,0.18307528270374646,0.0003105479193673192,5462233815.682296,12,0.1830581766764323
pfp_bloom_filter_add_unique_size_u64,0,NVIDIA A100-SXM4-40GB,I64,U64,512,1,8,1,1000000000,512,No,11,0.19230519318181818,0.00015085179112089823,0.19228951332785868,0.0001501509137530588,5200491606.086566,12,0.1922832209269206
pfp_bloom_filter_add_unique_size_u64,0,NVIDIA A100-SXM4-40GB,I64,U64,512,1,8,1,1000000000,1024,No,11,0.19693320945454545,0.00022250810883655224,0.19691771351207385,0.0002220004142124736,5078263311.942659,12,0.19689600118001305
pfp_bloom_filter_add_unique_size_u64,0,NVIDIA A100-SXM4-40GB,I64,U64,512,1,8,1,1000000000,2048,No,11,0.19923074590909093,0.0006252627787452776,0.19921473277698867,0.0006244903314128574,5019709064.988943,12,0.19919377263387048
pfp_bloom_filter_add_unique_size_u64,0,NVIDIA A100-SXM4-40GB,I64,U64,512,1,8,2,1000000000,1,Yes,,,,,,,,
pfp_bloom_filter_add_unique_size_u64,0,NVIDIA A100-SXM4-40GB,I64,U64,512,1,8,2,1000000000,2,Yes,,,,,,,,
pfp_bloom_filter_add_unique_size_u64,0,NVIDIA A100-SXM4-40GB,I64,U64,512,1,8,2,1000000000,4,Yes,,,,,,,,
pfp_bloom_filter_add_unique_size_u64,0,NVIDIA A100-SXM4-40GB,I64,U64,512,1,8,2,1000000000,8,Yes,,,,,,,,
pfp_bloom_filter_add_unique_size_u64,0,NVIDIA A100-SXM4-40GB,I64,U64,512,1,8,2,1000000000,16,Yes,,,,,,,,
pfp_bloom_filter_add_unique_size_u64,0,NVIDIA A100-SXM4-40GB,I64,U64,512,1,8,2,1000000000,32,Yes,,,,,,,,
pfp_bloom_filter_add_unique_size_u64,0,NVIDIA A100-SXM4-40GB,I64,U64,512,1,8,2,1000000000,64,Yes,,,,,,,,
pfp_bloom_filter_add_unique_size_u64,0,NVIDIA A100-SXM4-40GB,I64,U64,512,1,8,2,1000000000,128,Yes,,,,,,,,
pfp_bloom_filter_add_unique_size_u64,0,NVIDIA A100-SXM4-40GB,I64,U64,512,1,8,2,1000000000,256,Yes,,,,,,,,
pfp_bloom_filter_add_unique_size_u64,0,NVIDIA A100-SXM4-40GB,I64,U64,512,1,8,2,1000000000,512,Yes,,,,,,,,
pfp_bloom_filter_add_unique_size_u64,0,NVIDIA A100-SXM4-40GB,I64,U64,512,1,8,2,1000000000,1024,Yes,,,,,,,,
pfp_bloom_filter_add_unique_size_u64,0,NVIDIA A100-SXM4-40GB,I64,U64,512,1,8,2,1000000000,2048,Yes,,,,,,,,
pfp_bloom_filter_add_unique_size_u64,0,NVIDIA A100-SXM4-40GB,I64,U64,512,1,8,4,1000000000,1,Yes,,,,,,,,
pfp_bloom_filter_add_unique_size_u64,0,NVIDIA A100-SXM4-40GB,I64,U64,512,1,8,4,1000000000,2,Yes,,,,,,,,
pfp_bloom_filter_add_unique_size_u64,0,NVIDIA A100-SXM4-40GB,I64,U64,512,1,8,4,1000000000,4,Yes,,,,,,,,
pfp_bloom_filter_add_unique_size_u64,0,NVIDIA A100-SXM4-40GB,I64,U64,512,1,8,4,1000000000,8,Yes,,,,,,,,
pfp_bloom_filter_add_unique_size_u64,0,NVIDIA A100-SXM4-40GB,I64,U64,512,1,8,4,1000000000,16,Yes,,,,,,,,
pfp_bloom_filter_add_unique_size_u64,0,NVIDIA A100-SXM4-40GB,I64,U64,512,1,8,4,1000000000,32,Yes,,,,,,,,
pfp_bloom_filter_add_unique_size_u64,0,NVIDIA A100-SXM4-40GB,I64,U64,512,1,8,4,1000000000,64,Yes,,,,,,,,
pfp_bloom_filter_add_unique_size_u64,0,NVIDIA A100-SXM4-40GB,I64,U64,512,1,8,4,1000000000,128,Yes,,,,,,,,
pfp_bloom_filter_add_unique_size_u64,0,NVIDIA A100-SXM4-40GB,I64,U64,512,1,8,4,1000000000,256,Yes,,,,,,,,
pfp_bloom_filter_add_unique_size_u64,0,NVIDIA A100-SXM4-40GB,I64,U64,512,1,8,4,1000000000,512,Yes,,,,,,,,
pfp_bloom_filter_add_unique_size_u64,0,NVIDIA A100-SXM4-40GB,I64,U64,512,1,8,4,1000000000,1024,Yes,,,,,,,,
pfp_bloom_filter_add_unique_size_u64,0,NVIDIA A100-SXM4-40GB,I64,U64,512,1,8,4,1000000000,2048,Yes,,,,,,,,
pfp_bloom_filter_add_unique_size_u64,0,NVIDIA A100-SXM4-40GB,I64,U64,512,1,8,8,1000000000,1,Yes,,,,,,,,
pfp_bloom_filter_add_unique_size_u64,0,NVIDIA A100-SXM4-40GB,I64,U64,512,1,8,8,1000000000,2,Yes,,,,,,,,
pfp_bloom_filter_add_unique_size_u64,0,NVIDIA A100-SXM4-40GB,I64,U64,512,1,8,8,1000000000,4,Yes,,,,,,,,
pfp_bloom_filter_add_unique_size_u64,0,NVIDIA A100-SXM4-40GB,I64,U64,512,1,8,8,1000000000,8,Yes,,,,,,,,
pfp_bloom_filter_add_unique_size_u64,0,NVIDIA A100-SXM4-40GB,I64,U64,512,1,8,8,1000000000,16,Yes,,,,,,,,
pfp_bloom_filter_add_unique_size_u64,0,NVIDIA A100-SXM4-40GB,I64,U64,512,1,8,8,1000000000,32,Yes,,,,,,,,
pfp_bloom_filter_add_unique_size_u64,0,NVIDIA A100-SXM4-40GB,I64,U64,512,1,8,8,1000000000,64,Yes,,,,,,,,
pfp_bloom_filter_add_unique_size_u64,0,NVIDIA A100-SXM4-40GB,I64,U64,512,1,8,8,1000000000,128,Yes,,,,,,,,
pfp_bloom_filter_add_unique_size_u64,0,NVIDIA A100-SXM4-40GB,I64,U64,512,1,8,8,1000000000,256,Yes,,,,,,,,
pfp_bloom_filter_add_unique_size_u64,0,NVIDIA A100-SXM4-40GB,I64,U64,512,1,8,8,1000000000,512,Yes,,,,,,,,
pfp_bloom_filter_add_unique_size_u64,0,NVIDIA A100-SXM4-40GB,I64,U64,512,1,8,8,1000000000,1024,Yes,,,,,,,,
pfp_bloom_filter_add_unique_size_u64,0,NVIDIA A100-SXM4-40GB,I64,U64,512,1,8,8,1000000000,2048,Yes,,,,,,,,
pfp_bloom_filter_add_unique_size_u64,0,NVIDIA A100-SXM4-40GB,I64,U64,512,16,1,1,1000000000,1,Yes,,,,,,,,
pfp_bloom_filter_add_unique_size_u64,0,NVIDIA A100-SXM4-40GB,I64,U64,512,16,1,1,1000000000,2,Yes,,,,,,,,
pfp_bloom_filter_add_unique_size_u64,0,NVIDIA A100-SXM4-40GB,I64,U64,512,16,1,1,1000000000,4,Yes,,,,,,,,
pfp_bloom_filter_add_unique_size_u64,0,NVIDIA A100-SXM4-40GB,I64,U64,512,16,1,1,1000000000,8,Yes,,,,,,,,
pfp_bloom_filter_add_unique_size_u64,0,NVIDIA A100-SXM4-40GB,I64,U64,512,16,1,1,1000000000,16,Yes,,,,,,,,
pfp_bloom_filter_add_unique_size_u64,0,NVIDIA A100-SXM4-40GB,I64,U64,512,16,1,1,1000000000,32,Yes,,,,,,,,
pfp_bloom_filter_add_unique_size_u64,0,NVIDIA A100-SXM4-40GB,I64,U64,512,16,1,1,1000000000,64,Yes,,,,,,,,
pfp_bloom_filter_add_unique_size_u64,0,NVIDIA A100-SXM4-40GB,I64,U64,512,16,1,1,1000000000,128,Yes,,,,,,,,
pfp_bloom_filter_add_unique_size_u64,0,NVIDIA A100-SXM4-40GB,I64,U64,512,16,1,1,1000000000,256,Yes,,,,,,,,
pfp_bloom_filter_add_unique_size_u64,0,NVIDIA A100-SXM4-40GB,I64,U64,512,16,1,1,1000000000,512,Yes,,,,,,,,
pfp_bloom_filter_add_unique_size_u64,0,NVIDIA A100-SXM4-40GB,I64,U64,512,16,1,1,1000000000,1024,Yes,,,,,,,,
pfp_bloom_filter_add_unique_size_u64,0,NVIDIA A100-SXM4-40GB,I64,U64,512,16,1,1,1000000000,2048,Yes,,,,,,,,
pfp_bloom_filter_add_unique_size_u64,0,NVIDIA A100-SXM4-40GB,I64,U64,512,16,1,2,1000000000,1,Yes,,,,,,,,
pfp_bloom_filter_add_unique_size_u64,0,NVIDIA A100-SXM4-40GB,I64,U64,512,16,1,2,1000000000,2,Yes,,,,,,,,
pfp_bloom_filter_add_unique_size_u64,0,NVIDIA A100-SXM4-40GB,I64,U64,512,16,1,2,1000000000,4,Yes,,,,,,,,
pfp_bloom_filter_add_unique_size_u64,0,NVIDIA A100-SXM4-40GB,I64,U64,512,16,1,2,1000000000,8,Yes,,,,,,,,
pfp_bloom_filter_add_unique_size_u64,0,NVIDIA A100-SXM4-40GB,I64,U64,512,16,1,2,1000000000,16,Yes,,,,,,,,
pfp_bloom_filter_add_unique_size_u64,0,NVIDIA A100-SXM4-40GB,I64,U64,512,16,1,2,1000000000,32,Yes,,,,,,,,
pfp_bloom_filter_add_unique_size_u64,0,NVIDIA A100-SXM4-40GB,I64,U64,512,16,1,2,1000000000,64,Yes,,,,,,,,
pfp_bloom_filter_add_unique_size_u64,0,NVIDIA A100-SXM4-40GB,I64,U64,512,16,1,2,1000000000,128,Yes,,,,,,,,
pfp_bloom_filter_add_unique_size_u64,0,NVIDIA A100-SXM4-40GB,I64,U64,512,16,1,2,1000000000,256,Yes,,,,,,,,
pfp_bloom_filter_add_unique_size_u64,0,NVIDIA A100-SXM4-40GB,I64,U64,512,16,1,2,1000000000,512,Yes,,,,,,,,
pfp_bloom_filter_add_unique_size_u64,0,NVIDIA A100-SXM4-40GB,I64,U64,512,16,1,2,1000000000,1024,Yes,,,,,,,,
pfp_bloom_filter_add_unique_size_u64,0,NVIDIA A100-SXM4-40GB,I64,U64,512,16,1,2,1000000000,2048,Yes,,,,,,,,
pfp_bloom_filter_add_unique_size_u64,0,NVIDIA A100-SXM4-40GB,I64,U64,512,16,1,4,1000000000,1,Yes,,,,,,,,
pfp_bloom_filter_add_unique_size_u64,0,NVIDIA A100-SXM4-40GB,I64,U64,512,16,1,4,1000000000,2,Yes,,,,,,,,
pfp_bloom_filter_add_unique_size_u64,0,NVIDIA A100-SXM4-40GB,I64,U64,512,16,1,4,1000000000,4,Yes,,,,,,,,
pfp_bloom_filter_add_unique_size_u64,0,NVIDIA A100-SXM4-40GB,I64,U64,512,16,1,4,1000000000,8,Yes,,,,,,,,
pfp_bloom_filter_add_unique_size_u64,0,NVIDIA A100-SXM4-40GB,I64,U64,512,16,1,4,1000000000,16,Yes,,,,,,,,
pfp_bloom_filter_add_unique_size_u64,0,NVIDIA A100-SXM4-40GB,I64,U64,512,16,1,4,1000000000,32,Yes,,,,,,,,
pfp_bloom_filter_add_unique_size_u64,0,NVIDIA A100-SXM4-40GB,I64,U64,512,16,1,4,1000000000,64,Yes,,,,,,,,
pfp_bloom_filter_add_unique_size_u64,0,NVIDIA A100-SXM4-40GB,I64,U64,512,16,1,4,1000000000,128,Yes,,,,,,,,
pfp_bloom_filter_add_unique_size_u64,0,NVIDIA A100-SXM4-40GB,I64,U64,512,16,1,4,1000000000,256,Yes,,,,,,,,
pfp_bloom_filter_add_unique_size_u64,0,NVIDIA A100-SXM4-40GB,I64,U64,512,16,1,4,1000000000,512,Yes,,,,,,,,
pfp_bloom_filter_add_unique_size_u64,0,NVIDIA A100-SXM4-40GB,I64,U64,512,16,1,4,1000000000,1024,Yes,,,,,,,,
pfp_bloom_filter_add_unique_size_u64,0,NVIDIA A100-SXM4-40GB,I64,U64,512,16,1,4,1000000000,2048,Yes,,,,,,,,
pfp_bloom_filter_add_unique_size_u64,0,NVIDIA A100-SXM4-40GB,I64,U64,512,16,1,8,1000000000,1,Yes,,,,,,,,
pfp_bloom_filter_add_unique_size_u64,0,NVIDIA A100-SXM4-40GB,I64,U64,512,16,1,8,1000000000,2,Yes,,,,,,,,
pfp_bloom_filter_add_unique_size_u64,0,NVIDIA A100-SXM4-40GB,I64,U64,512,16,1,8,1000000000,4,Yes,,,,,,,,
pfp_bloom_filter_add_unique_size_u64,0,NVIDIA A100-SXM4-40GB,I64,U64,512,16,1,8,1000000000,8,Yes,,,,,,,,
pfp_bloom_filter_add_unique_size_u64,0,NVIDIA A100-SXM4-40GB,I64,U64,512,16,1,8,1000000000,16,Yes,,,,,,,,
pfp_bloom_filter_add_unique_size_u64,0,NVIDIA A100-SXM4-40GB,I64,U64,512,16,1,8,1000000000,32,Yes,,,,,,,,
pfp_bloom_filter_add_unique_size_u64,0,NVIDIA A100-SXM4-40GB,I64,U64,512,16,1,8,1000000000,64,Yes,,,,,,,,
pfp_bloom_filter_add_unique_size_u64,0,NVIDIA A100-SXM4-40GB,I64,U64,512,16,1,8,1000000000,128,Yes,,,,,,,,
pfp_bloom_filter_add_unique_size_u64,0,NVIDIA A100-SXM4-40GB,I64,U64,512,16,1,8,1000000000,256,Yes,,,,,,,,
pfp_bloom_filter_add_unique_size_u64,0,NVIDIA A100-SXM4-40GB,I64,U64,512,16,1,8,1000000000,512,Yes,,,,,,,,
pfp_bloom_filter_add_unique_size_u64,0,NVIDIA A100-SXM4-40GB,I64,U64,512,16,1,8,1000000000,1024,Yes,,,,,,,,
pfp_bloom_filter_add_unique_size_u64,0,NVIDIA A100-SXM4-40GB,I64,U64,512,16,1,8,1000000000,2048,Yes,,,,,,,,
pfp_bloom_filter_add_unique_size_u64,0,NVIDIA A100-SXM4-40GB,I64,U64,512,16,2,1,1000000000,1,Yes,,,,,,,,
pfp_bloom_filter_add_unique_size_u64,0,NVIDIA A100-SXM4-40GB,I64,U64,512,16,2,1,1000000000,2,Yes,,,,,,,,
pfp_bloom_filter_add_unique_size_u64,0,NVIDIA A100-SXM4-40GB,I64,U64,512,16,2,1,1000000000,4,Yes,,,,,,,,
pfp_bloom_filter_add_unique_size_u64,0,NVIDIA A100-SXM4-40GB,I64,U64,512,16,2,1,1000000000,8,Yes,,,,,,,,
pfp_bloom_filter_add_unique_size_u64,0,NVIDIA A100-SXM4-40GB,I64,U64,512,16,2,1,1000000000,16,Yes,,,,,,,,
pfp_bloom_filter_add_unique_size_u64,0,NVIDIA A100-SXM4-40GB,I64,U64,512,16,2,1,1000000000,32,Yes,,,,,,,,
pfp_bloom_filter_add_unique_size_u64,0,NVIDIA A100-SXM4-40GB,I64,U64,512,16,2,1,1000000000,64,Yes,,,,,,,,
pfp_bloom_filter_add_unique_size_u64,0,NVIDIA A100-SXM4-40GB,I64,U64,512,16,2,1,1000000000,128,Yes,,,,,,,,
pfp_bloom_filter_add_unique_size_u64,0,NVIDIA A100-SXM4-40GB,I64,U64,512,16,2,1,1000000000,256,Yes,,,,,,,,
pfp_bloom_filter_add_unique_size_u64,0,NVIDIA A100-SXM4-40GB,I64,U64,512,16,2,1,1000000000,512,Yes,,,,,,,,
pfp_bloom_filter_add_unique_size_u64,0,NVIDIA A100-SXM4-40GB,I64,U64,512,16,2,1,1000000000,1024,Yes,,,,,,,,
pfp_bloom_filter_add_unique_size_u64,0,NVIDIA A100-SXM4-40GB,I64,U64,512,16,2,1,1000000000,2048,Yes,,,,,,,,
pfp_bloom_filter_add_unique_size_u64,0,NVIDIA A100-SXM4-40GB,I64,U64,512,16,2,2,1000000000,1,Yes,,,,,,,,
pfp_bloom_filter_add_unique_size_u64,0,NVIDIA A100-SXM4-40GB,I64,U64,512,16,2,2,1000000000,2,Yes,,,,,,,,
pfp_bloom_filter_add_unique_size_u64,0,NVIDIA A100-SXM4-40GB,I64,U64,512,16,2,2,1000000000,4,Yes,,,,,,,,
pfp_bloom_filter_add_unique_size_u64,0,NVIDIA A100-SXM4-40GB,I64,U64,512,16,2,2,1000000000,8,Yes,,,,,,,,
pfp_bloom_filter_add_unique_size_u64,0,NVIDIA A100-SXM4-40GB,I64,U64,512,16,2,2,1000000000,16,Yes,,,,,,,,
pfp_bloom_filter_add_unique_size_u64,0,NVIDIA A100-SXM4-40GB,I64,U64,512,16,2,2,1000000000,32,Yes,,,,,,,,
pfp_bloom_filter_add_unique_size_u64,0,NVIDIA A100-SXM4-40GB,I64,U64,512,16,2,2,1000000000,64,Yes,,,,,,,,
pfp_bloom_filter_add_unique_size_u64,0,NVIDIA A100-SXM4-40GB,I64,U64,512,16,2,2,1000000000,128,Yes,,,,,,,,
pfp_bloom_filter_add_unique_size_u64,0,NVIDIA A100-SXM4-40GB,I64,U64,512,16,2,2,1000000000,256,Yes,,,,,,,,
pfp_bloom_filter_add_unique_size_u64,0,NVIDIA A100-SXM4-40GB,I64,U64,512,16,2,2,1000000000,512,Yes,,,,,,,,
pfp_bloom_filter_add_unique_size_u64,0,NVIDIA A100-SXM4-40GB,I64,U64,512,16,2,2,1000000000,1024,Yes,,,,,,,,
pfp_bloom_filter_add_unique_size_u64,0,NVIDIA A100-SXM4-40GB,I64,U64,512,16,2,2,1000000000,2048,Yes,,,,,,,,
pfp_bloom_filter_add_unique_size_u64,0,NVIDIA A100-SXM4-40GB,I64,U64,512,16,2,4,1000000000,1,Yes,,,,,,,,
pfp_bloom_filter_add_unique_size_u64,0,NVIDIA A100-SXM4-40GB,I64,U64,512,16,2,4,1000000000,2,Yes,,,,,,,,
pfp_bloom_filter_add_unique_size_u64,0,NVIDIA A100-SXM4-40GB,I64,U64,512,16,2,4,1000000000,4,Yes,,,,,,,,
pfp_bloom_filter_add_unique_size_u64,0,NVIDIA A100-SXM4-40GB,I64,U64,512,16,2,4,1000000000,8,Yes,,,,,,,,
pfp_bloom_filter_add_unique_size_u64,0,NVIDIA A100-SXM4-40GB,I64,U64,512,16,2,4,1000000000,16,Yes,,,,,,,,
pfp_bloom_filter_add_unique_size_u64,0,NVIDIA A100-SXM4-40GB,I64,U64,512,16,2,4,1000000000,32,Yes,,,,,,,,
pfp_bloom_filter_add_unique_size_u64,0,NVIDIA A100-SXM4-40GB,I64,U64,512,16,2,4,1000000000,64,Yes,,,,,,,,
pfp_bloom_filter_add_unique_size_u64,0,NVIDIA A100-SXM4-40GB,I64,U64,512,16,2,4,1000000000,128,Yes,,,,,,,,
pfp_bloom_filter_add_unique_size_u64,0,NVIDIA A100-SXM4-40GB,I64,U64,512,16,2,4,1000000000,256,Yes,,,,,,,,
pfp_bloom_filter_add_unique_size_u64,0,NVIDIA A100-SXM4-40GB,I64,U64,512,16,2,4,1000000000,512,Yes,,,,,,,,
pfp_bloom_filter_add_unique_size_u64,0,NVIDIA A100-SXM4-40GB,I64,U64,512,16,2,4,1000000000,1024,Yes,,,,,,,,
pfp_bloom_filter_add_unique_size_u64,0,NVIDIA A100-SXM4-40GB,I64,U64,512,16,2,4,1000000000,2048,Yes,,,,,,,,
pfp_bloom_filter_add_unique_size_u64,0,NVIDIA A100-SXM4-40GB,I64,U64,512,16,2,8,1000000000,1,Yes,,,,,,,,
pfp_bloom_filter_add_unique_size_u64,0,NVIDIA A100-SXM4-40GB,I64,U64,512,16,2,8,1000000000,2,Yes,,,,,,,,
pfp_bloom_filter_add_unique_size_u64,0,NVIDIA A100-SXM4-40GB,I64,U64,512,16,2,8,1000000000,4,Yes,,,,,,,,
pfp_bloom_filter_add_unique_size_u64,0,NVIDIA A100-SXM4-40GB,I64,U64,512,16,2,8,1000000000,8,Yes,,,,,,,,
pfp_bloom_filter_add_unique_size_u64,0,NVIDIA A100-SXM4-40GB,I64,U64,512,16,2,8,1000000000,16,Yes,,,,,,,,
pfp_bloom_filter_add_unique_size_u64,0,NVIDIA A100-SXM4-40GB,I64,U64,512,16,2,8,1000000000,32,Yes,,,,,,,,
pfp_bloom_filter_add_unique_size_u64,0,NVIDIA A100-SXM4-40GB,I64,U64,512,16,2,8,1000000000,64,Yes,,,,,,,,
pfp_bloom_filter_add_unique_size_u64,0,NVIDIA A100-SXM4-40GB,I64,U64,512,16,2,8,1000000000,128,Yes,,,,,,,,
pfp_bloom_filter_add_unique_size_u64,0,NVIDIA A100-SXM4-40GB,I64,U64,512,16,2,8,1000000000,256,Yes,,,,,,,,
pfp_bloom_filter_add_unique_size_u64,0,NVIDIA A100-SXM4-40GB,I64,U64,512,16,2,8,1000000000,512,Yes,,,,,,,,
pfp_bloom_filter_add_unique_size_u64,0,NVIDIA A100-SXM4-40GB,I64,U64,512,16,2,8,1000000000,1024,Yes,,,,,,,,
pfp_bloom_filter_add_unique_size_u64,0,NVIDIA A100-SXM4-40GB,I64,U64,512,16,2,8,1000000000,2048,Yes,,,,,,,,
pfp_bloom_filter_add_unique_size_u64,0,NVIDIA A100-SXM4-40GB,I64,U64,512,16,4,1,1000000000,1,Yes,,,,,,,,
pfp_bloom_filter_add_unique_size_u64,0,NVIDIA A100-SXM4-40GB,I64,U64,512,16,4,1,1000000000,2,Yes,,,,,,,,
pfp_bloom_filter_add_unique_size_u64,0,NVIDIA A100-SXM4-40GB,I64,U64,512,16,4,1,1000000000,4,Yes,,,,,,,,
pfp_bloom_filter_add_unique_size_u64,0,NVIDIA A100-SXM4-40GB,I64,U64,512,16,4,1,1000000000,8,Yes,,,,,,,,
pfp_bloom_filter_add_unique_size_u64,0,NVIDIA A100-SXM4-40GB,I64,U64,512,16,4,1,1000000000,16,Yes,,,,,,,,
pfp_bloom_filter_add_unique_size_u64,0,NVIDIA A100-SXM4-40GB,I64,U64,512,16,4,1,1000000000,32,Yes,,,,,,,,
pfp_bloom_filter_add_unique_size_u64,0,NVIDIA A100-SXM4-40GB,I64,U64,512,16,4,1,1000000000,64,Yes,,,,,,,,
pfp_bloom_filter_add_unique_size_u64,0,NVIDIA A100-SXM4-40GB,I64,U64,512,16,4,1,1000000000,128,Yes,,,,,,,,
pfp_bloom_filter_add_unique_size_u64,0,NVIDIA A100-SXM4-40GB,I64,U64,512,16,4,1,1000000000,256,Yes,,,,,,,,
pfp_bloom_filter_add_unique_size_u64,0,NVIDIA A100-SXM4-40GB,I64,U64,512,16,4,1,1000000000,512,Yes,,,,,,,,
pfp_bloom_filter_add_unique_size_u64,0,NVIDIA A100-SXM4-40GB,I64,U64,512,16,4,1,1000000000,1024,Yes,,,,,,,,
pfp_bloom_filter_add_unique_size_u64,0,NVIDIA A100-SXM4-40GB,I64,U64,512,16,4,1,1000000000,2048,Yes,,,,,,,,
pfp_bloom_filter_add_unique_size_u64,0,NVIDIA A100-SXM4-40GB,I64,U64,512,16,4,2,1000000000,1,Yes,,,,,,,,
pfp_bloom_filter_add_unique_size_u64,0,NVIDIA A100-SXM4-40GB,I64,U64,512,16,4,2,1000000000,2,Yes,,,,,,,,
pfp_bloom_filter_add_unique_size_u64,0,NVIDIA A100-SXM4-40GB,I64,U64,512,16,4,2,1000000000,4,Yes,,,,,,,,
pfp_bloom_filter_add_unique_size_u64,0,NVIDIA A100-SXM4-40GB,I64,U64,512,16,4,2,1000000000,8,Yes,,,,,,,,
pfp_bloom_filter_add_unique_size_u64,0,NVIDIA A100-SXM4-40GB,I64,U64,512,16,4,2,1000000000,16,Yes,,,,,,,,
pfp_bloom_filter_add_unique_size_u64,0,NVIDIA A100-SXM4-40GB,I64,U64,512,16,4,2,1000000000,32,Yes,,,,,,,,
pfp_bloom_filter_add_unique_size_u64,0,NVIDIA A100-SXM4-40GB,I64,U64,512,16,4,2,1000000000,64,Yes,,,,,,,,
pfp_bloom_filter_add_unique_size_u64,0,NVIDIA A100-SXM4-40GB,I64,U64,512,16,4,2,1000000000,128,Yes,,,,,,,,
pfp_bloom_filter_add_unique_size_u64,0,NVIDIA A100-SXM4-40GB,I64,U64,512,16,4,2,1000000000,256,Yes,,,,,,,,
pfp_bloom_filter_add_unique_size_u64,0,NVIDIA A100-SXM4-40GB,I64,U64,512,16,4,2,1000000000,512,Yes,,,,,,,,
pfp_bloom_filter_add_unique_size_u64,0,NVIDIA A100-SXM4-40GB,I64,U64,512,16,4,2,1000000000,1024,Yes,,,,,,,,
pfp_bloom_filter_add_unique_size_u64,0,NVIDIA A100-SXM4-40GB,I64,U64,512,16,4,2,1000000000,2048,Yes,,,,,,,,
pfp_bloom_filter_add_unique_size_u64,0,NVIDIA A100-SXM4-40GB,I64,U64,512,16,4,4,1000000000,1,Yes,,,,,,,,
pfp_bloom_filter_add_unique_size_u64,0,NVIDIA A100-SXM4-40GB,I64,U64,512,16,4,4,1000000000,2,Yes,,,,,,,,
pfp_bloom_filter_add_unique_size_u64,0,NVIDIA A100-SXM4-40GB,I64,U64,512,16,4,4,1000000000,4,Yes,,,,,,,,
pfp_bloom_filter_add_unique_size_u64,0,NVIDIA A100-SXM4-40GB,I64,U64,512,16,4,4,1000000000,8,Yes,,,,,,,,
pfp_bloom_filter_add_unique_size_u64,0,NVIDIA A100-SXM4-40GB,I64,U64,512,16,4,4,1000000000,16,Yes,,,,,,,,
pfp_bloom_filter_add_unique_size_u64,0,NVIDIA A100-SXM4-40GB,I64,U64,512,16,4,4,1000000000,32,Yes,,,,,,,,
pfp_bloom_filter_add_unique_size_u64,0,NVIDIA A100-SXM4-40GB,I64,U64,512,16,4,4,1000000000,64,Yes,,,,,,,,
pfp_bloom_filter_add_unique_size_u64,0,NVIDIA A100-SXM4-40GB,I64,U64,512,16,4,4,1000000000,128,Yes,,,,,,,,
pfp_bloom_filter_add_unique_size_u64,0,NVIDIA A100-SXM4-40GB,I64,U64,512,16,4,4,1000000000,256,Yes,,,,,,,,
pfp_bloom_filter_add_unique_size_u64,0,NVIDIA A100-SXM4-40GB,I64,U64,512,16,4,4,1000000000,512,Yes,,,,,,,,
pfp_bloom_filter_add_unique_size_u64,0,NVIDIA A100-SXM4-40GB,I64,U64,512,16,4,4,1000000000,1024,Yes,,,,,,,,
pfp_bloom_filter_add_unique_size_u64,0,NVIDIA A100-SXM4-40GB,I64,U64,512,16,4,4,1000000000,2048,Yes,,,,,,,,
pfp_bloom_filter_add_unique_size_u64,0,NVIDIA A100-SXM4-40GB,I64,U64,512,16,4,8,1000000000,1,Yes,,,,,,,,
pfp_bloom_filter_add_unique_size_u64,0,NVIDIA A100-SXM4-40GB,I64,U64,512,16,4,8,1000000000,2,Yes,,,,,,,,
pfp_bloom_filter_add_unique_size_u64,0,NVIDIA A100-SXM4-40GB,I64,U64,512,16,4,8,1000000000,4,Yes,,,,,,,,
pfp_bloom_filter_add_unique_size_u64,0,NVIDIA A100-SXM4-40GB,I64,U64,512,16,4,8,1000000000,8,Yes,,,,,,,,
pfp_bloom_filter_add_unique_size_u64,0,NVIDIA A100-SXM4-40GB,I64,U64,512,16,4,8,1000000000,16,Yes,,,,,,,,
pfp_bloom_filter_add_unique_size_u64,0,NVIDIA A100-SXM4-40GB,I64,U64,512,16,4,8,1000000000,32,Yes,,,,,,,,
pfp_bloom_filter_add_unique_size_u64,0,NVIDIA A100-SXM4-40GB,I64,U64,512,16,4,8,1000000000,64,Yes,,,,,,,,
pfp_bloom_filter_add_unique_size_u64,0,NVIDIA A100-SXM4-40GB,I64,U64,512,16,4,8,1000000000,128,Yes,,,,,,,,
pfp_bloom_filter_add_unique_size_u64,0,NVIDIA A100-SXM4-40GB,I64,U64,512,16,4,8,1000000000,256,Yes,,,,,,,,
pfp_bloom_filter_add_unique_size_u64,0,NVIDIA A100-SXM4-40GB,I64,U64,512,16,4,8,1000000000,512,Yes,,,,,,,,
pfp_bloom_filter_add_unique_size_u64,0,NVIDIA A100-SXM4-40GB,I64,U64,512,16,4,8,1000000000,1024,Yes,,,,,,,,
pfp_bloom_filter_add_unique_size_u64,0,NVIDIA A100-SXM4-40GB,I64,U64,512,16,4,8,1000000000,2048,Yes,,,,,,,,
pfp_bloom_filter_add_unique_size_u64,0,NVIDIA A100-SXM4-40GB,I64,U64,512,16,8,1,1000000000,1,Yes,,,,,,,,
pfp_bloom_filter_add_unique_size_u64,0,NVIDIA A100-SXM4-40GB,I64,U64,512,16,8,1,1000000000,2,Yes,,,,,,,,
pfp_bloom_filter_add_unique_size_u64,0,NVIDIA A100-SXM4-40GB,I64,U64,512,16,8,1,1000000000,4,Yes,,,,,,,,
pfp_bloom_filter_add_unique_size_u64,0,NVIDIA A100-SXM4-40GB,I64,U64,512,16,8,1,1000000000,8,Yes,,,,,,,,
pfp_bloom_filter_add_unique_size_u64,0,NVIDIA A100-SXM4-40GB,I64,U64,512,16,8,1,1000000000,16,Yes,,,,,,,,
pfp_bloom_filter_add_unique_size_u64,0,NVIDIA A100-SXM4-40GB,I64,U64,512,16,8,1,1000000000,32,Yes,,,,,,,,
pfp_bloom_filter_add_unique_size_u64,0,NVIDIA A100-SXM4-40GB,I64,U64,512,16,8,1,1000000000,64,Yes,,,,,,,,
pfp_bloom_filter_add_unique_size_u64,0,NVIDIA A100-SXM4-40GB,I64,U64,512,16,8,1,1000000000,128,Yes,,,,,,,,
pfp_bloom_filter_add_unique_size_u64,0,NVIDIA A100-SXM4-40GB,I64,U64,512,16,8,1,1000000000,256,Yes,,,,,,,,
pfp_bloom_filter_add_unique_size_u64,0,NVIDIA A100-SXM4-40GB,I64,U64,512,16,8,1,1000000000,512,Yes,,,,,,,,
pfp_bloom_filter_add_unique_size_u64,0,NVIDIA A100-SXM4-40GB,I64,U64,512,16,8,1,1000000000,1024,Yes,,,,,,,,
pfp_bloom_filter_add_unique_size_u64,0,NVIDIA A100-SXM4-40GB,I64,U64,512,16,8,1,1000000000,2048,Yes,,,,,,,,
pfp_bloom_filter_add_unique_size_u64,0,NVIDIA A100-SXM4-40GB,I64,U64,512,16,8,2,1000000000,1,Yes,,,,,,,,
pfp_bloom_filter_add_unique_size_u64,0,NVIDIA A100-SXM4-40GB,I64,U64,512,16,8,2,1000000000,2,Yes,,,,,,,,
pfp_bloom_filter_add_unique_size_u64,0,NVIDIA A100-SXM4-40GB,I64,U64,512,16,8,2,1000000000,4,Yes,,,,,,,,
pfp_bloom_filter_add_unique_size_u64,0,NVIDIA A100-SXM4-40GB,I64,U64,512,16,8,2,1000000000,8,Yes,,,,,,,,
pfp_bloom_filter_add_unique_size_u64,0,NVIDIA A100-SXM4-40GB,I64,U64,512,16,8,2,1000000000,16,Yes,,,,,,,,
pfp_bloom_filter_add_unique_size_u64,0,NVIDIA A100-SXM4-40GB,I64,U64,512,16,8,2,1000000000,32,Yes,,,,,,,,
pfp_bloom_filter_add_unique_size_u64,0,NVIDIA A100-SXM4-40GB,I64,U64,512,16,8,2,1000000000,64,Yes,,,,,,,,
pfp_bloom_filter_add_unique_size_u64,0,NVIDIA A100-SXM4-40GB,I64,U64,512,16,8,2,1000000000,128,Yes,,,,,,,,
pfp_bloom_filter_add_unique_size_u64,0,NVIDIA A100-SXM4-40GB,I64,U64,512,16,8,2,1000000000,256,Yes,,,,,,,,
pfp_bloom_filter_add_unique_size_u64,0,NVIDIA A100-SXM4-40GB,I64,U64,512,16,8,2,1000000000,512,Yes,,,,,,,,
pfp_bloom_filter_add_unique_size_u64,0,NVIDIA A100-SXM4-40GB,I64,U64,512,16,8,2,1000000000,1024,Yes,,,,,,,,
pfp_bloom_filter_add_unique_size_u64,0,NVIDIA A100-SXM4-40GB,I64,U64,512,16,8,2,1000000000,2048,Yes,,,,,,,,
pfp_bloom_filter_add_unique_size_u64,0,NVIDIA A100-SXM4-40GB,I64,U64,512,16,8,4,1000000000,1,Yes,,,,,,,,
pfp_bloom_filter_add_unique_size_u64,0,NVIDIA A100-SXM4-40GB,I64,U64,512,16,8,4,1000000000,2,Yes,,,,,,,,
pfp_bloom_filter_add_unique_size_u64,0,NVIDIA A100-SXM4-40GB,I64,U64,512,16,8,4,1000000000,4,Yes,,,,,,,,
pfp_bloom_filter_add_unique_size_u64,0,NVIDIA A100-SXM4-40GB,I64,U64,512,16,8,4,1000000000,8,Yes,,,,,,,,
pfp_bloom_filter_add_unique_size_u64,0,NVIDIA A100-SXM4-40GB,I64,U64,512,16,8,4,1000000000,16,Yes,,,,,,,,
pfp_bloom_filter_add_unique_size_u64,0,NVIDIA A100-SXM4-40GB,I64,U64,512,16,8,4,1000000000,32,Yes,,,,,,,,
pfp_bloom_filter_add_unique_size_u64,0,NVIDIA A100-SXM4-40GB,I64,U64,512,16,8,4,1000000000,64,Yes,,,,,,,,
pfp_bloom_filter_add_unique_size_u64,0,NVIDIA A100-SXM4-40GB,I64,U64,512,16,8,4,1000000000,128,Yes,,,,,,,,
pfp_bloom_filter_add_unique_size_u64,0,NVIDIA A100-SXM4-40GB,I64,U64,512,16,8,4,1000000000,256,Yes,,,,,,,,
pfp_bloom_filter_add_unique_size_u64,0,NVIDIA A100-SXM4-40GB,I64,U64,512,16,8,4,1000000000,512,Yes,,,,,,,,
pfp_bloom_filter_add_unique_size_u64,0,NVIDIA A100-SXM4-40GB,I64,U64,512,16,8,4,1000000000,1024,Yes,,,,,,,,
pfp_bloom_filter_add_unique_size_u64,0,NVIDIA A100-SXM4-40GB,I64,U64,512,16,8,4,1000000000,2048,Yes,,,,,,,,
pfp_bloom_filter_add_unique_size_u64,0,NVIDIA A100-SXM4-40GB,I64,U64,512,16,8,8,1000000000,1,Yes,,,,,,,,
pfp_bloom_filter_add_unique_size_u64,0,NVIDIA A100-SXM4-40GB,I64,U64,512,16,8,8,1000000000,2,Yes,,,,,,,,
pfp_bloom_filter_add_unique_size_u64,0,NVIDIA A100-SXM4-40GB,I64,U64,512,16,8,8,1000000000,4,Yes,,,,,,,,
pfp_bloom_filter_add_unique_size_u64,0,NVIDIA A100-SXM4-40GB,I64,U64,512,16,8,8,1000000000,8,Yes,,,,,,,,
pfp_bloom_filter_add_unique_size_u64,0,NVIDIA A100-SXM4-40GB,I64,U64,512,16,8,8,1000000000,16,Yes,,,,,,,,
pfp_bloom_filter_add_unique_size_u64,0,NVIDIA A100-SXM4-40GB,I64,U64,512,16,8,8,1000000000,32,Yes,,,,,,,,
pfp_bloom_filter_add_unique_size_u64,0,NVIDIA A100-SXM4-40GB,I64,U64,512,16,8,8,1000000000,64,Yes,,,,,,,,
pfp_bloom_filter_add_unique_size_u64,0,NVIDIA A100-SXM4-40GB,I64,U64,512,16,8,8,1000000000,128,Yes,,,,,,,,
pfp_bloom_filter_add_unique_size_u64,0,NVIDIA A100-SXM4-40GB,I64,U64,512,16,8,8,1000000000,256,Yes,,,,,,,,
pfp_bloom_filter_add_unique_size_u64,0,NVIDIA A100-SXM4-40GB,I64,U64,512,16,8,8,1000000000,512,Yes,,,,,,,,
pfp_bloom_filter_add_unique_size_u64,0,NVIDIA A100-SXM4-40GB,I64,U64,512,16,8,8,1000000000,1024,Yes,,,,,,,,
pfp_bloom_filter_add_unique_size_u64,0,NVIDIA A100-SXM4-40GB,I64,U64,512,16,8,8,1000000000,2048,Yes,,,,,,,,
